1 1.879952e-08
2 2.264571e-08
3 2.457075e-08
4 2.549040e-08
5 2.581772e-08
6 2.578137e-08
7 2.549946e-08
8 2.506904e-08
9 2.453232e-08
10 2.393246e-08
11 2.329977e-08
12 2.264948e-08
13 2.198433e-08
14 2.132366e-08
15 2.067189e-08
16 2.003572e-08
17 1.941406e-08
18 1.880684e-08
19 1.822062e-08
20 1.765737e-08
21 1.711849e-08
22 1.659148e-08
23 1.608985e-08
24 1.561230e-08
25 1.514487e-08
26 1.470345e-08
27 1.427598e-08
28 1.387075e-08
29 1.348022e-08
30 1.310830e-08
31 1.274833e-08
32 1.240680e-08
33 1.207493e-08
34 1.176146e-08
35 1.145607e-08
36 1.116603e-08
37 1.088691e-08
38 1.061728e-08
39 1.036108e-08
40 1.011133e-08
41 9.872356e-09
42 9.644508e-09
43 9.421124e-09
44 9.207874e-09
45 9.004083e-09
46 8.804060e-09
47 8.612613e-09
48 8.429230e-09
49 8.249926e-09
50 8.076872e-09
51 7.910768e-09
52 7.750014e-09
53 7.592672e-09
54 7.441377e-09
55 7.295791e-09
56 7.153597e-09
57 7.015170e-09
58 6.881760e-09
59 6.753103e-09
60 6.627175e-09
61 6.504409e-09
62 6.385859e-09
63 6.271315e-09
64 6.159685e-09
65 6.049851e-09
66 5.943607e-09
67 5.840785e-09
68 5.741226e-09
69 5.642908e-09
70 5.547008e-09
71 5.454064e-09
72 5.363945e-09
73 5.276528e-09
74 5.190075e-09
75 5.105850e-09
76 5.024081e-09
77 4.944665e-09
78 4.867505e-09
79 4.791560e-09
80 4.717037e-09
81 4.644577e-09
82 4.574099e-09
83 4.505526e-09
84 4.438784e-09
85 4.372420e-09
86 4.307712e-09
87 4.244693e-09
88 4.183300e-09
89 4.123474e-09
90 4.065158e-09
91 4.007447e-09
92 3.951069e-09
93 3.896082e-09
94 3.842435e-09
95 3.790084e-09
96 3.738982e-09
97 3.688748e-09
98 3.639215e-09
99 3.590840e-09
100 3.543585e-09
101 3.497412e-09
102 3.452287e-09
103 3.408177e-09
104 3.364824e-09
105 3.322179e-09
106 3.280471e-09
107 3.239671e-09
108 3.199752e-09
109 3.160685e-09
110 3.122445e-09
111 3.085000e-09
112 3.047997e-09
113 3.011761e-09
114 2.976269e-09
115 2.941501e-09
116 2.907434e-09
117 2.874049e-09
118 2.841327e-09
119 2.809238e-09
120 2.777566e-09
121 2.746509e-09
122 2.716051e-09
123 2.686175e-09
124 2.656866e-09
125 2.628108e-09
126 2.599887e-09
127 2.572189e-09
128 2.544974e-09
129 2.518229e-09
130 2.491969e-09
131 2.466181e-09
132 2.440853e-09
133 2.415973e-09
134 2.391531e-09
135 2.367514e-09
136 2.343913e-09
137 2.320692e-09
138 2.297815e-09
139 2.275327e-09
140 2.253217e-09
141 2.231477e-09
142 2.210098e-09
143 2.189072e-09
144 2.168391e-09
145 2.148046e-09
146 2.128030e-09
147 2.108312e-09
148 2.088888e-09
149 2.069771e-09
150 2.050956e-09
151 2.032435e-09
152 2.014201e-09
153 1.996250e-09
154 1.978573e-09
155 1.961167e-09
156 1.944023e-09
157 1.927138e-09
158 1.910524e-09
159 1.894157e-09
160 1.878032e-09
161 1.862144e-09
162 1.846487e-09
163 1.831056e-09
164 1.815848e-09
165 1.800858e-09
166 1.786080e-09
167 1.771512e-09
168 1.757148e-09
169 1.742971e-09
170 1.728985e-09
171 1.715192e-09
172 1.701588e-09
173 1.688170e-09
174 1.674934e-09
175 1.661878e-09
176 1.648996e-09
177 1.636286e-09
178 1.623746e-09
179 1.611370e-09
180 1.599158e-09
181 1.587113e-09
182 1.575230e-09
183 1.563501e-09
184 1.551922e-09
185 1.540492e-09
186 1.529206e-09
187 1.518063e-09
188 1.507060e-09
189 1.496194e-09
190 1.485463e-09
191 1.474866e-09
192 1.464398e-09
193 1.454059e-09
194 1.443880e-09
195 1.433846e-09
196 1.423932e-09
197 1.414137e-09
198 1.404458e-09
199 1.394894e-09
200 1.385443e-09
201 1.376102e-09
202 1.366870e-09
203 1.357745e-09
204 1.348726e-09
205 1.339810e-09
206 1.330996e-09
207 1.322282e-09
208 1.313693e-09
209 1.305211e-09
210 1.296824e-09
211 1.288531e-09
212 1.280329e-09
213 1.272218e-09
214 1.264196e-09
215 1.256261e-09
216 1.248413e-09
217 1.240650e-09
218 1.232970e-09
219 1.225373e-09
220 1.217857e-09
221 1.210420e-09
222 1.203063e-09
223 1.195840e-09
224 1.188706e-09
225 1.181646e-09
226 1.174659e-09
227 1.167744e-09
228 1.160900e-09
229 1.154125e-09
230 1.147420e-09
231 1.140782e-09
232 1.134211e-09
233 1.127706e-09
234 1.121266e-09
235 1.114889e-09
236 1.108576e-09
237 1.102326e-09
238 1.096136e-09
239 1.090051e-09
240 1.084034e-09
241 1.078075e-09
242 1.072174e-09
243 1.066328e-09
244 1.060539e-09
245 1.054804e-09
246 1.049123e-09
247 1.043496e-09
248 1.037922e-09
249 1.032400e-09
250 1.026929e-09
251 1.021509e-09
252 1.016138e-09
253 1.010817e-09
254 1.005545e-09
255 1.000321e-09
256 9.951794e-10
257 9.900987e-10
258 9.850636e-10
259 9.800734e-10
260 9.751276e-10
261 9.702256e-10
262 9.653668e-10
263 9.605507e-10
264 9.557768e-10
265 9.510445e-10
266 9.463534e-10
267 9.417028e-10
268 9.370924e-10
269 9.325216e-10
270 9.279899e-10
271 9.234969e-10
272 9.190421e-10
273 9.146249e-10
274 9.102603e-10
275 9.059595e-10
276 9.016945e-10
277 8.974649e-10
278 8.932703e-10
279 8.891102e-10
280 8.849843e-10
281 8.808922e-10
282 8.768334e-10
283 8.728076e-10
284 8.688144e-10
285 8.648534e-10
286 8.609242e-10
287 8.570265e-10
288 8.531599e-10
289 8.493240e-10
290 8.455186e-10
291 8.417432e-10
292 8.379976e-10
293 8.342813e-10
294 8.306140e-10
295 8.269843e-10
296 8.233827e-10
297 8.198089e-10
298 8.162625e-10
299 8.127432e-10
300 8.092508e-10
301 8.057849e-10
302 8.023454e-10
303 7.989317e-10
304 7.955438e-10
305 7.921813e-10
306 7.888440e-10
307 7.855315e-10
308 7.822437e-10
309 7.789802e-10
310 7.757408e-10
311 7.725252e-10
312 7.693333e-10
313 7.661646e-10
314 7.630191e-10
315 7.599179e-10
316 7.568535e-10
317 7.538112e-10
318 7.507905e-10
319 7.477915e-10
320 7.448137e-10
321 7.418570e-10
322 7.389212e-10
323 7.360060e-10
324 7.331114e-10
325 7.302369e-10
326 7.273826e-10
327 7.245480e-10
328 7.217332e-10
329 7.189377e-10
330 7.161616e-10
331 7.134045e-10
332 7.106663e-10
333 7.079468e-10
334 7.052458e-10
335 7.025631e-10
336 6.998986e-10
337 6.972521e-10
338 6.946463e-10
339 6.920580e-10
340 6.894869e-10
341 6.869330e-10
342 6.843959e-10
343 6.818755e-10
344 6.793718e-10
345 6.768844e-10
346 6.744133e-10
347 6.719583e-10
348 6.695193e-10
349 6.670961e-10
350 6.646886e-10
351 6.622966e-10
352 6.599200e-10
353 6.575586e-10
354 6.552123e-10
355 6.528809e-10
356 6.505644e-10
357 6.482625e-10
358 6.459753e-10
359 6.437024e-10
360 6.414438e-10
361 6.391993e-10
362 6.369865e-10
363 6.347928e-10
364 6.326126e-10
365 6.304458e-10
366 6.282924e-10
367 6.261522e-10
368 6.240250e-10
369 6.219109e-10
370 6.198096e-10
371 6.177210e-10
372 6.156451e-10
373 6.135816e-10
374 6.115306e-10
375 6.094919e-10
376 6.074654e-10
377 6.054510e-10
378 6.034486e-10
379 6.014581e-10
380 5.994793e-10
381 5.975122e-10
382 5.955568e-10
383 5.936128e-10
384 5.916802e-10
385 5.897589e-10
386 5.878488e-10
387 5.859498e-10
388 5.840754e-10
389 5.822153e-10
390 5.803659e-10
391 5.785270e-10
392 5.766987e-10
393 5.748808e-10
394 5.730732e-10
395 5.712758e-10
396 5.694886e-10
397 5.677115e-10
398 5.659444e-10
399 5.641872e-10
400 5.624398e-10
401 5.607022e-10
402 5.589743e-10
403 5.572559e-10
404 5.555471e-10
405 5.538477e-10
406 5.521577e-10
407 5.504770e-10
408 5.488055e-10
409 5.471432e-10
410 5.454899e-10
411 5.438457e-10
412 5.422104e-10
413 5.405839e-10
414 5.389662e-10
415 5.373573e-10
416 5.357713e-10
417 5.341945e-10
418 5.326260e-10
419 5.310659e-10
420 5.295140e-10
421 5.279703e-10
422 5.264348e-10
423 5.249074e-10
424 5.233880e-10
425 5.218766e-10
426 5.203730e-10
427 5.188774e-10
428 5.173894e-10
429 5.159093e-10
430 5.144367e-10
431 5.129718e-10
432 5.115145e-10
433 5.100646e-10
434 5.086222e-10
435 5.071871e-10
436 5.057594e-10
437 5.043390e-10
438 5.029258e-10
439 5.015197e-10
440 5.001208e-10
441 4.987289e-10
442 4.973441e-10
443 4.959662e-10
444 4.945952e-10
445 4.932318e-10
446 4.918802e-10
447 4.905354e-10
448 4.891971e-10
449 4.878656e-10
450 4.865406e-10
451 4.852221e-10
452 4.839101e-10
453 4.826045e-10
454 4.813054e-10
455 4.800125e-10
456 4.787260e-10
457 4.774457e-10
458 4.761717e-10
459 4.749038e-10
460 4.736420e-10
461 4.723863e-10
462 4.711367e-10
463 4.698930e-10
464 4.686553e-10
465 4.674235e-10
466 4.661976e-10
467 4.649776e-10
468 4.637633e-10
469 4.625547e-10
470 4.613519e-10
471 4.601548e-10
472 4.589633e-10
473 4.577774e-10
474 4.565970e-10
475 4.554222e-10
476 4.542528e-10
477 4.530901e-10
478 4.519398e-10
479 4.507948e-10
480 4.496551e-10
481 4.485206e-10
482 4.473914e-10
483 4.462673e-10
484 4.451483e-10
485 4.440345e-10
486 4.429258e-10
487 4.418220e-10
488 4.407233e-10
489 4.396296e-10
490 4.385408e-10
491 4.374569e-10
492 4.363779e-10
493 4.353037e-10
494 4.342343e-10
495 4.331698e-10
496 4.321099e-10
497 4.310548e-10
498 4.300044e-10
499 4.289586e-10
500 4.279175e-10
501 4.268810e-10
502 4.258490e-10
503 4.248216e-10
504 4.237987e-10
505 4.227803e-10
506 4.217663e-10
507 4.207568e-10
508 4.197516e-10
509 4.187508e-10
510 4.177544e-10
511 4.167623e-10
512 4.157774e-10
513 4.147973e-10
514 4.138214e-10
515 4.128496e-10
516 4.118821e-10
517 4.109186e-10
518 4.099593e-10
519 4.090040e-10
520 4.080528e-10
521 4.071057e-10
522 4.061625e-10
523 4.052234e-10
524 4.042882e-10
525 4.033569e-10
526 4.024295e-10
527 4.015061e-10
528 4.005865e-10
529 3.996707e-10
530 3.987587e-10
531 3.978506e-10
532 3.969462e-10
533 3.960456e-10
534 3.951487e-10
535 3.942554e-10
536 3.933659e-10
537 3.924800e-10
538 3.915978e-10
539 3.907192e-10
540 3.898442e-10
541 3.889727e-10
542 3.881048e-10
543 3.872405e-10
544 3.863796e-10
545 3.855223e-10
546 3.846684e-10
547 3.838179e-10
548 3.829711e-10
549 3.821290e-10
550 3.812902e-10
551 3.804548e-10
552 3.796228e-10
553 3.787941e-10
554 3.779686e-10
555 3.771465e-10
556 3.763276e-10
557 3.755120e-10
558 3.746996e-10
559 3.738904e-10
560 3.730844e-10
561 3.722815e-10
562 3.714819e-10
563 3.706853e-10
564 3.698919e-10
565 3.691015e-10
566 3.683143e-10
567 3.675301e-10
568 3.667490e-10
569 3.659708e-10
570 3.651958e-10
571 3.644237e-10
572 3.636545e-10
573 3.628884e-10
574 3.621252e-10
575 3.613649e-10
576 3.606075e-10
577 3.598530e-10
578 3.591014e-10
579 3.583527e-10
580 3.576068e-10
581 3.568638e-10
582 3.561235e-10
583 3.553861e-10
584 3.546515e-10
585 3.539196e-10
586 3.531905e-10
587 3.524641e-10
588 3.517416e-10
589 3.510222e-10
590 3.503054e-10
591 3.495914e-10
592 3.488799e-10
593 3.481712e-10
594 3.474651e-10
595 3.467615e-10
596 3.460606e-10
597 3.453623e-10
598 3.446666e-10
599 3.439734e-10
600 3.432827e-10
601 3.425946e-10
602 3.419090e-10
603 3.412260e-10
604 3.405454e-10
605 3.398673e-10
606 3.391916e-10
607 3.385184e-10
608 3.378477e-10
609 3.371794e-10
610 3.365135e-10
611 3.358500e-10
612 3.351888e-10
613 3.345301e-10
614 3.338737e-10
615 3.332197e-10
616 3.325681e-10
617 3.319187e-10
618 3.312717e-10
619 3.306270e-10
620 3.299845e-10
621 3.293444e-10
622 3.287065e-10
623 3.280709e-10
624 3.274375e-10
625 3.268063e-10
626 3.261774e-10
627 3.255507e-10
628 3.249262e-10
629 3.243039e-10
630 3.236832e-10
631 3.230643e-10
632 3.224474e-10
633 3.218328e-10
634 3.212203e-10
635 3.206099e-10
636 3.200016e-10
637 3.193955e-10
638 3.187914e-10
639 3.181894e-10
640 3.175895e-10
641 3.169917e-10
642 3.163959e-10
643 3.158021e-10
644 3.152104e-10
645 3.146207e-10
646 3.140331e-10
647 3.134474e-10
648 3.128637e-10
649 3.122821e-10
650 3.117023e-10
651 3.111246e-10
652 3.105488e-10
653 3.099750e-10
654 3.094031e-10
655 3.088331e-10
656 3.082650e-10
657 3.076988e-10
658 3.071346e-10
659 3.065722e-10
660 3.060117e-10
661 3.054531e-10
662 3.048964e-10
663 3.043415e-10
664 3.037884e-10
665 3.032372e-10
666 3.026878e-10
667 3.021402e-10
668 3.015944e-10
669 3.010504e-10
670 3.005083e-10
671 2.999679e-10
672 2.994292e-10
673 2.988924e-10
674 2.983573e-10
675 2.978235e-10
676 2.972902e-10
677 2.967587e-10
678 2.962289e-10
679 2.957008e-10
680 2.951745e-10
681 2.946498e-10
682 2.941269e-10
683 2.936056e-10
684 2.930861e-10
685 2.925682e-10
686 2.920520e-10
687 2.915374e-10
688 2.910245e-10
689 2.905132e-10
690 2.900036e-10
691 2.894956e-10
692 2.889892e-10
693 2.884845e-10
694 2.879813e-10
695 2.874798e-10
696 2.869798e-10
697 2.864814e-10
698 2.859846e-10
699 2.854894e-10
700 2.849957e-10
701 2.845036e-10
702 2.840131e-10
703 2.835241e-10
704 2.830366e-10
705 2.825506e-10
706 2.820662e-10
707 2.815833e-10
708 2.811019e-10
709 2.806220e-10
710 2.801436e-10
711 2.796666e-10
712 2.791912e-10
713 2.787172e-10
714 2.782447e-10
715 2.777737e-10
716 2.773041e-10
717 2.768360e-10
718 2.763693e-10
719 2.759040e-10
720 2.754402e-10
721 2.749777e-10
722 2.745168e-10
723 2.740572e-10
724 2.735974e-10
725 2.731385e-10
726 2.726811e-10
727 2.722250e-10
728 2.717703e-10
729 2.713170e-10
730 2.708650e-10
731 2.704145e-10
732 2.699653e-10
733 2.695174e-10
734 2.690709e-10
735 2.686258e-10
736 2.681820e-10
737 2.677395e-10
738 2.672983e-10
739 2.668585e-10
740 2.664200e-10
741 2.659828e-10
742 2.655469e-10
743 2.651123e-10
744 2.646790e-10
745 2.642470e-10
746 2.638163e-10
747 2.633869e-10
748 2.629587e-10
749 2.625318e-10
750 2.621061e-10
751 2.616817e-10
752 2.612586e-10
753 2.608367e-10
754 2.604161e-10
755 2.599966e-10
756 2.595784e-10
757 2.591615e-10
758 2.587457e-10
759 2.583312e-10
760 2.579179e-10
761 2.575057e-10
762 2.570948e-10
763 2.566851e-10
764 2.562766e-10
765 2.558692e-10
766 2.554630e-10
767 2.550580e-10
768 2.546542e-10
769 2.542515e-10
770 2.538500e-10
771 2.534496e-10
772 2.530504e-10
773 2.526523e-10
774 2.522554e-10
775 2.518596e-10
776 2.514631e-10
777 2.510670e-10
778 2.506721e-10
779 2.502783e-10
780 2.498857e-10
781 2.494941e-10
782 2.491037e-10
783 2.487144e-10
784 2.483262e-10
785 2.479390e-10
786 2.475530e-10
787 2.471681e-10
788 2.467842e-10
789 2.464015e-10
790 2.460198e-10
791 2.456392e-10
792 2.452596e-10
793 2.448811e-10
794 2.445037e-10
795 2.441273e-10
796 2.437520e-10
797 2.433777e-10
798 2.430045e-10
799 2.426323e-10
800 2.422612e-10
801 2.418911e-10
802 2.415220e-10
803 2.411539e-10
804 2.407868e-10
805 2.404208e-10
806 2.400557e-10
807 2.396917e-10
808 2.393287e-10
809 2.389667e-10
810 2.386056e-10
811 2.382456e-10
812 2.378865e-10
813 2.375285e-10
814 2.371714e-10
815 2.368152e-10
816 2.364601e-10
817 2.361059e-10
818 2.357527e-10
819 2.354004e-10
820 2.350491e-10
821 2.346987e-10
822 2.343493e-10
823 2.340009e-10
824 2.336533e-10
825 2.333067e-10
826 2.329611e-10
827 2.326164e-10
828 2.322726e-10
829 2.319297e-10
830 2.315877e-10
831 2.312467e-10
832 2.309038e-10
833 2.305618e-10
834 2.302208e-10
835 2.298807e-10
836 2.295414e-10
837 2.292031e-10
838 2.288657e-10
839 2.285292e-10
840 2.281936e-10
841 2.278589e-10
842 2.275250e-10
843 2.271921e-10
844 2.268600e-10
845 2.265288e-10
846 2.261985e-10
847 2.258690e-10
848 2.255404e-10
849 2.252127e-10
850 2.248858e-10
851 2.245598e-10
852 2.242347e-10
853 2.239104e-10
854 2.235869e-10
855 2.232643e-10
856 2.229426e-10
857 2.226217e-10
858 2.223016e-10
859 2.219823e-10
860 2.216639e-10
861 2.213463e-10
862 2.210295e-10
863 2.207136e-10
864 2.203984e-10
865 2.200841e-10
866 2.197706e-10
867 2.194579e-10
868 2.191460e-10
869 2.188349e-10
870 2.185246e-10
871 2.182151e-10
872 2.179064e-10
873 2.175984e-10
874 2.172913e-10
875 2.169849e-10
876 2.166794e-10
877 2.163746e-10
878 2.160706e-10
879 2.157673e-10
880 2.154648e-10
881 2.151631e-10
882 2.148622e-10
883 2.145620e-10
884 2.142626e-10
885 2.139639e-10
886 2.136660e-10
887 2.133688e-10
888 2.130724e-10
889 2.127767e-10
890 2.124818e-10
891 2.121868e-10
892 2.118906e-10
893 2.115951e-10
894 2.113003e-10
895 2.110063e-10
896 2.107130e-10
897 2.104204e-10
898 2.101286e-10
899 2.098375e-10
900 2.095471e-10
901 2.092575e-10
902 2.089686e-10
903 2.086804e-10
904 2.083929e-10
905 2.081061e-10
906 2.078200e-10
907 2.075347e-10
908 2.072500e-10
909 2.069661e-10
910 2.066828e-10
911 2.064003e-10
912 2.061184e-10
913 2.058372e-10
914 2.055568e-10
915 2.052770e-10
916 2.049979e-10
917 2.047195e-10
918 2.044417e-10
919 2.041647e-10
920 2.038883e-10
921 2.036126e-10
922 2.033376e-10
923 2.030632e-10
924 2.027895e-10
925 2.025165e-10
926 2.022441e-10
927 2.019724e-10
928 2.017013e-10
929 2.014309e-10
930 2.011612e-10
931 2.008921e-10
932 2.006236e-10
933 2.003558e-10
934 2.000887e-10
935 1.998221e-10
936 1.995563e-10
937 1.992910e-10
938 1.990264e-10
939 1.987624e-10
940 1.984991e-10
941 1.982364e-10
942 1.979743e-10
943 1.977128e-10
944 1.974520e-10
945 1.971918e-10
946 1.969322e-10
947 1.966732e-10
948 1.964148e-10
949 1.961570e-10
950 1.958999e-10
951 1.956433e-10
952 1.953874e-10
953 1.951321e-10
954 1.948773e-10
955 1.946225e-10
956 1.943662e-10
957 1.941104e-10
958 1.938553e-10
959 1.936007e-10
960 1.933468e-10
961 1.930934e-10
962 1.928407e-10
963 1.925885e-10
964 1.923369e-10
965 1.920859e-10
966 1.918355e-10
967 1.915857e-10
968 1.913365e-10
969 1.910879e-10
970 1.908398e-10
971 1.905923e-10
972 1.903454e-10
973 1.900990e-10
974 1.898533e-10
975 1.896081e-10
976 1.893634e-10
977 1.891194e-10
978 1.888758e-10
979 1.886329e-10
980 1.883905e-10
981 1.881487e-10
982 1.879074e-10
983 1.876667e-10
984 1.874265e-10
985 1.871869e-10
986 1.869479e-10
987 1.867094e-10
988 1.864714e-10
989 1.862340e-10
990 1.859971e-10
991 1.857607e-10
992 1.855249e-10
993 1.852897e-10
994 1.850549e-10
995 1.848207e-10
996 1.845870e-10
997 1.843539e-10
998 1.841213e-10
999 1.838892e-10
1000 1.836576e-10
1001 1.834266e-10
1002 1.831961e-10
1003 1.829661e-10
1004 1.827366e-10
1005 1.825076e-10
1006 1.822792e-10
1007 1.820512e-10
1008 1.818238e-10
1009 1.815969e-10
1010 1.813705e-10
1011 1.811446e-10
1012 1.809192e-10
1013 1.806943e-10
1014 1.804699e-10
1015 1.802460e-10
1016 1.800226e-10
1017 1.797997e-10
1018 1.795773e-10
1019 1.793553e-10
1020 1.791339e-10
1021 1.789130e-10
1022 1.786925e-10
1023 1.784726e-10
1024 1.782515e-10
1025 1.780297e-10
1026 1.778085e-10
1027 1.775877e-10
1028 1.773675e-10
1029 1.771477e-10
1030 1.769284e-10
1031 1.767096e-10
1032 1.764913e-10
1033 1.762734e-10
1034 1.760561e-10
1035 1.758392e-10
1036 1.756228e-10
1037 1.754069e-10
1038 1.751914e-10
1039 1.749764e-10
1040 1.747619e-10
1041 1.745478e-10
1042 1.743342e-10
1043 1.741211e-10
1044 1.739085e-10
1045 1.736963e-10
1046 1.734846e-10
1047 1.732733e-10
1048 1.730625e-10
1049 1.728521e-10
1050 1.726422e-10
1051 1.724328e-10
1052 1.722238e-10
1053 1.720153e-10
1054 1.718072e-10
1055 1.715995e-10
1056 1.713923e-10
1057 1.711856e-10
1058 1.709793e-10
1059 1.707734e-10
1060 1.705680e-10
1061 1.703630e-10
1062 1.701585e-10
1063 1.699544e-10
1064 1.697507e-10
1065 1.695475e-10
1066 1.693447e-10
1067 1.691423e-10
1068 1.689404e-10
1069 1.687389e-10
1070 1.685378e-10
1071 1.683372e-10
1072 1.681370e-10
1073 1.679372e-10
1074 1.677378e-10
1075 1.675389e-10
1076 1.673403e-10
1077 1.671422e-10
1078 1.669445e-10
1079 1.667472e-10
1080 1.665504e-10
1081 1.663539e-10
1082 1.661579e-10
1083 1.659623e-10
1084 1.657671e-10
1085 1.655723e-10
1086 1.653779e-10
1087 1.651839e-10
1088 1.649903e-10
1089 1.647971e-10
1090 1.646044e-10
1091 1.644120e-10
1092 1.642200e-10
1093 1.640284e-10
1094 1.638373e-10
1095 1.636465e-10
1096 1.634561e-10
1097 1.632661e-10
1098 1.630739e-10
1099 1.628821e-10
1100 1.626907e-10
1101 1.624997e-10
1102 1.623091e-10
1103 1.621190e-10
1104 1.619291e-10
1105 1.617397e-10
1106 1.615507e-10
1107 1.613621e-10
1108 1.611739e-10
1109 1.609860e-10
1110 1.607986e-10
1111 1.606115e-10
1112 1.604248e-10
1113 1.602385e-10
1114 1.600526e-10
1115 1.598671e-10
1116 1.596819e-10
1117 1.594971e-10
1118 1.593127e-10
1119 1.591287e-10
1120 1.589451e-10
1121 1.587618e-10
1122 1.585789e-10
1123 1.583964e-10
1124 1.582143e-10
1125 1.580325e-10
1126 1.578511e-10
1127 1.576701e-10
1128 1.574894e-10
1129 1.573091e-10
1130 1.571292e-10
1131 1.569496e-10
1132 1.567704e-10
1133 1.565915e-10
1134 1.564131e-10
1135 1.562349e-10
1136 1.560572e-10
1137 1.558798e-10
1138 1.557027e-10
1139 1.555260e-10
1140 1.553497e-10
1141 1.551737e-10
1142 1.549981e-10
1143 1.548228e-10
1144 1.546479e-10
1145 1.544733e-10
1146 1.542991e-10
1147 1.541252e-10
1148 1.539517e-10
1149 1.537785e-10
1150 1.536057e-10
1151 1.534332e-10
1152 1.532610e-10
1153 1.530892e-10
1154 1.529178e-10
1155 1.527467e-10
1156 1.525759e-10
1157 1.524054e-10
1158 1.522353e-10
1159 1.520655e-10
1160 1.518961e-10
1161 1.517270e-10
1162 1.515582e-10
1163 1.513898e-10
1164 1.512217e-10
1165 1.510539e-10
1166 1.508865e-10
1167 1.507193e-10
1168 1.505526e-10
1169 1.503861e-10
1170 1.502200e-10
1171 1.500541e-10
1172 1.498887e-10
1173 1.497235e-10
1174 1.495587e-10
1175 1.493941e-10
1176 1.492296e-10
1177 1.490633e-10
1178 1.488973e-10
1179 1.487317e-10
1180 1.485664e-10
1181 1.484014e-10
1182 1.482368e-10
1183 1.480724e-10
1184 1.479084e-10
1185 1.477447e-10
1186 1.475813e-10
1187 1.474183e-10
1188 1.472555e-10
1189 1.470931e-10
1190 1.469310e-10
1191 1.467692e-10
1192 1.466077e-10
1193 1.464465e-10
1194 1.462857e-10
1195 1.461251e-10
1196 1.459649e-10
1197 1.458050e-10
1198 1.456454e-10
1199 1.454860e-10
1200 1.453270e-10
1201 1.451683e-10
1202 1.450099e-10
1203 1.448519e-10
1204 1.446941e-10
1205 1.445366e-10
1206 1.443794e-10
1207 1.442225e-10
1208 1.440659e-10
1209 1.439097e-10
1210 1.437537e-10
1211 1.435980e-10
1212 1.434426e-10
1213 1.432875e-10
1214 1.431327e-10
1215 1.429782e-10
1216 1.428240e-10
1217 1.426701e-10
1218 1.425165e-10
1219 1.423631e-10
1220 1.422101e-10
1221 1.420574e-10
1222 1.419049e-10
1223 1.417527e-10
1224 1.416008e-10
1225 1.414492e-10
1226 1.412979e-10
1227 1.411469e-10
1228 1.409961e-10
1229 1.408457e-10
1230 1.406955e-10
1231 1.405456e-10
1232 1.403960e-10
1233 1.402467e-10
1234 1.400976e-10
1235 1.399488e-10
1236 1.398003e-10
1237 1.396521e-10
1238 1.395042e-10
1239 1.393565e-10
1240 1.392091e-10
1241 1.390620e-10
1242 1.389151e-10
1243 1.387686e-10
1244 1.386223e-10
1245 1.384762e-10
1246 1.383305e-10
1247 1.381850e-10
1248 1.380398e-10
1249 1.378948e-10
1250 1.377502e-10
1251 1.376057e-10
1252 1.374616e-10
1253 1.373177e-10
1254 1.371741e-10
1255 1.370307e-10
1256 1.368877e-10
1257 1.367448e-10
1258 1.366023e-10
1259 1.364600e-10
1260 1.363179e-10
1261 1.361748e-10
1262 1.360311e-10
1263 1.358876e-10
1264 1.357444e-10
1265 1.356015e-10
1266 1.354588e-10
1267 1.353164e-10
1268 1.351743e-10
1269 1.350324e-10
1270 1.348907e-10
1271 1.347494e-10
1272 1.346083e-10
1273 1.344674e-10
1274 1.343268e-10
1275 1.341865e-10
1276 1.340464e-10
1277 1.339066e-10
1278 1.337671e-10
1279 1.336277e-10
1280 1.334887e-10
1281 1.333499e-10
1282 1.332113e-10
1283 1.330730e-10
1284 1.329350e-10
1285 1.327972e-10
1286 1.326597e-10
1287 1.325224e-10
1288 1.323853e-10
1289 1.322485e-10
1290 1.321120e-10
1291 1.319756e-10
1292 1.318396e-10
1293 1.317038e-10
1294 1.315682e-10
1295 1.314329e-10
1296 1.312978e-10
1297 1.311629e-10
1298 1.310283e-10
1299 1.308940e-10
1300 1.307599e-10
1301 1.306260e-10
1302 1.304924e-10
1303 1.303590e-10
1304 1.302258e-10
1305 1.300929e-10
1306 1.299602e-10
1307 1.298278e-10
1308 1.296956e-10
1309 1.295636e-10
1310 1.294318e-10
1311 1.293003e-10
1312 1.291691e-10
1313 1.290380e-10
1314 1.289072e-10
1315 1.287767e-10
1316 1.286463e-10
1317 1.285162e-10
1318 1.283863e-10
1319 1.282567e-10
1320 1.281272e-10
1321 1.279981e-10
1322 1.278691e-10
1323 1.277403e-10
1324 1.276118e-10
1325 1.274835e-10
1326 1.273555e-10
1327 1.272277e-10
1328 1.271000e-10
1329 1.269727e-10
1330 1.268455e-10
1331 1.267186e-10
1332 1.265918e-10
1333 1.264653e-10
1334 1.263391e-10
1335 1.262130e-10
1336 1.260872e-10
1337 1.259616e-10
1338 1.258362e-10
1339 1.257110e-10
1340 1.255860e-10
1341 1.254613e-10
1342 1.253368e-10
1343 1.252124e-10
1344 1.250883e-10
1345 1.249645e-10
1346 1.248408e-10
1347 1.247174e-10
1348 1.245941e-10
1349 1.244711e-10
1350 1.243483e-10
1351 1.242257e-10
1352 1.241013e-10
1353 1.239771e-10
1354 1.238531e-10
1355 1.237293e-10
1356 1.236057e-10
1357 1.234824e-10
1358 1.233593e-10
1359 1.232364e-10
1360 1.231137e-10
1361 1.229912e-10
1362 1.228689e-10
1363 1.227468e-10
1364 1.226250e-10
1365 1.225033e-10
1366 1.223819e-10
1367 1.222607e-10
1368 1.221396e-10
1369 1.220188e-10
1370 1.218982e-10
1371 1.217778e-10
1372 1.216577e-10
1373 1.215377e-10
1374 1.214179e-10
1375 1.212983e-10
1376 1.211790e-10
1377 1.210598e-10
1378 1.209408e-10
1379 1.208221e-10
1380 1.207035e-10
1381 1.205852e-10
1382 1.204670e-10
1383 1.203491e-10
1384 1.202313e-10
1385 1.201138e-10
1386 1.199964e-10
1387 1.198793e-10
1388 1.197623e-10
1389 1.196456e-10
1390 1.195290e-10
1391 1.194127e-10
1392 1.192965e-10
1393 1.191805e-10
1394 1.190648e-10
1395 1.189492e-10
1396 1.188338e-10
1397 1.187186e-10
1398 1.186036e-10
1399 1.184888e-10
1400 1.183742e-10
1401 1.182598e-10
1402 1.181456e-10
1403 1.180316e-10
1404 1.179177e-10
1405 1.178041e-10
1406 1.176906e-10
1407 1.175774e-10
1408 1.174643e-10
1409 1.173514e-10
1410 1.172387e-10
1411 1.171262e-10
1412 1.170139e-10
1413 1.169017e-10
1414 1.167898e-10
1415 1.166780e-10
1416 1.165664e-10
1417 1.164551e-10
1418 1.163438e-10
1419 1.162328e-10
1420 1.161220e-10
1421 1.160113e-10
1422 1.159009e-10
1423 1.157906e-10
1424 1.156805e-10
1425 1.155705e-10
1426 1.154608e-10
1427 1.153512e-10
1428 1.152419e-10
1429 1.151327e-10
1430 1.150236e-10
1431 1.149148e-10
1432 1.148061e-10
1433 1.146976e-10
1434 1.145893e-10
1435 1.144812e-10
1436 1.143732e-10
1437 1.142655e-10
1438 1.141579e-10
1439 1.140505e-10
1440 1.139432e-10
1441 1.138361e-10
1442 1.137292e-10
1443 1.136225e-10
1444 1.135160e-10
1445 1.134096e-10
1446 1.133034e-10
1447 1.131974e-10
1448 1.130915e-10
1449 1.129842e-10
1450 1.128769e-10
1451 1.127698e-10
1452 1.126628e-10
1453 1.125561e-10
1454 1.124495e-10
1455 1.123430e-10
1456 1.122368e-10
1457 1.121307e-10
1458 1.120248e-10
1459 1.119190e-10
1460 1.118135e-10
1461 1.117081e-10
1462 1.116029e-10
1463 1.114978e-10
1464 1.113929e-10
1465 1.112882e-10
1466 1.111837e-10
1467 1.110793e-10
1468 1.109751e-10
1469 1.108711e-10
1470 1.107672e-10
1471 1.106635e-10
1472 1.105600e-10
1473 1.104566e-10
1474 1.103534e-10
1475 1.102504e-10
1476 1.101475e-10
1477 1.100448e-10
1478 1.099423e-10
1479 1.098399e-10
1480 1.097377e-10
1481 1.096357e-10
1482 1.095338e-10
1483 1.094321e-10
1484 1.093305e-10
1485 1.092291e-10
1486 1.091279e-10
1487 1.090268e-10
1488 1.089259e-10
1489 1.088252e-10
1490 1.087246e-10
1491 1.086242e-10
1492 1.085239e-10
1493 1.084238e-10
1494 1.083239e-10
1495 1.082241e-10
1496 1.081245e-10
1497 1.080250e-10
1498 1.079257e-10
1499 1.078266e-10
1500 1.077276e-10
1501 1.076287e-10
1502 1.075300e-10
1503 1.074315e-10
1504 1.073332e-10
1505 1.072349e-10
1506 1.071369e-10
1507 1.070390e-10
1508 1.069412e-10
1509 1.068436e-10
1510 1.067462e-10
1511 1.066489e-10
1512 1.065518e-10
1513 1.064548e-10
1514 1.063580e-10
1515 1.062613e-10
1516 1.061647e-10
1517 1.060684e-10
1518 1.059721e-10
1519 1.058761e-10
1520 1.057801e-10
1521 1.056844e-10
1522 1.055887e-10
1523 1.054933e-10
1524 1.053979e-10
1525 1.053028e-10
1526 1.052077e-10
1527 1.051129e-10
1528 1.050181e-10
1529 1.049235e-10
1530 1.048291e-10
1531 1.047348e-10
1532 1.046407e-10
1533 1.045467e-10
1534 1.044528e-10
1535 1.043591e-10
1536 1.042655e-10
1537 1.041721e-10
1538 1.040788e-10
1539 1.039857e-10
1540 1.038927e-10
1541 1.037999e-10
1542 1.037072e-10
1543 1.036146e-10
1544 1.035222e-10
1545 1.034299e-10
1546 1.033378e-10
1547 1.032458e-10
1548 1.031539e-10
1549 1.030622e-10
1550 1.029707e-10
1551 1.028792e-10
1552 1.027879e-10
1553 1.026956e-10
1554 1.026029e-10
1555 1.025105e-10
1556 1.024182e-10
1557 1.023260e-10
1558 1.022339e-10
1559 1.021421e-10
1560 1.020503e-10
1561 1.019587e-10
1562 1.018672e-10
1563 1.017759e-10
1564 1.016847e-10
1565 1.015936e-10
1566 1.015027e-10
1567 1.014120e-10
1568 1.013213e-10
1569 1.012308e-10
1570 1.011405e-10
1571 1.010502e-10
1572 1.009602e-10
1573 1.008702e-10
1574 1.007804e-10
1575 1.006907e-10
1576 1.006012e-10
1577 1.005118e-10
1578 1.004226e-10
1579 1.003334e-10
1580 1.002444e-10
1581 1.001556e-10
1582 1.000669e-10
1583 9.997829e-11
1584 9.988984e-11
1585 9.980152e-11
1586 9.971334e-11
1587 9.962529e-11
1588 9.953738e-11
1589 9.944960e-11
1590 9.936194e-11
1591 9.927443e-11
1592 9.918704e-11
1593 9.909979e-11
1594 9.901266e-11
1595 9.892567e-11
1596 9.883881e-11
1597 9.875208e-11
1598 9.866548e-11
1599 9.857901e-11
1600 9.849267e-11
1601 9.840646e-11
1602 9.832038e-11
1603 9.823443e-11
1604 9.814860e-11
1605 9.806291e-11
1606 9.797734e-11
1607 9.789190e-11
1608 9.780659e-11
1609 9.772141e-11
1610 9.763635e-11
1611 9.755142e-11
1612 9.746661e-11
1613 9.738194e-11
1614 9.729738e-11
1615 9.721296e-11
1616 9.712866e-11
1617 9.704448e-11
1618 9.696043e-11
1619 9.687651e-11
1620 9.679270e-11
1621 9.670903e-11
1622 9.662547e-11
1623 9.654204e-11
1624 9.645874e-11
1625 9.637555e-11
1626 9.629249e-11
1627 9.620956e-11
1628 9.612674e-11
1629 9.604405e-11
1630 9.596147e-11
1631 9.587902e-11
1632 9.579670e-11
1633 9.571449e-11
1634 9.563240e-11
1635 9.555043e-11
1636 9.546859e-11
1637 9.538686e-11
1638 9.530526e-11
1639 9.522377e-11
1640 9.514240e-11
1641 9.506115e-11
1642 9.498002e-11
1643 9.489901e-11
1644 9.481812e-11
1645 9.473735e-11
1646 9.465669e-11
1647 9.457615e-11
1648 9.449573e-11
1649 9.441542e-11
1650 9.433524e-11
1651 9.425516e-11
1652 9.417521e-11
1653 9.409537e-11
1654 9.401565e-11
1655 9.393604e-11
1656 9.385655e-11
1657 9.377717e-11
1658 9.369791e-11
1659 9.361876e-11
1660 9.353973e-11
1661 9.346081e-11
1662 9.338201e-11
1663 9.330332e-11
1664 9.322449e-11
1665 9.314461e-11
1666 9.306486e-11
1667 9.298522e-11
1668 9.290569e-11
1669 9.282628e-11
1670 9.274699e-11
1671 9.266781e-11
1672 9.258875e-11
1673 9.250980e-11
1674 9.243097e-11
1675 9.235225e-11
1676 9.227364e-11
1677 9.219515e-11
1678 9.211677e-11
1679 9.203851e-11
1680 9.196035e-11
1681 9.188231e-11
1682 9.180439e-11
1683 9.172657e-11
1684 9.164887e-11
1685 9.157128e-11
1686 9.149380e-11
1687 9.141643e-11
1688 9.133918e-11
1689 9.126203e-11
1690 9.118500e-11
1691 9.110807e-11
1692 9.103126e-11
1693 9.095456e-11
1694 9.087796e-11
1695 9.080148e-11
1696 9.072510e-11
1697 9.064884e-11
1698 9.057268e-11
1699 9.049664e-11
1700 9.042070e-11
1701 9.034487e-11
1702 9.026914e-11
1703 9.019353e-11
1704 9.011802e-11
1705 9.004262e-11
1706 8.996733e-11
1707 8.989214e-11
1708 8.981706e-11
1709 8.974209e-11
1710 8.966723e-11
1711 8.959247e-11
1712 8.951781e-11
1713 8.944327e-11
1714 8.936882e-11
1715 8.929449e-11
1716 8.922026e-11
1717 8.914613e-11
1718 8.907211e-11
1719 8.899819e-11
1720 8.892438e-11
1721 8.885067e-11
1722 8.877706e-11
1723 8.870356e-11
1724 8.863016e-11
1725 8.855686e-11
1726 8.848367e-11
1727 8.841058e-11
1728 8.833760e-11
1729 8.826471e-11
1730 8.819193e-11
1731 8.811925e-11
1732 8.804667e-11
1733 8.797420e-11
1734 8.790182e-11
1735 8.782955e-11
1736 8.775737e-11
1737 8.768530e-11
1738 8.761333e-11
1739 8.754146e-11
1740 8.746969e-11
1741 8.739802e-11
1742 8.732645e-11
1743 8.725498e-11
1744 8.718360e-11
1745 8.711233e-11
1746 8.704116e-11
1747 8.697008e-11
1748 8.689911e-11
1749 8.682823e-11
1750 8.675745e-11
1751 8.668677e-11
1752 8.661619e-11
1753 8.654570e-11
1754 8.647531e-11
1755 8.640502e-11
1756 8.633483e-11
1757 8.626473e-11
1758 8.619473e-11
1759 8.612483e-11
1760 8.605502e-11
1761 8.598531e-11
1762 8.591569e-11
1763 8.584617e-11
1764 8.577675e-11
1765 8.570742e-11
1766 8.563819e-11
1767 8.556905e-11
1768 8.550001e-11
1769 8.543106e-11
1770 8.536221e-11
1771 8.529345e-11
1772 8.522478e-11
1773 8.515621e-11
1774 8.508774e-11
1775 8.501935e-11
1776 8.495106e-11
1777 8.488286e-11
1778 8.481476e-11
1779 8.474675e-11
1780 8.467883e-11
1781 8.461100e-11
1782 8.454327e-11
1783 8.447563e-11
1784 8.440737e-11
1785 8.433866e-11
1786 8.427005e-11
1787 8.420153e-11
1788 8.413311e-11
1789 8.406478e-11
1790 8.399654e-11
1791 8.392840e-11
1792 8.386035e-11
1793 8.379239e-11
1794 8.372453e-11
1795 8.365676e-11
1796 8.358908e-11
1797 8.352149e-11
1798 8.345400e-11
1799 8.338660e-11
1800 8.331929e-11
1801 8.325207e-11
1802 8.318494e-11
1803 8.311790e-11
1804 8.305096e-11
1805 8.298411e-11
1806 8.291734e-11
1807 8.285067e-11
1808 8.278409e-11
1809 8.271760e-11
1810 8.265120e-11
1811 8.258489e-11
1812 8.251867e-11
1813 8.245253e-11
1814 8.238649e-11
1815 8.232054e-11
1816 8.225467e-11
1817 8.218890e-11
1818 8.212321e-11
1819 8.205761e-11
1820 8.199210e-11
1821 8.192668e-11
1822 8.186135e-11
1823 8.179610e-11
1824 8.173095e-11
1825 8.166588e-11
1826 8.160089e-11
1827 8.153600e-11
1828 8.147119e-11
1829 8.140647e-11
1830 8.134183e-11
1831 8.127729e-11
1832 8.121282e-11
1833 8.114845e-11
1834 8.108416e-11
1835 8.101996e-11
1836 8.095584e-11
1837 8.089181e-11
1838 8.082786e-11
1839 8.076400e-11
1840 8.070022e-11
1841 8.063653e-11
1842 8.057293e-11
1843 8.050941e-11
1844 8.044597e-11
1845 8.038262e-11
1846 8.031935e-11
1847 8.025616e-11
1848 8.019306e-11
1849 8.013004e-11
1850 8.006711e-11
1851 8.000426e-11
1852 7.994149e-11
1853 7.987881e-11
1854 7.981621e-11
1855 7.975369e-11
1856 7.969126e-11
1857 7.962890e-11
1858 7.956663e-11
1859 7.950444e-11
1860 7.944234e-11
1861 7.938031e-11
1862 7.931837e-11
1863 7.925651e-11
1864 7.919473e-11
1865 7.913303e-11
1866 7.907141e-11
1867 7.900988e-11
1868 7.894842e-11
1869 7.888705e-11
1870 7.882575e-11
1871 7.876454e-11
1872 7.870340e-11
1873 7.864235e-11
1874 7.858137e-11
1875 7.852048e-11
1876 7.845967e-11
1877 7.839893e-11
1878 7.833827e-11
1879 7.827770e-11
1880 7.821720e-11
1881 7.815678e-11
1882 7.809644e-11
1883 7.803618e-11
1884 7.797600e-11
1885 7.791589e-11
1886 7.785586e-11
1887 7.779592e-11
1888 7.773605e-11
1889 7.767625e-11
1890 7.761654e-11
1891 7.755690e-11
1892 7.749734e-11
1893 7.743786e-11
1894 7.737845e-11
1895 7.731912e-11
1896 7.725987e-11
1897 7.720069e-11
1898 7.714159e-11
1899 7.708257e-11
1900 7.702362e-11
1901 7.696475e-11
1902 7.690596e-11
1903 7.684724e-11
1904 7.678859e-11
1905 7.673002e-11
1906 7.667153e-11
1907 7.661311e-11
1908 7.655477e-11
1909 7.649650e-11
1910 7.643831e-11
1911 7.638019e-11
1912 7.632177e-11
1913 7.626273e-11
1914 7.620377e-11
1915 7.614488e-11
1916 7.608607e-11
1917 7.602733e-11
1918 7.596867e-11
1919 7.591009e-11
1920 7.585158e-11
1921 7.579315e-11
1922 7.573480e-11
1923 7.567651e-11
1924 7.561831e-11
1925 7.556018e-11
1926 7.550212e-11
1927 7.544414e-11
1928 7.538623e-11
1929 7.532840e-11
1930 7.527064e-11
1931 7.521296e-11
1932 7.515535e-11
1933 7.509781e-11
1934 7.504035e-11
1935 7.498296e-11
1936 7.492564e-11
1937 7.486840e-11
1938 7.481123e-11
1939 7.475414e-11
1940 7.469712e-11
1941 7.464017e-11
1942 7.458329e-11
1943 7.452648e-11
1944 7.446975e-11
1945 7.441309e-11
1946 7.435651e-11
1947 7.429999e-11
1948 7.424355e-11
1949 7.418717e-11
1950 7.413088e-11
1951 7.407465e-11
1952 7.401849e-11
1953 7.396240e-11
1954 7.390639e-11
1955 7.385045e-11
1956 7.379457e-11
1957 7.373877e-11
1958 7.368304e-11
1959 7.362738e-11
1960 7.357179e-11
1961 7.351627e-11
1962 7.346082e-11
1963 7.340544e-11
1964 7.335013e-11
1965 7.329489e-11
1966 7.323972e-11
1967 7.318462e-11
1968 7.312959e-11
1969 7.307463e-11
1970 7.301974e-11
1971 7.296491e-11
1972 7.291016e-11
1973 7.285547e-11
1974 7.280085e-11
1975 7.274631e-11
1976 7.269183e-11
1977 7.263741e-11
1978 7.258307e-11
1979 7.252879e-11
1980 7.247459e-11
1981 7.242045e-11
1982 7.236638e-11
1983 7.231237e-11
1984 7.225843e-11
1985 7.220457e-11
1986 7.215076e-11
1987 7.209703e-11
1988 7.204336e-11
1989 7.198976e-11
1990 7.193622e-11
1991 7.188276e-11
1992 7.182936e-11
1993 7.177602e-11
1994 7.172275e-11
1995 7.166955e-11
1996 7.161641e-11
1997 7.156334e-11
1998 7.151034e-11
1999 7.145740e-11
2000 7.140453e-11
2001 7.135172e-11
2002 7.129898e-11
2003 7.124630e-11
2004 7.119369e-11
2005 7.114115e-11
2006 7.108866e-11
2007 7.103625e-11
2008 7.098390e-11
2009 7.093161e-11
2010 7.087939e-11
2011 7.082723e-11
2012 7.077513e-11
2013 7.072310e-11
2014 7.067114e-11
2015 7.061924e-11
2016 7.056740e-11
2017 7.051562e-11
2018 7.046391e-11
2019 7.041227e-11
2020 7.036068e-11
2021 7.030916e-11
2022 7.025771e-11
2023 7.020631e-11
2024 7.015498e-11
2025 7.010371e-11
2026 7.005251e-11
2027 7.000136e-11
2028 6.995028e-11
2029 6.989927e-11
2030 6.984831e-11
2031 6.979742e-11
2032 6.974659e-11
2033 6.969582e-11
2034 6.964511e-11
2035 6.959446e-11
2036 6.954388e-11
2037 6.949336e-11
2038 6.944290e-11
2039 6.939250e-11
2040 6.934216e-11
2041 6.929188e-11
2042 6.924166e-11
2043 6.919151e-11
2044 6.914142e-11
2045 6.909138e-11
2046 6.904141e-11
2047 6.899150e-11
2048 6.894164e-11
2049 6.889185e-11
2050 6.884126e-11
2051 6.879067e-11
2052 6.874013e-11
2053 6.868966e-11
2054 6.863925e-11
2055 6.858890e-11
2056 6.853861e-11
2057 6.848839e-11
2058 6.843822e-11
2059 6.838812e-11
2060 6.833807e-11
2061 6.828809e-11
2062 6.823817e-11
2063 6.818831e-11
2064 6.813851e-11
2065 6.808877e-11
2066 6.803909e-11
2067 6.798947e-11
2068 6.793991e-11
2069 6.789041e-11
2070 6.784097e-11
2071 6.779159e-11
2072 6.774227e-11
2073 6.769301e-11
2074 6.764381e-11
2075 6.759467e-11
2076 6.754559e-11
2077 6.749657e-11
2078 6.744760e-11
2079 6.739870e-11
2080 6.734985e-11
2081 6.730107e-11
2082 6.725234e-11
2083 6.720367e-11
2084 6.715506e-11
2085 6.710651e-11
2086 6.705802e-11
2087 6.700958e-11
2088 6.696120e-11
2089 6.691288e-11
2090 6.686462e-11
2091 6.681642e-11
2092 6.676827e-11
2093 6.672019e-11
2094 6.667216e-11
2095 6.662418e-11
2096 6.657627e-11
2097 6.652841e-11
2098 6.648061e-11
2099 6.643286e-11
2100 6.638518e-11
2101 6.633755e-11
2102 6.628997e-11
2103 6.624246e-11
2104 6.619500e-11
2105 6.614760e-11
2106 6.610025e-11
2107 6.605296e-11
2108 6.600572e-11
2109 6.595855e-11
2110 6.591142e-11
2111 6.586436e-11
2112 6.581735e-11
2113 6.577039e-11
2114 6.572350e-11
2115 6.567665e-11
2116 6.562986e-11
2117 6.558313e-11
2118 6.553646e-11
2119 6.548983e-11
2120 6.544327e-11
2121 6.539676e-11
2122 6.535030e-11
2123 6.530390e-11
2124 6.525755e-11
2125 6.521126e-11
2126 6.516502e-11
2127 6.511884e-11
2128 6.507271e-11
2129 6.502664e-11
2130 6.498062e-11
2131 6.493465e-11
2132 6.488874e-11
2133 6.484288e-11
2134 6.479708e-11
2135 6.475133e-11
2136 6.470563e-11
2137 6.465999e-11
2138 6.461440e-11
2139 6.456886e-11
2140 6.452338e-11
2141 6.447795e-11
2142 6.443257e-11
2143 6.438725e-11
2144 6.434198e-11
2145 6.429676e-11
2146 6.425160e-11
2147 6.420649e-11
2148 6.416143e-11
2149 6.411642e-11
2150 6.407147e-11
2151 6.402657e-11
2152 6.398172e-11
2153 6.393692e-11
2154 6.389218e-11
2155 6.384748e-11
2156 6.380284e-11
2157 6.375826e-11
2158 6.371372e-11
2159 6.366923e-11
2160 6.362480e-11
2161 6.358042e-11
2162 6.353609e-11
2163 6.349181e-11
2164 6.344758e-11
2165 6.340340e-11
2166 6.335928e-11
2167 6.331520e-11
2168 6.327118e-11
2169 6.322721e-11
2170 6.318328e-11
2171 6.313941e-11
2172 6.309559e-11
2173 6.305182e-11
2174 6.300810e-11
2175 6.296443e-11
2176 6.292082e-11
2177 6.287725e-11
2178 6.283373e-11
2179 6.279026e-11
2180 6.274684e-11
2181 6.270347e-11
2182 6.266016e-11
2183 6.261689e-11
2184 6.257367e-11
2185 6.253050e-11
2186 6.248738e-11
2187 6.244431e-11
2188 6.240129e-11
2189 6.235832e-11
2190 6.231539e-11
2191 6.227252e-11
2192 6.222969e-11
2193 6.218692e-11
2194 6.214419e-11
2195 6.210151e-11
2196 6.205889e-11
2197 6.201582e-11
2198 6.197249e-11
2199 6.192922e-11
2200 6.188600e-11
2201 6.184282e-11
2202 6.179970e-11
2203 6.175662e-11
2204 6.171360e-11
2205 6.167062e-11
2206 6.162769e-11
2207 6.158482e-11
2208 6.154199e-11
2209 6.149921e-11
2210 6.145648e-11
2211 6.141380e-11
2212 6.137117e-11
2213 6.132858e-11
2214 6.128605e-11
2215 6.124356e-11
2216 6.120113e-11
2217 6.115874e-11
2218 6.111640e-11
2219 6.107411e-11
2220 6.103186e-11
2221 6.098967e-11
2222 6.094752e-11
2223 6.090542e-11
2224 6.086337e-11
2225 6.082137e-11
2226 6.077941e-11
2227 6.073751e-11
2228 6.069565e-11
2229 6.065384e-11
2230 6.061207e-11
2231 6.057035e-11
2232 6.052868e-11
2233 6.048706e-11
2234 6.044549e-11
2235 6.040396e-11
2236 6.036248e-11
2237 6.032104e-11
2238 6.027966e-11
2239 6.023832e-11
2240 6.019702e-11
2241 6.015578e-11
2242 6.011458e-11
2243 6.007343e-11
2244 6.003232e-11
2245 5.999126e-11
2246 5.995024e-11
2247 5.990928e-11
2248 5.986835e-11
2249 5.982748e-11
2250 5.978665e-11
2251 5.974587e-11
2252 5.970513e-11
2253 5.966444e-11
2254 5.962379e-11
2255 5.958319e-11
2256 5.954264e-11
2257 5.950213e-11
2258 5.946166e-11
2259 5.942125e-11
2260 5.938087e-11
2261 5.934055e-11
2262 5.930026e-11
2263 5.926003e-11
2264 5.921984e-11
2265 5.917969e-11
2266 5.913959e-11
2267 5.909953e-11
2268 5.905952e-11
2269 5.901955e-11
2270 5.897963e-11
2271 5.893975e-11
2272 5.889991e-11
2273 5.886012e-11
2274 5.882038e-11
2275 5.878068e-11
2276 5.874102e-11
2277 5.870141e-11
2278 5.866184e-11
2279 5.862231e-11
2280 5.858283e-11
2281 5.854340e-11
2282 5.850400e-11
2283 5.846466e-11
2284 5.842535e-11
2285 5.838609e-11
2286 5.834687e-11
2287 5.830770e-11
2288 5.826856e-11
2289 5.822948e-11
2290 5.819043e-11
2291 5.815143e-11
2292 5.811247e-11
2293 5.807356e-11
2294 5.803468e-11
2295 5.799585e-11
2296 5.795707e-11
2297 5.791832e-11
2298 5.787962e-11
2299 5.784097e-11
2300 5.780235e-11
2301 5.776378e-11
2302 5.772525e-11
2303 5.768676e-11
2304 5.764831e-11
2305 5.760991e-11
2306 5.757155e-11
2307 5.753323e-11
2308 5.749495e-11
2309 5.745672e-11
2310 5.741852e-11
2311 5.738037e-11
2312 5.734226e-11
2313 5.730420e-11
2314 5.726617e-11
2315 5.722819e-11
2316 5.719024e-11
2317 5.715234e-11
2318 5.711448e-11
2319 5.707666e-11
2320 5.703889e-11
2321 5.700115e-11
2322 5.696346e-11
2323 5.692580e-11
2324 5.688819e-11
2325 5.685062e-11
2326 5.681309e-11
2327 5.677560e-11
2328 5.673815e-11
2329 5.670074e-11
2330 5.666338e-11
2331 5.662605e-11
2332 5.658876e-11
2333 5.655152e-11
2334 5.651431e-11
2335 5.647715e-11
2336 5.644003e-11
2337 5.640294e-11
2338 5.636590e-11
2339 5.632890e-11
2340 5.629193e-11
2341 5.625501e-11
2342 5.621813e-11
2343 5.618128e-11
2344 5.614448e-11
2345 5.610771e-11
2346 5.607099e-11
2347 5.603431e-11
2348 5.599766e-11
2349 5.596106e-11
2350 5.592449e-11
2351 5.588796e-11
2352 5.585148e-11
2353 5.581503e-11
2354 5.577862e-11
2355 5.574177e-11
2356 5.570476e-11
2357 5.566779e-11
2358 5.563086e-11
2359 5.559397e-11
2360 5.555712e-11
2361 5.552032e-11
2362 5.548355e-11
2363 5.544682e-11
2364 5.541013e-11
2365 5.537348e-11
2366 5.533687e-11
2367 5.530030e-11
2368 5.526377e-11
2369 5.522728e-11
2370 5.519083e-11
2371 5.515442e-11
2372 5.511805e-11
2373 5.508172e-11
2374 5.504542e-11
2375 5.500917e-11
2376 5.497296e-11
2377 5.493678e-11
2378 5.490064e-11
2379 5.486454e-11
2380 5.482849e-11
2381 5.479247e-11
2382 5.475648e-11
2383 5.472054e-11
2384 5.468464e-11
2385 5.464877e-11
2386 5.461294e-11
2387 5.457716e-11
2388 5.454141e-11
2389 5.450569e-11
2390 5.447002e-11
2391 5.443439e-11
2392 5.439879e-11
2393 5.436323e-11
2394 5.432771e-11
2395 5.429223e-11
2396 5.425678e-11
2397 5.422137e-11
2398 5.418601e-11
2399 5.415067e-11
2400 5.411538e-11
2401 5.408013e-11
2402 5.404491e-11
2403 5.400973e-11
2404 5.397458e-11
2405 5.393948e-11
2406 5.390441e-11
2407 5.386938e-11
2408 5.383439e-11
2409 5.379943e-11
2410 5.376451e-11
2411 5.372963e-11
2412 5.369478e-11
2413 5.365998e-11
2414 5.362521e-11
2415 5.359047e-11
2416 5.355577e-11
2417 5.352111e-11
2418 5.348649e-11
2419 5.345190e-11
2420 5.341735e-11
2421 5.338284e-11
2422 5.334836e-11
2423 5.331392e-11
2424 5.327952e-11
2425 5.324515e-11
2426 5.321082e-11
2427 5.317653e-11
2428 5.314227e-11
2429 5.310804e-11
2430 5.307386e-11
2431 5.303971e-11
2432 5.300559e-11
2433 5.297151e-11
2434 5.293747e-11
2435 5.290346e-11
2436 5.286949e-11
2437 5.283556e-11
2438 5.280166e-11
2439 5.276779e-11
2440 5.273397e-11
2441 5.270017e-11
2442 5.266642e-11
2443 5.263269e-11
2444 5.259901e-11
2445 5.256536e-11
2446 5.253174e-11
2447 5.249816e-11
2448 5.246461e-11
2449 5.243110e-11
2450 5.239763e-11
2451 5.236419e-11
2452 5.233078e-11
2453 5.229741e-11
2454 5.226408e-11
2455 5.223078e-11
2456 5.219751e-11
2457 5.216428e-11
2458 5.213108e-11
2459 5.209792e-11
2460 5.206479e-11
2461 5.203170e-11
2462 5.199864e-11
2463 5.196562e-11
2464 5.193263e-11
2465 5.189967e-11
2466 5.186675e-11
2467 5.183386e-11
2468 5.180101e-11
2469 5.176819e-11
2470 5.173541e-11
2471 5.170266e-11
2472 5.166994e-11
2473 5.163726e-11
2474 5.160461e-11
2475 5.157200e-11
2476 5.153941e-11
2477 5.150687e-11
2478 5.147435e-11
2479 5.144187e-11
2480 5.140943e-11
2481 5.137701e-11
2482 5.134463e-11
2483 5.131229e-11
2484 5.127998e-11
2485 5.124770e-11
2486 5.121545e-11
2487 5.118324e-11
2488 5.115106e-11
2489 5.111891e-11
2490 5.108680e-11
2491 5.105472e-11
2492 5.102267e-11
2493 5.099066e-11
2494 5.095867e-11
2495 5.092673e-11
2496 5.089481e-11
2497 5.086293e-11
2498 5.083108e-11
2499 5.079926e-11
2500 5.076748e-11
2501 5.073572e-11
2502 5.070400e-11
2503 5.067232e-11
2504 5.064066e-11
2505 5.060904e-11
2506 5.057745e-11
2507 5.054589e-11
2508 5.051437e-11
2509 5.048287e-11
2510 5.045141e-11
2511 5.041998e-11
2512 5.038859e-11
2513 5.035722e-11
2514 5.032589e-11
2515 5.029459e-11
2516 5.026332e-11
2517 5.023208e-11
2518 5.020088e-11
2519 5.016970e-11
2520 5.013856e-11
2521 5.010745e-11
2522 5.007637e-11
2523 5.004532e-11
2524 5.001405e-11
2525 4.998249e-11
2526 4.995097e-11
2527 4.991948e-11
2528 4.988802e-11
2529 4.985660e-11
2530 4.982520e-11
2531 4.979384e-11
2532 4.976252e-11
2533 4.973122e-11
2534 4.969995e-11
2535 4.966872e-11
2536 4.963752e-11
2537 4.960635e-11
2538 4.957522e-11
2539 4.954411e-11
2540 4.951304e-11
2541 4.948200e-11
2542 4.945099e-11
2543 4.942001e-11
2544 4.938906e-11
2545 4.935815e-11
2546 4.932726e-11
2547 4.929641e-11
2548 4.926559e-11
2549 4.923480e-11
2550 4.920404e-11
2551 4.917331e-11
2552 4.914262e-11
2553 4.911195e-11
2554 4.908132e-11
2555 4.905072e-11
2556 4.902015e-11
2557 4.898961e-11
2558 4.895910e-11
2559 4.892862e-11
2560 4.889817e-11
2561 4.886776e-11
2562 4.883737e-11
2563 4.880701e-11
2564 4.877669e-11
2565 4.874640e-11
2566 4.871613e-11
2567 4.868590e-11
2568 4.865570e-11
2569 4.862553e-11
2570 4.859538e-11
2571 4.856527e-11
2572 4.853519e-11
2573 4.850514e-11
2574 4.847512e-11
2575 4.844513e-11
2576 4.841517e-11
2577 4.838525e-11
2578 4.835535e-11
2579 4.832548e-11
2580 4.829564e-11
2581 4.826583e-11
2582 4.823605e-11
2583 4.820630e-11
2584 4.817658e-11
2585 4.814689e-11
2586 4.811723e-11
2587 4.808760e-11
2588 4.805800e-11
2589 4.802843e-11
2590 4.799889e-11
2591 4.796938e-11
2592 4.793989e-11
2593 4.791044e-11
2594 4.788102e-11
2595 4.785163e-11
2596 4.782226e-11
2597 4.779293e-11
2598 4.776362e-11
2599 4.773434e-11
2600 4.770510e-11
2601 4.767588e-11
2602 4.764669e-11
2603 4.761753e-11
2604 4.758840e-11
2605 4.755930e-11
2606 4.753022e-11
2607 4.750118e-11
2608 4.747216e-11
2609 4.744318e-11
2610 4.741422e-11
2611 4.738529e-11
2612 4.735639e-11
2613 4.732752e-11
2614 4.729868e-11
2615 4.726986e-11
2616 4.724108e-11
2617 4.721232e-11
2618 4.718359e-11
2619 4.715489e-11
2620 4.712622e-11
2621 4.709757e-11
2622 4.706896e-11
2623 4.704037e-11
2624 4.701181e-11
2625 4.698328e-11
2626 4.695478e-11
2627 4.692631e-11
2628 4.689786e-11
2629 4.686944e-11
2630 4.684105e-11
2631 4.681269e-11
2632 4.678436e-11
2633 4.675605e-11
2634 4.672777e-11
2635 4.669952e-11
2636 4.667130e-11
2637 4.664310e-11
2638 4.661494e-11
2639 4.658680e-11
2640 4.655869e-11
2641 4.653060e-11
2642 4.650254e-11
2643 4.647452e-11
2644 4.644651e-11
2645 4.641854e-11
2646 4.639059e-11
2647 4.636267e-11
2648 4.633478e-11
2649 4.630692e-11
2650 4.627908e-11
2651 4.625127e-11
2652 4.622349e-11
2653 4.619573e-11
2654 4.616800e-11
2655 4.614030e-11
2656 4.611262e-11
2657 4.608498e-11
2658 4.605736e-11
2659 4.602976e-11
2660 4.600219e-11
2661 4.597465e-11
2662 4.594714e-11
2663 4.591966e-11
2664 4.589220e-11
2665 4.586476e-11
2666 4.583736e-11
2667 4.580998e-11
2668 4.578262e-11
2669 4.575530e-11
2670 4.572800e-11
2671 4.570072e-11
2672 4.567348e-11
2673 4.564626e-11
2674 4.561906e-11
2675 4.559189e-11
2676 4.556475e-11
2677 4.553764e-11
2678 4.551055e-11
2679 4.548349e-11
2680 4.545645e-11
2681 4.542944e-11
2682 4.540246e-11
2683 4.537550e-11
2684 4.534856e-11
2685 4.532166e-11
2686 4.529478e-11
2687 4.526792e-11
2688 4.524110e-11
2689 4.521429e-11
2690 4.518752e-11
2691 4.516077e-11
2692 4.513404e-11
2693 4.510734e-11
2694 4.508067e-11
2695 4.505402e-11
2696 4.502740e-11
2697 4.500080e-11
2698 4.497423e-11
2699 4.494768e-11
2700 4.492116e-11
2701 4.489467e-11
2702 4.486820e-11
2703 4.484176e-11
2704 4.481534e-11
2705 4.478893e-11
2706 4.476208e-11
2707 4.473526e-11
2708 4.470846e-11
2709 4.468170e-11
2710 4.465495e-11
2711 4.462824e-11
2712 4.460155e-11
2713 4.457488e-11
2714 4.454824e-11
2715 4.452163e-11
2716 4.449504e-11
2717 4.446848e-11
2718 4.444194e-11
2719 4.441543e-11
2720 4.438894e-11
2721 4.436248e-11
2722 4.433605e-11
2723 4.430964e-11
2724 4.428325e-11
2725 4.425690e-11
2726 4.423056e-11
2727 4.420426e-11
2728 4.417797e-11
2729 4.415172e-11
2730 4.412548e-11
2731 4.409928e-11
2732 4.407310e-11
2733 4.404694e-11
2734 4.402081e-11
2735 4.399470e-11
2736 4.396862e-11
2737 4.394256e-11
2738 4.391653e-11
2739 4.389053e-11
2740 4.386454e-11
2741 4.383859e-11
2742 4.381266e-11
2743 4.378675e-11
2744 4.376087e-11
2745 4.373501e-11
2746 4.370918e-11
2747 4.368337e-11
2748 4.365758e-11
2749 4.363182e-11
2750 4.360609e-11
2751 4.358038e-11
2752 4.355469e-11
2753 4.352903e-11
2754 4.350340e-11
2755 4.347778e-11
2756 4.345220e-11
2757 4.342663e-11
2758 4.340109e-11
2759 4.337558e-11
2760 4.335009e-11
2761 4.332462e-11
2762 4.329918e-11
2763 4.327376e-11
2764 4.324837e-11
2765 4.322300e-11
2766 4.319765e-11
2767 4.317233e-11
2768 4.314703e-11
2769 4.312176e-11
2770 4.309651e-11
2771 4.307128e-11
2772 4.304608e-11
2773 4.302090e-11
2774 4.299574e-11
2775 4.297061e-11
2776 4.294551e-11
2777 4.292042e-11
2778 4.289536e-11
2779 4.287033e-11
2780 4.284531e-11
2781 4.282032e-11
2782 4.279536e-11
2783 4.277042e-11
2784 4.274550e-11
2785 4.272060e-11
2786 4.269573e-11
2787 4.267088e-11
2788 4.264606e-11
2789 4.262126e-11
2790 4.259648e-11
2791 4.257172e-11
2792 4.254699e-11
2793 4.252228e-11
2794 4.249760e-11
2795 4.247294e-11
2796 4.244830e-11
2797 4.242368e-11
2798 4.239909e-11
2799 4.237452e-11
2800 4.234997e-11
2801 4.232545e-11
2802 4.230095e-11
2803 4.227647e-11
2804 4.225202e-11
2805 4.222758e-11
2806 4.220317e-11
2807 4.217879e-11
2808 4.215442e-11
2809 4.213008e-11
2810 4.210576e-11
2811 4.208147e-11
2812 4.205720e-11
2813 4.203295e-11
2814 4.200872e-11
2815 4.198451e-11
2816 4.196033e-11
2817 4.193617e-11
2818 4.191203e-11
2819 4.188792e-11
2820 4.186382e-11
2821 4.183975e-11
2822 4.181571e-11
2823 4.179168e-11
2824 4.176768e-11
2825 4.174370e-11
2826 4.171974e-11
2827 4.169580e-11
2828 4.167189e-11
2829 4.164799e-11
2830 4.162412e-11
2831 4.160028e-11
2832 4.157645e-11
2833 4.155265e-11
2834 4.152886e-11
2835 4.150510e-11
2836 4.148137e-11
2837 4.145765e-11
2838 4.143396e-11
2839 4.141028e-11
2840 4.138663e-11
2841 4.136300e-11
2842 4.133940e-11
2843 4.131581e-11
2844 4.129225e-11
2845 4.126871e-11
2846 4.124519e-11
2847 4.122169e-11
2848 4.119821e-11
2849 4.117476e-11
2850 4.115133e-11
2851 4.112791e-11
2852 4.110452e-11
2853 4.108115e-11
2854 4.105781e-11
2855 4.103448e-11
2856 4.101118e-11
2857 4.098789e-11
2858 4.096463e-11
2859 4.094139e-11
2860 4.091817e-11
2861 4.089498e-11
2862 4.087180e-11
2863 4.084864e-11
2864 4.082551e-11
2865 4.080240e-11
2866 4.077930e-11
2867 4.075623e-11
2868 4.073318e-11
2869 4.071016e-11
2870 4.068715e-11
2871 4.066416e-11
2872 4.064120e-11
2873 4.061825e-11
2874 4.059533e-11
2875 4.057243e-11
2876 4.054954e-11
2877 4.052668e-11
2878 4.050384e-11
2879 4.048102e-11
2880 4.045822e-11
2881 4.043545e-11
2882 4.041269e-11
2883 4.038995e-11
2884 4.036724e-11
2885 4.034454e-11
2886 4.032187e-11
2887 4.029921e-11
2888 4.027658e-11
2889 4.025397e-11
2890 4.023138e-11
2891 4.020880e-11
2892 4.018625e-11
2893 4.016372e-11
2894 4.014121e-11
2895 4.011872e-11
2896 4.009625e-11
2897 4.007380e-11
2898 4.005137e-11
2899 4.002896e-11
2900 4.000635e-11
2901 3.998358e-11
2902 3.996083e-11
2903 3.993810e-11
2904 3.991540e-11
2905 3.989271e-11
2906 3.987005e-11
2907 3.984741e-11
2908 3.982478e-11
2909 3.980218e-11
2910 3.977960e-11
2911 3.975704e-11
2912 3.973450e-11
2913 3.971198e-11
2914 3.968948e-11
2915 3.966700e-11
2916 3.964454e-11
2917 3.962210e-11
2918 3.959969e-11
2919 3.957729e-11
2920 3.955491e-11
2921 3.953256e-11
2922 3.951022e-11
2923 3.948790e-11
2924 3.946561e-11
2925 3.944333e-11
2926 3.942108e-11
2927 3.939884e-11
2928 3.937663e-11
2929 3.935443e-11
2930 3.933226e-11
2931 3.931010e-11
2932 3.928797e-11
2933 3.926585e-11
2934 3.924376e-11
2935 3.922168e-11
2936 3.919963e-11
2937 3.917759e-11
2938 3.915557e-11
2939 3.913358e-11
2940 3.911160e-11
2941 3.908965e-11
2942 3.906771e-11
2943 3.904580e-11
2944 3.902390e-11
2945 3.900202e-11
2946 3.898017e-11
2947 3.895833e-11
2948 3.893651e-11
2949 3.891471e-11
2950 3.889293e-11
2951 3.887117e-11
2952 3.884943e-11
2953 3.882771e-11
2954 3.880601e-11
2955 3.878433e-11
2956 3.876267e-11
2957 3.874103e-11
2958 3.871941e-11
2959 3.869780e-11
2960 3.867622e-11
2961 3.865465e-11
2962 3.863311e-11
2963 3.861158e-11
2964 3.859007e-11
2965 3.856859e-11
2966 3.854712e-11
2967 3.852567e-11
2968 3.850424e-11
2969 3.848283e-11
2970 3.846144e-11
2971 3.844006e-11
2972 3.841871e-11
2973 3.839737e-11
2974 3.837606e-11
2975 3.835476e-11
2976 3.833348e-11
2977 3.831223e-11
2978 3.829099e-11
2979 3.826976e-11
2980 3.824856e-11
2981 3.822738e-11
2982 3.820622e-11
2983 3.818507e-11
2984 3.816394e-11
2985 3.814283e-11
2986 3.812175e-11
2987 3.810067e-11
2988 3.807962e-11
2989 3.805859e-11
2990 3.803757e-11
2991 3.801658e-11
2992 3.799560e-11
2993 3.797464e-11
2994 3.795370e-11
2995 3.793278e-11
2996 3.791188e-11
2997 3.789099e-11
2998 3.787013e-11
2999 3.784928e-11
3000 3.782845e-11
3001 3.780764e-11
3002 3.778685e-11
3003 3.776607e-11
3004 3.774532e-11
3005 3.772458e-11
3006 3.770386e-11
3007 3.768316e-11
3008 3.766247e-11
3009 3.764181e-11
3010 3.762116e-11
3011 3.760054e-11
3012 3.757993e-11
3013 3.755933e-11
3014 3.753876e-11
3015 3.751820e-11
3016 3.749767e-11
3017 3.747715e-11
3018 3.745665e-11
3019 3.743616e-11
3020 3.741570e-11
3021 3.739525e-11
3022 3.737482e-11
3023 3.735441e-11
3024 3.733401e-11
3025 3.731364e-11
3026 3.729328e-11
3027 3.727294e-11
3028 3.725262e-11
3029 3.723231e-11
3030 3.721202e-11
3031 3.719175e-11
3032 3.717150e-11
3033 3.715127e-11
3034 3.713105e-11
3035 3.711085e-11
3036 3.709067e-11
3037 3.707051e-11
3038 3.705037e-11
3039 3.703024e-11
3040 3.701013e-11
3041 3.699003e-11
3042 3.696996e-11
3043 3.694990e-11
3044 3.692986e-11
3045 3.690984e-11
3046 3.688983e-11
3047 3.686984e-11
3048 3.684987e-11
3049 3.682992e-11
3050 3.680998e-11
3051 3.679006e-11
3052 3.677016e-11
3053 3.675028e-11
3054 3.673041e-11
3055 3.671056e-11
3056 3.669073e-11
3057 3.667091e-11
3058 3.665111e-11
3059 3.663133e-11
3060 3.661157e-11
3061 3.659182e-11
3062 3.657209e-11
3063 3.655238e-11
3064 3.653268e-11
3065 3.651301e-11
3066 3.649334e-11
3067 3.647370e-11
3068 3.645407e-11
3069 3.643446e-11
3070 3.641487e-11
3071 3.639529e-11
3072 3.637573e-11
3073 3.635619e-11
3074 3.633666e-11
3075 3.631715e-11
3076 3.629766e-11
3077 3.627819e-11
3078 3.625873e-11
3079 3.623928e-11
3080 3.621986e-11
3081 3.620045e-11
3082 3.618106e-11
3083 3.616168e-11
3084 3.614232e-11
3085 3.612298e-11
3086 3.610366e-11
3087 3.608435e-11
3088 3.606506e-11
3089 3.604578e-11
3090 3.602652e-11
3091 3.600728e-11
3092 3.598805e-11
3093 3.596884e-11
3094 3.594965e-11
3095 3.593047e-11
3096 3.591131e-11
3097 3.589217e-11
3098 3.587304e-11
3099 3.585393e-11
3100 3.583483e-11
3101 3.581576e-11
3102 3.579669e-11
3103 3.577765e-11
3104 3.575862e-11
3105 3.573961e-11
3106 3.572061e-11
3107 3.570163e-11
3108 3.568262e-11
3109 3.566334e-11
3110 3.564407e-11
3111 3.562482e-11
3112 3.560559e-11
3113 3.558638e-11
3114 3.556718e-11
3115 3.554800e-11
3116 3.552883e-11
3117 3.550968e-11
3118 3.549055e-11
3119 3.547143e-11
3120 3.545233e-11
3121 3.543325e-11
3122 3.541418e-11
3123 3.539513e-11
3124 3.537610e-11
3125 3.535708e-11
3126 3.533808e-11
3127 3.531909e-11
3128 3.530012e-11
3129 3.528117e-11
3130 3.526223e-11
3131 3.524331e-11
3132 3.522441e-11
3133 3.520552e-11
3134 3.518665e-11
3135 3.516779e-11
3136 3.514896e-11
3137 3.513013e-11
3138 3.511132e-11
3139 3.509253e-11
3140 3.507376e-11
3141 3.505500e-11
3142 3.503625e-11
3143 3.501753e-11
3144 3.499882e-11
3145 3.498012e-11
3146 3.496144e-11
3147 3.494278e-11
3148 3.492413e-11
3149 3.490550e-11
3150 3.488688e-11
3151 3.486828e-11
3152 3.484970e-11
3153 3.483113e-11
3154 3.481258e-11
3155 3.479404e-11
3156 3.477552e-11
3157 3.475701e-11
3158 3.473852e-11
3159 3.472005e-11
3160 3.470159e-11
3161 3.468315e-11
3162 3.466472e-11
3163 3.464631e-11
3164 3.462791e-11
3165 3.460953e-11
3166 3.459117e-11
3167 3.457282e-11
3168 3.455448e-11
3169 3.453617e-11
3170 3.451786e-11
3171 3.449958e-11
3172 3.448130e-11
3173 3.446305e-11
3174 3.444481e-11
3175 3.442658e-11
3176 3.440837e-11
3177 3.439017e-11
3178 3.437200e-11
3179 3.435383e-11
3180 3.433568e-11
3181 3.431755e-11
3182 3.429943e-11
3183 3.428133e-11
3184 3.426324e-11
3185 3.424517e-11
3186 3.422711e-11
3187 3.420907e-11
3188 3.419104e-11
3189 3.417303e-11
3190 3.415503e-11
3191 3.413705e-11
3192 3.411908e-11
3193 3.410113e-11
3194 3.408319e-11
3195 3.406527e-11
3196 3.404737e-11
3197 3.402947e-11
3198 3.401160e-11
3199 3.399374e-11
3200 3.397589e-11
3201 3.395806e-11
3202 3.394024e-11
3203 3.392244e-11
3204 3.390465e-11
3205 3.388688e-11
3206 3.386912e-11
3207 3.385138e-11
3208 3.383366e-11
3209 3.381594e-11
3210 3.379824e-11
3211 3.378056e-11
3212 3.376289e-11
3213 3.374524e-11
3214 3.372760e-11
3215 3.370998e-11
3216 3.369237e-11
3217 3.367477e-11
3218 3.365719e-11
3219 3.363963e-11
3220 3.362208e-11
3221 3.360454e-11
3222 3.358702e-11
3223 3.356951e-11
3224 3.355202e-11
3225 3.353454e-11
3226 3.351708e-11
3227 3.349963e-11
3228 3.348219e-11
3229 3.346477e-11
3230 3.344737e-11
3231 3.342998e-11
3232 3.341260e-11
3233 3.339524e-11
3234 3.337789e-11
3235 3.336056e-11
3236 3.334324e-11
3237 3.332593e-11
3238 3.330864e-11
3239 3.329136e-11
3240 3.327410e-11
3241 3.325685e-11
3242 3.323962e-11
3243 3.322240e-11
3244 3.320520e-11
3245 3.318801e-11
3246 3.317083e-11
3247 3.315367e-11
3248 3.313652e-11
3249 3.311938e-11
3250 3.310226e-11
3251 3.308516e-11
3252 3.306807e-11
3253 3.305099e-11
3254 3.303393e-11
3255 3.301688e-11
3256 3.299984e-11
3257 3.298282e-11
3258 3.296581e-11
3259 3.294882e-11
3260 3.293184e-11
3261 3.291487e-11
3262 3.289792e-11
3263 3.288098e-11
3264 3.286406e-11
3265 3.284715e-11
3266 3.283025e-11
3267 3.281337e-11
3268 3.279650e-11
3269 3.277965e-11
3270 3.276281e-11
3271 3.274598e-11
3272 3.272917e-11
3273 3.271237e-11
3274 3.269558e-11
3275 3.267881e-11
3276 3.266205e-11
3277 3.264531e-11
3278 3.262858e-11
3279 3.261186e-11
3280 3.259516e-11
3281 3.257847e-11
3282 3.256179e-11
3283 3.254513e-11
3284 3.252848e-11
3285 3.251184e-11
3286 3.249522e-11
3287 3.247861e-11
3288 3.246202e-11
3289 3.244544e-11
3290 3.242887e-11
3291 3.241232e-11
3292 3.239577e-11
3293 3.237925e-11
3294 3.236273e-11
3295 3.234623e-11
3296 3.232975e-11
3297 3.231327e-11
3298 3.229681e-11
3299 3.228037e-11
3300 3.226393e-11
3301 3.224751e-11
3302 3.223111e-11
3303 3.221471e-11
3304 3.219833e-11
3305 3.218196e-11
3306 3.216561e-11
3307 3.214927e-11
3308 3.213294e-11
3309 3.211663e-11
3310 3.210033e-11
3311 3.208404e-11
3312 3.206777e-11
3313 3.205151e-11
3314 3.203526e-11
3315 3.201902e-11
3316 3.200280e-11
3317 3.198659e-11
3318 3.197040e-11
3319 3.195421e-11
3320 3.193804e-11
3321 3.192189e-11
3322 3.190574e-11
3323 3.188961e-11
3324 3.187350e-11
3325 3.185739e-11
3326 3.184130e-11
3327 3.182522e-11
3328 3.180916e-11
3329 3.179310e-11
3330 3.177707e-11
3331 3.176104e-11
3332 3.174483e-11
3333 3.172855e-11
3334 3.171229e-11
3335 3.169604e-11
3336 3.167981e-11
3337 3.166358e-11
3338 3.164737e-11
3339 3.163118e-11
3340 3.161499e-11
3341 3.159882e-11
3342 3.158266e-11
3343 3.156652e-11
3344 3.155039e-11
3345 3.153427e-11
3346 3.151816e-11
3347 3.150207e-11
3348 3.148599e-11
3349 3.146993e-11
3350 3.145387e-11
3351 3.143783e-11
3352 3.142181e-11
3353 3.140579e-11
3354 3.138979e-11
3355 3.137380e-11
3356 3.135783e-11
3357 3.134186e-11
3358 3.132591e-11
3359 3.130998e-11
3360 3.129405e-11
3361 3.127814e-11
3362 3.126224e-11
3363 3.124636e-11
3364 3.123049e-11
3365 3.121463e-11
3366 3.119878e-11
3367 3.118294e-11
3368 3.116712e-11
3369 3.115131e-11
3370 3.113552e-11
3371 3.111973e-11
3372 3.110396e-11
3373 3.108820e-11
3374 3.107246e-11
3375 3.105672e-11
3376 3.104100e-11
3377 3.102530e-11
3378 3.100960e-11
3379 3.099392e-11
3380 3.097825e-11
3381 3.096259e-11
3382 3.094695e-11
3383 3.093131e-11
3384 3.091569e-11
3385 3.090009e-11
3386 3.088449e-11
3387 3.086891e-11
3388 3.085334e-11
3389 3.083778e-11
3390 3.082224e-11
3391 3.080670e-11
3392 3.079118e-11
3393 3.077568e-11
3394 3.076018e-11
3395 3.074470e-11
3396 3.072923e-11
3397 3.071377e-11
3398 3.069832e-11
3399 3.068289e-11
3400 3.066747e-11
3401 3.065206e-11
3402 3.063666e-11
3403 3.062127e-11
3404 3.060590e-11
3405 3.059054e-11
3406 3.057519e-11
3407 3.055986e-11
3408 3.054453e-11
3409 3.052922e-11
3410 3.051392e-11
3411 3.049864e-11
3412 3.048336e-11
3413 3.046810e-11
3414 3.045285e-11
3415 3.043761e-11
3416 3.042238e-11
3417 3.040717e-11
3418 3.039197e-11
3419 3.037677e-11
3420 3.036160e-11
3421 3.034643e-11
3422 3.033128e-11
3423 3.031613e-11
3424 3.030100e-11
3425 3.028588e-11
3426 3.027078e-11
3427 3.025568e-11
3428 3.024060e-11
3429 3.022553e-11
3430 3.021047e-11
3431 3.019542e-11
3432 3.018039e-11
3433 3.016537e-11
3434 3.015035e-11
3435 3.013536e-11
3436 3.012037e-11
3437 3.010539e-11
3438 3.009043e-11
3439 3.007548e-11
3440 3.006053e-11
3441 3.004561e-11
3442 3.003069e-11
3443 3.001578e-11
3444 3.000089e-11
3445 2.998601e-11
3446 2.997114e-11
3447 2.995628e-11
3448 2.994143e-11
3449 2.992660e-11
3450 2.991177e-11
3451 2.989696e-11
3452 2.988216e-11
3453 2.986737e-11
3454 2.985260e-11
3455 2.983783e-11
3456 2.982308e-11
3457 2.980834e-11
3458 2.979360e-11
3459 2.977889e-11
3460 2.976418e-11
3461 2.974948e-11
3462 2.973480e-11
3463 2.972012e-11
3464 2.970546e-11
3465 2.969081e-11
3466 2.967617e-11
3467 2.966155e-11
3468 2.964693e-11
3469 2.963233e-11
3470 2.961773e-11
3471 2.960315e-11
3472 2.958858e-11
3473 2.957402e-11
3474 2.955947e-11
3475 2.954494e-11
3476 2.953041e-11
3477 2.951590e-11
3478 2.950140e-11
3479 2.948690e-11
3480 2.947243e-11
3481 2.945796e-11
3482 2.944350e-11
3483 2.942905e-11
3484 2.941462e-11
3485 2.940020e-11
3486 2.938578e-11
3487 2.937138e-11
3488 2.935699e-11
3489 2.934261e-11
3490 2.932825e-11
3491 2.931389e-11
3492 2.929954e-11
3493 2.928521e-11
3494 2.927089e-11
3495 2.925657e-11
3496 2.924227e-11
3497 2.922798e-11
3498 2.921370e-11
3499 2.919944e-11
3500 2.918518e-11
3501 2.917093e-11
3502 2.915670e-11
3503 2.914248e-11
3504 2.912826e-11
3505 2.911406e-11
3506 2.909987e-11
3507 2.908569e-11
3508 2.907152e-11
3509 2.905736e-11
3510 2.904322e-11
3511 2.902908e-11
3512 2.901496e-11
3513 2.900084e-11
3514 2.898674e-11
3515 2.897265e-11
3516 2.895857e-11
3517 2.894449e-11
3518 2.893043e-11
3519 2.891639e-11
3520 2.890235e-11
3521 2.888832e-11
3522 2.887430e-11
3523 2.886030e-11
3524 2.884630e-11
3525 2.883232e-11
3526 2.881834e-11
3527 2.880438e-11
3528 2.879043e-11
3529 2.877649e-11
3530 2.876256e-11
3531 2.874864e-11
3532 2.873473e-11
3533 2.872083e-11
3534 2.870694e-11
3535 2.869306e-11
3536 2.867920e-11
3537 2.866534e-11
3538 2.865149e-11
3539 2.863766e-11
3540 2.862383e-11
3541 2.861002e-11
3542 2.859622e-11
3543 2.858242e-11
3544 2.856864e-11
3545 2.855487e-11
3546 2.854111e-11
3547 2.852736e-11
3548 2.851362e-11
3549 2.849989e-11
3550 2.848617e-11
3551 2.847246e-11
3552 2.845876e-11
3553 2.844508e-11
3554 2.843140e-11
3555 2.841773e-11
3556 2.840407e-11
3557 2.839043e-11
3558 2.837679e-11
3559 2.836317e-11
3560 2.834955e-11
3561 2.833595e-11
3562 2.832235e-11
3563 2.830877e-11
3564 2.829520e-11
3565 2.828163e-11
3566 2.826808e-11
3567 2.825454e-11
3568 2.824100e-11
3569 2.822748e-11
3570 2.821397e-11
3571 2.820042e-11
3572 2.818670e-11
3573 2.817299e-11
3574 2.815930e-11
3575 2.814561e-11
3576 2.813193e-11
3577 2.811826e-11
3578 2.810461e-11
3579 2.809096e-11
3580 2.807733e-11
3581 2.806370e-11
3582 2.805009e-11
3583 2.803649e-11
3584 2.802289e-11
3585 2.800931e-11
3586 2.799574e-11
3587 2.798218e-11
3588 2.796862e-11
3589 2.795508e-11
3590 2.794155e-11
3591 2.792803e-11
3592 2.791452e-11
3593 2.790102e-11
3594 2.788753e-11
3595 2.787405e-11
3596 2.786058e-11
3597 2.784712e-11
3598 2.783367e-11
3599 2.782023e-11
3600 2.780680e-11
3601 2.779339e-11
3602 2.777998e-11
3603 2.776658e-11
3604 2.775319e-11
3605 2.773981e-11
3606 2.772645e-11
3607 2.771309e-11
3608 2.769974e-11
3609 2.768640e-11
3610 2.767308e-11
3611 2.765976e-11
3612 2.764645e-11
3613 2.763316e-11
3614 2.761987e-11
3615 2.760659e-11
3616 2.759333e-11
3617 2.758007e-11
3618 2.756683e-11
3619 2.755359e-11
3620 2.754036e-11
3621 2.752715e-11
3622 2.751394e-11
3623 2.750074e-11
3624 2.748756e-11
3625 2.747438e-11
3626 2.746121e-11
3627 2.744806e-11
3628 2.743491e-11
3629 2.742177e-11
3630 2.740865e-11
3631 2.739553e-11
3632 2.738242e-11
3633 2.736933e-11
3634 2.735624e-11
3635 2.734316e-11
3636 2.733009e-11
3637 2.731704e-11
3638 2.730399e-11
3639 2.729095e-11
3640 2.727792e-11
3641 2.726490e-11
3642 2.725189e-11
3643 2.723889e-11
3644 2.722591e-11
3645 2.721293e-11
3646 2.719996e-11
3647 2.718700e-11
3648 2.717405e-11
3649 2.716111e-11
3650 2.714818e-11
3651 2.713525e-11
3652 2.712234e-11
3653 2.710944e-11
3654 2.709655e-11
3655 2.708367e-11
3656 2.707079e-11
3657 2.705793e-11
3658 2.704508e-11
3659 2.703223e-11
3660 2.701940e-11
3661 2.700657e-11
3662 2.699376e-11
3663 2.698095e-11
3664 2.696816e-11
3665 2.695537e-11
3666 2.694259e-11
3667 2.692983e-11
3668 2.691707e-11
3669 2.690432e-11
3670 2.689158e-11
3671 2.687885e-11
3672 2.686613e-11
3673 2.685342e-11
3674 2.684072e-11
3675 2.682803e-11
3676 2.681535e-11
3677 2.680268e-11
3678 2.679001e-11
3679 2.677736e-11
3680 2.676471e-11
3681 2.675208e-11
3682 2.673945e-11
3683 2.672684e-11
3684 2.671423e-11
3685 2.670163e-11
3686 2.668905e-11
3687 2.667647e-11
3688 2.666390e-11
3689 2.665134e-11
3690 2.663879e-11
3691 2.662625e-11
3692 2.661371e-11
3693 2.660119e-11
3694 2.658868e-11
3695 2.657617e-11
3696 2.656368e-11
3697 2.655119e-11
3698 2.653872e-11
3699 2.652625e-11
3700 2.651379e-11
3701 2.650134e-11
3702 2.648890e-11
3703 2.647647e-11
3704 2.646405e-11
3705 2.645164e-11
3706 2.643924e-11
3707 2.642684e-11
3708 2.641446e-11
3709 2.640208e-11
3710 2.638972e-11
3711 2.637736e-11
3712 2.636501e-11
3713 2.635267e-11
3714 2.634034e-11
3715 2.632802e-11
3716 2.631571e-11
3717 2.630341e-11
3718 2.629112e-11
3719 2.627883e-11
3720 2.626656e-11
3721 2.625429e-11
3722 2.624203e-11
3723 2.622978e-11
3724 2.621754e-11
3725 2.620531e-11
3726 2.619309e-11
3727 2.618088e-11
3728 2.616868e-11
3729 2.615648e-11
3730 2.614430e-11
3731 2.613212e-11
3732 2.611995e-11
3733 2.610779e-11
3734 2.609564e-11
3735 2.608350e-11
3736 2.607137e-11
3737 2.605925e-11
3738 2.604713e-11
3739 2.603503e-11
3740 2.602293e-11
3741 2.601085e-11
3742 2.599877e-11
3743 2.598670e-11
3744 2.597464e-11
3745 2.596258e-11
3746 2.595054e-11
3747 2.593850e-11
3748 2.592648e-11
3749 2.591446e-11
3750 2.590245e-11
3751 2.589045e-11
3752 2.587846e-11
3753 2.586648e-11
3754 2.585451e-11
3755 2.584254e-11
3756 2.583059e-11
3757 2.581864e-11
3758 2.580670e-11
3759 2.579477e-11
3760 2.578285e-11
3761 2.577094e-11
3762 2.575903e-11
3763 2.574714e-11
3764 2.573525e-11
3765 2.572337e-11
3766 2.571151e-11
3767 2.569965e-11
3768 2.568779e-11
3769 2.567595e-11
3770 2.566412e-11
3771 2.565229e-11
3772 2.564047e-11
3773 2.562866e-11
3774 2.561686e-11
3775 2.560507e-11
3776 2.559329e-11
3777 2.558151e-11
3778 2.556975e-11
3779 2.555799e-11
3780 2.554624e-11
3781 2.553450e-11
3782 2.552277e-11
3783 2.551104e-11
3784 2.549933e-11
3785 2.548762e-11
3786 2.547592e-11
3787 2.546423e-11
3788 2.545255e-11
3789 2.544088e-11
3790 2.542921e-11
3791 2.541756e-11
3792 2.540591e-11
3793 2.539427e-11
3794 2.538264e-11
3795 2.537102e-11
3796 2.535940e-11
3797 2.534780e-11
3798 2.533620e-11
3799 2.532461e-11
3800 2.531303e-11
3801 2.530146e-11
3802 2.528989e-11
3803 2.527834e-11
3804 2.526679e-11
3805 2.525525e-11
3806 2.524372e-11
3807 2.523220e-11
3808 2.522068e-11
3809 2.520918e-11
3810 2.519768e-11
3811 2.518619e-11
3812 2.517471e-11
3813 2.516324e-11
3814 2.515177e-11
3815 2.514032e-11
3816 2.512887e-11
3817 2.511743e-11
3818 2.510600e-11
3819 2.509457e-11
3820 2.508316e-11
3821 2.507175e-11
3822 2.506035e-11
3823 2.504896e-11
3824 2.503758e-11
3825 2.502620e-11
3826 2.501484e-11
3827 2.500348e-11
3828 2.499204e-11
3829 2.498051e-11
3830 2.496899e-11
3831 2.495748e-11
3832 2.494598e-11
3833 2.493448e-11
3834 2.492300e-11
3835 2.491152e-11
3836 2.490005e-11
3837 2.488859e-11
3838 2.487714e-11
3839 2.486570e-11
3840 2.485426e-11
3841 2.484283e-11
3842 2.483142e-11
3843 2.482000e-11
3844 2.480860e-11
3845 2.479721e-11
3846 2.478582e-11
3847 2.477444e-11
3848 2.476307e-11
3849 2.475171e-11
3850 2.474036e-11
3851 2.472901e-11
3852 2.471767e-11
3853 2.470634e-11
3854 2.469502e-11
3855 2.468371e-11
3856 2.467241e-11
3857 2.466111e-11
3858 2.464982e-11
3859 2.463854e-11
3860 2.462727e-11
3861 2.461600e-11
3862 2.460475e-11
3863 2.459350e-11
3864 2.458226e-11
3865 2.457103e-11
3866 2.455980e-11
3867 2.454859e-11
3868 2.453738e-11
3869 2.452618e-11
3870 2.451499e-11
3871 2.450380e-11
3872 2.449263e-11
3873 2.448146e-11
3874 2.447030e-11
3875 2.445914e-11
3876 2.444800e-11
3877 2.443686e-11
3878 2.442574e-11
3879 2.441462e-11
3880 2.440350e-11
3881 2.439240e-11
3882 2.438130e-11
3883 2.437021e-11
3884 2.435913e-11
3885 2.434806e-11
3886 2.433699e-11
3887 2.432594e-11
3888 2.431489e-11
3889 2.430385e-11
3890 2.429281e-11
3891 2.428179e-11
3892 2.427077e-11
3893 2.425976e-11
3894 2.424876e-11
3895 2.423776e-11
3896 2.422678e-11
3897 2.421580e-11
3898 2.420483e-11
3899 2.419386e-11
3900 2.418291e-11
3901 2.417196e-11
3902 2.416102e-11
3903 2.415009e-11
3904 2.413916e-11
3905 2.412825e-11
3906 2.411734e-11
3907 2.410643e-11
3908 2.409554e-11
3909 2.408466e-11
3910 2.407378e-11
3911 2.406291e-11
3912 2.405204e-11
3913 2.404119e-11
3914 2.403034e-11
3915 2.401950e-11
3916 2.400867e-11
3917 2.399784e-11
3918 2.398703e-11
3919 2.397622e-11
3920 2.396542e-11
3921 2.395462e-11
3922 2.394384e-11
3923 2.393306e-11
3924 2.392229e-11
3925 2.391152e-11
3926 2.390077e-11
3927 2.389002e-11
3928 2.387928e-11
3929 2.386854e-11
3930 2.385782e-11
3931 2.384710e-11
3932 2.383639e-11
3933 2.382569e-11
3934 2.381499e-11
3935 2.380430e-11
3936 2.379362e-11
3937 2.378295e-11
3938 2.377228e-11
3939 2.376163e-11
3940 2.375098e-11
3941 2.374033e-11
3942 2.372970e-11
3943 2.371907e-11
3944 2.370845e-11
3945 2.369784e-11
3946 2.368723e-11
3947 2.367663e-11
3948 2.366604e-11
3949 2.365546e-11
3950 2.364488e-11
3951 2.363431e-11
3952 2.362375e-11
3953 2.361320e-11
3954 2.360265e-11
3955 2.359211e-11
3956 2.358158e-11
3957 2.357105e-11
3958 2.356054e-11
3959 2.355003e-11
3960 2.353952e-11
3961 2.352903e-11
3962 2.351854e-11
3963 2.350806e-11
3964 2.349759e-11
3965 2.348712e-11
3966 2.347666e-11
3967 2.346621e-11
3968 2.345577e-11
3969 2.344533e-11
3970 2.343490e-11
3971 2.342448e-11
3972 2.341407e-11
3973 2.340366e-11
3974 2.339326e-11
3975 2.338286e-11
3976 2.337248e-11
3977 2.336210e-11
3978 2.335173e-11
3979 2.334136e-11
3980 2.333101e-11
3981 2.332066e-11
3982 2.331031e-11
3983 2.329998e-11
3984 2.328965e-11
3985 2.327933e-11
3986 2.326902e-11
3987 2.325871e-11
3988 2.324841e-11
3989 2.323812e-11
3990 2.322783e-11
3991 2.321755e-11
3992 2.320728e-11
3993 2.319702e-11
3994 2.318676e-11
3995 2.317651e-11
3996 2.316627e-11
3997 2.315603e-11
3998 2.314580e-11
3999 2.313558e-11
4000 2.312537e-11
4001 2.311516e-11
4002 2.310496e-11
4003 2.309477e-11
4004 2.308458e-11
4005 2.307440e-11
4006 2.306423e-11
4007 2.305406e-11
4008 2.304391e-11
4009 2.303376e-11
4010 2.302361e-11
4011 2.301347e-11
4012 2.300334e-11
4013 2.299322e-11
4014 2.298310e-11
4015 2.297300e-11
4016 2.296289e-11
4017 2.295280e-11
4018 2.294271e-11
4019 2.293263e-11
4020 2.292255e-11
4021 2.291249e-11
4022 2.290243e-11
4023 2.289237e-11
4024 2.288232e-11
4025 2.287228e-11
4026 2.286225e-11
4027 2.285223e-11
4028 2.284221e-11
4029 2.283219e-11
4030 2.282219e-11
4031 2.281219e-11
4032 2.280220e-11
4033 2.279221e-11
4034 2.278224e-11
4035 2.277226e-11
4036 2.276230e-11
4037 2.275234e-11
4038 2.274239e-11
4039 2.273245e-11
4040 2.272251e-11
4041 2.271258e-11
4042 2.270266e-11
4043 2.269274e-11
4044 2.268283e-11
4045 2.267293e-11
4046 2.266303e-11
4047 2.265314e-11
4048 2.264326e-11
4049 2.263338e-11
4050 2.262351e-11
4051 2.261365e-11
4052 2.260379e-11
4053 2.259395e-11
4054 2.258410e-11
4055 2.257427e-11
4056 2.256444e-11
4057 2.255462e-11
4058 2.254480e-11
4059 2.253499e-11
4060 2.252519e-11
4061 2.251539e-11
4062 2.250560e-11
4063 2.249582e-11
4064 2.248605e-11
4065 2.247628e-11
4066 2.246652e-11
4067 2.245676e-11
4068 2.244701e-11
4069 2.243727e-11
4070 2.242753e-11
4071 2.241780e-11
4072 2.240808e-11
4073 2.239837e-11
4074 2.238866e-11
4075 2.237895e-11
4076 2.236926e-11
4077 2.235957e-11
4078 2.234988e-11
4079 2.234021e-11
4080 2.233054e-11
4081 2.232087e-11
4082 2.231122e-11
4083 2.230157e-11
4084 2.229192e-11
4085 2.228229e-11
4086 2.227266e-11
4087 2.226303e-11
4088 2.225341e-11
4089 2.224380e-11
4090 2.223420e-11
4091 2.222460e-11
4092 2.221501e-11
4093 2.220542e-11
4094 2.219585e-11
4095 2.218627e-11
4096 2.217671e-11
4097 2.216715e-11
4098 2.215759e-11
4099 2.214805e-11
4100 2.213851e-11
4101 2.212898e-11
4102 2.211945e-11
4103 2.210988e-11
4104 2.210021e-11
4105 2.209055e-11
4106 2.208090e-11
4107 2.207126e-11
4108 2.206162e-11
4109 2.205199e-11
4110 2.204237e-11
4111 2.203275e-11
4112 2.202314e-11
4113 2.201353e-11
4114 2.200393e-11
4115 2.199434e-11
4116 2.198475e-11
4117 2.197517e-11
4118 2.196560e-11
4119 2.195604e-11
4120 2.194648e-11
4121 2.193692e-11
4122 2.192738e-11
4123 2.191784e-11
4124 2.190830e-11
4125 2.189878e-11
4126 2.188925e-11
4127 2.187974e-11
4128 2.187023e-11
4129 2.186073e-11
4130 2.185124e-11
4131 2.184175e-11
4132 2.183226e-11
4133 2.182279e-11
4134 2.181332e-11
4135 2.180386e-11
4136 2.179440e-11
4137 2.178495e-11
4138 2.177551e-11
4139 2.176607e-11
4140 2.175664e-11
4141 2.174721e-11
4142 2.173779e-11
4143 2.172838e-11
4144 2.171898e-11
4145 2.170958e-11
4146 2.170018e-11
4147 2.169080e-11
4148 2.168142e-11
4149 2.167204e-11
4150 2.166268e-11
4151 2.165331e-11
4152 2.164396e-11
4153 2.163461e-11
4154 2.162527e-11
4155 2.161593e-11
4156 2.160660e-11
4157 2.159728e-11
4158 2.158796e-11
4159 2.157865e-11
4160 2.156934e-11
4161 2.156004e-11
4162 2.155075e-11
4163 2.154147e-11
4164 2.153219e-11
4165 2.152291e-11
4166 2.151364e-11
4167 2.150438e-11
4168 2.149513e-11
4169 2.148588e-11
4170 2.147664e-11
4171 2.146740e-11
4172 2.145817e-11
4173 2.144895e-11
4174 2.143973e-11
4175 2.143052e-11
4176 2.142131e-11
4177 2.141211e-11
4178 2.140292e-11
4179 2.139373e-11
4180 2.138455e-11
4181 2.137537e-11
4182 2.136620e-11
4183 2.135704e-11
4184 2.134789e-11
4185 2.133873e-11
4186 2.132959e-11
4187 2.132045e-11
4188 2.131132e-11
4189 2.130219e-11
4190 2.129307e-11
4191 2.128396e-11
4192 2.127485e-11
4193 2.126575e-11
4194 2.125665e-11
4195 2.124757e-11
4196 2.123848e-11
4197 2.122940e-11
4198 2.122033e-11
4199 2.121127e-11
4200 2.120221e-11
4201 2.119315e-11
4202 2.118411e-11
4203 2.117507e-11
4204 2.116603e-11
4205 2.115700e-11
4206 2.114798e-11
4207 2.113896e-11
4208 2.112995e-11
4209 2.112094e-11
4210 2.111194e-11
4211 2.110295e-11
4212 2.109396e-11
4213 2.108498e-11
4214 2.107601e-11
4215 2.106704e-11
4216 2.105807e-11
4217 2.104911e-11
4218 2.104016e-11
4219 2.103122e-11
4220 2.102228e-11
4221 2.101334e-11
4222 2.100441e-11
4223 2.099549e-11
4224 2.098658e-11
4225 2.097767e-11
4226 2.096876e-11
4227 2.095986e-11
4228 2.095097e-11
4229 2.094208e-11
4230 2.093320e-11
4231 2.092433e-11
4232 2.091546e-11
4233 2.090659e-11
4234 2.089774e-11
4235 2.088888e-11
4236 2.088004e-11
4237 2.087120e-11
4238 2.086236e-11
4239 2.085354e-11
4240 2.084471e-11
4241 2.083590e-11
4242 2.082708e-11
4243 2.081828e-11
4244 2.080948e-11
4245 2.080069e-11
4246 2.079190e-11
4247 2.078312e-11
4248 2.077434e-11
4249 2.076557e-11
4250 2.075681e-11
4251 2.074805e-11
4252 2.073929e-11
4253 2.073055e-11
4254 2.072180e-11
4255 2.071307e-11
4256 2.070434e-11
4257 2.069561e-11
4258 2.068689e-11
4259 2.067818e-11
4260 2.066947e-11
4261 2.066077e-11
4262 2.065208e-11
4263 2.064339e-11
4264 2.063470e-11
4265 2.062602e-11
4266 2.061735e-11
4267 2.060868e-11
4268 2.060002e-11
4269 2.059136e-11
4270 2.058271e-11
4271 2.057407e-11
4272 2.056543e-11
4273 2.055680e-11
4274 2.054817e-11
4275 2.053954e-11
4276 2.053093e-11
4277 2.052232e-11
4278 2.051371e-11
4279 2.050511e-11
4280 2.049652e-11
4281 2.048793e-11
4282 2.047935e-11
4283 2.047077e-11
4284 2.046220e-11
4285 2.045363e-11
4286 2.044507e-11
4287 2.043652e-11
4288 2.042797e-11
4289 2.041942e-11
4290 2.041088e-11
4291 2.040235e-11
4292 2.039382e-11
4293 2.038530e-11
4294 2.037679e-11
4295 2.036828e-11
4296 2.035977e-11
4297 2.035127e-11
4298 2.034278e-11
4299 2.033429e-11
4300 2.032581e-11
4301 2.031733e-11
4302 2.030886e-11
4303 2.030039e-11
4304 2.029193e-11
4305 2.028347e-11
4306 2.027502e-11
4307 2.026658e-11
4308 2.025814e-11
4309 2.024971e-11
4310 2.024128e-11
4311 2.023286e-11
4312 2.022444e-11
4313 2.021603e-11
4314 2.020762e-11
4315 2.019922e-11
4316 2.019083e-11
4317 2.018244e-11
4318 2.017405e-11
4319 2.016567e-11
4320 2.015730e-11
4321 2.014893e-11
4322 2.014057e-11
4323 2.013221e-11
4324 2.012386e-11
4325 2.011551e-11
4326 2.010717e-11
4327 2.009883e-11
4328 2.009050e-11
4329 2.008218e-11
4330 2.007386e-11
4331 2.006554e-11
4332 2.005724e-11
4333 2.004893e-11
4334 2.004063e-11
4335 2.003234e-11
4336 2.002405e-11
4337 2.001577e-11
4338 2.000749e-11
4339 1.999922e-11
4340 1.999096e-11
4341 1.998270e-11
4342 1.997444e-11
4343 1.996619e-11
4344 1.995794e-11
4345 1.994970e-11
4346 1.994147e-11
4347 1.993324e-11
4348 1.992502e-11
4349 1.991680e-11
4350 1.990859e-11
4351 1.990038e-11
4352 1.989217e-11
4353 1.988398e-11
4354 1.987578e-11
4355 1.986760e-11
4356 1.985942e-11
4357 1.985124e-11
4358 1.984307e-11
4359 1.983490e-11
4360 1.982674e-11
4361 1.981859e-11
4362 1.981044e-11
4363 1.980229e-11
4364 1.979415e-11
4365 1.978602e-11
4366 1.977789e-11
4367 1.976976e-11
4368 1.976164e-11
4369 1.975353e-11
4370 1.974542e-11
4371 1.973732e-11
4372 1.972922e-11
4373 1.972113e-11
4374 1.971304e-11
4375 1.970496e-11
4376 1.969688e-11
4377 1.968881e-11
4378 1.968074e-11
4379 1.967268e-11
4380 1.966462e-11
4381 1.965657e-11
4382 1.964852e-11
4383 1.964048e-11
4384 1.963244e-11
4385 1.962441e-11
4386 1.961638e-11
4387 1.960836e-11
4388 1.960035e-11
4389 1.959234e-11
4390 1.958433e-11
4391 1.957633e-11
4392 1.956833e-11
4393 1.956034e-11
4394 1.955236e-11
4395 1.954438e-11
4396 1.953640e-11
4397 1.952843e-11
4398 1.952042e-11
4399 1.951234e-11
4400 1.950426e-11
4401 1.949619e-11
4402 1.948812e-11
4403 1.948006e-11
4404 1.947200e-11
4405 1.946395e-11
4406 1.945591e-11
4407 1.944787e-11
4408 1.943983e-11
4409 1.943180e-11
4410 1.942378e-11
4411 1.941576e-11
4412 1.940774e-11
4413 1.939973e-11
4414 1.939173e-11
4415 1.938373e-11
4416 1.937573e-11
4417 1.936774e-11
4418 1.935976e-11
4419 1.935178e-11
4420 1.934381e-11
4421 1.933584e-11
4422 1.932788e-11
4423 1.931992e-11
4424 1.931196e-11
4425 1.930401e-11
4426 1.929607e-11
4427 1.928813e-11
4428 1.928020e-11
4429 1.927227e-11
4430 1.926435e-11
4431 1.925643e-11
4432 1.924852e-11
4433 1.924061e-11
4434 1.923270e-11
4435 1.922481e-11
4436 1.921691e-11
4437 1.920903e-11
4438 1.920114e-11
4439 1.919326e-11
4440 1.918539e-11
4441 1.917752e-11
4442 1.916966e-11
4443 1.916180e-11
4444 1.915395e-11
4445 1.914610e-11
4446 1.913826e-11
4447 1.913042e-11
4448 1.912259e-11
4449 1.911476e-11
4450 1.910694e-11
4451 1.909912e-11
4452 1.909130e-11
4453 1.908350e-11
4454 1.907569e-11
4455 1.906789e-11
4456 1.906010e-11
4457 1.905231e-11
4458 1.904453e-11
4459 1.903675e-11
4460 1.902898e-11
4461 1.902121e-11
4462 1.901344e-11
4463 1.900568e-11
4464 1.899793e-11
4465 1.899018e-11
4466 1.898244e-11
4467 1.897470e-11
4468 1.896696e-11
4469 1.895923e-11
4470 1.895151e-11
4471 1.894379e-11
4472 1.893607e-11
4473 1.892836e-11
4474 1.892066e-11
4475 1.891296e-11
4476 1.890526e-11
4477 1.889757e-11
4478 1.888988e-11
4479 1.888220e-11
4480 1.887453e-11
4481 1.886685e-11
4482 1.885919e-11
4483 1.885153e-11
4484 1.884387e-11
4485 1.883622e-11
4486 1.882857e-11
4487 1.882093e-11
4488 1.881329e-11
4489 1.880566e-11
4490 1.879803e-11
4491 1.879040e-11
4492 1.878279e-11
4493 1.877517e-11
4494 1.876756e-11
4495 1.875996e-11
4496 1.875236e-11
4497 1.874476e-11
4498 1.873718e-11
4499 1.872959e-11
4500 1.872201e-11
4501 1.871443e-11
4502 1.870686e-11
4503 1.869930e-11
4504 1.869174e-11
4505 1.868418e-11
4506 1.867663e-11
4507 1.866908e-11
4508 1.866154e-11
4509 1.865400e-11
4510 1.864647e-11
4511 1.863894e-11
4512 1.863141e-11
4513 1.862390e-11
4514 1.861638e-11
4515 1.860887e-11
4516 1.860137e-11
4517 1.859387e-11
4518 1.858637e-11
4519 1.857888e-11
4520 1.857139e-11
4521 1.856391e-11
4522 1.855644e-11
4523 1.854896e-11
4524 1.854150e-11
4525 1.853403e-11
4526 1.852657e-11
4527 1.851912e-11
4528 1.851167e-11
4529 1.850423e-11
4530 1.849679e-11
4531 1.848935e-11
4532 1.848192e-11
4533 1.847450e-11
4534 1.846708e-11
4535 1.845966e-11
4536 1.845225e-11
4537 1.844484e-11
4538 1.843744e-11
4539 1.843004e-11
4540 1.842265e-11
4541 1.841526e-11
4542 1.840787e-11
4543 1.840049e-11
4544 1.839312e-11
4545 1.838575e-11
4546 1.837838e-11
4547 1.837102e-11
4548 1.836366e-11
4549 1.835631e-11
4550 1.834896e-11
4551 1.834162e-11
4552 1.833428e-11
4553 1.832695e-11
4554 1.831962e-11
4555 1.831229e-11
4556 1.830497e-11
4557 1.829766e-11
4558 1.829035e-11
4559 1.828304e-11
4560 1.827574e-11
4561 1.826844e-11
4562 1.826115e-11
4563 1.825386e-11
4564 1.824657e-11
4565 1.823929e-11
4566 1.823202e-11
4567 1.822475e-11
4568 1.821748e-11
4569 1.821022e-11
4570 1.820296e-11
4571 1.819571e-11
4572 1.818846e-11
4573 1.818122e-11
4574 1.817398e-11
4575 1.816674e-11
4576 1.815951e-11
4577 1.815229e-11
4578 1.814506e-11
4579 1.813785e-11
4580 1.813063e-11
4581 1.812343e-11
4582 1.811622e-11
4583 1.810902e-11
4584 1.810183e-11
4585 1.809464e-11
4586 1.808745e-11
4587 1.808027e-11
4588 1.807309e-11
4589 1.806592e-11
4590 1.805875e-11
4591 1.805159e-11
4592 1.804443e-11
4593 1.803727e-11
4594 1.803012e-11
4595 1.802298e-11
4596 1.801583e-11
4597 1.800870e-11
4598 1.800156e-11
4599 1.799443e-11
4600 1.798731e-11
4601 1.798019e-11
4602 1.797307e-11
4603 1.796596e-11
4604 1.795885e-11
4605 1.795175e-11
4606 1.794465e-11
4607 1.793756e-11
4608 1.793047e-11
4609 1.792338e-11
4610 1.791630e-11
4611 1.790923e-11
4612 1.790215e-11
4613 1.789509e-11
4614 1.788802e-11
4615 1.788096e-11
4616 1.787391e-11
4617 1.786686e-11
4618 1.785981e-11
4619 1.785277e-11
4620 1.784573e-11
4621 1.783870e-11
4622 1.783167e-11
4623 1.782464e-11
4624 1.781762e-11
4625 1.781061e-11
4626 1.780359e-11
4627 1.779659e-11
4628 1.778958e-11
4629 1.778258e-11
4630 1.777559e-11
4631 1.776860e-11
4632 1.776161e-11
4633 1.775463e-11
4634 1.774765e-11
4635 1.774068e-11
4636 1.773371e-11
4637 1.772674e-11
4638 1.771978e-11
4639 1.771282e-11
4640 1.770587e-11
4641 1.769892e-11
4642 1.769198e-11
4643 1.768504e-11
4644 1.767810e-11
4645 1.767117e-11
4646 1.766424e-11
4647 1.765732e-11
4648 1.765040e-11
4649 1.764349e-11
4650 1.763658e-11
4651 1.762967e-11
4652 1.762277e-11
4653 1.761587e-11
4654 1.760898e-11
4655 1.760209e-11
4656 1.759520e-11
4657 1.758832e-11
4658 1.758144e-11
4659 1.757457e-11
4660 1.756770e-11
4661 1.756084e-11
4662 1.755398e-11
4663 1.754712e-11
4664 1.754027e-11
4665 1.753342e-11
4666 1.752658e-11
4667 1.751974e-11
4668 1.751290e-11
4669 1.750607e-11
4670 1.749924e-11
4671 1.749242e-11
4672 1.748560e-11
4673 1.747878e-11
4674 1.747197e-11
4675 1.746517e-11
4676 1.745836e-11
4677 1.745157e-11
4678 1.744477e-11
4679 1.743798e-11
4680 1.743119e-11
4681 1.742441e-11
4682 1.741763e-11
4683 1.741086e-11
4684 1.740409e-11
4685 1.739733e-11
4686 1.739056e-11
4687 1.738381e-11
4688 1.737705e-11
4689 1.737030e-11
4690 1.736356e-11
4691 1.735682e-11
4692 1.735008e-11
4693 1.734334e-11
4694 1.733662e-11
4695 1.732989e-11
4696 1.732317e-11
4697 1.731645e-11
4698 1.730974e-11
4699 1.730303e-11
4700 1.729632e-11
4701 1.728962e-11
4702 1.728293e-11
4703 1.727623e-11
4704 1.726954e-11
4705 1.726286e-11
4706 1.725618e-11
4707 1.724950e-11
4708 1.724283e-11
4709 1.723616e-11
4710 1.722950e-11
4711 1.722283e-11
4712 1.721618e-11
4713 1.720952e-11
4714 1.720285e-11
4715 1.719611e-11
4716 1.718937e-11
4717 1.718263e-11
4718 1.717590e-11
4719 1.716918e-11
4720 1.716245e-11
4721 1.715574e-11
4722 1.714902e-11
4723 1.714231e-11
4724 1.713560e-11
4725 1.712890e-11
4726 1.712220e-11
4727 1.711551e-11
4728 1.710882e-11
4729 1.710213e-11
4730 1.709545e-11
4731 1.708877e-11
4732 1.708210e-11
4733 1.707543e-11
4734 1.706876e-11
4735 1.706210e-11
4736 1.705544e-11
4737 1.704879e-11
4738 1.704214e-11
4739 1.703549e-11
4740 1.702885e-11
4741 1.702221e-11
4742 1.701558e-11
4743 1.700895e-11
4744 1.700232e-11
4745 1.699570e-11
4746 1.698908e-11
4747 1.698247e-11
4748 1.697586e-11
4749 1.696925e-11
4750 1.696265e-11
4751 1.695605e-11
4752 1.694945e-11
4753 1.694286e-11
4754 1.693628e-11
4755 1.692970e-11
4756 1.692312e-11
4757 1.691654e-11
4758 1.690997e-11
4759 1.690340e-11
4760 1.689684e-11
4761 1.689028e-11
4762 1.688373e-11
4763 1.687718e-11
4764 1.687063e-11
4765 1.686409e-11
4766 1.685755e-11
4767 1.685101e-11
4768 1.684448e-11
4769 1.683795e-11
4770 1.683143e-11
4771 1.682491e-11
4772 1.681839e-11
4773 1.681188e-11
4774 1.680537e-11
4775 1.679887e-11
4776 1.679237e-11
4777 1.678587e-11
4778 1.677938e-11
4779 1.677289e-11
4780 1.676640e-11
4781 1.675992e-11
4782 1.675344e-11
4783 1.674697e-11
4784 1.674050e-11
4785 1.673404e-11
4786 1.672757e-11
4787 1.672112e-11
4788 1.671466e-11
4789 1.670821e-11
4790 1.670176e-11
4791 1.669532e-11
4792 1.668888e-11
4793 1.668245e-11
4794 1.667602e-11
4795 1.666959e-11
4796 1.666317e-11
4797 1.665675e-11
4798 1.665033e-11
4799 1.664392e-11
4800 1.663751e-11
4801 1.663111e-11
4802 1.662470e-11
4803 1.661831e-11
4804 1.661191e-11
4805 1.660553e-11
4806 1.659914e-11
4807 1.659276e-11
4808 1.658638e-11
4809 1.658001e-11
4810 1.657364e-11
4811 1.656727e-11
4812 1.656091e-11
4813 1.655455e-11
4814 1.654819e-11
4815 1.654184e-11
4816 1.653549e-11
4817 1.652915e-11
4818 1.652281e-11
4819 1.651647e-11
4820 1.651014e-11
4821 1.650381e-11
4822 1.649748e-11
4823 1.649116e-11
4824 1.648484e-11
4825 1.647853e-11
4826 1.647222e-11
4827 1.646591e-11
4828 1.645961e-11
4829 1.645331e-11
4830 1.644701e-11
4831 1.644072e-11
4832 1.643443e-11
4833 1.642815e-11
4834 1.642187e-11
4835 1.641559e-11
4836 1.640932e-11
4837 1.640305e-11
4838 1.639678e-11
4839 1.639052e-11
4840 1.638426e-11
4841 1.637801e-11
4842 1.637176e-11
4843 1.636551e-11
4844 1.635926e-11
4845 1.635302e-11
4846 1.634679e-11
4847 1.634055e-11
4848 1.633433e-11
4849 1.632810e-11
4850 1.632188e-11
4851 1.631566e-11
4852 1.630945e-11
4853 1.630323e-11
4854 1.629703e-11
4855 1.629082e-11
4856 1.628462e-11
4857 1.627843e-11
4858 1.627223e-11
4859 1.626604e-11
4860 1.625986e-11
4861 1.625368e-11
4862 1.624750e-11
4863 1.624132e-11
4864 1.623515e-11
4865 1.622899e-11
4866 1.622282e-11
4867 1.621666e-11
4868 1.621051e-11
4869 1.620435e-11
4870 1.619820e-11
4871 1.619206e-11
4872 1.618591e-11
4873 1.617978e-11
4874 1.617364e-11
4875 1.616751e-11
4876 1.616138e-11
4877 1.615526e-11
4878 1.614914e-11
4879 1.614302e-11
4880 1.613691e-11
4881 1.613080e-11
4882 1.612469e-11
4883 1.611859e-11
4884 1.611249e-11
4885 1.610639e-11
4886 1.610030e-11
4887 1.609421e-11
4888 1.608813e-11
4889 1.608204e-11
4890 1.607597e-11
4891 1.606989e-11
4892 1.606382e-11
4893 1.605775e-11
4894 1.605169e-11
4895 1.604563e-11
4896 1.603957e-11
4897 1.603352e-11
4898 1.602747e-11
4899 1.602142e-11
4900 1.601538e-11
4901 1.600934e-11
4902 1.600330e-11
4903 1.599727e-11
4904 1.599124e-11
4905 1.598522e-11
4906 1.597920e-11
4907 1.597318e-11
4908 1.596716e-11
4909 1.596115e-11
4910 1.595514e-11
4911 1.594914e-11
4912 1.594314e-11
4913 1.593714e-11
4914 1.593115e-11
4915 1.592516e-11
4916 1.591917e-11
4917 1.591319e-11
4918 1.590721e-11
4919 1.590123e-11
4920 1.589526e-11
4921 1.588929e-11
4922 1.588332e-11
4923 1.587736e-11
4924 1.587140e-11
4925 1.586544e-11
4926 1.585949e-11
4927 1.585354e-11
4928 1.584760e-11
4929 1.584166e-11
4930 1.583572e-11
4931 1.582978e-11
4932 1.582385e-11
4933 1.581792e-11
4934 1.581200e-11
4935 1.580608e-11
4936 1.580016e-11
4937 1.579424e-11
4938 1.578833e-11
4939 1.578242e-11
4940 1.577652e-11
4941 1.577062e-11
4942 1.576472e-11
4943 1.575883e-11
4944 1.575294e-11
4945 1.574705e-11
4946 1.574116e-11
4947 1.573528e-11
4948 1.572941e-11
4949 1.572353e-11
4950 1.571766e-11
4951 1.571179e-11
4952 1.570593e-11
4953 1.570007e-11
4954 1.569421e-11
4955 1.568836e-11
4956 1.568251e-11
4957 1.567666e-11
4958 1.567082e-11
4959 1.566498e-11
4960 1.565914e-11
4961 1.565331e-11
4962 1.564748e-11
4963 1.564165e-11
4964 1.563583e-11
4965 1.563001e-11
4966 1.562419e-11
4967 1.561838e-11
4968 1.561257e-11
4969 1.560676e-11
4970 1.560096e-11
4971 1.559516e-11
4972 1.558936e-11
4973 1.558357e-11
4974 1.557778e-11
4975 1.557199e-11
4976 1.556621e-11
4977 1.556043e-11
4978 1.555465e-11
4979 1.554888e-11
4980 1.554310e-11
4981 1.553734e-11
4982 1.553157e-11
4983 1.552581e-11
4984 1.552006e-11
4985 1.551430e-11
4986 1.550855e-11
4987 1.550280e-11
4988 1.549706e-11
4989 1.549132e-11
4990 1.548558e-11
4991 1.547985e-11
4992 1.547412e-11
4993 1.546839e-11
4994 1.546267e-11
4995 1.545694e-11
4996 1.545123e-11
4997 1.544551e-11
4998 1.543980e-11
4999 1.543409e-11
5000 1.542839e-11
5001 1.542269e-11
5002 1.541699e-11
5003 1.541129e-11
5004 1.540560e-11
5005 1.539991e-11
5006 1.539423e-11
5007 1.538854e-11
5008 1.538287e-11
5009 1.537719e-11
5010 1.537152e-11
5011 1.536585e-11
5012 1.536018e-11
5013 1.535452e-11
5014 1.534886e-11
5015 1.534320e-11
5016 1.533755e-11
5017 1.533190e-11
5018 1.532625e-11
5019 1.532061e-11
5020 1.531497e-11
5021 1.530933e-11
5022 1.530370e-11
5023 1.529807e-11
5024 1.529244e-11
5025 1.528682e-11
5026 1.528119e-11
5027 1.527558e-11
5028 1.526996e-11
5029 1.526435e-11
5030 1.525874e-11
5031 1.525314e-11
5032 1.524753e-11
5033 1.524194e-11
5034 1.523634e-11
5035 1.523075e-11
5036 1.522516e-11
5037 1.521957e-11
5038 1.521399e-11
5039 1.520841e-11
5040 1.520283e-11
5041 1.519726e-11
5042 1.519169e-11
5043 1.518612e-11
5044 1.518056e-11
5045 1.517500e-11
5046 1.516944e-11
5047 1.516388e-11
5048 1.515833e-11
5049 1.515278e-11
5050 1.514724e-11
5051 1.514169e-11
5052 1.513616e-11
5053 1.513059e-11
5054 1.512498e-11
5055 1.511937e-11
5056 1.511376e-11
5057 1.510816e-11
5058 1.510256e-11
5059 1.509697e-11
5060 1.509138e-11
5061 1.508579e-11
5062 1.508020e-11
5063 1.507462e-11
5064 1.506904e-11
5065 1.506346e-11
5066 1.505789e-11
5067 1.505232e-11
5068 1.504675e-11
5069 1.504119e-11
5070 1.503563e-11
5071 1.503007e-11
5072 1.502451e-11
5073 1.501896e-11
5074 1.501341e-11
5075 1.500787e-11
5076 1.500233e-11
5077 1.499679e-11
5078 1.499125e-11
5079 1.498572e-11
5080 1.498019e-11
5081 1.497466e-11
5082 1.496914e-11
5083 1.496362e-11
5084 1.495810e-11
5085 1.495259e-11
5086 1.494708e-11
5087 1.494157e-11
5088 1.493607e-11
5089 1.493057e-11
5090 1.492507e-11
5091 1.491957e-11
5092 1.491408e-11
5093 1.490859e-11
5094 1.490311e-11
5095 1.489762e-11
5096 1.489214e-11
5097 1.488667e-11
5098 1.488119e-11
5099 1.487572e-11
5100 1.487025e-11
5101 1.486479e-11
5102 1.485933e-11
5103 1.485387e-11
5104 1.484842e-11
5105 1.484296e-11
5106 1.483752e-11
5107 1.483207e-11
5108 1.482663e-11
5109 1.482119e-11
5110 1.481575e-11
5111 1.481032e-11
5112 1.480489e-11
5113 1.479946e-11
5114 1.479403e-11
5115 1.478861e-11
5116 1.478320e-11
5117 1.477778e-11
5118 1.477237e-11
5119 1.476696e-11
5120 1.476155e-11
5121 1.475615e-11
5122 1.475075e-11
5123 1.474535e-11
5124 1.473996e-11
5125 1.473457e-11
5126 1.472918e-11
5127 1.472379e-11
5128 1.471841e-11
5129 1.471303e-11
5130 1.470766e-11
5131 1.470228e-11
5132 1.469691e-11
5133 1.469155e-11
5134 1.468618e-11
5135 1.468082e-11
5136 1.467547e-11
5137 1.467011e-11
5138 1.466476e-11
5139 1.465941e-11
5140 1.465406e-11
5141 1.464872e-11
5142 1.464338e-11
5143 1.463804e-11
5144 1.463271e-11
5145 1.462738e-11
5146 1.462205e-11
5147 1.461673e-11
5148 1.461140e-11
5149 1.460608e-11
5150 1.460077e-11
5151 1.459546e-11
5152 1.459015e-11
5153 1.458484e-11
5154 1.457953e-11
5155 1.457423e-11
5156 1.456893e-11
5157 1.456364e-11
5158 1.455835e-11
5159 1.455306e-11
5160 1.454777e-11
5161 1.454249e-11
5162 1.453721e-11
5163 1.453193e-11
5164 1.452665e-11
5165 1.452138e-11
5166 1.451611e-11
5167 1.451085e-11
5168 1.450558e-11
5169 1.450032e-11
5170 1.449507e-11
5171 1.448981e-11
5172 1.448456e-11
5173 1.447931e-11
5174 1.447407e-11
5175 1.446882e-11
5176 1.446358e-11
5177 1.445835e-11
5178 1.445311e-11
5179 1.444788e-11
5180 1.444265e-11
5181 1.443743e-11
5182 1.443221e-11
5183 1.442699e-11
5184 1.442177e-11
5185 1.441656e-11
5186 1.441135e-11
5187 1.440614e-11
5188 1.440093e-11
5189 1.439573e-11
5190 1.439053e-11
5191 1.438534e-11
5192 1.438014e-11
5193 1.437495e-11
5194 1.436977e-11
5195 1.436458e-11
5196 1.435940e-11
5197 1.435422e-11
5198 1.434904e-11
5199 1.434387e-11
5200 1.433870e-11
5201 1.433353e-11
5202 1.432837e-11
5203 1.432321e-11
5204 1.431805e-11
5205 1.431289e-11
5206 1.430774e-11
5207 1.430259e-11
5208 1.429744e-11
5209 1.429229e-11
5210 1.428715e-11
5211 1.428201e-11
5212 1.427688e-11
5213 1.427174e-11
5214 1.426661e-11
5215 1.426148e-11
5216 1.425636e-11
5217 1.425124e-11
5218 1.424612e-11
5219 1.424100e-11
5220 1.423589e-11
5221 1.423078e-11
5222 1.422567e-11
5223 1.422056e-11
5224 1.421546e-11
5225 1.421036e-11
5226 1.420526e-11
5227 1.420017e-11
5228 1.419508e-11
5229 1.418999e-11
5230 1.418490e-11
5231 1.417982e-11
5232 1.417474e-11
5233 1.416966e-11
5234 1.416459e-11
5235 1.415952e-11
5236 1.415445e-11
5237 1.414938e-11
5238 1.414432e-11
5239 1.413926e-11
5240 1.413420e-11
5241 1.412915e-11
5242 1.412409e-11
5243 1.411904e-11
5244 1.411400e-11
5245 1.410895e-11
5246 1.410391e-11
5247 1.409887e-11
5248 1.409384e-11
5249 1.408881e-11
5250 1.408378e-11
5251 1.407875e-11
5252 1.407372e-11
5253 1.406870e-11
5254 1.406368e-11
5255 1.405867e-11
5256 1.405365e-11
5257 1.404864e-11
5258 1.404363e-11
5259 1.403863e-11
5260 1.403362e-11
5261 1.402862e-11
5262 1.402363e-11
5263 1.401863e-11
5264 1.401364e-11
5265 1.400865e-11
5266 1.400367e-11
5267 1.399868e-11
5268 1.399370e-11
5269 1.398872e-11
5270 1.398375e-11
5271 1.397877e-11
5272 1.397380e-11
5273 1.396884e-11
5274 1.396387e-11
5275 1.395891e-11
5276 1.395395e-11
5277 1.394900e-11
5278 1.394404e-11
5279 1.393909e-11
5280 1.393414e-11
5281 1.392920e-11
5282 1.392425e-11
5283 1.391931e-11
5284 1.391437e-11
5285 1.390944e-11
5286 1.390451e-11
5287 1.389958e-11
5288 1.389465e-11
5289 1.388973e-11
5290 1.388481e-11
5291 1.387989e-11
5292 1.387497e-11
5293 1.387006e-11
5294 1.386515e-11
5295 1.386024e-11
5296 1.385533e-11
5297 1.385043e-11
5298 1.384553e-11
5299 1.384063e-11
5300 1.383574e-11
5301 1.383084e-11
5302 1.382595e-11
5303 1.382107e-11
5304 1.381618e-11
5305 1.381130e-11
5306 1.380642e-11
5307 1.380155e-11
5308 1.379667e-11
5309 1.379180e-11
5310 1.378693e-11
5311 1.378207e-11
5312 1.377720e-11
5313 1.377234e-11
5314 1.376748e-11
5315 1.376263e-11
5316 1.375778e-11
5317 1.375293e-11
5318 1.374808e-11
5319 1.374323e-11
5320 1.373839e-11
5321 1.373355e-11
5322 1.372872e-11
5323 1.372388e-11
5324 1.371905e-11
5325 1.371422e-11
5326 1.370939e-11
5327 1.370457e-11
5328 1.369975e-11
5329 1.369493e-11
5330 1.369011e-11
5331 1.368530e-11
5332 1.368049e-11
5333 1.367568e-11
5334 1.367087e-11
5335 1.366607e-11
5336 1.366127e-11
5337 1.365647e-11
5338 1.365168e-11
5339 1.364688e-11
5340 1.364209e-11
5341 1.363731e-11
5342 1.363252e-11
5343 1.362774e-11
5344 1.362296e-11
5345 1.361818e-11
5346 1.361341e-11
5347 1.360863e-11
5348 1.360386e-11
5349 1.359910e-11
5350 1.359433e-11
5351 1.358957e-11
5352 1.358481e-11
5353 1.358005e-11
5354 1.357530e-11
5355 1.357055e-11
5356 1.356580e-11
5357 1.356105e-11
5358 1.355631e-11
5359 1.355157e-11
5360 1.354683e-11
5361 1.354209e-11
5362 1.353736e-11
5363 1.353263e-11
5364 1.352790e-11
5365 1.352317e-11
5366 1.351845e-11
5367 1.351372e-11
5368 1.350901e-11
5369 1.350429e-11
5370 1.349958e-11
5371 1.349486e-11
5372 1.349016e-11
5373 1.348545e-11
5374 1.348075e-11
5375 1.347605e-11
5376 1.347135e-11
5377 1.346665e-11
5378 1.346196e-11
5379 1.345727e-11
5380 1.345258e-11
5381 1.344789e-11
5382 1.344321e-11
5383 1.343853e-11
5384 1.343385e-11
5385 1.342917e-11
5386 1.342450e-11
5387 1.341983e-11
5388 1.341516e-11
5389 1.341049e-11
5390 1.340583e-11
5391 1.340117e-11
5392 1.339651e-11
5393 1.339185e-11
5394 1.338720e-11
5395 1.338255e-11
5396 1.337790e-11
5397 1.337325e-11
5398 1.336861e-11
5399 1.336397e-11
5400 1.335933e-11
5401 1.335469e-11
5402 1.335006e-11
5403 1.334543e-11
5404 1.334080e-11
5405 1.333617e-11
5406 1.333155e-11
5407 1.332693e-11
5408 1.332231e-11
5409 1.331769e-11
5410 1.331308e-11
5411 1.330846e-11
5412 1.330385e-11
5413 1.329925e-11
5414 1.329464e-11
5415 1.329004e-11
5416 1.328543e-11
5417 1.328077e-11
5418 1.327612e-11
5419 1.327146e-11
5420 1.326681e-11
5421 1.326216e-11
5422 1.325751e-11
5423 1.325287e-11
5424 1.324822e-11
5425 1.324358e-11
5426 1.323895e-11
5427 1.323431e-11
5428 1.322968e-11
5429 1.322505e-11
5430 1.322042e-11
5431 1.321579e-11
5432 1.321117e-11
5433 1.320655e-11
5434 1.320193e-11
5435 1.319732e-11
5436 1.319270e-11
5437 1.318809e-11
5438 1.318349e-11
5439 1.317888e-11
5440 1.317428e-11
5441 1.316968e-11
5442 1.316508e-11
5443 1.316048e-11
5444 1.315589e-11
5445 1.315130e-11
5446 1.314671e-11
5447 1.314212e-11
5448 1.313754e-11
5449 1.313296e-11
5450 1.312838e-11
5451 1.312380e-11
5452 1.311923e-11
5453 1.311466e-11
5454 1.311009e-11
5455 1.310552e-11
5456 1.310096e-11
5457 1.309640e-11
5458 1.309184e-11
5459 1.308728e-11
5460 1.308273e-11
5461 1.307818e-11
5462 1.307363e-11
5463 1.306908e-11
5464 1.306453e-11
5465 1.305999e-11
5466 1.305545e-11
5467 1.305091e-11
5468 1.304638e-11
5469 1.304185e-11
5470 1.303732e-11
5471 1.303279e-11
5472 1.302826e-11
5473 1.302374e-11
5474 1.301922e-11
5475 1.301470e-11
5476 1.301019e-11
5477 1.300567e-11
5478 1.300116e-11
5479 1.299665e-11
5480 1.299215e-11
5481 1.298764e-11
5482 1.298314e-11
5483 1.297864e-11
5484 1.297414e-11
5485 1.296965e-11
5486 1.296516e-11
5487 1.296067e-11
5488 1.295618e-11
5489 1.295170e-11
5490 1.294721e-11
5491 1.294273e-11
5492 1.293825e-11
5493 1.293378e-11
5494 1.292931e-11
5495 1.292484e-11
5496 1.292037e-11
5497 1.291590e-11
5498 1.291144e-11
5499 1.290698e-11
5500 1.290252e-11
5501 1.289806e-11
5502 1.289361e-11
5503 1.288915e-11
5504 1.288470e-11
5505 1.288026e-11
5506 1.287581e-11
5507 1.287137e-11
5508 1.286693e-11
5509 1.286249e-11
5510 1.285806e-11
5511 1.285362e-11
5512 1.284919e-11
5513 1.284476e-11
5514 1.284034e-11
5515 1.283591e-11
5516 1.283149e-11
5517 1.282707e-11
5518 1.282266e-11
5519 1.281824e-11
5520 1.281383e-11
5521 1.280942e-11
5522 1.280501e-11
5523 1.280061e-11
5524 1.279620e-11
5525 1.279180e-11
5526 1.278740e-11
5527 1.278301e-11
5528 1.277861e-11
5529 1.277422e-11
5530 1.276983e-11
5531 1.276545e-11
5532 1.276106e-11
5533 1.275668e-11
5534 1.275230e-11
5535 1.274792e-11
5536 1.274355e-11
5537 1.273917e-11
5538 1.273480e-11
5539 1.273043e-11
5540 1.272607e-11
5541 1.272170e-11
5542 1.271734e-11
5543 1.271298e-11
5544 1.270863e-11
5545 1.270427e-11
5546 1.269992e-11
5547 1.269557e-11
5548 1.269122e-11
5549 1.268687e-11
5550 1.268253e-11
5551 1.267819e-11
5552 1.267385e-11
5553 1.266951e-11
5554 1.266518e-11
5555 1.266085e-11
5556 1.265652e-11
5557 1.265219e-11
5558 1.264786e-11
5559 1.264354e-11
5560 1.263922e-11
5561 1.263490e-11
5562 1.263059e-11
5563 1.262627e-11
5564 1.262196e-11
5565 1.261765e-11
5566 1.261334e-11
5567 1.260904e-11
5568 1.260474e-11
5569 1.260043e-11
5570 1.259614e-11
5571 1.259184e-11
5572 1.258755e-11
5573 1.258325e-11
5574 1.257896e-11
5575 1.257468e-11
5576 1.257039e-11
5577 1.256611e-11
5578 1.256183e-11
5579 1.255755e-11
5580 1.255328e-11
5581 1.254900e-11
5582 1.254473e-11
5583 1.254046e-11
5584 1.253619e-11
5585 1.253193e-11
5586 1.252767e-11
5587 1.252340e-11
5588 1.251915e-11
5589 1.251489e-11
5590 1.251064e-11
5591 1.250638e-11
5592 1.250214e-11
5593 1.249789e-11
5594 1.249364e-11
5595 1.248940e-11
5596 1.248516e-11
5597 1.248092e-11
5598 1.247668e-11
5599 1.247245e-11
5600 1.246822e-11
5601 1.246399e-11
5602 1.245976e-11
5603 1.245554e-11
5604 1.245131e-11
5605 1.244709e-11
5606 1.244287e-11
5607 1.243866e-11
5608 1.243444e-11
5609 1.243023e-11
5610 1.242602e-11
5611 1.242181e-11
5612 1.241761e-11
5613 1.241340e-11
5614 1.240920e-11
5615 1.240500e-11
5616 1.240080e-11
5617 1.239661e-11
5618 1.239242e-11
5619 1.238823e-11
5620 1.238404e-11
5621 1.237985e-11
5622 1.237567e-11
5623 1.237149e-11
5624 1.236731e-11
5625 1.236313e-11
5626 1.235895e-11
5627 1.235478e-11
5628 1.235061e-11
5629 1.234644e-11
5630 1.234227e-11
5631 1.233811e-11
5632 1.233395e-11
5633 1.232978e-11
5634 1.232563e-11
5635 1.232147e-11
5636 1.231732e-11
5637 1.231316e-11
5638 1.230901e-11
5639 1.230487e-11
5640 1.230072e-11
5641 1.229658e-11
5642 1.229244e-11
5643 1.228830e-11
5644 1.228416e-11
5645 1.228003e-11
5646 1.227589e-11
5647 1.227176e-11
5648 1.226763e-11
5649 1.226351e-11
5650 1.225938e-11
5651 1.225526e-11
5652 1.225114e-11
5653 1.224702e-11
5654 1.224291e-11
5655 1.223879e-11
5656 1.223468e-11
5657 1.223057e-11
5658 1.222647e-11
5659 1.222236e-11
5660 1.221826e-11
5661 1.221416e-11
5662 1.221006e-11
5663 1.220596e-11
5664 1.220187e-11
5665 1.219777e-11
5666 1.219368e-11
5667 1.218960e-11
5668 1.218551e-11
5669 1.218142e-11
5670 1.217734e-11
5671 1.217326e-11
5672 1.216918e-11
5673 1.216511e-11
5674 1.216103e-11
5675 1.215696e-11
5676 1.215289e-11
5677 1.214883e-11
5678 1.214476e-11
5679 1.214070e-11
5680 1.213664e-11
5681 1.213258e-11
5682 1.212852e-11
5683 1.212446e-11
5684 1.212041e-11
5685 1.211636e-11
5686 1.211231e-11
5687 1.210826e-11
5688 1.210422e-11
5689 1.210018e-11
5690 1.209614e-11
5691 1.209210e-11
5692 1.208806e-11
5693 1.208403e-11
5694 1.207999e-11
5695 1.207596e-11
5696 1.207194e-11
5697 1.206791e-11
5698 1.206388e-11
5699 1.205986e-11
5700 1.205584e-11
5701 1.205182e-11
5702 1.204781e-11
5703 1.204379e-11
5704 1.203978e-11
5705 1.203577e-11
5706 1.203176e-11
5707 1.202776e-11
5708 1.202375e-11
5709 1.201975e-11
5710 1.201575e-11
5711 1.201176e-11
5712 1.200776e-11
5713 1.200377e-11
5714 1.199977e-11
5715 1.199578e-11
5716 1.199180e-11
5717 1.198781e-11
5718 1.198383e-11
5719 1.197985e-11
5720 1.197587e-11
5721 1.197189e-11
5722 1.196791e-11
5723 1.196394e-11
5724 1.195997e-11
5725 1.195600e-11
5726 1.195203e-11
5727 1.194807e-11
5728 1.194410e-11
5729 1.194014e-11
5730 1.193618e-11
5731 1.193222e-11
5732 1.192827e-11
5733 1.192432e-11
5734 1.192036e-11
5735 1.191642e-11
5736 1.191247e-11
5737 1.190852e-11
5738 1.190458e-11
5739 1.190064e-11
5740 1.189670e-11
5741 1.189276e-11
5742 1.188883e-11
5743 1.188489e-11
5744 1.188096e-11
5745 1.187703e-11
5746 1.187310e-11
5747 1.186918e-11
5748 1.186525e-11
5749 1.186133e-11
5750 1.185741e-11
5751 1.185350e-11
5752 1.184958e-11
5753 1.184567e-11
5754 1.184175e-11
5755 1.183784e-11
5756 1.183394e-11
5757 1.183003e-11
5758 1.182613e-11
5759 1.182223e-11
5760 1.181833e-11
5761 1.181443e-11
5762 1.181053e-11
5763 1.180664e-11
5764 1.180275e-11
5765 1.179886e-11
5766 1.179497e-11
5767 1.179108e-11
5768 1.178720e-11
5769 1.178331e-11
5770 1.177943e-11
5771 1.177556e-11
5772 1.177168e-11
5773 1.176781e-11
5774 1.176393e-11
5775 1.176006e-11
5776 1.175619e-11
5777 1.175233e-11
5778 1.174846e-11
5779 1.174460e-11
5780 1.174074e-11
5781 1.173688e-11
5782 1.173302e-11
5783 1.172917e-11
5784 1.172531e-11
5785 1.172146e-11
5786 1.171761e-11
5787 1.171377e-11
5788 1.170992e-11
5789 1.170608e-11
5790 1.170224e-11
5791 1.169840e-11
5792 1.169456e-11
5793 1.169072e-11
5794 1.168689e-11
5795 1.168306e-11
5796 1.167923e-11
5797 1.167540e-11
5798 1.167157e-11
5799 1.166775e-11
5800 1.166393e-11
5801 1.166011e-11
5802 1.165629e-11
5803 1.165247e-11
5804 1.164866e-11
5805 1.164484e-11
5806 1.164099e-11
5807 1.163713e-11
5808 1.163328e-11
5809 1.162942e-11
5810 1.162557e-11
5811 1.162172e-11
5812 1.161787e-11
5813 1.161402e-11
5814 1.161018e-11
5815 1.160633e-11
5816 1.160249e-11
5817 1.159865e-11
5818 1.159482e-11
5819 1.159098e-11
5820 1.158715e-11
5821 1.158331e-11
5822 1.157948e-11
5823 1.157566e-11
5824 1.157183e-11
5825 1.156801e-11
5826 1.156418e-11
5827 1.156036e-11
5828 1.155655e-11
5829 1.155273e-11
5830 1.154892e-11
5831 1.154510e-11
5832 1.154129e-11
5833 1.153748e-11
5834 1.153368e-11
5835 1.152987e-11
5836 1.152607e-11
5837 1.152227e-11
5838 1.151847e-11
5839 1.151467e-11
5840 1.151088e-11
5841 1.150708e-11
5842 1.150329e-11
5843 1.149950e-11
5844 1.149571e-11
5845 1.149193e-11
5846 1.148814e-11
5847 1.148436e-11
5848 1.148058e-11
5849 1.147680e-11
5850 1.147303e-11
5851 1.146925e-11
5852 1.146548e-11
5853 1.146171e-11
5854 1.145794e-11
5855 1.145417e-11
5856 1.145041e-11
5857 1.144664e-11
5858 1.144288e-11
5859 1.143912e-11
5860 1.143537e-11
5861 1.143161e-11
5862 1.142786e-11
5863 1.142410e-11
5864 1.142035e-11
5865 1.141661e-11
5866 1.141286e-11
5867 1.140911e-11
5868 1.140537e-11
5869 1.140163e-11
5870 1.139789e-11
5871 1.139415e-11
5872 1.139042e-11
5873 1.138669e-11
5874 1.138295e-11
5875 1.137923e-11
5876 1.137550e-11
5877 1.137177e-11
5878 1.136805e-11
5879 1.136433e-11
5880 1.136060e-11
5881 1.135689e-11
5882 1.135317e-11
5883 1.134945e-11
5884 1.134574e-11
5885 1.134203e-11
5886 1.133832e-11
5887 1.133461e-11
5888 1.133091e-11
5889 1.132720e-11
5890 1.132350e-11
5891 1.131980e-11
5892 1.131610e-11
5893 1.131241e-11
5894 1.130871e-11
5895 1.130502e-11
5896 1.130133e-11
5897 1.129764e-11
5898 1.129395e-11
5899 1.129027e-11
5900 1.128658e-11
5901 1.128290e-11
5902 1.127922e-11
5903 1.127555e-11
5904 1.127187e-11
5905 1.126819e-11
5906 1.126452e-11
5907 1.126085e-11
5908 1.125718e-11
5909 1.125351e-11
5910 1.124985e-11
5911 1.124619e-11
5912 1.124252e-11
5913 1.123886e-11
5914 1.123521e-11
5915 1.123155e-11
5916 1.122790e-11
5917 1.122424e-11
5918 1.122059e-11
5919 1.121694e-11
5920 1.121330e-11
5921 1.120965e-11
5922 1.120601e-11
5923 1.120236e-11
5924 1.119872e-11
5925 1.119509e-11
5926 1.119145e-11
5927 1.118781e-11
5928 1.118418e-11
5929 1.118055e-11
5930 1.117692e-11
5931 1.117329e-11
5932 1.116967e-11
5933 1.116604e-11
5934 1.116242e-11
5935 1.115880e-11
5936 1.115518e-11
5937 1.115157e-11
5938 1.114795e-11
5939 1.114434e-11
5940 1.114073e-11
5941 1.113712e-11
5942 1.113351e-11
5943 1.112990e-11
5944 1.112630e-11
5945 1.112270e-11
5946 1.111909e-11
5947 1.111550e-11
5948 1.111190e-11
5949 1.110830e-11
5950 1.110471e-11
5951 1.110112e-11
5952 1.109753e-11
5953 1.109394e-11
5954 1.109035e-11
5955 1.108677e-11
5956 1.108318e-11
5957 1.107960e-11
5958 1.107602e-11
5959 1.107244e-11
5960 1.106887e-11
5961 1.106529e-11
5962 1.106172e-11
5963 1.105815e-11
5964 1.105458e-11
5965 1.105101e-11
5966 1.104745e-11
5967 1.104388e-11
5968 1.104032e-11
5969 1.103676e-11
5970 1.103320e-11
5971 1.102965e-11
5972 1.102609e-11
5973 1.102254e-11
5974 1.101899e-11
5975 1.101544e-11
5976 1.101189e-11
5977 1.100834e-11
5978 1.100480e-11
5979 1.100125e-11
5980 1.099771e-11
5981 1.099417e-11
5982 1.099063e-11
5983 1.098710e-11
5984 1.098356e-11
5985 1.098003e-11
5986 1.097650e-11
5987 1.097297e-11
5988 1.096944e-11
5989 1.096592e-11
5990 1.096239e-11
5991 1.095887e-11
5992 1.095535e-11
5993 1.095183e-11
5994 1.094832e-11
5995 1.094480e-11
5996 1.094129e-11
5997 1.093777e-11
5998 1.093426e-11
5999 1.093076e-11
6000 1.092725e-11
6001 1.092374e-11
6002 1.092024e-11
6003 1.091674e-11
6004 1.091324e-11
6005 1.090974e-11
6006 1.090624e-11
6007 1.090275e-11
6008 1.089926e-11
6009 1.089576e-11
6010 1.089227e-11
6011 1.088879e-11
6012 1.088530e-11
6013 1.088181e-11
6014 1.087833e-11
6015 1.087485e-11
6016 1.087137e-11
6017 1.086789e-11
6018 1.086442e-11
6019 1.086094e-11
6020 1.085747e-11
6021 1.085400e-11
6022 1.085053e-11
6023 1.084706e-11
6024 1.084359e-11
6025 1.084013e-11
6026 1.083667e-11
6027 1.083321e-11
6028 1.082975e-11
6029 1.082629e-11
6030 1.082283e-11
6031 1.081938e-11
6032 1.081593e-11
6033 1.081247e-11
6034 1.080903e-11
6035 1.080558e-11
6036 1.080213e-11
6037 1.079869e-11
6038 1.079524e-11
6039 1.079180e-11
6040 1.078836e-11
6041 1.078493e-11
6042 1.078149e-11
6043 1.077806e-11
6044 1.077462e-11
6045 1.077119e-11
6046 1.076776e-11
6047 1.076434e-11
6048 1.076091e-11
6049 1.075749e-11
6050 1.075406e-11
6051 1.075064e-11
6052 1.074722e-11
6053 1.074380e-11
6054 1.074039e-11
6055 1.073697e-11
6056 1.073356e-11
6057 1.073015e-11
6058 1.072674e-11
6059 1.072333e-11
6060 1.071993e-11
6061 1.071652e-11
6062 1.071312e-11
6063 1.070972e-11
6064 1.070632e-11
6065 1.070292e-11
6066 1.069952e-11
6067 1.069613e-11
6068 1.069274e-11
6069 1.068934e-11
6070 1.068595e-11
6071 1.068257e-11
6072 1.067918e-11
6073 1.067579e-11
6074 1.067241e-11
6075 1.066903e-11
6076 1.066565e-11
6077 1.066227e-11
6078 1.065889e-11
6079 1.065552e-11
6080 1.065214e-11
6081 1.064877e-11
6082 1.064540e-11
6083 1.064203e-11
6084 1.063867e-11
6085 1.063530e-11
6086 1.063194e-11
6087 1.062858e-11
6088 1.062521e-11
6089 1.062186e-11
6090 1.061850e-11
6091 1.061514e-11
6092 1.061179e-11
6093 1.060844e-11
6094 1.060508e-11
6095 1.060174e-11
6096 1.059839e-11
6097 1.059504e-11
6098 1.059170e-11
6099 1.058835e-11
6100 1.058501e-11
6101 1.058167e-11
6102 1.057833e-11
6103 1.057500e-11
6104 1.057166e-11
6105 1.056833e-11
6106 1.056500e-11
6107 1.056167e-11
6108 1.055834e-11
6109 1.055501e-11
6110 1.055169e-11
6111 1.054836e-11
6112 1.054504e-11
6113 1.054172e-11
6114 1.053840e-11
6115 1.053508e-11
6116 1.053177e-11
6117 1.052845e-11
6118 1.052514e-11
6119 1.052183e-11
6120 1.051852e-11
6121 1.051521e-11
6122 1.051191e-11
6123 1.050860e-11
6124 1.050530e-11
6125 1.050200e-11
6126 1.049870e-11
6127 1.049540e-11
6128 1.049210e-11
6129 1.048881e-11
6130 1.048551e-11
6131 1.048222e-11
6132 1.047893e-11
6133 1.047564e-11
6134 1.047235e-11
6135 1.046907e-11
6136 1.046578e-11
6137 1.046250e-11
6138 1.045922e-11
6139 1.045594e-11
6140 1.045266e-11
6141 1.044939e-11
6142 1.044611e-11
6143 1.044284e-11
6144 1.043957e-11
6145 1.043630e-11
6146 1.043303e-11
6147 1.042976e-11
6148 1.042649e-11
6149 1.042323e-11
6150 1.041997e-11
6151 1.041671e-11
6152 1.041345e-11
6153 1.041019e-11
6154 1.040693e-11
6155 1.040368e-11
6156 1.040043e-11
6157 1.039717e-11
6158 1.039392e-11
6159 1.039068e-11
6160 1.038743e-11
6161 1.038418e-11
6162 1.038094e-11
6163 1.037770e-11
6164 1.037446e-11
6165 1.037122e-11
6166 1.036798e-11
6167 1.036474e-11
6168 1.036151e-11
6169 1.035827e-11
6170 1.035504e-11
6171 1.035181e-11
6172 1.034858e-11
6173 1.034536e-11
6174 1.034213e-11
6175 1.033891e-11
6176 1.033569e-11
6177 1.033246e-11
6178 1.032925e-11
6179 1.032603e-11
6180 1.032281e-11
6181 1.031960e-11
6182 1.031638e-11
6183 1.031317e-11
6184 1.030996e-11
6185 1.030675e-11
6186 1.030354e-11
6187 1.030034e-11
6188 1.029713e-11
6189 1.029393e-11
6190 1.029073e-11
6191 1.028753e-11
6192 1.028433e-11
6193 1.028114e-11
6194 1.027794e-11
6195 1.027475e-11
6196 1.027156e-11
6197 1.026836e-11
6198 1.026518e-11
6199 1.026199e-11
6200 1.025880e-11
6201 1.025562e-11
6202 1.025243e-11
6203 1.024925e-11
6204 1.024607e-11
6205 1.024289e-11
6206 1.023972e-11
6207 1.023654e-11
6208 1.023337e-11
6209 1.023019e-11
6210 1.022702e-11
6211 1.022385e-11
6212 1.022069e-11
6213 1.021752e-11
6214 1.021435e-11
6215 1.021119e-11
6216 1.020803e-11
6217 1.020487e-11
6218 1.020171e-11
6219 1.019855e-11
6220 1.019539e-11
6221 1.019224e-11
6222 1.018909e-11
6223 1.018592e-11
6224 1.018273e-11
6225 1.017954e-11
6226 1.017635e-11
6227 1.017317e-11
6228 1.016998e-11
6229 1.016680e-11
6230 1.016362e-11
6231 1.016044e-11
6232 1.015727e-11
6233 1.015409e-11
6234 1.015091e-11
6235 1.014774e-11
6236 1.014457e-11
6237 1.014140e-11
6238 1.013823e-11
6239 1.013506e-11
6240 1.013190e-11
6241 1.012873e-11
6242 1.012557e-11
6243 1.012241e-11
6244 1.011925e-11
6245 1.011609e-11
6246 1.011294e-11
6247 1.010978e-11
6248 1.010663e-11
6249 1.010348e-11
6250 1.010033e-11
6251 1.009718e-11
6252 1.009403e-11
6253 1.009088e-11
6254 1.008774e-11
6255 1.008459e-11
6256 1.008145e-11
6257 1.007831e-11
6258 1.007517e-11
6259 1.007204e-11
6260 1.006890e-11
6261 1.006577e-11
6262 1.006263e-11
6263 1.005950e-11
6264 1.005637e-11
6265 1.005324e-11
6266 1.005012e-11
6267 1.004699e-11
6268 1.004387e-11
6269 1.004074e-11
6270 1.003762e-11
6271 1.003450e-11
6272 1.003138e-11
6273 1.002827e-11
6274 1.002515e-11
6275 1.002204e-11
6276 1.001893e-11
6277 1.001582e-11
6278 1.001271e-11
6279 1.000960e-11
6280 1.000649e-11
6281 1.000339e-11
6282 1.000028e-11
6283 9.997181e-12
6284 9.994081e-12
6285 9.990981e-12
6286 9.987884e-12
6287 9.984787e-12
6288 9.981693e-12
6289 9.978599e-12
6290 9.975507e-12
6291 9.972417e-12
6292 9.969328e-12
6293 9.966240e-12
6294 9.963154e-12
6295 9.960069e-12
6296 9.956986e-12
6297 9.953904e-12
6298 9.950824e-12
6299 9.947745e-12
6300 9.944667e-12
6301 9.941591e-12
6302 9.938517e-12
6303 9.935444e-12
6304 9.932372e-12
6305 9.929302e-12
6306 9.926233e-12
6307 9.923165e-12
6308 9.920099e-12
6309 9.917035e-12
6310 9.913972e-12
6311 9.910910e-12
6312 9.907850e-12
6313 9.904791e-12
6314 9.901733e-12
6315 9.898677e-12
6316 9.895623e-12
6317 9.892570e-12
6318 9.889518e-12
6319 9.886468e-12
6320 9.883419e-12
6321 9.880371e-12
6322 9.877325e-12
6323 9.874281e-12
6324 9.871238e-12
6325 9.868196e-12
6326 9.865156e-12
6327 9.862117e-12
6328 9.859079e-12
6329 9.856043e-12
6330 9.853008e-12
6331 9.849975e-12
6332 9.846943e-12
6333 9.843913e-12
6334 9.840884e-12
6335 9.837856e-12
6336 9.834830e-12
6337 9.831805e-12
6338 9.828782e-12
6339 9.825760e-12
6340 9.822739e-12
6341 9.819720e-12
6342 9.816702e-12
6343 9.813686e-12
6344 9.810671e-12
6345 9.807658e-12
6346 9.804645e-12
6347 9.801635e-12
6348 9.798625e-12
6349 9.795617e-12
6350 9.792611e-12
6351 9.789606e-12
6352 9.786602e-12
6353 9.783599e-12
6354 9.780598e-12
6355 9.777599e-12
6356 9.774601e-12
6357 9.771604e-12
6358 9.768608e-12
6359 9.765614e-12
6360 9.762622e-12
6361 9.759631e-12
6362 9.756641e-12
6363 9.753652e-12
6364 9.750665e-12
6365 9.747679e-12
6366 9.744695e-12
6367 9.741712e-12
6368 9.738731e-12
6369 9.735750e-12
6370 9.732772e-12
6371 9.729794e-12
6372 9.726818e-12
6373 9.723843e-12
6374 9.720870e-12
6375 9.717898e-12
6376 9.714928e-12
6377 9.711958e-12
6378 9.708991e-12
6379 9.706024e-12
6380 9.703059e-12
6381 9.700095e-12
6382 9.697133e-12
6383 9.694172e-12
6384 9.691213e-12
6385 9.688254e-12
6386 9.685298e-12
6387 9.682342e-12
6388 9.679388e-12
6389 9.676435e-12
6390 9.673484e-12
6391 9.670534e-12
6392 9.667585e-12
6393 9.664638e-12
6394 9.661692e-12
6395 9.658747e-12
6396 9.655804e-12
6397 9.652862e-12
6398 9.649922e-12
6399 9.646982e-12
6400 9.644045e-12
6401 9.641108e-12
6402 9.638173e-12
6403 9.635239e-12
6404 9.632307e-12
6405 9.629376e-12
6406 9.626446e-12
6407 9.623518e-12
6408 9.620591e-12
6409 9.617665e-12
6410 9.614741e-12
6411 9.611818e-12
6412 9.608896e-12
6413 9.605976e-12
6414 9.603057e-12
6415 9.600139e-12
6416 9.597223e-12
6417 9.594308e-12
6418 9.591395e-12
6419 9.588482e-12
6420 9.585571e-12
6421 9.582662e-12
6422 9.579754e-12
6423 9.576847e-12
6424 9.573941e-12
6425 9.571037e-12
6426 9.568134e-12
6427 9.565233e-12
6428 9.562332e-12
6429 9.559433e-12
6430 9.556536e-12
6431 9.553640e-12
6432 9.550745e-12
6433 9.547851e-12
6434 9.544959e-12
6435 9.542068e-12
6436 9.539178e-12
6437 9.536290e-12
6438 9.533403e-12
6439 9.530517e-12
6440 9.527633e-12
6441 9.524750e-12
6442 9.521868e-12
6443 9.518988e-12
6444 9.516109e-12
6445 9.513231e-12
6446 9.510355e-12
6447 9.507480e-12
6448 9.504606e-12
6449 9.501734e-12
6450 9.498862e-12
6451 9.495993e-12
6452 9.493124e-12
6453 9.490257e-12
6454 9.487391e-12
6455 9.484526e-12
6456 9.481663e-12
6457 9.478801e-12
6458 9.475940e-12
6459 9.473081e-12
6460 9.470223e-12
6461 9.467366e-12
6462 9.464511e-12
6463 9.461657e-12
6464 9.458804e-12
6465 9.455952e-12
6466 9.453102e-12
6467 9.450253e-12
6468 9.447405e-12
6469 9.444559e-12
6470 9.441714e-12
6471 9.438870e-12
6472 9.436028e-12
6473 9.433187e-12
6474 9.430347e-12
6475 9.427508e-12
6476 9.424671e-12
6477 9.421835e-12
6478 9.419000e-12
6479 9.416167e-12
6480 9.413335e-12
6481 9.410504e-12
6482 9.407674e-12
6483 9.404846e-12
6484 9.402019e-12
6485 9.399193e-12
6486 9.396369e-12
6487 9.393546e-12
6488 9.390724e-12
6489 9.387903e-12
6490 9.385084e-12
6491 9.382266e-12
6492 9.379449e-12
6493 9.376634e-12
6494 9.373820e-12
6495 9.371007e-12
6496 9.368195e-12
6497 9.365385e-12
6498 9.362576e-12
6499 9.359768e-12
6500 9.356962e-12
6501 9.354156e-12
6502 9.351353e-12
6503 9.348550e-12
6504 9.345748e-12
6505 9.342948e-12
6506 9.340149e-12
6507 9.337352e-12
6508 9.334555e-12
6509 9.331760e-12
6510 9.328967e-12
6511 9.326174e-12
6512 9.323383e-12
6513 9.320593e-12
6514 9.317804e-12
6515 9.315017e-12
6516 9.312230e-12
6517 9.309445e-12
6518 9.306662e-12
6519 9.303879e-12
6520 9.301098e-12
6521 9.298318e-12
6522 9.295539e-12
6523 9.292762e-12
6524 9.289986e-12
6525 9.287211e-12
6526 9.284437e-12
6527 9.281665e-12
6528 9.278894e-12
6529 9.276124e-12
6530 9.273355e-12
6531 9.270588e-12
6532 9.267822e-12
6533 9.265057e-12
6534 9.262293e-12
6535 9.259531e-12
6536 9.256770e-12
6537 9.254010e-12
6538 9.251251e-12
6539 9.248494e-12
6540 9.245737e-12
6541 9.242983e-12
6542 9.240229e-12
6543 9.237476e-12
6544 9.234725e-12
6545 9.231975e-12
6546 9.229227e-12
6547 9.226479e-12
6548 9.223733e-12
6549 9.220988e-12
6550 9.218244e-12
6551 9.215501e-12
6552 9.212760e-12
6553 9.210020e-12
6554 9.207281e-12
6555 9.204544e-12
6556 9.201807e-12
6557 9.199072e-12
6558 9.196338e-12
6559 9.193605e-12
6560 9.190874e-12
6561 9.188144e-12
6562 9.185415e-12
6563 9.182687e-12
6564 9.179960e-12
6565 9.177235e-12
6566 9.174511e-12
6567 9.171788e-12
6568 9.169066e-12
6569 9.166346e-12
6570 9.163627e-12
6571 9.160909e-12
6572 9.158192e-12
6573 9.155476e-12
6574 9.152762e-12
6575 9.150049e-12
6576 9.147337e-12
6577 9.144626e-12
6578 9.141917e-12
6579 9.139209e-12
6580 9.136502e-12
6581 9.133796e-12
6582 9.131091e-12
6583 9.128388e-12
6584 9.125685e-12
6585 9.122984e-12
6586 9.120285e-12
6587 9.117586e-12
6588 9.114889e-12
6589 9.112193e-12
6590 9.109498e-12
6591 9.106804e-12
6592 9.104111e-12
6593 9.101420e-12
6594 9.098730e-12
6595 9.096041e-12
6596 9.093353e-12
6597 9.090667e-12
6598 9.087981e-12
6599 9.085297e-12
6600 9.082614e-12
6601 9.079933e-12
6602 9.077252e-12
6603 9.074573e-12
6604 9.071895e-12
6605 9.069218e-12
6606 9.066542e-12
6607 9.063867e-12
6608 9.061194e-12
6609 9.058522e-12
6610 9.055851e-12
6611 9.053181e-12
6612 9.050512e-12
6613 9.047845e-12
6614 9.045179e-12
6615 9.042514e-12
6616 9.039850e-12
6617 9.037187e-12
6618 9.034526e-12
6619 9.031866e-12
6620 9.029207e-12
6621 9.026549e-12
6622 9.023892e-12
6623 9.021236e-12
6624 9.018582e-12
6625 9.015929e-12
6626 9.013277e-12
6627 9.010626e-12
6628 9.007976e-12
6629 9.005328e-12
6630 9.002681e-12
6631 9.000035e-12
6632 8.997390e-12
6633 8.994746e-12
6634 8.992103e-12
6635 8.989462e-12
6636 8.986822e-12
6637 8.984183e-12
6638 8.981545e-12
6639 8.978908e-12
6640 8.976272e-12
6641 8.973638e-12
6642 8.971005e-12
6643 8.968373e-12
6644 8.965742e-12
6645 8.963112e-12
6646 8.960484e-12
6647 8.957856e-12
6648 8.955230e-12
6649 8.952605e-12
6650 8.949981e-12
6651 8.947359e-12
6652 8.944737e-12
6653 8.942117e-12
6654 8.939498e-12
6655 8.936879e-12
6656 8.934263e-12
6657 8.931647e-12
6658 8.929032e-12
6659 8.926419e-12
6660 8.923807e-12
6661 8.921195e-12
6662 8.918586e-12
6663 8.915977e-12
6664 8.913369e-12
6665 8.910763e-12
6666 8.908157e-12
6667 8.905553e-12
6668 8.902950e-12
6669 8.900348e-12
6670 8.897745e-12
6671 8.895114e-12
6672 8.892485e-12
6673 8.889857e-12
6674 8.887229e-12
6675 8.884604e-12
6676 8.881979e-12
6677 8.879355e-12
6678 8.876733e-12
6679 8.874111e-12
6680 8.871491e-12
6681 8.868872e-12
6682 8.866255e-12
6683 8.863638e-12
6684 8.861023e-12
6685 8.858408e-12
6686 8.855795e-12
6687 8.853183e-12
6688 8.850572e-12
6689 8.847963e-12
6690 8.845354e-12
6691 8.842747e-12
6692 8.840141e-12
6693 8.837536e-12
6694 8.834932e-12
6695 8.832329e-12
6696 8.829728e-12
6697 8.827127e-12
6698 8.824528e-12
6699 8.821930e-12
6700 8.819333e-12
6701 8.816737e-12
6702 8.814143e-12
6703 8.811549e-12
6704 8.808957e-12
6705 8.806366e-12
6706 8.803776e-12
6707 8.801187e-12
6708 8.798599e-12
6709 8.796013e-12
6710 8.793427e-12
6711 8.790843e-12
6712 8.788260e-12
6713 8.785678e-12
6714 8.783097e-12
6715 8.780517e-12
6716 8.777939e-12
6717 8.775361e-12
6718 8.772785e-12
6719 8.770210e-12
6720 8.767636e-12
6721 8.765063e-12
6722 8.762491e-12
6723 8.759920e-12
6724 8.757351e-12
6725 8.754783e-12
6726 8.752215e-12
6727 8.749649e-12
6728 8.747084e-12
6729 8.744521e-12
6730 8.741958e-12
6731 8.739396e-12
6732 8.736836e-12
6733 8.734277e-12
6734 8.731719e-12
6735 8.729162e-12
6736 8.726606e-12
6737 8.724051e-12
6738 8.721497e-12
6739 8.718945e-12
6740 8.716393e-12
6741 8.713843e-12
6742 8.711294e-12
6743 8.708746e-12
6744 8.706199e-12
6745 8.703653e-12
6746 8.701109e-12
6747 8.698565e-12
6748 8.696023e-12
6749 8.693482e-12
6750 8.690941e-12
6751 8.688402e-12
6752 8.685865e-12
6753 8.683328e-12
6754 8.680792e-12
6755 8.678257e-12
6756 8.675724e-12
6757 8.673192e-12
6758 8.670660e-12
6759 8.668130e-12
6760 8.665601e-12
6761 8.663073e-12
6762 8.660547e-12
6763 8.658021e-12
6764 8.655496e-12
6765 8.652973e-12
6766 8.650451e-12
6767 8.647929e-12
6768 8.645409e-12
6769 8.642890e-12
6770 8.640372e-12
6771 8.637856e-12
6772 8.635340e-12
6773 8.632825e-12
6774 8.630312e-12
6775 8.627799e-12
6776 8.625288e-12
6777 8.622778e-12
6778 8.620269e-12
6779 8.617761e-12
6780 8.615254e-12
6781 8.612748e-12
6782 8.610243e-12
6783 8.607740e-12
6784 8.605237e-12
6785 8.602736e-12
6786 8.600236e-12
6787 8.597736e-12
6788 8.595238e-12
6789 8.592741e-12
6790 8.590245e-12
6791 8.587750e-12
6792 8.585257e-12
6793 8.582764e-12
6794 8.580272e-12
6795 8.577782e-12
6796 8.575293e-12
6797 8.572804e-12
6798 8.570317e-12
6799 8.567831e-12
6800 8.565346e-12
6801 8.562862e-12
6802 8.560379e-12
6803 8.557897e-12
6804 8.555417e-12
6805 8.552937e-12
6806 8.550459e-12
6807 8.547981e-12
6808 8.545505e-12
6809 8.543029e-12
6810 8.540555e-12
6811 8.538082e-12
6812 8.535610e-12
6813 8.533139e-12
6814 8.530669e-12
6815 8.528200e-12
6816 8.525733e-12
6817 8.523266e-12
6818 8.520800e-12
6819 8.518336e-12
6820 8.515872e-12
6821 8.513410e-12
6822 8.510949e-12
6823 8.508489e-12
6824 8.506029e-12
6825 8.503571e-12
6826 8.501114e-12
6827 8.498658e-12
6828 8.496204e-12
6829 8.493750e-12
6830 8.491297e-12
6831 8.488845e-12
6832 8.486395e-12
6833 8.483945e-12
6834 8.481497e-12
6835 8.479049e-12
6836 8.476603e-12
6837 8.474158e-12
6838 8.471714e-12
6839 8.469270e-12
6840 8.466828e-12
6841 8.464387e-12
6842 8.461947e-12
6843 8.459508e-12
6844 8.457071e-12
6845 8.454634e-12
6846 8.452198e-12
6847 8.449763e-12
6848 8.447330e-12
6849 8.444897e-12
6850 8.442466e-12
6851 8.440035e-12
6852 8.437606e-12
6853 8.435178e-12
6854 8.432750e-12
6855 8.430324e-12
6856 8.427899e-12
6857 8.425475e-12
6858 8.423052e-12
6859 8.420630e-12
6860 8.418209e-12
6861 8.415789e-12
6862 8.413370e-12
6863 8.410952e-12
6864 8.408535e-12
6865 8.406119e-12
6866 8.403705e-12
6867 8.401291e-12
6868 8.398878e-12
6869 8.396467e-12
6870 8.394056e-12
6871 8.391647e-12
6872 8.389238e-12
6873 8.386831e-12
6874 8.384425e-12
6875 8.382019e-12
6876 8.379615e-12
6877 8.377212e-12
6878 8.374810e-12
6879 8.372409e-12
6880 8.370008e-12
6881 8.367609e-12
6882 8.365211e-12
6883 8.362814e-12
6884 8.360418e-12
6885 8.358023e-12
6886 8.355629e-12
6887 8.353237e-12
6888 8.350845e-12
6889 8.348454e-12
6890 8.346064e-12
6891 8.343675e-12
6892 8.341288e-12
6893 8.338901e-12
6894 8.336515e-12
6895 8.334131e-12
6896 8.331747e-12
6897 8.329365e-12
6898 8.326983e-12
6899 8.324602e-12
6900 8.322223e-12
6901 8.319844e-12
6902 8.317467e-12
6903 8.315091e-12
6904 8.312715e-12
6905 8.310341e-12
6906 8.307967e-12
6907 8.305595e-12
6908 8.303224e-12
6909 8.300853e-12
6910 8.298484e-12
6911 8.296116e-12
6912 8.293749e-12
6913 8.291382e-12
6914 8.289017e-12
6915 8.286653e-12
6916 8.284290e-12
6917 8.281928e-12
6918 8.279567e-12
6919 8.277206e-12
6920 8.274847e-12
6921 8.272489e-12
6922 8.270132e-12
6923 8.267776e-12
6924 8.265421e-12
6925 8.263067e-12
6926 8.260714e-12
6927 8.258362e-12
6928 8.256011e-12
6929 8.253661e-12
6930 8.251312e-12
6931 8.248964e-12
6932 8.246617e-12
6933 8.244271e-12
6934 8.241926e-12
6935 8.239582e-12
6936 8.237239e-12
6937 8.234897e-12
6938 8.232556e-12
6939 8.230216e-12
6940 8.227877e-12
6941 8.225539e-12
6942 8.223202e-12
6943 8.220866e-12
6944 8.218531e-12
6945 8.216197e-12
6946 8.213864e-12
6947 8.211532e-12
6948 8.209201e-12
6949 8.206871e-12
6950 8.204542e-12
6951 8.202214e-12
6952 8.199887e-12
6953 8.197562e-12
6954 8.195237e-12
6955 8.192913e-12
6956 8.190590e-12
6957 8.188267e-12
6958 8.185946e-12
6959 8.183626e-12
6960 8.181307e-12
6961 8.178989e-12
6962 8.176672e-12
6963 8.174356e-12
6964 8.172041e-12
6965 8.169727e-12
6966 8.167414e-12
6967 8.165102e-12
6968 8.162791e-12
6969 8.160481e-12
6970 8.158171e-12
6971 8.155863e-12
6972 8.153556e-12
6973 8.151250e-12
6974 8.148945e-12
6975 8.146640e-12
6976 8.144337e-12
6977 8.142035e-12
6978 8.139733e-12
6979 8.137433e-12
6980 8.135134e-12
6981 8.132835e-12
6982 8.130538e-12
6983 8.128242e-12
6984 8.125946e-12
6985 8.123652e-12
6986 8.121358e-12
6987 8.119066e-12
6988 8.116774e-12
6989 8.114484e-12
6990 8.112194e-12
6991 8.109906e-12
6992 8.107618e-12
6993 8.105331e-12
6994 8.103046e-12
6995 8.100761e-12
6996 8.098477e-12
6997 8.096194e-12
6998 8.093913e-12
6999 8.091632e-12
7000 8.089352e-12
7001 8.087073e-12
7002 8.084795e-12
7003 8.082518e-12
7004 8.080242e-12
7005 8.077967e-12
7006 8.075693e-12
7007 8.073420e-12
7008 8.071148e-12
7009 8.068876e-12
7010 8.066606e-12
7011 8.064337e-12
7012 8.062069e-12
7013 8.059801e-12
7014 8.057535e-12
7015 8.055270e-12
7016 8.053005e-12
7017 8.050742e-12
7018 8.048479e-12
7019 8.046218e-12
7020 8.043957e-12
7021 8.041697e-12
7022 8.039439e-12
7023 8.037181e-12
7024 8.034924e-12
7025 8.032668e-12
7026 8.030413e-12
7027 8.028159e-12
7028 8.025906e-12
7029 8.023654e-12
7030 8.021403e-12
7031 8.019153e-12
7032 8.016904e-12
7033 8.014656e-12
7034 8.012409e-12
7035 8.010162e-12
7036 8.007917e-12
7037 8.005673e-12
7038 8.003429e-12
7039 8.001187e-12
7040 7.998945e-12
7041 7.996704e-12
7042 7.994465e-12
7043 7.992226e-12
7044 7.989988e-12
7045 7.987751e-12
7046 7.985515e-12
7047 7.983280e-12
7048 7.981046e-12
7049 7.978813e-12
7050 7.976581e-12
7051 7.974350e-12
7052 7.972120e-12
7053 7.969890e-12
7054 7.967662e-12
7055 7.965435e-12
7056 7.963208e-12
7057 7.960983e-12
7058 7.958758e-12
7059 7.956534e-12
7060 7.954311e-12
7061 7.952090e-12
7062 7.949869e-12
7063 7.947649e-12
7064 7.945430e-12
7065 7.943212e-12
7066 7.940995e-12
7067 7.938778e-12
7068 7.936563e-12
7069 7.934349e-12
7070 7.932135e-12
7071 7.929923e-12
7072 7.927711e-12
7073 7.925501e-12
7074 7.923291e-12
7075 7.921082e-12
7076 7.918874e-12
7077 7.916667e-12
7078 7.914461e-12
7079 7.912256e-12
7080 7.910052e-12
7081 7.907849e-12
7082 7.905647e-12
7083 7.903445e-12
7084 7.901245e-12
7085 7.899045e-12
7086 7.896847e-12
7087 7.894649e-12
7088 7.892452e-12
7089 7.890256e-12
7090 7.888062e-12
7091 7.885868e-12
7092 7.883675e-12
7093 7.881482e-12
7094 7.879291e-12
7095 7.877101e-12
7096 7.874911e-12
7097 7.872723e-12
7098 7.870535e-12
7099 7.868349e-12
7100 7.866163e-12
7101 7.863978e-12
7102 7.861794e-12
7103 7.859611e-12
7104 7.857429e-12
7105 7.855248e-12
7106 7.853068e-12
7107 7.850888e-12
7108 7.848710e-12
7109 7.846532e-12
7110 7.844356e-12
7111 7.842180e-12
7112 7.840005e-12
7113 7.837832e-12
7114 7.835659e-12
7115 7.833486e-12
7116 7.831315e-12
7117 7.829145e-12
7118 7.826976e-12
7119 7.824807e-12
7120 7.822640e-12
7121 7.820473e-12
7122 7.818307e-12
7123 7.816143e-12
7124 7.813979e-12
7125 7.811816e-12
7126 7.809654e-12
7127 7.807492e-12
7128 7.805332e-12
7129 7.803173e-12
7130 7.801014e-12
7131 7.798856e-12
7132 7.796700e-12
7133 7.794544e-12
7134 7.792389e-12
7135 7.790235e-12
7136 7.788082e-12
7137 7.785930e-12
7138 7.783778e-12
7139 7.781628e-12
7140 7.779478e-12
7141 7.777330e-12
7142 7.775182e-12
7143 7.773035e-12
7144 7.770889e-12
7145 7.768744e-12
7146 7.766600e-12
7147 7.764457e-12
7148 7.762314e-12
7149 7.760173e-12
7150 7.758018e-12
7151 7.755854e-12
7152 7.753691e-12
7153 7.751529e-12
7154 7.749368e-12
7155 7.747207e-12
7156 7.745048e-12
7157 7.742889e-12
7158 7.740732e-12
7159 7.738575e-12
7160 7.736419e-12
7161 7.734264e-12
7162 7.732110e-12
7163 7.729957e-12
7164 7.727805e-12
7165 7.725653e-12
7166 7.723503e-12
7167 7.721353e-12
7168 7.719205e-12
7169 7.717057e-12
7170 7.714910e-12
7171 7.712764e-12
7172 7.710619e-12
7173 7.708475e-12
7174 7.706332e-12
7175 7.704189e-12
7176 7.702048e-12
7177 7.699907e-12
7178 7.697767e-12
7179 7.695629e-12
7180 7.693491e-12
7181 7.691354e-12
7182 7.689217e-12
7183 7.687082e-12
7184 7.684948e-12
7185 7.682814e-12
7186 7.680682e-12
7187 7.678550e-12
7188 7.676419e-12
7189 7.674289e-12
7190 7.672160e-12
7191 7.670032e-12
7192 7.667905e-12
7193 7.665779e-12
7194 7.663653e-12
7195 7.661529e-12
7196 7.659405e-12
7197 7.657282e-12
7198 7.655160e-12
7199 7.653039e-12
7200 7.650919e-12
7201 7.648799e-12
7202 7.646681e-12
7203 7.644564e-12
7204 7.642447e-12
7205 7.640331e-12
7206 7.638216e-12
7207 7.636102e-12
7208 7.633989e-12
7209 7.631877e-12
7210 7.629765e-12
7211 7.627655e-12
7212 7.625545e-12
7213 7.623436e-12
7214 7.621329e-12
7215 7.619222e-12
7216 7.617115e-12
7217 7.615010e-12
7218 7.612906e-12
7219 7.610802e-12
7220 7.608700e-12
7221 7.606598e-12
7222 7.604497e-12
7223 7.602397e-12
7224 7.600298e-12
7225 7.598199e-12
7226 7.596102e-12
7227 7.594005e-12
7228 7.591910e-12
7229 7.589815e-12
7230 7.587721e-12
7231 7.585628e-12
7232 7.583536e-12
7233 7.581444e-12
7234 7.579354e-12
7235 7.577264e-12
7236 7.575176e-12
7237 7.573088e-12
7238 7.571001e-12
7239 7.568915e-12
7240 7.566829e-12
7241 7.564745e-12
7242 7.562661e-12
7243 7.560579e-12
7244 7.558497e-12
7245 7.556416e-12
7246 7.554336e-12
7247 7.552256e-12
7248 7.550178e-12
7249 7.548100e-12
7250 7.546024e-12
7251 7.543948e-12
7252 7.541873e-12
7253 7.539799e-12
7254 7.537725e-12
7255 7.535653e-12
7256 7.533582e-12
7257 7.531511e-12
7258 7.529441e-12
7259 7.527372e-12
7260 7.525304e-12
7261 7.523237e-12
7262 7.521170e-12
7263 7.519105e-12
7264 7.517040e-12
7265 7.514976e-12
7266 7.512913e-12
7267 7.510851e-12
7268 7.508789e-12
7269 7.506729e-12
7270 7.504669e-12
7271 7.502611e-12
7272 7.500553e-12
7273 7.498496e-12
7274 7.496439e-12
7275 7.494384e-12
7276 7.492329e-12
7277 7.490276e-12
7278 7.488223e-12
7279 7.486171e-12
7280 7.484120e-12
7281 7.482069e-12
7282 7.480020e-12
7283 7.477971e-12
7284 7.475923e-12
7285 7.473876e-12
7286 7.471830e-12
7287 7.469785e-12
7288 7.467741e-12
7289 7.465697e-12
7290 7.463654e-12
7291 7.461612e-12
7292 7.459571e-12
7293 7.457531e-12
7294 7.455492e-12
7295 7.453453e-12
7296 7.451415e-12
7297 7.449378e-12
7298 7.447342e-12
7299 7.445307e-12
7300 7.443273e-12
7301 7.441239e-12
7302 7.439207e-12
7303 7.437175e-12
7304 7.435144e-12
7305 7.433113e-12
7306 7.431084e-12
7307 7.429056e-12
7308 7.427028e-12
7309 7.425001e-12
7310 7.422975e-12
7311 7.420950e-12
7312 7.418925e-12
7313 7.416902e-12
7314 7.414879e-12
7315 7.412857e-12
7316 7.410836e-12
7317 7.408816e-12
7318 7.406796e-12
7319 7.404778e-12
7320 7.402760e-12
7321 7.400743e-12
7322 7.398727e-12
7323 7.396711e-12
7324 7.394697e-12
7325 7.392683e-12
7326 7.390671e-12
7327 7.388658e-12
7328 7.386647e-12
7329 7.384637e-12
7330 7.382627e-12
7331 7.380619e-12
7332 7.378611e-12
7333 7.376604e-12
7334 7.374597e-12
7335 7.372592e-12
7336 7.370587e-12
7337 7.368584e-12
7338 7.366581e-12
7339 7.364578e-12
7340 7.362577e-12
7341 7.360576e-12
7342 7.358577e-12
7343 7.356578e-12
7344 7.354580e-12
7345 7.352582e-12
7346 7.350586e-12
7347 7.348590e-12
7348 7.346596e-12
7349 7.344601e-12
7350 7.342608e-12
7351 7.340616e-12
7352 7.338624e-12
7353 7.336634e-12
7354 7.334644e-12
7355 7.332654e-12
7356 7.330666e-12
7357 7.328679e-12
7358 7.326692e-12
7359 7.324706e-12
7360 7.322721e-12
7361 7.320736e-12
7362 7.318753e-12
7363 7.316770e-12
7364 7.314788e-12
7365 7.312807e-12
7366 7.310827e-12
7367 7.308848e-12
7368 7.306869e-12
7369 7.304891e-12
7370 7.302914e-12
7371 7.300938e-12
7372 7.298962e-12
7373 7.296988e-12
7374 7.295014e-12
7375 7.293041e-12
7376 7.291068e-12
7377 7.289097e-12
7378 7.287126e-12
7379 7.285157e-12
7380 7.283188e-12
7381 7.281219e-12
7382 7.279252e-12
7383 7.277285e-12
7384 7.275319e-12
7385 7.273354e-12
7386 7.271390e-12
7387 7.269427e-12
7388 7.267464e-12
7389 7.265502e-12
7390 7.263541e-12
7391 7.261581e-12
7392 7.259621e-12
7393 7.257662e-12
7394 7.255705e-12
7395 7.253747e-12
7396 7.251791e-12
7397 7.249836e-12
7398 7.247881e-12
7399 7.245927e-12
7400 7.243974e-12
7401 7.242021e-12
7402 7.240070e-12
7403 7.238119e-12
7404 7.236169e-12
7405 7.234220e-12
7406 7.232272e-12
7407 7.230324e-12
7408 7.228377e-12
7409 7.226431e-12
7410 7.224486e-12
7411 7.222541e-12
7412 7.220598e-12
7413 7.218655e-12
7414 7.216713e-12
7415 7.214771e-12
7416 7.212831e-12
7417 7.210891e-12
7418 7.208952e-12
7419 7.207014e-12
7420 7.205076e-12
7421 7.203140e-12
7422 7.201204e-12
7423 7.199269e-12
7424 7.197334e-12
7425 7.195401e-12
7426 7.193468e-12
7427 7.191536e-12
7428 7.189605e-12
7429 7.187675e-12
7430 7.185745e-12
7431 7.183816e-12
7432 7.181888e-12
7433 7.179961e-12
7434 7.178034e-12
7435 7.176109e-12
7436 7.174184e-12
7437 7.172259e-12
7438 7.170336e-12
7439 7.168413e-12
7440 7.166491e-12
7441 7.164570e-12
7442 7.162650e-12
7443 7.160730e-12
7444 7.158812e-12
7445 7.156894e-12
7446 7.154976e-12
7447 7.153060e-12
7448 7.151144e-12
7449 7.149229e-12
7450 7.147315e-12
7451 7.145402e-12
7452 7.143489e-12
7453 7.141577e-12
7454 7.139666e-12
7455 7.137756e-12
7456 7.135846e-12
7457 7.133938e-12
7458 7.132030e-12
7459 7.130122e-12
7460 7.128216e-12
7461 7.126310e-12
7462 7.124405e-12
7463 7.122501e-12
7464 7.120598e-12
7465 7.118695e-12
7466 7.116793e-12
7467 7.114892e-12
7468 7.112992e-12
7469 7.111092e-12
7470 7.109193e-12
7471 7.107295e-12
7472 7.105398e-12
7473 7.103501e-12
7474 7.101605e-12
7475 7.099710e-12
7476 7.097816e-12
7477 7.095923e-12
7478 7.094030e-12
7479 7.092138e-12
7480 7.090247e-12
7481 7.088356e-12
7482 7.086466e-12
7483 7.084577e-12
7484 7.082689e-12
7485 7.080802e-12
7486 7.078915e-12
7487 7.077029e-12
7488 7.075144e-12
7489 7.073259e-12
7490 7.071376e-12
7491 7.069493e-12
7492 7.067611e-12
7493 7.065729e-12
7494 7.063848e-12
7495 7.061969e-12
7496 7.060089e-12
7497 7.058211e-12
7498 7.056333e-12
7499 7.054456e-12
7500 7.052580e-12
7501 7.050705e-12
7502 7.048830e-12
7503 7.046956e-12
7504 7.045083e-12
7505 7.043210e-12
7506 7.041339e-12
7507 7.039468e-12
7508 7.037598e-12
7509 7.035728e-12
7510 7.033859e-12
7511 7.031991e-12
7512 7.030124e-12
7513 7.028258e-12
7514 7.026392e-12
7515 7.024527e-12
7516 7.022663e-12
7517 7.020799e-12
7518 7.018936e-12
7519 7.017074e-12
7520 7.015213e-12
7521 7.013353e-12
7522 7.011493e-12
7523 7.009634e-12
7524 7.007775e-12
7525 7.005918e-12
7526 7.004061e-12
7527 7.002205e-12
7528 7.000350e-12
7529 6.998495e-12
7530 6.996641e-12
7531 6.994788e-12
7532 6.992936e-12
7533 6.991084e-12
7534 6.989233e-12
7535 6.987383e-12
7536 6.985533e-12
7537 6.983684e-12
7538 6.981836e-12
7539 6.979989e-12
7540 6.978143e-12
7541 6.976297e-12
7542 6.974452e-12
7543 6.972607e-12
7544 6.970764e-12
7545 6.968921e-12
7546 6.967079e-12
7547 6.965237e-12
7548 6.963397e-12
7549 6.961557e-12
7550 6.959718e-12
7551 6.957879e-12
7552 6.956041e-12
7553 6.954204e-12
7554 6.952368e-12
7555 6.950532e-12
7556 6.948698e-12
7557 6.946864e-12
7558 6.945030e-12
7559 6.943197e-12
7560 6.941366e-12
7561 6.939534e-12
7562 6.937704e-12
7563 6.935874e-12
7564 6.934045e-12
7565 6.932217e-12
7566 6.930389e-12
7567 6.928562e-12
7568 6.926736e-12
7569 6.924911e-12
7570 6.923086e-12
7571 6.921262e-12
7572 6.919439e-12
7573 6.917616e-12
7574 6.915794e-12
7575 6.913973e-12
7576 6.912153e-12
7577 6.910333e-12
7578 6.908514e-12
7579 6.906696e-12
7580 6.904879e-12
7581 6.903062e-12
7582 6.901246e-12
7583 6.899430e-12
7584 6.897616e-12
7585 6.895802e-12
7586 6.893989e-12
7587 6.892176e-12
7588 6.890364e-12
7589 6.888553e-12
7590 6.886743e-12
7591 6.884933e-12
7592 6.883124e-12
7593 6.881316e-12
7594 6.879509e-12
7595 6.877702e-12
7596 6.875896e-12
7597 6.874091e-12
7598 6.872286e-12
7599 6.870482e-12
7600 6.868679e-12
7601 6.866876e-12
7602 6.865075e-12
7603 6.863273e-12
7604 6.861473e-12
7605 6.859673e-12
7606 6.857874e-12
7607 6.856076e-12
7608 6.854279e-12
7609 6.852482e-12
7610 6.850686e-12
7611 6.848890e-12
7612 6.847096e-12
7613 6.845302e-12
7614 6.843508e-12
7615 6.841716e-12
7616 6.839924e-12
7617 6.838133e-12
7618 6.836342e-12
7619 6.834552e-12
7620 6.832763e-12
7621 6.830975e-12
7622 6.829187e-12
7623 6.827400e-12
7624 6.825614e-12
7625 6.823828e-12
7626 6.822044e-12
7627 6.820259e-12
7628 6.818476e-12
7629 6.816693e-12
7630 6.814911e-12
7631 6.813130e-12
7632 6.811349e-12
7633 6.809569e-12
7634 6.807790e-12
7635 6.806011e-12
7636 6.804233e-12
7637 6.802456e-12
7638 6.800680e-12
7639 6.798904e-12
7640 6.797129e-12
7641 6.795354e-12
7642 6.793581e-12
7643 6.791808e-12
7644 6.790035e-12
7645 6.788264e-12
7646 6.786493e-12
7647 6.784723e-12
7648 6.782953e-12
7649 6.781184e-12
7650 6.779416e-12
7651 6.777649e-12
7652 6.775882e-12
7653 6.774116e-12
7654 6.772351e-12
7655 6.770586e-12
7656 6.768822e-12
7657 6.767059e-12
7658 6.765296e-12
7659 6.763534e-12
7660 6.761773e-12
7661 6.760012e-12
7662 6.758252e-12
7663 6.756493e-12
7664 6.754723e-12
7665 6.752947e-12
7666 6.751170e-12
7667 6.749395e-12
7668 6.747620e-12
7669 6.745846e-12
7670 6.744072e-12
7671 6.742300e-12
7672 6.740528e-12
7673 6.738756e-12
7674 6.736986e-12
7675 6.735216e-12
7676 6.733447e-12
7677 6.731678e-12
7678 6.729910e-12
7679 6.728143e-12
7680 6.726377e-12
7681 6.724611e-12
7682 6.722846e-12
7683 6.721081e-12
7684 6.719318e-12
7685 6.717555e-12
7686 6.715792e-12
7687 6.714031e-12
7688 6.712270e-12
7689 6.710510e-12
7690 6.708750e-12
7691 6.706991e-12
7692 6.705233e-12
7693 6.703476e-12
7694 6.701719e-12
7695 6.699963e-12
7696 6.698207e-12
7697 6.696453e-12
7698 6.694699e-12
7699 6.692945e-12
7700 6.691193e-12
7701 6.689441e-12
7702 6.687689e-12
7703 6.685939e-12
7704 6.684189e-12
7705 6.682440e-12
7706 6.680691e-12
7707 6.678943e-12
7708 6.677196e-12
7709 6.675450e-12
7710 6.673704e-12
7711 6.671959e-12
7712 6.670214e-12
7713 6.668471e-12
7714 6.666727e-12
7715 6.664985e-12
7716 6.663243e-12
7717 6.661502e-12
7718 6.659762e-12
7719 6.658022e-12
7720 6.656283e-12
7721 6.654545e-12
7722 6.652807e-12
7723 6.651070e-12
7724 6.649334e-12
7725 6.647599e-12
7726 6.645864e-12
7727 6.644129e-12
7728 6.642396e-12
7729 6.640663e-12
7730 6.638931e-12
7731 6.637199e-12
7732 6.635468e-12
7733 6.633738e-12
7734 6.632009e-12
7735 6.630280e-12
7736 6.628552e-12
7737 6.626824e-12
7738 6.625097e-12
7739 6.623371e-12
7740 6.621646e-12
7741 6.619921e-12
7742 6.618197e-12
7743 6.616473e-12
7744 6.614751e-12
7745 6.613028e-12
7746 6.611307e-12
7747 6.609586e-12
7748 6.607866e-12
7749 6.606147e-12
7750 6.604428e-12
7751 6.602710e-12
7752 6.600992e-12
7753 6.599276e-12
7754 6.597560e-12
7755 6.595844e-12
7756 6.594129e-12
7757 6.592415e-12
7758 6.590702e-12
7759 6.588989e-12
7760 6.587277e-12
7761 6.585566e-12
7762 6.583855e-12
7763 6.582145e-12
7764 6.580435e-12
7765 6.578727e-12
7766 6.577018e-12
7767 6.575311e-12
7768 6.573604e-12
7769 6.571898e-12
7770 6.570193e-12
7771 6.568488e-12
7772 6.566784e-12
7773 6.565080e-12
7774 6.563377e-12
7775 6.561675e-12
7776 6.559974e-12
7777 6.558273e-12
7778 6.556573e-12
7779 6.554873e-12
7780 6.553175e-12
7781 6.551476e-12
7782 6.549779e-12
7783 6.548082e-12
7784 6.546386e-12
7785 6.544690e-12
7786 6.542995e-12
7787 6.541301e-12
7788 6.539607e-12
7789 6.537914e-12
7790 6.536222e-12
7791 6.534531e-12
7792 6.532840e-12
7793 6.531149e-12
7794 6.529460e-12
7795 6.527771e-12
7796 6.526082e-12
7797 6.524395e-12
7798 6.522708e-12
7799 6.521021e-12
7800 6.519335e-12
7801 6.517650e-12
7802 6.515966e-12
7803 6.514282e-12
7804 6.512599e-12
7805 6.510917e-12
7806 6.509235e-12
7807 6.507553e-12
7808 6.505873e-12
7809 6.504193e-12
7810 6.502514e-12
7811 6.500835e-12
7812 6.499157e-12
7813 6.497480e-12
7814 6.495803e-12
7815 6.494127e-12
7816 6.492452e-12
7817 6.490777e-12
7818 6.489103e-12
7819 6.487430e-12
7820 6.485757e-12
7821 6.484085e-12
7822 6.482413e-12
7823 6.480743e-12
7824 6.479072e-12
7825 6.477403e-12
7826 6.475734e-12
7827 6.474066e-12
7828 6.472398e-12
7829 6.470731e-12
7830 6.469065e-12
7831 6.467399e-12
7832 6.465734e-12
7833 6.464070e-12
7834 6.462406e-12
7835 6.460743e-12
7836 6.459080e-12
7837 6.457418e-12
7838 6.455757e-12
7839 6.454097e-12
7840 6.452437e-12
7841 6.450777e-12
7842 6.449119e-12
7843 6.447461e-12
7844 6.445803e-12
7845 6.444147e-12
7846 6.442491e-12
7847 6.440835e-12
7848 6.439180e-12
7849 6.437526e-12
7850 6.435873e-12
7851 6.434220e-12
7852 6.432567e-12
7853 6.430916e-12
7854 6.429265e-12
7855 6.427614e-12
7856 6.425965e-12
7857 6.424315e-12
7858 6.422667e-12
7859 6.421019e-12
7860 6.419372e-12
7861 6.417725e-12
7862 6.416079e-12
7863 6.414434e-12
7864 6.412789e-12
7865 6.411145e-12
7866 6.409502e-12
7867 6.407859e-12
7868 6.406217e-12
7869 6.404575e-12
7870 6.402934e-12
7871 6.401294e-12
7872 6.399654e-12
7873 6.398015e-12
7874 6.396377e-12
7875 6.394739e-12
7876 6.393102e-12
7877 6.391466e-12
7878 6.389830e-12
7879 6.388194e-12
7880 6.386560e-12
7881 6.384926e-12
7882 6.383292e-12
7883 6.381660e-12
7884 6.380028e-12
7885 6.378396e-12
7886 6.376765e-12
7887 6.375135e-12
7888 6.373505e-12
7889 6.371876e-12
7890 6.370248e-12
7891 6.368620e-12
7892 6.366993e-12
7893 6.365366e-12
7894 6.363740e-12
7895 6.362115e-12
7896 6.360490e-12
7897 6.358866e-12
7898 6.357243e-12
7899 6.355620e-12
7900 6.353998e-12
7901 6.352376e-12
7902 6.350755e-12
7903 6.349135e-12
7904 6.347515e-12
7905 6.345896e-12
7906 6.344278e-12
7907 6.342660e-12
7908 6.341043e-12
7909 6.339426e-12
7910 6.337810e-12
7911 6.336195e-12
7912 6.334580e-12
7913 6.332966e-12
7914 6.331352e-12
7915 6.329739e-12
7916 6.328127e-12
7917 6.326515e-12
7918 6.324904e-12
7919 6.323294e-12
7920 6.321684e-12
7921 6.320075e-12
7922 6.318466e-12
7923 6.316858e-12
7924 6.315251e-12
7925 6.313644e-12
7926 6.312038e-12
7927 6.310432e-12
7928 6.308827e-12
7929 6.307223e-12
7930 6.305619e-12
7931 6.304016e-12
7932 6.302413e-12
7933 6.300811e-12
7934 6.299210e-12
7935 6.297609e-12
7936 6.296009e-12
7937 6.294410e-12
7938 6.292811e-12
7939 6.291213e-12
7940 6.289615e-12
7941 6.288018e-12
7942 6.286422e-12
7943 6.284826e-12
7944 6.283230e-12
7945 6.281636e-12
7946 6.280042e-12
7947 6.278448e-12
7948 6.276856e-12
7949 6.275263e-12
7950 6.273672e-12
7951 6.272081e-12
7952 6.270490e-12
7953 6.268901e-12
7954 6.267311e-12
7955 6.265723e-12
7956 6.264135e-12
7957 6.262547e-12
7958 6.260961e-12
7959 6.259374e-12
7960 6.257789e-12
7961 6.256204e-12
7962 6.254620e-12
7963 6.253036e-12
7964 6.251453e-12
7965 6.249870e-12
7966 6.248288e-12
7967 6.246707e-12
7968 6.245126e-12
7969 6.243546e-12
7970 6.241966e-12
7971 6.240387e-12
7972 6.238809e-12
7973 6.237231e-12
7974 6.235654e-12
7975 6.234077e-12
7976 6.232501e-12
7977 6.230926e-12
7978 6.229351e-12
7979 6.227777e-12
7980 6.226203e-12
7981 6.224630e-12
7982 6.223058e-12
7983 6.221486e-12
7984 6.219915e-12
7985 6.218344e-12
7986 6.216774e-12
7987 6.215204e-12
7988 6.213635e-12
7989 6.212067e-12
7990 6.210500e-12
7991 6.208932e-12
7992 6.207366e-12
7993 6.205800e-12
7994 6.204235e-12
7995 6.202670e-12
7996 6.201106e-12
7997 6.199542e-12
7998 6.197979e-12
7999 6.196417e-12
8000 6.194855e-12
8001 6.193294e-12
8002 6.191733e-12
8003 6.190173e-12
8004 6.188614e-12
8005 6.187055e-12
8006 6.185497e-12
8007 6.183939e-12
8008 6.182382e-12
8009 6.180826e-12
8010 6.179270e-12
8011 6.177714e-12
8012 6.176160e-12
8013 6.174605e-12
8014 6.173052e-12
8015 6.171499e-12
8016 6.169946e-12
8017 6.168395e-12
8018 6.166843e-12
8019 6.165293e-12
8020 6.163743e-12
8021 6.162193e-12
8022 6.160644e-12
8023 6.159096e-12
8024 6.157548e-12
8025 6.156001e-12
8026 6.154455e-12
8027 6.152909e-12
8028 6.151363e-12
8029 6.149818e-12
8030 6.148274e-12
8031 6.146730e-12
8032 6.145187e-12
8033 6.143645e-12
8034 6.142103e-12
8035 6.140562e-12
8036 6.139021e-12
8037 6.137481e-12
8038 6.135941e-12
8039 6.134402e-12
8040 6.132863e-12
8041 6.131326e-12
8042 6.129788e-12
8043 6.128252e-12
8044 6.126715e-12
8045 6.125180e-12
8046 6.123645e-12
8047 6.122110e-12
8048 6.120577e-12
8049 6.119043e-12
8050 6.117511e-12
8051 6.115978e-12
8052 6.114447e-12
8053 6.112916e-12
8054 6.111385e-12
8055 6.109856e-12
8056 6.108326e-12
8057 6.106798e-12
8058 6.105270e-12
8059 6.103742e-12
8060 6.102215e-12
8061 6.100689e-12
8062 6.099163e-12
8063 6.097638e-12
8064 6.096113e-12
8065 6.094589e-12
8066 6.093065e-12
8067 6.091542e-12
8068 6.090020e-12
8069 6.088498e-12
8070 6.086977e-12
8071 6.085456e-12
8072 6.083936e-12
8073 6.082416e-12
8074 6.080897e-12
8075 6.079379e-12
8076 6.077861e-12
8077 6.076344e-12
8078 6.074827e-12
8079 6.073311e-12
8080 6.071795e-12
8081 6.070280e-12
8082 6.068766e-12
8083 6.067252e-12
8084 6.065738e-12
8085 6.064226e-12
8086 6.062713e-12
8087 6.061202e-12
8088 6.059691e-12
8089 6.058180e-12
8090 6.056670e-12
8091 6.055161e-12
8092 6.053652e-12
8093 6.052144e-12
8094 6.050636e-12
8095 6.049129e-12
8096 6.047622e-12
8097 6.046116e-12
8098 6.044611e-12
8099 6.043106e-12
8100 6.041602e-12
8101 6.040098e-12
8102 6.038595e-12
8103 6.037092e-12
8104 6.035590e-12
8105 6.034088e-12
8106 6.032587e-12
8107 6.031087e-12
8108 6.029587e-12
8109 6.028088e-12
8110 6.026589e-12
8111 6.025091e-12
8112 6.023593e-12
8113 6.022096e-12
8114 6.020600e-12
8115 6.019104e-12
8116 6.017608e-12
8117 6.016113e-12
8118 6.014619e-12
8119 6.013125e-12
8120 6.011632e-12
8121 6.010139e-12
8122 6.008647e-12
8123 6.007156e-12
8124 6.005665e-12
8125 6.004174e-12
8126 6.002685e-12
8127 6.001195e-12
8128 5.999707e-12
8129 5.998218e-12
8130 5.996731e-12
8131 5.995244e-12
8132 5.993757e-12
8133 5.992271e-12
8134 5.990786e-12
8135 5.989301e-12
8136 5.987816e-12
8137 5.986332e-12
8138 5.984849e-12
8139 5.983367e-12
8140 5.981884e-12
8141 5.980403e-12
8142 5.978922e-12
8143 5.977441e-12
8144 5.975961e-12
8145 5.974482e-12
8146 5.973003e-12
8147 5.971525e-12
8148 5.970047e-12
8149 5.968570e-12
8150 5.967093e-12
8151 5.965617e-12
8152 5.964141e-12
8153 5.962666e-12
8154 5.961192e-12
8155 5.959718e-12
8156 5.958245e-12
8157 5.956772e-12
8158 5.955299e-12
8159 5.953828e-12
8160 5.952356e-12
8161 5.950886e-12
8162 5.949416e-12
8163 5.947946e-12
8164 5.946477e-12
8165 5.945008e-12
8166 5.943540e-12
8167 5.942073e-12
8168 5.940606e-12
8169 5.939140e-12
8170 5.937674e-12
8171 5.936209e-12
8172 5.934744e-12
8173 5.933280e-12
8174 5.931816e-12
8175 5.930353e-12
8176 5.928891e-12
8177 5.927429e-12
8178 5.925967e-12
8179 5.924506e-12
8180 5.923046e-12
8181 5.921586e-12
8182 5.920127e-12
8183 5.918668e-12
8184 5.917210e-12
8185 5.915752e-12
8186 5.914295e-12
8187 5.912838e-12
8188 5.911382e-12
8189 5.909927e-12
8190 5.908471e-12
8191 5.907017e-12
8192 5.905563e-12
8193 5.904110e-12
8194 5.902657e-12
8195 5.901204e-12
8196 5.899753e-12
8197 5.898301e-12
8198 5.896851e-12
8199 5.895400e-12
8200 5.893951e-12
8201 5.892502e-12
8202 5.891053e-12
8203 5.889605e-12
8204 5.888157e-12
8205 5.886710e-12
8206 5.885264e-12
8207 5.883818e-12
8208 5.882372e-12
8209 5.880928e-12
8210 5.879483e-12
8211 5.878039e-12
8212 5.876596e-12
8213 5.875153e-12
8214 5.873711e-12
8215 5.872260e-12
8216 5.870804e-12
8217 5.869348e-12
8218 5.867893e-12
8219 5.866439e-12
8220 5.864985e-12
8221 5.863532e-12
8222 5.862079e-12
8223 5.860627e-12
8224 5.859175e-12
8225 5.857724e-12
8226 5.856273e-12
8227 5.854823e-12
8228 5.853373e-12
8229 5.851924e-12
8230 5.850476e-12
8231 5.849028e-12
8232 5.847580e-12
8233 5.846133e-12
8234 5.844687e-12
8235 5.843241e-12
8236 5.841796e-12
8237 5.840351e-12
8238 5.838907e-12
8239 5.837463e-12
8240 5.836020e-12
8241 5.834577e-12
8242 5.833135e-12
8243 5.831694e-12
8244 5.830253e-12
8245 5.828812e-12
8246 5.827372e-12
8247 5.825933e-12
8248 5.824494e-12
8249 5.823055e-12
8250 5.821617e-12
8251 5.820180e-12
8252 5.818743e-12
8253 5.817307e-12
8254 5.815871e-12
8255 5.814436e-12
8256 5.813001e-12
8257 5.811567e-12
8258 5.810133e-12
8259 5.808700e-12
8260 5.807268e-12
8261 5.805836e-12
8262 5.804404e-12
8263 5.802973e-12
8264 5.801543e-12
8265 5.800113e-12
8266 5.798683e-12
8267 5.797254e-12
8268 5.795826e-12
8269 5.794398e-12
8270 5.792971e-12
8271 5.791544e-12
8272 5.790118e-12
8273 5.788692e-12
8274 5.787267e-12
8275 5.785842e-12
8276 5.784418e-12
8277 5.782994e-12
8278 5.781571e-12
8279 5.780148e-12
8280 5.778726e-12
8281 5.777304e-12
8282 5.775883e-12
8283 5.774463e-12
8284 5.773043e-12
8285 5.771623e-12
8286 5.770204e-12
8287 5.768786e-12
8288 5.767368e-12
8289 5.765950e-12
8290 5.764534e-12
8291 5.763117e-12
8292 5.761701e-12
8293 5.760286e-12
8294 5.758871e-12
8295 5.757457e-12
8296 5.756043e-12
8297 5.754630e-12
8298 5.753217e-12
8299 5.751805e-12
8300 5.750393e-12
8301 5.748982e-12
8302 5.747571e-12
8303 5.746161e-12
8304 5.744751e-12
8305 5.743342e-12
8306 5.741934e-12
8307 5.740525e-12
8308 5.739118e-12
8309 5.737711e-12
8310 5.736304e-12
8311 5.734898e-12
8312 5.733493e-12
8313 5.732088e-12
8314 5.730683e-12
8315 5.729279e-12
8316 5.727876e-12
8317 5.726473e-12
8318 5.725070e-12
8319 5.723668e-12
8320 5.722267e-12
8321 5.720866e-12
8322 5.719465e-12
8323 5.718065e-12
8324 5.716666e-12
8325 5.715267e-12
8326 5.713869e-12
8327 5.712471e-12
8328 5.711074e-12
8329 5.709677e-12
8330 5.708280e-12
8331 5.706885e-12
8332 5.705489e-12
8333 5.704094e-12
8334 5.702700e-12
8335 5.701306e-12
8336 5.699913e-12
8337 5.698520e-12
8338 5.697128e-12
8339 5.695736e-12
8340 5.694345e-12
8341 5.692954e-12
8342 5.691564e-12
8343 5.690174e-12
8344 5.688785e-12
8345 5.687396e-12
8346 5.686008e-12
8347 5.684620e-12
8348 5.683233e-12
8349 5.681846e-12
8350 5.680460e-12
8351 5.679074e-12
8352 5.677689e-12
8353 5.676305e-12
8354 5.674920e-12
8355 5.673537e-12
8356 5.672153e-12
8357 5.670771e-12
8358 5.669389e-12
8359 5.668007e-12
8360 5.666626e-12
8361 5.665245e-12
8362 5.663865e-12
8363 5.662485e-12
8364 5.661106e-12
8365 5.659727e-12
8366 5.658349e-12
8367 5.656972e-12
8368 5.655594e-12
8369 5.654218e-12
8370 5.652842e-12
8371 5.651466e-12
8372 5.650091e-12
8373 5.648716e-12
8374 5.647342e-12
8375 5.645968e-12
8376 5.644595e-12
8377 5.643222e-12
8378 5.641850e-12
8379 5.640479e-12
8380 5.639107e-12
8381 5.637737e-12
8382 5.636366e-12
8383 5.634997e-12
8384 5.633628e-12
8385 5.632259e-12
8386 5.630891e-12
8387 5.629523e-12
8388 5.628156e-12
8389 5.626789e-12
8390 5.625423e-12
8391 5.624057e-12
8392 5.622692e-12
8393 5.621327e-12
8394 5.619963e-12
8395 5.618599e-12
8396 5.617236e-12
8397 5.615873e-12
8398 5.614511e-12
8399 5.613149e-12
8400 5.611788e-12
8401 5.610427e-12
8402 5.609067e-12
8403 5.607707e-12
8404 5.606347e-12
8405 5.604989e-12
8406 5.603630e-12
8407 5.602272e-12
8408 5.600915e-12
8409 5.599558e-12
8410 5.598202e-12
8411 5.596846e-12
8412 5.595490e-12
8413 5.594136e-12
8414 5.592781e-12
8415 5.591427e-12
8416 5.590074e-12
8417 5.588721e-12
8418 5.587368e-12
8419 5.586016e-12
8420 5.584665e-12
8421 5.583314e-12
8422 5.581963e-12
8423 5.580613e-12
8424 5.579264e-12
8425 5.577915e-12
8426 5.576566e-12
8427 5.575218e-12
8428 5.573870e-12
8429 5.572523e-12
8430 5.571177e-12
8431 5.569830e-12
8432 5.568485e-12
8433 5.567140e-12
8434 5.565795e-12
8435 5.564451e-12
8436 5.563107e-12
8437 5.561764e-12
8438 5.560421e-12
8439 5.559079e-12
8440 5.557737e-12
8441 5.556396e-12
8442 5.555055e-12
8443 5.553714e-12
8444 5.552375e-12
8445 5.551035e-12
8446 5.549696e-12
8447 5.548358e-12
8448 5.547020e-12
8449 5.545683e-12
8450 5.544346e-12
8451 5.543009e-12
8452 5.541673e-12
8453 5.540337e-12
8454 5.539002e-12
8455 5.537668e-12
8456 5.536334e-12
8457 5.535000e-12
8458 5.533667e-12
8459 5.532334e-12
8460 5.531002e-12
8461 5.529670e-12
8462 5.528339e-12
8463 5.527009e-12
8464 5.525678e-12
8465 5.524348e-12
8466 5.523019e-12
8467 5.521690e-12
8468 5.520362e-12
8469 5.519034e-12
8470 5.517707e-12
8471 5.516380e-12
8472 5.515053e-12
8473 5.513727e-12
8474 5.512402e-12
8475 5.511077e-12
8476 5.509752e-12
8477 5.508428e-12
8478 5.507104e-12
8479 5.505781e-12
8480 5.504459e-12
8481 5.503137e-12
8482 5.501815e-12
8483 5.500494e-12
8484 5.499173e-12
8485 5.497853e-12
8486 5.496533e-12
8487 5.495213e-12
8488 5.493894e-12
8489 5.492576e-12
8490 5.491258e-12
8491 5.489941e-12
8492 5.488624e-12
8493 5.487307e-12
8494 5.485991e-12
8495 5.484676e-12
8496 5.483360e-12
8497 5.482046e-12
8498 5.480732e-12
8499 5.479418e-12
8500 5.478105e-12
8501 5.476792e-12
8502 5.475480e-12
8503 5.474168e-12
8504 5.472856e-12
8505 5.471546e-12
8506 5.470235e-12
8507 5.468925e-12
8508 5.467616e-12
8509 5.466307e-12
8510 5.464998e-12
8511 5.463690e-12
8512 5.462382e-12
8513 5.461075e-12
8514 5.459769e-12
8515 5.458462e-12
8516 5.457157e-12
8517 5.455851e-12
8518 5.454547e-12
8519 5.453242e-12
8520 5.451938e-12
8521 5.450635e-12
8522 5.449332e-12
8523 5.448029e-12
8524 5.446727e-12
8525 5.445426e-12
8526 5.444125e-12
8527 5.442824e-12
8528 5.441524e-12
8529 5.440224e-12
8530 5.438925e-12
8531 5.437626e-12
8532 5.436328e-12
8533 5.435030e-12
8534 5.433733e-12
8535 5.432436e-12
8536 5.431139e-12
8537 5.429843e-12
8538 5.428548e-12
8539 5.427253e-12
8540 5.425958e-12
8541 5.424664e-12
8542 5.423370e-12
8543 5.422077e-12
8544 5.420784e-12
8545 5.419492e-12
8546 5.418200e-12
8547 5.416908e-12
8548 5.415617e-12
8549 5.414327e-12
8550 5.413037e-12
8551 5.411747e-12
8552 5.410458e-12
8553 5.409169e-12
8554 5.407881e-12
8555 5.406594e-12
8556 5.405306e-12
8557 5.404019e-12
8558 5.402733e-12
8559 5.401447e-12
8560 5.400162e-12
8561 5.398877e-12
8562 5.397592e-12
8563 5.396308e-12
8564 5.395024e-12
8565 5.393741e-12
8566 5.392458e-12
8567 5.391176e-12
8568 5.389894e-12
8569 5.388613e-12
8570 5.387332e-12
8571 5.386052e-12
8572 5.384771e-12
8573 5.383492e-12
8574 5.382213e-12
8575 5.380934e-12
8576 5.379656e-12
8577 5.378378e-12
8578 5.377101e-12
8579 5.375824e-12
8580 5.374548e-12
8581 5.373272e-12
8582 5.371996e-12
8583 5.370721e-12
8584 5.369447e-12
8585 5.368173e-12
8586 5.366899e-12
8587 5.365626e-12
8588 5.364353e-12
8589 5.363081e-12
8590 5.361809e-12
8591 5.360537e-12
8592 5.359266e-12
8593 5.357996e-12
8594 5.356726e-12
8595 5.355456e-12
8596 5.354187e-12
8597 5.352918e-12
8598 5.351650e-12
8599 5.350382e-12
8600 5.349115e-12
8601 5.347848e-12
8602 5.346581e-12
8603 5.345315e-12
8604 5.344049e-12
8605 5.342784e-12
8606 5.341520e-12
8607 5.340255e-12
8608 5.338991e-12
8609 5.337728e-12
8610 5.336465e-12
8611 5.335203e-12
8612 5.333941e-12
8613 5.332679e-12
8614 5.331418e-12
8615 5.330157e-12
8616 5.328897e-12
8617 5.327637e-12
8618 5.326378e-12
8619 5.325119e-12
8620 5.323860e-12
8621 5.322602e-12
8622 5.321345e-12
8623 5.320088e-12
8624 5.318831e-12
8625 5.317575e-12
8626 5.316319e-12
8627 5.315063e-12
8628 5.313808e-12
8629 5.312554e-12
8630 5.311300e-12
8631 5.310046e-12
8632 5.308793e-12
8633 5.307540e-12
8634 5.306288e-12
8635 5.305036e-12
8636 5.303785e-12
8637 5.302534e-12
8638 5.301283e-12
8639 5.300033e-12
8640 5.298784e-12
8641 5.297534e-12
8642 5.296286e-12
8643 5.295037e-12
8644 5.293789e-12
8645 5.292542e-12
8646 5.291295e-12
8647 5.290048e-12
8648 5.288802e-12
8649 5.287556e-12
8650 5.286311e-12
8651 5.285066e-12
8652 5.283822e-12
8653 5.282578e-12
8654 5.281334e-12
8655 5.280091e-12
8656 5.278849e-12
8657 5.277606e-12
8658 5.276365e-12
8659 5.275123e-12
8660 5.273882e-12
8661 5.272642e-12
8662 5.271402e-12
8663 5.270162e-12
8664 5.268923e-12
8665 5.267684e-12
8666 5.266446e-12
8667 5.265208e-12
8668 5.263971e-12
8669 5.262734e-12
8670 5.261497e-12
8671 5.260261e-12
8672 5.259025e-12
8673 5.257790e-12
8674 5.256555e-12
8675 5.255321e-12
8676 5.254087e-12
8677 5.252853e-12
8678 5.251620e-12
8679 5.250388e-12
8680 5.249155e-12
8681 5.247924e-12
8682 5.246692e-12
8683 5.245461e-12
8684 5.244231e-12
8685 5.243001e-12
8686 5.241771e-12
8687 5.240542e-12
8688 5.239313e-12
8689 5.238085e-12
8690 5.236857e-12
8691 5.235629e-12
8692 5.234402e-12
8693 5.233175e-12
8694 5.231949e-12
8695 5.230723e-12
8696 5.229498e-12
8697 5.228273e-12
8698 5.227048e-12
8699 5.225824e-12
8700 5.224601e-12
8701 5.223377e-12
8702 5.222155e-12
8703 5.220932e-12
8704 5.219710e-12
8705 5.218489e-12
8706 5.217268e-12
8707 5.216047e-12
8708 5.214827e-12
8709 5.213607e-12
8710 5.212388e-12
8711 5.211169e-12
8712 5.209950e-12
8713 5.208732e-12
8714 5.207514e-12
8715 5.206297e-12
8716 5.205080e-12
8717 5.203864e-12
8718 5.202648e-12
8719 5.201432e-12
8720 5.200217e-12
8721 5.199002e-12
8722 5.197788e-12
8723 5.196574e-12
8724 5.195361e-12
8725 5.194147e-12
8726 5.192935e-12
8727 5.191723e-12
8728 5.190511e-12
8729 5.189300e-12
8730 5.188089e-12
8731 5.186878e-12
8732 5.185668e-12
8733 5.184458e-12
8734 5.183249e-12
8735 5.182040e-12
8736 5.180832e-12
8737 5.179624e-12
8738 5.178416e-12
8739 5.177209e-12
8740 5.176002e-12
8741 5.174796e-12
8742 5.173590e-12
8743 5.172385e-12
8744 5.171180e-12
8745 5.169975e-12
8746 5.168771e-12
8747 5.167567e-12
8748 5.166364e-12
8749 5.165161e-12
8750 5.163958e-12
8751 5.162756e-12
8752 5.161554e-12
8753 5.160353e-12
8754 5.159152e-12
8755 5.157952e-12
8756 5.156752e-12
8757 5.155552e-12
8758 5.154353e-12
8759 5.153154e-12
8760 5.151956e-12
8761 5.150758e-12
8762 5.149560e-12
8763 5.148363e-12
8764 5.147166e-12
8765 5.145970e-12
8766 5.144774e-12
8767 5.143579e-12
8768 5.142384e-12
8769 5.141189e-12
8770 5.139995e-12
8771 5.138801e-12
8772 5.137607e-12
8773 5.136414e-12
8774 5.135222e-12
8775 5.134030e-12
8776 5.132838e-12
8777 5.131647e-12
8778 5.130456e-12
8779 5.129265e-12
8780 5.128075e-12
8781 5.126885e-12
8782 5.125696e-12
8783 5.124507e-12
8784 5.123319e-12
8785 5.122131e-12
8786 5.120943e-12
8787 5.119756e-12
8788 5.118569e-12
8789 5.117383e-12
8790 5.116197e-12
8791 5.115011e-12
8792 5.113826e-12
8793 5.112641e-12
8794 5.111457e-12
8795 5.110273e-12
8796 5.109089e-12
8797 5.107906e-12
8798 5.106723e-12
8799 5.105541e-12
8800 5.104359e-12
8801 5.103178e-12
8802 5.101996e-12
8803 5.100816e-12
8804 5.099635e-12
8805 5.098454e-12
8806 5.097263e-12
8807 5.096073e-12
8808 5.094883e-12
8809 5.093693e-12
8810 5.092504e-12
8811 5.091315e-12
8812 5.090126e-12
8813 5.088938e-12
8814 5.087751e-12
8815 5.086563e-12
8816 5.085376e-12
8817 5.084190e-12
8818 5.083004e-12
8819 5.081818e-12
8820 5.080633e-12
8821 5.079448e-12
8822 5.078264e-12
8823 5.077080e-12
8824 5.075897e-12
8825 5.074713e-12
8826 5.073531e-12
8827 5.072348e-12
8828 5.071167e-12
8829 5.069985e-12
8830 5.068804e-12
8831 5.067623e-12
8832 5.066443e-12
8833 5.065263e-12
8834 5.064084e-12
8835 5.062905e-12
8836 5.061726e-12
8837 5.060548e-12
8838 5.059370e-12
8839 5.058193e-12
8840 5.057016e-12
8841 5.055839e-12
8842 5.054663e-12
8843 5.053487e-12
8844 5.052312e-12
8845 5.051137e-12
8846 5.049962e-12
8847 5.048788e-12
8848 5.047614e-12
8849 5.046441e-12
8850 5.045268e-12
8851 5.044095e-12
8852 5.042923e-12
8853 5.041751e-12
8854 5.040580e-12
8855 5.039409e-12
8856 5.038239e-12
8857 5.037068e-12
8858 5.035899e-12
8859 5.034729e-12
8860 5.033561e-12
8861 5.032392e-12
8862 5.031224e-12
8863 5.030056e-12
8864 5.028889e-12
8865 5.027722e-12
8866 5.026556e-12
8867 5.025390e-12
8868 5.024224e-12
8869 5.023059e-12
8870 5.021894e-12
8871 5.020729e-12
8872 5.019565e-12
8873 5.018401e-12
8874 5.017238e-12
8875 5.016075e-12
8876 5.014913e-12
8877 5.013751e-12
8878 5.012589e-12
8879 5.011428e-12
8880 5.010267e-12
8881 5.009106e-12
8882 5.007946e-12
8883 5.006787e-12
8884 5.005627e-12
8885 5.004469e-12
8886 5.003310e-12
8887 5.002152e-12
8888 5.000994e-12
8889 4.999837e-12
8890 4.998680e-12
8891 4.997524e-12
8892 4.996368e-12
8893 4.995212e-12
8894 4.994057e-12
8895 4.992902e-12
8896 4.991747e-12
8897 4.990593e-12
8898 4.989439e-12
8899 4.988286e-12
8900 4.987133e-12
8901 4.985981e-12
8902 4.984828e-12
8903 4.983677e-12
8904 4.982525e-12
8905 4.981374e-12
8906 4.980224e-12
8907 4.979074e-12
8908 4.977924e-12
8909 4.976775e-12
8910 4.975626e-12
8911 4.974477e-12
8912 4.973329e-12
8913 4.972181e-12
8914 4.971034e-12
8915 4.969887e-12
8916 4.968740e-12
8917 4.967594e-12
8918 4.966448e-12
8919 4.965303e-12
8920 4.964158e-12
8921 4.963013e-12
8922 4.961869e-12
8923 4.960725e-12
8924 4.959581e-12
8925 4.958438e-12
8926 4.957296e-12
8927 4.956153e-12
8928 4.955012e-12
8929 4.953870e-12
8930 4.952729e-12
8931 4.951588e-12
8932 4.950448e-12
8933 4.949308e-12
8934 4.948168e-12
8935 4.947029e-12
8936 4.945890e-12
8937 4.944752e-12
8938 4.943614e-12
8939 4.942476e-12
8940 4.941339e-12
8941 4.940202e-12
8942 4.939066e-12
8943 4.937930e-12
8944 4.936794e-12
8945 4.935659e-12
8946 4.934524e-12
8947 4.933390e-12
8948 4.932255e-12
8949 4.931122e-12
8950 4.929988e-12
8951 4.928855e-12
8952 4.927723e-12
8953 4.926591e-12
8954 4.925459e-12
8955 4.924328e-12
8956 4.923197e-12
8957 4.922066e-12
8958 4.920936e-12
8959 4.919806e-12
8960 4.918676e-12
8961 4.917547e-12
8962 4.916418e-12
8963 4.915290e-12
8964 4.914162e-12
8965 4.913035e-12
8966 4.911908e-12
8967 4.910781e-12
8968 4.909654e-12
8969 4.908528e-12
8970 4.907403e-12
8971 4.906277e-12
8972 4.905153e-12
8973 4.904028e-12
8974 4.902904e-12
8975 4.901780e-12
8976 4.900657e-12
8977 4.899534e-12
8978 4.898411e-12
8979 4.897289e-12
8980 4.896167e-12
8981 4.895046e-12
8982 4.893925e-12
8983 4.892804e-12
8984 4.891684e-12
8985 4.890564e-12
8986 4.889445e-12
8987 4.888326e-12
8988 4.887207e-12
8989 4.886088e-12
8990 4.884970e-12
8991 4.883853e-12
8992 4.882736e-12
8993 4.881619e-12
8994 4.880502e-12
8995 4.879386e-12
8996 4.878270e-12
8997 4.877155e-12
8998 4.876040e-12
8999 4.874926e-12
9000 4.873811e-12
9001 4.872698e-12
9002 4.871584e-12
9003 4.870471e-12
9004 4.869358e-12
9005 4.868246e-12
9006 4.867134e-12
9007 4.866023e-12
9008 4.864911e-12
9009 4.863801e-12
9010 4.862690e-12
9011 4.861580e-12
9012 4.860470e-12
9013 4.859361e-12
9014 4.858252e-12
9015 4.857144e-12
9016 4.856036e-12
9017 4.854928e-12
9018 4.853820e-12
9019 4.852713e-12
9020 4.851607e-12
9021 4.850500e-12
9022 4.849394e-12
9023 4.848289e-12
9024 4.847184e-12
9025 4.846079e-12
9026 4.844975e-12
9027 4.843871e-12
9028 4.842767e-12
9029 4.841664e-12
9030 4.840561e-12
9031 4.839458e-12
9032 4.838356e-12
9033 4.837254e-12
9034 4.836153e-12
9035 4.835052e-12
9036 4.833951e-12
9037 4.832851e-12
9038 4.831751e-12
9039 4.830651e-12
9040 4.829552e-12
9041 4.828453e-12
9042 4.827355e-12
9043 4.826257e-12
9044 4.825159e-12
9045 4.824062e-12
9046 4.822965e-12
9047 4.821868e-12
9048 4.820772e-12
9049 4.819676e-12
9050 4.818580e-12
9051 4.817485e-12
9052 4.816391e-12
9053 4.815296e-12
9054 4.814202e-12
9055 4.813109e-12
9056 4.812015e-12
9057 4.810922e-12
9058 4.809830e-12
9059 4.808738e-12
9060 4.807646e-12
9061 4.806555e-12
9062 4.805463e-12
9063 4.804373e-12
9064 4.803282e-12
9065 4.802192e-12
9066 4.801103e-12
9067 4.800014e-12
9068 4.798925e-12
9069 4.797836e-12
9070 4.796748e-12
9071 4.795661e-12
9072 4.794573e-12
9073 4.793486e-12
9074 4.792399e-12
9075 4.791313e-12
9076 4.790227e-12
9077 4.789142e-12
9078 4.788057e-12
9079 4.786972e-12
9080 4.785887e-12
9081 4.784803e-12
9082 4.783719e-12
9083 4.782636e-12
9084 4.781553e-12
9085 4.780470e-12
9086 4.779388e-12
9087 4.778306e-12
9088 4.777225e-12
9089 4.776144e-12
9090 4.775063e-12
9091 4.773982e-12
9092 4.772902e-12
9093 4.771822e-12
9094 4.770743e-12
9095 4.769664e-12
9096 4.768585e-12
9097 4.767507e-12
9098 4.766429e-12
9099 4.765352e-12
9100 4.764275e-12
9101 4.763198e-12
9102 4.762121e-12
9103 4.761045e-12
9104 4.759969e-12
9105 4.758894e-12
9106 4.757819e-12
9107 4.756744e-12
9108 4.755670e-12
9109 4.754596e-12
9110 4.753523e-12
9111 4.752449e-12
9112 4.751377e-12
9113 4.750304e-12
9114 4.749232e-12
9115 4.748160e-12
9116 4.747089e-12
9117 4.746018e-12
9118 4.744947e-12
9119 4.743877e-12
9120 4.742807e-12
9121 4.741737e-12
9122 4.740668e-12
9123 4.739599e-12
9124 4.738530e-12
9125 4.737462e-12
9126 4.736394e-12
9127 4.735327e-12
9128 4.734260e-12
9129 4.733193e-12
9130 4.732127e-12
9131 4.731060e-12
9132 4.729995e-12
9133 4.728929e-12
9134 4.727864e-12
9135 4.726800e-12
9136 4.725736e-12
9137 4.724672e-12
9138 4.723608e-12
9139 4.722545e-12
9140 4.721482e-12
9141 4.720420e-12
9142 4.719357e-12
9143 4.718296e-12
9144 4.717234e-12
9145 4.716173e-12
9146 4.715113e-12
9147 4.714052e-12
9148 4.712992e-12
9149 4.711933e-12
9150 4.710873e-12
9151 4.709814e-12
9152 4.708756e-12
9153 4.707697e-12
9154 4.706640e-12
9155 4.705582e-12
9156 4.704525e-12
9157 4.703468e-12
9158 4.702412e-12
9159 4.701356e-12
9160 4.700300e-12
9161 4.699244e-12
9162 4.698189e-12
9163 4.697135e-12
9164 4.696080e-12
9165 4.695026e-12
9166 4.693973e-12
9167 4.692919e-12
9168 4.691866e-12
9169 4.690814e-12
9170 4.689762e-12
9171 4.688710e-12
9172 4.687658e-12
9173 4.686607e-12
9174 4.685556e-12
9175 4.684506e-12
9176 4.683455e-12
9177 4.682406e-12
9178 4.681356e-12
9179 4.680307e-12
9180 4.679258e-12
9181 4.678210e-12
9182 4.677162e-12
9183 4.676114e-12
9184 4.675067e-12
9185 4.674020e-12
9186 4.672973e-12
9187 4.671927e-12
9188 4.670881e-12
9189 4.669835e-12
9190 4.668790e-12
9191 4.667745e-12
9192 4.666701e-12
9193 4.665656e-12
9194 4.664613e-12
9195 4.663569e-12
9196 4.662526e-12
9197 4.661483e-12
9198 4.660441e-12
9199 4.659398e-12
9200 4.658357e-12
9201 4.657315e-12
9202 4.656274e-12
9203 4.655233e-12
9204 4.654193e-12
9205 4.653153e-12
9206 4.652113e-12
9207 4.651074e-12
9208 4.650035e-12
9209 4.648996e-12
9210 4.647958e-12
9211 4.646920e-12
9212 4.645882e-12
9213 4.644845e-12
9214 4.643808e-12
9215 4.642771e-12
9216 4.641735e-12
9217 4.640699e-12
9218 4.639664e-12
9219 4.638628e-12
9220 4.637593e-12
9221 4.636559e-12
9222 4.635525e-12
9223 4.634491e-12
9224 4.633457e-12
9225 4.632424e-12
9226 4.631391e-12
9227 4.630359e-12
9228 4.629327e-12
9229 4.628295e-12
9230 4.627263e-12
9231 4.626232e-12
9232 4.625201e-12
9233 4.624171e-12
9234 4.623141e-12
9235 4.622111e-12
9236 4.621082e-12
9237 4.620053e-12
9238 4.619024e-12
9239 4.617995e-12
9240 4.616967e-12
9241 4.615940e-12
9242 4.614912e-12
9243 4.613885e-12
9244 4.612858e-12
9245 4.611832e-12
9246 4.610806e-12
9247 4.609780e-12
9248 4.608755e-12
9249 4.607730e-12
9250 4.606705e-12
9251 4.605681e-12
9252 4.604657e-12
9253 4.603633e-12
9254 4.602610e-12
9255 4.601587e-12
9256 4.600565e-12
9257 4.599542e-12
9258 4.598520e-12
9259 4.597499e-12
9260 4.596477e-12
9261 4.595456e-12
9262 4.594436e-12
9263 4.593415e-12
9264 4.592396e-12
9265 4.591376e-12
9266 4.590357e-12
9267 4.589338e-12
9268 4.588319e-12
9269 4.587301e-12
9270 4.586283e-12
9271 4.585265e-12
9272 4.584248e-12
9273 4.583231e-12
9274 4.582215e-12
9275 4.581198e-12
9276 4.580182e-12
9277 4.579167e-12
9278 4.578152e-12
9279 4.577137e-12
9280 4.576122e-12
9281 4.575108e-12
9282 4.574094e-12
9283 4.573080e-12
9284 4.572067e-12
9285 4.571054e-12
9286 4.570042e-12
9287 4.569030e-12
9288 4.568018e-12
9289 4.567006e-12
9290 4.565995e-12
9291 4.564984e-12
9292 4.563973e-12
9293 4.562963e-12
9294 4.561953e-12
9295 4.560944e-12
9296 4.559934e-12
9297 4.558925e-12
9298 4.557917e-12
9299 4.556909e-12
9300 4.555901e-12
9301 4.554893e-12
9302 4.553886e-12
9303 4.552879e-12
9304 4.551872e-12
9305 4.550866e-12
9306 4.549860e-12
9307 4.548855e-12
9308 4.547849e-12
9309 4.546844e-12
9310 4.545840e-12
9311 4.544835e-12
9312 4.543831e-12
9313 4.542828e-12
9314 4.541825e-12
9315 4.540822e-12
9316 4.539819e-12
9317 4.538817e-12
9318 4.537815e-12
9319 4.536813e-12
9320 4.535812e-12
9321 4.534811e-12
9322 4.533810e-12
9323 4.532810e-12
9324 4.531810e-12
9325 4.530810e-12
9326 4.529811e-12
9327 4.528812e-12
9328 4.527813e-12
9329 4.526815e-12
9330 4.525817e-12
9331 4.524819e-12
9332 4.523821e-12
9333 4.522824e-12
9334 4.521828e-12
9335 4.520831e-12
9336 4.519835e-12
9337 4.518839e-12
9338 4.517844e-12
9339 4.516849e-12
9340 4.515854e-12
9341 4.514860e-12
9342 4.513866e-12
9343 4.512872e-12
9344 4.511878e-12
9345 4.510885e-12
9346 4.509892e-12
9347 4.508900e-12
9348 4.507908e-12
9349 4.506916e-12
9350 4.505924e-12
9351 4.504933e-12
9352 4.503942e-12
9353 4.502952e-12
9354 4.501961e-12
9355 4.500971e-12
9356 4.499982e-12
9357 4.498993e-12
9358 4.498004e-12
9359 4.497015e-12
9360 4.496027e-12
9361 4.495039e-12
9362 4.494051e-12
9363 4.493064e-12
9364 4.492077e-12
9365 4.491090e-12
9366 4.490104e-12
9367 4.489118e-12
9368 4.488132e-12
9369 4.487147e-12
9370 4.486161e-12
9371 4.485177e-12
9372 4.484192e-12
9373 4.483208e-12
9374 4.482224e-12
9375 4.481241e-12
9376 4.480258e-12
9377 4.479275e-12
9378 4.478292e-12
9379 4.477310e-12
9380 4.476328e-12
9381 4.475347e-12
9382 4.474366e-12
9383 4.473385e-12
9384 4.472404e-12
9385 4.471424e-12
9386 4.470444e-12
9387 4.469464e-12
9388 4.468485e-12
9389 4.467506e-12
9390 4.466527e-12
9391 4.465549e-12
9392 4.464571e-12
9393 4.463593e-12
9394 4.462616e-12
9395 4.461639e-12
9396 4.460662e-12
9397 4.459686e-12
9398 4.458709e-12
9399 4.457734e-12
9400 4.456758e-12
9401 4.455783e-12
9402 4.454808e-12
9403 4.453834e-12
9404 4.452859e-12
9405 4.451885e-12
9406 4.450912e-12
9407 4.449939e-12
9408 4.448966e-12
9409 4.447993e-12
9410 4.447021e-12
9411 4.446049e-12
9412 4.445077e-12
9413 4.444106e-12
9414 4.443134e-12
9415 4.442164e-12
9416 4.441193e-12
9417 4.440223e-12
9418 4.439253e-12
9419 4.438284e-12
9420 4.437315e-12
9421 4.436346e-12
9422 4.435377e-12
9423 4.434409e-12
9424 4.433441e-12
9425 4.432474e-12
9426 4.431506e-12
9427 4.430539e-12
9428 4.429573e-12
9429 4.428606e-12
9430 4.427640e-12
9431 4.426674e-12
9432 4.425709e-12
9433 4.424744e-12
9434 4.423779e-12
9435 4.422815e-12
9436 4.421851e-12
9437 4.420887e-12
9438 4.419922e-12
9439 4.418950e-12
9440 4.417978e-12
9441 4.417007e-12
9442 4.416036e-12
9443 4.415065e-12
9444 4.414094e-12
9445 4.413124e-12
9446 4.412154e-12
9447 4.411185e-12
9448 4.410215e-12
9449 4.409246e-12
9450 4.408278e-12
9451 4.407309e-12
9452 4.406341e-12
9453 4.405374e-12
9454 4.404406e-12
9455 4.403439e-12
9456 4.402472e-12
9457 4.401506e-12
9458 4.400540e-12
9459 4.399574e-12
9460 4.398609e-12
9461 4.397643e-12
9462 4.396679e-12
9463 4.395714e-12
9464 4.394750e-12
9465 4.393786e-12
9466 4.392822e-12
9467 4.391859e-12
9468 4.390896e-12
9469 4.389933e-12
9470 4.388971e-12
9471 4.388009e-12
9472 4.387047e-12
9473 4.386086e-12
9474 4.385125e-12
9475 4.384164e-12
9476 4.383203e-12
9477 4.382243e-12
9478 4.381283e-12
9479 4.380324e-12
9480 4.379365e-12
9481 4.378406e-12
9482 4.377447e-12
9483 4.376489e-12
9484 4.375531e-12
9485 4.374573e-12
9486 4.373616e-12
9487 4.372659e-12
9488 4.371702e-12
9489 4.370746e-12
9490 4.369789e-12
9491 4.368834e-12
9492 4.367878e-12
9493 4.366923e-12
9494 4.365968e-12
9495 4.365013e-12
9496 4.364059e-12
9497 4.363105e-12
9498 4.362152e-12
9499 4.361198e-12
9500 4.360245e-12
9501 4.359292e-12
9502 4.358340e-12
9503 4.357388e-12
9504 4.356436e-12
9505 4.355485e-12
9506 4.354533e-12
9507 4.353583e-12
9508 4.352632e-12
9509 4.351682e-12
9510 4.350732e-12
9511 4.349782e-12
9512 4.348833e-12
9513 4.347884e-12
9514 4.346935e-12
9515 4.345987e-12
9516 4.345039e-12
9517 4.344091e-12
9518 4.343143e-12
9519 4.342196e-12
9520 4.341249e-12
9521 4.340303e-12
9522 4.339356e-12
9523 4.338410e-12
9524 4.337465e-12
9525 4.336519e-12
9526 4.335574e-12
9527 4.334629e-12
9528 4.333685e-12
9529 4.332741e-12
9530 4.331797e-12
9531 4.330854e-12
9532 4.329910e-12
9533 4.328967e-12
9534 4.328025e-12
9535 4.327082e-12
9536 4.326140e-12
9537 4.325199e-12
9538 4.324257e-12
9539 4.323316e-12
9540 4.322375e-12
9541 4.321435e-12
9542 4.320495e-12
9543 4.319555e-12
9544 4.318615e-12
9545 4.317676e-12
9546 4.316737e-12
9547 4.315798e-12
9548 4.314860e-12
9549 4.313922e-12
9550 4.312984e-12
9551 4.312047e-12
9552 4.311109e-12
9553 4.310173e-12
9554 4.309236e-12
9555 4.308300e-12
9556 4.307364e-12
9557 4.306428e-12
9558 4.305493e-12
9559 4.304558e-12
9560 4.303623e-12
9561 4.302689e-12
9562 4.301754e-12
9563 4.300821e-12
9564 4.299887e-12
9565 4.298954e-12
9566 4.298021e-12
9567 4.297088e-12
9568 4.296156e-12
9569 4.295224e-12
9570 4.294292e-12
9571 4.293361e-12
9572 4.292429e-12
9573 4.291499e-12
9574 4.290568e-12
9575 4.289638e-12
9576 4.288708e-12
9577 4.287778e-12
9578 4.286849e-12
9579 4.285920e-12
9580 4.284991e-12
9581 4.284062e-12
9582 4.283134e-12
9583 4.282206e-12
9584 4.281279e-12
9585 4.280352e-12
9586 4.279425e-12
9587 4.278498e-12
9588 4.277572e-12
9589 4.276645e-12
9590 4.275720e-12
9591 4.274794e-12
9592 4.273869e-12
9593 4.272944e-12
9594 4.272019e-12
9595 4.271095e-12
9596 4.270171e-12
9597 4.269247e-12
9598 4.268324e-12
9599 4.267401e-12
9600 4.266478e-12
9601 4.265556e-12
9602 4.264633e-12
9603 4.263711e-12
9604 4.262790e-12
9605 4.261868e-12
9606 4.260947e-12
9607 4.260027e-12
9608 4.259106e-12
9609 4.258186e-12
9610 4.257266e-12
9611 4.256347e-12
9612 4.255427e-12
9613 4.254508e-12
9614 4.253590e-12
9615 4.252671e-12
9616 4.251753e-12
9617 4.250835e-12
9618 4.249918e-12
9619 4.249000e-12
9620 4.248084e-12
9621 4.247167e-12
9622 4.246251e-12
9623 4.245335e-12
9624 4.244419e-12
9625 4.243503e-12
9626 4.242588e-12
9627 4.241673e-12
9628 4.240759e-12
9629 4.239844e-12
9630 4.238930e-12
9631 4.238017e-12
9632 4.237103e-12
9633 4.236190e-12
9634 4.235277e-12
9635 4.234365e-12
9636 4.233452e-12
9637 4.232540e-12
9638 4.231629e-12
9639 4.230717e-12
9640 4.229806e-12
9641 4.228895e-12
9642 4.227985e-12
9643 4.227075e-12
9644 4.226165e-12
9645 4.225255e-12
9646 4.224346e-12
9647 4.223437e-12
9648 4.222528e-12
9649 4.221619e-12
9650 4.220711e-12
9651 4.219803e-12
9652 4.218896e-12
9653 4.217988e-12
9654 4.217081e-12
9655 4.216175e-12
9656 4.215268e-12
9657 4.214362e-12
9658 4.213456e-12
9659 4.212551e-12
9660 4.211645e-12
9661 4.210740e-12
9662 4.209835e-12
9663 4.208931e-12
9664 4.208027e-12
9665 4.207123e-12
9666 4.206219e-12
9667 4.205316e-12
9668 4.204413e-12
9669 4.203510e-12
9670 4.202608e-12
9671 4.201706e-12
9672 4.200804e-12
9673 4.199902e-12
9674 4.199001e-12
9675 4.198100e-12
9676 4.197199e-12
9677 4.196299e-12
9678 4.195399e-12
9679 4.194499e-12
9680 4.193600e-12
9681 4.192700e-12
9682 4.191801e-12
9683 4.190903e-12
9684 4.190004e-12
9685 4.189106e-12
9686 4.188208e-12
9687 4.187311e-12
9688 4.186413e-12
9689 4.185516e-12
9690 4.184620e-12
9691 4.183723e-12
9692 4.182827e-12
9693 4.181931e-12
9694 4.181036e-12
9695 4.180140e-12
9696 4.179245e-12
9697 4.178351e-12
9698 4.177456e-12
9699 4.176562e-12
9700 4.175668e-12
9701 4.174775e-12
9702 4.173881e-12
9703 4.172988e-12
9704 4.172095e-12
9705 4.171203e-12
9706 4.170311e-12
9707 4.169419e-12
9708 4.168527e-12
9709 4.167636e-12
9710 4.166745e-12
9711 4.165854e-12
9712 4.164964e-12
9713 4.164074e-12
9714 4.163184e-12
9715 4.162294e-12
9716 4.161405e-12
9717 4.160516e-12
9718 4.159627e-12
9719 4.158738e-12
9720 4.157850e-12
9721 4.156962e-12
9722 4.156074e-12
9723 4.155187e-12
9724 4.154300e-12
9725 4.153413e-12
9726 4.152527e-12
9727 4.151640e-12
9728 4.150754e-12
9729 4.149869e-12
9730 4.148983e-12
9731 4.148098e-12
9732 4.147213e-12
9733 4.146329e-12
9734 4.145444e-12
9735 4.144560e-12
9736 4.143677e-12
9737 4.142793e-12
9738 4.141910e-12
9739 4.141027e-12
9740 4.140144e-12
9741 4.139262e-12
9742 4.138380e-12
9743 4.137498e-12
9744 4.136617e-12
9745 4.135736e-12
9746 4.134855e-12
9747 4.133974e-12
9748 4.133093e-12
9749 4.132213e-12
9750 4.131334e-12
9751 4.130454e-12
9752 4.129575e-12
9753 4.128696e-12
9754 4.127817e-12
9755 4.126938e-12
9756 4.126060e-12
9757 4.125182e-12
9758 4.124305e-12
9759 4.123427e-12
9760 4.122550e-12
9761 4.121674e-12
9762 4.120797e-12
9763 4.119921e-12
9764 4.119045e-12
9765 4.118169e-12
9766 4.117294e-12
9767 4.116419e-12
9768 4.115544e-12
9769 4.114669e-12
9770 4.113795e-12
9771 4.112921e-12
9772 4.112047e-12
9773 4.111174e-12
9774 4.110300e-12
9775 4.109427e-12
9776 4.108555e-12
9777 4.107682e-12
9778 4.106810e-12
9779 4.105938e-12
9780 4.105067e-12
9781 4.104195e-12
9782 4.103324e-12
9783 4.102454e-12
9784 4.101583e-12
9785 4.100713e-12
9786 4.099843e-12
9787 4.098973e-12
9788 4.098104e-12
9789 4.097235e-12
9790 4.096366e-12
9791 4.095498e-12
9792 4.094629e-12
9793 4.093761e-12
9794 4.092894e-12
9795 4.092026e-12
9796 4.091159e-12
9797 4.090292e-12
9798 4.089425e-12
9799 4.088559e-12
9800 4.087693e-12
9801 4.086827e-12
9802 4.085961e-12
9803 4.085096e-12
9804 4.084231e-12
9805 4.083366e-12
9806 4.082502e-12
9807 4.081638e-12
9808 4.080774e-12
9809 4.079910e-12
9810 4.079047e-12
9811 4.078184e-12
9812 4.077321e-12
9813 4.076458e-12
9814 4.075596e-12
9815 4.074734e-12
9816 4.073872e-12
9817 4.073011e-12
9818 4.072149e-12
9819 4.071288e-12
9820 4.070428e-12
9821 4.069567e-12
9822 4.068707e-12
9823 4.067847e-12
9824 4.066988e-12
9825 4.066128e-12
9826 4.065269e-12
9827 4.064410e-12
9828 4.063552e-12
9829 4.062694e-12
9830 4.061836e-12
9831 4.060978e-12
9832 4.060120e-12
9833 4.059263e-12
9834 4.058406e-12
9835 4.057550e-12
9836 4.056693e-12
9837 4.055837e-12
9838 4.054981e-12
9839 4.054126e-12
9840 4.053270e-12
9841 4.052415e-12
9842 4.051560e-12
9843 4.050706e-12
9844 4.049852e-12
9845 4.048998e-12
9846 4.048144e-12
9847 4.047291e-12
9848 4.046437e-12
9849 4.045584e-12
9850 4.044732e-12
9851 4.043879e-12
9852 4.043027e-12
9853 4.042175e-12
9854 4.041324e-12
9855 4.040472e-12
9856 4.039621e-12
9857 4.038771e-12
9858 4.037920e-12
9859 4.037070e-12
9860 4.036220e-12
9861 4.035370e-12
9862 4.034521e-12
9863 4.033671e-12
9864 4.032823e-12
9865 4.031974e-12
9866 4.031125e-12
9867 4.030277e-12
9868 4.029429e-12
9869 4.028582e-12
9870 4.027734e-12
9871 4.026887e-12
9872 4.026041e-12
9873 4.025194e-12
9874 4.024348e-12
9875 4.023502e-12
9876 4.022656e-12
9877 4.021810e-12
9878 4.020965e-12
9879 4.020120e-12
9880 4.019275e-12
9881 4.018431e-12
9882 4.017587e-12
9883 4.016743e-12
9884 4.015899e-12
9885 4.015056e-12
9886 4.014213e-12
9887 4.013370e-12
9888 4.012527e-12
9889 4.011685e-12
9890 4.010843e-12
9891 4.010001e-12
9892 4.009159e-12
9893 4.008318e-12
9894 4.007477e-12
9895 4.006636e-12
9896 4.005796e-12
9897 4.004955e-12
9898 4.004115e-12
9899 4.003276e-12
9900 4.002436e-12
9901 4.001597e-12
9902 4.000758e-12
9903 3.999919e-12
9904 3.999081e-12
9905 3.998243e-12
9906 3.997405e-12
9907 3.996567e-12
9908 3.995730e-12
9909 3.994893e-12
9910 3.994056e-12
9911 3.993219e-12
9912 3.992383e-12
9913 3.991547e-12
9914 3.990711e-12
9915 3.989875e-12
9916 3.989040e-12
9917 3.988205e-12
9918 3.987370e-12
9919 3.986536e-12
9920 3.985701e-12
9921 3.984867e-12
9922 3.984034e-12
9923 3.983200e-12
9924 3.982367e-12
9925 3.981534e-12
9926 3.980701e-12
9927 3.979869e-12
9928 3.979036e-12
9929 3.978205e-12
9930 3.977373e-12
9931 3.976541e-12
9932 3.975710e-12
9933 3.974879e-12
9934 3.974049e-12
9935 3.973218e-12
9936 3.972388e-12
9937 3.971558e-12
9938 3.970728e-12
9939 3.969899e-12
9940 3.969070e-12
9941 3.968241e-12
9942 3.967413e-12
9943 3.966584e-12
9944 3.965756e-12
9945 3.964928e-12
9946 3.964101e-12
9947 3.963273e-12
9948 3.962446e-12
9949 3.961619e-12
9950 3.960793e-12
9951 3.959967e-12
9952 3.959140e-12
9953 3.958315e-12
9954 3.957489e-12
9955 3.956664e-12
9956 3.955839e-12
9957 3.955014e-12
9958 3.954189e-12
9959 3.953365e-12
9960 3.952541e-12
9961 3.951717e-12
9962 3.950894e-12
9963 3.950071e-12
9964 3.949248e-12
9965 3.948425e-12
9966 3.947602e-12
9967 3.946780e-12
9968 3.945958e-12
9969 3.945137e-12
9970 3.944315e-12
9971 3.943494e-12
9972 3.942673e-12
9973 3.941852e-12
9974 3.941032e-12
9975 3.940211e-12
9976 3.939391e-12
9977 3.938572e-12
9978 3.937752e-12
9979 3.936933e-12
9980 3.936114e-12
9981 3.935296e-12
9982 3.934477e-12
9983 3.933659e-12
9984 3.932841e-12
9985 3.932023e-12
9986 3.931206e-12
9987 3.930389e-12
9988 3.929572e-12
9989 3.928755e-12
9990 3.927939e-12
9991 3.927122e-12
9992 3.926307e-12
9993 3.925491e-12
9994 3.924675e-12
9995 3.923860e-12
9996 3.923045e-12
9997 3.922231e-12
9998 3.921416e-12
9999 3.920602e-12
10000 3.919788e-12
10001 3.918974e-12
10002 3.918161e-12
10003 3.917348e-12
10004 3.916535e-12
10005 3.915722e-12
10006 3.914910e-12
10007 3.914098e-12
10008 3.913286e-12
10009 3.912474e-12
10010 3.911663e-12
10011 3.910852e-12
10012 3.910041e-12
10013 3.909230e-12
10014 3.908420e-12
10015 3.907609e-12
10016 3.906799e-12
10017 3.905990e-12
10018 3.905180e-12
10019 3.904371e-12
10020 3.903562e-12
10021 3.902754e-12
10022 3.901945e-12
10023 3.901137e-12
10024 3.900329e-12
10025 3.899521e-12
10026 3.898714e-12
10027 3.897907e-12
10028 3.897100e-12
10029 3.896293e-12
10030 3.895487e-12
10031 3.894680e-12
10032 3.893874e-12
10033 3.893069e-12
10034 3.892263e-12
10035 3.891458e-12
10036 3.890653e-12
10037 3.889848e-12
10038 3.889044e-12
10039 3.888240e-12
10040 3.887436e-12
10041 3.886632e-12
10042 3.885828e-12
10043 3.885025e-12
10044 3.884222e-12
10045 3.883419e-12
10046 3.882617e-12
10047 3.881815e-12
10048 3.881013e-12
10049 3.880211e-12
10050 3.879409e-12
10051 3.878608e-12
10052 3.877807e-12
10053 3.877006e-12
10054 3.876206e-12
10055 3.875405e-12
10056 3.874605e-12
10057 3.873806e-12
10058 3.873006e-12
10059 3.872207e-12
10060 3.871408e-12
10061 3.870609e-12
10062 3.869810e-12
10063 3.869012e-12
10064 3.868214e-12
10065 3.867416e-12
10066 3.866618e-12
10067 3.865821e-12
10068 3.865024e-12
10069 3.864227e-12
10070 3.863430e-12
10071 3.862634e-12
10072 3.861838e-12
10073 3.861042e-12
10074 3.860246e-12
10075 3.859451e-12
10076 3.858655e-12
10077 3.857861e-12
10078 3.857066e-12
10079 3.856271e-12
10080 3.855477e-12
10081 3.854683e-12
10082 3.853890e-12
10083 3.853096e-12
10084 3.852303e-12
10085 3.851510e-12
10086 3.850717e-12
10087 3.849925e-12
10088 3.849132e-12
10089 3.848340e-12
10090 3.847548e-12
10091 3.846757e-12
10092 3.845966e-12
10093 3.845174e-12
10094 3.844384e-12
10095 3.843593e-12
10096 3.842803e-12
10097 3.842013e-12
10098 3.841223e-12
10099 3.840433e-12
10100 3.839644e-12
10101 3.838855e-12
10102 3.838066e-12
10103 3.837277e-12
10104 3.836489e-12
10105 3.835700e-12
10106 3.834913e-12
10107 3.834125e-12
10108 3.833337e-12
10109 3.832550e-12
10110 3.831763e-12
10111 3.830976e-12
10112 3.830190e-12
10113 3.829404e-12
10114 3.828618e-12
10115 3.827832e-12
10116 3.827046e-12
10117 3.826257e-12
10118 3.825465e-12
10119 3.824673e-12
10120 3.823882e-12
10121 3.823090e-12
10122 3.822299e-12
10123 3.821509e-12
10124 3.820718e-12
10125 3.819928e-12
10126 3.819138e-12
10127 3.818348e-12
10128 3.817559e-12
10129 3.816769e-12
10130 3.815980e-12
10131 3.815191e-12
10132 3.814403e-12
10133 3.813615e-12
10134 3.812826e-12
10135 3.812039e-12
10136 3.811251e-12
10137 3.810464e-12
10138 3.809676e-12
10139 3.808890e-12
10140 3.808103e-12
10141 3.807317e-12
10142 3.806530e-12
10143 3.805744e-12
10144 3.804959e-12
10145 3.804173e-12
10146 3.803388e-12
10147 3.802603e-12
10148 3.801818e-12
10149 3.801034e-12
10150 3.800250e-12
10151 3.799466e-12
10152 3.798682e-12
10153 3.797898e-12
10154 3.797115e-12
10155 3.796332e-12
10156 3.795549e-12
10157 3.794767e-12
10158 3.793984e-12
10159 3.793202e-12
10160 3.792420e-12
10161 3.791639e-12
10162 3.790857e-12
10163 3.790076e-12
10164 3.789295e-12
10165 3.788515e-12
10166 3.787734e-12
10167 3.786954e-12
10168 3.786174e-12
10169 3.785394e-12
10170 3.784615e-12
10171 3.783836e-12
10172 3.783057e-12
10173 3.782278e-12
10174 3.781499e-12
10175 3.780721e-12
10176 3.779943e-12
10177 3.779165e-12
10178 3.778387e-12
10179 3.777610e-12
10180 3.776833e-12
10181 3.776056e-12
10182 3.775279e-12
10183 3.774503e-12
10184 3.773727e-12
10185 3.772951e-12
10186 3.772175e-12
10187 3.771400e-12
10188 3.770624e-12
10189 3.769849e-12
10190 3.769075e-12
10191 3.768300e-12
10192 3.767526e-12
10193 3.766752e-12
10194 3.765978e-12
10195 3.765204e-12
10196 3.764431e-12
10197 3.763658e-12
10198 3.762885e-12
10199 3.762112e-12
10200 3.761340e-12
10201 3.760568e-12
10202 3.759796e-12
10203 3.759024e-12
10204 3.758253e-12
10205 3.757481e-12
10206 3.756710e-12
10207 3.755940e-12
10208 3.755169e-12
10209 3.754399e-12
10210 3.753629e-12
10211 3.752859e-12
10212 3.752089e-12
10213 3.751320e-12
10214 3.750551e-12
10215 3.749782e-12
10216 3.749013e-12
10217 3.748245e-12
10218 3.747477e-12
10219 3.746709e-12
10220 3.745941e-12
10221 3.745173e-12
10222 3.744406e-12
10223 3.743639e-12
10224 3.742872e-12
10225 3.742106e-12
10226 3.741339e-12
10227 3.740573e-12
10228 3.739807e-12
10229 3.739042e-12
10230 3.738276e-12
10231 3.737511e-12
10232 3.736746e-12
10233 3.735981e-12
10234 3.735217e-12
10235 3.734452e-12
10236 3.733688e-12
10237 3.732925e-12
10238 3.732161e-12
10239 3.731398e-12
10240 3.730635e-12
10241 3.729872e-12
10242 3.729109e-12
10243 3.728347e-12
10244 3.727584e-12
10245 3.726822e-12
10246 3.726061e-12
10247 3.725299e-12
10248 3.724538e-12
10249 3.723777e-12
10250 3.723016e-12
10251 3.722255e-12
10252 3.721495e-12
10253 3.720735e-12
10254 3.719975e-12
10255 3.719215e-12
10256 3.718456e-12
10257 3.717697e-12
10258 3.716938e-12
10259 3.716179e-12
10260 3.715421e-12
10261 3.714662e-12
10262 3.713904e-12
10263 3.713146e-12
10264 3.712389e-12
10265 3.711631e-12
10266 3.710874e-12
10267 3.710117e-12
10268 3.709361e-12
10269 3.708604e-12
10270 3.707848e-12
10271 3.707092e-12
10272 3.706336e-12
10273 3.705581e-12
10274 3.704825e-12
10275 3.704070e-12
10276 3.703315e-12
10277 3.702561e-12
10278 3.701806e-12
10279 3.701052e-12
10280 3.700298e-12
10281 3.699544e-12
10282 3.698791e-12
10283 3.698037e-12
10284 3.697284e-12
10285 3.696532e-12
10286 3.695779e-12
10287 3.695027e-12
10288 3.694274e-12
10289 3.693523e-12
10290 3.692771e-12
10291 3.692019e-12
10292 3.691268e-12
10293 3.690517e-12
10294 3.689766e-12
10295 3.689016e-12
10296 3.688265e-12
10297 3.687515e-12
10298 3.686765e-12
10299 3.686016e-12
10300 3.685266e-12
10301 3.684517e-12
10302 3.683768e-12
10303 3.683019e-12
10304 3.682271e-12
10305 3.681522e-12
10306 3.680774e-12
10307 3.680026e-12
10308 3.679279e-12
10309 3.678531e-12
10310 3.677784e-12
10311 3.677037e-12
10312 3.676290e-12
10313 3.675544e-12
10314 3.674798e-12
10315 3.674052e-12
10316 3.673306e-12
10317 3.672560e-12
10318 3.671815e-12
10319 3.671070e-12
10320 3.670325e-12
10321 3.669580e-12
10322 3.668835e-12
10323 3.668091e-12
10324 3.667347e-12
10325 3.666603e-12
10326 3.665859e-12
10327 3.665116e-12
10328 3.664373e-12
10329 3.663630e-12
10330 3.662887e-12
10331 3.662145e-12
10332 3.661402e-12
10333 3.660660e-12
10334 3.659919e-12
10335 3.659177e-12
10336 3.658436e-12
10337 3.657694e-12
10338 3.656953e-12
10339 3.656213e-12
10340 3.655472e-12
10341 3.654732e-12
10342 3.653992e-12
10343 3.653252e-12
10344 3.652512e-12
10345 3.651773e-12
10346 3.651034e-12
10347 3.650295e-12
10348 3.649556e-12
10349 3.648818e-12
10350 3.648079e-12
10351 3.647341e-12
10352 3.646603e-12
10353 3.645866e-12
10354 3.645128e-12
10355 3.644391e-12
10356 3.643654e-12
10357 3.642917e-12
10358 3.642181e-12
10359 3.641445e-12
10360 3.640708e-12
10361 3.639973e-12
10362 3.639237e-12
10363 3.638501e-12
10364 3.637766e-12
10365 3.637031e-12
10366 3.636296e-12
10367 3.635562e-12
10368 3.634828e-12
10369 3.634093e-12
10370 3.633360e-12
10371 3.632626e-12
10372 3.631892e-12
10373 3.631159e-12
10374 3.630426e-12
10375 3.629693e-12
10376 3.628961e-12
10377 3.628228e-12
10378 3.627496e-12
10379 3.626764e-12
10380 3.626033e-12
10381 3.625301e-12
10382 3.624570e-12
10383 3.623839e-12
10384 3.623108e-12
10385 3.622377e-12
10386 3.621647e-12
10387 3.620917e-12
10388 3.620187e-12
10389 3.619457e-12
10390 3.618727e-12
10391 3.617998e-12
10392 3.617269e-12
10393 3.616540e-12
10394 3.615811e-12
10395 3.615083e-12
10396 3.614355e-12
10397 3.613627e-12
10398 3.612899e-12
10399 3.612171e-12
10400 3.611444e-12
10401 3.610717e-12
10402 3.609990e-12
10403 3.609263e-12
10404 3.608537e-12
10405 3.607810e-12
10406 3.607084e-12
10407 3.606359e-12
10408 3.605633e-12
10409 3.604907e-12
10410 3.604182e-12
10411 3.603457e-12
10412 3.602732e-12
10413 3.602008e-12
10414 3.601284e-12
10415 3.600559e-12
10416 3.599836e-12
10417 3.599112e-12
10418 3.598388e-12
10419 3.597665e-12
10420 3.596942e-12
10421 3.596219e-12
10422 3.595497e-12
10423 3.594774e-12
10424 3.594052e-12
10425 3.593330e-12
10426 3.592608e-12
10427 3.591887e-12
10428 3.591165e-12
10429 3.590444e-12
10430 3.589723e-12
10431 3.589003e-12
10432 3.588282e-12
10433 3.587562e-12
10434 3.586842e-12
10435 3.586122e-12
10436 3.585402e-12
10437 3.584683e-12
10438 3.583964e-12
10439 3.583245e-12
10440 3.582526e-12
10441 3.581807e-12
10442 3.581089e-12
10443 3.580371e-12
10444 3.579653e-12
10445 3.578935e-12
10446 3.578218e-12
10447 3.577500e-12
10448 3.576783e-12
10449 3.576066e-12
10450 3.575350e-12
10451 3.574633e-12
10452 3.573917e-12
10453 3.573201e-12
10454 3.572485e-12
10455 3.571770e-12
10456 3.571054e-12
10457 3.570339e-12
10458 3.569624e-12
10459 3.568909e-12
10460 3.568195e-12
10461 3.567481e-12
10462 3.566766e-12
10463 3.566053e-12
10464 3.565339e-12
10465 3.564625e-12
10466 3.563912e-12
10467 3.563199e-12
10468 3.562486e-12
10469 3.561774e-12
10470 3.561061e-12
10471 3.560349e-12
10472 3.559637e-12
10473 3.558925e-12
10474 3.558214e-12
10475 3.557502e-12
10476 3.556791e-12
10477 3.556080e-12
10478 3.555369e-12
10479 3.554659e-12
10480 3.553948e-12
10481 3.553238e-12
10482 3.552528e-12
10483 3.551819e-12
10484 3.551109e-12
10485 3.550400e-12
10486 3.549691e-12
10487 3.548982e-12
10488 3.548273e-12
10489 3.547565e-12
10490 3.546857e-12
10491 3.546149e-12
10492 3.545441e-12
10493 3.544733e-12
10494 3.544026e-12
10495 3.543319e-12
10496 3.542612e-12
10497 3.541905e-12
10498 3.541198e-12
10499 3.540492e-12
10500 3.539786e-12
10501 3.539080e-12
10502 3.538374e-12
10503 3.537669e-12
10504 3.536963e-12
10505 3.536258e-12
10506 3.535553e-12
10507 3.534849e-12
10508 3.534144e-12
10509 3.533440e-12
10510 3.532736e-12
10511 3.532032e-12
10512 3.531328e-12
10513 3.530625e-12
10514 3.529922e-12
10515 3.529219e-12
10516 3.528516e-12
10517 3.527813e-12
10518 3.527111e-12
10519 3.526409e-12
10520 3.525707e-12
10521 3.525005e-12
10522 3.524303e-12
10523 3.523602e-12
10524 3.522901e-12
10525 3.522200e-12
10526 3.521499e-12
10527 3.520798e-12
10528 3.520098e-12
10529 3.519398e-12
10530 3.518698e-12
10531 3.517998e-12
10532 3.517299e-12
10533 3.516599e-12
10534 3.515900e-12
10535 3.515201e-12
10536 3.514503e-12
10537 3.513804e-12
10538 3.513106e-12
10539 3.512408e-12
10540 3.511710e-12
10541 3.511012e-12
10542 3.510315e-12
10543 3.509617e-12
10544 3.508920e-12
10545 3.508224e-12
10546 3.507527e-12
10547 3.506830e-12
10548 3.506134e-12
10549 3.505438e-12
10550 3.504742e-12
10551 3.504047e-12
10552 3.503351e-12
10553 3.502656e-12
10554 3.501961e-12
10555 3.501266e-12
10556 3.500572e-12
10557 3.499877e-12
10558 3.499183e-12
10559 3.498489e-12
10560 3.497795e-12
10561 3.497102e-12
10562 3.496408e-12
10563 3.495715e-12
10564 3.495022e-12
10565 3.494329e-12
10566 3.493637e-12
10567 3.492944e-12
10568 3.492252e-12
10569 3.491560e-12
10570 3.490868e-12
10571 3.490177e-12
10572 3.489485e-12
10573 3.488794e-12
10574 3.488103e-12
10575 3.487412e-12
10576 3.486722e-12
10577 3.486032e-12
10578 3.485341e-12
10579 3.484651e-12
10580 3.483962e-12
10581 3.483272e-12
10582 3.482583e-12
10583 3.481894e-12
10584 3.481205e-12
10585 3.480516e-12
10586 3.479827e-12
10587 3.479139e-12
10588 3.478451e-12
10589 3.477763e-12
10590 3.477075e-12
10591 3.476388e-12
10592 3.475700e-12
10593 3.475013e-12
10594 3.474326e-12
10595 3.473640e-12
10596 3.472953e-12
10597 3.472267e-12
10598 3.471581e-12
10599 3.470895e-12
10600 3.470209e-12
10601 3.469523e-12
10602 3.468838e-12
10603 3.468153e-12
10604 3.467468e-12
10605 3.466783e-12
10606 3.466099e-12
10607 3.465414e-12
10608 3.464730e-12
10609 3.464046e-12
10610 3.463363e-12
10611 3.462679e-12
10612 3.461996e-12
10613 3.461313e-12
10614 3.460630e-12
10615 3.459947e-12
10616 3.459264e-12
10617 3.458582e-12
10618 3.457900e-12
10619 3.457218e-12
10620 3.456536e-12
10621 3.455855e-12
10622 3.455173e-12
10623 3.454492e-12
10624 3.453811e-12
10625 3.453130e-12
10626 3.452450e-12
10627 3.451769e-12
10628 3.451089e-12
10629 3.450409e-12
10630 3.449730e-12
10631 3.449050e-12
10632 3.448371e-12
10633 3.447692e-12
10634 3.447013e-12
10635 3.446334e-12
10636 3.445655e-12
10637 3.444977e-12
10638 3.444299e-12
10639 3.443621e-12
10640 3.442943e-12
10641 3.442265e-12
10642 3.441588e-12
10643 3.440911e-12
10644 3.440234e-12
10645 3.439557e-12
10646 3.438880e-12
10647 3.438204e-12
10648 3.437528e-12
10649 3.436852e-12
10650 3.436176e-12
10651 3.435500e-12
10652 3.434825e-12
10653 3.434150e-12
10654 3.433474e-12
10655 3.432800e-12
10656 3.432125e-12
10657 3.431451e-12
10658 3.430776e-12
10659 3.430102e-12
10660 3.429428e-12
10661 3.428755e-12
10662 3.428081e-12
10663 3.427408e-12
10664 3.426735e-12
10665 3.426062e-12
10666 3.425389e-12
10667 3.424717e-12
10668 3.424045e-12
10669 3.423372e-12
10670 3.422701e-12
10671 3.422029e-12
10672 3.421357e-12
10673 3.420686e-12
10674 3.420015e-12
10675 3.419344e-12
10676 3.418673e-12
10677 3.418003e-12
10678 3.417332e-12
10679 3.416662e-12
10680 3.415992e-12
10681 3.415322e-12
10682 3.414653e-12
10683 3.413983e-12
10684 3.413314e-12
10685 3.412645e-12
10686 3.411976e-12
10687 3.411308e-12
10688 3.410639e-12
10689 3.409971e-12
10690 3.409303e-12
10691 3.408635e-12
10692 3.407968e-12
10693 3.407300e-12
10694 3.406633e-12
10695 3.405966e-12
10696 3.405299e-12
10697 3.404632e-12
10698 3.403966e-12
10699 3.403300e-12
10700 3.402634e-12
10701 3.401968e-12
10702 3.401302e-12
10703 3.400636e-12
10704 3.399971e-12
10705 3.399306e-12
10706 3.398641e-12
10707 3.397976e-12
10708 3.397312e-12
10709 3.396647e-12
10710 3.395983e-12
10711 3.395319e-12
10712 3.394655e-12
10713 3.393992e-12
10714 3.393328e-12
10715 3.392665e-12
10716 3.392002e-12
10717 3.391339e-12
10718 3.390677e-12
10719 3.390014e-12
10720 3.389352e-12
10721 3.388690e-12
10722 3.388028e-12
10723 3.387366e-12
10724 3.386705e-12
10725 3.386044e-12
10726 3.385383e-12
10727 3.384722e-12
10728 3.384061e-12
10729 3.383400e-12
10730 3.382740e-12
10731 3.382080e-12
10732 3.381420e-12
10733 3.380760e-12
10734 3.380100e-12
10735 3.379441e-12
10736 3.378782e-12
10737 3.378123e-12
10738 3.377464e-12
10739 3.376805e-12
10740 3.376147e-12
10741 3.375489e-12
10742 3.374831e-12
10743 3.374173e-12
10744 3.373515e-12
10745 3.372858e-12
10746 3.372200e-12
10747 3.371543e-12
10748 3.370886e-12
10749 3.370229e-12
10750 3.369573e-12
10751 3.368917e-12
10752 3.368260e-12
10753 3.367604e-12
10754 3.366949e-12
10755 3.366293e-12
10756 3.365638e-12
10757 3.364982e-12
10758 3.364327e-12
10759 3.363672e-12
10760 3.363018e-12
10761 3.362363e-12
10762 3.361709e-12
10763 3.361055e-12
10764 3.360401e-12
10765 3.359747e-12
10766 3.359094e-12
10767 3.358440e-12
10768 3.357787e-12
10769 3.357134e-12
10770 3.356481e-12
10771 3.355829e-12
10772 3.355176e-12
10773 3.354524e-12
10774 3.353872e-12
10775 3.353220e-12
10776 3.352569e-12
10777 3.351917e-12
10778 3.351266e-12
10779 3.350615e-12
10780 3.349964e-12
10781 3.349313e-12
10782 3.348663e-12
10783 3.348012e-12
10784 3.347362e-12
10785 3.346712e-12
10786 3.346062e-12
10787 3.345413e-12
10788 3.344763e-12
10789 3.344114e-12
10790 3.343465e-12
10791 3.342816e-12
10792 3.342167e-12
10793 3.341519e-12
10794 3.340871e-12
10795 3.340222e-12
10796 3.339574e-12
10797 3.338927e-12
10798 3.338279e-12
10799 3.337632e-12
10800 3.336985e-12
10801 3.336338e-12
10802 3.335691e-12
10803 3.335044e-12
10804 3.334398e-12
10805 3.333751e-12
10806 3.333105e-12
10807 3.332459e-12
10808 3.331814e-12
10809 3.331168e-12
10810 3.330523e-12
10811 3.329878e-12
10812 3.329233e-12
10813 3.328588e-12
10814 3.327943e-12
10815 3.327299e-12
10816 3.326655e-12
10817 3.326011e-12
10818 3.325367e-12
10819 3.324723e-12
10820 3.324080e-12
10821 3.323436e-12
10822 3.322793e-12
10823 3.322150e-12
10824 3.321507e-12
10825 3.320865e-12
10826 3.320222e-12
10827 3.319580e-12
10828 3.318938e-12
10829 3.318296e-12
10830 3.317655e-12
10831 3.317013e-12
10832 3.316372e-12
10833 3.315731e-12
10834 3.315090e-12
10835 3.314449e-12
10836 3.313809e-12
10837 3.313168e-12
10838 3.312528e-12
10839 3.311888e-12
10840 3.311248e-12
10841 3.310608e-12
10842 3.309969e-12
10843 3.309330e-12
10844 3.308689e-12
10845 3.308045e-12
10846 3.307401e-12
10847 3.306757e-12
10848 3.306113e-12
10849 3.305470e-12
10850 3.304826e-12
10851 3.304183e-12
10852 3.303540e-12
10853 3.302898e-12
10854 3.302255e-12
10855 3.301613e-12
10856 3.300971e-12
10857 3.300329e-12
10858 3.299687e-12
10859 3.299045e-12
10860 3.298404e-12
10861 3.297763e-12
10862 3.297122e-12
10863 3.296481e-12
10864 3.295840e-12
10865 3.295200e-12
10866 3.294559e-12
10867 3.293919e-12
10868 3.293279e-12
10869 3.292639e-12
10870 3.292000e-12
10871 3.291360e-12
10872 3.290721e-12
10873 3.290082e-12
10874 3.289443e-12
10875 3.288805e-12
10876 3.288166e-12
10877 3.287528e-12
10878 3.286890e-12
10879 3.286252e-12
10880 3.285614e-12
10881 3.284976e-12
10882 3.284339e-12
10883 3.283702e-12
10884 3.283065e-12
10885 3.282428e-12
10886 3.281791e-12
10887 3.281155e-12
10888 3.280518e-12
10889 3.279882e-12
10890 3.279246e-12
10891 3.278611e-12
10892 3.277975e-12
10893 3.277340e-12
10894 3.276704e-12
10895 3.276069e-12
10896 3.275434e-12
10897 3.274800e-12
10898 3.274165e-12
10899 3.273531e-12
10900 3.272897e-12
10901 3.272263e-12
10902 3.271629e-12
10903 3.270996e-12
10904 3.270362e-12
10905 3.269729e-12
10906 3.269096e-12
10907 3.268463e-12
10908 3.267830e-12
10909 3.267198e-12
10910 3.266565e-12
10911 3.265933e-12
10912 3.265301e-12
10913 3.264670e-12
10914 3.264038e-12
10915 3.263407e-12
10916 3.262775e-12
10917 3.262144e-12
10918 3.261513e-12
10919 3.260883e-12
10920 3.260252e-12
10921 3.259622e-12
10922 3.258992e-12
10923 3.258362e-12
10924 3.257732e-12
10925 3.257102e-12
10926 3.256473e-12
10927 3.255844e-12
10928 3.255214e-12
10929 3.254586e-12
10930 3.253957e-12
10931 3.253328e-12
10932 3.252700e-12
10933 3.252072e-12
10934 3.251444e-12
10935 3.250816e-12
10936 3.250188e-12
10937 3.249561e-12
10938 3.248933e-12
10939 3.248306e-12
10940 3.247679e-12
10941 3.247053e-12
10942 3.246426e-12
10943 3.245800e-12
10944 3.245173e-12
10945 3.244547e-12
10946 3.243921e-12
10947 3.243296e-12
10948 3.242670e-12
10949 3.242045e-12
10950 3.241420e-12
10951 3.240795e-12
10952 3.240170e-12
10953 3.239545e-12
10954 3.238921e-12
10955 3.238297e-12
10956 3.237672e-12
10957 3.237049e-12
10958 3.236425e-12
10959 3.235801e-12
10960 3.235178e-12
10961 3.234555e-12
10962 3.233932e-12
10963 3.233309e-12
10964 3.232686e-12
10965 3.232064e-12
10966 3.231441e-12
10967 3.230819e-12
10968 3.230197e-12
10969 3.229575e-12
10970 3.228954e-12
10971 3.228332e-12
10972 3.227711e-12
10973 3.227090e-12
10974 3.226469e-12
10975 3.225848e-12
10976 3.225228e-12
10977 3.224607e-12
10978 3.223987e-12
10979 3.223367e-12
10980 3.222747e-12
10981 3.222127e-12
10982 3.221508e-12
10983 3.220889e-12
10984 3.220269e-12
10985 3.219650e-12
10986 3.219032e-12
10987 3.218413e-12
10988 3.217795e-12
10989 3.217176e-12
10990 3.216558e-12
10991 3.215940e-12
10992 3.215323e-12
10993 3.214705e-12
10994 3.214088e-12
10995 3.213470e-12
10996 3.212853e-12
10997 3.212236e-12
10998 3.211620e-12
10999 3.211003e-12
11000 3.210387e-12
11001 3.209771e-12
11002 3.209155e-12
11003 3.208539e-12
11004 3.207923e-12
11005 3.207308e-12
11006 3.206692e-12
11007 3.206077e-12
11008 3.205462e-12
11009 3.204847e-12
11010 3.204233e-12
11011 3.203618e-12
11012 3.203004e-12
11013 3.202390e-12
11014 3.201776e-12
11015 3.201162e-12
11016 3.200549e-12
11017 3.199935e-12
11018 3.199322e-12
11019 3.198709e-12
11020 3.198096e-12
11021 3.197483e-12
11022 3.196871e-12
11023 3.196258e-12
11024 3.195646e-12
11025 3.195034e-12
11026 3.194422e-12
11027 3.193811e-12
11028 3.193199e-12
11029 3.192588e-12
11030 3.191977e-12
11031 3.191366e-12
11032 3.190755e-12
11033 3.190144e-12
11034 3.189534e-12
11035 3.188923e-12
11036 3.188313e-12
11037 3.187703e-12
11038 3.187094e-12
11039 3.186484e-12
11040 3.185874e-12
11041 3.185265e-12
11042 3.184656e-12
11043 3.184047e-12
11044 3.183438e-12
11045 3.182830e-12
11046 3.182221e-12
11047 3.181613e-12
11048 3.181005e-12
11049 3.180397e-12
11050 3.179790e-12
11051 3.179182e-12
11052 3.178575e-12
11053 3.177967e-12
11054 3.177360e-12
11055 3.176753e-12
11056 3.176147e-12
11057 3.175540e-12
11058 3.174934e-12
11059 3.174328e-12
11060 3.173722e-12
11061 3.173116e-12
11062 3.172510e-12
11063 3.171905e-12
11064 3.171299e-12
11065 3.170694e-12
11066 3.170089e-12
11067 3.169484e-12
11068 3.168880e-12
11069 3.168275e-12
11070 3.167671e-12
11071 3.167067e-12
11072 3.166463e-12
11073 3.165859e-12
11074 3.165255e-12
11075 3.164652e-12
11076 3.164049e-12
11077 3.163445e-12
11078 3.162842e-12
11079 3.162240e-12
11080 3.161637e-12
11081 3.161035e-12
11082 3.160432e-12
11083 3.159830e-12
11084 3.159228e-12
11085 3.158627e-12
11086 3.158025e-12
11087 3.157423e-12
11088 3.156822e-12
11089 3.156221e-12
11090 3.155620e-12
11091 3.155019e-12
11092 3.154419e-12
11093 3.153818e-12
11094 3.153218e-12
11095 3.152618e-12
11096 3.152018e-12
11097 3.151418e-12
11098 3.150819e-12
11099 3.150219e-12
11100 3.149620e-12
11101 3.149021e-12
11102 3.148422e-12
11103 3.147823e-12
11104 3.147225e-12
11105 3.146626e-12
11106 3.146028e-12
11107 3.145430e-12
11108 3.144832e-12
11109 3.144234e-12
11110 3.143637e-12
11111 3.143039e-12
11112 3.142442e-12
11113 3.141845e-12
11114 3.141248e-12
11115 3.140652e-12
11116 3.140055e-12
11117 3.139459e-12
11118 3.138862e-12
11119 3.138266e-12
11120 3.137670e-12
11121 3.137075e-12
11122 3.136479e-12
11123 3.135884e-12
11124 3.135288e-12
11125 3.134693e-12
11126 3.134098e-12
11127 3.133504e-12
11128 3.132909e-12
11129 3.132315e-12
11130 3.131721e-12
11131 3.131126e-12
11132 3.130533e-12
11133 3.129939e-12
11134 3.129345e-12
11135 3.128752e-12
11136 3.128159e-12
11137 3.127566e-12
11138 3.126973e-12
11139 3.126380e-12
11140 3.125787e-12
11141 3.125195e-12
11142 3.124603e-12
11143 3.124011e-12
11144 3.123419e-12
11145 3.122827e-12
11146 3.122235e-12
11147 3.121644e-12
11148 3.121053e-12
11149 3.120462e-12
11150 3.119871e-12
11151 3.119280e-12
11152 3.118689e-12
11153 3.118099e-12
11154 3.117509e-12
11155 3.116918e-12
11156 3.116329e-12
11157 3.115739e-12
11158 3.115149e-12
11159 3.114560e-12
11160 3.113970e-12
11161 3.113381e-12
11162 3.112792e-12
11163 3.112204e-12
11164 3.111615e-12
11165 3.111027e-12
11166 3.110438e-12
11167 3.109850e-12
11168 3.109262e-12
11169 3.108674e-12
11170 3.108087e-12
11171 3.107499e-12
11172 3.106912e-12
11173 3.106325e-12
11174 3.105738e-12
11175 3.105151e-12
11176 3.104564e-12
11177 3.103978e-12
11178 3.103391e-12
11179 3.102805e-12
11180 3.102219e-12
11181 3.101633e-12
11182 3.101048e-12
11183 3.100462e-12
11184 3.099877e-12
11185 3.099292e-12
11186 3.098707e-12
11187 3.098122e-12
11188 3.097537e-12
11189 3.096953e-12
11190 3.096368e-12
11191 3.095784e-12
11192 3.095200e-12
11193 3.094616e-12
11194 3.094032e-12
11195 3.093449e-12
11196 3.092865e-12
11197 3.092282e-12
11198 3.091699e-12
11199 3.091116e-12
11200 3.090533e-12
11201 3.089951e-12
11202 3.089368e-12
11203 3.088786e-12
11204 3.088204e-12
11205 3.087622e-12
11206 3.087040e-12
11207 3.086459e-12
11208 3.085877e-12
11209 3.085296e-12
11210 3.084715e-12
11211 3.084134e-12
11212 3.083553e-12
11213 3.082972e-12
11214 3.082392e-12
11215 3.081811e-12
11216 3.081231e-12
11217 3.080651e-12
11218 3.080071e-12
11219 3.079492e-12
11220 3.078912e-12
11221 3.078333e-12
11222 3.077754e-12
11223 3.077175e-12
11224 3.076596e-12
11225 3.076017e-12
11226 3.075438e-12
11227 3.074860e-12
11228 3.074282e-12
11229 3.073704e-12
11230 3.073126e-12
11231 3.072548e-12
11232 3.071970e-12
11233 3.071393e-12
11234 3.070816e-12
11235 3.070239e-12
11236 3.069662e-12
11237 3.069085e-12
11238 3.068508e-12
11239 3.067932e-12
11240 3.067355e-12
11241 3.066779e-12
11242 3.066203e-12
11243 3.065627e-12
11244 3.065052e-12
11245 3.064476e-12
11246 3.063901e-12
11247 3.063325e-12
11248 3.062750e-12
11249 3.062176e-12
11250 3.061601e-12
11251 3.061026e-12
11252 3.060452e-12
11253 3.059878e-12
11254 3.059303e-12
11255 3.058730e-12
11256 3.058156e-12
11257 3.057582e-12
11258 3.057009e-12
11259 3.056435e-12
11260 3.055862e-12
11261 3.055289e-12
11262 3.054716e-12
11263 3.054144e-12
11264 3.053571e-12
11265 3.052999e-12
11266 3.052427e-12
11267 3.051855e-12
11268 3.051283e-12
11269 3.050711e-12
11270 3.050139e-12
11271 3.049568e-12
11272 3.048997e-12
11273 3.048426e-12
11274 3.047855e-12
11275 3.047284e-12
11276 3.046713e-12
11277 3.046143e-12
11278 3.045573e-12
11279 3.045002e-12
11280 3.044432e-12
11281 3.043863e-12
11282 3.043293e-12
11283 3.042723e-12
11284 3.042154e-12
11285 3.041585e-12
11286 3.041016e-12
11287 3.040447e-12
11288 3.039878e-12
11289 3.039310e-12
11290 3.038741e-12
11291 3.038173e-12
11292 3.037605e-12
11293 3.037037e-12
11294 3.036469e-12
11295 3.035901e-12
11296 3.035334e-12
11297 3.034767e-12
11298 3.034200e-12
11299 3.033632e-12
11300 3.033066e-12
11301 3.032499e-12
11302 3.031932e-12
11303 3.031366e-12
11304 3.030800e-12
11305 3.030234e-12
11306 3.029668e-12
11307 3.029102e-12
11308 3.028536e-12
11309 3.027971e-12
11310 3.027406e-12
11311 3.026841e-12
11312 3.026276e-12
11313 3.025711e-12
11314 3.025146e-12
11315 3.024581e-12
11316 3.024017e-12
11317 3.023453e-12
11318 3.022889e-12
11319 3.022325e-12
11320 3.021761e-12
11321 3.021198e-12
11322 3.020634e-12
11323 3.020071e-12
11324 3.019508e-12
11325 3.018945e-12
11326 3.018382e-12
11327 3.017819e-12
11328 3.017257e-12
11329 3.016694e-12
11330 3.016132e-12
11331 3.015570e-12
11332 3.015008e-12
11333 3.014447e-12
11334 3.013885e-12
11335 3.013324e-12
11336 3.012762e-12
11337 3.012201e-12
11338 3.011640e-12
11339 3.011079e-12
11340 3.010519e-12
11341 3.009958e-12
11342 3.009398e-12
11343 3.008838e-12
11344 3.008278e-12
11345 3.007718e-12
11346 3.007158e-12
11347 3.006598e-12
11348 3.006039e-12
11349 3.005480e-12
11350 3.004921e-12
11351 3.004362e-12
11352 3.003803e-12
11353 3.003244e-12
11354 3.002686e-12
11355 3.002127e-12
11356 3.001569e-12
11357 3.001011e-12
11358 3.000453e-12
11359 2.999895e-12
11360 2.999338e-12
11361 2.998780e-12
11362 2.998223e-12
11363 2.997666e-12
11364 2.997109e-12
11365 2.996552e-12
11366 2.995995e-12
11367 2.995439e-12
11368 2.994883e-12
11369 2.994326e-12
11370 2.993770e-12
11371 2.993214e-12
11372 2.992659e-12
11373 2.992103e-12
11374 2.991548e-12
11375 2.990992e-12
11376 2.990437e-12
11377 2.989882e-12
11378 2.989327e-12
11379 2.988773e-12
11380 2.988218e-12
11381 2.987664e-12
11382 2.987109e-12
11383 2.986555e-12
11384 2.986001e-12
11385 2.985448e-12
11386 2.984894e-12
11387 2.984340e-12
11388 2.983787e-12
11389 2.983234e-12
11390 2.982681e-12
11391 2.982128e-12
11392 2.981575e-12
11393 2.981023e-12
11394 2.980470e-12
11395 2.979918e-12
11396 2.979366e-12
11397 2.978814e-12
11398 2.978262e-12
11399 2.977710e-12
11400 2.977159e-12
11401 2.976607e-12
11402 2.976056e-12
11403 2.975505e-12
11404 2.974954e-12
11405 2.974403e-12
11406 2.973853e-12
11407 2.973302e-12
11408 2.972752e-12
11409 2.972202e-12
11410 2.971652e-12
11411 2.971102e-12
11412 2.970552e-12
11413 2.970003e-12
11414 2.969453e-12
11415 2.968904e-12
11416 2.968355e-12
11417 2.967806e-12
11418 2.967257e-12
11419 2.966708e-12
11420 2.966160e-12
11421 2.965611e-12
11422 2.965063e-12
11423 2.964515e-12
11424 2.963967e-12
11425 2.963419e-12
11426 2.962872e-12
11427 2.962324e-12
11428 2.961777e-12
11429 2.961230e-12
11430 2.960683e-12
11431 2.960136e-12
11432 2.959589e-12
11433 2.959043e-12
11434 2.958496e-12
11435 2.957950e-12
11436 2.957404e-12
11437 2.956858e-12
11438 2.956312e-12
11439 2.955766e-12
11440 2.955221e-12
11441 2.954675e-12
11442 2.954130e-12
11443 2.953585e-12
11444 2.953040e-12
11445 2.952495e-12
11446 2.951950e-12
11447 2.951406e-12
11448 2.950862e-12
11449 2.950317e-12
11450 2.949773e-12
11451 2.949229e-12
11452 2.948686e-12
11453 2.948142e-12
11454 2.947598e-12
11455 2.947055e-12
11456 2.946512e-12
11457 2.945969e-12
11458 2.945426e-12
11459 2.944883e-12
11460 2.944341e-12
11461 2.943798e-12
11462 2.943256e-12
11463 2.942714e-12
11464 2.942172e-12
11465 2.941630e-12
11466 2.941088e-12
11467 2.940547e-12
11468 2.940005e-12
11469 2.939464e-12
11470 2.938923e-12
11471 2.938382e-12
11472 2.937841e-12
11473 2.937300e-12
11474 2.936760e-12
11475 2.936220e-12
11476 2.935679e-12
11477 2.935139e-12
11478 2.934599e-12
11479 2.934059e-12
11480 2.933520e-12
11481 2.932980e-12
11482 2.932441e-12
11483 2.931902e-12
11484 2.931363e-12
11485 2.930824e-12
11486 2.930285e-12
11487 2.929746e-12
11488 2.929208e-12
11489 2.928669e-12
11490 2.928131e-12
11491 2.927593e-12
11492 2.927055e-12
11493 2.926518e-12
11494 2.925980e-12
11495 2.925442e-12
11496 2.924905e-12
11497 2.924368e-12
11498 2.923831e-12
11499 2.923294e-12
11500 2.922757e-12
11501 2.922221e-12
11502 2.921684e-12
11503 2.921148e-12
11504 2.920612e-12
11505 2.920076e-12
11506 2.919540e-12
11507 2.919004e-12
11508 2.918469e-12
11509 2.917933e-12
11510 2.917398e-12
11511 2.916863e-12
11512 2.916328e-12
11513 2.915793e-12
11514 2.915258e-12
11515 2.914724e-12
11516 2.914189e-12
11517 2.913655e-12
11518 2.913121e-12
11519 2.912587e-12
11520 2.912053e-12
11521 2.911519e-12
11522 2.910986e-12
11523 2.910452e-12
11524 2.909919e-12
11525 2.909386e-12
11526 2.908853e-12
11527 2.908320e-12
11528 2.907787e-12
11529 2.907255e-12
11530 2.906722e-12
11531 2.906190e-12
11532 2.905658e-12
11533 2.905126e-12
11534 2.904594e-12
11535 2.904063e-12
11536 2.903531e-12
11537 2.903000e-12
11538 2.902468e-12
11539 2.901937e-12
11540 2.901406e-12
11541 2.900875e-12
11542 2.900345e-12
11543 2.899814e-12
11544 2.899284e-12
11545 2.898754e-12
11546 2.898223e-12
11547 2.897693e-12
11548 2.897164e-12
11549 2.896634e-12
11550 2.896104e-12
11551 2.895575e-12
11552 2.895046e-12
11553 2.894517e-12
11554 2.893988e-12
11555 2.893459e-12
11556 2.892930e-12
11557 2.892402e-12
11558 2.891873e-12
11559 2.891345e-12
11560 2.890817e-12
11561 2.890289e-12
11562 2.889761e-12
11563 2.889233e-12
11564 2.888706e-12
11565 2.888178e-12
11566 2.887651e-12
11567 2.887124e-12
11568 2.886597e-12
11569 2.886070e-12
11570 2.885543e-12
11571 2.885017e-12
11572 2.884490e-12
11573 2.883964e-12
11574 2.883438e-12
11575 2.882912e-12
11576 2.882386e-12
11577 2.881861e-12
11578 2.881335e-12
11579 2.880810e-12
11580 2.880284e-12
11581 2.879759e-12
11582 2.879234e-12
11583 2.878709e-12
11584 2.878185e-12
11585 2.877660e-12
11586 2.877136e-12
11587 2.876611e-12
11588 2.876087e-12
11589 2.875563e-12
11590 2.875039e-12
11591 2.874515e-12
11592 2.873992e-12
11593 2.873468e-12
11594 2.872945e-12
11595 2.872422e-12
11596 2.871899e-12
11597 2.871376e-12
11598 2.870853e-12
11599 2.870331e-12
11600 2.869808e-12
11601 2.869286e-12
11602 2.868764e-12
11603 2.868242e-12
11604 2.867720e-12
11605 2.867198e-12
11606 2.866676e-12
11607 2.866155e-12
11608 2.865633e-12
11609 2.865112e-12
11610 2.864591e-12
11611 2.864070e-12
11612 2.863549e-12
11613 2.863029e-12
11614 2.862508e-12
11615 2.861988e-12
11616 2.861468e-12
11617 2.860948e-12
11618 2.860428e-12
11619 2.859908e-12
11620 2.859388e-12
11621 2.858869e-12
11622 2.858349e-12
11623 2.857830e-12
11624 2.857308e-12
11625 2.856785e-12
11626 2.856262e-12
11627 2.855739e-12
11628 2.855216e-12
11629 2.854694e-12
11630 2.854171e-12
11631 2.853649e-12
11632 2.853127e-12
11633 2.852605e-12
11634 2.852083e-12
11635 2.851562e-12
11636 2.851040e-12
11637 2.850519e-12
11638 2.849998e-12
11639 2.849477e-12
11640 2.848956e-12
11641 2.848435e-12
11642 2.847914e-12
11643 2.847394e-12
11644 2.846873e-12
11645 2.846353e-12
11646 2.845833e-12
11647 2.845313e-12
11648 2.844793e-12
11649 2.844273e-12
11650 2.843754e-12
11651 2.843235e-12
11652 2.842715e-12
11653 2.842196e-12
11654 2.841677e-12
11655 2.841158e-12
11656 2.840640e-12
11657 2.840121e-12
11658 2.839603e-12
11659 2.839084e-12
11660 2.838566e-12
11661 2.838048e-12
11662 2.837530e-12
11663 2.837013e-12
11664 2.836495e-12
11665 2.835977e-12
11666 2.835460e-12
11667 2.834943e-12
11668 2.834426e-12
11669 2.833909e-12
11670 2.833392e-12
11671 2.832876e-12
11672 2.832359e-12
11673 2.831843e-12
11674 2.831327e-12
11675 2.830810e-12
11676 2.830295e-12
11677 2.829779e-12
11678 2.829263e-12
11679 2.828748e-12
11680 2.828232e-12
11681 2.827717e-12
11682 2.827202e-12
11683 2.826687e-12
11684 2.826172e-12
11685 2.825657e-12
11686 2.825143e-12
11687 2.824628e-12
11688 2.824114e-12
11689 2.823600e-12
11690 2.823086e-12
11691 2.822572e-12
11692 2.822058e-12
11693 2.821545e-12
11694 2.821031e-12
11695 2.820518e-12
11696 2.820005e-12
11697 2.819492e-12
11698 2.818979e-12
11699 2.818466e-12
11700 2.817953e-12
11701 2.817441e-12
11702 2.816929e-12
11703 2.816416e-12
11704 2.815904e-12
11705 2.815392e-12
11706 2.814881e-12
11707 2.814369e-12
11708 2.813857e-12
11709 2.813346e-12
11710 2.812835e-12
11711 2.812324e-12
11712 2.811813e-12
11713 2.811302e-12
11714 2.810791e-12
11715 2.810280e-12
11716 2.809770e-12
11717 2.809260e-12
11718 2.808749e-12
11719 2.808239e-12
11720 2.807730e-12
11721 2.807220e-12
11722 2.806710e-12
11723 2.806201e-12
11724 2.805691e-12
11725 2.805182e-12
11726 2.804673e-12
11727 2.804164e-12
11728 2.803655e-12
11729 2.803147e-12
11730 2.802638e-12
11731 2.802130e-12
11732 2.801621e-12
11733 2.801113e-12
11734 2.800605e-12
11735 2.800097e-12
11736 2.799590e-12
11737 2.799082e-12
11738 2.798575e-12
11739 2.798067e-12
11740 2.797560e-12
11741 2.797053e-12
11742 2.796546e-12
11743 2.796039e-12
11744 2.795533e-12
11745 2.795026e-12
11746 2.794520e-12
11747 2.794014e-12
11748 2.793507e-12
11749 2.793001e-12
11750 2.792496e-12
11751 2.791990e-12
11752 2.791484e-12
11753 2.790979e-12
11754 2.790474e-12
11755 2.789968e-12
11756 2.789463e-12
11757 2.788959e-12
11758 2.788454e-12
11759 2.787949e-12
11760 2.787445e-12
11761 2.786940e-12
11762 2.786436e-12
11763 2.785932e-12
11764 2.785428e-12
11765 2.784924e-12
11766 2.784420e-12
11767 2.783917e-12
11768 2.783414e-12
11769 2.782910e-12
11770 2.782407e-12
11771 2.781904e-12
11772 2.781401e-12
11773 2.780898e-12
11774 2.780396e-12
11775 2.779893e-12
11776 2.779391e-12
11777 2.778889e-12
11778 2.778387e-12
11779 2.777885e-12
11780 2.777383e-12
11781 2.776881e-12
11782 2.776380e-12
11783 2.775878e-12
11784 2.775377e-12
11785 2.774876e-12
11786 2.774375e-12
11787 2.773874e-12
11788 2.773373e-12
11789 2.772872e-12
11790 2.772372e-12
11791 2.771872e-12
11792 2.771371e-12
11793 2.770871e-12
11794 2.770371e-12
11795 2.769872e-12
11796 2.769372e-12
11797 2.768872e-12
11798 2.768373e-12
11799 2.767874e-12
11800 2.767374e-12
11801 2.766875e-12
11802 2.766376e-12
11803 2.765878e-12
11804 2.765379e-12
11805 2.764881e-12
11806 2.764382e-12
11807 2.763884e-12
11808 2.763386e-12
11809 2.762888e-12
11810 2.762390e-12
11811 2.761892e-12
11812 2.761395e-12
11813 2.760897e-12
11814 2.760400e-12
11815 2.759903e-12
11816 2.759406e-12
11817 2.758909e-12
11818 2.758412e-12
11819 2.757915e-12
11820 2.757419e-12
11821 2.756922e-12
11822 2.756426e-12
11823 2.755930e-12
11824 2.755434e-12
11825 2.754938e-12
11826 2.754442e-12
11827 2.753947e-12
11828 2.753451e-12
11829 2.752956e-12
11830 2.752461e-12
11831 2.751966e-12
11832 2.751471e-12
11833 2.750976e-12
11834 2.750481e-12
11835 2.749987e-12
11836 2.749492e-12
11837 2.748998e-12
11838 2.748504e-12
11839 2.748010e-12
11840 2.747516e-12
11841 2.747022e-12
11842 2.746528e-12
11843 2.746035e-12
11844 2.745542e-12
11845 2.745048e-12
11846 2.744555e-12
11847 2.744062e-12
11848 2.743569e-12
11849 2.743077e-12
11850 2.742584e-12
11851 2.742091e-12
11852 2.741599e-12
11853 2.741107e-12
11854 2.740615e-12
11855 2.740123e-12
11856 2.739631e-12
11857 2.739139e-12
11858 2.738648e-12
11859 2.738156e-12
11860 2.737665e-12
11861 2.737174e-12
11862 2.736683e-12
11863 2.736192e-12
11864 2.735701e-12
11865 2.735210e-12
11866 2.734720e-12
11867 2.734230e-12
11868 2.733739e-12
11869 2.733249e-12
11870 2.732759e-12
11871 2.732269e-12
11872 2.731779e-12
11873 2.731290e-12
11874 2.730800e-12
11875 2.730311e-12
11876 2.729822e-12
11877 2.729333e-12
11878 2.728844e-12
11879 2.728355e-12
11880 2.727866e-12
11881 2.727378e-12
11882 2.726889e-12
11883 2.726401e-12
11884 2.725912e-12
11885 2.725424e-12
11886 2.724936e-12
11887 2.724449e-12
11888 2.723961e-12
11889 2.723473e-12
11890 2.722986e-12
11891 2.722499e-12
11892 2.722011e-12
11893 2.721524e-12
11894 2.721037e-12
11895 2.720551e-12
11896 2.720064e-12
11897 2.719577e-12
11898 2.719091e-12
11899 2.718605e-12
11900 2.718119e-12
11901 2.717633e-12
11902 2.717147e-12
11903 2.716661e-12
11904 2.716175e-12
11905 2.715690e-12
11906 2.715204e-12
11907 2.714719e-12
11908 2.714234e-12
11909 2.713749e-12
11910 2.713264e-12
11911 2.712779e-12
11912 2.712295e-12
11913 2.711810e-12
11914 2.711326e-12
11915 2.710842e-12
11916 2.710357e-12
11917 2.709873e-12
11918 2.709390e-12
11919 2.708906e-12
11920 2.708422e-12
11921 2.707939e-12
11922 2.707455e-12
11923 2.706972e-12
11924 2.706489e-12
11925 2.706006e-12
11926 2.705523e-12
11927 2.705040e-12
11928 2.704558e-12
11929 2.704075e-12
11930 2.703593e-12
11931 2.703111e-12
11932 2.702629e-12
11933 2.702147e-12
11934 2.701665e-12
11935 2.701183e-12
11936 2.700702e-12
11937 2.700220e-12
11938 2.699739e-12
11939 2.699258e-12
11940 2.698777e-12
11941 2.698296e-12
11942 2.697815e-12
11943 2.697334e-12
11944 2.696854e-12
11945 2.696373e-12
11946 2.695893e-12
11947 2.695413e-12
11948 2.694932e-12
11949 2.694453e-12
11950 2.693973e-12
11951 2.693493e-12
11952 2.693013e-12
11953 2.692534e-12
11954 2.692055e-12
11955 2.691575e-12
11956 2.691096e-12
11957 2.690617e-12
11958 2.690139e-12
11959 2.689660e-12
11960 2.689181e-12
11961 2.688703e-12
11962 2.688225e-12
11963 2.687746e-12
11964 2.687268e-12
11965 2.686790e-12
11966 2.686313e-12
11967 2.685835e-12
11968 2.685357e-12
11969 2.684880e-12
11970 2.684403e-12
11971 2.683925e-12
11972 2.683448e-12
11973 2.682971e-12
11974 2.682494e-12
11975 2.682018e-12
11976 2.681541e-12
11977 2.681065e-12
11978 2.680588e-12
11979 2.680112e-12
11980 2.679636e-12
11981 2.679160e-12
11982 2.678684e-12
11983 2.678209e-12
11984 2.677733e-12
11985 2.677258e-12
11986 2.676782e-12
11987 2.676307e-12
11988 2.675832e-12
11989 2.675357e-12
11990 2.674882e-12
11991 2.674408e-12
11992 2.673933e-12
11993 2.673459e-12
11994 2.672984e-12
11995 2.672510e-12
11996 2.672036e-12
11997 2.671562e-12
11998 2.671088e-12
11999 2.670614e-12
12000 2.670141e-12
12001 2.669667e-12
12002 2.669194e-12
12003 2.668721e-12
12004 2.668248e-12
12005 2.667775e-12
12006 2.667302e-12
12007 2.666829e-12
12008 2.666356e-12
12009 2.665884e-12
12010 2.665412e-12
12011 2.664939e-12
12012 2.664467e-12
12013 2.663995e-12
12014 2.663523e-12
12015 2.663052e-12
12016 2.662580e-12
12017 2.662108e-12
12018 2.661637e-12
12019 2.661166e-12
12020 2.660695e-12
12021 2.660224e-12
12022 2.659753e-12
12023 2.659282e-12
12024 2.658811e-12
12025 2.658341e-12
12026 2.657870e-12
12027 2.657400e-12
12028 2.656930e-12
12029 2.656460e-12
12030 2.655990e-12
12031 2.655520e-12
12032 2.655051e-12
12033 2.654581e-12
12034 2.654112e-12
12035 2.653642e-12
12036 2.653173e-12
12037 2.652704e-12
12038 2.652235e-12
12039 2.651766e-12
12040 2.651298e-12
12041 2.650829e-12
12042 2.650361e-12
12043 2.649892e-12
12044 2.649424e-12
12045 2.648956e-12
12046 2.648488e-12
12047 2.648020e-12
12048 2.647552e-12
12049 2.647085e-12
12050 2.646617e-12
12051 2.646150e-12
12052 2.645683e-12
12053 2.645216e-12
12054 2.644749e-12
12055 2.644282e-12
12056 2.643815e-12
12057 2.643348e-12
12058 2.642882e-12
12059 2.642416e-12
12060 2.641949e-12
12061 2.641483e-12
12062 2.641017e-12
12063 2.640551e-12
12064 2.640085e-12
12065 2.639620e-12
12066 2.639154e-12
12067 2.638689e-12
12068 2.638224e-12
12069 2.637758e-12
12070 2.637293e-12
12071 2.636828e-12
12072 2.636364e-12
12073 2.635899e-12
12074 2.635434e-12
12075 2.634970e-12
12076 2.634505e-12
12077 2.634041e-12
12078 2.633577e-12
12079 2.633113e-12
12080 2.632649e-12
12081 2.632186e-12
12082 2.631722e-12
12083 2.631259e-12
12084 2.630795e-12
12085 2.630332e-12
12086 2.629869e-12
12087 2.629406e-12
12088 2.628943e-12
12089 2.628480e-12
12090 2.628017e-12
12091 2.627555e-12
12092 2.627092e-12
12093 2.626630e-12
12094 2.626168e-12
12095 2.625706e-12
12096 2.625244e-12
12097 2.624782e-12
12098 2.624320e-12
12099 2.623859e-12
12100 2.623397e-12
12101 2.622936e-12
12102 2.622475e-12
12103 2.622014e-12
12104 2.621553e-12
12105 2.621092e-12
12106 2.620631e-12
12107 2.620171e-12
12108 2.619710e-12
12109 2.619250e-12
12110 2.618789e-12
12111 2.618329e-12
12112 2.617869e-12
12113 2.617409e-12
12114 2.616950e-12
12115 2.616490e-12
12116 2.616030e-12
12117 2.615571e-12
12118 2.615112e-12
12119 2.614652e-12
12120 2.614193e-12
12121 2.613734e-12
12122 2.613275e-12
12123 2.612817e-12
12124 2.612358e-12
12125 2.611900e-12
12126 2.611441e-12
12127 2.610983e-12
12128 2.610525e-12
12129 2.610067e-12
12130 2.609609e-12
12131 2.609151e-12
12132 2.608693e-12
12133 2.608236e-12
12134 2.607779e-12
12135 2.607321e-12
12136 2.606864e-12
12137 2.606407e-12
12138 2.605950e-12
12139 2.605493e-12
12140 2.605036e-12
12141 2.604580e-12
12142 2.604123e-12
12143 2.603667e-12
12144 2.603211e-12
12145 2.602755e-12
12146 2.602299e-12
12147 2.601843e-12
12148 2.601387e-12
12149 2.600931e-12
12150 2.600476e-12
12151 2.600020e-12
12152 2.599565e-12
12153 2.599110e-12
12154 2.598655e-12
12155 2.598200e-12
12156 2.597745e-12
12157 2.597290e-12
12158 2.596836e-12
12159 2.596381e-12
12160 2.595927e-12
12161 2.595472e-12
12162 2.595018e-12
12163 2.594564e-12
12164 2.594110e-12
12165 2.593657e-12
12166 2.593203e-12
12167 2.592749e-12
12168 2.592296e-12
12169 2.591843e-12
12170 2.591389e-12
12171 2.590936e-12
12172 2.590483e-12
12173 2.590030e-12
12174 2.589578e-12
12175 2.589125e-12
12176 2.588673e-12
12177 2.588220e-12
12178 2.587768e-12
12179 2.587316e-12
12180 2.586864e-12
12181 2.586412e-12
12182 2.585960e-12
12183 2.585508e-12
12184 2.585057e-12
12185 2.584605e-12
12186 2.584154e-12
12187 2.583703e-12
12188 2.583251e-12
12189 2.582800e-12
12190 2.582350e-12
12191 2.581899e-12
12192 2.581448e-12
12193 2.580998e-12
12194 2.580547e-12
12195 2.580097e-12
12196 2.579647e-12
12197 2.579197e-12
12198 2.578747e-12
12199 2.578297e-12
12200 2.577847e-12
12201 2.577397e-12
12202 2.576948e-12
12203 2.576499e-12
12204 2.576049e-12
12205 2.575600e-12
12206 2.575151e-12
12207 2.574702e-12
12208 2.574253e-12
12209 2.573805e-12
12210 2.573356e-12
12211 2.572908e-12
12212 2.572459e-12
12213 2.572011e-12
12214 2.571563e-12
12215 2.571115e-12
12216 2.570667e-12
12217 2.570219e-12
12218 2.569772e-12
12219 2.569324e-12
12220 2.568877e-12
12221 2.568429e-12
12222 2.567982e-12
12223 2.567535e-12
12224 2.567088e-12
12225 2.566641e-12
12226 2.566194e-12
12227 2.565748e-12
12228 2.565301e-12
12229 2.564855e-12
12230 2.564409e-12
12231 2.563962e-12
12232 2.563516e-12
12233 2.563070e-12
12234 2.562625e-12
12235 2.562179e-12
12236 2.561733e-12
12237 2.561288e-12
12238 2.560842e-12
12239 2.560397e-12
12240 2.559952e-12
12241 2.559507e-12
12242 2.559062e-12
12243 2.558617e-12
12244 2.558173e-12
12245 2.557728e-12
12246 2.557284e-12
12247 2.556839e-12
12248 2.556395e-12
12249 2.555951e-12
12250 2.555507e-12
12251 2.555063e-12
12252 2.554619e-12
12253 2.554175e-12
12254 2.553732e-12
12255 2.553288e-12
12256 2.552845e-12
12257 2.552402e-12
12258 2.551959e-12
12259 2.551516e-12
12260 2.551073e-12
12261 2.550630e-12
12262 2.550187e-12
12263 2.549745e-12
12264 2.549302e-12
12265 2.548860e-12
12266 2.548418e-12
12267 2.547976e-12
12268 2.547534e-12
12269 2.547092e-12
12270 2.546650e-12
12271 2.546209e-12
12272 2.545767e-12
12273 2.545326e-12
12274 2.544884e-12
12275 2.544443e-12
12276 2.544002e-12
12277 2.543561e-12
12278 2.543120e-12
12279 2.542680e-12
12280 2.542239e-12
12281 2.541798e-12
12282 2.541358e-12
12283 2.540918e-12
12284 2.540478e-12
12285 2.540037e-12
12286 2.539598e-12
12287 2.539158e-12
12288 2.538718e-12
12289 2.538278e-12
12290 2.537839e-12
12291 2.537399e-12
12292 2.536960e-12
12293 2.536521e-12
12294 2.536082e-12
12295 2.535643e-12
12296 2.535204e-12
12297 2.534765e-12
12298 2.534327e-12
12299 2.533888e-12
12300 2.533450e-12
12301 2.533012e-12
12302 2.532573e-12
12303 2.532135e-12
12304 2.531697e-12
12305 2.531260e-12
12306 2.530822e-12
12307 2.530384e-12
12308 2.529947e-12
12309 2.529509e-12
12310 2.529072e-12
12311 2.528635e-12
12312 2.528198e-12
12313 2.527761e-12
12314 2.527324e-12
12315 2.526887e-12
12316 2.526451e-12
12317 2.526014e-12
12318 2.525578e-12
12319 2.525142e-12
12320 2.524705e-12
12321 2.524269e-12
12322 2.523833e-12
12323 2.523398e-12
12324 2.522962e-12
12325 2.522526e-12
12326 2.522091e-12
12327 2.521655e-12
12328 2.521220e-12
12329 2.520785e-12
12330 2.520350e-12
12331 2.519915e-12
12332 2.519480e-12
12333 2.519045e-12
12334 2.518611e-12
12335 2.518176e-12
12336 2.517742e-12
12337 2.517307e-12
12338 2.516873e-12
12339 2.516439e-12
12340 2.516005e-12
12341 2.515571e-12
12342 2.515138e-12
12343 2.514704e-12
12344 2.514271e-12
12345 2.513837e-12
12346 2.513404e-12
12347 2.512971e-12
12348 2.512538e-12
12349 2.512105e-12
12350 2.511672e-12
12351 2.511239e-12
12352 2.510806e-12
12353 2.510374e-12
12354 2.509941e-12
12355 2.509509e-12
12356 2.509077e-12
12357 2.508645e-12
12358 2.508213e-12
12359 2.507781e-12
12360 2.507349e-12
12361 2.506917e-12
12362 2.506486e-12
12363 2.506054e-12
12364 2.505623e-12
12365 2.505192e-12
12366 2.504761e-12
12367 2.504330e-12
12368 2.503899e-12
12369 2.503468e-12
12370 2.503037e-12
12371 2.502607e-12
12372 2.502176e-12
12373 2.501746e-12
12374 2.501316e-12
12375 2.500886e-12
12376 2.500456e-12
12377 2.500026e-12
12378 2.499596e-12
12379 2.499166e-12
12380 2.498737e-12
12381 2.498307e-12
12382 2.497878e-12
12383 2.497449e-12
12384 2.497019e-12
12385 2.496590e-12
12386 2.496161e-12
12387 2.495733e-12
12388 2.495304e-12
12389 2.494875e-12
12390 2.494447e-12
12391 2.494018e-12
12392 2.493590e-12
12393 2.493162e-12
12394 2.492734e-12
12395 2.492306e-12
12396 2.491878e-12
12397 2.491450e-12
12398 2.491023e-12
12399 2.490595e-12
12400 2.490168e-12
12401 2.489740e-12
12402 2.489313e-12
12403 2.488886e-12
12404 2.488459e-12
12405 2.488032e-12
12406 2.487605e-12
12407 2.487179e-12
12408 2.486752e-12
12409 2.486326e-12
12410 2.485899e-12
12411 2.485473e-12
12412 2.485047e-12
12413 2.484621e-12
12414 2.484195e-12
12415 2.483769e-12
12416 2.483343e-12
12417 2.482918e-12
12418 2.482492e-12
12419 2.482067e-12
12420 2.481642e-12
12421 2.481216e-12
12422 2.480791e-12
12423 2.480366e-12
12424 2.479942e-12
12425 2.479517e-12
12426 2.479092e-12
12427 2.478668e-12
12428 2.478243e-12
12429 2.477819e-12
12430 2.477395e-12
12431 2.476971e-12
12432 2.476547e-12
12433 2.476123e-12
12434 2.475699e-12
12435 2.475275e-12
12436 2.474852e-12
12437 2.474428e-12
12438 2.474005e-12
12439 2.473582e-12
12440 2.473159e-12
12441 2.472736e-12
12442 2.472313e-12
12443 2.471890e-12
12444 2.471467e-12
12445 2.471044e-12
12446 2.470622e-12
12447 2.470200e-12
12448 2.469777e-12
12449 2.469355e-12
12450 2.468933e-12
12451 2.468511e-12
12452 2.468089e-12
12453 2.467667e-12
12454 2.467246e-12
12455 2.466824e-12
12456 2.466403e-12
12457 2.465981e-12
12458 2.465560e-12
12459 2.465139e-12
12460 2.464714e-12
12461 2.464290e-12
12462 2.463867e-12
12463 2.463443e-12
12464 2.463019e-12
12465 2.462595e-12
12466 2.462172e-12
12467 2.461749e-12
12468 2.461325e-12
12469 2.460902e-12
12470 2.460479e-12
12471 2.460056e-12
12472 2.459633e-12
12473 2.459211e-12
12474 2.458788e-12
12475 2.458365e-12
12476 2.457943e-12
12477 2.457521e-12
12478 2.457098e-12
12479 2.456676e-12
12480 2.456254e-12
12481 2.455833e-12
12482 2.455411e-12
12483 2.454989e-12
12484 2.454568e-12
12485 2.454146e-12
12486 2.453725e-12
12487 2.453303e-12
12488 2.452882e-12
12489 2.452461e-12
12490 2.452040e-12
12491 2.451620e-12
12492 2.451199e-12
12493 2.450778e-12
12494 2.450358e-12
12495 2.449937e-12
12496 2.449517e-12
12497 2.449097e-12
12498 2.448677e-12
12499 2.448257e-12
12500 2.447837e-12
12501 2.447417e-12
12502 2.446998e-12
12503 2.446578e-12
12504 2.446159e-12
12505 2.445739e-12
12506 2.445320e-12
12507 2.444901e-12
12508 2.444482e-12
12509 2.444063e-12
12510 2.443644e-12
12511 2.443225e-12
12512 2.442807e-12
12513 2.442388e-12
12514 2.441970e-12
12515 2.441552e-12
12516 2.441133e-12
12517 2.440715e-12
12518 2.440297e-12
12519 2.439879e-12
12520 2.439462e-12
12521 2.439044e-12
12522 2.438626e-12
12523 2.438209e-12
12524 2.437792e-12
12525 2.437374e-12
12526 2.436957e-12
12527 2.436540e-12
12528 2.436123e-12
12529 2.435707e-12
12530 2.435290e-12
12531 2.434873e-12
12532 2.434457e-12
12533 2.434040e-12
12534 2.433624e-12
12535 2.433208e-12
12536 2.432792e-12
12537 2.432376e-12
12538 2.431960e-12
12539 2.431544e-12
12540 2.431128e-12
12541 2.430713e-12
12542 2.430297e-12
12543 2.429882e-12
12544 2.429467e-12
12545 2.429052e-12
12546 2.428637e-12
12547 2.428222e-12
12548 2.427807e-12
12549 2.427392e-12
12550 2.426977e-12
12551 2.426563e-12
12552 2.426148e-12
12553 2.425734e-12
12554 2.425320e-12
12555 2.424906e-12
12556 2.424492e-12
12557 2.424078e-12
12558 2.423664e-12
12559 2.423250e-12
12560 2.422837e-12
12561 2.422423e-12
12562 2.422010e-12
12563 2.421597e-12
12564 2.421183e-12
12565 2.420770e-12
12566 2.420357e-12
12567 2.419944e-12
12568 2.419532e-12
12569 2.419119e-12
12570 2.418706e-12
12571 2.418294e-12
12572 2.417882e-12
12573 2.417469e-12
12574 2.417057e-12
12575 2.416645e-12
12576 2.416233e-12
12577 2.415821e-12
12578 2.415410e-12
12579 2.414998e-12
12580 2.414587e-12
12581 2.414175e-12
12582 2.413764e-12
12583 2.413353e-12
12584 2.412941e-12
12585 2.412530e-12
12586 2.412119e-12
12587 2.411709e-12
12588 2.411298e-12
12589 2.410887e-12
12590 2.410477e-12
12591 2.410066e-12
12592 2.409656e-12
12593 2.409246e-12
12594 2.408836e-12
12595 2.408426e-12
12596 2.408016e-12
12597 2.407606e-12
12598 2.407196e-12
12599 2.406787e-12
12600 2.406377e-12
12601 2.405968e-12
12602 2.405559e-12
12603 2.405150e-12
12604 2.404741e-12
12605 2.404332e-12
12606 2.403923e-12
12607 2.403514e-12
12608 2.403105e-12
12609 2.402697e-12
12610 2.402288e-12
12611 2.401880e-12
12612 2.401472e-12
12613 2.401063e-12
12614 2.400655e-12
12615 2.400247e-12
12616 2.399840e-12
12617 2.399432e-12
12618 2.399024e-12
12619 2.398617e-12
12620 2.398209e-12
12621 2.397802e-12
12622 2.397395e-12
12623 2.396987e-12
12624 2.396580e-12
12625 2.396174e-12
12626 2.395767e-12
12627 2.395360e-12
12628 2.394953e-12
12629 2.394547e-12
12630 2.394140e-12
12631 2.393734e-12
12632 2.393328e-12
12633 2.392922e-12
12634 2.392516e-12
12635 2.392110e-12
12636 2.391704e-12
12637 2.391298e-12
12638 2.390893e-12
12639 2.390487e-12
12640 2.390082e-12
12641 2.389676e-12
12642 2.389271e-12
12643 2.388866e-12
12644 2.388461e-12
12645 2.388056e-12
12646 2.387651e-12
12647 2.387246e-12
12648 2.386842e-12
12649 2.386437e-12
12650 2.386033e-12
12651 2.385629e-12
12652 2.385224e-12
12653 2.384820e-12
12654 2.384416e-12
12655 2.384012e-12
12656 2.383609e-12
12657 2.383205e-12
12658 2.382801e-12
12659 2.382398e-12
12660 2.381994e-12
12661 2.381591e-12
12662 2.381188e-12
12663 2.380785e-12
12664 2.380382e-12
12665 2.379979e-12
12666 2.379576e-12
12667 2.379173e-12
12668 2.378771e-12
12669 2.378368e-12
12670 2.377966e-12
12671 2.377563e-12
12672 2.377161e-12
12673 2.376759e-12
12674 2.376357e-12
12675 2.375955e-12
12676 2.375553e-12
12677 2.375152e-12
12678 2.374750e-12
12679 2.374348e-12
12680 2.373947e-12
12681 2.373546e-12
12682 2.373145e-12
12683 2.372743e-12
12684 2.372342e-12
12685 2.371941e-12
12686 2.371541e-12
12687 2.371140e-12
12688 2.370739e-12
12689 2.370339e-12
12690 2.369938e-12
12691 2.369538e-12
12692 2.369138e-12
12693 2.368738e-12
12694 2.368338e-12
12695 2.367938e-12
12696 2.367538e-12
12697 2.367138e-12
12698 2.366739e-12
12699 2.366339e-12
12700 2.365940e-12
12701 2.365540e-12
12702 2.365141e-12
12703 2.364742e-12
12704 2.364343e-12
12705 2.363944e-12
12706 2.363545e-12
12707 2.363146e-12
12708 2.362748e-12
12709 2.362349e-12
12710 2.361951e-12
12711 2.361552e-12
12712 2.361154e-12
12713 2.360756e-12
12714 2.360358e-12
12715 2.359960e-12
12716 2.359562e-12
12717 2.359164e-12
12718 2.358767e-12
12719 2.358369e-12
12720 2.357972e-12
12721 2.357574e-12
12722 2.357177e-12
12723 2.356780e-12
12724 2.356383e-12
12725 2.355986e-12
12726 2.355589e-12
12727 2.355192e-12
12728 2.354796e-12
12729 2.354399e-12
12730 2.354003e-12
12731 2.353606e-12
12732 2.353210e-12
12733 2.352814e-12
12734 2.352418e-12
12735 2.352022e-12
12736 2.351626e-12
12737 2.351230e-12
12738 2.350834e-12
12739 2.350439e-12
12740 2.350043e-12
12741 2.349648e-12
12742 2.349252e-12
12743 2.348857e-12
12744 2.348462e-12
12745 2.348067e-12
12746 2.347672e-12
12747 2.347277e-12
12748 2.346883e-12
12749 2.346488e-12
12750 2.346094e-12
12751 2.345699e-12
12752 2.345305e-12
12753 2.344911e-12
12754 2.344516e-12
12755 2.344122e-12
12756 2.343728e-12
12757 2.343335e-12
12758 2.342941e-12
12759 2.342547e-12
12760 2.342154e-12
12761 2.341760e-12
12762 2.341367e-12
12763 2.340974e-12
12764 2.340580e-12
12765 2.340187e-12
12766 2.339794e-12
12767 2.339401e-12
12768 2.339009e-12
12769 2.338616e-12
12770 2.338223e-12
12771 2.337831e-12
12772 2.337438e-12
12773 2.337046e-12
12774 2.336654e-12
12775 2.336262e-12
12776 2.335870e-12
12777 2.335478e-12
12778 2.335086e-12
12779 2.334694e-12
12780 2.334303e-12
12781 2.333911e-12
12782 2.333520e-12
12783 2.333129e-12
12784 2.332737e-12
12785 2.332346e-12
12786 2.331955e-12
12787 2.331564e-12
12788 2.331173e-12
12789 2.330783e-12
12790 2.330392e-12
12791 2.330001e-12
12792 2.329611e-12
12793 2.329220e-12
12794 2.328830e-12
12795 2.328440e-12
12796 2.328050e-12
12797 2.327660e-12
12798 2.327270e-12
12799 2.326880e-12
12800 2.326491e-12
12801 2.326101e-12
12802 2.325711e-12
12803 2.325322e-12
12804 2.324933e-12
12805 2.324543e-12
12806 2.324154e-12
12807 2.323765e-12
12808 2.323376e-12
12809 2.322988e-12
12810 2.322599e-12
12811 2.322210e-12
12812 2.321822e-12
12813 2.321433e-12
12814 2.321045e-12
12815 2.320657e-12
12816 2.320268e-12
12817 2.319880e-12
12818 2.319492e-12
12819 2.319104e-12
12820 2.318717e-12
12821 2.318329e-12
12822 2.317941e-12
12823 2.317554e-12
12824 2.317166e-12
12825 2.316779e-12
12826 2.316392e-12
12827 2.316005e-12
12828 2.315618e-12
12829 2.315231e-12
12830 2.314844e-12
12831 2.314457e-12
12832 2.314070e-12
12833 2.313684e-12
12834 2.313297e-12
12835 2.312911e-12
12836 2.312525e-12
12837 2.312139e-12
12838 2.311753e-12
12839 2.311367e-12
12840 2.310981e-12
12841 2.310595e-12
12842 2.310209e-12
12843 2.309824e-12
12844 2.309438e-12
12845 2.309053e-12
12846 2.308667e-12
12847 2.308282e-12
12848 2.307897e-12
12849 2.307512e-12
12850 2.307127e-12
12851 2.306742e-12
12852 2.306357e-12
12853 2.305973e-12
12854 2.305588e-12
12855 2.305204e-12
12856 2.304819e-12
12857 2.304435e-12
12858 2.304051e-12
12859 2.303667e-12
12860 2.303283e-12
12861 2.302899e-12
12862 2.302515e-12
12863 2.302131e-12
12864 2.301747e-12
12865 2.301364e-12
12866 2.300980e-12
12867 2.300597e-12
12868 2.300214e-12
12869 2.299831e-12
12870 2.299448e-12
12871 2.299065e-12
12872 2.298682e-12
12873 2.298299e-12
12874 2.297916e-12
12875 2.297534e-12
12876 2.297151e-12
12877 2.296769e-12
12878 2.296386e-12
12879 2.296004e-12
12880 2.295622e-12
12881 2.295240e-12
12882 2.294858e-12
12883 2.294476e-12
12884 2.294094e-12
12885 2.293713e-12
12886 2.293331e-12
12887 2.292950e-12
12888 2.292568e-12
12889 2.292187e-12
12890 2.291806e-12
12891 2.291425e-12
12892 2.291043e-12
12893 2.290663e-12
12894 2.290282e-12
12895 2.289901e-12
12896 2.289520e-12
12897 2.289140e-12
12898 2.288759e-12
12899 2.288379e-12
12900 2.287999e-12
12901 2.287618e-12
12902 2.287238e-12
12903 2.286858e-12
12904 2.286478e-12
12905 2.286099e-12
12906 2.285719e-12
12907 2.285339e-12
12908 2.284960e-12
12909 2.284580e-12
12910 2.284201e-12
12911 2.283822e-12
12912 2.283442e-12
12913 2.283063e-12
12914 2.282684e-12
12915 2.282306e-12
12916 2.281927e-12
12917 2.281548e-12
12918 2.281169e-12
12919 2.280791e-12
12920 2.280412e-12
12921 2.280034e-12
12922 2.279656e-12
12923 2.279278e-12
12924 2.278900e-12
12925 2.278522e-12
12926 2.278144e-12
12927 2.277766e-12
12928 2.277388e-12
12929 2.277011e-12
12930 2.276633e-12
12931 2.276256e-12
12932 2.275878e-12
12933 2.275501e-12
12934 2.275124e-12
12935 2.274747e-12
12936 2.274370e-12
12937 2.273993e-12
12938 2.273616e-12
12939 2.273240e-12
12940 2.272863e-12
12941 2.272487e-12
12942 2.272110e-12
12943 2.271734e-12
12944 2.271358e-12
12945 2.270981e-12
12946 2.270605e-12
12947 2.270229e-12
12948 2.269854e-12
12949 2.269478e-12
12950 2.269102e-12
12951 2.268726e-12
12952 2.268351e-12
12953 2.267976e-12
12954 2.267600e-12
12955 2.267225e-12
12956 2.266850e-12
12957 2.266475e-12
12958 2.266100e-12
12959 2.265725e-12
12960 2.265350e-12
12961 2.264976e-12
12962 2.264601e-12
12963 2.264226e-12
12964 2.263852e-12
12965 2.263478e-12
12966 2.263103e-12
12967 2.262729e-12
12968 2.262355e-12
12969 2.261981e-12
12970 2.261607e-12
12971 2.261234e-12
12972 2.260860e-12
12973 2.260486e-12
12974 2.260113e-12
12975 2.259740e-12
12976 2.259366e-12
12977 2.258993e-12
12978 2.258620e-12
12979 2.258247e-12
12980 2.257874e-12
12981 2.257501e-12
12982 2.257128e-12
12983 2.256755e-12
12984 2.256383e-12
12985 2.256010e-12
12986 2.255638e-12
12987 2.255266e-12
12988 2.254893e-12
12989 2.254521e-12
12990 2.254149e-12
12991 2.253777e-12
12992 2.253405e-12
12993 2.253033e-12
12994 2.252662e-12
12995 2.252290e-12
12996 2.251919e-12
12997 2.251547e-12
12998 2.251176e-12
12999 2.250805e-12
13000 2.250433e-12
13001 2.250062e-12
13002 2.249691e-12
13003 2.249321e-12
13004 2.248950e-12
13005 2.248579e-12
13006 2.248208e-12
13007 2.247838e-12
13008 2.247467e-12
13009 2.247097e-12
13010 2.246727e-12
13011 2.246357e-12
13012 2.245987e-12
13013 2.245617e-12
13014 2.245247e-12
13015 2.244877e-12
13016 2.244507e-12
13017 2.244137e-12
13018 2.243768e-12
13019 2.243398e-12
13020 2.243029e-12
13021 2.242660e-12
13022 2.242291e-12
13023 2.241921e-12
13024 2.241552e-12
13025 2.241184e-12
13026 2.240815e-12
13027 2.240446e-12
13028 2.240077e-12
13029 2.239709e-12
13030 2.239340e-12
13031 2.238972e-12
13032 2.238604e-12
13033 2.238235e-12
13034 2.237867e-12
13035 2.237499e-12
13036 2.237131e-12
13037 2.236763e-12
13038 2.236396e-12
13039 2.236028e-12
13040 2.235660e-12
13041 2.235293e-12
13042 2.234925e-12
13043 2.234558e-12
13044 2.234191e-12
13045 2.233824e-12
13046 2.233457e-12
13047 2.233090e-12
13048 2.232723e-12
13049 2.232356e-12
13050 2.231989e-12
13051 2.231623e-12
13052 2.231256e-12
13053 2.230890e-12
13054 2.230523e-12
13055 2.230157e-12
13056 2.229791e-12
13057 2.229425e-12
13058 2.229059e-12
13059 2.228693e-12
13060 2.228327e-12
13061 2.227961e-12
13062 2.227596e-12
13063 2.227230e-12
13064 2.226865e-12
13065 2.226499e-12
13066 2.226134e-12
13067 2.225769e-12
13068 2.225404e-12
13069 2.225039e-12
13070 2.224674e-12
13071 2.224309e-12
13072 2.223944e-12
13073 2.223579e-12
13074 2.223215e-12
13075 2.222850e-12
13076 2.222486e-12
13077 2.222121e-12
13078 2.221757e-12
13079 2.221393e-12
13080 2.221029e-12
13081 2.220665e-12
13082 2.220301e-12
13083 2.219937e-12
13084 2.219574e-12
13085 2.219210e-12
13086 2.218846e-12
13087 2.218483e-12
13088 2.218120e-12
13089 2.217756e-12
13090 2.217393e-12
13091 2.217030e-12
13092 2.216667e-12
13093 2.216304e-12
13094 2.215941e-12
13095 2.215578e-12
13096 2.215216e-12
13097 2.214853e-12
13098 2.214491e-12
13099 2.214128e-12
13100 2.213766e-12
13101 2.213404e-12
13102 2.213041e-12
13103 2.212679e-12
13104 2.212317e-12
13105 2.211956e-12
13106 2.211594e-12
13107 2.211232e-12
13108 2.210870e-12
13109 2.210509e-12
13110 2.210147e-12
13111 2.209786e-12
13112 2.209425e-12
13113 2.209064e-12
13114 2.208702e-12
13115 2.208341e-12
13116 2.207980e-12
13117 2.207620e-12
13118 2.207259e-12
13119 2.206898e-12
13120 2.206538e-12
13121 2.206177e-12
13122 2.205817e-12
13123 2.205456e-12
13124 2.205096e-12
13125 2.204736e-12
13126 2.204376e-12
13127 2.204016e-12
13128 2.203656e-12
13129 2.203296e-12
13130 2.202936e-12
13131 2.202577e-12
13132 2.202217e-12
13133 2.201858e-12
13134 2.201498e-12
13135 2.201139e-12
13136 2.200780e-12
13137 2.200421e-12
13138 2.200062e-12
13139 2.199703e-12
13140 2.199344e-12
13141 2.198985e-12
13142 2.198626e-12
13143 2.198268e-12
13144 2.197909e-12
13145 2.197551e-12
13146 2.197192e-12
13147 2.196834e-12
13148 2.196476e-12
13149 2.196118e-12
13150 2.195760e-12
13151 2.195402e-12
13152 2.195044e-12
13153 2.194686e-12
13154 2.194329e-12
13155 2.193971e-12
13156 2.193614e-12
13157 2.193256e-12
13158 2.192899e-12
13159 2.192542e-12
13160 2.192184e-12
13161 2.191827e-12
13162 2.191470e-12
13163 2.191113e-12
13164 2.190757e-12
13165 2.190400e-12
13166 2.190043e-12
13167 2.189687e-12
13168 2.189330e-12
13169 2.188974e-12
13170 2.188618e-12
13171 2.188261e-12
13172 2.187905e-12
13173 2.187549e-12
13174 2.187193e-12
13175 2.186837e-12
13176 2.186482e-12
13177 2.186126e-12
13178 2.185770e-12
13179 2.185415e-12
13180 2.185059e-12
13181 2.184704e-12
13182 2.184349e-12
13183 2.183993e-12
13184 2.183638e-12
13185 2.183283e-12
13186 2.182928e-12
13187 2.182573e-12
13188 2.182219e-12
13189 2.181864e-12
13190 2.181509e-12
13191 2.181155e-12
13192 2.180800e-12
13193 2.180446e-12
13194 2.180092e-12
13195 2.179737e-12
13196 2.179383e-12
13197 2.179029e-12
13198 2.178675e-12
13199 2.178322e-12
13200 2.177968e-12
13201 2.177614e-12
13202 2.177261e-12
13203 2.176907e-12
13204 2.176554e-12
13205 2.176200e-12
13206 2.175847e-12
13207 2.175494e-12
13208 2.175141e-12
13209 2.174788e-12
13210 2.174435e-12
13211 2.174082e-12
13212 2.173729e-12
13213 2.173377e-12
13214 2.173024e-12
13215 2.172671e-12
13216 2.172319e-12
13217 2.171967e-12
13218 2.171614e-12
13219 2.171262e-12
13220 2.170910e-12
13221 2.170558e-12
13222 2.170206e-12
13223 2.169854e-12
13224 2.169503e-12
13225 2.169151e-12
13226 2.168799e-12
13227 2.168448e-12
13228 2.168096e-12
13229 2.167745e-12
13230 2.167394e-12
13231 2.167043e-12
13232 2.166692e-12
13233 2.166341e-12
13234 2.165990e-12
13235 2.165639e-12
13236 2.165288e-12
13237 2.164937e-12
13238 2.164587e-12
13239 2.164236e-12
13240 2.163886e-12
13241 2.163536e-12
13242 2.163185e-12
13243 2.162835e-12
13244 2.162485e-12
13245 2.162135e-12
13246 2.161785e-12
13247 2.161435e-12
13248 2.161086e-12
13249 2.160736e-12
13250 2.160386e-12
13251 2.160037e-12
13252 2.159687e-12
13253 2.159338e-12
13254 2.158989e-12
13255 2.158640e-12
13256 2.158291e-12
13257 2.157942e-12
13258 2.157593e-12
13259 2.157244e-12
13260 2.156895e-12
13261 2.156546e-12
13262 2.156198e-12
13263 2.155849e-12
13264 2.155501e-12
13265 2.155153e-12
13266 2.154804e-12
13267 2.154456e-12
13268 2.154108e-12
13269 2.153760e-12
13270 2.153412e-12
13271 2.153064e-12
13272 2.152716e-12
13273 2.152369e-12
13274 2.152021e-12
13275 2.151674e-12
13276 2.151326e-12
13277 2.150979e-12
13278 2.150632e-12
13279 2.150284e-12
13280 2.149937e-12
13281 2.149590e-12
13282 2.149243e-12
13283 2.148896e-12
13284 2.148550e-12
13285 2.148203e-12
13286 2.147856e-12
13287 2.147510e-12
13288 2.147163e-12
13289 2.146817e-12
13290 2.146471e-12
13291 2.146124e-12
13292 2.145778e-12
13293 2.145432e-12
13294 2.145086e-12
13295 2.144740e-12
13296 2.144395e-12
13297 2.144049e-12
13298 2.143703e-12
13299 2.143358e-12
13300 2.143012e-12
13301 2.142667e-12
13302 2.142322e-12
13303 2.141976e-12
13304 2.141631e-12
13305 2.141286e-12
13306 2.140941e-12
13307 2.140596e-12
13308 2.140251e-12
13309 2.139907e-12
13310 2.139562e-12
13311 2.139217e-12
13312 2.138873e-12
13313 2.138529e-12
13314 2.138184e-12
13315 2.137840e-12
13316 2.137496e-12
13317 2.137152e-12
13318 2.136808e-12
13319 2.136464e-12
13320 2.136120e-12
13321 2.135776e-12
13322 2.135433e-12
13323 2.135089e-12
13324 2.134745e-12
13325 2.134402e-12
13326 2.134059e-12
13327 2.133715e-12
13328 2.133372e-12
13329 2.133029e-12
13330 2.132686e-12
13331 2.132343e-12
13332 2.132000e-12
13333 2.131657e-12
13334 2.131315e-12
13335 2.130972e-12
13336 2.130630e-12
13337 2.130287e-12
13338 2.129945e-12
13339 2.129602e-12
13340 2.129260e-12
13341 2.128918e-12
13342 2.128576e-12
13343 2.128234e-12
13344 2.127892e-12
13345 2.127550e-12
13346 2.127208e-12
13347 2.126867e-12
13348 2.126525e-12
13349 2.126184e-12
13350 2.125842e-12
13351 2.125501e-12
13352 2.125160e-12
13353 2.124819e-12
13354 2.124477e-12
13355 2.124135e-12
13356 2.123792e-12
13357 2.123449e-12
13358 2.123106e-12
13359 2.122763e-12
13360 2.122420e-12
13361 2.122077e-12
13362 2.121734e-12
13363 2.121391e-12
13364 2.121049e-12
13365 2.120706e-12
13366 2.120364e-12
13367 2.120021e-12
13368 2.119679e-12
13369 2.119337e-12
13370 2.118995e-12
13371 2.118653e-12
13372 2.118311e-12
13373 2.117969e-12
13374 2.117627e-12
13375 2.117285e-12
13376 2.116943e-12
13377 2.116602e-12
13378 2.116260e-12
13379 2.115919e-12
13380 2.115578e-12
13381 2.115236e-12
13382 2.114895e-12
13383 2.114554e-12
13384 2.114213e-12
13385 2.113872e-12
13386 2.113531e-12
13387 2.113190e-12
13388 2.112850e-12
13389 2.112509e-12
13390 2.112169e-12
13391 2.111828e-12
13392 2.111488e-12
13393 2.111148e-12
13394 2.110807e-12
13395 2.110467e-12
13396 2.110127e-12
13397 2.109787e-12
13398 2.109447e-12
13399 2.109107e-12
13400 2.108768e-12
13401 2.108428e-12
13402 2.108089e-12
13403 2.107749e-12
13404 2.107410e-12
13405 2.107070e-12
13406 2.106731e-12
13407 2.106392e-12
13408 2.106053e-12
13409 2.105714e-12
13410 2.105375e-12
13411 2.105036e-12
13412 2.104697e-12
13413 2.104358e-12
13414 2.104020e-12
13415 2.103681e-12
13416 2.103343e-12
13417 2.103005e-12
13418 2.102666e-12
13419 2.102328e-12
13420 2.101990e-12
13421 2.101652e-12
13422 2.101314e-12
13423 2.100976e-12
13424 2.100638e-12
13425 2.100300e-12
13426 2.099963e-12
13427 2.099625e-12
13428 2.099288e-12
13429 2.098950e-12
13430 2.098613e-12
13431 2.098276e-12
13432 2.097938e-12
13433 2.097601e-12
13434 2.097264e-12
13435 2.096927e-12
13436 2.096591e-12
13437 2.096254e-12
13438 2.095917e-12
13439 2.095580e-12
13440 2.095244e-12
13441 2.094907e-12
13442 2.094571e-12
13443 2.094235e-12
13444 2.093898e-12
13445 2.093562e-12
13446 2.093226e-12
13447 2.092890e-12
13448 2.092554e-12
13449 2.092218e-12
13450 2.091883e-12
13451 2.091547e-12
13452 2.091211e-12
13453 2.090876e-12
13454 2.090540e-12
13455 2.090205e-12
13456 2.089870e-12
13457 2.089535e-12
13458 2.089200e-12
13459 2.088864e-12
13460 2.088529e-12
13461 2.088195e-12
13462 2.087860e-12
13463 2.087525e-12
13464 2.087190e-12
13465 2.086856e-12
13466 2.086521e-12
13467 2.086187e-12
13468 2.085853e-12
13469 2.085518e-12
13470 2.085184e-12
13471 2.084850e-12
13472 2.084516e-12
13473 2.084182e-12
13474 2.083848e-12
13475 2.083514e-12
13476 2.083181e-12
13477 2.082847e-12
13478 2.082513e-12
13479 2.082180e-12
13480 2.081847e-12
13481 2.081513e-12
13482 2.081180e-12
13483 2.080847e-12
13484 2.080514e-12
13485 2.080181e-12
13486 2.079848e-12
13487 2.079515e-12
13488 2.079182e-12
13489 2.078849e-12
13490 2.078517e-12
13491 2.078184e-12
13492 2.077852e-12
13493 2.077519e-12
13494 2.077187e-12
13495 2.076855e-12
13496 2.076523e-12
13497 2.076191e-12
13498 2.075859e-12
13499 2.075527e-12
13500 2.075195e-12
13501 2.074863e-12
13502 2.074531e-12
13503 2.074200e-12
13504 2.073868e-12
13505 2.073537e-12
13506 2.073205e-12
13507 2.072874e-12
13508 2.072543e-12
13509 2.072212e-12
13510 2.071881e-12
13511 2.071550e-12
13512 2.071219e-12
13513 2.070888e-12
13514 2.070557e-12
13515 2.070226e-12
13516 2.069896e-12
13517 2.069565e-12
13518 2.069235e-12
13519 2.068904e-12
13520 2.068574e-12
13521 2.068244e-12
13522 2.067914e-12
13523 2.067584e-12
13524 2.067254e-12
13525 2.066924e-12
13526 2.066594e-12
13527 2.066264e-12
13528 2.065935e-12
13529 2.065605e-12
13530 2.065275e-12
13531 2.064946e-12
13532 2.064617e-12
13533 2.064287e-12
13534 2.063958e-12
13535 2.063629e-12
13536 2.063300e-12
13537 2.062971e-12
13538 2.062642e-12
13539 2.062313e-12
13540 2.061984e-12
13541 2.061656e-12
13542 2.061327e-12
13543 2.060999e-12
13544 2.060670e-12
13545 2.060342e-12
13546 2.060013e-12
13547 2.059685e-12
13548 2.059357e-12
13549 2.059029e-12
13550 2.058701e-12
13551 2.058373e-12
13552 2.058045e-12
13553 2.057718e-12
13554 2.057390e-12
13555 2.057062e-12
13556 2.056735e-12
13557 2.056407e-12
13558 2.056080e-12
13559 2.055753e-12
13560 2.055425e-12
13561 2.055098e-12
13562 2.054771e-12
13563 2.054444e-12
13564 2.054117e-12
13565 2.053790e-12
13566 2.053464e-12
13567 2.053137e-12
13568 2.052810e-12
13569 2.052484e-12
13570 2.052157e-12
13571 2.051831e-12
13572 2.051504e-12
13573 2.051178e-12
13574 2.050852e-12
13575 2.050526e-12
13576 2.050200e-12
13577 2.049874e-12
13578 2.049548e-12
13579 2.049222e-12
13580 2.048897e-12
13581 2.048571e-12
13582 2.048245e-12
13583 2.047920e-12
13584 2.047595e-12
13585 2.047269e-12
13586 2.046944e-12
13587 2.046619e-12
13588 2.046294e-12
13589 2.045969e-12
13590 2.045644e-12
13591 2.045319e-12
13592 2.044994e-12
13593 2.044669e-12
13594 2.044345e-12
13595 2.044020e-12
13596 2.043696e-12
13597 2.043371e-12
13598 2.043047e-12
13599 2.042723e-12
13600 2.042398e-12
13601 2.042074e-12
13602 2.041750e-12
13603 2.041426e-12
13604 2.041102e-12
13605 2.040778e-12
13606 2.040455e-12
13607 2.040131e-12
13608 2.039807e-12
13609 2.039484e-12
13610 2.039160e-12
13611 2.038837e-12
13612 2.038514e-12
13613 2.038191e-12
13614 2.037867e-12
13615 2.037544e-12
13616 2.037221e-12
13617 2.036898e-12
13618 2.036576e-12
13619 2.036253e-12
13620 2.035930e-12
13621 2.035608e-12
13622 2.035285e-12
13623 2.034962e-12
13624 2.034640e-12
13625 2.034318e-12
13626 2.033996e-12
13627 2.033673e-12
13628 2.033351e-12
13629 2.033029e-12
13630 2.032707e-12
13631 2.032385e-12
13632 2.032064e-12
13633 2.031742e-12
13634 2.031420e-12
13635 2.031099e-12
13636 2.030777e-12
13637 2.030456e-12
13638 2.030134e-12
13639 2.029813e-12
13640 2.029492e-12
13641 2.029171e-12
13642 2.028850e-12
13643 2.028529e-12
13644 2.028208e-12
13645 2.027887e-12
13646 2.027566e-12
13647 2.027245e-12
13648 2.026925e-12
13649 2.026604e-12
13650 2.026284e-12
13651 2.025963e-12
13652 2.025643e-12
13653 2.025323e-12
13654 2.025003e-12
13655 2.024683e-12
13656 2.024363e-12
13657 2.024043e-12
13658 2.023723e-12
13659 2.023403e-12
13660 2.023083e-12
13661 2.022764e-12
13662 2.022444e-12
13663 2.022125e-12
13664 2.021805e-12
13665 2.021486e-12
13666 2.021167e-12
13667 2.020847e-12
13668 2.020528e-12
13669 2.020209e-12
13670 2.019890e-12
13671 2.019571e-12
13672 2.019252e-12
13673 2.018934e-12
13674 2.018615e-12
13675 2.018296e-12
13676 2.017978e-12
13677 2.017659e-12
13678 2.017341e-12
13679 2.017023e-12
13680 2.016704e-12
13681 2.016386e-12
13682 2.016068e-12
13683 2.015750e-12
13684 2.015432e-12
13685 2.015114e-12
13686 2.014796e-12
13687 2.014479e-12
13688 2.014161e-12
13689 2.013843e-12
13690 2.013526e-12
13691 2.013208e-12
13692 2.012891e-12
13693 2.012574e-12
13694 2.012257e-12
13695 2.011939e-12
13696 2.011622e-12
13697 2.011305e-12
13698 2.010988e-12
13699 2.010672e-12
13700 2.010355e-12
13701 2.010038e-12
13702 2.009721e-12
13703 2.009405e-12
13704 2.009088e-12
13705 2.008772e-12
13706 2.008456e-12
13707 2.008139e-12
13708 2.007823e-12
13709 2.007507e-12
13710 2.007191e-12
13711 2.006875e-12
13712 2.006559e-12
13713 2.006243e-12
13714 2.005927e-12
13715 2.005612e-12
13716 2.005296e-12
13717 2.004981e-12
13718 2.004665e-12
13719 2.004350e-12
13720 2.004034e-12
13721 2.003719e-12
13722 2.003404e-12
13723 2.003089e-12
13724 2.002774e-12
13725 2.002459e-12
13726 2.002144e-12
13727 2.001829e-12
13728 2.001514e-12
13729 2.001200e-12
13730 2.000885e-12
13731 2.000571e-12
13732 2.000256e-12
13733 1.999942e-12
13734 1.999627e-12
13735 1.999313e-12
13736 1.998999e-12
13737 1.998685e-12
13738 1.998371e-12
13739 1.998057e-12
13740 1.997743e-12
13741 1.997429e-12
13742 1.997116e-12
13743 1.996802e-12
13744 1.996488e-12
13745 1.996175e-12
13746 1.995861e-12
13747 1.995548e-12
13748 1.995235e-12
13749 1.994921e-12
13750 1.994608e-12
13751 1.994295e-12
13752 1.993982e-12
13753 1.993669e-12
13754 1.993356e-12
13755 1.993044e-12
13756 1.992731e-12
13757 1.992418e-12
13758 1.992106e-12
13759 1.991793e-12
13760 1.991481e-12
13761 1.991168e-12
13762 1.990856e-12
13763 1.990544e-12
13764 1.990232e-12
13765 1.989919e-12
13766 1.989607e-12
13767 1.989296e-12
13768 1.988984e-12
13769 1.988672e-12
13770 1.988360e-12
13771 1.988048e-12
13772 1.987737e-12
13773 1.987425e-12
13774 1.987114e-12
13775 1.986803e-12
13776 1.986491e-12
13777 1.986180e-12
13778 1.985869e-12
13779 1.985558e-12
13780 1.985247e-12
13781 1.984936e-12
13782 1.984625e-12
13783 1.984314e-12
13784 1.984003e-12
13785 1.983693e-12
13786 1.983382e-12
13787 1.983072e-12
13788 1.982761e-12
13789 1.982451e-12
13790 1.982141e-12
13791 1.981830e-12
13792 1.981520e-12
13793 1.981210e-12
13794 1.980900e-12
13795 1.980590e-12
13796 1.980280e-12
13797 1.979971e-12
13798 1.979661e-12
13799 1.979351e-12
13800 1.979042e-12
13801 1.978732e-12
13802 1.978423e-12
13803 1.978113e-12
13804 1.977804e-12
13805 1.977495e-12
13806 1.977185e-12
13807 1.976876e-12
13808 1.976567e-12
13809 1.976258e-12
13810 1.975950e-12
13811 1.975641e-12
13812 1.975332e-12
13813 1.975023e-12
13814 1.974715e-12
13815 1.974406e-12
13816 1.974098e-12
13817 1.973789e-12
13818 1.973481e-12
13819 1.973173e-12
13820 1.972865e-12
13821 1.972557e-12
13822 1.972248e-12
13823 1.971941e-12
13824 1.971633e-12
13825 1.971325e-12
13826 1.971017e-12
13827 1.970709e-12
13828 1.970402e-12
13829 1.970094e-12
13830 1.969787e-12
13831 1.969479e-12
13832 1.969172e-12
13833 1.968865e-12
13834 1.968558e-12
13835 1.968250e-12
13836 1.967943e-12
13837 1.967636e-12
13838 1.967329e-12
13839 1.967023e-12
13840 1.966716e-12
13841 1.966409e-12
13842 1.966103e-12
13843 1.965796e-12
13844 1.965489e-12
13845 1.965183e-12
13846 1.964877e-12
13847 1.964570e-12
13848 1.964264e-12
13849 1.963958e-12
13850 1.963652e-12
13851 1.963346e-12
13852 1.963040e-12
13853 1.962734e-12
13854 1.962428e-12
13855 1.962123e-12
13856 1.961817e-12
13857 1.961511e-12
13858 1.961206e-12
13859 1.960900e-12
13860 1.960595e-12
13861 1.960290e-12
13862 1.959985e-12
13863 1.959679e-12
13864 1.959374e-12
13865 1.959069e-12
13866 1.958764e-12
13867 1.958459e-12
13868 1.958155e-12
13869 1.957850e-12
13870 1.957545e-12
13871 1.957241e-12
13872 1.956936e-12
13873 1.956632e-12
13874 1.956327e-12
13875 1.956023e-12
13876 1.955719e-12
13877 1.955414e-12
13878 1.955110e-12
13879 1.954806e-12
13880 1.954502e-12
13881 1.954198e-12
13882 1.953894e-12
13883 1.953591e-12
13884 1.953287e-12
13885 1.952983e-12
13886 1.952680e-12
13887 1.952376e-12
13888 1.952073e-12
13889 1.951769e-12
13890 1.951466e-12
13891 1.951163e-12
13892 1.950860e-12
13893 1.950557e-12
13894 1.950254e-12
13895 1.949951e-12
13896 1.949648e-12
13897 1.949345e-12
13898 1.949042e-12
13899 1.948739e-12
13900 1.948437e-12
13901 1.948134e-12
13902 1.947832e-12
13903 1.947529e-12
13904 1.947227e-12
13905 1.946925e-12
13906 1.946623e-12
13907 1.946321e-12
13908 1.946018e-12
13909 1.945716e-12
13910 1.945415e-12
13911 1.945113e-12
13912 1.944811e-12
13913 1.944509e-12
13914 1.944208e-12
13915 1.943906e-12
13916 1.943604e-12
13917 1.943303e-12
13918 1.943002e-12
13919 1.942700e-12
13920 1.942399e-12
13921 1.942098e-12
13922 1.941797e-12
13923 1.941496e-12
13924 1.941195e-12
13925 1.940894e-12
13926 1.940593e-12
13927 1.940292e-12
13928 1.939992e-12
13929 1.939691e-12
13930 1.939391e-12
13931 1.939090e-12
13932 1.938790e-12
13933 1.938489e-12
13934 1.938189e-12
13935 1.937889e-12
13936 1.937589e-12
13937 1.937289e-12
13938 1.936989e-12
13939 1.936689e-12
13940 1.936389e-12
13941 1.936089e-12
13942 1.935789e-12
13943 1.935489e-12
13944 1.935190e-12
13945 1.934890e-12
13946 1.934591e-12
13947 1.934291e-12
13948 1.933992e-12
13949 1.933693e-12
13950 1.933394e-12
13951 1.933095e-12
13952 1.932796e-12
13953 1.932497e-12
13954 1.932198e-12
13955 1.931899e-12
13956 1.931600e-12
13957 1.931301e-12
13958 1.931003e-12
13959 1.930704e-12
13960 1.930405e-12
13961 1.930107e-12
13962 1.929809e-12
13963 1.929510e-12
13964 1.929212e-12
13965 1.928914e-12
13966 1.928616e-12
13967 1.928318e-12
13968 1.928020e-12
13969 1.927722e-12
13970 1.927424e-12
13971 1.927126e-12
13972 1.926828e-12
13973 1.926531e-12
13974 1.926233e-12
13975 1.925936e-12
13976 1.925638e-12
13977 1.925341e-12
13978 1.925044e-12
13979 1.924746e-12
13980 1.924449e-12
13981 1.924152e-12
13982 1.923855e-12
13983 1.923558e-12
13984 1.923261e-12
13985 1.922964e-12
13986 1.922668e-12
13987 1.922371e-12
13988 1.922074e-12
13989 1.921778e-12
13990 1.921481e-12
13991 1.921185e-12
13992 1.920888e-12
13993 1.920592e-12
13994 1.920296e-12
13995 1.920000e-12
13996 1.919704e-12
13997 1.919408e-12
13998 1.919112e-12
13999 1.918816e-12
14000 1.918520e-12
14001 1.918224e-12
14002 1.917928e-12
14003 1.917633e-12
14004 1.917337e-12
14005 1.917042e-12
14006 1.916746e-12
14007 1.916451e-12
14008 1.916156e-12
14009 1.915860e-12
14010 1.915565e-12
14011 1.915270e-12
14012 1.914975e-12
14013 1.914680e-12
14014 1.914385e-12
14015 1.914090e-12
14016 1.913796e-12
14017 1.913501e-12
14018 1.913206e-12
14019 1.912912e-12
14020 1.912617e-12
14021 1.912323e-12
14022 1.912028e-12
14023 1.911734e-12
14024 1.911440e-12
14025 1.911146e-12
14026 1.910852e-12
14027 1.910557e-12
14028 1.910264e-12
14029 1.909970e-12
14030 1.909676e-12
14031 1.909382e-12
14032 1.909088e-12
14033 1.908795e-12
14034 1.908501e-12
14035 1.908208e-12
14036 1.907914e-12
14037 1.907621e-12
14038 1.907327e-12
14039 1.907034e-12
14040 1.906741e-12
14041 1.906448e-12
14042 1.906155e-12
14043 1.905862e-12
14044 1.905569e-12
14045 1.905276e-12
14046 1.904983e-12
14047 1.904691e-12
14048 1.904398e-12
14049 1.904105e-12
14050 1.903813e-12
14051 1.903520e-12
14052 1.903228e-12
14053 1.902936e-12
14054 1.902643e-12
14055 1.902351e-12
14056 1.902059e-12
14057 1.901767e-12
14058 1.901475e-12
14059 1.901183e-12
14060 1.900891e-12
14061 1.900599e-12
14062 1.900308e-12
14063 1.900016e-12
14064 1.899724e-12
14065 1.899433e-12
14066 1.899141e-12
14067 1.898850e-12
14068 1.898559e-12
14069 1.898267e-12
14070 1.897976e-12
14071 1.897685e-12
14072 1.897394e-12
14073 1.897103e-12
14074 1.896812e-12
14075 1.896521e-12
14076 1.896230e-12
14077 1.895940e-12
14078 1.895649e-12
14079 1.895358e-12
14080 1.895068e-12
14081 1.894777e-12
14082 1.894487e-12
14083 1.894196e-12
14084 1.893906e-12
14085 1.893616e-12
14086 1.893326e-12
14087 1.893036e-12
14088 1.892746e-12
14089 1.892456e-12
14090 1.892166e-12
14091 1.891876e-12
14092 1.891586e-12
14093 1.891296e-12
14094 1.891007e-12
14095 1.890717e-12
14096 1.890428e-12
14097 1.890138e-12
14098 1.889849e-12
14099 1.889559e-12
14100 1.889270e-12
14101 1.888981e-12
14102 1.888692e-12
14103 1.888403e-12
14104 1.888114e-12
14105 1.887825e-12
14106 1.887536e-12
14107 1.887247e-12
14108 1.886958e-12
14109 1.886670e-12
14110 1.886381e-12
14111 1.886093e-12
14112 1.885804e-12
14113 1.885516e-12
14114 1.885227e-12
14115 1.884939e-12
14116 1.884651e-12
14117 1.884363e-12
14118 1.884075e-12
14119 1.883787e-12
14120 1.883499e-12
14121 1.883211e-12
14122 1.882923e-12
14123 1.882635e-12
14124 1.882347e-12
14125 1.882060e-12
14126 1.881772e-12
14127 1.881485e-12
14128 1.881197e-12
14129 1.880910e-12
14130 1.880623e-12
14131 1.880335e-12
14132 1.880048e-12
14133 1.879761e-12
14134 1.879474e-12
14135 1.879187e-12
14136 1.878900e-12
14137 1.878613e-12
14138 1.878326e-12
14139 1.878040e-12
14140 1.877753e-12
14141 1.877466e-12
14142 1.877180e-12
14143 1.876893e-12
14144 1.876607e-12
14145 1.876320e-12
14146 1.876034e-12
14147 1.875748e-12
14148 1.875462e-12
14149 1.875176e-12
14150 1.874890e-12
14151 1.874604e-12
14152 1.874318e-12
14153 1.874032e-12
14154 1.873746e-12
14155 1.873460e-12
14156 1.873175e-12
14157 1.872889e-12
14158 1.872604e-12
14159 1.872318e-12
14160 1.872033e-12
14161 1.871747e-12
14162 1.871462e-12
14163 1.871177e-12
14164 1.870892e-12
14165 1.870607e-12
14166 1.870322e-12
14167 1.870037e-12
14168 1.869752e-12
14169 1.869467e-12
14170 1.869182e-12
14171 1.868897e-12
14172 1.868613e-12
14173 1.868328e-12
14174 1.868044e-12
14175 1.867759e-12
14176 1.867475e-12
14177 1.867191e-12
14178 1.866906e-12
14179 1.866622e-12
14180 1.866338e-12
14181 1.866054e-12
14182 1.865770e-12
14183 1.865486e-12
14184 1.865202e-12
14185 1.864918e-12
14186 1.864634e-12
14187 1.864351e-12
14188 1.864067e-12
14189 1.863784e-12
14190 1.863500e-12
14191 1.863217e-12
14192 1.862933e-12
14193 1.862650e-12
14194 1.862367e-12
14195 1.862084e-12
14196 1.861800e-12
14197 1.861517e-12
14198 1.861234e-12
14199 1.860951e-12
14200 1.860669e-12
14201 1.860386e-12
14202 1.860103e-12
14203 1.859820e-12
14204 1.859538e-12
14205 1.859255e-12
14206 1.858973e-12
14207 1.858690e-12
14208 1.858408e-12
14209 1.858126e-12
14210 1.857843e-12
14211 1.857561e-12
14212 1.857279e-12
14213 1.856997e-12
14214 1.856715e-12
14215 1.856433e-12
14216 1.856151e-12
14217 1.855869e-12
14218 1.855588e-12
14219 1.855306e-12
14220 1.855024e-12
14221 1.854743e-12
14222 1.854461e-12
14223 1.854180e-12
14224 1.853898e-12
14225 1.853617e-12
14226 1.853336e-12
14227 1.853055e-12
14228 1.852774e-12
14229 1.852493e-12
14230 1.852212e-12
14231 1.851931e-12
14232 1.851650e-12
14233 1.851369e-12
14234 1.851088e-12
14235 1.850808e-12
14236 1.850527e-12
14237 1.850246e-12
14238 1.849966e-12
14239 1.849685e-12
14240 1.849405e-12
14241 1.849125e-12
14242 1.848844e-12
14243 1.848564e-12
14244 1.848284e-12
14245 1.848004e-12
14246 1.847724e-12
14247 1.847444e-12
14248 1.847164e-12
14249 1.846885e-12
14250 1.846605e-12
14251 1.846325e-12
14252 1.846045e-12
14253 1.845766e-12
14254 1.845486e-12
14255 1.845207e-12
14256 1.844928e-12
14257 1.844648e-12
14258 1.844369e-12
14259 1.844090e-12
14260 1.843811e-12
14261 1.843532e-12
14262 1.843253e-12
14263 1.842974e-12
14264 1.842695e-12
14265 1.842416e-12
14266 1.842137e-12
14267 1.841859e-12
14268 1.841580e-12
14269 1.841301e-12
14270 1.841023e-12
14271 1.840744e-12
14272 1.840466e-12
14273 1.840188e-12
14274 1.839909e-12
14275 1.839631e-12
14276 1.839353e-12
14277 1.839075e-12
14278 1.838797e-12
14279 1.838519e-12
14280 1.838241e-12
14281 1.837963e-12
14282 1.837685e-12
14283 1.837408e-12
14284 1.837130e-12
14285 1.836853e-12
14286 1.836575e-12
14287 1.836298e-12
14288 1.836020e-12
14289 1.835743e-12
14290 1.835465e-12
14291 1.835188e-12
14292 1.834911e-12
14293 1.834634e-12
14294 1.834357e-12
14295 1.834080e-12
14296 1.833803e-12
14297 1.833526e-12
14298 1.833249e-12
14299 1.832973e-12
14300 1.832696e-12
14301 1.832419e-12
14302 1.832143e-12
14303 1.831866e-12
14304 1.831590e-12
14305 1.831314e-12
14306 1.831037e-12
14307 1.830761e-12
14308 1.830485e-12
14309 1.830209e-12
14310 1.829933e-12
14311 1.829657e-12
14312 1.829381e-12
14313 1.829105e-12
14314 1.828829e-12
14315 1.828553e-12
14316 1.828275e-12
14317 1.827998e-12
14318 1.827720e-12
14319 1.827443e-12
14320 1.827166e-12
14321 1.826889e-12
14322 1.826611e-12
14323 1.826334e-12
14324 1.826057e-12
14325 1.825781e-12
14326 1.825504e-12
14327 1.825227e-12
14328 1.824950e-12
14329 1.824673e-12
14330 1.824397e-12
14331 1.824120e-12
14332 1.823844e-12
14333 1.823567e-12
14334 1.823291e-12
14335 1.823015e-12
14336 1.822738e-12
14337 1.822462e-12
14338 1.822186e-12
14339 1.821910e-12
14340 1.821634e-12
14341 1.821358e-12
14342 1.821082e-12
14343 1.820806e-12
14344 1.820531e-12
14345 1.820255e-12
14346 1.819979e-12
14347 1.819704e-12
14348 1.819428e-12
14349 1.819153e-12
14350 1.818877e-12
14351 1.818602e-12
14352 1.818327e-12
14353 1.818051e-12
14354 1.817776e-12
14355 1.817501e-12
14356 1.817226e-12
14357 1.816951e-12
14358 1.816676e-12
14359 1.816401e-12
14360 1.816127e-12
14361 1.815852e-12
14362 1.815577e-12
14363 1.815303e-12
14364 1.815028e-12
14365 1.814754e-12
14366 1.814479e-12
14367 1.814205e-12
14368 1.813930e-12
14369 1.813656e-12
14370 1.813382e-12
14371 1.813108e-12
14372 1.812834e-12
14373 1.812560e-12
14374 1.812286e-12
14375 1.812012e-12
14376 1.811738e-12
14377 1.811464e-12
14378 1.811191e-12
14379 1.810917e-12
14380 1.810644e-12
14381 1.810370e-12
14382 1.810097e-12
14383 1.809823e-12
14384 1.809550e-12
14385 1.809277e-12
14386 1.809003e-12
14387 1.808730e-12
14388 1.808457e-12
14389 1.808184e-12
14390 1.807911e-12
14391 1.807638e-12
14392 1.807365e-12
14393 1.807092e-12
14394 1.806820e-12
14395 1.806547e-12
14396 1.806274e-12
14397 1.806002e-12
14398 1.805729e-12
14399 1.805457e-12
14400 1.805185e-12
14401 1.804912e-12
14402 1.804640e-12
14403 1.804368e-12
14404 1.804096e-12
14405 1.803824e-12
14406 1.803552e-12
14407 1.803280e-12
14408 1.803008e-12
14409 1.802736e-12
14410 1.802464e-12
14411 1.802192e-12
14412 1.801921e-12
14413 1.801649e-12
14414 1.801378e-12
14415 1.801106e-12
14416 1.800835e-12
14417 1.800563e-12
14418 1.800292e-12
14419 1.800021e-12
14420 1.799750e-12
14421 1.799479e-12
14422 1.799207e-12
14423 1.798936e-12
14424 1.798666e-12
14425 1.798395e-12
14426 1.798124e-12
14427 1.797853e-12
14428 1.797582e-12
14429 1.797312e-12
14430 1.797041e-12
14431 1.796771e-12
14432 1.796500e-12
14433 1.796230e-12
14434 1.795959e-12
14435 1.795689e-12
14436 1.795419e-12
14437 1.795149e-12
14438 1.794879e-12
14439 1.794609e-12
14440 1.794339e-12
14441 1.794069e-12
14442 1.793799e-12
14443 1.793529e-12
14444 1.793259e-12
14445 1.792990e-12
14446 1.792720e-12
14447 1.792450e-12
14448 1.792181e-12
14449 1.791911e-12
14450 1.791642e-12
14451 1.791373e-12
14452 1.791103e-12
14453 1.790834e-12
14454 1.790565e-12
14455 1.790296e-12
14456 1.790027e-12
14457 1.789758e-12
14458 1.789489e-12
14459 1.789220e-12
14460 1.788951e-12
14461 1.788682e-12
14462 1.788414e-12
14463 1.788145e-12
14464 1.787877e-12
14465 1.787608e-12
14466 1.787340e-12
14467 1.787071e-12
14468 1.786803e-12
14469 1.786535e-12
14470 1.786266e-12
14471 1.785998e-12
14472 1.785730e-12
14473 1.785462e-12
14474 1.785194e-12
14475 1.784926e-12
14476 1.784658e-12
14477 1.784391e-12
14478 1.784123e-12
14479 1.783855e-12
14480 1.783587e-12
14481 1.783320e-12
14482 1.783052e-12
14483 1.782785e-12
14484 1.782518e-12
14485 1.782250e-12
14486 1.781983e-12
14487 1.781716e-12
14488 1.781449e-12
14489 1.781181e-12
14490 1.780914e-12
14491 1.780647e-12
14492 1.780380e-12
14493 1.780114e-12
14494 1.779847e-12
14495 1.779580e-12
14496 1.779313e-12
14497 1.779047e-12
14498 1.778780e-12
14499 1.778514e-12
14500 1.778247e-12
14501 1.777981e-12
14502 1.777714e-12
14503 1.777448e-12
14504 1.777182e-12
14505 1.776916e-12
14506 1.776650e-12
14507 1.776384e-12
14508 1.776118e-12
14509 1.775852e-12
14510 1.775586e-12
14511 1.775320e-12
14512 1.775054e-12
14513 1.774788e-12
14514 1.774523e-12
14515 1.774257e-12
14516 1.773992e-12
14517 1.773726e-12
14518 1.773461e-12
14519 1.773195e-12
14520 1.772930e-12
14521 1.772665e-12
14522 1.772400e-12
14523 1.772135e-12
14524 1.771870e-12
14525 1.771605e-12
14526 1.771340e-12
14527 1.771075e-12
14528 1.770810e-12
14529 1.770545e-12
14530 1.770280e-12
14531 1.770016e-12
14532 1.769751e-12
14533 1.769487e-12
14534 1.769222e-12
14535 1.768958e-12
14536 1.768693e-12
14537 1.768429e-12
14538 1.768165e-12
14539 1.767900e-12
14540 1.767636e-12
14541 1.767372e-12
14542 1.767108e-12
14543 1.766844e-12
14544 1.766580e-12
14545 1.766316e-12
14546 1.766053e-12
14547 1.765789e-12
14548 1.765525e-12
14549 1.765262e-12
14550 1.764998e-12
14551 1.764735e-12
14552 1.764471e-12
14553 1.764208e-12
14554 1.763944e-12
14555 1.763681e-12
14556 1.763418e-12
14557 1.763155e-12
14558 1.762892e-12
14559 1.762629e-12
14560 1.762366e-12
14561 1.762103e-12
14562 1.761840e-12
14563 1.761577e-12
14564 1.761314e-12
14565 1.761051e-12
14566 1.760789e-12
14567 1.760526e-12
14568 1.760264e-12
14569 1.760001e-12
14570 1.759739e-12
14571 1.759476e-12
14572 1.759214e-12
14573 1.758952e-12
14574 1.758690e-12
14575 1.758428e-12
14576 1.758165e-12
14577 1.757903e-12
14578 1.757641e-12
14579 1.757380e-12
14580 1.757118e-12
14581 1.756856e-12
14582 1.756594e-12
14583 1.756332e-12
14584 1.756071e-12
14585 1.755809e-12
14586 1.755548e-12
14587 1.755286e-12
14588 1.755025e-12
14589 1.754764e-12
14590 1.754502e-12
14591 1.754241e-12
14592 1.753980e-12
14593 1.753719e-12
14594 1.753458e-12
14595 1.753197e-12
14596 1.752936e-12
14597 1.752675e-12
14598 1.752414e-12
14599 1.752153e-12
14600 1.751893e-12
14601 1.751632e-12
14602 1.751371e-12
14603 1.751111e-12
14604 1.750850e-12
14605 1.750590e-12
14606 1.750330e-12
14607 1.750069e-12
14608 1.749809e-12
14609 1.749549e-12
14610 1.749289e-12
14611 1.749029e-12
14612 1.748768e-12
14613 1.748509e-12
14614 1.748249e-12
14615 1.747989e-12
14616 1.747729e-12
14617 1.747469e-12
14618 1.747209e-12
14619 1.746950e-12
14620 1.746690e-12
14621 1.746431e-12
14622 1.746171e-12
14623 1.745912e-12
14624 1.745652e-12
14625 1.745393e-12
14626 1.745134e-12
14627 1.744875e-12
14628 1.744616e-12
14629 1.744357e-12
14630 1.744098e-12
14631 1.743839e-12
14632 1.743580e-12
14633 1.743321e-12
14634 1.743062e-12
14635 1.742803e-12
14636 1.742545e-12
14637 1.742286e-12
14638 1.742027e-12
14639 1.741769e-12
14640 1.741510e-12
14641 1.741252e-12
14642 1.740994e-12
14643 1.740735e-12
14644 1.740477e-12
14645 1.740219e-12
14646 1.739961e-12
14647 1.739703e-12
14648 1.739445e-12
14649 1.739187e-12
14650 1.738929e-12
14651 1.738671e-12
14652 1.738413e-12
14653 1.738155e-12
14654 1.737898e-12
14655 1.737640e-12
14656 1.737383e-12
14657 1.737125e-12
14658 1.736868e-12
14659 1.736610e-12
14660 1.736353e-12
14661 1.736096e-12
14662 1.735838e-12
14663 1.735581e-12
14664 1.735324e-12
14665 1.735067e-12
14666 1.734810e-12
14667 1.734553e-12
14668 1.734296e-12
14669 1.734039e-12
14670 1.733783e-12
14671 1.733526e-12
14672 1.733269e-12
14673 1.733013e-12
14674 1.732756e-12
14675 1.732499e-12
14676 1.732243e-12
14677 1.731987e-12
14678 1.731730e-12
14679 1.731474e-12
14680 1.731218e-12
14681 1.730962e-12
14682 1.730705e-12
14683 1.730449e-12
14684 1.730193e-12
14685 1.729937e-12
14686 1.729681e-12
14687 1.729426e-12
14688 1.729170e-12
14689 1.728914e-12
14690 1.728658e-12
14691 1.728403e-12
14692 1.728147e-12
14693 1.727892e-12
14694 1.727636e-12
14695 1.727381e-12
14696 1.727126e-12
14697 1.726870e-12
14698 1.726615e-12
14699 1.726360e-12
14700 1.726105e-12
14701 1.725850e-12
14702 1.725595e-12
14703 1.725340e-12
14704 1.725085e-12
14705 1.724830e-12
14706 1.724575e-12
14707 1.724320e-12
14708 1.724066e-12
14709 1.723811e-12
14710 1.723556e-12
14711 1.723302e-12
14712 1.723047e-12
14713 1.722793e-12
14714 1.722539e-12
14715 1.722284e-12
14716 1.722030e-12
14717 1.721776e-12
14718 1.721522e-12
14719 1.721268e-12
14720 1.721014e-12
14721 1.720760e-12
14722 1.720506e-12
14723 1.720252e-12
14724 1.719998e-12
14725 1.719744e-12
14726 1.719491e-12
14727 1.719237e-12
14728 1.718983e-12
14729 1.718730e-12
14730 1.718476e-12
14731 1.718223e-12
14732 1.717970e-12
14733 1.717716e-12
14734 1.717463e-12
14735 1.717210e-12
14736 1.716957e-12
14737 1.716703e-12
14738 1.716450e-12
14739 1.716197e-12
14740 1.715945e-12
14741 1.715692e-12
14742 1.715439e-12
14743 1.715186e-12
14744 1.714933e-12
14745 1.714681e-12
14746 1.714428e-12
14747 1.714175e-12
14748 1.713923e-12
14749 1.713671e-12
14750 1.713418e-12
14751 1.713166e-12
14752 1.712913e-12
14753 1.712661e-12
14754 1.712409e-12
14755 1.712157e-12
14756 1.711905e-12
14757 1.711653e-12
14758 1.711401e-12
14759 1.711149e-12
14760 1.710897e-12
14761 1.710645e-12
14762 1.710394e-12
14763 1.710142e-12
14764 1.709890e-12
14765 1.709639e-12
14766 1.709387e-12
14767 1.709136e-12
14768 1.708884e-12
14769 1.708633e-12
14770 1.708382e-12
14771 1.708130e-12
14772 1.707879e-12
14773 1.707628e-12
14774 1.707377e-12
14775 1.707126e-12
14776 1.706875e-12
14777 1.706624e-12
14778 1.706373e-12
14779 1.706122e-12
14780 1.705871e-12
14781 1.705621e-12
14782 1.705370e-12
14783 1.705119e-12
14784 1.704869e-12
14785 1.704618e-12
14786 1.704368e-12
14787 1.704118e-12
14788 1.703867e-12
14789 1.703617e-12
14790 1.703367e-12
14791 1.703117e-12
14792 1.702866e-12
14793 1.702616e-12
14794 1.702366e-12
14795 1.702116e-12
14796 1.701866e-12
14797 1.701617e-12
14798 1.701367e-12
14799 1.701117e-12
14800 1.700867e-12
14801 1.700618e-12
14802 1.700368e-12
14803 1.700119e-12
14804 1.699869e-12
14805 1.699620e-12
14806 1.699370e-12
14807 1.699121e-12
14808 1.698872e-12
14809 1.698622e-12
14810 1.698373e-12
14811 1.698124e-12
14812 1.697875e-12
14813 1.697626e-12
14814 1.697377e-12
14815 1.697128e-12
14816 1.696879e-12
14817 1.696631e-12
14818 1.696382e-12
14819 1.696133e-12
14820 1.695885e-12
14821 1.695636e-12
14822 1.695387e-12
14823 1.695139e-12
14824 1.694891e-12
14825 1.694642e-12
14826 1.694394e-12
14827 1.694146e-12
14828 1.693897e-12
14829 1.693649e-12
14830 1.693401e-12
14831 1.693153e-12
14832 1.692905e-12
14833 1.692657e-12
14834 1.692409e-12
14835 1.692161e-12
14836 1.691914e-12
14837 1.691666e-12
14838 1.691418e-12
14839 1.691171e-12
14840 1.690923e-12
14841 1.690676e-12
14842 1.690428e-12
14843 1.690181e-12
14844 1.689933e-12
14845 1.689686e-12
14846 1.689439e-12
14847 1.689192e-12
14848 1.688944e-12
14849 1.688697e-12
14850 1.688450e-12
14851 1.688203e-12
14852 1.687956e-12
14853 1.687709e-12
14854 1.687463e-12
14855 1.687216e-12
14856 1.686969e-12
14857 1.686722e-12
14858 1.686476e-12
14859 1.686229e-12
14860 1.685983e-12
14861 1.685736e-12
14862 1.685490e-12
14863 1.685244e-12
14864 1.684997e-12
14865 1.684751e-12
14866 1.684505e-12
14867 1.684259e-12
14868 1.684013e-12
14869 1.683766e-12
14870 1.683520e-12
14871 1.683275e-12
14872 1.683029e-12
14873 1.682783e-12
14874 1.682537e-12
14875 1.682291e-12
14876 1.682046e-12
14877 1.681800e-12
14878 1.681554e-12
14879 1.681309e-12
14880 1.681063e-12
14881 1.680818e-12
14882 1.680573e-12
14883 1.680327e-12
14884 1.680082e-12
14885 1.679837e-12
14886 1.679592e-12
14887 1.679347e-12
14888 1.679102e-12
14889 1.678857e-12
14890 1.678612e-12
14891 1.678367e-12
14892 1.678122e-12
14893 1.677877e-12
14894 1.677632e-12
14895 1.677388e-12
14896 1.677143e-12
14897 1.676899e-12
14898 1.676654e-12
14899 1.676410e-12
14900 1.676165e-12
14901 1.675921e-12
14902 1.675676e-12
14903 1.675432e-12
14904 1.675188e-12
14905 1.674944e-12
14906 1.674700e-12
14907 1.674456e-12
14908 1.674212e-12
14909 1.673968e-12
14910 1.673724e-12
14911 1.673480e-12
14912 1.673236e-12
14913 1.672992e-12
14914 1.672749e-12
14915 1.672505e-12
14916 1.672261e-12
14917 1.672018e-12
14918 1.671774e-12
14919 1.671531e-12
14920 1.671288e-12
14921 1.671044e-12
14922 1.670801e-12
14923 1.670558e-12
14924 1.670315e-12
14925 1.670071e-12
14926 1.669828e-12
14927 1.669585e-12
14928 1.669342e-12
14929 1.669100e-12
14930 1.668857e-12
14931 1.668614e-12
14932 1.668371e-12
14933 1.668128e-12
14934 1.667886e-12
14935 1.667643e-12
14936 1.667401e-12
14937 1.667158e-12
14938 1.666916e-12
14939 1.666673e-12
14940 1.666431e-12
14941 1.666189e-12
14942 1.665946e-12
14943 1.665704e-12
14944 1.665462e-12
14945 1.665220e-12
14946 1.664978e-12
14947 1.664736e-12
14948 1.664494e-12
14949 1.664252e-12
14950 1.664010e-12
14951 1.663768e-12
14952 1.663527e-12
14953 1.663285e-12
14954 1.663043e-12
14955 1.662802e-12
14956 1.662560e-12
14957 1.662319e-12
14958 1.662077e-12
14959 1.661836e-12
14960 1.661595e-12
14961 1.661353e-12
14962 1.661112e-12
14963 1.660871e-12
14964 1.660630e-12
14965 1.660389e-12
14966 1.660148e-12
14967 1.659907e-12
14968 1.659666e-12
14969 1.659425e-12
14970 1.659184e-12
14971 1.658943e-12
14972 1.658703e-12
14973 1.658462e-12
14974 1.658221e-12
14975 1.657981e-12
14976 1.657740e-12
14977 1.657500e-12
14978 1.657259e-12
14979 1.657019e-12
14980 1.656779e-12
14981 1.656539e-12
14982 1.656298e-12
14983 1.656058e-12
14984 1.655818e-12
14985 1.655578e-12
14986 1.655338e-12
14987 1.655098e-12
14988 1.654858e-12
14989 1.654618e-12
14990 1.654379e-12
14991 1.654139e-12
14992 1.653899e-12
14993 1.653659e-12
14994 1.653420e-12
14995 1.653180e-12
14996 1.652941e-12
14997 1.652701e-12
14998 1.652462e-12
14999 1.652223e-12
15000 1.651983e-12
15001 1.651744e-12
15002 1.651505e-12
15003 1.651266e-12
15004 1.651027e-12
15005 1.650788e-12
15006 1.650549e-12
15007 1.650310e-12
15008 1.650071e-12
15009 1.649832e-12
15010 1.649593e-12
15011 1.649355e-12
15012 1.649116e-12
15013 1.648877e-12
15014 1.648639e-12
15015 1.648400e-12
15016 1.648162e-12
15017 1.647923e-12
15018 1.647685e-12
15019 1.647447e-12
15020 1.647208e-12
15021 1.646970e-12
15022 1.646732e-12
15023 1.646494e-12
15024 1.646256e-12
15025 1.646018e-12
15026 1.645780e-12
15027 1.645542e-12
15028 1.645304e-12
15029 1.645066e-12
15030 1.644828e-12
15031 1.644590e-12
15032 1.644353e-12
15033 1.644115e-12
15034 1.643878e-12
15035 1.643640e-12
15036 1.643403e-12
15037 1.643165e-12
15038 1.642928e-12
15039 1.642690e-12
15040 1.642453e-12
15041 1.642216e-12
15042 1.641979e-12
15043 1.641742e-12
15044 1.641505e-12
15045 1.641268e-12
15046 1.641031e-12
15047 1.640794e-12
15048 1.640557e-12
15049 1.640320e-12
15050 1.640083e-12
15051 1.639846e-12
15052 1.639610e-12
15053 1.639373e-12
15054 1.639137e-12
15055 1.638900e-12
15056 1.638664e-12
15057 1.638427e-12
15058 1.638191e-12
15059 1.637954e-12
15060 1.637718e-12
15061 1.637482e-12
15062 1.637246e-12
15063 1.637010e-12
15064 1.636774e-12
15065 1.636538e-12
15066 1.636302e-12
15067 1.636066e-12
15068 1.635830e-12
15069 1.635594e-12
15070 1.635358e-12
15071 1.635122e-12
15072 1.634887e-12
15073 1.634651e-12
15074 1.634416e-12
15075 1.634180e-12
15076 1.633945e-12
15077 1.633709e-12
15078 1.633474e-12
15079 1.633238e-12
15080 1.633003e-12
15081 1.632768e-12
15082 1.632533e-12
15083 1.632298e-12
15084 1.632062e-12
15085 1.631827e-12
15086 1.631592e-12
15087 1.631357e-12
15088 1.631123e-12
15089 1.630888e-12
15090 1.630653e-12
15091 1.630418e-12
15092 1.630184e-12
15093 1.629949e-12
15094 1.629714e-12
15095 1.629480e-12
15096 1.629245e-12
15097 1.629011e-12
15098 1.628776e-12
15099 1.628542e-12
15100 1.628308e-12
15101 1.628074e-12
15102 1.627839e-12
15103 1.627605e-12
15104 1.627371e-12
15105 1.627137e-12
15106 1.626903e-12
15107 1.626669e-12
15108 1.626435e-12
15109 1.626201e-12
15110 1.625967e-12
15111 1.625734e-12
15112 1.625500e-12
15113 1.625266e-12
15114 1.625033e-12
15115 1.624799e-12
15116 1.624566e-12
15117 1.624332e-12
15118 1.624099e-12
15119 1.623865e-12
15120 1.623632e-12
15121 1.623399e-12
15122 1.623166e-12
15123 1.622932e-12
15124 1.622699e-12
15125 1.622466e-12
15126 1.622233e-12
15127 1.622000e-12
15128 1.621767e-12
15129 1.621534e-12
15130 1.621302e-12
15131 1.621069e-12
15132 1.620836e-12
15133 1.620603e-12
15134 1.620371e-12
15135 1.620138e-12
15136 1.619906e-12
15137 1.619673e-12
15138 1.619441e-12
15139 1.619208e-12
15140 1.618976e-12
15141 1.618744e-12
15142 1.618512e-12
15143 1.618279e-12
15144 1.618047e-12
15145 1.617815e-12
15146 1.617583e-12
15147 1.617351e-12
15148 1.617119e-12
15149 1.616887e-12
15150 1.616655e-12
15151 1.616424e-12
15152 1.616192e-12
15153 1.615960e-12
15154 1.615728e-12
15155 1.615497e-12
15156 1.615265e-12
15157 1.615034e-12
15158 1.614802e-12
15159 1.614571e-12
15160 1.614340e-12
15161 1.614108e-12
15162 1.613877e-12
15163 1.613646e-12
15164 1.613415e-12
15165 1.613183e-12
15166 1.612952e-12
15167 1.612721e-12
15168 1.612490e-12
15169 1.612259e-12
15170 1.612028e-12
15171 1.611798e-12
15172 1.611567e-12
15173 1.611336e-12
15174 1.611105e-12
15175 1.610875e-12
15176 1.610644e-12
15177 1.610414e-12
15178 1.610183e-12
15179 1.609953e-12
15180 1.609722e-12
15181 1.609492e-12
15182 1.609262e-12
15183 1.609031e-12
15184 1.608801e-12
15185 1.608571e-12
15186 1.608341e-12
15187 1.608111e-12
15188 1.607881e-12
15189 1.607651e-12
15190 1.607421e-12
15191 1.607191e-12
15192 1.606961e-12
15193 1.606731e-12
15194 1.606502e-12
15195 1.606272e-12
15196 1.606042e-12
15197 1.605813e-12
15198 1.605583e-12
15199 1.605354e-12
15200 1.605124e-12
15201 1.604895e-12
15202 1.604666e-12
15203 1.604436e-12
15204 1.604207e-12
15205 1.603978e-12
15206 1.603749e-12
15207 1.603520e-12
15208 1.603291e-12
15209 1.603062e-12
15210 1.602833e-12
15211 1.602604e-12
15212 1.602375e-12
15213 1.602146e-12
15214 1.601917e-12
15215 1.601688e-12
15216 1.601460e-12
15217 1.601231e-12
15218 1.601003e-12
15219 1.600774e-12
15220 1.600546e-12
15221 1.600317e-12
15222 1.600089e-12
15223 1.599860e-12
15224 1.599632e-12
15225 1.599404e-12
15226 1.599176e-12
15227 1.598947e-12
15228 1.598719e-12
15229 1.598491e-12
15230 1.598263e-12
15231 1.598035e-12
15232 1.597807e-12
15233 1.597580e-12
15234 1.597352e-12
15235 1.597124e-12
15236 1.596896e-12
15237 1.596669e-12
15238 1.596441e-12
15239 1.596213e-12
15240 1.595986e-12
15241 1.595758e-12
15242 1.595531e-12
15243 1.595303e-12
15244 1.595076e-12
15245 1.594849e-12
15246 1.594622e-12
15247 1.594394e-12
15248 1.594167e-12
15249 1.593940e-12
15250 1.593713e-12
15251 1.593486e-12
15252 1.593259e-12
15253 1.593032e-12
15254 1.592805e-12
15255 1.592578e-12
15256 1.592352e-12
15257 1.592125e-12
15258 1.591898e-12
15259 1.591672e-12
15260 1.591445e-12
15261 1.591218e-12
15262 1.590992e-12
15263 1.590766e-12
15264 1.590539e-12
15265 1.590313e-12
15266 1.590086e-12
15267 1.589860e-12
15268 1.589634e-12
15269 1.589408e-12
15270 1.589182e-12
15271 1.588956e-12
15272 1.588730e-12
15273 1.588504e-12
15274 1.588278e-12
15275 1.588052e-12
15276 1.587826e-12
15277 1.587600e-12
15278 1.587374e-12
15279 1.587149e-12
15280 1.586923e-12
15281 1.586697e-12
15282 1.586472e-12
15283 1.586246e-12
15284 1.586021e-12
15285 1.585795e-12
15286 1.585570e-12
15287 1.585345e-12
15288 1.585120e-12
15289 1.584894e-12
15290 1.584669e-12
15291 1.584444e-12
15292 1.584219e-12
15293 1.583994e-12
15294 1.583769e-12
15295 1.583544e-12
15296 1.583319e-12
15297 1.583094e-12
15298 1.582869e-12
15299 1.582645e-12
15300 1.582420e-12
15301 1.582195e-12
15302 1.581971e-12
15303 1.581746e-12
15304 1.581521e-12
15305 1.581297e-12
15306 1.581072e-12
15307 1.580848e-12
15308 1.580624e-12
15309 1.580399e-12
15310 1.580175e-12
15311 1.579951e-12
15312 1.579727e-12
15313 1.579503e-12
15314 1.579279e-12
15315 1.579055e-12
15316 1.578831e-12
15317 1.578607e-12
15318 1.578383e-12
15319 1.578159e-12
15320 1.577935e-12
15321 1.577711e-12
15322 1.577488e-12
15323 1.577264e-12
15324 1.577041e-12
15325 1.576817e-12
15326 1.576593e-12
15327 1.576370e-12
15328 1.576147e-12
15329 1.575923e-12
15330 1.575700e-12
15331 1.575477e-12
15332 1.575253e-12
15333 1.575030e-12
15334 1.574807e-12
15335 1.574584e-12
15336 1.574361e-12
15337 1.574138e-12
15338 1.573915e-12
15339 1.573692e-12
15340 1.573469e-12
15341 1.573246e-12
15342 1.573024e-12
15343 1.572801e-12
15344 1.572578e-12
15345 1.572354e-12
15346 1.572130e-12
15347 1.571906e-12
15348 1.571682e-12
15349 1.571458e-12
15350 1.571235e-12
15351 1.571011e-12
15352 1.570787e-12
15353 1.570564e-12
15354 1.570340e-12
15355 1.570116e-12
15356 1.569893e-12
15357 1.569670e-12
15358 1.569446e-12
15359 1.569223e-12
15360 1.568999e-12
15361 1.568776e-12
15362 1.568553e-12
15363 1.568330e-12
15364 1.568107e-12
15365 1.567884e-12
15366 1.567661e-12
15367 1.567438e-12
15368 1.567215e-12
15369 1.566992e-12
15370 1.566769e-12
15371 1.566546e-12
15372 1.566324e-12
15373 1.566101e-12
15374 1.565878e-12
15375 1.565656e-12
15376 1.565433e-12
15377 1.565211e-12
15378 1.564988e-12
15379 1.564766e-12
15380 1.564543e-12
15381 1.564321e-12
15382 1.564099e-12
15383 1.563876e-12
15384 1.563654e-12
15385 1.563432e-12
15386 1.563210e-12
15387 1.562988e-12
15388 1.562766e-12
15389 1.562544e-12
15390 1.562322e-12
15391 1.562100e-12
15392 1.561878e-12
15393 1.561657e-12
15394 1.561435e-12
15395 1.561213e-12
15396 1.560992e-12
15397 1.560770e-12
15398 1.560548e-12
15399 1.560327e-12
15400 1.560106e-12
15401 1.559884e-12
15402 1.559663e-12
15403 1.559441e-12
15404 1.559220e-12
15405 1.558999e-12
15406 1.558778e-12
15407 1.558557e-12
15408 1.558336e-12
15409 1.558115e-12
15410 1.557894e-12
15411 1.557673e-12
15412 1.557452e-12
15413 1.557231e-12
15414 1.557010e-12
15415 1.556789e-12
15416 1.556569e-12
15417 1.556348e-12
15418 1.556127e-12
15419 1.555907e-12
15420 1.555686e-12
15421 1.555466e-12
15422 1.555245e-12
15423 1.555025e-12
15424 1.554804e-12
15425 1.554584e-12
15426 1.554364e-12
15427 1.554144e-12
15428 1.553923e-12
15429 1.553703e-12
15430 1.553483e-12
15431 1.553263e-12
15432 1.553043e-12
15433 1.552823e-12
15434 1.552603e-12
15435 1.552383e-12
15436 1.552164e-12
15437 1.551944e-12
15438 1.551724e-12
15439 1.551505e-12
15440 1.551285e-12
15441 1.551065e-12
15442 1.550846e-12
15443 1.550626e-12
15444 1.550407e-12
15445 1.550187e-12
15446 1.549968e-12
15447 1.549749e-12
15448 1.549529e-12
15449 1.549310e-12
15450 1.549091e-12
15451 1.548872e-12
15452 1.548653e-12
15453 1.548434e-12
15454 1.548215e-12
15455 1.547996e-12
15456 1.547777e-12
15457 1.547558e-12
15458 1.547339e-12
15459 1.547121e-12
15460 1.546902e-12
15461 1.546683e-12
15462 1.546464e-12
15463 1.546246e-12
15464 1.546027e-12
15465 1.545809e-12
15466 1.545590e-12
15467 1.545372e-12
15468 1.545154e-12
15469 1.544935e-12
15470 1.544717e-12
15471 1.544499e-12
15472 1.544281e-12
15473 1.544062e-12
15474 1.543844e-12
15475 1.543626e-12
15476 1.543408e-12
15477 1.543190e-12
15478 1.542972e-12
15479 1.542755e-12
15480 1.542537e-12
15481 1.542319e-12
15482 1.542101e-12
15483 1.541884e-12
15484 1.541666e-12
15485 1.541448e-12
15486 1.541231e-12
15487 1.541013e-12
15488 1.540796e-12
15489 1.540578e-12
15490 1.540361e-12
15491 1.540144e-12
15492 1.539926e-12
15493 1.539709e-12
15494 1.539492e-12
15495 1.539275e-12
15496 1.539058e-12
15497 1.538841e-12
15498 1.538624e-12
15499 1.538407e-12
15500 1.538190e-12
15501 1.537973e-12
15502 1.537756e-12
15503 1.537539e-12
15504 1.537322e-12
15505 1.537106e-12
15506 1.536889e-12
15507 1.536672e-12
15508 1.536456e-12
15509 1.536239e-12
15510 1.536023e-12
15511 1.535806e-12
15512 1.535590e-12
15513 1.535374e-12
15514 1.535157e-12
15515 1.534941e-12
15516 1.534725e-12
15517 1.534509e-12
15518 1.534292e-12
15519 1.534076e-12
15520 1.533860e-12
15521 1.533644e-12
15522 1.533428e-12
15523 1.533212e-12
15524 1.532997e-12
15525 1.532781e-12
15526 1.532565e-12
15527 1.532349e-12
15528 1.532134e-12
15529 1.531918e-12
15530 1.531702e-12
15531 1.531487e-12
15532 1.531271e-12
15533 1.531056e-12
15534 1.530840e-12
15535 1.530625e-12
15536 1.530410e-12
15537 1.530194e-12
15538 1.529979e-12
15539 1.529764e-12
15540 1.529549e-12
15541 1.529334e-12
15542 1.529119e-12
15543 1.528904e-12
15544 1.528689e-12
15545 1.528474e-12
15546 1.528259e-12
15547 1.528044e-12
15548 1.527829e-12
15549 1.527614e-12
15550 1.527400e-12
15551 1.527185e-12
15552 1.526970e-12
15553 1.526756e-12
15554 1.526541e-12
15555 1.526327e-12
15556 1.526112e-12
15557 1.525898e-12
15558 1.525683e-12
15559 1.525469e-12
15560 1.525255e-12
15561 1.525041e-12
15562 1.524826e-12
15563 1.524612e-12
15564 1.524398e-12
15565 1.524184e-12
15566 1.523970e-12
15567 1.523756e-12
15568 1.523542e-12
15569 1.523328e-12
15570 1.523114e-12
15571 1.522901e-12
15572 1.522687e-12
15573 1.522473e-12
15574 1.522260e-12
15575 1.522046e-12
15576 1.521832e-12
15577 1.521619e-12
15578 1.521405e-12
15579 1.521192e-12
15580 1.520978e-12
15581 1.520765e-12
15582 1.520552e-12
15583 1.520338e-12
15584 1.520125e-12
15585 1.519912e-12
15586 1.519699e-12
15587 1.519486e-12
15588 1.519273e-12
15589 1.519060e-12
15590 1.518847e-12
15591 1.518634e-12
15592 1.518421e-12
15593 1.518208e-12
15594 1.517995e-12
15595 1.517783e-12
15596 1.517570e-12
15597 1.517357e-12
15598 1.517145e-12
15599 1.516932e-12
15600 1.516720e-12
15601 1.516507e-12
15602 1.516295e-12
15603 1.516082e-12
15604 1.515870e-12
15605 1.515657e-12
15606 1.515445e-12
15607 1.515233e-12
15608 1.515021e-12
15609 1.514809e-12
15610 1.514597e-12
15611 1.514385e-12
15612 1.514172e-12
15613 1.513961e-12
15614 1.513749e-12
15615 1.513537e-12
15616 1.513325e-12
15617 1.513113e-12
15618 1.512901e-12
15619 1.512690e-12
15620 1.512478e-12
15621 1.512266e-12
15622 1.512055e-12
15623 1.511843e-12
15624 1.511632e-12
15625 1.511420e-12
15626 1.511209e-12
15627 1.510997e-12
15628 1.510786e-12
15629 1.510575e-12
15630 1.510364e-12
15631 1.510152e-12
15632 1.509941e-12
15633 1.509730e-12
15634 1.509519e-12
15635 1.509308e-12
15636 1.509097e-12
15637 1.508886e-12
15638 1.508675e-12
15639 1.508464e-12
15640 1.508254e-12
15641 1.508043e-12
15642 1.507832e-12
15643 1.507621e-12
15644 1.507411e-12
15645 1.507200e-12
15646 1.506990e-12
15647 1.506779e-12
15648 1.506569e-12
15649 1.506358e-12
15650 1.506148e-12
15651 1.505938e-12
15652 1.505727e-12
15653 1.505517e-12
15654 1.505307e-12
15655 1.505097e-12
15656 1.504887e-12
15657 1.504677e-12
15658 1.504466e-12
15659 1.504256e-12
15660 1.504047e-12
15661 1.503837e-12
15662 1.503627e-12
15663 1.503417e-12
15664 1.503207e-12
15665 1.502997e-12
15666 1.502788e-12
15667 1.502578e-12
15668 1.502368e-12
15669 1.502159e-12
15670 1.501949e-12
15671 1.501740e-12
15672 1.501530e-12
15673 1.501321e-12
15674 1.501112e-12
15675 1.500902e-12
15676 1.500693e-12
15677 1.500484e-12
15678 1.500275e-12
15679 1.500066e-12
15680 1.499856e-12
15681 1.499647e-12
15682 1.499438e-12
15683 1.499229e-12
15684 1.499021e-12
15685 1.498812e-12
15686 1.498603e-12
15687 1.498394e-12
15688 1.498185e-12
15689 1.497977e-12
15690 1.497768e-12
15691 1.497559e-12
15692 1.497351e-12
15693 1.497142e-12
15694 1.496934e-12
15695 1.496725e-12
15696 1.496517e-12
15697 1.496308e-12
15698 1.496100e-12
15699 1.495892e-12
15700 1.495683e-12
15701 1.495475e-12
15702 1.495267e-12
15703 1.495059e-12
15704 1.494851e-12
15705 1.494643e-12
15706 1.494435e-12
15707 1.494227e-12
15708 1.494019e-12
15709 1.493811e-12
15710 1.493603e-12
15711 1.493395e-12
15712 1.493188e-12
15713 1.492980e-12
15714 1.492772e-12
15715 1.492565e-12
15716 1.492357e-12
15717 1.492150e-12
15718 1.491942e-12
15719 1.491735e-12
15720 1.491527e-12
15721 1.491320e-12
15722 1.491113e-12
15723 1.490905e-12
15724 1.490698e-12
15725 1.490491e-12
15726 1.490284e-12
15727 1.490077e-12
15728 1.489870e-12
15729 1.489663e-12
15730 1.489456e-12
15731 1.489249e-12
15732 1.489042e-12
15733 1.488835e-12
15734 1.488628e-12
15735 1.488421e-12
15736 1.488214e-12
15737 1.488008e-12
15738 1.487801e-12
15739 1.487595e-12
15740 1.487388e-12
15741 1.487181e-12
15742 1.486975e-12
15743 1.486768e-12
15744 1.486562e-12
15745 1.486356e-12
15746 1.486149e-12
15747 1.485943e-12
15748 1.485737e-12
15749 1.485531e-12
15750 1.485325e-12
15751 1.485118e-12
15752 1.484912e-12
15753 1.484706e-12
15754 1.484500e-12
15755 1.484294e-12
15756 1.484089e-12
15757 1.483883e-12
15758 1.483677e-12
15759 1.483471e-12
15760 1.483265e-12
15761 1.483060e-12
15762 1.482854e-12
15763 1.482648e-12
15764 1.482443e-12
15765 1.482237e-12
15766 1.482032e-12
15767 1.481826e-12
15768 1.481621e-12
15769 1.481416e-12
15770 1.481210e-12
15771 1.481005e-12
15772 1.480800e-12
15773 1.480595e-12
15774 1.480389e-12
15775 1.480184e-12
15776 1.479979e-12
15777 1.479774e-12
15778 1.479569e-12
15779 1.479364e-12
15780 1.479159e-12
15781 1.478954e-12
15782 1.478750e-12
15783 1.478545e-12
15784 1.478340e-12
15785 1.478135e-12
15786 1.477931e-12
15787 1.477726e-12
15788 1.477522e-12
15789 1.477317e-12
15790 1.477113e-12
15791 1.476908e-12
15792 1.476704e-12
15793 1.476499e-12
15794 1.476295e-12
15795 1.476091e-12
15796 1.475886e-12
15797 1.475682e-12
15798 1.475478e-12
15799 1.475274e-12
15800 1.475070e-12
15801 1.474866e-12
15802 1.474662e-12
15803 1.474458e-12
15804 1.474254e-12
15805 1.474050e-12
15806 1.473846e-12
15807 1.473643e-12
15808 1.473439e-12
15809 1.473235e-12
15810 1.473031e-12
15811 1.472828e-12
15812 1.472624e-12
15813 1.472421e-12
15814 1.472217e-12
15815 1.472014e-12
15816 1.471810e-12
15817 1.471607e-12
15818 1.471404e-12
15819 1.471200e-12
15820 1.470997e-12
15821 1.470794e-12
15822 1.470591e-12
15823 1.470387e-12
15824 1.470184e-12
15825 1.469981e-12
15826 1.469778e-12
15827 1.469575e-12
15828 1.469372e-12
15829 1.469169e-12
15830 1.468967e-12
15831 1.468764e-12
15832 1.468561e-12
15833 1.468358e-12
15834 1.468156e-12
15835 1.467953e-12
15836 1.467750e-12
15837 1.467548e-12
15838 1.467345e-12
15839 1.467143e-12
15840 1.466940e-12
15841 1.466738e-12
15842 1.466536e-12
15843 1.466333e-12
15844 1.466131e-12
15845 1.465929e-12
15846 1.465727e-12
15847 1.465524e-12
15848 1.465322e-12
15849 1.465120e-12
15850 1.464918e-12
15851 1.464716e-12
15852 1.464514e-12
15853 1.464312e-12
15854 1.464110e-12
15855 1.463909e-12
15856 1.463707e-12
15857 1.463505e-12
15858 1.463303e-12
15859 1.463102e-12
15860 1.462900e-12
15861 1.462698e-12
15862 1.462497e-12
15863 1.462295e-12
15864 1.462094e-12
15865 1.461892e-12
15866 1.461691e-12
15867 1.461490e-12
15868 1.461288e-12
15869 1.461087e-12
15870 1.460886e-12
15871 1.460685e-12
15872 1.460484e-12
15873 1.460282e-12
15874 1.460081e-12
15875 1.459880e-12
15876 1.459679e-12
15877 1.459478e-12
15878 1.459278e-12
15879 1.459077e-12
15880 1.458876e-12
15881 1.458675e-12
15882 1.458474e-12
15883 1.458274e-12
15884 1.458073e-12
15885 1.457872e-12
15886 1.457672e-12
15887 1.457471e-12
15888 1.457271e-12
15889 1.457070e-12
15890 1.456870e-12
15891 1.456669e-12
15892 1.456469e-12
15893 1.456269e-12
15894 1.456069e-12
15895 1.455868e-12
15896 1.455668e-12
15897 1.455468e-12
15898 1.455268e-12
15899 1.455068e-12
15900 1.454868e-12
15901 1.454668e-12
15902 1.454468e-12
15903 1.454268e-12
15904 1.454068e-12
15905 1.453868e-12
15906 1.453669e-12
15907 1.453469e-12
15908 1.453269e-12
15909 1.453070e-12
15910 1.452870e-12
15911 1.452670e-12
15912 1.452471e-12
15913 1.452271e-12
15914 1.452072e-12
15915 1.451872e-12
15916 1.451673e-12
15917 1.451474e-12
15918 1.451274e-12
15919 1.451075e-12
15920 1.450876e-12
15921 1.450677e-12
15922 1.450478e-12
15923 1.450278e-12
15924 1.450079e-12
15925 1.449880e-12
15926 1.449681e-12
15927 1.449482e-12
15928 1.449284e-12
15929 1.449085e-12
15930 1.448886e-12
15931 1.448687e-12
15932 1.448488e-12
15933 1.448290e-12
15934 1.448091e-12
15935 1.447892e-12
15936 1.447694e-12
15937 1.447495e-12
15938 1.447297e-12
15939 1.447098e-12
15940 1.446900e-12
15941 1.446701e-12
15942 1.446503e-12
15943 1.446305e-12
15944 1.446107e-12
15945 1.445908e-12
15946 1.445710e-12
15947 1.445512e-12
15948 1.445314e-12
15949 1.445116e-12
15950 1.444918e-12
15951 1.444720e-12
15952 1.444522e-12
15953 1.444324e-12
15954 1.444126e-12
15955 1.443928e-12
15956 1.443730e-12
15957 1.443533e-12
15958 1.443335e-12
15959 1.443137e-12
15960 1.442940e-12
15961 1.442742e-12
15962 1.442545e-12
15963 1.442347e-12
15964 1.442150e-12
15965 1.441952e-12
15966 1.441755e-12
15967 1.441557e-12
15968 1.441360e-12
15969 1.441163e-12
15970 1.440966e-12
15971 1.440768e-12
15972 1.440571e-12
15973 1.440374e-12
15974 1.440177e-12
15975 1.439980e-12
15976 1.439783e-12
15977 1.439586e-12
15978 1.439389e-12
15979 1.439192e-12
15980 1.438995e-12
15981 1.438798e-12
15982 1.438602e-12
15983 1.438405e-12
15984 1.438208e-12
15985 1.438012e-12
15986 1.437815e-12
15987 1.437618e-12
15988 1.437422e-12
15989 1.437225e-12
15990 1.437029e-12
15991 1.436833e-12
15992 1.436636e-12
15993 1.436440e-12
15994 1.436244e-12
15995 1.436047e-12
15996 1.435851e-12
15997 1.435655e-12
15998 1.435459e-12
15999 1.435263e-12
16000 1.435067e-12
16001 1.434871e-12
16002 1.434675e-12
16003 1.434479e-12
16004 1.434283e-12
16005 1.434087e-12
16006 1.433891e-12
16007 1.433695e-12
16008 1.433499e-12
16009 1.433304e-12
16010 1.433108e-12
16011 1.432912e-12
16012 1.432717e-12
16013 1.432521e-12
16014 1.432326e-12
16015 1.432130e-12
16016 1.431935e-12
16017 1.431739e-12
16018 1.431544e-12
16019 1.431349e-12
16020 1.431154e-12
16021 1.430958e-12
16022 1.430763e-12
16023 1.430568e-12
16024 1.430373e-12
16025 1.430178e-12
16026 1.429983e-12
16027 1.429788e-12
16028 1.429593e-12
16029 1.429398e-12
16030 1.429203e-12
16031 1.429008e-12
16032 1.428813e-12
16033 1.428618e-12
16034 1.428424e-12
16035 1.428229e-12
16036 1.428034e-12
16037 1.427840e-12
16038 1.427645e-12
16039 1.427450e-12
16040 1.427256e-12
16041 1.427061e-12
16042 1.426867e-12
16043 1.426673e-12
16044 1.426478e-12
16045 1.426284e-12
16046 1.426090e-12
16047 1.425895e-12
16048 1.425701e-12
16049 1.425507e-12
16050 1.425313e-12
16051 1.425119e-12
16052 1.424925e-12
16053 1.424731e-12
16054 1.424537e-12
16055 1.424343e-12
16056 1.424149e-12
16057 1.423955e-12
16058 1.423761e-12
16059 1.423568e-12
16060 1.423374e-12
16061 1.423180e-12
16062 1.422986e-12
16063 1.422793e-12
16064 1.422599e-12
16065 1.422406e-12
16066 1.422212e-12
16067 1.422019e-12
16068 1.421825e-12
16069 1.421632e-12
16070 1.421439e-12
16071 1.421245e-12
16072 1.421052e-12
16073 1.420859e-12
16074 1.420666e-12
16075 1.420472e-12
16076 1.420279e-12
16077 1.420086e-12
16078 1.419893e-12
16079 1.419700e-12
16080 1.419507e-12
16081 1.419314e-12
16082 1.419121e-12
16083 1.418928e-12
16084 1.418736e-12
16085 1.418543e-12
16086 1.418350e-12
16087 1.418157e-12
16088 1.417965e-12
16089 1.417772e-12
16090 1.417579e-12
16091 1.417387e-12
16092 1.417194e-12
16093 1.417002e-12
16094 1.416809e-12
16095 1.416617e-12
16096 1.416425e-12
16097 1.416232e-12
16098 1.416040e-12
16099 1.415848e-12
16100 1.415656e-12
16101 1.415463e-12
16102 1.415271e-12
16103 1.415079e-12
16104 1.414887e-12
16105 1.414695e-12
16106 1.414503e-12
16107 1.414311e-12
16108 1.414119e-12
16109 1.413927e-12
16110 1.413736e-12
16111 1.413544e-12
16112 1.413352e-12
16113 1.413160e-12
16114 1.412969e-12
16115 1.412777e-12
16116 1.412585e-12
16117 1.412394e-12
16118 1.412202e-12
16119 1.412011e-12
16120 1.411819e-12
16121 1.411628e-12
16122 1.411437e-12
16123 1.411245e-12
16124 1.411054e-12
16125 1.410863e-12
16126 1.410672e-12
16127 1.410480e-12
16128 1.410289e-12
16129 1.410098e-12
16130 1.409907e-12
16131 1.409716e-12
16132 1.409525e-12
16133 1.409334e-12
16134 1.409143e-12
16135 1.408952e-12
16136 1.408761e-12
16137 1.408571e-12
16138 1.408380e-12
16139 1.408189e-12
16140 1.407998e-12
16141 1.407808e-12
16142 1.407617e-12
16143 1.407426e-12
16144 1.407236e-12
16145 1.407045e-12
16146 1.406855e-12
16147 1.406665e-12
16148 1.406474e-12
16149 1.406284e-12
16150 1.406093e-12
16151 1.405903e-12
16152 1.405713e-12
16153 1.405523e-12
16154 1.405333e-12
16155 1.405142e-12
16156 1.404952e-12
16157 1.404762e-12
16158 1.404572e-12
16159 1.404382e-12
16160 1.404192e-12
16161 1.404002e-12
16162 1.403813e-12
16163 1.403623e-12
16164 1.403433e-12
16165 1.403243e-12
16166 1.403053e-12
16167 1.402864e-12
16168 1.402674e-12
16169 1.402484e-12
16170 1.402295e-12
16171 1.402105e-12
16172 1.401916e-12
16173 1.401726e-12
16174 1.401537e-12
16175 1.401348e-12
16176 1.401158e-12
16177 1.400969e-12
16178 1.400780e-12
16179 1.400590e-12
16180 1.400401e-12
16181 1.400212e-12
16182 1.400023e-12
16183 1.399834e-12
16184 1.399645e-12
16185 1.399456e-12
16186 1.399267e-12
16187 1.399078e-12
16188 1.398889e-12
16189 1.398700e-12
16190 1.398511e-12
16191 1.398323e-12
16192 1.398134e-12
16193 1.397945e-12
16194 1.397756e-12
16195 1.397568e-12
16196 1.397379e-12
16197 1.397191e-12
16198 1.397002e-12
16199 1.396814e-12
16200 1.396625e-12
16201 1.396437e-12
16202 1.396248e-12
16203 1.396060e-12
16204 1.395872e-12
16205 1.395683e-12
16206 1.395495e-12
16207 1.395307e-12
16208 1.395119e-12
16209 1.394931e-12
16210 1.394743e-12
16211 1.394554e-12
16212 1.394366e-12
16213 1.394179e-12
16214 1.393991e-12
16215 1.393803e-12
16216 1.393615e-12
16217 1.393427e-12
16218 1.393239e-12
16219 1.393051e-12
16220 1.392864e-12
16221 1.392676e-12
16222 1.392488e-12
16223 1.392301e-12
16224 1.392113e-12
16225 1.391926e-12
16226 1.391738e-12
16227 1.391551e-12
16228 1.391363e-12
16229 1.391176e-12
16230 1.390989e-12
16231 1.390801e-12
16232 1.390614e-12
16233 1.390427e-12
16234 1.390240e-12
16235 1.390052e-12
16236 1.389865e-12
16237 1.389678e-12
16238 1.389491e-12
16239 1.389304e-12
16240 1.389117e-12
16241 1.388930e-12
16242 1.388743e-12
16243 1.388556e-12
16244 1.388370e-12
16245 1.388183e-12
16246 1.387996e-12
16247 1.387809e-12
16248 1.387623e-12
16249 1.387436e-12
16250 1.387249e-12
16251 1.387063e-12
16252 1.386876e-12
16253 1.386690e-12
16254 1.386503e-12
16255 1.386317e-12
16256 1.386130e-12
16257 1.385944e-12
16258 1.385758e-12
16259 1.385571e-12
16260 1.385385e-12
16261 1.385199e-12
16262 1.385013e-12
16263 1.384827e-12
16264 1.384641e-12
16265 1.384455e-12
16266 1.384268e-12
16267 1.384082e-12
16268 1.383897e-12
16269 1.383711e-12
16270 1.383525e-12
16271 1.383339e-12
16272 1.383153e-12
16273 1.382967e-12
16274 1.382782e-12
16275 1.382596e-12
16276 1.382410e-12
16277 1.382225e-12
16278 1.382039e-12
16279 1.381853e-12
16280 1.381668e-12
16281 1.381482e-12
16282 1.381297e-12
16283 1.381112e-12
16284 1.380926e-12
16285 1.380741e-12
16286 1.380556e-12
16287 1.380370e-12
16288 1.380185e-12
16289 1.380000e-12
16290 1.379815e-12
16291 1.379630e-12
16292 1.379444e-12
16293 1.379259e-12
16294 1.379074e-12
16295 1.378889e-12
16296 1.378704e-12
16297 1.378520e-12
16298 1.378335e-12
16299 1.378150e-12
16300 1.377965e-12
16301 1.377780e-12
16302 1.377596e-12
16303 1.377411e-12
16304 1.377226e-12
16305 1.377042e-12
16306 1.376857e-12
16307 1.376672e-12
16308 1.376488e-12
16309 1.376304e-12
16310 1.376119e-12
16311 1.375935e-12
16312 1.375750e-12
16313 1.375566e-12
16314 1.375382e-12
16315 1.375197e-12
16316 1.375013e-12
16317 1.374829e-12
16318 1.374645e-12
16319 1.374461e-12
16320 1.374277e-12
16321 1.374093e-12
16322 1.373909e-12
16323 1.373725e-12
16324 1.373541e-12
16325 1.373357e-12
16326 1.373173e-12
16327 1.372989e-12
16328 1.372805e-12
16329 1.372622e-12
16330 1.372438e-12
16331 1.372254e-12
16332 1.372071e-12
16333 1.371887e-12
16334 1.371703e-12
16335 1.371520e-12
16336 1.371336e-12
16337 1.371153e-12
16338 1.370969e-12
16339 1.370786e-12
16340 1.370603e-12
16341 1.370419e-12
16342 1.370236e-12
16343 1.370053e-12
16344 1.369870e-12
16345 1.369686e-12
16346 1.369503e-12
16347 1.369320e-12
16348 1.369137e-12
16349 1.368954e-12
16350 1.368771e-12
16351 1.368588e-12
16352 1.368405e-12
16353 1.368222e-12
16354 1.368039e-12
16355 1.367857e-12
16356 1.367674e-12
16357 1.367491e-12
16358 1.367308e-12
16359 1.367126e-12
16360 1.366943e-12
16361 1.366760e-12
16362 1.366578e-12
16363 1.366395e-12
16364 1.366213e-12
16365 1.366030e-12
16366 1.365848e-12
16367 1.365665e-12
16368 1.365483e-12
16369 1.365301e-12
16370 1.365118e-12
16371 1.364936e-12
16372 1.364754e-12
16373 1.364572e-12
16374 1.364390e-12
16375 1.364208e-12
16376 1.364025e-12
16377 1.363843e-12
16378 1.363661e-12
16379 1.363479e-12
16380 1.363298e-12
16381 1.363116e-12
16382 1.362934e-12
16383 1.362752e-12
16384 1.362570e-12
16385 1.362388e-12
16386 1.362207e-12
16387 1.362025e-12
16388 1.361843e-12
16389 1.361662e-12
16390 1.361480e-12
16391 1.361299e-12
16392 1.361117e-12
16393 1.360936e-12
16394 1.360754e-12
16395 1.360573e-12
16396 1.360391e-12
16397 1.360210e-12
16398 1.360029e-12
16399 1.359847e-12
16400 1.359666e-12
16401 1.359485e-12
16402 1.359304e-12
16403 1.359123e-12
16404 1.358942e-12
16405 1.358761e-12
16406 1.358580e-12
16407 1.358399e-12
16408 1.358218e-12
16409 1.358037e-12
16410 1.357856e-12
16411 1.357675e-12
16412 1.357494e-12
16413 1.357313e-12
16414 1.357133e-12
16415 1.356952e-12
16416 1.356771e-12
16417 1.356591e-12
16418 1.356410e-12
16419 1.356230e-12
16420 1.356049e-12
16421 1.355868e-12
16422 1.355688e-12
16423 1.355508e-12
16424 1.355327e-12
16425 1.355147e-12
16426 1.354967e-12
16427 1.354786e-12
16428 1.354606e-12
16429 1.354426e-12
16430 1.354246e-12
16431 1.354065e-12
16432 1.353885e-12
16433 1.353705e-12
16434 1.353525e-12
16435 1.353345e-12
16436 1.353165e-12
16437 1.352985e-12
16438 1.352805e-12
16439 1.352626e-12
16440 1.352446e-12
16441 1.352266e-12
16442 1.352086e-12
16443 1.351906e-12
16444 1.351727e-12
16445 1.351547e-12
16446 1.351368e-12
16447 1.351188e-12
16448 1.351007e-12
16449 1.350827e-12
16450 1.350646e-12
16451 1.350466e-12
16452 1.350285e-12
16453 1.350105e-12
16454 1.349924e-12
16455 1.349744e-12
16456 1.349564e-12
16457 1.349383e-12
16458 1.349203e-12
16459 1.349023e-12
16460 1.348843e-12
16461 1.348663e-12
16462 1.348483e-12
16463 1.348303e-12
16464 1.348123e-12
16465 1.347943e-12
16466 1.347763e-12
16467 1.347583e-12
16468 1.347403e-12
16469 1.347223e-12
16470 1.347043e-12
16471 1.346863e-12
16472 1.346684e-12
16473 1.346504e-12
16474 1.346324e-12
16475 1.346145e-12
16476 1.345965e-12
16477 1.345786e-12
16478 1.345606e-12
16479 1.345427e-12
16480 1.345247e-12
16481 1.345068e-12
16482 1.344888e-12
16483 1.344709e-12
16484 1.344530e-12
16485 1.344350e-12
16486 1.344171e-12
16487 1.343992e-12
16488 1.343813e-12
16489 1.343634e-12
16490 1.343454e-12
16491 1.343275e-12
16492 1.343096e-12
16493 1.342917e-12
16494 1.342738e-12
16495 1.342559e-12
16496 1.342380e-12
16497 1.342202e-12
16498 1.342023e-12
16499 1.341844e-12
16500 1.341665e-12
16501 1.341486e-12
16502 1.341308e-12
16503 1.341129e-12
16504 1.340950e-12
16505 1.340772e-12
16506 1.340593e-12
16507 1.340415e-12
16508 1.340236e-12
16509 1.340058e-12
16510 1.339879e-12
16511 1.339701e-12
16512 1.339523e-12
16513 1.339344e-12
16514 1.339166e-12
16515 1.338988e-12
16516 1.338810e-12
16517 1.338632e-12
16518 1.338453e-12
16519 1.338275e-12
16520 1.338097e-12
16521 1.337919e-12
16522 1.337741e-12
16523 1.337563e-12
16524 1.337385e-12
16525 1.337207e-12
16526 1.337029e-12
16527 1.336852e-12
16528 1.336674e-12
16529 1.336496e-12
16530 1.336318e-12
16531 1.336141e-12
16532 1.335963e-12
16533 1.335785e-12
16534 1.335608e-12
16535 1.335430e-12
16536 1.335253e-12
16537 1.335075e-12
16538 1.334898e-12
16539 1.334720e-12
16540 1.334543e-12
16541 1.334366e-12
16542 1.334188e-12
16543 1.334011e-12
16544 1.333834e-12
16545 1.333657e-12
16546 1.333479e-12
16547 1.333302e-12
16548 1.333125e-12
16549 1.332948e-12
16550 1.332771e-12
16551 1.332594e-12
16552 1.332417e-12
16553 1.332240e-12
16554 1.332063e-12
16555 1.331886e-12
16556 1.331709e-12
16557 1.331533e-12
16558 1.331356e-12
16559 1.331179e-12
16560 1.331002e-12
16561 1.330826e-12
16562 1.330649e-12
16563 1.330473e-12
16564 1.330296e-12
16565 1.330119e-12
16566 1.329943e-12
16567 1.329766e-12
16568 1.329590e-12
16569 1.329414e-12
16570 1.329237e-12
16571 1.329061e-12
16572 1.328885e-12
16573 1.328708e-12
16574 1.328532e-12
16575 1.328356e-12
16576 1.328180e-12
16577 1.328004e-12
16578 1.327828e-12
16579 1.327652e-12
16580 1.327476e-12
16581 1.327300e-12
16582 1.327124e-12
16583 1.326948e-12
16584 1.326772e-12
16585 1.326596e-12
16586 1.326420e-12
16587 1.326244e-12
16588 1.326069e-12
16589 1.325893e-12
16590 1.325717e-12
16591 1.325542e-12
16592 1.325366e-12
16593 1.325190e-12
16594 1.325015e-12
16595 1.324839e-12
16596 1.324664e-12
16597 1.324488e-12
16598 1.324313e-12
16599 1.324138e-12
16600 1.323962e-12
16601 1.323787e-12
16602 1.323612e-12
16603 1.323436e-12
16604 1.323261e-12
16605 1.323086e-12
16606 1.322911e-12
16607 1.322736e-12
16608 1.322561e-12
16609 1.322386e-12
16610 1.322211e-12
16611 1.322036e-12
16612 1.321861e-12
16613 1.321686e-12
16614 1.321511e-12
16615 1.321336e-12
16616 1.321161e-12
16617 1.320987e-12
16618 1.320812e-12
16619 1.320637e-12
16620 1.320463e-12
16621 1.320288e-12
16622 1.320113e-12
16623 1.319939e-12
16624 1.319764e-12
16625 1.319590e-12
16626 1.319415e-12
16627 1.319241e-12
16628 1.319066e-12
16629 1.318892e-12
16630 1.318718e-12
16631 1.318543e-12
16632 1.318369e-12
16633 1.318195e-12
16634 1.318021e-12
16635 1.317847e-12
16636 1.317672e-12
16637 1.317498e-12
16638 1.317324e-12
16639 1.317150e-12
16640 1.316976e-12
16641 1.316802e-12
16642 1.316628e-12
16643 1.316454e-12
16644 1.316281e-12
16645 1.316107e-12
16646 1.315933e-12
16647 1.315759e-12
16648 1.315585e-12
16649 1.315412e-12
16650 1.315238e-12
16651 1.315064e-12
16652 1.314891e-12
16653 1.314717e-12
16654 1.314544e-12
16655 1.314370e-12
16656 1.314197e-12
16657 1.314023e-12
16658 1.313850e-12
16659 1.313677e-12
16660 1.313503e-12
16661 1.313330e-12
16662 1.313157e-12
16663 1.312983e-12
16664 1.312810e-12
16665 1.312637e-12
16666 1.312464e-12
16667 1.312291e-12
16668 1.312118e-12
16669 1.311945e-12
16670 1.311772e-12
16671 1.311599e-12
16672 1.311426e-12
16673 1.311253e-12
16674 1.311080e-12
16675 1.310907e-12
16676 1.310734e-12
16677 1.310562e-12
16678 1.310389e-12
16679 1.310216e-12
16680 1.310044e-12
16681 1.309871e-12
16682 1.309698e-12
16683 1.309526e-12
16684 1.309353e-12
16685 1.309181e-12
16686 1.309008e-12
16687 1.308836e-12
16688 1.308663e-12
16689 1.308491e-12
16690 1.308319e-12
16691 1.308146e-12
16692 1.307974e-12
16693 1.307802e-12
16694 1.307630e-12
16695 1.307458e-12
16696 1.307285e-12
16697 1.307113e-12
16698 1.306941e-12
16699 1.306769e-12
16700 1.306597e-12
16701 1.306425e-12
16702 1.306253e-12
16703 1.306081e-12
16704 1.305909e-12
16705 1.305738e-12
16706 1.305566e-12
16707 1.305394e-12
16708 1.305222e-12
16709 1.305051e-12
16710 1.304879e-12
16711 1.304707e-12
16712 1.304536e-12
16713 1.304364e-12
16714 1.304193e-12
16715 1.304021e-12
16716 1.303850e-12
16717 1.303678e-12
16718 1.303507e-12
16719 1.303335e-12
16720 1.303164e-12
16721 1.302993e-12
16722 1.302821e-12
16723 1.302650e-12
16724 1.302479e-12
16725 1.302308e-12
16726 1.302137e-12
16727 1.301965e-12
16728 1.301794e-12
16729 1.301623e-12
16730 1.301452e-12
16731 1.301281e-12
16732 1.301110e-12
16733 1.300939e-12
16734 1.300768e-12
16735 1.300598e-12
16736 1.300427e-12
16737 1.300256e-12
16738 1.300085e-12
16739 1.299915e-12
16740 1.299744e-12
16741 1.299573e-12
16742 1.299403e-12
16743 1.299232e-12
16744 1.299061e-12
16745 1.298891e-12
16746 1.298720e-12
16747 1.298550e-12
16748 1.298379e-12
16749 1.298209e-12
16750 1.298039e-12
16751 1.297868e-12
16752 1.297698e-12
16753 1.297528e-12
16754 1.297358e-12
16755 1.297187e-12
16756 1.297017e-12
16757 1.296847e-12
16758 1.296677e-12
16759 1.296507e-12
16760 1.296337e-12
16761 1.296167e-12
16762 1.295997e-12
16763 1.295827e-12
16764 1.295657e-12
16765 1.295487e-12
16766 1.295317e-12
16767 1.295147e-12
16768 1.294978e-12
16769 1.294808e-12
16770 1.294638e-12
16771 1.294468e-12
16772 1.294299e-12
16773 1.294129e-12
16774 1.293960e-12
16775 1.293790e-12
16776 1.293620e-12
16777 1.293451e-12
16778 1.293281e-12
16779 1.293112e-12
16780 1.292943e-12
16781 1.292773e-12
16782 1.292604e-12
16783 1.292435e-12
16784 1.292265e-12
16785 1.292096e-12
16786 1.291927e-12
16787 1.291758e-12
16788 1.291589e-12
16789 1.291420e-12
16790 1.291250e-12
16791 1.291081e-12
16792 1.290912e-12
16793 1.290743e-12
16794 1.290574e-12
16795 1.290406e-12
16796 1.290237e-12
16797 1.290068e-12
16798 1.289899e-12
16799 1.289730e-12
16800 1.289561e-12
16801 1.289393e-12
16802 1.289224e-12
16803 1.289055e-12
16804 1.288887e-12
16805 1.288718e-12
16806 1.288550e-12
16807 1.288381e-12
16808 1.288213e-12
16809 1.288044e-12
16810 1.287876e-12
16811 1.287707e-12
16812 1.287539e-12
16813 1.287371e-12
16814 1.287202e-12
16815 1.287034e-12
16816 1.286866e-12
16817 1.286698e-12
16818 1.286529e-12
16819 1.286361e-12
16820 1.286193e-12
16821 1.286025e-12
16822 1.285857e-12
16823 1.285689e-12
16824 1.285521e-12
16825 1.285353e-12
16826 1.285185e-12
16827 1.285017e-12
16828 1.284849e-12
16829 1.284682e-12
16830 1.284514e-12
16831 1.284346e-12
16832 1.284178e-12
16833 1.284011e-12
16834 1.283843e-12
16835 1.283675e-12
16836 1.283508e-12
16837 1.283340e-12
16838 1.283173e-12
16839 1.283005e-12
16840 1.282838e-12
16841 1.282670e-12
16842 1.282503e-12
16843 1.282335e-12
16844 1.282168e-12
16845 1.282001e-12
16846 1.281833e-12
16847 1.281666e-12
16848 1.281499e-12
16849 1.281332e-12
16850 1.281165e-12
16851 1.280997e-12
16852 1.280830e-12
16853 1.280663e-12
16854 1.280496e-12
16855 1.280329e-12
16856 1.280162e-12
16857 1.279995e-12
16858 1.279828e-12
16859 1.279662e-12
16860 1.279495e-12
16861 1.279328e-12
16862 1.279161e-12
16863 1.278994e-12
16864 1.278828e-12
16865 1.278661e-12
16866 1.278494e-12
16867 1.278328e-12
16868 1.278161e-12
16869 1.277995e-12
16870 1.277828e-12
16871 1.277662e-12
16872 1.277495e-12
16873 1.277329e-12
16874 1.277162e-12
16875 1.276996e-12
16876 1.276830e-12
16877 1.276663e-12
16878 1.276497e-12
16879 1.276331e-12
16880 1.276165e-12
16881 1.275998e-12
16882 1.275832e-12
16883 1.275666e-12
16884 1.275500e-12
16885 1.275334e-12
16886 1.275168e-12
16887 1.275002e-12
16888 1.274836e-12
16889 1.274670e-12
16890 1.274504e-12
16891 1.274338e-12
16892 1.274173e-12
16893 1.274007e-12
16894 1.273841e-12
16895 1.273675e-12
16896 1.273510e-12
16897 1.273344e-12
16898 1.273178e-12
16899 1.273013e-12
16900 1.272847e-12
16901 1.272681e-12
16902 1.272516e-12
16903 1.272350e-12
16904 1.272185e-12
16905 1.272020e-12
16906 1.271854e-12
16907 1.271689e-12
16908 1.271524e-12
16909 1.271358e-12
16910 1.271193e-12
16911 1.271028e-12
16912 1.270863e-12
16913 1.270697e-12
16914 1.270532e-12
16915 1.270367e-12
16916 1.270202e-12
16917 1.270037e-12
16918 1.269872e-12
16919 1.269707e-12
16920 1.269542e-12
16921 1.269377e-12
16922 1.269212e-12
16923 1.269047e-12
16924 1.268882e-12
16925 1.268718e-12
16926 1.268553e-12
16927 1.268388e-12
16928 1.268223e-12
16929 1.268059e-12
16930 1.267894e-12
16931 1.267730e-12
16932 1.267565e-12
16933 1.267400e-12
16934 1.267236e-12
16935 1.267071e-12
16936 1.266907e-12
16937 1.266743e-12
16938 1.266578e-12
16939 1.266414e-12
16940 1.266249e-12
16941 1.266085e-12
16942 1.265921e-12
16943 1.265757e-12
16944 1.265592e-12
16945 1.265428e-12
16946 1.265264e-12
16947 1.265100e-12
16948 1.264936e-12
16949 1.264772e-12
16950 1.264608e-12
16951 1.264444e-12
16952 1.264280e-12
16953 1.264116e-12
16954 1.263952e-12
16955 1.263788e-12
16956 1.263624e-12
16957 1.263461e-12
16958 1.263297e-12
16959 1.263133e-12
16960 1.262969e-12
16961 1.262806e-12
16962 1.262642e-12
16963 1.262478e-12
16964 1.262315e-12
16965 1.262151e-12
16966 1.261988e-12
16967 1.261824e-12
16968 1.261661e-12
16969 1.261497e-12
16970 1.261334e-12
16971 1.261170e-12
16972 1.261007e-12
16973 1.260844e-12
16974 1.260681e-12
16975 1.260517e-12
16976 1.260354e-12
16977 1.260191e-12
16978 1.260028e-12
16979 1.259865e-12
16980 1.259701e-12
16981 1.259538e-12
16982 1.259375e-12
16983 1.259212e-12
16984 1.259049e-12
16985 1.258886e-12
16986 1.258724e-12
16987 1.258561e-12
16988 1.258398e-12
16989 1.258235e-12
16990 1.258072e-12
16991 1.257909e-12
16992 1.257747e-12
16993 1.257584e-12
16994 1.257421e-12
16995 1.257259e-12
16996 1.257096e-12
16997 1.256933e-12
16998 1.256771e-12
16999 1.256608e-12
17000 1.256446e-12
17001 1.256283e-12
17002 1.256121e-12
17003 1.255959e-12
17004 1.255796e-12
17005 1.255634e-12
17006 1.255472e-12
17007 1.255309e-12
17008 1.255147e-12
17009 1.254985e-12
17010 1.254823e-12
17011 1.254661e-12
17012 1.254498e-12
17013 1.254336e-12
17014 1.254174e-12
17015 1.254012e-12
17016 1.253850e-12
17017 1.253688e-12
17018 1.253526e-12
17019 1.253365e-12
17020 1.253203e-12
17021 1.253041e-12
17022 1.252879e-12
17023 1.252717e-12
17024 1.252555e-12
17025 1.252394e-12
17026 1.252232e-12
17027 1.252070e-12
17028 1.251909e-12
17029 1.251747e-12
17030 1.251586e-12
17031 1.251424e-12
17032 1.251262e-12
17033 1.251101e-12
17034 1.250940e-12
17035 1.250778e-12
17036 1.250617e-12
17037 1.250455e-12
17038 1.250294e-12
17039 1.250133e-12
17040 1.249971e-12
17041 1.249810e-12
17042 1.249649e-12
17043 1.249488e-12
17044 1.249327e-12
17045 1.249166e-12
17046 1.249005e-12
17047 1.248843e-12
17048 1.248682e-12
17049 1.248521e-12
17050 1.248360e-12
17051 1.248200e-12
17052 1.248039e-12
17053 1.247878e-12
17054 1.247717e-12
17055 1.247556e-12
17056 1.247395e-12
17057 1.247235e-12
17058 1.247074e-12
17059 1.246913e-12
17060 1.246752e-12
17061 1.246592e-12
17062 1.246431e-12
17063 1.246271e-12
17064 1.246110e-12
17065 1.245950e-12
17066 1.245789e-12
17067 1.245629e-12
17068 1.245468e-12
17069 1.245308e-12
17070 1.245147e-12
17071 1.244987e-12
17072 1.244827e-12
17073 1.244667e-12
17074 1.244506e-12
17075 1.244346e-12
17076 1.244186e-12
17077 1.244026e-12
17078 1.243866e-12
17079 1.243706e-12
17080 1.243545e-12
17081 1.243385e-12
17082 1.243225e-12
17083 1.243065e-12
17084 1.242906e-12
17085 1.242746e-12
17086 1.242586e-12
17087 1.242426e-12
17088 1.242266e-12
17089 1.242106e-12
17090 1.241947e-12
17091 1.241787e-12
17092 1.241627e-12
17093 1.241467e-12
17094 1.241308e-12
17095 1.241148e-12
17096 1.240989e-12
17097 1.240829e-12
17098 1.240669e-12
17099 1.240510e-12
17100 1.240351e-12
17101 1.240191e-12
17102 1.240032e-12
17103 1.239872e-12
17104 1.239713e-12
17105 1.239554e-12
17106 1.239394e-12
17107 1.239235e-12
17108 1.239076e-12
17109 1.238917e-12
17110 1.238757e-12
17111 1.238598e-12
17112 1.238439e-12
17113 1.238280e-12
17114 1.238121e-12
17115 1.237962e-12
17116 1.237803e-12
17117 1.237644e-12
17118 1.237485e-12
17119 1.237326e-12
17120 1.237167e-12
17121 1.237009e-12
17122 1.236850e-12
17123 1.236691e-12
17124 1.236532e-12
17125 1.236374e-12
17126 1.236215e-12
17127 1.236056e-12
17128 1.235898e-12
17129 1.235739e-12
17130 1.235580e-12
17131 1.235422e-12
17132 1.235263e-12
17133 1.235105e-12
17134 1.234946e-12
17135 1.234788e-12
17136 1.234630e-12
17137 1.234471e-12
17138 1.234313e-12
17139 1.234155e-12
17140 1.233996e-12
17141 1.233838e-12
17142 1.233680e-12
17143 1.233522e-12
17144 1.233363e-12
17145 1.233205e-12
17146 1.233047e-12
17147 1.232889e-12
17148 1.232731e-12
17149 1.232573e-12
17150 1.232415e-12
17151 1.232257e-12
17152 1.232099e-12
17153 1.231941e-12
17154 1.231783e-12
17155 1.231626e-12
17156 1.231468e-12
17157 1.231310e-12
17158 1.231152e-12
17159 1.230995e-12
17160 1.230837e-12
17161 1.230679e-12
17162 1.230522e-12
17163 1.230364e-12
17164 1.230206e-12
17165 1.230049e-12
17166 1.229891e-12
17167 1.229734e-12
17168 1.229576e-12
17169 1.229419e-12
17170 1.229262e-12
17171 1.229104e-12
17172 1.228947e-12
17173 1.228790e-12
17174 1.228632e-12
17175 1.228475e-12
17176 1.228318e-12
17177 1.228161e-12
17178 1.228003e-12
17179 1.227846e-12
17180 1.227689e-12
17181 1.227532e-12
17182 1.227375e-12
17183 1.227218e-12
17184 1.227061e-12
17185 1.226904e-12
17186 1.226747e-12
17187 1.226590e-12
17188 1.226433e-12
17189 1.226277e-12
17190 1.226120e-12
17191 1.225963e-12
17192 1.225806e-12
17193 1.225650e-12
17194 1.225493e-12
17195 1.225336e-12
17196 1.225180e-12
17197 1.225023e-12
17198 1.224866e-12
17199 1.224710e-12
17200 1.224553e-12
17201 1.224397e-12
17202 1.224240e-12
17203 1.224084e-12
17204 1.223928e-12
17205 1.223771e-12
17206 1.223615e-12
17207 1.223459e-12
17208 1.223302e-12
17209 1.223146e-12
17210 1.222990e-12
17211 1.222834e-12
17212 1.222677e-12
17213 1.222521e-12
17214 1.222365e-12
17215 1.222209e-12
17216 1.222053e-12
17217 1.221897e-12
17218 1.221741e-12
17219 1.221585e-12
17220 1.221429e-12
17221 1.221273e-12
17222 1.221117e-12
17223 1.220961e-12
17224 1.220806e-12
17225 1.220650e-12
17226 1.220494e-12
17227 1.220338e-12
17228 1.220183e-12
17229 1.220027e-12
17230 1.219871e-12
17231 1.219716e-12
17232 1.219560e-12
17233 1.219404e-12
17234 1.219249e-12
17235 1.219093e-12
17236 1.218938e-12
17237 1.218783e-12
17238 1.218627e-12
17239 1.218472e-12
17240 1.218316e-12
17241 1.218161e-12
17242 1.218006e-12
17243 1.217850e-12
17244 1.217695e-12
17245 1.217540e-12
17246 1.217385e-12
17247 1.217230e-12
17248 1.217074e-12
17249 1.216919e-12
17250 1.216764e-12
17251 1.216609e-12
17252 1.216454e-12
17253 1.216299e-12
17254 1.216144e-12
17255 1.215989e-12
17256 1.215834e-12
17257 1.215680e-12
17258 1.215525e-12
17259 1.215370e-12
17260 1.215215e-12
17261 1.215060e-12
17262 1.214906e-12
17263 1.214751e-12
17264 1.214596e-12
17265 1.214442e-12
17266 1.214287e-12
17267 1.214132e-12
17268 1.213978e-12
17269 1.213823e-12
17270 1.213669e-12
17271 1.213514e-12
17272 1.213360e-12
17273 1.213206e-12
17274 1.213051e-12
17275 1.212897e-12
17276 1.212742e-12
17277 1.212588e-12
17278 1.212434e-12
17279 1.212280e-12
17280 1.212125e-12
17281 1.211971e-12
17282 1.211817e-12
17283 1.211663e-12
17284 1.211509e-12
17285 1.211355e-12
17286 1.211201e-12
17287 1.211047e-12
17288 1.210893e-12
17289 1.210739e-12
17290 1.210585e-12
17291 1.210431e-12
17292 1.210277e-12
17293 1.210123e-12
17294 1.209969e-12
17295 1.209816e-12
17296 1.209662e-12
17297 1.209508e-12
17298 1.209354e-12
17299 1.209201e-12
17300 1.209047e-12
17301 1.208894e-12
17302 1.208740e-12
17303 1.208586e-12
17304 1.208433e-12
17305 1.208279e-12
17306 1.208126e-12
17307 1.207972e-12
17308 1.207819e-12
17309 1.207666e-12
17310 1.207512e-12
17311 1.207359e-12
17312 1.207206e-12
17313 1.207052e-12
17314 1.206899e-12
17315 1.206746e-12
17316 1.206593e-12
17317 1.206440e-12
17318 1.206286e-12
17319 1.206133e-12
17320 1.205980e-12
17321 1.205827e-12
17322 1.205674e-12
17323 1.205521e-12
17324 1.205368e-12
17325 1.205215e-12
17326 1.205062e-12
17327 1.204909e-12
17328 1.204757e-12
17329 1.204604e-12
17330 1.204451e-12
17331 1.204298e-12
17332 1.204146e-12
17333 1.203993e-12
17334 1.203840e-12
17335 1.203687e-12
17336 1.203535e-12
17337 1.203382e-12
17338 1.203230e-12
17339 1.203077e-12
17340 1.202925e-12
17341 1.202772e-12
17342 1.202620e-12
17343 1.202467e-12
17344 1.202315e-12
17345 1.202162e-12
17346 1.202010e-12
17347 1.201858e-12
17348 1.201706e-12
17349 1.201553e-12
17350 1.201401e-12
17351 1.201249e-12
17352 1.201097e-12
17353 1.200945e-12
17354 1.200792e-12
17355 1.200640e-12
17356 1.200488e-12
17357 1.200336e-12
17358 1.200184e-12
17359 1.200032e-12
17360 1.199880e-12
17361 1.199728e-12
17362 1.199576e-12
17363 1.199425e-12
17364 1.199273e-12
17365 1.199121e-12
17366 1.198969e-12
17367 1.198817e-12
17368 1.198666e-12
17369 1.198514e-12
17370 1.198362e-12
17371 1.198211e-12
17372 1.198059e-12
17373 1.197907e-12
17374 1.197756e-12
17375 1.197604e-12
17376 1.197453e-12
17377 1.197301e-12
17378 1.197150e-12
17379 1.196998e-12
17380 1.196847e-12
17381 1.196696e-12
17382 1.196544e-12
17383 1.196393e-12
17384 1.196242e-12
17385 1.196091e-12
17386 1.195939e-12
17387 1.195788e-12
17388 1.195637e-12
17389 1.195486e-12
17390 1.195335e-12
17391 1.195184e-12
17392 1.195033e-12
17393 1.194882e-12
17394 1.194730e-12
17395 1.194580e-12
17396 1.194429e-12
17397 1.194278e-12
17398 1.194127e-12
17399 1.193976e-12
17400 1.193825e-12
17401 1.193674e-12
17402 1.193523e-12
17403 1.193373e-12
17404 1.193222e-12
17405 1.193071e-12
17406 1.192921e-12
17407 1.192770e-12
17408 1.192619e-12
17409 1.192469e-12
17410 1.192318e-12
17411 1.192168e-12
17412 1.192017e-12
17413 1.191867e-12
17414 1.191716e-12
17415 1.191566e-12
17416 1.191415e-12
17417 1.191265e-12
17418 1.191115e-12
17419 1.190964e-12
17420 1.190814e-12
17421 1.190664e-12
17422 1.190514e-12
17423 1.190363e-12
17424 1.190213e-12
17425 1.190063e-12
17426 1.189913e-12
17427 1.189763e-12
17428 1.189613e-12
17429 1.189463e-12
17430 1.189313e-12
17431 1.189163e-12
17432 1.189013e-12
17433 1.188863e-12
17434 1.188713e-12
17435 1.188563e-12
17436 1.188413e-12
17437 1.188263e-12
17438 1.188114e-12
17439 1.187964e-12
17440 1.187814e-12
17441 1.187665e-12
17442 1.187515e-12
17443 1.187365e-12
17444 1.187216e-12
17445 1.187066e-12
17446 1.186916e-12
17447 1.186767e-12
17448 1.186617e-12
17449 1.186468e-12
17450 1.186318e-12
17451 1.186169e-12
17452 1.186020e-12
17453 1.185870e-12
17454 1.185721e-12
17455 1.185571e-12
17456 1.185422e-12
17457 1.185273e-12
17458 1.185124e-12
17459 1.184974e-12
17460 1.184825e-12
17461 1.184676e-12
17462 1.184527e-12
17463 1.184378e-12
17464 1.184229e-12
17465 1.184080e-12
17466 1.183931e-12
17467 1.183782e-12
17468 1.183633e-12
17469 1.183484e-12
17470 1.183335e-12
17471 1.183186e-12
17472 1.183037e-12
17473 1.182888e-12
17474 1.182740e-12
17475 1.182591e-12
17476 1.182442e-12
17477 1.182293e-12
17478 1.182145e-12
17479 1.181996e-12
17480 1.181847e-12
17481 1.181699e-12
17482 1.181550e-12
17483 1.181402e-12
17484 1.181253e-12
17485 1.181105e-12
17486 1.180956e-12
17487 1.180808e-12
17488 1.180659e-12
17489 1.180511e-12
17490 1.180362e-12
17491 1.180214e-12
17492 1.180066e-12
17493 1.179917e-12
17494 1.179769e-12
17495 1.179621e-12
17496 1.179473e-12
17497 1.179325e-12
17498 1.179176e-12
17499 1.179028e-12
17500 1.178880e-12
17501 1.178732e-12
17502 1.178584e-12
17503 1.178436e-12
17504 1.178288e-12
17505 1.178140e-12
17506 1.177992e-12
17507 1.177844e-12
17508 1.177696e-12
17509 1.177549e-12
17510 1.177401e-12
17511 1.177253e-12
17512 1.177105e-12
17513 1.176957e-12
17514 1.176810e-12
17515 1.176662e-12
17516 1.176514e-12
17517 1.176367e-12
17518 1.176219e-12
17519 1.176071e-12
17520 1.175924e-12
17521 1.175776e-12
17522 1.175629e-12
17523 1.175481e-12
17524 1.175334e-12
17525 1.175187e-12
17526 1.175039e-12
17527 1.174892e-12
17528 1.174744e-12
17529 1.174597e-12
17530 1.174450e-12
17531 1.174303e-12
17532 1.174155e-12
17533 1.174008e-12
17534 1.173861e-12
17535 1.173714e-12
17536 1.173567e-12
17537 1.173420e-12
17538 1.173272e-12
17539 1.173125e-12
17540 1.172978e-12
17541 1.172831e-12
17542 1.172684e-12
17543 1.172537e-12
17544 1.172391e-12
17545 1.172244e-12
17546 1.172097e-12
17547 1.171950e-12
17548 1.171803e-12
17549 1.171656e-12
17550 1.171510e-12
17551 1.171363e-12
17552 1.171216e-12
17553 1.171070e-12
17554 1.170923e-12
17555 1.170776e-12
17556 1.170630e-12
17557 1.170483e-12
17558 1.170337e-12
17559 1.170190e-12
17560 1.170044e-12
17561 1.169897e-12
17562 1.169751e-12
17563 1.169604e-12
17564 1.169458e-12
17565 1.169312e-12
17566 1.169165e-12
17567 1.169019e-12
17568 1.168873e-12
17569 1.168726e-12
17570 1.168580e-12
17571 1.168434e-12
17572 1.168288e-12
17573 1.168142e-12
17574 1.167996e-12
17575 1.167849e-12
17576 1.167703e-12
17577 1.167557e-12
17578 1.167411e-12
17579 1.167265e-12
17580 1.167119e-12
17581 1.166974e-12
17582 1.166828e-12
17583 1.166682e-12
17584 1.166536e-12
17585 1.166390e-12
17586 1.166244e-12
17587 1.166099e-12
17588 1.165953e-12
17589 1.165807e-12
17590 1.165661e-12
17591 1.165516e-12
17592 1.165370e-12
17593 1.165224e-12
17594 1.165079e-12
17595 1.164933e-12
17596 1.164788e-12
17597 1.164642e-12
17598 1.164497e-12
17599 1.164351e-12
17600 1.164206e-12
17601 1.164061e-12
17602 1.163915e-12
17603 1.163770e-12
17604 1.163625e-12
17605 1.163479e-12
17606 1.163334e-12
17607 1.163189e-12
17608 1.163044e-12
17609 1.162898e-12
17610 1.162753e-12
17611 1.162608e-12
17612 1.162463e-12
17613 1.162318e-12
17614 1.162173e-12
17615 1.162028e-12
17616 1.161883e-12
17617 1.161738e-12
17618 1.161593e-12
17619 1.161448e-12
17620 1.161303e-12
17621 1.161158e-12
17622 1.161013e-12
17623 1.160868e-12
17624 1.160724e-12
17625 1.160579e-12
17626 1.160434e-12
17627 1.160289e-12
17628 1.160145e-12
17629 1.160000e-12
17630 1.159855e-12
17631 1.159709e-12
17632 1.159564e-12
17633 1.159419e-12
17634 1.159273e-12
17635 1.159128e-12
17636 1.158983e-12
17637 1.158838e-12
17638 1.158693e-12
17639 1.158547e-12
17640 1.158402e-12
17641 1.158257e-12
17642 1.158112e-12
17643 1.157967e-12
17644 1.157822e-12
17645 1.157677e-12
17646 1.157532e-12
17647 1.157387e-12
17648 1.157242e-12
17649 1.157097e-12
17650 1.156952e-12
17651 1.156807e-12
17652 1.156663e-12
17653 1.156518e-12
17654 1.156373e-12
17655 1.156228e-12
17656 1.156084e-12
17657 1.155939e-12
17658 1.155794e-12
17659 1.155650e-12
17660 1.155505e-12
17661 1.155360e-12
17662 1.155216e-12
17663 1.155071e-12
17664 1.154927e-12
17665 1.154782e-12
17666 1.154638e-12
17667 1.154493e-12
17668 1.154349e-12
17669 1.154205e-12
17670 1.154060e-12
17671 1.153916e-12
17672 1.153772e-12
17673 1.153627e-12
17674 1.153483e-12
17675 1.153339e-12
17676 1.153195e-12
17677 1.153051e-12
17678 1.152906e-12
17679 1.152762e-12
17680 1.152618e-12
17681 1.152474e-12
17682 1.152330e-12
17683 1.152186e-12
17684 1.152042e-12
17685 1.151898e-12
17686 1.151754e-12
17687 1.151610e-12
17688 1.151467e-12
17689 1.151323e-12
17690 1.151179e-12
17691 1.151035e-12
17692 1.150891e-12
17693 1.150748e-12
17694 1.150604e-12
17695 1.150460e-12
17696 1.150316e-12
17697 1.150173e-12
17698 1.150029e-12
17699 1.149886e-12
17700 1.149742e-12
17701 1.149598e-12
17702 1.149455e-12
17703 1.149311e-12
17704 1.149168e-12
17705 1.149025e-12
17706 1.148881e-12
17707 1.148738e-12
17708 1.148594e-12
17709 1.148451e-12
17710 1.148308e-12
17711 1.148165e-12
17712 1.148021e-12
17713 1.147878e-12
17714 1.147735e-12
17715 1.147592e-12
17716 1.147448e-12
17717 1.147305e-12
17718 1.147162e-12
17719 1.147019e-12
17720 1.146876e-12
17721 1.146733e-12
17722 1.146590e-12
17723 1.146447e-12
17724 1.146304e-12
17725 1.146161e-12
17726 1.146018e-12
17727 1.145876e-12
17728 1.145733e-12
17729 1.145590e-12
17730 1.145447e-12
17731 1.145304e-12
17732 1.145162e-12
17733 1.145019e-12
17734 1.144876e-12
17735 1.144734e-12
17736 1.144591e-12
17737 1.144448e-12
17738 1.144306e-12
17739 1.144163e-12
17740 1.144021e-12
17741 1.143878e-12
17742 1.143736e-12
17743 1.143593e-12
17744 1.143451e-12
17745 1.143308e-12
17746 1.143166e-12
17747 1.143024e-12
17748 1.142881e-12
17749 1.142739e-12
17750 1.142597e-12
17751 1.142455e-12
17752 1.142312e-12
17753 1.142170e-12
17754 1.142028e-12
17755 1.141886e-12
17756 1.141744e-12
17757 1.141602e-12
17758 1.141460e-12
17759 1.141318e-12
17760 1.141175e-12
17761 1.141033e-12
17762 1.140892e-12
17763 1.140750e-12
17764 1.140608e-12
17765 1.140466e-12
17766 1.140324e-12
17767 1.140182e-12
17768 1.140040e-12
17769 1.139899e-12
17770 1.139757e-12
17771 1.139615e-12
17772 1.139473e-12
17773 1.139332e-12
17774 1.139190e-12
17775 1.139048e-12
17776 1.138907e-12
17777 1.138765e-12
17778 1.138624e-12
17779 1.138482e-12
17780 1.138341e-12
17781 1.138199e-12
17782 1.138058e-12
17783 1.137916e-12
17784 1.137775e-12
17785 1.137633e-12
17786 1.137492e-12
17787 1.137351e-12
17788 1.137209e-12
17789 1.137068e-12
17790 1.136927e-12
17791 1.136786e-12
17792 1.136645e-12
17793 1.136503e-12
17794 1.136362e-12
17795 1.136221e-12
17796 1.136080e-12
17797 1.135939e-12
17798 1.135798e-12
17799 1.135657e-12
17800 1.135516e-12
17801 1.135375e-12
17802 1.135234e-12
17803 1.135093e-12
17804 1.134952e-12
17805 1.134811e-12
17806 1.134670e-12
17807 1.134530e-12
17808 1.134389e-12
17809 1.134248e-12
17810 1.134107e-12
17811 1.133967e-12
17812 1.133826e-12
17813 1.133685e-12
17814 1.133545e-12
17815 1.133404e-12
17816 1.133263e-12
17817 1.133123e-12
17818 1.132982e-12
17819 1.132842e-12
17820 1.132701e-12
17821 1.132561e-12
17822 1.132420e-12
17823 1.132280e-12
17824 1.132140e-12
17825 1.131999e-12
17826 1.131859e-12
17827 1.131719e-12
17828 1.131578e-12
17829 1.131438e-12
17830 1.131298e-12
17831 1.131158e-12
17832 1.131018e-12
17833 1.130877e-12
17834 1.130737e-12
17835 1.130597e-12
17836 1.130457e-12
17837 1.130317e-12
17838 1.130177e-12
17839 1.130037e-12
17840 1.129897e-12
17841 1.129757e-12
17842 1.129617e-12
17843 1.129477e-12
17844 1.129337e-12
17845 1.129197e-12
17846 1.129058e-12
17847 1.128918e-12
17848 1.128778e-12
17849 1.128638e-12
17850 1.128499e-12
17851 1.128359e-12
17852 1.128219e-12
17853 1.128079e-12
17854 1.127940e-12
17855 1.127800e-12
17856 1.127661e-12
17857 1.127521e-12
17858 1.127382e-12
17859 1.127242e-12
17860 1.127103e-12
17861 1.126963e-12
17862 1.126824e-12
17863 1.126684e-12
17864 1.126545e-12
17865 1.126406e-12
17866 1.126266e-12
17867 1.126127e-12
17868 1.125988e-12
17869 1.125848e-12
17870 1.125709e-12
17871 1.125570e-12
17872 1.125431e-12
17873 1.125292e-12
17874 1.125153e-12
17875 1.125013e-12
17876 1.124874e-12
17877 1.124735e-12
17878 1.124596e-12
17879 1.124457e-12
17880 1.124318e-12
17881 1.124179e-12
17882 1.124040e-12
17883 1.123902e-12
17884 1.123763e-12
17885 1.123624e-12
17886 1.123485e-12
17887 1.123346e-12
17888 1.123207e-12
17889 1.123069e-12
17890 1.122930e-12
17891 1.122791e-12
17892 1.122653e-12
17893 1.122514e-12
17894 1.122375e-12
17895 1.122237e-12
17896 1.122098e-12
17897 1.121960e-12
17898 1.121821e-12
17899 1.121682e-12
17900 1.121544e-12
17901 1.121406e-12
17902 1.121267e-12
17903 1.121129e-12
17904 1.120990e-12
17905 1.120852e-12
17906 1.120714e-12
17907 1.120575e-12
17908 1.120437e-12
17909 1.120299e-12
17910 1.120161e-12
17911 1.120022e-12
17912 1.119884e-12
17913 1.119746e-12
17914 1.119608e-12
17915 1.119470e-12
17916 1.119332e-12
17917 1.119194e-12
17918 1.119056e-12
17919 1.118918e-12
17920 1.118780e-12
17921 1.118642e-12
17922 1.118504e-12
17923 1.118366e-12
17924 1.118228e-12
17925 1.118090e-12
17926 1.117952e-12
17927 1.117814e-12
17928 1.117677e-12
17929 1.117539e-12
17930 1.117401e-12
17931 1.117263e-12
17932 1.117126e-12
17933 1.116988e-12
17934 1.116850e-12
17935 1.116713e-12
17936 1.116575e-12
17937 1.116438e-12
17938 1.116300e-12
17939 1.116163e-12
17940 1.116025e-12
17941 1.115888e-12
17942 1.115750e-12
17943 1.115613e-12
17944 1.115475e-12
17945 1.115338e-12
17946 1.115201e-12
17947 1.115063e-12
17948 1.114926e-12
17949 1.114789e-12
17950 1.114652e-12
17951 1.114514e-12
17952 1.114377e-12
17953 1.114240e-12
17954 1.114103e-12
17955 1.113966e-12
17956 1.113829e-12
17957 1.113692e-12
17958 1.113554e-12
17959 1.113417e-12
17960 1.113280e-12
17961 1.113143e-12
17962 1.113007e-12
17963 1.112870e-12
17964 1.112733e-12
17965 1.112596e-12
17966 1.112459e-12
17967 1.112322e-12
17968 1.112185e-12
17969 1.112049e-12
17970 1.111912e-12
17971 1.111775e-12
17972 1.111638e-12
17973 1.111502e-12
17974 1.111365e-12
17975 1.111228e-12
17976 1.111092e-12
17977 1.110955e-12
17978 1.110819e-12
17979 1.110682e-12
17980 1.110546e-12
17981 1.110409e-12
17982 1.110273e-12
17983 1.110136e-12
17984 1.110000e-12
17985 1.109863e-12
17986 1.109727e-12
17987 1.109591e-12
17988 1.109454e-12
17989 1.109318e-12
17990 1.109182e-12
17991 1.109046e-12
17992 1.108909e-12
17993 1.108773e-12
17994 1.108637e-12
17995 1.108501e-12
17996 1.108365e-12
17997 1.108229e-12
17998 1.108093e-12
17999 1.107956e-12
18000 1.107820e-12
18001 1.107684e-12
18002 1.107548e-12
18003 1.107413e-12
18004 1.107277e-12
18005 1.107141e-12
18006 1.107005e-12
18007 1.106869e-12
18008 1.106733e-12
18009 1.106597e-12
18010 1.106462e-12
18011 1.106326e-12
18012 1.106190e-12
18013 1.106054e-12
18014 1.105919e-12
18015 1.105783e-12
18016 1.105647e-12
18017 1.105512e-12
18018 1.105376e-12
18019 1.105241e-12
18020 1.105105e-12
18021 1.104970e-12
18022 1.104834e-12
18023 1.104699e-12
18024 1.104563e-12
18025 1.104428e-12
18026 1.104292e-12
18027 1.104157e-12
18028 1.104022e-12
18029 1.103886e-12
18030 1.103751e-12
18031 1.103616e-12
18032 1.103480e-12
18033 1.103345e-12
18034 1.103210e-12
18035 1.103075e-12
18036 1.102940e-12
18037 1.102805e-12
18038 1.102669e-12
18039 1.102534e-12
18040 1.102399e-12
18041 1.102264e-12
18042 1.102129e-12
18043 1.101994e-12
18044 1.101859e-12
18045 1.101724e-12
18046 1.101589e-12
18047 1.101455e-12
18048 1.101320e-12
18049 1.101185e-12
18050 1.101050e-12
18051 1.100915e-12
18052 1.100780e-12
18053 1.100646e-12
18054 1.100511e-12
18055 1.100376e-12
18056 1.100242e-12
18057 1.100107e-12
18058 1.099972e-12
18059 1.099838e-12
18060 1.099703e-12
18061 1.099569e-12
18062 1.099434e-12
18063 1.099300e-12
18064 1.099165e-12
18065 1.099031e-12
18066 1.098896e-12
18067 1.098762e-12
18068 1.098627e-12
18069 1.098493e-12
18070 1.098359e-12
18071 1.098224e-12
18072 1.098090e-12
18073 1.097956e-12
18074 1.097821e-12
18075 1.097687e-12
18076 1.097553e-12
18077 1.097419e-12
18078 1.097285e-12
18079 1.097151e-12
18080 1.097017e-12
18081 1.096882e-12
18082 1.096748e-12
18083 1.096614e-12
18084 1.096480e-12
18085 1.096346e-12
18086 1.096212e-12
18087 1.096078e-12
18088 1.095945e-12
18089 1.095811e-12
18090 1.095677e-12
18091 1.095543e-12
18092 1.095409e-12
18093 1.095275e-12
18094 1.095142e-12
18095 1.095008e-12
18096 1.094874e-12
18097 1.094740e-12
18098 1.094607e-12
18099 1.094473e-12
18100 1.094339e-12
18101 1.094206e-12
18102 1.094072e-12
18103 1.093939e-12
18104 1.093805e-12
18105 1.093672e-12
18106 1.093538e-12
18107 1.093405e-12
18108 1.093271e-12
18109 1.093138e-12
18110 1.093004e-12
18111 1.092871e-12
18112 1.092738e-12
18113 1.092604e-12
18114 1.092471e-12
18115 1.092338e-12
18116 1.092205e-12
18117 1.092071e-12
18118 1.091938e-12
18119 1.091805e-12
18120 1.091672e-12
18121 1.091539e-12
18122 1.091406e-12
18123 1.091273e-12
18124 1.091139e-12
18125 1.091006e-12
18126 1.090873e-12
18127 1.090740e-12
18128 1.090607e-12
18129 1.090475e-12
18130 1.090342e-12
18131 1.090209e-12
18132 1.090076e-12
18133 1.089943e-12
18134 1.089810e-12
18135 1.089677e-12
18136 1.089545e-12
18137 1.089412e-12
18138 1.089279e-12
18139 1.089146e-12
18140 1.089014e-12
18141 1.088881e-12
18142 1.088748e-12
18143 1.088616e-12
18144 1.088483e-12
18145 1.088351e-12
18146 1.088218e-12
18147 1.088086e-12
18148 1.087953e-12
18149 1.087821e-12
18150 1.087688e-12
18151 1.087556e-12
18152 1.087423e-12
18153 1.087291e-12
18154 1.087159e-12
18155 1.087026e-12
18156 1.086894e-12
18157 1.086762e-12
18158 1.086629e-12
18159 1.086497e-12
18160 1.086365e-12
18161 1.086233e-12
18162 1.086101e-12
18163 1.085968e-12
18164 1.085836e-12
18165 1.085704e-12
18166 1.085572e-12
18167 1.085440e-12
18168 1.085308e-12
18169 1.085176e-12
18170 1.085044e-12
18171 1.084912e-12
18172 1.084780e-12
18173 1.084648e-12
18174 1.084516e-12
18175 1.084385e-12
18176 1.084253e-12
18177 1.084121e-12
18178 1.083989e-12
18179 1.083857e-12
18180 1.083726e-12
18181 1.083594e-12
18182 1.083462e-12
18183 1.083330e-12
18184 1.083199e-12
18185 1.083067e-12
18186 1.082936e-12
18187 1.082804e-12
18188 1.082672e-12
18189 1.082541e-12
18190 1.082409e-12
18191 1.082278e-12
18192 1.082146e-12
18193 1.082015e-12
18194 1.081883e-12
18195 1.081752e-12
18196 1.081621e-12
18197 1.081489e-12
18198 1.081358e-12
18199 1.081227e-12
18200 1.081095e-12
18201 1.080964e-12
18202 1.080833e-12
18203 1.080702e-12
18204 1.080571e-12
18205 1.080439e-12
18206 1.080308e-12
18207 1.080177e-12
18208 1.080046e-12
18209 1.079915e-12
18210 1.079784e-12
18211 1.079653e-12
18212 1.079522e-12
18213 1.079391e-12
18214 1.079260e-12
18215 1.079129e-12
18216 1.078998e-12
18217 1.078867e-12
18218 1.078736e-12
18219 1.078605e-12
18220 1.078475e-12
18221 1.078344e-12
18222 1.078213e-12
18223 1.078082e-12
18224 1.077952e-12
18225 1.077821e-12
18226 1.077690e-12
18227 1.077559e-12
18228 1.077429e-12
18229 1.077298e-12
18230 1.077168e-12
18231 1.077037e-12
18232 1.076907e-12
18233 1.076776e-12
18234 1.076645e-12
18235 1.076515e-12
18236 1.076385e-12
18237 1.076254e-12
18238 1.076124e-12
18239 1.075993e-12
18240 1.075863e-12
18241 1.075733e-12
18242 1.075602e-12
18243 1.075472e-12
18244 1.075342e-12
18245 1.075211e-12
18246 1.075081e-12
18247 1.074951e-12
18248 1.074821e-12
18249 1.074691e-12
18250 1.074561e-12
18251 1.074430e-12
18252 1.074300e-12
18253 1.074170e-12
18254 1.074040e-12
18255 1.073910e-12
18256 1.073780e-12
18257 1.073650e-12
18258 1.073520e-12
18259 1.073390e-12
18260 1.073261e-12
18261 1.073131e-12
18262 1.073001e-12
18263 1.072871e-12
18264 1.072741e-12
18265 1.072611e-12
18266 1.072482e-12
18267 1.072352e-12
18268 1.072222e-12
18269 1.072092e-12
18270 1.071963e-12
18271 1.071833e-12
18272 1.071703e-12
18273 1.071574e-12
18274 1.071444e-12
18275 1.071315e-12
18276 1.071185e-12
18277 1.071056e-12
18278 1.070926e-12
18279 1.070797e-12
18280 1.070667e-12
18281 1.070538e-12
18282 1.070408e-12
18283 1.070279e-12
18284 1.070150e-12
18285 1.070020e-12
18286 1.069891e-12
18287 1.069762e-12
18288 1.069632e-12
18289 1.069503e-12
18290 1.069374e-12
18291 1.069245e-12
18292 1.069116e-12
18293 1.068986e-12
18294 1.068857e-12
18295 1.068728e-12
18296 1.068599e-12
18297 1.068470e-12
18298 1.068341e-12
18299 1.068212e-12
18300 1.068083e-12
18301 1.067954e-12
18302 1.067825e-12
18303 1.067696e-12
18304 1.067567e-12
18305 1.067438e-12
18306 1.067309e-12
18307 1.067181e-12
18308 1.067052e-12
18309 1.066923e-12
18310 1.066794e-12
18311 1.066666e-12
18312 1.066537e-12
18313 1.066408e-12
18314 1.066279e-12
18315 1.066151e-12
18316 1.066022e-12
18317 1.065893e-12
18318 1.065765e-12
18319 1.065636e-12
18320 1.065508e-12
18321 1.065379e-12
18322 1.065251e-12
18323 1.065122e-12
18324 1.064994e-12
18325 1.064865e-12
18326 1.064737e-12
18327 1.064609e-12
18328 1.064480e-12
18329 1.064352e-12
18330 1.064224e-12
18331 1.064095e-12
18332 1.063967e-12
18333 1.063839e-12
18334 1.063711e-12
18335 1.063582e-12
18336 1.063454e-12
18337 1.063326e-12
18338 1.063198e-12
18339 1.063070e-12
18340 1.062942e-12
18341 1.062814e-12
18342 1.062685e-12
18343 1.062557e-12
18344 1.062429e-12
18345 1.062301e-12
18346 1.062174e-12
18347 1.062046e-12
18348 1.061918e-12
18349 1.061790e-12
18350 1.061662e-12
18351 1.061534e-12
18352 1.061406e-12
18353 1.061278e-12
18354 1.061151e-12
18355 1.061023e-12
18356 1.060895e-12
18357 1.060767e-12
18358 1.060640e-12
18359 1.060512e-12
18360 1.060384e-12
18361 1.060257e-12
18362 1.060129e-12
18363 1.060002e-12
18364 1.059874e-12
18365 1.059747e-12
18366 1.059619e-12
18367 1.059492e-12
18368 1.059364e-12
18369 1.059237e-12
18370 1.059109e-12
18371 1.058982e-12
18372 1.058854e-12
18373 1.058727e-12
18374 1.058600e-12
18375 1.058472e-12
18376 1.058345e-12
18377 1.058218e-12
18378 1.058091e-12
18379 1.057963e-12
18380 1.057836e-12
18381 1.057709e-12
18382 1.057582e-12
18383 1.057455e-12
18384 1.057328e-12
18385 1.057200e-12
18386 1.057073e-12
18387 1.056946e-12
18388 1.056819e-12
18389 1.056692e-12
18390 1.056565e-12
18391 1.056438e-12
18392 1.056311e-12
18393 1.056185e-12
18394 1.056058e-12
18395 1.055931e-12
18396 1.055804e-12
18397 1.055677e-12
18398 1.055550e-12
18399 1.055424e-12
18400 1.055297e-12
18401 1.055170e-12
18402 1.055043e-12
18403 1.054917e-12
18404 1.054790e-12
18405 1.054663e-12
18406 1.054537e-12
18407 1.054410e-12
18408 1.054283e-12
18409 1.054157e-12
18410 1.054030e-12
18411 1.053904e-12
18412 1.053777e-12
18413 1.053651e-12
18414 1.053524e-12
18415 1.053398e-12
18416 1.053272e-12
18417 1.053145e-12
18418 1.053019e-12
18419 1.052893e-12
18420 1.052766e-12
18421 1.052640e-12
18422 1.052514e-12
18423 1.052387e-12
18424 1.052261e-12
18425 1.052135e-12
18426 1.052009e-12
18427 1.051883e-12
18428 1.051756e-12
18429 1.051630e-12
18430 1.051504e-12
18431 1.051378e-12
18432 1.051252e-12
18433 1.051126e-12
18434 1.051000e-12
18435 1.050874e-12
18436 1.050748e-12
18437 1.050622e-12
18438 1.050496e-12
18439 1.050370e-12
18440 1.050244e-12
18441 1.050119e-12
18442 1.049993e-12
18443 1.049867e-12
18444 1.049741e-12
18445 1.049615e-12
18446 1.049490e-12
18447 1.049364e-12
18448 1.049238e-12
18449 1.049113e-12
18450 1.048987e-12
18451 1.048861e-12
18452 1.048736e-12
18453 1.048610e-12
18454 1.048484e-12
18455 1.048359e-12
18456 1.048233e-12
18457 1.048108e-12
18458 1.047982e-12
18459 1.047857e-12
18460 1.047731e-12
18461 1.047606e-12
18462 1.047481e-12
18463 1.047355e-12
18464 1.047230e-12
18465 1.047105e-12
18466 1.046979e-12
18467 1.046854e-12
18468 1.046729e-12
18469 1.046604e-12
18470 1.046478e-12
18471 1.046353e-12
18472 1.046228e-12
18473 1.046103e-12
18474 1.045978e-12
18475 1.045852e-12
18476 1.045727e-12
18477 1.045602e-12
18478 1.045477e-12
18479 1.045352e-12
18480 1.045227e-12
18481 1.045102e-12
18482 1.044977e-12
18483 1.044852e-12
18484 1.044727e-12
18485 1.044603e-12
18486 1.044478e-12
18487 1.044353e-12
18488 1.044228e-12
18489 1.044103e-12
18490 1.043978e-12
18491 1.043854e-12
18492 1.043729e-12
18493 1.043604e-12
18494 1.043479e-12
18495 1.043355e-12
18496 1.043230e-12
18497 1.043105e-12
18498 1.042981e-12
18499 1.042856e-12
18500 1.042732e-12
18501 1.042607e-12
18502 1.042483e-12
18503 1.042358e-12
18504 1.042234e-12
18505 1.042109e-12
18506 1.041985e-12
18507 1.041860e-12
18508 1.041736e-12
18509 1.041611e-12
18510 1.041487e-12
18511 1.041363e-12
18512 1.041238e-12
18513 1.041114e-12
18514 1.040990e-12
18515 1.040866e-12
18516 1.040741e-12
18517 1.040617e-12
18518 1.040493e-12
18519 1.040369e-12
18520 1.040245e-12
18521 1.040121e-12
18522 1.039997e-12
18523 1.039872e-12
18524 1.039748e-12
18525 1.039624e-12
18526 1.039500e-12
18527 1.039376e-12
18528 1.039252e-12
18529 1.039128e-12
18530 1.039005e-12
18531 1.038881e-12
18532 1.038757e-12
18533 1.038633e-12
18534 1.038509e-12
18535 1.038385e-12
18536 1.038261e-12
18537 1.038138e-12
18538 1.038014e-12
18539 1.037890e-12
18540 1.037766e-12
18541 1.037643e-12
18542 1.037519e-12
18543 1.037395e-12
18544 1.037272e-12
18545 1.037148e-12
18546 1.037025e-12
18547 1.036901e-12
18548 1.036778e-12
18549 1.036654e-12
18550 1.036530e-12
18551 1.036407e-12
18552 1.036284e-12
18553 1.036160e-12
18554 1.036037e-12
18555 1.035913e-12
18556 1.035790e-12
18557 1.035667e-12
18558 1.035543e-12
18559 1.035420e-12
18560 1.035297e-12
18561 1.035173e-12
18562 1.035050e-12
18563 1.034927e-12
18564 1.034804e-12
18565 1.034681e-12
18566 1.034557e-12
18567 1.034434e-12
18568 1.034311e-12
18569 1.034188e-12
18570 1.034065e-12
18571 1.033942e-12
18572 1.033819e-12
18573 1.033696e-12
18574 1.033573e-12
18575 1.033450e-12
18576 1.033327e-12
18577 1.033204e-12
18578 1.033081e-12
18579 1.032958e-12
18580 1.032835e-12
18581 1.032713e-12
18582 1.032590e-12
18583 1.032467e-12
18584 1.032344e-12
18585 1.032221e-12
18586 1.032099e-12
18587 1.031976e-12
18588 1.031853e-12
18589 1.031731e-12
18590 1.031608e-12
18591 1.031485e-12
18592 1.031363e-12
18593 1.031240e-12
18594 1.031118e-12
18595 1.030995e-12
18596 1.030873e-12
18597 1.030750e-12
18598 1.030628e-12
18599 1.030505e-12
18600 1.030383e-12
18601 1.030260e-12
18602 1.030138e-12
18603 1.030016e-12
18604 1.029893e-12
18605 1.029771e-12
18606 1.029649e-12
18607 1.029526e-12
18608 1.029404e-12
18609 1.029282e-12
18610 1.029160e-12
18611 1.029037e-12
18612 1.028915e-12
18613 1.028793e-12
18614 1.028671e-12
18615 1.028549e-12
18616 1.028427e-12
18617 1.028305e-12
18618 1.028182e-12
18619 1.028060e-12
18620 1.027938e-12
18621 1.027816e-12
18622 1.027694e-12
18623 1.027573e-12
18624 1.027451e-12
18625 1.027329e-12
18626 1.027207e-12
18627 1.027085e-12
18628 1.026963e-12
18629 1.026841e-12
18630 1.026719e-12
18631 1.026598e-12
18632 1.026476e-12
18633 1.026354e-12
18634 1.026232e-12
18635 1.026111e-12
18636 1.025989e-12
18637 1.025867e-12
18638 1.025746e-12
18639 1.025624e-12
18640 1.025503e-12
18641 1.025381e-12
18642 1.025259e-12
18643 1.025138e-12
18644 1.025016e-12
18645 1.024895e-12
18646 1.024773e-12
18647 1.024652e-12
18648 1.024531e-12
18649 1.024409e-12
18650 1.024288e-12
18651 1.024166e-12
18652 1.024045e-12
18653 1.023924e-12
18654 1.023802e-12
18655 1.023681e-12
18656 1.023560e-12
18657 1.023439e-12
18658 1.023317e-12
18659 1.023196e-12
18660 1.023075e-12
18661 1.022954e-12
18662 1.022833e-12
18663 1.022712e-12
18664 1.022591e-12
18665 1.022470e-12
18666 1.022348e-12
18667 1.022227e-12
18668 1.022106e-12
18669 1.021985e-12
18670 1.021864e-12
18671 1.021744e-12
18672 1.021623e-12
18673 1.021502e-12
18674 1.021381e-12
18675 1.021260e-12
18676 1.021139e-12
18677 1.021018e-12
18678 1.020897e-12
18679 1.020777e-12
18680 1.020656e-12
18681 1.020535e-12
18682 1.020414e-12
18683 1.020294e-12
18684 1.020173e-12
18685 1.020052e-12
18686 1.019932e-12
18687 1.019811e-12
18688 1.019691e-12
18689 1.019570e-12
18690 1.019449e-12
18691 1.019329e-12
18692 1.019208e-12
18693 1.019088e-12
18694 1.018967e-12
18695 1.018847e-12
18696 1.018727e-12
18697 1.018606e-12
18698 1.018486e-12
18699 1.018365e-12
18700 1.018245e-12
18701 1.018125e-12
18702 1.018004e-12
18703 1.017884e-12
18704 1.017764e-12
18705 1.017644e-12
18706 1.017523e-12
18707 1.017403e-12
18708 1.017283e-12
18709 1.017163e-12
18710 1.017043e-12
18711 1.016923e-12
18712 1.016803e-12
18713 1.016682e-12
18714 1.016562e-12
18715 1.016442e-12
18716 1.016322e-12
18717 1.016202e-12
18718 1.016082e-12
18719 1.015962e-12
18720 1.015842e-12
18721 1.015723e-12
18722 1.015603e-12
18723 1.015483e-12
18724 1.015363e-12
18725 1.015243e-12
18726 1.015123e-12
18727 1.015004e-12
18728 1.014884e-12
18729 1.014764e-12
18730 1.014644e-12
18731 1.014525e-12
18732 1.014405e-12
18733 1.014285e-12
18734 1.014166e-12
18735 1.014046e-12
18736 1.013926e-12
18737 1.013807e-12
18738 1.013687e-12
18739 1.013568e-12
18740 1.013448e-12
18741 1.013329e-12
18742 1.013209e-12
18743 1.013090e-12
18744 1.012970e-12
18745 1.012851e-12
18746 1.012731e-12
18747 1.012612e-12
18748 1.012493e-12
18749 1.012373e-12
18750 1.012254e-12
18751 1.012135e-12
18752 1.012015e-12
18753 1.011896e-12
18754 1.011777e-12
18755 1.011658e-12
18756 1.011539e-12
18757 1.011419e-12
18758 1.011300e-12
18759 1.011181e-12
18760 1.011062e-12
18761 1.010943e-12
18762 1.010824e-12
18763 1.010705e-12
18764 1.010586e-12
18765 1.010467e-12
18766 1.010348e-12
18767 1.010229e-12
18768 1.010110e-12
18769 1.009991e-12
18770 1.009872e-12
18771 1.009753e-12
18772 1.009634e-12
18773 1.009515e-12
18774 1.009396e-12
18775 1.009278e-12
18776 1.009159e-12
18777 1.009040e-12
18778 1.008921e-12
18779 1.008803e-12
18780 1.008684e-12
18781 1.008565e-12
18782 1.008447e-12
18783 1.008328e-12
18784 1.008209e-12
18785 1.008091e-12
18786 1.007972e-12
18787 1.007854e-12
18788 1.007735e-12
18789 1.007616e-12
18790 1.007498e-12
18791 1.007379e-12
18792 1.007261e-12
18793 1.007143e-12
18794 1.007024e-12
18795 1.006906e-12
18796 1.006787e-12
18797 1.006669e-12
18798 1.006551e-12
18799 1.006432e-12
18800 1.006314e-12
18801 1.006196e-12
18802 1.006077e-12
18803 1.005959e-12
18804 1.005841e-12
18805 1.005723e-12
18806 1.005605e-12
18807 1.005486e-12
18808 1.005368e-12
18809 1.005250e-12
18810 1.005132e-12
18811 1.005014e-12
18812 1.004896e-12
18813 1.004778e-12
18814 1.004660e-12
18815 1.004542e-12
18816 1.004424e-12
18817 1.004306e-12
18818 1.004188e-12
18819 1.004070e-12
18820 1.003952e-12
18821 1.003834e-12
18822 1.003716e-12
18823 1.003599e-12
18824 1.003481e-12
18825 1.003363e-12
18826 1.003245e-12
18827 1.003127e-12
18828 1.003010e-12
18829 1.002892e-12
18830 1.002774e-12
18831 1.002657e-12
18832 1.002539e-12
18833 1.002421e-12
18834 1.002304e-12
18835 1.002186e-12
18836 1.002068e-12
18837 1.001951e-12
18838 1.001833e-12
18839 1.001716e-12
18840 1.001598e-12
18841 1.001481e-12
18842 1.001363e-12
18843 1.001246e-12
18844 1.001129e-12
18845 1.001011e-12
18846 1.000894e-12
18847 1.000776e-12
18848 1.000659e-12
18849 1.000542e-12
18850 1.000424e-12
18851 1.000307e-12
18852 1.000190e-12
18853 1.000073e-12
18854 9.999555e-13
18855 9.998383e-13
18856 9.997211e-13
18857 9.996040e-13
18858 9.994868e-13
18859 9.993697e-13
18860 9.992526e-13
18861 9.991355e-13
18862 9.990185e-13
18863 9.989014e-13
18864 9.987844e-13
18865 9.986674e-13
18866 9.985504e-13
18867 9.984335e-13
18868 9.983165e-13
18869 9.981996e-13
18870 9.980827e-13
18871 9.979658e-13
18872 9.978490e-13
18873 9.977321e-13
18874 9.976153e-13
18875 9.974985e-13
18876 9.973817e-13
18877 9.972650e-13
18878 9.971482e-13
18879 9.970315e-13
18880 9.969148e-13
18881 9.967981e-13
18882 9.966814e-13
18883 9.965648e-13
18884 9.964482e-13
18885 9.963316e-13
18886 9.962150e-13
18887 9.960984e-13
18888 9.959819e-13
18889 9.958654e-13
18890 9.957489e-13
18891 9.956324e-13
18892 9.955159e-13
18893 9.953995e-13
18894 9.952830e-13
18895 9.951666e-13
18896 9.950503e-13
18897 9.949336e-13
18898 9.948167e-13
18899 9.946998e-13
18900 9.945829e-13
18901 9.944660e-13
18902 9.943492e-13
18903 9.942323e-13
18904 9.941155e-13
18905 9.939987e-13
18906 9.938820e-13
18907 9.937652e-13
18908 9.936485e-13
18909 9.935318e-13
18910 9.934151e-13
18911 9.932984e-13
18912 9.931818e-13
18913 9.930651e-13
18914 9.929485e-13
18915 9.928319e-13
18916 9.927154e-13
18917 9.925988e-13
18918 9.924823e-13
18919 9.923658e-13
18920 9.922493e-13
18921 9.921328e-13
18922 9.920163e-13
18923 9.918999e-13
18924 9.917835e-13
18925 9.916671e-13
18926 9.915507e-13
18927 9.914344e-13
18928 9.913180e-13
18929 9.912017e-13
18930 9.910854e-13
18931 9.909692e-13
18932 9.908529e-13
18933 9.907367e-13
18934 9.906205e-13
18935 9.905043e-13
18936 9.903881e-13
18937 9.902719e-13
18938 9.901558e-13
18939 9.900397e-13
18940 9.899236e-13
18941 9.898075e-13
18942 9.896914e-13
18943 9.895754e-13
18944 9.894594e-13
18945 9.893434e-13
18946 9.892274e-13
18947 9.891115e-13
18948 9.889955e-13
18949 9.888796e-13
18950 9.887637e-13
18951 9.886478e-13
18952 9.885320e-13
18953 9.884161e-13
18954 9.883003e-13
18955 9.881845e-13
18956 9.880687e-13
18957 9.879530e-13
18958 9.878372e-13
18959 9.877215e-13
18960 9.876058e-13
18961 9.874901e-13
18962 9.873744e-13
18963 9.872588e-13
18964 9.871432e-13
18965 9.870276e-13
18966 9.869120e-13
18967 9.867964e-13
18968 9.866809e-13
18969 9.865654e-13
18970 9.864498e-13
18971 9.863344e-13
18972 9.862189e-13
18973 9.861034e-13
18974 9.859880e-13
18975 9.858726e-13
18976 9.857572e-13
18977 9.856419e-13
18978 9.855265e-13
18979 9.854112e-13
18980 9.852959e-13
18981 9.851806e-13
18982 9.850653e-13
18983 9.849501e-13
18984 9.848348e-13
18985 9.847196e-13
18986 9.846044e-13
18987 9.844892e-13
18988 9.843741e-13
18989 9.842590e-13
18990 9.841438e-13
18991 9.840287e-13
18992 9.839137e-13
18993 9.837986e-13
18994 9.836836e-13
18995 9.835686e-13
18996 9.834536e-13
18997 9.833386e-13
18998 9.832236e-13
18999 9.831087e-13
19000 9.829938e-13
19001 9.828789e-13
19002 9.827640e-13
19003 9.826491e-13
19004 9.825343e-13
19005 9.824195e-13
19006 9.823047e-13
19007 9.821899e-13
19008 9.820751e-13
19009 9.819604e-13
19010 9.818456e-13
19011 9.817309e-13
19012 9.816162e-13
19013 9.815016e-13
19014 9.813869e-13
19015 9.812723e-13
19016 9.811577e-13
19017 9.810431e-13
19018 9.809285e-13
19019 9.808140e-13
19020 9.806995e-13
19021 9.805849e-13
19022 9.804705e-13
19023 9.803560e-13
19024 9.802415e-13
19025 9.801271e-13
19026 9.800127e-13
19027 9.798983e-13
19028 9.797839e-13
19029 9.796696e-13
19030 9.795552e-13
19031 9.794409e-13
19032 9.793266e-13
19033 9.792123e-13
19034 9.790981e-13
19035 9.789838e-13
19036 9.788696e-13
19037 9.787554e-13
19038 9.786412e-13
19039 9.785271e-13
19040 9.784129e-13
19041 9.782988e-13
19042 9.781847e-13
19043 9.780706e-13
19044 9.779565e-13
19045 9.778425e-13
19046 9.777285e-13
19047 9.776144e-13
19048 9.775005e-13
19049 9.773865e-13
19050 9.772725e-13
19051 9.771586e-13
19052 9.770447e-13
19053 9.769308e-13
19054 9.768169e-13
19055 9.767031e-13
19056 9.765892e-13
19057 9.764754e-13
19058 9.763616e-13
19059 9.762478e-13
19060 9.761341e-13
19061 9.760203e-13
19062 9.759066e-13
19063 9.757929e-13
19064 9.756792e-13
19065 9.755656e-13
19066 9.754519e-13
19067 9.753383e-13
19068 9.752247e-13
19069 9.751111e-13
19070 9.749976e-13
19071 9.748840e-13
19072 9.747705e-13
19073 9.746570e-13
19074 9.745435e-13
19075 9.744300e-13
19076 9.743166e-13
19077 9.742031e-13
19078 9.740897e-13
19079 9.739763e-13
19080 9.738629e-13
19081 9.737496e-13
19082 9.736363e-13
19083 9.735229e-13
19084 9.734096e-13
19085 9.732964e-13
19086 9.731831e-13
19087 9.730699e-13
19088 9.729566e-13
19089 9.728434e-13
19090 9.727303e-13
19091 9.726171e-13
19092 9.725039e-13
19093 9.723908e-13
19094 9.722777e-13
19095 9.721646e-13
19096 9.720516e-13
19097 9.719385e-13
19098 9.718255e-13
19099 9.717125e-13
19100 9.715995e-13
19101 9.714865e-13
19102 9.713735e-13
19103 9.712606e-13
19104 9.711477e-13
19105 9.710348e-13
19106 9.709219e-13
19107 9.708090e-13
19108 9.706962e-13
19109 9.705834e-13
19110 9.704706e-13
19111 9.703578e-13
19112 9.702450e-13
19113 9.701323e-13
19114 9.700196e-13
19115 9.699069e-13
19116 9.697942e-13
19117 9.696815e-13
19118 9.695688e-13
19119 9.694562e-13
19120 9.693436e-13
19121 9.692310e-13
19122 9.691184e-13
19123 9.690059e-13
19124 9.688933e-13
19125 9.687808e-13
19126 9.686683e-13
19127 9.685558e-13
19128 9.684434e-13
19129 9.683309e-13
19130 9.682185e-13
19131 9.681061e-13
19132 9.679937e-13
19133 9.678814e-13
19134 9.677690e-13
19135 9.676567e-13
19136 9.675444e-13
19137 9.674321e-13
19138 9.673198e-13
19139 9.672076e-13
19140 9.670953e-13
19141 9.669831e-13
19142 9.668709e-13
19143 9.667587e-13
19144 9.666466e-13
19145 9.665344e-13
19146 9.664223e-13
19147 9.663102e-13
19148 9.661981e-13
19149 9.660861e-13
19150 9.659740e-13
19151 9.658620e-13
19152 9.657500e-13
19153 9.656380e-13
19154 9.655260e-13
19155 9.654141e-13
19156 9.653022e-13
19157 9.651902e-13
19158 9.650783e-13
19159 9.649665e-13
19160 9.648546e-13
19161 9.647428e-13
19162 9.646310e-13
19163 9.645192e-13
19164 9.644074e-13
19165 9.642956e-13
19166 9.641839e-13
19167 9.640721e-13
19168 9.639604e-13
19169 9.638487e-13
19170 9.637371e-13
19171 9.636254e-13
19172 9.635138e-13
19173 9.634022e-13
19174 9.632906e-13
19175 9.631790e-13
19176 9.630675e-13
19177 9.629559e-13
19178 9.628444e-13
19179 9.627329e-13
19180 9.626214e-13
19181 9.625100e-13
19182 9.623985e-13
19183 9.622871e-13
19184 9.621757e-13
19185 9.620643e-13
19186 9.619529e-13
19187 9.618416e-13
19188 9.617302e-13
19189 9.616189e-13
19190 9.615076e-13
19191 9.613964e-13
19192 9.612851e-13
19193 9.611739e-13
19194 9.610626e-13
19195 9.609514e-13
19196 9.608403e-13
19197 9.607291e-13
19198 9.606179e-13
19199 9.605068e-13
19200 9.603957e-13
19201 9.602846e-13
19202 9.601735e-13
19203 9.600625e-13
19204 9.599515e-13
19205 9.598404e-13
19206 9.597295e-13
19207 9.596185e-13
19208 9.595075e-13
19209 9.593966e-13
19210 9.592857e-13
19211 9.591748e-13
19212 9.590639e-13
19213 9.589530e-13
19214 9.588422e-13
19215 9.587313e-13
19216 9.586205e-13
19217 9.585097e-13
19218 9.583989e-13
19219 9.582882e-13
19220 9.581775e-13
19221 9.580667e-13
19222 9.579560e-13
19223 9.578454e-13
19224 9.577347e-13
19225 9.576241e-13
19226 9.575134e-13
19227 9.574028e-13
19228 9.572922e-13
19229 9.571817e-13
19230 9.570711e-13
19231 9.569606e-13
19232 9.568501e-13
19233 9.567396e-13
19234 9.566291e-13
19235 9.565186e-13
19236 9.564082e-13
19237 9.562978e-13
19238 9.561874e-13
19239 9.560770e-13
19240 9.559666e-13
19241 9.558563e-13
19242 9.557460e-13
19243 9.556356e-13
19244 9.555253e-13
19245 9.554151e-13
19246 9.553048e-13
19247 9.551946e-13
19248 9.550844e-13
19249 9.549742e-13
19250 9.548640e-13
19251 9.547538e-13
19252 9.546437e-13
19253 9.545336e-13
19254 9.544234e-13
19255 9.543134e-13
19256 9.542033e-13
19257 9.540932e-13
19258 9.539832e-13
19259 9.538732e-13
19260 9.537632e-13
19261 9.536532e-13
19262 9.535432e-13
19263 9.534333e-13
19264 9.533234e-13
19265 9.532135e-13
19266 9.531036e-13
19267 9.529937e-13
19268 9.528839e-13
19269 9.527740e-13
19270 9.526642e-13
19271 9.525544e-13
19272 9.524447e-13
19273 9.523349e-13
19274 9.522252e-13
19275 9.521154e-13
19276 9.520057e-13
19277 9.518960e-13
19278 9.517864e-13
19279 9.516767e-13
19280 9.515671e-13
19281 9.514575e-13
19282 9.513479e-13
19283 9.512383e-13
19284 9.511288e-13
19285 9.510192e-13
19286 9.509097e-13
19287 9.508002e-13
19288 9.506907e-13
19289 9.505813e-13
19290 9.504718e-13
19291 9.503624e-13
19292 9.502530e-13
19293 9.501436e-13
19294 9.500342e-13
19295 9.499249e-13
19296 9.498155e-13
19297 9.497062e-13
19298 9.495969e-13
19299 9.494876e-13
19300 9.493783e-13
19301 9.492691e-13
19302 9.491599e-13
19303 9.490507e-13
19304 9.489415e-13
19305 9.488323e-13
19306 9.487231e-13
19307 9.486140e-13
19308 9.485049e-13
19309 9.483958e-13
19310 9.482867e-13
19311 9.481776e-13
19312 9.480686e-13
19313 9.479596e-13
19314 9.478506e-13
19315 9.477416e-13
19316 9.476326e-13
19317 9.475236e-13
19318 9.474147e-13
19319 9.473058e-13
19320 9.471969e-13
19321 9.470880e-13
19322 9.469791e-13
19323 9.468703e-13
19324 9.467615e-13
19325 9.466527e-13
19326 9.465439e-13
19327 9.464351e-13
19328 9.463263e-13
19329 9.462176e-13
19330 9.461089e-13
19331 9.460002e-13
19332 9.458915e-13
19333 9.457828e-13
19334 9.456742e-13
19335 9.455656e-13
19336 9.454569e-13
19337 9.453484e-13
19338 9.452398e-13
19339 9.451312e-13
19340 9.450227e-13
19341 9.449142e-13
19342 9.448057e-13
19343 9.446972e-13
19344 9.445887e-13
19345 9.444803e-13
19346 9.443718e-13
19347 9.442634e-13
19348 9.441550e-13
19349 9.440467e-13
19350 9.439383e-13
19351 9.438300e-13
19352 9.437216e-13
19353 9.436133e-13
19354 9.435050e-13
19355 9.433968e-13
19356 9.432885e-13
19357 9.431803e-13
19358 9.430721e-13
19359 9.429639e-13
19360 9.428557e-13
19361 9.427476e-13
19362 9.426394e-13
19363 9.425313e-13
19364 9.424232e-13
19365 9.423151e-13
19366 9.422070e-13
19367 9.420990e-13
19368 9.419909e-13
19369 9.418829e-13
19370 9.417749e-13
19371 9.416669e-13
19372 9.415590e-13
19373 9.414510e-13
19374 9.413431e-13
19375 9.412352e-13
19376 9.411273e-13
19377 9.410194e-13
19378 9.409116e-13
19379 9.408038e-13
19380 9.406959e-13
19381 9.405881e-13
19382 9.404804e-13
19383 9.403726e-13
19384 9.402648e-13
19385 9.401571e-13
19386 9.400494e-13
19387 9.399417e-13
19388 9.398340e-13
19389 9.397264e-13
19390 9.396187e-13
19391 9.395111e-13
19392 9.394035e-13
19393 9.392959e-13
19394 9.391884e-13
19395 9.390808e-13
19396 9.389733e-13
19397 9.388658e-13
19398 9.387583e-13
19399 9.386508e-13
19400 9.385433e-13
19401 9.384359e-13
19402 9.383285e-13
19403 9.382211e-13
19404 9.381137e-13
19405 9.380063e-13
19406 9.378989e-13
19407 9.377916e-13
19408 9.376843e-13
19409 9.375770e-13
19410 9.374697e-13
19411 9.373624e-13
19412 9.372552e-13
19413 9.371480e-13
19414 9.370408e-13
19415 9.369336e-13
19416 9.368264e-13
19417 9.367192e-13
19418 9.366121e-13
19419 9.365050e-13
19420 9.363979e-13
19421 9.362908e-13
19422 9.361837e-13
19423 9.360767e-13
19424 9.359696e-13
19425 9.358626e-13
19426 9.357556e-13
19427 9.356486e-13
19428 9.355417e-13
19429 9.354347e-13
19430 9.353278e-13
19431 9.352209e-13
19432 9.351140e-13
19433 9.350071e-13
19434 9.349003e-13
19435 9.347934e-13
19436 9.346866e-13
19437 9.345798e-13
19438 9.344730e-13
19439 9.343663e-13
19440 9.342595e-13
19441 9.341528e-13
19442 9.340461e-13
19443 9.339394e-13
19444 9.338327e-13
19445 9.337260e-13
19446 9.336194e-13
19447 9.335127e-13
19448 9.334061e-13
19449 9.332996e-13
19450 9.331930e-13
19451 9.330864e-13
19452 9.329799e-13
19453 9.328734e-13
19454 9.327669e-13
19455 9.326604e-13
19456 9.325539e-13
19457 9.324475e-13
19458 9.323410e-13
19459 9.322346e-13
19460 9.321282e-13
19461 9.320218e-13
19462 9.319155e-13
19463 9.318091e-13
19464 9.317028e-13
19465 9.315965e-13
19466 9.314902e-13
19467 9.313839e-13
19468 9.312777e-13
19469 9.311714e-13
19470 9.310652e-13
19471 9.309590e-13
19472 9.308528e-13
19473 9.307467e-13
19474 9.306405e-13
19475 9.305344e-13
19476 9.304283e-13
19477 9.303222e-13
19478 9.302161e-13
19479 9.301100e-13
19480 9.300040e-13
19481 9.298979e-13
19482 9.297919e-13
19483 9.296859e-13
19484 9.295800e-13
19485 9.294740e-13
19486 9.293681e-13
19487 9.292621e-13
19488 9.291562e-13
19489 9.290503e-13
19490 9.289445e-13
19491 9.288386e-13
19492 9.287328e-13
19493 9.286270e-13
19494 9.285212e-13
19495 9.284154e-13
19496 9.283096e-13
19497 9.282039e-13
19498 9.280981e-13
19499 9.279924e-13
19500 9.278867e-13
19501 9.277811e-13
19502 9.276754e-13
19503 9.275698e-13
19504 9.274641e-13
19505 9.273585e-13
19506 9.272529e-13
19507 9.271474e-13
19508 9.270418e-13
19509 9.269363e-13
19510 9.268307e-13
19511 9.267252e-13
19512 9.266198e-13
19513 9.265143e-13
19514 9.264088e-13
19515 9.263034e-13
19516 9.261980e-13
19517 9.260926e-13
19518 9.259872e-13
19519 9.258818e-13
19520 9.257765e-13
19521 9.256712e-13
19522 9.255658e-13
19523 9.254606e-13
19524 9.253553e-13
19525 9.252500e-13
19526 9.251448e-13
19527 9.250395e-13
19528 9.249343e-13
19529 9.248291e-13
19530 9.247240e-13
19531 9.246188e-13
19532 9.245137e-13
19533 9.244086e-13
19534 9.243035e-13
19535 9.241984e-13
19536 9.240933e-13
19537 9.239882e-13
19538 9.238832e-13
19539 9.237782e-13
19540 9.236732e-13
19541 9.235682e-13
19542 9.234632e-13
19543 9.233583e-13
19544 9.232534e-13
19545 9.231485e-13
19546 9.230436e-13
19547 9.229387e-13
19548 9.228338e-13
19549 9.227290e-13
19550 9.226241e-13
19551 9.225193e-13
19552 9.224145e-13
19553 9.223098e-13
19554 9.222050e-13
19555 9.221003e-13
19556 9.219955e-13
19557 9.218908e-13
19558 9.217861e-13
19559 9.216815e-13
19560 9.215768e-13
19561 9.214722e-13
19562 9.213676e-13
19563 9.212630e-13
19564 9.211584e-13
19565 9.210538e-13
19566 9.209493e-13
19567 9.208447e-13
19568 9.207402e-13
19569 9.206357e-13
19570 9.205312e-13
19571 9.204268e-13
19572 9.203223e-13
19573 9.202179e-13
19574 9.201135e-13
19575 9.200091e-13
19576 9.199047e-13
19577 9.198003e-13
19578 9.196960e-13
19579 9.195917e-13
19580 9.194873e-13
19581 9.193830e-13
19582 9.192788e-13
19583 9.191745e-13
19584 9.190703e-13
19585 9.189660e-13
19586 9.188618e-13
19587 9.187576e-13
19588 9.186535e-13
19589 9.185493e-13
19590 9.184452e-13
19591 9.183411e-13
19592 9.182369e-13
19593 9.181329e-13
19594 9.180288e-13
19595 9.179247e-13
19596 9.178207e-13
19597 9.177167e-13
19598 9.176127e-13
19599 9.175087e-13
19600 9.174047e-13
19601 9.173008e-13
19602 9.171968e-13
19603 9.170929e-13
19604 9.169890e-13
19605 9.168851e-13
19606 9.167813e-13
19607 9.166774e-13
19608 9.165736e-13
19609 9.164698e-13
19610 9.163660e-13
19611 9.162622e-13
19612 9.161584e-13
19613 9.160547e-13
19614 9.159510e-13
19615 9.158472e-13
19616 9.157436e-13
19617 9.156399e-13
19618 9.155362e-13
19619 9.154326e-13
19620 9.153289e-13
19621 9.152253e-13
19622 9.151217e-13
19623 9.150182e-13
19624 9.149146e-13
19625 9.148111e-13
19626 9.147075e-13
19627 9.146040e-13
19628 9.145005e-13
19629 9.143971e-13
19630 9.142936e-13
19631 9.141902e-13
19632 9.140867e-13
19633 9.139833e-13
19634 9.138799e-13
19635 9.137766e-13
19636 9.136732e-13
19637 9.135699e-13
19638 9.134666e-13
19639 9.133633e-13
19640 9.132600e-13
19641 9.131567e-13
19642 9.130534e-13
19643 9.129502e-13
19644 9.128470e-13
19645 9.127438e-13
19646 9.126406e-13
19647 9.125374e-13
19648 9.124343e-13
19649 9.123311e-13
19650 9.122280e-13
19651 9.121249e-13
19652 9.120218e-13
19653 9.119188e-13
19654 9.118157e-13
19655 9.117127e-13
19656 9.116097e-13
19657 9.115067e-13
19658 9.114037e-13
19659 9.113007e-13
19660 9.111978e-13
19661 9.110948e-13
19662 9.109919e-13
19663 9.108890e-13
19664 9.107861e-13
19665 9.106833e-13
19666 9.105804e-13
19667 9.104776e-13
19668 9.103748e-13
19669 9.102720e-13
19670 9.101692e-13
19671 9.100664e-13
19672 9.099637e-13
19673 9.098610e-13
19674 9.097582e-13
19675 9.096555e-13
19676 9.095529e-13
19677 9.094502e-13
19678 9.093475e-13
19679 9.092449e-13
19680 9.091423e-13
19681 9.090397e-13
19682 9.089371e-13
19683 9.088346e-13
19684 9.087320e-13
19685 9.086295e-13
19686 9.085270e-13
19687 9.084245e-13
19688 9.083220e-13
19689 9.082195e-13
19690 9.081171e-13
19691 9.080147e-13
19692 9.079123e-13
19693 9.078099e-13
19694 9.077075e-13
19695 9.076051e-13
19696 9.075028e-13
19697 9.074005e-13
19698 9.072981e-13
19699 9.071958e-13
19700 9.070936e-13
19701 9.069913e-13
19702 9.068891e-13
19703 9.067868e-13
19704 9.066846e-13
19705 9.065824e-13
19706 9.064803e-13
19707 9.063781e-13
19708 9.062759e-13
19709 9.061738e-13
19710 9.060717e-13
19711 9.059696e-13
19712 9.058675e-13
19713 9.057655e-13
19714 9.056634e-13
19715 9.055614e-13
19716 9.054594e-13
19717 9.053574e-13
19718 9.052554e-13
19719 9.051535e-13
19720 9.050515e-13
19721 9.049496e-13
19722 9.048477e-13
19723 9.047458e-13
19724 9.046439e-13
19725 9.045420e-13
19726 9.044402e-13
19727 9.043384e-13
19728 9.042366e-13
19729 9.041348e-13
19730 9.040330e-13
19731 9.039312e-13
19732 9.038295e-13
19733 9.037278e-13
19734 9.036260e-13
19735 9.035244e-13
19736 9.034227e-13
19737 9.033210e-13
19738 9.032194e-13
19739 9.031177e-13
19740 9.030161e-13
19741 9.029145e-13
19742 9.028130e-13
19743 9.027114e-13
19744 9.026098e-13
19745 9.025083e-13
19746 9.024068e-13
19747 9.023053e-13
19748 9.022038e-13
19749 9.021024e-13
19750 9.020009e-13
19751 9.018995e-13
19752 9.017981e-13
19753 9.016967e-13
19754 9.015953e-13
19755 9.014939e-13
19756 9.013926e-13
19757 9.012913e-13
19758 9.011899e-13
19759 9.010886e-13
19760 9.009874e-13
19761 9.008861e-13
19762 9.007849e-13
19763 9.006836e-13
19764 9.005824e-13
19765 9.004812e-13
19766 9.003800e-13
19767 9.002789e-13
19768 9.001777e-13
19769 9.000766e-13
19770 8.999755e-13
19771 8.998744e-13
19772 8.997733e-13
19773 8.996722e-13
19774 8.995712e-13
19775 8.994701e-13
19776 8.993691e-13
19777 8.992681e-13
19778 8.991671e-13
19779 8.990662e-13
19780 8.989652e-13
19781 8.988643e-13
19782 8.987634e-13
19783 8.986625e-13
19784 8.985616e-13
19785 8.984607e-13
19786 8.983599e-13
19787 8.982590e-13
19788 8.981582e-13
19789 8.980574e-13
19790 8.979566e-13
19791 8.978558e-13
19792 8.977551e-13
19793 8.976543e-13
19794 8.975536e-13
19795 8.974529e-13
19796 8.973522e-13
19797 8.972516e-13
19798 8.971509e-13
19799 8.970503e-13
19800 8.969496e-13
19801 8.968490e-13
19802 8.967484e-13
19803 8.966479e-13
19804 8.965473e-13
19805 8.964468e-13
19806 8.963462e-13
19807 8.962457e-13
19808 8.961452e-13
19809 8.960448e-13
19810 8.959443e-13
19811 8.958439e-13
19812 8.957434e-13
19813 8.956430e-13
19814 8.955426e-13
19815 8.954422e-13
19816 8.953419e-13
19817 8.952415e-13
19818 8.951412e-13
19819 8.950409e-13
19820 8.949406e-13
19821 8.948403e-13
19822 8.947401e-13
19823 8.946398e-13
19824 8.945396e-13
19825 8.944394e-13
19826 8.943392e-13
19827 8.942390e-13
19828 8.941388e-13
19829 8.940387e-13
19830 8.939385e-13
19831 8.938384e-13
19832 8.937383e-13
19833 8.936382e-13
19834 8.935382e-13
19835 8.934381e-13
19836 8.933381e-13
19837 8.932381e-13
19838 8.931380e-13
19839 8.930381e-13
19840 8.929381e-13
19841 8.928381e-13
19842 8.927382e-13
19843 8.926383e-13
19844 8.925384e-13
19845 8.924385e-13
19846 8.923386e-13
19847 8.922387e-13
19848 8.921389e-13
19849 8.920391e-13
19850 8.919393e-13
19851 8.918395e-13
19852 8.917397e-13
19853 8.916399e-13
19854 8.915402e-13
19855 8.914405e-13
19856 8.913408e-13
19857 8.912411e-13
19858 8.911414e-13
19859 8.910417e-13
19860 8.909421e-13
19861 8.908424e-13
19862 8.907428e-13
19863 8.906432e-13
19864 8.905436e-13
19865 8.904441e-13
19866 8.903445e-13
19867 8.902450e-13
19868 8.901455e-13
19869 8.900460e-13
19870 8.899465e-13
19871 8.898470e-13
19872 8.897476e-13
19873 8.896481e-13
19874 8.895487e-13
19875 8.894493e-13
19876 8.893499e-13
19877 8.892505e-13
19878 8.891512e-13
19879 8.890518e-13
19880 8.889525e-13
19881 8.888532e-13
19882 8.887539e-13
19883 8.886546e-13
19884 8.885554e-13
19885 8.884561e-13
19886 8.883569e-13
19887 8.882577e-13
19888 8.881585e-13
19889 8.880593e-13
19890 8.879601e-13
19891 8.878610e-13
19892 8.877619e-13
19893 8.876628e-13
19894 8.875637e-13
19895 8.874646e-13
19896 8.873655e-13
19897 8.872664e-13
19898 8.871674e-13
19899 8.870684e-13
19900 8.869694e-13
19901 8.868704e-13
19902 8.867714e-13
19903 8.866725e-13
19904 8.865735e-13
19905 8.864746e-13
19906 8.863757e-13
19907 8.862768e-13
19908 8.861779e-13
19909 8.860791e-13
19910 8.859802e-13
19911 8.858814e-13
19912 8.857826e-13
19913 8.856838e-13
19914 8.855850e-13
19915 8.854863e-13
19916 8.853875e-13
19917 8.852888e-13
19918 8.851901e-13
19919 8.850914e-13
19920 8.849927e-13
19921 8.848940e-13
19922 8.847954e-13
19923 8.846967e-13
19924 8.845981e-13
19925 8.844995e-13
19926 8.844009e-13
19927 8.843023e-13
19928 8.842038e-13
19929 8.841052e-13
19930 8.840067e-13
19931 8.839082e-13
19932 8.838097e-13
19933 8.837112e-13
19934 8.836128e-13
19935 8.835143e-13
19936 8.834159e-13
19937 8.833175e-13
19938 8.832191e-13
19939 8.831207e-13
19940 8.830223e-13
19941 8.829240e-13
19942 8.828257e-13
19943 8.827273e-13
19944 8.826290e-13
19945 8.825308e-13
19946 8.824325e-13
19947 8.823342e-13
19948 8.822360e-13
19949 8.821378e-13
19950 8.820396e-13
19951 8.819414e-13
19952 8.818432e-13
19953 8.817450e-13
19954 8.816469e-13
19955 8.815488e-13
19956 8.814507e-13
19957 8.813526e-13
19958 8.812545e-13
19959 8.811564e-13
19960 8.810584e-13
19961 8.809603e-13
19962 8.808623e-13
19963 8.807643e-13
19964 8.806663e-13
19965 8.805684e-13
19966 8.804704e-13
19967 8.803725e-13
19968 8.802746e-13
19969 8.801767e-13
19970 8.800788e-13
19971 8.799809e-13
19972 8.798830e-13
19973 8.797852e-13
19974 8.796874e-13
19975 8.795895e-13
19976 8.794918e-13
19977 8.793940e-13
19978 8.792962e-13
19979 8.791985e-13
19980 8.791007e-13
19981 8.790030e-13
19982 8.789053e-13
19983 8.788076e-13
19984 8.787100e-13
19985 8.786123e-13
19986 8.785147e-13
19987 8.784170e-13
19988 8.783194e-13
19989 8.782218e-13
19990 8.781243e-13
19991 8.780267e-13
19992 8.779292e-13
19993 8.778316e-13
19994 8.777341e-13
19995 8.776366e-13
19996 8.775392e-13
19997 8.774417e-13
19998 8.773442e-13
19999 8.772468e-13
