1 3.121332e-06
2 3.536170e-06
3 3.721989e-06
4 3.902484e-06
5 4.101768e-06
6 4.319164e-06
7 4.549505e-06
8 4.787104e-06
9 5.026913e-06
10 5.264784e-06
11 5.497330e-06
12 5.722039e-06
13 5.937032e-06
14 6.141031e-06
15 6.333179e-06
16 6.512963e-06
17 6.680142e-06
18 6.834682e-06
19 6.976932e-06
20 7.106606e-06
21 7.224287e-06
22 7.330263e-06
23 7.425113e-06
24 7.509181e-06
25 7.582628e-06
26 7.646357e-06
27 7.700464e-06
28 7.745450e-06
29 7.781618e-06
30 7.809761e-06
31 7.829846e-06
32 7.842426e-06
33 7.847864e-06
34 7.846542e-06
35 7.838798e-06
36 7.825029e-06
37 7.805533e-06
38 7.780660e-06
39 7.750855e-06
40 7.716220e-06
41 7.677164e-06
42 7.633963e-06
43 7.586925e-06
44 7.536351e-06
45 7.482526e-06
46 7.425731e-06
47 7.366208e-06
48 7.304281e-06
49 7.240188e-06
50 7.174117e-06
51 7.106324e-06
52 7.037007e-06
53 6.966438e-06
54 6.894788e-06
55 6.822259e-06
56 6.749067e-06
57 6.675317e-06
58 6.601248e-06
59 6.526913e-06
60 6.452543e-06
61 6.378242e-06
62 6.304147e-06
63 6.230375e-06
64 6.157023e-06
65 6.084197e-06
66 6.011980e-06
67 5.940456e-06
68 5.869696e-06
69 5.799768e-06
70 5.730697e-06
71 5.662614e-06
72 5.595489e-06
73 5.529416e-06
74 5.464348e-06
75 5.400384e-06
76 5.337527e-06
77 5.275776e-06
78 5.215185e-06
79 5.155747e-06
80 5.097470e-06
81 5.040360e-06
82 4.984417e-06
83 4.929642e-06
84 4.876030e-06
85 4.823578e-06
86 4.772277e-06
87 4.722119e-06
88 4.673096e-06
89 4.625192e-06
90 4.578392e-06
91 4.532689e-06
92 4.488065e-06
93 4.444500e-06
94 4.401967e-06
95 4.360473e-06
96 4.319986e-06
97 4.280487e-06
98 4.241955e-06
99 4.204370e-06
100 4.167711e-06
101 4.131953e-06
102 4.098090e-06
103 4.064561e-06
104 4.031359e-06
105 3.998477e-06
106 3.965910e-06
107 3.936162e-06
108 3.906693e-06
109 3.877498e-06
110 3.848572e-06
111 3.819910e-06
112 3.791508e-06
113 3.765525e-06
114 3.739773e-06
115 3.714248e-06
116 3.688946e-06
117 3.663862e-06
118 3.638994e-06
119 3.615918e-06
120 3.593036e-06
121 3.570346e-06
122 3.547844e-06
123 3.525527e-06
124 3.503392e-06
125 3.481437e-06
126 3.460389e-06
127 3.439508e-06
128 3.418792e-06
129 3.398239e-06
130 3.377846e-06
131 3.357611e-06
132 3.337530e-06
133 3.317391e-06
134 3.297404e-06
135 3.277566e-06
136 3.257876e-06
137 3.238332e-06
138 3.218930e-06
139 3.199670e-06
140 3.179565e-06
141 3.159604e-06
142 3.139786e-06
143 3.120107e-06
144 3.100567e-06
145 3.081162e-06
146 3.061892e-06
147 3.041155e-06
148 3.020560e-06
149 3.000104e-06
150 2.979785e-06
151 2.959603e-06
152 2.939555e-06
153 2.919639e-06
154 2.899854e-06
155 2.878179e-06
156 2.856644e-06
157 2.835248e-06
158 2.813989e-06
159 2.792865e-06
160 2.771874e-06
161 2.751014e-06
162 2.730285e-06
163 2.709684e-06
164 2.687432e-06
165 2.665317e-06
166 2.643336e-06
167 2.621489e-06
168 2.599772e-06
169 2.578185e-06
170 2.556726e-06
171 2.535394e-06
172 2.514187e-06
173 2.492146e-06
174 2.470233e-06
175 2.448445e-06
176 2.426783e-06
177 2.405244e-06
178 2.383828e-06
179 2.362532e-06
180 2.341355e-06
181 2.320296e-06
182 2.299451e-06
183 2.278722e-06
184 2.258106e-06
185 2.237602e-06
186 2.217210e-06
187 2.196928e-06
188 2.176754e-06
189 2.156688e-06
190 2.136728e-06
191 2.116874e-06
192 2.098419e-06
193 2.080061e-06
194 2.061798e-06
195 2.043630e-06
196 2.025555e-06
197 2.007572e-06
198 1.989681e-06
199 1.971881e-06
200 1.954170e-06
201 1.936548e-06
202 1.919014e-06
203 1.903775e-06
204 1.888612e-06
205 1.873522e-06
206 1.858507e-06
207 1.843565e-06
208 1.828695e-06
209 1.813896e-06
210 1.799169e-06
211 1.784512e-06
212 1.769925e-06
213 1.755406e-06
214 1.743418e-06
215 1.731486e-06
216 1.719610e-06
217 1.707789e-06
218 1.696023e-06
219 1.684310e-06
220 1.672652e-06
221 1.661046e-06
222 1.649493e-06
223 1.637992e-06
224 1.626543e-06
225 1.617363e-06
226 1.608225e-06
227 1.599127e-06
228 1.590069e-06
229 1.581051e-06
230 1.572072e-06
231 1.563133e-06
232 1.554232e-06
233 1.545370e-06
234 1.536546e-06
235 1.527759e-06
236 1.519011e-06
237 1.511852e-06
238 1.504725e-06
239 1.497627e-06
240 1.490558e-06
241 1.483520e-06
242 1.476510e-06
243 1.469530e-06
244 1.462579e-06
245 1.455655e-06
246 1.448761e-06
247 1.441894e-06
248 1.435056e-06
249 1.428244e-06
250 1.422017e-06
251 1.415814e-06
252 1.409636e-06
253 1.403482e-06
254 1.397353e-06
255 1.391249e-06
256 1.385168e-06
257 1.379111e-06
258 1.373077e-06
259 1.367067e-06
260 1.361080e-06
261 1.355117e-06
262 1.349176e-06
263 1.343258e-06
264 1.337026e-06
265 1.330818e-06
266 1.324633e-06
267 1.318471e-06
268 1.312333e-06
269 1.306217e-06
270 1.300125e-06
271 1.294055e-06
272 1.288007e-06
273 1.281982e-06
274 1.275979e-06
275 1.269997e-06
276 1.264038e-06
277 1.258100e-06
278 1.251470e-06
279 1.244865e-06
280 1.238283e-06
281 1.231724e-06
282 1.225189e-06
283 1.218677e-06
284 1.212188e-06
285 1.205722e-06
286 1.199279e-06
287 1.192858e-06
288 1.186460e-06
289 1.180084e-06
290 1.173730e-06
291 1.167398e-06
292 1.161088e-06
293 1.154799e-06
294 1.148110e-06
295 1.141444e-06
296 1.134800e-06
297 1.128179e-06
298 1.121580e-06
299 1.115003e-06
300 1.108448e-06
301 1.101915e-06
302 1.095404e-06
303 1.088914e-06
304 1.082446e-06
305 1.076000e-06
306 1.069574e-06
307 1.063169e-06
308 1.056786e-06
309 1.050423e-06
310 1.044352e-06
311 1.038300e-06
312 1.032268e-06
313 1.026255e-06
314 1.020262e-06
315 1.014288e-06
316 1.008333e-06
317 1.002396e-06
318 9.964784e-07
319 9.905796e-07
320 9.846990e-07
321 9.788369e-07
322 9.729930e-07
323 9.671676e-07
324 9.613600e-07
325 9.555703e-07
326 9.497985e-07
327 9.448713e-07
328 9.399591e-07
329 9.350619e-07
330 9.301797e-07
331 9.253121e-07
332 9.204594e-07
333 9.156213e-07
334 9.107978e-07
335 9.059887e-07
336 9.011940e-07
337 8.964136e-07
338 8.916475e-07
339 8.868954e-07
340 8.821574e-07
341 8.774331e-07
342 8.727229e-07
343 8.680265e-07
344 8.642933e-07
345 8.605710e-07
346 8.568595e-07
347 8.531587e-07
348 8.494684e-07
349 8.457889e-07
350 8.421200e-07
351 8.384616e-07
352 8.348136e-07
353 8.311760e-07
354 8.275487e-07
355 8.239316e-07
356 8.203248e-07
357 8.167281e-07
358 8.131415e-07
359 8.095648e-07
360 8.059982e-07
361 8.024415e-07
362 7.988947e-07
363 7.959793e-07
364 7.930720e-07
365 7.901727e-07
366 7.872813e-07
367 7.843979e-07
368 7.815222e-07
369 7.786544e-07
370 7.757944e-07
371 7.729422e-07
372 7.700976e-07
373 7.672608e-07
374 7.644315e-07
375 7.616097e-07
376 7.587955e-07
377 7.559888e-07
378 7.531896e-07
379 7.503978e-07
380 7.476134e-07
381 7.448363e-07
382 7.420664e-07
383 7.394144e-07
384 7.367692e-07
385 7.341311e-07
386 7.314998e-07
387 7.288752e-07
388 7.262575e-07
389 7.236465e-07
390 7.210422e-07
391 7.184447e-07
392 7.158538e-07
393 7.132694e-07
394 7.106918e-07
395 7.081206e-07
396 7.055559e-07
397 7.029978e-07
398 7.004461e-07
399 6.979008e-07
400 6.953619e-07
401 6.928293e-07
402 6.903031e-07
403 6.877832e-07
404 6.851326e-07
405 6.824885e-07
406 6.798509e-07
407 6.772197e-07
408 6.745952e-07
409 6.719770e-07
410 6.693653e-07
411 6.667600e-07
412 6.641610e-07
413 6.615682e-07
414 6.589818e-07
415 6.564016e-07
416 6.538277e-07
417 6.512600e-07
418 6.486983e-07
419 6.461429e-07
420 6.435935e-07
421 6.410503e-07
422 6.385131e-07
423 6.359819e-07
424 6.334566e-07
425 6.309374e-07
426 6.284291e-07
427 6.259267e-07
428 6.234302e-07
429 6.209395e-07
430 6.184546e-07
431 6.159755e-07
432 6.135022e-07
433 6.110345e-07
434 6.085727e-07
435 6.061164e-07
436 6.036659e-07
437 6.012209e-07
438 5.987816e-07
439 5.963479e-07
440 5.939196e-07
441 5.914969e-07
442 5.890797e-07
443 5.866680e-07
444 5.842617e-07
445 5.818609e-07
446 5.794654e-07
447 5.770754e-07
448 5.746907e-07
449 5.725892e-07
450 5.704922e-07
451 5.683999e-07
452 5.663123e-07
453 5.642293e-07
454 5.621508e-07
455 5.600771e-07
456 5.580078e-07
457 5.559431e-07
458 5.538829e-07
459 5.518272e-07
460 5.497760e-07
461 5.477293e-07
462 5.456870e-07
463 5.436491e-07
464 5.416157e-07
465 5.395865e-07
466 5.375619e-07
467 5.355415e-07
468 5.335255e-07
469 5.315137e-07
470 5.295064e-07
471 5.275032e-07
472 5.255043e-07
473 5.235096e-07
474 5.218580e-07
475 5.202097e-07
476 5.185650e-07
477 5.169237e-07
478 5.152859e-07
479 5.136515e-07
480 5.120206e-07
481 5.103930e-07
482 5.087688e-07
483 5.071479e-07
484 5.055305e-07
485 5.039164e-07
486 5.023056e-07
487 5.006981e-07
488 4.990940e-07
489 4.974931e-07
490 4.958956e-07
491 4.943012e-07
492 4.927102e-07
493 4.911223e-07
494 4.895377e-07
495 4.879563e-07
496 4.863781e-07
497 4.848031e-07
498 4.832312e-07
499 4.816626e-07
500 4.802663e-07
501 4.788728e-07
502 4.774821e-07
503 4.760942e-07
504 4.747089e-07
505 4.733266e-07
506 4.719468e-07
507 4.705699e-07
508 4.691957e-07
509 4.678241e-07
510 4.664553e-07
511 4.650891e-07
512 4.637257e-07
513 4.623648e-07
514 4.610067e-07
515 4.596512e-07
516 4.582983e-07
517 4.569481e-07
518 4.556004e-07
519 4.542554e-07
520 4.529130e-07
521 4.515731e-07
522 4.502359e-07
523 4.489011e-07
524 4.475689e-07
525 4.462393e-07
526 4.449122e-07
527 4.436181e-07
528 4.423263e-07
529 4.410371e-07
530 4.397503e-07
531 4.384659e-07
532 4.371839e-07
533 4.359043e-07
534 4.346272e-07
535 4.333524e-07
536 4.320800e-07
537 4.308100e-07
538 4.295423e-07
539 4.282771e-07
540 4.270142e-07
541 4.257536e-07
542 4.244953e-07
543 4.232394e-07
544 4.219858e-07
545 4.207344e-07
546 4.194854e-07
547 4.182387e-07
548 4.169942e-07
549 4.157521e-07
550 4.145122e-07
551 4.132746e-07
552 4.120391e-07
553 4.108060e-07
554 4.095751e-07
555 4.083463e-07
556 4.071826e-07
557 4.060211e-07
558 4.048616e-07
559 4.037042e-07
560 4.025490e-07
561 4.013957e-07
562 4.002445e-07
563 3.990954e-07
564 3.979483e-07
565 3.968032e-07
566 3.956602e-07
567 3.945192e-07
568 3.933802e-07
569 3.922432e-07
570 3.911083e-07
571 3.899753e-07
572 3.888442e-07
573 3.877152e-07
574 3.865881e-07
575 3.854630e-07
576 3.843399e-07
577 3.832187e-07
578 3.820995e-07
579 3.809822e-07
580 3.798669e-07
581 3.787534e-07
582 3.776419e-07
583 3.765322e-07
584 3.754245e-07
585 3.743187e-07
586 3.732148e-07
587 3.722440e-07
588 3.712749e-07
589 3.703075e-07
590 3.693417e-07
591 3.683775e-07
592 3.674150e-07
593 3.664540e-07
594 3.654948e-07
595 3.645371e-07
596 3.635811e-07
597 3.626266e-07
598 3.616738e-07
599 3.607225e-07
600 3.597728e-07
601 3.588247e-07
602 3.578783e-07
603 3.569333e-07
604 3.559900e-07
605 3.550481e-07
606 3.541079e-07
607 3.531692e-07
608 3.522321e-07
609 3.512965e-07
610 3.503624e-07
611 3.494299e-07
612 3.484989e-07
613 3.475694e-07
614 3.466415e-07
615 3.457150e-07
616 3.447901e-07
617 3.438666e-07
618 3.429447e-07
619 3.421289e-07
620 3.413144e-07
621 3.405013e-07
622 3.396894e-07
623 3.388788e-07
624 3.380696e-07
625 3.372617e-07
626 3.364550e-07
627 3.356496e-07
628 3.348455e-07
629 3.340427e-07
630 3.332412e-07
631 3.324409e-07
632 3.316419e-07
633 3.308442e-07
634 3.300477e-07
635 3.292526e-07
636 3.284586e-07
637 3.276659e-07
638 3.268744e-07
639 3.260842e-07
640 3.252953e-07
641 3.245075e-07
642 3.237210e-07
643 3.229357e-07
644 3.221517e-07
645 3.213689e-07
646 3.205872e-07
647 3.198068e-07
648 3.190276e-07
649 3.182495e-07
650 3.174728e-07
651 3.166972e-07
652 3.159227e-07
653 3.152007e-07
654 3.144799e-07
655 3.137601e-07
656 3.130414e-07
657 3.123238e-07
658 3.116073e-07
659 3.108919e-07
660 3.101776e-07
661 3.094643e-07
662 3.087522e-07
663 3.080411e-07
664 3.073311e-07
665 3.066222e-07
666 3.059143e-07
667 3.052075e-07
668 3.045017e-07
669 3.037971e-07
670 3.030934e-07
671 3.023908e-07
672 3.016893e-07
673 3.009888e-07
674 3.002894e-07
675 2.995910e-07
676 2.988936e-07
677 2.981973e-07
678 2.975019e-07
679 2.968076e-07
680 2.961144e-07
681 2.954222e-07
682 2.947309e-07
683 2.940407e-07
684 2.933515e-07
685 2.926633e-07
686 2.919761e-07
687 2.912900e-07
688 2.906048e-07
689 2.899732e-07
690 2.893425e-07
691 2.887127e-07
692 2.880839e-07
693 2.874559e-07
694 2.868289e-07
695 2.862028e-07
696 2.855776e-07
697 2.849532e-07
698 2.843298e-07
699 2.837072e-07
700 2.830856e-07
701 2.824648e-07
702 2.818450e-07
703 2.812259e-07
704 2.806079e-07
705 2.799907e-07
706 2.793743e-07
707 2.787588e-07
708 2.781442e-07
709 2.775305e-07
710 2.769176e-07
711 2.763056e-07
712 2.756944e-07
713 2.750841e-07
714 2.744747e-07
715 2.738661e-07
716 2.732584e-07
717 2.726515e-07
718 2.720455e-07
719 2.714403e-07
720 2.708359e-07
721 2.702324e-07
722 2.696297e-07
723 2.690279e-07
724 2.684269e-07
725 2.678268e-07
726 2.672892e-07
727 2.667524e-07
728 2.662164e-07
729 2.656811e-07
730 2.651465e-07
731 2.646126e-07
732 2.640795e-07
733 2.635471e-07
734 2.630154e-07
735 2.624845e-07
736 2.619543e-07
737 2.614248e-07
738 2.608960e-07
739 2.603680e-07
740 2.598407e-07
741 2.593140e-07
742 2.587881e-07
743 2.582629e-07
744 2.577384e-07
745 2.572146e-07
746 2.566915e-07
747 2.561691e-07
748 2.556474e-07
749 2.551264e-07
750 2.546061e-07
751 2.540865e-07
752 2.535676e-07
753 2.530494e-07
754 2.525319e-07
755 2.520150e-07
756 2.514989e-07
757 2.509834e-07
758 2.504686e-07
759 2.499545e-07
760 2.494410e-07
761 2.489283e-07
762 2.484162e-07
763 2.479048e-07
764 2.473940e-07
765 2.468840e-07
766 2.464198e-07
767 2.459562e-07
768 2.454933e-07
769 2.450309e-07
770 2.445692e-07
771 2.441080e-07
772 2.436475e-07
773 2.431875e-07
774 2.427281e-07
775 2.422694e-07
776 2.418112e-07
777 2.413536e-07
778 2.408966e-07
779 2.404402e-07
780 2.399844e-07
781 2.395292e-07
782 2.390745e-07
783 2.386205e-07
784 2.381670e-07
785 2.377141e-07
786 2.372617e-07
787 2.368099e-07
788 2.363588e-07
789 2.359081e-07
790 2.354581e-07
791 2.350087e-07
792 2.345598e-07
793 2.341114e-07
794 2.336636e-07
795 2.332164e-07
796 2.327698e-07
797 2.323237e-07
798 2.318782e-07
799 2.314332e-07
800 2.309888e-07
801 2.305450e-07
802 2.301017e-07
803 2.296589e-07
804 2.292168e-07
805 2.287751e-07
806 2.283340e-07
807 2.278935e-07
808 2.274899e-07
809 2.270868e-07
810 2.266842e-07
811 2.262821e-07
812 2.258806e-07
813 2.254795e-07
814 2.250789e-07
815 2.246787e-07
816 2.242791e-07
817 2.238800e-07
818 2.234813e-07
819 2.230832e-07
820 2.226855e-07
821 2.222883e-07
822 2.218917e-07
823 2.214954e-07
824 2.210997e-07
825 2.207044e-07
826 2.203097e-07
827 2.199154e-07
828 2.195215e-07
829 2.191282e-07
830 2.187354e-07
831 2.183429e-07
832 2.179510e-07
833 2.175596e-07
834 2.171686e-07
835 2.167781e-07
836 2.163881e-07
837 2.159985e-07
838 2.156093e-07
839 2.152207e-07
840 2.148325e-07
841 2.144448e-07
842 2.140575e-07
843 2.136708e-07
844 2.132844e-07
845 2.128985e-07
846 2.125131e-07
847 2.121281e-07
848 2.117436e-07
849 2.113596e-07
850 2.109760e-07
851 2.105928e-07
852 2.102101e-07
853 2.098634e-07
854 2.095170e-07
855 2.091711e-07
856 2.088256e-07
857 2.084805e-07
858 2.081358e-07
859 2.077915e-07
860 2.074475e-07
861 2.071040e-07
862 2.067609e-07
863 2.064182e-07
864 2.060759e-07
865 2.057340e-07
866 2.053925e-07
867 2.050514e-07
868 2.047106e-07
869 2.043703e-07
870 2.040303e-07
871 2.036908e-07
872 2.033516e-07
873 2.030128e-07
874 2.026744e-07
875 2.023364e-07
876 2.019988e-07
877 2.016616e-07
878 2.013248e-07
879 2.009883e-07
880 2.006522e-07
881 2.003165e-07
882 1.999812e-07
883 1.996463e-07
884 1.993117e-07
885 1.989775e-07
886 1.986437e-07
887 1.983103e-07
888 1.979773e-07
889 1.976446e-07
890 1.973123e-07
891 1.969804e-07
892 1.966489e-07
893 1.963177e-07
894 1.959869e-07
895 1.956564e-07
896 1.953264e-07
897 1.949967e-07
898 1.946673e-07
899 1.943672e-07
900 1.940674e-07
901 1.937680e-07
902 1.934688e-07
903 1.931701e-07
904 1.928716e-07
905 1.925735e-07
906 1.922757e-07
907 1.919782e-07
908 1.916810e-07
909 1.913842e-07
910 1.910878e-07
911 1.907916e-07
912 1.904958e-07
913 1.902002e-07
914 1.899050e-07
915 1.896102e-07
916 1.893157e-07
917 1.890214e-07
918 1.887275e-07
919 1.884339e-07
920 1.881407e-07
921 1.878477e-07
922 1.875551e-07
923 1.872628e-07
924 1.869708e-07
925 1.866791e-07
926 1.863878e-07
927 1.860967e-07
928 1.858060e-07
929 1.855156e-07
930 1.852255e-07
931 1.849357e-07
932 1.846462e-07
933 1.843571e-07
934 1.840682e-07
935 1.837796e-07
936 1.834914e-07
937 1.832035e-07
938 1.829159e-07
939 1.826285e-07
940 1.823415e-07
941 1.820548e-07
942 1.817684e-07
943 1.814823e-07
944 1.811965e-07
945 1.809110e-07
946 1.806258e-07
947 1.803410e-07
948 1.800564e-07
949 1.797969e-07
950 1.795376e-07
951 1.792786e-07
952 1.790198e-07
953 1.787614e-07
954 1.785032e-07
955 1.782453e-07
956 1.779877e-07
957 1.777303e-07
958 1.774732e-07
959 1.772164e-07
960 1.769598e-07
961 1.767035e-07
962 1.764475e-07
963 1.761917e-07
964 1.759362e-07
965 1.756810e-07
966 1.754260e-07
967 1.751713e-07
968 1.749169e-07
969 1.746627e-07
970 1.744088e-07
971 1.741551e-07
972 1.739017e-07
973 1.736486e-07
974 1.733957e-07
975 1.731431e-07
976 1.728908e-07
977 1.726387e-07
978 1.723868e-07
979 1.721353e-07
980 1.718839e-07
981 1.716329e-07
982 1.713821e-07
983 1.711315e-07
984 1.708812e-07
985 1.706312e-07
986 1.703814e-07
987 1.701319e-07
988 1.698826e-07
989 1.696335e-07
990 1.693848e-07
991 1.691362e-07
992 1.688880e-07
993 1.686400e-07
994 1.683922e-07
995 1.681447e-07
996 1.678974e-07
997 1.676503e-07
998 1.674036e-07
999 1.671570e-07
1000 1.669107e-07
1001 1.666864e-07
1002 1.664622e-07
1003 1.662383e-07
1004 1.660146e-07
1005 1.657912e-07
1006 1.655679e-07
1007 1.653449e-07
1008 1.651221e-07
1009 1.648995e-07
1010 1.646771e-07
1011 1.644550e-07
1012 1.642331e-07
1013 1.640114e-07
1014 1.637899e-07
1015 1.635686e-07
1016 1.633476e-07
1017 1.631268e-07
1018 1.629062e-07
1019 1.626858e-07
1020 1.624656e-07
1021 1.622456e-07
1022 1.620259e-07
1023 1.618064e-07
1024 1.615870e-07
1025 1.613679e-07
1026 1.611490e-07
1027 1.609304e-07
1028 1.607119e-07
1029 1.604937e-07
1030 1.602756e-07
1031 1.600578e-07
1032 1.598402e-07
1033 1.596228e-07
1034 1.594056e-07
1035 1.591886e-07
1036 1.589718e-07
1037 1.587553e-07
1038 1.585389e-07
1039 1.583228e-07
1040 1.581068e-07
1041 1.578911e-07
1042 1.576756e-07
1043 1.574603e-07
1044 1.572452e-07
1045 1.570303e-07
1046 1.568156e-07
1047 1.566011e-07
1048 1.563868e-07
1049 1.561727e-07
1050 1.559588e-07
1051 1.557452e-07
1052 1.555317e-07
1053 1.553184e-07
1054 1.551054e-07
1055 1.548925e-07
1056 1.546979e-07
1057 1.545035e-07
1058 1.543092e-07
1059 1.541152e-07
1060 1.539213e-07
1061 1.537276e-07
1062 1.535341e-07
1063 1.533408e-07
1064 1.531476e-07
1065 1.529547e-07
1066 1.527619e-07
1067 1.525693e-07
1068 1.523769e-07
1069 1.521846e-07
1070 1.519926e-07
1071 1.518007e-07
1072 1.516090e-07
1073 1.514175e-07
1074 1.512261e-07
1075 1.510350e-07
1076 1.508440e-07
1077 1.506532e-07
1078 1.504625e-07
1079 1.502721e-07
1080 1.500818e-07
1081 1.498917e-07
1082 1.497018e-07
1083 1.495120e-07
1084 1.493225e-07
1085 1.491330e-07
1086 1.489438e-07
1087 1.487548e-07
1088 1.485659e-07
1089 1.483772e-07
1090 1.481887e-07
1091 1.480003e-07
1092 1.478121e-07
1093 1.476241e-07
1094 1.474363e-07
1095 1.472486e-07
1096 1.470611e-07
1097 1.468738e-07
1098 1.466866e-07
1099 1.464997e-07
1100 1.463128e-07
1101 1.461262e-07
1102 1.459397e-07
1103 1.457534e-07
1104 1.455673e-07
1105 1.453813e-07
1106 1.451955e-07
1107 1.450099e-07
1108 1.448244e-07
1109 1.446391e-07
1110 1.444540e-07
1111 1.442690e-07
1112 1.440842e-07
1113 1.439154e-07
1114 1.437466e-07
1115 1.435781e-07
1116 1.434097e-07
1117 1.432414e-07
1118 1.430733e-07
1119 1.429053e-07
1120 1.427375e-07
1121 1.425698e-07
1122 1.424023e-07
1123 1.422350e-07
1124 1.420678e-07
1125 1.419007e-07
1126 1.417338e-07
1127 1.415670e-07
1128 1.414004e-07
1129 1.412339e-07
1130 1.410676e-07
1131 1.409014e-07
1132 1.407354e-07
1133 1.405695e-07
1134 1.404037e-07
1135 1.402381e-07
1136 1.400727e-07
1137 1.399074e-07
1138 1.397422e-07
1139 1.395772e-07
1140 1.394124e-07
1141 1.392476e-07
1142 1.390831e-07
1143 1.389186e-07
1144 1.387544e-07
1145 1.385902e-07
1146 1.384262e-07
1147 1.382623e-07
1148 1.380986e-07
1149 1.379351e-07
1150 1.377716e-07
1151 1.376083e-07
1152 1.374452e-07
1153 1.372822e-07
1154 1.371193e-07
1155 1.369566e-07
1156 1.367940e-07
1157 1.366316e-07
1158 1.364693e-07
1159 1.363071e-07
1160 1.361451e-07
1161 1.359832e-07
1162 1.358215e-07
1163 1.356599e-07
1164 1.354984e-07
1165 1.353371e-07
1166 1.351759e-07
1167 1.350149e-07
1168 1.348540e-07
1169 1.346932e-07
1170 1.345326e-07
1171 1.343721e-07
1172 1.342117e-07
1173 1.340515e-07
1174 1.338914e-07
1175 1.337449e-07
1176 1.335986e-07
1177 1.334523e-07
1178 1.333062e-07
1179 1.331602e-07
1180 1.330143e-07
1181 1.328686e-07
1182 1.327230e-07
1183 1.325775e-07
1184 1.324321e-07
1185 1.322868e-07
1186 1.321417e-07
1187 1.319967e-07
1188 1.318518e-07
1189 1.317071e-07
1190 1.315624e-07
1191 1.314179e-07
1192 1.312735e-07
1193 1.311292e-07
1194 1.309851e-07
1195 1.308410e-07
1196 1.306971e-07
1197 1.305533e-07
1198 1.304097e-07
1199 1.302661e-07
1200 1.301227e-07
1201 1.299794e-07
1202 1.298361e-07
1203 1.296931e-07
1204 1.295501e-07
1205 1.294073e-07
1206 1.292646e-07
1207 1.291220e-07
1208 1.289795e-07
1209 1.288371e-07
1210 1.286949e-07
1211 1.285527e-07
1212 1.284107e-07
1213 1.282688e-07
1214 1.281270e-07
1215 1.279854e-07
1216 1.278439e-07
1217 1.277024e-07
1218 1.275611e-07
1219 1.274199e-07
1220 1.272788e-07
1221 1.271379e-07
1222 1.269970e-07
1223 1.268563e-07
1224 1.267157e-07
1225 1.265752e-07
1226 1.264348e-07
1227 1.262945e-07
1228 1.261543e-07
1229 1.260143e-07
1230 1.258744e-07
1231 1.257345e-07
1232 1.255948e-07
1233 1.254552e-07
1234 1.253158e-07
1235 1.251764e-07
1236 1.250371e-07
1237 1.248980e-07
1238 1.247590e-07
1239 1.246315e-07
1240 1.245042e-07
1241 1.243769e-07
1242 1.242498e-07
1243 1.241227e-07
1244 1.239958e-07
1245 1.238689e-07
1246 1.237422e-07
1247 1.236155e-07
1248 1.234890e-07
1249 1.233625e-07
1250 1.232362e-07
1251 1.231100e-07
1252 1.229838e-07
1253 1.228578e-07
1254 1.227318e-07
1255 1.226060e-07
1256 1.224803e-07
1257 1.223546e-07
1258 1.222291e-07
1259 1.221037e-07
1260 1.219783e-07
1261 1.218531e-07
1262 1.217280e-07
1263 1.216029e-07
1264 1.214780e-07
1265 1.213532e-07
1266 1.212284e-07
1267 1.211038e-07
1268 1.209792e-07
1269 1.208548e-07
1270 1.207304e-07
1271 1.206062e-07
1272 1.204820e-07
1273 1.203580e-07
1274 1.202340e-07
1275 1.201102e-07
1276 1.199864e-07
1277 1.198627e-07
1278 1.197391e-07
1279 1.196157e-07
1280 1.194923e-07
1281 1.193690e-07
1282 1.192459e-07
1283 1.191228e-07
1284 1.189998e-07
1285 1.188769e-07
1286 1.187541e-07
1287 1.186314e-07
1288 1.185088e-07
1289 1.183863e-07
1290 1.182638e-07
1291 1.181415e-07
1292 1.180193e-07
1293 1.178972e-07
1294 1.177751e-07
1295 1.176532e-07
1296 1.175313e-07
1297 1.174096e-07
1298 1.172879e-07
1299 1.171663e-07
1300 1.170449e-07
1301 1.169235e-07
1302 1.168022e-07
1303 1.166810e-07
1304 1.165599e-07
1305 1.164389e-07
1306 1.163180e-07
1307 1.162070e-07
1308 1.160961e-07
1309 1.159852e-07
1310 1.158745e-07
1311 1.157638e-07
1312 1.156532e-07
1313 1.155427e-07
1314 1.154323e-07
1315 1.153220e-07
1316 1.152118e-07
1317 1.151016e-07
1318 1.149915e-07
1319 1.148816e-07
1320 1.147716e-07
1321 1.146618e-07
1322 1.145521e-07
1323 1.144424e-07
1324 1.143329e-07
1325 1.142234e-07
1326 1.141140e-07
1327 1.140046e-07
1328 1.138954e-07
1329 1.137862e-07
1330 1.136772e-07
1331 1.135682e-07
1332 1.134592e-07
1333 1.133504e-07
1334 1.132417e-07
1335 1.131330e-07
1336 1.130244e-07
1337 1.129159e-07
1338 1.128075e-07
1339 1.126991e-07
1340 1.125909e-07
1341 1.124827e-07
1342 1.123746e-07
1343 1.122666e-07
1344 1.121586e-07
1345 1.120508e-07
1346 1.119430e-07
1347 1.118353e-07
1348 1.117277e-07
1349 1.116201e-07
1350 1.115127e-07
1351 1.114053e-07
1352 1.112980e-07
1353 1.111907e-07
1354 1.110836e-07
1355 1.109765e-07
1356 1.108696e-07
1357 1.107626e-07
1358 1.106558e-07
1359 1.105491e-07
1360 1.104424e-07
1361 1.103358e-07
1362 1.102293e-07
1363 1.101229e-07
1364 1.100165e-07
1365 1.099102e-07
1366 1.098040e-07
1367 1.096979e-07
1368 1.095919e-07
1369 1.094859e-07
1370 1.093800e-07
1371 1.092742e-07
1372 1.091685e-07
1373 1.090628e-07
1374 1.089572e-07
1375 1.088517e-07
1376 1.087463e-07
1377 1.086409e-07
1378 1.085357e-07
1379 1.084388e-07
1380 1.083421e-07
1381 1.082454e-07
1382 1.081487e-07
1383 1.080522e-07
1384 1.079557e-07
1385 1.078593e-07
1386 1.077629e-07
1387 1.076667e-07
1388 1.075705e-07
1389 1.074743e-07
1390 1.073783e-07
1391 1.072823e-07
1392 1.071863e-07
1393 1.070905e-07
1394 1.069947e-07
1395 1.068989e-07
1396 1.068033e-07
1397 1.067077e-07
1398 1.066122e-07
1399 1.065167e-07
1400 1.064214e-07
1401 1.063260e-07
1402 1.062308e-07
1403 1.061356e-07
1404 1.060405e-07
1405 1.059455e-07
1406 1.058505e-07
1407 1.057556e-07
1408 1.056608e-07
1409 1.055660e-07
1410 1.054713e-07
1411 1.053766e-07
1412 1.052821e-07
1413 1.051876e-07
1414 1.050931e-07
1415 1.049988e-07
1416 1.049045e-07
1417 1.048102e-07
1418 1.047161e-07
1419 1.046219e-07
1420 1.045279e-07
1421 1.044339e-07
1422 1.043400e-07
1423 1.042462e-07
1424 1.041524e-07
1425 1.040587e-07
1426 1.039651e-07
1427 1.038715e-07
1428 1.037780e-07
1429 1.036846e-07
1430 1.035912e-07
1431 1.034979e-07
1432 1.034046e-07
1433 1.033114e-07
1434 1.032183e-07
1435 1.031253e-07
1436 1.030323e-07
1437 1.029394e-07
1438 1.028465e-07
1439 1.027537e-07
1440 1.026610e-07
1441 1.025683e-07
1442 1.024757e-07
1443 1.023832e-07
1444 1.022907e-07
1445 1.021983e-07
1446 1.021060e-07
1447 1.020137e-07
1448 1.019215e-07
1449 1.018293e-07
1450 1.017372e-07
1451 1.016452e-07
1452 1.015532e-07
1453 1.014613e-07
1454 1.013766e-07
1455 1.012920e-07
1456 1.012075e-07
1457 1.011230e-07
1458 1.010385e-07
1459 1.009541e-07
1460 1.008698e-07
1461 1.007855e-07
1462 1.007013e-07
1463 1.006171e-07
1464 1.005330e-07
1465 1.004490e-07
1466 1.003650e-07
1467 1.002811e-07
1468 1.001972e-07
1469 1.001134e-07
1470 1.000296e-07
1471 9.994591e-08
1472 9.986227e-08
1473 9.977867e-08
1474 9.969514e-08
1475 9.961167e-08
1476 9.952825e-08
1477 9.944489e-08
1478 9.936159e-08
1479 9.927834e-08
1480 9.919514e-08
1481 9.911201e-08
1482 9.902893e-08
1483 9.894591e-08
1484 9.886293e-08
1485 9.878003e-08
1486 9.869717e-08
1487 9.861436e-08
1488 9.853162e-08
1489 9.844894e-08
1490 9.836631e-08
1491 9.828372e-08
1492 9.820120e-08
1493 9.811874e-08
1494 9.803632e-08
1495 9.795396e-08
1496 9.787167e-08
1497 9.778942e-08
1498 9.770722e-08
1499 9.762509e-08
1500 9.754301e-08
1501 9.746099e-08
1502 9.737900e-08
1503 9.729709e-08
1504 9.721523e-08
1505 9.713341e-08
1506 9.705166e-08
1507 9.696996e-08
1508 9.688832e-08
1509 9.680672e-08
1510 9.672519e-08
1511 9.664371e-08
1512 9.656227e-08
1513 9.648089e-08
1514 9.639958e-08
1515 9.631831e-08
1516 9.623709e-08
1517 9.615593e-08
1518 9.607483e-08
1519 9.599378e-08
1520 9.591276e-08
1521 9.583182e-08
1522 9.575093e-08
1523 9.567008e-08
1524 9.558930e-08
1525 9.550856e-08
1526 9.542789e-08
1527 9.534725e-08
1528 9.526667e-08
1529 9.518615e-08
1530 9.510567e-08
1531 9.502526e-08
1532 9.494490e-08
1533 9.486459e-08
1534 9.479048e-08
1535 9.471644e-08
1536 9.464243e-08
1537 9.456849e-08
1538 9.449458e-08
1539 9.442071e-08
1540 9.434691e-08
1541 9.427315e-08
1542 9.419944e-08
1543 9.412577e-08
1544 9.405215e-08
1545 9.397858e-08
1546 9.390506e-08
1547 9.383159e-08
1548 9.375815e-08
1549 9.368477e-08
1550 9.361144e-08
1551 9.353815e-08
1552 9.346492e-08
1553 9.339173e-08
1554 9.331858e-08
1555 9.324549e-08
1556 9.317243e-08
1557 9.309944e-08
1558 9.302648e-08
1559 9.295356e-08
1560 9.288071e-08
1561 9.280789e-08
1562 9.273513e-08
1563 9.266240e-08
1564 9.258972e-08
1565 9.251710e-08
1566 9.244451e-08
1567 9.237198e-08
1568 9.229948e-08
1569 9.222705e-08
1570 9.215464e-08
1571 9.208229e-08
1572 9.200999e-08
1573 9.193772e-08
1574 9.186552e-08
1575 9.179335e-08
1576 9.172122e-08
1577 9.164915e-08
1578 9.157711e-08
1579 9.150514e-08
1580 9.143319e-08
1581 9.136129e-08
1582 9.128945e-08
1583 9.121765e-08
1584 9.114590e-08
1585 9.107418e-08
1586 9.100251e-08
1587 9.093089e-08
1588 9.085931e-08
1589 9.078779e-08
1590 9.071630e-08
1591 9.064485e-08
1592 9.057346e-08
1593 9.050210e-08
1594 9.043081e-08
1595 9.035954e-08
1596 9.028833e-08
1597 9.021715e-08
1598 9.014602e-08
1599 9.007494e-08
1600 9.000390e-08
1601 8.993291e-08
1602 8.986196e-08
1603 8.979104e-08
1604 8.972019e-08
1605 8.964937e-08
1606 8.957860e-08
1607 8.950787e-08
1608 8.943718e-08
1609 8.936654e-08
1610 8.929594e-08
1611 8.922539e-08
1612 8.915488e-08
1613 8.908441e-08
1614 8.901399e-08
1615 8.894361e-08
1616 8.887328e-08
1617 8.880299e-08
1618 8.873275e-08
1619 8.866777e-08
1620 8.860283e-08
1621 8.853794e-08
1622 8.847310e-08
1623 8.840828e-08
1624 8.834351e-08
1625 8.827877e-08
1626 8.821409e-08
1627 8.814943e-08
1628 8.808482e-08
1629 8.802024e-08
1630 8.795572e-08
1631 8.789122e-08
1632 8.782676e-08
1633 8.776235e-08
1634 8.769798e-08
1635 8.763364e-08
1636 8.756934e-08
1637 8.750508e-08
1638 8.744086e-08
1639 8.737669e-08
1640 8.731255e-08
1641 8.724845e-08
1642 8.718438e-08
1643 8.712037e-08
1644 8.705638e-08
1645 8.699244e-08
1646 8.692853e-08
1647 8.686467e-08
1648 8.680084e-08
1649 8.673705e-08
1650 8.667329e-08
1651 8.660959e-08
1652 8.654591e-08
1653 8.648228e-08
1654 8.641868e-08
1655 8.635513e-08
1656 8.629161e-08
1657 8.622812e-08
1658 8.616468e-08
1659 8.610127e-08
1660 8.603791e-08
1661 8.597458e-08
1662 8.591129e-08
1663 8.584804e-08
1664 8.578483e-08
1665 8.572165e-08
1666 8.565851e-08
1667 8.559541e-08
1668 8.553236e-08
1669 8.546933e-08
1670 8.540634e-08
1671 8.534339e-08
1672 8.528049e-08
1673 8.521761e-08
1674 8.515477e-08
1675 8.509197e-08
1676 8.502922e-08
1677 8.496649e-08
1678 8.490381e-08
1679 8.484115e-08
1680 8.477855e-08
1681 8.471598e-08
1682 8.465344e-08
1683 8.459093e-08
1684 8.452847e-08
1685 8.446605e-08
1686 8.440366e-08
1687 8.434131e-08
1688 8.427899e-08
1689 8.421672e-08
1690 8.415448e-08
1691 8.409227e-08
1692 8.403011e-08
1693 8.396798e-08
1694 8.390589e-08
1695 8.384383e-08
1696 8.378181e-08
1697 8.371983e-08
1698 8.365788e-08
1699 8.359597e-08
1700 8.353409e-08
1701 8.347226e-08
1702 8.341046e-08
1703 8.334869e-08
1704 8.328696e-08
1705 8.322528e-08
1706 8.316362e-08
1707 8.310647e-08
1708 8.304934e-08
1709 8.299226e-08
1710 8.293520e-08
1711 8.287818e-08
1712 8.282120e-08
1713 8.276424e-08
1714 8.270732e-08
1715 8.265043e-08
1716 8.259358e-08
1717 8.253676e-08
1718 8.247997e-08
1719 8.242322e-08
1720 8.236649e-08
1721 8.230981e-08
1722 8.225315e-08
1723 8.219653e-08
1724 8.213994e-08
1725 8.208338e-08
1726 8.202685e-08
1727 8.197036e-08
1728 8.191390e-08
1729 8.185748e-08
1730 8.180108e-08
1731 8.174472e-08
1732 8.168839e-08
1733 8.163210e-08
1734 8.157583e-08
1735 8.151960e-08
1736 8.146341e-08
1737 8.140724e-08
1738 8.135111e-08
1739 8.129500e-08
1740 8.123893e-08
1741 8.118290e-08
1742 8.112688e-08
1743 8.107091e-08
1744 8.101497e-08
1745 8.095906e-08
1746 8.090318e-08
1747 8.084734e-08
1748 8.079153e-08
1749 8.073575e-08
1750 8.068000e-08
1751 8.062428e-08
1752 8.056859e-08
1753 8.051294e-08
1754 8.045732e-08
1755 8.040173e-08
1756 8.034617e-08
1757 8.029065e-08
1758 8.023515e-08
1759 8.017969e-08
1760 8.012426e-08
1761 8.006886e-08
1762 8.001349e-08
1763 7.995815e-08
1764 7.990284e-08
1765 7.984757e-08
1766 7.979233e-08
1767 7.973712e-08
1768 7.968194e-08
1769 7.962679e-08
1770 7.957167e-08
1771 7.951658e-08
1772 7.946152e-08
1773 7.940650e-08
1774 7.935151e-08
1775 7.929654e-08
1776 7.924161e-08
1777 7.918671e-08
1778 7.913184e-08
1779 7.907700e-08
1780 7.902219e-08
1781 7.896742e-08
1782 7.891267e-08
1783 7.885795e-08
1784 7.880327e-08
1785 7.874861e-08
1786 7.869399e-08
1787 7.863940e-08
1788 7.858483e-08
1789 7.853030e-08
1790 7.847580e-08
1791 7.842133e-08
1792 7.836689e-08
1793 7.831248e-08
1794 7.825810e-08
1795 7.820375e-08
1796 7.814943e-08
1797 7.809514e-08
1798 7.804088e-08
1799 7.798665e-08
1800 7.793246e-08
1801 7.788214e-08
1802 7.783184e-08
1803 7.778157e-08
1804 7.773133e-08
1805 7.768112e-08
1806 7.763094e-08
1807 7.758078e-08
1808 7.753065e-08
1809 7.748055e-08
1810 7.743048e-08
1811 7.738043e-08
1812 7.733041e-08
1813 7.728042e-08
1814 7.723046e-08
1815 7.718052e-08
1816 7.713061e-08
1817 7.708073e-08
1818 7.703088e-08
1819 7.698105e-08
1820 7.693126e-08
1821 7.688149e-08
1822 7.683175e-08
1823 7.678203e-08
1824 7.673234e-08
1825 7.668268e-08
1826 7.663304e-08
1827 7.658343e-08
1828 7.653385e-08
1829 7.648430e-08
1830 7.643477e-08
1831 7.638527e-08
1832 7.633580e-08
1833 7.628635e-08
1834 7.623695e-08
1835 7.618755e-08
1836 7.613819e-08
1837 7.608885e-08
1838 7.603954e-08
1839 7.599026e-08
1840 7.594100e-08
1841 7.589177e-08
1842 7.584256e-08
1843 7.579339e-08
1844 7.574424e-08
1845 7.569511e-08
1846 7.564602e-08
1847 7.559696e-08
1848 7.554791e-08
1849 7.549890e-08
1850 7.544990e-08
1851 7.540094e-08
1852 7.535200e-08
1853 7.530309e-08
1854 7.525421e-08
1855 7.520535e-08
1856 7.515651e-08
1857 7.510771e-08
1858 7.505893e-08
1859 7.501018e-08
1860 7.496145e-08
1861 7.491276e-08
1862 7.486408e-08
1863 7.481543e-08
1864 7.476681e-08
1865 7.471822e-08
1866 7.466964e-08
1867 7.462110e-08
1868 7.457258e-08
1869 7.452409e-08
1870 7.447562e-08
1871 7.442718e-08
1872 7.437877e-08
1873 7.433038e-08
1874 7.428202e-08
1875 7.423369e-08
1876 7.418538e-08
1877 7.413709e-08
1878 7.408883e-08
1879 7.404060e-08
1880 7.399239e-08
1881 7.394421e-08
1882 7.389605e-08
1883 7.384792e-08
1884 7.379981e-08
1885 7.375173e-08
1886 7.370368e-08
1887 7.365565e-08
1888 7.360764e-08
1889 7.355968e-08
1890 7.351172e-08
1891 7.346379e-08
1892 7.341589e-08
1893 7.336802e-08
1894 7.332016e-08
1895 7.327234e-08
1896 7.322454e-08
1897 7.317676e-08
1898 7.312901e-08
1899 7.308128e-08
1900 7.303688e-08
1901 7.299248e-08
1902 7.294811e-08
1903 7.290378e-08
1904 7.285945e-08
1905 7.281515e-08
1906 7.277088e-08
1907 7.272664e-08
1908 7.268241e-08
1909 7.263820e-08
1910 7.259402e-08
1911 7.254986e-08
1912 7.250573e-08
1913 7.246161e-08
1914 7.241753e-08
1915 7.237346e-08
1916 7.232942e-08
1917 7.228541e-08
1918 7.224141e-08
1919 7.219743e-08
1920 7.215348e-08
1921 7.210956e-08
1922 7.206565e-08
1923 7.202176e-08
1924 7.197791e-08
1925 7.193407e-08
1926 7.189026e-08
1927 7.184646e-08
1928 7.180270e-08
1929 7.175895e-08
1930 7.171523e-08
1931 7.167154e-08
1932 7.162786e-08
1933 7.158420e-08
1934 7.154057e-08
1935 7.149696e-08
1936 7.145337e-08
1937 7.140980e-08
1938 7.136627e-08
1939 7.132275e-08
1940 7.127925e-08
1941 7.123578e-08
1942 7.119232e-08
1943 7.114889e-08
1944 7.110548e-08
1945 7.106210e-08
1946 7.101874e-08
1947 7.097539e-08
1948 7.093208e-08
1949 7.088878e-08
1950 7.084551e-08
1951 7.080225e-08
1952 7.075903e-08
1953 7.071582e-08
1954 7.067263e-08
1955 7.062948e-08
1956 7.058633e-08
1957 7.054321e-08
1958 7.050012e-08
1959 7.045704e-08
1960 7.041399e-08
1961 7.037095e-08
1962 7.032795e-08
1963 7.028496e-08
1964 7.024199e-08
1965 7.019906e-08
1966 7.015613e-08
1967 7.011323e-08
1968 7.007035e-08
1969 7.002750e-08
1970 6.998466e-08
1971 6.994185e-08
1972 6.989907e-08
1973 6.985629e-08
1974 6.981354e-08
1975 6.977082e-08
1976 6.972812e-08
1977 6.968543e-08
1978 6.964277e-08
1979 6.960014e-08
1980 6.955752e-08
1981 6.951492e-08
1982 6.947235e-08
1983 6.942979e-08
1984 6.938726e-08
1985 6.934475e-08
1986 6.930226e-08
1987 6.925979e-08
1988 6.921735e-08
1989 6.917493e-08
1990 6.913252e-08
1991 6.909014e-08
1992 6.904777e-08
1993 6.900544e-08
1994 6.896312e-08
1995 6.892082e-08
1996 6.887855e-08
1997 6.883629e-08
1998 6.879406e-08
1999 6.875184e-08
2000 6.870966e-08
2001 6.866749e-08
2002 6.862533e-08
2003 6.858320e-08
2004 6.854393e-08
2005 6.850468e-08
2006 6.846545e-08
2007 6.842624e-08
2008 6.838704e-08
2009 6.834787e-08
2010 6.830871e-08
2011 6.826957e-08
2012 6.823046e-08
2013 6.819136e-08
2014 6.815228e-08
2015 6.811323e-08
2016 6.807419e-08
2017 6.803517e-08
2018 6.799617e-08
2019 6.795718e-08
2020 6.791822e-08
2021 6.787928e-08
2022 6.784036e-08
2023 6.780146e-08
2024 6.776258e-08
2025 6.772371e-08
2026 6.768487e-08
2027 6.764604e-08
2028 6.760723e-08
2029 6.756844e-08
2030 6.752967e-08
2031 6.749092e-08
2032 6.745219e-08
2033 6.741348e-08
2034 6.737479e-08
2035 6.733612e-08
2036 6.729746e-08
2037 6.725882e-08
2038 6.722021e-08
2039 6.718161e-08
2040 6.714303e-08
2041 6.710447e-08
2042 6.706593e-08
2043 6.702741e-08
2044 6.698891e-08
2045 6.695042e-08
2046 6.691195e-08
2047 6.687351e-08
2048 6.683508e-08
2049 6.679667e-08
2050 6.675828e-08
2051 6.671991e-08
2052 6.668156e-08
2053 6.664322e-08
2054 6.660490e-08
2055 6.656660e-08
2056 6.652833e-08
2057 6.649007e-08
2058 6.645183e-08
2059 6.641361e-08
2060 6.637540e-08
2061 6.633722e-08
2062 6.629905e-08
2063 6.626090e-08
2064 6.622277e-08
2065 6.618466e-08
2066 6.614657e-08
2067 6.610849e-08
2068 6.607044e-08
2069 6.603240e-08
2070 6.599438e-08
2071 6.595637e-08
2072 6.591839e-08
2073 6.588043e-08
2074 6.584248e-08
2075 6.580456e-08
2076 6.576665e-08
2077 6.572876e-08
2078 6.569089e-08
2079 6.565303e-08
2080 6.561519e-08
2081 6.557737e-08
2082 6.553957e-08
2083 6.550179e-08
2084 6.546403e-08
2085 6.542628e-08
2086 6.538856e-08
2087 6.535085e-08
2088 6.531316e-08
2089 6.527548e-08
2090 6.523782e-08
2091 6.520019e-08
2092 6.516257e-08
2093 6.512497e-08
2094 6.508739e-08
2095 6.504982e-08
2096 6.501228e-08
2097 6.497475e-08
2098 6.493723e-08
2099 6.489973e-08
2100 6.486226e-08
2101 6.482480e-08
2102 6.478736e-08
2103 6.474994e-08
2104 6.471254e-08
2105 6.467515e-08
2106 6.463779e-08
2107 6.460043e-08
2108 6.456309e-08
2109 6.452578e-08
2110 6.448848e-08
2111 6.445120e-08
2112 6.441394e-08
2113 6.437670e-08
2114 6.433946e-08
2115 6.430469e-08
2116 6.426993e-08
2117 6.423519e-08
2118 6.420046e-08
2119 6.416575e-08
2120 6.413106e-08
2121 6.409638e-08
2122 6.406172e-08
2123 6.402708e-08
2124 6.399245e-08
2125 6.395784e-08
2126 6.392325e-08
2127 6.388867e-08
2128 6.385411e-08
2129 6.381956e-08
2130 6.378503e-08
2131 6.375052e-08
2132 6.371602e-08
2133 6.368154e-08
2134 6.364707e-08
2135 6.361262e-08
2136 6.357819e-08
2137 6.354378e-08
2138 6.350938e-08
2139 6.347499e-08
2140 6.344062e-08
2141 6.340627e-08
2142 6.337193e-08
2143 6.333761e-08
2144 6.330331e-08
2145 6.326902e-08
2146 6.323475e-08
2147 6.320049e-08
2148 6.316625e-08
2149 6.313203e-08
2150 6.309782e-08
2151 6.306363e-08
2152 6.302945e-08
2153 6.299529e-08
2154 6.296115e-08
2155 6.292702e-08
2156 6.289291e-08
2157 6.285881e-08
2158 6.282473e-08
2159 6.279066e-08
2160 6.275661e-08
2161 6.272258e-08
2162 6.268856e-08
2163 6.265456e-08
2164 6.262057e-08
2165 6.258660e-08
2166 6.255264e-08
2167 6.251870e-08
2168 6.248478e-08
2169 6.245087e-08
2170 6.241698e-08
2171 6.238310e-08
2172 6.234924e-08
2173 6.231539e-08
2174 6.228156e-08
2175 6.224775e-08
2176 6.221395e-08
2177 6.218017e-08
2178 6.214640e-08
2179 6.211265e-08
2180 6.207891e-08
2181 6.204519e-08
2182 6.201148e-08
2183 6.197779e-08
2184 6.194411e-08
2185 6.191045e-08
2186 6.187681e-08
2187 6.184318e-08
2188 6.180957e-08
2189 6.177597e-08
2190 6.174239e-08
2191 6.170882e-08
2192 6.167527e-08
2193 6.164173e-08
2194 6.160821e-08
2195 6.157470e-08
2196 6.154121e-08
2197 6.150773e-08
2198 6.147427e-08
2199 6.144083e-08
2200 6.140740e-08
2201 6.137398e-08
2202 6.134058e-08
2203 6.130720e-08
2204 6.127383e-08
2205 6.124047e-08
2206 6.120713e-08
2207 6.117381e-08
2208 6.114050e-08
2209 6.110721e-08
2210 6.107393e-08
2211 6.104066e-08
2212 6.100742e-08
2213 6.097418e-08
2214 6.094096e-08
2215 6.090776e-08
2216 6.087457e-08
2217 6.084140e-08
2218 6.080824e-08
2219 6.077509e-08
2220 6.074197e-08
2221 6.070885e-08
2222 6.067575e-08
2223 6.064267e-08
2224 6.060960e-08
2225 6.057654e-08
2226 6.054351e-08
2227 6.051048e-08
2228 6.047747e-08
2229 6.044448e-08
2230 6.041150e-08
2231 6.038062e-08
2232 6.034975e-08
2233 6.031891e-08
2234 6.028807e-08
2235 6.025725e-08
2236 6.022644e-08
2237 6.019564e-08
2238 6.016487e-08
2239 6.013409e-08
2240 6.010334e-08
2241 6.007261e-08
2242 6.004188e-08
2243 6.001117e-08
2244 5.998047e-08
2245 5.994979e-08
2246 5.991912e-08
2247 5.988846e-08
2248 5.985782e-08
2249 5.982718e-08
2250 5.979657e-08
2251 5.976597e-08
2252 5.973537e-08
2253 5.970480e-08
2254 5.967424e-08
2255 5.964369e-08
2256 5.961316e-08
2257 5.958263e-08
2258 5.955213e-08
2259 5.952163e-08
2260 5.949115e-08
2261 5.946069e-08
2262 5.943023e-08
2263 5.939979e-08
2264 5.936937e-08
2265 5.933895e-08
2266 5.930855e-08
2267 5.927816e-08
2268 5.924779e-08
2269 5.921744e-08
2270 5.918708e-08
2271 5.915676e-08
2272 5.912643e-08
2273 5.909613e-08
2274 5.906584e-08
2275 5.903555e-08
2276 5.900529e-08
2277 5.897503e-08
2278 5.894480e-08
2279 5.891457e-08
2280 5.888435e-08
2281 5.885416e-08
2282 5.882397e-08
2283 5.879380e-08
2284 5.876364e-08
2285 5.873349e-08
2286 5.870336e-08
2287 5.867323e-08
2288 5.864313e-08
2289 5.861304e-08
2290 5.858295e-08
2291 5.855289e-08
2292 5.852283e-08
2293 5.849279e-08
2294 5.846276e-08
2295 5.843274e-08
2296 5.840274e-08
2297 5.837275e-08
2298 5.834278e-08
2299 5.831282e-08
2300 5.828286e-08
2301 5.825293e-08
2302 5.822300e-08
2303 5.819309e-08
2304 5.816319e-08
2305 5.813330e-08
2306 5.810343e-08
2307 5.807358e-08
2308 5.804373e-08
2309 5.801390e-08
2310 5.798407e-08
2311 5.795427e-08
2312 5.792448e-08
2313 5.789469e-08
2314 5.786492e-08
2315 5.783516e-08
2316 5.780542e-08
2317 5.777570e-08
2318 5.774597e-08
2319 5.771627e-08
2320 5.768658e-08
2321 5.765690e-08
2322 5.762724e-08
2323 5.759758e-08
2324 5.756794e-08
2325 5.753831e-08
2326 5.750870e-08
2327 5.747910e-08
2328 5.744950e-08
2329 5.741993e-08
2330 5.739036e-08
2331 5.736081e-08
2332 5.733127e-08
2333 5.730174e-08
2334 5.727223e-08
2335 5.724273e-08
2336 5.721324e-08
2337 5.718377e-08
2338 5.715430e-08
2339 5.712485e-08
2340 5.709541e-08
2341 5.706599e-08
2342 5.703658e-08
2343 5.700717e-08
2344 5.697779e-08
2345 5.694842e-08
2346 5.691905e-08
2347 5.688970e-08
2348 5.686036e-08
2349 5.683104e-08
2350 5.680173e-08
2351 5.677242e-08
2352 5.674314e-08
2353 5.671567e-08
2354 5.668821e-08
2355 5.666077e-08
2356 5.663333e-08
2357 5.660591e-08
2358 5.657849e-08
2359 5.655109e-08
2360 5.652370e-08
2361 5.649632e-08
2362 5.646896e-08
2363 5.644160e-08
2364 5.641426e-08
2365 5.638693e-08
2366 5.635961e-08
2367 5.633231e-08
2368 5.630500e-08
2369 5.627772e-08
2370 5.625045e-08
2371 5.622319e-08
2372 5.619594e-08
2373 5.616870e-08
2374 5.614147e-08
2375 5.611426e-08
2376 5.608705e-08
2377 5.605986e-08
2378 5.603267e-08
2379 5.600550e-08
2380 5.597834e-08
2381 5.595120e-08
2382 5.592406e-08
2383 5.589694e-08
2384 5.586983e-08
2385 5.584273e-08
2386 5.581564e-08
2387 5.578856e-08
2388 5.576148e-08
2389 5.573443e-08
2390 5.570738e-08
2391 5.568035e-08
2392 5.565333e-08
2393 5.562632e-08
2394 5.559932e-08
2395 5.557233e-08
2396 5.554535e-08
2397 5.551838e-08
2398 5.549143e-08
2399 5.546448e-08
2400 5.543755e-08
2401 5.541063e-08
2402 5.538372e-08
2403 5.535683e-08
2404 5.532994e-08
2405 5.530306e-08
2406 5.527620e-08
2407 5.524934e-08
2408 5.522250e-08
2409 5.519567e-08
2410 5.516885e-08
2411 5.514204e-08
2412 5.511524e-08
2413 5.508845e-08
2414 5.506168e-08
2415 5.503491e-08
2416 5.500816e-08
2417 5.498141e-08
2418 5.495468e-08
2419 5.492796e-08
2420 5.490125e-08
2421 5.487455e-08
2422 5.484787e-08
2423 5.482119e-08
2424 5.479453e-08
2425 5.476787e-08
2426 5.474123e-08
2427 5.471459e-08
2428 5.468797e-08
2429 5.466136e-08
2430 5.463476e-08
2431 5.460817e-08
2432 5.458160e-08
2433 5.455503e-08
2434 5.452848e-08
2435 5.450193e-08
2436 5.447540e-08
2437 5.444887e-08
2438 5.442236e-08
2439 5.439586e-08
2440 5.436937e-08
2441 5.434289e-08
2442 5.431642e-08
2443 5.428996e-08
2444 5.426352e-08
2445 5.423708e-08
2446 5.421065e-08
2447 5.418424e-08
2448 5.415783e-08
2449 5.413144e-08
2450 5.410506e-08
2451 5.407869e-08
2452 5.405233e-08
2453 5.402598e-08
2454 5.399964e-08
2455 5.397331e-08
2456 5.394699e-08
2457 5.392068e-08
2458 5.389439e-08
2459 5.386810e-08
2460 5.384183e-08
2461 5.381556e-08
2462 5.378931e-08
2463 5.376307e-08
2464 5.373684e-08
2465 5.371062e-08
2466 5.368440e-08
2467 5.365820e-08
2468 5.363201e-08
2469 5.360583e-08
2470 5.357966e-08
2471 5.355351e-08
2472 5.352736e-08
2473 5.350122e-08
2474 5.347510e-08
2475 5.344898e-08
2476 5.342287e-08
2477 5.339678e-08
2478 5.337069e-08
2479 5.334462e-08
2480 5.331856e-08
2481 5.329251e-08
2482 5.326804e-08
2483 5.324358e-08
2484 5.321913e-08
2485 5.319468e-08
2486 5.317026e-08
2487 5.314583e-08
2488 5.312142e-08
2489 5.309702e-08
2490 5.307263e-08
2491 5.304824e-08
2492 5.302387e-08
2493 5.299951e-08
2494 5.297516e-08
2495 5.295081e-08
2496 5.292648e-08
2497 5.290215e-08
2498 5.287784e-08
2499 5.285354e-08
2500 5.282925e-08
2501 5.280496e-08
2502 5.278069e-08
2503 5.275642e-08
2504 5.273216e-08
2505 5.270791e-08
2506 5.268368e-08
2507 5.265945e-08
2508 5.263524e-08
2509 5.261103e-08
2510 5.258683e-08
2511 5.256264e-08
2512 5.253847e-08
2513 5.251430e-08
2514 5.249014e-08
2515 5.246599e-08
2516 5.244185e-08
2517 5.241772e-08
2518 5.239360e-08
2519 5.236949e-08
2520 5.234539e-08
2521 5.232129e-08
2522 5.229721e-08
2523 5.227314e-08
2524 5.224907e-08
2525 5.222502e-08
2526 5.220097e-08
2527 5.217694e-08
2528 5.215291e-08
2529 5.212890e-08
2530 5.210489e-08
2531 5.208090e-08
2532 5.205691e-08
2533 5.203293e-08
2534 5.200896e-08
2535 5.198500e-08
2536 5.196105e-08
2537 5.193712e-08
2538 5.191318e-08
2539 5.188926e-08
2540 5.186535e-08
2541 5.184145e-08
2542 5.181755e-08
2543 5.179367e-08
2544 5.176980e-08
2545 5.174593e-08
2546 5.172208e-08
2547 5.169823e-08
2548 5.167439e-08
2549 5.165057e-08
2550 5.162675e-08
2551 5.160294e-08
2552 5.157914e-08
2553 5.155536e-08
2554 5.153157e-08
2555 5.150780e-08
2556 5.148404e-08
2557 5.146029e-08
2558 5.143654e-08
2559 5.141281e-08
2560 5.138908e-08
2561 5.136537e-08
2562 5.134166e-08
2563 5.131797e-08
2564 5.129428e-08
2565 5.127060e-08
2566 5.124693e-08
2567 5.122327e-08
2568 5.119962e-08
2569 5.117598e-08
2570 5.115235e-08
2571 5.112873e-08
2572 5.110511e-08
2573 5.108151e-08
2574 5.105791e-08
2575 5.103432e-08
2576 5.101074e-08
2577 5.098718e-08
2578 5.096362e-08
2579 5.094007e-08
2580 5.091653e-08
2581 5.089300e-08
2582 5.086947e-08
2583 5.084596e-08
2584 5.082245e-08
2585 5.079896e-08
2586 5.077547e-08
2587 5.075200e-08
2588 5.072853e-08
2589 5.070507e-08
2590 5.068162e-08
2591 5.065818e-08
2592 5.063475e-08
2593 5.061133e-08
2594 5.058791e-08
2595 5.056451e-08
2596 5.054111e-08
2597 5.051773e-08
2598 5.049435e-08
2599 5.047098e-08
2600 5.044762e-08
2601 5.042427e-08
2602 5.040093e-08
2603 5.037760e-08
2604 5.035427e-08
2605 5.033096e-08
2606 5.030765e-08
2607 5.028436e-08
2608 5.026107e-08
2609 5.023779e-08
2610 5.021452e-08
2611 5.019126e-08
2612 5.016800e-08
2613 5.014476e-08
2614 5.012153e-08
2615 5.009831e-08
2616 5.007509e-08
2617 5.005188e-08
2618 5.002868e-08
2619 5.000685e-08
2620 4.998504e-08
2621 4.996323e-08
2622 4.994144e-08
2623 4.991965e-08
2624 4.989786e-08
2625 4.987609e-08
2626 4.985433e-08
2627 4.983257e-08
2628 4.981082e-08
2629 4.978908e-08
2630 4.976735e-08
2631 4.974563e-08
2632 4.972392e-08
2633 4.970220e-08
2634 4.968051e-08
2635 4.965882e-08
2636 4.963714e-08
2637 4.961547e-08
2638 4.959380e-08
2639 4.957214e-08
2640 4.955049e-08
2641 4.952885e-08
2642 4.950721e-08
2643 4.948559e-08
2644 4.946398e-08
2645 4.944237e-08
2646 4.942077e-08
2647 4.939917e-08
2648 4.937759e-08
2649 4.935601e-08
2650 4.933445e-08
2651 4.931289e-08
2652 4.929134e-08
2653 4.926980e-08
2654 4.924826e-08
2655 4.922673e-08
2656 4.920521e-08
2657 4.918370e-08
2658 4.916221e-08
2659 4.914071e-08
2660 4.911922e-08
2661 4.909774e-08
2662 4.907627e-08
2663 4.905481e-08
2664 4.903336e-08
2665 4.901191e-08
2666 4.899047e-08
2667 4.896905e-08
2668 4.894762e-08
2669 4.892621e-08
2670 4.890480e-08
2671 4.888340e-08
2672 4.886202e-08
2673 4.884063e-08
2674 4.881926e-08
2675 4.879789e-08
2676 4.877654e-08
2677 4.875518e-08
2678 4.873384e-08
2679 4.871251e-08
2680 4.869118e-08
2681 4.866987e-08
2682 4.864856e-08
2683 4.862726e-08
2684 4.860596e-08
2685 4.858468e-08
2686 4.856340e-08
2687 4.854213e-08
2688 4.852087e-08
2689 4.849961e-08
2690 4.847836e-08
2691 4.845712e-08
2692 4.843589e-08
2693 4.841467e-08
2694 4.839346e-08
2695 4.837225e-08
2696 4.835105e-08
2697 4.832986e-08
2698 4.830867e-08
2699 4.828750e-08
2700 4.826633e-08
2701 4.824517e-08
2702 4.822402e-08
2703 4.820287e-08
2704 4.818174e-08
2705 4.816061e-08
2706 4.813949e-08
2707 4.811838e-08
2708 4.809727e-08
2709 4.807618e-08
2710 4.805508e-08
2711 4.803400e-08
2712 4.801293e-08
2713 4.799186e-08
2714 4.797081e-08
2715 4.794975e-08
2716 4.792871e-08
2717 4.790767e-08
2718 4.788665e-08
2719 4.786562e-08
2720 4.784462e-08
2721 4.782361e-08
2722 4.780261e-08
2723 4.778163e-08
2724 4.776064e-08
2725 4.773967e-08
2726 4.771870e-08
2727 4.769775e-08
2728 4.767680e-08
2729 4.765585e-08
2730 4.763492e-08
2731 4.761399e-08
2732 4.759307e-08
2733 4.757216e-08
2734 4.755126e-08
2735 4.753036e-08
2736 4.750947e-08
2737 4.748859e-08
2738 4.746771e-08
2739 4.744685e-08
2740 4.742599e-08
2741 4.740514e-08
2742 4.738430e-08
2743 4.736346e-08
2744 4.734263e-08
2745 4.732181e-08
2746 4.730100e-08
2747 4.728019e-08
2748 4.725939e-08
2749 4.723861e-08
2750 4.721782e-08
2751 4.719705e-08
2752 4.717628e-08
2753 4.715552e-08
2754 4.713476e-08
2755 4.711402e-08
2756 4.709329e-08
2757 4.707255e-08
2758 4.705183e-08
2759 4.703112e-08
2760 4.701041e-08
2761 4.698971e-08
2762 4.696902e-08
2763 4.694952e-08
2764 4.693002e-08
2765 4.691054e-08
2766 4.689106e-08
2767 4.687159e-08
2768 4.685213e-08
2769 4.683267e-08
2770 4.681322e-08
2771 4.679378e-08
2772 4.677434e-08
2773 4.675491e-08
2774 4.673549e-08
2775 4.671607e-08
2776 4.669667e-08
2777 4.667727e-08
2778 4.665788e-08
2779 4.663849e-08
2780 4.661911e-08
2781 4.659974e-08
2782 4.658037e-08
2783 4.656101e-08
2784 4.654166e-08
2785 4.652231e-08
2786 4.650298e-08
2787 4.648365e-08
2788 4.646432e-08
2789 4.644500e-08
2790 4.642570e-08
2791 4.640639e-08
2792 4.638709e-08
2793 4.636780e-08
2794 4.634852e-08
2795 4.632925e-08
2796 4.630998e-08
2797 4.629072e-08
2798 4.627146e-08
2799 4.625221e-08
2800 4.623297e-08
2801 4.621374e-08
2802 4.619451e-08
2803 4.617529e-08
2804 4.615607e-08
2805 4.613687e-08
2806 4.611767e-08
2807 4.609847e-08
2808 4.607929e-08
2809 4.606011e-08
2810 4.604094e-08
2811 4.602177e-08
2812 4.600261e-08
2813 4.598346e-08
2814 4.596432e-08
2815 4.594517e-08
2816 4.592604e-08
2817 4.590692e-08
2818 4.588780e-08
2819 4.586869e-08
2820 4.584958e-08
2821 4.583049e-08
2822 4.581140e-08
2823 4.579231e-08
2824 4.577323e-08
2825 4.575416e-08
2826 4.573510e-08
2827 4.571604e-08
2828 4.569699e-08
2829 4.567795e-08
2830 4.565891e-08
2831 4.563988e-08
2832 4.562085e-08
2833 4.560184e-08
2834 4.558283e-08
2835 4.556383e-08
2836 4.554483e-08
2837 4.552584e-08
2838 4.550685e-08
2839 4.548787e-08
2840 4.546890e-08
2841 4.544994e-08
2842 4.543099e-08
2843 4.541204e-08
2844 4.539309e-08
2845 4.537416e-08
2846 4.535523e-08
2847 4.533630e-08
2848 4.531738e-08
2849 4.529848e-08
2850 4.527957e-08
2851 4.526068e-08
2852 4.524178e-08
2853 4.522290e-08
2854 4.520403e-08
2855 4.518515e-08
2856 4.516629e-08
2857 4.514743e-08
2858 4.512858e-08
2859 4.510974e-08
2860 4.509090e-08
2861 4.507207e-08
2862 4.505325e-08
2863 4.503443e-08
2864 4.501562e-08
2865 4.499681e-08
2866 4.497802e-08
2867 4.495923e-08
2868 4.494044e-08
2869 4.492166e-08
2870 4.490289e-08
2871 4.488412e-08
2872 4.486536e-08
2873 4.484661e-08
2874 4.482787e-08
2875 4.480913e-08
2876 4.479039e-08
2877 4.477167e-08
2878 4.475295e-08
2879 4.473423e-08
2880 4.471553e-08
2881 4.469683e-08
2882 4.467814e-08
2883 4.465945e-08
2884 4.464077e-08
2885 4.462210e-08
2886 4.460343e-08
2887 4.458476e-08
2888 4.456611e-08
2889 4.454746e-08
2890 4.452882e-08
2891 4.451019e-08
2892 4.449156e-08
2893 4.447294e-08
2894 4.445432e-08
2895 4.443571e-08
2896 4.441711e-08
2897 4.439851e-08
2898 4.437992e-08
2899 4.436134e-08
2900 4.434276e-08
2901 4.432419e-08
2902 4.430563e-08
2903 4.428706e-08
2904 4.426851e-08
2905 4.424997e-08
2906 4.423143e-08
2907 4.421290e-08
2908 4.419437e-08
2909 4.417585e-08
2910 4.415734e-08
2911 4.413883e-08
2912 4.412033e-08
2913 4.410184e-08
2914 4.408438e-08
2915 4.406694e-08
2916 4.404951e-08
2917 4.403208e-08
2918 4.401465e-08
2919 4.399723e-08
2920 4.397982e-08
2921 4.396241e-08
2922 4.394501e-08
2923 4.392762e-08
2924 4.391023e-08
2925 4.389284e-08
2926 4.387547e-08
2927 4.385810e-08
2928 4.384073e-08
2929 4.382337e-08
2930 4.380602e-08
2931 4.378867e-08
2932 4.377133e-08
2933 4.375400e-08
2934 4.373666e-08
2935 4.371934e-08
2936 4.370202e-08
2937 4.368471e-08
2938 4.366740e-08
2939 4.365011e-08
2940 4.363281e-08
2941 4.361552e-08
2942 4.359824e-08
2943 4.358096e-08
2944 4.356369e-08
2945 4.354643e-08
2946 4.352917e-08
2947 4.351192e-08
2948 4.349467e-08
2949 4.347742e-08
2950 4.346019e-08
2951 4.344296e-08
2952 4.342573e-08
2953 4.340852e-08
2954 4.339131e-08
2955 4.337410e-08
2956 4.335690e-08
2957 4.333971e-08
2958 4.332251e-08
2959 4.330533e-08
2960 4.328816e-08
2961 4.327098e-08
2962 4.325382e-08
2963 4.323666e-08
2964 4.321950e-08
2965 4.320235e-08
2966 4.318521e-08
2967 4.316808e-08
2968 4.315094e-08
2969 4.313382e-08
2970 4.311670e-08
2971 4.309959e-08
2972 4.308248e-08
2973 4.306538e-08
2974 4.304828e-08
2975 4.303119e-08
2976 4.301410e-08
2977 4.299703e-08
2978 4.297995e-08
2979 4.296288e-08
2980 4.294582e-08
2981 4.292876e-08
2982 4.291171e-08
2983 4.289467e-08
2984 4.287763e-08
2985 4.286060e-08
2986 4.284357e-08
2987 4.282655e-08
2988 4.280953e-08
2989 4.279252e-08
2990 4.277552e-08
2991 4.275852e-08
2992 4.274152e-08
2993 4.272454e-08
2994 4.270755e-08
2995 4.269057e-08
2996 4.267360e-08
2997 4.265664e-08
2998 4.263968e-08
2999 4.262272e-08
3000 4.260578e-08
3001 4.258884e-08
3002 4.257190e-08
3003 4.255496e-08
3004 4.253804e-08
3005 4.252112e-08
3006 4.250420e-08
3007 4.248730e-08
3008 4.247040e-08
3009 4.245350e-08
3010 4.243661e-08
3011 4.241972e-08
3012 4.240284e-08
3013 4.238596e-08
3014 4.236910e-08
3015 4.235223e-08
3016 4.233537e-08
3017 4.231852e-08
3018 4.230167e-08
3019 4.228483e-08
3020 4.226800e-08
3021 4.225117e-08
3022 4.223434e-08
3023 4.221752e-08
3024 4.220071e-08
3025 4.218390e-08
3026 4.216709e-08
3027 4.215030e-08
3028 4.213351e-08
3029 4.211672e-08
3030 4.209994e-08
3031 4.208317e-08
3032 4.206640e-08
3033 4.204963e-08
3034 4.203288e-08
3035 4.201612e-08
3036 4.199937e-08
3037 4.198264e-08
3038 4.196590e-08
3039 4.194917e-08
3040 4.193244e-08
3041 4.191572e-08
3042 4.189901e-08
3043 4.188230e-08
3044 4.186560e-08
3045 4.184890e-08
3046 4.183221e-08
3047 4.181552e-08
3048 4.179884e-08
3049 4.178216e-08
3050 4.176549e-08
3051 4.174883e-08
3052 4.173217e-08
3053 4.171551e-08
3054 4.169887e-08
3055 4.168222e-08
3056 4.166558e-08
3057 4.164896e-08
3058 4.163233e-08
3059 4.161571e-08
3060 4.159909e-08
3061 4.158248e-08
3062 4.156588e-08
3063 4.154927e-08
3064 4.153268e-08
3065 4.151609e-08
3066 4.149951e-08
3067 4.148293e-08
3068 4.146636e-08
3069 4.144979e-08
3070 4.143323e-08
3071 4.141668e-08
3072 4.140012e-08
3073 4.138358e-08
3074 4.136704e-08
3075 4.135142e-08
3076 4.133581e-08
3077 4.132021e-08
3078 4.130460e-08
3079 4.128900e-08
3080 4.127341e-08
3081 4.125783e-08
3082 4.124224e-08
3083 4.122666e-08
3084 4.121109e-08
3085 4.119552e-08
3086 4.117997e-08
3087 4.116441e-08
3088 4.114885e-08
3089 4.113331e-08
3090 4.111777e-08
3091 4.110223e-08
3092 4.108670e-08
3093 4.107117e-08
3094 4.105565e-08
3095 4.104013e-08
3096 4.102462e-08
3097 4.100911e-08
3098 4.099361e-08
3099 4.097812e-08
3100 4.096262e-08
3101 4.094714e-08
3102 4.093165e-08
3103 4.091618e-08
3104 4.090071e-08
3105 4.088524e-08
3106 4.086978e-08
3107 4.085432e-08
3108 4.083887e-08
3109 4.082342e-08
3110 4.080798e-08
3111 4.079254e-08
3112 4.077711e-08
3113 4.076169e-08
3114 4.074626e-08
3115 4.073085e-08
3116 4.071543e-08
3117 4.070003e-08
3118 4.068463e-08
3119 4.066923e-08
3120 4.065383e-08
3121 4.063845e-08
3122 4.062307e-08
3123 4.060769e-08
3124 4.059231e-08
3125 4.057695e-08
3126 4.056159e-08
3127 4.054623e-08
3128 4.053087e-08
3129 4.051552e-08
3130 4.050018e-08
3131 4.048485e-08
3132 4.046951e-08
3133 4.045418e-08
3134 4.043886e-08
3135 4.042354e-08
3136 4.040823e-08
3137 4.039292e-08
3138 4.037761e-08
3139 4.036231e-08
3140 4.034702e-08
3141 4.033173e-08
3142 4.031645e-08
3143 4.030117e-08
3144 4.028589e-08
3145 4.027062e-08
3146 4.025536e-08
3147 4.024010e-08
3148 4.022484e-08
3149 4.020959e-08
3150 4.019435e-08
3151 4.017910e-08
3152 4.016387e-08
3153 4.014864e-08
3154 4.013341e-08
3155 4.011819e-08
3156 4.010297e-08
3157 4.008776e-08
3158 4.007256e-08
3159 4.005735e-08
3160 4.004215e-08
3161 4.002696e-08
3162 4.001178e-08
3163 3.999659e-08
3164 3.998141e-08
3165 3.996624e-08
3166 3.995107e-08
3167 3.993591e-08
3168 3.992075e-08
3169 3.990559e-08
3170 3.989044e-08
3171 3.987530e-08
3172 3.986016e-08
3173 3.984503e-08
3174 3.982989e-08
3175 3.981477e-08
3176 3.979965e-08
3177 3.978453e-08
3178 3.976942e-08
3179 3.975431e-08
3180 3.973921e-08
3181 3.972412e-08
3182 3.970902e-08
3183 3.969393e-08
3184 3.967885e-08
3185 3.966378e-08
3186 3.964870e-08
3187 3.963363e-08
3188 3.961857e-08
3189 3.960351e-08
3190 3.958846e-08
3191 3.957341e-08
3192 3.955836e-08
3193 3.954332e-08
3194 3.952829e-08
3195 3.951326e-08
3196 3.949823e-08
3197 3.948321e-08
3198 3.946819e-08
3199 3.945318e-08
3200 3.943817e-08
3201 3.942317e-08
3202 3.940817e-08
3203 3.939318e-08
3204 3.937819e-08
3205 3.936320e-08
3206 3.934822e-08
3207 3.933325e-08
3208 3.931828e-08
3209 3.930332e-08
3210 3.928835e-08
3211 3.927340e-08
3212 3.925845e-08
3213 3.924350e-08
3214 3.922856e-08
3215 3.921362e-08
3216 3.919869e-08
3217 3.918376e-08
3218 3.916884e-08
3219 3.915392e-08
3220 3.913900e-08
3221 3.912410e-08
3222 3.910919e-08
3223 3.909429e-08
3224 3.907939e-08
3225 3.906450e-08
3226 3.904962e-08
3227 3.903474e-08
3228 3.901986e-08
3229 3.900498e-08
3230 3.899012e-08
3231 3.897526e-08
3232 3.896040e-08
3233 3.894554e-08
3234 3.893069e-08
3235 3.891585e-08
3236 3.890101e-08
3237 3.888617e-08
3238 3.887134e-08
3239 3.885652e-08
3240 3.884169e-08
3241 3.882687e-08
3242 3.881206e-08
3243 3.879726e-08
3244 3.878326e-08
3245 3.876926e-08
3246 3.875528e-08
3247 3.874129e-08
3248 3.872731e-08
3249 3.871333e-08
3250 3.869936e-08
3251 3.868539e-08
3252 3.867143e-08
3253 3.865746e-08
3254 3.864351e-08
3255 3.862956e-08
3256 3.861561e-08
3257 3.860167e-08
3258 3.858773e-08
3259 3.857380e-08
3260 3.855987e-08
3261 3.854594e-08
3262 3.853202e-08
3263 3.851810e-08
3264 3.850419e-08
3265 3.849028e-08
3266 3.847638e-08
3267 3.846248e-08
3268 3.844858e-08
3269 3.843469e-08
3270 3.842080e-08
3271 3.840692e-08
3272 3.839304e-08
3273 3.837917e-08
3274 3.836529e-08
3275 3.835143e-08
3276 3.833757e-08
3277 3.832371e-08
3278 3.830986e-08
3279 3.829601e-08
3280 3.828217e-08
3281 3.826832e-08
3282 3.825449e-08
3283 3.824065e-08
3284 3.822683e-08
3285 3.821300e-08
3286 3.819918e-08
3287 3.818537e-08
3288 3.817156e-08
3289 3.815775e-08
3290 3.814395e-08
3291 3.813015e-08
3292 3.811635e-08
3293 3.810256e-08
3294 3.808878e-08
3295 3.807499e-08
3296 3.806122e-08
3297 3.804744e-08
3298 3.803367e-08
3299 3.801991e-08
3300 3.800615e-08
3301 3.799239e-08
3302 3.797864e-08
3303 3.796489e-08
3304 3.795115e-08
3305 3.793741e-08
3306 3.792367e-08
3307 3.790994e-08
3308 3.789621e-08
3309 3.788249e-08
3310 3.786877e-08
3311 3.785505e-08
3312 3.784134e-08
3313 3.782763e-08
3314 3.781393e-08
3315 3.780023e-08
3316 3.778654e-08
3317 3.777285e-08
3318 3.775916e-08
3319 3.774548e-08
3320 3.773180e-08
3321 3.771813e-08
3322 3.770445e-08
3323 3.769079e-08
3324 3.767713e-08
3325 3.766347e-08
3326 3.764982e-08
3327 3.763617e-08
3328 3.762253e-08
3329 3.760888e-08
3330 3.759525e-08
3331 3.758161e-08
3332 3.756799e-08
3333 3.755436e-08
3334 3.754074e-08
3335 3.752712e-08
3336 3.751351e-08
3337 3.749990e-08
3338 3.748630e-08
3339 3.747270e-08
3340 3.745910e-08
3341 3.744551e-08
3342 3.743192e-08
3343 3.741834e-08
3344 3.740476e-08
3345 3.739118e-08
3346 3.737761e-08
3347 3.736404e-08
3348 3.735048e-08
3349 3.733692e-08
3350 3.732336e-08
3351 3.730982e-08
3352 3.729627e-08
3353 3.728272e-08
3354 3.726918e-08
3355 3.725565e-08
3356 3.724212e-08
3357 3.722859e-08
3358 3.721507e-08
3359 3.720155e-08
3360 3.718803e-08
3361 3.717452e-08
3362 3.716101e-08
3363 3.714751e-08
3364 3.713401e-08
3365 3.712052e-08
3366 3.710702e-08
3367 3.709354e-08
3368 3.708005e-08
3369 3.706658e-08
3370 3.705310e-08
3371 3.703963e-08
3372 3.702616e-08
3373 3.701270e-08
3374 3.699924e-08
3375 3.698579e-08
3376 3.697234e-08
3377 3.695889e-08
3378 3.694545e-08
3379 3.693201e-08
3380 3.691857e-08
3381 3.690514e-08
3382 3.689171e-08
3383 3.687829e-08
3384 3.686487e-08
3385 3.685145e-08
3386 3.683804e-08
3387 3.682463e-08
3388 3.681123e-08
3389 3.679783e-08
3390 3.678444e-08
3391 3.677104e-08
3392 3.675766e-08
3393 3.674427e-08
3394 3.673090e-08
3395 3.671752e-08
3396 3.670415e-08
3397 3.669078e-08
3398 3.667742e-08
3399 3.666406e-08
3400 3.665070e-08
3401 3.663735e-08
3402 3.662400e-08
3403 3.661066e-08
3404 3.659731e-08
3405 3.658398e-08
3406 3.657065e-08
3407 3.655732e-08
3408 3.654399e-08
3409 3.653067e-08
3410 3.651735e-08
3411 3.650404e-08
3412 3.649073e-08
3413 3.647743e-08
3414 3.646413e-08
3415 3.645083e-08
3416 3.643753e-08
3417 3.642425e-08
3418 3.641096e-08
3419 3.639768e-08
3420 3.638440e-08
3421 3.637113e-08
3422 3.635857e-08
3423 3.634601e-08
3424 3.633346e-08
3425 3.632091e-08
3426 3.630837e-08
3427 3.629583e-08
3428 3.628329e-08
3429 3.627076e-08
3430 3.625823e-08
3431 3.624570e-08
3432 3.623318e-08
3433 3.622066e-08
3434 3.620815e-08
3435 3.619564e-08
3436 3.618313e-08
3437 3.617062e-08
3438 3.615812e-08
3439 3.614563e-08
3440 3.613313e-08
3441 3.612064e-08
3442 3.610816e-08
3443 3.609567e-08
3444 3.608319e-08
3445 3.607072e-08
3446 3.605825e-08
3447 3.604578e-08
3448 3.603331e-08
3449 3.602085e-08
3450 3.600840e-08
3451 3.599595e-08
3452 3.598349e-08
3453 3.597105e-08
3454 3.595860e-08
3455 3.594617e-08
3456 3.593373e-08
3457 3.592130e-08
3458 3.590887e-08
3459 3.589645e-08
3460 3.588403e-08
3461 3.587161e-08
3462 3.585920e-08
3463 3.584678e-08
3464 3.583438e-08
3465 3.582197e-08
3466 3.580958e-08
3467 3.579718e-08
3468 3.578479e-08
3469 3.577240e-08
3470 3.576001e-08
3471 3.574763e-08
3472 3.573525e-08
3473 3.572288e-08
3474 3.571051e-08
3475 3.569814e-08
3476 3.568578e-08
3477 3.567342e-08
3478 3.566106e-08
3479 3.564871e-08
3480 3.563635e-08
3481 3.562401e-08
3482 3.561167e-08
3483 3.559933e-08
3484 3.558699e-08
3485 3.557466e-08
3486 3.556233e-08
3487 3.555001e-08
3488 3.553769e-08
3489 3.552537e-08
3490 3.551305e-08
3491 3.550074e-08
3492 3.548844e-08
3493 3.547613e-08
3494 3.546383e-08
3495 3.545154e-08
3496 3.543924e-08
3497 3.542696e-08
3498 3.541467e-08
3499 3.540239e-08
3500 3.539011e-08
3501 3.537783e-08
3502 3.536556e-08
3503 3.535329e-08
3504 3.534103e-08
3505 3.532876e-08
3506 3.531650e-08
3507 3.530425e-08
3508 3.529200e-08
3509 3.527975e-08
3510 3.526751e-08
3511 3.525527e-08
3512 3.524303e-08
3513 3.523080e-08
3514 3.521857e-08
3515 3.520634e-08
3516 3.519412e-08
3517 3.518190e-08
3518 3.516968e-08
3519 3.515747e-08
3520 3.514526e-08
3521 3.513305e-08
3522 3.512085e-08
3523 3.510866e-08
3524 3.509646e-08
3525 3.508427e-08
3526 3.507208e-08
3527 3.505989e-08
3528 3.504771e-08
3529 3.503553e-08
3530 3.502336e-08
3531 3.501119e-08
3532 3.499902e-08
3533 3.498685e-08
3534 3.497470e-08
3535 3.496254e-08
3536 3.495038e-08
3537 3.493823e-08
3538 3.492608e-08
3539 3.491394e-08
3540 3.490180e-08
3541 3.488966e-08
3542 3.487753e-08
3543 3.486540e-08
3544 3.485328e-08
3545 3.484115e-08
3546 3.482903e-08
3547 3.481692e-08
3548 3.480480e-08
3549 3.479270e-08
3550 3.478059e-08
3551 3.476849e-08
3552 3.475639e-08
3553 3.474429e-08
3554 3.473220e-08
3555 3.472011e-08
3556 3.470802e-08
3557 3.469594e-08
3558 3.468386e-08
3559 3.467178e-08
3560 3.465972e-08
3561 3.464765e-08
3562 3.463558e-08
3563 3.462352e-08
3564 3.461146e-08
3565 3.459941e-08
3566 3.458736e-08
3567 3.457531e-08
3568 3.456326e-08
3569 3.455122e-08
3570 3.453918e-08
3571 3.452715e-08
3572 3.451512e-08
3573 3.450309e-08
3574 3.449106e-08
3575 3.447904e-08
3576 3.446702e-08
3577 3.445501e-08
3578 3.444300e-08
3579 3.443099e-08
3580 3.441898e-08
3581 3.440699e-08
3582 3.439499e-08
3583 3.438299e-08
3584 3.437100e-08
3585 3.435901e-08
3586 3.434703e-08
3587 3.433505e-08
3588 3.432307e-08
3589 3.431109e-08
3590 3.429912e-08
3591 3.428716e-08
3592 3.427519e-08
3593 3.426323e-08
3594 3.425127e-08
3595 3.423932e-08
3596 3.422736e-08
3597 3.421542e-08
3598 3.420348e-08
3599 3.419153e-08
3600 3.417959e-08
3601 3.416766e-08
3602 3.415573e-08
3603 3.414380e-08
3604 3.413188e-08
3605 3.411996e-08
3606 3.410804e-08
3607 3.409613e-08
3608 3.408421e-08
3609 3.407230e-08
3610 3.406103e-08
3611 3.404976e-08
3612 3.403850e-08
3613 3.402723e-08
3614 3.401597e-08
3615 3.400472e-08
3616 3.399346e-08
3617 3.398221e-08
3618 3.397096e-08
3619 3.395972e-08
3620 3.394848e-08
3621 3.393724e-08
3622 3.392600e-08
3623 3.391477e-08
3624 3.390354e-08
3625 3.389231e-08
3626 3.388109e-08
3627 3.386987e-08
3628 3.385866e-08
3629 3.384744e-08
3630 3.383623e-08
3631 3.382502e-08
3632 3.381382e-08
3633 3.380262e-08
3634 3.379142e-08
3635 3.378022e-08
3636 3.376903e-08
3637 3.375784e-08
3638 3.374666e-08
3639 3.373547e-08
3640 3.372429e-08
3641 3.371312e-08
3642 3.370194e-08
3643 3.369077e-08
3644 3.367961e-08
3645 3.366844e-08
3646 3.365728e-08
3647 3.364612e-08
3648 3.363497e-08
3649 3.362381e-08
3650 3.361266e-08
3651 3.360152e-08
3652 3.359038e-08
3653 3.357924e-08
3654 3.356810e-08
3655 3.355696e-08
3656 3.354583e-08
3657 3.353471e-08
3658 3.352358e-08
3659 3.351246e-08
3660 3.350134e-08
3661 3.349023e-08
3662 3.347911e-08
3663 3.346800e-08
3664 3.345690e-08
3665 3.344579e-08
3666 3.343469e-08
3667 3.342360e-08
3668 3.341250e-08
3669 3.340141e-08
3670 3.339032e-08
3671 3.337924e-08
3672 3.336815e-08
3673 3.335707e-08
3674 3.334600e-08
3675 3.333492e-08
3676 3.332385e-08
3677 3.331279e-08
3678 3.330172e-08
3679 3.329066e-08
3680 3.327960e-08
3681 3.326855e-08
3682 3.325750e-08
3683 3.324645e-08
3684 3.323540e-08
3685 3.322436e-08
3686 3.321332e-08
3687 3.320228e-08
3688 3.319125e-08
3689 3.318021e-08
3690 3.316919e-08
3691 3.315816e-08
3692 3.314714e-08
3693 3.313612e-08
3694 3.312510e-08
3695 3.311409e-08
3696 3.310308e-08
3697 3.309207e-08
3698 3.308107e-08
3699 3.307007e-08
3700 3.305907e-08
3701 3.304807e-08
3702 3.303708e-08
3703 3.302609e-08
3704 3.301510e-08
3705 3.300412e-08
3706 3.299314e-08
3707 3.298216e-08
3708 3.297119e-08
3709 3.296022e-08
3710 3.294925e-08
3711 3.293828e-08
3712 3.292732e-08
3713 3.291636e-08
3714 3.290540e-08
3715 3.289445e-08
3716 3.288350e-08
3717 3.287255e-08
3718 3.286160e-08
3719 3.285066e-08
3720 3.283972e-08
3721 3.282878e-08
3722 3.281785e-08
3723 3.280692e-08
3724 3.279599e-08
3725 3.278507e-08
3726 3.277415e-08
3727 3.276323e-08
3728 3.275231e-08
3729 3.274140e-08
3730 3.273049e-08
3731 3.271958e-08
3732 3.270868e-08
3733 3.269778e-08
3734 3.268688e-08
3735 3.267598e-08
3736 3.266509e-08
3737 3.265420e-08
3738 3.264332e-08
3739 3.263243e-08
3740 3.262155e-08
3741 3.261067e-08
3742 3.259980e-08
3743 3.258893e-08
3744 3.257806e-08
3745 3.256719e-08
3746 3.255633e-08
3747 3.254547e-08
3748 3.253461e-08
3749 3.252375e-08
3750 3.251290e-08
3751 3.250205e-08
3752 3.249121e-08
3753 3.248037e-08
3754 3.246952e-08
3755 3.245869e-08
3756 3.244785e-08
3757 3.243702e-08
3758 3.242619e-08
3759 3.241537e-08
3760 3.240454e-08
3761 3.239372e-08
3762 3.238291e-08
3763 3.237209e-08
3764 3.236128e-08
3765 3.235047e-08
3766 3.233967e-08
3767 3.232887e-08
3768 3.231807e-08
3769 3.230727e-08
3770 3.229647e-08
3771 3.228568e-08
3772 3.227489e-08
3773 3.226411e-08
3774 3.225333e-08
3775 3.224255e-08
3776 3.223177e-08
3777 3.222100e-08
3778 3.221022e-08
3779 3.219946e-08
3780 3.218869e-08
3781 3.217793e-08
3782 3.216717e-08
3783 3.215641e-08
3784 3.214566e-08
3785 3.213490e-08
3786 3.212416e-08
3787 3.211341e-08
3788 3.210267e-08
3789 3.209193e-08
3790 3.208119e-08
3791 3.207046e-08
3792 3.205972e-08
3793 3.204900e-08
3794 3.203827e-08
3795 3.202755e-08
3796 3.201683e-08
3797 3.200611e-08
3798 3.199540e-08
3799 3.198468e-08
3800 3.197397e-08
3801 3.196327e-08
3802 3.195257e-08
3803 3.194186e-08
3804 3.193117e-08
3805 3.192047e-08
3806 3.190978e-08
3807 3.189909e-08
3808 3.188897e-08
3809 3.187885e-08
3810 3.186873e-08
3811 3.185862e-08
3812 3.184851e-08
3813 3.183840e-08
3814 3.182829e-08
3815 3.181819e-08
3816 3.180809e-08
3817 3.179799e-08
3818 3.178789e-08
3819 3.177780e-08
3820 3.176771e-08
3821 3.175762e-08
3822 3.174754e-08
3823 3.173745e-08
3824 3.172737e-08
3825 3.171730e-08
3826 3.170722e-08
3827 3.169715e-08
3828 3.168708e-08
3829 3.167702e-08
3830 3.166695e-08
3831 3.165689e-08
3832 3.164683e-08
3833 3.163678e-08
3834 3.162672e-08
3835 3.161667e-08
3836 3.160663e-08
3837 3.159658e-08
3838 3.158654e-08
3839 3.157649e-08
3840 3.156646e-08
3841 3.155642e-08
3842 3.154639e-08
3843 3.153636e-08
3844 3.152633e-08
3845 3.151631e-08
3846 3.150628e-08
3847 3.149627e-08
3848 3.148625e-08
3849 3.147623e-08
3850 3.146622e-08
3851 3.145621e-08
3852 3.144621e-08
3853 3.143620e-08
3854 3.142620e-08
3855 3.141621e-08
3856 3.140621e-08
3857 3.139622e-08
3858 3.138623e-08
3859 3.137624e-08
3860 3.136625e-08
3861 3.135626e-08
3862 3.134628e-08
3863 3.133631e-08
3864 3.132633e-08
3865 3.131636e-08
3866 3.130639e-08
3867 3.129642e-08
3868 3.128646e-08
3869 3.127649e-08
3870 3.126653e-08
3871 3.125658e-08
3872 3.124662e-08
3873 3.123667e-08
3874 3.122672e-08
3875 3.121677e-08
3876 3.120683e-08
3877 3.119689e-08
3878 3.118695e-08
3879 3.117701e-08
3880 3.116707e-08
3881 3.115714e-08
3882 3.114721e-08
3883 3.113729e-08
3884 3.112736e-08
3885 3.111744e-08
3886 3.110752e-08
3887 3.109761e-08
3888 3.108769e-08
3889 3.107778e-08
3890 3.106788e-08
3891 3.105797e-08
3892 3.104807e-08
3893 3.103816e-08
3894 3.102827e-08
3895 3.101837e-08
3896 3.100848e-08
3897 3.099859e-08
3898 3.098870e-08
3899 3.097881e-08
3900 3.096893e-08
3901 3.095905e-08
3902 3.094917e-08
3903 3.093929e-08
3904 3.092942e-08
3905 3.091955e-08
3906 3.090968e-08
3907 3.089982e-08
3908 3.088995e-08
3909 3.088009e-08
3910 3.087023e-08
3911 3.086038e-08
3912 3.085053e-08
3913 3.084068e-08
3914 3.083083e-08
3915 3.082098e-08
3916 3.081114e-08
3917 3.080130e-08
3918 3.079146e-08
3919 3.078163e-08
3920 3.077180e-08
3921 3.076197e-08
3922 3.075213e-08
3923 3.074231e-08
3924 3.073249e-08
3925 3.072267e-08
3926 3.071285e-08
3927 3.070303e-08
3928 3.069322e-08
3929 3.068341e-08
3930 3.067360e-08
3931 3.066380e-08
3932 3.065400e-08
3933 3.064420e-08
3934 3.063440e-08
3935 3.062460e-08
3936 3.061481e-08
3937 3.060502e-08
3938 3.059523e-08
3939 3.058545e-08
3940 3.057566e-08
3941 3.056588e-08
3942 3.055610e-08
3943 3.054633e-08
3944 3.053655e-08
3945 3.052678e-08
3946 3.051702e-08
3947 3.050725e-08
3948 3.049749e-08
3949 3.048773e-08
3950 3.047797e-08
3951 3.046821e-08
3952 3.045846e-08
3953 3.044871e-08
3954 3.043896e-08
3955 3.042922e-08
3956 3.041947e-08
3957 3.040973e-08
3958 3.040000e-08
3959 3.039026e-08
3960 3.038053e-08
3961 3.037080e-08
3962 3.036107e-08
3963 3.035134e-08
3964 3.034161e-08
3965 3.033189e-08
3966 3.032217e-08
3967 3.031246e-08
3968 3.030274e-08
3969 3.029303e-08
3970 3.028332e-08
3971 3.027362e-08
3972 3.026391e-08
3973 3.025421e-08
3974 3.024451e-08
3975 3.023482e-08
3976 3.022512e-08
3977 3.021543e-08
3978 3.020574e-08
3979 3.019606e-08
3980 3.018637e-08
3981 3.017669e-08
3982 3.016701e-08
3983 3.015733e-08
3984 3.014765e-08
3985 3.013798e-08
3986 3.012831e-08
3987 3.011865e-08
3988 3.010898e-08
3989 3.009932e-08
3990 3.008966e-08
3991 3.008000e-08
3992 3.007034e-08
3993 3.006069e-08
3994 3.005104e-08
3995 3.004139e-08
3996 3.003175e-08
3997 3.002211e-08
3998 3.001246e-08
3999 3.000283e-08
4000 2.999319e-08
4001 2.998356e-08
4002 2.997393e-08
4003 2.996430e-08
4004 2.995467e-08
4005 2.994504e-08
4006 2.993542e-08
4007 2.992580e-08
4008 2.991619e-08
4009 2.990657e-08
4010 2.989696e-08
4011 2.988735e-08
4012 2.987774e-08
4013 2.986814e-08
4014 2.985854e-08
4015 2.984894e-08
4016 2.983934e-08
4017 2.983024e-08
4018 2.982116e-08
4019 2.981207e-08
4020 2.980298e-08
4021 2.979390e-08
4022 2.978482e-08
4023 2.977574e-08
4024 2.976667e-08
4025 2.975760e-08
4026 2.974853e-08
4027 2.973946e-08
4028 2.973039e-08
4029 2.972133e-08
4030 2.971226e-08
4031 2.970320e-08
4032 2.969415e-08
4033 2.968509e-08
4034 2.967604e-08
4035 2.966699e-08
4036 2.965794e-08
4037 2.964889e-08
4038 2.963985e-08
4039 2.963080e-08
4040 2.962177e-08
4041 2.961273e-08
4042 2.960369e-08
4043 2.959466e-08
4044 2.958563e-08
4045 2.957660e-08
4046 2.956757e-08
4047 2.955855e-08
4048 2.954953e-08
4049 2.954051e-08
4050 2.953149e-08
4051 2.952248e-08
4052 2.951346e-08
4053 2.950445e-08
4054 2.949545e-08
4055 2.948644e-08
4056 2.947744e-08
4057 2.946843e-08
4058 2.945943e-08
4059 2.945044e-08
4060 2.944144e-08
4061 2.943245e-08
4062 2.942346e-08
4063 2.941447e-08
4064 2.940548e-08
4065 2.939650e-08
4066 2.938752e-08
4067 2.937854e-08
4068 2.936956e-08
4069 2.936059e-08
4070 2.935161e-08
4071 2.934264e-08
4072 2.933367e-08
4073 2.932471e-08
4074 2.931574e-08
4075 2.930678e-08
4076 2.929782e-08
4077 2.928886e-08
4078 2.927991e-08
4079 2.927096e-08
4080 2.926200e-08
4081 2.925305e-08
4082 2.924411e-08
4083 2.923516e-08
4084 2.922622e-08
4085 2.921728e-08
4086 2.920834e-08
4087 2.919941e-08
4088 2.919048e-08
4089 2.918155e-08
4090 2.917261e-08
4091 2.916369e-08
4092 2.915476e-08
4093 2.914584e-08
4094 2.913692e-08
4095 2.912800e-08
4096 2.911908e-08
4097 2.911017e-08
4098 2.910126e-08
4099 2.909235e-08
4100 2.908344e-08
4101 2.907454e-08
4102 2.906563e-08
4103 2.905673e-08
4104 2.904784e-08
4105 2.903894e-08
4106 2.903004e-08
4107 2.902115e-08
4108 2.901226e-08
4109 2.900337e-08
4110 2.899449e-08
4111 2.898561e-08
4112 2.897672e-08
4113 2.896785e-08
4114 2.895897e-08
4115 2.895009e-08
4116 2.894122e-08
4117 2.893235e-08
4118 2.892348e-08
4119 2.891462e-08
4120 2.890575e-08
4121 2.889689e-08
4122 2.888803e-08
4123 2.887917e-08
4124 2.887032e-08
4125 2.886146e-08
4126 2.885261e-08
4127 2.884376e-08
4128 2.883492e-08
4129 2.882607e-08
4130 2.881723e-08
4131 2.880839e-08
4132 2.879955e-08
4133 2.879072e-08
4134 2.878188e-08
4135 2.877305e-08
4136 2.876422e-08
4137 2.875539e-08
4138 2.874657e-08
4139 2.873774e-08
4140 2.872892e-08
4141 2.872010e-08
4142 2.871129e-08
4143 2.870247e-08
4144 2.869366e-08
4145 2.868485e-08
4146 2.867604e-08
4147 2.866723e-08
4148 2.865843e-08
4149 2.864963e-08
4150 2.864083e-08
4151 2.863203e-08
4152 2.862323e-08
4153 2.861444e-08
4154 2.860565e-08
4155 2.859686e-08
4156 2.858807e-08
4157 2.857929e-08
4158 2.857050e-08
4159 2.856172e-08
4160 2.855294e-08
4161 2.854417e-08
4162 2.853539e-08
4163 2.852662e-08
4164 2.851785e-08
4165 2.850908e-08
4166 2.850031e-08
4167 2.849155e-08
4168 2.848279e-08
4169 2.847403e-08
4170 2.846527e-08
4171 2.845652e-08
4172 2.844776e-08
4173 2.843901e-08
4174 2.843026e-08
4175 2.842151e-08
4176 2.841277e-08
4177 2.840403e-08
4178 2.839528e-08
4179 2.838655e-08
4180 2.837781e-08
4181 2.836907e-08
4182 2.836034e-08
4183 2.835161e-08
4184 2.834288e-08
4185 2.833416e-08
4186 2.832543e-08
4187 2.831671e-08
4188 2.830799e-08
4189 2.829927e-08
4190 2.829056e-08
4191 2.828184e-08
4192 2.827313e-08
4193 2.826442e-08
4194 2.825571e-08
4195 2.824701e-08
4196 2.823831e-08
4197 2.822960e-08
4198 2.822090e-08
4199 2.821221e-08
4200 2.820351e-08
4201 2.819482e-08
4202 2.818613e-08
4203 2.817744e-08
4204 2.816875e-08
4205 2.816007e-08
4206 2.815138e-08
4207 2.814270e-08
4208 2.813403e-08
4209 2.812535e-08
4210 2.811667e-08
4211 2.810800e-08
4212 2.809933e-08
4213 2.809066e-08
4214 2.808200e-08
4215 2.807333e-08
4216 2.806467e-08
4217 2.805601e-08
4218 2.804735e-08
4219 2.803869e-08
4220 2.803004e-08
4221 2.802139e-08
4222 2.801274e-08
4223 2.800409e-08
4224 2.799545e-08
4225 2.798680e-08
4226 2.797816e-08
4227 2.796952e-08
4228 2.796088e-08
4229 2.795225e-08
4230 2.794362e-08
4231 2.793499e-08
4232 2.792635e-08
4233 2.791773e-08
4234 2.790910e-08
4235 2.790048e-08
4236 2.789186e-08
4237 2.788324e-08
4238 2.787508e-08
4239 2.786691e-08
4240 2.785875e-08
4241 2.785060e-08
4242 2.784244e-08
4243 2.783428e-08
4244 2.782613e-08
4245 2.781798e-08
4246 2.780983e-08
4247 2.780169e-08
4248 2.779354e-08
4249 2.778540e-08
4250 2.777726e-08
4251 2.776912e-08
4252 2.776098e-08
4253 2.775284e-08
4254 2.774471e-08
4255 2.773658e-08
4256 2.772845e-08
4257 2.772032e-08
4258 2.771220e-08
4259 2.770407e-08
4260 2.769595e-08
4261 2.768783e-08
4262 2.767971e-08
4263 2.767160e-08
4264 2.766348e-08
4265 2.765537e-08
4266 2.764726e-08
4267 2.763915e-08
4268 2.763104e-08
4269 2.762294e-08
4270 2.761484e-08
4271 2.760673e-08
4272 2.759863e-08
4273 2.759054e-08
4274 2.758244e-08
4275 2.757435e-08
4276 2.756626e-08
4277 2.755817e-08
4278 2.755008e-08
4279 2.754199e-08
4280 2.753391e-08
4281 2.752583e-08
4282 2.751775e-08
4283 2.750967e-08
4284 2.750159e-08
4285 2.749352e-08
4286 2.748545e-08
4287 2.747737e-08
4288 2.746930e-08
4289 2.746124e-08
4290 2.745317e-08
4291 2.744511e-08
4292 2.743705e-08
4293 2.742899e-08
4294 2.742093e-08
4295 2.741287e-08
4296 2.740482e-08
4297 2.739677e-08
4298 2.738872e-08
4299 2.738067e-08
4300 2.737262e-08
4301 2.736458e-08
4302 2.735654e-08
4303 2.734849e-08
4304 2.734046e-08
4305 2.733242e-08
4306 2.732438e-08
4307 2.731635e-08
4308 2.730832e-08
4309 2.730029e-08
4310 2.729226e-08
4311 2.728424e-08
4312 2.727621e-08
4313 2.726819e-08
4314 2.726017e-08
4315 2.725215e-08
4316 2.724413e-08
4317 2.723612e-08
4318 2.722811e-08
4319 2.722009e-08
4320 2.721209e-08
4321 2.720408e-08
4322 2.719607e-08
4323 2.718807e-08
4324 2.718007e-08
4325 2.717207e-08
4326 2.716407e-08
4327 2.715607e-08
4328 2.714808e-08
4329 2.714009e-08
4330 2.713210e-08
4331 2.712411e-08
4332 2.711612e-08
4333 2.710814e-08
4334 2.710015e-08
4335 2.709217e-08
4336 2.708419e-08
4337 2.707621e-08
4338 2.706824e-08
4339 2.706026e-08
4340 2.705229e-08
4341 2.704432e-08
4342 2.703635e-08
4343 2.702839e-08
4344 2.702042e-08
4345 2.701246e-08
4346 2.700450e-08
4347 2.699654e-08
4348 2.698858e-08
4349 2.698062e-08
4350 2.697267e-08
4351 2.696472e-08
4352 2.695677e-08
4353 2.694882e-08
4354 2.694087e-08
4355 2.693293e-08
4356 2.692499e-08
4357 2.691704e-08
4358 2.690910e-08
4359 2.690117e-08
4360 2.689323e-08
4361 2.688530e-08
4362 2.687737e-08
4363 2.686944e-08
4364 2.686151e-08
4365 2.685358e-08
4366 2.684566e-08
4367 2.683773e-08
4368 2.682981e-08
4369 2.682189e-08
4370 2.681397e-08
4371 2.680606e-08
4372 2.679815e-08
4373 2.679023e-08
4374 2.678232e-08
4375 2.677441e-08
4376 2.676651e-08
4377 2.675860e-08
4378 2.675070e-08
4379 2.674280e-08
4380 2.673490e-08
4381 2.672700e-08
4382 2.671911e-08
4383 2.671121e-08
4384 2.670332e-08
4385 2.669543e-08
4386 2.668754e-08
4387 2.667965e-08
4388 2.667177e-08
4389 2.666388e-08
4390 2.665600e-08
4391 2.664812e-08
4392 2.664025e-08
4393 2.663237e-08
4394 2.662450e-08
4395 2.661662e-08
4396 2.660875e-08
4397 2.660088e-08
4398 2.659302e-08
4399 2.658515e-08
4400 2.657729e-08
4401 2.656943e-08
4402 2.656156e-08
4403 2.655371e-08
4404 2.654585e-08
4405 2.653800e-08
4406 2.653014e-08
4407 2.652229e-08
4408 2.651445e-08
4409 2.650660e-08
4410 2.649875e-08
4411 2.649091e-08
4412 2.648306e-08
4413 2.647522e-08
4414 2.646739e-08
4415 2.645955e-08
4416 2.645171e-08
4417 2.644388e-08
4418 2.643605e-08
4419 2.642822e-08
4420 2.642039e-08
4421 2.641256e-08
4422 2.640474e-08
4423 2.639692e-08
4424 2.638910e-08
4425 2.638128e-08
4426 2.637346e-08
4427 2.636565e-08
4428 2.635783e-08
4429 2.635002e-08
4430 2.634221e-08
4431 2.633440e-08
4432 2.632660e-08
4433 2.631879e-08
4434 2.631099e-08
4435 2.630319e-08
4436 2.629539e-08
4437 2.628759e-08
4438 2.627979e-08
4439 2.627200e-08
4440 2.626420e-08
4441 2.625641e-08
4442 2.624863e-08
4443 2.624084e-08
4444 2.623305e-08
4445 2.622527e-08
4446 2.621749e-08
4447 2.620970e-08
4448 2.620193e-08
4449 2.619415e-08
4450 2.618637e-08
4451 2.617860e-08
4452 2.617083e-08
4453 2.616306e-08
4454 2.615529e-08
4455 2.614753e-08
4456 2.613976e-08
4457 2.613200e-08
4458 2.612424e-08
4459 2.611648e-08
4460 2.610872e-08
4461 2.610096e-08
4462 2.609321e-08
4463 2.608546e-08
4464 2.607771e-08
4465 2.606996e-08
4466 2.606221e-08
4467 2.605446e-08
4468 2.604672e-08
4469 2.603898e-08
4470 2.603124e-08
4471 2.602391e-08
4472 2.601659e-08
4473 2.600926e-08
4474 2.600194e-08
4475 2.599462e-08
4476 2.598730e-08
4477 2.597998e-08
4478 2.597266e-08
4479 2.596535e-08
4480 2.595804e-08
4481 2.595073e-08
4482 2.594342e-08
4483 2.593611e-08
4484 2.592880e-08
4485 2.592150e-08
4486 2.591420e-08
4487 2.590689e-08
4488 2.589959e-08
4489 2.589230e-08
4490 2.588500e-08
4491 2.587770e-08
4492 2.587041e-08
4493 2.586312e-08
4494 2.585583e-08
4495 2.584854e-08
4496 2.584125e-08
4497 2.583397e-08
4498 2.582669e-08
4499 2.581940e-08
4500 2.581212e-08
4501 2.580485e-08
4502 2.579757e-08
4503 2.579029e-08
4504 2.578302e-08
4505 2.577575e-08
4506 2.576848e-08
4507 2.576121e-08
4508 2.575394e-08
4509 2.574667e-08
4510 2.573941e-08
4511 2.573215e-08
4512 2.572489e-08
4513 2.571763e-08
4514 2.571037e-08
4515 2.570312e-08
4516 2.569586e-08
4517 2.568861e-08
4518 2.568136e-08
4519 2.567411e-08
4520 2.566686e-08
4521 2.565961e-08
4522 2.565237e-08
4523 2.564512e-08
4524 2.563788e-08
4525 2.563064e-08
4526 2.562340e-08
4527 2.561617e-08
4528 2.560893e-08
4529 2.560170e-08
4530 2.559447e-08
4531 2.558724e-08
4532 2.558001e-08
4533 2.557278e-08
4534 2.556556e-08
4535 2.555833e-08
4536 2.555111e-08
4537 2.554389e-08
4538 2.553667e-08
4539 2.552945e-08
4540 2.552223e-08
4541 2.551502e-08
4542 2.550781e-08
4543 2.550060e-08
4544 2.549339e-08
4545 2.548618e-08
4546 2.547897e-08
4547 2.547177e-08
4548 2.546456e-08
4549 2.545736e-08
4550 2.545016e-08
4551 2.544297e-08
4552 2.543576e-08
4553 2.542857e-08
4554 2.542138e-08
4555 2.541418e-08
4556 2.540699e-08
4557 2.539980e-08
4558 2.539262e-08
4559 2.538543e-08
4560 2.537825e-08
4561 2.537106e-08
4562 2.536388e-08
4563 2.535670e-08
4564 2.534953e-08
4565 2.534235e-08
4566 2.533518e-08
4567 2.532800e-08
4568 2.532083e-08
4569 2.531366e-08
4570 2.530649e-08
4571 2.529932e-08
4572 2.529216e-08
4573 2.528499e-08
4574 2.527783e-08
4575 2.527067e-08
4576 2.526351e-08
4577 2.525635e-08
4578 2.524920e-08
4579 2.524204e-08
4580 2.523489e-08
4581 2.522774e-08
4582 2.522059e-08
4583 2.521344e-08
4584 2.520629e-08
4585 2.519915e-08
4586 2.519200e-08
4587 2.518486e-08
4588 2.517772e-08
4589 2.517058e-08
4590 2.516345e-08
4591 2.515631e-08
4592 2.514918e-08
4593 2.514204e-08
4594 2.513491e-08
4595 2.512778e-08
4596 2.512065e-08
4597 2.511352e-08
4598 2.510640e-08
4599 2.509928e-08
4600 2.509216e-08
4601 2.508504e-08
4602 2.507792e-08
4603 2.507080e-08
4604 2.506368e-08
4605 2.505657e-08
4606 2.504946e-08
4607 2.504235e-08
4608 2.503524e-08
4609 2.502813e-08
4610 2.502102e-08
4611 2.501392e-08
4612 2.500681e-08
4613 2.499971e-08
4614 2.499261e-08
4615 2.498551e-08
4616 2.497842e-08
4617 2.497132e-08
4618 2.496423e-08
4619 2.495713e-08
4620 2.495004e-08
4621 2.494295e-08
4622 2.493587e-08
4623 2.492878e-08
4624 2.492170e-08
4625 2.491461e-08
4626 2.490753e-08
4627 2.490045e-08
4628 2.489337e-08
4629 2.488629e-08
4630 2.487922e-08
4631 2.487214e-08
4632 2.486507e-08
4633 2.485800e-08
4634 2.485093e-08
4635 2.484386e-08
4636 2.483679e-08
4637 2.482973e-08
4638 2.482267e-08
4639 2.481560e-08
4640 2.480854e-08
4641 2.480149e-08
4642 2.479443e-08
4643 2.478737e-08
4644 2.478032e-08
4645 2.477326e-08
4646 2.476621e-08
4647 2.475916e-08
4648 2.475211e-08
4649 2.474507e-08
4650 2.473802e-08
4651 2.473098e-08
4652 2.472394e-08
4653 2.471690e-08
4654 2.470986e-08
4655 2.470282e-08
4656 2.469578e-08
4657 2.468875e-08
4658 2.468171e-08
4659 2.467468e-08
4660 2.466765e-08
4661 2.466062e-08
4662 2.465360e-08
4663 2.464657e-08
4664 2.463955e-08
4665 2.463252e-08
4666 2.462550e-08
4667 2.461848e-08
4668 2.461147e-08
4669 2.460445e-08
4670 2.459744e-08
4671 2.459042e-08
4672 2.458341e-08
4673 2.457640e-08
4674 2.456939e-08
4675 2.456238e-08
4676 2.455537e-08
4677 2.454837e-08
4678 2.454137e-08
4679 2.453437e-08
4680 2.452737e-08
4681 2.452037e-08
4682 2.451337e-08
4683 2.450637e-08
4684 2.449938e-08
4685 2.449239e-08
4686 2.448540e-08
4687 2.447841e-08
4688 2.447142e-08
4689 2.446443e-08
4690 2.445745e-08
4691 2.445046e-08
4692 2.444348e-08
4693 2.443650e-08
4694 2.442952e-08
4695 2.442254e-08
4696 2.441557e-08
4697 2.440859e-08
4698 2.440162e-08
4699 2.439465e-08
4700 2.438768e-08
4701 2.438071e-08
4702 2.437374e-08
4703 2.436677e-08
4704 2.435981e-08
4705 2.435285e-08
4706 2.434588e-08
4707 2.433892e-08
4708 2.433197e-08
4709 2.432501e-08
4710 2.431805e-08
4711 2.431110e-08
4712 2.430415e-08
4713 2.429720e-08
4714 2.429025e-08
4715 2.428330e-08
4716 2.427635e-08
4717 2.426978e-08
4718 2.426320e-08
4719 2.425662e-08
4720 2.425005e-08
4721 2.424347e-08
4722 2.423690e-08
4723 2.423033e-08
4724 2.422376e-08
4725 2.421719e-08
4726 2.421062e-08
4727 2.420406e-08
4728 2.419750e-08
4729 2.419093e-08
4730 2.418437e-08
4731 2.417781e-08
4732 2.417125e-08
4733 2.416469e-08
4734 2.415814e-08
4735 2.415159e-08
4736 2.414503e-08
4737 2.413848e-08
4738 2.413193e-08
4739 2.412538e-08
4740 2.411883e-08
4741 2.411229e-08
4742 2.410574e-08
4743 2.409920e-08
4744 2.409266e-08
4745 2.408612e-08
4746 2.407958e-08
4747 2.407304e-08
4748 2.406650e-08
4749 2.405997e-08
4750 2.405344e-08
4751 2.404690e-08
4752 2.404037e-08
4753 2.403384e-08
4754 2.402731e-08
4755 2.402079e-08
4756 2.401426e-08
4757 2.400774e-08
4758 2.400122e-08
4759 2.399470e-08
4760 2.398817e-08
4761 2.398165e-08
4762 2.397514e-08
4763 2.396862e-08
4764 2.396211e-08
4765 2.395560e-08
4766 2.394908e-08
4767 2.394257e-08
4768 2.393606e-08
4769 2.392956e-08
4770 2.392305e-08
4771 2.391655e-08
4772 2.391004e-08
4773 2.390354e-08
4774 2.389704e-08
4775 2.389054e-08
4776 2.388404e-08
4777 2.387754e-08
4778 2.387105e-08
4779 2.386456e-08
4780 2.385806e-08
4781 2.385157e-08
4782 2.384508e-08
4783 2.383859e-08
4784 2.383210e-08
4785 2.382562e-08
4786 2.381914e-08
4787 2.381265e-08
4788 2.380617e-08
4789 2.379969e-08
4790 2.379321e-08
4791 2.378673e-08
4792 2.378026e-08
4793 2.377378e-08
4794 2.376731e-08
4795 2.376084e-08
4796 2.375437e-08
4797 2.374790e-08
4798 2.374143e-08
4799 2.373496e-08
4800 2.372849e-08
4801 2.372203e-08
4802 2.371557e-08
4803 2.370911e-08
4804 2.370265e-08
4805 2.369618e-08
4806 2.368973e-08
4807 2.368327e-08
4808 2.367682e-08
4809 2.367036e-08
4810 2.366391e-08
4811 2.365746e-08
4812 2.365101e-08
4813 2.364456e-08
4814 2.363812e-08
4815 2.363167e-08
4816 2.362523e-08
4817 2.361879e-08
4818 2.361234e-08
4819 2.360591e-08
4820 2.359947e-08
4821 2.359303e-08
4822 2.358659e-08
4823 2.358016e-08
4824 2.357372e-08
4825 2.356729e-08
4826 2.356086e-08
4827 2.355443e-08
4828 2.354800e-08
4829 2.354158e-08
4830 2.353515e-08
4831 2.352873e-08
4832 2.352230e-08
4833 2.351588e-08
4834 2.350946e-08
4835 2.350305e-08
4836 2.349663e-08
4837 2.349021e-08
4838 2.348380e-08
4839 2.347738e-08
4840 2.347097e-08
4841 2.346456e-08
4842 2.345815e-08
4843 2.345174e-08
4844 2.344533e-08
4845 2.343893e-08
4846 2.343252e-08
4847 2.342612e-08
4848 2.341972e-08
4849 2.341332e-08
4850 2.340692e-08
4851 2.340052e-08
4852 2.339413e-08
4853 2.338773e-08
4854 2.338134e-08
4855 2.337495e-08
4856 2.336856e-08
4857 2.336217e-08
4858 2.335578e-08
4859 2.334939e-08
4860 2.334300e-08
4861 2.333662e-08
4862 2.333024e-08
4863 2.332386e-08
4864 2.331748e-08
4865 2.331110e-08
4866 2.330472e-08
4867 2.329834e-08
4868 2.329197e-08
4869 2.328559e-08
4870 2.327922e-08
4871 2.327285e-08
4872 2.326648e-08
4873 2.326011e-08
4874 2.325374e-08
4875 2.324738e-08
4876 2.324101e-08
4877 2.323465e-08
4878 2.322829e-08
4879 2.322193e-08
4880 2.321557e-08
4881 2.320921e-08
4882 2.320285e-08
4883 2.319649e-08
4884 2.319014e-08
4885 2.318379e-08
4886 2.317744e-08
4887 2.317109e-08
4888 2.316474e-08
4889 2.315839e-08
4890 2.315204e-08
4891 2.314570e-08
4892 2.313935e-08
4893 2.313301e-08
4894 2.312667e-08
4895 2.312033e-08
4896 2.311399e-08
4897 2.310765e-08
4898 2.310132e-08
4899 2.309498e-08
4900 2.308865e-08
4901 2.308232e-08
4902 2.307599e-08
4903 2.306966e-08
4904 2.306332e-08
4905 2.305700e-08
4906 2.305067e-08
4907 2.304435e-08
4908 2.303803e-08
4909 2.303170e-08
4910 2.302538e-08
4911 2.301906e-08
4912 2.301274e-08
4913 2.300643e-08
4914 2.300011e-08
4915 2.299380e-08
4916 2.298749e-08
4917 2.298118e-08
4918 2.297487e-08
4919 2.296855e-08
4920 2.296225e-08
4921 2.295594e-08
4922 2.294963e-08
4923 2.294333e-08
4924 2.293703e-08
4925 2.293073e-08
4926 2.292443e-08
4927 2.291813e-08
4928 2.291183e-08
4929 2.290553e-08
4930 2.289924e-08
4931 2.289295e-08
4932 2.288665e-08
4933 2.288036e-08
4934 2.287407e-08
4935 2.286778e-08
4936 2.286149e-08
4937 2.285521e-08
4938 2.284892e-08
4939 2.284264e-08
4940 2.283636e-08
4941 2.283008e-08
4942 2.282380e-08
4943 2.281752e-08
4944 2.281124e-08
4945 2.280497e-08
4946 2.279869e-08
4947 2.279242e-08
4948 2.278615e-08
4949 2.277987e-08
4950 2.277360e-08
4951 2.276734e-08
4952 2.276107e-08
4953 2.275480e-08
4954 2.274854e-08
4955 2.274228e-08
4956 2.273602e-08
4957 2.272975e-08
4958 2.272349e-08
4959 2.271724e-08
4960 2.271098e-08
4961 2.270472e-08
4962 2.269847e-08
4963 2.269222e-08
4964 2.268596e-08
4965 2.267971e-08
4966 2.267346e-08
4967 2.266722e-08
4968 2.266097e-08
4969 2.265472e-08
4970 2.264848e-08
4971 2.264224e-08
4972 2.263599e-08
4973 2.262975e-08
4974 2.262351e-08
4975 2.261728e-08
4976 2.261137e-08
4977 2.260547e-08
4978 2.259957e-08
4979 2.259367e-08
4980 2.258777e-08
4981 2.258187e-08
4982 2.257598e-08
4983 2.257008e-08
4984 2.256419e-08
4985 2.255830e-08
4986 2.255241e-08
4987 2.254652e-08
4988 2.254063e-08
4989 2.253474e-08
4990 2.252885e-08
4991 2.252297e-08
4992 2.251708e-08
4993 2.251120e-08
4994 2.250532e-08
4995 2.249944e-08
4996 2.249356e-08
4997 2.248768e-08
4998 2.248180e-08
4999 2.247592e-08
5000 2.247005e-08
5001 2.246418e-08
5002 2.245831e-08
5003 2.245243e-08
5004 2.244656e-08
5005 2.244069e-08
5006 2.243483e-08
5007 2.242896e-08
5008 2.242309e-08
5009 2.241723e-08
5010 2.241137e-08
5011 2.240550e-08
5012 2.239964e-08
5013 2.239378e-08
5014 2.238793e-08
5015 2.238207e-08
5016 2.237621e-08
5017 2.237036e-08
5018 2.236450e-08
5019 2.235865e-08
5020 2.235280e-08
5021 2.234695e-08
5022 2.234110e-08
5023 2.233525e-08
5024 2.232941e-08
5025 2.232356e-08
5026 2.231771e-08
5027 2.231187e-08
5028 2.230603e-08
5029 2.230019e-08
5030 2.229435e-08
5031 2.228851e-08
5032 2.228267e-08
5033 2.227684e-08
5034 2.227100e-08
5035 2.226517e-08
5036 2.225933e-08
5037 2.225350e-08
5038 2.224767e-08
5039 2.224184e-08
5040 2.223601e-08
5041 2.223019e-08
5042 2.222436e-08
5043 2.221854e-08
5044 2.221271e-08
5045 2.220689e-08
5046 2.220107e-08
5047 2.219525e-08
5048 2.218943e-08
5049 2.218361e-08
5050 2.217779e-08
5051 2.217198e-08
5052 2.216616e-08
5053 2.216035e-08
5054 2.215454e-08
5055 2.214873e-08
5056 2.214292e-08
5057 2.213711e-08
5058 2.213130e-08
5059 2.212550e-08
5060 2.211969e-08
5061 2.211389e-08
5062 2.210808e-08
5063 2.210228e-08
5064 2.209648e-08
5065 2.209068e-08
5066 2.208488e-08
5067 2.207909e-08
5068 2.207329e-08
5069 2.206750e-08
5070 2.206170e-08
5071 2.205591e-08
5072 2.205012e-08
5073 2.204433e-08
5074 2.203854e-08
5075 2.203275e-08
5076 2.202696e-08
5077 2.202118e-08
5078 2.201540e-08
5079 2.200961e-08
5080 2.200383e-08
5081 2.199805e-08
5082 2.199227e-08
5083 2.198649e-08
5084 2.198071e-08
5085 2.197493e-08
5086 2.196916e-08
5087 2.196338e-08
5088 2.195761e-08
5089 2.195184e-08
5090 2.194607e-08
5091 2.194030e-08
5092 2.193453e-08
5093 2.192876e-08
5094 2.192300e-08
5095 2.191723e-08
5096 2.191147e-08
5097 2.190570e-08
5098 2.189994e-08
5099 2.189418e-08
5100 2.188842e-08
5101 2.188266e-08
5102 2.187690e-08
5103 2.187115e-08
5104 2.186539e-08
5105 2.185964e-08
5106 2.185389e-08
5107 2.184813e-08
5108 2.184238e-08
5109 2.183663e-08
5110 2.183089e-08
5111 2.182514e-08
5112 2.181939e-08
5113 2.181365e-08
5114 2.180790e-08
5115 2.180216e-08
5116 2.179642e-08
5117 2.179068e-08
5118 2.178494e-08
5119 2.177920e-08
5120 2.177346e-08
5121 2.176773e-08
5122 2.176199e-08
5123 2.175626e-08
5124 2.175053e-08
5125 2.174479e-08
5126 2.173906e-08
5127 2.173333e-08
5128 2.172761e-08
5129 2.172188e-08
5130 2.171615e-08
5131 2.171043e-08
5132 2.170470e-08
5133 2.169898e-08
5134 2.169326e-08
5135 2.168754e-08
5136 2.168182e-08
5137 2.167610e-08
5138 2.167039e-08
5139 2.166467e-08
5140 2.165895e-08
5141 2.165324e-08
5142 2.164753e-08
5143 2.164182e-08
5144 2.163611e-08
5145 2.163040e-08
5146 2.162469e-08
5147 2.161898e-08
5148 2.161328e-08
5149 2.160757e-08
5150 2.160187e-08
5151 2.159617e-08
5152 2.159046e-08
5153 2.158476e-08
5154 2.157906e-08
5155 2.157337e-08
5156 2.156767e-08
5157 2.156197e-08
5158 2.155628e-08
5159 2.155059e-08
5160 2.154489e-08
5161 2.153920e-08
5162 2.153351e-08
5163 2.152782e-08
5164 2.152213e-08
5165 2.151645e-08
5166 2.151076e-08
5167 2.150507e-08
5168 2.149939e-08
5169 2.149371e-08
5170 2.148802e-08
5171 2.148235e-08
5172 2.147666e-08
5173 2.147099e-08
5174 2.146531e-08
5175 2.145963e-08
5176 2.145396e-08
5177 2.144829e-08
5178 2.144261e-08
5179 2.143694e-08
5180 2.143127e-08
5181 2.142560e-08
5182 2.141993e-08
5183 2.141426e-08
5184 2.140860e-08
5185 2.140293e-08
5186 2.139727e-08
5187 2.139161e-08
5188 2.138594e-08
5189 2.138028e-08
5190 2.137462e-08
5191 2.136896e-08
5192 2.136330e-08
5193 2.135765e-08
5194 2.135200e-08
5195 2.134634e-08
5196 2.134069e-08
5197 2.133503e-08
5198 2.132939e-08
5199 2.132373e-08
5200 2.131809e-08
5201 2.131244e-08
5202 2.130679e-08
5203 2.130114e-08
5204 2.129550e-08
5205 2.128986e-08
5206 2.128422e-08
5207 2.127857e-08
5208 2.127293e-08
5209 2.126729e-08
5210 2.126166e-08
5211 2.125602e-08
5212 2.125038e-08
5213 2.124475e-08
5214 2.123912e-08
5215 2.123348e-08
5216 2.122785e-08
5217 2.122222e-08
5218 2.121659e-08
5219 2.121096e-08
5220 2.120534e-08
5221 2.119971e-08
5222 2.119409e-08
5223 2.118846e-08
5224 2.118284e-08
5225 2.117721e-08
5226 2.117160e-08
5227 2.116597e-08
5228 2.116036e-08
5229 2.115474e-08
5230 2.114912e-08
5231 2.114351e-08
5232 2.113789e-08
5233 2.113228e-08
5234 2.112667e-08
5235 2.112106e-08
5236 2.111545e-08
5237 2.110984e-08
5238 2.110423e-08
5239 2.109862e-08
5240 2.109302e-08
5241 2.108741e-08
5242 2.108181e-08
5243 2.107620e-08
5244 2.107061e-08
5245 2.106500e-08
5246 2.105941e-08
5247 2.105381e-08
5248 2.104821e-08
5249 2.104292e-08
5250 2.103763e-08
5251 2.103233e-08
5252 2.102704e-08
5253 2.102175e-08
5254 2.101647e-08
5255 2.101118e-08
5256 2.100589e-08
5257 2.100060e-08
5258 2.099532e-08
5259 2.099004e-08
5260 2.098475e-08
5261 2.097947e-08
5262 2.097419e-08
5263 2.096891e-08
5264 2.096364e-08
5265 2.095836e-08
5266 2.095308e-08
5267 2.094781e-08
5268 2.094253e-08
5269 2.093726e-08
5270 2.093199e-08
5271 2.092672e-08
5272 2.092144e-08
5273 2.091617e-08
5274 2.091091e-08
5275 2.090564e-08
5276 2.090037e-08
5277 2.089511e-08
5278 2.088984e-08
5279 2.088458e-08
5280 2.087932e-08
5281 2.087406e-08
5282 2.086880e-08
5283 2.086354e-08
5284 2.085828e-08
5285 2.085302e-08
5286 2.084777e-08
5287 2.084251e-08
5288 2.083725e-08
5289 2.083200e-08
5290 2.082675e-08
5291 2.082150e-08
5292 2.081625e-08
5293 2.081100e-08
5294 2.080575e-08
5295 2.080050e-08
5296 2.079525e-08
5297 2.079001e-08
5298 2.078477e-08
5299 2.077952e-08
5300 2.077428e-08
5301 2.076904e-08
5302 2.076380e-08
5303 2.075856e-08
5304 2.075332e-08
5305 2.074808e-08
5306 2.074285e-08
5307 2.073761e-08
5308 2.073237e-08
5309 2.072714e-08
5310 2.072191e-08
5311 2.071668e-08
5312 2.071145e-08
5313 2.070622e-08
5314 2.070099e-08
5315 2.069576e-08
5316 2.069053e-08
5317 2.068531e-08
5318 2.068008e-08
5319 2.067486e-08
5320 2.066964e-08
5321 2.066442e-08
5322 2.065919e-08
5323 2.065397e-08
5324 2.064876e-08
5325 2.064354e-08
5326 2.063832e-08
5327 2.063310e-08
5328 2.062789e-08
5329 2.062268e-08
5330 2.061746e-08
5331 2.061225e-08
5332 2.060704e-08
5333 2.060183e-08
5334 2.059662e-08
5335 2.059141e-08
5336 2.058621e-08
5337 2.058100e-08
5338 2.057579e-08
5339 2.057059e-08
5340 2.056539e-08
5341 2.056019e-08
5342 2.055498e-08
5343 2.054978e-08
5344 2.054459e-08
5345 2.053939e-08
5346 2.053419e-08
5347 2.052899e-08
5348 2.052380e-08
5349 2.051860e-08
5350 2.051341e-08
5351 2.050821e-08
5352 2.050303e-08
5353 2.049783e-08
5354 2.049264e-08
5355 2.048745e-08
5356 2.048227e-08
5357 2.047708e-08
5358 2.047189e-08
5359 2.046671e-08
5360 2.046153e-08
5361 2.045634e-08
5362 2.045116e-08
5363 2.044598e-08
5364 2.044080e-08
5365 2.043562e-08
5366 2.043044e-08
5367 2.042527e-08
5368 2.042009e-08
5369 2.041492e-08
5370 2.040974e-08
5371 2.040457e-08
5372 2.039940e-08
5373 2.039423e-08
5374 2.038905e-08
5375 2.038389e-08
5376 2.037872e-08
5377 2.037355e-08
5378 2.036838e-08
5379 2.036322e-08
5380 2.035805e-08
5381 2.035289e-08
5382 2.034773e-08
5383 2.034257e-08
5384 2.033741e-08
5385 2.033225e-08
5386 2.032709e-08
5387 2.032193e-08
5388 2.031677e-08
5389 2.031162e-08
5390 2.030646e-08
5391 2.030131e-08
5392 2.029615e-08
5393 2.029100e-08
5394 2.028585e-08
5395 2.028070e-08
5396 2.027555e-08
5397 2.027040e-08
5398 2.026526e-08
5399 2.026011e-08
5400 2.025496e-08
5401 2.024982e-08
5402 2.024468e-08
5403 2.023953e-08
5404 2.023439e-08
5405 2.022925e-08
5406 2.022411e-08
5407 2.021897e-08
5408 2.021384e-08
5409 2.020870e-08
5410 2.020356e-08
5411 2.019843e-08
5412 2.019329e-08
5413 2.018816e-08
5414 2.018303e-08
5415 2.017790e-08
5416 2.017277e-08
5417 2.016764e-08
5418 2.016251e-08
5419 2.015738e-08
5420 2.015226e-08
5421 2.014713e-08
5422 2.014201e-08
5423 2.013688e-08
5424 2.013176e-08
5425 2.012664e-08
5426 2.012152e-08
5427 2.011640e-08
5428 2.011128e-08
5429 2.010616e-08
5430 2.010105e-08
5431 2.009593e-08
5432 2.009081e-08
5433 2.008570e-08
5434 2.008059e-08
5435 2.007547e-08
5436 2.007036e-08
5437 2.006525e-08
5438 2.006014e-08
5439 2.005503e-08
5440 2.004993e-08
5441 2.004482e-08
5442 2.003972e-08
5443 2.003461e-08
5444 2.002951e-08
5445 2.002440e-08
5446 2.001930e-08
5447 2.001420e-08
5448 2.000910e-08
5449 2.000400e-08
5450 1.999890e-08
5451 1.999381e-08
5452 1.998871e-08
5453 1.998362e-08
5454 1.997852e-08
5455 1.997343e-08
5456 1.996833e-08
5457 1.996324e-08
5458 1.995815e-08
5459 1.995306e-08
5460 1.994797e-08
5461 1.994289e-08
5462 1.993780e-08
5463 1.993271e-08
5464 1.992763e-08
5465 1.992254e-08
5466 1.991746e-08
5467 1.991238e-08
5468 1.990729e-08
5469 1.990222e-08
5470 1.989714e-08
5471 1.989206e-08
5472 1.988698e-08
5473 1.988190e-08
5474 1.987683e-08
5475 1.987175e-08
5476 1.986668e-08
5477 1.986161e-08
5478 1.985653e-08
5479 1.985146e-08
5480 1.984639e-08
5481 1.984132e-08
5482 1.983625e-08
5483 1.983119e-08
5484 1.982612e-08
5485 1.982105e-08
5486 1.981599e-08
5487 1.981092e-08
5488 1.980586e-08
5489 1.980080e-08
5490 1.979574e-08
5491 1.979068e-08
5492 1.978562e-08
5493 1.978056e-08
5494 1.977550e-08
5495 1.977045e-08
5496 1.976539e-08
5497 1.976034e-08
5498 1.975528e-08
5499 1.975023e-08
5500 1.974518e-08
5501 1.974013e-08
5502 1.973508e-08
5503 1.973003e-08
5504 1.972498e-08
5505 1.971994e-08
5506 1.971489e-08
5507 1.970984e-08
5508 1.970480e-08
5509 1.969976e-08
5510 1.969471e-08
5511 1.968967e-08
5512 1.968463e-08
5513 1.967959e-08
5514 1.967455e-08
5515 1.966952e-08
5516 1.966448e-08
5517 1.965944e-08
5518 1.965440e-08
5519 1.964937e-08
5520 1.964434e-08
5521 1.963930e-08
5522 1.963427e-08
5523 1.962924e-08
5524 1.962421e-08
5525 1.961918e-08
5526 1.961415e-08
5527 1.960913e-08
5528 1.960410e-08
5529 1.959908e-08
5530 1.959405e-08
5531 1.958903e-08
5532 1.958401e-08
5533 1.957898e-08
5534 1.957396e-08
5535 1.956894e-08
5536 1.956393e-08
5537 1.955891e-08
5538 1.955417e-08
5539 1.954942e-08
5540 1.954468e-08
5541 1.953994e-08
5542 1.953521e-08
5543 1.953047e-08
5544 1.952573e-08
5545 1.952099e-08
5546 1.951626e-08
5547 1.951152e-08
5548 1.950679e-08
5549 1.950206e-08
5550 1.949733e-08
5551 1.949259e-08
5552 1.948787e-08
5553 1.948314e-08
5554 1.947841e-08
5555 1.947368e-08
5556 1.946895e-08
5557 1.946423e-08
5558 1.945950e-08
5559 1.945478e-08
5560 1.945006e-08
5561 1.944533e-08
5562 1.944061e-08
5563 1.943589e-08
5564 1.943117e-08
5565 1.942645e-08
5566 1.942173e-08
5567 1.941702e-08
5568 1.941230e-08
5569 1.940758e-08
5570 1.940287e-08
5571 1.939816e-08
5572 1.939344e-08
5573 1.938873e-08
5574 1.938402e-08
5575 1.937931e-08
5576 1.937460e-08
5577 1.936989e-08
5578 1.936518e-08
5579 1.936047e-08
5580 1.935577e-08
5581 1.935106e-08
5582 1.934635e-08
5583 1.934165e-08
5584 1.933695e-08
5585 1.933225e-08
5586 1.932754e-08
5587 1.932285e-08
5588 1.931815e-08
5589 1.931345e-08
5590 1.930875e-08
5591 1.930405e-08
5592 1.929936e-08
5593 1.929466e-08
5594 1.928997e-08
5595 1.928527e-08
5596 1.928058e-08
5597 1.927589e-08
5598 1.927120e-08
5599 1.926651e-08
5600 1.926181e-08
5601 1.925713e-08
5602 1.925244e-08
5603 1.924775e-08
5604 1.924306e-08
5605 1.923838e-08
5606 1.923370e-08
5607 1.922901e-08
5608 1.922433e-08
5609 1.921965e-08
5610 1.921497e-08
5611 1.921028e-08
5612 1.920561e-08
5613 1.920093e-08
5614 1.919625e-08
5615 1.919157e-08
5616 1.918690e-08
5617 1.918222e-08
5618 1.917754e-08
5619 1.917287e-08
5620 1.916820e-08
5621 1.916353e-08
5622 1.915886e-08
5623 1.915419e-08
5624 1.914952e-08
5625 1.914485e-08
5626 1.914018e-08
5627 1.913551e-08
5628 1.913084e-08
5629 1.912618e-08
5630 1.912152e-08
5631 1.911685e-08
5632 1.911219e-08
5633 1.910753e-08
5634 1.910287e-08
5635 1.909820e-08
5636 1.909355e-08
5637 1.908889e-08
5638 1.908423e-08
5639 1.907957e-08
5640 1.907492e-08
5641 1.907026e-08
5642 1.906560e-08
5643 1.906095e-08
5644 1.905630e-08
5645 1.905165e-08
5646 1.904699e-08
5647 1.904234e-08
5648 1.903770e-08
5649 1.903304e-08
5650 1.902840e-08
5651 1.902375e-08
5652 1.901911e-08
5653 1.901446e-08
5654 1.900981e-08
5655 1.900517e-08
5656 1.900053e-08
5657 1.899588e-08
5658 1.899124e-08
5659 1.898660e-08
5660 1.898196e-08
5661 1.897732e-08
5662 1.897269e-08
5663 1.896805e-08
5664 1.896341e-08
5665 1.895878e-08
5666 1.895414e-08
5667 1.894951e-08
5668 1.894487e-08
5669 1.894024e-08
5670 1.893561e-08
5671 1.893098e-08
5672 1.892635e-08
5673 1.892172e-08
5674 1.891709e-08
5675 1.891246e-08
5676 1.890784e-08
5677 1.890321e-08
5678 1.889858e-08
5679 1.889396e-08
5680 1.888934e-08
5681 1.888471e-08
5682 1.888009e-08
5683 1.887547e-08
5684 1.887085e-08
5685 1.886623e-08
5686 1.886161e-08
5687 1.885700e-08
5688 1.885238e-08
5689 1.884776e-08
5690 1.884315e-08
5691 1.883853e-08
5692 1.883392e-08
5693 1.882931e-08
5694 1.882469e-08
5695 1.882008e-08
5696 1.881547e-08
5697 1.881086e-08
5698 1.880625e-08
5699 1.880164e-08
5700 1.879704e-08
5701 1.879243e-08
5702 1.878782e-08
5703 1.878322e-08
5704 1.877862e-08
5705 1.877401e-08
5706 1.876941e-08
5707 1.876481e-08
5708 1.876021e-08
5709 1.875561e-08
5710 1.875101e-08
5711 1.874641e-08
5712 1.874181e-08
5713 1.873722e-08
5714 1.873262e-08
5715 1.872803e-08
5716 1.872343e-08
5717 1.871884e-08
5718 1.871424e-08
5719 1.870965e-08
5720 1.870506e-08
5721 1.870047e-08
5722 1.869588e-08
5723 1.869129e-08
5724 1.868670e-08
5725 1.868212e-08
5726 1.867753e-08
5727 1.867294e-08
5728 1.866836e-08
5729 1.866378e-08
5730 1.865920e-08
5731 1.865461e-08
5732 1.865003e-08
5733 1.864545e-08
5734 1.864087e-08
5735 1.863629e-08
5736 1.863171e-08
5737 1.862714e-08
5738 1.862256e-08
5739 1.861798e-08
5740 1.861341e-08
5741 1.860883e-08
5742 1.860426e-08
5743 1.859969e-08
5744 1.859511e-08
5745 1.859054e-08
5746 1.858597e-08
5747 1.858140e-08
5748 1.857683e-08
5749 1.857226e-08
5750 1.856770e-08
5751 1.856313e-08
5752 1.855857e-08
5753 1.855400e-08
5754 1.854944e-08
5755 1.854487e-08
5756 1.854031e-08
5757 1.853575e-08
5758 1.853119e-08
5759 1.852663e-08
5760 1.852207e-08
5761 1.851751e-08
5762 1.851295e-08
5763 1.850840e-08
5764 1.850384e-08
5765 1.849929e-08
5766 1.849473e-08
5767 1.849018e-08
5768 1.848562e-08
5769 1.848107e-08
5770 1.847652e-08
5771 1.847197e-08
5772 1.846742e-08
5773 1.846287e-08
5774 1.845832e-08
5775 1.845378e-08
5776 1.844923e-08
5777 1.844468e-08
5778 1.844014e-08
5779 1.843559e-08
5780 1.843105e-08
5781 1.842651e-08
5782 1.842197e-08
5783 1.841743e-08
5784 1.841288e-08
5785 1.840834e-08
5786 1.840381e-08
5787 1.839927e-08
5788 1.839473e-08
5789 1.839019e-08
5790 1.838566e-08
5791 1.838112e-08
5792 1.837659e-08
5793 1.837206e-08
5794 1.836752e-08
5795 1.836299e-08
5796 1.835846e-08
5797 1.835393e-08
5798 1.834940e-08
5799 1.834487e-08
5800 1.834035e-08
5801 1.833582e-08
5802 1.833129e-08
5803 1.832677e-08
5804 1.832224e-08
5805 1.831772e-08
5806 1.831319e-08
5807 1.830867e-08
5808 1.830415e-08
5809 1.829963e-08
5810 1.829511e-08
5811 1.829059e-08
5812 1.828607e-08
5813 1.828155e-08
5814 1.827704e-08
5815 1.827252e-08
5816 1.826801e-08
5817 1.826349e-08
5818 1.825898e-08
5819 1.825446e-08
5820 1.824995e-08
5821 1.824544e-08
5822 1.824093e-08
5823 1.823642e-08
5824 1.823191e-08
5825 1.822740e-08
5826 1.822289e-08
5827 1.821839e-08
5828 1.821388e-08
5829 1.820937e-08
5830 1.820487e-08
5831 1.820037e-08
5832 1.819587e-08
5833 1.819136e-08
5834 1.818686e-08
5835 1.818236e-08
5836 1.817786e-08
5837 1.817336e-08
5838 1.816886e-08
5839 1.816437e-08
5840 1.815987e-08
5841 1.815537e-08
5842 1.815113e-08
5843 1.814688e-08
5844 1.814264e-08
5845 1.813840e-08
5846 1.813415e-08
5847 1.812991e-08
5848 1.812567e-08
5849 1.812143e-08
5850 1.811719e-08
5851 1.811295e-08
5852 1.810871e-08
5853 1.810448e-08
5854 1.810024e-08
5855 1.809601e-08
5856 1.809177e-08
5857 1.808754e-08
5858 1.808330e-08
5859 1.807907e-08
5860 1.807484e-08
5861 1.807061e-08
5862 1.806638e-08
5863 1.806215e-08
5864 1.805792e-08
5865 1.805369e-08
5866 1.804946e-08
5867 1.804523e-08
5868 1.804101e-08
5869 1.803678e-08
5870 1.803256e-08
5871 1.802834e-08
5872 1.802411e-08
5873 1.801989e-08
5874 1.801566e-08
5875 1.801144e-08
5876 1.800723e-08
5877 1.800300e-08
5878 1.799879e-08
5879 1.799457e-08
5880 1.799035e-08
5881 1.798613e-08
5882 1.798192e-08
5883 1.797770e-08
5884 1.797348e-08
5885 1.796927e-08
5886 1.796506e-08
5887 1.796085e-08
5888 1.795663e-08
5889 1.795242e-08
5890 1.794821e-08
5891 1.794400e-08
5892 1.793979e-08
5893 1.793559e-08
5894 1.793138e-08
5895 1.792717e-08
5896 1.792296e-08
5897 1.791876e-08
5898 1.791455e-08
5899 1.791035e-08
5900 1.790615e-08
5901 1.790194e-08
5902 1.789774e-08
5903 1.789354e-08
5904 1.788934e-08
5905 1.788514e-08
5906 1.788094e-08
5907 1.787674e-08
5908 1.787255e-08
5909 1.786835e-08
5910 1.786415e-08
5911 1.785996e-08
5912 1.785576e-08
5913 1.785157e-08
5914 1.784737e-08
5915 1.784318e-08
5916 1.783899e-08
5917 1.783480e-08
5918 1.783061e-08
5919 1.782642e-08
5920 1.782223e-08
5921 1.781804e-08
5922 1.781385e-08
5923 1.780967e-08
5924 1.780548e-08
5925 1.780129e-08
5926 1.779711e-08
5927 1.779292e-08
5928 1.778874e-08
5929 1.778456e-08
5930 1.778038e-08
5931 1.777619e-08
5932 1.777201e-08
5933 1.776783e-08
5934 1.776365e-08
5935 1.775948e-08
5936 1.775530e-08
5937 1.775112e-08
5938 1.774694e-08
5939 1.774277e-08
5940 1.773859e-08
5941 1.773442e-08
5942 1.773025e-08
5943 1.772607e-08
5944 1.772190e-08
5945 1.771773e-08
5946 1.771356e-08
5947 1.770939e-08
5948 1.770522e-08
5949 1.770105e-08
5950 1.769688e-08
5951 1.769271e-08
5952 1.768855e-08
5953 1.768438e-08
5954 1.768022e-08
5955 1.767605e-08
5956 1.767189e-08
5957 1.766773e-08
5958 1.766356e-08
5959 1.765940e-08
5960 1.765524e-08
5961 1.765108e-08
5962 1.764692e-08
5963 1.764276e-08
5964 1.763860e-08
5965 1.763444e-08
5966 1.763029e-08
5967 1.762613e-08
5968 1.762198e-08
5969 1.761782e-08
5970 1.761367e-08
5971 1.760951e-08
5972 1.760536e-08
5973 1.760121e-08
5974 1.759706e-08
5975 1.759291e-08
5976 1.758876e-08
5977 1.758461e-08
5978 1.758046e-08
5979 1.757631e-08
5980 1.757216e-08
5981 1.756802e-08
5982 1.756387e-08
5983 1.755973e-08
5984 1.755558e-08
5985 1.755144e-08
5986 1.754730e-08
5987 1.754316e-08
5988 1.753901e-08
5989 1.753487e-08
5990 1.753073e-08
5991 1.752659e-08
5992 1.752246e-08
5993 1.751832e-08
5994 1.751418e-08
5995 1.751004e-08
5996 1.750591e-08
5997 1.750177e-08
5998 1.749764e-08
5999 1.749350e-08
6000 1.748937e-08
6001 1.748524e-08
6002 1.748110e-08
6003 1.747697e-08
6004 1.747284e-08
6005 1.746871e-08
6006 1.746458e-08
6007 1.746045e-08
6008 1.745633e-08
6009 1.745220e-08
6010 1.744807e-08
6011 1.744395e-08
6012 1.743982e-08
6013 1.743570e-08
6014 1.743158e-08
6015 1.742745e-08
6016 1.742333e-08
6017 1.741921e-08
6018 1.741509e-08
6019 1.741097e-08
6020 1.740685e-08
6021 1.740273e-08
6022 1.739861e-08
6023 1.739449e-08
6024 1.739038e-08
6025 1.738626e-08
6026 1.738214e-08
6027 1.737803e-08
6028 1.737392e-08
6029 1.736980e-08
6030 1.736569e-08
6031 1.736158e-08
6032 1.735746e-08
6033 1.735336e-08
6034 1.734925e-08
6035 1.734514e-08
6036 1.734103e-08
6037 1.733692e-08
6038 1.733281e-08
6039 1.732870e-08
6040 1.732460e-08
6041 1.732050e-08
6042 1.731639e-08
6043 1.731229e-08
6044 1.730818e-08
6045 1.730408e-08
6046 1.729998e-08
6047 1.729588e-08
6048 1.729178e-08
6049 1.728768e-08
6050 1.728358e-08
6051 1.727948e-08
6052 1.727538e-08
6053 1.727128e-08
6054 1.726719e-08
6055 1.726309e-08
6056 1.725900e-08
6057 1.725490e-08
6058 1.725081e-08
6059 1.724671e-08
6060 1.724262e-08
6061 1.723853e-08
6062 1.723444e-08
6063 1.723035e-08
6064 1.722626e-08
6065 1.722217e-08
6066 1.721808e-08
6067 1.721400e-08
6068 1.720991e-08
6069 1.720582e-08
6070 1.720174e-08
6071 1.719765e-08
6072 1.719357e-08
6073 1.718949e-08
6074 1.718540e-08
6075 1.718132e-08
6076 1.717724e-08
6077 1.717316e-08
6078 1.716908e-08
6079 1.716500e-08
6080 1.716092e-08
6081 1.715684e-08
6082 1.715276e-08
6083 1.714869e-08
6084 1.714461e-08
6085 1.714053e-08
6086 1.713646e-08
6087 1.713238e-08
6088 1.712831e-08
6089 1.712424e-08
6090 1.712017e-08
6091 1.711609e-08
6092 1.711202e-08
6093 1.710795e-08
6094 1.710388e-08
6095 1.709982e-08
6096 1.709575e-08
6097 1.709168e-08
6098 1.708761e-08
6099 1.708355e-08
6100 1.707948e-08
6101 1.707542e-08
6102 1.707135e-08
6103 1.706729e-08
6104 1.706323e-08
6105 1.705916e-08
6106 1.705510e-08
6107 1.705104e-08
6108 1.704698e-08
6109 1.704292e-08
6110 1.703886e-08
6111 1.703480e-08
6112 1.703075e-08
6113 1.702669e-08
6114 1.702263e-08
6115 1.701858e-08
6116 1.701452e-08
6117 1.701047e-08
6118 1.700641e-08
6119 1.700236e-08
6120 1.699831e-08
6121 1.699426e-08
6122 1.699021e-08
6123 1.698616e-08
6124 1.698211e-08
6125 1.697806e-08
6126 1.697401e-08
6127 1.696996e-08
6128 1.696592e-08
6129 1.696187e-08
6130 1.695783e-08
6131 1.695378e-08
6132 1.694974e-08
6133 1.694569e-08
6134 1.694165e-08
6135 1.693761e-08
6136 1.693356e-08
6137 1.692952e-08
6138 1.692548e-08
6139 1.692144e-08
6140 1.691741e-08
6141 1.691337e-08
6142 1.690933e-08
6143 1.690529e-08
6144 1.690126e-08
6145 1.689722e-08
6146 1.689318e-08
6147 1.688915e-08
6148 1.688512e-08
6149 1.688108e-08
6150 1.687705e-08
6151 1.687302e-08
6152 1.686899e-08
6153 1.686496e-08
6154 1.686093e-08
6155 1.685690e-08
6156 1.685287e-08
6157 1.684884e-08
6158 1.684481e-08
6159 1.684079e-08
6160 1.683676e-08
6161 1.683274e-08
6162 1.682871e-08
6163 1.682492e-08
6164 1.682112e-08
6165 1.681733e-08
6166 1.681353e-08
6167 1.680974e-08
6168 1.680594e-08
6169 1.680215e-08
6170 1.679836e-08
6171 1.679457e-08
6172 1.679078e-08
6173 1.678699e-08
6174 1.678320e-08
6175 1.677941e-08
6176 1.677562e-08
6177 1.677184e-08
6178 1.676805e-08
6179 1.676426e-08
6180 1.676048e-08
6181 1.675669e-08
6182 1.675291e-08
6183 1.674913e-08
6184 1.674534e-08
6185 1.674156e-08
6186 1.673778e-08
6187 1.673399e-08
6188 1.673022e-08
6189 1.672643e-08
6190 1.672266e-08
6191 1.671888e-08
6192 1.671510e-08
6193 1.671132e-08
6194 1.670754e-08
6195 1.670377e-08
6196 1.669999e-08
6197 1.669622e-08
6198 1.669244e-08
6199 1.668867e-08
6200 1.668489e-08
6201 1.668112e-08
6202 1.667735e-08
6203 1.667358e-08
6204 1.666981e-08
6205 1.666604e-08
6206 1.666227e-08
6207 1.665850e-08
6208 1.665473e-08
6209 1.665096e-08
6210 1.664719e-08
6211 1.664343e-08
6212 1.663966e-08
6213 1.663590e-08
6214 1.663213e-08
6215 1.662837e-08
6216 1.662460e-08
6217 1.662084e-08
6218 1.661708e-08
6219 1.661331e-08
6220 1.660955e-08
6221 1.660579e-08
6222 1.660203e-08
6223 1.659827e-08
6224 1.659452e-08
6225 1.659076e-08
6226 1.658700e-08
6227 1.658324e-08
6228 1.657949e-08
6229 1.657573e-08
6230 1.657197e-08
6231 1.656822e-08
6232 1.656447e-08
6233 1.656071e-08
6234 1.655696e-08
6235 1.655321e-08
6236 1.654946e-08
6237 1.654570e-08
6238 1.654196e-08
6239 1.653820e-08
6240 1.653445e-08
6241 1.653071e-08
6242 1.652696e-08
6243 1.652321e-08
6244 1.651946e-08
6245 1.651572e-08
6246 1.651197e-08
6247 1.650823e-08
6248 1.650448e-08
6249 1.650074e-08
6250 1.649700e-08
6251 1.649325e-08
6252 1.648951e-08
6253 1.648577e-08
6254 1.648203e-08
6255 1.647829e-08
6256 1.647455e-08
6257 1.647081e-08
6258 1.646707e-08
6259 1.646334e-08
6260 1.645960e-08
6261 1.645586e-08
6262 1.645213e-08
6263 1.644839e-08
6264 1.644466e-08
6265 1.644092e-08
6266 1.643719e-08
6267 1.643345e-08
6268 1.642972e-08
6269 1.642599e-08
6270 1.642226e-08
6271 1.641853e-08
6272 1.641480e-08
6273 1.641107e-08
6274 1.640734e-08
6275 1.640361e-08
6276 1.639988e-08
6277 1.639616e-08
6278 1.639243e-08
6279 1.638870e-08
6280 1.638498e-08
6281 1.638125e-08
6282 1.637753e-08
6283 1.637381e-08
6284 1.637009e-08
6285 1.636636e-08
6286 1.636264e-08
6287 1.635892e-08
6288 1.635520e-08
6289 1.635148e-08
6290 1.634776e-08
6291 1.634404e-08
6292 1.634032e-08
6293 1.633660e-08
6294 1.633289e-08
6295 1.632917e-08
6296 1.632546e-08
6297 1.632174e-08
6298 1.631803e-08
6299 1.631431e-08
6300 1.631060e-08
6301 1.630688e-08
6302 1.630317e-08
6303 1.629946e-08
6304 1.629575e-08
6305 1.629204e-08
6306 1.628833e-08
6307 1.628462e-08
6308 1.628091e-08
6309 1.627720e-08
6310 1.627350e-08
6311 1.626979e-08
6312 1.626608e-08
6313 1.626238e-08
6314 1.625867e-08
6315 1.625497e-08
6316 1.625126e-08
6317 1.624756e-08
6318 1.624385e-08
6319 1.624015e-08
6320 1.623645e-08
6321 1.623275e-08
6322 1.622905e-08
6323 1.622535e-08
6324 1.622165e-08
6325 1.621795e-08
6326 1.621425e-08
6327 1.621056e-08
6328 1.620686e-08
6329 1.620316e-08
6330 1.619947e-08
6331 1.619577e-08
6332 1.619208e-08
6333 1.618838e-08
6334 1.618469e-08
6335 1.618100e-08
6336 1.617730e-08
6337 1.617361e-08
6338 1.616992e-08
6339 1.616623e-08
6340 1.616254e-08
6341 1.615885e-08
6342 1.615516e-08
6343 1.615147e-08
6344 1.614779e-08
6345 1.614410e-08
6346 1.614041e-08
6347 1.613673e-08
6348 1.613304e-08
6349 1.612936e-08
6350 1.612567e-08
6351 1.612199e-08
6352 1.611830e-08
6353 1.611462e-08
6354 1.611094e-08
6355 1.610726e-08
6356 1.610358e-08
6357 1.609990e-08
6358 1.609622e-08
6359 1.609254e-08
6360 1.608886e-08
6361 1.608518e-08
6362 1.608151e-08
6363 1.607783e-08
6364 1.607415e-08
6365 1.607048e-08
6366 1.606680e-08
6367 1.606313e-08
6368 1.605945e-08
6369 1.605578e-08
6370 1.605211e-08
6371 1.604844e-08
6372 1.604477e-08
6373 1.604109e-08
6374 1.603743e-08
6375 1.603375e-08
6376 1.603008e-08
6377 1.602642e-08
6378 1.602275e-08
6379 1.601908e-08
6380 1.601541e-08
6381 1.601175e-08
6382 1.600808e-08
6383 1.600442e-08
6384 1.600075e-08
6385 1.599709e-08
6386 1.599343e-08
6387 1.598976e-08
6388 1.598610e-08
6389 1.598244e-08
6390 1.597878e-08
6391 1.597512e-08
6392 1.597145e-08
6393 1.596780e-08
6394 1.596414e-08
6395 1.596048e-08
6396 1.595682e-08
6397 1.595317e-08
6398 1.594951e-08
6399 1.594585e-08
6400 1.594220e-08
6401 1.593854e-08
6402 1.593489e-08
6403 1.593123e-08
6404 1.592758e-08
6405 1.592393e-08
6406 1.592028e-08
6407 1.591662e-08
6408 1.591297e-08
6409 1.590932e-08
6410 1.590567e-08
6411 1.590203e-08
6412 1.589838e-08
6413 1.589473e-08
6414 1.589108e-08
6415 1.588743e-08
6416 1.588379e-08
6417 1.588014e-08
6418 1.587650e-08
6419 1.587285e-08
6420 1.586921e-08
6421 1.586556e-08
6422 1.586192e-08
6423 1.585828e-08
6424 1.585464e-08
6425 1.585100e-08
6426 1.584735e-08
6427 1.584372e-08
6428 1.584008e-08
6429 1.583644e-08
6430 1.583280e-08
6431 1.582916e-08
6432 1.582552e-08
6433 1.582189e-08
6434 1.581825e-08
6435 1.581461e-08
6436 1.581098e-08
6437 1.580735e-08
6438 1.580371e-08
6439 1.580008e-08
6440 1.579645e-08
6441 1.579281e-08
6442 1.578918e-08
6443 1.578555e-08
6444 1.578192e-08
6445 1.577829e-08
6446 1.577466e-08
6447 1.577103e-08
6448 1.576740e-08
6449 1.576378e-08
6450 1.576015e-08
6451 1.575652e-08
6452 1.575290e-08
6453 1.574927e-08
6454 1.574565e-08
6455 1.574202e-08
6456 1.573840e-08
6457 1.573478e-08
6458 1.573115e-08
6459 1.572753e-08
6460 1.572391e-08
6461 1.572029e-08
6462 1.571667e-08
6463 1.571305e-08
6464 1.570943e-08
6465 1.570581e-08
6466 1.570219e-08
6467 1.569857e-08
6468 1.569496e-08
6469 1.569134e-08
6470 1.568772e-08
6471 1.568411e-08
6472 1.568050e-08
6473 1.567688e-08
6474 1.567327e-08
6475 1.566965e-08
6476 1.566604e-08
6477 1.566243e-08
6478 1.565882e-08
6479 1.565521e-08
6480 1.565160e-08
6481 1.564799e-08
6482 1.564438e-08
6483 1.564077e-08
6484 1.563716e-08
6485 1.563355e-08
6486 1.562995e-08
6487 1.562634e-08
6488 1.562274e-08
6489 1.561913e-08
6490 1.561553e-08
6491 1.561192e-08
6492 1.560832e-08
6493 1.560471e-08
6494 1.560111e-08
6495 1.559751e-08
6496 1.559391e-08
6497 1.559031e-08
6498 1.558671e-08
6499 1.558311e-08
6500 1.557951e-08
6501 1.557591e-08
6502 1.557252e-08
6503 1.556913e-08
6504 1.556574e-08
6505 1.556235e-08
6506 1.555896e-08
6507 1.555558e-08
6508 1.555219e-08
6509 1.554880e-08
6510 1.554542e-08
6511 1.554203e-08
6512 1.553865e-08
6513 1.553526e-08
6514 1.553188e-08
6515 1.552849e-08
6516 1.552511e-08
6517 1.552173e-08
6518 1.551835e-08
6519 1.551497e-08
6520 1.551159e-08
6521 1.550820e-08
6522 1.550482e-08
6523 1.550145e-08
6524 1.549807e-08
6525 1.549469e-08
6526 1.549131e-08
6527 1.548793e-08
6528 1.548456e-08
6529 1.548118e-08
6530 1.547780e-08
6531 1.547443e-08
6532 1.547105e-08
6533 1.546768e-08
6534 1.546431e-08
6535 1.546093e-08
6536 1.545756e-08
6537 1.545419e-08
6538 1.545082e-08
6539 1.544745e-08
6540 1.544408e-08
6541 1.544071e-08
6542 1.543733e-08
6543 1.543397e-08
6544 1.543060e-08
6545 1.542723e-08
6546 1.542386e-08
6547 1.542050e-08
6548 1.541713e-08
6549 1.541376e-08
6550 1.541040e-08
6551 1.540703e-08
6552 1.540367e-08
6553 1.540030e-08
6554 1.539694e-08
6555 1.539358e-08
6556 1.539022e-08
6557 1.538685e-08
6558 1.538349e-08
6559 1.538013e-08
6560 1.537677e-08
6561 1.537341e-08
6562 1.537005e-08
6563 1.536669e-08
6564 1.536333e-08
6565 1.535998e-08
6566 1.535662e-08
6567 1.535326e-08
6568 1.534991e-08
6569 1.534655e-08
6570 1.534320e-08
6571 1.533984e-08
6572 1.533649e-08
6573 1.533313e-08
6574 1.532978e-08
6575 1.532643e-08
6576 1.532308e-08
6577 1.531972e-08
6578 1.531637e-08
6579 1.531302e-08
6580 1.530967e-08
6581 1.530632e-08
6582 1.530297e-08
6583 1.529963e-08
6584 1.529628e-08
6585 1.529293e-08
6586 1.528958e-08
6587 1.528624e-08
6588 1.528289e-08
6589 1.527954e-08
6590 1.527620e-08
6591 1.527285e-08
6592 1.526951e-08
6593 1.526617e-08
6594 1.526283e-08
6595 1.525948e-08
6596 1.525614e-08
6597 1.525280e-08
6598 1.524946e-08
6599 1.524612e-08
6600 1.524278e-08
6601 1.523944e-08
6602 1.523610e-08
6603 1.523276e-08
6604 1.522942e-08
6605 1.522608e-08
6606 1.522275e-08
6607 1.521941e-08
6608 1.521608e-08
6609 1.521274e-08
6610 1.520941e-08
6611 1.520607e-08
6612 1.520274e-08
6613 1.519940e-08
6614 1.519607e-08
6615 1.519274e-08
6616 1.518941e-08
6617 1.518608e-08
6618 1.518275e-08
6619 1.517942e-08
6620 1.517609e-08
6621 1.517276e-08
6622 1.516943e-08
6623 1.516610e-08
6624 1.516277e-08
6625 1.515944e-08
6626 1.515612e-08
6627 1.515279e-08
6628 1.514947e-08
6629 1.514614e-08
6630 1.514282e-08
6631 1.513949e-08
6632 1.513617e-08
6633 1.513284e-08
6634 1.512952e-08
6635 1.512620e-08
6636 1.512288e-08
6637 1.511956e-08
6638 1.511623e-08
6639 1.511292e-08
6640 1.510959e-08
6641 1.510627e-08
6642 1.510296e-08
6643 1.509964e-08
6644 1.509632e-08
6645 1.509300e-08
6646 1.508969e-08
6647 1.508637e-08
6648 1.508305e-08
6649 1.507974e-08
6650 1.507642e-08
6651 1.507311e-08
6652 1.506979e-08
6653 1.506648e-08
6654 1.506317e-08
6655 1.505986e-08
6656 1.505654e-08
6657 1.505323e-08
6658 1.504992e-08
6659 1.504661e-08
6660 1.504330e-08
6661 1.503999e-08
6662 1.503669e-08
6663 1.503338e-08
6664 1.503007e-08
6665 1.502676e-08
6666 1.502346e-08
6667 1.502015e-08
6668 1.501684e-08
6669 1.501354e-08
6670 1.501023e-08
6671 1.500693e-08
6672 1.500362e-08
6673 1.500032e-08
6674 1.499702e-08
6675 1.499372e-08
6676 1.499041e-08
6677 1.498711e-08
6678 1.498381e-08
6679 1.498051e-08
6680 1.497721e-08
6681 1.497391e-08
6682 1.497061e-08
6683 1.496731e-08
6684 1.496402e-08
6685 1.496072e-08
6686 1.495742e-08
6687 1.495412e-08
6688 1.495083e-08
6689 1.494753e-08
6690 1.494424e-08
6691 1.494094e-08
6692 1.493765e-08
6693 1.493436e-08
6694 1.493106e-08
6695 1.492777e-08
6696 1.492448e-08
6697 1.492119e-08
6698 1.491790e-08
6699 1.491460e-08
6700 1.491132e-08
6701 1.490803e-08
6702 1.490474e-08
6703 1.490145e-08
6704 1.489816e-08
6705 1.489487e-08
6706 1.489158e-08
6707 1.488830e-08
6708 1.488501e-08
6709 1.488173e-08
6710 1.487844e-08
6711 1.487516e-08
6712 1.487187e-08
6713 1.486859e-08
6714 1.486531e-08
6715 1.486202e-08
6716 1.485874e-08
6717 1.485546e-08
6718 1.485218e-08
6719 1.484890e-08
6720 1.484562e-08
6721 1.484234e-08
6722 1.483906e-08
6723 1.483578e-08
6724 1.483250e-08
6725 1.482922e-08
6726 1.482595e-08
6727 1.482267e-08
6728 1.481939e-08
6729 1.481612e-08
6730 1.481284e-08
6731 1.480957e-08
6732 1.480629e-08
6733 1.480302e-08
6734 1.479974e-08
6735 1.479647e-08
6736 1.479320e-08
6737 1.478993e-08
6738 1.478666e-08
6739 1.478338e-08
6740 1.478011e-08
6741 1.477684e-08
6742 1.477357e-08
6743 1.477031e-08
6744 1.476704e-08
6745 1.476377e-08
6746 1.476050e-08
6747 1.475723e-08
6748 1.475397e-08
6749 1.475070e-08
6750 1.474744e-08
6751 1.474417e-08
6752 1.474091e-08
6753 1.473764e-08
6754 1.473438e-08
6755 1.473111e-08
6756 1.472785e-08
6757 1.472459e-08
6758 1.472133e-08
6759 1.471807e-08
6760 1.471480e-08
6761 1.471154e-08
6762 1.470828e-08
6763 1.470503e-08
6764 1.470177e-08
6765 1.469851e-08
6766 1.469525e-08
6767 1.469199e-08
6768 1.468874e-08
6769 1.468548e-08
6770 1.468222e-08
6771 1.467897e-08
6772 1.467571e-08
6773 1.467246e-08
6774 1.466920e-08
6775 1.466595e-08
6776 1.466270e-08
6777 1.465944e-08
6778 1.465619e-08
6779 1.465294e-08
6780 1.464969e-08
6781 1.464644e-08
6782 1.464319e-08
6783 1.463994e-08
6784 1.463669e-08
6785 1.463344e-08
6786 1.463019e-08
6787 1.462694e-08
6788 1.462370e-08
6789 1.462045e-08
6790 1.461720e-08
6791 1.461396e-08
6792 1.461071e-08
6793 1.460747e-08
6794 1.460422e-08
6795 1.460098e-08
6796 1.459773e-08
6797 1.459449e-08
6798 1.459125e-08
6799 1.458801e-08
6800 1.458476e-08
6801 1.458152e-08
6802 1.457828e-08
6803 1.457504e-08
6804 1.457180e-08
6805 1.456856e-08
6806 1.456532e-08
6807 1.456209e-08
6808 1.455885e-08
6809 1.455561e-08
6810 1.455237e-08
6811 1.454914e-08
6812 1.454590e-08
6813 1.454267e-08
6814 1.453943e-08
6815 1.453620e-08
6816 1.453296e-08
6817 1.452973e-08
6818 1.452650e-08
6819 1.452326e-08
6820 1.452003e-08
6821 1.451680e-08
6822 1.451357e-08
6823 1.451034e-08
6824 1.450711e-08
6825 1.450388e-08
6826 1.450065e-08
6827 1.449742e-08
6828 1.449419e-08
6829 1.449096e-08
6830 1.448774e-08
6831 1.448451e-08
6832 1.448128e-08
6833 1.447806e-08
6834 1.447483e-08
6835 1.447161e-08
6836 1.446838e-08
6837 1.446516e-08
6838 1.446193e-08
6839 1.445871e-08
6840 1.445549e-08
6841 1.445226e-08
6842 1.444904e-08
6843 1.444582e-08
6844 1.444260e-08
6845 1.443938e-08
6846 1.443616e-08
6847 1.443294e-08
6848 1.442972e-08
6849 1.442650e-08
6850 1.442328e-08
6851 1.442007e-08
6852 1.441685e-08
6853 1.441364e-08
6854 1.441042e-08
6855 1.440720e-08
6856 1.440399e-08
6857 1.440077e-08
6858 1.439756e-08
6859 1.439454e-08
6860 1.439151e-08
6861 1.438849e-08
6862 1.438546e-08
6863 1.438244e-08
6864 1.437942e-08
6865 1.437640e-08
6866 1.437337e-08
6867 1.437035e-08
6868 1.436733e-08
6869 1.436431e-08
6870 1.436129e-08
6871 1.435827e-08
6872 1.435526e-08
6873 1.435224e-08
6874 1.434922e-08
6875 1.434620e-08
6876 1.434319e-08
6877 1.434017e-08
6878 1.433715e-08
6879 1.433414e-08
6880 1.433112e-08
6881 1.432811e-08
6882 1.432509e-08
6883 1.432208e-08
6884 1.431906e-08
6885 1.431605e-08
6886 1.431304e-08
6887 1.431003e-08
6888 1.430701e-08
6889 1.430400e-08
6890 1.430099e-08
6891 1.429798e-08
6892 1.429497e-08
6893 1.429196e-08
6894 1.428895e-08
6895 1.428594e-08
6896 1.428293e-08
6897 1.427993e-08
6898 1.427692e-08
6899 1.427391e-08
6900 1.427091e-08
6901 1.426790e-08
6902 1.426489e-08
6903 1.426189e-08
6904 1.425888e-08
6905 1.425588e-08
6906 1.425288e-08
6907 1.424987e-08
6908 1.424687e-08
6909 1.424387e-08
6910 1.424086e-08
6911 1.423786e-08
6912 1.423486e-08
6913 1.423186e-08
6914 1.422886e-08
6915 1.422586e-08
6916 1.422286e-08
6917 1.421986e-08
6918 1.421686e-08
6919 1.421386e-08
6920 1.421087e-08
6921 1.420787e-08
6922 1.420487e-08
6923 1.420187e-08
6924 1.419888e-08
6925 1.419588e-08
6926 1.419289e-08
6927 1.418989e-08
6928 1.418690e-08
6929 1.418390e-08
6930 1.418091e-08
6931 1.417792e-08
6932 1.417493e-08
6933 1.417193e-08
6934 1.416894e-08
6935 1.416595e-08
6936 1.416296e-08
6937 1.415997e-08
6938 1.415698e-08
6939 1.415399e-08
6940 1.415100e-08
6941 1.414801e-08
6942 1.414502e-08
6943 1.414203e-08
6944 1.413905e-08
6945 1.413606e-08
6946 1.413307e-08
6947 1.413009e-08
6948 1.412710e-08
6949 1.412412e-08
6950 1.412113e-08
6951 1.411815e-08
6952 1.411516e-08
6953 1.411218e-08
6954 1.410920e-08
6955 1.410621e-08
6956 1.410323e-08
6957 1.410025e-08
6958 1.409727e-08
6959 1.409429e-08
6960 1.409131e-08
6961 1.408833e-08
6962 1.408535e-08
6963 1.408237e-08
6964 1.407939e-08
6965 1.407641e-08
6966 1.407343e-08
6967 1.407045e-08
6968 1.406748e-08
6969 1.406450e-08
6970 1.406152e-08
6971 1.405855e-08
6972 1.405557e-08
6973 1.405260e-08
6974 1.404962e-08
6975 1.404665e-08
6976 1.404367e-08
6977 1.404070e-08
6978 1.403773e-08
6979 1.403476e-08
6980 1.403178e-08
6981 1.402881e-08
6982 1.402584e-08
6983 1.402287e-08
6984 1.401990e-08
6985 1.401693e-08
6986 1.401396e-08
6987 1.401099e-08
6988 1.400802e-08
6989 1.400505e-08
6990 1.400209e-08
6991 1.399912e-08
6992 1.399615e-08
6993 1.399318e-08
6994 1.399022e-08
6995 1.398725e-08
6996 1.398429e-08
6997 1.398132e-08
6998 1.397836e-08
6999 1.397539e-08
7000 1.397243e-08
7001 1.396947e-08
7002 1.396651e-08
7003 1.396354e-08
7004 1.396058e-08
7005 1.395762e-08
7006 1.395466e-08
7007 1.395170e-08
7008 1.394874e-08
7009 1.394578e-08
7010 1.394282e-08
7011 1.393986e-08
7012 1.393690e-08
7013 1.393394e-08
7014 1.393098e-08
7015 1.392803e-08
7016 1.392507e-08
7017 1.392211e-08
7018 1.391916e-08
7019 1.391620e-08
7020 1.391325e-08
7021 1.391029e-08
7022 1.390734e-08
7023 1.390438e-08
7024 1.390143e-08
7025 1.389848e-08
7026 1.389553e-08
7027 1.389257e-08
7028 1.388962e-08
7029 1.388667e-08
7030 1.388372e-08
7031 1.388077e-08
7032 1.387782e-08
7033 1.387487e-08
7034 1.387192e-08
7035 1.386897e-08
7036 1.386602e-08
7037 1.386307e-08
7038 1.386013e-08
7039 1.385718e-08
7040 1.385423e-08
7041 1.385128e-08
7042 1.384834e-08
7043 1.384540e-08
7044 1.384245e-08
7045 1.383950e-08
7046 1.383656e-08
7047 1.383362e-08
7048 1.383067e-08
7049 1.382773e-08
7050 1.382479e-08
7051 1.382185e-08
7052 1.381890e-08
7053 1.381596e-08
7054 1.381302e-08
7055 1.381008e-08
7056 1.380714e-08
7057 1.380420e-08
7058 1.380126e-08
7059 1.379832e-08
7060 1.379539e-08
7061 1.379245e-08
7062 1.378951e-08
7063 1.378657e-08
7064 1.378364e-08
7065 1.378070e-08
7066 1.377776e-08
7067 1.377483e-08
7068 1.377189e-08
7069 1.376896e-08
7070 1.376602e-08
7071 1.376309e-08
7072 1.376016e-08
7073 1.375722e-08
7074 1.375429e-08
7075 1.375136e-08
7076 1.374843e-08
7077 1.374549e-08
7078 1.374256e-08
7079 1.373964e-08
7080 1.373670e-08
7081 1.373377e-08
7082 1.373085e-08
7083 1.372792e-08
7084 1.372499e-08
7085 1.372206e-08
7086 1.371913e-08
7087 1.371621e-08
7088 1.371328e-08
7089 1.371035e-08
7090 1.370743e-08
7091 1.370450e-08
7092 1.370158e-08
7093 1.369865e-08
7094 1.369573e-08
7095 1.369280e-08
7096 1.368988e-08
7097 1.368696e-08
7098 1.368403e-08
7099 1.368111e-08
7100 1.367819e-08
7101 1.367527e-08
7102 1.367235e-08
7103 1.366943e-08
7104 1.366651e-08
7105 1.366359e-08
7106 1.366067e-08
7107 1.365775e-08
7108 1.365483e-08
7109 1.365191e-08
7110 1.364899e-08
7111 1.364608e-08
7112 1.364316e-08
7113 1.364024e-08
7114 1.363733e-08
7115 1.363441e-08
7116 1.363149e-08
7117 1.362858e-08
7118 1.362566e-08
7119 1.362275e-08
7120 1.361984e-08
7121 1.361692e-08
7122 1.361401e-08
7123 1.361110e-08
7124 1.360819e-08
7125 1.360528e-08
7126 1.360237e-08
7127 1.359945e-08
7128 1.359654e-08
7129 1.359363e-08
7130 1.359072e-08
7131 1.358782e-08
7132 1.358491e-08
7133 1.358200e-08
7134 1.357909e-08
7135 1.357618e-08
7136 1.357328e-08
7137 1.357037e-08
7138 1.356746e-08
7139 1.356456e-08
7140 1.356165e-08
7141 1.355875e-08
7142 1.355584e-08
7143 1.355294e-08
7144 1.355003e-08
7145 1.354713e-08
7146 1.354423e-08
7147 1.354132e-08
7148 1.353842e-08
7149 1.353552e-08
7150 1.353262e-08
7151 1.352972e-08
7152 1.352682e-08
7153 1.352392e-08
7154 1.352102e-08
7155 1.351812e-08
7156 1.351522e-08
7157 1.351232e-08
7158 1.350942e-08
7159 1.350653e-08
7160 1.350363e-08
7161 1.350073e-08
7162 1.349783e-08
7163 1.349494e-08
7164 1.349204e-08
7165 1.348915e-08
7166 1.348625e-08
7167 1.348336e-08
7168 1.348046e-08
7169 1.347757e-08
7170 1.347468e-08
7171 1.347178e-08
7172 1.346889e-08
7173 1.346600e-08
7174 1.346311e-08
7175 1.346022e-08
7176 1.345732e-08
7177 1.345443e-08
7178 1.345154e-08
7179 1.344865e-08
7180 1.344576e-08
7181 1.344288e-08
7182 1.343999e-08
7183 1.343710e-08
7184 1.343421e-08
7185 1.343132e-08
7186 1.342844e-08
7187 1.342555e-08
7188 1.342266e-08
7189 1.341978e-08
7190 1.341689e-08
7191 1.341401e-08
7192 1.341112e-08
7193 1.340824e-08
7194 1.340536e-08
7195 1.340247e-08
7196 1.339959e-08
7197 1.339671e-08
7198 1.339383e-08
7199 1.339094e-08
7200 1.338806e-08
7201 1.338518e-08
7202 1.338230e-08
7203 1.337942e-08
7204 1.337654e-08
7205 1.337366e-08
7206 1.337078e-08
7207 1.336791e-08
7208 1.336503e-08
7209 1.336215e-08
7210 1.335927e-08
7211 1.335640e-08
7212 1.335352e-08
7213 1.335064e-08
7214 1.334777e-08
7215 1.334489e-08
7216 1.334202e-08
7217 1.333914e-08
7218 1.333627e-08
7219 1.333340e-08
7220 1.333052e-08
7221 1.332765e-08
7222 1.332478e-08
7223 1.332190e-08
7224 1.331903e-08
7225 1.331616e-08
7226 1.331329e-08
7227 1.331042e-08
7228 1.330755e-08
7229 1.330468e-08
7230 1.330181e-08
7231 1.329894e-08
7232 1.329607e-08
7233 1.329321e-08
7234 1.329034e-08
7235 1.328747e-08
7236 1.328478e-08
7237 1.328208e-08
7238 1.327939e-08
7239 1.327670e-08
7240 1.327400e-08
7241 1.327131e-08
7242 1.326862e-08
7243 1.326593e-08
7244 1.326324e-08
7245 1.326055e-08
7246 1.325785e-08
7247 1.325517e-08
7248 1.325248e-08
7249 1.324978e-08
7250 1.324710e-08
7251 1.324441e-08
7252 1.324172e-08
7253 1.323903e-08
7254 1.323634e-08
7255 1.323366e-08
7256 1.323097e-08
7257 1.322829e-08
7258 1.322560e-08
7259 1.322291e-08
7260 1.322023e-08
7261 1.321754e-08
7262 1.321486e-08
7263 1.321217e-08
7264 1.320949e-08
7265 1.320681e-08
7266 1.320412e-08
7267 1.320144e-08
7268 1.319876e-08
7269 1.319608e-08
7270 1.319340e-08
7271 1.319071e-08
7272 1.318803e-08
7273 1.318535e-08
7274 1.318267e-08
7275 1.317999e-08
7276 1.317731e-08
7277 1.317463e-08
7278 1.317196e-08
7279 1.316928e-08
7280 1.316660e-08
7281 1.316392e-08
7282 1.316124e-08
7283 1.315857e-08
7284 1.315589e-08
7285 1.315322e-08
7286 1.315054e-08
7287 1.314786e-08
7288 1.314519e-08
7289 1.314251e-08
7290 1.313984e-08
7291 1.313717e-08
7292 1.313449e-08
7293 1.313182e-08
7294 1.312915e-08
7295 1.312647e-08
7296 1.312380e-08
7297 1.312113e-08
7298 1.311846e-08
7299 1.311579e-08
7300 1.311312e-08
7301 1.311045e-08
7302 1.310778e-08
7303 1.310511e-08
7304 1.310244e-08
7305 1.309977e-08
7306 1.309710e-08
7307 1.309443e-08
7308 1.309177e-08
7309 1.308910e-08
7310 1.308643e-08
7311 1.308377e-08
7312 1.308110e-08
7313 1.307843e-08
7314 1.307577e-08
7315 1.307310e-08
7316 1.307044e-08
7317 1.306778e-08
7318 1.306511e-08
7319 1.306245e-08
7320 1.305978e-08
7321 1.305712e-08
7322 1.305446e-08
7323 1.305180e-08
7324 1.304914e-08
7325 1.304647e-08
7326 1.304381e-08
7327 1.304115e-08
7328 1.303849e-08
7329 1.303583e-08
7330 1.303317e-08
7331 1.303051e-08
7332 1.302785e-08
7333 1.302519e-08
7334 1.302254e-08
7335 1.301988e-08
7336 1.301722e-08
7337 1.301457e-08
7338 1.301191e-08
7339 1.300925e-08
7340 1.300660e-08
7341 1.300394e-08
7342 1.300129e-08
7343 1.299863e-08
7344 1.299598e-08
7345 1.299332e-08
7346 1.299067e-08
7347 1.298801e-08
7348 1.298536e-08
7349 1.298271e-08
7350 1.298006e-08
7351 1.297740e-08
7352 1.297475e-08
7353 1.297210e-08
7354 1.296945e-08
7355 1.296680e-08
7356 1.296415e-08
7357 1.296150e-08
7358 1.295885e-08
7359 1.295620e-08
7360 1.295355e-08
7361 1.295090e-08
7362 1.294826e-08
7363 1.294561e-08
7364 1.294296e-08
7365 1.294031e-08
7366 1.293767e-08
7367 1.293502e-08
7368 1.293237e-08
7369 1.292973e-08
7370 1.292708e-08
7371 1.292444e-08
7372 1.292180e-08
7373 1.291915e-08
7374 1.291651e-08
7375 1.291386e-08
7376 1.291122e-08
7377 1.290858e-08
7378 1.290594e-08
7379 1.290329e-08
7380 1.290065e-08
7381 1.289801e-08
7382 1.289537e-08
7383 1.289273e-08
7384 1.289009e-08
7385 1.288745e-08
7386 1.288481e-08
7387 1.288217e-08
7388 1.287953e-08
7389 1.287689e-08
7390 1.287426e-08
7391 1.287162e-08
7392 1.286898e-08
7393 1.286634e-08
7394 1.286371e-08
7395 1.286107e-08
7396 1.285843e-08
7397 1.285580e-08
7398 1.285316e-08
7399 1.285053e-08
7400 1.284790e-08
7401 1.284526e-08
7402 1.284263e-08
7403 1.283999e-08
7404 1.283736e-08
7405 1.283473e-08
7406 1.283210e-08
7407 1.282946e-08
7408 1.282683e-08
7409 1.282420e-08
7410 1.282157e-08
7411 1.281894e-08
7412 1.281631e-08
7413 1.281368e-08
7414 1.281105e-08
7415 1.280842e-08
7416 1.280579e-08
7417 1.280316e-08
7418 1.280054e-08
7419 1.279791e-08
7420 1.279528e-08
7421 1.279265e-08
7422 1.279003e-08
7423 1.278740e-08
7424 1.278477e-08
7425 1.278215e-08
7426 1.277952e-08
7427 1.277690e-08
7428 1.277428e-08
7429 1.277165e-08
7430 1.276903e-08
7431 1.276640e-08
7432 1.276378e-08
7433 1.276116e-08
7434 1.275853e-08
7435 1.275591e-08
7436 1.275329e-08
7437 1.275067e-08
7438 1.274805e-08
7439 1.274543e-08
7440 1.274281e-08
7441 1.274019e-08
7442 1.273757e-08
7443 1.273495e-08
7444 1.273233e-08
7445 1.272971e-08
7446 1.272709e-08
7447 1.272448e-08
7448 1.272186e-08
7449 1.271924e-08
7450 1.271662e-08
7451 1.271401e-08
7452 1.271139e-08
7453 1.270877e-08
7454 1.270616e-08
7455 1.270354e-08
7456 1.270093e-08
7457 1.269832e-08
7458 1.269570e-08
7459 1.269309e-08
7460 1.269048e-08
7461 1.268786e-08
7462 1.268525e-08
7463 1.268264e-08
7464 1.268003e-08
7465 1.267741e-08
7466 1.267480e-08
7467 1.267219e-08
7468 1.266958e-08
7469 1.266697e-08
7470 1.266436e-08
7471 1.266175e-08
7472 1.265914e-08
7473 1.265653e-08
7474 1.265393e-08
7475 1.265132e-08
7476 1.264871e-08
7477 1.264610e-08
7478 1.264350e-08
7479 1.264089e-08
7480 1.263828e-08
7481 1.263568e-08
7482 1.263307e-08
7483 1.263047e-08
7484 1.262786e-08
7485 1.262526e-08
7486 1.262265e-08
7487 1.262005e-08
7488 1.261745e-08
7489 1.261484e-08
7490 1.261224e-08
7491 1.260964e-08
7492 1.260704e-08
7493 1.260443e-08
7494 1.260183e-08
7495 1.259923e-08
7496 1.259663e-08
7497 1.259403e-08
7498 1.259143e-08
7499 1.258883e-08
7500 1.258623e-08
7501 1.258363e-08
7502 1.258103e-08
7503 1.257844e-08
7504 1.257584e-08
7505 1.257324e-08
7506 1.257064e-08
7507 1.256804e-08
7508 1.256545e-08
7509 1.256285e-08
7510 1.256026e-08
7511 1.255766e-08
7512 1.255507e-08
7513 1.255247e-08
7514 1.254988e-08
7515 1.254728e-08
7516 1.254469e-08
7517 1.254209e-08
7518 1.253950e-08
7519 1.253691e-08
7520 1.253432e-08
7521 1.253173e-08
7522 1.252913e-08
7523 1.252654e-08
7524 1.252395e-08
7525 1.252136e-08
7526 1.251877e-08
7527 1.251618e-08
7528 1.251359e-08
7529 1.251100e-08
7530 1.250841e-08
7531 1.250582e-08
7532 1.250323e-08
7533 1.250065e-08
7534 1.249806e-08
7535 1.249547e-08
7536 1.249289e-08
7537 1.249030e-08
7538 1.248771e-08
7539 1.248513e-08
7540 1.248254e-08
7541 1.247996e-08
7542 1.247737e-08
7543 1.247479e-08
7544 1.247220e-08
7545 1.246962e-08
7546 1.246704e-08
7547 1.246445e-08
7548 1.246187e-08
7549 1.245929e-08
7550 1.245670e-08
7551 1.245412e-08
7552 1.245154e-08
7553 1.244896e-08
7554 1.244638e-08
7555 1.244380e-08
7556 1.244122e-08
7557 1.243864e-08
7558 1.243606e-08
7559 1.243348e-08
7560 1.243090e-08
7561 1.242833e-08
7562 1.242575e-08
7563 1.242317e-08
7564 1.242059e-08
7565 1.241801e-08
7566 1.241544e-08
7567 1.241286e-08
7568 1.241028e-08
7569 1.240771e-08
7570 1.240513e-08
7571 1.240256e-08
7572 1.239998e-08
7573 1.239741e-08
7574 1.239484e-08
7575 1.239226e-08
7576 1.238969e-08
7577 1.238712e-08
7578 1.238454e-08
7579 1.238197e-08
7580 1.237940e-08
7581 1.237683e-08
7582 1.237426e-08
7583 1.237169e-08
7584 1.236912e-08
7585 1.236655e-08
7586 1.236398e-08
7587 1.236141e-08
7588 1.235884e-08
7589 1.235627e-08
7590 1.235370e-08
7591 1.235113e-08
7592 1.234856e-08
7593 1.234600e-08
7594 1.234343e-08
7595 1.234086e-08
7596 1.233830e-08
7597 1.233573e-08
7598 1.233316e-08
7599 1.233060e-08
7600 1.232803e-08
7601 1.232547e-08
7602 1.232291e-08
7603 1.232034e-08
7604 1.231778e-08
7605 1.231521e-08
7606 1.231265e-08
7607 1.231009e-08
7608 1.230752e-08
7609 1.230496e-08
7610 1.230240e-08
7611 1.229984e-08
7612 1.229728e-08
7613 1.229472e-08
7614 1.229216e-08
7615 1.228960e-08
7616 1.228704e-08
7617 1.228448e-08
7618 1.228192e-08
7619 1.227936e-08
7620 1.227680e-08
7621 1.227424e-08
7622 1.227169e-08
7623 1.226913e-08
7624 1.226657e-08
7625 1.226402e-08
7626 1.226146e-08
7627 1.225890e-08
7628 1.225635e-08
7629 1.225379e-08
7630 1.225124e-08
7631 1.224868e-08
7632 1.224613e-08
7633 1.224357e-08
7634 1.224118e-08
7635 1.223878e-08
7636 1.223639e-08
7637 1.223399e-08
7638 1.223160e-08
7639 1.222920e-08
7640 1.222681e-08
7641 1.222441e-08
7642 1.222202e-08
7643 1.221963e-08
7644 1.221723e-08
7645 1.221484e-08
7646 1.221245e-08
7647 1.221005e-08
7648 1.220766e-08
7649 1.220527e-08
7650 1.220288e-08
7651 1.220049e-08
7652 1.219810e-08
7653 1.219571e-08
7654 1.219332e-08
7655 1.219093e-08
7656 1.218854e-08
7657 1.218615e-08
7658 1.218376e-08
7659 1.218137e-08
7660 1.217898e-08
7661 1.217659e-08
7662 1.217421e-08
7663 1.217182e-08
7664 1.216943e-08
7665 1.216705e-08
7666 1.216466e-08
7667 1.216227e-08
7668 1.215989e-08
7669 1.215750e-08
7670 1.215512e-08
7671 1.215273e-08
7672 1.215035e-08
7673 1.214796e-08
7674 1.214558e-08
7675 1.214320e-08
7676 1.214081e-08
7677 1.213843e-08
7678 1.213605e-08
7679 1.213367e-08
7680 1.213128e-08
7681 1.212890e-08
7682 1.212652e-08
7683 1.212414e-08
7684 1.212176e-08
7685 1.211938e-08
7686 1.211700e-08
7687 1.211462e-08
7688 1.211224e-08
7689 1.210986e-08
7690 1.210748e-08
7691 1.210510e-08
7692 1.210272e-08
7693 1.210035e-08
7694 1.209797e-08
7695 1.209559e-08
7696 1.209321e-08
7697 1.209084e-08
7698 1.208846e-08
7699 1.208608e-08
7700 1.208371e-08
7701 1.208133e-08
7702 1.207896e-08
7703 1.207658e-08
7704 1.207421e-08
7705 1.207183e-08
7706 1.206946e-08
7707 1.206709e-08
7708 1.206471e-08
7709 1.206234e-08
7710 1.205997e-08
7711 1.205760e-08
7712 1.205522e-08
7713 1.205285e-08
7714 1.205048e-08
7715 1.204811e-08
7716 1.204574e-08
7717 1.204337e-08
7718 1.204100e-08
7719 1.203863e-08
7720 1.203626e-08
7721 1.203389e-08
7722 1.203152e-08
7723 1.202915e-08
7724 1.202678e-08
7725 1.202441e-08
7726 1.202205e-08
7727 1.201968e-08
7728 1.201731e-08
7729 1.201494e-08
7730 1.201258e-08
7731 1.201021e-08
7732 1.200785e-08
7733 1.200548e-08
7734 1.200312e-08
7735 1.200075e-08
7736 1.199838e-08
7737 1.199602e-08
7738 1.199366e-08
7739 1.199129e-08
7740 1.198893e-08
7741 1.198657e-08
7742 1.198420e-08
7743 1.198184e-08
7744 1.197948e-08
7745 1.197712e-08
7746 1.197475e-08
7747 1.197239e-08
7748 1.197003e-08
7749 1.196767e-08
7750 1.196531e-08
7751 1.196295e-08
7752 1.196059e-08
7753 1.195823e-08
7754 1.195587e-08
7755 1.195351e-08
7756 1.195115e-08
7757 1.194879e-08
7758 1.194644e-08
7759 1.194408e-08
7760 1.194172e-08
7761 1.193937e-08
7762 1.193701e-08
7763 1.193465e-08
7764 1.193229e-08
7765 1.192994e-08
7766 1.192758e-08
7767 1.192523e-08
7768 1.192287e-08
7769 1.192052e-08
7770 1.191817e-08
7771 1.191581e-08
7772 1.191346e-08
7773 1.191110e-08
7774 1.190875e-08
7775 1.190640e-08
7776 1.190404e-08
7777 1.190169e-08
7778 1.189934e-08
7779 1.189699e-08
7780 1.189464e-08
7781 1.189229e-08
7782 1.188994e-08
7783 1.188758e-08
7784 1.188524e-08
7785 1.188289e-08
7786 1.188053e-08
7787 1.187819e-08
7788 1.187584e-08
7789 1.187349e-08
7790 1.187114e-08
7791 1.186879e-08
7792 1.186644e-08
7793 1.186410e-08
7794 1.186175e-08
7795 1.185940e-08
7796 1.185706e-08
7797 1.185471e-08
7798 1.185236e-08
7799 1.185002e-08
7800 1.184767e-08
7801 1.184533e-08
7802 1.184298e-08
7803 1.184064e-08
7804 1.183829e-08
7805 1.183595e-08
7806 1.183361e-08
7807 1.183126e-08
7808 1.182892e-08
7809 1.182658e-08
7810 1.182424e-08
7811 1.182189e-08
7812 1.181955e-08
7813 1.181721e-08
7814 1.181487e-08
7815 1.181253e-08
7816 1.181019e-08
7817 1.180785e-08
7818 1.180551e-08
7819 1.180317e-08
7820 1.180083e-08
7821 1.179849e-08
7822 1.179615e-08
7823 1.179381e-08
7824 1.179147e-08
7825 1.178914e-08
7826 1.178680e-08
7827 1.178446e-08
7828 1.178213e-08
7829 1.177979e-08
7830 1.177745e-08
7831 1.177512e-08
7832 1.177278e-08
7833 1.177044e-08
7834 1.176811e-08
7835 1.176577e-08
7836 1.176344e-08
7837 1.176110e-08
7838 1.175877e-08
7839 1.175644e-08
7840 1.175410e-08
7841 1.175177e-08
7842 1.174944e-08
7843 1.174711e-08
7844 1.174478e-08
7845 1.174244e-08
7846 1.174011e-08
7847 1.173778e-08
7848 1.173545e-08
7849 1.173312e-08
7850 1.173079e-08
7851 1.172846e-08
7852 1.172613e-08
7853 1.172380e-08
7854 1.172147e-08
7855 1.171914e-08
7856 1.171681e-08
7857 1.171448e-08
7858 1.171216e-08
7859 1.170983e-08
7860 1.170750e-08
7861 1.170517e-08
7862 1.170285e-08
7863 1.170052e-08
7864 1.169819e-08
7865 1.169587e-08
7866 1.169354e-08
7867 1.169121e-08
7868 1.168889e-08
7869 1.168657e-08
7870 1.168424e-08
7871 1.168192e-08
7872 1.167959e-08
7873 1.167727e-08
7874 1.167495e-08
7875 1.167262e-08
7876 1.167030e-08
7877 1.166798e-08
7878 1.166566e-08
7879 1.166333e-08
7880 1.166101e-08
7881 1.165869e-08
7882 1.165637e-08
7883 1.165405e-08
7884 1.165173e-08
7885 1.164941e-08
7886 1.164709e-08
7887 1.164477e-08
7888 1.164245e-08
7889 1.164013e-08
7890 1.163781e-08
7891 1.163549e-08
7892 1.163318e-08
7893 1.163086e-08
7894 1.162854e-08
7895 1.162623e-08
7896 1.162391e-08
7897 1.162159e-08
7898 1.161927e-08
7899 1.161696e-08
7900 1.161464e-08
7901 1.161233e-08
7902 1.161001e-08
7903 1.160770e-08
7904 1.160538e-08
7905 1.160307e-08
7906 1.160076e-08
7907 1.159844e-08
7908 1.159613e-08
7909 1.159382e-08
7910 1.159150e-08
7911 1.158919e-08
7912 1.158688e-08
7913 1.158457e-08
7914 1.158226e-08
7915 1.157994e-08
7916 1.157763e-08
7917 1.157532e-08
7918 1.157301e-08
7919 1.157070e-08
7920 1.156839e-08
7921 1.156608e-08
7922 1.156377e-08
7923 1.156146e-08
7924 1.155916e-08
7925 1.155685e-08
7926 1.155454e-08
7927 1.155223e-08
7928 1.154992e-08
7929 1.154762e-08
7930 1.154531e-08
7931 1.154300e-08
7932 1.154070e-08
7933 1.153839e-08
7934 1.153608e-08
7935 1.153378e-08
7936 1.153147e-08
7937 1.152917e-08
7938 1.152687e-08
7939 1.152456e-08
7940 1.152226e-08
7941 1.151995e-08
7942 1.151765e-08
7943 1.151535e-08
7944 1.151304e-08
7945 1.151074e-08
7946 1.150844e-08
7947 1.150614e-08
7948 1.150383e-08
7949 1.150153e-08
7950 1.149923e-08
7951 1.149693e-08
7952 1.149463e-08
7953 1.149233e-08
7954 1.149003e-08
7955 1.148773e-08
7956 1.148543e-08
7957 1.148313e-08
7958 1.148083e-08
7959 1.147854e-08
7960 1.147624e-08
7961 1.147394e-08
7962 1.147164e-08
7963 1.146934e-08
7964 1.146705e-08
7965 1.146475e-08
7966 1.146246e-08
7967 1.146016e-08
7968 1.145786e-08
7969 1.145557e-08
7970 1.145327e-08
7971 1.145098e-08
7972 1.144868e-08
7973 1.144639e-08
7974 1.144409e-08
7975 1.144180e-08
7976 1.143951e-08
7977 1.143721e-08
7978 1.143492e-08
7979 1.143263e-08
7980 1.143033e-08
7981 1.142804e-08
7982 1.142575e-08
7983 1.142346e-08
7984 1.142117e-08
7985 1.141888e-08
7986 1.141659e-08
7987 1.141430e-08
7988 1.141201e-08
7989 1.140972e-08
7990 1.140743e-08
7991 1.140514e-08
7992 1.140285e-08
7993 1.140056e-08
7994 1.139827e-08
7995 1.139598e-08
7996 1.139370e-08
7997 1.139141e-08
7998 1.138912e-08
7999 1.138683e-08
8000 1.138455e-08
8001 1.138226e-08
8002 1.137997e-08
8003 1.137769e-08
8004 1.137540e-08
8005 1.137312e-08
8006 1.137083e-08
8007 1.136855e-08
8008 1.136626e-08
8009 1.136398e-08
8010 1.136170e-08
8011 1.135941e-08
8012 1.135713e-08
8013 1.135485e-08
8014 1.135256e-08
8015 1.135028e-08
8016 1.134800e-08
8017 1.134572e-08
8018 1.134343e-08
8019 1.134115e-08
8020 1.133887e-08
8021 1.133659e-08
8022 1.133431e-08
8023 1.133203e-08
8024 1.132975e-08
8025 1.132747e-08
8026 1.132519e-08
8027 1.132291e-08
8028 1.132063e-08
8029 1.131836e-08
8030 1.131608e-08
8031 1.131380e-08
8032 1.131152e-08
8033 1.130925e-08
8034 1.130697e-08
8035 1.130469e-08
8036 1.130241e-08
8037 1.130014e-08
8038 1.129786e-08
8039 1.129559e-08
8040 1.129331e-08
8041 1.129104e-08
8042 1.128876e-08
8043 1.128649e-08
8044 1.128421e-08
8045 1.128194e-08
8046 1.127967e-08
8047 1.127739e-08
8048 1.127512e-08
8049 1.127285e-08
8050 1.127057e-08
8051 1.126830e-08
8052 1.126603e-08
8053 1.126390e-08
8054 1.126177e-08
8055 1.125965e-08
8056 1.125752e-08
8057 1.125539e-08
8058 1.125326e-08
8059 1.125114e-08
8060 1.124901e-08
8061 1.124688e-08
8062 1.124476e-08
8063 1.124263e-08
8064 1.124051e-08
8065 1.123838e-08
8066 1.123626e-08
8067 1.123413e-08
8068 1.123201e-08
8069 1.122988e-08
8070 1.122776e-08
8071 1.122564e-08
8072 1.122351e-08
8073 1.122139e-08
8074 1.121927e-08
8075 1.121714e-08
8076 1.121502e-08
8077 1.121290e-08
8078 1.121078e-08
8079 1.120865e-08
8080 1.120654e-08
8081 1.120441e-08
8082 1.120229e-08
8083 1.120017e-08
8084 1.119805e-08
8085 1.119593e-08
8086 1.119381e-08
8087 1.119169e-08
8088 1.118957e-08
8089 1.118745e-08
8090 1.118534e-08
8091 1.118322e-08
8092 1.118110e-08
8093 1.117898e-08
8094 1.117686e-08
8095 1.117475e-08
8096 1.117263e-08
8097 1.117051e-08
8098 1.116840e-08
8099 1.116628e-08
8100 1.116416e-08
8101 1.116205e-08
8102 1.115993e-08
8103 1.115782e-08
8104 1.115570e-08
8105 1.115359e-08
8106 1.115147e-08
8107 1.114936e-08
8108 1.114725e-08
8109 1.114513e-08
8110 1.114302e-08
8111 1.114091e-08
8112 1.113879e-08
8113 1.113668e-08
8114 1.113457e-08
8115 1.113246e-08
8116 1.113034e-08
8117 1.112823e-08
8118 1.112612e-08
8119 1.112401e-08
8120 1.112190e-08
8121 1.111979e-08
8122 1.111768e-08
8123 1.111557e-08
8124 1.111346e-08
8125 1.111135e-08
8126 1.110924e-08
8127 1.110713e-08
8128 1.110502e-08
8129 1.110291e-08
8130 1.110081e-08
8131 1.109870e-08
8132 1.109659e-08
8133 1.109448e-08
8134 1.109237e-08
8135 1.109027e-08
8136 1.108816e-08
8137 1.108605e-08
8138 1.108395e-08
8139 1.108184e-08
8140 1.107974e-08
8141 1.107763e-08
8142 1.107553e-08
8143 1.107342e-08
8144 1.107132e-08
8145 1.106921e-08
8146 1.106711e-08
8147 1.106501e-08
8148 1.106290e-08
8149 1.106080e-08
8150 1.105870e-08
8151 1.105659e-08
8152 1.105449e-08
8153 1.105239e-08
8154 1.105029e-08
8155 1.104818e-08
8156 1.104608e-08
8157 1.104398e-08
8158 1.104188e-08
8159 1.103978e-08
8160 1.103768e-08
8161 1.103558e-08
8162 1.103348e-08
8163 1.103138e-08
8164 1.102928e-08
8165 1.102718e-08
8166 1.102508e-08
8167 1.102298e-08
8168 1.102088e-08
8169 1.101879e-08
8170 1.101669e-08
8171 1.101459e-08
8172 1.101249e-08
8173 1.101040e-08
8174 1.100830e-08
8175 1.100620e-08
8176 1.100411e-08
8177 1.100201e-08
8178 1.099992e-08
8179 1.099782e-08
8180 1.099572e-08
8181 1.099363e-08
8182 1.099153e-08
8183 1.098944e-08
8184 1.098734e-08
8185 1.098525e-08
8186 1.098316e-08
8187 1.098107e-08
8188 1.097897e-08
8189 1.097688e-08
8190 1.097479e-08
8191 1.097269e-08
8192 1.097060e-08
8193 1.096851e-08
8194 1.096642e-08
8195 1.096433e-08
8196 1.096223e-08
8197 1.096014e-08
8198 1.095805e-08
8199 1.095596e-08
8200 1.095387e-08
8201 1.095178e-08
8202 1.094969e-08
8203 1.094760e-08
8204 1.094551e-08
8205 1.094343e-08
8206 1.094134e-08
8207 1.093925e-08
8208 1.093716e-08
8209 1.093507e-08
8210 1.093298e-08
8211 1.093090e-08
8212 1.092881e-08
8213 1.092672e-08
8214 1.092463e-08
8215 1.092255e-08
8216 1.092046e-08
8217 1.091838e-08
8218 1.091629e-08
8219 1.091421e-08
8220 1.091212e-08
8221 1.091004e-08
8222 1.090795e-08
8223 1.090587e-08
8224 1.090378e-08
8225 1.090170e-08
8226 1.089962e-08
8227 1.089753e-08
8228 1.089545e-08
8229 1.089337e-08
8230 1.089128e-08
8231 1.088920e-08
8232 1.088712e-08
8233 1.088504e-08
8234 1.088296e-08
8235 1.088088e-08
8236 1.087879e-08
8237 1.087671e-08
8238 1.087463e-08
8239 1.087255e-08
8240 1.087047e-08
8241 1.086839e-08
8242 1.086631e-08
8243 1.086423e-08
8244 1.086215e-08
8245 1.086007e-08
8246 1.085800e-08
8247 1.085592e-08
8248 1.085384e-08
8249 1.085176e-08
8250 1.084969e-08
8251 1.084761e-08
8252 1.084553e-08
8253 1.084345e-08
8254 1.084138e-08
8255 1.083930e-08
8256 1.083723e-08
8257 1.083515e-08
8258 1.083307e-08
8259 1.083100e-08
8260 1.082892e-08
8261 1.082685e-08
8262 1.082478e-08
8263 1.082270e-08
8264 1.082063e-08
8265 1.081855e-08
8266 1.081648e-08
8267 1.081441e-08
8268 1.081233e-08
8269 1.081026e-08
8270 1.080819e-08
8271 1.080611e-08
8272 1.080404e-08
8273 1.080197e-08
8274 1.079990e-08
8275 1.079783e-08
8276 1.079576e-08
8277 1.079369e-08
8278 1.079162e-08
8279 1.078955e-08
8280 1.078748e-08
8281 1.078541e-08
8282 1.078334e-08
8283 1.078127e-08
8284 1.077920e-08
8285 1.077713e-08
8286 1.077506e-08
8287 1.077299e-08
8288 1.077092e-08
8289 1.076886e-08
8290 1.076679e-08
8291 1.076472e-08
8292 1.076266e-08
8293 1.076059e-08
8294 1.075852e-08
8295 1.075646e-08
8296 1.075439e-08
8297 1.075232e-08
8298 1.075026e-08
8299 1.074819e-08
8300 1.074613e-08
8301 1.074406e-08
8302 1.074200e-08
8303 1.073993e-08
8304 1.073787e-08
8305 1.073581e-08
8306 1.073374e-08
8307 1.073168e-08
8308 1.072962e-08
8309 1.072756e-08
8310 1.072549e-08
8311 1.072343e-08
8312 1.072137e-08
8313 1.071931e-08
8314 1.071724e-08
8315 1.071518e-08
8316 1.071312e-08
8317 1.071106e-08
8318 1.070900e-08
8319 1.070694e-08
8320 1.070488e-08
8321 1.070282e-08
8322 1.070076e-08
8323 1.069870e-08
8324 1.069664e-08
8325 1.069458e-08
8326 1.069253e-08
8327 1.069047e-08
8328 1.068841e-08
8329 1.068635e-08
8330 1.068429e-08
8331 1.068224e-08
8332 1.068018e-08
8333 1.067812e-08
8334 1.067607e-08
8335 1.067401e-08
8336 1.067195e-08
8337 1.066990e-08
8338 1.066784e-08
8339 1.066579e-08
8340 1.066373e-08
8341 1.066168e-08
8342 1.065962e-08
8343 1.065757e-08
8344 1.065551e-08
8345 1.065346e-08
8346 1.065141e-08
8347 1.064935e-08
8348 1.064730e-08
8349 1.064525e-08
8350 1.064319e-08
8351 1.064114e-08
8352 1.063909e-08
8353 1.063704e-08
8354 1.063499e-08
8355 1.063293e-08
8356 1.063088e-08
8357 1.062883e-08
8358 1.062678e-08
8359 1.062473e-08
8360 1.062268e-08
8361 1.062063e-08
8362 1.061858e-08
8363 1.061653e-08
8364 1.061448e-08
8365 1.061243e-08
8366 1.061038e-08
8367 1.060834e-08
8368 1.060629e-08
8369 1.060424e-08
8370 1.060219e-08
8371 1.060015e-08
8372 1.059810e-08
8373 1.059605e-08
8374 1.059400e-08
8375 1.059196e-08
8376 1.058991e-08
8377 1.058786e-08
8378 1.058582e-08
8379 1.058377e-08
8380 1.058173e-08
8381 1.057968e-08
8382 1.057764e-08
8383 1.057559e-08
8384 1.057355e-08
8385 1.057151e-08
8386 1.056946e-08
8387 1.056742e-08
8388 1.056537e-08
8389 1.056333e-08
8390 1.056129e-08
8391 1.055925e-08
8392 1.055720e-08
8393 1.055516e-08
8394 1.055312e-08
8395 1.055108e-08
8396 1.054904e-08
8397 1.054700e-08
8398 1.054496e-08
8399 1.054291e-08
8400 1.054087e-08
8401 1.053883e-08
8402 1.053679e-08
8403 1.053475e-08
8404 1.053271e-08
8405 1.053068e-08
8406 1.052864e-08
8407 1.052660e-08
8408 1.052456e-08
8409 1.052252e-08
8410 1.052048e-08
8411 1.051844e-08
8412 1.051641e-08
8413 1.051437e-08
8414 1.051233e-08
8415 1.051030e-08
8416 1.050826e-08
8417 1.050622e-08
8418 1.050419e-08
8419 1.050215e-08
8420 1.050012e-08
8421 1.049808e-08
8422 1.049605e-08
8423 1.049401e-08
8424 1.049198e-08
8425 1.048994e-08
8426 1.048791e-08
8427 1.048587e-08
8428 1.048384e-08
8429 1.048181e-08
8430 1.047977e-08
8431 1.047774e-08
8432 1.047571e-08
8433 1.047368e-08
8434 1.047164e-08
8435 1.046961e-08
8436 1.046758e-08
8437 1.046555e-08
8438 1.046352e-08
8439 1.046149e-08
8440 1.045945e-08
8441 1.045742e-08
8442 1.045540e-08
8443 1.045337e-08
8444 1.045134e-08
8445 1.044931e-08
8446 1.044728e-08
8447 1.044525e-08
8448 1.044322e-08
8449 1.044119e-08
8450 1.043916e-08
8451 1.043713e-08
8452 1.043510e-08
8453 1.043308e-08
8454 1.043105e-08
8455 1.042902e-08
8456 1.042699e-08
8457 1.042497e-08
8458 1.042294e-08
8459 1.042092e-08
8460 1.041889e-08
8461 1.041687e-08
8462 1.041484e-08
8463 1.041281e-08
8464 1.041079e-08
8465 1.040876e-08
8466 1.040674e-08
8467 1.040472e-08
8468 1.040269e-08
8469 1.040067e-08
8470 1.039864e-08
8471 1.039662e-08
8472 1.039460e-08
8473 1.039258e-08
8474 1.039055e-08
8475 1.038853e-08
8476 1.038651e-08
8477 1.038449e-08
8478 1.038246e-08
8479 1.038044e-08
8480 1.037842e-08
8481 1.037640e-08
8482 1.037438e-08
8483 1.037236e-08
8484 1.037034e-08
8485 1.036832e-08
8486 1.036630e-08
8487 1.036428e-08
8488 1.036226e-08
8489 1.036024e-08
8490 1.035822e-08
8491 1.035620e-08
8492 1.035419e-08
8493 1.035217e-08
8494 1.035015e-08
8495 1.034813e-08
8496 1.034625e-08
8497 1.034436e-08
8498 1.034247e-08
8499 1.034059e-08
8500 1.033870e-08
8501 1.033682e-08
8502 1.033493e-08
8503 1.033304e-08
8504 1.033116e-08
8505 1.032927e-08
8506 1.032739e-08
8507 1.032551e-08
8508 1.032362e-08
8509 1.032174e-08
8510 1.031985e-08
8511 1.031797e-08
8512 1.031609e-08
8513 1.031421e-08
8514 1.031232e-08
8515 1.031044e-08
8516 1.030856e-08
8517 1.030667e-08
8518 1.030479e-08
8519 1.030291e-08
8520 1.030103e-08
8521 1.029915e-08
8522 1.029727e-08
8523 1.029539e-08
8524 1.029351e-08
8525 1.029163e-08
8526 1.028975e-08
8527 1.028787e-08
8528 1.028599e-08
8529 1.028411e-08
8530 1.028223e-08
8531 1.028035e-08
8532 1.027847e-08
8533 1.027659e-08
8534 1.027471e-08
8535 1.027283e-08
8536 1.027096e-08
8537 1.026908e-08
8538 1.026720e-08
8539 1.026532e-08
8540 1.026345e-08
8541 1.026157e-08
8542 1.025969e-08
8543 1.025782e-08
8544 1.025594e-08
8545 1.025407e-08
8546 1.025219e-08
8547 1.025031e-08
8548 1.024844e-08
8549 1.024656e-08
8550 1.024469e-08
8551 1.024281e-08
8552 1.024094e-08
8553 1.023907e-08
8554 1.023719e-08
8555 1.023532e-08
8556 1.023344e-08
8557 1.023157e-08
8558 1.022970e-08
8559 1.022782e-08
8560 1.022595e-08
8561 1.022408e-08
8562 1.022221e-08
8563 1.022034e-08
8564 1.021846e-08
8565 1.021659e-08
8566 1.021472e-08
8567 1.021285e-08
8568 1.021098e-08
8569 1.020911e-08
8570 1.020724e-08
8571 1.020537e-08
8572 1.020350e-08
8573 1.020163e-08
8574 1.019976e-08
8575 1.019789e-08
8576 1.019602e-08
8577 1.019415e-08
8578 1.019228e-08
8579 1.019041e-08
8580 1.018855e-08
8581 1.018668e-08
8582 1.018481e-08
8583 1.018294e-08
8584 1.018107e-08
8585 1.017921e-08
8586 1.017734e-08
8587 1.017547e-08
8588 1.017361e-08
8589 1.017174e-08
8590 1.016987e-08
8591 1.016801e-08
8592 1.016614e-08
8593 1.016428e-08
8594 1.016241e-08
8595 1.016055e-08
8596 1.015868e-08
8597 1.015682e-08
8598 1.015495e-08
8599 1.015309e-08
8600 1.015123e-08
8601 1.014936e-08
8602 1.014750e-08
8603 1.014563e-08
8604 1.014377e-08
8605 1.014191e-08
8606 1.014005e-08
8607 1.013818e-08
8608 1.013632e-08
8609 1.013446e-08
8610 1.013260e-08
8611 1.013074e-08
8612 1.012887e-08
8613 1.012701e-08
8614 1.012515e-08
8615 1.012329e-08
8616 1.012143e-08
8617 1.011957e-08
8618 1.011771e-08
8619 1.011585e-08
8620 1.011399e-08
8621 1.011213e-08
8622 1.011027e-08
8623 1.010841e-08
8624 1.010656e-08
8625 1.010470e-08
8626 1.010284e-08
8627 1.010098e-08
8628 1.009912e-08
8629 1.009727e-08
8630 1.009541e-08
8631 1.009355e-08
8632 1.009169e-08
8633 1.008984e-08
8634 1.008798e-08
8635 1.008612e-08
8636 1.008427e-08
8637 1.008241e-08
8638 1.008055e-08
8639 1.007870e-08
8640 1.007684e-08
8641 1.007499e-08
8642 1.007313e-08
8643 1.007128e-08
8644 1.006943e-08
8645 1.006757e-08
8646 1.006572e-08
8647 1.006386e-08
8648 1.006201e-08
8649 1.006016e-08
8650 1.005830e-08
8651 1.005645e-08
8652 1.005460e-08
8653 1.005275e-08
8654 1.005089e-08
8655 1.004904e-08
8656 1.004719e-08
8657 1.004534e-08
8658 1.004349e-08
8659 1.004163e-08
8660 1.003978e-08
8661 1.003793e-08
8662 1.003608e-08
8663 1.003423e-08
8664 1.003238e-08
8665 1.003053e-08
8666 1.002868e-08
8667 1.002683e-08
8668 1.002498e-08
8669 1.002313e-08
8670 1.002129e-08
8671 1.001944e-08
8672 1.001759e-08
8673 1.001574e-08
8674 1.001389e-08
8675 1.001204e-08
8676 1.001020e-08
8677 1.000835e-08
8678 1.000650e-08
8679 1.000465e-08
8680 1.000281e-08
8681 1.000096e-08
8682 9.999114e-09
8683 9.997269e-09
8684 9.995422e-09
8685 9.993577e-09
8686 9.991731e-09
8687 9.989885e-09
8688 9.988041e-09
8689 9.986195e-09
8690 9.984352e-09
8691 9.982507e-09
8692 9.980664e-09
8693 9.978819e-09
8694 9.976974e-09
8695 9.975132e-09
8696 9.973288e-09
8697 9.971446e-09
8698 9.969602e-09
8699 9.967758e-09
8700 9.965917e-09
8701 9.964074e-09
8702 9.962233e-09
8703 9.960390e-09
8704 9.958548e-09
8705 9.956707e-09
8706 9.954865e-09
8707 9.953026e-09
8708 9.951184e-09
8709 9.949343e-09
8710 9.947503e-09
8711 9.945662e-09
8712 9.943823e-09
8713 9.941983e-09
8714 9.940143e-09
8715 9.938304e-09
8716 9.936464e-09
8717 9.934627e-09
8718 9.932787e-09
8719 9.930950e-09
8720 9.929111e-09
8721 9.927272e-09
8722 9.925435e-09
8723 9.923597e-09
8724 9.921760e-09
8725 9.919922e-09
8726 9.918085e-09
8727 9.916249e-09
8728 9.914411e-09
8729 9.912576e-09
8730 9.910739e-09
8731 9.908902e-09
8732 9.907068e-09
8733 9.905232e-09
8734 9.903397e-09
8735 9.901561e-09
8736 9.899726e-09
8737 9.897892e-09
8738 9.896057e-09
8739 9.894224e-09
8740 9.892389e-09
8741 9.890554e-09
8742 9.888722e-09
8743 9.886887e-09
8744 9.885055e-09
8745 9.883221e-09
8746 9.881390e-09
8747 9.879556e-09
8748 9.877723e-09
8749 9.875892e-09
8750 9.874059e-09
8751 9.872229e-09
8752 9.870396e-09
8753 9.868564e-09
8754 9.866734e-09
8755 9.864902e-09
8756 9.863073e-09
8757 9.861242e-09
8758 9.859410e-09
8759 9.857581e-09
8760 9.855751e-09
8761 9.853922e-09
8762 9.852092e-09
8763 9.850262e-09
8764 9.848434e-09
8765 9.846604e-09
8766 9.844777e-09
8767 9.842948e-09
8768 9.841120e-09
8769 9.839292e-09
8770 9.837463e-09
8771 9.835637e-09
8772 9.833809e-09
8773 9.831982e-09
8774 9.830155e-09
8775 9.828327e-09
8776 9.826502e-09
8777 9.824675e-09
8778 9.822850e-09
8779 9.821023e-09
8780 9.819196e-09
8781 9.817372e-09
8782 9.815546e-09
8783 9.813722e-09
8784 9.811896e-09
8785 9.810071e-09
8786 9.808247e-09
8787 9.806422e-09
8788 9.804599e-09
8789 9.802775e-09
8790 9.800950e-09
8791 9.799128e-09
8792 9.797304e-09
8793 9.795482e-09
8794 9.793659e-09
8795 9.791837e-09
8796 9.790014e-09
8797 9.788191e-09
8798 9.786370e-09
8799 9.784547e-09
8800 9.782727e-09
8801 9.780905e-09
8802 9.779083e-09
8803 9.777263e-09
8804 9.775442e-09
8805 9.773622e-09
8806 9.771801e-09
8807 9.769980e-09
8808 9.768161e-09
8809 9.766341e-09
8810 9.764522e-09
8811 9.762702e-09
8812 9.760883e-09
8813 9.759065e-09
8814 9.757245e-09
8815 9.755428e-09
8816 9.753609e-09
8817 9.751790e-09
8818 9.749973e-09
8819 9.748155e-09
8820 9.746339e-09
8821 9.744521e-09
8822 9.742705e-09
8823 9.740887e-09
8824 9.739070e-09
8825 9.737254e-09
8826 9.735437e-09
8827 9.733622e-09
8828 9.731806e-09
8829 9.729990e-09
8830 9.728175e-09
8831 9.726359e-09
8832 9.724545e-09
8833 9.722730e-09
8834 9.720915e-09
8835 9.719101e-09
8836 9.717286e-09
8837 9.715474e-09
8838 9.713659e-09
8839 9.711845e-09
8840 9.710033e-09
8841 9.708219e-09
8842 9.706407e-09
8843 9.704593e-09
8844 9.702782e-09
8845 9.700969e-09
8846 9.699156e-09
8847 9.697345e-09
8848 9.695533e-09
8849 9.693722e-09
8850 9.691910e-09
8851 9.690098e-09
8852 9.688289e-09
8853 9.686477e-09
8854 9.684668e-09
8855 9.682857e-09
8856 9.681046e-09
8857 9.679237e-09
8858 9.677427e-09
8859 9.675619e-09
8860 9.673809e-09
8861 9.671999e-09
8862 9.670191e-09
8863 9.668382e-09
8864 9.666574e-09
8865 9.664765e-09
8866 9.662957e-09
8867 9.661150e-09
8868 9.659342e-09
8869 9.657535e-09
8870 9.655727e-09
8871 9.653921e-09
8872 9.652114e-09
8873 9.650306e-09
8874 9.648501e-09
8875 9.646694e-09
8876 9.644889e-09
8877 9.643083e-09
8878 9.641276e-09
8879 9.639472e-09
8880 9.637666e-09
8881 9.635862e-09
8882 9.634057e-09
8883 9.632252e-09
8884 9.630448e-09
8885 9.628643e-09
8886 9.626841e-09
8887 9.625036e-09
8888 9.623232e-09
8889 9.621430e-09
8890 9.619626e-09
8891 9.617824e-09
8892 9.616020e-09
8893 9.614217e-09
8894 9.612416e-09
8895 9.610613e-09
8896 9.608812e-09
8897 9.607010e-09
8898 9.605209e-09
8899 9.603407e-09
8900 9.601605e-09
8901 9.599806e-09
8902 9.598004e-09
8903 9.596205e-09
8904 9.594404e-09
8905 9.592603e-09
8906 9.590804e-09
8907 9.589004e-09
8908 9.587205e-09
8909 9.585405e-09
8910 9.583605e-09
8911 9.581807e-09
8912 9.580008e-09
8913 9.578211e-09
8914 9.576412e-09
8915 9.574613e-09
8916 9.572816e-09
8917 9.571018e-09
8918 9.569221e-09
8919 9.567423e-09
8920 9.565625e-09
8921 9.563830e-09
8922 9.562032e-09
8923 9.560237e-09
8924 9.558440e-09
8925 9.556645e-09
8926 9.554848e-09
8927 9.553052e-09
8928 9.551257e-09
8929 9.549461e-09
8930 9.547667e-09
8931 9.545872e-09
8932 9.544076e-09
8933 9.542283e-09
8934 9.540488e-09
8935 9.538695e-09
8936 9.536900e-09
8937 9.535106e-09
8938 9.533314e-09
8939 9.531520e-09
8940 9.529728e-09
8941 9.527934e-09
8942 9.526141e-09
8943 9.524349e-09
8944 9.522556e-09
8945 9.520765e-09
8946 9.518973e-09
8947 9.517182e-09
8948 9.515390e-09
8949 9.513598e-09
8950 9.511808e-09
8951 9.510017e-09
8952 9.508227e-09
8953 9.506436e-09
8954 9.504645e-09
8955 9.502856e-09
8956 9.501065e-09
8957 9.499277e-09
8958 9.497487e-09
8959 9.495697e-09
8960 9.493909e-09
8961 9.492119e-09
8962 9.490330e-09
8963 9.488660e-09
8964 9.486991e-09
8965 9.485321e-09
8966 9.483652e-09
8967 9.481982e-09
8968 9.480313e-09
8969 9.478645e-09
8970 9.476976e-09
8971 9.475308e-09
8972 9.473641e-09
8973 9.471973e-09
8974 9.470305e-09
8975 9.468636e-09
8976 9.466969e-09
8977 9.465302e-09
8978 9.463635e-09
8979 9.461969e-09
8980 9.460302e-09
8981 9.458636e-09
8982 9.456970e-09
8983 9.455302e-09
8984 9.453637e-09
8985 9.451971e-09
8986 9.450306e-09
8987 9.448641e-09
8988 9.446976e-09
8989 9.445311e-09
8990 9.443647e-09
8991 9.441980e-09
8992 9.440316e-09
8993 9.438652e-09
8994 9.436988e-09
8995 9.435325e-09
8996 9.433661e-09
8997 9.431998e-09
8998 9.430335e-09
8999 9.428670e-09
9000 9.427008e-09
9001 9.425345e-09
9002 9.423683e-09
9003 9.422021e-09
9004 9.420359e-09
9005 9.418697e-09
9006 9.417035e-09
9007 9.415372e-09
9008 9.413711e-09
9009 9.412050e-09
9010 9.410389e-09
9011 9.408728e-09
9012 9.407068e-09
9013 9.405407e-09
9014 9.403747e-09
9015 9.402087e-09
9016 9.400426e-09
9017 9.398766e-09
9018 9.397107e-09
9019 9.395448e-09
9020 9.393789e-09
9021 9.392130e-09
9022 9.390471e-09
9023 9.388813e-09
9024 9.387153e-09
9025 9.385495e-09
9026 9.383837e-09
9027 9.382179e-09
9028 9.380521e-09
9029 9.378864e-09
9030 9.377207e-09
9031 9.375550e-09
9032 9.373891e-09
9033 9.372235e-09
9034 9.370578e-09
9035 9.368922e-09
9036 9.367266e-09
9037 9.365610e-09
9038 9.363954e-09
9039 9.362299e-09
9040 9.360642e-09
9041 9.358986e-09
9042 9.357331e-09
9043 9.355677e-09
9044 9.354022e-09
9045 9.352368e-09
9046 9.350713e-09
9047 9.349059e-09
9048 9.347404e-09
9049 9.345750e-09
9050 9.344096e-09
9051 9.342443e-09
9052 9.340790e-09
9053 9.339137e-09
9054 9.337484e-09
9055 9.335832e-09
9056 9.334177e-09
9057 9.332525e-09
9058 9.330873e-09
9059 9.329221e-09
9060 9.327570e-09
9061 9.325918e-09
9062 9.324267e-09
9063 9.322616e-09
9064 9.320963e-09
9065 9.319312e-09
9066 9.317661e-09
9067 9.316011e-09
9068 9.314361e-09
9069 9.312711e-09
9070 9.311061e-09
9071 9.309411e-09
9072 9.307760e-09
9073 9.306111e-09
9074 9.304461e-09
9075 9.302812e-09
9076 9.301164e-09
9077 9.299515e-09
9078 9.297867e-09
9079 9.296218e-09
9080 9.294569e-09
9081 9.292921e-09
9082 9.291273e-09
9083 9.289626e-09
9084 9.287978e-09
9085 9.286331e-09
9086 9.284684e-09
9087 9.283037e-09
9088 9.281389e-09
9089 9.279743e-09
9090 9.278096e-09
9091 9.276450e-09
9092 9.274804e-09
9093 9.273159e-09
9094 9.271513e-09
9095 9.269868e-09
9096 9.268221e-09
9097 9.266576e-09
9098 9.264931e-09
9099 9.263286e-09
9100 9.261642e-09
9101 9.259998e-09
9102 9.258354e-09
9103 9.256710e-09
9104 9.255064e-09
9105 9.253421e-09
9106 9.251777e-09
9107 9.250134e-09
9108 9.248491e-09
9109 9.246849e-09
9110 9.245206e-09
9111 9.243563e-09
9112 9.241919e-09
9113 9.240277e-09
9114 9.238635e-09
9115 9.236994e-09
9116 9.235352e-09
9117 9.233711e-09
9118 9.232070e-09
9119 9.230429e-09
9120 9.228786e-09
9121 9.227145e-09
9122 9.225505e-09
9123 9.223865e-09
9124 9.222225e-09
9125 9.220585e-09
9126 9.218945e-09
9127 9.217305e-09
9128 9.215664e-09
9129 9.214025e-09
9130 9.212386e-09
9131 9.210747e-09
9132 9.209108e-09
9133 9.207470e-09
9134 9.205832e-09
9135 9.204193e-09
9136 9.202554e-09
9137 9.200916e-09
9138 9.199278e-09
9139 9.197641e-09
9140 9.196004e-09
9141 9.194367e-09
9142 9.192730e-09
9143 9.191093e-09
9144 9.189455e-09
9145 9.187819e-09
9146 9.186182e-09
9147 9.184546e-09
9148 9.182911e-09
9149 9.181275e-09
9150 9.179640e-09
9151 9.178004e-09
9152 9.176369e-09
9153 9.174733e-09
9154 9.173098e-09
9155 9.171463e-09
9156 9.169829e-09
9157 9.168195e-09
9158 9.166561e-09
9159 9.164927e-09
9160 9.163293e-09
9161 9.161658e-09
9162 9.160025e-09
9163 9.158392e-09
9164 9.156759e-09
9165 9.155126e-09
9166 9.153493e-09
9167 9.151861e-09
9168 9.150229e-09
9169 9.148595e-09
9170 9.146963e-09
9171 9.145331e-09
9172 9.143700e-09
9173 9.142068e-09
9174 9.140437e-09
9175 9.138806e-09
9176 9.137175e-09
9177 9.135543e-09
9178 9.133913e-09
9179 9.132282e-09
9180 9.130652e-09
9181 9.129022e-09
9182 9.127393e-09
9183 9.125763e-09
9184 9.124134e-09
9185 9.122503e-09
9186 9.120874e-09
9187 9.119245e-09
9188 9.117616e-09
9189 9.115988e-09
9190 9.114359e-09
9191 9.112731e-09
9192 9.111103e-09
9193 9.109474e-09
9194 9.107846e-09
9195 9.106219e-09
9196 9.104591e-09
9197 9.102964e-09
9198 9.101337e-09
9199 9.099711e-09
9200 9.098084e-09
9201 9.096456e-09
9202 9.094830e-09
9203 9.093204e-09
9204 9.091578e-09
9205 9.089952e-09
9206 9.088327e-09
9207 9.086701e-09
9208 9.085076e-09
9209 9.083449e-09
9210 9.081825e-09
9211 9.080200e-09
9212 9.078576e-09
9213 9.076951e-09
9214 9.075327e-09
9215 9.073703e-09
9216 9.072080e-09
9217 9.070454e-09
9218 9.068831e-09
9219 9.067208e-09
9220 9.065585e-09
9221 9.063962e-09
9222 9.062339e-09
9223 9.060717e-09
9224 9.059094e-09
9225 9.057471e-09
9226 9.055849e-09
9227 9.054227e-09
9228 9.052605e-09
9229 9.050984e-09
9230 9.049362e-09
9231 9.047741e-09
9232 9.046120e-09
9233 9.044498e-09
9234 9.042877e-09
9235 9.041257e-09
9236 9.039637e-09
9237 9.038017e-09
9238 9.036397e-09
9239 9.034777e-09
9240 9.033158e-09
9241 9.031537e-09
9242 9.029917e-09
9243 9.028298e-09
9244 9.026680e-09
9245 9.025061e-09
9246 9.023443e-09
9247 9.021824e-09
9248 9.020206e-09
9249 9.018587e-09
9250 9.016969e-09
9251 9.015351e-09
9252 9.013734e-09
9253 9.012117e-09
9254 9.010499e-09
9255 9.008883e-09
9256 9.007266e-09
9257 9.005648e-09
9258 9.004031e-09
9259 9.002415e-09
9260 9.000799e-09
9261 8.999183e-09
9262 8.997568e-09
9263 8.995952e-09
9264 8.994337e-09
9265 8.992720e-09
9266 8.991105e-09
9267 8.989490e-09
9268 8.987875e-09
9269 8.986261e-09
9270 8.984647e-09
9271 8.983033e-09
9272 8.981419e-09
9273 8.979803e-09
9274 8.978190e-09
9275 8.976576e-09
9276 8.974963e-09
9277 8.973350e-09
9278 8.971737e-09
9279 8.970124e-09
9280 8.968512e-09
9281 8.966898e-09
9282 8.965286e-09
9283 8.963674e-09
9284 8.962062e-09
9285 8.960450e-09
9286 8.958839e-09
9287 8.957227e-09
9288 8.955616e-09
9289 8.954005e-09
9290 8.952393e-09
9291 8.950782e-09
9292 8.949172e-09
9293 8.947561e-09
9294 8.945951e-09
9295 8.944341e-09
9296 8.942732e-09
9297 8.941122e-09
9298 8.939511e-09
9299 8.937902e-09
9300 8.936293e-09
9301 8.934684e-09
9302 8.933075e-09
9303 8.931466e-09
9304 8.929858e-09
9305 8.928250e-09
9306 8.926640e-09
9307 8.925032e-09
9308 8.923425e-09
9309 8.921817e-09
9310 8.920210e-09
9311 8.918603e-09
9312 8.916996e-09
9313 8.915389e-09
9314 8.913780e-09
9315 8.912174e-09
9316 8.910568e-09
9317 8.908962e-09
9318 8.907356e-09
9319 8.905750e-09
9320 8.904144e-09
9321 8.902539e-09
9322 8.900932e-09
9323 8.899327e-09
9324 8.897722e-09
9325 8.896117e-09
9326 8.894512e-09
9327 8.892908e-09
9328 8.891304e-09
9329 8.889700e-09
9330 8.888094e-09
9331 8.886490e-09
9332 8.884887e-09
9333 8.883284e-09
9334 8.881680e-09
9335 8.880077e-09
9336 8.878474e-09
9337 8.876872e-09
9338 8.875268e-09
9339 8.873665e-09
9340 8.872063e-09
9341 8.870461e-09
9342 8.868859e-09
9343 8.867258e-09
9344 8.865656e-09
9345 8.864055e-09
9346 8.862452e-09
9347 8.860851e-09
9348 8.859250e-09
9349 8.857649e-09
9350 8.856049e-09
9351 8.854449e-09
9352 8.852849e-09
9353 8.851249e-09
9354 8.849647e-09
9355 8.848048e-09
9356 8.846448e-09
9357 8.844849e-09
9358 8.843250e-09
9359 8.841651e-09
9360 8.840052e-09
9361 8.838454e-09
9362 8.836853e-09
9363 8.835255e-09
9364 8.833657e-09
9365 8.832059e-09
9366 8.830462e-09
9367 8.828864e-09
9368 8.827267e-09
9369 8.825669e-09
9370 8.824071e-09
9371 8.822474e-09
9372 8.820877e-09
9373 8.819281e-09
9374 8.817684e-09
9375 8.816088e-09
9376 8.814492e-09
9377 8.812896e-09
9378 8.811299e-09
9379 8.809703e-09
9380 8.808108e-09
9381 8.806513e-09
9382 8.804918e-09
9383 8.803323e-09
9384 8.801728e-09
9385 8.800134e-09
9386 8.798538e-09
9387 8.796944e-09
9388 8.795350e-09
9389 8.793756e-09
9390 8.792162e-09
9391 8.790569e-09
9392 8.788975e-09
9393 8.787382e-09
9394 8.785788e-09
9395 8.784195e-09
9396 8.782602e-09
9397 8.781010e-09
9398 8.779418e-09
9399 8.777825e-09
9400 8.776234e-09
9401 8.774642e-09
9402 8.773048e-09
9403 8.771457e-09
9404 8.769866e-09
9405 8.768275e-09
9406 8.766684e-09
9407 8.765093e-09
9408 8.763502e-09
9409 8.761912e-09
9410 8.760320e-09
9411 8.758730e-09
9412 8.757140e-09
9413 8.755550e-09
9414 8.753961e-09
9415 8.752371e-09
9416 8.750782e-09
9417 8.749193e-09
9418 8.747602e-09
9419 8.746014e-09
9420 8.744425e-09
9421 8.742837e-09
9422 8.741248e-09
9423 8.739660e-09
9424 8.738073e-09
9425 8.736485e-09
9426 8.734897e-09
9427 8.733308e-09
9428 8.731721e-09
9429 8.730134e-09
9430 8.728547e-09
9431 8.726960e-09
9432 8.725374e-09
9433 8.723787e-09
9434 8.722201e-09
9435 8.720614e-09
9436 8.719028e-09
9437 8.717442e-09
9438 8.715856e-09
9439 8.714271e-09
9440 8.712686e-09
9441 8.711101e-09
9442 8.709516e-09
9443 8.707930e-09
9444 8.706345e-09
9445 8.704761e-09
9446 8.703177e-09
9447 8.701592e-09
9448 8.700009e-09
9449 8.698425e-09
9450 8.696841e-09
9451 8.695256e-09
9452 8.693673e-09
9453 8.692090e-09
9454 8.690507e-09
9455 8.688925e-09
9456 8.687450e-09
9457 8.685974e-09
9458 8.684500e-09
9459 8.683026e-09
9460 8.681552e-09
9461 8.680077e-09
9462 8.678603e-09
9463 8.677130e-09
9464 8.675655e-09
9465 8.674182e-09
9466 8.672709e-09
9467 8.671234e-09
9468 8.669762e-09
9469 8.668289e-09
9470 8.666815e-09
9471 8.665343e-09
9472 8.663871e-09
9473 8.662399e-09
9474 8.660926e-09
9475 8.659454e-09
9476 8.657983e-09
9477 8.656510e-09
9478 8.655039e-09
9479 8.653568e-09
9480 8.652096e-09
9481 8.650625e-09
9482 8.649155e-09
9483 8.647683e-09
9484 8.646213e-09
9485 8.644743e-09
9486 8.643273e-09
9487 8.641802e-09
9488 8.640332e-09
9489 8.638863e-09
9490 8.637392e-09
9491 8.635923e-09
9492 8.634454e-09
9493 8.632983e-09
9494 8.631515e-09
9495 8.630046e-09
9496 8.628576e-09
9497 8.627108e-09
9498 8.625640e-09
9499 8.624173e-09
9500 8.622703e-09
9501 8.621236e-09
9502 8.619768e-09
9503 8.618300e-09
9504 8.616832e-09
9505 8.615366e-09
9506 8.613897e-09
9507 8.612431e-09
9508 8.610964e-09
9509 8.609496e-09
9510 8.608030e-09
9511 8.606564e-09
9512 8.605098e-09
9513 8.603631e-09
9514 8.602166e-09
9515 8.600700e-09
9516 8.599233e-09
9517 8.597768e-09
9518 8.596303e-09
9519 8.594837e-09
9520 8.593372e-09
9521 8.591908e-09
9522 8.590442e-09
9523 8.588978e-09
9524 8.587514e-09
9525 8.586050e-09
9526 8.584585e-09
9527 8.583121e-09
9528 8.581658e-09
9529 8.580193e-09
9530 8.578730e-09
9531 8.577267e-09
9532 8.575803e-09
9533 8.574340e-09
9534 8.572878e-09
9535 8.571414e-09
9536 8.569952e-09
9537 8.568490e-09
9538 8.567028e-09
9539 8.565565e-09
9540 8.564103e-09
9541 8.562642e-09
9542 8.561179e-09
9543 8.559718e-09
9544 8.558257e-09
9545 8.556795e-09
9546 8.555334e-09
9547 8.553874e-09
9548 8.552412e-09
9549 8.550952e-09
9550 8.549492e-09
9551 8.548032e-09
9552 8.546571e-09
9553 8.545111e-09
9554 8.543652e-09
9555 8.542191e-09
9556 8.540732e-09
9557 8.539273e-09
9558 8.537812e-09
9559 8.536354e-09
9560 8.534895e-09
9561 8.533435e-09
9562 8.531977e-09
9563 8.530519e-09
9564 8.529062e-09
9565 8.527602e-09
9566 8.526145e-09
9567 8.524687e-09
9568 8.523228e-09
9569 8.521771e-09
9570 8.520314e-09
9571 8.518856e-09
9572 8.517399e-09
9573 8.515943e-09
9574 8.514485e-09
9575 8.513029e-09
9576 8.511573e-09
9577 8.510117e-09
9578 8.508660e-09
9579 8.507204e-09
9580 8.505749e-09
9581 8.504292e-09
9582 8.502837e-09
9583 8.501382e-09
9584 8.499925e-09
9585 8.498471e-09
9586 8.497016e-09
9587 8.495560e-09
9588 8.494106e-09
9589 8.492652e-09
9590 8.491198e-09
9591 8.489743e-09
9592 8.488289e-09
9593 8.486836e-09
9594 8.485381e-09
9595 8.483928e-09
9596 8.482475e-09
9597 8.481020e-09
9598 8.479567e-09
9599 8.478115e-09
9600 8.476661e-09
9601 8.475209e-09
9602 8.473757e-09
9603 8.472305e-09
9604 8.470851e-09
9605 8.469400e-09
9606 8.467948e-09
9607 8.466495e-09
9608 8.465044e-09
9609 8.463593e-09
9610 8.462141e-09
9611 8.460690e-09
9612 8.459239e-09
9613 8.457787e-09
9614 8.456337e-09
9615 8.454887e-09
9616 8.453437e-09
9617 8.451986e-09
9618 8.450536e-09
9619 8.449086e-09
9620 8.447635e-09
9621 8.446186e-09
9622 8.444737e-09
9623 8.443287e-09
9624 8.441838e-09
9625 8.440389e-09
9626 8.438939e-09
9627 8.437491e-09
9628 8.436043e-09
9629 8.434593e-09
9630 8.433145e-09
9631 8.431698e-09
9632 8.430250e-09
9633 8.428801e-09
9634 8.427354e-09
9635 8.425907e-09
9636 8.424458e-09
9637 8.423011e-09
9638 8.421565e-09
9639 8.420117e-09
9640 8.418670e-09
9641 8.417224e-09
9642 8.415776e-09
9643 8.414330e-09
9644 8.412885e-09
9645 8.411439e-09
9646 8.409992e-09
9647 8.408547e-09
9648 8.407102e-09
9649 8.405655e-09
9650 8.404210e-09
9651 8.402765e-09
9652 8.401319e-09
9653 8.399875e-09
9654 8.398431e-09
9655 8.396985e-09
9656 8.395541e-09
9657 8.394097e-09
9658 8.392653e-09
9659 8.391208e-09
9660 8.389765e-09
9661 8.388322e-09
9662 8.386877e-09
9663 8.385434e-09
9664 8.383991e-09
9665 8.382547e-09
9666 8.381105e-09
9667 8.379662e-09
9668 8.378219e-09
9669 8.376777e-09
9670 8.375335e-09
9671 8.373893e-09
9672 8.372450e-09
9673 8.371009e-09
9674 8.369567e-09
9675 8.368125e-09
9676 8.366684e-09
9677 8.365243e-09
9678 8.363800e-09
9679 8.362360e-09
9680 8.360920e-09
9681 8.359478e-09
9682 8.358038e-09
9683 8.356598e-09
9684 8.355158e-09
9685 8.353717e-09
9686 8.352277e-09
9687 8.350838e-09
9688 8.349397e-09
9689 8.347958e-09
9690 8.346519e-09
9691 8.345079e-09
9692 8.343640e-09
9693 8.342202e-09
9694 8.340762e-09
9695 8.339324e-09
9696 8.337886e-09
9697 8.336448e-09
9698 8.335009e-09
9699 8.333571e-09
9700 8.332134e-09
9701 8.330695e-09
9702 8.329258e-09
9703 8.327821e-09
9704 8.326382e-09
9705 8.324946e-09
9706 8.323509e-09
9707 8.322071e-09
9708 8.320635e-09
9709 8.319199e-09
9710 8.317763e-09
9711 8.316326e-09
9712 8.314890e-09
9713 8.313455e-09
9714 8.312018e-09
9715 8.310582e-09
9716 8.309147e-09
9717 8.307711e-09
9718 8.306276e-09
9719 8.304842e-09
9720 8.303406e-09
9721 8.301971e-09
9722 8.300537e-09
9723 8.299103e-09
9724 8.297668e-09
9725 8.296234e-09
9726 8.294800e-09
9727 8.293365e-09
9728 8.291932e-09
9729 8.290499e-09
9730 8.289064e-09
9731 8.287632e-09
9732 8.286199e-09
9733 8.284765e-09
9734 8.283332e-09
9735 8.281900e-09
9736 8.280468e-09
9737 8.279035e-09
9738 8.277603e-09
9739 8.276171e-09
9740 8.274738e-09
9741 8.273307e-09
9742 8.271876e-09
9743 8.270443e-09
9744 8.269012e-09
9745 8.267581e-09
9746 8.266149e-09
9747 8.264719e-09
9748 8.263288e-09
9749 8.261858e-09
9750 8.260426e-09
9751 8.258997e-09
9752 8.257567e-09
9753 8.256136e-09
9754 8.254706e-09
9755 8.253277e-09
9756 8.251846e-09
9757 8.250417e-09
9758 8.248988e-09
9759 8.247558e-09
9760 8.246129e-09
9761 8.244701e-09
9762 8.243273e-09
9763 8.241843e-09
9764 8.240415e-09
9765 8.238987e-09
9766 8.237558e-09
9767 8.236130e-09
9768 8.234703e-09
9769 8.233274e-09
9770 8.231847e-09
9771 8.230420e-09
9772 8.228992e-09
9773 8.227565e-09
9774 8.226139e-09
9775 8.224712e-09
9776 8.223284e-09
9777 8.221858e-09
9778 8.220432e-09
9779 8.219005e-09
9780 8.217579e-09
9781 8.216154e-09
9782 8.214727e-09
9783 8.213302e-09
9784 8.211877e-09
9785 8.210450e-09
9786 8.209025e-09
9787 8.207601e-09
9788 8.206176e-09
9789 8.204750e-09
9790 8.203326e-09
9791 8.201902e-09
9792 8.200477e-09
9793 8.199053e-09
9794 8.197629e-09
9795 8.196204e-09
9796 8.194781e-09
9797 8.193358e-09
9798 8.191933e-09
9799 8.190510e-09
9800 8.189088e-09
9801 8.187665e-09
9802 8.186241e-09
9803 8.184819e-09
9804 8.183396e-09
9805 8.181973e-09
9806 8.180551e-09
9807 8.179129e-09
9808 8.177706e-09
9809 8.176285e-09
9810 8.174863e-09
9811 8.173441e-09
9812 8.172020e-09
9813 8.170599e-09
9814 8.169178e-09
9815 8.167756e-09
9816 8.166336e-09
9817 8.164915e-09
9818 8.163494e-09
9819 8.162074e-09
9820 8.160654e-09
9821 8.159233e-09
9822 8.157813e-09
9823 8.156394e-09
9824 8.154973e-09
9825 8.153554e-09
9826 8.152135e-09
9827 8.150716e-09
9828 8.149296e-09
9829 8.147877e-09
9830 8.146459e-09
9831 8.145039e-09
9832 8.143621e-09
9833 8.142203e-09
9834 8.140783e-09
9835 8.139366e-09
9836 8.137948e-09
9837 8.136529e-09
9838 8.135112e-09
9839 8.133695e-09
9840 8.132278e-09
9841 8.130860e-09
9842 8.129443e-09
9843 8.128026e-09
9844 8.126608e-09
9845 8.125192e-09
9846 8.123776e-09
9847 8.122359e-09
9848 8.120943e-09
9849 8.119527e-09
9850 8.118110e-09
9851 8.116695e-09
9852 8.115280e-09
9853 8.113864e-09
9854 8.112448e-09
9855 8.111033e-09
9856 8.109618e-09
9857 8.108202e-09
9858 8.106788e-09
9859 8.105374e-09
9860 8.103958e-09
9861 8.102544e-09
9862 8.101130e-09
9863 8.099715e-09
9864 8.098302e-09
9865 8.096888e-09
9866 8.095475e-09
9867 8.094061e-09
9868 8.092648e-09
9869 8.091235e-09
9870 8.089821e-09
9871 8.088408e-09
9872 8.086996e-09
9873 8.085582e-09
9874 8.084170e-09
9875 8.082758e-09
9876 8.081345e-09
9877 8.079933e-09
9878 8.078521e-09
9879 8.077110e-09
9880 8.075697e-09
9881 8.074286e-09
9882 8.072875e-09
9883 8.071463e-09
9884 8.070052e-09
9885 8.068642e-09
9886 8.067230e-09
9887 8.065820e-09
9888 8.064410e-09
9889 8.062998e-09
9890 8.061588e-09
9891 8.060179e-09
9892 8.058769e-09
9893 8.057358e-09
9894 8.055949e-09
9895 8.054540e-09
9896 8.053130e-09
9897 8.051721e-09
9898 8.050312e-09
9899 8.048902e-09
9900 8.047494e-09
9901 8.046085e-09
9902 8.044676e-09
9903 8.043268e-09
9904 8.041860e-09
9905 8.040452e-09
9906 8.039043e-09
9907 8.037636e-09
9908 8.036229e-09
9909 8.034820e-09
9910 8.033413e-09
9911 8.032006e-09
9912 8.030598e-09
9913 8.029192e-09
9914 8.027785e-09
9915 8.026378e-09
9916 8.024971e-09
9917 8.023565e-09
9918 8.022160e-09
9919 8.020752e-09
9920 8.019347e-09
9921 8.017942e-09
9922 8.016535e-09
9923 8.015130e-09
9924 8.013725e-09
9925 8.012318e-09
9926 8.010914e-09
9927 8.009509e-09
9928 8.008103e-09
9929 8.006699e-09
9930 8.005295e-09
9931 8.003891e-09
9932 8.002485e-09
9933 8.001082e-09
9934 7.999678e-09
9935 7.998273e-09
9936 7.996870e-09
9937 7.995467e-09
9938 7.994062e-09
9939 7.992660e-09
9940 7.991257e-09
9941 7.989853e-09
9942 7.988450e-09
9943 7.987048e-09
9944 7.985646e-09
9945 7.984242e-09
9946 7.982841e-09
9947 7.981439e-09
9948 7.980036e-09
9949 7.978634e-09
9950 7.977233e-09
9951 7.975830e-09
9952 7.974429e-09
9953 7.973028e-09
9954 7.971626e-09
9955 7.970226e-09
9956 7.968825e-09
9957 7.967425e-09
9958 7.966023e-09
9959 7.964623e-09
9960 7.963223e-09
9961 7.961822e-09
9962 7.960422e-09
9963 7.959023e-09
9964 7.957622e-09
9965 7.956223e-09
9966 7.954824e-09
9967 7.953423e-09
9968 7.952025e-09
9969 7.950626e-09
9970 7.949228e-09
9971 7.947828e-09
9972 7.946430e-09
9973 7.945031e-09
9974 7.943632e-09
9975 7.942332e-09
9976 7.941032e-09
9977 7.939731e-09
9978 7.938432e-09
9979 7.937132e-09
9980 7.935831e-09
9981 7.934531e-09
9982 7.933232e-09
9983 7.931932e-09
9984 7.930633e-09
9985 7.929334e-09
9986 7.928035e-09
9987 7.926735e-09
9988 7.925436e-09
9989 7.924138e-09
9990 7.922840e-09
9991 7.921541e-09
9992 7.920243e-09
9993 7.918945e-09
9994 7.917648e-09
9995 7.916348e-09
9996 7.915051e-09
9997 7.913753e-09
9998 7.912456e-09
9999 7.911159e-09
10000 7.909862e-09
10001 7.908565e-09
10002 7.907268e-09
10003 7.905970e-09
10004 7.904673e-09
10005 7.903377e-09
10006 7.902081e-09
10007 7.900784e-09
10008 7.899488e-09
10009 7.898193e-09
10010 7.896895e-09
10011 7.895600e-09
10012 7.894304e-09
10013 7.893009e-09
10014 7.891713e-09
10015 7.890418e-09
10016 7.889123e-09
10017 7.887829e-09
10018 7.886532e-09
10019 7.885238e-09
10020 7.883943e-09
10021 7.882649e-09
10022 7.881355e-09
10023 7.880061e-09
10024 7.878767e-09
10025 7.877471e-09
10026 7.876178e-09
10027 7.874884e-09
10028 7.873591e-09
10029 7.872297e-09
10030 7.871004e-09
10031 7.869711e-09
10032 7.868418e-09
10033 7.867124e-09
10034 7.865831e-09
10035 7.864539e-09
10036 7.863246e-09
10037 7.861954e-09
10038 7.860662e-09
10039 7.859370e-09
10040 7.858076e-09
10041 7.856785e-09
10042 7.855493e-09
10043 7.854201e-09
10044 7.852910e-09
10045 7.851619e-09
10046 7.850328e-09
10047 7.849037e-09
10048 7.847744e-09
10049 7.846454e-09
10050 7.845163e-09
10051 7.843873e-09
10052 7.842582e-09
10053 7.841292e-09
10054 7.840002e-09
10055 7.838712e-09
10056 7.837421e-09
10057 7.836131e-09
10058 7.834841e-09
10059 7.833552e-09
10060 7.832263e-09
10061 7.830973e-09
10062 7.829684e-09
10063 7.828394e-09
10064 7.827105e-09
10065 7.825816e-09
10066 7.824528e-09
10067 7.823239e-09
10068 7.821951e-09
10069 7.820663e-09
10070 7.819375e-09
10071 7.818085e-09
10072 7.816798e-09
10073 7.815510e-09
10074 7.814222e-09
10075 7.812935e-09
10076 7.811648e-09
10077 7.810361e-09
10078 7.809072e-09
10079 7.807785e-09
10080 7.806498e-09
10081 7.805212e-09
10082 7.803925e-09
10083 7.802639e-09
10084 7.801353e-09
10085 7.800067e-09
10086 7.798779e-09
10087 7.797493e-09
10088 7.796207e-09
10089 7.794922e-09
10090 7.793636e-09
10091 7.792351e-09
10092 7.791066e-09
10093 7.789781e-09
10094 7.788494e-09
10095 7.787209e-09
10096 7.785925e-09
10097 7.784640e-09
10098 7.783356e-09
10099 7.782071e-09
10100 7.780787e-09
10101 7.779501e-09
10102 7.778217e-09
10103 7.776934e-09
10104 7.775650e-09
10105 7.774366e-09
10106 7.773083e-09
10107 7.771800e-09
10108 7.770516e-09
10109 7.769232e-09
10110 7.767949e-09
10111 7.766666e-09
10112 7.765383e-09
10113 7.764101e-09
10114 7.762818e-09
10115 7.761536e-09
10116 7.760252e-09
10117 7.758970e-09
10118 7.757688e-09
10119 7.756407e-09
10120 7.755125e-09
10121 7.753843e-09
10122 7.752562e-09
10123 7.751281e-09
10124 7.749998e-09
10125 7.748717e-09
10126 7.747436e-09
10127 7.746155e-09
10128 7.744875e-09
10129 7.743594e-09
10130 7.742314e-09
10131 7.741033e-09
10132 7.739752e-09
10133 7.738472e-09
10134 7.737192e-09
10135 7.735912e-09
10136 7.734632e-09
10137 7.733353e-09
10138 7.732073e-09
10139 7.730793e-09
10140 7.729513e-09
10141 7.728234e-09
10142 7.726956e-09
10143 7.725677e-09
10144 7.724398e-09
10145 7.723120e-09
10146 7.721841e-09
10147 7.720561e-09
10148 7.719283e-09
10149 7.718005e-09
10150 7.716727e-09
10151 7.715450e-09
10152 7.714172e-09
10153 7.712895e-09
10154 7.711616e-09
10155 7.710338e-09
10156 7.709061e-09
10157 7.707784e-09
10158 7.706507e-09
10159 7.705231e-09
10160 7.703954e-09
10161 7.702677e-09
10162 7.701400e-09
10163 7.700123e-09
10164 7.698847e-09
10165 7.697571e-09
10166 7.696295e-09
10167 7.695020e-09
10168 7.693744e-09
10169 7.692467e-09
10170 7.691192e-09
10171 7.689916e-09
10172 7.688641e-09
10173 7.687366e-09
10174 7.686091e-09
10175 7.684817e-09
10176 7.683542e-09
10177 7.682266e-09
10178 7.680992e-09
10179 7.679717e-09
10180 7.678443e-09
10181 7.677169e-09
10182 7.675895e-09
10183 7.674622e-09
10184 7.673348e-09
10185 7.672073e-09
10186 7.670800e-09
10187 7.669526e-09
10188 7.668253e-09
10189 7.666980e-09
10190 7.665707e-09
10191 7.664435e-09
10192 7.663161e-09
10193 7.661888e-09
10194 7.660616e-09
10195 7.659343e-09
10196 7.658071e-09
10197 7.656799e-09
10198 7.655528e-09
10199 7.654256e-09
10200 7.652983e-09
10201 7.651711e-09
10202 7.650440e-09
10203 7.649169e-09
10204 7.647897e-09
10205 7.646626e-09
10206 7.645356e-09
10207 7.644083e-09
10208 7.642813e-09
10209 7.641542e-09
10210 7.640272e-09
10211 7.639002e-09
10212 7.637731e-09
10213 7.636461e-09
10214 7.635192e-09
10215 7.633920e-09
10216 7.632651e-09
10217 7.631381e-09
10218 7.630112e-09
10219 7.628843e-09
10220 7.627573e-09
10221 7.626304e-09
10222 7.625035e-09
10223 7.623765e-09
10224 7.622497e-09
10225 7.621228e-09
10226 7.619960e-09
10227 7.618691e-09
10228 7.617423e-09
10229 7.616155e-09
10230 7.614886e-09
10231 7.613618e-09
10232 7.612350e-09
10233 7.611083e-09
10234 7.609816e-09
10235 7.608548e-09
10236 7.607281e-09
10237 7.606014e-09
10238 7.604746e-09
10239 7.603479e-09
10240 7.602212e-09
10241 7.600946e-09
10242 7.599679e-09
10243 7.598413e-09
10244 7.597147e-09
10245 7.595879e-09
10246 7.594613e-09
10247 7.593348e-09
10248 7.592082e-09
10249 7.590817e-09
10250 7.589551e-09
10251 7.588286e-09
10252 7.587021e-09
10253 7.585754e-09
10254 7.584489e-09
10255 7.583224e-09
10256 7.581960e-09
10257 7.580695e-09
10258 7.579431e-09
10259 7.578166e-09
10260 7.576901e-09
10261 7.575637e-09
10262 7.574373e-09
10263 7.573109e-09
10264 7.571845e-09
10265 7.570582e-09
10266 7.569318e-09
10267 7.568055e-09
10268 7.566790e-09
10269 7.565527e-09
10270 7.564264e-09
10271 7.563001e-09
10272 7.561739e-09
10273 7.560476e-09
10274 7.559214e-09
10275 7.557951e-09
10276 7.556688e-09
10277 7.555425e-09
10278 7.554164e-09
10279 7.552902e-09
10280 7.551640e-09
10281 7.550378e-09
10282 7.549117e-09
10283 7.547854e-09
10284 7.546593e-09
10285 7.545332e-09
10286 7.544071e-09
10287 7.542810e-09
10288 7.541549e-09
10289 7.540288e-09
10290 7.539028e-09
10291 7.537766e-09
10292 7.536506e-09
10293 7.535246e-09
10294 7.533986e-09
10295 7.532726e-09
10296 7.531466e-09
10297 7.530206e-09
10298 7.528945e-09
10299 7.527686e-09
10300 7.526427e-09
10301 7.525168e-09
10302 7.523909e-09
10303 7.522650e-09
10304 7.521391e-09
10305 7.520132e-09
10306 7.518872e-09
10307 7.517614e-09
10308 7.516355e-09
10309 7.515097e-09
10310 7.513839e-09
10311 7.512581e-09
10312 7.511324e-09
10313 7.510066e-09
10314 7.508807e-09
10315 7.507549e-09
10316 7.506292e-09
10317 7.505035e-09
10318 7.503778e-09
10319 7.502521e-09
10320 7.501264e-09
10321 7.500006e-09
10322 7.498749e-09
10323 7.497493e-09
10324 7.496236e-09
10325 7.494980e-09
10326 7.493724e-09
10327 7.492468e-09
10328 7.491212e-09
10329 7.489955e-09
10330 7.488699e-09
10331 7.487444e-09
10332 7.486189e-09
10333 7.484933e-09
10334 7.483678e-09
10335 7.482423e-09
10336 7.481167e-09
10337 7.479912e-09
10338 7.478657e-09
10339 7.477403e-09
10340 7.476148e-09
10341 7.474894e-09
10342 7.473640e-09
10343 7.472386e-09
10344 7.471131e-09
10345 7.469877e-09
10346 7.468623e-09
10347 7.467370e-09
10348 7.466116e-09
10349 7.464863e-09
10350 7.463610e-09
10351 7.462355e-09
10352 7.461102e-09
10353 7.459849e-09
10354 7.458597e-09
10355 7.457344e-09
10356 7.456092e-09
10357 7.454839e-09
10358 7.453587e-09
10359 7.452333e-09
10360 7.451081e-09
10361 7.449830e-09
10362 7.448578e-09
10363 7.447326e-09
10364 7.446075e-09
10365 7.444823e-09
10366 7.443572e-09
10367 7.442319e-09
10368 7.441068e-09
10369 7.439818e-09
10370 7.438567e-09
10371 7.437316e-09
10372 7.436066e-09
10373 7.434815e-09
10374 7.433563e-09
10375 7.432313e-09
10376 7.431063e-09
10377 7.429813e-09
10378 7.428564e-09
10379 7.427314e-09
10380 7.426064e-09
10381 7.424815e-09
10382 7.423564e-09
10383 7.422315e-09
10384 7.421066e-09
10385 7.419817e-09
10386 7.418568e-09
10387 7.417319e-09
10388 7.416071e-09
10389 7.414821e-09
10390 7.413572e-09
10391 7.412324e-09
10392 7.411076e-09
10393 7.409828e-09
10394 7.408580e-09
10395 7.407332e-09
10396 7.406085e-09
10397 7.404836e-09
10398 7.403588e-09
10399 7.402341e-09
10400 7.401094e-09
10401 7.399847e-09
10402 7.398600e-09
10403 7.397353e-09
10404 7.396106e-09
10405 7.394858e-09
10406 7.393612e-09
10407 7.392366e-09
10408 7.391119e-09
10409 7.389873e-09
10410 7.388627e-09
10411 7.387381e-09
10412 7.386134e-09
10413 7.384889e-09
10414 7.383643e-09
10415 7.382398e-09
10416 7.381153e-09
10417 7.379907e-09
10418 7.378662e-09
10419 7.377418e-09
10420 7.376171e-09
10421 7.374927e-09
10422 7.373682e-09
10423 7.372438e-09
10424 7.371193e-09
10425 7.369949e-09
10426 7.368705e-09
10427 7.367460e-09
10428 7.366216e-09
10429 7.364972e-09
10430 7.363729e-09
10431 7.362485e-09
10432 7.361242e-09
10433 7.359999e-09
10434 7.358756e-09
10435 7.357511e-09
10436 7.356268e-09
10437 7.355026e-09
10438 7.353783e-09
10439 7.352540e-09
10440 7.351298e-09
10441 7.350056e-09
10442 7.348814e-09
10443 7.347570e-09
10444 7.346328e-09
10445 7.345086e-09
10446 7.343845e-09
10447 7.342603e-09
10448 7.341362e-09
10449 7.340120e-09
10450 7.338878e-09
10451 7.337637e-09
10452 7.336396e-09
10453 7.335155e-09
10454 7.333914e-09
10455 7.332674e-09
10456 7.331433e-09
10457 7.330193e-09
10458 7.328951e-09
10459 7.327711e-09
10460 7.326471e-09
10461 7.325231e-09
10462 7.323991e-09
10463 7.322752e-09
10464 7.321512e-09
10465 7.320271e-09
10466 7.319032e-09
10467 7.317793e-09
10468 7.316554e-09
10469 7.315315e-09
10470 7.314076e-09
10471 7.312837e-09
10472 7.311599e-09
10473 7.310359e-09
10474 7.309120e-09
10475 7.307882e-09
10476 7.306644e-09
10477 7.305406e-09
10478 7.304168e-09
10479 7.302930e-09
10480 7.301691e-09
10481 7.300454e-09
10482 7.299216e-09
10483 7.297979e-09
10484 7.296742e-09
10485 7.295505e-09
10486 7.294268e-09
10487 7.293031e-09
10488 7.291793e-09
10489 7.290556e-09
10490 7.289320e-09
10491 7.288084e-09
10492 7.286847e-09
10493 7.285611e-09
10494 7.284375e-09
10495 7.283139e-09
10496 7.281902e-09
10497 7.280666e-09
10498 7.279431e-09
10499 7.278196e-09
10500 7.276960e-09
10501 7.275725e-09
10502 7.274490e-09
10503 7.273254e-09
10504 7.272019e-09
10505 7.270784e-09
10506 7.269550e-09
10507 7.268315e-09
10508 7.267081e-09
10509 7.265847e-09
10510 7.264612e-09
10511 7.263377e-09
10512 7.262143e-09
10513 7.260909e-09
10514 7.259676e-09
10515 7.258442e-09
10516 7.257209e-09
10517 7.255976e-09
10518 7.254741e-09
10519 7.253508e-09
10520 7.252275e-09
10521 7.251042e-09
10522 7.249809e-09
10523 7.248577e-09
10524 7.247433e-09
10525 7.246289e-09
10526 7.245144e-09
10527 7.244001e-09
10528 7.242857e-09
10529 7.241714e-09
10530 7.240569e-09
10531 7.239426e-09
10532 7.238283e-09
10533 7.237140e-09
10534 7.235996e-09
10535 7.234854e-09
10536 7.233711e-09
10537 7.232569e-09
10538 7.231425e-09
10539 7.230283e-09
10540 7.229141e-09
10541 7.227999e-09
10542 7.226855e-09
10543 7.225714e-09
10544 7.224572e-09
10545 7.223430e-09
10546 7.222287e-09
10547 7.221146e-09
10548 7.220005e-09
10549 7.218864e-09
10550 7.217721e-09
10551 7.216580e-09
10552 7.215440e-09
10553 7.214299e-09
10554 7.213157e-09
10555 7.212016e-09
10556 7.210876e-09
10557 7.209736e-09
10558 7.208594e-09
10559 7.207454e-09
10560 7.206314e-09
10561 7.205174e-09
10562 7.204033e-09
10563 7.202894e-09
10564 7.201754e-09
10565 7.200615e-09
10566 7.199474e-09
10567 7.198335e-09
10568 7.197196e-09
10569 7.196057e-09
10570 7.194918e-09
10571 7.193778e-09
10572 7.192639e-09
10573 7.191501e-09
10574 7.190362e-09
10575 7.189222e-09
10576 7.188084e-09
10577 7.186946e-09
10578 7.185808e-09
10579 7.184669e-09
10580 7.183531e-09
10581 7.182393e-09
10582 7.181256e-09
10583 7.180117e-09
10584 7.178980e-09
10585 7.177842e-09
10586 7.176705e-09
10587 7.175567e-09
10588 7.174430e-09
10589 7.173293e-09
10590 7.172156e-09
10591 7.171018e-09
10592 7.169882e-09
10593 7.168745e-09
10594 7.167609e-09
10595 7.166471e-09
10596 7.165335e-09
10597 7.164199e-09
10598 7.163064e-09
10599 7.161926e-09
10600 7.160791e-09
10601 7.159655e-09
10602 7.158520e-09
10603 7.157383e-09
10604 7.156248e-09
10605 7.155113e-09
10606 7.153978e-09
10607 7.152842e-09
10608 7.151707e-09
10609 7.150572e-09
10610 7.149438e-09
10611 7.148302e-09
10612 7.147167e-09
10613 7.146033e-09
10614 7.144899e-09
10615 7.143765e-09
10616 7.142630e-09
10617 7.141496e-09
10618 7.140362e-09
10619 7.139228e-09
10620 7.138093e-09
10621 7.136960e-09
10622 7.135827e-09
10623 7.134694e-09
10624 7.133559e-09
10625 7.132426e-09
10626 7.131293e-09
10627 7.130161e-09
10628 7.129027e-09
10629 7.127894e-09
10630 7.126762e-09
10631 7.125629e-09
10632 7.124496e-09
10633 7.123363e-09
10634 7.122231e-09
10635 7.121100e-09
10636 7.119966e-09
10637 7.118835e-09
10638 7.117703e-09
10639 7.116572e-09
10640 7.115439e-09
10641 7.114308e-09
10642 7.113176e-09
10643 7.112045e-09
10644 7.110913e-09
10645 7.109782e-09
10646 7.108652e-09
10647 7.107521e-09
10648 7.106389e-09
10649 7.105259e-09
10650 7.104128e-09
10651 7.102998e-09
10652 7.101867e-09
10653 7.100737e-09
10654 7.099607e-09
10655 7.098477e-09
10656 7.097346e-09
10657 7.096216e-09
10658 7.095087e-09
10659 7.093957e-09
10660 7.092828e-09
10661 7.091698e-09
10662 7.090569e-09
10663 7.089440e-09
10664 7.088311e-09
10665 7.087181e-09
10666 7.086052e-09
10667 7.084924e-09
10668 7.083795e-09
10669 7.082666e-09
10670 7.081537e-09
10671 7.080409e-09
10672 7.079281e-09
10673 7.078152e-09
10674 7.077024e-09
10675 7.075897e-09
10676 7.074769e-09
10677 7.073640e-09
10678 7.072513e-09
10679 7.071386e-09
10680 7.070259e-09
10681 7.069130e-09
10682 7.068003e-09
10683 7.066876e-09
10684 7.065750e-09
10685 7.064622e-09
10686 7.063495e-09
10687 7.062369e-09
10688 7.061243e-09
10689 7.060115e-09
10690 7.058989e-09
10691 7.057863e-09
10692 7.056737e-09
10693 7.055610e-09
10694 7.054484e-09
10695 7.053359e-09
10696 7.052233e-09
10697 7.051106e-09
10698 7.049981e-09
10699 7.048856e-09
10700 7.047731e-09
10701 7.046605e-09
10702 7.045480e-09
10703 7.044355e-09
10704 7.043231e-09
10705 7.042105e-09
10706 7.040980e-09
10707 7.039856e-09
10708 7.038732e-09
10709 7.037608e-09
10710 7.036482e-09
10711 7.035359e-09
10712 7.034235e-09
10713 7.033111e-09
10714 7.031986e-09
10715 7.030863e-09
10716 7.029739e-09
10717 7.028616e-09
10718 7.027492e-09
10719 7.026369e-09
10720 7.025246e-09
10721 7.024123e-09
10722 7.022999e-09
10723 7.021876e-09
10724 7.020754e-09
10725 7.019631e-09
10726 7.018508e-09
10727 7.017385e-09
10728 7.016263e-09
10729 7.015141e-09
10730 7.014018e-09
10731 7.012896e-09
10732 7.011775e-09
10733 7.010653e-09
10734 7.009530e-09
10735 7.008409e-09
10736 7.007288e-09
10737 7.006166e-09
10738 7.005044e-09
10739 7.003923e-09
10740 7.002802e-09
10741 7.001682e-09
10742 7.000560e-09
10743 6.999439e-09
10744 6.998319e-09
10745 6.997198e-09
10746 6.996077e-09
10747 6.994957e-09
10748 6.993837e-09
10749 6.992717e-09
10750 6.991595e-09
10751 6.990476e-09
10752 6.989356e-09
10753 6.988237e-09
10754 6.987117e-09
10755 6.985997e-09
10756 6.984878e-09
10757 6.983759e-09
10758 6.982640e-09
10759 6.981519e-09
10760 6.980401e-09
10761 6.979282e-09
10762 6.978163e-09
10763 6.977044e-09
10764 6.975925e-09
10765 6.974807e-09
10766 6.973689e-09
10767 6.972569e-09
10768 6.971452e-09
10769 6.970334e-09
10770 6.969216e-09
10771 6.968097e-09
10772 6.966980e-09
10773 6.965862e-09
10774 6.964745e-09
10775 6.963626e-09
10776 6.962509e-09
10777 6.961392e-09
10778 6.960275e-09
10779 6.959157e-09
10780 6.958040e-09
10781 6.956924e-09
10782 6.955807e-09
10783 6.954690e-09
10784 6.953573e-09
10785 6.952457e-09
10786 6.951341e-09
10787 6.950224e-09
10788 6.949108e-09
10789 6.947992e-09
10790 6.946877e-09
10791 6.945760e-09
10792 6.944644e-09
10793 6.943529e-09
10794 6.942414e-09
10795 6.941297e-09
10796 6.940182e-09
10797 6.939067e-09
10798 6.937953e-09
10799 6.936836e-09
10800 6.935722e-09
10801 6.934607e-09
10802 6.933493e-09
10803 6.932379e-09
10804 6.931263e-09
10805 6.930149e-09
10806 6.929035e-09
10807 6.927921e-09
10808 6.926806e-09
10809 6.925692e-09
10810 6.924579e-09
10811 6.923465e-09
10812 6.922350e-09
10813 6.921237e-09
10814 6.920124e-09
10815 6.919011e-09
10816 6.917897e-09
10817 6.916784e-09
10818 6.915671e-09
10819 6.914558e-09
10820 6.913444e-09
10821 6.912332e-09
10822 6.911220e-09
10823 6.910107e-09
10824 6.908994e-09
10825 6.907882e-09
10826 6.906770e-09
10827 6.905658e-09
10828 6.904545e-09
10829 6.903433e-09
10830 6.902322e-09
10831 6.901211e-09
10832 6.900098e-09
10833 6.898987e-09
10834 6.897876e-09
10835 6.896765e-09
10836 6.895652e-09
10837 6.894541e-09
10838 6.893431e-09
10839 6.892320e-09
10840 6.891208e-09
10841 6.890098e-09
10842 6.888988e-09
10843 6.887877e-09
10844 6.886766e-09
10845 6.885656e-09
10846 6.884546e-09
10847 6.883436e-09
10848 6.882327e-09
10849 6.881216e-09
10850 6.880106e-09
10851 6.878997e-09
10852 6.877888e-09
10853 6.876777e-09
10854 6.875668e-09
10855 6.874559e-09
10856 6.873450e-09
10857 6.872340e-09
10858 6.871231e-09
10859 6.870123e-09
10860 6.869014e-09
10861 6.867905e-09
10862 6.866796e-09
10863 6.865688e-09
10864 6.864580e-09
10865 6.863471e-09
10866 6.862363e-09
10867 6.861255e-09
10868 6.860148e-09
10869 6.859039e-09
10870 6.857931e-09
10871 6.856824e-09
10872 6.855717e-09
10873 6.854608e-09
10874 6.853501e-09
10875 6.852394e-09
10876 6.851288e-09
10877 6.850180e-09
10878 6.849073e-09
10879 6.847966e-09
10880 6.846860e-09
10881 6.845752e-09
10882 6.844646e-09
10883 6.843540e-09
10884 6.842434e-09
10885 6.841327e-09
10886 6.840221e-09
10887 6.839115e-09
10888 6.838010e-09
10889 6.836903e-09
10890 6.835797e-09
10891 6.834692e-09
10892 6.833587e-09
10893 6.832482e-09
10894 6.831376e-09
10895 6.830271e-09
10896 6.829166e-09
10897 6.828061e-09
10898 6.826955e-09
10899 6.825851e-09
10900 6.824746e-09
10901 6.823642e-09
10902 6.822537e-09
10903 6.821432e-09
10904 6.820329e-09
10905 6.819225e-09
10906 6.818119e-09
10907 6.817016e-09
10908 6.815912e-09
10909 6.814809e-09
10910 6.813704e-09
10911 6.812601e-09
10912 6.811498e-09
10913 6.810395e-09
10914 6.809290e-09
10915 6.808187e-09
10916 6.807085e-09
10917 6.805982e-09
10918 6.804878e-09
10919 6.803776e-09
10920 6.802673e-09
10921 6.801571e-09
10922 6.800467e-09
10923 6.799365e-09
10924 6.798263e-09
10925 6.797162e-09
10926 6.796058e-09
10927 6.794957e-09
10928 6.793855e-09
10929 6.792754e-09
10930 6.791651e-09
10931 6.790550e-09
10932 6.789449e-09
10933 6.788348e-09
10934 6.787245e-09
10935 6.786145e-09
10936 6.785044e-09
10937 6.783943e-09
10938 6.782841e-09
10939 6.781741e-09
10940 6.780640e-09
10941 6.779540e-09
10942 6.778440e-09
10943 6.777339e-09
10944 6.776239e-09
10945 6.775139e-09
10946 6.774039e-09
10947 6.772938e-09
10948 6.771839e-09
10949 6.770739e-09
10950 6.769640e-09
10951 6.768539e-09
10952 6.767440e-09
10953 6.766341e-09
10954 6.765242e-09
10955 6.764142e-09
10956 6.763043e-09
10957 6.761945e-09
10958 6.760846e-09
10959 6.759746e-09
10960 6.758648e-09
10961 6.757550e-09
10962 6.756452e-09
10963 6.755352e-09
10964 6.754254e-09
10965 6.753156e-09
10966 6.752059e-09
10967 6.750960e-09
10968 6.749862e-09
10969 6.748765e-09
10970 6.747667e-09
10971 6.746569e-09
10972 6.745472e-09
10973 6.744375e-09
10974 6.743278e-09
10975 6.742180e-09
10976 6.741083e-09
10977 6.739986e-09
10978 6.738890e-09
10979 6.737792e-09
10980 6.736696e-09
10981 6.735599e-09
10982 6.734503e-09
10983 6.733406e-09
10984 6.732310e-09
10985 6.731214e-09
10986 6.730118e-09
10987 6.729023e-09
10988 6.727926e-09
10989 6.726830e-09
10990 6.725735e-09
10991 6.724640e-09
10992 6.723543e-09
10993 6.722448e-09
10994 6.721353e-09
10995 6.720259e-09
10996 6.719162e-09
10997 6.718068e-09
10998 6.716973e-09
10999 6.715879e-09
11000 6.714783e-09
11001 6.713689e-09
11002 6.712595e-09
11003 6.711501e-09
11004 6.710405e-09
11005 6.709312e-09
11006 6.708218e-09
11007 6.707124e-09
11008 6.706029e-09
11009 6.704936e-09
11010 6.703843e-09
11011 6.702749e-09
11012 6.701655e-09
11013 6.700562e-09
11014 6.699469e-09
11015 6.698376e-09
11016 6.697282e-09
11017 6.696189e-09
11018 6.695097e-09
11019 6.694004e-09
11020 6.692910e-09
11021 6.691818e-09
11022 6.690726e-09
11023 6.689634e-09
11024 6.688541e-09
11025 6.687449e-09
11026 6.686357e-09
11027 6.685265e-09
11028 6.684173e-09
11029 6.683081e-09
11030 6.681990e-09
11031 6.680898e-09
11032 6.679806e-09
11033 6.678715e-09
11034 6.677624e-09
11035 6.676533e-09
11036 6.675442e-09
11037 6.674350e-09
11038 6.673260e-09
11039 6.672169e-09
11040 6.671079e-09
11041 6.669987e-09
11042 6.668897e-09
11043 6.667807e-09
11044 6.666717e-09
11045 6.665626e-09
11046 6.664536e-09
11047 6.663446e-09
11048 6.662357e-09
11049 6.661266e-09
11050 6.660177e-09
11051 6.659087e-09
11052 6.657998e-09
11053 6.656908e-09
11054 6.655819e-09
11055 6.654730e-09
11056 6.653641e-09
11057 6.652551e-09
11058 6.651462e-09
11059 6.650374e-09
11060 6.649285e-09
11061 6.648196e-09
11062 6.647108e-09
11063 6.646019e-09
11064 6.644931e-09
11065 6.643842e-09
11066 6.642754e-09
11067 6.641667e-09
11068 6.640579e-09
11069 6.639490e-09
11070 6.638403e-09
11071 6.637315e-09
11072 6.636228e-09
11073 6.635140e-09
11074 6.634053e-09
11075 6.632966e-09
11076 6.631879e-09
11077 6.630791e-09
11078 6.629704e-09
11079 6.628618e-09
11080 6.627531e-09
11081 6.626445e-09
11082 6.625357e-09
11083 6.624271e-09
11084 6.623185e-09
11085 6.622099e-09
11086 6.621012e-09
11087 6.619926e-09
11088 6.618841e-09
11089 6.617755e-09
11090 6.616668e-09
11091 6.615583e-09
11092 6.614498e-09
11093 6.613413e-09
11094 6.612326e-09
11095 6.611241e-09
11096 6.610156e-09
11097 6.609072e-09
11098 6.607986e-09
11099 6.606901e-09
11100 6.605817e-09
11101 6.604732e-09
11102 6.603727e-09
11103 6.602722e-09
11104 6.601718e-09
11105 6.600714e-09
11106 6.599709e-09
11107 6.598704e-09
11108 6.597701e-09
11109 6.596697e-09
11110 6.595692e-09
11111 6.594688e-09
11112 6.593685e-09
11113 6.592681e-09
11114 6.591677e-09
11115 6.590675e-09
11116 6.589671e-09
11117 6.588667e-09
11118 6.587663e-09
11119 6.586661e-09
11120 6.585658e-09
11121 6.584654e-09
11122 6.583651e-09
11123 6.582649e-09
11124 6.581646e-09
11125 6.580643e-09
11126 6.579641e-09
11127 6.578639e-09
11128 6.577636e-09
11129 6.576633e-09
11130 6.575632e-09
11131 6.574630e-09
11132 6.573627e-09
11133 6.572625e-09
11134 6.571624e-09
11135 6.570622e-09
11136 6.569620e-09
11137 6.568619e-09
11138 6.567618e-09
11139 6.566616e-09
11140 6.565614e-09
11141 6.564614e-09
11142 6.563612e-09
11143 6.562611e-09
11144 6.561610e-09
11145 6.560610e-09
11146 6.559609e-09
11147 6.558608e-09
11148 6.557607e-09
11149 6.556607e-09
11150 6.555606e-09
11151 6.554606e-09
11152 6.553607e-09
11153 6.552606e-09
11154 6.551606e-09
11155 6.550605e-09
11156 6.549606e-09
11157 6.548606e-09
11158 6.547606e-09
11159 6.546606e-09
11160 6.545608e-09
11161 6.544608e-09
11162 6.543608e-09
11163 6.542610e-09
11164 6.541611e-09
11165 6.540611e-09
11166 6.539612e-09
11167 6.538614e-09
11168 6.537615e-09
11169 6.536616e-09
11170 6.535617e-09
11171 6.534619e-09
11172 6.533620e-09
11173 6.532622e-09
11174 6.531623e-09
11175 6.530626e-09
11176 6.529628e-09
11177 6.528629e-09
11178 6.527632e-09
11179 6.526634e-09
11180 6.525636e-09
11181 6.524638e-09
11182 6.523642e-09
11183 6.522644e-09
11184 6.521646e-09
11185 6.520648e-09
11186 6.519652e-09
11187 6.518655e-09
11188 6.517657e-09
11189 6.516661e-09
11190 6.515664e-09
11191 6.514667e-09
11192 6.513670e-09
11193 6.512675e-09
11194 6.511678e-09
11195 6.510681e-09
11196 6.509684e-09
11197 6.508689e-09
11198 6.507693e-09
11199 6.506696e-09
11200 6.505700e-09
11201 6.504705e-09
11202 6.503709e-09
11203 6.502713e-09
11204 6.501718e-09
11205 6.500723e-09
11206 6.499727e-09
11207 6.498731e-09
11208 6.497737e-09
11209 6.496741e-09
11210 6.495746e-09
11211 6.494751e-09
11212 6.493757e-09
11213 6.492762e-09
11214 6.491767e-09
11215 6.490773e-09
11216 6.489778e-09
11217 6.488783e-09
11218 6.487789e-09
11219 6.486795e-09
11220 6.485801e-09
11221 6.484806e-09
11222 6.483812e-09
11223 6.482819e-09
11224 6.481825e-09
11225 6.480831e-09
11226 6.479837e-09
11227 6.478844e-09
11228 6.477851e-09
11229 6.476857e-09
11230 6.475865e-09
11231 6.474871e-09
11232 6.473878e-09
11233 6.472884e-09
11234 6.471892e-09
11235 6.470899e-09
11236 6.469906e-09
11237 6.468913e-09
11238 6.467921e-09
11239 6.466928e-09
11240 6.465936e-09
11241 6.464944e-09
11242 6.463952e-09
11243 6.462959e-09
11244 6.461967e-09
11245 6.460976e-09
11246 6.459984e-09
11247 6.458992e-09
11248 6.458000e-09
11249 6.457009e-09
11250 6.456017e-09
11251 6.455025e-09
11252 6.454034e-09
11253 6.453043e-09
11254 6.452052e-09
11255 6.451060e-09
11256 6.450070e-09
11257 6.449079e-09
11258 6.448088e-09
11259 6.447097e-09
11260 6.446107e-09
11261 6.445116e-09
11262 6.444126e-09
11263 6.443135e-09
11264 6.442146e-09
11265 6.441155e-09
11266 6.440165e-09
11267 6.439176e-09
11268 6.438185e-09
11269 6.437195e-09
11270 6.436205e-09
11271 6.435216e-09
11272 6.434226e-09
11273 6.433237e-09
11274 6.432247e-09
11275 6.431258e-09
11276 6.430269e-09
11277 6.429279e-09
11278 6.428291e-09
11279 6.427302e-09
11280 6.426313e-09
11281 6.425324e-09
11282 6.424336e-09
11283 6.423347e-09
11284 6.422358e-09
11285 6.421369e-09
11286 6.420382e-09
11287 6.419393e-09
11288 6.418405e-09
11289 6.417416e-09
11290 6.416429e-09
11291 6.415441e-09
11292 6.414453e-09
11293 6.413466e-09
11294 6.412478e-09
11295 6.411490e-09
11296 6.410502e-09
11297 6.409516e-09
11298 6.408528e-09
11299 6.407541e-09
11300 6.406553e-09
11301 6.405567e-09
11302 6.404580e-09
11303 6.403593e-09
11304 6.402607e-09
11305 6.401620e-09
11306 6.400633e-09
11307 6.399646e-09
11308 6.398661e-09
11309 6.397674e-09
11310 6.396687e-09
11311 6.395701e-09
11312 6.394716e-09
11313 6.393729e-09
11314 6.392743e-09
11315 6.391757e-09
11316 6.390772e-09
11317 6.389786e-09
11318 6.388800e-09
11319 6.387816e-09
11320 6.386830e-09
11321 6.385844e-09
11322 6.384859e-09
11323 6.383875e-09
11324 6.382889e-09
11325 6.381904e-09
11326 6.380919e-09
11327 6.379935e-09
11328 6.378950e-09
11329 6.377965e-09
11330 6.376982e-09
11331 6.375997e-09
11332 6.375012e-09
11333 6.374027e-09
11334 6.373044e-09
11335 6.372060e-09
11336 6.371076e-09
11337 6.370091e-09
11338 6.369108e-09
11339 6.368124e-09
11340 6.367140e-09
11341 6.366156e-09
11342 6.365174e-09
11343 6.364190e-09
11344 6.363207e-09
11345 6.362224e-09
11346 6.361241e-09
11347 6.360258e-09
11348 6.359274e-09
11349 6.358292e-09
11350 6.357309e-09
11351 6.356326e-09
11352 6.355343e-09
11353 6.354362e-09
11354 6.353379e-09
11355 6.352396e-09
11356 6.351415e-09
11357 6.350432e-09
11358 6.349450e-09
11359 6.348468e-09
11360 6.347487e-09
11361 6.346504e-09
11362 6.345522e-09
11363 6.344540e-09
11364 6.343560e-09
11365 6.342578e-09
11366 6.341596e-09
11367 6.340615e-09
11368 6.339634e-09
11369 6.338653e-09
11370 6.337671e-09
11371 6.336691e-09
11372 6.335710e-09
11373 6.334729e-09
11374 6.333748e-09
11375 6.332768e-09
11376 6.331788e-09
11377 6.330807e-09
11378 6.329826e-09
11379 6.328847e-09
11380 6.327866e-09
11381 6.326886e-09
11382 6.325907e-09
11383 6.324926e-09
11384 6.323946e-09
11385 6.322966e-09
11386 6.321987e-09
11387 6.321008e-09
11388 6.320028e-09
11389 6.319048e-09
11390 6.318070e-09
11391 6.317090e-09
11392 6.316111e-09
11393 6.315131e-09
11394 6.314153e-09
11395 6.313174e-09
11396 6.312195e-09
11397 6.311217e-09
11398 6.310238e-09
11399 6.309259e-09
11400 6.308280e-09
11401 6.307303e-09
11402 6.306324e-09
11403 6.305346e-09
11404 6.304367e-09
11405 6.303390e-09
11406 6.302412e-09
11407 6.301434e-09
11408 6.300457e-09
11409 6.299479e-09
11410 6.298501e-09
11411 6.297523e-09
11412 6.296546e-09
11413 6.295569e-09
11414 6.294591e-09
11415 6.293614e-09
11416 6.292637e-09
11417 6.291660e-09
11418 6.290683e-09
11419 6.289707e-09
11420 6.288730e-09
11421 6.287753e-09
11422 6.286776e-09
11423 6.285800e-09
11424 6.284824e-09
11425 6.283847e-09
11426 6.282870e-09
11427 6.281895e-09
11428 6.280919e-09
11429 6.279943e-09
11430 6.278966e-09
11431 6.277991e-09
11432 6.277015e-09
11433 6.276039e-09
11434 6.275065e-09
11435 6.274089e-09
11436 6.273113e-09
11437 6.272138e-09
11438 6.271163e-09
11439 6.270188e-09
11440 6.269212e-09
11441 6.268237e-09
11442 6.267263e-09
11443 6.266288e-09
11444 6.265313e-09
11445 6.264339e-09
11446 6.263365e-09
11447 6.262390e-09
11448 6.261415e-09
11449 6.260442e-09
11450 6.259467e-09
11451 6.258493e-09
11452 6.257518e-09
11453 6.256545e-09
11454 6.255571e-09
11455 6.254597e-09
11456 6.253623e-09
11457 6.252650e-09
11458 6.251677e-09
11459 6.250703e-09
11460 6.249730e-09
11461 6.248757e-09
11462 6.247783e-09
11463 6.246810e-09
11464 6.245838e-09
11465 6.244865e-09
11466 6.243891e-09
11467 6.242918e-09
11468 6.241947e-09
11469 6.240974e-09
11470 6.240001e-09
11471 6.239029e-09
11472 6.238057e-09
11473 6.237084e-09
11474 6.236112e-09
11475 6.235141e-09
11476 6.234168e-09
11477 6.233196e-09
11478 6.232224e-09
11479 6.231253e-09
11480 6.230281e-09
11481 6.229309e-09
11482 6.228337e-09
11483 6.227367e-09
11484 6.226395e-09
11485 6.225424e-09
11486 6.224454e-09
11487 6.223482e-09
11488 6.222511e-09
11489 6.221540e-09
11490 6.220570e-09
11491 6.219599e-09
11492 6.218628e-09
11493 6.217657e-09
11494 6.216687e-09
11495 6.215717e-09
11496 6.214746e-09
11497 6.213777e-09
11498 6.212806e-09
11499 6.211836e-09
11500 6.210866e-09
11501 6.209897e-09
11502 6.208927e-09
11503 6.207956e-09
11504 6.206987e-09
11505 6.206018e-09
11506 6.205048e-09
11507 6.204078e-09
11508 6.203109e-09
11509 6.202141e-09
11510 6.201171e-09
11511 6.200202e-09
11512 6.199234e-09
11513 6.198265e-09
11514 6.197295e-09
11515 6.196326e-09
11516 6.195359e-09
11517 6.194390e-09
11518 6.193421e-09
11519 6.192452e-09
11520 6.191485e-09
11521 6.190517e-09
11522 6.189548e-09
11523 6.188581e-09
11524 6.187613e-09
11525 6.186645e-09
11526 6.185676e-09
11527 6.184710e-09
11528 6.183742e-09
11529 6.182774e-09
11530 6.181806e-09
11531 6.180840e-09
11532 6.179872e-09
11533 6.178905e-09
11534 6.177938e-09
11535 6.176971e-09
11536 6.176004e-09
11537 6.175037e-09
11538 6.174071e-09
11539 6.173104e-09
11540 6.172137e-09
11541 6.171170e-09
11542 6.170205e-09
11543 6.169238e-09
11544 6.168271e-09
11545 6.167305e-09
11546 6.166340e-09
11547 6.165373e-09
11548 6.164407e-09
11549 6.163442e-09
11550 6.162476e-09
11551 6.161510e-09
11552 6.160544e-09
11553 6.159580e-09
11554 6.158614e-09
11555 6.157648e-09
11556 6.156683e-09
11557 6.155718e-09
11558 6.154753e-09
11559 6.153788e-09
11560 6.152824e-09
11561 6.151858e-09
11562 6.150893e-09
11563 6.149928e-09
11564 6.148965e-09
11565 6.148000e-09
11566 6.147035e-09
11567 6.146070e-09
11568 6.145107e-09
11569 6.144143e-09
11570 6.143178e-09
11571 6.142214e-09
11572 6.141251e-09
11573 6.140287e-09
11574 6.139323e-09
11575 6.138360e-09
11576 6.137396e-09
11577 6.136432e-09
11578 6.135468e-09
11579 6.134506e-09
11580 6.133542e-09
11581 6.132579e-09
11582 6.131615e-09
11583 6.130653e-09
11584 6.129690e-09
11585 6.128727e-09
11586 6.127765e-09
11587 6.126802e-09
11588 6.125839e-09
11589 6.124876e-09
11590 6.123915e-09
11591 6.122952e-09
11592 6.121990e-09
11593 6.121027e-09
11594 6.120066e-09
11595 6.119104e-09
11596 6.118141e-09
11597 6.117179e-09
11598 6.116218e-09
11599 6.115256e-09
11600 6.114294e-09
11601 6.113334e-09
11602 6.112372e-09
11603 6.111410e-09
11604 6.110449e-09
11605 6.109489e-09
11606 6.108527e-09
11607 6.107566e-09
11608 6.106604e-09
11609 6.105645e-09
11610 6.104683e-09
11611 6.103722e-09
11612 6.102763e-09
11613 6.101802e-09
11614 6.100841e-09
11615 6.099880e-09
11616 6.098921e-09
11617 6.097961e-09
11618 6.097000e-09
11619 6.096040e-09
11620 6.095081e-09
11621 6.094121e-09
11622 6.093161e-09
11623 6.092201e-09
11624 6.091242e-09
11625 6.090282e-09
11626 6.089322e-09
11627 6.088364e-09
11628 6.087404e-09
11629 6.086445e-09
11630 6.085485e-09
11631 6.084527e-09
11632 6.083568e-09
11633 6.082609e-09
11634 6.081649e-09
11635 6.080692e-09
11636 6.079733e-09
11637 6.078774e-09
11638 6.077816e-09
11639 6.076858e-09
11640 6.075899e-09
11641 6.074941e-09
11642 6.073983e-09
11643 6.073025e-09
11644 6.072067e-09
11645 6.071108e-09
11646 6.070152e-09
11647 6.069194e-09
11648 6.068236e-09
11649 6.067279e-09
11650 6.066321e-09
11651 6.065363e-09
11652 6.064406e-09
11653 6.063450e-09
11654 6.062492e-09
11655 6.061535e-09
11656 6.060577e-09
11657 6.059621e-09
11658 6.058664e-09
11659 6.057707e-09
11660 6.056750e-09
11661 6.055795e-09
11662 6.054838e-09
11663 6.053881e-09
11664 6.052926e-09
11665 6.051969e-09
11666 6.051013e-09
11667 6.050056e-09
11668 6.049101e-09
11669 6.048145e-09
11670 6.047189e-09
11671 6.046233e-09
11672 6.045278e-09
11673 6.044322e-09
11674 6.043366e-09
11675 6.042412e-09
11676 6.041456e-09
11677 6.040500e-09
11678 6.039545e-09
11679 6.038591e-09
11680 6.037635e-09
11681 6.036680e-09
11682 6.035725e-09
11683 6.034771e-09
11684 6.033816e-09
11685 6.032861e-09
11686 6.031906e-09
11687 6.030953e-09
11688 6.029998e-09
11689 6.029044e-09
11690 6.028090e-09
11691 6.027136e-09
11692 6.026182e-09
11693 6.025227e-09
11694 6.024274e-09
11695 6.023320e-09
11696 6.022366e-09
11697 6.021412e-09
11698 6.020460e-09
11699 6.019506e-09
11700 6.018552e-09
11701 6.017600e-09
11702 6.016646e-09
11703 6.015693e-09
11704 6.014739e-09
11705 6.013787e-09
11706 6.012834e-09
11707 6.011881e-09
11708 6.010928e-09
11709 6.009976e-09
11710 6.009023e-09
11711 6.008071e-09
11712 6.007189e-09
11713 6.006310e-09
11714 6.005430e-09
11715 6.004549e-09
11716 6.003669e-09
11717 6.002790e-09
11718 6.001909e-09
11719 6.001030e-09
11720 6.000149e-09
11721 5.999270e-09
11722 5.998391e-09
11723 5.997510e-09
11724 5.996631e-09
11725 5.995752e-09
11726 5.994872e-09
11727 5.993993e-09
11728 5.993115e-09
11729 5.992235e-09
11730 5.991356e-09
11731 5.990476e-09
11732 5.989598e-09
11733 5.988720e-09
11734 5.987840e-09
11735 5.986962e-09
11736 5.986084e-09
11737 5.985204e-09
11738 5.984326e-09
11739 5.983449e-09
11740 5.982570e-09
11741 5.981692e-09
11742 5.980813e-09
11743 5.979935e-09
11744 5.979058e-09
11745 5.978179e-09
11746 5.977302e-09
11747 5.976424e-09
11748 5.975546e-09
11749 5.974669e-09
11750 5.973792e-09
11751 5.972913e-09
11752 5.972036e-09
11753 5.971158e-09
11754 5.970282e-09
11755 5.969405e-09
11756 5.968527e-09
11757 5.967650e-09
11758 5.966774e-09
11759 5.965896e-09
11760 5.965020e-09
11761 5.964144e-09
11762 5.963266e-09
11763 5.962390e-09
11764 5.961513e-09
11765 5.960637e-09
11766 5.959761e-09
11767 5.958884e-09
11768 5.958008e-09
11769 5.957133e-09
11770 5.956256e-09
11771 5.955380e-09
11772 5.954505e-09
11773 5.953628e-09
11774 5.952753e-09
11775 5.951876e-09
11776 5.951001e-09
11777 5.950126e-09
11778 5.949250e-09
11779 5.948375e-09
11780 5.947500e-09
11781 5.946624e-09
11782 5.945750e-09
11783 5.944875e-09
11784 5.943999e-09
11785 5.943125e-09
11786 5.942249e-09
11787 5.941375e-09
11788 5.940500e-09
11789 5.939625e-09
11790 5.938751e-09
11791 5.937877e-09
11792 5.937002e-09
11793 5.936128e-09
11794 5.935254e-09
11795 5.934379e-09
11796 5.933505e-09
11797 5.932631e-09
11798 5.931757e-09
11799 5.930884e-09
11800 5.930009e-09
11801 5.929136e-09
11802 5.928262e-09
11803 5.927388e-09
11804 5.926515e-09
11805 5.925642e-09
11806 5.924768e-09
11807 5.923895e-09
11808 5.923022e-09
11809 5.922148e-09
11810 5.921276e-09
11811 5.920402e-09
11812 5.919529e-09
11813 5.918657e-09
11814 5.917783e-09
11815 5.916911e-09
11816 5.916039e-09
11817 5.915166e-09
11818 5.914294e-09
11819 5.913422e-09
11820 5.912549e-09
11821 5.911677e-09
11822 5.910804e-09
11823 5.909932e-09
11824 5.909061e-09
11825 5.908188e-09
11826 5.907316e-09
11827 5.906445e-09
11828 5.905572e-09
11829 5.904701e-09
11830 5.903830e-09
11831 5.902958e-09
11832 5.902087e-09
11833 5.901215e-09
11834 5.900344e-09
11835 5.899473e-09
11836 5.898601e-09
11837 5.897730e-09
11838 5.896860e-09
11839 5.895988e-09
11840 5.895118e-09
11841 5.894247e-09
11842 5.893376e-09
11843 5.892506e-09
11844 5.891634e-09
11845 5.890764e-09
11846 5.889894e-09
11847 5.889023e-09
11848 5.888153e-09
11849 5.887284e-09
11850 5.886413e-09
11851 5.885543e-09
11852 5.884674e-09
11853 5.883803e-09
11854 5.882934e-09
11855 5.882063e-09
11856 5.881194e-09
11857 5.880325e-09
11858 5.879454e-09
11859 5.878585e-09
11860 5.877716e-09
11861 5.876846e-09
11862 5.875977e-09
11863 5.875109e-09
11864 5.874239e-09
11865 5.873370e-09
11866 5.872500e-09
11867 5.871632e-09
11868 5.870764e-09
11869 5.869894e-09
11870 5.869026e-09
11871 5.868158e-09
11872 5.867289e-09
11873 5.866421e-09
11874 5.865553e-09
11875 5.864684e-09
11876 5.863816e-09
11877 5.862947e-09
11878 5.862079e-09
11879 5.861212e-09
11880 5.860343e-09
11881 5.859476e-09
11882 5.858608e-09
11883 5.857740e-09
11884 5.856873e-09
11885 5.856005e-09
11886 5.855137e-09
11887 5.854270e-09
11888 5.853402e-09
11889 5.852535e-09
11890 5.851668e-09
11891 5.850801e-09
11892 5.849934e-09
11893 5.849067e-09
11894 5.848200e-09
11895 5.847333e-09
11896 5.846467e-09
11897 5.845600e-09
11898 5.844733e-09
11899 5.843866e-09
11900 5.843000e-09
11901 5.842134e-09
11902 5.841267e-09
11903 5.840401e-09
11904 5.839535e-09
11905 5.838669e-09
11906 5.837803e-09
11907 5.836937e-09
11908 5.836071e-09
11909 5.835205e-09
11910 5.834339e-09
11911 5.833474e-09
11912 5.832609e-09
11913 5.831742e-09
11914 5.830877e-09
11915 5.830012e-09
11916 5.829146e-09
11917 5.828281e-09
11918 5.827417e-09
11919 5.826551e-09
11920 5.825686e-09
11921 5.824822e-09
11922 5.823956e-09
11923 5.823092e-09
11924 5.822226e-09
11925 5.821362e-09
11926 5.820498e-09
11927 5.819633e-09
11928 5.818769e-09
11929 5.817905e-09
11930 5.817040e-09
11931 5.816176e-09
11932 5.815312e-09
11933 5.814447e-09
11934 5.813584e-09
11935 5.812719e-09
11936 5.811856e-09
11937 5.810992e-09
11938 5.810128e-09
11939 5.809265e-09
11940 5.808402e-09
11941 5.807537e-09
11942 5.806674e-09
11943 5.805811e-09
11944 5.804947e-09
11945 5.804085e-09
11946 5.803221e-09
11947 5.802358e-09
11948 5.801495e-09
11949 5.800632e-09
11950 5.799769e-09
11951 5.798907e-09
11952 5.798044e-09
11953 5.797181e-09
11954 5.796319e-09
11955 5.795456e-09
11956 5.794594e-09
11957 5.793731e-09
11958 5.792869e-09
11959 5.792007e-09
11960 5.791144e-09
11961 5.790283e-09
11962 5.789421e-09
11963 5.788559e-09
11964 5.787697e-09
11965 5.786836e-09
11966 5.785973e-09
11967 5.785112e-09
11968 5.784250e-09
11969 5.783389e-09
11970 5.782528e-09
11971 5.781666e-09
11972 5.780805e-09
11973 5.779944e-09
11974 5.779082e-09
11975 5.778222e-09
11976 5.777361e-09
11977 5.776500e-09
11978 5.775639e-09
11979 5.774778e-09
11980 5.773918e-09
11981 5.773057e-09
11982 5.772196e-09
11983 5.771336e-09
11984 5.770476e-09
11985 5.769615e-09
11986 5.768755e-09
11987 5.767895e-09
11988 5.767035e-09
11989 5.766175e-09
11990 5.765314e-09
11991 5.764455e-09
11992 5.763595e-09
11993 5.762735e-09
11994 5.761876e-09
11995 5.761016e-09
11996 5.760156e-09
11997 5.759297e-09
11998 5.758438e-09
11999 5.757578e-09
12000 5.756719e-09
12001 5.755859e-09
12002 5.755001e-09
12003 5.754142e-09
12004 5.753282e-09
12005 5.752424e-09
12006 5.751566e-09
12007 5.750706e-09
12008 5.749848e-09
12009 5.748990e-09
12010 5.748130e-09
12011 5.747272e-09
12012 5.746413e-09
12013 5.745555e-09
12014 5.744697e-09
12015 5.743838e-09
12016 5.742981e-09
12017 5.742123e-09
12018 5.741265e-09
12019 5.740407e-09
12020 5.739550e-09
12021 5.738691e-09
12022 5.737834e-09
12023 5.736977e-09
12024 5.736118e-09
12025 5.735261e-09
12026 5.734403e-09
12027 5.733546e-09
12028 5.732690e-09
12029 5.731832e-09
12030 5.730975e-09
12031 5.730118e-09
12032 5.729261e-09
12033 5.728404e-09
12034 5.727548e-09
12035 5.726690e-09
12036 5.725834e-09
12037 5.724977e-09
12038 5.724121e-09
12039 5.723265e-09
12040 5.722407e-09
12041 5.721552e-09
12042 5.720696e-09
12043 5.719839e-09
12044 5.718983e-09
12045 5.718127e-09
12046 5.717271e-09
12047 5.716415e-09
12048 5.715559e-09
12049 5.714703e-09
12050 5.713848e-09
12051 5.712992e-09
12052 5.712137e-09
12053 5.711282e-09
12054 5.710425e-09
12055 5.709571e-09
12056 5.708716e-09
12057 5.707860e-09
12058 5.707005e-09
12059 5.706149e-09
12060 5.705295e-09
12061 5.704440e-09
12062 5.703585e-09
12063 5.702730e-09
12064 5.701876e-09
12065 5.701021e-09
12066 5.700167e-09
12067 5.699313e-09
12068 5.698457e-09
12069 5.697604e-09
12070 5.696749e-09
12071 5.695895e-09
12072 5.695041e-09
12073 5.694186e-09
12074 5.693333e-09
12075 5.692479e-09
12076 5.691625e-09
12077 5.690771e-09
12078 5.689918e-09
12079 5.689064e-09
12080 5.688211e-09
12081 5.687356e-09
12082 5.686503e-09
12083 5.685650e-09
12084 5.684796e-09
12085 5.683944e-09
12086 5.683091e-09
12087 5.682237e-09
12088 5.681385e-09
12089 5.680532e-09
12090 5.679678e-09
12091 5.678826e-09
12092 5.677973e-09
12093 5.677120e-09
12094 5.676268e-09
12095 5.675415e-09
12096 5.674563e-09
12097 5.673711e-09
12098 5.672858e-09
12099 5.672006e-09
12100 5.671155e-09
12101 5.670302e-09
12102 5.669450e-09
12103 5.668597e-09
12104 5.667746e-09
12105 5.666895e-09
12106 5.666042e-09
12107 5.665191e-09
12108 5.664340e-09
12109 5.663488e-09
12110 5.662637e-09
12111 5.661786e-09
12112 5.660934e-09
12113 5.660083e-09
12114 5.659231e-09
12115 5.658380e-09
12116 5.657530e-09
12117 5.656678e-09
12118 5.655827e-09
12119 5.654977e-09
12120 5.654126e-09
12121 5.653275e-09
12122 5.652425e-09
12123 5.651574e-09
12124 5.650724e-09
12125 5.649873e-09
12126 5.649023e-09
12127 5.648173e-09
12128 5.647322e-09
12129 5.646472e-09
12130 5.645623e-09
12131 5.644772e-09
12132 5.643923e-09
12133 5.643073e-09
12134 5.642223e-09
12135 5.641373e-09
12136 5.640524e-09
12137 5.639674e-09
12138 5.638825e-09
12139 5.637975e-09
12140 5.637126e-09
12141 5.636277e-09
12142 5.635427e-09
12143 5.634578e-09
12144 5.633730e-09
12145 5.632880e-09
12146 5.632032e-09
12147 5.631183e-09
12148 5.630334e-09
12149 5.629485e-09
12150 5.628636e-09
12151 5.627788e-09
12152 5.626940e-09
12153 5.626091e-09
12154 5.625243e-09
12155 5.624395e-09
12156 5.623546e-09
12157 5.622698e-09
12158 5.621850e-09
12159 5.621002e-09
12160 5.620154e-09
12161 5.619305e-09
12162 5.618458e-09
12163 5.617611e-09
12164 5.616762e-09
12165 5.615915e-09
12166 5.615068e-09
12167 5.614220e-09
12168 5.613373e-09
12169 5.612526e-09
12170 5.611678e-09
12171 5.610831e-09
12172 5.609984e-09
12173 5.609137e-09
12174 5.608290e-09
12175 5.607443e-09
12176 5.606596e-09
12177 5.605750e-09
12178 5.604903e-09
12179 5.604056e-09
12180 5.603210e-09
12181 5.602363e-09
12182 5.601517e-09
12183 5.600670e-09
12184 5.599824e-09
12185 5.598978e-09
12186 5.598131e-09
12187 5.597286e-09
12188 5.596440e-09
12189 5.595594e-09
12190 5.594748e-09
12191 5.593903e-09
12192 5.593056e-09
12193 5.592211e-09
12194 5.591365e-09
12195 5.590520e-09
12196 5.589675e-09
12197 5.588829e-09
12198 5.587984e-09
12199 5.587139e-09
12200 5.586293e-09
12201 5.585448e-09
12202 5.584604e-09
12203 5.583758e-09
12204 5.582914e-09
12205 5.582068e-09
12206 5.581224e-09
12207 5.580379e-09
12208 5.579534e-09
12209 5.578690e-09
12210 5.577846e-09
12211 5.577001e-09
12212 5.576157e-09
12213 5.575313e-09
12214 5.574468e-09
12215 5.573624e-09
12216 5.572780e-09
12217 5.571936e-09
12218 5.571093e-09
12219 5.570248e-09
12220 5.569405e-09
12221 5.568561e-09
12222 5.567717e-09
12223 5.566874e-09
12224 5.566031e-09
12225 5.565187e-09
12226 5.564344e-09
12227 5.563500e-09
12228 5.562657e-09
12229 5.561814e-09
12230 5.560970e-09
12231 5.560128e-09
12232 5.559285e-09
12233 5.558442e-09
12234 5.557599e-09
12235 5.556757e-09
12236 5.555913e-09
12237 5.555071e-09
12238 5.554229e-09
12239 5.553386e-09
12240 5.552544e-09
12241 5.551701e-09
12242 5.550859e-09
12243 5.550017e-09
12244 5.549174e-09
12245 5.548333e-09
12246 5.547491e-09
12247 5.546649e-09
12248 5.545807e-09
12249 5.544966e-09
12250 5.544123e-09
12251 5.543282e-09
12252 5.542440e-09
12253 5.541599e-09
12254 5.540758e-09
12255 5.539916e-09
12256 5.539075e-09
12257 5.538234e-09
12258 5.537392e-09
12259 5.536551e-09
12260 5.535711e-09
12261 5.534869e-09
12262 5.534029e-09
12263 5.533187e-09
12264 5.532347e-09
12265 5.531506e-09
12266 5.530665e-09
12267 5.529825e-09
12268 5.528985e-09
12269 5.528144e-09
12270 5.527304e-09
12271 5.526464e-09
12272 5.525623e-09
12273 5.524783e-09
12274 5.523943e-09
12275 5.523103e-09
12276 5.522264e-09
12277 5.521423e-09
12278 5.520584e-09
12279 5.519744e-09
12280 5.518904e-09
12281 5.518065e-09
12282 5.517226e-09
12283 5.516385e-09
12284 5.515546e-09
12285 5.514706e-09
12286 5.513868e-09
12287 5.513029e-09
12288 5.512189e-09
12289 5.511350e-09
12290 5.510512e-09
12291 5.509672e-09
12292 5.508834e-09
12293 5.507995e-09
12294 5.507156e-09
12295 5.506318e-09
12296 5.505478e-09
12297 5.504640e-09
12298 5.503802e-09
12299 5.502963e-09
12300 5.502125e-09
12301 5.501288e-09
12302 5.500449e-09
12303 5.499611e-09
12304 5.498774e-09
12305 5.497935e-09
12306 5.497097e-09
12307 5.496259e-09
12308 5.495421e-09
12309 5.494584e-09
12310 5.493746e-09
12311 5.492909e-09
12312 5.492072e-09
12313 5.491234e-09
12314 5.490397e-09
12315 5.489560e-09
12316 5.488722e-09
12317 5.487885e-09
12318 5.487047e-09
12319 5.486211e-09
12320 5.485374e-09
12321 5.484537e-09
12322 5.483700e-09
12323 5.482864e-09
12324 5.482027e-09
12325 5.481190e-09
12326 5.480354e-09
12327 5.479517e-09
12328 5.478681e-09
12329 5.477844e-09
12330 5.477008e-09
12331 5.476173e-09
12332 5.475336e-09
12333 5.474500e-09
12334 5.473665e-09
12335 5.472828e-09
12336 5.471993e-09
12337 5.471157e-09
12338 5.470321e-09
12339 5.469485e-09
12340 5.468649e-09
12341 5.467814e-09
12342 5.466979e-09
12343 5.466143e-09
12344 5.465308e-09
12345 5.464473e-09
12346 5.463637e-09
12347 5.462803e-09
12348 5.461968e-09
12349 5.461132e-09
12350 5.460298e-09
12351 5.459464e-09
12352 5.458628e-09
12353 5.457794e-09
12354 5.456958e-09
12355 5.456124e-09
12356 5.455355e-09
12357 5.454585e-09
12358 5.453815e-09
12359 5.453046e-09
12360 5.452277e-09
12361 5.451507e-09
12362 5.450738e-09
12363 5.449969e-09
12364 5.449199e-09
12365 5.448430e-09
12366 5.447661e-09
12367 5.446892e-09
12368 5.446123e-09
12369 5.445354e-09
12370 5.444586e-09
12371 5.443817e-09
12372 5.443048e-09
12373 5.442280e-09
12374 5.441511e-09
12375 5.440742e-09
12376 5.439974e-09
12377 5.439206e-09
12378 5.438437e-09
12379 5.437668e-09
12380 5.436900e-09
12381 5.436132e-09
12382 5.435364e-09
12383 5.434596e-09
12384 5.433828e-09
12385 5.433060e-09
12386 5.432292e-09
12387 5.431524e-09
12388 5.430757e-09
12389 5.429989e-09
12390 5.429221e-09
12391 5.428454e-09
12392 5.427686e-09
12393 5.426919e-09
12394 5.426152e-09
12395 5.425384e-09
12396 5.424617e-09
12397 5.423850e-09
12398 5.423083e-09
12399 5.422316e-09
12400 5.421549e-09
12401 5.420782e-09
12402 5.420015e-09
12403 5.419249e-09
12404 5.418482e-09
12405 5.417715e-09
12406 5.416949e-09
12407 5.416182e-09
12408 5.415416e-09
12409 5.414649e-09
12410 5.413883e-09
12411 5.413117e-09
12412 5.412350e-09
12413 5.411584e-09
12414 5.410818e-09
12415 5.410052e-09
12416 5.409286e-09
12417 5.408520e-09
12418 5.407755e-09
12419 5.406989e-09
12420 5.406223e-09
12421 5.405457e-09
12422 5.404692e-09
12423 5.403926e-09
12424 5.403161e-09
12425 5.402395e-09
12426 5.401630e-09
12427 5.400865e-09
12428 5.400100e-09
12429 5.399334e-09
12430 5.398568e-09
12431 5.397803e-09
12432 5.397038e-09
12433 5.396273e-09
12434 5.395508e-09
12435 5.394744e-09
12436 5.393979e-09
12437 5.393214e-09
12438 5.392450e-09
12439 5.391685e-09
12440 5.390921e-09
12441 5.390156e-09
12442 5.389392e-09
12443 5.388628e-09
12444 5.387863e-09
12445 5.387099e-09
12446 5.386335e-09
12447 5.385571e-09
12448 5.384807e-09
12449 5.384043e-09
12450 5.383279e-09
12451 5.382515e-09
12452 5.381752e-09
12453 5.380988e-09
12454 5.380224e-09
12455 5.379461e-09
12456 5.378697e-09
12457 5.377934e-09
12458 5.377170e-09
12459 5.376407e-09
12460 5.375644e-09
12461 5.374881e-09
12462 5.374118e-09
12463 5.373354e-09
12464 5.372591e-09
12465 5.371828e-09
12466 5.371066e-09
12467 5.370303e-09
12468 5.369540e-09
12469 5.368777e-09
12470 5.368015e-09
12471 5.367252e-09
12472 5.366490e-09
12473 5.365727e-09
12474 5.364965e-09
12475 5.364202e-09
12476 5.363440e-09
12477 5.362678e-09
12478 5.361916e-09
12479 5.361154e-09
12480 5.360392e-09
12481 5.359628e-09
12482 5.358867e-09
12483 5.358105e-09
12484 5.357343e-09
12485 5.356581e-09
12486 5.355820e-09
12487 5.355058e-09
12488 5.354296e-09
12489 5.353535e-09
12490 5.352773e-09
12491 5.352012e-09
12492 5.351251e-09
12493 5.350490e-09
12494 5.349728e-09
12495 5.348967e-09
12496 5.348206e-09
12497 5.347445e-09
12498 5.346684e-09
12499 5.345923e-09
12500 5.345163e-09
12501 5.344402e-09
12502 5.343641e-09
12503 5.342881e-09
12504 5.342120e-09
12505 5.341359e-09
12506 5.340599e-09
12507 5.339839e-09
12508 5.339078e-09
12509 5.338318e-09
12510 5.337558e-09
12511 5.336798e-09
12512 5.336038e-09
12513 5.335278e-09
12514 5.334518e-09
12515 5.333758e-09
12516 5.332998e-09
12517 5.332238e-09
12518 5.331478e-09
12519 5.330719e-09
12520 5.329959e-09
12521 5.329200e-09
12522 5.328440e-09
12523 5.327681e-09
12524 5.326921e-09
12525 5.326162e-09
12526 5.325403e-09
12527 5.324644e-09
12528 5.323885e-09
12529 5.323125e-09
12530 5.322367e-09
12531 5.321608e-09
12532 5.320848e-09
12533 5.320089e-09
12534 5.319330e-09
12535 5.318571e-09
12536 5.317813e-09
12537 5.317054e-09
12538 5.316296e-09
12539 5.315537e-09
12540 5.314779e-09
12541 5.314020e-09
12542 5.313262e-09
12543 5.312504e-09
12544 5.311746e-09
12545 5.310988e-09
12546 5.310230e-09
12547 5.309472e-09
12548 5.308714e-09
12549 5.307956e-09
12550 5.307198e-09
12551 5.306441e-09
12552 5.305683e-09
12553 5.304925e-09
12554 5.304168e-09
12555 5.303410e-09
12556 5.302653e-09
12557 5.301896e-09
12558 5.301138e-09
12559 5.300381e-09
12560 5.299624e-09
12561 5.298867e-09
12562 5.298110e-09
12563 5.297353e-09
12564 5.296596e-09
12565 5.295839e-09
12566 5.295082e-09
12567 5.294325e-09
12568 5.293569e-09
12569 5.292812e-09
12570 5.292055e-09
12571 5.291299e-09
12572 5.290542e-09
12573 5.289786e-09
12574 5.289030e-09
12575 5.288273e-09
12576 5.287517e-09
12577 5.286761e-09
12578 5.286005e-09
12579 5.285249e-09
12580 5.284493e-09
12581 5.283737e-09
12582 5.282981e-09
12583 5.282224e-09
12584 5.281468e-09
12585 5.280713e-09
12586 5.279957e-09
12587 5.279202e-09
12588 5.278446e-09
12589 5.277691e-09
12590 5.276935e-09
12591 5.276180e-09
12592 5.275425e-09
12593 5.274670e-09
12594 5.273914e-09
12595 5.273159e-09
12596 5.272404e-09
12597 5.271649e-09
12598 5.270895e-09
12599 5.270140e-09
12600 5.269385e-09
12601 5.268630e-09
12602 5.267876e-09
12603 5.267121e-09
12604 5.266366e-09
12605 5.265612e-09
12606 5.264858e-09
12607 5.264103e-09
12608 5.263349e-09
12609 5.262595e-09
12610 5.261840e-09
12611 5.261086e-09
12612 5.260332e-09
12613 5.259578e-09
12614 5.258824e-09
12615 5.258070e-09
12616 5.257317e-09
12617 5.256563e-09
12618 5.255809e-09
12619 5.255056e-09
12620 5.254302e-09
12621 5.253548e-09
12622 5.252795e-09
12623 5.252042e-09
12624 5.251288e-09
12625 5.250535e-09
12626 5.249782e-09
12627 5.249029e-09
12628 5.248276e-09
12629 5.247522e-09
12630 5.246770e-09
12631 5.246017e-09
12632 5.245264e-09
12633 5.244511e-09
12634 5.243757e-09
12635 5.243004e-09
12636 5.242252e-09
12637 5.241499e-09
12638 5.240747e-09
12639 5.239994e-09
12640 5.239242e-09
12641 5.238490e-09
12642 5.237737e-09
12643 5.236985e-09
12644 5.236233e-09
12645 5.235481e-09
12646 5.234729e-09
12647 5.233977e-09
12648 5.233225e-09
12649 5.232473e-09
12650 5.231721e-09
12651 5.230970e-09
12652 5.230218e-09
12653 5.229466e-09
12654 5.228715e-09
12655 5.227963e-09
12656 5.227212e-09
12657 5.226460e-09
12658 5.225709e-09
12659 5.224958e-09
12660 5.224207e-09
12661 5.223456e-09
12662 5.222704e-09
12663 5.221953e-09
12664 5.221202e-09
12665 5.220452e-09
12666 5.219701e-09
12667 5.218950e-09
12668 5.218199e-09
12669 5.217449e-09
12670 5.216698e-09
12671 5.215947e-09
12672 5.215197e-09
12673 5.214447e-09
12674 5.213696e-09
12675 5.212946e-09
12676 5.212196e-09
12677 5.211445e-09
12678 5.210695e-09
12679 5.209945e-09
12680 5.209195e-09
12681 5.208445e-09
12682 5.207695e-09
12683 5.206946e-09
12684 5.206196e-09
12685 5.205445e-09
12686 5.204695e-09
12687 5.203946e-09
12688 5.203196e-09
12689 5.202447e-09
12690 5.201697e-09
12691 5.200948e-09
12692 5.200199e-09
12693 5.199449e-09
12694 5.198700e-09
12695 5.197951e-09
12696 5.197202e-09
12697 5.196453e-09
12698 5.195704e-09
12699 5.194955e-09
12700 5.194206e-09
12701 5.193457e-09
12702 5.192709e-09
12703 5.191960e-09
12704 5.191212e-09
12705 5.190463e-09
12706 5.189715e-09
12707 5.188966e-09
12708 5.188218e-09
12709 5.187469e-09
12710 5.186721e-09
12711 5.185973e-09
12712 5.185225e-09
12713 5.184477e-09
12714 5.183729e-09
12715 5.182981e-09
12716 5.182233e-09
12717 5.181485e-09
12718 5.180737e-09
12719 5.179990e-09
12720 5.179242e-09
12721 5.178494e-09
12722 5.177747e-09
12723 5.176999e-09
12724 5.176252e-09
12725 5.175505e-09
12726 5.174757e-09
12727 5.174010e-09
12728 5.173263e-09
12729 5.172516e-09
12730 5.171769e-09
12731 5.171022e-09
12732 5.170275e-09
12733 5.169528e-09
12734 5.168781e-09
12735 5.168034e-09
12736 5.167286e-09
12737 5.166540e-09
12738 5.165793e-09
12739 5.165047e-09
12740 5.164300e-09
12741 5.163554e-09
12742 5.162807e-09
12743 5.162061e-09
12744 5.161315e-09
12745 5.160569e-09
12746 5.159823e-09
12747 5.159077e-09
12748 5.158331e-09
12749 5.157585e-09
12750 5.156839e-09
12751 5.156093e-09
12752 5.155347e-09
12753 5.154601e-09
12754 5.153856e-09
12755 5.153110e-09
12756 5.152365e-09
12757 5.151619e-09
12758 5.150874e-09
12759 5.150128e-09
12760 5.149383e-09
12761 5.148638e-09
12762 5.147893e-09
12763 5.147147e-09
12764 5.146402e-09
12765 5.145657e-09
12766 5.144912e-09
12767 5.144167e-09
12768 5.143423e-09
12769 5.142678e-09
12770 5.141933e-09
12771 5.141188e-09
12772 5.140444e-09
12773 5.139699e-09
12774 5.138955e-09
12775 5.138210e-09
12776 5.137466e-09
12777 5.136722e-09
12778 5.135977e-09
12779 5.135233e-09
12780 5.134489e-09
12781 5.133745e-09
12782 5.133001e-09
12783 5.132257e-09
12784 5.131513e-09
12785 5.130769e-09
12786 5.130025e-09
12787 5.129281e-09
12788 5.128537e-09
12789 5.127793e-09
12790 5.127050e-09
12791 5.126306e-09
12792 5.125563e-09
12793 5.124819e-09
12794 5.124076e-09
12795 5.123333e-09
12796 5.122590e-09
12797 5.121846e-09
12798 5.121103e-09
12799 5.120360e-09
12800 5.119617e-09
12801 5.118874e-09
12802 5.118132e-09
12803 5.117389e-09
12804 5.116646e-09
12805 5.115903e-09
12806 5.115161e-09
12807 5.114418e-09
12808 5.113676e-09
12809 5.112933e-09
12810 5.112191e-09
12811 5.111448e-09
12812 5.110706e-09
12813 5.109964e-09
12814 5.109222e-09
12815 5.108480e-09
12816 5.107738e-09
12817 5.106996e-09
12818 5.106254e-09
12819 5.105512e-09
12820 5.104770e-09
12821 5.104028e-09
12822 5.103286e-09
12823 5.102545e-09
12824 5.101803e-09
12825 5.101062e-09
12826 5.100320e-09
12827 5.099579e-09
12828 5.098837e-09
12829 5.098096e-09
12830 5.097355e-09
12831 5.096614e-09
12832 5.095873e-09
12833 5.095132e-09
12834 5.094391e-09
12835 5.093650e-09
12836 5.092909e-09
12837 5.092168e-09
12838 5.091426e-09
12839 5.090685e-09
12840 5.089945e-09
12841 5.089204e-09
12842 5.088463e-09
12843 5.087723e-09
12844 5.086982e-09
12845 5.086242e-09
12846 5.085502e-09
12847 5.084762e-09
12848 5.084021e-09
12849 5.083281e-09
12850 5.082541e-09
12851 5.081801e-09
12852 5.081061e-09
12853 5.080321e-09
12854 5.079581e-09
12855 5.078842e-09
12856 5.078102e-09
12857 5.077362e-09
12858 5.076622e-09
12859 5.075883e-09
12860 5.075143e-09
12861 5.074404e-09
12862 5.073665e-09
12863 5.072925e-09
12864 5.072186e-09
12865 5.071447e-09
12866 5.070708e-09
12867 5.069968e-09
12868 5.069229e-09
12869 5.068490e-09
12870 5.067751e-09
12871 5.067013e-09
12872 5.066274e-09
12873 5.065535e-09
12874 5.064796e-09
12875 5.064058e-09
12876 5.063319e-09
12877 5.062580e-09
12878 5.061842e-09
12879 5.061104e-09
12880 5.060365e-09
12881 5.059627e-09
12882 5.058889e-09
12883 5.058150e-09
12884 5.057412e-09
12885 5.056674e-09
12886 5.055936e-09
12887 5.055198e-09
12888 5.054460e-09
12889 5.053721e-09
12890 5.052984e-09
12891 5.052246e-09
12892 5.051508e-09
12893 5.050771e-09
12894 5.050033e-09
12895 5.049296e-09
12896 5.048558e-09
12897 5.047821e-09
12898 5.047083e-09
12899 5.046346e-09
12900 5.045609e-09
12901 5.044872e-09
12902 5.044135e-09
12903 5.043398e-09
12904 5.042661e-09
12905 5.041924e-09
12906 5.041187e-09
12907 5.040450e-09
12908 5.039713e-09
12909 5.038976e-09
12910 5.038240e-09
12911 5.037503e-09
12912 5.036767e-09
12913 5.036030e-09
12914 5.035294e-09
12915 5.034557e-09
12916 5.033821e-09
12917 5.033085e-09
12918 5.032349e-09
12919 5.031613e-09
12920 5.030877e-09
12921 5.030140e-09
12922 5.029405e-09
12923 5.028669e-09
12924 5.027933e-09
12925 5.027197e-09
12926 5.026461e-09
12927 5.025726e-09
12928 5.024990e-09
12929 5.024254e-09
12930 5.023519e-09
12931 5.022783e-09
12932 5.022048e-09
12933 5.021313e-09
12934 5.020577e-09
12935 5.019842e-09
12936 5.019107e-09
12937 5.018372e-09
12938 5.017637e-09
12939 5.016902e-09
12940 5.016166e-09
12941 5.015431e-09
12942 5.014696e-09
12943 5.013961e-09
12944 5.013227e-09
12945 5.012492e-09
12946 5.011757e-09
12947 5.011023e-09
12948 5.010288e-09
12949 5.009554e-09
12950 5.008820e-09
12951 5.008085e-09
12952 5.007351e-09
12953 5.006617e-09
12954 5.005883e-09
12955 5.005149e-09
12956 5.004415e-09
12957 5.003681e-09
12958 5.002947e-09
12959 5.002213e-09
12960 5.001479e-09
12961 5.000745e-09
12962 5.000012e-09
12963 4.999278e-09
12964 4.998544e-09
12965 4.997811e-09
12966 4.997077e-09
12967 4.996344e-09
12968 4.995611e-09
12969 4.994877e-09
12970 4.994144e-09
12971 4.993411e-09
12972 4.992678e-09
12973 4.991945e-09
12974 4.991212e-09
12975 4.990479e-09
12976 4.989746e-09
12977 4.989013e-09
12978 4.988280e-09
12979 4.987547e-09
12980 4.986815e-09
12981 4.986082e-09
12982 4.985350e-09
12983 4.984617e-09
12984 4.983885e-09
12985 4.983152e-09
12986 4.982420e-09
12987 4.981688e-09
12988 4.980955e-09
12989 4.980223e-09
12990 4.979491e-09
12991 4.978758e-09
12992 4.978026e-09
12993 4.977294e-09
12994 4.976562e-09
12995 4.975830e-09
12996 4.975099e-09
12997 4.974367e-09
12998 4.973635e-09
12999 4.972904e-09
13000 4.972172e-09
13001 4.971441e-09
13002 4.970709e-09
13003 4.969978e-09
13004 4.969246e-09
13005 4.968515e-09
13006 4.967784e-09
13007 4.967053e-09
13008 4.966322e-09
13009 4.965591e-09
13010 4.964860e-09
13011 4.964129e-09
13012 4.963398e-09
13013 4.962667e-09
13014 4.961936e-09
13015 4.961206e-09
13016 4.960475e-09
13017 4.959744e-09
13018 4.959014e-09
13019 4.958283e-09
13020 4.957553e-09
13021 4.956822e-09
13022 4.956092e-09
13023 4.955362e-09
13024 4.954632e-09
13025 4.953902e-09
13026 4.953171e-09
13027 4.952441e-09
13028 4.951711e-09
13029 4.950982e-09
13030 4.950252e-09
13031 4.949522e-09
13032 4.948792e-09
13033 4.948062e-09
13034 4.947333e-09
13035 4.946661e-09
13036 4.945990e-09
13037 4.945318e-09
13038 4.944647e-09
13039 4.943976e-09
13040 4.943304e-09
13041 4.942633e-09
13042 4.941962e-09
13043 4.941291e-09
13044 4.940620e-09
13045 4.939949e-09
13046 4.939278e-09
13047 4.938607e-09
13048 4.937936e-09
13049 4.937265e-09
13050 4.936595e-09
13051 4.935924e-09
13052 4.935253e-09
13053 4.934583e-09
13054 4.933912e-09
13055 4.933241e-09
13056 4.932571e-09
13057 4.931900e-09
13058 4.931231e-09
13059 4.930560e-09
13060 4.929890e-09
13061 4.929220e-09
13062 4.928550e-09
13063 4.927879e-09
13064 4.927210e-09
13065 4.926539e-09
13066 4.925869e-09
13067 4.925200e-09
13068 4.924530e-09
13069 4.923859e-09
13070 4.923190e-09
13071 4.922520e-09
13072 4.921851e-09
13073 4.921181e-09
13074 4.920512e-09
13075 4.919843e-09
13076 4.919173e-09
13077 4.918503e-09
13078 4.917835e-09
13079 4.917165e-09
13080 4.916495e-09
13081 4.915827e-09
13082 4.915157e-09
13083 4.914488e-09
13084 4.913820e-09
13085 4.913150e-09
13086 4.912481e-09
13087 4.911813e-09
13088 4.911144e-09
13089 4.910476e-09
13090 4.909806e-09
13091 4.909137e-09
13092 4.908469e-09
13093 4.907801e-09
13094 4.907132e-09
13095 4.906464e-09
13096 4.905795e-09
13097 4.905126e-09
13098 4.904459e-09
13099 4.903790e-09
13100 4.903122e-09
13101 4.902454e-09
13102 4.901786e-09
13103 4.901118e-09
13104 4.900450e-09
13105 4.899782e-09
13106 4.899114e-09
13107 4.898446e-09
13108 4.897778e-09
13109 4.897111e-09
13110 4.896443e-09
13111 4.895775e-09
13112 4.895108e-09
13113 4.894440e-09
13114 4.893772e-09
13115 4.893105e-09
13116 4.892438e-09
13117 4.891771e-09
13118 4.891103e-09
13119 4.890436e-09
13120 4.889769e-09
13121 4.889102e-09
13122 4.888434e-09
13123 4.887768e-09
13124 4.887101e-09
13125 4.886433e-09
13126 4.885767e-09
13127 4.885100e-09
13128 4.884433e-09
13129 4.883767e-09
13130 4.883100e-09
13131 4.882434e-09
13132 4.881767e-09
13133 4.881100e-09
13134 4.880434e-09
13135 4.879767e-09
13136 4.879101e-09
13137 4.878435e-09
13138 4.877768e-09
13139 4.877102e-09
13140 4.876436e-09
13141 4.875770e-09
13142 4.875103e-09
13143 4.874438e-09
13144 4.873772e-09
13145 4.873107e-09
13146 4.872440e-09
13147 4.871774e-09
13148 4.871109e-09
13149 4.870443e-09
13150 4.869777e-09
13151 4.869112e-09
13152 4.868446e-09
13153 4.867780e-09
13154 4.867115e-09
13155 4.866450e-09
13156 4.865784e-09
13157 4.865119e-09
13158 4.864454e-09
13159 4.863789e-09
13160 4.863124e-09
13161 4.862458e-09
13162 4.861794e-09
13163 4.861128e-09
13164 4.860463e-09
13165 4.859799e-09
13166 4.859134e-09
13167 4.858468e-09
13168 4.857804e-09
13169 4.857139e-09
13170 4.856474e-09
13171 4.855810e-09
13172 4.855145e-09
13173 4.854481e-09
13174 4.853817e-09
13175 4.853152e-09
13176 4.852488e-09
13177 4.851824e-09
13178 4.851159e-09
13179 4.850496e-09
13180 4.849831e-09
13181 4.849167e-09
13182 4.848503e-09
13183 4.847839e-09
13184 4.847175e-09
13185 4.846511e-09
13186 4.845847e-09
13187 4.845183e-09
13188 4.844520e-09
13189 4.843856e-09
13190 4.843193e-09
13191 4.842529e-09
13192 4.841865e-09
13193 4.841202e-09
13194 4.840538e-09
13195 4.839875e-09
13196 4.839212e-09
13197 4.838548e-09
13198 4.837885e-09
13199 4.837222e-09
13200 4.836559e-09
13201 4.835895e-09
13202 4.835233e-09
13203 4.834570e-09
13204 4.833907e-09
13205 4.833244e-09
13206 4.832581e-09
13207 4.831919e-09
13208 4.831256e-09
13209 4.830593e-09
13210 4.829931e-09
13211 4.829268e-09
13212 4.828605e-09
13213 4.827943e-09
13214 4.827280e-09
13215 4.826617e-09
13216 4.825956e-09
13217 4.825293e-09
13218 4.824632e-09
13219 4.823969e-09
13220 4.823307e-09
13221 4.822645e-09
13222 4.821983e-09
13223 4.821320e-09
13224 4.820659e-09
13225 4.819997e-09
13226 4.819335e-09
13227 4.818674e-09
13228 4.818011e-09
13229 4.817349e-09
13230 4.816688e-09
13231 4.816027e-09
13232 4.815366e-09
13233 4.814704e-09
13234 4.814042e-09
13235 4.813381e-09
13236 4.812720e-09
13237 4.812058e-09
13238 4.811397e-09
13239 4.810736e-09
13240 4.810074e-09
13241 4.809414e-09
13242 4.808753e-09
13243 4.808091e-09
13244 4.807431e-09
13245 4.806770e-09
13246 4.806109e-09
13247 4.805448e-09
13248 4.804787e-09
13249 4.804127e-09
13250 4.803466e-09
13251 4.802805e-09
13252 4.802145e-09
13253 4.801485e-09
13254 4.800824e-09
13255 4.800164e-09
13256 4.799503e-09
13257 4.798843e-09
13258 4.798183e-09
13259 4.797523e-09
13260 4.796862e-09
13261 4.796203e-09
13262 4.795542e-09
13263 4.794883e-09
13264 4.794223e-09
13265 4.793562e-09
13266 4.792903e-09
13267 4.792243e-09
13268 4.791583e-09
13269 4.790924e-09
13270 4.790264e-09
13271 4.789604e-09
13272 4.788945e-09
13273 4.788285e-09
13274 4.787625e-09
13275 4.786967e-09
13276 4.786307e-09
13277 4.785648e-09
13278 4.784989e-09
13279 4.784329e-09
13280 4.783671e-09
13281 4.783011e-09
13282 4.782352e-09
13283 4.781694e-09
13284 4.781034e-09
13285 4.780375e-09
13286 4.779717e-09
13287 4.779058e-09
13288 4.778399e-09
13289 4.777741e-09
13290 4.777082e-09
13291 4.776424e-09
13292 4.775765e-09
13293 4.775106e-09
13294 4.774448e-09
13295 4.773789e-09
13296 4.773131e-09
13297 4.772473e-09
13298 4.771814e-09
13299 4.771156e-09
13300 4.770498e-09
13301 4.769840e-09
13302 4.769181e-09
13303 4.768524e-09
13304 4.767866e-09
13305 4.767209e-09
13306 4.766550e-09
13307 4.765892e-09
13308 4.765235e-09
13309 4.764577e-09
13310 4.763919e-09
13311 4.763262e-09
13312 4.762604e-09
13313 4.761946e-09
13314 4.761290e-09
13315 4.760632e-09
13316 4.759974e-09
13317 4.759317e-09
13318 4.758660e-09
13319 4.758003e-09
13320 4.757346e-09
13321 4.756688e-09
13322 4.756032e-09
13323 4.755374e-09
13324 4.754717e-09
13325 4.754061e-09
13326 4.753404e-09
13327 4.752746e-09
13328 4.752090e-09
13329 4.751433e-09
13330 4.750776e-09
13331 4.750120e-09
13332 4.749463e-09
13333 4.748807e-09
13334 4.748151e-09
13335 4.747494e-09
13336 4.746838e-09
13337 4.746181e-09
13338 4.745525e-09
13339 4.744869e-09
13340 4.744213e-09
13341 4.743556e-09
13342 4.742901e-09
13343 4.742244e-09
13344 4.741588e-09
13345 4.740933e-09
13346 4.740277e-09
13347 4.739620e-09
13348 4.738965e-09
13349 4.738309e-09
13350 4.737654e-09
13351 4.736998e-09
13352 4.736342e-09
13353 4.735687e-09
13354 4.735032e-09
13355 4.734376e-09
13356 4.733721e-09
13357 4.733065e-09
13358 4.732410e-09
13359 4.731755e-09
13360 4.731099e-09
13361 4.730444e-09
13362 4.729790e-09
13363 4.729134e-09
13364 4.728480e-09
13365 4.727825e-09
13366 4.727169e-09
13367 4.726515e-09
13368 4.725860e-09
13369 4.725205e-09
13370 4.724551e-09
13371 4.723896e-09
13372 4.723241e-09
13373 4.722587e-09
13374 4.721932e-09
13375 4.721277e-09
13376 4.720623e-09
13377 4.719969e-09
13378 4.719315e-09
13379 4.718660e-09
13380 4.718006e-09
13381 4.717352e-09
13382 4.716698e-09
13383 4.716043e-09
13384 4.715390e-09
13385 4.714736e-09
13386 4.714081e-09
13387 4.713428e-09
13388 4.712774e-09
13389 4.712120e-09
13390 4.711467e-09
13391 4.710813e-09
13392 4.710160e-09
13393 4.709506e-09
13394 4.708852e-09
13395 4.708199e-09
13396 4.707545e-09
13397 4.706892e-09
13398 4.706239e-09
13399 4.705585e-09
13400 4.704932e-09
13401 4.704279e-09
13402 4.703626e-09
13403 4.702972e-09
13404 4.702320e-09
13405 4.701667e-09
13406 4.701014e-09
13407 4.700361e-09
13408 4.699708e-09
13409 4.699056e-09
13410 4.698403e-09
13411 4.697750e-09
13412 4.697098e-09
13413 4.696445e-09
13414 4.695792e-09
13415 4.695140e-09
13416 4.694487e-09
13417 4.693834e-09
13418 4.693182e-09
13419 4.692530e-09
13420 4.691878e-09
13421 4.691226e-09
13422 4.690573e-09
13423 4.689922e-09
13424 4.689269e-09
13425 4.688617e-09
13426 4.687966e-09
13427 4.687313e-09
13428 4.686661e-09
13429 4.686010e-09
13430 4.685358e-09
13431 4.684706e-09
13432 4.684055e-09
13433 4.683403e-09
13434 4.682751e-09
13435 4.682100e-09
13436 4.681448e-09
13437 4.680797e-09
13438 4.680145e-09
13439 4.679494e-09
13440 4.678843e-09
13441 4.678191e-09
13442 4.677540e-09
13443 4.676889e-09
13444 4.676238e-09
13445 4.675587e-09
13446 4.674936e-09
13447 4.674285e-09
13448 4.673634e-09
13449 4.672983e-09
13450 4.672332e-09
13451 4.671682e-09
13452 4.671031e-09
13453 4.670380e-09
13454 4.669730e-09
13455 4.669079e-09
13456 4.668428e-09
13457 4.667779e-09
13458 4.667128e-09
13459 4.666477e-09
13460 4.665827e-09
13461 4.665177e-09
13462 4.664526e-09
13463 4.663877e-09
13464 4.663226e-09
13465 4.662577e-09
13466 4.661926e-09
13467 4.661276e-09
13468 4.660627e-09
13469 4.659976e-09
13470 4.659326e-09
13471 4.658677e-09
13472 4.658027e-09
13473 4.657377e-09
13474 4.656728e-09
13475 4.656078e-09
13476 4.655428e-09
13477 4.654779e-09
13478 4.654129e-09
13479 4.653481e-09
13480 4.652831e-09
13481 4.652181e-09
13482 4.651533e-09
13483 4.650883e-09
13484 4.650234e-09
13485 4.649585e-09
13486 4.648936e-09
13487 4.648286e-09
13488 4.647638e-09
13489 4.646989e-09
13490 4.646339e-09
13491 4.645691e-09
13492 4.645042e-09
13493 4.644394e-09
13494 4.643745e-09
13495 4.643096e-09
13496 4.642448e-09
13497 4.641799e-09
13498 4.641150e-09
13499 4.640503e-09
13500 4.639854e-09
13501 4.639205e-09
13502 4.638557e-09
13503 4.637909e-09
13504 4.637260e-09
13505 4.636613e-09
13506 4.635964e-09
13507 4.635317e-09
13508 4.634668e-09
13509 4.634020e-09
13510 4.633373e-09
13511 4.632725e-09
13512 4.632076e-09
13513 4.631429e-09
13514 4.630781e-09
13515 4.630133e-09
13516 4.629486e-09
13517 4.628838e-09
13518 4.628190e-09
13519 4.627544e-09
13520 4.626896e-09
13521 4.626248e-09
13522 4.625601e-09
13523 4.624954e-09
13524 4.624307e-09
13525 4.623660e-09
13526 4.623012e-09
13527 4.622366e-09
13528 4.621718e-09
13529 4.621071e-09
13530 4.620425e-09
13531 4.619777e-09
13532 4.619130e-09
13533 4.618484e-09
13534 4.617837e-09
13535 4.617190e-09
13536 4.616544e-09
13537 4.615897e-09
13538 4.615251e-09
13539 4.614604e-09
13540 4.613957e-09
13541 4.613311e-09
13542 4.612664e-09
13543 4.612018e-09
13544 4.611372e-09
13545 4.610726e-09
13546 4.610079e-09
13547 4.609434e-09
13548 4.608787e-09
13549 4.608141e-09
13550 4.607495e-09
13551 4.606849e-09
13552 4.606204e-09
13553 4.605558e-09
13554 4.604911e-09
13555 4.604266e-09
13556 4.603620e-09
13557 4.602974e-09
13558 4.602329e-09
13559 4.601683e-09
13560 4.601037e-09
13561 4.600393e-09
13562 4.599747e-09
13563 4.599101e-09
13564 4.598456e-09
13565 4.597811e-09
13566 4.597166e-09
13567 4.596520e-09
13568 4.595875e-09
13569 4.595231e-09
13570 4.594585e-09
13571 4.593940e-09
13572 4.593295e-09
13573 4.592650e-09
13574 4.592005e-09
13575 4.591361e-09
13576 4.590716e-09
13577 4.590071e-09
13578 4.589427e-09
13579 4.588782e-09
13580 4.588138e-09
13581 4.587493e-09
13582 4.586848e-09
13583 4.586204e-09
13584 4.585559e-09
13585 4.584915e-09
13586 4.584271e-09
13587 4.583627e-09
13588 4.582982e-09
13589 4.582338e-09
13590 4.581694e-09
13591 4.581050e-09
13592 4.580406e-09
13593 4.579762e-09
13594 4.579119e-09
13595 4.578474e-09
13596 4.577830e-09
13597 4.577187e-09
13598 4.576543e-09
13599 4.575899e-09
13600 4.575256e-09
13601 4.574612e-09
13602 4.573968e-09
13603 4.573325e-09
13604 4.572682e-09
13605 4.572038e-09
13606 4.571395e-09
13607 4.570751e-09
13608 4.570108e-09
13609 4.569465e-09
13610 4.568822e-09
13611 4.568179e-09
13612 4.567536e-09
13613 4.566893e-09
13614 4.566250e-09
13615 4.565607e-09
13616 4.564964e-09
13617 4.564322e-09
13618 4.563678e-09
13619 4.563035e-09
13620 4.562393e-09
13621 4.561750e-09
13622 4.561107e-09
13623 4.560465e-09
13624 4.559823e-09
13625 4.559181e-09
13626 4.558538e-09
13627 4.557895e-09
13628 4.557254e-09
13629 4.556611e-09
13630 4.555969e-09
13631 4.555327e-09
13632 4.554685e-09
13633 4.554042e-09
13634 4.553401e-09
13635 4.552758e-09
13636 4.552116e-09
13637 4.551475e-09
13638 4.550833e-09
13639 4.550192e-09
13640 4.549549e-09
13641 4.548907e-09
13642 4.548266e-09
13643 4.547624e-09
13644 4.546983e-09
13645 4.546342e-09
13646 4.545700e-09
13647 4.545058e-09
13648 4.544417e-09
13649 4.543776e-09
13650 4.543134e-09
13651 4.542494e-09
13652 4.541852e-09
13653 4.541211e-09
13654 4.540570e-09
13655 4.539929e-09
13656 4.539288e-09
13657 4.538647e-09
13658 4.538006e-09
13659 4.537366e-09
13660 4.536724e-09
13661 4.536083e-09
13662 4.535443e-09
13663 4.534802e-09
13664 4.534161e-09
13665 4.533521e-09
13666 4.532880e-09
13667 4.532241e-09
13668 4.531600e-09
13669 4.530959e-09
13670 4.530319e-09
13671 4.529679e-09
13672 4.529038e-09
13673 4.528399e-09
13674 4.527758e-09
13675 4.527118e-09
13676 4.526478e-09
13677 4.525838e-09
13678 4.525198e-09
13679 4.524558e-09
13680 4.523918e-09
13681 4.523279e-09
13682 4.522639e-09
13683 4.521999e-09
13684 4.521360e-09
13685 4.520720e-09
13686 4.520080e-09
13687 4.519441e-09
13688 4.518801e-09
13689 4.518161e-09
13690 4.517523e-09
13691 4.516883e-09
13692 4.516243e-09
13693 4.515605e-09
13694 4.514965e-09
13695 4.514325e-09
13696 4.513687e-09
13697 4.513048e-09
13698 4.512409e-09
13699 4.511770e-09
13700 4.511131e-09
13701 4.510492e-09
13702 4.509853e-09
13703 4.509214e-09
13704 4.508576e-09
13705 4.507937e-09
13706 4.507298e-09
13707 4.506660e-09
13708 4.506021e-09
13709 4.505382e-09
13710 4.504744e-09
13711 4.504106e-09
13712 4.503468e-09
13713 4.502829e-09
13714 4.502191e-09
13715 4.501553e-09
13716 4.500914e-09
13717 4.500276e-09
13718 4.499638e-09
13719 4.499000e-09
13720 4.498362e-09
13721 4.497724e-09
13722 4.497086e-09
13723 4.496448e-09
13724 4.495811e-09
13725 4.495173e-09
13726 4.494536e-09
13727 4.493898e-09
13728 4.493260e-09
13729 4.492623e-09
13730 4.491985e-09
13731 4.491347e-09
13732 4.490710e-09
13733 4.490072e-09
13734 4.489435e-09
13735 4.488798e-09
13736 4.488160e-09
13737 4.487523e-09
13738 4.486886e-09
13739 4.486249e-09
13740 4.485612e-09
13741 4.484975e-09
13742 4.484338e-09
13743 4.483701e-09
13744 4.483064e-09
13745 4.482427e-09
13746 4.481791e-09
13747 4.481154e-09
13748 4.480517e-09
13749 4.479881e-09
13750 4.479244e-09
13751 4.478607e-09
13752 4.478022e-09
13753 4.477438e-09
13754 4.476853e-09
13755 4.476269e-09
13756 4.475685e-09
13757 4.475100e-09
13758 4.474516e-09
13759 4.473932e-09
13760 4.473347e-09
13761 4.472763e-09
13762 4.472179e-09
13763 4.471595e-09
13764 4.471011e-09
13765 4.470427e-09
13766 4.469843e-09
13767 4.469259e-09
13768 4.468675e-09
13769 4.468092e-09
13770 4.467508e-09
13771 4.466924e-09
13772 4.466340e-09
13773 4.465756e-09
13774 4.465172e-09
13775 4.464589e-09
13776 4.464005e-09
13777 4.463422e-09
13778 4.462839e-09
13779 4.462255e-09
13780 4.461672e-09
13781 4.461089e-09
13782 4.460505e-09
13783 4.459922e-09
13784 4.459339e-09
13785 4.458755e-09
13786 4.458172e-09
13787 4.457589e-09
13788 4.457006e-09
13789 4.456423e-09
13790 4.455840e-09
13791 4.455257e-09
13792 4.454675e-09
13793 4.454092e-09
13794 4.453509e-09
13795 4.452926e-09
13796 4.452344e-09
13797 4.451761e-09
13798 4.451178e-09
13799 4.450595e-09
13800 4.450013e-09
13801 4.449430e-09
13802 4.448848e-09
13803 4.448266e-09
13804 4.447683e-09
13805 4.447101e-09
13806 4.446519e-09
13807 4.445937e-09
13808 4.445355e-09
13809 4.444773e-09
13810 4.444190e-09
13811 4.443608e-09
13812 4.443026e-09
13813 4.442444e-09
13814 4.441862e-09
13815 4.441280e-09
13816 4.440698e-09
13817 4.440117e-09
13818 4.439535e-09
13819 4.438953e-09
13820 4.438372e-09
13821 4.437790e-09
13822 4.437208e-09
13823 4.436626e-09
13824 4.436045e-09
13825 4.435463e-09
13826 4.434882e-09
13827 4.434301e-09
13828 4.433719e-09
13829 4.433138e-09
13830 4.432557e-09
13831 4.431976e-09
13832 4.431395e-09
13833 4.430813e-09
13834 4.430232e-09
13835 4.429651e-09
13836 4.429070e-09
13837 4.428489e-09
13838 4.427908e-09
13839 4.427327e-09
13840 4.426746e-09
13841 4.426165e-09
13842 4.425585e-09
13843 4.425004e-09
13844 4.424424e-09
13845 4.423843e-09
13846 4.423262e-09
13847 4.422681e-09
13848 4.422101e-09
13849 4.421520e-09
13850 4.420940e-09
13851 4.420360e-09
13852 4.419779e-09
13853 4.419199e-09
13854 4.418619e-09
13855 4.418039e-09
13856 4.417459e-09
13857 4.416879e-09
13858 4.416299e-09
13859 4.415719e-09
13860 4.415138e-09
13861 4.414558e-09
13862 4.413978e-09
13863 4.413398e-09
13864 4.412818e-09
13865 4.412239e-09
13866 4.411659e-09
13867 4.411079e-09
13868 4.410500e-09
13869 4.409920e-09
13870 4.409341e-09
13871 4.408761e-09
13872 4.408181e-09
13873 4.407601e-09
13874 4.407022e-09
13875 4.406443e-09
13876 4.405863e-09
13877 4.405284e-09
13878 4.404705e-09
13879 4.404126e-09
13880 4.403547e-09
13881 4.402968e-09
13882 4.402389e-09
13883 4.401810e-09
13884 4.401230e-09
13885 4.400651e-09
13886 4.400072e-09
13887 4.399493e-09
13888 4.398915e-09
13889 4.398336e-09
13890 4.397757e-09
13891 4.397178e-09
13892 4.396600e-09
13893 4.396021e-09
13894 4.395443e-09
13895 4.394864e-09
13896 4.394286e-09
13897 4.393707e-09
13898 4.393128e-09
13899 4.392550e-09
13900 4.391972e-09
13901 4.391393e-09
13902 4.390815e-09
13903 4.390237e-09
13904 4.389659e-09
13905 4.389081e-09
13906 4.388503e-09
13907 4.387925e-09
13908 4.387347e-09
13909 4.386768e-09
13910 4.386190e-09
13911 4.385612e-09
13912 4.385035e-09
13913 4.384457e-09
13914 4.383879e-09
13915 4.383302e-09
13916 4.382724e-09
13917 4.382147e-09
13918 4.381569e-09
13919 4.380992e-09
13920 4.380414e-09
13921 4.379837e-09
13922 4.379258e-09
13923 4.378681e-09
13924 4.378104e-09
13925 4.377527e-09
13926 4.376949e-09
13927 4.376372e-09
13928 4.375795e-09
13929 4.375218e-09
13930 4.374641e-09
13931 4.374064e-09
13932 4.373487e-09
13933 4.372910e-09
13934 4.372332e-09
13935 4.371756e-09
13936 4.371179e-09
13937 4.370602e-09
13938 4.370025e-09
13939 4.369449e-09
13940 4.368872e-09
13941 4.368296e-09
13942 4.367719e-09
13943 4.367143e-09
13944 4.366566e-09
13945 4.365990e-09
13946 4.365413e-09
13947 4.364836e-09
13948 4.364260e-09
13949 4.363684e-09
13950 4.363107e-09
13951 4.362531e-09
13952 4.361955e-09
13953 4.361379e-09
13954 4.360803e-09
13955 4.360227e-09
13956 4.359651e-09
13957 4.359075e-09
13958 4.358499e-09
13959 4.357923e-09
13960 4.357347e-09
13961 4.356771e-09
13962 4.356195e-09
13963 4.355620e-09
13964 4.355044e-09
13965 4.354469e-09
13966 4.353893e-09
13967 4.353318e-09
13968 4.352742e-09
13969 4.352167e-09
13970 4.351591e-09
13971 4.351015e-09
13972 4.350440e-09
13973 4.349864e-09
13974 4.349289e-09
13975 4.348714e-09
13976 4.348139e-09
13977 4.347564e-09
13978 4.346989e-09
13979 4.346414e-09
13980 4.345839e-09
13981 4.345264e-09
13982 4.344689e-09
13983 4.344114e-09
13984 4.343539e-09
13985 4.342964e-09
13986 4.342389e-09
13987 4.341814e-09
13988 4.341240e-09
13989 4.340665e-09
13990 4.340091e-09
13991 4.339516e-09
13992 4.338942e-09
13993 4.338367e-09
13994 4.337793e-09
13995 4.337219e-09
13996 4.336643e-09
13997 4.336069e-09
13998 4.335495e-09
13999 4.334921e-09
14000 4.334347e-09
14001 4.333772e-09
14002 4.333198e-09
14003 4.332624e-09
14004 4.332050e-09
14005 4.331476e-09
14006 4.330903e-09
14007 4.330329e-09
14008 4.329755e-09
14009 4.329180e-09
14010 4.328606e-09
14011 4.328033e-09
14012 4.327459e-09
14013 4.326886e-09
14014 4.326312e-09
14015 4.325738e-09
14016 4.325165e-09
14017 4.324592e-09
14018 4.324018e-09
14019 4.323445e-09
14020 4.322871e-09
14021 4.322297e-09
14022 4.321724e-09
14023 4.321151e-09
14024 4.320578e-09
14025 4.320005e-09
14026 4.319432e-09
14027 4.318858e-09
14028 4.318285e-09
14029 4.317713e-09
14030 4.317140e-09
14031 4.316567e-09
14032 4.315994e-09
14033 4.315420e-09
14034 4.314847e-09
14035 4.314275e-09
14036 4.313702e-09
14037 4.313129e-09
14038 4.312557e-09
14039 4.311984e-09
14040 4.311412e-09
14041 4.310839e-09
14042 4.310267e-09
14043 4.309695e-09
14044 4.309122e-09
14045 4.308550e-09
14046 4.307977e-09
14047 4.307405e-09
14048 4.306832e-09
14049 4.306260e-09
14050 4.305688e-09
14051 4.305116e-09
14052 4.304544e-09
14053 4.303972e-09
14054 4.303400e-09
14055 4.302828e-09
14056 4.302256e-09
14057 4.301685e-09
14058 4.301112e-09
14059 4.300540e-09
14060 4.299969e-09
14061 4.299397e-09
14062 4.298825e-09
14063 4.298254e-09
14064 4.297682e-09
14065 4.297111e-09
14066 4.296539e-09
14067 4.295968e-09
14068 4.295397e-09
14069 4.294825e-09
14070 4.294254e-09
14071 4.293682e-09
14072 4.293111e-09
14073 4.292539e-09
14074 4.291968e-09
14075 4.291397e-09
14076 4.290826e-09
14077 4.290255e-09
14078 4.289684e-09
14079 4.289113e-09
14080 4.288542e-09
14081 4.287972e-09
14082 4.287401e-09
14083 4.286829e-09
14084 4.286258e-09
14085 4.285688e-09
14086 4.285117e-09
14087 4.284547e-09
14088 4.283976e-09
14089 4.283405e-09
14090 4.282835e-09
14091 4.282265e-09
14092 4.281694e-09
14093 4.281124e-09
14094 4.280554e-09
14095 4.279982e-09
14096 4.279412e-09
14097 4.278842e-09
14098 4.278272e-09
14099 4.277702e-09
14100 4.277132e-09
14101 4.276562e-09
14102 4.275992e-09
14103 4.275422e-09
14104 4.274852e-09
14105 4.274282e-09
14106 4.273712e-09
14107 4.273142e-09
14108 4.272572e-09
14109 4.272002e-09
14110 4.271432e-09
14111 4.270863e-09
14112 4.270293e-09
14113 4.269724e-09
14114 4.269154e-09
14115 4.268585e-09
14116 4.268015e-09
14117 4.267446e-09
14118 4.266876e-09
14119 4.266307e-09
14120 4.265737e-09
14121 4.265168e-09
14122 4.264599e-09
14123 4.264029e-09
14124 4.263460e-09
14125 4.262891e-09
14126 4.262322e-09
14127 4.261753e-09
14128 4.261184e-09
14129 4.260615e-09
14130 4.260047e-09
14131 4.259478e-09
14132 4.258909e-09
14133 4.258339e-09
14134 4.257771e-09
14135 4.257202e-09
14136 4.256633e-09
14137 4.256065e-09
14138 4.255496e-09
14139 4.254928e-09
14140 4.254359e-09
14141 4.253791e-09
14142 4.253223e-09
14143 4.252654e-09
14144 4.252086e-09
14145 4.251517e-09
14146 4.250949e-09
14147 4.250380e-09
14148 4.249812e-09
14149 4.249244e-09
14150 4.248676e-09
14151 4.248108e-09
14152 4.247540e-09
14153 4.246972e-09
14154 4.246404e-09
14155 4.245837e-09
14156 4.245269e-09
14157 4.244701e-09
14158 4.244132e-09
14159 4.243565e-09
14160 4.242997e-09
14161 4.242429e-09
14162 4.241862e-09
14163 4.241294e-09
14164 4.240727e-09
14165 4.240159e-09
14166 4.239592e-09
14167 4.239025e-09
14168 4.238457e-09
14169 4.237890e-09
14170 4.237322e-09
14171 4.236755e-09
14172 4.236187e-09
14173 4.235620e-09
14174 4.235053e-09
14175 4.234486e-09
14176 4.233919e-09
14177 4.233352e-09
14178 4.232785e-09
14179 4.232218e-09
14180 4.231651e-09
14181 4.231085e-09
14182 4.230517e-09
14183 4.229950e-09
14184 4.229384e-09
14185 4.228817e-09
14186 4.228250e-09
14187 4.227684e-09
14188 4.227117e-09
14189 4.226551e-09
14190 4.225984e-09
14191 4.225418e-09
14192 4.224852e-09
14193 4.224285e-09
14194 4.223719e-09
14195 4.223152e-09
14196 4.222586e-09
14197 4.222019e-09
14198 4.221453e-09
14199 4.220887e-09
14200 4.220321e-09
14201 4.219755e-09
14202 4.219189e-09
14203 4.218623e-09
14204 4.218057e-09
14205 4.217491e-09
14206 4.216926e-09
14207 4.216359e-09
14208 4.215793e-09
14209 4.215228e-09
14210 4.214662e-09
14211 4.214096e-09
14212 4.213531e-09
14213 4.212965e-09
14214 4.212400e-09
14215 4.211834e-09
14216 4.211269e-09
14217 4.210703e-09
14218 4.210138e-09
14219 4.209573e-09
14220 4.209007e-09
14221 4.208441e-09
14222 4.207876e-09
14223 4.207311e-09
14224 4.206746e-09
14225 4.206181e-09
14226 4.205616e-09
14227 4.205051e-09
14228 4.204486e-09
14229 4.203921e-09
14230 4.203356e-09
14231 4.202791e-09
14232 4.202226e-09
14233 4.201661e-09
14234 4.201096e-09
14235 4.200532e-09
14236 4.199967e-09
14237 4.199402e-09
14238 4.198838e-09
14239 4.198273e-09
14240 4.197709e-09
14241 4.197145e-09
14242 4.196580e-09
14243 4.196016e-09
14244 4.195451e-09
14245 4.194886e-09
14246 4.194322e-09
14247 4.193758e-09
14248 4.193194e-09
14249 4.192630e-09
14250 4.192066e-09
14251 4.191502e-09
14252 4.190938e-09
14253 4.190374e-09
14254 4.189810e-09
14255 4.189246e-09
14256 4.188682e-09
14257 4.188117e-09
14258 4.187554e-09
14259 4.186990e-09
14260 4.186426e-09
14261 4.185863e-09
14262 4.185299e-09
14263 4.184736e-09
14264 4.184172e-09
14265 4.183609e-09
14266 4.183045e-09
14267 4.182482e-09
14268 4.181918e-09
14269 4.181354e-09
14270 4.180791e-09
14271 4.180228e-09
14272 4.179664e-09
14273 4.179101e-09
14274 4.178538e-09
14275 4.177975e-09
14276 4.177412e-09
14277 4.176849e-09
14278 4.176286e-09
14279 4.175723e-09
14280 4.175160e-09
14281 4.174598e-09
14282 4.174034e-09
14283 4.173471e-09
14284 4.172908e-09
14285 4.172346e-09
14286 4.171783e-09
14287 4.171220e-09
14288 4.170658e-09
14289 4.170095e-09
14290 4.169533e-09
14291 4.168970e-09
14292 4.168408e-09
14293 4.167846e-09
14294 4.167282e-09
14295 4.166720e-09
14296 4.166158e-09
14297 4.165596e-09
14298 4.165033e-09
14299 4.164471e-09
14300 4.163909e-09
14301 4.163347e-09
14302 4.162785e-09
14303 4.162223e-09
14304 4.161661e-09
14305 4.161099e-09
14306 4.160537e-09
14307 4.159975e-09
14308 4.159413e-09
14309 4.158851e-09
14310 4.158290e-09
14311 4.157728e-09
14312 4.157166e-09
14313 4.156605e-09
14314 4.156043e-09
14315 4.155482e-09
14316 4.154920e-09
14317 4.154359e-09
14318 4.153797e-09
14319 4.153235e-09
14320 4.152674e-09
14321 4.152113e-09
14322 4.151551e-09
14323 4.150990e-09
14324 4.150429e-09
14325 4.149868e-09
14326 4.149307e-09
14327 4.148746e-09
14328 4.148185e-09
14329 4.147624e-09
14330 4.147063e-09
14331 4.146501e-09
14332 4.145940e-09
14333 4.145380e-09
14334 4.144819e-09
14335 4.144258e-09
14336 4.143697e-09
14337 4.143137e-09
14338 4.142576e-09
14339 4.142016e-09
14340 4.141455e-09
14341 4.140895e-09
14342 4.140334e-09
14343 4.139774e-09
14344 4.139212e-09
14345 4.138652e-09
14346 4.138092e-09
14347 4.137532e-09
14348 4.136971e-09
14349 4.136411e-09
14350 4.135851e-09
14351 4.135291e-09
14352 4.134731e-09
14353 4.134171e-09
14354 4.133611e-09
14355 4.133051e-09
14356 4.132490e-09
14357 4.131930e-09
14358 4.131371e-09
14359 4.130811e-09
14360 4.130251e-09
14361 4.129691e-09
14362 4.129132e-09
14363 4.128572e-09
14364 4.128012e-09
14365 4.127453e-09
14366 4.126893e-09
14367 4.126334e-09
14368 4.125774e-09
14369 4.125214e-09
14370 4.124655e-09
14371 4.124096e-09
14372 4.123536e-09
14373 4.122977e-09
14374 4.122418e-09
14375 4.121859e-09
14376 4.121300e-09
14377 4.120740e-09
14378 4.120181e-09
14379 4.119622e-09
14380 4.119063e-09
14381 4.118504e-09
14382 4.117945e-09
14383 4.117386e-09
14384 4.116827e-09
14385 4.116268e-09
14386 4.115710e-09
14387 4.115151e-09
14388 4.114592e-09
14389 4.114034e-09
14390 4.113475e-09
14391 4.112917e-09
14392 4.112358e-09
14393 4.111799e-09
14394 4.111240e-09
14395 4.110682e-09
14396 4.110124e-09
14397 4.109565e-09
14398 4.109007e-09
14399 4.108449e-09
14400 4.107891e-09
14401 4.107332e-09
14402 4.106774e-09
14403 4.106216e-09
14404 4.105658e-09
14405 4.105100e-09
14406 4.104541e-09
14407 4.103983e-09
14408 4.103426e-09
14409 4.102868e-09
14410 4.102310e-09
14411 4.101752e-09
14412 4.101194e-09
14413 4.100637e-09
14414 4.100079e-09
14415 4.099521e-09
14416 4.098964e-09
14417 4.098406e-09
14418 4.097848e-09
14419 4.097291e-09
14420 4.096733e-09
14421 4.096176e-09
14422 4.095618e-09
14423 4.095061e-09
14424 4.094504e-09
14425 4.093947e-09
14426 4.093389e-09
14427 4.092832e-09
14428 4.092275e-09
14429 4.091718e-09
14430 4.091161e-09
14431 4.090603e-09
14432 4.090046e-09
14433 4.089489e-09
14434 4.088933e-09
14435 4.088376e-09
14436 4.087819e-09
14437 4.087262e-09
14438 4.086705e-09
14439 4.086149e-09
14440 4.085592e-09
14441 4.085036e-09
14442 4.084479e-09
14443 4.083922e-09
14444 4.083365e-09
14445 4.082809e-09
14446 4.082252e-09
14447 4.081696e-09
14448 4.081139e-09
14449 4.080583e-09
14450 4.080027e-09
14451 4.079471e-09
14452 4.078915e-09
14453 4.078358e-09
14454 4.077802e-09
14455 4.077245e-09
14456 4.076689e-09
14457 4.076133e-09
14458 4.075577e-09
14459 4.075021e-09
14460 4.074466e-09
14461 4.073910e-09
14462 4.073354e-09
14463 4.072798e-09
14464 4.072242e-09
14465 4.071687e-09
14466 4.071131e-09
14467 4.070576e-09
14468 4.070019e-09
14469 4.069464e-09
14470 4.068908e-09
14471 4.068353e-09
14472 4.067797e-09
14473 4.067242e-09
14474 4.066687e-09
14475 4.066131e-09
14476 4.065576e-09
14477 4.065021e-09
14478 4.064466e-09
14479 4.063910e-09
14480 4.063354e-09
14481 4.062799e-09
14482 4.062244e-09
14483 4.061689e-09
14484 4.061134e-09
14485 4.060580e-09
14486 4.060025e-09
14487 4.059470e-09
14488 4.058915e-09
14489 4.058360e-09
14490 4.057806e-09
14491 4.057251e-09
14492 4.056696e-09
14493 4.056141e-09
14494 4.055586e-09
14495 4.055032e-09
14496 4.054477e-09
14497 4.053923e-09
14498 4.053368e-09
14499 4.052814e-09
14500 4.052260e-09
14501 4.051705e-09
14502 4.051151e-09
14503 4.050597e-09
14504 4.050043e-09
14505 4.049488e-09
14506 4.048933e-09
14507 4.048379e-09
14508 4.047872e-09
14509 4.047363e-09
14510 4.046856e-09
14511 4.046348e-09
14512 4.045841e-09
14513 4.045333e-09
14514 4.044825e-09
14515 4.044318e-09
14516 4.043810e-09
14517 4.043303e-09
14518 4.042795e-09
14519 4.042288e-09
14520 4.041780e-09
14521 4.041273e-09
14522 4.040766e-09
14523 4.040258e-09
14524 4.039751e-09
14525 4.039244e-09
14526 4.038737e-09
14527 4.038229e-09
14528 4.037722e-09
14529 4.037215e-09
14530 4.036708e-09
14531 4.036201e-09
14532 4.035694e-09
14533 4.035188e-09
14534 4.034680e-09
14535 4.034173e-09
14536 4.033667e-09
14537 4.033159e-09
14538 4.032653e-09
14539 4.032146e-09
14540 4.031640e-09
14541 4.031133e-09
14542 4.030626e-09
14543 4.030120e-09
14544 4.029613e-09
14545 4.029106e-09
14546 4.028600e-09
14547 4.028094e-09
14548 4.027587e-09
14549 4.027081e-09
14550 4.026575e-09
14551 4.026068e-09
14552 4.025562e-09
14553 4.025056e-09
14554 4.024550e-09
14555 4.024043e-09
14556 4.023537e-09
14557 4.023031e-09
14558 4.022524e-09
14559 4.022018e-09
14560 4.021513e-09
14561 4.021007e-09
14562 4.020500e-09
14563 4.019995e-09
14564 4.019489e-09
14565 4.018983e-09
14566 4.018477e-09
14567 4.017972e-09
14568 4.017466e-09
14569 4.016960e-09
14570 4.016454e-09
14571 4.015949e-09
14572 4.015443e-09
14573 4.014937e-09
14574 4.014432e-09
14575 4.013927e-09
14576 4.013421e-09
14577 4.012916e-09
14578 4.012411e-09
14579 4.011905e-09
14580 4.011399e-09
14581 4.010894e-09
14582 4.010389e-09
14583 4.009884e-09
14584 4.009379e-09
14585 4.008874e-09
14586 4.008368e-09
14587 4.007863e-09
14588 4.007358e-09
14589 4.006854e-09
14590 4.006348e-09
14591 4.005843e-09
14592 4.005339e-09
14593 4.004833e-09
14594 4.004329e-09
14595 4.003824e-09
14596 4.003320e-09
14597 4.002814e-09
14598 4.002310e-09
14599 4.001805e-09
14600 4.001300e-09
14601 4.000796e-09
14602 4.000291e-09
14603 3.999787e-09
14604 3.999282e-09
14605 3.998778e-09
14606 3.998274e-09
14607 3.997769e-09
14608 3.997265e-09
14609 3.996761e-09
14610 3.996256e-09
14611 3.995752e-09
14612 3.995248e-09
14613 3.994744e-09
14614 3.994239e-09
14615 3.993735e-09
14616 3.993231e-09
14617 3.992727e-09
14618 3.992223e-09
14619 3.991719e-09
14620 3.991215e-09
14621 3.990711e-09
14622 3.990207e-09
14623 3.989704e-09
14624 3.989200e-09
14625 3.988696e-09
14626 3.988192e-09
14627 3.987689e-09
14628 3.987185e-09
14629 3.986681e-09
14630 3.986178e-09
14631 3.985675e-09
14632 3.985170e-09
14633 3.984667e-09
14634 3.984164e-09
14635 3.983660e-09
14636 3.983157e-09
14637 3.982654e-09
14638 3.982151e-09
14639 3.981647e-09
14640 3.981144e-09
14641 3.980641e-09
14642 3.980137e-09
14643 3.979634e-09
14644 3.979131e-09
14645 3.978628e-09
14646 3.978125e-09
14647 3.977622e-09
14648 3.977119e-09
14649 3.976616e-09
14650 3.976113e-09
14651 3.975610e-09
14652 3.975108e-09
14653 3.974604e-09
14654 3.974102e-09
14655 3.973599e-09
14656 3.973096e-09
14657 3.972594e-09
14658 3.972091e-09
14659 3.971589e-09
14660 3.971086e-09
14661 3.970583e-09
14662 3.970081e-09
14663 3.969578e-09
14664 3.969076e-09
14665 3.968574e-09
14666 3.968072e-09
14667 3.967569e-09
14668 3.967067e-09
14669 3.966565e-09
14670 3.966062e-09
14671 3.965560e-09
14672 3.965058e-09
14673 3.964556e-09
14674 3.964053e-09
14675 3.963552e-09
14676 3.963050e-09
14677 3.962547e-09
14678 3.962046e-09
14679 3.961544e-09
14680 3.961042e-09
14681 3.960540e-09
14682 3.960038e-09
14683 3.959537e-09
14684 3.959034e-09
14685 3.958533e-09
14686 3.958031e-09
14687 3.957530e-09
14688 3.957028e-09
14689 3.956526e-09
14690 3.956025e-09
14691 3.955523e-09
14692 3.955022e-09
14693 3.954521e-09
14694 3.954020e-09
14695 3.953518e-09
14696 3.953016e-09
14697 3.952515e-09
14698 3.952014e-09
14699 3.951513e-09
14700 3.951012e-09
14701 3.950511e-09
14702 3.950009e-09
14703 3.949508e-09
14704 3.949007e-09
14705 3.948506e-09
14706 3.948005e-09
14707 3.947504e-09
14708 3.947004e-09
14709 3.946502e-09
14710 3.946001e-09
14711 3.945501e-09
14712 3.944999e-09
14713 3.944499e-09
14714 3.943998e-09
14715 3.943498e-09
14716 3.942997e-09
14717 3.942496e-09
14718 3.941996e-09
14719 3.941495e-09
14720 3.940995e-09
14721 3.940494e-09
14722 3.939994e-09
14723 3.939493e-09
14724 3.938993e-09
14725 3.938493e-09
14726 3.937992e-09
14727 3.937492e-09
14728 3.936992e-09
14729 3.936492e-09
14730 3.935991e-09
14731 3.935491e-09
14732 3.934991e-09
14733 3.934491e-09
14734 3.933991e-09
14735 3.933491e-09
14736 3.932992e-09
14737 3.932491e-09
14738 3.931991e-09
14739 3.931492e-09
14740 3.930991e-09
14741 3.930492e-09
14742 3.929992e-09
14743 3.929493e-09
14744 3.928992e-09
14745 3.928493e-09
14746 3.927994e-09
14747 3.927493e-09
14748 3.926994e-09
14749 3.926495e-09
14750 3.925995e-09
14751 3.925495e-09
14752 3.924996e-09
14753 3.924497e-09
14754 3.923997e-09
14755 3.923498e-09
14756 3.922999e-09
14757 3.922500e-09
14758 3.922000e-09
14759 3.921501e-09
14760 3.921002e-09
14761 3.920503e-09
14762 3.920004e-09
14763 3.919505e-09
14764 3.919006e-09
14765 3.918506e-09
14766 3.918008e-09
14767 3.917509e-09
14768 3.917010e-09
14769 3.916511e-09
14770 3.916012e-09
14771 3.915514e-09
14772 3.915015e-09
14773 3.914516e-09
14774 3.914018e-09
14775 3.913518e-09
14776 3.913020e-09
14777 3.912522e-09
14778 3.912023e-09
14779 3.911524e-09
14780 3.911026e-09
14781 3.910528e-09
14782 3.910029e-09
14783 3.909531e-09
14784 3.909033e-09
14785 3.908534e-09
14786 3.908036e-09
14787 3.907538e-09
14788 3.907040e-09
14789 3.906541e-09
14790 3.906043e-09
14791 3.905545e-09
14792 3.905047e-09
14793 3.904549e-09
14794 3.904051e-09
14795 3.903553e-09
14796 3.903055e-09
14797 3.902557e-09
14798 3.902059e-09
14799 3.901562e-09
14800 3.901063e-09
14801 3.900566e-09
14802 3.900068e-09
14803 3.899571e-09
14804 3.899072e-09
14805 3.898575e-09
14806 3.898078e-09
14807 3.897579e-09
14808 3.897082e-09
14809 3.896585e-09
14810 3.896088e-09
14811 3.895590e-09
14812 3.895092e-09
14813 3.894595e-09
14814 3.894097e-09
14815 3.893600e-09
14816 3.893103e-09
14817 3.892606e-09
14818 3.892109e-09
14819 3.891612e-09
14820 3.891115e-09
14821 3.890617e-09
14822 3.890120e-09
14823 3.889623e-09
14824 3.889127e-09
14825 3.888629e-09
14826 3.888132e-09
14827 3.887636e-09
14828 3.887138e-09
14829 3.886642e-09
14830 3.886145e-09
14831 3.885649e-09
14832 3.885151e-09
14833 3.884655e-09
14834 3.884158e-09
14835 3.883661e-09
14836 3.883165e-09
14837 3.882668e-09
14838 3.882172e-09
14839 3.881675e-09
14840 3.881179e-09
14841 3.880683e-09
14842 3.880186e-09
14843 3.879689e-09
14844 3.879193e-09
14845 3.878697e-09
14846 3.878200e-09
14847 3.877704e-09
14848 3.877208e-09
14849 3.876712e-09
14850 3.876216e-09
14851 3.875720e-09
14852 3.875224e-09
14853 3.874728e-09
14854 3.874232e-09
14855 3.873736e-09
14856 3.873239e-09
14857 3.872744e-09
14858 3.872248e-09
14859 3.871753e-09
14860 3.871256e-09
14861 3.870761e-09
14862 3.870265e-09
14863 3.869769e-09
14864 3.869273e-09
14865 3.868778e-09
14866 3.868283e-09
14867 3.867787e-09
14868 3.867291e-09
14869 3.866796e-09
14870 3.866300e-09
14871 3.865805e-09
14872 3.865310e-09
14873 3.864815e-09
14874 3.864319e-09
14875 3.863824e-09
14876 3.863328e-09
14877 3.862833e-09
14878 3.862338e-09
14879 3.861843e-09
14880 3.861348e-09
14881 3.860852e-09
14882 3.860357e-09
14883 3.859863e-09
14884 3.859367e-09
14885 3.858872e-09
14886 3.858378e-09
14887 3.857883e-09
14888 3.857387e-09
14889 3.856893e-09
14890 3.856398e-09
14891 3.855903e-09
14892 3.855408e-09
14893 3.854914e-09
14894 3.854420e-09
14895 3.853924e-09
14896 3.853430e-09
14897 3.852936e-09
14898 3.852440e-09
14899 3.851946e-09
14900 3.851452e-09
14901 3.850958e-09
14902 3.850463e-09
14903 3.849969e-09
14904 3.849475e-09
14905 3.848980e-09
14906 3.848486e-09
14907 3.847992e-09
14908 3.847498e-09
14909 3.847003e-09
14910 3.846509e-09
14911 3.846015e-09
14912 3.845521e-09
14913 3.845027e-09
14914 3.844533e-09
14915 3.844039e-09
14916 3.843545e-09
14917 3.843051e-09
14918 3.842557e-09
14919 3.842063e-09
14920 3.841569e-09
14921 3.841076e-09
14922 3.840582e-09
14923 3.840088e-09
14924 3.839595e-09
14925 3.839101e-09
14926 3.838607e-09
14927 3.838114e-09
14928 3.837620e-09
14929 3.837127e-09
14930 3.836633e-09
14931 3.836140e-09
14932 3.835647e-09
14933 3.835153e-09
14934 3.834660e-09
14935 3.834167e-09
14936 3.833674e-09
14937 3.833180e-09
14938 3.832687e-09
14939 3.832194e-09
14940 3.831700e-09
14941 3.831207e-09
14942 3.830714e-09
14943 3.830222e-09
14944 3.829728e-09
14945 3.829235e-09
14946 3.828742e-09
14947 3.828249e-09
14948 3.827756e-09
14949 3.827264e-09
14950 3.826771e-09
14951 3.826278e-09
14952 3.825785e-09
14953 3.825293e-09
14954 3.824799e-09
14955 3.824307e-09
14956 3.823815e-09
14957 3.823322e-09
14958 3.822829e-09
14959 3.822337e-09
14960 3.821845e-09
14961 3.821352e-09
14962 3.820859e-09
14963 3.820367e-09
14964 3.819875e-09
14965 3.819382e-09
14966 3.818890e-09
14967 3.818398e-09
14968 3.817905e-09
14969 3.817413e-09
14970 3.816922e-09
14971 3.816430e-09
14972 3.815937e-09
14973 3.815445e-09
14974 3.814953e-09
14975 3.814461e-09
14976 3.813969e-09
14977 3.813477e-09
14978 3.812986e-09
14979 3.812493e-09
14980 3.812002e-09
14981 3.811510e-09
14982 3.811018e-09
14983 3.810526e-09
14984 3.810035e-09
14985 3.809543e-09
14986 3.809051e-09
14987 3.808560e-09
14988 3.808069e-09
14989 3.807576e-09
14990 3.807085e-09
14991 3.806594e-09
14992 3.806103e-09
14993 3.805611e-09
14994 3.805120e-09
14995 3.804629e-09
14996 3.804137e-09
14997 3.803646e-09
14998 3.803155e-09
14999 3.802664e-09
15000 3.802172e-09
15001 3.801681e-09
15002 3.801190e-09
15003 3.800698e-09
15004 3.800208e-09
15005 3.799717e-09
15006 3.799226e-09
15007 3.798735e-09
15008 3.798244e-09
15009 3.797753e-09
15010 3.797262e-09
15011 3.796771e-09
15012 3.796281e-09
15013 3.795790e-09
15014 3.795299e-09
15015 3.794808e-09
15016 3.794318e-09
15017 3.793827e-09
15018 3.793337e-09
15019 3.792846e-09
15020 3.792356e-09
15021 3.791865e-09
15022 3.791375e-09
15023 3.790884e-09
15024 3.790393e-09
15025 3.789903e-09
15026 3.789413e-09
15027 3.788923e-09
15028 3.788432e-09
15029 3.787942e-09
15030 3.787452e-09
15031 3.786962e-09
15032 3.786472e-09
15033 3.785982e-09
15034 3.785492e-09
15035 3.785002e-09
15036 3.784512e-09
15037 3.784022e-09
15038 3.783532e-09
15039 3.783042e-09
15040 3.782552e-09
15041 3.782063e-09
15042 3.781572e-09
15043 3.781083e-09
15044 3.780593e-09
15045 3.780103e-09
15046 3.779613e-09
15047 3.779124e-09
15048 3.778635e-09
15049 3.778145e-09
15050 3.777655e-09
15051 3.777166e-09
15052 3.776676e-09
15053 3.776187e-09
15054 3.775698e-09
15055 3.775208e-09
15056 3.774718e-09
15057 3.774229e-09
15058 3.773740e-09
15059 3.773251e-09
15060 3.772762e-09
15061 3.772273e-09
15062 3.771784e-09
15063 3.771294e-09
15064 3.770805e-09
15065 3.770316e-09
15066 3.769827e-09
15067 3.769338e-09
15068 3.768849e-09
15069 3.768361e-09
15070 3.767871e-09
15071 3.767382e-09
15072 3.766894e-09
15073 3.766405e-09
15074 3.765916e-09
15075 3.765428e-09
15076 3.764939e-09
15077 3.764450e-09
15078 3.763961e-09
15079 3.763473e-09
15080 3.762984e-09
15081 3.762496e-09
15082 3.762007e-09
15083 3.761519e-09
15084 3.761030e-09
15085 3.760542e-09
15086 3.760054e-09
15087 3.759565e-09
15088 3.759077e-09
15089 3.758589e-09
15090 3.758101e-09
15091 3.757612e-09
15092 3.757124e-09
15093 3.756636e-09
15094 3.756147e-09
15095 3.755660e-09
15096 3.755172e-09
15097 3.754684e-09
15098 3.754195e-09
15099 3.753708e-09
15100 3.753220e-09
15101 3.752732e-09
15102 3.752244e-09
15103 3.751756e-09
15104 3.751269e-09
15105 3.750780e-09
15106 3.750293e-09
15107 3.749805e-09
15108 3.749317e-09
15109 3.748830e-09
15110 3.748343e-09
15111 3.747855e-09
15112 3.747367e-09
15113 3.746880e-09
15114 3.746393e-09
15115 3.745905e-09
15116 3.745417e-09
15117 3.744930e-09
15118 3.744443e-09
15119 3.743955e-09
15120 3.743468e-09
15121 3.742981e-09
15122 3.742493e-09
15123 3.742006e-09
15124 3.741520e-09
15125 3.741033e-09
15126 3.740545e-09
15127 3.740058e-09
15128 3.739571e-09
15129 3.739084e-09
15130 3.738597e-09
15131 3.738110e-09
15132 3.737624e-09
15133 3.737136e-09
15134 3.736650e-09
15135 3.736163e-09
15136 3.735676e-09
15137 3.735189e-09
15138 3.734703e-09
15139 3.734217e-09
15140 3.733729e-09
15141 3.733243e-09
15142 3.732757e-09
15143 3.732270e-09
15144 3.731783e-09
15145 3.731297e-09
15146 3.730811e-09
15147 3.730324e-09
15148 3.729838e-09
15149 3.729352e-09
15150 3.728865e-09
15151 3.728379e-09
15152 3.727893e-09
15153 3.727407e-09
15154 3.726920e-09
15155 3.726434e-09
15156 3.725948e-09
15157 3.725461e-09
15158 3.724976e-09
15159 3.724490e-09
15160 3.724004e-09
15161 3.723518e-09
15162 3.723032e-09
15163 3.722546e-09
15164 3.722060e-09
15165 3.721574e-09
15166 3.721089e-09
15167 3.720603e-09
15168 3.720117e-09
15169 3.719631e-09
15170 3.719146e-09
15171 3.718660e-09
15172 3.718174e-09
15173 3.717689e-09
15174 3.717204e-09
15175 3.716718e-09
15176 3.716232e-09
15177 3.715747e-09
15178 3.715261e-09
15179 3.714776e-09
15180 3.714291e-09
15181 3.713806e-09
15182 3.713320e-09
15183 3.712835e-09
15184 3.712350e-09
15185 3.711864e-09
15186 3.711379e-09
15187 3.710894e-09
15188 3.710410e-09
15189 3.709924e-09
15190 3.709439e-09
15191 3.708954e-09
15192 3.708469e-09
15193 3.707984e-09
15194 3.707499e-09
15195 3.707015e-09
15196 3.706529e-09
15197 3.706045e-09
15198 3.705560e-09
15199 3.705075e-09
15200 3.704590e-09
15201 3.704106e-09
15202 3.703622e-09
15203 3.703136e-09
15204 3.702652e-09
15205 3.702168e-09
15206 3.701683e-09
15207 3.701198e-09
15208 3.700714e-09
15209 3.700230e-09
15210 3.699745e-09
15211 3.699261e-09
15212 3.698777e-09
15213 3.698292e-09
15214 3.697808e-09
15215 3.697324e-09
15216 3.696840e-09
15217 3.696355e-09
15218 3.695871e-09
15219 3.695387e-09
15220 3.694903e-09
15221 3.694419e-09
15222 3.693935e-09
15223 3.693451e-09
15224 3.692967e-09
15225 3.692483e-09
15226 3.692000e-09
15227 3.691515e-09
15228 3.691032e-09
15229 3.690548e-09
15230 3.690065e-09
15231 3.689580e-09
15232 3.689097e-09
15233 3.688613e-09
15234 3.688129e-09
15235 3.687646e-09
15236 3.687162e-09
15237 3.686679e-09
15238 3.686195e-09
15239 3.685712e-09
15240 3.685229e-09
15241 3.684745e-09
15242 3.684262e-09
15243 3.683778e-09
15244 3.683295e-09
15245 3.682812e-09
15246 3.682329e-09
15247 3.681846e-09
15248 3.681363e-09
15249 3.680879e-09
15250 3.680396e-09
15251 3.679913e-09
15252 3.679429e-09
15253 3.678947e-09
15254 3.678464e-09
15255 3.677981e-09
15256 3.677498e-09
15257 3.677015e-09
15258 3.676532e-09
15259 3.676049e-09
15260 3.675566e-09
15261 3.675084e-09
15262 3.674601e-09
15263 3.674118e-09
15264 3.673636e-09
15265 3.673153e-09
15266 3.672670e-09
15267 3.672188e-09
15268 3.671705e-09
15269 3.671223e-09
15270 3.670740e-09
15271 3.670258e-09
15272 3.669776e-09
15273 3.669293e-09
15274 3.668811e-09
15275 3.668328e-09
15276 3.667846e-09
15277 3.667364e-09
15278 3.666882e-09
15279 3.666400e-09
15280 3.665917e-09
15281 3.665435e-09
15282 3.664953e-09
15283 3.664471e-09
15284 3.663989e-09
15285 3.663507e-09
15286 3.663025e-09
15287 3.662543e-09
15288 3.662061e-09
15289 3.661579e-09
15290 3.661098e-09
15291 3.660615e-09
15292 3.660134e-09
15293 3.659652e-09
15294 3.659170e-09
15295 3.658688e-09
15296 3.658207e-09
15297 3.657725e-09
15298 3.657243e-09
15299 3.656762e-09
15300 3.656281e-09
15301 3.655799e-09
15302 3.655317e-09
15303 3.654836e-09
15304 3.654355e-09
15305 3.653915e-09
15306 3.653475e-09
15307 3.653035e-09
15308 3.652594e-09
15309 3.652154e-09
15310 3.651714e-09
15311 3.651274e-09
15312 3.650835e-09
15313 3.650395e-09
15314 3.649954e-09
15315 3.649514e-09
15316 3.649075e-09
15317 3.648635e-09
15318 3.648195e-09
15319 3.647756e-09
15320 3.647315e-09
15321 3.646876e-09
15322 3.646436e-09
15323 3.645997e-09
15324 3.645557e-09
15325 3.645118e-09
15326 3.644677e-09
15327 3.644238e-09
15328 3.643799e-09
15329 3.643359e-09
15330 3.642920e-09
15331 3.642481e-09
15332 3.642041e-09
15333 3.641601e-09
15334 3.641162e-09
15335 3.640723e-09
15336 3.640284e-09
15337 3.639845e-09
15338 3.639405e-09
15339 3.638966e-09
15340 3.638527e-09
15341 3.638088e-09
15342 3.637649e-09
15343 3.637210e-09
15344 3.636770e-09
15345 3.636331e-09
15346 3.635892e-09
15347 3.635453e-09
15348 3.635015e-09
15349 3.634576e-09
15350 3.634136e-09
15351 3.633698e-09
15352 3.633259e-09
15353 3.632820e-09
15354 3.632382e-09
15355 3.631943e-09
15356 3.631504e-09
15357 3.631065e-09
15358 3.630626e-09
15359 3.630188e-09
15360 3.629749e-09
15361 3.629311e-09
15362 3.628872e-09
15363 3.628433e-09
15364 3.627995e-09
15365 3.627557e-09
15366 3.627118e-09
15367 3.626680e-09
15368 3.626241e-09
15369 3.625803e-09
15370 3.625365e-09
15371 3.624927e-09
15372 3.624488e-09
15373 3.624050e-09
15374 3.623612e-09
15375 3.623173e-09
15376 3.622735e-09
15377 3.622297e-09
15378 3.621860e-09
15379 3.621422e-09
15380 3.620983e-09
15381 3.620545e-09
15382 3.620107e-09
15383 3.619669e-09
15384 3.619232e-09
15385 3.618794e-09
15386 3.618355e-09
15387 3.617918e-09
15388 3.617480e-09
15389 3.617042e-09
15390 3.616605e-09
15391 3.616167e-09
15392 3.615729e-09
15393 3.615291e-09
15394 3.614854e-09
15395 3.614416e-09
15396 3.613979e-09
15397 3.613541e-09
15398 3.613103e-09
15399 3.612666e-09
15400 3.612229e-09
15401 3.611791e-09
15402 3.611354e-09
15403 3.610917e-09
15404 3.610479e-09
15405 3.610042e-09
15406 3.609604e-09
15407 3.609167e-09
15408 3.608730e-09
15409 3.608293e-09
15410 3.607855e-09
15411 3.607418e-09
15412 3.606981e-09
15413 3.606544e-09
15414 3.606107e-09
15415 3.605670e-09
15416 3.605233e-09
15417 3.604796e-09
15418 3.604359e-09
15419 3.603922e-09
15420 3.603486e-09
15421 3.603049e-09
15422 3.602611e-09
15423 3.602175e-09
15424 3.601738e-09
15425 3.601301e-09
15426 3.600865e-09
15427 3.600428e-09
15428 3.599991e-09
15429 3.599554e-09
15430 3.599118e-09
15431 3.598681e-09
15432 3.598245e-09
15433 3.597808e-09
15434 3.597371e-09
15435 3.596935e-09
15436 3.596499e-09
15437 3.596063e-09
15438 3.595626e-09
15439 3.595189e-09
15440 3.594753e-09
15441 3.594317e-09
15442 3.593881e-09
15443 3.593445e-09
15444 3.593009e-09
15445 3.592572e-09
15446 3.592136e-09
15447 3.591700e-09
15448 3.591264e-09
15449 3.590828e-09
15450 3.590392e-09
15451 3.589955e-09
15452 3.589519e-09
15453 3.589084e-09
15454 3.588648e-09
15455 3.588212e-09
15456 3.587776e-09
15457 3.587340e-09
15458 3.586904e-09
15459 3.586468e-09
15460 3.586033e-09
15461 3.585597e-09
15462 3.585162e-09
15463 3.584725e-09
15464 3.584290e-09
15465 3.583854e-09
15466 3.583419e-09
15467 3.582983e-09
15468 3.582548e-09
15469 3.582112e-09
15470 3.581676e-09
15471 3.581241e-09
15472 3.580806e-09
15473 3.580370e-09
15474 3.579935e-09
15475 3.579499e-09
15476 3.579064e-09
15477 3.578629e-09
15478 3.578194e-09
15479 3.577759e-09
15480 3.577324e-09
15481 3.576888e-09
15482 3.576453e-09
15483 3.576018e-09
15484 3.575583e-09
15485 3.575148e-09
15486 3.574713e-09
15487 3.574277e-09
15488 3.573842e-09
15489 3.573408e-09
15490 3.572973e-09
15491 3.572538e-09
15492 3.572103e-09
15493 3.571668e-09
15494 3.571233e-09
15495 3.570799e-09
15496 3.570364e-09
15497 3.569929e-09
15498 3.569495e-09
15499 3.569059e-09
15500 3.568625e-09
15501 3.568190e-09
15502 3.567756e-09
15503 3.567322e-09
15504 3.566887e-09
15505 3.566452e-09
15506 3.566018e-09
15507 3.565583e-09
15508 3.565149e-09
15509 3.564715e-09
15510 3.564281e-09
15511 3.563846e-09
15512 3.563411e-09
15513 3.562977e-09
15514 3.562543e-09
15515 3.562109e-09
15516 3.561675e-09
15517 3.561240e-09
15518 3.560806e-09
15519 3.560372e-09
15520 3.559938e-09
15521 3.559504e-09
15522 3.559071e-09
15523 3.558636e-09
15524 3.558202e-09
15525 3.557768e-09
15526 3.557334e-09
15527 3.556901e-09
15528 3.556467e-09
15529 3.556032e-09
15530 3.555599e-09
15531 3.555165e-09
15532 3.554732e-09
15533 3.554298e-09
15534 3.553864e-09
15535 3.553430e-09
15536 3.552997e-09
15537 3.552563e-09
15538 3.552130e-09
15539 3.551696e-09
15540 3.551263e-09
15541 3.550829e-09
15542 3.550395e-09
15543 3.549962e-09
15544 3.549529e-09
15545 3.549096e-09
15546 3.548662e-09
15547 3.548228e-09
15548 3.547795e-09
15549 3.547362e-09
15550 3.546929e-09
15551 3.546496e-09
15552 3.546063e-09
15553 3.545629e-09
15554 3.545196e-09
15555 3.544763e-09
15556 3.544330e-09
15557 3.543897e-09
15558 3.543464e-09
15559 3.543031e-09
15560 3.542598e-09
15561 3.542165e-09
15562 3.541732e-09
15563 3.541299e-09
15564 3.540867e-09
15565 3.540433e-09
15566 3.540001e-09
15567 3.539568e-09
15568 3.539135e-09
15569 3.538703e-09
15570 3.538270e-09
15571 3.537837e-09
15572 3.537404e-09
15573 3.536972e-09
15574 3.536540e-09
15575 3.536107e-09
15576 3.535675e-09
15577 3.535242e-09
15578 3.534809e-09
15579 3.534377e-09
15580 3.533945e-09
15581 3.533512e-09
15582 3.533080e-09
15583 3.532647e-09
15584 3.532215e-09
15585 3.531783e-09
15586 3.531351e-09
15587 3.530919e-09
15588 3.530487e-09
15589 3.530054e-09
15590 3.529622e-09
15591 3.529190e-09
15592 3.528758e-09
15593 3.528326e-09
15594 3.527894e-09
15595 3.527461e-09
15596 3.527030e-09
15597 3.526598e-09
15598 3.526166e-09
15599 3.525734e-09
15600 3.525303e-09
15601 3.524870e-09
15602 3.524438e-09
15603 3.524007e-09
15604 3.523575e-09
15605 3.523144e-09
15606 3.522712e-09
15607 3.522280e-09
15608 3.521848e-09
15609 3.521417e-09
15610 3.520985e-09
15611 3.520554e-09
15612 3.520123e-09
15613 3.519690e-09
15614 3.519259e-09
15615 3.518828e-09
15616 3.518396e-09
15617 3.517965e-09
15618 3.517534e-09
15619 3.517102e-09
15620 3.516671e-09
15621 3.516240e-09
15622 3.515809e-09
15623 3.515377e-09
15624 3.514946e-09
15625 3.514515e-09
15626 3.514084e-09
15627 3.513653e-09
15628 3.513222e-09
15629 3.512791e-09
15630 3.512359e-09
15631 3.511928e-09
15632 3.511497e-09
15633 3.511067e-09
15634 3.510636e-09
15635 3.510205e-09
15636 3.509774e-09
15637 3.509343e-09
15638 3.508912e-09
15639 3.508482e-09
15640 3.508051e-09
15641 3.507620e-09
15642 3.507189e-09
15643 3.506758e-09
15644 3.506328e-09
15645 3.505897e-09
15646 3.505467e-09
15647 3.505037e-09
15648 3.504605e-09
15649 3.504175e-09
15650 3.503745e-09
15651 3.503314e-09
15652 3.502884e-09
15653 3.502454e-09
15654 3.502023e-09
15655 3.501593e-09
15656 3.501162e-09
15657 3.500732e-09
15658 3.500302e-09
15659 3.499872e-09
15660 3.499441e-09
15661 3.499011e-09
15662 3.498581e-09
15663 3.498151e-09
15664 3.497721e-09
15665 3.497291e-09
15666 3.496861e-09
15667 3.496431e-09
15668 3.496001e-09
15669 3.495571e-09
15670 3.495141e-09
15671 3.494711e-09
15672 3.494281e-09
15673 3.493851e-09
15674 3.493422e-09
15675 3.492992e-09
15676 3.492562e-09
15677 3.492133e-09
15678 3.491702e-09
15679 3.491273e-09
15680 3.490843e-09
15681 3.490414e-09
15682 3.489984e-09
15683 3.489555e-09
15684 3.489125e-09
15685 3.488695e-09
15686 3.488266e-09
15687 3.487837e-09
15688 3.487407e-09
15689 3.486978e-09
15690 3.486548e-09
15691 3.486119e-09
15692 3.485690e-09
15693 3.485260e-09
15694 3.484831e-09
15695 3.484402e-09
15696 3.483972e-09
15697 3.483543e-09
15698 3.483114e-09
15699 3.482685e-09
15700 3.482256e-09
15701 3.481827e-09
15702 3.481398e-09
15703 3.480969e-09
15704 3.480540e-09
15705 3.480111e-09
15706 3.479682e-09
15707 3.479253e-09
15708 3.478824e-09
15709 3.478395e-09
15710 3.477967e-09
15711 3.477538e-09
15712 3.477109e-09
15713 3.476681e-09
15714 3.476251e-09
15715 3.475823e-09
15716 3.475394e-09
15717 3.474966e-09
15718 3.474537e-09
15719 3.474109e-09
15720 3.473679e-09
15721 3.473251e-09
15722 3.472823e-09
15723 3.472394e-09
15724 3.471966e-09
15725 3.471538e-09
15726 3.471109e-09
15727 3.470680e-09
15728 3.470252e-09
15729 3.469824e-09
15730 3.469396e-09
15731 3.468968e-09
15732 3.468539e-09
15733 3.468111e-09
15734 3.467683e-09
15735 3.467255e-09
15736 3.466827e-09
15737 3.466399e-09
15738 3.465970e-09
15739 3.465542e-09
15740 3.465114e-09
15741 3.464686e-09
15742 3.464259e-09
15743 3.463831e-09
15744 3.463402e-09
15745 3.462975e-09
15746 3.462547e-09
15747 3.462119e-09
15748 3.461691e-09
15749 3.461264e-09
15750 3.460835e-09
15751 3.460408e-09
15752 3.459980e-09
15753 3.459553e-09
15754 3.459125e-09
15755 3.458698e-09
15756 3.458270e-09
15757 3.457842e-09
15758 3.457415e-09
15759 3.456987e-09
15760 3.456560e-09
15761 3.456133e-09
15762 3.455705e-09
15763 3.455277e-09
15764 3.454850e-09
15765 3.454423e-09
15766 3.453996e-09
15767 3.453569e-09
15768 3.453141e-09
15769 3.452714e-09
15770 3.452287e-09
15771 3.451860e-09
15772 3.451433e-09
15773 3.451006e-09
15774 3.450578e-09
15775 3.450151e-09
15776 3.449724e-09
15777 3.449297e-09
15778 3.448870e-09
15779 3.448443e-09
15780 3.448016e-09
15781 3.447589e-09
15782 3.447162e-09
15783 3.446736e-09
15784 3.446309e-09
15785 3.445882e-09
15786 3.445455e-09
15787 3.445028e-09
15788 3.444602e-09
15789 3.444175e-09
15790 3.443749e-09
15791 3.443322e-09
15792 3.442895e-09
15793 3.442468e-09
15794 3.442042e-09
15795 3.441616e-09
15796 3.441189e-09
15797 3.440763e-09
15798 3.440336e-09
15799 3.439910e-09
15800 3.439483e-09
15801 3.439057e-09
15802 3.438631e-09
15803 3.438205e-09
15804 3.437778e-09
15805 3.437352e-09
15806 3.436926e-09
15807 3.436499e-09
15808 3.436073e-09
15809 3.435647e-09
15810 3.435221e-09
15811 3.434795e-09
15812 3.434369e-09
15813 3.433943e-09
15814 3.433517e-09
15815 3.433090e-09
15816 3.432665e-09
15817 3.432239e-09
15818 3.431813e-09
15819 3.431387e-09
15820 3.430962e-09
15821 3.430535e-09
15822 3.430109e-09
15823 3.429684e-09
15824 3.429258e-09
15825 3.428833e-09
15826 3.428407e-09
15827 3.427981e-09
15828 3.427555e-09
15829 3.427130e-09
15830 3.426704e-09
15831 3.426279e-09
15832 3.425853e-09
15833 3.425427e-09
15834 3.425002e-09
15835 3.424577e-09
15836 3.424151e-09
15837 3.423726e-09
15838 3.423301e-09
15839 3.422875e-09
15840 3.422450e-09
15841 3.422025e-09
15842 3.421599e-09
15843 3.421174e-09
15844 3.420749e-09
15845 3.420323e-09
15846 3.419898e-09
15847 3.419473e-09
15848 3.419048e-09
15849 3.418624e-09
15850 3.418199e-09
15851 3.417773e-09
15852 3.417348e-09
15853 3.416923e-09
15854 3.416498e-09
15855 3.416074e-09
15856 3.415649e-09
15857 3.415223e-09
15858 3.414799e-09
15859 3.414374e-09
15860 3.413949e-09
15861 3.413525e-09
15862 3.413100e-09
15863 3.412675e-09
15864 3.412250e-09
15865 3.411826e-09
15866 3.411401e-09
15867 3.410977e-09
15868 3.410552e-09
15869 3.410127e-09
15870 3.409703e-09
15871 3.409279e-09
15872 3.408854e-09
15873 3.408430e-09
15874 3.408006e-09
15875 3.407581e-09
15876 3.407156e-09
15877 3.406732e-09
15878 3.406308e-09
15879 3.405884e-09
15880 3.405460e-09
15881 3.405035e-09
15882 3.404611e-09
15883 3.404187e-09
15884 3.403763e-09
15885 3.403339e-09
15886 3.402915e-09
15887 3.402490e-09
15888 3.402066e-09
15889 3.401643e-09
15890 3.401219e-09
15891 3.400795e-09
15892 3.400371e-09
15893 3.399947e-09
15894 3.399523e-09
15895 3.399099e-09
15896 3.398675e-09
15897 3.398252e-09
15898 3.397828e-09
15899 3.397404e-09
15900 3.396980e-09
15901 3.396557e-09
15902 3.396133e-09
15903 3.395710e-09
15904 3.395286e-09
15905 3.394862e-09
15906 3.394439e-09
15907 3.394015e-09
15908 3.393592e-09
15909 3.393168e-09
15910 3.392745e-09
15911 3.392321e-09
15912 3.391898e-09
15913 3.391475e-09
15914 3.391051e-09
15915 3.390628e-09
15916 3.390205e-09
15917 3.389781e-09
15918 3.389358e-09
15919 3.388935e-09
15920 3.388512e-09
15921 3.388089e-09
15922 3.387666e-09
15923 3.387242e-09
15924 3.386819e-09
15925 3.386396e-09
15926 3.385973e-09
15927 3.385551e-09
15928 3.385128e-09
15929 3.384704e-09
15930 3.384281e-09
15931 3.383859e-09
15932 3.383436e-09
15933 3.383013e-09
15934 3.382591e-09
15935 3.382167e-09
15936 3.381745e-09
15937 3.381322e-09
15938 3.380899e-09
15939 3.380477e-09
15940 3.380054e-09
15941 3.379631e-09
15942 3.379209e-09
15943 3.378786e-09
15944 3.378364e-09
15945 3.377941e-09
15946 3.377519e-09
15947 3.377096e-09
15948 3.376674e-09
15949 3.376251e-09
15950 3.375829e-09
15951 3.375407e-09
15952 3.374985e-09
15953 3.374562e-09
15954 3.374140e-09
15955 3.373718e-09
15956 3.373295e-09
15957 3.372873e-09
15958 3.372451e-09
15959 3.372029e-09
15960 3.371607e-09
15961 3.371185e-09
15962 3.370763e-09
15963 3.370341e-09
15964 3.369919e-09
15965 3.369496e-09
15966 3.369075e-09
15967 3.368653e-09
15968 3.368231e-09
15969 3.367809e-09
15970 3.367387e-09
15971 3.366965e-09
15972 3.366543e-09
15973 3.366122e-09
15974 3.365700e-09
15975 3.365279e-09
15976 3.364857e-09
15977 3.364435e-09
15978 3.364013e-09
15979 3.363592e-09
15980 3.363170e-09
15981 3.362749e-09
15982 3.362327e-09
15983 3.361905e-09
15984 3.361484e-09
15985 3.361063e-09
15986 3.360641e-09
15987 3.360220e-09
15988 3.359799e-09
15989 3.359377e-09
15990 3.358956e-09
15991 3.358534e-09
15992 3.358113e-09
15993 3.357692e-09
15994 3.357271e-09
15995 3.356849e-09
15996 3.356428e-09
15997 3.356007e-09
15998 3.355586e-09
15999 3.355165e-09
16000 3.354744e-09
16001 3.354323e-09
16002 3.353902e-09
16003 3.353481e-09
16004 3.353060e-09
16005 3.352639e-09
16006 3.352218e-09
16007 3.351797e-09
16008 3.351376e-09
16009 3.350956e-09
16010 3.350535e-09
16011 3.350114e-09
16012 3.349693e-09
16013 3.349272e-09
16014 3.348852e-09
16015 3.348431e-09
16016 3.348011e-09
16017 3.347590e-09
16018 3.347169e-09
16019 3.346749e-09
16020 3.346328e-09
16021 3.345908e-09
16022 3.345488e-09
16023 3.345067e-09
16024 3.344646e-09
16025 3.344226e-09
16026 3.343806e-09
16027 3.343385e-09
16028 3.342965e-09
16029 3.342545e-09
16030 3.342124e-09
16031 3.341704e-09
16032 3.341284e-09
16033 3.340864e-09
16034 3.340444e-09
16035 3.340024e-09
16036 3.339603e-09
16037 3.339183e-09
16038 3.338763e-09
16039 3.338343e-09
16040 3.337923e-09
16041 3.337504e-09
16042 3.337083e-09
16043 3.336663e-09
16044 3.336243e-09
16045 3.335824e-09
16046 3.335404e-09
16047 3.334984e-09
16048 3.334564e-09
16049 3.334144e-09
16050 3.333725e-09
16051 3.333305e-09
16052 3.332885e-09
16053 3.332466e-09
16054 3.332046e-09
16055 3.331626e-09
16056 3.331207e-09
16057 3.330787e-09
16058 3.330368e-09
16059 3.329948e-09
16060 3.329528e-09
16061 3.329109e-09
16062 3.328690e-09
16063 3.328270e-09
16064 3.327851e-09
16065 3.327432e-09
16066 3.327012e-09
16067 3.326593e-09
16068 3.326174e-09
16069 3.325755e-09
16070 3.325335e-09
16071 3.324916e-09
16072 3.324497e-09
16073 3.324078e-09
16074 3.323659e-09
16075 3.323240e-09
16076 3.322821e-09
16077 3.322402e-09
16078 3.321982e-09
16079 3.321563e-09
16080 3.321144e-09
16081 3.320726e-09
16082 3.320307e-09
16083 3.319888e-09
16084 3.319469e-09
16085 3.319050e-09
16086 3.318631e-09
16087 3.318213e-09
16088 3.317794e-09
16089 3.317375e-09
16090 3.316956e-09
16091 3.316537e-09
16092 3.316119e-09
16093 3.315700e-09
16094 3.315282e-09
16095 3.314864e-09
16096 3.314444e-09
16097 3.314026e-09
16098 3.313608e-09
16099 3.313189e-09
16100 3.312771e-09
16101 3.312353e-09
16102 3.311934e-09
16103 3.311515e-09
16104 3.311097e-09
16105 3.310679e-09
16106 3.310261e-09
16107 3.309843e-09
16108 3.309424e-09
16109 3.309006e-09
16110 3.308588e-09
16111 3.308170e-09
16112 3.307752e-09
16113 3.307334e-09
16114 3.306915e-09
16115 3.306497e-09
16116 3.306079e-09
16117 3.305661e-09
16118 3.305243e-09
16119 3.304826e-09
16120 3.304407e-09
16121 3.303989e-09
16122 3.303572e-09
16123 3.303154e-09
16124 3.302736e-09
16125 3.302318e-09
16126 3.301900e-09
16127 3.301482e-09
16128 3.301065e-09
16129 3.300647e-09
16130 3.300230e-09
16131 3.299812e-09
16132 3.299394e-09
16133 3.298977e-09
16134 3.298559e-09
16135 3.298142e-09
16136 3.297724e-09
16137 3.297307e-09
16138 3.296889e-09
16139 3.296472e-09
16140 3.296054e-09
16141 3.295637e-09
16142 3.295220e-09
16143 3.294803e-09
16144 3.294385e-09
16145 3.293968e-09
16146 3.293586e-09
16147 3.293206e-09
16148 3.292825e-09
16149 3.292444e-09
16150 3.292063e-09
16151 3.291682e-09
16152 3.291301e-09
16153 3.290921e-09
16154 3.290540e-09
16155 3.290160e-09
16156 3.289779e-09
16157 3.289398e-09
16158 3.289018e-09
16159 3.288637e-09
16160 3.288257e-09
16161 3.287876e-09
16162 3.287495e-09
16163 3.287115e-09
16164 3.286734e-09
16165 3.286354e-09
16166 3.285974e-09
16167 3.285593e-09
16168 3.285213e-09
16169 3.284832e-09
16170 3.284452e-09
16171 3.284072e-09
16172 3.283691e-09
16173 3.283312e-09
16174 3.282931e-09
16175 3.282551e-09
16176 3.282171e-09
16177 3.281790e-09
16178 3.281411e-09
16179 3.281030e-09
16180 3.280650e-09
16181 3.280270e-09
16182 3.279890e-09
16183 3.279510e-09
16184 3.279130e-09
16185 3.278750e-09
16186 3.278370e-09
16187 3.277990e-09
16188 3.277610e-09
16189 3.277231e-09
16190 3.276850e-09
16191 3.276471e-09
16192 3.276091e-09
16193 3.275711e-09
16194 3.275331e-09
16195 3.274951e-09
16196 3.274572e-09
16197 3.274192e-09
16198 3.273812e-09
16199 3.273433e-09
16200 3.273053e-09
16201 3.272674e-09
16202 3.272294e-09
16203 3.271914e-09
16204 3.271535e-09
16205 3.271155e-09
16206 3.270776e-09
16207 3.270397e-09
16208 3.270017e-09
16209 3.269638e-09
16210 3.269258e-09
16211 3.268879e-09
16212 3.268500e-09
16213 3.268120e-09
16214 3.267741e-09
16215 3.267362e-09
16216 3.266982e-09
16217 3.266603e-09
16218 3.266224e-09
16219 3.265845e-09
16220 3.265466e-09
16221 3.265086e-09
16222 3.264708e-09
16223 3.264328e-09
16224 3.263949e-09
16225 3.263570e-09
16226 3.263191e-09
16227 3.262813e-09
16228 3.262433e-09
16229 3.262054e-09
16230 3.261676e-09
16231 3.261296e-09
16232 3.260918e-09
16233 3.260539e-09
16234 3.260160e-09
16235 3.259781e-09
16236 3.259402e-09
16237 3.259024e-09
16238 3.258645e-09
16239 3.258266e-09
16240 3.257888e-09
16241 3.257509e-09
16242 3.257130e-09
16243 3.256752e-09
16244 3.256373e-09
16245 3.255995e-09
16246 3.255616e-09
16247 3.255237e-09
16248 3.254859e-09
16249 3.254480e-09
16250 3.254102e-09
16251 3.253724e-09
16252 3.253345e-09
16253 3.252967e-09
16254 3.252588e-09
16255 3.252210e-09
16256 3.251832e-09
16257 3.251453e-09
16258 3.251075e-09
16259 3.250697e-09
16260 3.250318e-09
16261 3.249941e-09
16262 3.249562e-09
16263 3.249184e-09
16264 3.248806e-09
16265 3.248428e-09
16266 3.248050e-09
16267 3.247672e-09
16268 3.247294e-09
16269 3.246916e-09
16270 3.246537e-09
16271 3.246160e-09
16272 3.245782e-09
16273 3.245403e-09
16274 3.245026e-09
16275 3.244648e-09
16276 3.244270e-09
16277 3.243892e-09
16278 3.243514e-09
16279 3.243137e-09
16280 3.242759e-09
16281 3.242382e-09
16282 3.242004e-09
16283 3.241626e-09
16284 3.241248e-09
16285 3.240871e-09
16286 3.240493e-09
16287 3.240115e-09
16288 3.239738e-09
16289 3.239360e-09
16290 3.238983e-09
16291 3.238605e-09
16292 3.238228e-09
16293 3.237850e-09
16294 3.237473e-09
16295 3.237095e-09
16296 3.236718e-09
16297 3.236341e-09
16298 3.235963e-09
16299 3.235586e-09
16300 3.235209e-09
16301 3.234831e-09
16302 3.234454e-09
16303 3.234077e-09
16304 3.233700e-09
16305 3.233323e-09
16306 3.232945e-09
16307 3.232569e-09
16308 3.232191e-09
16309 3.231814e-09
16310 3.231437e-09
16311 3.231060e-09
16312 3.230683e-09
16313 3.230306e-09
16314 3.229929e-09
16315 3.229552e-09
16316 3.229175e-09
16317 3.228799e-09
16318 3.228421e-09
16319 3.228044e-09
16320 3.227668e-09
16321 3.227291e-09
16322 3.226914e-09
16323 3.226537e-09
16324 3.226160e-09
16325 3.225784e-09
16326 3.225407e-09
16327 3.225030e-09
16328 3.224654e-09
16329 3.224277e-09
16330 3.223901e-09
16331 3.223524e-09
16332 3.223147e-09
16333 3.222771e-09
16334 3.222394e-09
16335 3.222018e-09
16336 3.221642e-09
16337 3.221265e-09
16338 3.220889e-09
16339 3.220512e-09
16340 3.220136e-09
16341 3.219760e-09
16342 3.219383e-09
16343 3.219007e-09
16344 3.218631e-09
16345 3.218254e-09
16346 3.217878e-09
16347 3.217502e-09
16348 3.217126e-09
16349 3.216750e-09
16350 3.216373e-09
16351 3.215998e-09
16352 3.215621e-09
16353 3.215246e-09
16354 3.214869e-09
16355 3.214493e-09
16356 3.214117e-09
16357 3.213741e-09
16358 3.213366e-09
16359 3.212989e-09
16360 3.212613e-09
16361 3.212238e-09
16362 3.211862e-09
16363 3.211485e-09
16364 3.211110e-09
16365 3.210734e-09
16366 3.210359e-09
16367 3.209983e-09
16368 3.209607e-09
16369 3.209231e-09
16370 3.208855e-09
16371 3.208480e-09
16372 3.208104e-09
16373 3.207728e-09
16374 3.207353e-09
16375 3.206977e-09
16376 3.206602e-09
16377 3.206226e-09
16378 3.205851e-09
16379 3.205476e-09
16380 3.205100e-09
16381 3.204724e-09
16382 3.204349e-09
16383 3.203974e-09
16384 3.203599e-09
16385 3.203223e-09
16386 3.202847e-09
16387 3.202473e-09
16388 3.202097e-09
16389 3.201722e-09
16390 3.201347e-09
16391 3.200971e-09
16392 3.200597e-09
16393 3.200221e-09
16394 3.199846e-09
16395 3.199471e-09
16396 3.199096e-09
16397 3.198721e-09
16398 3.198346e-09
16399 3.197970e-09
16400 3.197596e-09
16401 3.197221e-09
16402 3.196846e-09
16403 3.196471e-09
16404 3.196096e-09
16405 3.195721e-09
16406 3.195346e-09
16407 3.194972e-09
16408 3.194597e-09
16409 3.194222e-09
16410 3.193847e-09
16411 3.193472e-09
16412 3.193097e-09
16413 3.192723e-09
16414 3.192348e-09
16415 3.191974e-09
16416 3.191599e-09
16417 3.191224e-09
16418 3.190850e-09
16419 3.190475e-09
16420 3.190101e-09
16421 3.189726e-09
16422 3.189351e-09
16423 3.188977e-09
16424 3.188603e-09
16425 3.188229e-09
16426 3.187854e-09
16427 3.187479e-09
16428 3.187105e-09
16429 3.186731e-09
16430 3.186356e-09
16431 3.185982e-09
16432 3.185608e-09
16433 3.185234e-09
16434 3.184860e-09
16435 3.184485e-09
16436 3.184111e-09
16437 3.183737e-09
16438 3.183363e-09
16439 3.182989e-09
16440 3.182614e-09
16441 3.182241e-09
16442 3.181867e-09
16443 3.181493e-09
16444 3.181119e-09
16445 3.180744e-09
16446 3.180371e-09
16447 3.179997e-09
16448 3.179623e-09
16449 3.179249e-09
16450 3.178875e-09
16451 3.178502e-09
16452 3.178128e-09
16453 3.177753e-09
16454 3.177380e-09
16455 3.177006e-09
16456 3.176633e-09
16457 3.176259e-09
16458 3.175885e-09
16459 3.175512e-09
16460 3.175138e-09
16461 3.174765e-09
16462 3.174391e-09
16463 3.174017e-09
16464 3.173644e-09
16465 3.173270e-09
16466 3.172896e-09
16467 3.172523e-09
16468 3.172150e-09
16469 3.171777e-09
16470 3.171403e-09
16471 3.171029e-09
16472 3.170656e-09
16473 3.170283e-09
16474 3.169910e-09
16475 3.169536e-09
16476 3.169163e-09
16477 3.168790e-09
16478 3.168416e-09
16479 3.168044e-09
16480 3.167670e-09
16481 3.167297e-09
16482 3.166924e-09
16483 3.166551e-09
16484 3.166177e-09
16485 3.165805e-09
16486 3.165431e-09
16487 3.165059e-09
16488 3.164686e-09
16489 3.164312e-09
16490 3.163940e-09
16491 3.163567e-09
16492 3.163194e-09
16493 3.162821e-09
16494 3.162448e-09
16495 3.162075e-09
16496 3.161702e-09
16497 3.161330e-09
16498 3.160957e-09
16499 3.160584e-09
16500 3.160212e-09
16501 3.159839e-09
16502 3.159466e-09
16503 3.159094e-09
16504 3.158721e-09
16505 3.158348e-09
16506 3.157976e-09
16507 3.157603e-09
16508 3.157231e-09
16509 3.156858e-09
16510 3.156486e-09
16511 3.156113e-09
16512 3.155740e-09
16513 3.155368e-09
16514 3.154996e-09
16515 3.154624e-09
16516 3.154251e-09
16517 3.153878e-09
16518 3.153507e-09
16519 3.153134e-09
16520 3.152761e-09
16521 3.152390e-09
16522 3.152017e-09
16523 3.151645e-09
16524 3.151273e-09
16525 3.150900e-09
16526 3.150529e-09
16527 3.150156e-09
16528 3.149785e-09
16529 3.149412e-09
16530 3.149040e-09
16531 3.148668e-09
16532 3.148296e-09
16533 3.147924e-09
16534 3.147552e-09
16535 3.147180e-09
16536 3.146809e-09
16537 3.146437e-09
16538 3.146064e-09
16539 3.145693e-09
16540 3.145321e-09
16541 3.144950e-09
16542 3.144578e-09
16543 3.144206e-09
16544 3.143834e-09
16545 3.143462e-09
16546 3.143091e-09
16547 3.142719e-09
16548 3.142347e-09
16549 3.141976e-09
16550 3.141604e-09
16551 3.141232e-09
16552 3.140861e-09
16553 3.140489e-09
16554 3.140118e-09
16555 3.139746e-09
16556 3.139375e-09
16557 3.139004e-09
16558 3.138632e-09
16559 3.138261e-09
16560 3.137889e-09
16561 3.137518e-09
16562 3.137147e-09
16563 3.136775e-09
16564 3.136405e-09
16565 3.136033e-09
16566 3.135661e-09
16567 3.135291e-09
16568 3.134919e-09
16569 3.134548e-09
16570 3.134177e-09
16571 3.133806e-09
16572 3.133435e-09
16573 3.133064e-09
16574 3.132692e-09
16575 3.132322e-09
16576 3.131950e-09
16577 3.131580e-09
16578 3.131209e-09
16579 3.130837e-09
16580 3.130467e-09
16581 3.130096e-09
16582 3.129725e-09
16583 3.129354e-09
16584 3.128983e-09
16585 3.128613e-09
16586 3.128242e-09
16587 3.127871e-09
16588 3.127500e-09
16589 3.127129e-09
16590 3.126759e-09
16591 3.126388e-09
16592 3.126017e-09
16593 3.125647e-09
16594 3.125276e-09
16595 3.124906e-09
16596 3.124535e-09
16597 3.124164e-09
16598 3.123794e-09
16599 3.123423e-09
16600 3.123053e-09
16601 3.122683e-09
16602 3.122312e-09
16603 3.121942e-09
16604 3.121571e-09
16605 3.121201e-09
16606 3.120831e-09
16607 3.120460e-09
16608 3.120090e-09
16609 3.119720e-09
16610 3.119349e-09
16611 3.118979e-09
16612 3.118609e-09
16613 3.118239e-09
16614 3.117869e-09
16615 3.117498e-09
16616 3.117129e-09
16617 3.116758e-09
16618 3.116389e-09
16619 3.116018e-09
16620 3.115648e-09
16621 3.115278e-09
16622 3.114908e-09
16623 3.114538e-09
16624 3.114168e-09
16625 3.113798e-09
16626 3.113429e-09
16627 3.113059e-09
16628 3.112688e-09
16629 3.112319e-09
16630 3.111949e-09
16631 3.111580e-09
16632 3.111210e-09
16633 3.110840e-09
16634 3.110470e-09
16635 3.110100e-09
16636 3.109731e-09
16637 3.109361e-09
16638 3.108991e-09
16639 3.108622e-09
16640 3.108252e-09
16641 3.107882e-09
16642 3.107513e-09
16643 3.107143e-09
16644 3.106774e-09
16645 3.106405e-09
16646 3.106035e-09
16647 3.105666e-09
16648 3.105296e-09
16649 3.104927e-09
16650 3.104558e-09
16651 3.104188e-09
16652 3.103819e-09
16653 3.103450e-09
16654 3.103081e-09
16655 3.102711e-09
16656 3.102342e-09
16657 3.101973e-09
16658 3.101604e-09
16659 3.101234e-09
16660 3.100865e-09
16661 3.100496e-09
16662 3.100127e-09
16663 3.099758e-09
16664 3.099389e-09
16665 3.099020e-09
16666 3.098651e-09
16667 3.098282e-09
16668 3.097913e-09
16669 3.097544e-09
16670 3.097175e-09
16671 3.096806e-09
16672 3.096437e-09
16673 3.096069e-09
16674 3.095699e-09
16675 3.095331e-09
16676 3.094962e-09
16677 3.094593e-09
16678 3.094225e-09
16679 3.093856e-09
16680 3.093487e-09
16681 3.093118e-09
16682 3.092749e-09
16683 3.092381e-09
16684 3.092012e-09
16685 3.091644e-09
16686 3.091275e-09
16687 3.090907e-09
16688 3.090539e-09
16689 3.090170e-09
16690 3.089801e-09
16691 3.089433e-09
16692 3.089064e-09
16693 3.088696e-09
16694 3.088328e-09
16695 3.087959e-09
16696 3.087591e-09
16697 3.087222e-09
16698 3.086855e-09
16699 3.086486e-09
16700 3.086118e-09
16701 3.085750e-09
16702 3.085381e-09
16703 3.085013e-09
16704 3.084645e-09
16705 3.084277e-09
16706 3.083909e-09
16707 3.083541e-09
16708 3.083172e-09
16709 3.082805e-09
16710 3.082436e-09
16711 3.082069e-09
16712 3.081700e-09
16713 3.081332e-09
16714 3.080965e-09
16715 3.080596e-09
16716 3.080229e-09
16717 3.079861e-09
16718 3.079493e-09
16719 3.079125e-09
16720 3.078757e-09
16721 3.078390e-09
16722 3.078022e-09
16723 3.077654e-09
16724 3.077286e-09
16725 3.076918e-09
16726 3.076550e-09
16727 3.076183e-09
16728 3.075815e-09
16729 3.075448e-09
16730 3.075080e-09
16731 3.074712e-09
16732 3.074345e-09
16733 3.073978e-09
16734 3.073610e-09
16735 3.073243e-09
16736 3.072875e-09
16737 3.072508e-09
16738 3.072140e-09
16739 3.071773e-09
16740 3.071406e-09
16741 3.071038e-09
16742 3.070671e-09
16743 3.070304e-09
16744 3.069936e-09
16745 3.069569e-09
16746 3.069202e-09
16747 3.068835e-09
16748 3.068467e-09
16749 3.068100e-09
16750 3.067733e-09
16751 3.067366e-09
16752 3.066999e-09
16753 3.066632e-09
16754 3.066264e-09
16755 3.065898e-09
16756 3.065530e-09
16757 3.065164e-09
16758 3.064797e-09
16759 3.064429e-09
16760 3.064063e-09
16761 3.063696e-09
16762 3.063329e-09
16763 3.062962e-09
16764 3.062595e-09
16765 3.062229e-09
16766 3.061861e-09
16767 3.061494e-09
16768 3.061128e-09
16769 3.060761e-09
16770 3.060395e-09
16771 3.060028e-09
16772 3.059661e-09
16773 3.059295e-09
16774 3.058928e-09
16775 3.058562e-09
16776 3.058195e-09
16777 3.057828e-09
16778 3.057462e-09
16779 3.057095e-09
16780 3.056728e-09
16781 3.056362e-09
16782 3.055995e-09
16783 3.055629e-09
16784 3.055263e-09
16785 3.054896e-09
16786 3.054530e-09
16787 3.054163e-09
16788 3.053798e-09
16789 3.053431e-09
16790 3.053064e-09
16791 3.052699e-09
16792 3.052332e-09
16793 3.051966e-09
16794 3.051600e-09
16795 3.051233e-09
16796 3.050868e-09
16797 3.050501e-09
16798 3.050135e-09
16799 3.049769e-09
16800 3.049403e-09
16801 3.049037e-09
16802 3.048671e-09
16803 3.048305e-09
16804 3.047939e-09
16805 3.047573e-09
16806 3.047207e-09
16807 3.046841e-09
16808 3.046475e-09
16809 3.046110e-09
16810 3.045744e-09
16811 3.045377e-09
16812 3.045012e-09
16813 3.044646e-09
16814 3.044281e-09
16815 3.043915e-09
16816 3.043549e-09
16817 3.043183e-09
16818 3.042817e-09
16819 3.042452e-09
16820 3.042086e-09
16821 3.041720e-09
16822 3.041355e-09
16823 3.040989e-09
16824 3.040624e-09
16825 3.040259e-09
16826 3.039893e-09
16827 3.039528e-09
16828 3.039162e-09
16829 3.038796e-09
16830 3.038431e-09
16831 3.038066e-09
16832 3.037701e-09
16833 3.037335e-09
16834 3.036970e-09
16835 3.036605e-09
16836 3.036239e-09
16837 3.035874e-09
16838 3.035509e-09
16839 3.035143e-09
16840 3.034778e-09
16841 3.034413e-09
16842 3.034048e-09
16843 3.033683e-09
16844 3.033318e-09
16845 3.032953e-09
16846 3.032588e-09
16847 3.032222e-09
16848 3.031858e-09
16849 3.031492e-09
16850 3.031128e-09
16851 3.030763e-09
16852 3.030397e-09
16853 3.030033e-09
16854 3.029668e-09
16855 3.029303e-09
16856 3.028938e-09
16857 3.028573e-09
16858 3.028209e-09
16859 3.027844e-09
16860 3.027479e-09
16861 3.027114e-09
16862 3.026749e-09
16863 3.026385e-09
16864 3.026020e-09
16865 3.025655e-09
16866 3.025291e-09
16867 3.024926e-09
16868 3.024562e-09
16869 3.024197e-09
16870 3.023832e-09
16871 3.023468e-09
16872 3.023103e-09
16873 3.022739e-09
16874 3.022375e-09
16875 3.022010e-09
16876 3.021646e-09
16877 3.021281e-09
16878 3.020917e-09
16879 3.020553e-09
16880 3.020188e-09
16881 3.019824e-09
16882 3.019460e-09
16883 3.019095e-09
16884 3.018731e-09
16885 3.018367e-09
16886 3.018003e-09
16887 3.017639e-09
16888 3.017274e-09
16889 3.016910e-09
16890 3.016546e-09
16891 3.016182e-09
16892 3.015818e-09
16893 3.015454e-09
16894 3.015090e-09
16895 3.014726e-09
16896 3.014362e-09
16897 3.013998e-09
16898 3.013634e-09
16899 3.013270e-09
16900 3.012906e-09
16901 3.012542e-09
16902 3.012179e-09
16903 3.011815e-09
16904 3.011451e-09
16905 3.011087e-09
16906 3.010723e-09
16907 3.010360e-09
16908 3.009996e-09
16909 3.009632e-09
16910 3.009268e-09
16911 3.008905e-09
16912 3.008541e-09
16913 3.008177e-09
16914 3.007814e-09
16915 3.007450e-09
16916 3.007087e-09
16917 3.006723e-09
16918 3.006360e-09
16919 3.005996e-09
16920 3.005633e-09
16921 3.005269e-09
16922 3.004906e-09
16923 3.004543e-09
16924 3.004179e-09
16925 3.003816e-09
16926 3.003452e-09
16927 3.003089e-09
16928 3.002726e-09
16929 3.002362e-09
16930 3.001999e-09
16931 3.001636e-09
16932 3.001273e-09
16933 3.000910e-09
16934 3.000546e-09
16935 3.000184e-09
16936 2.999820e-09
16937 2.999457e-09
16938 2.999094e-09
16939 2.998731e-09
16940 2.998368e-09
16941 2.998005e-09
16942 2.997642e-09
16943 2.997279e-09
16944 2.996916e-09
16945 2.996553e-09
16946 2.996190e-09
16947 2.995827e-09
16948 2.995465e-09
16949 2.995101e-09
16950 2.994738e-09
16951 2.994376e-09
16952 2.994013e-09
16953 2.993651e-09
16954 2.993288e-09
16955 2.992925e-09
16956 2.992562e-09
16957 2.992199e-09
16958 2.991837e-09
16959 2.991474e-09
16960 2.991111e-09
16961 2.990749e-09
16962 2.990386e-09
16963 2.990024e-09
16964 2.989661e-09
16965 2.989299e-09
16966 2.988937e-09
16967 2.988574e-09
16968 2.988211e-09
16969 2.987849e-09
16970 2.987487e-09
16971 2.987125e-09
16972 2.986762e-09
16973 2.986399e-09
16974 2.986037e-09
16975 2.985675e-09
16976 2.985313e-09
16977 2.984951e-09
16978 2.984588e-09
16979 2.984226e-09
16980 2.983864e-09
16981 2.983502e-09
16982 2.983140e-09
16983 2.982777e-09
16984 2.982416e-09
16985 2.982053e-09
16986 2.981691e-09
16987 2.981329e-09
16988 2.980967e-09
16989 2.980605e-09
16990 2.980243e-09
16991 2.979881e-09
16992 2.979520e-09
16993 2.979157e-09
16994 2.978796e-09
16995 2.978434e-09
16996 2.978072e-09
16997 2.977710e-09
16998 2.977348e-09
16999 2.976987e-09
17000 2.976625e-09
17001 2.976263e-09
17002 2.975902e-09
17003 2.975540e-09
17004 2.975178e-09
17005 2.974816e-09
17006 2.974454e-09
17007 2.974093e-09
17008 2.973731e-09
17009 2.973370e-09
17010 2.973008e-09
17011 2.972647e-09
17012 2.972286e-09
17013 2.971924e-09
17014 2.971562e-09
17015 2.971201e-09
17016 2.970839e-09
17017 2.970478e-09
17018 2.970117e-09
17019 2.969755e-09
17020 2.969394e-09
17021 2.969033e-09
17022 2.968671e-09
17023 2.968310e-09
17024 2.967949e-09
17025 2.967588e-09
17026 2.967227e-09
17027 2.966865e-09
17028 2.966504e-09
17029 2.966143e-09
17030 2.965782e-09
17031 2.965421e-09
17032 2.965060e-09
17033 2.964699e-09
17034 2.964370e-09
17035 2.964041e-09
17036 2.963712e-09
17037 2.963384e-09
17038 2.963055e-09
17039 2.962726e-09
17040 2.962397e-09
17041 2.962069e-09
17042 2.961740e-09
17043 2.961411e-09
17044 2.961082e-09
17045 2.960754e-09
17046 2.960425e-09
17047 2.960096e-09
17048 2.959768e-09
17049 2.959439e-09
17050 2.959111e-09
17051 2.958782e-09
17052 2.958454e-09
17053 2.958125e-09
17054 2.957797e-09
17055 2.957468e-09
17056 2.957140e-09
17057 2.956811e-09
17058 2.956483e-09
17059 2.956155e-09
17060 2.955827e-09
17061 2.955498e-09
17062 2.955170e-09
17063 2.954841e-09
17064 2.954513e-09
17065 2.954185e-09
17066 2.953857e-09
17067 2.953528e-09
17068 2.953201e-09
17069 2.952872e-09
17070 2.952544e-09
17071 2.952216e-09
17072 2.951887e-09
17073 2.951560e-09
17074 2.951231e-09
17075 2.950904e-09
17076 2.950575e-09
17077 2.950248e-09
17078 2.949919e-09
17079 2.949592e-09
17080 2.949263e-09
17081 2.948936e-09
17082 2.948607e-09
17083 2.948280e-09
17084 2.947952e-09
17085 2.947624e-09
17086 2.947296e-09
17087 2.946968e-09
17088 2.946640e-09
17089 2.946313e-09
17090 2.945985e-09
17091 2.945657e-09
17092 2.945329e-09
17093 2.945002e-09
17094 2.944674e-09
17095 2.944346e-09
17096 2.944019e-09
17097 2.943691e-09
17098 2.943363e-09
17099 2.943035e-09
17100 2.942708e-09
17101 2.942380e-09
17102 2.942053e-09
17103 2.941725e-09
17104 2.941398e-09
17105 2.941070e-09
17106 2.940743e-09
17107 2.940415e-09
17108 2.940088e-09
17109 2.939761e-09
17110 2.939434e-09
17111 2.939106e-09
17112 2.938779e-09
17113 2.938451e-09
17114 2.938124e-09
17115 2.937797e-09
17116 2.937470e-09
17117 2.937142e-09
17118 2.936815e-09
17119 2.936488e-09
17120 2.936160e-09
17121 2.935833e-09
17122 2.935506e-09
17123 2.935179e-09
17124 2.934852e-09
17125 2.934525e-09
17126 2.934197e-09
17127 2.933871e-09
17128 2.933543e-09
17129 2.933217e-09
17130 2.932889e-09
17131 2.932563e-09
17132 2.932235e-09
17133 2.931909e-09
17134 2.931582e-09
17135 2.931255e-09
17136 2.930928e-09
17137 2.930601e-09
17138 2.930274e-09
17139 2.929948e-09
17140 2.929620e-09
17141 2.929294e-09
17142 2.928967e-09
17143 2.928641e-09
17144 2.928313e-09
17145 2.927986e-09
17146 2.927660e-09
17147 2.927333e-09
17148 2.927007e-09
17149 2.926680e-09
17150 2.926353e-09
17151 2.926027e-09
17152 2.925700e-09
17153 2.925373e-09
17154 2.925047e-09
17155 2.924720e-09
17156 2.924394e-09
17157 2.924067e-09
17158 2.923741e-09
17159 2.923414e-09
17160 2.923088e-09
17161 2.922762e-09
17162 2.922436e-09
17163 2.922109e-09
17164 2.921783e-09
17165 2.921456e-09
17166 2.921130e-09
17167 2.920804e-09
17168 2.920477e-09
17169 2.920151e-09
17170 2.919825e-09
17171 2.919499e-09
17172 2.919172e-09
17173 2.918846e-09
17174 2.918520e-09
17175 2.918194e-09
17176 2.917868e-09
17177 2.917542e-09
17178 2.917215e-09
17179 2.916890e-09
17180 2.916563e-09
17181 2.916238e-09
17182 2.915911e-09
17183 2.915586e-09
17184 2.915259e-09
17185 2.914934e-09
17186 2.914607e-09
17187 2.914282e-09
17188 2.913956e-09
17189 2.913630e-09
17190 2.913304e-09
17191 2.912978e-09
17192 2.912652e-09
17193 2.912326e-09
17194 2.912001e-09
17195 2.911675e-09
17196 2.911349e-09
17197 2.911023e-09
17198 2.910698e-09
17199 2.910372e-09
17200 2.910046e-09
17201 2.909720e-09
17202 2.909395e-09
17203 2.909069e-09
17204 2.908744e-09
17205 2.908418e-09
17206 2.908093e-09
17207 2.907767e-09
17208 2.907442e-09
17209 2.907116e-09
17210 2.906791e-09
17211 2.906465e-09
17212 2.906140e-09
17213 2.905814e-09
17214 2.905489e-09
17215 2.905163e-09
17216 2.904838e-09
17217 2.904513e-09
17218 2.904187e-09
17219 2.903862e-09
17220 2.903536e-09
17221 2.903211e-09
17222 2.902886e-09
17223 2.902561e-09
17224 2.902235e-09
17225 2.901911e-09
17226 2.901585e-09
17227 2.901260e-09
17228 2.900935e-09
17229 2.900610e-09
17230 2.900285e-09
17231 2.899960e-09
17232 2.899634e-09
17233 2.899310e-09
17234 2.898984e-09
17235 2.898660e-09
17236 2.898334e-09
17237 2.898010e-09
17238 2.897684e-09
17239 2.897360e-09
17240 2.897035e-09
17241 2.896709e-09
17242 2.896385e-09
17243 2.896060e-09
17244 2.895735e-09
17245 2.895410e-09
17246 2.895086e-09
17247 2.894760e-09
17248 2.894436e-09
17249 2.894111e-09
17250 2.893787e-09
17251 2.893462e-09
17252 2.893137e-09
17253 2.892812e-09
17254 2.892488e-09
17255 2.892163e-09
17256 2.891839e-09
17257 2.891514e-09
17258 2.891189e-09
17259 2.890865e-09
17260 2.890540e-09
17261 2.890216e-09
17262 2.889891e-09
17263 2.889567e-09
17264 2.889242e-09
17265 2.888918e-09
17266 2.888593e-09
17267 2.888269e-09
17268 2.887944e-09
17269 2.887620e-09
17270 2.887295e-09
17271 2.886971e-09
17272 2.886647e-09
17273 2.886323e-09
17274 2.885998e-09
17275 2.885674e-09
17276 2.885350e-09
17277 2.885026e-09
17278 2.884701e-09
17279 2.884377e-09
17280 2.884053e-09
17281 2.883729e-09
17282 2.883405e-09
17283 2.883081e-09
17284 2.882757e-09
17285 2.882433e-09
17286 2.882108e-09
17287 2.881785e-09
17288 2.881460e-09
17289 2.881137e-09
17290 2.880812e-09
17291 2.880488e-09
17292 2.880165e-09
17293 2.879840e-09
17294 2.879517e-09
17295 2.879193e-09
17296 2.878869e-09
17297 2.878545e-09
17298 2.878221e-09
17299 2.877897e-09
17300 2.877574e-09
17301 2.877250e-09
17302 2.876926e-09
17303 2.876602e-09
17304 2.876279e-09
17305 2.875955e-09
17306 2.875631e-09
17307 2.875308e-09
17308 2.874984e-09
17309 2.874660e-09
17310 2.874337e-09
17311 2.874013e-09
17312 2.873690e-09
17313 2.873366e-09
17314 2.873043e-09
17315 2.872719e-09
17316 2.872395e-09
17317 2.872072e-09
17318 2.871748e-09
17319 2.871425e-09
17320 2.871101e-09
17321 2.870778e-09
17322 2.870455e-09
17323 2.870132e-09
17324 2.869808e-09
17325 2.869485e-09
17326 2.869161e-09
17327 2.868838e-09
17328 2.868515e-09
17329 2.868192e-09
17330 2.867868e-09
17331 2.867545e-09
17332 2.867222e-09
17333 2.866899e-09
17334 2.866576e-09
17335 2.866253e-09
17336 2.865929e-09
17337 2.865607e-09
17338 2.865283e-09
17339 2.864960e-09
17340 2.864637e-09
17341 2.864314e-09
17342 2.863991e-09
17343 2.863668e-09
17344 2.863345e-09
17345 2.863022e-09
17346 2.862699e-09
17347 2.862376e-09
17348 2.862054e-09
17349 2.861730e-09
17350 2.861408e-09
17351 2.861085e-09
17352 2.860762e-09
17353 2.860439e-09
17354 2.860117e-09
17355 2.859794e-09
17356 2.859471e-09
17357 2.859148e-09
17358 2.858826e-09
17359 2.858503e-09
17360 2.858180e-09
17361 2.857857e-09
17362 2.857535e-09
17363 2.857212e-09
17364 2.856889e-09
17365 2.856567e-09
17366 2.856244e-09
17367 2.855922e-09
17368 2.855599e-09
17369 2.855277e-09
17370 2.854954e-09
17371 2.854632e-09
17372 2.854309e-09
17373 2.853987e-09
17374 2.853664e-09
17375 2.853342e-09
17376 2.853020e-09
17377 2.852698e-09
17378 2.852375e-09
17379 2.852053e-09
17380 2.851730e-09
17381 2.851408e-09
17382 2.851086e-09
17383 2.850764e-09
17384 2.850441e-09
17385 2.850120e-09
17386 2.849797e-09
17387 2.849475e-09
17388 2.849153e-09
17389 2.848830e-09
17390 2.848508e-09
17391 2.848186e-09
17392 2.847864e-09
17393 2.847542e-09
17394 2.847220e-09
17395 2.846898e-09
17396 2.846576e-09
17397 2.846254e-09
17398 2.845932e-09
17399 2.845610e-09
17400 2.845288e-09
17401 2.844966e-09
17402 2.844645e-09
17403 2.844322e-09
17404 2.844001e-09
17405 2.843679e-09
17406 2.843357e-09
17407 2.843035e-09
17408 2.842714e-09
17409 2.842392e-09
17410 2.842070e-09
17411 2.841748e-09
17412 2.841427e-09
17413 2.841105e-09
17414 2.840783e-09
17415 2.840461e-09
17416 2.840140e-09
17417 2.839818e-09
17418 2.839496e-09
17419 2.839175e-09
17420 2.838853e-09
17421 2.838532e-09
17422 2.838210e-09
17423 2.837889e-09
17424 2.837567e-09
17425 2.837246e-09
17426 2.836924e-09
17427 2.836603e-09
17428 2.836281e-09
17429 2.835960e-09
17430 2.835639e-09
17431 2.835318e-09
17432 2.834996e-09
17433 2.834675e-09
17434 2.834353e-09
17435 2.834032e-09
17436 2.833711e-09
17437 2.833389e-09
17438 2.833068e-09
17439 2.832747e-09
17440 2.832426e-09
17441 2.832105e-09
17442 2.831784e-09
17443 2.831462e-09
17444 2.831142e-09
17445 2.830820e-09
17446 2.830499e-09
17447 2.830178e-09
17448 2.829857e-09
17449 2.829536e-09
17450 2.829215e-09
17451 2.828894e-09
17452 2.828573e-09
17453 2.828252e-09
17454 2.827931e-09
17455 2.827610e-09
17456 2.827290e-09
17457 2.826968e-09
17458 2.826648e-09
17459 2.826327e-09
17460 2.826006e-09
17461 2.825685e-09
17462 2.825364e-09
17463 2.825044e-09
17464 2.824723e-09
17465 2.824402e-09
17466 2.824081e-09
17467 2.823761e-09
17468 2.823440e-09
17469 2.823119e-09
17470 2.822798e-09
17471 2.822478e-09
17472 2.822157e-09
17473 2.821837e-09
17474 2.821516e-09
17475 2.821196e-09
17476 2.820875e-09
17477 2.820555e-09
17478 2.820234e-09
17479 2.819914e-09
17480 2.819593e-09
17481 2.819273e-09
17482 2.818952e-09
17483 2.818632e-09
17484 2.818312e-09
17485 2.817992e-09
17486 2.817671e-09
17487 2.817350e-09
17488 2.817030e-09
17489 2.816710e-09
17490 2.816390e-09
17491 2.816069e-09
17492 2.815749e-09
17493 2.815429e-09
17494 2.815109e-09
17495 2.814788e-09
17496 2.814469e-09
17497 2.814148e-09
17498 2.813828e-09
17499 2.813508e-09
17500 2.813188e-09
17501 2.812868e-09
17502 2.812548e-09
17503 2.812228e-09
17504 2.811908e-09
17505 2.811588e-09
17506 2.811268e-09
17507 2.810948e-09
17508 2.810628e-09
17509 2.810308e-09
17510 2.809988e-09
17511 2.809668e-09
17512 2.809348e-09
17513 2.809028e-09
17514 2.808708e-09
17515 2.808389e-09
17516 2.808069e-09
17517 2.807749e-09
17518 2.807429e-09
17519 2.807110e-09
17520 2.806790e-09
17521 2.806470e-09
17522 2.806150e-09
17523 2.805831e-09
17524 2.805511e-09
17525 2.805192e-09
17526 2.804872e-09
17527 2.804552e-09
17528 2.804233e-09
17529 2.803913e-09
17530 2.803593e-09
17531 2.803274e-09
17532 2.802954e-09
17533 2.802635e-09
17534 2.802316e-09
17535 2.801996e-09
17536 2.801677e-09
17537 2.801357e-09
17538 2.801038e-09
17539 2.800718e-09
17540 2.800399e-09
17541 2.800079e-09
17542 2.799760e-09
17543 2.799441e-09
17544 2.799122e-09
17545 2.798802e-09
17546 2.798483e-09
17547 2.798164e-09
17548 2.797845e-09
17549 2.797525e-09
17550 2.797207e-09
17551 2.796887e-09
17552 2.796568e-09
17553 2.796249e-09
17554 2.795930e-09
17555 2.795611e-09
17556 2.795292e-09
17557 2.794973e-09
17558 2.794654e-09
17559 2.794335e-09
17560 2.794015e-09
17561 2.793697e-09
17562 2.793377e-09
17563 2.793059e-09
17564 2.792740e-09
17565 2.792421e-09
17566 2.792102e-09
17567 2.791783e-09
17568 2.791464e-09
17569 2.791146e-09
17570 2.790826e-09
17571 2.790508e-09
17572 2.790189e-09
17573 2.789870e-09
17574 2.789551e-09
17575 2.789233e-09
17576 2.788914e-09
17577 2.788596e-09
17578 2.788277e-09
17579 2.787958e-09
17580 2.787639e-09
17581 2.787321e-09
17582 2.787002e-09
17583 2.786684e-09
17584 2.786365e-09
17585 2.786046e-09
17586 2.785728e-09
17587 2.785409e-09
17588 2.785091e-09
17589 2.784772e-09
17590 2.784454e-09
17591 2.784135e-09
17592 2.783817e-09
17593 2.783499e-09
17594 2.783180e-09
17595 2.782862e-09
17596 2.782544e-09
17597 2.782225e-09
17598 2.781907e-09
17599 2.781589e-09
17600 2.781271e-09
17601 2.780952e-09
17602 2.780634e-09
17603 2.780316e-09
17604 2.779998e-09
17605 2.779679e-09
17606 2.779361e-09
17607 2.779043e-09
17608 2.778725e-09
17609 2.778407e-09
17610 2.778088e-09
17611 2.777771e-09
17612 2.777452e-09
17613 2.777135e-09
17614 2.776816e-09
17615 2.776499e-09
17616 2.776180e-09
17617 2.775863e-09
17618 2.775544e-09
17619 2.775227e-09
17620 2.774909e-09
17621 2.774591e-09
17622 2.774273e-09
17623 2.773955e-09
17624 2.773637e-09
17625 2.773320e-09
17626 2.773002e-09
17627 2.772684e-09
17628 2.772366e-09
17629 2.772049e-09
17630 2.771731e-09
17631 2.771413e-09
17632 2.771095e-09
17633 2.770777e-09
17634 2.770460e-09
17635 2.770142e-09
17636 2.769825e-09
17637 2.769507e-09
17638 2.769189e-09
17639 2.768872e-09
17640 2.768554e-09
17641 2.768236e-09
17642 2.767919e-09
17643 2.767601e-09
17644 2.767284e-09
17645 2.766967e-09
17646 2.766649e-09
17647 2.766332e-09
17648 2.766015e-09
17649 2.765697e-09
17650 2.765380e-09
17651 2.765062e-09
17652 2.764745e-09
17653 2.764428e-09
17654 2.764111e-09
17655 2.763793e-09
17656 2.763476e-09
17657 2.763159e-09
17658 2.762841e-09
17659 2.762524e-09
17660 2.762207e-09
17661 2.761890e-09
17662 2.761572e-09
17663 2.761255e-09
17664 2.760938e-09
17665 2.760621e-09
17666 2.760304e-09
17667 2.759987e-09
17668 2.759670e-09
17669 2.759353e-09
17670 2.759036e-09
17671 2.758719e-09
17672 2.758402e-09
17673 2.758085e-09
17674 2.757768e-09
17675 2.757451e-09
17676 2.757134e-09
17677 2.756818e-09
17678 2.756500e-09
17679 2.756184e-09
17680 2.755867e-09
17681 2.755550e-09
17682 2.755233e-09
17683 2.754916e-09
17684 2.754600e-09
17685 2.754283e-09
17686 2.753966e-09
17687 2.753649e-09
17688 2.753333e-09
17689 2.753016e-09
17690 2.752700e-09
17691 2.752383e-09
17692 2.752066e-09
17693 2.751749e-09
17694 2.751433e-09
17695 2.751116e-09
17696 2.750800e-09
17697 2.750483e-09
17698 2.750167e-09
17699 2.749850e-09
17700 2.749534e-09
17701 2.749217e-09
17702 2.748901e-09
17703 2.748584e-09
17704 2.748268e-09
17705 2.747952e-09
17706 2.747635e-09
17707 2.747319e-09
17708 2.747002e-09
17709 2.746686e-09
17710 2.746370e-09
17711 2.746054e-09
17712 2.745737e-09
17713 2.745421e-09
17714 2.745105e-09
17715 2.744789e-09
17716 2.744472e-09
17717 2.744157e-09
17718 2.743840e-09
17719 2.743524e-09
17720 2.743208e-09
17721 2.742892e-09
17722 2.742576e-09
17723 2.742260e-09
17724 2.741944e-09
17725 2.741628e-09
17726 2.741312e-09
17727 2.740996e-09
17728 2.740680e-09
17729 2.740364e-09
17730 2.740048e-09
17731 2.739732e-09
17732 2.739416e-09
17733 2.739100e-09
17734 2.738784e-09
17735 2.738468e-09
17736 2.738153e-09
17737 2.737836e-09
17738 2.737521e-09
17739 2.737205e-09
17740 2.736889e-09
17741 2.736573e-09
17742 2.736258e-09
17743 2.735942e-09
17744 2.735627e-09
17745 2.735311e-09
17746 2.734995e-09
17747 2.734679e-09
17748 2.734364e-09
17749 2.734048e-09
17750 2.733733e-09
17751 2.733417e-09
17752 2.733102e-09
17753 2.732786e-09
17754 2.732471e-09
17755 2.732155e-09
17756 2.731839e-09
17757 2.731524e-09
17758 2.731208e-09
17759 2.730893e-09
17760 2.730578e-09
17761 2.730263e-09
17762 2.729947e-09
17763 2.729632e-09
17764 2.729316e-09
17765 2.729001e-09
17766 2.728686e-09
17767 2.728371e-09
17768 2.728055e-09
17769 2.727740e-09
17770 2.727425e-09
17771 2.727110e-09
17772 2.726794e-09
17773 2.726479e-09
17774 2.726164e-09
17775 2.725849e-09
17776 2.725534e-09
17777 2.725219e-09
17778 2.724903e-09
17779 2.724588e-09
17780 2.724273e-09
17781 2.723958e-09
17782 2.723643e-09
17783 2.723328e-09
17784 2.723013e-09
17785 2.722698e-09
17786 2.722384e-09
17787 2.722068e-09
17788 2.721754e-09
17789 2.721438e-09
17790 2.721124e-09
17791 2.720809e-09
17792 2.720494e-09
17793 2.720179e-09
17794 2.719865e-09
17795 2.719550e-09
17796 2.719235e-09
17797 2.718920e-09
17798 2.718606e-09
17799 2.718291e-09
17800 2.717976e-09
17801 2.717661e-09
17802 2.717347e-09
17803 2.717032e-09
17804 2.716717e-09
17805 2.716403e-09
17806 2.716088e-09
17807 2.715774e-09
17808 2.715459e-09
17809 2.715145e-09
17810 2.714830e-09
17811 2.714516e-09
17812 2.714201e-09
17813 2.713887e-09
17814 2.713572e-09
17815 2.713258e-09
17816 2.712943e-09
17817 2.712629e-09
17818 2.712314e-09
17819 2.712000e-09
17820 2.711686e-09
17821 2.711372e-09
17822 2.711057e-09
17823 2.710743e-09
17824 2.710428e-09
17825 2.710115e-09
17826 2.709800e-09
17827 2.709486e-09
17828 2.709172e-09
17829 2.708857e-09
17830 2.708543e-09
17831 2.708229e-09
17832 2.707915e-09
17833 2.707601e-09
17834 2.707287e-09
17835 2.706972e-09
17836 2.706659e-09
17837 2.706344e-09
17838 2.706031e-09
17839 2.705716e-09
17840 2.705403e-09
17841 2.705088e-09
17842 2.704775e-09
17843 2.704461e-09
17844 2.704147e-09
17845 2.703833e-09
17846 2.703519e-09
17847 2.703205e-09
17848 2.702891e-09
17849 2.702577e-09
17850 2.702264e-09
17851 2.701950e-09
17852 2.701636e-09
17853 2.701322e-09
17854 2.701008e-09
17855 2.700695e-09
17856 2.700381e-09
17857 2.700067e-09
17858 2.699753e-09
17859 2.699440e-09
17860 2.699126e-09
17861 2.698813e-09
17862 2.698499e-09
17863 2.698186e-09
17864 2.697872e-09
17865 2.697559e-09
17866 2.697245e-09
17867 2.696932e-09
17868 2.696618e-09
17869 2.696305e-09
17870 2.695991e-09
17871 2.695678e-09
17872 2.695364e-09
17873 2.695051e-09
17874 2.694737e-09
17875 2.694424e-09
17876 2.694110e-09
17877 2.693797e-09
17878 2.693484e-09
17879 2.693170e-09
17880 2.692857e-09
17881 2.692544e-09
17882 2.692231e-09
17883 2.691917e-09
17884 2.691604e-09
17885 2.691291e-09
17886 2.690978e-09
17887 2.690664e-09
17888 2.690352e-09
17889 2.690038e-09
17890 2.689725e-09
17891 2.689412e-09
17892 2.689099e-09
17893 2.688786e-09
17894 2.688473e-09
17895 2.688160e-09
17896 2.687847e-09
17897 2.687534e-09
17898 2.687221e-09
17899 2.686908e-09
17900 2.686595e-09
17901 2.686282e-09
17902 2.685969e-09
17903 2.685656e-09
17904 2.685343e-09
17905 2.685031e-09
17906 2.684717e-09
17907 2.684405e-09
17908 2.684092e-09
17909 2.683779e-09
17910 2.683466e-09
17911 2.683154e-09
17912 2.682841e-09
17913 2.682529e-09
17914 2.682216e-09
17915 2.681903e-09
17916 2.681590e-09
17917 2.681278e-09
17918 2.680965e-09
17919 2.680653e-09
17920 2.680340e-09
17921 2.680028e-09
17922 2.679715e-09
17923 2.679402e-09
17924 2.679090e-09
17925 2.678777e-09
17926 2.678465e-09
17927 2.678152e-09
17928 2.677840e-09
17929 2.677527e-09
17930 2.677215e-09
17931 2.676902e-09
17932 2.676590e-09
17933 2.676278e-09
17934 2.675966e-09
17935 2.675653e-09
17936 2.675341e-09
17937 2.675028e-09
17938 2.674716e-09
17939 2.674404e-09
17940 2.674092e-09
17941 2.673779e-09
17942 2.673467e-09
17943 2.673155e-09
17944 2.672843e-09
17945 2.672531e-09
17946 2.672219e-09
17947 2.671906e-09
17948 2.671595e-09
17949 2.671282e-09
17950 2.670971e-09
17951 2.670658e-09
17952 2.670346e-09
17953 2.670034e-09
17954 2.669722e-09
17955 2.669410e-09
17956 2.669098e-09
17957 2.668786e-09
17958 2.668474e-09
17959 2.668162e-09
17960 2.667850e-09
17961 2.667539e-09
17962 2.667227e-09
17963 2.666915e-09
17964 2.666603e-09
17965 2.666291e-09
17966 2.665979e-09
17967 2.665668e-09
17968 2.665356e-09
17969 2.665044e-09
17970 2.664761e-09
17971 2.664478e-09
17972 2.664194e-09
17973 2.663911e-09
17974 2.663627e-09
17975 2.663344e-09
17976 2.663061e-09
17977 2.662778e-09
17978 2.662494e-09
17979 2.662211e-09
17980 2.661928e-09
17981 2.661644e-09
17982 2.661362e-09
17983 2.661079e-09
17984 2.660795e-09
17985 2.660512e-09
17986 2.660229e-09
17987 2.659946e-09
17988 2.659663e-09
17989 2.659380e-09
17990 2.659097e-09
17991 2.658814e-09
17992 2.658531e-09
17993 2.658247e-09
17994 2.657964e-09
17995 2.657681e-09
17996 2.657398e-09
17997 2.657116e-09
17998 2.656833e-09
17999 2.656550e-09
18000 2.656267e-09
18001 2.655984e-09
18002 2.655701e-09
18003 2.655418e-09
18004 2.655136e-09
18005 2.654853e-09
18006 2.654570e-09
18007 2.654287e-09
18008 2.654004e-09
18009 2.653721e-09
18010 2.653438e-09
18011 2.653156e-09
18012 2.652873e-09
18013 2.652590e-09
18014 2.652308e-09
18015 2.652025e-09
18016 2.651742e-09
18017 2.651460e-09
18018 2.651177e-09
18019 2.650895e-09
18020 2.650612e-09
18021 2.650329e-09
18022 2.650047e-09
18023 2.649764e-09
18024 2.649481e-09
18025 2.649199e-09
18026 2.648917e-09
18027 2.648634e-09
18028 2.648352e-09
18029 2.648069e-09
18030 2.647787e-09
18031 2.647504e-09
18032 2.647222e-09
18033 2.646940e-09
18034 2.646657e-09
18035 2.646375e-09
18036 2.646093e-09
18037 2.645810e-09
18038 2.645528e-09
18039 2.645245e-09
18040 2.644963e-09
18041 2.644681e-09
18042 2.644399e-09
18043 2.644117e-09
18044 2.643834e-09
18045 2.643552e-09
18046 2.643270e-09
18047 2.642987e-09
18048 2.642706e-09
18049 2.642424e-09
18050 2.642141e-09
18051 2.641859e-09
18052 2.641577e-09
18053 2.641295e-09
18054 2.641013e-09
18055 2.640731e-09
18056 2.640449e-09
18057 2.640167e-09
18058 2.639885e-09
18059 2.639603e-09
18060 2.639321e-09
18061 2.639039e-09
18062 2.638757e-09
18063 2.638475e-09
18064 2.638193e-09
18065 2.637911e-09
18066 2.637629e-09
18067 2.637347e-09
18068 2.637065e-09
18069 2.636784e-09
18070 2.636502e-09
18071 2.636220e-09
18072 2.635939e-09
18073 2.635657e-09
18074 2.635375e-09
18075 2.635093e-09
18076 2.634811e-09
18077 2.634530e-09
18078 2.634248e-09
18079 2.633967e-09
18080 2.633685e-09
18081 2.633403e-09
18082 2.633121e-09
18083 2.632840e-09
18084 2.632558e-09
18085 2.632277e-09
18086 2.631995e-09
18087 2.631714e-09
18088 2.631432e-09
18089 2.631150e-09
18090 2.630869e-09
18091 2.630587e-09
18092 2.630306e-09
18093 2.630025e-09
18094 2.629743e-09
18095 2.629462e-09
18096 2.629180e-09
18097 2.628899e-09
18098 2.628617e-09
18099 2.628336e-09
18100 2.628055e-09
18101 2.627774e-09
18102 2.627492e-09
18103 2.627211e-09
18104 2.626929e-09
18105 2.626648e-09
18106 2.626367e-09
18107 2.626086e-09
18108 2.625805e-09
18109 2.625523e-09
18110 2.625242e-09
18111 2.624961e-09
18112 2.624680e-09
18113 2.624398e-09
18114 2.624118e-09
18115 2.623837e-09
18116 2.623556e-09
18117 2.623274e-09
18118 2.622993e-09
18119 2.622712e-09
18120 2.622431e-09
18121 2.622150e-09
18122 2.621869e-09
18123 2.621588e-09
18124 2.621307e-09
18125 2.621026e-09
18126 2.620745e-09
18127 2.620464e-09
18128 2.620183e-09
18129 2.619903e-09
18130 2.619622e-09
18131 2.619341e-09
18132 2.619060e-09
18133 2.618779e-09
18134 2.618498e-09
18135 2.618217e-09
18136 2.617937e-09
18137 2.617656e-09
18138 2.617375e-09
18139 2.617094e-09
18140 2.616814e-09
18141 2.616533e-09
18142 2.616252e-09
18143 2.615971e-09
18144 2.615691e-09
18145 2.615410e-09
18146 2.615130e-09
18147 2.614849e-09
18148 2.614568e-09
18149 2.614288e-09
18150 2.614007e-09
18151 2.613727e-09
18152 2.613446e-09
18153 2.613166e-09
18154 2.612885e-09
18155 2.612605e-09
18156 2.612324e-09
18157 2.612043e-09
18158 2.611764e-09
18159 2.611483e-09
18160 2.611203e-09
18161 2.610922e-09
18162 2.610642e-09
18163 2.610361e-09
18164 2.610081e-09
18165 2.609800e-09
18166 2.609520e-09
18167 2.609240e-09
18168 2.608960e-09
18169 2.608679e-09
18170 2.608399e-09
18171 2.608119e-09
18172 2.607838e-09
18173 2.607559e-09
18174 2.607278e-09
18175 2.606998e-09
18176 2.606718e-09
18177 2.606438e-09
18178 2.606157e-09
18179 2.605877e-09
18180 2.605598e-09
18181 2.605317e-09
18182 2.605037e-09
18183 2.604757e-09
18184 2.604477e-09
18185 2.604197e-09
18186 2.603917e-09
18187 2.603637e-09
18188 2.603357e-09
18189 2.603077e-09
18190 2.602797e-09
18191 2.602517e-09
18192 2.602237e-09
18193 2.601957e-09
18194 2.601677e-09
18195 2.601398e-09
18196 2.601118e-09
18197 2.600838e-09
18198 2.600558e-09
18199 2.600278e-09
18200 2.599998e-09
18201 2.599718e-09
18202 2.599439e-09
18203 2.599159e-09
18204 2.598879e-09
18205 2.598600e-09
18206 2.598320e-09
18207 2.598040e-09
18208 2.597760e-09
18209 2.597481e-09
18210 2.597201e-09
18211 2.596922e-09
18212 2.596642e-09
18213 2.596362e-09
18214 2.596083e-09
18215 2.595803e-09
18216 2.595523e-09
18217 2.595244e-09
18218 2.594965e-09
18219 2.594685e-09
18220 2.594406e-09
18221 2.594126e-09
18222 2.593846e-09
18223 2.593567e-09
18224 2.593288e-09
18225 2.593009e-09
18226 2.592729e-09
18227 2.592450e-09
18228 2.592170e-09
18229 2.591891e-09
18230 2.591611e-09
18231 2.591332e-09
18232 2.591053e-09
18233 2.590774e-09
18234 2.590494e-09
18235 2.590215e-09
18236 2.589936e-09
18237 2.589656e-09
18238 2.589377e-09
18239 2.589098e-09
18240 2.588819e-09
18241 2.588540e-09
18242 2.588261e-09
18243 2.587981e-09
18244 2.587702e-09
18245 2.587423e-09
18246 2.587144e-09
18247 2.586865e-09
18248 2.586586e-09
18249 2.586307e-09
18250 2.586028e-09
18251 2.585749e-09
18252 2.585470e-09
18253 2.585191e-09
18254 2.584912e-09
18255 2.584633e-09
18256 2.584354e-09
18257 2.584075e-09
18258 2.583796e-09
18259 2.583517e-09
18260 2.583238e-09
18261 2.582960e-09
18262 2.582681e-09
18263 2.582402e-09
18264 2.582123e-09
18265 2.581844e-09
18266 2.581565e-09
18267 2.581286e-09
18268 2.581008e-09
18269 2.580729e-09
18270 2.580451e-09
18271 2.580172e-09
18272 2.579893e-09
18273 2.579614e-09
18274 2.579335e-09
18275 2.579057e-09
18276 2.578779e-09
18277 2.578500e-09
18278 2.578221e-09
18279 2.577942e-09
18280 2.577664e-09
18281 2.577385e-09
18282 2.577107e-09
18283 2.576829e-09
18284 2.576550e-09
18285 2.576271e-09
18286 2.575993e-09
18287 2.575714e-09
18288 2.575436e-09
18289 2.575157e-09
18290 2.574879e-09
18291 2.574601e-09
18292 2.574322e-09
18293 2.574044e-09
18294 2.573765e-09
18295 2.573487e-09
18296 2.573209e-09
18297 2.572930e-09
18298 2.572652e-09
18299 2.572374e-09
18300 2.572096e-09
18301 2.571817e-09
18302 2.571539e-09
18303 2.571261e-09
18304 2.570982e-09
18305 2.570705e-09
18306 2.570426e-09
18307 2.570148e-09
18308 2.569870e-09
18309 2.569592e-09
18310 2.569314e-09
18311 2.569035e-09
18312 2.568758e-09
18313 2.568480e-09
18314 2.568202e-09
18315 2.567923e-09
18316 2.567645e-09
18317 2.567367e-09
18318 2.567089e-09
18319 2.566811e-09
18320 2.566534e-09
18321 2.566256e-09
18322 2.565978e-09
18323 2.565700e-09
18324 2.565422e-09
18325 2.565144e-09
18326 2.564866e-09
18327 2.564588e-09
18328 2.564310e-09
18329 2.564032e-09
18330 2.563755e-09
18331 2.563477e-09
18332 2.563199e-09
18333 2.562921e-09
18334 2.562644e-09
18335 2.562366e-09
18336 2.562088e-09
18337 2.561810e-09
18338 2.561532e-09
18339 2.561255e-09
18340 2.560977e-09
18341 2.560699e-09
18342 2.560422e-09
18343 2.560144e-09
18344 2.559867e-09
18345 2.559589e-09
18346 2.559311e-09
18347 2.559034e-09
18348 2.558756e-09
18349 2.558479e-09
18350 2.558202e-09
18351 2.557924e-09
18352 2.557646e-09
18353 2.557369e-09
18354 2.557091e-09
18355 2.556814e-09
18356 2.556537e-09
18357 2.556259e-09
18358 2.555982e-09
18359 2.555704e-09
18360 2.555427e-09
18361 2.555150e-09
18362 2.554872e-09
18363 2.554595e-09
18364 2.554318e-09
18365 2.554041e-09
18366 2.553763e-09
18367 2.553486e-09
18368 2.553209e-09
18369 2.552931e-09
18370 2.552654e-09
18371 2.552377e-09
18372 2.552100e-09
18373 2.551823e-09
18374 2.551546e-09
18375 2.551268e-09
18376 2.550991e-09
18377 2.550714e-09
18378 2.550437e-09
18379 2.550160e-09
18380 2.549883e-09
18381 2.549606e-09
18382 2.549329e-09
18383 2.549052e-09
18384 2.548775e-09
18385 2.548498e-09
18386 2.548221e-09
18387 2.547944e-09
18388 2.547667e-09
18389 2.547390e-09
18390 2.547113e-09
18391 2.546836e-09
18392 2.546559e-09
18393 2.546283e-09
18394 2.546006e-09
18395 2.545729e-09
18396 2.545452e-09
18397 2.545175e-09
18398 2.544898e-09
18399 2.544621e-09
18400 2.544345e-09
18401 2.544068e-09
18402 2.543792e-09
18403 2.543515e-09
18404 2.543238e-09
18405 2.542961e-09
18406 2.542684e-09
18407 2.542408e-09
18408 2.542132e-09
18409 2.541855e-09
18410 2.541578e-09
18411 2.541302e-09
18412 2.541025e-09
18413 2.540748e-09
18414 2.540472e-09
18415 2.540196e-09
18416 2.539919e-09
18417 2.539642e-09
18418 2.539366e-09
18419 2.539089e-09
18420 2.538813e-09
18421 2.538536e-09
18422 2.538260e-09
18423 2.537984e-09
18424 2.537707e-09
18425 2.537431e-09
18426 2.537154e-09
18427 2.536878e-09
18428 2.536602e-09
18429 2.536325e-09
18430 2.536049e-09
18431 2.535773e-09
18432 2.535497e-09
18433 2.535220e-09
18434 2.534944e-09
18435 2.534668e-09
18436 2.534391e-09
18437 2.534116e-09
18438 2.533839e-09
18439 2.533563e-09
18440 2.533287e-09
18441 2.533011e-09
18442 2.532734e-09
18443 2.532458e-09
18444 2.532182e-09
18445 2.531907e-09
18446 2.531630e-09
18447 2.531354e-09
18448 2.531078e-09
18449 2.530802e-09
18450 2.530526e-09
18451 2.530250e-09
18452 2.529974e-09
18453 2.529698e-09
18454 2.529422e-09
18455 2.529146e-09
18456 2.528870e-09
18457 2.528594e-09
18458 2.528318e-09
18459 2.528043e-09
18460 2.527767e-09
18461 2.527491e-09
18462 2.527215e-09
18463 2.526939e-09
18464 2.526663e-09
18465 2.526388e-09
18466 2.526112e-09
18467 2.525836e-09
18468 2.525561e-09
18469 2.525285e-09
18470 2.525009e-09
18471 2.524733e-09
18472 2.524457e-09
18473 2.524182e-09
18474 2.523907e-09
18475 2.523631e-09
18476 2.523355e-09
18477 2.523079e-09
18478 2.522804e-09
18479 2.522528e-09
18480 2.522253e-09
18481 2.521977e-09
18482 2.521702e-09
18483 2.521426e-09
18484 2.521151e-09
18485 2.520875e-09
18486 2.520600e-09
18487 2.520324e-09
18488 2.520049e-09
18489 2.519774e-09
18490 2.519498e-09
18491 2.519223e-09
18492 2.518947e-09
18493 2.518672e-09
18494 2.518396e-09
18495 2.518121e-09
18496 2.517846e-09
18497 2.517571e-09
18498 2.517295e-09
18499 2.517020e-09
18500 2.516745e-09
18501 2.516469e-09
18502 2.516194e-09
18503 2.515919e-09
18504 2.515644e-09
18505 2.515369e-09
18506 2.515093e-09
18507 2.514818e-09
18508 2.514543e-09
18509 2.514268e-09
18510 2.513993e-09
18511 2.513718e-09
18512 2.513443e-09
18513 2.513168e-09
18514 2.512893e-09
18515 2.512617e-09
18516 2.512342e-09
18517 2.512067e-09
18518 2.511793e-09
18519 2.511518e-09
18520 2.511243e-09
18521 2.510968e-09
18522 2.510693e-09
18523 2.510418e-09
18524 2.510143e-09
18525 2.509868e-09
18526 2.509593e-09
18527 2.509318e-09
18528 2.509043e-09
18529 2.508768e-09
18530 2.508494e-09
18531 2.508219e-09
18532 2.507944e-09
18533 2.507670e-09
18534 2.507395e-09
18535 2.507120e-09
18536 2.506845e-09
18537 2.506570e-09
18538 2.506295e-09
18539 2.506021e-09
18540 2.505747e-09
18541 2.505472e-09
18542 2.505197e-09
18543 2.504922e-09
18544 2.504648e-09
18545 2.504373e-09
18546 2.504098e-09
18547 2.503824e-09
18548 2.503550e-09
18549 2.503275e-09
18550 2.503000e-09
18551 2.502726e-09
18552 2.502451e-09
18553 2.502177e-09
18554 2.501902e-09
18555 2.501628e-09
18556 2.501354e-09
18557 2.501079e-09
18558 2.500805e-09
18559 2.500530e-09
18560 2.500256e-09
18561 2.499981e-09
18562 2.499708e-09
18563 2.499433e-09
18564 2.499159e-09
18565 2.498884e-09
18566 2.498610e-09
18567 2.498336e-09
18568 2.498061e-09
18569 2.497788e-09
18570 2.497513e-09
18571 2.497239e-09
18572 2.496965e-09
18573 2.496690e-09
18574 2.496416e-09
18575 2.496142e-09
18576 2.495868e-09
18577 2.495594e-09
18578 2.495320e-09
18579 2.495046e-09
18580 2.494772e-09
18581 2.494498e-09
18582 2.494223e-09
18583 2.493949e-09
18584 2.493676e-09
18585 2.493402e-09
18586 2.493128e-09
18587 2.492854e-09
18588 2.492580e-09
18589 2.492305e-09
18590 2.492031e-09
18591 2.491758e-09
18592 2.491484e-09
18593 2.491210e-09
18594 2.490936e-09
18595 2.490662e-09
18596 2.490388e-09
18597 2.490114e-09
18598 2.489841e-09
18599 2.489567e-09
18600 2.489293e-09
18601 2.489020e-09
18602 2.488746e-09
18603 2.488472e-09
18604 2.488198e-09
18605 2.487924e-09
18606 2.487651e-09
18607 2.487377e-09
18608 2.487104e-09
18609 2.486830e-09
18610 2.486556e-09
18611 2.486282e-09
18612 2.486009e-09
18613 2.485736e-09
18614 2.485462e-09
18615 2.485188e-09
18616 2.484915e-09
18617 2.484641e-09
18618 2.484368e-09
18619 2.484094e-09
18620 2.483820e-09
18621 2.483547e-09
18622 2.483274e-09
18623 2.483000e-09
18624 2.482727e-09
18625 2.482453e-09
18626 2.482180e-09
18627 2.481906e-09
18628 2.481633e-09
18629 2.481360e-09
18630 2.481087e-09
18631 2.480813e-09
18632 2.480540e-09
18633 2.480266e-09
18634 2.479993e-09
18635 2.479720e-09
18636 2.479447e-09
18637 2.479174e-09
18638 2.478900e-09
18639 2.478627e-09
18640 2.478354e-09
18641 2.478081e-09
18642 2.477807e-09
18643 2.477535e-09
18644 2.477261e-09
18645 2.476988e-09
18646 2.476715e-09
18647 2.476442e-09
18648 2.476169e-09
18649 2.475896e-09
18650 2.475623e-09
18651 2.475350e-09
18652 2.475077e-09
18653 2.474804e-09
18654 2.474531e-09
18655 2.474258e-09
18656 2.473985e-09
18657 2.473712e-09
18658 2.473439e-09
18659 2.473166e-09
18660 2.472893e-09
18661 2.472620e-09
18662 2.472347e-09
18663 2.472074e-09
18664 2.471801e-09
18665 2.471529e-09
18666 2.471256e-09
18667 2.470983e-09
18668 2.470710e-09
18669 2.470438e-09
18670 2.470165e-09
18671 2.469892e-09
18672 2.469620e-09
18673 2.469347e-09
18674 2.469074e-09
18675 2.468801e-09
18676 2.468529e-09
18677 2.468256e-09
18678 2.467983e-09
18679 2.467711e-09
18680 2.467438e-09
18681 2.467166e-09
18682 2.466893e-09
18683 2.466620e-09
18684 2.466348e-09
18685 2.466075e-09
18686 2.465802e-09
18687 2.465530e-09
18688 2.465258e-09
18689 2.464985e-09
18690 2.464713e-09
18691 2.464440e-09
18692 2.464168e-09
18693 2.463895e-09
18694 2.463623e-09
18695 2.463351e-09
18696 2.463078e-09
18697 2.462806e-09
18698 2.462534e-09
18699 2.462261e-09
18700 2.461989e-09
18701 2.461717e-09
18702 2.461445e-09
18703 2.461172e-09
18704 2.460900e-09
18705 2.460628e-09
18706 2.460355e-09
18707 2.460083e-09
18708 2.459811e-09
18709 2.459539e-09
18710 2.459267e-09
18711 2.458994e-09
18712 2.458722e-09
18713 2.458450e-09
18714 2.458178e-09
18715 2.457906e-09
18716 2.457634e-09
18717 2.457362e-09
18718 2.457090e-09
18719 2.456818e-09
18720 2.456546e-09
18721 2.456273e-09
18722 2.456001e-09
18723 2.455730e-09
18724 2.455458e-09
18725 2.455186e-09
18726 2.454914e-09
18727 2.454642e-09
18728 2.454370e-09
18729 2.454098e-09
18730 2.453826e-09
18731 2.453555e-09
18732 2.453283e-09
18733 2.453011e-09
18734 2.452739e-09
18735 2.452467e-09
18736 2.452195e-09
18737 2.451923e-09
18738 2.451652e-09
18739 2.451380e-09
18740 2.451108e-09
18741 2.450836e-09
18742 2.450565e-09
18743 2.450293e-09
18744 2.450021e-09
18745 2.449750e-09
18746 2.449478e-09
18747 2.449206e-09
18748 2.448935e-09
18749 2.448663e-09
18750 2.448391e-09
18751 2.448120e-09
18752 2.447848e-09
18753 2.447577e-09
18754 2.447305e-09
18755 2.447034e-09
18756 2.446762e-09
18757 2.446491e-09
18758 2.446219e-09
18759 2.445948e-09
18760 2.445677e-09
18761 2.445405e-09
18762 2.445134e-09
18763 2.444862e-09
18764 2.444591e-09
18765 2.444319e-09
18766 2.444048e-09
18767 2.443777e-09
18768 2.443506e-09
18769 2.443234e-09
18770 2.442963e-09
18771 2.442691e-09
18772 2.442420e-09
18773 2.442149e-09
18774 2.441877e-09
18775 2.441607e-09
18776 2.441335e-09
18777 2.441064e-09
18778 2.440793e-09
18779 2.440522e-09
18780 2.440250e-09
18781 2.439979e-09
18782 2.439708e-09
18783 2.439437e-09
18784 2.439166e-09
18785 2.438895e-09
18786 2.438624e-09
18787 2.438353e-09
18788 2.438082e-09
18789 2.437810e-09
18790 2.437540e-09
18791 2.437269e-09
18792 2.436998e-09
18793 2.436727e-09
18794 2.436456e-09
18795 2.436185e-09
18796 2.435914e-09
18797 2.435643e-09
18798 2.435372e-09
18799 2.435101e-09
18800 2.434830e-09
18801 2.434559e-09
18802 2.434288e-09
18803 2.434018e-09
18804 2.433747e-09
18805 2.433476e-09
18806 2.433206e-09
18807 2.432935e-09
18808 2.432664e-09
18809 2.432393e-09
18810 2.432122e-09
18811 2.431851e-09
18812 2.431581e-09
18813 2.431310e-09
18814 2.431040e-09
18815 2.430769e-09
18816 2.430498e-09
18817 2.430228e-09
18818 2.429957e-09
18819 2.429687e-09
18820 2.429416e-09
18821 2.429145e-09
18822 2.428875e-09
18823 2.428604e-09
18824 2.428334e-09
18825 2.428063e-09
18826 2.427793e-09
18827 2.427522e-09
18828 2.427252e-09
18829 2.426981e-09
18830 2.426711e-09
18831 2.426440e-09
18832 2.426170e-09
18833 2.425899e-09
18834 2.425629e-09
18835 2.425359e-09
18836 2.425089e-09
18837 2.424818e-09
18838 2.424548e-09
18839 2.424277e-09
18840 2.424007e-09
18841 2.423737e-09
18842 2.423467e-09
18843 2.423197e-09
18844 2.422926e-09
18845 2.422656e-09
18846 2.422386e-09
18847 2.422115e-09
18848 2.421846e-09
18849 2.421575e-09
18850 2.421305e-09
18851 2.421035e-09
18852 2.420765e-09
18853 2.420495e-09
18854 2.420224e-09
18855 2.419954e-09
18856 2.419685e-09
18857 2.419415e-09
18858 2.419144e-09
18859 2.418874e-09
18860 2.418604e-09
18861 2.418334e-09
18862 2.418064e-09
18863 2.417795e-09
18864 2.417525e-09
18865 2.417255e-09
18866 2.416985e-09
18867 2.416715e-09
18868 2.416445e-09
18869 2.416175e-09
18870 2.415905e-09
18871 2.415635e-09
18872 2.415366e-09
18873 2.415096e-09
18874 2.414826e-09
18875 2.414556e-09
18876 2.414286e-09
18877 2.414016e-09
18878 2.413747e-09
18879 2.413477e-09
18880 2.413207e-09
18881 2.412938e-09
18882 2.412668e-09
18883 2.412398e-09
18884 2.412128e-09
18885 2.411859e-09
18886 2.411589e-09
18887 2.411320e-09
18888 2.411050e-09
18889 2.410780e-09
18890 2.410511e-09
18891 2.410241e-09
18892 2.409972e-09
18893 2.409702e-09
18894 2.409433e-09
18895 2.409163e-09
18896 2.408894e-09
18897 2.408624e-09
18898 2.408354e-09
18899 2.408085e-09
18900 2.407816e-09
18901 2.407546e-09
18902 2.407277e-09
18903 2.407008e-09
18904 2.406738e-09
18905 2.406469e-09
18906 2.406199e-09
18907 2.405930e-09
18908 2.405661e-09
18909 2.405392e-09
18910 2.405122e-09
18911 2.404853e-09
18912 2.404583e-09
18913 2.404314e-09
18914 2.404045e-09
18915 2.403776e-09
18916 2.403507e-09
18917 2.403238e-09
18918 2.402968e-09
18919 2.402699e-09
18920 2.402430e-09
18921 2.402161e-09
18922 2.401892e-09
18923 2.401623e-09
18924 2.401354e-09
18925 2.401084e-09
18926 2.400815e-09
18927 2.400546e-09
18928 2.400277e-09
18929 2.400009e-09
18930 2.399739e-09
18931 2.399470e-09
18932 2.399201e-09
18933 2.398932e-09
18934 2.398663e-09
18935 2.398394e-09
18936 2.398126e-09
18937 2.397857e-09
18938 2.397588e-09
18939 2.397319e-09
18940 2.397050e-09
18941 2.396781e-09
18942 2.396512e-09
18943 2.396243e-09
18944 2.395975e-09
18945 2.395706e-09
18946 2.395437e-09
18947 2.395168e-09
18948 2.394899e-09
18949 2.394631e-09
18950 2.394362e-09
18951 2.394094e-09
18952 2.393825e-09
18953 2.393556e-09
18954 2.393287e-09
18955 2.393019e-09
18956 2.392750e-09
18957 2.392482e-09
18958 2.392238e-09
18959 2.391994e-09
18960 2.391750e-09
18961 2.391507e-09
18962 2.391263e-09
18963 2.391020e-09
18964 2.390776e-09
18965 2.390532e-09
18966 2.390288e-09
18967 2.390045e-09
18968 2.389801e-09
18969 2.389558e-09
18970 2.389314e-09
18971 2.389071e-09
18972 2.388827e-09
18973 2.388584e-09
18974 2.388340e-09
18975 2.388097e-09
18976 2.387853e-09
18977 2.387609e-09
18978 2.387366e-09
18979 2.387122e-09
18980 2.386879e-09
18981 2.386635e-09
18982 2.386392e-09
18983 2.386149e-09
18984 2.385906e-09
18985 2.385662e-09
18986 2.385419e-09
18987 2.385175e-09
18988 2.384932e-09
18989 2.384689e-09
18990 2.384445e-09
18991 2.384202e-09
18992 2.383959e-09
18993 2.383715e-09
18994 2.383472e-09
18995 2.383229e-09
18996 2.382985e-09
18997 2.382742e-09
18998 2.382499e-09
18999 2.382256e-09
19000 2.382013e-09
19001 2.381770e-09
19002 2.381526e-09
19003 2.381283e-09
19004 2.381040e-09
19005 2.380797e-09
19006 2.380554e-09
19007 2.380311e-09
19008 2.380068e-09
19009 2.379825e-09
19010 2.379581e-09
19011 2.379338e-09
19012 2.379095e-09
19013 2.378852e-09
19014 2.378609e-09
19015 2.378366e-09
19016 2.378123e-09
19017 2.377880e-09
19018 2.377638e-09
19019 2.377394e-09
19020 2.377152e-09
19021 2.376908e-09
19022 2.376666e-09
19023 2.376423e-09
19024 2.376180e-09
19025 2.375937e-09
19026 2.375694e-09
19027 2.375451e-09
19028 2.375208e-09
19029 2.374966e-09
19030 2.374723e-09
19031 2.374480e-09
19032 2.374237e-09
19033 2.373995e-09
19034 2.373751e-09
19035 2.373509e-09
19036 2.373266e-09
19037 2.373024e-09
19038 2.372781e-09
19039 2.372538e-09
19040 2.372295e-09
19041 2.372053e-09
19042 2.371810e-09
19043 2.371567e-09
19044 2.371325e-09
19045 2.371082e-09
19046 2.370840e-09
19047 2.370597e-09
19048 2.370354e-09
19049 2.370112e-09
19050 2.369869e-09
19051 2.369626e-09
19052 2.369384e-09
19053 2.369141e-09
19054 2.368899e-09
19055 2.368656e-09
19056 2.368414e-09
19057 2.368172e-09
19058 2.367929e-09
19059 2.367687e-09
19060 2.367444e-09
19061 2.367202e-09
19062 2.366959e-09
19063 2.366717e-09
19064 2.366474e-09
19065 2.366232e-09
19066 2.365990e-09
19067 2.365748e-09
19068 2.365505e-09
19069 2.365263e-09
19070 2.365021e-09
19071 2.364779e-09
19072 2.364536e-09
19073 2.364294e-09
19074 2.364052e-09
19075 2.363809e-09
19076 2.363567e-09
19077 2.363325e-09
19078 2.363083e-09
19079 2.362840e-09
19080 2.362598e-09
19081 2.362356e-09
19082 2.362114e-09
19083 2.361872e-09
19084 2.361630e-09
19085 2.361388e-09
19086 2.361146e-09
19087 2.360903e-09
19088 2.360662e-09
19089 2.360419e-09
19090 2.360177e-09
19091 2.359935e-09
19092 2.359693e-09
19093 2.359451e-09
19094 2.359209e-09
19095 2.358967e-09
19096 2.358725e-09
19097 2.358483e-09
19098 2.358241e-09
19099 2.357999e-09
19100 2.357757e-09
19101 2.357516e-09
19102 2.357274e-09
19103 2.357032e-09
19104 2.356790e-09
19105 2.356548e-09
19106 2.356306e-09
19107 2.356065e-09
19108 2.355822e-09
19109 2.355580e-09
19110 2.355339e-09
19111 2.355097e-09
19112 2.354855e-09
19113 2.354613e-09
19114 2.354372e-09
19115 2.354130e-09
19116 2.353889e-09
19117 2.353647e-09
19118 2.353405e-09
19119 2.353163e-09
19120 2.352922e-09
19121 2.352680e-09
19122 2.352439e-09
19123 2.352197e-09
19124 2.351955e-09
19125 2.351713e-09
19126 2.351472e-09
19127 2.351230e-09
19128 2.350988e-09
19129 2.350747e-09
19130 2.350505e-09
19131 2.350264e-09
19132 2.350022e-09
19133 2.349781e-09
19134 2.349539e-09
19135 2.349298e-09
19136 2.349057e-09
19137 2.348815e-09
19138 2.348574e-09
19139 2.348333e-09
19140 2.348091e-09
19141 2.347849e-09
19142 2.347608e-09
19143 2.347366e-09
19144 2.347125e-09
19145 2.346884e-09
19146 2.346643e-09
19147 2.346401e-09
19148 2.346160e-09
19149 2.345919e-09
19150 2.345678e-09
19151 2.345436e-09
19152 2.345195e-09
19153 2.344953e-09
19154 2.344713e-09
19155 2.344471e-09
19156 2.344230e-09
19157 2.343989e-09
19158 2.343747e-09
19159 2.343506e-09
19160 2.343265e-09
19161 2.343024e-09
19162 2.342783e-09
19163 2.342542e-09
19164 2.342300e-09
19165 2.342060e-09
19166 2.341818e-09
19167 2.341577e-09
19168 2.341336e-09
19169 2.341095e-09
19170 2.340854e-09
19171 2.340613e-09
19172 2.340372e-09
19173 2.340131e-09
19174 2.339890e-09
19175 2.339649e-09
19176 2.339408e-09
19177 2.339167e-09
19178 2.338926e-09
19179 2.338685e-09
19180 2.338445e-09
19181 2.338203e-09
19182 2.337963e-09
19183 2.337722e-09
19184 2.337481e-09
19185 2.337240e-09
19186 2.336999e-09
19187 2.336758e-09
19188 2.336518e-09
19189 2.336277e-09
19190 2.336036e-09
19191 2.335795e-09
19192 2.335554e-09
19193 2.335314e-09
19194 2.335073e-09
19195 2.334832e-09
19196 2.334591e-09
19197 2.334351e-09
19198 2.334110e-09
19199 2.333870e-09
19200 2.333629e-09
19201 2.333388e-09
19202 2.333147e-09
19203 2.332907e-09
19204 2.332666e-09
19205 2.332426e-09
19206 2.332185e-09
19207 2.331944e-09
19208 2.331704e-09
19209 2.331463e-09
19210 2.331223e-09
19211 2.330982e-09
19212 2.330742e-09
19213 2.330501e-09
19214 2.330261e-09
19215 2.330020e-09
19216 2.329780e-09
19217 2.329539e-09
19218 2.329299e-09
19219 2.329059e-09
19220 2.328818e-09
19221 2.328578e-09
19222 2.328338e-09
19223 2.328097e-09
19224 2.327856e-09
19225 2.327616e-09
19226 2.327376e-09
19227 2.327136e-09
19228 2.326895e-09
19229 2.326655e-09
19230 2.326415e-09
19231 2.326175e-09
19232 2.325934e-09
19233 2.325694e-09
19234 2.325454e-09
19235 2.325214e-09
19236 2.324973e-09
19237 2.324733e-09
19238 2.324493e-09
19239 2.324252e-09
19240 2.324013e-09
19241 2.323772e-09
19242 2.323532e-09
19243 2.323292e-09
19244 2.323052e-09
19245 2.322812e-09
19246 2.322572e-09
19247 2.322332e-09
19248 2.322092e-09
19249 2.321851e-09
19250 2.321612e-09
19251 2.321371e-09
19252 2.321132e-09
19253 2.320891e-09
19254 2.320652e-09
19255 2.320412e-09
19256 2.320171e-09
19257 2.319932e-09
19258 2.319691e-09
19259 2.319452e-09
19260 2.319212e-09
19261 2.318972e-09
19262 2.318732e-09
19263 2.318492e-09
19264 2.318252e-09
19265 2.318013e-09
19266 2.317773e-09
19267 2.317533e-09
19268 2.317293e-09
19269 2.317053e-09
19270 2.316813e-09
19271 2.316574e-09
19272 2.316334e-09
19273 2.316094e-09
19274 2.315854e-09
19275 2.315614e-09
19276 2.315375e-09
19277 2.315135e-09
19278 2.314896e-09
19279 2.314656e-09
19280 2.314416e-09
19281 2.314176e-09
19282 2.313937e-09
19283 2.313697e-09
19284 2.313458e-09
19285 2.313218e-09
19286 2.312979e-09
19287 2.312739e-09
19288 2.312499e-09
19289 2.312260e-09
19290 2.312020e-09
19291 2.311781e-09
19292 2.311541e-09
19293 2.311302e-09
19294 2.311062e-09
19295 2.310823e-09
19296 2.310583e-09
19297 2.310344e-09
19298 2.310104e-09
19299 2.309865e-09
19300 2.309625e-09
19301 2.309386e-09
19302 2.309147e-09
19303 2.308908e-09
19304 2.308668e-09
19305 2.308428e-09
19306 2.308189e-09
19307 2.307950e-09
19308 2.307711e-09
19309 2.307471e-09
19310 2.307232e-09
19311 2.306993e-09
19312 2.306754e-09
19313 2.306514e-09
19314 2.306275e-09
19315 2.306036e-09
19316 2.305797e-09
19317 2.305557e-09
19318 2.305318e-09
19319 2.305079e-09
19320 2.304840e-09
19321 2.304601e-09
19322 2.304361e-09
19323 2.304122e-09
19324 2.303883e-09
19325 2.303644e-09
19326 2.303405e-09
19327 2.303166e-09
19328 2.302927e-09
19329 2.302688e-09
19330 2.302449e-09
19331 2.302210e-09
19332 2.301971e-09
19333 2.301732e-09
19334 2.301493e-09
19335 2.301254e-09
19336 2.301015e-09
19337 2.300776e-09
19338 2.300537e-09
19339 2.300298e-09
19340 2.300059e-09
19341 2.299820e-09
19342 2.299581e-09
19343 2.299342e-09
19344 2.299104e-09
19345 2.298864e-09
19346 2.298626e-09
19347 2.298387e-09
19348 2.298148e-09
19349 2.297909e-09
19350 2.297671e-09
19351 2.297432e-09
19352 2.297193e-09
19353 2.296954e-09
19354 2.296715e-09
19355 2.296477e-09
19356 2.296238e-09
19357 2.295999e-09
19358 2.295760e-09
19359 2.295522e-09
19360 2.295283e-09
19361 2.295045e-09
19362 2.294806e-09
19363 2.294567e-09
19364 2.294328e-09
19365 2.294090e-09
19366 2.293851e-09
19367 2.293613e-09
19368 2.293374e-09
19369 2.293136e-09
19370 2.292897e-09
19371 2.292658e-09
19372 2.292420e-09
19373 2.292181e-09
19374 2.291943e-09
19375 2.291704e-09
19376 2.291466e-09
19377 2.291227e-09
19378 2.290989e-09
19379 2.290751e-09
19380 2.290512e-09
19381 2.290274e-09
19382 2.290036e-09
19383 2.289797e-09
19384 2.289559e-09
19385 2.289320e-09
19386 2.289082e-09
19387 2.288844e-09
19388 2.288605e-09
19389 2.288367e-09
19390 2.288128e-09
19391 2.287890e-09
19392 2.287652e-09
19393 2.287414e-09
19394 2.287175e-09
19395 2.286937e-09
19396 2.286699e-09
19397 2.286461e-09
19398 2.286223e-09
19399 2.285985e-09
19400 2.285746e-09
19401 2.285508e-09
19402 2.285270e-09
19403 2.285032e-09
19404 2.284794e-09
19405 2.284555e-09
19406 2.284317e-09
19407 2.284079e-09
19408 2.283841e-09
19409 2.283603e-09
19410 2.283365e-09
19411 2.283127e-09
19412 2.282889e-09
19413 2.282651e-09
19414 2.282413e-09
19415 2.282175e-09
19416 2.281937e-09
19417 2.281699e-09
19418 2.281461e-09
19419 2.281223e-09
19420 2.280985e-09
19421 2.280747e-09
19422 2.280509e-09
19423 2.280272e-09
19424 2.280033e-09
19425 2.279796e-09
19426 2.279558e-09
19427 2.279320e-09
19428 2.279082e-09
19429 2.278844e-09
19430 2.278606e-09
19431 2.278369e-09
19432 2.278131e-09
19433 2.277893e-09
19434 2.277655e-09
19435 2.277418e-09
19436 2.277180e-09
19437 2.276942e-09
19438 2.276704e-09
19439 2.276467e-09
19440 2.276229e-09
19441 2.275991e-09
19442 2.275754e-09
19443 2.275516e-09
19444 2.275279e-09
19445 2.275041e-09
19446 2.274803e-09
19447 2.274565e-09
19448 2.274328e-09
19449 2.274090e-09
19450 2.273853e-09
19451 2.273615e-09
19452 2.273377e-09
19453 2.273140e-09
19454 2.272902e-09
19455 2.272665e-09
19456 2.272427e-09
19457 2.272190e-09
19458 2.271952e-09
19459 2.271715e-09
19460 2.271478e-09
19461 2.271240e-09
19462 2.271003e-09
19463 2.270766e-09
19464 2.270528e-09
19465 2.270291e-09
19466 2.270053e-09
19467 2.269816e-09
19468 2.269579e-09
19469 2.269341e-09
19470 2.269104e-09
19471 2.268866e-09
19472 2.268629e-09
19473 2.268392e-09
19474 2.268155e-09
19475 2.267917e-09
19476 2.267680e-09
19477 2.267443e-09
19478 2.267206e-09
19479 2.266968e-09
19480 2.266732e-09
19481 2.266494e-09
19482 2.266257e-09
19483 2.266020e-09
19484 2.265783e-09
19485 2.265546e-09
19486 2.265308e-09
19487 2.265071e-09
19488 2.264834e-09
19489 2.264597e-09
19490 2.264360e-09
19491 2.264123e-09
19492 2.263886e-09
19493 2.263649e-09
19494 2.263412e-09
19495 2.263175e-09
19496 2.262938e-09
19497 2.262701e-09
19498 2.262464e-09
19499 2.262227e-09
19500 2.261990e-09
19501 2.261753e-09
19502 2.261516e-09
19503 2.261279e-09
19504 2.261042e-09
19505 2.260805e-09
19506 2.260568e-09
19507 2.260331e-09
19508 2.260095e-09
19509 2.259858e-09
19510 2.259621e-09
19511 2.259384e-09
19512 2.259147e-09
19513 2.258910e-09
19514 2.258674e-09
19515 2.258437e-09
19516 2.258200e-09
19517 2.257963e-09
19518 2.257726e-09
19519 2.257490e-09
19520 2.257253e-09
19521 2.257017e-09
19522 2.256780e-09
19523 2.256543e-09
19524 2.256306e-09
19525 2.256070e-09
19526 2.255833e-09
19527 2.255597e-09
19528 2.255360e-09
19529 2.255123e-09
19530 2.254887e-09
19531 2.254650e-09
19532 2.254413e-09
19533 2.254177e-09
19534 2.253940e-09
19535 2.253704e-09
19536 2.253467e-09
19537 2.253231e-09
19538 2.252994e-09
19539 2.252758e-09
19540 2.252521e-09
19541 2.252285e-09
19542 2.252049e-09
19543 2.251812e-09
19544 2.251576e-09
19545 2.251339e-09
19546 2.251103e-09
19547 2.250866e-09
19548 2.250630e-09
19549 2.250394e-09
19550 2.250158e-09
19551 2.249921e-09
19552 2.249684e-09
19553 2.249448e-09
19554 2.249212e-09
19555 2.248976e-09
19556 2.248739e-09
19557 2.248503e-09
19558 2.248267e-09
19559 2.248031e-09
19560 2.247794e-09
19561 2.247558e-09
19562 2.247322e-09
19563 2.247086e-09
19564 2.246850e-09
19565 2.246614e-09
19566 2.246377e-09
19567 2.246141e-09
19568 2.245905e-09
19569 2.245669e-09
19570 2.245433e-09
19571 2.245196e-09
19572 2.244961e-09
19573 2.244724e-09
19574 2.244488e-09
19575 2.244252e-09
19576 2.244016e-09
19577 2.243780e-09
19578 2.243544e-09
19579 2.243308e-09
19580 2.243072e-09
19581 2.242836e-09
19582 2.242601e-09
19583 2.242364e-09
19584 2.242128e-09
19585 2.241892e-09
19586 2.241656e-09
19587 2.241421e-09
19588 2.241185e-09
19589 2.240949e-09
19590 2.240713e-09
19591 2.240477e-09
19592 2.240241e-09
19593 2.240006e-09
19594 2.239769e-09
19595 2.239534e-09
19596 2.239298e-09
19597 2.239062e-09
19598 2.238826e-09
19599 2.238591e-09
19600 2.238355e-09
19601 2.238119e-09
19602 2.237883e-09
19603 2.237648e-09
19604 2.237412e-09
19605 2.237176e-09
19606 2.236941e-09
19607 2.236705e-09
19608 2.236469e-09
19609 2.236234e-09
19610 2.235998e-09
19611 2.235762e-09
19612 2.235527e-09
19613 2.235291e-09
19614 2.235056e-09
19615 2.234820e-09
19616 2.234584e-09
19617 2.234349e-09
19618 2.234113e-09
19619 2.233878e-09
19620 2.233642e-09
19621 2.233407e-09
19622 2.233171e-09
19623 2.232936e-09
19624 2.232700e-09
19625 2.232465e-09
19626 2.232229e-09
19627 2.231994e-09
19628 2.231759e-09
19629 2.231524e-09
19630 2.231288e-09
19631 2.231053e-09
19632 2.230817e-09
19633 2.230582e-09
19634 2.230347e-09
19635 2.230111e-09
19636 2.229876e-09
19637 2.229640e-09
19638 2.229405e-09
19639 2.229170e-09
19640 2.228935e-09
19641 2.228699e-09
19642 2.228464e-09
19643 2.228229e-09
19644 2.227994e-09
19645 2.227758e-09
19646 2.227524e-09
19647 2.227288e-09
19648 2.227053e-09
19649 2.226818e-09
19650 2.226582e-09
19651 2.226348e-09
19652 2.226112e-09
19653 2.225877e-09
19654 2.225642e-09
19655 2.225407e-09
19656 2.225172e-09
19657 2.224937e-09
19658 2.224702e-09
19659 2.224467e-09
19660 2.224232e-09
19661 2.223997e-09
19662 2.223762e-09
19663 2.223527e-09
19664 2.223292e-09
19665 2.223057e-09
19666 2.222822e-09
19667 2.222587e-09
19668 2.222352e-09
19669 2.222117e-09
19670 2.221882e-09
19671 2.221647e-09
19672 2.221412e-09
19673 2.221177e-09
19674 2.220943e-09
19675 2.220708e-09
19676 2.220473e-09
19677 2.220238e-09
19678 2.220003e-09
19679 2.219768e-09
19680 2.219534e-09
19681 2.219299e-09
19682 2.219064e-09
19683 2.218829e-09
19684 2.218594e-09
19685 2.218360e-09
19686 2.218125e-09
19687 2.217890e-09
19688 2.217656e-09
19689 2.217421e-09
19690 2.217186e-09
19691 2.216952e-09
19692 2.216717e-09
19693 2.216483e-09
19694 2.216248e-09
19695 2.216013e-09
19696 2.215779e-09
19697 2.215544e-09
19698 2.215309e-09
19699 2.215075e-09
19700 2.214840e-09
19701 2.214605e-09
19702 2.214371e-09
19703 2.214136e-09
19704 2.213902e-09
19705 2.213668e-09
19706 2.213433e-09
19707 2.213199e-09
19708 2.212964e-09
19709 2.212730e-09
19710 2.212496e-09
19711 2.212261e-09
19712 2.212027e-09
19713 2.211792e-09
19714 2.211558e-09
19715 2.211323e-09
19716 2.211089e-09
19717 2.210855e-09
19718 2.210620e-09
19719 2.210386e-09
19720 2.210151e-09
19721 2.209917e-09
19722 2.209683e-09
19723 2.209449e-09
19724 2.209214e-09
19725 2.208980e-09
19726 2.208746e-09
19727 2.208512e-09
19728 2.208278e-09
19729 2.208044e-09
19730 2.207809e-09
19731 2.207575e-09
19732 2.207341e-09
19733 2.207106e-09
19734 2.206873e-09
19735 2.206638e-09
19736 2.206404e-09
19737 2.206170e-09
19738 2.205936e-09
19739 2.205702e-09
19740 2.205468e-09
19741 2.205234e-09
19742 2.205000e-09
19743 2.204766e-09
19744 2.204532e-09
19745 2.204298e-09
19746 2.204064e-09
19747 2.203830e-09
19748 2.203595e-09
19749 2.203362e-09
19750 2.203127e-09
19751 2.202894e-09
19752 2.202660e-09
19753 2.202426e-09
19754 2.202192e-09
19755 2.201958e-09
19756 2.201724e-09
19757 2.201490e-09
19758 2.201256e-09
19759 2.201023e-09
19760 2.200789e-09
19761 2.200555e-09
19762 2.200321e-09
19763 2.200088e-09
19764 2.199853e-09
19765 2.199619e-09
19766 2.199386e-09
19767 2.199152e-09
19768 2.198918e-09
19769 2.198684e-09
19770 2.198451e-09
19771 2.198217e-09
19772 2.197984e-09
19773 2.197750e-09
19774 2.197516e-09
19775 2.197282e-09
19776 2.197049e-09
19777 2.196815e-09
19778 2.196582e-09
19779 2.196348e-09
19780 2.196114e-09
19781 2.195881e-09
19782 2.195647e-09
19783 2.195414e-09
19784 2.195180e-09
19785 2.194947e-09
19786 2.194713e-09
19787 2.194480e-09
19788 2.194246e-09
19789 2.194013e-09
19790 2.193779e-09
19791 2.193546e-09
19792 2.193312e-09
19793 2.193079e-09
19794 2.192845e-09
19795 2.192612e-09
19796 2.192378e-09
19797 2.192145e-09
19798 2.191911e-09
19799 2.191678e-09
19800 2.191445e-09
19801 2.191211e-09
19802 2.190978e-09
19803 2.190744e-09
19804 2.190511e-09
19805 2.190278e-09
19806 2.190045e-09
19807 2.189811e-09
19808 2.189578e-09
19809 2.189345e-09
19810 2.189112e-09
19811 2.188878e-09
19812 2.188645e-09
19813 2.188412e-09
19814 2.188178e-09
19815 2.187946e-09
19816 2.187712e-09
19817 2.187479e-09
19818 2.187246e-09
19819 2.187013e-09
19820 2.186780e-09
19821 2.186547e-09
19822 2.186313e-09
19823 2.186081e-09
19824 2.185847e-09
19825 2.185614e-09
19826 2.185381e-09
19827 2.185148e-09
19828 2.184915e-09
19829 2.184682e-09
19830 2.184449e-09
19831 2.184216e-09
19832 2.183983e-09
19833 2.183750e-09
19834 2.183517e-09
19835 2.183284e-09
19836 2.183051e-09
19837 2.182818e-09
19838 2.182585e-09
19839 2.182352e-09
19840 2.182120e-09
19841 2.181887e-09
19842 2.181654e-09
19843 2.181421e-09
19844 2.181188e-09
19845 2.180955e-09
19846 2.180722e-09
19847 2.180490e-09
19848 2.180257e-09
19849 2.180024e-09
19850 2.179791e-09
19851 2.179558e-09
19852 2.179325e-09
19853 2.179093e-09
19854 2.178860e-09
19855 2.178628e-09
19856 2.178395e-09
19857 2.178162e-09
19858 2.177929e-09
19859 2.177697e-09
19860 2.177464e-09
19861 2.177232e-09
19862 2.176999e-09
19863 2.176766e-09
19864 2.176533e-09
19865 2.176301e-09
19866 2.176068e-09
19867 2.175835e-09
19868 2.175603e-09
19869 2.175370e-09
19870 2.175138e-09
19871 2.174905e-09
19872 2.174673e-09
19873 2.174440e-09
19874 2.174208e-09
19875 2.173975e-09
19876 2.173743e-09
19877 2.173510e-09
19878 2.173278e-09
19879 2.173046e-09
19880 2.172813e-09
19881 2.172581e-09
19882 2.172348e-09
19883 2.172116e-09
19884 2.171883e-09
19885 2.171651e-09
19886 2.171419e-09
19887 2.171187e-09
19888 2.170954e-09
19889 2.170722e-09
19890 2.170489e-09
19891 2.170257e-09
19892 2.170025e-09
19893 2.169793e-09
19894 2.169560e-09
19895 2.169328e-09
19896 2.169096e-09
19897 2.168863e-09
19898 2.168631e-09
19899 2.168399e-09
19900 2.168167e-09
19901 2.167935e-09
19902 2.167703e-09
19903 2.167470e-09
19904 2.167238e-09
19905 2.167006e-09
19906 2.166774e-09
19907 2.166542e-09
19908 2.166310e-09
19909 2.166078e-09
19910 2.165846e-09
19911 2.165614e-09
19912 2.165381e-09
19913 2.165150e-09
19914 2.164917e-09
19915 2.164685e-09
19916 2.164453e-09
19917 2.164222e-09
19918 2.163989e-09
19919 2.163758e-09
19920 2.163525e-09
19921 2.163294e-09
19922 2.163061e-09
19923 2.162830e-09
19924 2.162598e-09
19925 2.162366e-09
19926 2.162134e-09
19927 2.161902e-09
19928 2.161670e-09
19929 2.161438e-09
19930 2.161207e-09
19931 2.160974e-09
19932 2.160743e-09
19933 2.160511e-09
19934 2.160279e-09
19935 2.160047e-09
19936 2.159816e-09
19937 2.159584e-09
19938 2.159352e-09
19939 2.159120e-09
19940 2.158889e-09
19941 2.158657e-09
19942 2.158425e-09
19943 2.158193e-09
19944 2.157962e-09
19945 2.157730e-09
19946 2.157498e-09
19947 2.157267e-09
19948 2.157035e-09
19949 2.156804e-09
19950 2.156572e-09
19951 2.156340e-09
19952 2.156109e-09
19953 2.155877e-09
19954 2.155646e-09
19955 2.155414e-09
19956 2.155182e-09
19957 2.154951e-09
19958 2.154719e-09
19959 2.154488e-09
19960 2.154256e-09
19961 2.154025e-09
19962 2.153794e-09
19963 2.153562e-09
19964 2.153331e-09
19965 2.153099e-09
19966 2.152868e-09
19967 2.152636e-09
19968 2.152405e-09
19969 2.152173e-09
19970 2.151942e-09
19971 2.151711e-09
19972 2.151480e-09
19973 2.151248e-09
19974 2.151017e-09
19975 2.150785e-09
19976 2.150554e-09
19977 2.150323e-09
19978 2.150091e-09
19979 2.149860e-09
19980 2.149629e-09
19981 2.149398e-09
19982 2.149166e-09
19983 2.148935e-09
19984 2.148704e-09
19985 2.148473e-09
19986 2.148241e-09
19987 2.148011e-09
19988 2.147779e-09
19989 2.147548e-09
19990 2.147317e-09
19991 2.147086e-09
19992 2.146855e-09
19993 2.146624e-09
19994 2.146392e-09
19995 2.146161e-09
19996 2.145930e-09
19997 2.145699e-09
19998 2.145468e-09
19999 2.145237e-09
