1 -nan
2 3.842862e-08
3 4.954185e-08
4 5.575242e-08
5 5.964969e-08
6 6.224077e-08
7 6.398150e-08
8 6.517208e-08
9 6.596625e-08
10 6.647457e-08
11 6.677321e-08
12 6.691351e-08
13 6.691563e-08
14 6.681516e-08
15 6.663241e-08
16 6.638248e-08
17 6.607838e-08
18 6.571226e-08
19 6.530761e-08
20 6.487445e-08
21 6.442194e-08
22 6.392420e-08
23 6.341504e-08
24 6.289831e-08
25 6.234280e-08
26 6.179453e-08
27 6.121271e-08
28 6.063391e-08
29 6.003175e-08
30 5.943020e-08
31 5.880300e-08
32 5.818718e-08
33 5.753631e-08
34 5.691183e-08
35 5.624249e-08
36 5.559262e-08
37 5.493162e-08
38 5.425381e-08
39 5.360165e-08
40 5.290943e-08
41 5.223002e-08
42 5.157440e-08
43 5.086844e-08
44 5.018805e-08
45 4.953175e-08
46 4.882792e-08
47 4.814854e-08
48 4.749261e-08
49 4.681007e-08
50 4.613572e-08
51 4.548415e-08
52 4.483798e-08
53 4.417449e-08
54 4.353294e-08
55 4.291224e-08
56 4.228566e-08
57 4.166043e-08
58 4.105507e-08
59 4.046864e-08
60 3.988038e-08
61 3.929663e-08
62 3.873071e-08
63 3.818180e-08
64 3.764172e-08
65 3.710189e-08
66 3.657787e-08
67 3.606896e-08
68 3.557452e-08
69 3.508354e-08
70 3.460267e-08
71 3.413506e-08
72 3.368019e-08
73 3.323753e-08
74 3.280095e-08
75 3.237473e-08
76 3.195959e-08
77 3.155509e-08
78 3.116084e-08
79 3.077586e-08
80 3.039997e-08
81 3.003325e-08
82 2.967538e-08
83 2.932603e-08
84 2.898490e-08
85 2.865497e-08
86 2.833281e-08
87 2.801793e-08
88 2.771009e-08
89 2.740906e-08
90 2.711460e-08
91 2.683234e-08
92 2.655677e-08
93 2.628696e-08
94 2.602273e-08
95 2.576391e-08
96 2.551034e-08
97 2.526493e-08
98 2.502869e-08
99 2.479703e-08
100 2.456980e-08
101 2.434689e-08
102 2.412817e-08
103 2.391352e-08
104 2.370535e-08
105 2.350379e-08
106 2.330583e-08
107 2.311138e-08
108 2.292034e-08
109 2.273261e-08
110 2.254811e-08
111 2.236677e-08
112 2.218884e-08
113 2.201389e-08
114 2.184184e-08
115 2.167261e-08
116 2.150615e-08
117 2.134238e-08
118 2.118123e-08
119 2.102234e-08
120 2.085961e-08
121 2.069948e-08
122 2.054189e-08
123 2.038676e-08
124 2.023405e-08
125 2.008369e-08
126 1.993564e-08
127 1.978984e-08
128 1.963933e-08
129 1.948417e-08
130 1.933142e-08
131 1.918103e-08
132 1.903293e-08
133 1.888708e-08
134 1.874343e-08
135 1.860193e-08
136 1.846253e-08
137 1.831886e-08
138 1.816455e-08
139 1.801264e-08
140 1.786308e-08
141 1.771581e-08
142 1.757078e-08
143 1.742795e-08
144 1.728726e-08
145 1.714867e-08
146 1.701213e-08
147 1.686744e-08
148 1.671505e-08
149 1.656504e-08
150 1.641737e-08
151 1.627198e-08
152 1.612883e-08
153 1.598787e-08
154 1.584904e-08
155 1.571230e-08
156 1.557762e-08
157 1.544493e-08
158 1.529886e-08
159 1.515461e-08
160 1.501262e-08
161 1.487283e-08
162 1.473520e-08
163 1.459968e-08
164 1.446622e-08
165 1.433478e-08
166 1.420531e-08
167 1.407779e-08
168 1.395216e-08
169 1.382314e-08
170 1.369365e-08
171 1.356611e-08
172 1.344050e-08
173 1.331678e-08
174 1.319489e-08
175 1.307481e-08
176 1.295649e-08
177 1.283991e-08
178 1.272502e-08
179 1.261180e-08
180 1.250021e-08
181 1.239090e-08
182 1.228364e-08
183 1.217789e-08
184 1.207362e-08
185 1.197079e-08
186 1.186939e-08
187 1.176939e-08
188 1.167075e-08
189 1.157346e-08
190 1.147749e-08
191 1.138281e-08
192 1.128939e-08
193 1.119723e-08
194 1.111062e-08
195 1.102785e-08
196 1.094612e-08
197 1.086541e-08
198 1.078570e-08
199 1.070696e-08
200 1.062920e-08
201 1.055238e-08
202 1.047649e-08
203 1.040152e-08
204 1.032745e-08
205 1.025427e-08
206 1.018196e-08
207 1.011050e-08
208 1.004518e-08
209 9.982755e-09
210 9.921014e-09
211 9.859945e-09
212 9.799537e-09
213 9.739782e-09
214 9.680668e-09
215 9.622187e-09
216 9.564327e-09
217 9.507080e-09
218 9.450437e-09
219 9.394388e-09
220 9.338925e-09
221 9.284038e-09
222 9.229720e-09
223 9.178326e-09
224 9.128015e-09
225 9.078201e-09
226 9.028879e-09
227 8.980040e-09
228 8.931679e-09
229 8.883787e-09
230 8.836360e-09
231 8.789390e-09
232 8.742871e-09
233 8.696797e-09
234 8.651161e-09
235 8.605958e-09
236 8.561181e-09
237 8.516825e-09
238 8.472885e-09
239 8.427087e-09
240 8.381270e-09
241 8.335892e-09
242 8.290946e-09
243 8.246426e-09
244 8.202326e-09
245 8.158641e-09
246 8.115365e-09
247 8.072493e-09
248 8.030019e-09
249 7.987939e-09
250 7.946246e-09
251 7.904936e-09
252 7.864004e-09
253 7.823444e-09
254 7.783253e-09
255 7.743424e-09
256 7.700165e-09
257 7.655774e-09
258 7.611810e-09
259 7.568266e-09
260 7.525138e-09
261 7.482420e-09
262 7.440107e-09
263 7.398192e-09
264 7.356672e-09
265 7.315540e-09
266 7.274792e-09
267 7.234422e-09
268 7.194426e-09
269 7.154799e-09
270 7.115536e-09
271 7.076632e-09
272 7.038083e-09
273 6.999885e-09
274 6.960797e-09
275 6.919852e-09
276 6.879295e-09
277 6.839121e-09
278 6.799325e-09
279 6.759902e-09
280 6.720848e-09
281 6.682157e-09
282 6.643826e-09
283 6.605849e-09
284 6.568221e-09
285 6.530939e-09
286 6.493999e-09
287 6.457395e-09
288 6.421123e-09
289 6.385180e-09
290 6.349562e-09
291 6.314263e-09
292 6.279281e-09
293 6.244612e-09
294 6.210387e-09
295 6.176528e-09
296 6.142967e-09
297 6.109701e-09
298 6.076726e-09
299 6.044039e-09
300 6.011636e-09
301 5.979513e-09
302 5.947668e-09
303 5.916096e-09
304 5.884796e-09
305 5.853763e-09
306 5.822994e-09
307 5.792487e-09
308 5.762238e-09
309 5.732244e-09
310 5.702503e-09
311 5.673011e-09
312 5.643765e-09
313 5.614763e-09
314 5.586002e-09
315 5.558680e-09
316 5.532385e-09
317 5.506296e-09
318 5.480413e-09
319 5.454731e-09
320 5.429250e-09
321 5.403967e-09
322 5.378879e-09
323 5.353986e-09
324 5.329284e-09
325 5.304771e-09
326 5.280446e-09
327 5.256307e-09
328 5.232351e-09
329 5.208577e-09
330 5.184982e-09
331 5.161565e-09
332 5.138324e-09
333 5.115258e-09
334 5.092363e-09
335 5.069639e-09
336 5.047084e-09
337 5.024695e-09
338 5.003461e-09
339 4.982385e-09
340 4.961460e-09
341 4.940684e-09
342 4.920055e-09
343 4.899573e-09
344 4.879234e-09
345 4.859039e-09
346 4.838986e-09
347 4.819073e-09
348 4.799298e-09
349 4.779661e-09
350 4.760161e-09
351 4.740795e-09
352 4.721563e-09
353 4.702463e-09
354 4.683494e-09
355 4.664655e-09
356 4.645944e-09
357 4.627361e-09
358 4.608903e-09
359 4.590570e-09
360 4.572361e-09
361 4.554274e-09
362 4.535869e-09
363 4.517454e-09
364 4.499165e-09
365 4.480999e-09
366 4.462956e-09
367 4.445035e-09
368 4.427234e-09
369 4.409553e-09
370 4.391989e-09
371 4.374543e-09
372 4.357213e-09
373 4.339998e-09
374 4.322896e-09
375 4.305907e-09
376 4.289030e-09
377 4.272264e-09
378 4.255607e-09
379 4.239059e-09
380 4.222619e-09
381 4.206286e-09
382 4.190058e-09
383 4.173935e-09
384 4.157916e-09
385 4.142000e-09
386 4.126186e-09
387 4.110472e-09
388 4.094314e-09
389 4.078122e-09
390 4.062035e-09
391 4.046052e-09
392 4.030173e-09
393 4.014396e-09
394 3.998721e-09
395 3.983147e-09
396 3.967673e-09
397 3.952297e-09
398 3.937020e-09
399 3.921839e-09
400 3.906755e-09
401 3.891767e-09
402 3.876873e-09
403 3.862073e-09
404 3.847365e-09
405 3.832750e-09
406 3.818227e-09
407 3.803794e-09
408 3.789450e-09
409 3.775196e-09
410 3.761030e-09
411 3.746951e-09
412 3.732959e-09
413 3.719053e-09
414 3.705233e-09
415 3.691497e-09
416 3.677895e-09
417 3.664378e-09
418 3.650944e-09
419 3.637590e-09
420 3.624317e-09
421 3.611123e-09
422 3.598009e-09
423 3.584974e-09
424 3.572016e-09
425 3.559135e-09
426 3.546331e-09
427 3.533603e-09
428 3.520950e-09
429 3.508372e-09
430 3.495868e-09
431 3.483437e-09
432 3.471079e-09
433 3.458794e-09
434 3.446580e-09
435 3.434437e-09
436 3.422365e-09
437 3.410363e-09
438 3.398430e-09
439 3.386565e-09
440 3.374770e-09
441 3.363042e-09
442 3.351381e-09
443 3.339786e-09
444 3.328258e-09
445 3.316833e-09
446 3.305745e-09
447 3.294718e-09
448 3.283752e-09
449 3.272848e-09
450 3.262003e-09
451 3.251219e-09
452 3.240494e-09
453 3.229827e-09
454 3.219220e-09
455 3.208670e-09
456 3.198178e-09
457 3.187744e-09
458 3.177366e-09
459 3.167044e-09
460 3.156778e-09
461 3.146568e-09
462 3.136412e-09
463 3.126312e-09
464 3.116265e-09
465 3.106273e-09
466 3.096333e-09
467 3.086447e-09
468 3.076613e-09
469 3.066832e-09
470 3.057102e-09
471 3.047424e-09
472 3.037797e-09
473 3.028221e-09
474 3.018695e-09
475 3.009219e-09
476 2.999792e-09
477 2.990428e-09
478 2.981195e-09
479 2.972010e-09
480 2.962872e-09
481 2.953781e-09
482 2.944737e-09
483 2.935740e-09
484 2.926788e-09
485 2.917882e-09
486 2.909021e-09
487 2.900205e-09
488 2.891434e-09
489 2.882708e-09
490 2.874025e-09
491 2.865387e-09
492 2.856792e-09
493 2.848239e-09
494 2.839730e-09
495 2.831264e-09
496 2.822839e-09
497 2.814457e-09
498 2.806116e-09
499 2.797817e-09
500 2.789558e-09
501 2.781341e-09
502 2.773164e-09
503 2.765027e-09
504 2.756930e-09
505 2.748873e-09
506 2.740855e-09
507 2.732877e-09
508 2.724937e-09
509 2.717036e-09
510 2.709173e-09
511 2.701349e-09
512 2.693545e-09
513 2.685775e-09
514 2.678044e-09
515 2.670349e-09
516 2.662691e-09
517 2.655071e-09
518 2.647486e-09
519 2.639938e-09
520 2.632426e-09
521 2.624949e-09
522 2.617508e-09
523 2.610103e-09
524 2.602732e-09
525 2.595396e-09
526 2.588095e-09
527 2.580828e-09
528 2.573595e-09
529 2.566396e-09
530 2.559231e-09
531 2.552100e-09
532 2.545001e-09
533 2.537936e-09
534 2.530903e-09
535 2.523903e-09
536 2.516935e-09
537 2.509999e-09
538 2.503096e-09
539 2.496224e-09
540 2.489384e-09
541 2.482575e-09
542 2.475797e-09
543 2.469050e-09
544 2.462334e-09
545 2.455649e-09
546 2.448993e-09
547 2.442368e-09
548 2.435777e-09
549 2.429246e-09
550 2.422744e-09
551 2.416271e-09
552 2.409828e-09
553 2.403413e-09
554 2.397027e-09
555 2.390669e-09
556 2.384339e-09
557 2.378038e-09
558 2.371764e-09
559 2.365518e-09
560 2.359300e-09
561 2.353109e-09
562 2.346945e-09
563 2.340809e-09
564 2.334699e-09
565 2.328616e-09
566 2.322560e-09
567 2.316530e-09
568 2.310526e-09
569 2.304548e-09
570 2.298597e-09
571 2.292671e-09
572 2.286770e-09
573 2.280895e-09
574 2.275046e-09
575 2.269221e-09
576 2.263422e-09
577 2.257647e-09
578 2.251897e-09
579 2.246172e-09
580 2.240471e-09
581 2.234794e-09
582 2.229141e-09
583 2.223513e-09
584 2.217908e-09
585 2.212326e-09
586 2.206769e-09
587 2.201235e-09
588 2.195788e-09
589 2.190390e-09
590 2.185013e-09
591 2.179659e-09
592 2.174327e-09
593 2.169018e-09
594 2.163730e-09
595 2.158463e-09
596 2.153219e-09
597 2.147996e-09
598 2.142794e-09
599 2.137613e-09
600 2.132454e-09
601 2.127316e-09
602 2.122198e-09
603 2.117102e-09
604 2.112026e-09
605 2.106970e-09
606 2.101935e-09
607 2.096920e-09
608 2.091926e-09
609 2.086951e-09
610 2.081997e-09
611 2.077062e-09
612 2.072147e-09
613 2.067252e-09
614 2.062376e-09
615 2.057520e-09
616 2.052683e-09
617 2.047865e-09
618 2.043066e-09
619 2.038286e-09
620 2.033525e-09
621 2.028783e-09
622 2.024060e-09
623 2.019355e-09
624 2.014668e-09
625 2.010000e-09
626 2.005350e-09
627 2.000718e-09
628 1.996105e-09
629 1.991509e-09
630 1.986956e-09
631 1.982447e-09
632 1.977955e-09
633 1.973480e-09
634 1.969023e-09
635 1.964582e-09
636 1.960159e-09
637 1.955752e-09
638 1.951362e-09
639 1.946989e-09
640 1.942632e-09
641 1.938292e-09
642 1.933969e-09
643 1.929662e-09
644 1.925371e-09
645 1.921096e-09
646 1.916837e-09
647 1.912594e-09
648 1.908368e-09
649 1.904157e-09
650 1.899962e-09
651 1.895782e-09
652 1.891618e-09
653 1.887470e-09
654 1.883337e-09
655 1.879219e-09
656 1.875117e-09
657 1.871030e-09
658 1.866957e-09
659 1.862900e-09
660 1.858858e-09
661 1.854831e-09
662 1.850819e-09
663 1.846821e-09
664 1.842838e-09
665 1.838869e-09
666 1.834915e-09
667 1.830976e-09
668 1.827050e-09
669 1.823139e-09
670 1.819242e-09
671 1.815360e-09
672 1.811491e-09
673 1.807636e-09
674 1.803796e-09
675 1.799977e-09
676 1.796195e-09
677 1.792427e-09
678 1.788672e-09
679 1.784931e-09
680 1.781203e-09
681 1.777488e-09
682 1.773787e-09
683 1.770098e-09
684 1.766423e-09
685 1.762761e-09
686 1.759111e-09
687 1.755475e-09
688 1.751851e-09
689 1.748240e-09
690 1.744641e-09
691 1.741056e-09
692 1.737482e-09
693 1.733922e-09
694 1.730373e-09
695 1.726837e-09
696 1.723314e-09
697 1.719802e-09
698 1.716303e-09
699 1.712816e-09
700 1.709340e-09
701 1.705877e-09
702 1.702426e-09
703 1.698987e-09
704 1.695559e-09
705 1.692144e-09
706 1.688739e-09
707 1.685347e-09
708 1.681966e-09
709 1.678597e-09
710 1.675239e-09
711 1.671893e-09
712 1.668558e-09
713 1.665234e-09
714 1.661922e-09
715 1.658621e-09
716 1.655331e-09
717 1.652052e-09
718 1.648784e-09
719 1.645527e-09
720 1.642281e-09
721 1.639046e-09
722 1.635822e-09
723 1.632609e-09
724 1.629442e-09
725 1.626299e-09
726 1.623165e-09
727 1.620043e-09
728 1.616930e-09
729 1.613828e-09
730 1.610736e-09
731 1.607654e-09
732 1.604582e-09
733 1.601520e-09
734 1.598469e-09
735 1.595427e-09
736 1.592395e-09
737 1.589373e-09
738 1.586361e-09
739 1.583358e-09
740 1.580366e-09
741 1.577383e-09
742 1.574409e-09
743 1.571445e-09
744 1.568491e-09
745 1.565547e-09
746 1.562611e-09
747 1.559686e-09
748 1.556769e-09
749 1.553862e-09
750 1.550964e-09
751 1.548076e-09
752 1.545196e-09
753 1.542326e-09
754 1.539465e-09
755 1.536613e-09
756 1.533770e-09
757 1.530936e-09
758 1.528112e-09
759 1.525296e-09
760 1.522489e-09
761 1.519690e-09
762 1.516901e-09
763 1.514120e-09
764 1.511348e-09
765 1.508585e-09
766 1.505830e-09
767 1.503084e-09
768 1.500347e-09
769 1.497618e-09
770 1.494898e-09
771 1.492186e-09
772 1.489482e-09
773 1.486787e-09
774 1.484100e-09
775 1.481422e-09
776 1.478775e-09
777 1.476144e-09
778 1.473522e-09
779 1.470907e-09
780 1.468300e-09
781 1.465701e-09
782 1.463111e-09
783 1.460528e-09
784 1.457952e-09
785 1.455385e-09
786 1.452826e-09
787 1.450274e-09
788 1.447730e-09
789 1.445193e-09
790 1.442665e-09
791 1.440144e-09
792 1.437630e-09
793 1.435124e-09
794 1.432626e-09
795 1.430135e-09
796 1.427651e-09
797 1.425175e-09
798 1.422706e-09
799 1.420245e-09
800 1.417791e-09
801 1.415344e-09
802 1.412905e-09
803 1.410473e-09
804 1.408048e-09
805 1.405630e-09
806 1.403219e-09
807 1.400816e-09
808 1.398419e-09
809 1.396030e-09
810 1.393647e-09
811 1.391272e-09
812 1.388903e-09
813 1.386542e-09
814 1.384187e-09
815 1.381840e-09
816 1.379499e-09
817 1.377165e-09
818 1.374838e-09
819 1.372517e-09
820 1.370203e-09
821 1.367896e-09
822 1.365596e-09
823 1.363302e-09
824 1.361015e-09
825 1.358735e-09
826 1.356461e-09
827 1.354194e-09
828 1.351933e-09
829 1.349679e-09
830 1.347431e-09
831 1.345190e-09
832 1.342984e-09
833 1.340784e-09
834 1.338591e-09
835 1.336404e-09
836 1.334222e-09
837 1.332048e-09
838 1.329879e-09
839 1.327716e-09
840 1.325560e-09
841 1.323409e-09
842 1.321265e-09
843 1.319126e-09
844 1.316994e-09
845 1.314868e-09
846 1.312747e-09
847 1.310632e-09
848 1.308524e-09
849 1.306421e-09
850 1.304324e-09
851 1.302233e-09
852 1.300147e-09
853 1.298068e-09
854 1.295994e-09
855 1.293926e-09
856 1.291864e-09
857 1.289807e-09
858 1.287756e-09
859 1.285711e-09
860 1.283671e-09
861 1.281637e-09
862 1.279608e-09
863 1.277585e-09
864 1.275568e-09
865 1.273556e-09
866 1.271549e-09
867 1.269548e-09
868 1.267553e-09
869 1.265563e-09
870 1.263578e-09
871 1.261599e-09
872 1.259625e-09
873 1.257656e-09
874 1.255693e-09
875 1.253735e-09
876 1.251782e-09
877 1.249835e-09
878 1.247892e-09
879 1.245955e-09
880 1.244024e-09
881 1.242097e-09
882 1.240176e-09
883 1.238259e-09
884 1.236348e-09
885 1.234442e-09
886 1.232541e-09
887 1.230645e-09
888 1.228755e-09
889 1.226869e-09
890 1.224988e-09
891 1.223119e-09
892 1.221272e-09
893 1.219430e-09
894 1.217593e-09
895 1.215760e-09
896 1.213933e-09
897 1.212110e-09
898 1.210292e-09
899 1.208479e-09
900 1.206670e-09
901 1.204866e-09
902 1.203067e-09
903 1.201273e-09
904 1.199483e-09
905 1.197698e-09
906 1.195917e-09
907 1.194142e-09
908 1.192370e-09
909 1.190603e-09
910 1.188841e-09
911 1.187084e-09
912 1.185330e-09
913 1.183582e-09
914 1.181838e-09
915 1.180098e-09
916 1.178363e-09
917 1.176632e-09
918 1.174906e-09
919 1.173184e-09
920 1.171466e-09
921 1.169753e-09
922 1.168044e-09
923 1.166340e-09
924 1.164640e-09
925 1.162944e-09
926 1.161252e-09
927 1.159565e-09
928 1.157882e-09
929 1.156203e-09
930 1.154529e-09
931 1.152859e-09
932 1.151193e-09
933 1.149531e-09
934 1.147873e-09
935 1.146220e-09
936 1.144570e-09
937 1.142925e-09
938 1.141284e-09
939 1.139647e-09
940 1.138014e-09
941 1.136385e-09
942 1.134760e-09
943 1.133139e-09
944 1.131523e-09
945 1.129910e-09
946 1.128301e-09
947 1.126696e-09
948 1.125096e-09
949 1.123499e-09
950 1.121906e-09
951 1.120317e-09
952 1.118732e-09
953 1.117151e-09
954 1.115574e-09
955 1.114005e-09
956 1.112454e-09
957 1.110908e-09
958 1.109365e-09
959 1.107826e-09
960 1.106291e-09
961 1.104760e-09
962 1.103232e-09
963 1.101708e-09
964 1.100188e-09
965 1.098671e-09
966 1.097158e-09
967 1.095649e-09
968 1.094143e-09
969 1.092641e-09
970 1.091142e-09
971 1.089647e-09
972 1.088156e-09
973 1.086668e-09
974 1.085184e-09
975 1.083703e-09
976 1.082226e-09
977 1.080752e-09
978 1.079282e-09
979 1.077816e-09
980 1.076353e-09
981 1.074893e-09
982 1.073437e-09
983 1.071984e-09
984 1.070535e-09
985 1.069089e-09
986 1.067646e-09
987 1.066207e-09
988 1.064772e-09
989 1.063339e-09
990 1.061911e-09
991 1.060485e-09
992 1.059063e-09
993 1.057644e-09
994 1.056229e-09
995 1.054816e-09
996 1.053407e-09
997 1.052002e-09
998 1.050599e-09
999 1.049200e-09
1000 1.047805e-09
1001 1.046412e-09
1002 1.045023e-09
1003 1.043637e-09
1004 1.042254e-09
1005 1.040874e-09
1006 1.039498e-09
1007 1.038124e-09
1008 1.036754e-09
1009 1.035387e-09
1010 1.034024e-09
1011 1.032663e-09
1012 1.031305e-09
1013 1.029951e-09
1014 1.028600e-09
1015 1.027252e-09
1016 1.025907e-09
1017 1.024565e-09
1018 1.023226e-09
1019 1.021890e-09
1020 1.020557e-09
1021 1.019227e-09
1022 1.017901e-09
1023 1.016577e-09
1024 1.015265e-09
1025 1.013963e-09
1026 1.012663e-09
1027 1.011367e-09
1028 1.010073e-09
1029 1.008783e-09
1030 1.007495e-09
1031 1.006210e-09
1032 1.004928e-09
1033 1.003649e-09
1034 1.002373e-09
1035 1.001100e-09
1036 9.998292e-10
1037 9.985615e-10
1038 9.972966e-10
1039 9.960346e-10
1040 9.947753e-10
1041 9.935189e-10
1042 9.922653e-10
1043 9.910144e-10
1044 9.897663e-10
1045 9.885210e-10
1046 9.872785e-10
1047 9.860386e-10
1048 9.848016e-10
1049 9.835672e-10
1050 9.823356e-10
1051 9.811067e-10
1052 9.798805e-10
1053 9.786570e-10
1054 9.774361e-10
1055 9.762180e-10
1056 9.750025e-10
1057 9.737897e-10
1058 9.725795e-10
1059 9.713720e-10
1060 9.701671e-10
1061 9.689649e-10
1062 9.677652e-10
1063 9.665682e-10
1064 9.653738e-10
1065 9.641820e-10
1066 9.629927e-10
1067 9.618061e-10
1068 9.606220e-10
1069 9.594405e-10
1070 9.582615e-10
1071 9.570851e-10
1072 9.559112e-10
1073 9.547399e-10
1074 9.535711e-10
1075 9.524048e-10
1076 9.512410e-10
1077 9.500797e-10
1078 9.489209e-10
1079 9.477646e-10
1080 9.466107e-10
1081 9.454594e-10
1082 9.443105e-10
1083 9.431640e-10
1084 9.420200e-10
1085 9.408785e-10
1086 9.397394e-10
1087 9.386027e-10
1088 9.374684e-10
1089 9.363365e-10
1090 9.352071e-10
1091 9.340800e-10
1092 9.329553e-10
1093 9.318330e-10
1094 9.307131e-10
1095 9.295955e-10
1096 9.284804e-10
1097 9.273677e-10
1098 9.262694e-10
1099 9.251734e-10
1100 9.240798e-10
1101 9.229884e-10
1102 9.218993e-10
1103 9.208124e-10
1104 9.197278e-10
1105 9.186455e-10
1106 9.175654e-10
1107 9.164876e-10
1108 9.154120e-10
1109 9.143387e-10
1110 9.132675e-10
1111 9.121986e-10
1112 9.111319e-10
1113 9.100674e-10
1114 9.090051e-10
1115 9.079450e-10
1116 9.068871e-10
1117 9.058313e-10
1118 9.047777e-10
1119 9.037263e-10
1120 9.026771e-10
1121 9.016300e-10
1122 9.005850e-10
1123 8.995422e-10
1124 8.985016e-10
1125 8.974630e-10
1126 8.964266e-10
1127 8.953923e-10
1128 8.943601e-10
1129 8.933300e-10
1130 8.923020e-10
1131 8.912761e-10
1132 8.902522e-10
1133 8.892305e-10
1134 8.882108e-10
1135 8.871932e-10
1136 8.861776e-10
1137 8.851641e-10
1138 8.841527e-10
1139 8.831433e-10
1140 8.821359e-10
1141 8.811306e-10
1142 8.801273e-10
1143 8.791260e-10
1144 8.781267e-10
1145 8.771294e-10
1146 8.761342e-10
1147 8.751409e-10
1148 8.741496e-10
1149 8.731603e-10
1150 8.721730e-10
1151 8.711877e-10
1152 8.702043e-10
1153 8.692229e-10
1154 8.682434e-10
1155 8.672659e-10
1156 8.662903e-10
1157 8.653167e-10
1158 8.643450e-10
1159 8.633752e-10
1160 8.624074e-10
1161 8.614415e-10
1162 8.604775e-10
1163 8.595154e-10
1164 8.585552e-10
1165 8.575968e-10
1166 8.566404e-10
1167 8.556859e-10
1168 8.547332e-10
1169 8.537825e-10
1170 8.528336e-10
1171 8.518865e-10
1172 8.509413e-10
1173 8.499980e-10
1174 8.490565e-10
1175 8.481169e-10
1176 8.471805e-10
1177 8.462536e-10
1178 8.453286e-10
1179 8.444054e-10
1180 8.434839e-10
1181 8.425643e-10
1182 8.416464e-10
1183 8.407303e-10
1184 8.398160e-10
1185 8.389034e-10
1186 8.379926e-10
1187 8.370835e-10
1188 8.361762e-10
1189 8.352707e-10
1190 8.343669e-10
1191 8.334648e-10
1192 8.325644e-10
1193 8.316658e-10
1194 8.307689e-10
1195 8.298737e-10
1196 8.289802e-10
1197 8.280885e-10
1198 8.271984e-10
1199 8.263101e-10
1200 8.254234e-10
1201 8.245384e-10
1202 8.236551e-10
1203 8.227735e-10
1204 8.218936e-10
1205 8.210153e-10
1206 8.201387e-10
1207 8.192637e-10
1208 8.183904e-10
1209 8.175188e-10
1210 8.166488e-10
1211 8.157805e-10
1212 8.149138e-10
1213 8.140487e-10
1214 8.131853e-10
1215 8.123234e-10
1216 8.114633e-10
1217 8.106047e-10
1218 8.097477e-10
1219 8.088924e-10
1220 8.080386e-10
1221 8.071865e-10
1222 8.063359e-10
1223 8.054869e-10
1224 8.046395e-10
1225 8.037937e-10
1226 8.029495e-10
1227 8.021069e-10
1228 8.012658e-10
1229 8.004263e-10
1230 7.995883e-10
1231 7.987520e-10
1232 7.979171e-10
1233 7.970838e-10
1234 7.962521e-10
1235 7.954219e-10
1236 7.945932e-10
1237 7.937661e-10
1238 7.929405e-10
1239 7.921164e-10
1240 7.912938e-10
1241 7.904728e-10
1242 7.896532e-10
1243 7.888352e-10
1244 7.880187e-10
1245 7.872037e-10
1246 7.863901e-10
1247 7.855781e-10
1248 7.847676e-10
1249 7.839585e-10
1250 7.831509e-10
1251 7.823448e-10
1252 7.815402e-10
1253 7.807370e-10
1254 7.799353e-10
1255 7.791351e-10
1256 7.783363e-10
1257 7.775390e-10
1258 7.767431e-10
1259 7.759487e-10
1260 7.751557e-10
1261 7.743684e-10
1262 7.735851e-10
1263 7.728032e-10
1264 7.720227e-10
1265 7.712437e-10
1266 7.704660e-10
1267 7.696897e-10
1268 7.689148e-10
1269 7.681414e-10
1270 7.673693e-10
1271 7.665985e-10
1272 7.658292e-10
1273 7.650612e-10
1274 7.642946e-10
1275 7.635294e-10
1276 7.627656e-10
1277 7.620031e-10
1278 7.612419e-10
1279 7.604821e-10
1280 7.597237e-10
1281 7.589666e-10
1282 7.582109e-10
1283 7.574565e-10
1284 7.567034e-10
1285 7.559517e-10
1286 7.552013e-10
1287 7.544522e-10
1288 7.537045e-10
1289 7.529581e-10
1290 7.522129e-10
1291 7.514692e-10
1292 7.507267e-10
1293 7.499855e-10
1294 7.492456e-10
1295 7.485071e-10
1296 7.477698e-10
1297 7.470338e-10
1298 7.462991e-10
1299 7.455657e-10
1300 7.448336e-10
1301 7.441028e-10
1302 7.433732e-10
1303 7.426449e-10
1304 7.419179e-10
1305 7.411921e-10
1306 7.404677e-10
1307 7.397445e-10
1308 7.390225e-10
1309 7.383018e-10
1310 7.375823e-10
1311 7.368641e-10
1312 7.361472e-10
1313 7.354315e-10
1314 7.347170e-10
1315 7.340038e-10
1316 7.332918e-10
1317 7.325810e-10
1318 7.318714e-10
1319 7.311631e-10
1320 7.304560e-10
1321 7.297501e-10
1322 7.290455e-10
1323 7.283420e-10
1324 7.276398e-10
1325 7.269388e-10
1326 7.262389e-10
1327 7.255403e-10
1328 7.248429e-10
1329 7.241466e-10
1330 7.234516e-10
1331 7.227577e-10
1332 7.220650e-10
1333 7.213735e-10
1334 7.206832e-10
1335 7.199941e-10
1336 7.193061e-10
1337 7.186194e-10
1338 7.179337e-10
1339 7.172493e-10
1340 7.165660e-10
1341 7.158839e-10
1342 7.152029e-10
1343 7.145231e-10
1344 7.138444e-10
1345 7.131669e-10
1346 7.124905e-10
1347 7.118153e-10
1348 7.111412e-10
1349 7.104682e-10
1350 7.097964e-10
1351 7.091258e-10
1352 7.084612e-10
1353 7.077978e-10
1354 7.071354e-10
1355 7.064742e-10
1356 7.058141e-10
1357 7.051550e-10
1358 7.044971e-10
1359 7.038403e-10
1360 7.031846e-10
1361 7.025299e-10
1362 7.018764e-10
1363 7.012239e-10
1364 7.005725e-10
1365 6.999222e-10
1366 6.992730e-10
1367 6.986249e-10
1368 6.979778e-10
1369 6.973318e-10
1370 6.966869e-10
1371 6.960430e-10
1372 6.954002e-10
1373 6.947585e-10
1374 6.941178e-10
1375 6.934782e-10
1376 6.928396e-10
1377 6.922021e-10
1378 6.915656e-10
1379 6.909302e-10
1380 6.902958e-10
1381 6.896625e-10
1382 6.890302e-10
1383 6.883990e-10
1384 6.877687e-10
1385 6.871395e-10
1386 6.865114e-10
1387 6.858842e-10
1388 6.852581e-10
1389 6.846330e-10
1390 6.840090e-10
1391 6.833859e-10
1392 6.827639e-10
1393 6.821428e-10
1394 6.815228e-10
1395 6.809038e-10
1396 6.802858e-10
1397 6.796688e-10
1398 6.790528e-10
1399 6.784378e-10
1400 6.778238e-10
1401 6.772108e-10
1402 6.765987e-10
1403 6.759877e-10
1404 6.753777e-10
1405 6.747686e-10
1406 6.741605e-10
1407 6.735534e-10
1408 6.729473e-10
1409 6.723421e-10
1410 6.717380e-10
1411 6.711348e-10
1412 6.705325e-10
1413 6.699312e-10
1414 6.693309e-10
1415 6.687316e-10
1416 6.681332e-10
1417 6.675358e-10
1418 6.669393e-10
1419 6.663438e-10
1420 6.657492e-10
1421 6.651556e-10
1422 6.645629e-10
1423 6.639712e-10
1424 6.633804e-10
1425 6.627906e-10
1426 6.622016e-10
1427 6.616137e-10
1428 6.610266e-10
1429 6.604405e-10
1430 6.598553e-10
1431 6.592711e-10
1432 6.586877e-10
1433 6.581053e-10
1434 6.575239e-10
1435 6.569433e-10
1436 6.563636e-10
1437 6.557849e-10
1438 6.552071e-10
1439 6.546302e-10
1440 6.540542e-10
1441 6.534791e-10
1442 6.529049e-10
1443 6.523316e-10
1444 6.517592e-10
1445 6.511877e-10
1446 6.506171e-10
1447 6.500474e-10
1448 6.494786e-10
1449 6.489136e-10
1450 6.483498e-10
1451 6.477870e-10
1452 6.472250e-10
1453 6.466639e-10
1454 6.461037e-10
1455 6.455443e-10
1456 6.449858e-10
1457 6.444282e-10
1458 6.438714e-10
1459 6.433155e-10
1460 6.427605e-10
1461 6.422063e-10
1462 6.416530e-10
1463 6.411005e-10
1464 6.405489e-10
1465 6.399981e-10
1466 6.394482e-10
1467 6.388991e-10
1468 6.383509e-10
1469 6.378035e-10
1470 6.372570e-10
1471 6.367113e-10
1472 6.361664e-10
1473 6.356224e-10
1474 6.350792e-10
1475 6.345368e-10
1476 6.339953e-10
1477 6.334546e-10
1478 6.329147e-10
1479 6.323757e-10
1480 6.318374e-10
1481 6.313000e-10
1482 6.307634e-10
1483 6.302277e-10
1484 6.296927e-10
1485 6.291586e-10
1486 6.286252e-10
1487 6.280927e-10
1488 6.275610e-10
1489 6.270301e-10
1490 6.265000e-10
1491 6.259707e-10
1492 6.254422e-10
1493 6.249145e-10
1494 6.243876e-10
1495 6.238615e-10
1496 6.233362e-10
1497 6.228117e-10
1498 6.222880e-10
1499 6.217651e-10
1500 6.212429e-10
1501 6.207216e-10
1502 6.202010e-10
1503 6.196812e-10
1504 6.191622e-10
1505 6.186440e-10
1506 6.181265e-10
1507 6.176099e-10
1508 6.170939e-10
1509 6.165788e-10
1510 6.160645e-10
1511 6.155509e-10
1512 6.150381e-10
1513 6.145260e-10
1514 6.140147e-10
1515 6.135042e-10
1516 6.129944e-10
1517 6.124854e-10
1518 6.119771e-10
1519 6.114697e-10
1520 6.109629e-10
1521 6.104569e-10
1522 6.099517e-10
1523 6.094472e-10
1524 6.089435e-10
1525 6.084405e-10
1526 6.079382e-10
1527 6.074367e-10
1528 6.069360e-10
1529 6.064359e-10
1530 6.059366e-10
1531 6.054381e-10
1532 6.049403e-10
1533 6.044432e-10
1534 6.039469e-10
1535 6.034512e-10
1536 6.029564e-10
1537 6.024622e-10
1538 6.019688e-10
1539 6.014761e-10
1540 6.009841e-10
1541 6.004928e-10
1542 6.000023e-10
1543 5.995124e-10
1544 5.990233e-10
1545 5.985349e-10
1546 5.980472e-10
1547 5.975603e-10
1548 5.970740e-10
1549 5.965885e-10
1550 5.961036e-10
1551 5.956195e-10
1552 5.951361e-10
1553 5.946549e-10
1554 5.941748e-10
1555 5.936955e-10
1556 5.932168e-10
1557 5.927388e-10
1558 5.922615e-10
1559 5.917849e-10
1560 5.913090e-10
1561 5.908338e-10
1562 5.903593e-10
1563 5.898855e-10
1564 5.894123e-10
1565 5.889398e-10
1566 5.884680e-10
1567 5.879969e-10
1568 5.875265e-10
1569 5.870567e-10
1570 5.865876e-10
1571 5.861192e-10
1572 5.856514e-10
1573 5.851844e-10
1574 5.847179e-10
1575 5.842522e-10
1576 5.837871e-10
1577 5.833227e-10
1578 5.828590e-10
1579 5.823959e-10
1580 5.819335e-10
1581 5.814717e-10
1582 5.810106e-10
1583 5.805501e-10
1584 5.800903e-10
1585 5.796312e-10
1586 5.791727e-10
1587 5.787149e-10
1588 5.782577e-10
1589 5.778012e-10
1590 5.773453e-10
1591 5.768900e-10
1592 5.764354e-10
1593 5.759815e-10
1594 5.755282e-10
1595 5.750755e-10
1596 5.746235e-10
1597 5.741721e-10
1598 5.737213e-10
1599 5.732712e-10
1600 5.728217e-10
1601 5.723728e-10
1602 5.719246e-10
1603 5.714770e-10
1604 5.710300e-10
1605 5.705837e-10
1606 5.701380e-10
1607 5.696929e-10
1608 5.692484e-10
1609 5.688046e-10
1610 5.683614e-10
1611 5.679188e-10
1612 5.674768e-10
1613 5.670355e-10
1614 5.665947e-10
1615 5.661546e-10
1616 5.657151e-10
1617 5.652762e-10
1618 5.648379e-10
1619 5.644002e-10
1620 5.639631e-10
1621 5.635267e-10
1622 5.630908e-10
1623 5.626556e-10
1624 5.622209e-10
1625 5.617869e-10
1626 5.613534e-10
1627 5.609206e-10
1628 5.604883e-10
1629 5.600567e-10
1630 5.596257e-10
1631 5.591952e-10
1632 5.587654e-10
1633 5.583361e-10
1634 5.579074e-10
1635 5.574793e-10
1636 5.570518e-10
1637 5.566249e-10
1638 5.561986e-10
1639 5.557729e-10
1640 5.553478e-10
1641 5.549232e-10
1642 5.544992e-10
1643 5.540758e-10
1644 5.536530e-10
1645 5.532308e-10
1646 5.528091e-10
1647 5.523881e-10
1648 5.519676e-10
1649 5.515476e-10
1650 5.511283e-10
1651 5.507095e-10
1652 5.502913e-10
1653 5.498737e-10
1654 5.494566e-10
1655 5.490401e-10
1656 5.486242e-10
1657 5.482088e-10
1658 5.477940e-10
1659 5.473797e-10
1660 5.469661e-10
1661 5.465530e-10
1662 5.461404e-10
1663 5.457284e-10
1664 5.453172e-10
1665 5.449073e-10
1666 5.444980e-10
1667 5.440892e-10
1668 5.436810e-10
1669 5.432733e-10
1670 5.428662e-10
1671 5.424596e-10
1672 5.420536e-10
1673 5.416481e-10
1674 5.412432e-10
1675 5.408388e-10
1676 5.404350e-10
1677 5.400317e-10
1678 5.396289e-10
1679 5.392267e-10
1680 5.388250e-10
1681 5.384239e-10
1682 5.380233e-10
1683 5.376232e-10
1684 5.372236e-10
1685 5.368246e-10
1686 5.364262e-10
1687 5.360282e-10
1688 5.356308e-10
1689 5.352340e-10
1690 5.348376e-10
1691 5.344418e-10
1692 5.340465e-10
1693 5.336517e-10
1694 5.332575e-10
1695 5.328638e-10
1696 5.324706e-10
1697 5.320779e-10
1698 5.316858e-10
1699 5.312941e-10
1700 5.309030e-10
1701 5.305124e-10
1702 5.301223e-10
1703 5.297328e-10
1704 5.293437e-10
1705 5.289552e-10
1706 5.285671e-10
1707 5.281796e-10
1708 5.277926e-10
1709 5.274061e-10
1710 5.270202e-10
1711 5.266347e-10
1712 5.262497e-10
1713 5.258653e-10
1714 5.254813e-10
1715 5.250978e-10
1716 5.247149e-10
1717 5.243324e-10
1718 5.239505e-10
1719 5.235691e-10
1720 5.231881e-10
1721 5.228077e-10
1722 5.224277e-10
1723 5.220483e-10
1724 5.216693e-10
1725 5.212908e-10
1726 5.209129e-10
1727 5.205354e-10
1728 5.201584e-10
1729 5.197819e-10
1730 5.194059e-10
1731 5.190304e-10
1732 5.186553e-10
1733 5.182808e-10
1734 5.179068e-10
1735 5.175332e-10
1736 5.171601e-10
1737 5.167875e-10
1738 5.164154e-10
1739 5.160437e-10
1740 5.156726e-10
1741 5.153019e-10
1742 5.149317e-10
1743 5.145620e-10
1744 5.141928e-10
1745 5.138240e-10
1746 5.134557e-10
1747 5.130879e-10
1748 5.127205e-10
1749 5.123537e-10
1750 5.119873e-10
1751 5.116214e-10
1752 5.112559e-10
1753 5.108909e-10
1754 5.105264e-10
1755 5.101623e-10
1756 5.097988e-10
1757 5.094356e-10
1758 5.090730e-10
1759 5.087108e-10
1760 5.083491e-10
1761 5.079878e-10
1762 5.076270e-10
1763 5.072667e-10
1764 5.069068e-10
1765 5.065474e-10
1766 5.061884e-10
1767 5.058299e-10
1768 5.054719e-10
1769 5.051143e-10
1770 5.047571e-10
1771 5.044004e-10
1772 5.040442e-10
1773 5.036884e-10
1774 5.033331e-10
1775 5.029782e-10
1776 5.026238e-10
1777 5.022698e-10
1778 5.019163e-10
1779 5.015632e-10
1780 5.012106e-10
1781 5.008584e-10
1782 5.005066e-10
1783 5.001553e-10
1784 4.998046e-10
1785 4.994545e-10
1786 4.991047e-10
1787 4.987554e-10
1788 4.984066e-10
1789 4.980582e-10
1790 4.977102e-10
1791 4.973627e-10
1792 4.970156e-10
1793 4.966689e-10
1794 4.963227e-10
1795 4.959769e-10
1796 4.956315e-10
1797 4.952866e-10
1798 4.949421e-10
1799 4.945980e-10
1800 4.942544e-10
1801 4.939112e-10
1802 4.935684e-10
1803 4.932260e-10
1804 4.928841e-10
1805 4.925426e-10
1806 4.922015e-10
1807 4.918609e-10
1808 4.915207e-10
1809 4.911809e-10
1810 4.908415e-10
1811 4.905025e-10
1812 4.901640e-10
1813 4.898259e-10
1814 4.894882e-10
1815 4.891509e-10
1816 4.888140e-10
1817 4.884776e-10
1818 4.881416e-10
1819 4.878060e-10
1820 4.874708e-10
1821 4.871360e-10
1822 4.868016e-10
1823 4.864677e-10
1824 4.861341e-10
1825 4.858010e-10
1826 4.854683e-10
1827 4.851360e-10
1828 4.848041e-10
1829 4.844726e-10
1830 4.841415e-10
1831 4.838108e-10
1832 4.834805e-10
1833 4.831507e-10
1834 4.828212e-10
1835 4.824922e-10
1836 4.821635e-10
1837 4.818352e-10
1838 4.815074e-10
1839 4.811799e-10
1840 4.808529e-10
1841 4.805263e-10
1842 4.802000e-10
1843 4.798742e-10
1844 4.795487e-10
1845 4.792236e-10
1846 4.788990e-10
1847 4.785747e-10
1848 4.782509e-10
1849 4.779274e-10
1850 4.776043e-10
1851 4.772816e-10
1852 4.769593e-10
1853 4.766374e-10
1854 4.763159e-10
1855 4.759948e-10
1856 4.756740e-10
1857 4.753537e-10
1858 4.750337e-10
1859 4.747142e-10
1860 4.743950e-10
1861 4.740762e-10
1862 4.737578e-10
1863 4.734397e-10
1864 4.731221e-10
1865 4.728048e-10
1866 4.724880e-10
1867 4.721715e-10
1868 4.718553e-10
1869 4.715396e-10
1870 4.712243e-10
1871 4.709093e-10
1872 4.705947e-10
1873 4.702805e-10
1874 4.699666e-10
1875 4.696532e-10
1876 4.693401e-10
1877 4.690274e-10
1878 4.687150e-10
1879 4.684031e-10
1880 4.680915e-10
1881 4.677803e-10
1882 4.674694e-10
1883 4.671589e-10
1884 4.668488e-10
1885 4.665391e-10
1886 4.662297e-10
1887 4.659207e-10
1888 4.656121e-10
1889 4.653039e-10
1890 4.649960e-10
1891 4.646884e-10
1892 4.643813e-10
1893 4.640745e-10
1894 4.637681e-10
1895 4.634620e-10
1896 4.631563e-10
1897 4.628510e-10
1898 4.625460e-10
1899 4.622414e-10
1900 4.619371e-10
1901 4.616332e-10
1902 4.613297e-10
1903 4.610265e-10
1904 4.607237e-10
1905 4.604212e-10
1906 4.601191e-10
1907 4.598174e-10
1908 4.595160e-10
1909 4.592149e-10
1910 4.589143e-10
1911 4.586139e-10
1912 4.583138e-10
1913 4.580139e-10
1914 4.577143e-10
1915 4.574150e-10
1916 4.571162e-10
1917 4.568176e-10
1918 4.565194e-10
1919 4.562216e-10
1920 4.559241e-10
1921 4.556269e-10
1922 4.553301e-10
1923 4.550337e-10
1924 4.547376e-10
1925 4.544418e-10
1926 4.541464e-10
1927 4.538513e-10
1928 4.535566e-10
1929 4.532622e-10
1930 4.529682e-10
1931 4.526745e-10
1932 4.523812e-10
1933 4.520882e-10
1934 4.517955e-10
1935 4.515032e-10
1936 4.512112e-10
1937 4.509196e-10
1938 4.506282e-10
1939 4.503373e-10
1940 4.500466e-10
1941 4.497564e-10
1942 4.494664e-10
1943 4.491768e-10
1944 4.488875e-10
1945 4.485985e-10
1946 4.483099e-10
1947 4.480216e-10
1948 4.477337e-10
1949 4.474461e-10
1950 4.471588e-10
1951 4.468718e-10
1952 4.465852e-10
1953 4.462989e-10
1954 4.460130e-10
1955 4.457273e-10
1956 4.454420e-10
1957 4.451571e-10
1958 4.448724e-10
1959 4.445881e-10
1960 4.443041e-10
1961 4.440204e-10
1962 4.437371e-10
1963 4.434541e-10
1964 4.431714e-10
1965 4.428890e-10
1966 4.426070e-10
1967 4.423253e-10
1968 4.420439e-10
1969 4.417628e-10
1970 4.414820e-10
1971 4.412016e-10
1972 4.409215e-10
1973 4.406417e-10
1974 4.403622e-10
1975 4.400831e-10
1976 4.398042e-10
1977 4.395257e-10
1978 4.392475e-10
1979 4.389696e-10
1980 4.386920e-10
1981 4.384148e-10
1982 4.381378e-10
1983 4.378612e-10
1984 4.375849e-10
1985 4.373089e-10
1986 4.370332e-10
1987 4.367578e-10
1988 4.364828e-10
1989 4.362080e-10
1990 4.359336e-10
1991 4.356595e-10
1992 4.353856e-10
1993 4.351121e-10
1994 4.348389e-10
1995 4.345660e-10
1996 4.342935e-10
1997 4.340212e-10
1998 4.337492e-10
1999 4.334775e-10
2000 4.332062e-10
2001 4.329351e-10
2002 4.326644e-10
2003 4.323939e-10
2004 4.321238e-10
2005 4.318540e-10
2006 4.315844e-10
2007 4.313152e-10
2008 4.310463e-10
2009 4.307777e-10
2010 4.305093e-10
2011 4.302413e-10
2012 4.299736e-10
2013 4.297062e-10
2014 4.294390e-10
2015 4.291722e-10
2016 4.289057e-10
2017 4.286394e-10
2018 4.283735e-10
2019 4.281079e-10
2020 4.278425e-10
2021 4.275775e-10
2022 4.273127e-10
2023 4.270483e-10
2024 4.267841e-10
2025 4.265202e-10
2026 4.262566e-10
2027 4.259934e-10
2028 4.257304e-10
2029 4.254677e-10
2030 4.252053e-10
2031 4.249432e-10
2032 4.246813e-10
2033 4.244198e-10
2034 4.241585e-10
2035 4.238976e-10
2036 4.236369e-10
2037 4.233765e-10
2038 4.231164e-10
2039 4.228566e-10
2040 4.225971e-10
2041 4.223379e-10
2042 4.220789e-10
2043 4.218203e-10
2044 4.215619e-10
2045 4.213038e-10
2046 4.210460e-10
2047 4.207885e-10
2048 4.205312e-10
2049 4.202743e-10
2050 4.200169e-10
2051 4.197597e-10
2052 4.195029e-10
2053 4.192463e-10
2054 4.189900e-10
2055 4.187340e-10
2056 4.184782e-10
2057 4.182228e-10
2058 4.179676e-10
2059 4.177127e-10
2060 4.174580e-10
2061 4.172037e-10
2062 4.169496e-10
2063 4.166958e-10
2064 4.164423e-10
2065 4.161891e-10
2066 4.159361e-10
2067 4.156835e-10
2068 4.154310e-10
2069 4.151789e-10
2070 4.149271e-10
2071 4.146755e-10
2072 4.144242e-10
2073 4.141731e-10
2074 4.139224e-10
2075 4.136719e-10
2076 4.134217e-10
2077 4.131717e-10
2078 4.129220e-10
2079 4.126726e-10
2080 4.124235e-10
2081 4.121746e-10
2082 4.119260e-10
2083 4.116777e-10
2084 4.114297e-10
2085 4.111819e-10
2086 4.109344e-10
2087 4.106871e-10
2088 4.104401e-10
2089 4.101934e-10
2090 4.099470e-10
2091 4.097008e-10
2092 4.094548e-10
2093 4.092092e-10
2094 4.089638e-10
2095 4.087187e-10
2096 4.084738e-10
2097 4.082292e-10
2098 4.079849e-10
2099 4.077408e-10
2100 4.074970e-10
2101 4.072534e-10
2102 4.070101e-10
2103 4.067671e-10
2104 4.065244e-10
2105 4.062818e-10
2106 4.060396e-10
2107 4.057976e-10
2108 4.055559e-10
2109 4.053144e-10
2110 4.050732e-10
2111 4.048322e-10
2112 4.045915e-10
2113 4.043511e-10
2114 4.041109e-10
2115 4.038710e-10
2116 4.036313e-10
2117 4.033919e-10
2118 4.031527e-10
2119 4.029138e-10
2120 4.026752e-10
2121 4.024368e-10
2122 4.021986e-10
2123 4.019608e-10
2124 4.017231e-10
2125 4.014857e-10
2126 4.012486e-10
2127 4.010117e-10
2128 4.007751e-10
2129 4.005387e-10
2130 4.003026e-10
2131 4.000667e-10
2132 3.998310e-10
2133 3.995957e-10
2134 3.993605e-10
2135 3.991256e-10
2136 3.988910e-10
2137 3.986566e-10
2138 3.984225e-10
2139 3.981886e-10
2140 3.979549e-10
2141 3.977215e-10
2142 3.974884e-10
2143 3.972554e-10
2144 3.970228e-10
2145 3.967904e-10
2146 3.965582e-10
2147 3.963262e-10
2148 3.960946e-10
2149 3.958631e-10
2150 3.956319e-10
2151 3.954009e-10
2152 3.951702e-10
2153 3.949397e-10
2154 3.947095e-10
2155 3.944795e-10
2156 3.942497e-10
2157 3.940202e-10
2158 3.937910e-10
2159 3.935619e-10
2160 3.933331e-10
2161 3.931046e-10
2162 3.928762e-10
2163 3.926482e-10
2164 3.924203e-10
2165 3.921927e-10
2166 3.919653e-10
2167 3.917382e-10
2168 3.915113e-10
2169 3.912847e-10
2170 3.910582e-10
2171 3.908320e-10
2172 3.906061e-10
2173 3.903804e-10
2174 3.901549e-10
2175 3.899296e-10
2176 3.897046e-10
2177 3.894798e-10
2178 3.892553e-10
2179 3.890310e-10
2180 3.888069e-10
2181 3.885830e-10
2182 3.883594e-10
2183 3.881360e-10
2184 3.879128e-10
2185 3.876899e-10
2186 3.874672e-10
2187 3.872447e-10
2188 3.870225e-10
2189 3.868005e-10
2190 3.865787e-10
2191 3.863571e-10
2192 3.861358e-10
2193 3.859147e-10
2194 3.856938e-10
2195 3.854732e-10
2196 3.852527e-10
2197 3.850319e-10
2198 3.848110e-10
2199 3.845902e-10
2200 3.843697e-10
2201 3.841494e-10
2202 3.839293e-10
2203 3.837095e-10
2204 3.834898e-10
2205 3.832704e-10
2206 3.830513e-10
2207 3.828323e-10
2208 3.826136e-10
2209 3.823951e-10
2210 3.821768e-10
2211 3.819588e-10
2212 3.817410e-10
2213 3.815234e-10
2214 3.813060e-10
2215 3.810888e-10
2216 3.808719e-10
2217 3.806552e-10
2218 3.804387e-10
2219 3.802224e-10
2220 3.800063e-10
2221 3.797905e-10
2222 3.795749e-10
2223 3.793595e-10
2224 3.791443e-10
2225 3.789293e-10
2226 3.787146e-10
2227 3.785001e-10
2228 3.782858e-10
2229 3.780717e-10
2230 3.778578e-10
2231 3.776442e-10
2232 3.774307e-10
2233 3.772175e-10
2234 3.770045e-10
2235 3.767917e-10
2236 3.765791e-10
2237 3.763668e-10
2238 3.761546e-10
2239 3.759427e-10
2240 3.757310e-10
2241 3.755195e-10
2242 3.753082e-10
2243 3.750971e-10
2244 3.748862e-10
2245 3.746756e-10
2246 3.744651e-10
2247 3.742549e-10
2248 3.740449e-10
2249 3.738351e-10
2250 3.736255e-10
2251 3.734161e-10
2252 3.732069e-10
2253 3.729980e-10
2254 3.727892e-10
2255 3.725807e-10
2256 3.723723e-10
2257 3.721642e-10
2258 3.719563e-10
2259 3.717486e-10
2260 3.715411e-10
2261 3.713338e-10
2262 3.711267e-10
2263 3.709198e-10
2264 3.707131e-10
2265 3.705067e-10
2266 3.703004e-10
2267 3.700944e-10
2268 3.698885e-10
2269 3.696829e-10
2270 3.694774e-10
2271 3.692722e-10
2272 3.690672e-10
2273 3.688623e-10
2274 3.686577e-10
2275 3.684533e-10
2276 3.682491e-10
2277 3.680451e-10
2278 3.678412e-10
2279 3.676376e-10
2280 3.674342e-10
2281 3.672310e-10
2282 3.670280e-10
2283 3.668252e-10
2284 3.666226e-10
2285 3.664202e-10
2286 3.662180e-10
2287 3.660160e-10
2288 3.658142e-10
2289 3.656126e-10
2290 3.654112e-10
2291 3.652100e-10
2292 3.650090e-10
2293 3.648082e-10
2294 3.646076e-10
2295 3.644071e-10
2296 3.642069e-10
2297 3.640069e-10
2298 3.638071e-10
2299 3.636075e-10
2300 3.634080e-10
2301 3.632088e-10
2302 3.630098e-10
2303 3.628109e-10
2304 3.626123e-10
2305 3.624138e-10
2306 3.622156e-10
2307 3.620175e-10
2308 3.618196e-10
2309 3.616220e-10
2310 3.614245e-10
2311 3.612272e-10
2312 3.610301e-10
2313 3.608332e-10
2314 3.606365e-10
2315 3.604400e-10
2316 3.602436e-10
2317 3.600475e-10
2318 3.598516e-10
2319 3.596558e-10
2320 3.594603e-10
2321 3.592649e-10
2322 3.590697e-10
2323 3.588747e-10
2324 3.586799e-10
2325 3.584853e-10
2326 3.582909e-10
2327 3.580966e-10
2328 3.579026e-10
2329 3.577087e-10
2330 3.575151e-10
2331 3.573216e-10
2332 3.571283e-10
2333 3.569352e-10
2334 3.567423e-10
2335 3.565496e-10
2336 3.563570e-10
2337 3.561647e-10
2338 3.559725e-10
2339 3.557805e-10
2340 3.555887e-10
2341 3.553971e-10
2342 3.552057e-10
2343 3.550144e-10
2344 3.548233e-10
2345 3.546325e-10
2346 3.544418e-10
2347 3.542513e-10
2348 3.540609e-10
2349 3.538708e-10
2350 3.536808e-10
2351 3.534911e-10
2352 3.533015e-10
2353 3.531121e-10
2354 3.529228e-10
2355 3.527329e-10
2356 3.525428e-10
2357 3.523529e-10
2358 3.521632e-10
2359 3.519737e-10
2360 3.517844e-10
2361 3.515952e-10
2362 3.514062e-10
2363 3.512174e-10
2364 3.510288e-10
2365 3.508404e-10
2366 3.506521e-10
2367 3.504640e-10
2368 3.502761e-10
2369 3.500884e-10
2370 3.499009e-10
2371 3.497135e-10
2372 3.495264e-10
2373 3.493394e-10
2374 3.491525e-10
2375 3.489659e-10
2376 3.487794e-10
2377 3.485931e-10
2378 3.484070e-10
2379 3.482211e-10
2380 3.480354e-10
2381 3.478498e-10
2382 3.476644e-10
2383 3.474792e-10
2384 3.472941e-10
2385 3.471092e-10
2386 3.469246e-10
2387 3.467400e-10
2388 3.465557e-10
2389 3.463715e-10
2390 3.461875e-10
2391 3.460037e-10
2392 3.458201e-10
2393 3.456366e-10
2394 3.454533e-10
2395 3.452702e-10
2396 3.450872e-10
2397 3.449045e-10
2398 3.447219e-10
2399 3.445394e-10
2400 3.443572e-10
2401 3.441751e-10
2402 3.439932e-10
2403 3.438114e-10
2404 3.436299e-10
2405 3.434485e-10
2406 3.432672e-10
2407 3.430862e-10
2408 3.429053e-10
2409 3.427246e-10
2410 3.425440e-10
2411 3.423637e-10
2412 3.421835e-10
2413 3.420034e-10
2414 3.418236e-10
2415 3.416439e-10
2416 3.414643e-10
2417 3.412850e-10
2418 3.411058e-10
2419 3.409268e-10
2420 3.407479e-10
2421 3.405692e-10
2422 3.403907e-10
2423 3.402123e-10
2424 3.400342e-10
2425 3.398561e-10
2426 3.396783e-10
2427 3.395006e-10
2428 3.393231e-10
2429 3.391457e-10
2430 3.389685e-10
2431 3.387915e-10
2432 3.386147e-10
2433 3.384380e-10
2434 3.382614e-10
2435 3.380851e-10
2436 3.379089e-10
2437 3.377328e-10
2438 3.375570e-10
2439 3.373813e-10
2440 3.372057e-10
2441 3.370303e-10
2442 3.368551e-10
2443 3.366801e-10
2444 3.365052e-10
2445 3.363304e-10
2446 3.361559e-10
2447 3.359815e-10
2448 3.358072e-10
2449 3.356331e-10
2450 3.354592e-10
2451 3.352854e-10
2452 3.351118e-10
2453 3.349384e-10
2454 3.347651e-10
2455 3.345920e-10
2456 3.344190e-10
2457 3.342462e-10
2458 3.340736e-10
2459 3.339011e-10
2460 3.337288e-10
2461 3.335566e-10
2462 3.333846e-10
2463 3.332128e-10
2464 3.330411e-10
2465 3.328696e-10
2466 3.326982e-10
2467 3.325270e-10
2468 3.323559e-10
2469 3.321850e-10
2470 3.320143e-10
2471 3.318437e-10
2472 3.316733e-10
2473 3.315030e-10
2474 3.313329e-10
2475 3.311629e-10
2476 3.309931e-10
2477 3.308235e-10
2478 3.306540e-10
2479 3.304846e-10
2480 3.303155e-10
2481 3.301464e-10
2482 3.299776e-10
2483 3.298088e-10
2484 3.296403e-10
2485 3.294719e-10
2486 3.293036e-10
2487 3.291355e-10
2488 3.289676e-10
2489 3.287998e-10
2490 3.286321e-10
2491 3.284646e-10
2492 3.282973e-10
2493 3.281301e-10
2494 3.279631e-10
2495 3.277962e-10
2496 3.276294e-10
2497 3.274629e-10
2498 3.272964e-10
2499 3.271302e-10
2500 3.269640e-10
2501 3.267981e-10
2502 3.266322e-10
2503 3.264666e-10
2504 3.263010e-10
2505 3.261357e-10
2506 3.259704e-10
2507 3.258054e-10
2508 3.256404e-10
2509 3.254757e-10
2510 3.253110e-10
2511 3.251466e-10
2512 3.249822e-10
2513 3.248180e-10
2514 3.246540e-10
2515 3.244901e-10
2516 3.243264e-10
2517 3.241628e-10
2518 3.239994e-10
2519 3.238361e-10
2520 3.236729e-10
2521 3.235099e-10
2522 3.233471e-10
2523 3.231844e-10
2524 3.230212e-10
2525 3.228575e-10
2526 3.226939e-10
2527 3.225304e-10
2528 3.223672e-10
2529 3.222040e-10
2530 3.220410e-10
2531 3.218782e-10
2532 3.217155e-10
2533 3.215529e-10
2534 3.213905e-10
2535 3.212283e-10
2536 3.210662e-10
2537 3.209042e-10
2538 3.207424e-10
2539 3.205807e-10
2540 3.204192e-10
2541 3.202578e-10
2542 3.200965e-10
2543 3.199354e-10
2544 3.197745e-10
2545 3.196137e-10
2546 3.194530e-10
2547 3.192925e-10
2548 3.191321e-10
2549 3.189719e-10
2550 3.188118e-10
2551 3.186518e-10
2552 3.184920e-10
2553 3.183324e-10
2554 3.181729e-10
2555 3.180135e-10
2556 3.178542e-10
2557 3.176952e-10
2558 3.175362e-10
2559 3.173774e-10
2560 3.172187e-10
2561 3.170602e-10
2562 3.169018e-10
2563 3.167436e-10
2564 3.165855e-10
2565 3.164275e-10
2566 3.162697e-10
2567 3.161120e-10
2568 3.159544e-10
2569 3.157970e-10
2570 3.156398e-10
2571 3.154827e-10
2572 3.153257e-10
2573 3.151688e-10
2574 3.150121e-10
2575 3.148556e-10
2576 3.146991e-10
2577 3.145428e-10
2578 3.143867e-10
2579 3.142307e-10
2580 3.140748e-10
2581 3.139190e-10
2582 3.137634e-10
2583 3.136080e-10
2584 3.134527e-10
2585 3.132975e-10
2586 3.131424e-10
2587 3.129875e-10
2588 3.128327e-10
2589 3.126781e-10
2590 3.125236e-10
2591 3.123692e-10
2592 3.122150e-10
2593 3.120609e-10
2594 3.119069e-10
2595 3.117531e-10
2596 3.115994e-10
2597 3.114458e-10
2598 3.112924e-10
2599 3.111391e-10
2600 3.109859e-10
2601 3.108329e-10
2602 3.106800e-10
2603 3.105273e-10
2604 3.103746e-10
2605 3.102222e-10
2606 3.100698e-10
2607 3.099176e-10
2608 3.097655e-10
2609 3.096135e-10
2610 3.094617e-10
2611 3.093100e-10
2612 3.091585e-10
2613 3.090071e-10
2614 3.088558e-10
2615 3.087046e-10
2616 3.085536e-10
2617 3.084027e-10
2618 3.082519e-10
2619 3.081013e-10
2620 3.079508e-10
2621 3.078004e-10
2622 3.076502e-10
2623 3.075000e-10
2624 3.073501e-10
2625 3.072002e-10
2626 3.070505e-10
2627 3.069009e-10
2628 3.067514e-10
2629 3.066021e-10
2630 3.064529e-10
2631 3.063038e-10
2632 3.061549e-10
2633 3.060061e-10
2634 3.058574e-10
2635 3.057088e-10
2636 3.055604e-10
2637 3.054121e-10
2638 3.052639e-10
2639 3.051159e-10
2640 3.049680e-10
2641 3.048202e-10
2642 3.046725e-10
2643 3.045250e-10
2644 3.043776e-10
2645 3.042303e-10
2646 3.040832e-10
2647 3.039361e-10
2648 3.037892e-10
2649 3.036425e-10
2650 3.034958e-10
2651 3.033493e-10
2652 3.032029e-10
2653 3.030566e-10
2654 3.029105e-10
2655 3.027645e-10
2656 3.026186e-10
2657 3.024728e-10
2658 3.023272e-10
2659 3.021817e-10
2660 3.020363e-10
2661 3.018910e-10
2662 3.017459e-10
2663 3.016008e-10
2664 3.014559e-10
2665 3.013112e-10
2666 3.011665e-10
2667 3.010220e-10
2668 3.008776e-10
2669 3.007333e-10
2670 3.005892e-10
2671 3.004451e-10
2672 3.003012e-10
2673 3.001574e-10
2674 3.000138e-10
2675 2.998702e-10
2676 2.997268e-10
2677 2.995835e-10
2678 2.994404e-10
2679 2.992973e-10
2680 2.991544e-10
2681 2.990116e-10
2682 2.988689e-10
2683 2.987263e-10
2684 2.985839e-10
2685 2.984416e-10
2686 2.982993e-10
2687 2.981573e-10
2688 2.980153e-10
2689 2.978735e-10
2690 2.977317e-10
2691 2.975901e-10
2692 2.974487e-10
2693 2.973073e-10
2694 2.971661e-10
2695 2.970249e-10
2696 2.968839e-10
2697 2.967430e-10
2698 2.966023e-10
2699 2.964616e-10
2700 2.963211e-10
2701 2.961807e-10
2702 2.960404e-10
2703 2.959002e-10
2704 2.957602e-10
2705 2.956202e-10
2706 2.954790e-10
2707 2.953380e-10
2708 2.951970e-10
2709 2.950562e-10
2710 2.949155e-10
2711 2.947750e-10
2712 2.946345e-10
2713 2.944942e-10
2714 2.943539e-10
2715 2.942138e-10
2716 2.940739e-10
2717 2.939340e-10
2718 2.937942e-10
2719 2.936546e-10
2720 2.935151e-10
2721 2.933757e-10
2722 2.932364e-10
2723 2.930973e-10
2724 2.929582e-10
2725 2.928193e-10
2726 2.926805e-10
2727 2.925418e-10
2728 2.924032e-10
2729 2.922648e-10
2730 2.921264e-10
2731 2.919882e-10
2732 2.918501e-10
2733 2.917121e-10
2734 2.915742e-10
2735 2.914365e-10
2736 2.912988e-10
2737 2.911613e-10
2738 2.910239e-10
2739 2.908866e-10
2740 2.907494e-10
2741 2.906123e-10
2742 2.904753e-10
2743 2.903385e-10
2744 2.902018e-10
2745 2.900651e-10
2746 2.899286e-10
2747 2.897923e-10
2748 2.896560e-10
2749 2.895198e-10
2750 2.893838e-10
2751 2.892478e-10
2752 2.891120e-10
2753 2.889763e-10
2754 2.888407e-10
2755 2.887052e-10
2756 2.885699e-10
2757 2.884346e-10
2758 2.882995e-10
2759 2.881644e-10
2760 2.880295e-10
2761 2.878947e-10
2762 2.877600e-10
2763 2.876254e-10
2764 2.874910e-10
2765 2.873566e-10
2766 2.872224e-10
2767 2.870882e-10
2768 2.869542e-10
2769 2.868203e-10
2770 2.866865e-10
2771 2.865528e-10
2772 2.864192e-10
2773 2.862857e-10
2774 2.861524e-10
2775 2.860191e-10
2776 2.858860e-10
2777 2.857529e-10
2778 2.856200e-10
2779 2.854872e-10
2780 2.853545e-10
2781 2.852219e-10
2782 2.850894e-10
2783 2.849570e-10
2784 2.848248e-10
2785 2.846926e-10
2786 2.845605e-10
2787 2.844286e-10
2788 2.842968e-10
2789 2.841651e-10
2790 2.840334e-10
2791 2.839019e-10
2792 2.837705e-10
2793 2.836392e-10
2794 2.835081e-10
2795 2.833770e-10
2796 2.832460e-10
2797 2.831151e-10
2798 2.829844e-10
2799 2.828537e-10
2800 2.827232e-10
2801 2.825928e-10
2802 2.824624e-10
2803 2.823322e-10
2804 2.822021e-10
2805 2.820721e-10
2806 2.819422e-10
2807 2.818124e-10
2808 2.816827e-10
2809 2.815531e-10
2810 2.814236e-10
2811 2.812943e-10
2812 2.811650e-10
2813 2.810358e-10
2814 2.809068e-10
2815 2.807778e-10
2816 2.806490e-10
2817 2.805202e-10
2818 2.803916e-10
2819 2.802631e-10
2820 2.801346e-10
2821 2.800063e-10
2822 2.798781e-10
2823 2.797500e-10
2824 2.796220e-10
2825 2.794941e-10
2826 2.793663e-10
2827 2.792386e-10
2828 2.791110e-10
2829 2.789835e-10
2830 2.788561e-10
2831 2.787288e-10
2832 2.786016e-10
2833 2.784745e-10
2834 2.783476e-10
2835 2.782207e-10
2836 2.780939e-10
2837 2.779672e-10
2838 2.778407e-10
2839 2.777142e-10
2840 2.775878e-10
2841 2.774616e-10
2842 2.773354e-10
2843 2.772094e-10
2844 2.770834e-10
2845 2.769575e-10
2846 2.768318e-10
2847 2.767061e-10
2848 2.765806e-10
2849 2.764551e-10
2850 2.763298e-10
2851 2.762045e-10
2852 2.760794e-10
2853 2.759543e-10
2854 2.758294e-10
2855 2.757045e-10
2856 2.755798e-10
2857 2.754552e-10
2858 2.753306e-10
2859 2.752062e-10
2860 2.750818e-10
2861 2.749576e-10
2862 2.748334e-10
2863 2.747094e-10
2864 2.745854e-10
2865 2.744616e-10
2866 2.743378e-10
2867 2.742142e-10
2868 2.740906e-10
2869 2.739672e-10
2870 2.738438e-10
2871 2.737205e-10
2872 2.735974e-10
2873 2.734743e-10
2874 2.733514e-10
2875 2.732285e-10
2876 2.731057e-10
2877 2.729831e-10
2878 2.728605e-10
2879 2.727380e-10
2880 2.726156e-10
2881 2.724934e-10
2882 2.723712e-10
2883 2.722491e-10
2884 2.721271e-10
2885 2.720052e-10
2886 2.718834e-10
2887 2.717617e-10
2888 2.716401e-10
2889 2.715186e-10
2890 2.713972e-10
2891 2.712759e-10
2892 2.711547e-10
2893 2.710336e-10
2894 2.709126e-10
2895 2.707916e-10
2896 2.706708e-10
2897 2.705501e-10
2898 2.704294e-10
2899 2.703089e-10
2900 2.701876e-10
2901 2.700659e-10
2902 2.699443e-10
2903 2.698228e-10
2904 2.697014e-10
2905 2.695801e-10
2906 2.694589e-10
2907 2.693377e-10
2908 2.692167e-10
2909 2.690958e-10
2910 2.689749e-10
2911 2.688542e-10
2912 2.687335e-10
2913 2.686130e-10
2914 2.684925e-10
2915 2.683722e-10
2916 2.682519e-10
2917 2.681317e-10
2918 2.680116e-10
2919 2.678917e-10
2920 2.677718e-10
2921 2.676520e-10
2922 2.675323e-10
2923 2.674127e-10
2924 2.672932e-10
2925 2.671738e-10
2926 2.670544e-10
2927 2.669352e-10
2928 2.668161e-10
2929 2.666970e-10
2930 2.665781e-10
2931 2.664592e-10
2932 2.663405e-10
2933 2.662218e-10
2934 2.661032e-10
2935 2.659848e-10
2936 2.658664e-10
2937 2.657481e-10
2938 2.656299e-10
2939 2.655118e-10
2940 2.653938e-10
2941 2.652759e-10
2942 2.651580e-10
2943 2.650403e-10
2944 2.649226e-10
2945 2.648051e-10
2946 2.646876e-10
2947 2.645703e-10
2948 2.644530e-10
2949 2.643358e-10
2950 2.642187e-10
2951 2.641017e-10
2952 2.639848e-10
2953 2.638680e-10
2954 2.637513e-10
2955 2.636346e-10
2956 2.635181e-10
2957 2.634016e-10
2958 2.632853e-10
2959 2.631690e-10
2960 2.630528e-10
2961 2.629367e-10
2962 2.628207e-10
2963 2.627048e-10
2964 2.625890e-10
2965 2.624733e-10
2966 2.623576e-10
2967 2.622421e-10
2968 2.621266e-10
2969 2.620112e-10
2970 2.618959e-10
2971 2.617808e-10
2972 2.616657e-10
2973 2.615506e-10
2974 2.614357e-10
2975 2.613209e-10
2976 2.612061e-10
2977 2.610915e-10
2978 2.609769e-10
2979 2.608624e-10
2980 2.607480e-10
2981 2.606337e-10
2982 2.605195e-10
2983 2.604054e-10
2984 2.602914e-10
2985 2.601774e-10
2986 2.600636e-10
2987 2.599498e-10
2988 2.598361e-10
2989 2.597225e-10
2990 2.596090e-10
2991 2.594956e-10
2992 2.593822e-10
2993 2.592690e-10
2994 2.591558e-10
2995 2.590427e-10
2996 2.589298e-10
2997 2.588169e-10
2998 2.587040e-10
2999 2.585913e-10
3000 2.584787e-10
3001 2.583661e-10
3002 2.582537e-10
3003 2.581413e-10
3004 2.580290e-10
3005 2.579168e-10
3006 2.578047e-10
3007 2.576926e-10
3008 2.575807e-10
3009 2.574688e-10
3010 2.573570e-10
3011 2.572453e-10
3012 2.571337e-10
3013 2.570222e-10
3014 2.569108e-10
3015 2.567994e-10
3016 2.566882e-10
3017 2.565770e-10
3018 2.564659e-10
3019 2.563549e-10
3020 2.562440e-10
3021 2.561331e-10
3022 2.560224e-10
3023 2.559117e-10
3024 2.558011e-10
3025 2.556906e-10
3026 2.555802e-10
3027 2.554699e-10
3028 2.553596e-10
3029 2.552494e-10
3030 2.551394e-10
3031 2.550294e-10
3032 2.549194e-10
3033 2.548096e-10
3034 2.546999e-10
3035 2.545902e-10
3036 2.544806e-10
3037 2.543711e-10
3038 2.542617e-10
3039 2.541524e-10
3040 2.540431e-10
3041 2.539340e-10
3042 2.538249e-10
3043 2.537159e-10
3044 2.536070e-10
3045 2.534981e-10
3046 2.533894e-10
3047 2.532807e-10
3048 2.531721e-10
3049 2.530636e-10
3050 2.529552e-10
3051 2.528468e-10
3052 2.527386e-10
3053 2.526304e-10
3054 2.525223e-10
3055 2.524143e-10
3056 2.523063e-10
3057 2.521985e-10
3058 2.520907e-10
3059 2.519830e-10
3060 2.518754e-10
3061 2.517679e-10
3062 2.516605e-10
3063 2.515531e-10
3064 2.514458e-10
3065 2.513386e-10
3066 2.512315e-10
3067 2.511244e-10
3068 2.510175e-10
3069 2.509106e-10
3070 2.508038e-10
3071 2.506971e-10
3072 2.505904e-10
3073 2.504839e-10
3074 2.503774e-10
3075 2.502710e-10
3076 2.501647e-10
3077 2.500584e-10
3078 2.499523e-10
3079 2.498462e-10
3080 2.497402e-10
3081 2.496343e-10
3082 2.495284e-10
3083 2.494226e-10
3084 2.493170e-10
3085 2.492113e-10
3086 2.491058e-10
3087 2.490004e-10
3088 2.488950e-10
3089 2.487897e-10
3090 2.486845e-10
3091 2.485794e-10
3092 2.484743e-10
3093 2.483693e-10
3094 2.482644e-10
3095 2.481596e-10
3096 2.480549e-10
3097 2.479502e-10
3098 2.478456e-10
3099 2.477411e-10
3100 2.476367e-10
3101 2.475323e-10
3102 2.474280e-10
3103 2.473238e-10
3104 2.472197e-10
3105 2.471157e-10
3106 2.470117e-10
3107 2.469078e-10
3108 2.468038e-10
3109 2.466988e-10
3110 2.465938e-10
3111 2.464889e-10
3112 2.463841e-10
3113 2.462794e-10
3114 2.461747e-10
3115 2.460701e-10
3116 2.459656e-10
3117 2.458612e-10
3118 2.457569e-10
3119 2.456526e-10
3120 2.455484e-10
3121 2.454443e-10
3122 2.453403e-10
3123 2.452363e-10
3124 2.451324e-10
3125 2.450286e-10
3126 2.449249e-10
3127 2.448213e-10
3128 2.447177e-10
3129 2.446142e-10
3130 2.445108e-10
3131 2.444074e-10
3132 2.443042e-10
3133 2.442010e-10
3134 2.440979e-10
3135 2.439948e-10
3136 2.438919e-10
3137 2.437890e-10
3138 2.436862e-10
3139 2.435835e-10
3140 2.434808e-10
3141 2.433782e-10
3142 2.432757e-10
3143 2.431733e-10
3144 2.430710e-10
3145 2.429687e-10
3146 2.428665e-10
3147 2.427644e-10
3148 2.426623e-10
3149 2.425603e-10
3150 2.424584e-10
3151 2.423566e-10
3152 2.422549e-10
3153 2.421532e-10
3154 2.420516e-10
3155 2.419501e-10
3156 2.418486e-10
3157 2.417473e-10
3158 2.416460e-10
3159 2.415447e-10
3160 2.414436e-10
3161 2.413425e-10
3162 2.412415e-10
3163 2.411406e-10
3164 2.410397e-10
3165 2.409389e-10
3166 2.408382e-10
3167 2.407376e-10
3168 2.406371e-10
3169 2.405366e-10
3170 2.404362e-10
3171 2.403358e-10
3172 2.402356e-10
3173 2.401354e-10
3174 2.400353e-10
3175 2.399352e-10
3176 2.398352e-10
3177 2.397353e-10
3178 2.396355e-10
3179 2.395358e-10
3180 2.394361e-10
3181 2.393365e-10
3182 2.392370e-10
3183 2.391375e-10
3184 2.390381e-10
3185 2.389388e-10
3186 2.388396e-10
3187 2.387404e-10
3188 2.386413e-10
3189 2.385423e-10
3190 2.384433e-10
3191 2.383444e-10
3192 2.382456e-10
3193 2.381469e-10
3194 2.380482e-10
3195 2.379496e-10
3196 2.378511e-10
3197 2.377526e-10
3198 2.376543e-10
3199 2.375560e-10
3200 2.374577e-10
3201 2.373596e-10
3202 2.372615e-10
3203 2.371634e-10
3204 2.370655e-10
3205 2.369676e-10
3206 2.368698e-10
3207 2.367721e-10
3208 2.366744e-10
3209 2.365768e-10
3210 2.364793e-10
3211 2.363818e-10
3212 2.362844e-10
3213 2.361871e-10
3214 2.360899e-10
3215 2.359927e-10
3216 2.358956e-10
3217 2.357986e-10
3218 2.357016e-10
3219 2.356047e-10
3220 2.355079e-10
3221 2.354111e-10
3222 2.353144e-10
3223 2.352178e-10
3224 2.351213e-10
3225 2.350248e-10
3226 2.349284e-10
3227 2.348321e-10
3228 2.347358e-10
3229 2.346396e-10
3230 2.345435e-10
3231 2.344474e-10
3232 2.343514e-10
3233 2.342555e-10
3234 2.341596e-10
3235 2.340639e-10
3236 2.339681e-10
3237 2.338725e-10
3238 2.337769e-10
3239 2.336814e-10
3240 2.335860e-10
3241 2.334906e-10
3242 2.333953e-10
3243 2.333000e-10
3244 2.332049e-10
3245 2.331098e-10
3246 2.330148e-10
3247 2.329198e-10
3248 2.328249e-10
3249 2.327301e-10
3250 2.326353e-10
3251 2.325406e-10
3252 2.324460e-10
3253 2.323514e-10
3254 2.322569e-10
3255 2.321625e-10
3256 2.320682e-10
3257 2.319739e-10
3258 2.318797e-10
3259 2.317855e-10
3260 2.316914e-10
3261 2.315974e-10
3262 2.315034e-10
3263 2.314096e-10
3264 2.313157e-10
3265 2.312220e-10
3266 2.311283e-10
3267 2.310347e-10
3268 2.309411e-10
3269 2.308477e-10
3270 2.307542e-10
3271 2.306609e-10
3272 2.305676e-10
3273 2.304744e-10
3274 2.303812e-10
3275 2.302881e-10
3276 2.301951e-10
3277 2.301022e-10
3278 2.300093e-10
3279 2.299164e-10
3280 2.298237e-10
3281 2.297310e-10
3282 2.296384e-10
3283 2.295458e-10
3284 2.294533e-10
3285 2.293609e-10
3286 2.292685e-10
3287 2.291762e-10
3288 2.290840e-10
3289 2.289918e-10
3290 2.288997e-10
3291 2.288077e-10
3292 2.287157e-10
3293 2.286238e-10
3294 2.285319e-10
3295 2.284402e-10
3296 2.283484e-10
3297 2.282568e-10
3298 2.281652e-10
3299 2.280737e-10
3300 2.279822e-10
3301 2.278908e-10
3302 2.277995e-10
3303 2.277082e-10
3304 2.276170e-10
3305 2.275259e-10
3306 2.274348e-10
3307 2.273438e-10
3308 2.272529e-10
3309 2.271620e-10
3310 2.270712e-10
3311 2.269804e-10
3312 2.268897e-10
3313 2.267991e-10
3314 2.267086e-10
3315 2.266181e-10
3316 2.265276e-10
3317 2.264373e-10
3318 2.263469e-10
3319 2.262567e-10
3320 2.261665e-10
3321 2.260764e-10
3322 2.259863e-10
3323 2.258963e-10
3324 2.258064e-10
3325 2.257166e-10
3326 2.256267e-10
3327 2.255370e-10
3328 2.254473e-10
3329 2.253577e-10
3330 2.252682e-10
3331 2.251787e-10
3332 2.250884e-10
3333 2.249977e-10
3334 2.249072e-10
3335 2.248167e-10
3336 2.247263e-10
3337 2.246359e-10
3338 2.245457e-10
3339 2.244554e-10
3340 2.243653e-10
3341 2.242752e-10
3342 2.241851e-10
3343 2.240951e-10
3344 2.240052e-10
3345 2.239154e-10
3346 2.238256e-10
3347 2.237359e-10
3348 2.236462e-10
3349 2.235566e-10
3350 2.234671e-10
3351 2.233776e-10
3352 2.232882e-10
3353 2.231988e-10
3354 2.231095e-10
3355 2.230203e-10
3356 2.229312e-10
3357 2.228421e-10
3358 2.227530e-10
3359 2.226640e-10
3360 2.225751e-10
3361 2.224863e-10
3362 2.223975e-10
3363 2.223088e-10
3364 2.222201e-10
3365 2.221315e-10
3366 2.220429e-10
3367 2.219545e-10
3368 2.218660e-10
3369 2.217777e-10
3370 2.216894e-10
3371 2.216012e-10
3372 2.215130e-10
3373 2.214249e-10
3374 2.213368e-10
3375 2.212488e-10
3376 2.211609e-10
3377 2.210730e-10
3378 2.209852e-10
3379 2.208975e-10
3380 2.208098e-10
3381 2.207222e-10
3382 2.206346e-10
3383 2.205471e-10
3384 2.204596e-10
3385 2.203723e-10
3386 2.202849e-10
3387 2.201977e-10
3388 2.201105e-10
3389 2.200233e-10
3390 2.199362e-10
3391 2.198492e-10
3392 2.197623e-10
3393 2.196754e-10
3394 2.195885e-10
3395 2.195017e-10
3396 2.194150e-10
3397 2.193284e-10
3398 2.192417e-10
3399 2.191552e-10
3400 2.190687e-10
3401 2.189823e-10
3402 2.188959e-10
3403 2.188096e-10
3404 2.187234e-10
3405 2.186372e-10
3406 2.185511e-10
3407 2.184650e-10
3408 2.183790e-10
3409 2.182930e-10
3410 2.182072e-10
3411 2.181213e-10
3412 2.180356e-10
3413 2.179498e-10
3414 2.178642e-10
3415 2.177786e-10
3416 2.176931e-10
3417 2.176076e-10
3418 2.175222e-10
3419 2.174368e-10
3420 2.173515e-10
3421 2.172662e-10
3422 2.171811e-10
3423 2.170959e-10
3424 2.170109e-10
3425 2.169258e-10
3426 2.168409e-10
3427 2.167560e-10
3428 2.166712e-10
3429 2.165864e-10
3430 2.165017e-10
3431 2.164170e-10
3432 2.163324e-10
3433 2.162478e-10
3434 2.161633e-10
3435 2.160789e-10
3436 2.159945e-10
3437 2.159102e-10
3438 2.158260e-10
3439 2.157418e-10
3440 2.156576e-10
3441 2.155735e-10
3442 2.154895e-10
3443 2.154055e-10
3444 2.153216e-10
3445 2.152377e-10
3446 2.151539e-10
3447 2.150702e-10
3448 2.149865e-10
3449 2.149029e-10
3450 2.148193e-10
3451 2.147358e-10
3452 2.146523e-10
3453 2.145689e-10
3454 2.144855e-10
3455 2.144023e-10
3456 2.143190e-10
3457 2.142358e-10
3458 2.141527e-10
3459 2.140696e-10
3460 2.139866e-10
3461 2.139037e-10
3462 2.138208e-10
3463 2.137379e-10
3464 2.136552e-10
3465 2.135724e-10
3466 2.134897e-10
3467 2.134071e-10
3468 2.133246e-10
3469 2.132421e-10
3470 2.131596e-10
3471 2.130772e-10
3472 2.129949e-10
3473 2.129126e-10
3474 2.128303e-10
3475 2.127482e-10
3476 2.126661e-10
3477 2.125840e-10
3478 2.125020e-10
3479 2.124200e-10
3480 2.123381e-10
3481 2.122563e-10
3482 2.121745e-10
3483 2.120928e-10
3484 2.120111e-10
3485 2.119295e-10
3486 2.118479e-10
3487 2.117664e-10
3488 2.116849e-10
3489 2.116035e-10
3490 2.115222e-10
3491 2.114409e-10
3492 2.113596e-10
3493 2.112784e-10
3494 2.111973e-10
3495 2.111162e-10
3496 2.110352e-10
3497 2.109542e-10
3498 2.108733e-10
3499 2.107925e-10
3500 2.107117e-10
3501 2.106309e-10
3502 2.105502e-10
3503 2.104696e-10
3504 2.103890e-10
3505 2.103084e-10
3506 2.102280e-10
3507 2.101475e-10
3508 2.100672e-10
3509 2.099868e-10
3510 2.099066e-10
3511 2.098263e-10
3512 2.097462e-10
3513 2.096661e-10
3514 2.095860e-10
3515 2.095060e-10
3516 2.094261e-10
3517 2.093462e-10
3518 2.092663e-10
3519 2.091865e-10
3520 2.091068e-10
3521 2.090271e-10
3522 2.089475e-10
3523 2.088679e-10
3524 2.087884e-10
3525 2.087089e-10
3526 2.086295e-10
3527 2.085501e-10
3528 2.084708e-10
3529 2.083916e-10
3530 2.083124e-10
3531 2.082332e-10
3532 2.081541e-10
3533 2.080751e-10
3534 2.079961e-10
3535 2.079171e-10
3536 2.078382e-10
3537 2.077594e-10
3538 2.076806e-10
3539 2.076019e-10
3540 2.075232e-10
3541 2.074445e-10
3542 2.073660e-10
3543 2.072874e-10
3544 2.072090e-10
3545 2.071305e-10
3546 2.070522e-10
3547 2.069738e-10
3548 2.068956e-10
3549 2.068174e-10
3550 2.067392e-10
3551 2.066611e-10
3552 2.065830e-10
3553 2.065050e-10
3554 2.064270e-10
3555 2.063491e-10
3556 2.062713e-10
3557 2.061935e-10
3558 2.061157e-10
3559 2.060380e-10
3560 2.059604e-10
3561 2.058828e-10
3562 2.058052e-10
3563 2.057277e-10
3564 2.056503e-10
3565 2.055729e-10
3566 2.054955e-10
3567 2.054182e-10
3568 2.053410e-10
3569 2.052638e-10
3570 2.051866e-10
3571 2.051093e-10
3572 2.050311e-10
3573 2.049529e-10
3574 2.048748e-10
3575 2.047967e-10
3576 2.047187e-10
3577 2.046407e-10
3578 2.045628e-10
3579 2.044849e-10
3580 2.044071e-10
3581 2.043294e-10
3582 2.042517e-10
3583 2.041740e-10
3584 2.040964e-10
3585 2.040189e-10
3586 2.039414e-10
3587 2.038639e-10
3588 2.037865e-10
3589 2.037092e-10
3590 2.036319e-10
3591 2.035546e-10
3592 2.034774e-10
3593 2.034003e-10
3594 2.033232e-10
3595 2.032461e-10
3596 2.031691e-10
3597 2.030922e-10
3598 2.030153e-10
3599 2.029384e-10
3600 2.028617e-10
3601 2.027849e-10
3602 2.027082e-10
3603 2.026316e-10
3604 2.025550e-10
3605 2.024784e-10
3606 2.024020e-10
3607 2.023255e-10
3608 2.022491e-10
3609 2.021728e-10
3610 2.020965e-10
3611 2.020202e-10
3612 2.019441e-10
3613 2.018679e-10
3614 2.017918e-10
3615 2.017158e-10
3616 2.016398e-10
3617 2.015638e-10
3618 2.014880e-10
3619 2.014121e-10
3620 2.013363e-10
3621 2.012606e-10
3622 2.011849e-10
3623 2.011092e-10
3624 2.010336e-10
3625 2.009581e-10
3626 2.008826e-10
3627 2.008071e-10
3628 2.007317e-10
3629 2.006564e-10
3630 2.005811e-10
3631 2.005058e-10
3632 2.004306e-10
3633 2.003555e-10
3634 2.002804e-10
3635 2.002053e-10
3636 2.001303e-10
3637 2.000553e-10
3638 1.999804e-10
3639 1.999056e-10
3640 1.998308e-10
3641 1.997560e-10
3642 1.996813e-10
3643 1.996066e-10
3644 1.995320e-10
3645 1.994574e-10
3646 1.993829e-10
3647 1.993084e-10
3648 1.992340e-10
3649 1.991596e-10
3650 1.990853e-10
3651 1.990110e-10
3652 1.989368e-10
3653 1.988626e-10
3654 1.987884e-10
3655 1.987143e-10
3656 1.986403e-10
3657 1.985663e-10
3658 1.984924e-10
3659 1.984185e-10
3660 1.983446e-10
3661 1.982708e-10
3662 1.981971e-10
3663 1.981233e-10
3664 1.980497e-10
3665 1.979761e-10
3666 1.979025e-10
3667 1.978290e-10
3668 1.977555e-10
3669 1.976821e-10
3670 1.976087e-10
3671 1.975354e-10
3672 1.974621e-10
3673 1.973889e-10
3674 1.973157e-10
3675 1.972425e-10
3676 1.971694e-10
3677 1.970964e-10
3678 1.970234e-10
3679 1.969504e-10
3680 1.968775e-10
3681 1.968047e-10
3682 1.967319e-10
3683 1.966591e-10
3684 1.965864e-10
3685 1.965137e-10
3686 1.964411e-10
3687 1.963685e-10
3688 1.962960e-10
3689 1.962235e-10
3690 1.961510e-10
3691 1.960786e-10
3692 1.960063e-10
3693 1.959340e-10
3694 1.958617e-10
3695 1.957895e-10
3696 1.957174e-10
3697 1.956452e-10
3698 1.955732e-10
3699 1.955011e-10
3700 1.954292e-10
3701 1.953572e-10
3702 1.952853e-10
3703 1.952135e-10
3704 1.951417e-10
3705 1.950700e-10
3706 1.949983e-10
3707 1.949266e-10
3708 1.948550e-10
3709 1.947834e-10
3710 1.947119e-10
3711 1.946404e-10
3712 1.945690e-10
3713 1.944976e-10
3714 1.944263e-10
3715 1.943550e-10
3716 1.942837e-10
3717 1.942125e-10
3718 1.941414e-10
3719 1.940702e-10
3720 1.939992e-10
3721 1.939282e-10
3722 1.938572e-10
3723 1.937862e-10
3724 1.937154e-10
3725 1.936445e-10
3726 1.935737e-10
3727 1.935030e-10
3728 1.934323e-10
3729 1.933616e-10
3730 1.932910e-10
3731 1.932204e-10
3732 1.931499e-10
3733 1.930794e-10
3734 1.930089e-10
3735 1.929385e-10
3736 1.928682e-10
3737 1.927979e-10
3738 1.927276e-10
3739 1.926574e-10
3740 1.925872e-10
3741 1.925171e-10
3742 1.924470e-10
3743 1.923770e-10
3744 1.923070e-10
3745 1.922370e-10
3746 1.921671e-10
3747 1.920973e-10
3748 1.920274e-10
3749 1.919577e-10
3750 1.918879e-10
3751 1.918182e-10
3752 1.917486e-10
3753 1.916790e-10
3754 1.916094e-10
3755 1.915399e-10
3756 1.914705e-10
3757 1.914010e-10
3758 1.913317e-10
3759 1.912623e-10
3760 1.911930e-10
3761 1.911238e-10
3762 1.910546e-10
3763 1.909854e-10
3764 1.909163e-10
3765 1.908472e-10
3766 1.907782e-10
3767 1.907092e-10
3768 1.906402e-10
3769 1.905713e-10
3770 1.905025e-10
3771 1.904336e-10
3772 1.903649e-10
3773 1.902961e-10
3774 1.902274e-10
3775 1.901588e-10
3776 1.900902e-10
3777 1.900216e-10
3778 1.899531e-10
3779 1.898846e-10
3780 1.898162e-10
3781 1.897478e-10
3782 1.896795e-10
3783 1.896112e-10
3784 1.895429e-10
3785 1.894747e-10
3786 1.894065e-10
3787 1.893384e-10
3788 1.892703e-10
3789 1.892022e-10
3790 1.891342e-10
3791 1.890663e-10
3792 1.889984e-10
3793 1.889305e-10
3794 1.888626e-10
3795 1.887948e-10
3796 1.887271e-10
3797 1.886594e-10
3798 1.885917e-10
3799 1.885241e-10
3800 1.884565e-10
3801 1.883890e-10
3802 1.883215e-10
3803 1.882540e-10
3804 1.881866e-10
3805 1.881192e-10
3806 1.880519e-10
3807 1.879846e-10
3808 1.879173e-10
3809 1.878501e-10
3810 1.877830e-10
3811 1.877158e-10
3812 1.876488e-10
3813 1.875817e-10
3814 1.875147e-10
3815 1.874478e-10
3816 1.873809e-10
3817 1.873140e-10
3818 1.872471e-10
3819 1.871804e-10
3820 1.871136e-10
3821 1.870469e-10
3822 1.869802e-10
3823 1.869136e-10
3824 1.868470e-10
3825 1.867805e-10
3826 1.867140e-10
3827 1.866475e-10
3828 1.865805e-10
3829 1.865131e-10
3830 1.864456e-10
3831 1.863783e-10
3832 1.863109e-10
3833 1.862436e-10
3834 1.861764e-10
3835 1.861091e-10
3836 1.860420e-10
3837 1.859748e-10
3838 1.859078e-10
3839 1.858407e-10
3840 1.857737e-10
3841 1.857067e-10
3842 1.856398e-10
3843 1.855729e-10
3844 1.855061e-10
3845 1.854393e-10
3846 1.853725e-10
3847 1.853058e-10
3848 1.852392e-10
3849 1.851725e-10
3850 1.851059e-10
3851 1.850394e-10
3852 1.849729e-10
3853 1.849064e-10
3854 1.848400e-10
3855 1.847736e-10
3856 1.847072e-10
3857 1.846409e-10
3858 1.845747e-10
3859 1.845085e-10
3860 1.844423e-10
3861 1.843761e-10
3862 1.843100e-10
3863 1.842440e-10
3864 1.841780e-10
3865 1.841120e-10
3866 1.840460e-10
3867 1.839802e-10
3868 1.839143e-10
3869 1.838485e-10
3870 1.837827e-10
3871 1.837170e-10
3872 1.836513e-10
3873 1.835856e-10
3874 1.835200e-10
3875 1.834544e-10
3876 1.833889e-10
3877 1.833234e-10
3878 1.832580e-10
3879 1.831926e-10
3880 1.831272e-10
3881 1.830619e-10
3882 1.829966e-10
3883 1.829313e-10
3884 1.828661e-10
3885 1.828009e-10
3886 1.827358e-10
3887 1.826707e-10
3888 1.826057e-10
3889 1.825407e-10
3890 1.824757e-10
3891 1.824108e-10
3892 1.823459e-10
3893 1.822810e-10
3894 1.822162e-10
3895 1.821514e-10
3896 1.820867e-10
3897 1.820220e-10
3898 1.819574e-10
3899 1.818928e-10
3900 1.818282e-10
3901 1.817636e-10
3902 1.816992e-10
3903 1.816347e-10
3904 1.815703e-10
3905 1.815059e-10
3906 1.814416e-10
3907 1.813773e-10
3908 1.813130e-10
3909 1.812488e-10
3910 1.811846e-10
3911 1.811205e-10
3912 1.810564e-10
3913 1.809923e-10
3914 1.809283e-10
3915 1.808643e-10
3916 1.808004e-10
3917 1.807364e-10
3918 1.806726e-10
3919 1.806087e-10
3920 1.805450e-10
3921 1.804812e-10
3922 1.804175e-10
3923 1.803538e-10
3924 1.802902e-10
3925 1.802266e-10
3926 1.801630e-10
3927 1.800995e-10
3928 1.800360e-10
3929 1.799726e-10
3930 1.799092e-10
3931 1.798458e-10
3932 1.797825e-10
3933 1.797192e-10
3934 1.796559e-10
3935 1.795927e-10
3936 1.795296e-10
3937 1.794664e-10
3938 1.794033e-10
3939 1.793403e-10
3940 1.792773e-10
3941 1.792143e-10
3942 1.791513e-10
3943 1.790884e-10
3944 1.790255e-10
3945 1.789627e-10
3946 1.788999e-10
3947 1.788372e-10
3948 1.787745e-10
3949 1.787118e-10
3950 1.786491e-10
3951 1.785865e-10
3952 1.785240e-10
3953 1.784614e-10
3954 1.783989e-10
3955 1.783365e-10
3956 1.782741e-10
3957 1.782117e-10
3958 1.781494e-10
3959 1.780871e-10
3960 1.780248e-10
3961 1.779626e-10
3962 1.779004e-10
3963 1.778382e-10
3964 1.777761e-10
3965 1.777140e-10
3966 1.776520e-10
3967 1.775900e-10
3968 1.775280e-10
3969 1.774661e-10
3970 1.774042e-10
3971 1.773424e-10
3972 1.772805e-10
3973 1.772188e-10
3974 1.771570e-10
3975 1.770953e-10
3976 1.770336e-10
3977 1.769720e-10
3978 1.769104e-10
3979 1.768489e-10
3980 1.767873e-10
3981 1.767259e-10
3982 1.766644e-10
3983 1.766030e-10
3984 1.765416e-10
3985 1.764803e-10
3986 1.764190e-10
3987 1.763577e-10
3988 1.762965e-10
3989 1.762353e-10
3990 1.761741e-10
3991 1.761130e-10
3992 1.760520e-10
3993 1.759909e-10
3994 1.759299e-10
3995 1.758689e-10
3996 1.758080e-10
3997 1.757471e-10
3998 1.756862e-10
3999 1.756254e-10
4000 1.755646e-10
4001 1.755039e-10
4002 1.754431e-10
4003 1.753825e-10
4004 1.753218e-10
4005 1.752612e-10
4006 1.752006e-10
4007 1.751401e-10
4008 1.750796e-10
4009 1.750191e-10
4010 1.749587e-10
4011 1.748983e-10
4012 1.748380e-10
4013 1.747776e-10
4014 1.747173e-10
4015 1.746571e-10
4016 1.745969e-10
4017 1.745367e-10
4018 1.744766e-10
4019 1.744165e-10
4020 1.743564e-10
4021 1.742964e-10
4022 1.742364e-10
4023 1.741764e-10
4024 1.741165e-10
4025 1.740566e-10
4026 1.739967e-10
4027 1.739369e-10
4028 1.738771e-10
4029 1.738173e-10
4030 1.737576e-10
4031 1.736980e-10
4032 1.736383e-10
4033 1.735787e-10
4034 1.735191e-10
4035 1.734596e-10
4036 1.734001e-10
4037 1.733406e-10
4038 1.732812e-10
4039 1.732218e-10
4040 1.731624e-10
4041 1.731031e-10
4042 1.730438e-10
4043 1.729845e-10
4044 1.729253e-10
4045 1.728661e-10
4046 1.728070e-10
4047 1.727478e-10
4048 1.726888e-10
4049 1.726297e-10
4050 1.725707e-10
4051 1.725117e-10
4052 1.724528e-10
4053 1.723939e-10
4054 1.723350e-10
4055 1.722761e-10
4056 1.722173e-10
4057 1.721586e-10
4058 1.720998e-10
4059 1.720411e-10
4060 1.719824e-10
4061 1.719238e-10
4062 1.718652e-10
4063 1.718066e-10
4064 1.717481e-10
4065 1.716896e-10
4066 1.716311e-10
4067 1.715727e-10
4068 1.715143e-10
4069 1.714560e-10
4070 1.713976e-10
4071 1.713393e-10
4072 1.712811e-10
4073 1.712229e-10
4074 1.711647e-10
4075 1.711065e-10
4076 1.710484e-10
4077 1.709903e-10
4078 1.709323e-10
4079 1.708742e-10
4080 1.708163e-10
4081 1.707583e-10
4082 1.707004e-10
4083 1.706425e-10
4084 1.705847e-10
4085 1.705268e-10
4086 1.704691e-10
4087 1.704113e-10
4088 1.703536e-10
4089 1.702959e-10
4090 1.702383e-10
4091 1.701806e-10
4092 1.701231e-10
4093 1.700655e-10
4094 1.700080e-10
4095 1.699505e-10
4096 1.698931e-10
4097 1.698357e-10
4098 1.697783e-10
4099 1.697209e-10
4100 1.696636e-10
4101 1.696063e-10
4102 1.695491e-10
4103 1.694915e-10
4104 1.694334e-10
4105 1.693752e-10
4106 1.693171e-10
4107 1.692591e-10
4108 1.692010e-10
4109 1.691430e-10
4110 1.690851e-10
4111 1.690271e-10
4112 1.689692e-10
4113 1.689114e-10
4114 1.688536e-10
4115 1.687958e-10
4116 1.687380e-10
4117 1.686803e-10
4118 1.686226e-10
4119 1.685649e-10
4120 1.685073e-10
4121 1.684497e-10
4122 1.683921e-10
4123 1.683346e-10
4124 1.682771e-10
4125 1.682197e-10
4126 1.681622e-10
4127 1.681048e-10
4128 1.680475e-10
4129 1.679902e-10
4130 1.679329e-10
4131 1.678756e-10
4132 1.678184e-10
4133 1.677612e-10
4134 1.677040e-10
4135 1.676469e-10
4136 1.675898e-10
4137 1.675328e-10
4138 1.674757e-10
4139 1.674188e-10
4140 1.673618e-10
4141 1.673049e-10
4142 1.672480e-10
4143 1.671911e-10
4144 1.671343e-10
4145 1.670775e-10
4146 1.670207e-10
4147 1.669640e-10
4148 1.669073e-10
4149 1.668507e-10
4150 1.667940e-10
4151 1.667374e-10
4152 1.666809e-10
4153 1.666243e-10
4154 1.665678e-10
4155 1.665114e-10
4156 1.664549e-10
4157 1.663986e-10
4158 1.663422e-10
4159 1.662859e-10
4160 1.662295e-10
4161 1.661733e-10
4162 1.661170e-10
4163 1.660608e-10
4164 1.660047e-10
4165 1.659485e-10
4166 1.658924e-10
4167 1.658364e-10
4168 1.657803e-10
4169 1.657243e-10
4170 1.656683e-10
4171 1.656124e-10
4172 1.655565e-10
4173 1.655006e-10
4174 1.654447e-10
4175 1.653889e-10
4176 1.653332e-10
4177 1.652774e-10
4178 1.652217e-10
4179 1.651660e-10
4180 1.651103e-10
4181 1.650547e-10
4182 1.649991e-10
4183 1.649436e-10
4184 1.648880e-10
4185 1.648326e-10
4186 1.647771e-10
4187 1.647217e-10
4188 1.646663e-10
4189 1.646109e-10
4190 1.645556e-10
4191 1.645003e-10
4192 1.644450e-10
4193 1.643897e-10
4194 1.643345e-10
4195 1.642794e-10
4196 1.642242e-10
4197 1.641691e-10
4198 1.641140e-10
4199 1.640590e-10
4200 1.640040e-10
4201 1.639490e-10
4202 1.638940e-10
4203 1.638391e-10
4204 1.637842e-10
4205 1.637293e-10
4206 1.636745e-10
4207 1.636197e-10
4208 1.635649e-10
4209 1.635102e-10
4210 1.634555e-10
4211 1.634008e-10
4212 1.633462e-10
4213 1.632916e-10
4214 1.632370e-10
4215 1.631825e-10
4216 1.631279e-10
4217 1.630735e-10
4218 1.630190e-10
4219 1.629646e-10
4220 1.629102e-10
4221 1.628558e-10
4222 1.628015e-10
4223 1.627472e-10
4224 1.626929e-10
4225 1.626387e-10
4226 1.625845e-10
4227 1.625303e-10
4228 1.624762e-10
4229 1.624221e-10
4230 1.623680e-10
4231 1.623139e-10
4232 1.622599e-10
4233 1.622059e-10
4234 1.621520e-10
4235 1.620980e-10
4236 1.620441e-10
4237 1.619903e-10
4238 1.619364e-10
4239 1.618826e-10
4240 1.618288e-10
4241 1.617751e-10
4242 1.617214e-10
4243 1.616677e-10
4244 1.616140e-10
4245 1.615604e-10
4246 1.615068e-10
4247 1.614533e-10
4248 1.613997e-10
4249 1.613462e-10
4250 1.612928e-10
4251 1.612393e-10
4252 1.611859e-10
4253 1.611325e-10
4254 1.610792e-10
4255 1.610259e-10
4256 1.609726e-10
4257 1.609193e-10
4258 1.608661e-10
4259 1.608129e-10
4260 1.607597e-10
4261 1.607066e-10
4262 1.606535e-10
4263 1.606004e-10
4264 1.605473e-10
4265 1.604943e-10
4266 1.604413e-10
4267 1.603884e-10
4268 1.603354e-10
4269 1.602825e-10
4270 1.602297e-10
4271 1.601768e-10
4272 1.601240e-10
4273 1.600712e-10
4274 1.600185e-10
4275 1.599657e-10
4276 1.599131e-10
4277 1.598604e-10
4278 1.598078e-10
4279 1.597552e-10
4280 1.597026e-10
4281 1.596500e-10
4282 1.595975e-10
4283 1.595450e-10
4284 1.594926e-10
4285 1.594402e-10
4286 1.593878e-10
4287 1.593354e-10
4288 1.592831e-10
4289 1.592308e-10
4290 1.591785e-10
4291 1.591262e-10
4292 1.590740e-10
4293 1.590218e-10
4294 1.589697e-10
4295 1.589175e-10
4296 1.588654e-10
4297 1.588133e-10
4298 1.587613e-10
4299 1.587093e-10
4300 1.586573e-10
4301 1.586053e-10
4302 1.585534e-10
4303 1.585015e-10
4304 1.584496e-10
4305 1.583978e-10
4306 1.583460e-10
4307 1.582942e-10
4308 1.582425e-10
4309 1.581907e-10
4310 1.581390e-10
4311 1.580874e-10
4312 1.580357e-10
4313 1.579841e-10
4314 1.579325e-10
4315 1.578810e-10
4316 1.578295e-10
4317 1.577780e-10
4318 1.577265e-10
4319 1.576751e-10
4320 1.576237e-10
4321 1.575723e-10
4322 1.575209e-10
4323 1.574696e-10
4324 1.574183e-10
4325 1.573671e-10
4326 1.573158e-10
4327 1.572646e-10
4328 1.572134e-10
4329 1.571623e-10
4330 1.571112e-10
4331 1.570601e-10
4332 1.570090e-10
4333 1.569580e-10
4334 1.569069e-10
4335 1.568560e-10
4336 1.568050e-10
4337 1.567541e-10
4338 1.567032e-10
4339 1.566523e-10
4340 1.566015e-10
4341 1.565507e-10
4342 1.564999e-10
4343 1.564491e-10
4344 1.563984e-10
4345 1.563477e-10
4346 1.562970e-10
4347 1.562464e-10
4348 1.561958e-10
4349 1.561452e-10
4350 1.560946e-10
4351 1.560441e-10
4352 1.559936e-10
4353 1.559431e-10
4354 1.558927e-10
4355 1.558423e-10
4356 1.557919e-10
4357 1.557415e-10
4358 1.556912e-10
4359 1.556409e-10
4360 1.555906e-10
4361 1.555403e-10
4362 1.554901e-10
4363 1.554399e-10
4364 1.553898e-10
4365 1.553396e-10
4366 1.552895e-10
4367 1.552394e-10
4368 1.551894e-10
4369 1.551393e-10
4370 1.550893e-10
4371 1.550393e-10
4372 1.549894e-10
4373 1.549395e-10
4374 1.548896e-10
4375 1.548397e-10
4376 1.547899e-10
4377 1.547401e-10
4378 1.546903e-10
4379 1.546405e-10
4380 1.545908e-10
4381 1.545411e-10
4382 1.544914e-10
4383 1.544418e-10
4384 1.543922e-10
4385 1.543426e-10
4386 1.542930e-10
4387 1.542435e-10
4388 1.541940e-10
4389 1.541445e-10
4390 1.540950e-10
4391 1.540456e-10
4392 1.539962e-10
4393 1.539468e-10
4394 1.538975e-10
4395 1.538482e-10
4396 1.537989e-10
4397 1.537496e-10
4398 1.537000e-10
4399 1.536499e-10
4400 1.535998e-10
4401 1.535497e-10
4402 1.534997e-10
4403 1.534497e-10
4404 1.533997e-10
4405 1.533498e-10
4406 1.532999e-10
4407 1.532500e-10
4408 1.532001e-10
4409 1.531503e-10
4410 1.531004e-10
4411 1.530507e-10
4412 1.530009e-10
4413 1.529512e-10
4414 1.529015e-10
4415 1.528518e-10
4416 1.528022e-10
4417 1.527525e-10
4418 1.527029e-10
4419 1.526534e-10
4420 1.526038e-10
4421 1.525543e-10
4422 1.525049e-10
4423 1.524554e-10
4424 1.524060e-10
4425 1.523566e-10
4426 1.523072e-10
4427 1.522579e-10
4428 1.522085e-10
4429 1.521592e-10
4430 1.521100e-10
4431 1.520607e-10
4432 1.520115e-10
4433 1.519623e-10
4434 1.519132e-10
4435 1.518641e-10
4436 1.518150e-10
4437 1.517659e-10
4438 1.517168e-10
4439 1.516678e-10
4440 1.516188e-10
4441 1.515698e-10
4442 1.515209e-10
4443 1.514720e-10
4444 1.514231e-10
4445 1.513742e-10
4446 1.513254e-10
4447 1.512766e-10
4448 1.512278e-10
4449 1.511791e-10
4450 1.511303e-10
4451 1.510816e-10
4452 1.510330e-10
4453 1.509843e-10
4454 1.509357e-10
4455 1.508871e-10
4456 1.508385e-10
4457 1.507900e-10
4458 1.507415e-10
4459 1.506930e-10
4460 1.506445e-10
4461 1.505961e-10
4462 1.505477e-10
4463 1.504993e-10
4464 1.504509e-10
4465 1.504026e-10
4466 1.503543e-10
4467 1.503060e-10
4468 1.502578e-10
4469 1.502095e-10
4470 1.501613e-10
4471 1.501132e-10
4472 1.500650e-10
4473 1.500169e-10
4474 1.499688e-10
4475 1.499207e-10
4476 1.498727e-10
4477 1.498247e-10
4478 1.497767e-10
4479 1.497287e-10
4480 1.496808e-10
4481 1.496329e-10
4482 1.495850e-10
4483 1.495371e-10
4484 1.494893e-10
4485 1.494415e-10
4486 1.493937e-10
4487 1.493460e-10
4488 1.492982e-10
4489 1.492505e-10
4490 1.492029e-10
4491 1.491552e-10
4492 1.491076e-10
4493 1.490600e-10
4494 1.490124e-10
4495 1.489649e-10
4496 1.489173e-10
4497 1.488698e-10
4498 1.488224e-10
4499 1.487749e-10
4500 1.487275e-10
4501 1.486801e-10
4502 1.486327e-10
4503 1.485854e-10
4504 1.485381e-10
4505 1.484908e-10
4506 1.484435e-10
4507 1.483963e-10
4508 1.483491e-10
4509 1.483019e-10
4510 1.482547e-10
4511 1.482076e-10
4512 1.481605e-10
4513 1.481134e-10
4514 1.480663e-10
4515 1.480193e-10
4516 1.479723e-10
4517 1.479253e-10
4518 1.478783e-10
4519 1.478314e-10
4520 1.477845e-10
4521 1.477376e-10
4522 1.476907e-10
4523 1.476439e-10
4524 1.475971e-10
4525 1.475503e-10
4526 1.475035e-10
4527 1.474568e-10
4528 1.474101e-10
4529 1.473634e-10
4530 1.473167e-10
4531 1.472701e-10
4532 1.472235e-10
4533 1.471769e-10
4534 1.471304e-10
4535 1.470838e-10
4536 1.470373e-10
4537 1.469908e-10
4538 1.469444e-10
4539 1.468979e-10
4540 1.468515e-10
4541 1.468051e-10
4542 1.467588e-10
4543 1.467125e-10
4544 1.466661e-10
4545 1.466199e-10
4546 1.465736e-10
4547 1.465274e-10
4548 1.464812e-10
4549 1.464350e-10
4550 1.463888e-10
4551 1.463427e-10
4552 1.462966e-10
4553 1.462505e-10
4554 1.462044e-10
4555 1.461584e-10
4556 1.461124e-10
4557 1.460664e-10
4558 1.460204e-10
4559 1.459745e-10
4560 1.459285e-10
4561 1.458827e-10
4562 1.458368e-10
4563 1.457909e-10
4564 1.457451e-10
4565 1.456993e-10
4566 1.456536e-10
4567 1.456078e-10
4568 1.455621e-10
4569 1.455164e-10
4570 1.454707e-10
4571 1.454251e-10
4572 1.453795e-10
4573 1.453339e-10
4574 1.452883e-10
4575 1.452427e-10
4576 1.451972e-10
4577 1.451517e-10
4578 1.451062e-10
4579 1.450608e-10
4580 1.450154e-10
4581 1.449700e-10
4582 1.449246e-10
4583 1.448792e-10
4584 1.448339e-10
4585 1.447886e-10
4586 1.447433e-10
4587 1.446980e-10
4588 1.446528e-10
4589 1.446076e-10
4590 1.445624e-10
4591 1.445172e-10
4592 1.444721e-10
4593 1.444270e-10
4594 1.443819e-10
4595 1.443368e-10
4596 1.442918e-10
4597 1.442468e-10
4598 1.442018e-10
4599 1.441568e-10
4600 1.441118e-10
4601 1.440669e-10
4602 1.440220e-10
4603 1.439771e-10
4604 1.439323e-10
4605 1.438875e-10
4606 1.438426e-10
4607 1.437979e-10
4608 1.437531e-10
4609 1.437084e-10
4610 1.436637e-10
4611 1.436190e-10
4612 1.435743e-10
4613 1.435297e-10
4614 1.434850e-10
4615 1.434404e-10
4616 1.433959e-10
4617 1.433513e-10
4618 1.433068e-10
4619 1.432623e-10
4620 1.432178e-10
4621 1.431734e-10
4622 1.431289e-10
4623 1.430845e-10
4624 1.430402e-10
4625 1.429958e-10
4626 1.429515e-10
4627 1.429071e-10
4628 1.428629e-10
4629 1.428186e-10
4630 1.427743e-10
4631 1.427301e-10
4632 1.426859e-10
4633 1.426418e-10
4634 1.425976e-10
4635 1.425535e-10
4636 1.425094e-10
4637 1.424653e-10
4638 1.424212e-10
4639 1.423772e-10
4640 1.423332e-10
4641 1.422892e-10
4642 1.422452e-10
4643 1.422013e-10
4644 1.421574e-10
4645 1.421135e-10
4646 1.420696e-10
4647 1.420258e-10
4648 1.419819e-10
4649 1.419381e-10
4650 1.418943e-10
4651 1.418506e-10
4652 1.418068e-10
4653 1.417631e-10
4654 1.417194e-10
4655 1.416758e-10
4656 1.416321e-10
4657 1.415885e-10
4658 1.415449e-10
4659 1.415013e-10
4660 1.414578e-10
4661 1.414143e-10
4662 1.413707e-10
4663 1.413273e-10
4664 1.412838e-10
4665 1.412404e-10
4666 1.411969e-10
4667 1.411535e-10
4668 1.411102e-10
4669 1.410668e-10
4670 1.410235e-10
4671 1.409802e-10
4672 1.409369e-10
4673 1.408937e-10
4674 1.408504e-10
4675 1.408072e-10
4676 1.407640e-10
4677 1.407208e-10
4678 1.406777e-10
4679 1.406346e-10
4680 1.405915e-10
4681 1.405484e-10
4682 1.405053e-10
4683 1.404623e-10
4684 1.404193e-10
4685 1.403763e-10
4686 1.403333e-10
4687 1.402904e-10
4688 1.402475e-10
4689 1.402046e-10
4690 1.401617e-10
4691 1.401188e-10
4692 1.400760e-10
4693 1.400332e-10
4694 1.399904e-10
4695 1.399476e-10
4696 1.399049e-10
4697 1.398622e-10
4698 1.398195e-10
4699 1.397768e-10
4700 1.397341e-10
4701 1.396915e-10
4702 1.396489e-10
4703 1.396063e-10
4704 1.395637e-10
4705 1.395212e-10
4706 1.394787e-10
4707 1.394362e-10
4708 1.393937e-10
4709 1.393512e-10
4710 1.393088e-10
4711 1.392664e-10
4712 1.392240e-10
4713 1.391816e-10
4714 1.391391e-10
4715 1.390959e-10
4716 1.390528e-10
4717 1.390097e-10
4718 1.389667e-10
4719 1.389236e-10
4720 1.388806e-10
4721 1.388376e-10
4722 1.387946e-10
4723 1.387517e-10
4724 1.387087e-10
4725 1.386658e-10
4726 1.386229e-10
4727 1.385801e-10
4728 1.385372e-10
4729 1.384944e-10
4730 1.384516e-10
4731 1.384088e-10
4732 1.383661e-10
4733 1.383234e-10
4734 1.382806e-10
4735 1.382380e-10
4736 1.381953e-10
4737 1.381526e-10
4738 1.381100e-10
4739 1.380674e-10
4740 1.380249e-10
4741 1.379823e-10
4742 1.379398e-10
4743 1.378973e-10
4744 1.378548e-10
4745 1.378123e-10
4746 1.377699e-10
4747 1.377274e-10
4748 1.376850e-10
4749 1.376427e-10
4750 1.376003e-10
4751 1.375580e-10
4752 1.375157e-10
4753 1.374734e-10
4754 1.374311e-10
4755 1.373889e-10
4756 1.373466e-10
4757 1.373044e-10
4758 1.372623e-10
4759 1.372201e-10
4760 1.371780e-10
4761 1.371358e-10
4762 1.370938e-10
4763 1.370517e-10
4764 1.370096e-10
4765 1.369676e-10
4766 1.369256e-10
4767 1.368836e-10
4768 1.368417e-10
4769 1.367997e-10
4770 1.367578e-10
4771 1.367159e-10
4772 1.366740e-10
4773 1.366322e-10
4774 1.365903e-10
4775 1.365485e-10
4776 1.365067e-10
4777 1.364650e-10
4778 1.364232e-10
4779 1.363815e-10
4780 1.363398e-10
4781 1.362981e-10
4782 1.362564e-10
4783 1.362148e-10
4784 1.361732e-10
4785 1.361316e-10
4786 1.360900e-10
4787 1.360485e-10
4788 1.360069e-10
4789 1.359654e-10
4790 1.359239e-10
4791 1.358825e-10
4792 1.358410e-10
4793 1.357996e-10
4794 1.357582e-10
4795 1.357168e-10
4796 1.356754e-10
4797 1.356341e-10
4798 1.355928e-10
4799 1.355515e-10
4800 1.355102e-10
4801 1.354689e-10
4802 1.354277e-10
4803 1.353865e-10
4804 1.353453e-10
4805 1.353041e-10
4806 1.352630e-10
4807 1.352218e-10
4808 1.351807e-10
4809 1.351396e-10
4810 1.350986e-10
4811 1.350575e-10
4812 1.350165e-10
4813 1.349755e-10
4814 1.349345e-10
4815 1.348936e-10
4816 1.348526e-10
4817 1.348117e-10
4818 1.347708e-10
4819 1.347299e-10
4820 1.346891e-10
4821 1.346482e-10
4822 1.346074e-10
4823 1.345666e-10
4824 1.345258e-10
4825 1.344851e-10
4826 1.344444e-10
4827 1.344037e-10
4828 1.343630e-10
4829 1.343223e-10
4830 1.342816e-10
4831 1.342410e-10
4832 1.342004e-10
4833 1.341598e-10
4834 1.341193e-10
4835 1.340787e-10
4836 1.340382e-10
4837 1.339977e-10
4838 1.339572e-10
4839 1.339167e-10
4840 1.338763e-10
4841 1.338359e-10
4842 1.337955e-10
4843 1.337551e-10
4844 1.337147e-10
4845 1.336744e-10
4846 1.336341e-10
4847 1.335938e-10
4848 1.335535e-10
4849 1.335132e-10
4850 1.334730e-10
4851 1.334328e-10
4852 1.333926e-10
4853 1.333524e-10
4854 1.333122e-10
4855 1.332721e-10
4856 1.332320e-10
4857 1.331919e-10
4858 1.331518e-10
4859 1.331118e-10
4860 1.330717e-10
4861 1.330317e-10
4862 1.329917e-10
4863 1.329518e-10
4864 1.329118e-10
4865 1.328719e-10
4866 1.328320e-10
4867 1.327921e-10
4868 1.327522e-10
4869 1.327123e-10
4870 1.326725e-10
4871 1.326327e-10
4872 1.325929e-10
4873 1.325531e-10
4874 1.325134e-10
4875 1.324737e-10
4876 1.324339e-10
4877 1.323942e-10
4878 1.323546e-10
4879 1.323149e-10
4880 1.322753e-10
4881 1.322357e-10
4882 1.321961e-10
4883 1.321565e-10
4884 1.321170e-10
4885 1.320774e-10
4886 1.320379e-10
4887 1.319984e-10
4888 1.319590e-10
4889 1.319195e-10
4890 1.318801e-10
4891 1.318407e-10
4892 1.318013e-10
4893 1.317619e-10
4894 1.317225e-10
4895 1.316832e-10
4896 1.316439e-10
4897 1.316046e-10
4898 1.315653e-10
4899 1.315261e-10
4900 1.314868e-10
4901 1.314476e-10
4902 1.314084e-10
4903 1.313693e-10
4904 1.313301e-10
4905 1.312910e-10
4906 1.312519e-10
4907 1.312128e-10
4908 1.311737e-10
4909 1.311346e-10
4910 1.310956e-10
4911 1.310566e-10
4912 1.310176e-10
4913 1.309786e-10
4914 1.309396e-10
4915 1.309007e-10
4916 1.308618e-10
4917 1.308229e-10
4918 1.307840e-10
4919 1.307451e-10
4920 1.307063e-10
4921 1.306675e-10
4922 1.306287e-10
4923 1.305899e-10
4924 1.305511e-10
4925 1.305124e-10
4926 1.304736e-10
4927 1.304349e-10
4928 1.303962e-10
4929 1.303576e-10
4930 1.303189e-10
4931 1.302803e-10
4932 1.302417e-10
4933 1.302031e-10
4934 1.301645e-10
4935 1.301260e-10
4936 1.300874e-10
4937 1.300489e-10
4938 1.300104e-10
4939 1.299719e-10
4940 1.299335e-10
4941 1.298950e-10
4942 1.298566e-10
4943 1.298182e-10
4944 1.297799e-10
4945 1.297415e-10
4946 1.297031e-10
4947 1.296648e-10
4948 1.296265e-10
4949 1.295882e-10
4950 1.295500e-10
4951 1.295117e-10
4952 1.294735e-10
4953 1.294353e-10
4954 1.293971e-10
4955 1.293589e-10
4956 1.293208e-10
4957 1.292826e-10
4958 1.292445e-10
4959 1.292064e-10
4960 1.291684e-10
4961 1.291303e-10
4962 1.290923e-10
4963 1.290542e-10
4964 1.290162e-10
4965 1.289783e-10
4966 1.289403e-10
4967 1.289024e-10
4968 1.288644e-10
4969 1.288265e-10
4970 1.287886e-10
4971 1.287508e-10
4972 1.287129e-10
4973 1.286751e-10
4974 1.286373e-10
4975 1.285995e-10
4976 1.285617e-10
4977 1.285239e-10
4978 1.284862e-10
4979 1.284485e-10
4980 1.284108e-10
4981 1.283731e-10
4982 1.283354e-10
4983 1.282978e-10
4984 1.282602e-10
4985 1.282226e-10
4986 1.281850e-10
4987 1.281474e-10
4988 1.281098e-10
4989 1.280723e-10
4990 1.280348e-10
4991 1.279973e-10
4992 1.279598e-10
4993 1.279224e-10
4994 1.278849e-10
4995 1.278475e-10
4996 1.278101e-10
4997 1.277727e-10
4998 1.277353e-10
4999 1.276980e-10
5000 1.276607e-10
5001 1.276234e-10
5002 1.275861e-10
5003 1.275488e-10
5004 1.275115e-10
5005 1.274743e-10
5006 1.274371e-10
5007 1.273999e-10
5008 1.273627e-10
5009 1.273255e-10
5010 1.272884e-10
5011 1.272512e-10
5012 1.272141e-10
5013 1.271770e-10
5014 1.271400e-10
5015 1.271029e-10
5016 1.270659e-10
5017 1.270288e-10
5018 1.269918e-10
5019 1.269549e-10
5020 1.269179e-10
5021 1.268809e-10
5022 1.268440e-10
5023 1.268071e-10
5024 1.267702e-10
5025 1.267333e-10
5026 1.266965e-10
5027 1.266596e-10
5028 1.266228e-10
5029 1.265860e-10
5030 1.265492e-10
5031 1.265125e-10
5032 1.264757e-10
5033 1.264390e-10
5034 1.264023e-10
5035 1.263656e-10
5036 1.263289e-10
5037 1.262922e-10
5038 1.262556e-10
5039 1.262190e-10
5040 1.261824e-10
5041 1.261458e-10
5042 1.261092e-10
5043 1.260727e-10
5044 1.260361e-10
5045 1.259996e-10
5046 1.259631e-10
5047 1.259266e-10
5048 1.258902e-10
5049 1.258537e-10
5050 1.258173e-10
5051 1.257809e-10
5052 1.257445e-10
5053 1.257079e-10
5054 1.256708e-10
5055 1.256337e-10
5056 1.255967e-10
5057 1.255597e-10
5058 1.255227e-10
5059 1.254857e-10
5060 1.254487e-10
5061 1.254118e-10
5062 1.253749e-10
5063 1.253379e-10
5064 1.253011e-10
5065 1.252642e-10
5066 1.252273e-10
5067 1.251905e-10
5068 1.251537e-10
5069 1.251169e-10
5070 1.250801e-10
5071 1.250433e-10
5072 1.250066e-10
5073 1.249698e-10
5074 1.249331e-10
5075 1.248964e-10
5076 1.248598e-10
5077 1.248231e-10
5078 1.247865e-10
5079 1.247498e-10
5080 1.247132e-10
5081 1.246767e-10
5082 1.246401e-10
5083 1.246035e-10
5084 1.245670e-10
5085 1.245305e-10
5086 1.244940e-10
5087 1.244575e-10
5088 1.244211e-10
5089 1.243846e-10
5090 1.243482e-10
5091 1.243118e-10
5092 1.242754e-10
5093 1.242390e-10
5094 1.242027e-10
5095 1.241663e-10
5096 1.241300e-10
5097 1.240937e-10
5098 1.240574e-10
5099 1.240212e-10
5100 1.239849e-10
5101 1.239487e-10
5102 1.239125e-10
5103 1.238763e-10
5104 1.238401e-10
5105 1.238040e-10
5106 1.237678e-10
5107 1.237317e-10
5108 1.236956e-10
5109 1.236595e-10
5110 1.236234e-10
5111 1.235874e-10
5112 1.235514e-10
5113 1.235153e-10
5114 1.234793e-10
5115 1.234434e-10
5116 1.234074e-10
5117 1.233714e-10
5118 1.233355e-10
5119 1.232996e-10
5120 1.232637e-10
5121 1.232278e-10
5122 1.231920e-10
5123 1.231561e-10
5124 1.231203e-10
5125 1.230845e-10
5126 1.230487e-10
5127 1.230129e-10
5128 1.229772e-10
5129 1.229414e-10
5130 1.229057e-10
5131 1.228700e-10
5132 1.228343e-10
5133 1.227987e-10
5134 1.227630e-10
5135 1.227274e-10
5136 1.226918e-10
5137 1.226562e-10
5138 1.226206e-10
5139 1.225850e-10
5140 1.225495e-10
5141 1.225139e-10
5142 1.224784e-10
5143 1.224429e-10
5144 1.224074e-10
5145 1.223720e-10
5146 1.223365e-10
5147 1.223011e-10
5148 1.222657e-10
5149 1.222303e-10
5150 1.221949e-10
5151 1.221596e-10
5152 1.221242e-10
5153 1.220889e-10
5154 1.220536e-10
5155 1.220183e-10
5156 1.219830e-10
5157 1.219478e-10
5158 1.219125e-10
5159 1.218773e-10
5160 1.218421e-10
5161 1.218069e-10
5162 1.217717e-10
5163 1.217366e-10
5164 1.217014e-10
5165 1.216663e-10
5166 1.216312e-10
5167 1.215961e-10
5168 1.215611e-10
5169 1.215260e-10
5170 1.214910e-10
5171 1.214560e-10
5172 1.214210e-10
5173 1.213860e-10
5174 1.213510e-10
5175 1.213160e-10
5176 1.212811e-10
5177 1.212462e-10
5178 1.212113e-10
5179 1.211764e-10
5180 1.211415e-10
5181 1.211067e-10
5182 1.210718e-10
5183 1.210370e-10
5184 1.210022e-10
5185 1.209674e-10
5186 1.209327e-10
5187 1.208979e-10
5188 1.208632e-10
5189 1.208285e-10
5190 1.207938e-10
5191 1.207591e-10
5192 1.207244e-10
5193 1.206898e-10
5194 1.206551e-10
5195 1.206205e-10
5196 1.205859e-10
5197 1.205513e-10
5198 1.205168e-10
5199 1.204822e-10
5200 1.204477e-10
5201 1.204132e-10
5202 1.203787e-10
5203 1.203442e-10
5204 1.203097e-10
5205 1.202752e-10
5206 1.202408e-10
5207 1.202064e-10
5208 1.201720e-10
5209 1.201376e-10
5210 1.201032e-10
5211 1.200689e-10
5212 1.200345e-10
5213 1.200002e-10
5214 1.199659e-10
5215 1.199316e-10
5216 1.198974e-10
5217 1.198631e-10
5218 1.198289e-10
5219 1.197946e-10
5220 1.197604e-10
5221 1.197262e-10
5222 1.196921e-10
5223 1.196579e-10
5224 1.196238e-10
5225 1.195896e-10
5226 1.195555e-10
5227 1.195214e-10
5228 1.194874e-10
5229 1.194533e-10
5230 1.194193e-10
5231 1.193852e-10
5232 1.193512e-10
5233 1.193172e-10
5234 1.192833e-10
5235 1.192493e-10
5236 1.192153e-10
5237 1.191814e-10
5238 1.191475e-10
5239 1.191136e-10
5240 1.190797e-10
5241 1.190458e-10
5242 1.190120e-10
5243 1.189782e-10
5244 1.189443e-10
5245 1.189105e-10
5246 1.188768e-10
5247 1.188430e-10
5248 1.188092e-10
5249 1.187755e-10
5250 1.187418e-10
5251 1.187081e-10
5252 1.186744e-10
5253 1.186407e-10
5254 1.186071e-10
5255 1.185734e-10
5256 1.185398e-10
5257 1.185062e-10
5258 1.184726e-10
5259 1.184390e-10
5260 1.184054e-10
5261 1.183719e-10
5262 1.183384e-10
5263 1.183048e-10
5264 1.182713e-10
5265 1.182379e-10
5266 1.182044e-10
5267 1.181709e-10
5268 1.181375e-10
5269 1.181041e-10
5270 1.180707e-10
5271 1.180373e-10
5272 1.180039e-10
5273 1.179706e-10
5274 1.179372e-10
5275 1.179039e-10
5276 1.178706e-10
5277 1.178373e-10
5278 1.178040e-10
5279 1.177708e-10
5280 1.177375e-10
5281 1.177043e-10
5282 1.176711e-10
5283 1.176379e-10
5284 1.176047e-10
5285 1.175715e-10
5286 1.175384e-10
5287 1.175052e-10
5288 1.174721e-10
5289 1.174390e-10
5290 1.174059e-10
5291 1.173728e-10
5292 1.173398e-10
5293 1.173067e-10
5294 1.172737e-10
5295 1.172407e-10
5296 1.172077e-10
5297 1.171747e-10
5298 1.171418e-10
5299 1.171088e-10
5300 1.170759e-10
5301 1.170429e-10
5302 1.170100e-10
5303 1.169772e-10
5304 1.169443e-10
5305 1.169114e-10
5306 1.168786e-10
5307 1.168458e-10
5308 1.168129e-10
5309 1.167802e-10
5310 1.167474e-10
5311 1.167146e-10
5312 1.166819e-10
5313 1.166491e-10
5314 1.166164e-10
5315 1.165837e-10
5316 1.165510e-10
5317 1.165183e-10
5318 1.164857e-10
5319 1.164530e-10
5320 1.164204e-10
5321 1.163878e-10
5322 1.163552e-10
5323 1.163226e-10
5324 1.162901e-10
5325 1.162575e-10
5326 1.162250e-10
5327 1.161924e-10
5328 1.161599e-10
5329 1.161274e-10
5330 1.160950e-10
5331 1.160625e-10
5332 1.160301e-10
5333 1.159976e-10
5334 1.159652e-10
5335 1.159328e-10
5336 1.159004e-10
5337 1.158681e-10
5338 1.158357e-10
5339 1.158034e-10
5340 1.157711e-10
5341 1.157387e-10
5342 1.157065e-10
5343 1.156742e-10
5344 1.156419e-10
5345 1.156097e-10
5346 1.155774e-10
5347 1.155452e-10
5348 1.155130e-10
5349 1.154808e-10
5350 1.154486e-10
5351 1.154165e-10
5352 1.153843e-10
5353 1.153522e-10
5354 1.153201e-10
5355 1.152880e-10
5356 1.152559e-10
5357 1.152239e-10
5358 1.151918e-10
5359 1.151598e-10
5360 1.151277e-10
5361 1.150957e-10
5362 1.150637e-10
5363 1.150318e-10
5364 1.149998e-10
5365 1.149678e-10
5366 1.149359e-10
5367 1.149040e-10
5368 1.148721e-10
5369 1.148402e-10
5370 1.148083e-10
5371 1.147764e-10
5372 1.147446e-10
5373 1.147128e-10
5374 1.146810e-10
5375 1.146492e-10
5376 1.146174e-10
5377 1.145856e-10
5378 1.145538e-10
5379 1.145221e-10
5380 1.144904e-10
5381 1.144586e-10
5382 1.144269e-10
5383 1.143953e-10
5384 1.143636e-10
5385 1.143319e-10
5386 1.143003e-10
5387 1.142687e-10
5388 1.142371e-10
5389 1.142055e-10
5390 1.141739e-10
5391 1.141423e-10
5392 1.141108e-10
5393 1.140792e-10
5394 1.140477e-10
5395 1.140162e-10
5396 1.139847e-10
5397 1.139532e-10
5398 1.139218e-10
5399 1.138903e-10
5400 1.138589e-10
5401 1.138274e-10
5402 1.137960e-10
5403 1.137646e-10
5404 1.137333e-10
5405 1.137019e-10
5406 1.136705e-10
5407 1.136392e-10
5408 1.136079e-10
5409 1.135766e-10
5410 1.135453e-10
5411 1.135140e-10
5412 1.134828e-10
5413 1.134515e-10
5414 1.134203e-10
5415 1.133891e-10
5416 1.133578e-10
5417 1.133259e-10
5418 1.132941e-10
5419 1.132623e-10
5420 1.132306e-10
5421 1.131988e-10
5422 1.131670e-10
5423 1.131353e-10
5424 1.131036e-10
5425 1.130719e-10
5426 1.130402e-10
5427 1.130085e-10
5428 1.129768e-10
5429 1.129452e-10
5430 1.129136e-10
5431 1.128819e-10
5432 1.128503e-10
5433 1.128187e-10
5434 1.127872e-10
5435 1.127556e-10
5436 1.127241e-10
5437 1.126925e-10
5438 1.126610e-10
5439 1.126295e-10
5440 1.125980e-10
5441 1.125666e-10
5442 1.125351e-10
5443 1.125037e-10
5444 1.124722e-10
5445 1.124408e-10
5446 1.124094e-10
5447 1.123780e-10
5448 1.123467e-10
5449 1.123153e-10
5450 1.122840e-10
5451 1.122526e-10
5452 1.122213e-10
5453 1.121900e-10
5454 1.121587e-10
5455 1.121275e-10
5456 1.120962e-10
5457 1.120650e-10
5458 1.120338e-10
5459 1.120025e-10
5460 1.119714e-10
5461 1.119402e-10
5462 1.119090e-10
5463 1.118778e-10
5464 1.118467e-10
5465 1.118156e-10
5466 1.117845e-10
5467 1.117534e-10
5468 1.117223e-10
5469 1.116912e-10
5470 1.116602e-10
5471 1.116291e-10
5472 1.115981e-10
5473 1.115671e-10
5474 1.115361e-10
5475 1.115051e-10
5476 1.114742e-10
5477 1.114432e-10
5478 1.114123e-10
5479 1.113813e-10
5480 1.113504e-10
5481 1.113195e-10
5482 1.112886e-10
5483 1.112578e-10
5484 1.112269e-10
5485 1.111961e-10
5486 1.111653e-10
5487 1.111345e-10
5488 1.111037e-10
5489 1.110729e-10
5490 1.110421e-10
5491 1.110113e-10
5492 1.109806e-10
5493 1.109499e-10
5494 1.109192e-10
5495 1.108885e-10
5496 1.108578e-10
5497 1.108271e-10
5498 1.107965e-10
5499 1.107658e-10
5500 1.107352e-10
5501 1.107046e-10
5502 1.106740e-10
5503 1.106434e-10
5504 1.106128e-10
5505 1.105823e-10
5506 1.105517e-10
5507 1.105212e-10
5508 1.104907e-10
5509 1.104602e-10
5510 1.104297e-10
5511 1.103992e-10
5512 1.103687e-10
5513 1.103383e-10
5514 1.103079e-10
5515 1.102775e-10
5516 1.102470e-10
5517 1.102167e-10
5518 1.101863e-10
5519 1.101559e-10
5520 1.101256e-10
5521 1.100952e-10
5522 1.100649e-10
5523 1.100346e-10
5524 1.100043e-10
5525 1.099740e-10
5526 1.099438e-10
5527 1.099135e-10
5528 1.098833e-10
5529 1.098531e-10
5530 1.098228e-10
5531 1.097926e-10
5532 1.097625e-10
5533 1.097323e-10
5534 1.097021e-10
5535 1.096720e-10
5536 1.096419e-10
5537 1.096118e-10
5538 1.095816e-10
5539 1.095516e-10
5540 1.095215e-10
5541 1.094914e-10
5542 1.094614e-10
5543 1.094314e-10
5544 1.094013e-10
5545 1.093713e-10
5546 1.093413e-10
5547 1.093114e-10
5548 1.092814e-10
5549 1.092514e-10
5550 1.092215e-10
5551 1.091916e-10
5552 1.091617e-10
5553 1.091318e-10
5554 1.091019e-10
5555 1.090720e-10
5556 1.090422e-10
5557 1.090123e-10
5558 1.089825e-10
5559 1.089527e-10
5560 1.089229e-10
5561 1.088931e-10
5562 1.088633e-10
5563 1.088336e-10
5564 1.088038e-10
5565 1.087741e-10
5566 1.087444e-10
5567 1.087146e-10
5568 1.086850e-10
5569 1.086553e-10
5570 1.086256e-10
5571 1.085960e-10
5572 1.085663e-10
5573 1.085367e-10
5574 1.085071e-10
5575 1.084775e-10
5576 1.084479e-10
5577 1.084183e-10
5578 1.083888e-10
5579 1.083592e-10
5580 1.083297e-10
5581 1.083002e-10
5582 1.082707e-10
5583 1.082412e-10
5584 1.082117e-10
5585 1.081822e-10
5586 1.081528e-10
5587 1.081233e-10
5588 1.080939e-10
5589 1.080645e-10
5590 1.080351e-10
5591 1.080057e-10
5592 1.079763e-10
5593 1.079470e-10
5594 1.079176e-10
5595 1.078883e-10
5596 1.078590e-10
5597 1.078297e-10
5598 1.078004e-10
5599 1.077711e-10
5600 1.077418e-10
5601 1.077126e-10
5602 1.076833e-10
5603 1.076541e-10
5604 1.076249e-10
5605 1.075957e-10
5606 1.075665e-10
5607 1.075373e-10
5608 1.075081e-10
5609 1.074790e-10
5610 1.074499e-10
5611 1.074207e-10
5612 1.073916e-10
5613 1.073625e-10
5614 1.073334e-10
5615 1.073044e-10
5616 1.072753e-10
5617 1.072463e-10
5618 1.072172e-10
5619 1.071882e-10
5620 1.071592e-10
5621 1.071302e-10
5622 1.071012e-10
5623 1.070723e-10
5624 1.070433e-10
5625 1.070144e-10
5626 1.069854e-10
5627 1.069565e-10
5628 1.069276e-10
5629 1.068987e-10
5630 1.068699e-10
5631 1.068410e-10
5632 1.068122e-10
5633 1.067833e-10
5634 1.067545e-10
5635 1.067257e-10
5636 1.066969e-10
5637 1.066681e-10
5638 1.066393e-10
5639 1.066106e-10
5640 1.065818e-10
5641 1.065531e-10
5642 1.065244e-10
5643 1.064957e-10
5644 1.064670e-10
5645 1.064383e-10
5646 1.064096e-10
5647 1.063809e-10
5648 1.063523e-10
5649 1.063237e-10
5650 1.062950e-10
5651 1.062664e-10
5652 1.062378e-10
5653 1.062093e-10
5654 1.061807e-10
5655 1.061521e-10
5656 1.061236e-10
5657 1.060951e-10
5658 1.060666e-10
5659 1.060381e-10
5660 1.060096e-10
5661 1.059811e-10
5662 1.059526e-10
5663 1.059242e-10
5664 1.058957e-10
5665 1.058673e-10
5666 1.058389e-10
5667 1.058105e-10
5668 1.057821e-10
5669 1.057537e-10
5670 1.057253e-10
5671 1.056970e-10
5672 1.056686e-10
5673 1.056403e-10
5674 1.056120e-10
5675 1.055837e-10
5676 1.055554e-10
5677 1.055271e-10
5678 1.054989e-10
5679 1.054706e-10
5680 1.054424e-10
5681 1.054141e-10
5682 1.053859e-10
5683 1.053577e-10
5684 1.053295e-10
5685 1.053014e-10
5686 1.052732e-10
5687 1.052450e-10
5688 1.052169e-10
5689 1.051888e-10
5690 1.051607e-10
5691 1.051326e-10
5692 1.051045e-10
5693 1.050764e-10
5694 1.050483e-10
5695 1.050203e-10
5696 1.049922e-10
5697 1.049642e-10
5698 1.049362e-10
5699 1.049082e-10
5700 1.048802e-10
5701 1.048522e-10
5702 1.048243e-10
5703 1.047963e-10
5704 1.047684e-10
5705 1.047404e-10
5706 1.047125e-10
5707 1.046846e-10
5708 1.046567e-10
5709 1.046288e-10
5710 1.046010e-10
5711 1.045731e-10
5712 1.045453e-10
5713 1.045175e-10
5714 1.044896e-10
5715 1.044618e-10
5716 1.044340e-10
5717 1.044063e-10
5718 1.043785e-10
5719 1.043507e-10
5720 1.043230e-10
5721 1.042953e-10
5722 1.042675e-10
5723 1.042398e-10
5724 1.042121e-10
5725 1.041844e-10
5726 1.041568e-10
5727 1.041291e-10
5728 1.041015e-10
5729 1.040738e-10
5730 1.040462e-10
5731 1.040186e-10
5732 1.039910e-10
5733 1.039634e-10
5734 1.039358e-10
5735 1.039083e-10
5736 1.038807e-10
5737 1.038532e-10
5738 1.038257e-10
5739 1.037982e-10
5740 1.037707e-10
5741 1.037432e-10
5742 1.037157e-10
5743 1.036882e-10
5744 1.036608e-10
5745 1.036333e-10
5746 1.036059e-10
5747 1.035785e-10
5748 1.035511e-10
5749 1.035237e-10
5750 1.034963e-10
5751 1.034689e-10
5752 1.034416e-10
5753 1.034142e-10
5754 1.033869e-10
5755 1.033596e-10
5756 1.033323e-10
5757 1.033050e-10
5758 1.032777e-10
5759 1.032504e-10
5760 1.032232e-10
5761 1.031959e-10
5762 1.031687e-10
5763 1.031414e-10
5764 1.031142e-10
5765 1.030870e-10
5766 1.030598e-10
5767 1.030327e-10
5768 1.030055e-10
5769 1.029783e-10
5770 1.029512e-10
5771 1.029241e-10
5772 1.028970e-10
5773 1.028698e-10
5774 1.028428e-10
5775 1.028157e-10
5776 1.027886e-10
5777 1.027615e-10
5778 1.027345e-10
5779 1.027075e-10
5780 1.026804e-10
5781 1.026534e-10
5782 1.026264e-10
5783 1.025994e-10
5784 1.025725e-10
5785 1.025455e-10
5786 1.025185e-10
5787 1.024916e-10
5788 1.024647e-10
5789 1.024377e-10
5790 1.024108e-10
5791 1.023839e-10
5792 1.023571e-10
5793 1.023302e-10
5794 1.023033e-10
5795 1.022765e-10
5796 1.022496e-10
5797 1.022228e-10
5798 1.021960e-10
5799 1.021692e-10
5800 1.021424e-10
5801 1.021156e-10
5802 1.020889e-10
5803 1.020621e-10
5804 1.020354e-10
5805 1.020086e-10
5806 1.019815e-10
5807 1.019542e-10
5808 1.019270e-10
5809 1.018997e-10
5810 1.018725e-10
5811 1.018453e-10
5812 1.018181e-10
5813 1.017909e-10
5814 1.017637e-10
5815 1.017366e-10
5816 1.017094e-10
5817 1.016823e-10
5818 1.016551e-10
5819 1.016280e-10
5820 1.016009e-10
5821 1.015738e-10
5822 1.015467e-10
5823 1.015196e-10
5824 1.014926e-10
5825 1.014655e-10
5826 1.014385e-10
5827 1.014115e-10
5828 1.013845e-10
5829 1.013575e-10
5830 1.013305e-10
5831 1.013035e-10
5832 1.012765e-10
5833 1.012496e-10
5834 1.012226e-10
5835 1.011957e-10
5836 1.011688e-10
5837 1.011419e-10
5838 1.011150e-10
5839 1.010881e-10
5840 1.010612e-10
5841 1.010344e-10
5842 1.010075e-10
5843 1.009807e-10
5844 1.009539e-10
5845 1.009271e-10
5846 1.009003e-10
5847 1.008735e-10
5848 1.008467e-10
5849 1.008199e-10
5850 1.007932e-10
5851 1.007664e-10
5852 1.007397e-10
5853 1.007130e-10
5854 1.006863e-10
5855 1.006596e-10
5856 1.006329e-10
5857 1.006062e-10
5858 1.005796e-10
5859 1.005529e-10
5860 1.005263e-10
5861 1.004996e-10
5862 1.004730e-10
5863 1.004464e-10
5864 1.004198e-10
5865 1.003933e-10
5866 1.003667e-10
5867 1.003401e-10
5868 1.003136e-10
5869 1.002870e-10
5870 1.002605e-10
5871 1.002340e-10
5872 1.002075e-10
5873 1.001810e-10
5874 1.001546e-10
5875 1.001281e-10
5876 1.001016e-10
5877 1.000752e-10
5878 1.000488e-10
5879 1.000223e-10
5880 9.999594e-11
5881 9.996954e-11
5882 9.994316e-11
5883 9.991679e-11
5884 9.989043e-11
5885 9.986408e-11
5886 9.983774e-11
5887 9.981141e-11
5888 9.978510e-11
5889 9.975879e-11
5890 9.973250e-11
5891 9.970622e-11
5892 9.967995e-11
5893 9.965369e-11
5894 9.962744e-11
5895 9.960121e-11
5896 9.957498e-11
5897 9.954877e-11
5898 9.952257e-11
5899 9.949638e-11
5900 9.947020e-11
5901 9.944403e-11
5902 9.941787e-11
5903 9.939173e-11
5904 9.936559e-11
5905 9.933947e-11
5906 9.931336e-11
5907 9.928726e-11
5908 9.926117e-11
5909 9.923509e-11
5910 9.920903e-11
5911 9.918297e-11
5912 9.915693e-11
5913 9.913090e-11
5914 9.910487e-11
5915 9.907886e-11
5916 9.905287e-11
5917 9.902688e-11
5918 9.900090e-11
5919 9.897494e-11
5920 9.894898e-11
5921 9.892304e-11
5922 9.889711e-11
5923 9.887119e-11
5924 9.884528e-11
5925 9.881938e-11
5926 9.879349e-11
5927 9.876762e-11
5928 9.874175e-11
5929 9.871590e-11
5930 9.869006e-11
5931 9.866423e-11
5932 9.863841e-11
5933 9.861260e-11
5934 9.858680e-11
5935 9.856101e-11
5936 9.853524e-11
5937 9.850947e-11
5938 9.848372e-11
5939 9.845798e-11
5940 9.843224e-11
5941 9.840652e-11
5942 9.838081e-11
5943 9.835512e-11
5944 9.832943e-11
5945 9.830375e-11
5946 9.827809e-11
5947 9.825243e-11
5948 9.822679e-11
5949 9.820116e-11
5950 9.817554e-11
5951 9.814993e-11
5952 9.812433e-11
5953 9.809874e-11
5954 9.807316e-11
5955 9.804759e-11
5956 9.802204e-11
5957 9.799649e-11
5958 9.797096e-11
5959 9.794544e-11
5960 9.791993e-11
5961 9.789443e-11
5962 9.786894e-11
5963 9.784346e-11
5964 9.781799e-11
5965 9.779253e-11
5966 9.776709e-11
5967 9.774165e-11
5968 9.771623e-11
5969 9.769081e-11
5970 9.766541e-11
5971 9.764002e-11
5972 9.761464e-11
5973 9.758927e-11
5974 9.756391e-11
5975 9.753856e-11
5976 9.751322e-11
5977 9.748790e-11
5978 9.746258e-11
5979 9.743727e-11
5980 9.741198e-11
5981 9.738670e-11
5982 9.736142e-11
5983 9.733616e-11
5984 9.731091e-11
5985 9.728567e-11
5986 9.726044e-11
5987 9.723522e-11
5988 9.721001e-11
5989 9.718481e-11
5990 9.715963e-11
5991 9.713445e-11
5992 9.710929e-11
5993 9.708413e-11
5994 9.705899e-11
5995 9.703386e-11
5996 9.700873e-11
5997 9.698362e-11
5998 9.695852e-11
5999 9.693343e-11
6000 9.690835e-11
6001 9.688328e-11
6002 9.685822e-11
6003 9.683317e-11
6004 9.680814e-11
6005 9.678311e-11
6006 9.675809e-11
6007 9.673309e-11
6008 9.670810e-11
6009 9.668311e-11
6010 9.665814e-11
6011 9.663318e-11
6012 9.660822e-11
6013 9.658328e-11
6014 9.655835e-11
6015 9.653343e-11
6016 9.650852e-11
6017 9.648362e-11
6018 9.645873e-11
6019 9.643385e-11
6020 9.640899e-11
6021 9.638413e-11
6022 9.635928e-11
6023 9.633445e-11
6024 9.630962e-11
6025 9.628481e-11
6026 9.626000e-11
6027 9.623521e-11
6028 9.621042e-11
6029 9.618565e-11
6030 9.616089e-11
6031 9.613614e-11
6032 9.611140e-11
6033 9.608666e-11
6034 9.606194e-11
6035 9.603723e-11
6036 9.601253e-11
6037 9.598785e-11
6038 9.596317e-11
6039 9.593850e-11
6040 9.591384e-11
6041 9.588919e-11
6042 9.586456e-11
6043 9.583993e-11
6044 9.581531e-11
6045 9.579071e-11
6046 9.576611e-11
6047 9.574153e-11
6048 9.571695e-11
6049 9.569239e-11
6050 9.566783e-11
6051 9.564329e-11
6052 9.561876e-11
6053 9.559423e-11
6054 9.556972e-11
6055 9.554522e-11
6056 9.552073e-11
6057 9.549624e-11
6058 9.547177e-11
6059 9.544731e-11
6060 9.542286e-11
6061 9.539842e-11
6062 9.537399e-11
6063 9.534957e-11
6064 9.532516e-11
6065 9.530076e-11
6066 9.527637e-11
6067 9.525199e-11
6068 9.522763e-11
6069 9.520327e-11
6070 9.517892e-11
6071 9.515458e-11
6072 9.513025e-11
6073 9.510594e-11
6074 9.508163e-11
6075 9.505733e-11
6076 9.503305e-11
6077 9.500877e-11
6078 9.498450e-11
6079 9.496025e-11
6080 9.493600e-11
6081 9.491177e-11
6082 9.488754e-11
6083 9.486332e-11
6084 9.483912e-11
6085 9.481492e-11
6086 9.479074e-11
6087 9.476656e-11
6088 9.474240e-11
6089 9.471824e-11
6090 9.469410e-11
6091 9.466997e-11
6092 9.464584e-11
6093 9.462173e-11
6094 9.459762e-11
6095 9.457353e-11
6096 9.454945e-11
6097 9.452537e-11
6098 9.450131e-11
6099 9.447725e-11
6100 9.445321e-11
6101 9.442918e-11
6102 9.440515e-11
6103 9.438114e-11
6104 9.435714e-11
6105 9.433314e-11
6106 9.430916e-11
6107 9.428519e-11
6108 9.426122e-11
6109 9.423727e-11
6110 9.421333e-11
6111 9.418939e-11
6112 9.416547e-11
6113 9.414156e-11
6114 9.411766e-11
6115 9.409376e-11
6116 9.406988e-11
6117 9.404601e-11
6118 9.402214e-11
6119 9.399829e-11
6120 9.397444e-11
6121 9.395061e-11
6122 9.392679e-11
6123 9.390297e-11
6124 9.387917e-11
6125 9.385538e-11
6126 9.383159e-11
6127 9.380782e-11
6128 9.378405e-11
6129 9.376030e-11
6130 9.373656e-11
6131 9.371282e-11
6132 9.368910e-11
6133 9.366538e-11
6134 9.364168e-11
6135 9.361798e-11
6136 9.359430e-11
6137 9.357062e-11
6138 9.354696e-11
6139 9.352330e-11
6140 9.349966e-11
6141 9.347602e-11
6142 9.345239e-11
6143 9.342878e-11
6144 9.340517e-11
6145 9.338157e-11
6146 9.335799e-11
6147 9.333441e-11
6148 9.331084e-11
6149 9.328729e-11
6150 9.326374e-11
6151 9.324020e-11
6152 9.321667e-11
6153 9.319315e-11
6154 9.316964e-11
6155 9.314615e-11
6156 9.312266e-11
6157 9.309918e-11
6158 9.307571e-11
6159 9.305225e-11
6160 9.302880e-11
6161 9.300536e-11
6162 9.298193e-11
6163 9.295851e-11
6164 9.293509e-11
6165 9.291169e-11
6166 9.288830e-11
6167 9.286492e-11
6168 9.284154e-11
6169 9.281818e-11
6170 9.279483e-11
6171 9.277148e-11
6172 9.274815e-11
6173 9.272483e-11
6174 9.270151e-11
6175 9.267821e-11
6176 9.265491e-11
6177 9.263163e-11
6178 9.260835e-11
6179 9.258508e-11
6180 9.256183e-11
6181 9.253858e-11
6182 9.251534e-11
6183 9.249211e-11
6184 9.246889e-11
6185 9.244568e-11
6186 9.242248e-11
6187 9.239930e-11
6188 9.237611e-11
6189 9.235294e-11
6190 9.232978e-11
6191 9.230663e-11
6192 9.228349e-11
6193 9.226036e-11
6194 9.223723e-11
6195 9.221412e-11
6196 9.219102e-11
6197 9.216792e-11
6198 9.214484e-11
6199 9.212176e-11
6200 9.209869e-11
6201 9.207564e-11
6202 9.205259e-11
6203 9.202955e-11
6204 9.200653e-11
6205 9.198351e-11
6206 9.196050e-11
6207 9.193750e-11
6208 9.191451e-11
6209 9.189153e-11
6210 9.186856e-11
6211 9.184559e-11
6212 9.182264e-11
6213 9.179970e-11
6214 9.177677e-11
6215 9.175384e-11
6216 9.173093e-11
6217 9.170802e-11
6218 9.168513e-11
6219 9.166224e-11
6220 9.163936e-11
6221 9.161649e-11
6222 9.159364e-11
6223 9.157058e-11
6224 9.154726e-11
6225 9.152395e-11
6226 9.150065e-11
6227 9.147735e-11
6228 9.145407e-11
6229 9.143080e-11
6230 9.140754e-11
6231 9.138428e-11
6232 9.136104e-11
6233 9.133780e-11
6234 9.131458e-11
6235 9.129136e-11
6236 9.126816e-11
6237 9.124496e-11
6238 9.122178e-11
6239 9.119860e-11
6240 9.117543e-11
6241 9.115228e-11
6242 9.112913e-11
6243 9.110599e-11
6244 9.108286e-11
6245 9.105974e-11
6246 9.103663e-11
6247 9.101353e-11
6248 9.099044e-11
6249 9.096736e-11
6250 9.094429e-11
6251 9.092123e-11
6252 9.089818e-11
6253 9.087514e-11
6254 9.085210e-11
6255 9.082908e-11
6256 9.080607e-11
6257 9.078306e-11
6258 9.076007e-11
6259 9.073708e-11
6260 9.071410e-11
6261 9.069114e-11
6262 9.066818e-11
6263 9.064523e-11
6264 9.062230e-11
6265 9.059937e-11
6266 9.057645e-11
6267 9.055354e-11
6268 9.053064e-11
6269 9.050775e-11
6270 9.048487e-11
6271 9.046199e-11
6272 9.043913e-11
6273 9.041628e-11
6274 9.039343e-11
6275 9.037060e-11
6276 9.034778e-11
6277 9.032496e-11
6278 9.030215e-11
6279 9.027936e-11
6280 9.025657e-11
6281 9.023379e-11
6282 9.021102e-11
6283 9.018826e-11
6284 9.016551e-11
6285 9.014277e-11
6286 9.012004e-11
6287 9.009732e-11
6288 9.007461e-11
6289 9.005191e-11
6290 9.002921e-11
6291 9.000653e-11
6292 8.998385e-11
6293 8.996119e-11
6294 8.993853e-11
6295 8.991588e-11
6296 8.989325e-11
6297 8.987062e-11
6298 8.984800e-11
6299 8.982539e-11
6300 8.980279e-11
6301 8.978020e-11
6302 8.975761e-11
6303 8.973504e-11
6304 8.971248e-11
6305 8.968992e-11
6306 8.966738e-11
6307 8.964484e-11
6308 8.962231e-11
6309 8.959980e-11
6310 8.957729e-11
6311 8.955479e-11
6312 8.953230e-11
6313 8.950982e-11
6314 8.948735e-11
6315 8.946489e-11
6316 8.944243e-11
6317 8.941999e-11
6318 8.939755e-11
6319 8.937513e-11
6320 8.935271e-11
6321 8.933031e-11
6322 8.930791e-11
6323 8.928552e-11
6324 8.926314e-11
6325 8.924077e-11
6326 8.921841e-11
6327 8.919605e-11
6328 8.917371e-11
6329 8.915138e-11
6330 8.912905e-11
6331 8.910674e-11
6332 8.908443e-11
6333 8.906213e-11
6334 8.903984e-11
6335 8.901757e-11
6336 8.899530e-11
6337 8.897303e-11
6338 8.895078e-11
6339 8.892854e-11
6340 8.890630e-11
6341 8.888408e-11
6342 8.886186e-11
6343 8.883966e-11
6344 8.881746e-11
6345 8.879527e-11
6346 8.877309e-11
6347 8.875092e-11
6348 8.872876e-11
6349 8.870661e-11
6350 8.868446e-11
6351 8.866233e-11
6352 8.864020e-11
6353 8.861809e-11
6354 8.859598e-11
6355 8.857388e-11
6356 8.855179e-11
6357 8.852971e-11
6358 8.850764e-11
6359 8.848558e-11
6360 8.846352e-11
6361 8.844148e-11
6362 8.841944e-11
6363 8.839742e-11
6364 8.837540e-11
6365 8.835339e-11
6366 8.833139e-11
6367 8.830940e-11
6368 8.828742e-11
6369 8.826544e-11
6370 8.824348e-11
6371 8.822152e-11
6372 8.819958e-11
6373 8.817764e-11
6374 8.815571e-11
6375 8.813379e-11
6376 8.811188e-11
6377 8.808998e-11
6378 8.806809e-11
6379 8.804620e-11
6380 8.802433e-11
6381 8.800246e-11
6382 8.798060e-11
6383 8.795875e-11
6384 8.793691e-11
6385 8.791508e-11
6386 8.789326e-11
6387 8.787145e-11
6388 8.784964e-11
6389 8.782785e-11
6390 8.780606e-11
6391 8.778428e-11
6392 8.776251e-11
6393 8.774075e-11
6394 8.771900e-11
6395 8.769726e-11
6396 8.767552e-11
6397 8.765380e-11
6398 8.763208e-11
6399 8.761037e-11
6400 8.758868e-11
6401 8.756699e-11
6402 8.754530e-11
6403 8.752363e-11
6404 8.750197e-11
6405 8.748031e-11
6406 8.745867e-11
6407 8.743703e-11
6408 8.741540e-11
6409 8.739378e-11
6410 8.737217e-11
6411 8.735056e-11
6412 8.732897e-11
6413 8.730738e-11
6414 8.728581e-11
6415 8.726424e-11
6416 8.724268e-11
6417 8.722113e-11
6418 8.719959e-11
6419 8.717805e-11
6420 8.715653e-11
6421 8.713501e-11
6422 8.711351e-11
6423 8.709201e-11
6424 8.707052e-11
6425 8.704904e-11
6426 8.702756e-11
6427 8.700610e-11
6428 8.698464e-11
6429 8.696320e-11
6430 8.694176e-11
6431 8.692033e-11
6432 8.689891e-11
6433 8.687750e-11
6434 8.685609e-11
6435 8.683470e-11
6436 8.681331e-11
6437 8.679193e-11
6438 8.677056e-11
6439 8.674920e-11
6440 8.672785e-11
6441 8.670651e-11
6442 8.668517e-11
6443 8.666384e-11
6444 8.664253e-11
6445 8.662122e-11
6446 8.659992e-11
6447 8.657862e-11
6448 8.655734e-11
6449 8.653606e-11
6450 8.651480e-11
6451 8.649354e-11
6452 8.647229e-11
6453 8.645105e-11
6454 8.642982e-11
6455 8.640859e-11
6456 8.638738e-11
6457 8.636617e-11
6458 8.634497e-11
6459 8.632378e-11
6460 8.630260e-11
6461 8.628142e-11
6462 8.626026e-11
6463 8.623910e-11
6464 8.621796e-11
6465 8.619682e-11
6466 8.617568e-11
6467 8.615456e-11
6468 8.613345e-11
6469 8.611234e-11
6470 8.609125e-11
6471 8.607016e-11
6472 8.604908e-11
6473 8.602800e-11
6474 8.600694e-11
6475 8.598589e-11
6476 8.596484e-11
6477 8.594380e-11
6478 8.592277e-11
6479 8.590175e-11
6480 8.588074e-11
6481 8.585973e-11
6482 8.583873e-11
6483 8.581775e-11
6484 8.579677e-11
6485 8.577580e-11
6486 8.575483e-11
6487 8.573388e-11
6488 8.571293e-11
6489 8.569199e-11
6490 8.567106e-11
6491 8.565014e-11
6492 8.562923e-11
6493 8.560833e-11
6494 8.558743e-11
6495 8.556654e-11
6496 8.554566e-11
6497 8.552479e-11
6498 8.550393e-11
6499 8.548307e-11
6500 8.546223e-11
6501 8.544139e-11
6502 8.542056e-11
6503 8.539974e-11
6504 8.537892e-11
6505 8.535812e-11
6506 8.533732e-11
6507 8.531653e-11
6508 8.529575e-11
6509 8.527498e-11
6510 8.525422e-11
6511 8.523346e-11
6512 8.521271e-11
6513 8.519198e-11
6514 8.517125e-11
6515 8.515052e-11
6516 8.512981e-11
6517 8.510910e-11
6518 8.508840e-11
6519 8.506771e-11
6520 8.504703e-11
6521 8.502636e-11
6522 8.500569e-11
6523 8.498504e-11
6524 8.496439e-11
6525 8.494375e-11
6526 8.492312e-11
6527 8.490249e-11
6528 8.488188e-11
6529 8.486127e-11
6530 8.484067e-11
6531 8.482008e-11
6532 8.479949e-11
6533 8.477892e-11
6534 8.475835e-11
6535 8.473779e-11
6536 8.471724e-11
6537 8.469670e-11
6538 8.467616e-11
6539 8.465564e-11
6540 8.463512e-11
6541 8.461461e-11
6542 8.459411e-11
6543 8.457361e-11
6544 8.455313e-11
6545 8.453265e-11
6546 8.451218e-11
6547 8.449172e-11
6548 8.447126e-11
6549 8.445082e-11
6550 8.443038e-11
6551 8.440995e-11
6552 8.438953e-11
6553 8.436912e-11
6554 8.434871e-11
6555 8.432831e-11
6556 8.430793e-11
6557 8.428754e-11
6558 8.426717e-11
6559 8.424681e-11
6560 8.422645e-11
6561 8.420610e-11
6562 8.418576e-11
6563 8.416543e-11
6564 8.414510e-11
6565 8.412478e-11
6566 8.410448e-11
6567 8.408417e-11
6568 8.406388e-11
6569 8.404360e-11
6570 8.402332e-11
6571 8.400305e-11
6572 8.398279e-11
6573 8.396254e-11
6574 8.394229e-11
6575 8.392205e-11
6576 8.390182e-11
6577 8.388160e-11
6578 8.386139e-11
6579 8.384118e-11
6580 8.382099e-11
6581 8.380080e-11
6582 8.378062e-11
6583 8.376044e-11
6584 8.374028e-11
6585 8.372012e-11
6586 8.369997e-11
6587 8.367983e-11
6588 8.365969e-11
6589 8.363957e-11
6590 8.361945e-11
6591 8.359934e-11
6592 8.357924e-11
6593 8.355914e-11
6594 8.353905e-11
6595 8.351898e-11
6596 8.349890e-11
6597 8.347884e-11
6598 8.345879e-11
6599 8.343874e-11
6600 8.341870e-11
6601 8.339867e-11
6602 8.337864e-11
6603 8.335863e-11
6604 8.333862e-11
6605 8.331862e-11
6606 8.329863e-11
6607 8.327864e-11
6608 8.325866e-11
6609 8.323870e-11
6610 8.321873e-11
6611 8.319878e-11
6612 8.317883e-11
6613 8.315890e-11
6614 8.313897e-11
6615 8.311904e-11
6616 8.309913e-11
6617 8.307922e-11
6618 8.305932e-11
6619 8.303943e-11
6620 8.301955e-11
6621 8.299967e-11
6622 8.297981e-11
6623 8.295995e-11
6624 8.294009e-11
6625 8.292025e-11
6626 8.290041e-11
6627 8.288058e-11
6628 8.286076e-11
6629 8.284095e-11
6630 8.282114e-11
6631 8.280134e-11
6632 8.278155e-11
6633 8.276177e-11
6634 8.274199e-11
6635 8.272223e-11
6636 8.270247e-11
6637 8.268272e-11
6638 8.266297e-11
6639 8.264323e-11
6640 8.262351e-11
6641 8.260378e-11
6642 8.258407e-11
6643 8.256437e-11
6644 8.254467e-11
6645 8.252498e-11
6646 8.250529e-11
6647 8.248562e-11
6648 8.246595e-11
6649 8.244629e-11
6650 8.242664e-11
6651 8.240699e-11
6652 8.238736e-11
6653 8.236773e-11
6654 8.234810e-11
6655 8.232849e-11
6656 8.230888e-11
6657 8.228929e-11
6658 8.226969e-11
6659 8.225011e-11
6660 8.223053e-11
6661 8.221097e-11
6662 8.219140e-11
6663 8.217185e-11
6664 8.215231e-11
6665 8.213277e-11
6666 8.211324e-11
6667 8.209371e-11
6668 8.207420e-11
6669 8.205469e-11
6670 8.203516e-11
6671 8.201525e-11
6672 8.199535e-11
6673 8.197546e-11
6674 8.195557e-11
6675 8.193570e-11
6676 8.191583e-11
6677 8.189597e-11
6678 8.187611e-11
6679 8.185627e-11
6680 8.183643e-11
6681 8.181660e-11
6682 8.179678e-11
6683 8.177696e-11
6684 8.175716e-11
6685 8.173736e-11
6686 8.171757e-11
6687 8.169778e-11
6688 8.167801e-11
6689 8.165824e-11
6690 8.163848e-11
6691 8.161873e-11
6692 8.159898e-11
6693 8.157925e-11
6694 8.155952e-11
6695 8.153980e-11
6696 8.152008e-11
6697 8.150038e-11
6698 8.148068e-11
6699 8.146099e-11
6700 8.144130e-11
6701 8.142163e-11
6702 8.140196e-11
6703 8.138230e-11
6704 8.136265e-11
6705 8.134300e-11
6706 8.132337e-11
6707 8.130374e-11
6708 8.128412e-11
6709 8.126450e-11
6710 8.124490e-11
6711 8.122530e-11
6712 8.120571e-11
6713 8.118612e-11
6714 8.116655e-11
6715 8.114698e-11
6716 8.112742e-11
6717 8.110787e-11
6718 8.108832e-11
6719 8.106879e-11
6720 8.104926e-11
6721 8.102973e-11
6722 8.101022e-11
6723 8.099071e-11
6724 8.097121e-11
6725 8.095172e-11
6726 8.093224e-11
6727 8.091276e-11
6728 8.089329e-11
6729 8.087383e-11
6730 8.085437e-11
6731 8.083493e-11
6732 8.081549e-11
6733 8.079606e-11
6734 8.077663e-11
6735 8.075722e-11
6736 8.073781e-11
6737 8.071841e-11
6738 8.069902e-11
6739 8.067963e-11
6740 8.066025e-11
6741 8.064088e-11
6742 8.062152e-11
6743 8.060216e-11
6744 8.058281e-11
6745 8.056347e-11
6746 8.054414e-11
6747 8.052481e-11
6748 8.050549e-11
6749 8.048618e-11
6750 8.046688e-11
6751 8.044758e-11
6752 8.042830e-11
6753 8.040902e-11
6754 8.038974e-11
6755 8.037048e-11
6756 8.035122e-11
6757 8.033197e-11
6758 8.031272e-11
6759 8.029349e-11
6760 8.027426e-11
6761 8.025504e-11
6762 8.023582e-11
6763 8.021662e-11
6764 8.019742e-11
6765 8.017823e-11
6766 8.015904e-11
6767 8.013987e-11
6768 8.012070e-11
6769 8.010153e-11
6770 8.008238e-11
6771 8.006323e-11
6772 8.004409e-11
6773 8.002496e-11
6774 8.000584e-11
6775 7.998672e-11
6776 7.996761e-11
6777 7.994851e-11
6778 7.992941e-11
6779 7.991032e-11
6780 7.989124e-11
6781 7.987217e-11
6782 7.985311e-11
6783 7.983405e-11
6784 7.981500e-11
6785 7.979595e-11
6786 7.977692e-11
6787 7.975789e-11
6788 7.973887e-11
6789 7.971985e-11
6790 7.970084e-11
6791 7.968184e-11
6792 7.966285e-11
6793 7.964387e-11
6794 7.962489e-11
6795 7.960592e-11
6796 7.958696e-11
6797 7.956800e-11
6798 7.954905e-11
6799 7.953011e-11
6800 7.951118e-11
6801 7.949225e-11
6802 7.947333e-11
6803 7.945442e-11
6804 7.943552e-11
6805 7.941662e-11
6806 7.939773e-11
6807 7.937885e-11
6808 7.935997e-11
6809 7.934110e-11
6810 7.932224e-11
6811 7.930339e-11
6812 7.928454e-11
6813 7.926570e-11
6814 7.924687e-11
6815 7.922804e-11
6816 7.920923e-11
6817 7.919042e-11
6818 7.917161e-11
6819 7.915282e-11
6820 7.913403e-11
6821 7.911525e-11
6822 7.909647e-11
6823 7.907771e-11
6824 7.905895e-11
6825 7.904019e-11
6826 7.902145e-11
6827 7.900271e-11
6828 7.898398e-11
6829 7.896525e-11
6830 7.894654e-11
6831 7.892783e-11
6832 7.890913e-11
6833 7.889043e-11
6834 7.887174e-11
6835 7.885306e-11
6836 7.883439e-11
6837 7.881572e-11
6838 7.879706e-11
6839 7.877841e-11
6840 7.875976e-11
6841 7.874113e-11
6842 7.872249e-11
6843 7.870387e-11
6844 7.868525e-11
6845 7.866664e-11
6846 7.864804e-11
6847 7.862945e-11
6848 7.861086e-11
6849 7.859228e-11
6850 7.857370e-11
6851 7.855514e-11
6852 7.853658e-11
6853 7.851802e-11
6854 7.849948e-11
6855 7.848094e-11
6856 7.846241e-11
6857 7.844389e-11
6858 7.842537e-11
6859 7.840686e-11
6860 7.838835e-11
6861 7.836986e-11
6862 7.835137e-11
6863 7.833289e-11
6864 7.831441e-11
6865 7.829594e-11
6866 7.827748e-11
6867 7.825903e-11
6868 7.824058e-11
6869 7.822214e-11
6870 7.820371e-11
6871 7.818529e-11
6872 7.816687e-11
6873 7.814846e-11
6874 7.813005e-11
6875 7.811165e-11
6876 7.809326e-11
6877 7.807488e-11
6878 7.805650e-11
6879 7.803813e-11
6880 7.801977e-11
6881 7.800141e-11
6882 7.798307e-11
6883 7.796472e-11
6884 7.794639e-11
6885 7.792806e-11
6886 7.790974e-11
6887 7.789143e-11
6888 7.787312e-11
6889 7.785482e-11
6890 7.783653e-11
6891 7.781824e-11
6892 7.779996e-11
6893 7.778169e-11
6894 7.776343e-11
6895 7.774517e-11
6896 7.772692e-11
6897 7.770867e-11
6898 7.769044e-11
6899 7.767221e-11
6900 7.765398e-11
6901 7.763576e-11
6902 7.761756e-11
6903 7.759935e-11
6904 7.758116e-11
6905 7.756297e-11
6906 7.754479e-11
6907 7.752661e-11
6908 7.750844e-11
6909 7.749028e-11
6910 7.747213e-11
6911 7.745398e-11
6912 7.743584e-11
6913 7.741770e-11
6914 7.739958e-11
6915 7.738146e-11
6916 7.736334e-11
6917 7.734524e-11
6918 7.732714e-11
6919 7.730904e-11
6920 7.729096e-11
6921 7.727288e-11
6922 7.725481e-11
6923 7.723674e-11
6924 7.721868e-11
6925 7.720063e-11
6926 7.718259e-11
6927 7.716455e-11
6928 7.714652e-11
6929 7.712849e-11
6930 7.711048e-11
6931 7.709247e-11
6932 7.707446e-11
6933 7.705646e-11
6934 7.703847e-11
6935 7.702049e-11
6936 7.700251e-11
6937 7.698454e-11
6938 7.696658e-11
6939 7.694862e-11
6940 7.693067e-11
6941 7.691273e-11
6942 7.689480e-11
6943 7.687687e-11
6944 7.685894e-11
6945 7.684103e-11
6946 7.682312e-11
6947 7.680522e-11
6948 7.678732e-11
6949 7.676943e-11
6950 7.675155e-11
6951 7.673367e-11
6952 7.671581e-11
6953 7.669794e-11
6954 7.668009e-11
6955 7.666224e-11
6956 7.664440e-11
6957 7.662656e-11
6958 7.660873e-11
6959 7.659091e-11
6960 7.657310e-11
6961 7.655529e-11
6962 7.653749e-11
6963 7.651969e-11
6964 7.650191e-11
6965 7.648412e-11
6966 7.646635e-11
6967 7.644858e-11
6968 7.643082e-11
6969 7.641307e-11
6970 7.639532e-11
6971 7.637758e-11
6972 7.635984e-11
6973 7.634211e-11
6974 7.632439e-11
6975 7.630668e-11
6976 7.628897e-11
6977 7.627127e-11
6978 7.625357e-11
6979 7.623588e-11
6980 7.621820e-11
6981 7.620053e-11
6982 7.618286e-11
6983 7.616520e-11
6984 7.614754e-11
6985 7.612989e-11
6986 7.611225e-11
6987 7.609462e-11
6988 7.607699e-11
6989 7.605937e-11
6990 7.604175e-11
6991 7.602414e-11
6992 7.600654e-11
6993 7.598895e-11
6994 7.597136e-11
6995 7.595377e-11
6996 7.593620e-11
6997 7.591863e-11
6998 7.590107e-11
6999 7.588351e-11
7000 7.586596e-11
7001 7.584842e-11
7002 7.583088e-11
7003 7.581335e-11
7004 7.579583e-11
7005 7.577831e-11
7006 7.576080e-11
7007 7.574330e-11
7008 7.572580e-11
7009 7.570831e-11
7010 7.569083e-11
7011 7.567335e-11
7012 7.565588e-11
7013 7.563841e-11
7014 7.562096e-11
7015 7.560350e-11
7016 7.558606e-11
7017 7.556862e-11
7018 7.555119e-11
7019 7.553376e-11
7020 7.551635e-11
7021 7.549893e-11
7022 7.548153e-11
7023 7.546413e-11
7024 7.544673e-11
7025 7.542935e-11
7026 7.541197e-11
7027 7.539459e-11
7028 7.537723e-11
7029 7.535987e-11
7030 7.534251e-11
7031 7.532517e-11
7032 7.530782e-11
7033 7.529049e-11
7034 7.527316e-11
7035 7.525584e-11
7036 7.523852e-11
7037 7.522122e-11
7038 7.520391e-11
7039 7.518662e-11
7040 7.516933e-11
7041 7.515205e-11
7042 7.513477e-11
7043 7.511750e-11
7044 7.510023e-11
7045 7.508298e-11
7046 7.506573e-11
7047 7.504848e-11
7048 7.503124e-11
7049 7.501401e-11
7050 7.499679e-11
7051 7.497957e-11
7052 7.496235e-11
7053 7.494515e-11
7054 7.492795e-11
7055 7.491075e-11
7056 7.489357e-11
7057 7.487639e-11
7058 7.485921e-11
7059 7.484204e-11
7060 7.482488e-11
7061 7.480773e-11
7062 7.479058e-11
7063 7.477344e-11
7064 7.475630e-11
7065 7.473917e-11
7066 7.472205e-11
7067 7.470493e-11
7068 7.468782e-11
7069 7.467072e-11
7070 7.465362e-11
7071 7.463653e-11
7072 7.461944e-11
7073 7.460236e-11
7074 7.458529e-11
7075 7.456822e-11
7076 7.455116e-11
7077 7.453411e-11
7078 7.451706e-11
7079 7.450002e-11
7080 7.448298e-11
7081 7.446596e-11
7082 7.444893e-11
7083 7.443192e-11
7084 7.441491e-11
7085 7.439790e-11
7086 7.438091e-11
7087 7.436392e-11
7088 7.434693e-11
7089 7.432995e-11
7090 7.431298e-11
7091 7.429602e-11
7092 7.427906e-11
7093 7.426210e-11
7094 7.424516e-11
7095 7.422822e-11
7096 7.421128e-11
7097 7.419435e-11
7098 7.417743e-11
7099 7.416052e-11
7100 7.414361e-11
7101 7.412670e-11
7102 7.410981e-11
7103 7.409292e-11
7104 7.407603e-11
7105 7.405915e-11
7106 7.404228e-11
7107 7.402541e-11
7108 7.400855e-11
7109 7.399170e-11
7110 7.397485e-11
7111 7.395801e-11
7112 7.394118e-11
7113 7.392435e-11
7114 7.390753e-11
7115 7.389071e-11
7116 7.387390e-11
7117 7.385710e-11
7118 7.384030e-11
7119 7.382351e-11
7120 7.380672e-11
7121 7.378994e-11
7122 7.377317e-11
7123 7.375640e-11
7124 7.373964e-11
7125 7.372289e-11
7126 7.370614e-11
7127 7.368940e-11
7128 7.367266e-11
7129 7.365593e-11
7130 7.363921e-11
7131 7.362249e-11
7132 7.360578e-11
7133 7.358907e-11
7134 7.357237e-11
7135 7.355568e-11
7136 7.353899e-11
7137 7.352231e-11
7138 7.350564e-11
7139 7.348897e-11
7140 7.347231e-11
7141 7.345565e-11
7142 7.343900e-11
7143 7.342236e-11
7144 7.340572e-11
7145 7.338909e-11
7146 7.337246e-11
7147 7.335584e-11
7148 7.333923e-11
7149 7.332262e-11
7150 7.330582e-11
7151 7.328887e-11
7152 7.327192e-11
7153 7.325498e-11
7154 7.323805e-11
7155 7.322113e-11
7156 7.320421e-11
7157 7.318730e-11
7158 7.317039e-11
7159 7.315349e-11
7160 7.313660e-11
7161 7.311971e-11
7162 7.310283e-11
7163 7.308596e-11
7164 7.306909e-11
7165 7.305223e-11
7166 7.303537e-11
7167 7.301852e-11
7168 7.300168e-11
7169 7.298484e-11
7170 7.296801e-11
7171 7.295118e-11
7172 7.293437e-11
7173 7.291755e-11
7174 7.290075e-11
7175 7.288395e-11
7176 7.286715e-11
7177 7.285037e-11
7178 7.283359e-11
7179 7.281681e-11
7180 7.280004e-11
7181 7.278328e-11
7182 7.276652e-11
7183 7.274977e-11
7184 7.273303e-11
7185 7.271629e-11
7186 7.269956e-11
7187 7.268283e-11
7188 7.266611e-11
7189 7.264940e-11
7190 7.263269e-11
7191 7.261599e-11
7192 7.259930e-11
7193 7.258261e-11
7194 7.256593e-11
7195 7.254925e-11
7196 7.253258e-11
7197 7.251592e-11
7198 7.249926e-11
7199 7.248261e-11
7200 7.246596e-11
7201 7.244932e-11
7202 7.243269e-11
7203 7.241606e-11
7204 7.239944e-11
7205 7.238283e-11
7206 7.236622e-11
7207 7.234962e-11
7208 7.233302e-11
7209 7.231643e-11
7210 7.229985e-11
7211 7.228327e-11
7212 7.226670e-11
7213 7.225013e-11
7214 7.223357e-11
7215 7.221702e-11
7216 7.220047e-11
7217 7.218393e-11
7218 7.216739e-11
7219 7.215086e-11
7220 7.213434e-11
7221 7.211782e-11
7222 7.210131e-11
7223 7.208480e-11
7224 7.206831e-11
7225 7.205181e-11
7226 7.203533e-11
7227 7.201884e-11
7228 7.200237e-11
7229 7.198590e-11
7230 7.196944e-11
7231 7.195298e-11
7232 7.193653e-11
7233 7.192009e-11
7234 7.190365e-11
7235 7.188721e-11
7236 7.187079e-11
7237 7.185437e-11
7238 7.183795e-11
7239 7.182154e-11
7240 7.180514e-11
7241 7.178875e-11
7242 7.177235e-11
7243 7.175597e-11
7244 7.173959e-11
7245 7.172322e-11
7246 7.170685e-11
7247 7.169049e-11
7248 7.167414e-11
7249 7.165779e-11
7250 7.164145e-11
7251 7.162511e-11
7252 7.160878e-11
7253 7.159245e-11
7254 7.157614e-11
7255 7.155982e-11
7256 7.154352e-11
7257 7.152722e-11
7258 7.151092e-11
7259 7.149463e-11
7260 7.147835e-11
7261 7.146207e-11
7262 7.144580e-11
7263 7.142954e-11
7264 7.141328e-11
7265 7.139702e-11
7266 7.138078e-11
7267 7.136454e-11
7268 7.134830e-11
7269 7.133207e-11
7270 7.131585e-11
7271 7.129963e-11
7272 7.128342e-11
7273 7.126721e-11
7274 7.125101e-11
7275 7.123482e-11
7276 7.121863e-11
7277 7.120245e-11
7278 7.118627e-11
7279 7.117010e-11
7280 7.115394e-11
7281 7.113778e-11
7282 7.112163e-11
7283 7.110548e-11
7284 7.108934e-11
7285 7.107320e-11
7286 7.105707e-11
7287 7.104095e-11
7288 7.102483e-11
7289 7.100872e-11
7290 7.099262e-11
7291 7.097652e-11
7292 7.096042e-11
7293 7.094433e-11
7294 7.092825e-11
7295 7.091218e-11
7296 7.089611e-11
7297 7.088004e-11
7298 7.086398e-11
7299 7.084793e-11
7300 7.083188e-11
7301 7.081584e-11
7302 7.079980e-11
7303 7.078378e-11
7304 7.076775e-11
7305 7.075173e-11
7306 7.073572e-11
7307 7.071971e-11
7308 7.070371e-11
7309 7.068772e-11
7310 7.067173e-11
7311 7.065575e-11
7312 7.063977e-11
7313 7.062380e-11
7314 7.060783e-11
7315 7.059187e-11
7316 7.057592e-11
7317 7.055997e-11
7318 7.054403e-11
7319 7.052809e-11
7320 7.051216e-11
7321 7.049623e-11
7322 7.048031e-11
7323 7.046440e-11
7324 7.044849e-11
7325 7.043259e-11
7326 7.041669e-11
7327 7.040080e-11
7328 7.038492e-11
7329 7.036904e-11
7330 7.035316e-11
7331 7.033730e-11
7332 7.032144e-11
7333 7.030558e-11
7334 7.028973e-11
7335 7.027388e-11
7336 7.025804e-11
7337 7.024221e-11
7338 7.022638e-11
7339 7.021056e-11
7340 7.019475e-11
7341 7.017893e-11
7342 7.016313e-11
7343 7.014733e-11
7344 7.013154e-11
7345 7.011575e-11
7346 7.009997e-11
7347 7.008419e-11
7348 7.006842e-11
7349 7.005266e-11
7350 7.003690e-11
7351 7.002114e-11
7352 7.000540e-11
7353 6.998965e-11
7354 6.997392e-11
7355 6.995819e-11
7356 6.994246e-11
7357 6.992674e-11
7358 6.991103e-11
7359 6.989532e-11
7360 6.987962e-11
7361 6.986392e-11
7362 6.984823e-11
7363 6.983255e-11
7364 6.981687e-11
7365 6.980119e-11
7366 6.978552e-11
7367 6.976986e-11
7368 6.975420e-11
7369 6.973855e-11
7370 6.972291e-11
7371 6.970727e-11
7372 6.969163e-11
7373 6.967600e-11
7374 6.966038e-11
7375 6.964476e-11
7376 6.962915e-11
7377 6.961354e-11
7378 6.959794e-11
7379 6.958235e-11
7380 6.956676e-11
7381 6.955117e-11
7382 6.953559e-11
7383 6.952002e-11
7384 6.950445e-11
7385 6.948889e-11
7386 6.947334e-11
7387 6.945779e-11
7388 6.944224e-11
7389 6.942670e-11
7390 6.941117e-11
7391 6.939564e-11
7392 6.938012e-11
7393 6.936460e-11
7394 6.934909e-11
7395 6.933358e-11
7396 6.931808e-11
7397 6.930259e-11
7398 6.928710e-11
7399 6.927161e-11
7400 6.925614e-11
7401 6.924066e-11
7402 6.922520e-11
7403 6.920973e-11
7404 6.919428e-11
7405 6.917883e-11
7406 6.916338e-11
7407 6.914794e-11
7408 6.913251e-11
7409 6.911708e-11
7410 6.910166e-11
7411 6.908624e-11
7412 6.907083e-11
7413 6.905542e-11
7414 6.904002e-11
7415 6.902463e-11
7416 6.900924e-11
7417 6.899385e-11
7418 6.897848e-11
7419 6.896310e-11
7420 6.894773e-11
7421 6.893237e-11
7422 6.891702e-11
7423 6.890166e-11
7424 6.888632e-11
7425 6.887098e-11
7426 6.885564e-11
7427 6.884031e-11
7428 6.882499e-11
7429 6.880967e-11
7430 6.879436e-11
7431 6.877905e-11
7432 6.876375e-11
7433 6.874845e-11
7434 6.873316e-11
7435 6.871788e-11
7436 6.870260e-11
7437 6.868732e-11
7438 6.867205e-11
7439 6.865679e-11
7440 6.864153e-11
7441 6.862628e-11
7442 6.861103e-11
7443 6.859579e-11
7444 6.858055e-11
7445 6.856532e-11
7446 6.855010e-11
7447 6.853488e-11
7448 6.851966e-11
7449 6.850445e-11
7450 6.848925e-11
7451 6.847405e-11
7452 6.845886e-11
7453 6.844367e-11
7454 6.842849e-11
7455 6.841331e-11
7456 6.839814e-11
7457 6.838297e-11
7458 6.836781e-11
7459 6.835266e-11
7460 6.833751e-11
7461 6.832236e-11
7462 6.830722e-11
7463 6.829209e-11
7464 6.827696e-11
7465 6.826184e-11
7466 6.824672e-11
7467 6.823161e-11
7468 6.821650e-11
7469 6.820140e-11
7470 6.818630e-11
7471 6.817121e-11
7472 6.815613e-11
7473 6.814105e-11
7474 6.812597e-11
7475 6.811090e-11
7476 6.809584e-11
7477 6.808078e-11
7478 6.806572e-11
7479 6.805068e-11
7480 6.803563e-11
7481 6.802060e-11
7482 6.800556e-11
7483 6.799054e-11
7484 6.797552e-11
7485 6.796050e-11
7486 6.794549e-11
7487 6.793048e-11
7488 6.791548e-11
7489 6.790049e-11
7490 6.788550e-11
7491 6.787052e-11
7492 6.785554e-11
7493 6.784056e-11
7494 6.782560e-11
7495 6.781063e-11
7496 6.779567e-11
7497 6.778072e-11
7498 6.776578e-11
7499 6.775083e-11
7500 6.773590e-11
7501 6.772097e-11
7502 6.770604e-11
7503 6.769112e-11
7504 6.767620e-11
7505 6.766129e-11
7506 6.764639e-11
7507 6.763149e-11
7508 6.761659e-11
7509 6.760171e-11
7510 6.758682e-11
7511 6.757194e-11
7512 6.755707e-11
7513 6.754220e-11
7514 6.752734e-11
7515 6.751248e-11
7516 6.749763e-11
7517 6.748278e-11
7518 6.746794e-11
7519 6.745310e-11
7520 6.743827e-11
7521 6.742345e-11
7522 6.740863e-11
7523 6.739381e-11
7524 6.737900e-11
7525 6.736420e-11
7526 6.734940e-11
7527 6.733460e-11
7528 6.731981e-11
7529 6.730503e-11
7530 6.729025e-11
7531 6.727547e-11
7532 6.726070e-11
7533 6.724594e-11
7534 6.723118e-11
7535 6.721643e-11
7536 6.720168e-11
7537 6.718694e-11
7538 6.717220e-11
7539 6.715747e-11
7540 6.714274e-11
7541 6.712802e-11
7542 6.711330e-11
7543 6.709859e-11
7544 6.708389e-11
7545 6.706918e-11
7546 6.705449e-11
7547 6.703980e-11
7548 6.702511e-11
7549 6.701043e-11
7550 6.699576e-11
7551 6.698109e-11
7552 6.696642e-11
7553 6.695176e-11
7554 6.693711e-11
7555 6.692246e-11
7556 6.690781e-11
7557 6.689317e-11
7558 6.687854e-11
7559 6.686391e-11
7560 6.684928e-11
7561 6.683467e-11
7562 6.682005e-11
7563 6.680544e-11
7564 6.679084e-11
7565 6.677624e-11
7566 6.676165e-11
7567 6.674706e-11
7568 6.673248e-11
7569 6.671790e-11
7570 6.670333e-11
7571 6.668876e-11
7572 6.667420e-11
7573 6.665964e-11
7574 6.664509e-11
7575 6.663054e-11
7576 6.661600e-11
7577 6.660146e-11
7578 6.658693e-11
7579 6.657240e-11
7580 6.655788e-11
7581 6.654336e-11
7582 6.652885e-11
7583 6.651434e-11
7584 6.649984e-11
7585 6.648535e-11
7586 6.647086e-11
7587 6.645637e-11
7588 6.644189e-11
7589 6.642741e-11
7590 6.641294e-11
7591 6.639847e-11
7592 6.638401e-11
7593 6.636956e-11
7594 6.635511e-11
7595 6.634066e-11
7596 6.632622e-11
7597 6.631178e-11
7598 6.629735e-11
7599 6.628293e-11
7600 6.626851e-11
7601 6.625409e-11
7602 6.623968e-11
7603 6.622528e-11
7604 6.621088e-11
7605 6.619648e-11
7606 6.618209e-11
7607 6.616770e-11
7608 6.615332e-11
7609 6.613895e-11
7610 6.612458e-11
7611 6.611021e-11
7612 6.609585e-11
7613 6.608150e-11
7614 6.606715e-11
7615 6.605280e-11
7616 6.603846e-11
7617 6.602413e-11
7618 6.600980e-11
7619 6.599547e-11
7620 6.598115e-11
7621 6.596683e-11
7622 6.595252e-11
7623 6.593822e-11
7624 6.592392e-11
7625 6.590962e-11
7626 6.589533e-11
7627 6.588105e-11
7628 6.586677e-11
7629 6.585249e-11
7630 6.583822e-11
7631 6.582395e-11
7632 6.580969e-11
7633 6.579544e-11
7634 6.578119e-11
7635 6.576694e-11
7636 6.575270e-11
7637 6.573846e-11
7638 6.572423e-11
7639 6.571001e-11
7640 6.569579e-11
7641 6.568157e-11
7642 6.566736e-11
7643 6.565315e-11
7644 6.563895e-11
7645 6.562475e-11
7646 6.561056e-11
7647 6.559638e-11
7648 6.558219e-11
7649 6.556802e-11
7650 6.555385e-11
7651 6.553968e-11
7652 6.552552e-11
7653 6.551136e-11
7654 6.549721e-11
7655 6.548306e-11
7656 6.546892e-11
7657 6.545478e-11
7658 6.544065e-11
7659 6.542652e-11
7660 6.541240e-11
7661 6.539828e-11
7662 6.538417e-11
7663 6.537006e-11
7664 6.535578e-11
7665 6.534138e-11
7666 6.532699e-11
7667 6.531260e-11
7668 6.529822e-11
7669 6.528384e-11
7670 6.526946e-11
7671 6.525510e-11
7672 6.524073e-11
7673 6.522638e-11
7674 6.521202e-11
7675 6.519767e-11
7676 6.518333e-11
7677 6.516899e-11
7678 6.515466e-11
7679 6.514033e-11
7680 6.512601e-11
7681 6.511169e-11
7682 6.509738e-11
7683 6.508307e-11
7684 6.506877e-11
7685 6.505447e-11
7686 6.504018e-11
7687 6.502589e-11
7688 6.501161e-11
7689 6.499733e-11
7690 6.498306e-11
7691 6.496879e-11
7692 6.495453e-11
7693 6.494027e-11
7694 6.492602e-11
7695 6.491177e-11
7696 6.489752e-11
7697 6.488329e-11
7698 6.486905e-11
7699 6.485483e-11
7700 6.484060e-11
7701 6.482638e-11
7702 6.481217e-11
7703 6.479796e-11
7704 6.478376e-11
7705 6.476956e-11
7706 6.475537e-11
7707 6.474118e-11
7708 6.472700e-11
7709 6.471282e-11
7710 6.469865e-11
7711 6.468448e-11
7712 6.467031e-11
7713 6.465615e-11
7714 6.464200e-11
7715 6.462785e-11
7716 6.461371e-11
7717 6.459957e-11
7718 6.458544e-11
7719 6.457131e-11
7720 6.455718e-11
7721 6.454306e-11
7722 6.452895e-11
7723 6.451484e-11
7724 6.450073e-11
7725 6.448664e-11
7726 6.447254e-11
7727 6.445845e-11
7728 6.444437e-11
7729 6.443029e-11
7730 6.441621e-11
7731 6.440214e-11
7732 6.438808e-11
7733 6.437402e-11
7734 6.435996e-11
7735 6.434591e-11
7736 6.433186e-11
7737 6.431782e-11
7738 6.430379e-11
7739 6.428976e-11
7740 6.427573e-11
7741 6.426171e-11
7742 6.424769e-11
7743 6.423368e-11
7744 6.421967e-11
7745 6.420567e-11
7746 6.419167e-11
7747 6.417768e-11
7748 6.416369e-11
7749 6.414971e-11
7750 6.413573e-11
7751 6.412176e-11
7752 6.410779e-11
7753 6.409383e-11
7754 6.407987e-11
7755 6.406592e-11
7756 6.405197e-11
7757 6.403803e-11
7758 6.402409e-11
7759 6.401015e-11
7760 6.399622e-11
7761 6.398230e-11
7762 6.396838e-11
7763 6.395447e-11
7764 6.394056e-11
7765 6.392665e-11
7766 6.391275e-11
7767 6.389885e-11
7768 6.388496e-11
7769 6.387108e-11
7770 6.385720e-11
7771 6.384332e-11
7772 6.382945e-11
7773 6.381558e-11
7774 6.380172e-11
7775 6.378786e-11
7776 6.377401e-11
7777 6.376016e-11
7778 6.374632e-11
7779 6.373248e-11
7780 6.371865e-11
7781 6.370482e-11
7782 6.369100e-11
7783 6.367718e-11
7784 6.366337e-11
7785 6.364956e-11
7786 6.363575e-11
7787 6.362195e-11
7788 6.360816e-11
7789 6.359437e-11
7790 6.358058e-11
7791 6.356680e-11
7792 6.355302e-11
7793 6.353925e-11
7794 6.352549e-11
7795 6.351172e-11
7796 6.349797e-11
7797 6.348422e-11
7798 6.347047e-11
7799 6.345673e-11
7800 6.344299e-11
7801 6.342925e-11
7802 6.341553e-11
7803 6.340180e-11
7804 6.338808e-11
7805 6.337437e-11
7806 6.336066e-11
7807 6.334695e-11
7808 6.333325e-11
7809 6.331956e-11
7810 6.330587e-11
7811 6.329218e-11
7812 6.327850e-11
7813 6.326482e-11
7814 6.325115e-11
7815 6.323748e-11
7816 6.322382e-11
7817 6.321016e-11
7818 6.319651e-11
7819 6.318286e-11
7820 6.316922e-11
7821 6.315558e-11
7822 6.314195e-11
7823 6.312832e-11
7824 6.311469e-11
7825 6.310107e-11
7826 6.308746e-11
7827 6.307384e-11
7828 6.306024e-11
7829 6.304664e-11
7830 6.303304e-11
7831 6.301945e-11
7832 6.300586e-11
7833 6.299228e-11
7834 6.297870e-11
7835 6.296512e-11
7836 6.295156e-11
7837 6.293799e-11
7838 6.292443e-11
7839 6.291088e-11
7840 6.289733e-11
7841 6.288378e-11
7842 6.287024e-11
7843 6.285670e-11
7844 6.284317e-11
7845 6.282964e-11
7846 6.281612e-11
7847 6.280260e-11
7848 6.278909e-11
7849 6.277558e-11
7850 6.276208e-11
7851 6.274858e-11
7852 6.273508e-11
7853 6.272159e-11
7854 6.270811e-11
7855 6.269463e-11
7856 6.268115e-11
7857 6.266768e-11
7858 6.265421e-11
7859 6.264075e-11
7860 6.262729e-11
7861 6.261384e-11
7862 6.260039e-11
7863 6.258695e-11
7864 6.257351e-11
7865 6.256007e-11
7866 6.254664e-11
7867 6.253322e-11
7868 6.251980e-11
7869 6.250638e-11
7870 6.249297e-11
7871 6.247956e-11
7872 6.246616e-11
7873 6.245276e-11
7874 6.243937e-11
7875 6.242598e-11
7876 6.241259e-11
7877 6.239921e-11
7878 6.238584e-11
7879 6.237247e-11
7880 6.235910e-11
7881 6.234574e-11
7882 6.233238e-11
7883 6.231903e-11
7884 6.230568e-11
7885 6.229234e-11
7886 6.227900e-11
7887 6.226566e-11
7888 6.225233e-11
7889 6.223901e-11
7890 6.222569e-11
7891 6.221237e-11
7892 6.219906e-11
7893 6.218575e-11
7894 6.217245e-11
7895 6.215915e-11
7896 6.214586e-11
7897 6.213257e-11
7898 6.211929e-11
7899 6.210601e-11
7900 6.209273e-11
7901 6.207946e-11
7902 6.206619e-11
7903 6.205293e-11
7904 6.203967e-11
7905 6.202642e-11
7906 6.201317e-11
7907 6.199993e-11
7908 6.198669e-11
7909 6.197346e-11
7910 6.196023e-11
7911 6.194700e-11
7912 6.193378e-11
7913 6.192056e-11
7914 6.190735e-11
7915 6.189414e-11
7916 6.188094e-11
7917 6.186774e-11
7918 6.185454e-11
7919 6.184135e-11
7920 6.182817e-11
7921 6.181499e-11
7922 6.180181e-11
7923 6.178864e-11
7924 6.177547e-11
7925 6.176231e-11
7926 6.174915e-11
7927 6.173600e-11
7928 6.172285e-11
7929 6.170970e-11
7930 6.169656e-11
7931 6.168342e-11
7932 6.167029e-11
7933 6.165717e-11
7934 6.164404e-11
7935 6.163092e-11
7936 6.161781e-11
7937 6.160470e-11
7938 6.159159e-11
7939 6.157849e-11
7940 6.156540e-11
7941 6.155231e-11
7942 6.153922e-11
7943 6.152614e-11
7944 6.151306e-11
7945 6.149998e-11
7946 6.148691e-11
7947 6.147385e-11
7948 6.146079e-11
7949 6.144773e-11
7950 6.143468e-11
7951 6.142163e-11
7952 6.140859e-11
7953 6.139555e-11
7954 6.138251e-11
7955 6.136948e-11
7956 6.135646e-11
7957 6.134344e-11
7958 6.133042e-11
7959 6.131741e-11
7960 6.130440e-11
7961 6.129140e-11
7962 6.127840e-11
7963 6.126540e-11
7964 6.125241e-11
7965 6.123943e-11
7966 6.122644e-11
7967 6.121347e-11
7968 6.120049e-11
7969 6.118753e-11
7970 6.117456e-11
7971 6.116160e-11
7972 6.114865e-11
7973 6.113569e-11
7974 6.112275e-11
7975 6.110981e-11
7976 6.109687e-11
7977 6.108393e-11
7978 6.107100e-11
7979 6.105808e-11
7980 6.104516e-11
7981 6.103224e-11
7982 6.101933e-11
7983 6.100642e-11
7984 6.099352e-11
7985 6.098062e-11
7986 6.096773e-11
7987 6.095484e-11
7988 6.094195e-11
7989 6.092907e-11
7990 6.091619e-11
7991 6.090332e-11
7992 6.089045e-11
7993 6.087759e-11
7994 6.086473e-11
7995 6.085187e-11
7996 6.083902e-11
7997 6.082617e-11
7998 6.081333e-11
7999 6.080049e-11
8000 6.078766e-11
8001 6.077483e-11
8002 6.076200e-11
8003 6.074918e-11
8004 6.073637e-11
8005 6.072355e-11
8006 6.071075e-11
8007 6.069794e-11
8008 6.068514e-11
8009 6.067235e-11
8010 6.065956e-11
8011 6.064677e-11
8012 6.063399e-11
8013 6.062121e-11
8014 6.060844e-11
8015 6.059567e-11
8016 6.058290e-11
8017 6.057014e-11
8018 6.055739e-11
8019 6.054463e-11
8020 6.053189e-11
8021 6.051914e-11
8022 6.050640e-11
8023 6.049367e-11
8024 6.048094e-11
8025 6.046821e-11
8026 6.045549e-11
8027 6.044277e-11
8028 6.043005e-11
8029 6.041735e-11
8030 6.040464e-11
8031 6.039194e-11
8032 6.037924e-11
8033 6.036655e-11
8034 6.035386e-11
8035 6.034118e-11
8036 6.032850e-11
8037 6.031582e-11
8038 6.030315e-11
8039 6.029048e-11
8040 6.027782e-11
8041 6.026516e-11
8042 6.025251e-11
8043 6.023986e-11
8044 6.022721e-11
8045 6.021457e-11
8046 6.020193e-11
8047 6.018930e-11
8048 6.017667e-11
8049 6.016404e-11
8050 6.015142e-11
8051 6.013881e-11
8052 6.012619e-11
8053 6.011359e-11
8054 6.010098e-11
8055 6.008838e-11
8056 6.007579e-11
8057 6.006320e-11
8058 6.005061e-11
8059 6.003803e-11
8060 6.002545e-11
8061 6.001287e-11
8062 6.000030e-11
8063 5.998774e-11
8064 5.997518e-11
8065 5.996262e-11
8066 5.995006e-11
8067 5.993752e-11
8068 5.992497e-11
8069 5.991243e-11
8070 5.989989e-11
8071 5.988736e-11
8072 5.987483e-11
8073 5.986231e-11
8074 5.984979e-11
8075 5.983727e-11
8076 5.982476e-11
8077 5.981225e-11
8078 5.979975e-11
8079 5.978725e-11
8080 5.977475e-11
8081 5.976226e-11
8082 5.974978e-11
8083 5.973729e-11
8084 5.972482e-11
8085 5.971234e-11
8086 5.969987e-11
8087 5.968741e-11
8088 5.967494e-11
8089 5.966249e-11
8090 5.965003e-11
8091 5.963758e-11
8092 5.962514e-11
8093 5.961270e-11
8094 5.960026e-11
8095 5.958783e-11
8096 5.957540e-11
8097 5.956297e-11
8098 5.955055e-11
8099 5.953814e-11
8100 5.952572e-11
8101 5.951332e-11
8102 5.950091e-11
8103 5.948851e-11
8104 5.947612e-11
8105 5.946372e-11
8106 5.945134e-11
8107 5.943895e-11
8108 5.942657e-11
8109 5.941420e-11
8110 5.940183e-11
8111 5.938946e-11
8112 5.937710e-11
8113 5.936474e-11
8114 5.935238e-11
8115 5.934003e-11
8116 5.932769e-11
8117 5.931534e-11
8118 5.930301e-11
8119 5.929067e-11
8120 5.927834e-11
8121 5.926602e-11
8122 5.925369e-11
8123 5.924138e-11
8124 5.922906e-11
8125 5.921675e-11
8126 5.920445e-11
8127 5.919214e-11
8128 5.917985e-11
8129 5.916755e-11
8130 5.915526e-11
8131 5.914298e-11
8132 5.913070e-11
8133 5.911842e-11
8134 5.910615e-11
8135 5.909388e-11
8136 5.908161e-11
8137 5.906935e-11
8138 5.905709e-11
8139 5.904484e-11
8140 5.903259e-11
8141 5.902035e-11
8142 5.900811e-11
8143 5.899587e-11
8144 5.898364e-11
8145 5.897141e-11
8146 5.895918e-11
8147 5.894696e-11
8148 5.893475e-11
8149 5.892253e-11
8150 5.891032e-11
8151 5.889812e-11
8152 5.888592e-11
8153 5.887372e-11
8154 5.886153e-11
8155 5.884934e-11
8156 5.883716e-11
8157 5.882498e-11
8158 5.881280e-11
8159 5.880063e-11
8160 5.878846e-11
8161 5.877630e-11
8162 5.876413e-11
8163 5.875198e-11
8164 5.873983e-11
8165 5.872768e-11
8166 5.871553e-11
8167 5.870339e-11
8168 5.869126e-11
8169 5.867912e-11
8170 5.866700e-11
8171 5.865487e-11
8172 5.864275e-11
8173 5.863063e-11
8174 5.861852e-11
8175 5.860641e-11
8176 5.859431e-11
8177 5.858221e-11
8178 5.857011e-11
8179 5.855802e-11
8180 5.854593e-11
8181 5.853385e-11
8182 5.852177e-11
8183 5.850969e-11
8184 5.849762e-11
8185 5.848555e-11
8186 5.847348e-11
8187 5.846142e-11
8188 5.844937e-11
8189 5.843731e-11
8190 5.842526e-11
8191 5.841322e-11
8192 5.840118e-11
8193 5.838914e-11
8194 5.837711e-11
8195 5.836508e-11
8196 5.835305e-11
8197 5.834103e-11
8198 5.832902e-11
8199 5.831700e-11
8200 5.830499e-11
8201 5.829299e-11
8202 5.828099e-11
8203 5.826899e-11
8204 5.825699e-11
8205 5.824500e-11
8206 5.823302e-11
8207 5.822104e-11
8208 5.820906e-11
8209 5.819708e-11
8210 5.818511e-11
8211 5.817315e-11
8212 5.816119e-11
8213 5.814923e-11
8214 5.813727e-11
8215 5.812516e-11
8216 5.811296e-11
8217 5.810076e-11
8218 5.808857e-11
8219 5.807639e-11
8220 5.806421e-11
8221 5.805203e-11
8222 5.803985e-11
8223 5.802769e-11
8224 5.801552e-11
8225 5.800336e-11
8226 5.799120e-11
8227 5.797905e-11
8228 5.796690e-11
8229 5.795475e-11
8230 5.794261e-11
8231 5.793047e-11
8232 5.791834e-11
8233 5.790621e-11
8234 5.789408e-11
8235 5.788196e-11
8236 5.786984e-11
8237 5.785773e-11
8238 5.784562e-11
8239 5.783351e-11
8240 5.782141e-11
8241 5.780931e-11
8242 5.779722e-11
8243 5.778513e-11
8244 5.777305e-11
8245 5.776096e-11
8246 5.774889e-11
8247 5.773681e-11
8248 5.772474e-11
8249 5.771268e-11
8250 5.770062e-11
8251 5.768856e-11
8252 5.767650e-11
8253 5.766446e-11
8254 5.765241e-11
8255 5.764037e-11
8256 5.762833e-11
8257 5.761630e-11
8258 5.760427e-11
8259 5.759224e-11
8260 5.758022e-11
8261 5.756820e-11
8262 5.755619e-11
8263 5.754418e-11
8264 5.753217e-11
8265 5.752017e-11
8266 5.750817e-11
8267 5.749618e-11
8268 5.748419e-11
8269 5.747220e-11
8270 5.746022e-11
8271 5.744824e-11
8272 5.743626e-11
8273 5.742429e-11
8274 5.741233e-11
8275 5.740036e-11
8276 5.738841e-11
8277 5.737645e-11
8278 5.736450e-11
8279 5.735255e-11
8280 5.734061e-11
8281 5.732867e-11
8282 5.731674e-11
8283 5.730480e-11
8284 5.729288e-11
8285 5.728095e-11
8286 5.726903e-11
8287 5.725712e-11
8288 5.724521e-11
8289 5.723330e-11
8290 5.722140e-11
8291 5.720950e-11
8292 5.719760e-11
8293 5.718571e-11
8294 5.717382e-11
8295 5.716194e-11
8296 5.715006e-11
8297 5.713818e-11
8298 5.712631e-11
8299 5.711444e-11
8300 5.710257e-11
8301 5.709071e-11
8302 5.707886e-11
8303 5.706700e-11
8304 5.705515e-11
8305 5.704331e-11
8306 5.703147e-11
8307 5.701963e-11
8308 5.700780e-11
8309 5.699597e-11
8310 5.698414e-11
8311 5.697232e-11
8312 5.696050e-11
8313 5.694869e-11
8314 5.693687e-11
8315 5.692507e-11
8316 5.691327e-11
8317 5.690147e-11
8318 5.688967e-11
8319 5.687788e-11
8320 5.686609e-11
8321 5.685431e-11
8322 5.684253e-11
8323 5.683076e-11
8324 5.681898e-11
8325 5.680722e-11
8326 5.679545e-11
8327 5.678369e-11
8328 5.677193e-11
8329 5.676018e-11
8330 5.674843e-11
8331 5.673669e-11
8332 5.672495e-11
8333 5.671321e-11
8334 5.670148e-11
8335 5.668975e-11
8336 5.667802e-11
8337 5.666630e-11
8338 5.665458e-11
8339 5.664287e-11
8340 5.663116e-11
8341 5.661945e-11
8342 5.660775e-11
8343 5.659605e-11
8344 5.658435e-11
8345 5.657266e-11
8346 5.656098e-11
8347 5.654929e-11
8348 5.653761e-11
8349 5.652594e-11
8350 5.651426e-11
8351 5.650260e-11
8352 5.649093e-11
8353 5.647927e-11
8354 5.646761e-11
8355 5.645596e-11
8356 5.644431e-11
8357 5.643267e-11
8358 5.642102e-11
8359 5.640939e-11
8360 5.639775e-11
8361 5.638612e-11
8362 5.637449e-11
8363 5.636287e-11
8364 5.635125e-11
8365 5.633964e-11
8366 5.632803e-11
8367 5.631642e-11
8368 5.630481e-11
8369 5.629321e-11
8370 5.628162e-11
8371 5.627003e-11
8372 5.625844e-11
8373 5.624685e-11
8374 5.623527e-11
8375 5.622369e-11
8376 5.621212e-11
8377 5.620055e-11
8378 5.618898e-11
8379 5.617742e-11
8380 5.616586e-11
8381 5.615431e-11
8382 5.614276e-11
8383 5.613121e-11
8384 5.611966e-11
8385 5.610813e-11
8386 5.609659e-11
8387 5.608506e-11
8388 5.607353e-11
8389 5.606200e-11
8390 5.605048e-11
8391 5.603896e-11
8392 5.602745e-11
8393 5.601594e-11
8394 5.600443e-11
8395 5.599293e-11
8396 5.598143e-11
8397 5.596994e-11
8398 5.595845e-11
8399 5.594696e-11
8400 5.593548e-11
8401 5.592400e-11
8402 5.591252e-11
8403 5.590105e-11
8404 5.588958e-11
8405 5.587811e-11
8406 5.586665e-11
8407 5.585519e-11
8408 5.584374e-11
8409 5.583229e-11
8410 5.582084e-11
8411 5.580940e-11
8412 5.579796e-11
8413 5.578652e-11
8414 5.577509e-11
8415 5.576366e-11
8416 5.575224e-11
8417 5.574082e-11
8418 5.572940e-11
8419 5.571799e-11
8420 5.570658e-11
8421 5.569517e-11
8422 5.568377e-11
8423 5.567237e-11
8424 5.566098e-11
8425 5.564958e-11
8426 5.563820e-11
8427 5.562681e-11
8428 5.561543e-11
8429 5.560406e-11
8430 5.559268e-11
8431 5.558131e-11
8432 5.556995e-11
8433 5.555859e-11
8434 5.554723e-11
8435 5.553587e-11
8436 5.552452e-11
8437 5.551318e-11
8438 5.550183e-11
8439 5.549049e-11
8440 5.547916e-11
8441 5.546782e-11
8442 5.545650e-11
8443 5.544517e-11
8444 5.543385e-11
8445 5.542253e-11
8446 5.541122e-11
8447 5.539991e-11
8448 5.538860e-11
8449 5.537730e-11
8450 5.536600e-11
8451 5.535470e-11
8452 5.534341e-11
8453 5.533212e-11
8454 5.532083e-11
8455 5.530955e-11
8456 5.529827e-11
8457 5.528700e-11
8458 5.527573e-11
8459 5.526446e-11
8460 5.525320e-11
8461 5.524194e-11
8462 5.523068e-11
8463 5.521943e-11
8464 5.520818e-11
8465 5.519694e-11
8466 5.518570e-11
8467 5.517446e-11
8468 5.516322e-11
8469 5.515199e-11
8470 5.514077e-11
8471 5.512954e-11
8472 5.511832e-11
8473 5.510711e-11
8474 5.509589e-11
8475 5.508468e-11
8476 5.507348e-11
8477 5.506228e-11
8478 5.505108e-11
8479 5.503988e-11
8480 5.502869e-11
8481 5.501751e-11
8482 5.500632e-11
8483 5.499514e-11
8484 5.498396e-11
8485 5.497279e-11
8486 5.496162e-11
8487 5.495046e-11
8488 5.493929e-11
8489 5.492813e-11
8490 5.491698e-11
8491 5.490583e-11
8492 5.489468e-11
8493 5.488354e-11
8494 5.487239e-11
8495 5.486126e-11
8496 5.485012e-11
8497 5.483899e-11
8498 5.482787e-11
8499 5.481674e-11
8500 5.480562e-11
8501 5.479451e-11
8502 5.478340e-11
8503 5.477229e-11
8504 5.476118e-11
8505 5.475008e-11
8506 5.473898e-11
8507 5.472789e-11
8508 5.471680e-11
8509 5.470571e-11
8510 5.469462e-11
8511 5.468354e-11
8512 5.467247e-11
8513 5.466139e-11
8514 5.465032e-11
8515 5.463926e-11
8516 5.462820e-11
8517 5.461714e-11
8518 5.460608e-11
8519 5.459503e-11
8520 5.458398e-11
8521 5.457293e-11
8522 5.456189e-11
8523 5.455086e-11
8524 5.453982e-11
8525 5.452879e-11
8526 5.451776e-11
8527 5.450674e-11
8528 5.449572e-11
8529 5.448470e-11
8530 5.447369e-11
8531 5.446268e-11
8532 5.445167e-11
8533 5.444067e-11
8534 5.442967e-11
8535 5.441868e-11
8536 5.440768e-11
8537 5.439669e-11
8538 5.438571e-11
8539 5.437473e-11
8540 5.436375e-11
8541 5.435277e-11
8542 5.434180e-11
8543 5.433084e-11
8544 5.431987e-11
8545 5.430891e-11
8546 5.429795e-11
8547 5.428700e-11
8548 5.427605e-11
8549 5.426510e-11
8550 5.425416e-11
8551 5.424322e-11
8552 5.423228e-11
8553 5.422135e-11
8554 5.421042e-11
8555 5.419950e-11
8556 5.418857e-11
8557 5.417765e-11
8558 5.416674e-11
8559 5.415583e-11
8560 5.414492e-11
8561 5.413401e-11
8562 5.412311e-11
8563 5.411221e-11
8564 5.410132e-11
8565 5.409043e-11
8566 5.407954e-11
8567 5.406866e-11
8568 5.405778e-11
8569 5.404690e-11
8570 5.403603e-11
8571 5.402516e-11
8572 5.401429e-11
8573 5.400342e-11
8574 5.399256e-11
8575 5.398171e-11
8576 5.397086e-11
8577 5.396001e-11
8578 5.394916e-11
8579 5.393832e-11
8580 5.392748e-11
8581 5.391664e-11
8582 5.390581e-11
8583 5.389498e-11
8584 5.388415e-11
8585 5.387333e-11
8586 5.386251e-11
8587 5.385170e-11
8588 5.384089e-11
8589 5.383008e-11
8590 5.381927e-11
8591 5.380847e-11
8592 5.379767e-11
8593 5.378688e-11
8594 5.377609e-11
8595 5.376530e-11
8596 5.375452e-11
8597 5.374373e-11
8598 5.373296e-11
8599 5.372218e-11
8600 5.371141e-11
8601 5.370064e-11
8602 5.368988e-11
8603 5.367912e-11
8604 5.366836e-11
8605 5.365761e-11
8606 5.364686e-11
8607 5.363611e-11
8608 5.362537e-11
8609 5.361463e-11
8610 5.360389e-11
8611 5.359316e-11
8612 5.358243e-11
8613 5.357170e-11
8614 5.356098e-11
8615 5.355026e-11
8616 5.353954e-11
8617 5.352883e-11
8618 5.351812e-11
8619 5.350741e-11
8620 5.349671e-11
8621 5.348601e-11
8622 5.347532e-11
8623 5.346462e-11
8624 5.345393e-11
8625 5.344325e-11
8626 5.343257e-11
8627 5.342189e-11
8628 5.341121e-11
8629 5.340054e-11
8630 5.338987e-11
8631 5.337920e-11
8632 5.336854e-11
8633 5.335788e-11
8634 5.334723e-11
8635 5.333657e-11
8636 5.332593e-11
8637 5.331528e-11
8638 5.330464e-11
8639 5.329400e-11
8640 5.328336e-11
8641 5.327273e-11
8642 5.326210e-11
8643 5.325148e-11
8644 5.324086e-11
8645 5.323024e-11
8646 5.321962e-11
8647 5.320901e-11
8648 5.319840e-11
8649 5.318780e-11
8650 5.317719e-11
8651 5.316659e-11
8652 5.315600e-11
8653 5.314541e-11
8654 5.313482e-11
8655 5.312423e-11
8656 5.311365e-11
8657 5.310307e-11
8658 5.309250e-11
8659 5.308193e-11
8660 5.307136e-11
8661 5.306079e-11
8662 5.305023e-11
8663 5.303967e-11
8664 5.302912e-11
8665 5.301856e-11
8666 5.300801e-11
8667 5.299747e-11
8668 5.298693e-11
8669 5.297639e-11
8670 5.296585e-11
8671 5.295532e-11
8672 5.294479e-11
8673 5.293427e-11
8674 5.292374e-11
8675 5.291323e-11
8676 5.290271e-11
8677 5.289220e-11
8678 5.288169e-11
8679 5.287118e-11
8680 5.286068e-11
8681 5.285018e-11
8682 5.283968e-11
8683 5.282919e-11
8684 5.281870e-11
8685 5.280822e-11
8686 5.279773e-11
8687 5.278725e-11
8688 5.277678e-11
8689 5.276631e-11
8690 5.275584e-11
8691 5.274537e-11
8692 5.273491e-11
8693 5.272445e-11
8694 5.271399e-11
8695 5.270354e-11
8696 5.269309e-11
8697 5.268264e-11
8698 5.267220e-11
8699 5.266176e-11
8700 5.265132e-11
8701 5.264089e-11
8702 5.263046e-11
8703 5.262003e-11
8704 5.260961e-11
8705 5.259919e-11
8706 5.258877e-11
8707 5.257835e-11
8708 5.256794e-11
8709 5.255754e-11
8710 5.254713e-11
8711 5.253673e-11
8712 5.252633e-11
8713 5.251594e-11
8714 5.250555e-11
8715 5.249516e-11
8716 5.248478e-11
8717 5.247439e-11
8718 5.246402e-11
8719 5.245364e-11
8720 5.244327e-11
8721 5.243290e-11
8722 5.242254e-11
8723 5.241217e-11
8724 5.240182e-11
8725 5.239146e-11
8726 5.238111e-11
8727 5.237076e-11
8728 5.236041e-11
8729 5.235007e-11
8730 5.233973e-11
8731 5.232939e-11
8732 5.231906e-11
8733 5.230873e-11
8734 5.229841e-11
8735 5.228808e-11
8736 5.227776e-11
8737 5.226744e-11
8738 5.225713e-11
8739 5.224682e-11
8740 5.223651e-11
8741 5.222621e-11
8742 5.221591e-11
8743 5.220561e-11
8744 5.219532e-11
8745 5.218503e-11
8746 5.217474e-11
8747 5.216445e-11
8748 5.215417e-11
8749 5.214389e-11
8750 5.213362e-11
8751 5.212335e-11
8752 5.211308e-11
8753 5.210281e-11
8754 5.209255e-11
8755 5.208229e-11
8756 5.207203e-11
8757 5.206178e-11
8758 5.205153e-11
8759 5.204129e-11
8760 5.203104e-11
8761 5.202080e-11
8762 5.201057e-11
8763 5.200033e-11
8764 5.199010e-11
8765 5.197987e-11
8766 5.196965e-11
8767 5.195943e-11
8768 5.194921e-11
8769 5.193900e-11
8770 5.192879e-11
8771 5.191858e-11
8772 5.190837e-11
8773 5.189817e-11
8774 5.188797e-11
8775 5.187778e-11
8776 5.186758e-11
8777 5.185740e-11
8778 5.184721e-11
8779 5.183703e-11
8780 5.182685e-11
8781 5.181667e-11
8782 5.180650e-11
8783 5.179633e-11
8784 5.178616e-11
8785 5.177599e-11
8786 5.176583e-11
8787 5.175568e-11
8788 5.174552e-11
8789 5.173537e-11
8790 5.172522e-11
8791 5.171508e-11
8792 5.170494e-11
8793 5.169480e-11
8794 5.168466e-11
8795 5.167453e-11
8796 5.166440e-11
8797 5.165427e-11
8798 5.164415e-11
8799 5.163403e-11
8800 5.162391e-11
8801 5.161380e-11
8802 5.160369e-11
8803 5.159358e-11
8804 5.158348e-11
8805 5.157335e-11
8806 5.156304e-11
8807 5.155274e-11
8808 5.154244e-11
8809 5.153214e-11
8810 5.152185e-11
8811 5.151156e-11
8812 5.150127e-11
8813 5.149099e-11
8814 5.148070e-11
8815 5.147043e-11
8816 5.146015e-11
8817 5.144988e-11
8818 5.143961e-11
8819 5.142935e-11
8820 5.141908e-11
8821 5.140883e-11
8822 5.139857e-11
8823 5.138832e-11
8824 5.137807e-11
8825 5.136782e-11
8826 5.135758e-11
8827 5.134734e-11
8828 5.133710e-11
8829 5.132687e-11
8830 5.131664e-11
8831 5.130641e-11
8832 5.129619e-11
8833 5.128597e-11
8834 5.127575e-11
8835 5.126554e-11
8836 5.125533e-11
8837 5.124512e-11
8838 5.123492e-11
8839 5.122471e-11
8840 5.121452e-11
8841 5.120432e-11
8842 5.119413e-11
8843 5.118394e-11
8844 5.117376e-11
8845 5.116357e-11
8846 5.115340e-11
8847 5.114322e-11
8848 5.113305e-11
8849 5.112288e-11
8850 5.111271e-11
8851 5.110255e-11
8852 5.109239e-11
8853 5.108223e-11
8854 5.107208e-11
8855 5.106193e-11
8856 5.105178e-11
8857 5.104164e-11
8858 5.103150e-11
8859 5.102136e-11
8860 5.101122e-11
8861 5.100109e-11
8862 5.099096e-11
8863 5.098084e-11
8864 5.097072e-11
8865 5.096060e-11
8866 5.095048e-11
8867 5.094037e-11
8868 5.093026e-11
8869 5.092015e-11
8870 5.091005e-11
8871 5.089995e-11
8872 5.088985e-11
8873 5.087976e-11
8874 5.086967e-11
8875 5.085958e-11
8876 5.084950e-11
8877 5.083942e-11
8878 5.082934e-11
8879 5.081926e-11
8880 5.080919e-11
8881 5.079912e-11
8882 5.078906e-11
8883 5.077900e-11
8884 5.076894e-11
8885 5.075888e-11
8886 5.074883e-11
8887 5.073878e-11
8888 5.072873e-11
8889 5.071869e-11
8890 5.070865e-11
8891 5.069861e-11
8892 5.068858e-11
8893 5.067854e-11
8894 5.066852e-11
8895 5.065849e-11
8896 5.064847e-11
8897 5.063845e-11
8898 5.062844e-11
8899 5.061842e-11
8900 5.060841e-11
8901 5.059841e-11
8902 5.058840e-11
8903 5.057840e-11
8904 5.056841e-11
8905 5.055841e-11
8906 5.054842e-11
8907 5.053843e-11
8908 5.052845e-11
8909 5.051847e-11
8910 5.050849e-11
8911 5.049851e-11
8912 5.048854e-11
8913 5.047857e-11
8914 5.046861e-11
8915 5.045864e-11
8916 5.044868e-11
8917 5.043873e-11
8918 5.042877e-11
8919 5.041882e-11
8920 5.040888e-11
8921 5.039893e-11
8922 5.038899e-11
8923 5.037905e-11
8924 5.036912e-11
8925 5.035918e-11
8926 5.034926e-11
8927 5.033933e-11
8928 5.032941e-11
8929 5.031949e-11
8930 5.030957e-11
8931 5.029966e-11
8932 5.028974e-11
8933 5.027984e-11
8934 5.026993e-11
8935 5.026003e-11
8936 5.025013e-11
8937 5.024024e-11
8938 5.023034e-11
8939 5.022046e-11
8940 5.021057e-11
8941 5.020069e-11
8942 5.019081e-11
8943 5.018093e-11
8944 5.017105e-11
8945 5.016118e-11
8946 5.015132e-11
8947 5.014145e-11
8948 5.013159e-11
8949 5.012173e-11
8950 5.011187e-11
8951 5.010202e-11
8952 5.009217e-11
8953 5.008233e-11
8954 5.007248e-11
8955 5.006264e-11
8956 5.005280e-11
8957 5.004297e-11
8958 5.003314e-11
8959 5.002331e-11
8960 5.001348e-11
8961 5.000366e-11
8962 4.999384e-11
8963 4.998403e-11
8964 4.997421e-11
8965 4.996440e-11
8966 4.995459e-11
8967 4.994479e-11
8968 4.993499e-11
8969 4.992519e-11
8970 4.991540e-11
8971 4.990560e-11
8972 4.989581e-11
8973 4.988603e-11
8974 4.987624e-11
8975 4.986646e-11
8976 4.985669e-11
8977 4.984691e-11
8978 4.983714e-11
8979 4.982737e-11
8980 4.981761e-11
8981 4.980785e-11
8982 4.979809e-11
8983 4.978833e-11
8984 4.977858e-11
8985 4.976883e-11
8986 4.975908e-11
8987 4.974934e-11
8988 4.973959e-11
8989 4.972986e-11
8990 4.972012e-11
8991 4.971039e-11
8992 4.970066e-11
8993 4.969093e-11
8994 4.968121e-11
8995 4.967149e-11
8996 4.966177e-11
8997 4.965206e-11
8998 4.964235e-11
8999 4.963264e-11
9000 4.962293e-11
9001 4.961323e-11
9002 4.960353e-11
9003 4.959383e-11
9004 4.958414e-11
9005 4.957445e-11
9006 4.956476e-11
9007 4.955508e-11
9008 4.954540e-11
9009 4.953572e-11
9010 4.952604e-11
9011 4.951637e-11
9012 4.950670e-11
9013 4.949703e-11
9014 4.948737e-11
9015 4.947771e-11
9016 4.946805e-11
9017 4.945840e-11
9018 4.944874e-11
9019 4.943909e-11
9020 4.942945e-11
9021 4.941981e-11
9022 4.941016e-11
9023 4.940053e-11
9024 4.939089e-11
9025 4.938126e-11
9026 4.937163e-11
9027 4.936201e-11
9028 4.935239e-11
9029 4.934277e-11
9030 4.933315e-11
9031 4.932354e-11
9032 4.931392e-11
9033 4.930432e-11
9034 4.929471e-11
9035 4.928511e-11
9036 4.927551e-11
9037 4.926591e-11
9038 4.925632e-11
9039 4.924673e-11
9040 4.923714e-11
9041 4.922756e-11
9042 4.921798e-11
9043 4.920840e-11
9044 4.919882e-11
9045 4.918925e-11
9046 4.917968e-11
9047 4.917011e-11
9048 4.916055e-11
9049 4.915099e-11
9050 4.914143e-11
9051 4.913188e-11
9052 4.912232e-11
9053 4.911277e-11
9054 4.910323e-11
9055 4.909368e-11
9056 4.908414e-11
9057 4.907461e-11
9058 4.906507e-11
9059 4.905554e-11
9060 4.904601e-11
9061 4.903648e-11
9062 4.902696e-11
9063 4.901744e-11
9064 4.900792e-11
9065 4.899841e-11
9066 4.898890e-11
9067 4.897939e-11
9068 4.896988e-11
9069 4.896038e-11
9070 4.895088e-11
9071 4.894138e-11
9072 4.893189e-11
9073 4.892240e-11
9074 4.891291e-11
9075 4.890342e-11
9076 4.889394e-11
9077 4.888446e-11
9078 4.887498e-11
9079 4.886551e-11
9080 4.885604e-11
9081 4.884657e-11
9082 4.883710e-11
9083 4.882764e-11
9084 4.881818e-11
9085 4.880872e-11
9086 4.879927e-11
9087 4.878982e-11
9088 4.878037e-11
9089 4.877093e-11
9090 4.876148e-11
9091 4.875204e-11
9092 4.874261e-11
9093 4.873317e-11
9094 4.872374e-11
9095 4.871431e-11
9096 4.870489e-11
9097 4.869547e-11
9098 4.868605e-11
9099 4.867663e-11
9100 4.866722e-11
9101 4.865781e-11
9102 4.864840e-11
9103 4.863899e-11
9104 4.862959e-11
9105 4.862019e-11
9106 4.861079e-11
9107 4.860140e-11
9108 4.859201e-11
9109 4.858262e-11
9110 4.857323e-11
9111 4.856385e-11
9112 4.855447e-11
9113 4.854510e-11
9114 4.853572e-11
9115 4.852635e-11
9116 4.851698e-11
9117 4.850762e-11
9118 4.849825e-11
9119 4.848889e-11
9120 4.847954e-11
9121 4.847018e-11
9122 4.846083e-11
9123 4.845148e-11
9124 4.844214e-11
9125 4.843279e-11
9126 4.842345e-11
9127 4.841412e-11
9128 4.840478e-11
9129 4.839545e-11
9130 4.838612e-11
9131 4.837680e-11
9132 4.836747e-11
9133 4.835815e-11
9134 4.834884e-11
9135 4.833952e-11
9136 4.833021e-11
9137 4.832090e-11
9138 4.831159e-11
9139 4.830229e-11
9140 4.829299e-11
9141 4.828369e-11
9142 4.827440e-11
9143 4.826511e-11
9144 4.825582e-11
9145 4.824653e-11
9146 4.823725e-11
9147 4.822796e-11
9148 4.821869e-11
9149 4.820941e-11
9150 4.820014e-11
9151 4.819087e-11
9152 4.818160e-11
9153 4.817234e-11
9154 4.816308e-11
9155 4.815382e-11
9156 4.814456e-11
9157 4.813531e-11
9158 4.812606e-11
9159 4.811681e-11
9160 4.810757e-11
9161 4.809832e-11
9162 4.808909e-11
9163 4.807985e-11
9164 4.807062e-11
9165 4.806139e-11
9166 4.805216e-11
9167 4.804293e-11
9168 4.803371e-11
9169 4.802449e-11
9170 4.801527e-11
9171 4.800606e-11
9172 4.799685e-11
9173 4.798764e-11
9174 4.797843e-11
9175 4.796923e-11
9176 4.796003e-11
9177 4.795083e-11
9178 4.794164e-11
9179 4.793245e-11
9180 4.792326e-11
9181 4.791407e-11
9182 4.790489e-11
9183 4.789571e-11
9184 4.788653e-11
9185 4.787735e-11
9186 4.786818e-11
9187 4.785901e-11
9188 4.784984e-11
9189 4.784068e-11
9190 4.783152e-11
9191 4.782236e-11
9192 4.781320e-11
9193 4.780405e-11
9194 4.779490e-11
9195 4.778575e-11
9196 4.777661e-11
9197 4.776746e-11
9198 4.775832e-11
9199 4.774919e-11
9200 4.774005e-11
9201 4.773092e-11
9202 4.772179e-11
9203 4.771267e-11
9204 4.770354e-11
9205 4.769442e-11
9206 4.768531e-11
9207 4.767619e-11
9208 4.766708e-11
9209 4.765797e-11
9210 4.764886e-11
9211 4.763976e-11
9212 4.763066e-11
9213 4.762156e-11
9214 4.761246e-11
9215 4.760337e-11
9216 4.759428e-11
9217 4.758519e-11
9218 4.757611e-11
9219 4.756702e-11
9220 4.755794e-11
9221 4.754887e-11
9222 4.753979e-11
9223 4.753072e-11
9224 4.752165e-11
9225 4.751259e-11
9226 4.750352e-11
9227 4.749446e-11
9228 4.748540e-11
9229 4.747635e-11
9230 4.746730e-11
9231 4.745825e-11
9232 4.744920e-11
9233 4.744016e-11
9234 4.743111e-11
9235 4.742208e-11
9236 4.741304e-11
9237 4.740401e-11
9238 4.739498e-11
9239 4.738595e-11
9240 4.737692e-11
9241 4.736790e-11
9242 4.735888e-11
9243 4.734986e-11
9244 4.734085e-11
9245 4.733184e-11
9246 4.732283e-11
9247 4.731382e-11
9248 4.730482e-11
9249 4.729581e-11
9250 4.728682e-11
9251 4.727782e-11
9252 4.726883e-11
9253 4.725984e-11
9254 4.725085e-11
9255 4.724186e-11
9256 4.723288e-11
9257 4.722390e-11
9258 4.721492e-11
9259 4.720595e-11
9260 4.719698e-11
9261 4.718801e-11
9262 4.717904e-11
9263 4.717008e-11
9264 4.716112e-11
9265 4.715216e-11
9266 4.714320e-11
9267 4.713425e-11
9268 4.712530e-11
9269 4.711635e-11
9270 4.710741e-11
9271 4.709847e-11
9272 4.708953e-11
9273 4.708059e-11
9274 4.707165e-11
9275 4.706272e-11
9276 4.705379e-11
9277 4.704487e-11
9278 4.703594e-11
9279 4.702702e-11
9280 4.701810e-11
9281 4.700919e-11
9282 4.700028e-11
9283 4.699136e-11
9284 4.698246e-11
9285 4.697355e-11
9286 4.696465e-11
9287 4.695575e-11
9288 4.694685e-11
9289 4.693796e-11
9290 4.692907e-11
9291 4.692018e-11
9292 4.691129e-11
9293 4.690241e-11
9294 4.689352e-11
9295 4.688465e-11
9296 4.687577e-11
9297 4.686690e-11
9298 4.685802e-11
9299 4.684916e-11
9300 4.684029e-11
9301 4.683143e-11
9302 4.682257e-11
9303 4.681371e-11
9304 4.680486e-11
9305 4.679600e-11
9306 4.678715e-11
9307 4.677831e-11
9308 4.676946e-11
9309 4.676062e-11
9310 4.675178e-11
9311 4.674294e-11
9312 4.673411e-11
9313 4.672528e-11
9314 4.671645e-11
9315 4.670762e-11
9316 4.669880e-11
9317 4.668998e-11
9318 4.668116e-11
9319 4.667234e-11
9320 4.666353e-11
9321 4.665472e-11
9322 4.664591e-11
9323 4.663711e-11
9324 4.662830e-11
9325 4.661950e-11
9326 4.661071e-11
9327 4.660191e-11
9328 4.659312e-11
9329 4.658433e-11
9330 4.657554e-11
9331 4.656676e-11
9332 4.655798e-11
9333 4.654920e-11
9334 4.654042e-11
9335 4.653164e-11
9336 4.652287e-11
9337 4.651410e-11
9338 4.650534e-11
9339 4.649657e-11
9340 4.648781e-11
9341 4.647905e-11
9342 4.647030e-11
9343 4.646155e-11
9344 4.645279e-11
9345 4.644405e-11
9346 4.643530e-11
9347 4.642656e-11
9348 4.641782e-11
9349 4.640908e-11
9350 4.640034e-11
9351 4.639161e-11
9352 4.638288e-11
9353 4.637415e-11
9354 4.636543e-11
9355 4.635671e-11
9356 4.634799e-11
9357 4.633927e-11
9358 4.633055e-11
9359 4.632184e-11
9360 4.631313e-11
9361 4.630442e-11
9362 4.629572e-11
9363 4.628702e-11
9364 4.627832e-11
9365 4.626962e-11
9366 4.626093e-11
9367 4.625224e-11
9368 4.624355e-11
9369 4.623486e-11
9370 4.622618e-11
9371 4.621749e-11
9372 4.620882e-11
9373 4.620014e-11
9374 4.619147e-11
9375 4.618279e-11
9376 4.617413e-11
9377 4.616546e-11
9378 4.615680e-11
9379 4.614814e-11
9380 4.613948e-11
9381 4.613082e-11
9382 4.612217e-11
9383 4.611352e-11
9384 4.610487e-11
9385 4.609622e-11
9386 4.608758e-11
9387 4.607894e-11
9388 4.607030e-11
9389 4.606167e-11
9390 4.605303e-11
9391 4.604440e-11
9392 4.603577e-11
9393 4.602715e-11
9394 4.601853e-11
9395 4.600990e-11
9396 4.600129e-11
9397 4.599267e-11
9398 4.598406e-11
9399 4.597545e-11
9400 4.596684e-11
9401 4.595824e-11
9402 4.594963e-11
9403 4.594103e-11
9404 4.593244e-11
9405 4.592384e-11
9406 4.591525e-11
9407 4.590666e-11
9408 4.589807e-11
9409 4.588949e-11
9410 4.588090e-11
9411 4.587232e-11
9412 4.586375e-11
9413 4.585517e-11
9414 4.584660e-11
9415 4.583803e-11
9416 4.582946e-11
9417 4.582090e-11
9418 4.581233e-11
9419 4.580377e-11
9420 4.579522e-11
9421 4.578666e-11
9422 4.577811e-11
9423 4.576956e-11
9424 4.576101e-11
9425 4.575247e-11
9426 4.574392e-11
9427 4.573538e-11
9428 4.572685e-11
9429 4.571831e-11
9430 4.570978e-11
9431 4.570125e-11
9432 4.569272e-11
9433 4.568420e-11
9434 4.567568e-11
9435 4.566716e-11
9436 4.565864e-11
9437 4.565012e-11
9438 4.564159e-11
9439 4.563291e-11
9440 4.562423e-11
9441 4.561555e-11
9442 4.560688e-11
9443 4.559821e-11
9444 4.558954e-11
9445 4.558087e-11
9446 4.557221e-11
9447 4.556355e-11
9448 4.555489e-11
9449 4.554623e-11
9450 4.553758e-11
9451 4.552893e-11
9452 4.552028e-11
9453 4.551163e-11
9454 4.550299e-11
9455 4.549435e-11
9456 4.548571e-11
9457 4.547707e-11
9458 4.546844e-11
9459 4.545981e-11
9460 4.545118e-11
9461 4.544256e-11
9462 4.543393e-11
9463 4.542531e-11
9464 4.541670e-11
9465 4.540808e-11
9466 4.539947e-11
9467 4.539086e-11
9468 4.538225e-11
9469 4.537365e-11
9470 4.536504e-11
9471 4.535644e-11
9472 4.534785e-11
9473 4.533925e-11
9474 4.533066e-11
9475 4.532207e-11
9476 4.531348e-11
9477 4.530490e-11
9478 4.529631e-11
9479 4.528773e-11
9480 4.527916e-11
9481 4.527058e-11
9482 4.526201e-11
9483 4.525344e-11
9484 4.524487e-11
9485 4.523631e-11
9486 4.522775e-11
9487 4.521919e-11
9488 4.521063e-11
9489 4.520207e-11
9490 4.519352e-11
9491 4.518497e-11
9492 4.517643e-11
9493 4.516788e-11
9494 4.515934e-11
9495 4.515080e-11
9496 4.514226e-11
9497 4.513373e-11
9498 4.512520e-11
9499 4.511667e-11
9500 4.510814e-11
9501 4.509962e-11
9502 4.509109e-11
9503 4.508258e-11
9504 4.507406e-11
9505 4.506554e-11
9506 4.505703e-11
9507 4.504852e-11
9508 4.504002e-11
9509 4.503151e-11
9510 4.502301e-11
9511 4.501451e-11
9512 4.500601e-11
9513 4.499752e-11
9514 4.498903e-11
9515 4.498054e-11
9516 4.497205e-11
9517 4.496357e-11
9518 4.495509e-11
9519 4.494661e-11
9520 4.493813e-11
9521 4.492965e-11
9522 4.492118e-11
9523 4.491271e-11
9524 4.490425e-11
9525 4.489578e-11
9526 4.488732e-11
9527 4.487886e-11
9528 4.487040e-11
9529 4.486195e-11
9530 4.485350e-11
9531 4.484505e-11
9532 4.483660e-11
9533 4.482816e-11
9534 4.481971e-11
9535 4.481127e-11
9536 4.480284e-11
9537 4.479440e-11
9538 4.478597e-11
9539 4.477754e-11
9540 4.476911e-11
9541 4.476069e-11
9542 4.475227e-11
9543 4.474385e-11
9544 4.473543e-11
9545 4.472701e-11
9546 4.471860e-11
9547 4.471019e-11
9548 4.470178e-11
9549 4.469338e-11
9550 4.468498e-11
9551 4.467658e-11
9552 4.466818e-11
9553 4.465978e-11
9554 4.465139e-11
9555 4.464300e-11
9556 4.463461e-11
9557 4.462623e-11
9558 4.461784e-11
9559 4.460946e-11
9560 4.460108e-11
9561 4.459271e-11
9562 4.458434e-11
9563 4.457596e-11
9564 4.456760e-11
9565 4.455923e-11
9566 4.455087e-11
9567 4.454251e-11
9568 4.453415e-11
9569 4.452579e-11
9570 4.451744e-11
9571 4.450909e-11
9572 4.450074e-11
9573 4.449239e-11
9574 4.448405e-11
9575 4.447571e-11
9576 4.446737e-11
9577 4.445903e-11
9578 4.445070e-11
9579 4.444237e-11
9580 4.443404e-11
9581 4.442571e-11
9582 4.441738e-11
9583 4.440906e-11
9584 4.440074e-11
9585 4.439243e-11
9586 4.438411e-11
9587 4.437580e-11
9588 4.436749e-11
9589 4.435918e-11
9590 4.435088e-11
9591 4.434257e-11
9592 4.433427e-11
9593 4.432598e-11
9594 4.431768e-11
9595 4.430939e-11
9596 4.430110e-11
9597 4.429281e-11
9598 4.428452e-11
9599 4.427624e-11
9600 4.426796e-11
9601 4.425968e-11
9602 4.425140e-11
9603 4.424313e-11
9604 4.423486e-11
9605 4.422659e-11
9606 4.421832e-11
9607 4.421006e-11
9608 4.420180e-11
9609 4.419354e-11
9610 4.418528e-11
9611 4.417703e-11
9612 4.416878e-11
9613 4.416053e-11
9614 4.415228e-11
9615 4.414404e-11
9616 4.413579e-11
9617 4.412755e-11
9618 4.411932e-11
9619 4.411108e-11
9620 4.410285e-11
9621 4.409462e-11
9622 4.408639e-11
9623 4.407816e-11
9624 4.406994e-11
9625 4.406172e-11
9626 4.405350e-11
9627 4.404528e-11
9628 4.403707e-11
9629 4.402886e-11
9630 4.402065e-11
9631 4.401244e-11
9632 4.400424e-11
9633 4.399604e-11
9634 4.398784e-11
9635 4.397964e-11
9636 4.397145e-11
9637 4.396325e-11
9638 4.395506e-11
9639 4.394688e-11
9640 4.393869e-11
9641 4.393051e-11
9642 4.392233e-11
9643 4.391415e-11
9644 4.390597e-11
9645 4.389780e-11
9646 4.388963e-11
9647 4.388146e-11
9648 4.387330e-11
9649 4.386513e-11
9650 4.385697e-11
9651 4.384881e-11
9652 4.384065e-11
9653 4.383250e-11
9654 4.382435e-11
9655 4.381620e-11
9656 4.380805e-11
9657 4.379991e-11
9658 4.379176e-11
9659 4.378362e-11
9660 4.377549e-11
9661 4.376735e-11
9662 4.375922e-11
9663 4.375109e-11
9664 4.374296e-11
9665 4.373483e-11
9666 4.372671e-11
9667 4.371859e-11
9668 4.371047e-11
9669 4.370235e-11
9670 4.369424e-11
9671 4.368612e-11
9672 4.367801e-11
9673 4.366991e-11
9674 4.366180e-11
9675 4.365370e-11
9676 4.364560e-11
9677 4.363750e-11
9678 4.362941e-11
9679 4.362131e-11
9680 4.361322e-11
9681 4.360513e-11
9682 4.359705e-11
9683 4.358896e-11
9684 4.358088e-11
9685 4.357280e-11
9686 4.356472e-11
9687 4.355665e-11
9688 4.354858e-11
9689 4.354051e-11
9690 4.353244e-11
9691 4.352438e-11
9692 4.351631e-11
9693 4.350825e-11
9694 4.350019e-11
9695 4.349214e-11
9696 4.348408e-11
9697 4.347603e-11
9698 4.346798e-11
9699 4.345994e-11
9700 4.345189e-11
9701 4.344385e-11
9702 4.343581e-11
9703 4.342777e-11
9704 4.341974e-11
9705 4.341170e-11
9706 4.340367e-11
9707 4.339565e-11
9708 4.338762e-11
9709 4.337960e-11
9710 4.337158e-11
9711 4.336356e-11
9712 4.335554e-11
9713 4.334753e-11
9714 4.333951e-11
9715 4.333150e-11
9716 4.332350e-11
9717 4.331549e-11
9718 4.330749e-11
9719 4.329949e-11
9720 4.329149e-11
9721 4.328349e-11
9722 4.327550e-11
9723 4.326751e-11
9724 4.325952e-11
9725 4.325153e-11
9726 4.324355e-11
9727 4.323557e-11
9728 4.322759e-11
9729 4.321961e-11
9730 4.321163e-11
9731 4.320366e-11
9732 4.319569e-11
9733 4.318772e-11
9734 4.317976e-11
9735 4.317179e-11
9736 4.316383e-11
9737 4.315587e-11
9738 4.314791e-11
9739 4.313996e-11
9740 4.313201e-11
9741 4.312406e-11
9742 4.311611e-11
9743 4.310816e-11
9744 4.310022e-11
9745 4.309228e-11
9746 4.308434e-11
9747 4.307640e-11
9748 4.306847e-11
9749 4.306054e-11
9750 4.305261e-11
9751 4.304468e-11
9752 4.303676e-11
9753 4.302883e-11
9754 4.302091e-11
9755 4.301299e-11
9756 4.300508e-11
9757 4.299717e-11
9758 4.298925e-11
9759 4.298134e-11
9760 4.297344e-11
9761 4.296553e-11
9762 4.295763e-11
9763 4.294973e-11
9764 4.294183e-11
9765 4.293394e-11
9766 4.292604e-11
9767 4.291815e-11
9768 4.291026e-11
9769 4.290238e-11
9770 4.289449e-11
9771 4.288661e-11
9772 4.287873e-11
9773 4.287085e-11
9774 4.286298e-11
9775 4.285511e-11
9776 4.284723e-11
9777 4.283937e-11
9778 4.283150e-11
9779 4.282364e-11
9780 4.281577e-11
9781 4.280791e-11
9782 4.280006e-11
9783 4.279220e-11
9784 4.278435e-11
9785 4.277650e-11
9786 4.276865e-11
9787 4.276080e-11
9788 4.275296e-11
9789 4.274512e-11
9790 4.273728e-11
9791 4.272944e-11
9792 4.272161e-11
9793 4.271377e-11
9794 4.270594e-11
9795 4.269812e-11
9796 4.269029e-11
9797 4.268247e-11
9798 4.267465e-11
9799 4.266683e-11
9800 4.265901e-11
9801 4.265119e-11
9802 4.264338e-11
9803 4.263557e-11
9804 4.262776e-11
9805 4.261996e-11
9806 4.261215e-11
9807 4.260435e-11
9808 4.259655e-11
9809 4.258876e-11
9810 4.258096e-11
9811 4.257317e-11
9812 4.256538e-11
9813 4.255759e-11
9814 4.254980e-11
9815 4.254202e-11
9816 4.253424e-11
9817 4.252646e-11
9818 4.251868e-11
9819 4.251091e-11
9820 4.250314e-11
9821 4.249537e-11
9822 4.248760e-11
9823 4.247983e-11
9824 4.247207e-11
9825 4.246431e-11
9826 4.245655e-11
9827 4.244879e-11
9828 4.244103e-11
9829 4.243328e-11
9830 4.242553e-11
9831 4.241778e-11
9832 4.241004e-11
9833 4.240229e-11
9834 4.239455e-11
9835 4.238681e-11
9836 4.237907e-11
9837 4.237134e-11
9838 4.236361e-11
9839 4.235588e-11
9840 4.234815e-11
9841 4.234042e-11
9842 4.233270e-11
9843 4.232498e-11
9844 4.231726e-11
9845 4.230954e-11
9846 4.230182e-11
9847 4.229411e-11
9848 4.228640e-11
9849 4.227869e-11
9850 4.227098e-11
9851 4.226328e-11
9852 4.225558e-11
9853 4.224788e-11
9854 4.224018e-11
9855 4.223248e-11
9856 4.222479e-11
9857 4.221710e-11
9858 4.220941e-11
9859 4.220172e-11
9860 4.219404e-11
9861 4.218636e-11
9862 4.217867e-11
9863 4.217100e-11
9864 4.216332e-11
9865 4.215565e-11
9866 4.214797e-11
9867 4.214031e-11
9868 4.213264e-11
9869 4.212497e-11
9870 4.211731e-11
9871 4.210965e-11
9872 4.210199e-11
9873 4.209433e-11
9874 4.208668e-11
9875 4.207903e-11
9876 4.207138e-11
9877 4.206373e-11
9878 4.205608e-11
9879 4.204844e-11
9880 4.204080e-11
9881 4.203316e-11
9882 4.202552e-11
9883 4.201789e-11
9884 4.201026e-11
9885 4.200262e-11
9886 4.199500e-11
9887 4.198737e-11
9888 4.197975e-11
9889 4.197212e-11
9890 4.196450e-11
9891 4.195689e-11
9892 4.194927e-11
9893 4.194166e-11
9894 4.193405e-11
9895 4.192644e-11
9896 4.191883e-11
9897 4.191123e-11
9898 4.190362e-11
9899 4.189602e-11
9900 4.188843e-11
9901 4.188083e-11
9902 4.187324e-11
9903 4.186564e-11
9904 4.185805e-11
9905 4.185047e-11
9906 4.184288e-11
9907 4.183530e-11
9908 4.182772e-11
9909 4.182014e-11
9910 4.181256e-11
9911 4.180499e-11
9912 4.179741e-11
9913 4.178984e-11
9914 4.178227e-11
9915 4.177471e-11
9916 4.176714e-11
9917 4.175958e-11
9918 4.175202e-11
9919 4.174446e-11
9920 4.173691e-11
9921 4.172936e-11
9922 4.172180e-11
9923 4.171426e-11
9924 4.170671e-11
9925 4.169916e-11
9926 4.169162e-11
9927 4.168408e-11
9928 4.167654e-11
9929 4.166901e-11
9930 4.166147e-11
9931 4.165394e-11
9932 4.164641e-11
9933 4.163888e-11
9934 4.163136e-11
9935 4.162383e-11
9936 4.161631e-11
9937 4.160879e-11
9938 4.160127e-11
9939 4.159376e-11
9940 4.158625e-11
9941 4.157873e-11
9942 4.157123e-11
9943 4.156372e-11
9944 4.155621e-11
9945 4.154871e-11
9946 4.154121e-11
9947 4.153371e-11
9948 4.152622e-11
9949 4.151872e-11
9950 4.151123e-11
9951 4.150374e-11
9952 4.149625e-11
9953 4.148877e-11
9954 4.148128e-11
9955 4.147380e-11
9956 4.146632e-11
9957 4.145885e-11
9958 4.145137e-11
9959 4.144390e-11
9960 4.143643e-11
9961 4.142896e-11
9962 4.142149e-11
9963 4.141403e-11
9964 4.140656e-11
9965 4.139910e-11
9966 4.139164e-11
9967 4.138419e-11
9968 4.137673e-11
9969 4.136928e-11
9970 4.136183e-11
9971 4.135438e-11
9972 4.134694e-11
9973 4.133949e-11
9974 4.133205e-11
9975 4.132461e-11
9976 4.131717e-11
9977 4.130974e-11
9978 4.130231e-11
9979 4.129487e-11
9980 4.128745e-11
9981 4.128002e-11
9982 4.127259e-11
9983 4.126517e-11
9984 4.125775e-11
9985 4.125033e-11
9986 4.124291e-11
9987 4.123550e-11
9988 4.122809e-11
9989 4.122068e-11
9990 4.121327e-11
9991 4.120586e-11
9992 4.119846e-11
9993 4.119105e-11
9994 4.118365e-11
9995 4.117626e-11
9996 4.116886e-11
9997 4.116147e-11
9998 4.115407e-11
9999 4.114669e-11
10000 4.113930e-11
10001 4.113191e-11
10002 4.112453e-11
10003 4.111715e-11
10004 4.110977e-11
10005 4.110239e-11
10006 4.109501e-11
10007 4.108764e-11
10008 4.108027e-11
10009 4.107290e-11
10010 4.106553e-11
10011 4.105817e-11
10012 4.105081e-11
10013 4.104344e-11
10014 4.103609e-11
10015 4.102873e-11
10016 4.102137e-11
10017 4.101402e-11
10018 4.100667e-11
10019 4.099932e-11
10020 4.099198e-11
10021 4.098463e-11
10022 4.097729e-11
10023 4.096995e-11
10024 4.096261e-11
10025 4.095527e-11
10026 4.094794e-11
10027 4.094061e-11
10028 4.093328e-11
10029 4.092595e-11
10030 4.091862e-11
10031 4.091130e-11
10032 4.090398e-11
10033 4.089666e-11
10034 4.088934e-11
10035 4.088202e-11
10036 4.087471e-11
10037 4.086740e-11
10038 4.086009e-11
10039 4.085278e-11
10040 4.084547e-11
10041 4.083817e-11
10042 4.083087e-11
10043 4.082357e-11
10044 4.081627e-11
10045 4.080897e-11
10046 4.080168e-11
10047 4.079439e-11
10048 4.078710e-11
10049 4.077981e-11
10050 4.077253e-11
10051 4.076524e-11
10052 4.075796e-11
10053 4.075068e-11
10054 4.074341e-11
10055 4.073613e-11
10056 4.072886e-11
10057 4.072159e-11
10058 4.071432e-11
10059 4.070705e-11
10060 4.069978e-11
10061 4.069252e-11
10062 4.068526e-11
10063 4.067800e-11
10064 4.067074e-11
10065 4.066349e-11
10066 4.065623e-11
10067 4.064898e-11
10068 4.064173e-11
10069 4.063449e-11
10070 4.062724e-11
10071 4.062000e-11
10072 4.061276e-11
10073 4.060552e-11
10074 4.059828e-11
10075 4.059105e-11
10076 4.058381e-11
10077 4.057658e-11
10078 4.056935e-11
10079 4.056213e-11
10080 4.055490e-11
10081 4.054768e-11
10082 4.054046e-11
10083 4.053324e-11
10084 4.052602e-11
10085 4.051881e-11
10086 4.051159e-11
10087 4.050438e-11
10088 4.049717e-11
10089 4.048997e-11
10090 4.048276e-11
10091 4.047556e-11
10092 4.046836e-11
10093 4.046116e-11
10094 4.045396e-11
10095 4.044677e-11
10096 4.043957e-11
10097 4.043238e-11
10098 4.042519e-11
10099 4.041801e-11
10100 4.041082e-11
10101 4.040364e-11
10102 4.039646e-11
10103 4.038928e-11
10104 4.038210e-11
10105 4.037493e-11
10106 4.036775e-11
10107 4.036058e-11
10108 4.035341e-11
10109 4.034625e-11
10110 4.033908e-11
10111 4.033192e-11
10112 4.032476e-11
10113 4.031760e-11
10114 4.031044e-11
10115 4.030328e-11
10116 4.029613e-11
10117 4.028889e-11
10118 4.028160e-11
10119 4.027432e-11
10120 4.026703e-11
10121 4.025975e-11
10122 4.025247e-11
10123 4.024519e-11
10124 4.023791e-11
10125 4.023064e-11
10126 4.022336e-11
10127 4.021609e-11
10128 4.020882e-11
10129 4.020155e-11
10130 4.019429e-11
10131 4.018703e-11
10132 4.017977e-11
10133 4.017251e-11
10134 4.016525e-11
10135 4.015800e-11
10136 4.015074e-11
10137 4.014349e-11
10138 4.013624e-11
10139 4.012900e-11
10140 4.012175e-11
10141 4.011451e-11
10142 4.010727e-11
10143 4.010003e-11
10144 4.009279e-11
10145 4.008556e-11
10146 4.007833e-11
10147 4.007110e-11
10148 4.006387e-11
10149 4.005664e-11
10150 4.004942e-11
10151 4.004219e-11
10152 4.003497e-11
10153 4.002775e-11
10154 4.002054e-11
10155 4.001332e-11
10156 4.000611e-11
10157 3.999890e-11
10158 3.999169e-11
10159 3.998449e-11
10160 3.997728e-11
10161 3.997008e-11
10162 3.996288e-11
10163 3.995568e-11
10164 3.994848e-11
10165 3.994129e-11
10166 3.993410e-11
10167 3.992691e-11
10168 3.991972e-11
10169 3.991253e-11
10170 3.990535e-11
10171 3.989817e-11
10172 3.989098e-11
10173 3.988381e-11
10174 3.987663e-11
10175 3.986946e-11
10176 3.986228e-11
10177 3.985511e-11
10178 3.984794e-11
10179 3.984078e-11
10180 3.983361e-11
10181 3.982645e-11
10182 3.981929e-11
10183 3.981213e-11
10184 3.980498e-11
10185 3.979782e-11
10186 3.979067e-11
10187 3.978352e-11
10188 3.977637e-11
10189 3.976922e-11
10190 3.976208e-11
10191 3.975494e-11
10192 3.974780e-11
10193 3.974066e-11
10194 3.973352e-11
10195 3.972639e-11
10196 3.971925e-11
10197 3.971212e-11
10198 3.970499e-11
10199 3.969787e-11
10200 3.969074e-11
10201 3.968362e-11
10202 3.967650e-11
10203 3.966938e-11
10204 3.966226e-11
10205 3.965515e-11
10206 3.964804e-11
10207 3.964093e-11
10208 3.963382e-11
10209 3.962671e-11
10210 3.961960e-11
10211 3.961250e-11
10212 3.960540e-11
10213 3.959830e-11
10214 3.959120e-11
10215 3.958411e-11
10216 3.957702e-11
10217 3.956992e-11
10218 3.956284e-11
10219 3.955575e-11
10220 3.954866e-11
10221 3.954158e-11
10222 3.953450e-11
10223 3.952742e-11
10224 3.952034e-11
10225 3.951327e-11
10226 3.950619e-11
10227 3.949912e-11
10228 3.949205e-11
10229 3.948498e-11
10230 3.947792e-11
10231 3.947085e-11
10232 3.946379e-11
10233 3.945673e-11
10234 3.944967e-11
10235 3.944262e-11
10236 3.943556e-11
10237 3.942851e-11
10238 3.942146e-11
10239 3.941441e-11
10240 3.940737e-11
10241 3.940032e-11
10242 3.939328e-11
10243 3.938624e-11
10244 3.937920e-11
10245 3.937217e-11
10246 3.936513e-11
10247 3.935810e-11
10248 3.935107e-11
10249 3.934404e-11
10250 3.933701e-11
10251 3.932999e-11
10252 3.932297e-11
10253 3.931594e-11
10254 3.930893e-11
10255 3.930191e-11
10256 3.929489e-11
10257 3.928788e-11
10258 3.928087e-11
10259 3.927386e-11
10260 3.926685e-11
10261 3.925985e-11
10262 3.925284e-11
10263 3.924584e-11
10264 3.923884e-11
10265 3.923184e-11
10266 3.922485e-11
10267 3.921785e-11
10268 3.921086e-11
10269 3.920387e-11
10270 3.919688e-11
10271 3.918990e-11
10272 3.918291e-11
10273 3.917593e-11
10274 3.916895e-11
10275 3.916197e-11
10276 3.915500e-11
10277 3.914802e-11
10278 3.914105e-11
10279 3.913408e-11
10280 3.912711e-11
10281 3.912014e-11
10282 3.911318e-11
10283 3.910621e-11
10284 3.909925e-11
10285 3.909229e-11
10286 3.908534e-11
10287 3.907838e-11
10288 3.907143e-11
10289 3.906448e-11
10290 3.905753e-11
10291 3.905058e-11
10292 3.904363e-11
10293 3.903669e-11
10294 3.902975e-11
10295 3.902281e-11
10296 3.901587e-11
10297 3.900893e-11
10298 3.900200e-11
10299 3.899506e-11
10300 3.898813e-11
10301 3.898120e-11
10302 3.897428e-11
10303 3.896735e-11
10304 3.896043e-11
10305 3.895351e-11
10306 3.894659e-11
10307 3.893967e-11
10308 3.893276e-11
10309 3.892584e-11
10310 3.891893e-11
10311 3.891202e-11
10312 3.890511e-11
10313 3.889821e-11
10314 3.889130e-11
10315 3.888440e-11
10316 3.887750e-11
10317 3.887060e-11
10318 3.886371e-11
10319 3.885681e-11
10320 3.884992e-11
10321 3.884303e-11
10322 3.883614e-11
10323 3.882925e-11
10324 3.882237e-11
10325 3.881548e-11
10326 3.880860e-11
10327 3.880172e-11
10328 3.879485e-11
10329 3.878797e-11
10330 3.878110e-11
10331 3.877422e-11
10332 3.876735e-11
10333 3.876049e-11
10334 3.875362e-11
10335 3.874676e-11
10336 3.873989e-11
10337 3.873303e-11
10338 3.872617e-11
10339 3.871932e-11
10340 3.871246e-11
10341 3.870561e-11
10342 3.869876e-11
10343 3.869191e-11
10344 3.868506e-11
10345 3.867822e-11
10346 3.867137e-11
10347 3.866453e-11
10348 3.865769e-11
10349 3.865085e-11
10350 3.864402e-11
10351 3.863718e-11
10352 3.863035e-11
10353 3.862352e-11
10354 3.861669e-11
10355 3.860986e-11
10356 3.860304e-11
10357 3.859621e-11
10358 3.858939e-11
10359 3.858257e-11
10360 3.857576e-11
10361 3.856894e-11
10362 3.856213e-11
10363 3.855531e-11
10364 3.854850e-11
10365 3.854170e-11
10366 3.853489e-11
10367 3.852808e-11
10368 3.852128e-11
10369 3.851448e-11
10370 3.850768e-11
10371 3.850088e-11
10372 3.849409e-11
10373 3.848730e-11
10374 3.848050e-11
10375 3.847371e-11
10376 3.846693e-11
10377 3.846014e-11
10378 3.845336e-11
10379 3.844657e-11
10380 3.843979e-11
10381 3.843301e-11
10382 3.842624e-11
10383 3.841946e-11
10384 3.841269e-11
10385 3.840592e-11
10386 3.839915e-11
10387 3.839238e-11
10388 3.838562e-11
10389 3.837885e-11
10390 3.837209e-11
10391 3.836533e-11
10392 3.835857e-11
10393 3.835182e-11
10394 3.834506e-11
10395 3.833831e-11
10396 3.833156e-11
10397 3.832481e-11
10398 3.831806e-11
10399 3.831131e-11
10400 3.830457e-11
10401 3.829783e-11
10402 3.829109e-11
10403 3.828435e-11
10404 3.827761e-11
10405 3.827088e-11
10406 3.826415e-11
10407 3.825742e-11
10408 3.825069e-11
10409 3.824396e-11
10410 3.823724e-11
10411 3.823051e-11
10412 3.822379e-11
10413 3.821707e-11
10414 3.821035e-11
10415 3.820364e-11
10416 3.819692e-11
10417 3.819021e-11
10418 3.818350e-11
10419 3.817679e-11
10420 3.817008e-11
10421 3.816338e-11
10422 3.815667e-11
10423 3.814997e-11
10424 3.814327e-11
10425 3.813657e-11
10426 3.812988e-11
10427 3.812318e-11
10428 3.811649e-11
10429 3.810980e-11
10430 3.810311e-11
10431 3.809643e-11
10432 3.808974e-11
10433 3.808306e-11
10434 3.807637e-11
10435 3.806970e-11
10436 3.806302e-11
10437 3.805634e-11
10438 3.804967e-11
10439 3.804299e-11
10440 3.803632e-11
10441 3.802965e-11
10442 3.802299e-11
10443 3.801632e-11
10444 3.800966e-11
10445 3.800300e-11
10446 3.799634e-11
10447 3.798968e-11
10448 3.798302e-11
10449 3.797637e-11
10450 3.796972e-11
10451 3.796306e-11
10452 3.795642e-11
10453 3.794977e-11
10454 3.794312e-11
10455 3.793648e-11
10456 3.792984e-11
10457 3.792320e-11
10458 3.791656e-11
10459 3.790992e-11
10460 3.790329e-11
10461 3.789665e-11
10462 3.789002e-11
10463 3.788339e-11
10464 3.787677e-11
10465 3.787014e-11
10466 3.786352e-11
10467 3.785689e-11
10468 3.785027e-11
10469 3.784366e-11
10470 3.783704e-11
10471 3.783042e-11
10472 3.782381e-11
10473 3.781720e-11
10474 3.781059e-11
10475 3.780398e-11
10476 3.779738e-11
10477 3.779077e-11
10478 3.778417e-11
10479 3.777757e-11
10480 3.777097e-11
10481 3.776437e-11
10482 3.775778e-11
10483 3.775118e-11
10484 3.774459e-11
10485 3.773800e-11
10486 3.773141e-11
10487 3.772483e-11
10488 3.771824e-11
10489 3.771166e-11
10490 3.770508e-11
10491 3.769850e-11
10492 3.769192e-11
10493 3.768534e-11
10494 3.767877e-11
10495 3.767220e-11
10496 3.766563e-11
10497 3.765906e-11
10498 3.765249e-11
10499 3.764593e-11
10500 3.763936e-11
10501 3.763280e-11
10502 3.762624e-11
10503 3.761968e-11
10504 3.761313e-11
10505 3.760657e-11
10506 3.760002e-11
10507 3.759347e-11
10508 3.758692e-11
10509 3.758037e-11
10510 3.757383e-11
10511 3.756728e-11
10512 3.756074e-11
10513 3.755420e-11
10514 3.754766e-11
10515 3.754112e-11
10516 3.753459e-11
10517 3.752806e-11
10518 3.752152e-11
10519 3.751499e-11
10520 3.750847e-11
10521 3.750194e-11
10522 3.749542e-11
10523 3.748889e-11
10524 3.748237e-11
10525 3.747585e-11
10526 3.746933e-11
10527 3.746282e-11
10528 3.745630e-11
10529 3.744979e-11
10530 3.744328e-11
10531 3.743677e-11
10532 3.743027e-11
10533 3.742376e-11
10534 3.741726e-11
10535 3.741075e-11
10536 3.740425e-11
10537 3.739776e-11
10538 3.739126e-11
10539 3.738476e-11
10540 3.737827e-11
10541 3.737178e-11
10542 3.736529e-11
10543 3.735880e-11
10544 3.735232e-11
10545 3.734583e-11
10546 3.733935e-11
10547 3.733287e-11
10548 3.732639e-11
10549 3.731991e-11
10550 3.731344e-11
10551 3.730696e-11
10552 3.730049e-11
10553 3.729402e-11
10554 3.728755e-11
10555 3.728108e-11
10556 3.727462e-11
10557 3.726815e-11
10558 3.726169e-11
10559 3.725523e-11
10560 3.724877e-11
10561 3.724232e-11
10562 3.723586e-11
10563 3.722941e-11
10564 3.722296e-11
10565 3.721651e-11
10566 3.721006e-11
10567 3.720361e-11
10568 3.719717e-11
10569 3.719073e-11
10570 3.718429e-11
10571 3.717785e-11
10572 3.717141e-11
10573 3.716497e-11
10574 3.715854e-11
10575 3.715211e-11
10576 3.714567e-11
10577 3.713925e-11
10578 3.713282e-11
10579 3.712639e-11
10580 3.711997e-11
10581 3.711355e-11
10582 3.710713e-11
10583 3.710071e-11
10584 3.709429e-11
10585 3.708788e-11
10586 3.708146e-11
10587 3.707505e-11
10588 3.706864e-11
10589 3.706223e-11
10590 3.705582e-11
10591 3.704942e-11
10592 3.704302e-11
10593 3.703661e-11
10594 3.703021e-11
10595 3.702382e-11
10596 3.701742e-11
10597 3.701103e-11
10598 3.700463e-11
10599 3.699824e-11
10600 3.699185e-11
10601 3.698546e-11
10602 3.697908e-11
10603 3.697269e-11
10604 3.696631e-11
10605 3.695993e-11
10606 3.695355e-11
10607 3.694717e-11
10608 3.694080e-11
10609 3.693442e-11
10610 3.692805e-11
10611 3.692168e-11
10612 3.691531e-11
10613 3.690894e-11
10614 3.690258e-11
10615 3.689621e-11
10616 3.688985e-11
10617 3.688349e-11
10618 3.687713e-11
10619 3.687077e-11
10620 3.686442e-11
10621 3.685806e-11
10622 3.685171e-11
10623 3.684536e-11
10624 3.683901e-11
10625 3.683266e-11
10626 3.682632e-11
10627 3.681997e-11
10628 3.681363e-11
10629 3.680729e-11
10630 3.680095e-11
10631 3.679462e-11
10632 3.678828e-11
10633 3.678195e-11
10634 3.677561e-11
10635 3.676928e-11
10636 3.676296e-11
10637 3.675663e-11
10638 3.675030e-11
10639 3.674398e-11
10640 3.673766e-11
10641 3.673134e-11
10642 3.672502e-11
10643 3.671870e-11
10644 3.671239e-11
10645 3.670607e-11
10646 3.669976e-11
10647 3.669345e-11
10648 3.668714e-11
10649 3.668084e-11
10650 3.667453e-11
10651 3.666823e-11
10652 3.666193e-11
10653 3.665563e-11
10654 3.664933e-11
10655 3.664303e-11
10656 3.663674e-11
10657 3.663044e-11
10658 3.662415e-11
10659 3.661786e-11
10660 3.661157e-11
10661 3.660529e-11
10662 3.659900e-11
10663 3.659272e-11
10664 3.658644e-11
10665 3.658016e-11
10666 3.657388e-11
10667 3.656760e-11
10668 3.656133e-11
10669 3.655505e-11
10670 3.654878e-11
10671 3.654251e-11
10672 3.653624e-11
10673 3.652998e-11
10674 3.652371e-11
10675 3.651745e-11
10676 3.651119e-11
10677 3.650493e-11
10678 3.649867e-11
10679 3.649241e-11
10680 3.648616e-11
10681 3.647990e-11
10682 3.647365e-11
10683 3.646740e-11
10684 3.646115e-11
10685 3.645491e-11
10686 3.644866e-11
10687 3.644242e-11
10688 3.643618e-11
10689 3.642993e-11
10690 3.642370e-11
10691 3.641746e-11
10692 3.641122e-11
10693 3.640499e-11
10694 3.639876e-11
10695 3.639253e-11
10696 3.638630e-11
10697 3.638007e-11
10698 3.637385e-11
10699 3.636762e-11
10700 3.636140e-11
10701 3.635518e-11
10702 3.634896e-11
10703 3.634275e-11
10704 3.633653e-11
10705 3.633032e-11
10706 3.632410e-11
10707 3.631789e-11
10708 3.631168e-11
10709 3.630548e-11
10710 3.629927e-11
10711 3.629307e-11
10712 3.628687e-11
10713 3.628067e-11
10714 3.627447e-11
10715 3.626827e-11
10716 3.626207e-11
10717 3.625588e-11
10718 3.624969e-11
10719 3.624350e-11
10720 3.623731e-11
10721 3.623112e-11
10722 3.622493e-11
10723 3.621875e-11
10724 3.621257e-11
10725 3.620638e-11
10726 3.620021e-11
10727 3.619403e-11
10728 3.618785e-11
10729 3.618168e-11
10730 3.617550e-11
10731 3.616933e-11
10732 3.616316e-11
10733 3.615699e-11
10734 3.615083e-11
10735 3.614466e-11
10736 3.613850e-11
10737 3.613234e-11
10738 3.612618e-11
10739 3.612002e-11
10740 3.611386e-11
10741 3.610771e-11
10742 3.610156e-11
10743 3.609540e-11
10744 3.608925e-11
10745 3.608310e-11
10746 3.607696e-11
10747 3.607081e-11
10748 3.606467e-11
10749 3.605853e-11
10750 3.605239e-11
10751 3.604625e-11
10752 3.604011e-11
10753 3.603397e-11
10754 3.602784e-11
10755 3.602171e-11
10756 3.601558e-11
10757 3.600945e-11
10758 3.600332e-11
10759 3.599720e-11
10760 3.599107e-11
10761 3.598495e-11
10762 3.597883e-11
10763 3.597271e-11
10764 3.596659e-11
10765 3.596047e-11
10766 3.595436e-11
10767 3.594825e-11
10768 3.594213e-11
10769 3.593602e-11
10770 3.592992e-11
10771 3.592381e-11
10772 3.591770e-11
10773 3.591160e-11
10774 3.590550e-11
10775 3.589940e-11
10776 3.589330e-11
10777 3.588720e-11
10778 3.588111e-11
10779 3.587501e-11
10780 3.586892e-11
10781 3.586283e-11
10782 3.585674e-11
10783 3.585066e-11
10784 3.584457e-11
10785 3.583848e-11
10786 3.583240e-11
10787 3.582632e-11
10788 3.582024e-11
10789 3.581416e-11
10790 3.580809e-11
10791 3.580201e-11
10792 3.579594e-11
10793 3.578987e-11
10794 3.578380e-11
10795 3.577773e-11
10796 3.577166e-11
10797 3.576560e-11
10798 3.575954e-11
10799 3.575347e-11
10800 3.574741e-11
10801 3.574135e-11
10802 3.573530e-11
10803 3.572924e-11
10804 3.572319e-11
10805 3.571714e-11
10806 3.571108e-11
10807 3.570504e-11
10808 3.569899e-11
10809 3.569294e-11
10810 3.568690e-11
10811 3.568085e-11
10812 3.567481e-11
10813 3.566877e-11
10814 3.566274e-11
10815 3.565670e-11
10816 3.565066e-11
10817 3.564463e-11
10818 3.563860e-11
10819 3.563257e-11
10820 3.562654e-11
10821 3.562051e-11
10822 3.561449e-11
10823 3.560846e-11
10824 3.560244e-11
10825 3.559642e-11
10826 3.559040e-11
10827 3.558438e-11
10828 3.557837e-11
10829 3.557235e-11
10830 3.556634e-11
10831 3.556033e-11
10832 3.555432e-11
10833 3.554831e-11
10834 3.554230e-11
10835 3.553630e-11
10836 3.553029e-11
10837 3.552429e-11
10838 3.551829e-11
10839 3.551229e-11
10840 3.550630e-11
10841 3.550030e-11
10842 3.549431e-11
10843 3.548831e-11
10844 3.548228e-11
10845 3.547618e-11
10846 3.547008e-11
10847 3.546398e-11
10848 3.545788e-11
10849 3.545179e-11
10850 3.544569e-11
10851 3.543960e-11
10852 3.543351e-11
10853 3.542742e-11
10854 3.542133e-11
10855 3.541525e-11
10856 3.540916e-11
10857 3.540308e-11
10858 3.539700e-11
10859 3.539092e-11
10860 3.538484e-11
10861 3.537876e-11
10862 3.537269e-11
10863 3.536661e-11
10864 3.536054e-11
10865 3.535447e-11
10866 3.534840e-11
10867 3.534234e-11
10868 3.533627e-11
10869 3.533021e-11
10870 3.532414e-11
10871 3.531808e-11
10872 3.531202e-11
10873 3.530597e-11
10874 3.529991e-11
10875 3.529386e-11
10876 3.528780e-11
10877 3.528175e-11
10878 3.527570e-11
10879 3.526966e-11
10880 3.526361e-11
10881 3.525756e-11
10882 3.525152e-11
10883 3.524548e-11
10884 3.523944e-11
10885 3.523340e-11
10886 3.522736e-11
10887 3.522133e-11
10888 3.521530e-11
10889 3.520926e-11
10890 3.520323e-11
10891 3.519720e-11
10892 3.519118e-11
10893 3.518515e-11
10894 3.517913e-11
10895 3.517311e-11
10896 3.516708e-11
10897 3.516106e-11
10898 3.515505e-11
10899 3.514903e-11
10900 3.514302e-11
10901 3.513700e-11
10902 3.513099e-11
10903 3.512498e-11
10904 3.511897e-11
10905 3.511297e-11
10906 3.510696e-11
10907 3.510096e-11
10908 3.509496e-11
10909 3.508896e-11
10910 3.508296e-11
10911 3.507696e-11
10912 3.507096e-11
10913 3.506497e-11
10914 3.505898e-11
10915 3.505299e-11
10916 3.504700e-11
10917 3.504101e-11
10918 3.503502e-11
10919 3.502904e-11
10920 3.502306e-11
10921 3.501707e-11
10922 3.501109e-11
10923 3.500512e-11
10924 3.499914e-11
10925 3.499316e-11
10926 3.498719e-11
10927 3.498122e-11
10928 3.497525e-11
10929 3.496928e-11
10930 3.496331e-11
10931 3.495735e-11
10932 3.495138e-11
10933 3.494542e-11
10934 3.493946e-11
10935 3.493350e-11
10936 3.492754e-11
10937 3.492158e-11
10938 3.491563e-11
10939 3.490967e-11
10940 3.490372e-11
10941 3.489777e-11
10942 3.489182e-11
10943 3.488588e-11
10944 3.487993e-11
10945 3.487399e-11
10946 3.486804e-11
10947 3.486210e-11
10948 3.485616e-11
10949 3.485023e-11
10950 3.484429e-11
10951 3.483836e-11
10952 3.483242e-11
10953 3.482649e-11
10954 3.482056e-11
10955 3.481463e-11
10956 3.480871e-11
10957 3.480278e-11
10958 3.479686e-11
10959 3.479093e-11
10960 3.478501e-11
10961 3.477909e-11
10962 3.477318e-11
10963 3.476726e-11
10964 3.476135e-11
10965 3.475543e-11
10966 3.474952e-11
10967 3.474361e-11
10968 3.473770e-11
10969 3.473180e-11
10970 3.472589e-11
10971 3.471999e-11
10972 3.471408e-11
10973 3.470818e-11
10974 3.470229e-11
10975 3.469639e-11
10976 3.469049e-11
10977 3.468460e-11
10978 3.467870e-11
10979 3.467281e-11
10980 3.466692e-11
10981 3.466103e-11
10982 3.465515e-11
10983 3.464926e-11
10984 3.464338e-11
10985 3.463750e-11
10986 3.463162e-11
10987 3.462574e-11
10988 3.461986e-11
10989 3.461398e-11
10990 3.460811e-11
10991 3.460224e-11
10992 3.459636e-11
10993 3.459049e-11
10994 3.458463e-11
10995 3.457876e-11
10996 3.457289e-11
10997 3.456703e-11
10998 3.456117e-11
10999 3.455531e-11
11000 3.454945e-11
11001 3.454359e-11
11002 3.453773e-11
11003 3.453188e-11
11004 3.452603e-11
11005 3.452017e-11
11006 3.451432e-11
11007 3.450848e-11
11008 3.450263e-11
11009 3.449678e-11
11010 3.449094e-11
11011 3.448510e-11
11012 3.447925e-11
11013 3.447342e-11
11014 3.446758e-11
11015 3.446174e-11
11016 3.445591e-11
11017 3.445007e-11
11018 3.444424e-11
11019 3.443841e-11
11020 3.443258e-11
11021 3.442675e-11
11022 3.442093e-11
11023 3.441510e-11
11024 3.440928e-11
11025 3.440346e-11
11026 3.439764e-11
11027 3.439182e-11
11028 3.438601e-11
11029 3.438019e-11
11030 3.437438e-11
11031 3.436856e-11
11032 3.436275e-11
11033 3.435694e-11
11034 3.435114e-11
11035 3.434533e-11
11036 3.433953e-11
11037 3.433372e-11
11038 3.432792e-11
11039 3.432212e-11
11040 3.431632e-11
11041 3.431053e-11
11042 3.430473e-11
11043 3.429894e-11
11044 3.429314e-11
11045 3.428735e-11
11046 3.428156e-11
11047 3.427577e-11
11048 3.426999e-11
11049 3.426420e-11
11050 3.425842e-11
11051 3.425264e-11
11052 3.424686e-11
11053 3.424108e-11
11054 3.423530e-11
11055 3.422952e-11
11056 3.422375e-11
11057 3.421798e-11
11058 3.421220e-11
11059 3.420643e-11
11060 3.420067e-11
11061 3.419490e-11
11062 3.418913e-11
11063 3.418337e-11
11064 3.417761e-11
11065 3.417184e-11
11066 3.416609e-11
11067 3.416033e-11
11068 3.415457e-11
11069 3.414882e-11
11070 3.414306e-11
11071 3.413731e-11
11072 3.413156e-11
11073 3.412581e-11
11074 3.412006e-11
11075 3.411432e-11
11076 3.410857e-11
11077 3.410283e-11
11078 3.409709e-11
11079 3.409134e-11
11080 3.408561e-11
11081 3.407987e-11
11082 3.407413e-11
11083 3.406840e-11
11084 3.406267e-11
11085 3.405693e-11
11086 3.405120e-11
11087 3.404548e-11
11088 3.403975e-11
11089 3.403402e-11
11090 3.402830e-11
11091 3.402258e-11
11092 3.401686e-11
11093 3.401114e-11
11094 3.400542e-11
11095 3.399970e-11
11096 3.399399e-11
11097 3.398827e-11
11098 3.398256e-11
11099 3.397685e-11
11100 3.397114e-11
11101 3.396543e-11
11102 3.395973e-11
11103 3.395402e-11
11104 3.394832e-11
11105 3.394262e-11
11106 3.393692e-11
11107 3.393122e-11
11108 3.392552e-11
11109 3.391982e-11
11110 3.391413e-11
11111 3.390844e-11
11112 3.390274e-11
11113 3.389705e-11
11114 3.389136e-11
11115 3.388568e-11
11116 3.387999e-11
11117 3.387431e-11
11118 3.386862e-11
11119 3.386294e-11
11120 3.385726e-11
11121 3.385159e-11
11122 3.384591e-11
11123 3.384023e-11
11124 3.383456e-11
11125 3.382889e-11
11126 3.382321e-11
11127 3.381755e-11
11128 3.381188e-11
11129 3.380621e-11
11130 3.380054e-11
11131 3.379488e-11
11132 3.378922e-11
11133 3.378356e-11
11134 3.377790e-11
11135 3.377224e-11
11136 3.376658e-11
11137 3.376093e-11
11138 3.375528e-11
11139 3.374962e-11
11140 3.374397e-11
11141 3.373832e-11
11142 3.373268e-11
11143 3.372703e-11
11144 3.372138e-11
11145 3.371574e-11
11146 3.371010e-11
11147 3.370446e-11
11148 3.369882e-11
11149 3.369318e-11
11150 3.368754e-11
11151 3.368191e-11
11152 3.367628e-11
11153 3.367064e-11
11154 3.366501e-11
11155 3.365939e-11
11156 3.365376e-11
11157 3.364813e-11
11158 3.364251e-11
11159 3.363688e-11
11160 3.363126e-11
11161 3.362564e-11
11162 3.362002e-11
11163 3.361441e-11
11164 3.360879e-11
11165 3.360318e-11
11166 3.359756e-11
11167 3.359195e-11
11168 3.358634e-11
11169 3.358073e-11
11170 3.357512e-11
11171 3.356952e-11
11172 3.356391e-11
11173 3.355831e-11
11174 3.355271e-11
11175 3.354711e-11
11176 3.354151e-11
11177 3.353591e-11
11178 3.353032e-11
11179 3.352472e-11
11180 3.351913e-11
11181 3.351354e-11
11182 3.350795e-11
11183 3.350236e-11
11184 3.349677e-11
11185 3.349119e-11
11186 3.348560e-11
11187 3.348002e-11
11188 3.347444e-11
11189 3.346886e-11
11190 3.346328e-11
11191 3.345770e-11
11192 3.345213e-11
11193 3.344655e-11
11194 3.344098e-11
11195 3.343541e-11
11196 3.342984e-11
11197 3.342427e-11
11198 3.341870e-11
11199 3.341313e-11
11200 3.340757e-11
11201 3.340201e-11
11202 3.339645e-11
11203 3.339089e-11
11204 3.338533e-11
11205 3.337977e-11
11206 3.337421e-11
11207 3.336866e-11
11208 3.336311e-11
11209 3.335755e-11
11210 3.335200e-11
11211 3.334646e-11
11212 3.334091e-11
11213 3.333536e-11
11214 3.332982e-11
11215 3.332427e-11
11216 3.331873e-11
11217 3.331319e-11
11218 3.330765e-11
11219 3.330212e-11
11220 3.329658e-11
11221 3.329105e-11
11222 3.328551e-11
11223 3.327998e-11
11224 3.327445e-11
11225 3.326892e-11
11226 3.326339e-11
11227 3.325787e-11
11228 3.325234e-11
11229 3.324682e-11
11230 3.324130e-11
11231 3.323578e-11
11232 3.323026e-11
11233 3.322474e-11
11234 3.321922e-11
11235 3.321371e-11
11236 3.320820e-11
11237 3.320268e-11
11238 3.319717e-11
11239 3.319166e-11
11240 3.318616e-11
11241 3.318065e-11
11242 3.317514e-11
11243 3.316964e-11
11244 3.316414e-11
11245 3.315864e-11
11246 3.315314e-11
11247 3.314764e-11
11248 3.314214e-11
11249 3.313665e-11
11250 3.313115e-11
11251 3.312566e-11
11252 3.312017e-11
11253 3.311468e-11
11254 3.310919e-11
11255 3.310371e-11
11256 3.309822e-11
11257 3.309274e-11
11258 3.308725e-11
11259 3.308177e-11
11260 3.307629e-11
11261 3.307081e-11
11262 3.306534e-11
11263 3.305986e-11
11264 3.305439e-11
11265 3.304891e-11
11266 3.304344e-11
11267 3.303797e-11
11268 3.303250e-11
11269 3.302704e-11
11270 3.302157e-11
11271 3.301611e-11
11272 3.301064e-11
11273 3.300518e-11
11274 3.299972e-11
11275 3.299426e-11
11276 3.298880e-11
11277 3.298335e-11
11278 3.297789e-11
11279 3.297244e-11
11280 3.296699e-11
11281 3.296154e-11
11282 3.295609e-11
11283 3.295064e-11
11284 3.294519e-11
11285 3.293975e-11
11286 3.293430e-11
11287 3.292886e-11
11288 3.292342e-11
11289 3.291798e-11
11290 3.291254e-11
11291 3.290711e-11
11292 3.290167e-11
11293 3.289624e-11
11294 3.289080e-11
11295 3.288537e-11
11296 3.287994e-11
11297 3.287451e-11
11298 3.286909e-11
11299 3.286366e-11
11300 3.285824e-11
11301 3.285281e-11
11302 3.284739e-11
11303 3.284197e-11
11304 3.283655e-11
11305 3.283113e-11
11306 3.282572e-11
11307 3.282030e-11
11308 3.281489e-11
11309 3.280948e-11
11310 3.280407e-11
11311 3.279866e-11
11312 3.279325e-11
11313 3.278784e-11
11314 3.278244e-11
11315 3.277703e-11
11316 3.277163e-11
11317 3.276623e-11
11318 3.276083e-11
11319 3.275543e-11
11320 3.275003e-11
11321 3.274464e-11
11322 3.273924e-11
11323 3.273385e-11
11324 3.272846e-11
11325 3.272307e-11
11326 3.271768e-11
11327 3.271229e-11
11328 3.270691e-11
11329 3.270152e-11
11330 3.269614e-11
11331 3.269076e-11
11332 3.268538e-11
11333 3.268000e-11
11334 3.267462e-11
11335 3.266924e-11
11336 3.266387e-11
11337 3.265849e-11
11338 3.265312e-11
11339 3.264775e-11
11340 3.264238e-11
11341 3.263701e-11
11342 3.263164e-11
11343 3.262628e-11
11344 3.262091e-11
11345 3.261555e-11
11346 3.261019e-11
11347 3.260483e-11
11348 3.259947e-11
11349 3.259411e-11
11350 3.258876e-11
11351 3.258340e-11
11352 3.257805e-11
11353 3.257269e-11
11354 3.256734e-11
11355 3.256199e-11
11356 3.255665e-11
11357 3.255130e-11
11358 3.254595e-11
11359 3.254061e-11
11360 3.253527e-11
11361 3.252993e-11
11362 3.252459e-11
11363 3.251925e-11
11364 3.251391e-11
11365 3.250857e-11
11366 3.250324e-11
11367 3.249790e-11
11368 3.249257e-11
11369 3.248724e-11
11370 3.248191e-11
11371 3.247658e-11
11372 3.247126e-11
11373 3.246593e-11
11374 3.246061e-11
11375 3.245529e-11
11376 3.244997e-11
11377 3.244465e-11
11378 3.243933e-11
11379 3.243401e-11
11380 3.242869e-11
11381 3.242338e-11
11382 3.241807e-11
11383 3.241275e-11
11384 3.240744e-11
11385 3.240213e-11
11386 3.239683e-11
11387 3.239152e-11
11388 3.238621e-11
11389 3.238091e-11
11390 3.237561e-11
11391 3.237031e-11
11392 3.236501e-11
11393 3.235971e-11
11394 3.235441e-11
11395 3.234911e-11
11396 3.234382e-11
11397 3.233853e-11
11398 3.233324e-11
11399 3.232794e-11
11400 3.232266e-11
11401 3.231737e-11
11402 3.231208e-11
11403 3.230680e-11
11404 3.230151e-11
11405 3.229623e-11
11406 3.229095e-11
11407 3.228567e-11
11408 3.228039e-11
11409 3.227511e-11
11410 3.226984e-11
11411 3.226456e-11
11412 3.225929e-11
11413 3.225402e-11
11414 3.224875e-11
11415 3.224348e-11
11416 3.223821e-11
11417 3.223294e-11
11418 3.222768e-11
11419 3.222241e-11
11420 3.221715e-11
11421 3.221189e-11
11422 3.220663e-11
11423 3.220137e-11
11424 3.219611e-11
11425 3.219085e-11
11426 3.218560e-11
11427 3.218035e-11
11428 3.217509e-11
11429 3.216984e-11
11430 3.216459e-11
11431 3.215935e-11
11432 3.215410e-11
11433 3.214885e-11
11434 3.214361e-11
11435 3.213837e-11
11436 3.213312e-11
11437 3.212788e-11
11438 3.212264e-11
11439 3.211741e-11
11440 3.211217e-11
11441 3.210694e-11
11442 3.210170e-11
11443 3.209647e-11
11444 3.209124e-11
11445 3.208601e-11
11446 3.208078e-11
11447 3.207555e-11
11448 3.207033e-11
11449 3.206510e-11
11450 3.205988e-11
11451 3.205466e-11
11452 3.204944e-11
11453 3.204422e-11
11454 3.203900e-11
11455 3.203378e-11
11456 3.202857e-11
11457 3.202335e-11
11458 3.201814e-11
11459 3.201293e-11
11460 3.200772e-11
11461 3.200251e-11
11462 3.199730e-11
11463 3.199209e-11
11464 3.198689e-11
11465 3.198168e-11
11466 3.197648e-11
11467 3.197128e-11
11468 3.196608e-11
11469 3.196088e-11
11470 3.195569e-11
11471 3.195049e-11
11472 3.194529e-11
11473 3.194010e-11
11474 3.193491e-11
11475 3.192972e-11
11476 3.192453e-11
11477 3.191934e-11
11478 3.191415e-11
11479 3.190897e-11
11480 3.190378e-11
11481 3.189860e-11
11482 3.189342e-11
11483 3.188824e-11
11484 3.188306e-11
11485 3.187788e-11
11486 3.187271e-11
11487 3.186753e-11
11488 3.186236e-11
11489 3.185718e-11
11490 3.185201e-11
11491 3.184684e-11
11492 3.184167e-11
11493 3.183651e-11
11494 3.183134e-11
11495 3.182617e-11
11496 3.182101e-11
11497 3.181585e-11
11498 3.181069e-11
11499 3.180553e-11
11500 3.180037e-11
11501 3.179521e-11
11502 3.179006e-11
11503 3.178490e-11
11504 3.177975e-11
11505 3.177460e-11
11506 3.176944e-11
11507 3.176430e-11
11508 3.175915e-11
11509 3.175400e-11
11510 3.174885e-11
11511 3.174371e-11
11512 3.173857e-11
11513 3.173342e-11
11514 3.172828e-11
11515 3.172314e-11
11516 3.171801e-11
11517 3.171287e-11
11518 3.170773e-11
11519 3.170260e-11
11520 3.169747e-11
11521 3.169234e-11
11522 3.168721e-11
11523 3.168208e-11
11524 3.167695e-11
11525 3.167182e-11
11526 3.166670e-11
11527 3.166157e-11
11528 3.165645e-11
11529 3.165133e-11
11530 3.164621e-11
11531 3.164109e-11
11532 3.163597e-11
11533 3.163086e-11
11534 3.162574e-11
11535 3.162063e-11
11536 3.161551e-11
11537 3.161040e-11
11538 3.160529e-11
11539 3.160018e-11
11540 3.159508e-11
11541 3.158997e-11
11542 3.158487e-11
11543 3.157976e-11
11544 3.157466e-11
11545 3.156956e-11
11546 3.156446e-11
11547 3.155936e-11
11548 3.155426e-11
11549 3.154917e-11
11550 3.154407e-11
11551 3.153898e-11
11552 3.153389e-11
11553 3.152880e-11
11554 3.152371e-11
11555 3.151862e-11
11556 3.151353e-11
11557 3.150844e-11
11558 3.150336e-11
11559 3.149828e-11
11560 3.149319e-11
11561 3.148811e-11
11562 3.148303e-11
11563 3.147795e-11
11564 3.147288e-11
11565 3.146780e-11
11566 3.146273e-11
11567 3.145765e-11
11568 3.145258e-11
11569 3.144751e-11
11570 3.144244e-11
11571 3.143737e-11
11572 3.143231e-11
11573 3.142724e-11
11574 3.142218e-11
11575 3.141711e-11
11576 3.141205e-11
11577 3.140699e-11
11578 3.140193e-11
11579 3.139687e-11
11580 3.139181e-11
11581 3.138676e-11
11582 3.138170e-11
11583 3.137665e-11
11584 3.137160e-11
11585 3.136655e-11
11586 3.136150e-11
11587 3.135645e-11
11588 3.135140e-11
11589 3.134636e-11
11590 3.134131e-11
11591 3.133627e-11
11592 3.133123e-11
11593 3.132619e-11
11594 3.132115e-11
11595 3.131611e-11
11596 3.131107e-11
11597 3.130603e-11
11598 3.130100e-11
11599 3.129597e-11
11600 3.129093e-11
11601 3.128590e-11
11602 3.128087e-11
11603 3.127585e-11
11604 3.127082e-11
11605 3.126579e-11
11606 3.126077e-11
11607 3.125574e-11
11608 3.125072e-11
11609 3.124570e-11
11610 3.124068e-11
11611 3.123566e-11
11612 3.123065e-11
11613 3.122563e-11
11614 3.122062e-11
11615 3.121560e-11
11616 3.121059e-11
11617 3.120558e-11
11618 3.120057e-11
11619 3.119556e-11
11620 3.119055e-11
11621 3.118555e-11
11622 3.118054e-11
11623 3.117554e-11
11624 3.117047e-11
11625 3.116537e-11
11626 3.116028e-11
11627 3.115519e-11
11628 3.115011e-11
11629 3.114502e-11
11630 3.113994e-11
11631 3.113485e-11
11632 3.112977e-11
11633 3.112469e-11
11634 3.111961e-11
11635 3.111453e-11
11636 3.110945e-11
11637 3.110437e-11
11638 3.109930e-11
11639 3.109423e-11
11640 3.108915e-11
11641 3.108408e-11
11642 3.107901e-11
11643 3.107394e-11
11644 3.106888e-11
11645 3.106381e-11
11646 3.105874e-11
11647 3.105368e-11
11648 3.104862e-11
11649 3.104356e-11
11650 3.103850e-11
11651 3.103344e-11
11652 3.102838e-11
11653 3.102333e-11
11654 3.101827e-11
11655 3.101322e-11
11656 3.100816e-11
11657 3.100311e-11
11658 3.099806e-11
11659 3.099302e-11
11660 3.098797e-11
11661 3.098292e-11
11662 3.097788e-11
11663 3.097283e-11
11664 3.096779e-11
11665 3.096275e-11
11666 3.095771e-11
11667 3.095267e-11
11668 3.094763e-11
11669 3.094260e-11
11670 3.093756e-11
11671 3.093253e-11
11672 3.092750e-11
11673 3.092247e-11
11674 3.091744e-11
11675 3.091241e-11
11676 3.090738e-11
11677 3.090235e-11
11678 3.089733e-11
11679 3.089231e-11
11680 3.088728e-11
11681 3.088226e-11
11682 3.087724e-11
11683 3.087222e-11
11684 3.086721e-11
11685 3.086219e-11
11686 3.085718e-11
11687 3.085216e-11
11688 3.084715e-11
11689 3.084214e-11
11690 3.083713e-11
11691 3.083212e-11
11692 3.082711e-11
11693 3.082211e-11
11694 3.081710e-11
11695 3.081210e-11
11696 3.080710e-11
11697 3.080209e-11
11698 3.079709e-11
11699 3.079210e-11
11700 3.078710e-11
11701 3.078210e-11
11702 3.077711e-11
11703 3.077211e-11
11704 3.076712e-11
11705 3.076213e-11
11706 3.075714e-11
11707 3.075215e-11
11708 3.074716e-11
11709 3.074218e-11
11710 3.073719e-11
11711 3.073221e-11
11712 3.072723e-11
11713 3.072224e-11
11714 3.071726e-11
11715 3.071228e-11
11716 3.070731e-11
11717 3.070233e-11
11718 3.069736e-11
11719 3.069238e-11
11720 3.068741e-11
11721 3.068244e-11
11722 3.067747e-11
11723 3.067250e-11
11724 3.066753e-11
11725 3.066256e-11
11726 3.065760e-11
11727 3.065263e-11
11728 3.064767e-11
11729 3.064271e-11
11730 3.063775e-11
11731 3.063279e-11
11732 3.062783e-11
11733 3.062287e-11
11734 3.061792e-11
11735 3.061296e-11
11736 3.060801e-11
11737 3.060306e-11
11738 3.059811e-11
11739 3.059316e-11
11740 3.058821e-11
11741 3.058326e-11
11742 3.057832e-11
11743 3.057337e-11
11744 3.056843e-11
11745 3.056349e-11
11746 3.055855e-11
11747 3.055361e-11
11748 3.054867e-11
11749 3.054373e-11
11750 3.053879e-11
11751 3.053386e-11
11752 3.052893e-11
11753 3.052399e-11
11754 3.051906e-11
11755 3.051413e-11
11756 3.050920e-11
11757 3.050428e-11
11758 3.049935e-11
11759 3.049442e-11
11760 3.048950e-11
11761 3.048458e-11
11762 3.047966e-11
11763 3.047474e-11
11764 3.046982e-11
11765 3.046490e-11
11766 3.045998e-11
11767 3.045507e-11
11768 3.045015e-11
11769 3.044524e-11
11770 3.044033e-11
11771 3.043542e-11
11772 3.043051e-11
11773 3.042560e-11
11774 3.042069e-11
11775 3.041579e-11
11776 3.041088e-11
11777 3.040598e-11
11778 3.040108e-11
11779 3.039618e-11
11780 3.039128e-11
11781 3.038638e-11
11782 3.038148e-11
11783 3.037659e-11
11784 3.037169e-11
11785 3.036680e-11
11786 3.036190e-11
11787 3.035701e-11
11788 3.035212e-11
11789 3.034723e-11
11790 3.034235e-11
11791 3.033746e-11
11792 3.033257e-11
11793 3.032769e-11
11794 3.032281e-11
11795 3.031793e-11
11796 3.031305e-11
11797 3.030817e-11
11798 3.030329e-11
11799 3.029841e-11
11800 3.029354e-11
11801 3.028866e-11
11802 3.028379e-11
11803 3.027892e-11
11804 3.027404e-11
11805 3.026917e-11
11806 3.026431e-11
11807 3.025944e-11
11808 3.025457e-11
11809 3.024971e-11
11810 3.024484e-11
11811 3.023998e-11
11812 3.023512e-11
11813 3.023026e-11
11814 3.022540e-11
11815 3.022054e-11
11816 3.021569e-11
11817 3.021083e-11
11818 3.020598e-11
11819 3.020112e-11
11820 3.019627e-11
11821 3.019142e-11
11822 3.018657e-11
11823 3.018172e-11
11824 3.017688e-11
11825 3.017203e-11
11826 3.016719e-11
11827 3.016234e-11
11828 3.015750e-11
11829 3.015266e-11
11830 3.014782e-11
11831 3.014298e-11
11832 3.013814e-11
11833 3.013331e-11
11834 3.012847e-11
11835 3.012364e-11
11836 3.011881e-11
11837 3.011397e-11
11838 3.010914e-11
11839 3.010431e-11
11840 3.009949e-11
11841 3.009466e-11
11842 3.008983e-11
11843 3.008501e-11
11844 3.008019e-11
11845 3.007536e-11
11846 3.007054e-11
11847 3.006572e-11
11848 3.006090e-11
11849 3.005609e-11
11850 3.005127e-11
11851 3.004645e-11
11852 3.004164e-11
11853 3.003683e-11
11854 3.003202e-11
11855 3.002721e-11
11856 3.002240e-11
11857 3.001759e-11
11858 3.001278e-11
11859 3.000798e-11
11860 3.000317e-11
11861 2.999837e-11
11862 2.999357e-11
11863 2.998877e-11
11864 2.998397e-11
11865 2.997917e-11
11866 2.997437e-11
11867 2.996957e-11
11868 2.996478e-11
11869 2.995998e-11
11870 2.995519e-11
11871 2.995040e-11
11872 2.994561e-11
11873 2.994082e-11
11874 2.993603e-11
11875 2.993124e-11
11876 2.992646e-11
11877 2.992167e-11
11878 2.991689e-11
11879 2.991211e-11
11880 2.990733e-11
11881 2.990255e-11
11882 2.989777e-11
11883 2.989299e-11
11884 2.988821e-11
11885 2.988344e-11
11886 2.987867e-11
11887 2.987389e-11
11888 2.986912e-11
11889 2.986435e-11
11890 2.985958e-11
11891 2.985481e-11
11892 2.985005e-11
11893 2.984528e-11
11894 2.984051e-11
11895 2.983575e-11
11896 2.983099e-11
11897 2.982623e-11
11898 2.982147e-11
11899 2.981671e-11
11900 2.981195e-11
11901 2.980719e-11
11902 2.980244e-11
11903 2.979768e-11
11904 2.979293e-11
11905 2.978818e-11
11906 2.978343e-11
11907 2.977868e-11
11908 2.977393e-11
11909 2.976918e-11
11910 2.976444e-11
11911 2.975969e-11
11912 2.975495e-11
11913 2.975020e-11
11914 2.974546e-11
11915 2.974072e-11
11916 2.973598e-11
11917 2.973124e-11
11918 2.972651e-11
11919 2.972177e-11
11920 2.971704e-11
11921 2.971230e-11
11922 2.970757e-11
11923 2.970284e-11
11924 2.969811e-11
11925 2.969338e-11
11926 2.968865e-11
11927 2.968393e-11
11928 2.967920e-11
11929 2.967448e-11
11930 2.966975e-11
11931 2.966503e-11
11932 2.966031e-11
11933 2.965559e-11
11934 2.965087e-11
11935 2.964615e-11
11936 2.964144e-11
11937 2.963672e-11
11938 2.963201e-11
11939 2.962729e-11
11940 2.962258e-11
11941 2.961787e-11
11942 2.961316e-11
11943 2.960845e-11
11944 2.960375e-11
11945 2.959904e-11
11946 2.959434e-11
11947 2.958963e-11
11948 2.958493e-11
11949 2.958023e-11
11950 2.957553e-11
11951 2.957083e-11
11952 2.956613e-11
11953 2.956143e-11
11954 2.955674e-11
11955 2.955204e-11
11956 2.954735e-11
11957 2.954266e-11
11958 2.953797e-11
11959 2.953328e-11
11960 2.952859e-11
11961 2.952390e-11
11962 2.951921e-11
11963 2.951453e-11
11964 2.950984e-11
11965 2.950516e-11
11966 2.950048e-11
11967 2.949580e-11
11968 2.949112e-11
11969 2.948644e-11
11970 2.948176e-11
11971 2.947708e-11
11972 2.947241e-11
11973 2.946773e-11
11974 2.946306e-11
11975 2.945839e-11
11976 2.945372e-11
11977 2.944905e-11
11978 2.944438e-11
11979 2.943971e-11
11980 2.943505e-11
11981 2.943038e-11
11982 2.942572e-11
11983 2.942105e-11
11984 2.941639e-11
11985 2.941173e-11
11986 2.940707e-11
11987 2.940241e-11
11988 2.939776e-11
11989 2.939310e-11
11990 2.938844e-11
11991 2.938379e-11
11992 2.937914e-11
11993 2.937449e-11
11994 2.936984e-11
11995 2.936519e-11
11996 2.936054e-11
11997 2.935589e-11
11998 2.935124e-11
11999 2.934660e-11
12000 2.934196e-11
12001 2.933731e-11
12002 2.933267e-11
12003 2.932803e-11
12004 2.932339e-11
12005 2.931875e-11
12006 2.931412e-11
12007 2.930948e-11
12008 2.930485e-11
12009 2.930021e-11
12010 2.929558e-11
12011 2.929095e-11
12012 2.928632e-11
12013 2.928169e-11
12014 2.927706e-11
12015 2.927243e-11
12016 2.926781e-11
12017 2.926318e-11
12018 2.925856e-11
12019 2.925394e-11
12020 2.924931e-11
12021 2.924469e-11
12022 2.924007e-11
12023 2.923546e-11
12024 2.923084e-11
12025 2.922622e-11
12026 2.922161e-11
12027 2.921700e-11
12028 2.921238e-11
12029 2.920777e-11
12030 2.920316e-11
12031 2.919855e-11
12032 2.919394e-11
12033 2.918934e-11
12034 2.918473e-11
12035 2.918013e-11
12036 2.917552e-11
12037 2.917092e-11
12038 2.916632e-11
12039 2.916172e-11
12040 2.915712e-11
12041 2.915252e-11
12042 2.914792e-11
12043 2.914333e-11
12044 2.913873e-11
12045 2.913414e-11
12046 2.912955e-11
12047 2.912496e-11
12048 2.912037e-11
12049 2.911578e-11
12050 2.911119e-11
12051 2.910660e-11
12052 2.910201e-11
12053 2.909743e-11
12054 2.909285e-11
12055 2.908826e-11
12056 2.908368e-11
12057 2.907910e-11
12058 2.907452e-11
12059 2.906994e-11
12060 2.906537e-11
12061 2.906079e-11
12062 2.905622e-11
12063 2.905164e-11
12064 2.904707e-11
12065 2.904250e-11
12066 2.903793e-11
12067 2.903336e-11
12068 2.902879e-11
12069 2.902422e-11
12070 2.901966e-11
12071 2.901509e-11
12072 2.901053e-11
12073 2.900596e-11
12074 2.900140e-11
12075 2.899684e-11
12076 2.899228e-11
12077 2.898772e-11
12078 2.898317e-11
12079 2.897861e-11
12080 2.897405e-11
12081 2.896950e-11
12082 2.896495e-11
12083 2.896040e-11
12084 2.895584e-11
12085 2.895129e-11
12086 2.894675e-11
12087 2.894220e-11
12088 2.893765e-11
12089 2.893311e-11
12090 2.892856e-11
12091 2.892402e-11
12092 2.891948e-11
12093 2.891494e-11
12094 2.891040e-11
12095 2.890586e-11
12096 2.890132e-11
12097 2.889678e-11
12098 2.889225e-11
12099 2.888771e-11
12100 2.888318e-11
12101 2.887865e-11
12102 2.887412e-11
12103 2.886959e-11
12104 2.886506e-11
12105 2.886053e-11
12106 2.885600e-11
12107 2.885148e-11
12108 2.884695e-11
12109 2.884243e-11
12110 2.883790e-11
12111 2.883338e-11
12112 2.882886e-11
12113 2.882434e-11
12114 2.881983e-11
12115 2.881531e-11
12116 2.881079e-11
12117 2.880628e-11
12118 2.880176e-11
12119 2.879725e-11
12120 2.879274e-11
12121 2.878823e-11
12122 2.878372e-11
12123 2.877921e-11
12124 2.877470e-11
12125 2.877020e-11
12126 2.876569e-11
12127 2.876119e-11
12128 2.875668e-11
12129 2.875218e-11
12130 2.874768e-11
12131 2.874318e-11
12132 2.873868e-11
12133 2.873418e-11
12134 2.872969e-11
12135 2.872519e-11
12136 2.872070e-11
12137 2.871620e-11
12138 2.871171e-11
12139 2.870722e-11
12140 2.870273e-11
12141 2.869824e-11
12142 2.869375e-11
12143 2.868926e-11
12144 2.868478e-11
12145 2.868029e-11
12146 2.867581e-11
12147 2.867133e-11
12148 2.866685e-11
12149 2.866237e-11
12150 2.865789e-11
12151 2.865341e-11
12152 2.864893e-11
12153 2.864445e-11
12154 2.863998e-11
12155 2.863550e-11
12156 2.863103e-11
12157 2.862656e-11
12158 2.862209e-11
12159 2.861762e-11
12160 2.861315e-11
12161 2.860868e-11
12162 2.860421e-11
12163 2.859975e-11
12164 2.859528e-11
12165 2.859082e-11
12166 2.858636e-11
12167 2.858190e-11
12168 2.857744e-11
12169 2.857298e-11
12170 2.856852e-11
12171 2.856406e-11
12172 2.855961e-11
12173 2.855515e-11
12174 2.855070e-11
12175 2.854624e-11
12176 2.854179e-11
12177 2.853734e-11
12178 2.853289e-11
12179 2.852844e-11
12180 2.852399e-11
12181 2.851955e-11
12182 2.851510e-11
12183 2.851066e-11
12184 2.850621e-11
12185 2.850177e-11
12186 2.849733e-11
12187 2.849289e-11
12188 2.848845e-11
12189 2.848401e-11
12190 2.847958e-11
12191 2.847514e-11
12192 2.847071e-11
12193 2.846627e-11
12194 2.846184e-11
12195 2.845741e-11
12196 2.845298e-11
12197 2.844855e-11
12198 2.844412e-11
12199 2.843969e-11
12200 2.843526e-11
12201 2.843084e-11
12202 2.842641e-11
12203 2.842199e-11
12204 2.841757e-11
12205 2.841315e-11
12206 2.840873e-11
12207 2.840431e-11
12208 2.839989e-11
12209 2.839547e-11
12210 2.839106e-11
12211 2.838664e-11
12212 2.838223e-11
12213 2.837781e-11
12214 2.837340e-11
12215 2.836899e-11
12216 2.836458e-11
12217 2.836017e-11
12218 2.835577e-11
12219 2.835136e-11
12220 2.834695e-11
12221 2.834255e-11
12222 2.833815e-11
12223 2.833374e-11
12224 2.832934e-11
12225 2.832494e-11
12226 2.832054e-11
12227 2.831614e-11
12228 2.831175e-11
12229 2.830735e-11
12230 2.830296e-11
12231 2.829856e-11
12232 2.829417e-11
12233 2.828978e-11
12234 2.828539e-11
12235 2.828100e-11
12236 2.827661e-11
12237 2.827222e-11
12238 2.826783e-11
12239 2.826345e-11
12240 2.825906e-11
12241 2.825468e-11
12242 2.825030e-11
12243 2.824591e-11
12244 2.824153e-11
12245 2.823715e-11
12246 2.823278e-11
12247 2.822840e-11
12248 2.822402e-11
12249 2.821965e-11
12250 2.821527e-11
12251 2.821090e-11
12252 2.820653e-11
12253 2.820215e-11
12254 2.819778e-11
12255 2.819342e-11
12256 2.818905e-11
12257 2.818468e-11
12258 2.818031e-11
12259 2.817595e-11
12260 2.817158e-11
12261 2.816722e-11
12262 2.816286e-11
12263 2.815850e-11
12264 2.815414e-11
12265 2.814978e-11
12266 2.814542e-11
12267 2.814107e-11
12268 2.813671e-11
12269 2.813236e-11
12270 2.812800e-11
12271 2.812365e-11
12272 2.811930e-11
12273 2.811495e-11
12274 2.811060e-11
12275 2.810625e-11
12276 2.810190e-11
12277 2.809755e-11
12278 2.809321e-11
12279 2.808886e-11
12280 2.808452e-11
12281 2.808018e-11
12282 2.807584e-11
12283 2.807150e-11
12284 2.806716e-11
12285 2.806282e-11
12286 2.805848e-11
12287 2.805415e-11
12288 2.804981e-11
12289 2.804548e-11
12290 2.804114e-11
12291 2.803681e-11
12292 2.803248e-11
12293 2.802815e-11
12294 2.802382e-11
12295 2.801949e-11
12296 2.801517e-11
12297 2.801084e-11
12298 2.800651e-11
12299 2.800219e-11
12300 2.799787e-11
12301 2.799354e-11
12302 2.798922e-11
12303 2.798490e-11
12304 2.798059e-11
12305 2.797627e-11
12306 2.797195e-11
12307 2.796763e-11
12308 2.796332e-11
12309 2.795901e-11
12310 2.795469e-11
12311 2.795038e-11
12312 2.794607e-11
12313 2.794176e-11
12314 2.793745e-11
12315 2.793314e-11
12316 2.792884e-11
12317 2.792453e-11
12318 2.792023e-11
12319 2.791592e-11
12320 2.791162e-11
12321 2.790732e-11
12322 2.790302e-11
12323 2.789872e-11
12324 2.789442e-11
12325 2.789012e-11
12326 2.788583e-11
12327 2.788153e-11
12328 2.787724e-11
12329 2.787294e-11
12330 2.786865e-11
12331 2.786436e-11
12332 2.786007e-11
12333 2.785578e-11
12334 2.785149e-11
12335 2.784720e-11
12336 2.784292e-11
12337 2.783863e-11
12338 2.783435e-11
12339 2.783006e-11
12340 2.782578e-11
12341 2.782150e-11
12342 2.781722e-11
12343 2.781294e-11
12344 2.780866e-11
12345 2.780438e-11
12346 2.780011e-11
12347 2.779583e-11
12348 2.779156e-11
12349 2.778728e-11
12350 2.778301e-11
12351 2.777874e-11
12352 2.777447e-11
12353 2.777020e-11
12354 2.776593e-11
12355 2.776166e-11
12356 2.775740e-11
12357 2.775313e-11
12358 2.774887e-11
12359 2.774460e-11
12360 2.774034e-11
12361 2.773608e-11
12362 2.773182e-11
12363 2.772756e-11
12364 2.772330e-11
12365 2.771904e-11
12366 2.771479e-11
12367 2.771053e-11
12368 2.770628e-11
12369 2.770202e-11
12370 2.769777e-11
12371 2.769352e-11
12372 2.768927e-11
12373 2.768502e-11
12374 2.768077e-11
12375 2.767652e-11
12376 2.767228e-11
12377 2.766803e-11
12378 2.766379e-11
12379 2.765954e-11
12380 2.765530e-11
12381 2.765106e-11
12382 2.764682e-11
12383 2.764258e-11
12384 2.763834e-11
12385 2.763410e-11
12386 2.762987e-11
12387 2.762563e-11
12388 2.762140e-11
12389 2.761716e-11
12390 2.761293e-11
12391 2.760870e-11
12392 2.760447e-11
12393 2.760024e-11
12394 2.759601e-11
12395 2.759178e-11
12396 2.758756e-11
12397 2.758333e-11
12398 2.757910e-11
12399 2.757488e-11
12400 2.757066e-11
12401 2.756644e-11
12402 2.756222e-11
12403 2.755800e-11
12404 2.755378e-11
12405 2.754956e-11
12406 2.754534e-11
12407 2.754113e-11
12408 2.753691e-11
12409 2.753270e-11
12410 2.752849e-11
12411 2.752427e-11
12412 2.752006e-11
12413 2.751585e-11
12414 2.751164e-11
12415 2.750744e-11
12416 2.750323e-11
12417 2.749902e-11
12418 2.749482e-11
12419 2.749061e-11
12420 2.748641e-11
12421 2.748221e-11
12422 2.747801e-11
12423 2.747381e-11
12424 2.746961e-11
12425 2.746541e-11
12426 2.746121e-11
12427 2.745702e-11
12428 2.745282e-11
12429 2.744863e-11
12430 2.744444e-11
12431 2.744024e-11
12432 2.743605e-11
12433 2.743186e-11
12434 2.742767e-11
12435 2.742348e-11
12436 2.741930e-11
12437 2.741511e-11
12438 2.741092e-11
12439 2.740674e-11
12440 2.740256e-11
12441 2.739837e-11
12442 2.739419e-11
12443 2.739001e-11
12444 2.738583e-11
12445 2.738165e-11
12446 2.737748e-11
12447 2.737330e-11
12448 2.736912e-11
12449 2.736495e-11
12450 2.736078e-11
12451 2.735660e-11
12452 2.735243e-11
12453 2.734826e-11
12454 2.734409e-11
12455 2.733992e-11
12456 2.733575e-11
12457 2.733159e-11
12458 2.732742e-11
12459 2.732324e-11
12460 2.731901e-11
12461 2.731477e-11
12462 2.731054e-11
12463 2.730631e-11
12464 2.730208e-11
12465 2.729785e-11
12466 2.729362e-11
12467 2.728939e-11
12468 2.728516e-11
12469 2.728093e-11
12470 2.727671e-11
12471 2.727248e-11
12472 2.726826e-11
12473 2.726404e-11
12474 2.725982e-11
12475 2.725559e-11
12476 2.725137e-11
12477 2.724716e-11
12478 2.724294e-11
12479 2.723872e-11
12480 2.723451e-11
12481 2.723029e-11
12482 2.722608e-11
12483 2.722187e-11
12484 2.721765e-11
12485 2.721344e-11
12486 2.720923e-11
12487 2.720502e-11
12488 2.720082e-11
12489 2.719661e-11
12490 2.719240e-11
12491 2.718820e-11
12492 2.718400e-11
12493 2.717979e-11
12494 2.717559e-11
12495 2.717139e-11
12496 2.716719e-11
12497 2.716299e-11
12498 2.715879e-11
12499 2.715460e-11
12500 2.715040e-11
12501 2.714621e-11
12502 2.714201e-11
12503 2.713782e-11
12504 2.713363e-11
12505 2.712944e-11
12506 2.712524e-11
12507 2.712106e-11
12508 2.711687e-11
12509 2.711268e-11
12510 2.710849e-11
12511 2.710431e-11
12512 2.710013e-11
12513 2.709594e-11
12514 2.709176e-11
12515 2.708758e-11
12516 2.708340e-11
12517 2.707922e-11
12518 2.707504e-11
12519 2.707086e-11
12520 2.706669e-11
12521 2.706251e-11
12522 2.705834e-11
12523 2.705416e-11
12524 2.704999e-11
12525 2.704582e-11
12526 2.704165e-11
12527 2.703748e-11
12528 2.703331e-11
12529 2.702914e-11
12530 2.702498e-11
12531 2.702081e-11
12532 2.701665e-11
12533 2.701248e-11
12534 2.700832e-11
12535 2.700416e-11
12536 2.700000e-11
12537 2.699584e-11
12538 2.699168e-11
12539 2.698752e-11
12540 2.698337e-11
12541 2.697921e-11
12542 2.697506e-11
12543 2.697090e-11
12544 2.696675e-11
12545 2.696260e-11
12546 2.695845e-11
12547 2.695430e-11
12548 2.695015e-11
12549 2.694600e-11
12550 2.694185e-11
12551 2.693770e-11
12552 2.693356e-11
12553 2.692942e-11
12554 2.692527e-11
12555 2.692113e-11
12556 2.691699e-11
12557 2.691285e-11
12558 2.690871e-11
12559 2.690457e-11
12560 2.690043e-11
12561 2.689630e-11
12562 2.689216e-11
12563 2.688803e-11
12564 2.688389e-11
12565 2.687976e-11
12566 2.687563e-11
12567 2.687150e-11
12568 2.686737e-11
12569 2.686324e-11
12570 2.685911e-11
12571 2.685498e-11
12572 2.685086e-11
12573 2.684673e-11
12574 2.684261e-11
12575 2.683849e-11
12576 2.683436e-11
12577 2.683024e-11
12578 2.682612e-11
12579 2.682200e-11
12580 2.681789e-11
12581 2.681377e-11
12582 2.680965e-11
12583 2.680554e-11
12584 2.680142e-11
12585 2.679731e-11
12586 2.679320e-11
12587 2.678909e-11
12588 2.678498e-11
12589 2.678087e-11
12590 2.677676e-11
12591 2.677265e-11
12592 2.676854e-11
12593 2.676444e-11
12594 2.676033e-11
12595 2.675623e-11
12596 2.675213e-11
12597 2.674802e-11
12598 2.674392e-11
12599 2.673982e-11
12600 2.673572e-11
12601 2.673163e-11
12602 2.672753e-11
12603 2.672343e-11
12604 2.671934e-11
12605 2.671524e-11
12606 2.671115e-11
12607 2.670706e-11
12608 2.670297e-11
12609 2.669888e-11
12610 2.669479e-11
12611 2.669070e-11
12612 2.668661e-11
12613 2.668252e-11
12614 2.667844e-11
12615 2.667435e-11
12616 2.667027e-11
12617 2.666619e-11
12618 2.666210e-11
12619 2.665802e-11
12620 2.665394e-11
12621 2.664986e-11
12622 2.664579e-11
12623 2.664171e-11
12624 2.663763e-11
12625 2.663356e-11
12626 2.662948e-11
12627 2.662541e-11
12628 2.662134e-11
12629 2.661726e-11
12630 2.661319e-11
12631 2.660912e-11
12632 2.660506e-11
12633 2.660099e-11
12634 2.659692e-11
12635 2.659286e-11
12636 2.658879e-11
12637 2.658473e-11
12638 2.658066e-11
12639 2.657660e-11
12640 2.657254e-11
12641 2.656848e-11
12642 2.656442e-11
12643 2.656036e-11
12644 2.655630e-11
12645 2.655225e-11
12646 2.654819e-11
12647 2.654414e-11
12648 2.654008e-11
12649 2.653603e-11
12650 2.653198e-11
12651 2.652793e-11
12652 2.652388e-11
12653 2.651983e-11
12654 2.651578e-11
12655 2.651174e-11
12656 2.650769e-11
12657 2.650364e-11
12658 2.649960e-11
12659 2.649556e-11
12660 2.649151e-11
12661 2.648747e-11
12662 2.648343e-11
12663 2.647939e-11
12664 2.647535e-11
12665 2.647132e-11
12666 2.646728e-11
12667 2.646324e-11
12668 2.645921e-11
12669 2.645518e-11
12670 2.645114e-11
12671 2.644711e-11
12672 2.644308e-11
12673 2.643905e-11
12674 2.643502e-11
12675 2.643099e-11
12676 2.642696e-11
12677 2.642294e-11
12678 2.641891e-11
12679 2.641489e-11
12680 2.641086e-11
12681 2.640684e-11
12682 2.640282e-11
12683 2.639880e-11
12684 2.639478e-11
12685 2.639076e-11
12686 2.638674e-11
12687 2.638272e-11
12688 2.637871e-11
12689 2.637469e-11
12690 2.637068e-11
12691 2.636666e-11
12692 2.636265e-11
12693 2.635864e-11
12694 2.635463e-11
12695 2.635062e-11
12696 2.634661e-11
12697 2.634260e-11
12698 2.633860e-11
12699 2.633459e-11
12700 2.633058e-11
12701 2.632658e-11
12702 2.632258e-11
12703 2.631857e-11
12704 2.631457e-11
12705 2.631057e-11
12706 2.630657e-11
12707 2.630257e-11
12708 2.629858e-11
12709 2.629458e-11
12710 2.629058e-11
12711 2.628659e-11
12712 2.628259e-11
12713 2.627860e-11
12714 2.627461e-11
12715 2.627062e-11
12716 2.626663e-11
12717 2.626264e-11
12718 2.625865e-11
12719 2.625466e-11
12720 2.625067e-11
12721 2.624669e-11
12722 2.624270e-11
12723 2.623872e-11
12724 2.623474e-11
12725 2.623076e-11
12726 2.622677e-11
12727 2.622279e-11
12728 2.621881e-11
12729 2.621484e-11
12730 2.621086e-11
12731 2.620688e-11
12732 2.620291e-11
12733 2.619893e-11
12734 2.619496e-11
12735 2.619098e-11
12736 2.618701e-11
12737 2.618304e-11
12738 2.617907e-11
12739 2.617510e-11
12740 2.617113e-11
12741 2.616717e-11
12742 2.616320e-11
12743 2.615923e-11
12744 2.615527e-11
12745 2.615130e-11
12746 2.614734e-11
12747 2.614338e-11
12748 2.613942e-11
12749 2.613546e-11
12750 2.613150e-11
12751 2.612754e-11
12752 2.612358e-11
12753 2.611963e-11
12754 2.611567e-11
12755 2.611172e-11
12756 2.610776e-11
12757 2.610381e-11
12758 2.609986e-11
12759 2.609591e-11
12760 2.609196e-11
12761 2.608801e-11
12762 2.608406e-11
12763 2.608011e-11
12764 2.607616e-11
12765 2.607222e-11
12766 2.606827e-11
12767 2.606433e-11
12768 2.606039e-11
12769 2.605645e-11
12770 2.605250e-11
12771 2.604856e-11
12772 2.604462e-11
12773 2.604069e-11
12774 2.603675e-11
12775 2.603281e-11
12776 2.602888e-11
12777 2.602494e-11
12778 2.602101e-11
12779 2.601707e-11
12780 2.601314e-11
12781 2.600921e-11
12782 2.600528e-11
12783 2.600135e-11
12784 2.599742e-11
12785 2.599350e-11
12786 2.598957e-11
12787 2.598564e-11
12788 2.598172e-11
12789 2.597779e-11
12790 2.597387e-11
12791 2.596995e-11
12792 2.596603e-11
12793 2.596211e-11
12794 2.595819e-11
12795 2.595427e-11
12796 2.595035e-11
12797 2.594644e-11
12798 2.594252e-11
12799 2.593860e-11
12800 2.593469e-11
12801 2.593078e-11
12802 2.592686e-11
12803 2.592295e-11
12804 2.591904e-11
12805 2.591513e-11
12806 2.591122e-11
12807 2.590732e-11
12808 2.590341e-11
12809 2.589950e-11
12810 2.589560e-11
12811 2.589169e-11
12812 2.588779e-11
12813 2.588389e-11
12814 2.587999e-11
12815 2.587609e-11
12816 2.587219e-11
12817 2.586829e-11
12818 2.586439e-11
12819 2.586049e-11
12820 2.585660e-11
12821 2.585270e-11
12822 2.584881e-11
12823 2.584491e-11
12824 2.584102e-11
12825 2.583713e-11
12826 2.583324e-11
12827 2.582935e-11
12828 2.582546e-11
12829 2.582157e-11
12830 2.581768e-11
12831 2.581380e-11
12832 2.580991e-11
12833 2.580603e-11
12834 2.580214e-11
12835 2.579826e-11
12836 2.579438e-11
12837 2.579050e-11
12838 2.578662e-11
12839 2.578274e-11
12840 2.577886e-11
12841 2.577498e-11
12842 2.577110e-11
12843 2.576723e-11
12844 2.576335e-11
12845 2.575948e-11
12846 2.575561e-11
12847 2.575173e-11
12848 2.574786e-11
12849 2.574399e-11
12850 2.574012e-11
12851 2.573625e-11
12852 2.573238e-11
12853 2.572852e-11
12854 2.572465e-11
12855 2.572079e-11
12856 2.571692e-11
12857 2.571306e-11
12858 2.570920e-11
12859 2.570533e-11
12860 2.570147e-11
12861 2.569761e-11
12862 2.569375e-11
12863 2.568990e-11
12864 2.568604e-11
12865 2.568218e-11
12866 2.567833e-11
12867 2.567447e-11
12868 2.567062e-11
12869 2.566677e-11
12870 2.566291e-11
12871 2.565906e-11
12872 2.565521e-11
12873 2.565136e-11
12874 2.564751e-11
12875 2.564367e-11
12876 2.563982e-11
12877 2.563597e-11
12878 2.563213e-11
12879 2.562829e-11
12880 2.562444e-11
12881 2.562060e-11
12882 2.561676e-11
12883 2.561292e-11
12884 2.560908e-11
12885 2.560524e-11
12886 2.560140e-11
12887 2.559756e-11
12888 2.559373e-11
12889 2.558989e-11
12890 2.558606e-11
12891 2.558222e-11
12892 2.557839e-11
12893 2.557456e-11
12894 2.557073e-11
12895 2.556690e-11
12896 2.556307e-11
12897 2.555924e-11
12898 2.555541e-11
12899 2.555159e-11
12900 2.554776e-11
12901 2.554394e-11
12902 2.554011e-11
12903 2.553629e-11
12904 2.553247e-11
12905 2.552864e-11
12906 2.552482e-11
12907 2.552100e-11
12908 2.551718e-11
12909 2.551337e-11
12910 2.550955e-11
12911 2.550573e-11
12912 2.550192e-11
12913 2.549810e-11
12914 2.549429e-11
12915 2.549048e-11
12916 2.548666e-11
12917 2.548285e-11
12918 2.547904e-11
12919 2.547523e-11
12920 2.547143e-11
12921 2.546762e-11
12922 2.546381e-11
12923 2.546001e-11
12924 2.545620e-11
12925 2.545240e-11
12926 2.544859e-11
12927 2.544479e-11
12928 2.544099e-11
12929 2.543719e-11
12930 2.543339e-11
12931 2.542959e-11
12932 2.542579e-11
12933 2.542199e-11
12934 2.541820e-11
12935 2.541440e-11
12936 2.541061e-11
12937 2.540681e-11
12938 2.540302e-11
12939 2.539923e-11
12940 2.539544e-11
12941 2.539165e-11
12942 2.538786e-11
12943 2.538407e-11
12944 2.538028e-11
12945 2.537649e-11
12946 2.537271e-11
12947 2.536892e-11
12948 2.536514e-11
12949 2.536135e-11
12950 2.535757e-11
12951 2.535379e-11
12952 2.535001e-11
12953 2.534623e-11
12954 2.534245e-11
12955 2.533867e-11
12956 2.533489e-11
12957 2.533112e-11
12958 2.532734e-11
12959 2.532357e-11
12960 2.531979e-11
12961 2.531602e-11
12962 2.531225e-11
12963 2.530847e-11
12964 2.530470e-11
12965 2.530093e-11
12966 2.529717e-11
12967 2.529340e-11
12968 2.528963e-11
12969 2.528586e-11
12970 2.528210e-11
12971 2.527833e-11
12972 2.527457e-11
12973 2.527081e-11
12974 2.526704e-11
12975 2.526328e-11
12976 2.525952e-11
12977 2.525576e-11
12978 2.525200e-11
12979 2.524825e-11
12980 2.524449e-11
12981 2.524073e-11
12982 2.523698e-11
12983 2.523322e-11
12984 2.522947e-11
12985 2.522572e-11
12986 2.522196e-11
12987 2.521821e-11
12988 2.521446e-11
12989 2.521071e-11
12990 2.520696e-11
12991 2.520322e-11
12992 2.519947e-11
12993 2.519572e-11
12994 2.519198e-11
12995 2.518823e-11
12996 2.518449e-11
12997 2.518075e-11
12998 2.517701e-11
12999 2.517326e-11
13000 2.516952e-11
13001 2.516578e-11
13002 2.516205e-11
13003 2.515831e-11
13004 2.515457e-11
13005 2.515084e-11
13006 2.514710e-11
13007 2.514337e-11
13008 2.513963e-11
13009 2.513590e-11
13010 2.513217e-11
13011 2.512844e-11
13012 2.512471e-11
13013 2.512098e-11
13014 2.511725e-11
13015 2.511352e-11
13016 2.510980e-11
13017 2.510607e-11
13018 2.510234e-11
13019 2.509862e-11
13020 2.509490e-11
13021 2.509117e-11
13022 2.508745e-11
13023 2.508373e-11
13024 2.508001e-11
13025 2.507629e-11
13026 2.507257e-11
13027 2.506886e-11
13028 2.506514e-11
13029 2.506142e-11
13030 2.505771e-11
13031 2.505400e-11
13032 2.505028e-11
13033 2.504657e-11
13034 2.504286e-11
13035 2.503915e-11
13036 2.503544e-11
13037 2.503173e-11
13038 2.502802e-11
13039 2.502431e-11
13040 2.502061e-11
13041 2.501690e-11
13042 2.501319e-11
13043 2.500949e-11
13044 2.500579e-11
13045 2.500209e-11
13046 2.499838e-11
13047 2.499468e-11
13048 2.499098e-11
13049 2.498728e-11
13050 2.498359e-11
13051 2.497989e-11
13052 2.497619e-11
13053 2.497250e-11
13054 2.496880e-11
13055 2.496511e-11
13056 2.496141e-11
13057 2.495772e-11
13058 2.495403e-11
13059 2.495034e-11
13060 2.494665e-11
13061 2.494296e-11
13062 2.493927e-11
13063 2.493558e-11
13064 2.493190e-11
13065 2.492821e-11
13066 2.492452e-11
13067 2.492084e-11
13068 2.491716e-11
13069 2.491347e-11
13070 2.490979e-11
13071 2.490611e-11
13072 2.490243e-11
13073 2.489875e-11
13074 2.489507e-11
13075 2.489140e-11
13076 2.488772e-11
13077 2.488404e-11
13078 2.488037e-11
13079 2.487669e-11
13080 2.487302e-11
13081 2.486935e-11
13082 2.486568e-11
13083 2.486200e-11
13084 2.485833e-11
13085 2.485467e-11
13086 2.485100e-11
13087 2.484733e-11
13088 2.484366e-11
13089 2.484000e-11
13090 2.483633e-11
13091 2.483267e-11
13092 2.482900e-11
13093 2.482534e-11
13094 2.482168e-11
13095 2.481802e-11
13096 2.481436e-11
13097 2.481070e-11
13098 2.480704e-11
13099 2.480338e-11
13100 2.479972e-11
13101 2.479607e-11
13102 2.479241e-11
13103 2.478876e-11
13104 2.478510e-11
13105 2.478145e-11
13106 2.477780e-11
13107 2.477415e-11
13108 2.477050e-11
13109 2.476685e-11
13110 2.476320e-11
13111 2.475955e-11
13112 2.475590e-11
13113 2.475225e-11
13114 2.474861e-11
13115 2.474496e-11
13116 2.474132e-11
13117 2.473768e-11
13118 2.473403e-11
13119 2.473039e-11
13120 2.472675e-11
13121 2.472311e-11
13122 2.471947e-11
13123 2.471583e-11
13124 2.471220e-11
13125 2.470856e-11
13126 2.470492e-11
13127 2.470129e-11
13128 2.469766e-11
13129 2.469402e-11
13130 2.469039e-11
13131 2.468676e-11
13132 2.468313e-11
13133 2.467950e-11
13134 2.467587e-11
13135 2.467224e-11
13136 2.466861e-11
13137 2.466498e-11
13138 2.466136e-11
13139 2.465773e-11
13140 2.465411e-11
13141 2.465048e-11
13142 2.464686e-11
13143 2.464324e-11
13144 2.463962e-11
13145 2.463600e-11
13146 2.463238e-11
13147 2.462876e-11
13148 2.462514e-11
13149 2.462152e-11
13150 2.461791e-11
13151 2.461429e-11
13152 2.461068e-11
13153 2.460706e-11
13154 2.460345e-11
13155 2.459984e-11
13156 2.459622e-11
13157 2.459261e-11
13158 2.458900e-11
13159 2.458539e-11
13160 2.458179e-11
13161 2.457818e-11
13162 2.457457e-11
13163 2.457097e-11
13164 2.456736e-11
13165 2.456376e-11
13166 2.456015e-11
13167 2.455655e-11
13168 2.455295e-11
13169 2.454935e-11
13170 2.454575e-11
13171 2.454215e-11
13172 2.453855e-11
13173 2.453495e-11
13174 2.453135e-11
13175 2.452776e-11
13176 2.452416e-11
13177 2.452057e-11
13178 2.451697e-11
13179 2.451338e-11
13180 2.450979e-11
13181 2.450619e-11
13182 2.450260e-11
13183 2.449901e-11
13184 2.449542e-11
13185 2.449184e-11
13186 2.448825e-11
13187 2.448466e-11
13188 2.448108e-11
13189 2.447749e-11
13190 2.447391e-11
13191 2.447032e-11
13192 2.446674e-11
13193 2.446316e-11
13194 2.445958e-11
13195 2.445600e-11
13196 2.445242e-11
13197 2.444884e-11
13198 2.444526e-11
13199 2.444168e-11
13200 2.443810e-11
13201 2.443453e-11
13202 2.443095e-11
13203 2.442738e-11
13204 2.442381e-11
13205 2.442023e-11
13206 2.441666e-11
13207 2.441309e-11
13208 2.440952e-11
13209 2.440595e-11
13210 2.440238e-11
13211 2.439882e-11
13212 2.439525e-11
13213 2.439168e-11
13214 2.438812e-11
13215 2.438455e-11
13216 2.438099e-11
13217 2.437743e-11
13218 2.437386e-11
13219 2.437030e-11
13220 2.436674e-11
13221 2.436318e-11
13222 2.435962e-11
13223 2.435606e-11
13224 2.435251e-11
13225 2.434895e-11
13226 2.434539e-11
13227 2.434184e-11
13228 2.433829e-11
13229 2.433473e-11
13230 2.433118e-11
13231 2.432763e-11
13232 2.432408e-11
13233 2.432053e-11
13234 2.431698e-11
13235 2.431343e-11
13236 2.430988e-11
13237 2.430633e-11
13238 2.430279e-11
13239 2.429924e-11
13240 2.429570e-11
13241 2.429215e-11
13242 2.428861e-11
13243 2.428507e-11
13244 2.428152e-11
13245 2.427798e-11
13246 2.427444e-11
13247 2.427090e-11
13248 2.426736e-11
13249 2.426383e-11
13250 2.426029e-11
13251 2.425675e-11
13252 2.425322e-11
13253 2.424968e-11
13254 2.424615e-11
13255 2.424262e-11
13256 2.423908e-11
13257 2.423555e-11
13258 2.423202e-11
13259 2.422849e-11
13260 2.422496e-11
13261 2.422143e-11
13262 2.421791e-11
13263 2.421438e-11
13264 2.421085e-11
13265 2.420733e-11
13266 2.420380e-11
13267 2.420028e-11
13268 2.419676e-11
13269 2.419323e-11
13270 2.418971e-11
13271 2.418619e-11
13272 2.418267e-11
13273 2.417915e-11
13274 2.417563e-11
13275 2.417212e-11
13276 2.416860e-11
13277 2.416508e-11
13278 2.416157e-11
13279 2.415805e-11
13280 2.415454e-11
13281 2.415103e-11
13282 2.414752e-11
13283 2.414400e-11
13284 2.414049e-11
13285 2.413698e-11
13286 2.413348e-11
13287 2.412997e-11
13288 2.412646e-11
13289 2.412295e-11
13290 2.411945e-11
13291 2.411594e-11
13292 2.411244e-11
13293 2.410893e-11
13294 2.410543e-11
13295 2.410193e-11
13296 2.409843e-11
13297 2.409493e-11
13298 2.409143e-11
13299 2.408793e-11
13300 2.408443e-11
13301 2.408093e-11
13302 2.407744e-11
13303 2.407394e-11
13304 2.407044e-11
13305 2.406695e-11
13306 2.406346e-11
13307 2.405996e-11
13308 2.405647e-11
13309 2.405298e-11
13310 2.404949e-11
13311 2.404600e-11
13312 2.404251e-11
13313 2.403902e-11
13314 2.403554e-11
13315 2.403205e-11
13316 2.402856e-11
13317 2.402508e-11
13318 2.402159e-11
13319 2.401811e-11
13320 2.401463e-11
13321 2.401115e-11
13322 2.400766e-11
13323 2.400418e-11
13324 2.400070e-11
13325 2.399722e-11
13326 2.399375e-11
13327 2.399027e-11
13328 2.398679e-11
13329 2.398332e-11
13330 2.397984e-11
13331 2.397637e-11
13332 2.397289e-11
13333 2.396942e-11
13334 2.396595e-11
13335 2.396248e-11
13336 2.395901e-11
13337 2.395554e-11
13338 2.395207e-11
13339 2.394860e-11
13340 2.394513e-11
13341 2.394166e-11
13342 2.393820e-11
13343 2.393473e-11
13344 2.393127e-11
13345 2.392781e-11
13346 2.392434e-11
13347 2.392088e-11
13348 2.391742e-11
13349 2.391396e-11
13350 2.391050e-11
13351 2.390704e-11
13352 2.390358e-11
13353 2.390012e-11
13354 2.389667e-11
13355 2.389318e-11
13356 2.388967e-11
13357 2.388616e-11
13358 2.388265e-11
13359 2.387914e-11
13360 2.387563e-11
13361 2.387212e-11
13362 2.386862e-11
13363 2.386511e-11
13364 2.386160e-11
13365 2.385810e-11
13366 2.385460e-11
13367 2.385109e-11
13368 2.384759e-11
13369 2.384409e-11
13370 2.384059e-11
13371 2.383709e-11
13372 2.383359e-11
13373 2.383009e-11
13374 2.382659e-11
13375 2.382309e-11
13376 2.381960e-11
13377 2.381610e-11
13378 2.381261e-11
13379 2.380911e-11
13380 2.380562e-11
13381 2.380213e-11
13382 2.379864e-11
13383 2.379515e-11
13384 2.379166e-11
13385 2.378817e-11
13386 2.378468e-11
13387 2.378119e-11
13388 2.377770e-11
13389 2.377422e-11
13390 2.377073e-11
13391 2.376725e-11
13392 2.376376e-11
13393 2.376028e-11
13394 2.375680e-11
13395 2.375332e-11
13396 2.374984e-11
13397 2.374636e-11
13398 2.374288e-11
13399 2.373940e-11
13400 2.373592e-11
13401 2.373244e-11
13402 2.372897e-11
13403 2.372549e-11
13404 2.372202e-11
13405 2.371854e-11
13406 2.371507e-11
13407 2.371160e-11
13408 2.370813e-11
13409 2.370466e-11
13410 2.370119e-11
13411 2.369772e-11
13412 2.369425e-11
13413 2.369078e-11
13414 2.368731e-11
13415 2.368385e-11
13416 2.368038e-11
13417 2.367692e-11
13418 2.367345e-11
13419 2.366999e-11
13420 2.366653e-11
13421 2.366307e-11
13422 2.365961e-11
13423 2.365615e-11
13424 2.365269e-11
13425 2.364923e-11
13426 2.364577e-11
13427 2.364231e-11
13428 2.363886e-11
13429 2.363540e-11
13430 2.363195e-11
13431 2.362849e-11
13432 2.362504e-11
13433 2.362159e-11
13434 2.361813e-11
13435 2.361468e-11
13436 2.361123e-11
13437 2.360778e-11
13438 2.360434e-11
13439 2.360089e-11
13440 2.359744e-11
13441 2.359399e-11
13442 2.359055e-11
13443 2.358710e-11
13444 2.358366e-11
13445 2.358022e-11
13446 2.357677e-11
13447 2.357333e-11
13448 2.356989e-11
13449 2.356645e-11
13450 2.356301e-11
13451 2.355957e-11
13452 2.355613e-11
13453 2.355270e-11
13454 2.354926e-11
13455 2.354582e-11
13456 2.354239e-11
13457 2.353896e-11
13458 2.353552e-11
13459 2.353209e-11
13460 2.352866e-11
13461 2.352523e-11
13462 2.352180e-11
13463 2.351837e-11
13464 2.351494e-11
13465 2.351151e-11
13466 2.350808e-11
13467 2.350465e-11
13468 2.350123e-11
13469 2.349780e-11
13470 2.349438e-11
13471 2.349096e-11
13472 2.348753e-11
13473 2.348411e-11
13474 2.348069e-11
13475 2.347727e-11
13476 2.347385e-11
13477 2.347043e-11
13478 2.346701e-11
13479 2.346359e-11
13480 2.346018e-11
13481 2.345676e-11
13482 2.345334e-11
13483 2.344993e-11
13484 2.344652e-11
13485 2.344310e-11
13486 2.343969e-11
13487 2.343628e-11
13488 2.343287e-11
13489 2.342946e-11
13490 2.342605e-11
13491 2.342264e-11
13492 2.341923e-11
13493 2.341582e-11
13494 2.341242e-11
13495 2.340901e-11
13496 2.340561e-11
13497 2.340220e-11
13498 2.339880e-11
13499 2.339540e-11
13500 2.339199e-11
13501 2.338859e-11
13502 2.338519e-11
13503 2.338179e-11
13504 2.337839e-11
13505 2.337500e-11
13506 2.337160e-11
13507 2.336820e-11
13508 2.336481e-11
13509 2.336141e-11
13510 2.335802e-11
13511 2.335462e-11
13512 2.335123e-11
13513 2.334784e-11
13514 2.334445e-11
13515 2.334106e-11
13516 2.333767e-11
13517 2.333428e-11
13518 2.333089e-11
13519 2.332750e-11
13520 2.332411e-11
13521 2.332073e-11
13522 2.331734e-11
13523 2.331396e-11
13524 2.331057e-11
13525 2.330719e-11
13526 2.330381e-11
13527 2.330042e-11
13528 2.329704e-11
13529 2.329366e-11
13530 2.329028e-11
13531 2.328690e-11
13532 2.328353e-11
13533 2.328015e-11
13534 2.327677e-11
13535 2.327340e-11
13536 2.327002e-11
13537 2.326665e-11
13538 2.326327e-11
13539 2.325990e-11
13540 2.325653e-11
13541 2.325316e-11
13542 2.324979e-11
13543 2.324642e-11
13544 2.324305e-11
13545 2.323968e-11
13546 2.323631e-11
13547 2.323294e-11
13548 2.322958e-11
13549 2.322621e-11
13550 2.322285e-11
13551 2.321948e-11
13552 2.321612e-11
13553 2.321276e-11
13554 2.320939e-11
13555 2.320603e-11
13556 2.320267e-11
13557 2.319931e-11
13558 2.319595e-11
13559 2.319259e-11
13560 2.318924e-11
13561 2.318588e-11
13562 2.318252e-11
13563 2.317917e-11
13564 2.317581e-11
13565 2.317246e-11
13566 2.316911e-11
13567 2.316576e-11
13568 2.316240e-11
13569 2.315905e-11
13570 2.315570e-11
13571 2.315235e-11
13572 2.314900e-11
13573 2.314566e-11
13574 2.314231e-11
13575 2.313896e-11
13576 2.313562e-11
13577 2.313227e-11
13578 2.312893e-11
13579 2.312558e-11
13580 2.312224e-11
13581 2.311890e-11
13582 2.311556e-11
13583 2.311222e-11
13584 2.310888e-11
13585 2.310554e-11
13586 2.310220e-11
13587 2.309886e-11
13588 2.309552e-11
13589 2.309219e-11
13590 2.308885e-11
13591 2.308552e-11
13592 2.308218e-11
13593 2.307885e-11
13594 2.307552e-11
13595 2.307218e-11
13596 2.306885e-11
13597 2.306552e-11
13598 2.306219e-11
13599 2.305886e-11
13600 2.305554e-11
13601 2.305221e-11
13602 2.304888e-11
13603 2.304556e-11
13604 2.304223e-11
13605 2.303891e-11
13606 2.303558e-11
13607 2.303226e-11
13608 2.302894e-11
13609 2.302561e-11
13610 2.302229e-11
13611 2.301897e-11
13612 2.301565e-11
13613 2.301233e-11
13614 2.300902e-11
13615 2.300570e-11
13616 2.300238e-11
13617 2.299906e-11
13618 2.299575e-11
13619 2.299243e-11
13620 2.298912e-11
13621 2.298581e-11
13622 2.298250e-11
13623 2.297918e-11
13624 2.297587e-11
13625 2.297256e-11
13626 2.296925e-11
13627 2.296594e-11
13628 2.296264e-11
13629 2.295933e-11
13630 2.295602e-11
13631 2.295272e-11
13632 2.294941e-11
13633 2.294611e-11
13634 2.294280e-11
13635 2.293950e-11
13636 2.293620e-11
13637 2.293290e-11
13638 2.292959e-11
13639 2.292629e-11
13640 2.292299e-11
13641 2.291970e-11
13642 2.291640e-11
13643 2.291310e-11
13644 2.290980e-11
13645 2.290651e-11
13646 2.290321e-11
13647 2.289992e-11
13648 2.289662e-11
13649 2.289333e-11
13650 2.289004e-11
13651 2.288675e-11
13652 2.288346e-11
13653 2.288017e-11
13654 2.287688e-11
13655 2.287359e-11
13656 2.287030e-11
13657 2.286701e-11
13658 2.286373e-11
13659 2.286044e-11
13660 2.285715e-11
13661 2.285387e-11
13662 2.285059e-11
13663 2.284730e-11
13664 2.284402e-11
13665 2.284074e-11
13666 2.283746e-11
13667 2.283418e-11
13668 2.283090e-11
13669 2.282762e-11
13670 2.282434e-11
13671 2.282106e-11
13672 2.281779e-11
13673 2.281451e-11
13674 2.281124e-11
13675 2.280796e-11
13676 2.280469e-11
13677 2.280141e-11
13678 2.279814e-11
13679 2.279487e-11
13680 2.279160e-11
13681 2.278833e-11
13682 2.278506e-11
13683 2.278179e-11
13684 2.277852e-11
13685 2.277526e-11
13686 2.277199e-11
13687 2.276872e-11
13688 2.276546e-11
13689 2.276219e-11
13690 2.275893e-11
13691 2.275567e-11
13692 2.275240e-11
13693 2.274914e-11
13694 2.274588e-11
13695 2.274262e-11
13696 2.273936e-11
13697 2.273610e-11
13698 2.273284e-11
13699 2.272959e-11
13700 2.272633e-11
13701 2.272307e-11
13702 2.271982e-11
13703 2.271656e-11
13704 2.271331e-11
13705 2.271005e-11
13706 2.270680e-11
13707 2.270355e-11
13708 2.270030e-11
13709 2.269705e-11
13710 2.269380e-11
13711 2.269055e-11
13712 2.268730e-11
13713 2.268405e-11
13714 2.268081e-11
13715 2.267756e-11
13716 2.267431e-11
13717 2.267107e-11
13718 2.266782e-11
13719 2.266458e-11
13720 2.266134e-11
13721 2.265810e-11
13722 2.265486e-11
13723 2.265161e-11
13724 2.264837e-11
13725 2.264513e-11
13726 2.264190e-11
13727 2.263866e-11
13728 2.263542e-11
13729 2.263218e-11
13730 2.262895e-11
13731 2.262571e-11
13732 2.262248e-11
13733 2.261925e-11
13734 2.261601e-11
13735 2.261278e-11
13736 2.260955e-11
13737 2.260632e-11
13738 2.260309e-11
13739 2.259986e-11
13740 2.259663e-11
13741 2.259340e-11
13742 2.259017e-11
13743 2.258695e-11
13744 2.258372e-11
13745 2.258050e-11
13746 2.257727e-11
13747 2.257405e-11
13748 2.257082e-11
13749 2.256760e-11
13750 2.256438e-11
13751 2.256116e-11
13752 2.255794e-11
13753 2.255472e-11
13754 2.255150e-11
13755 2.254828e-11
13756 2.254506e-11
13757 2.254184e-11
13758 2.253863e-11
13759 2.253541e-11
13760 2.253220e-11
13761 2.252898e-11
13762 2.252577e-11
13763 2.252256e-11
13764 2.251934e-11
13765 2.251613e-11
13766 2.251292e-11
13767 2.250971e-11
13768 2.250650e-11
13769 2.250329e-11
13770 2.250009e-11
13771 2.249688e-11
13772 2.249367e-11
13773 2.249047e-11
13774 2.248726e-11
13775 2.248406e-11
13776 2.248085e-11
13777 2.247765e-11
13778 2.247445e-11
13779 2.247124e-11
13780 2.246804e-11
13781 2.246484e-11
13782 2.246164e-11
13783 2.245844e-11
13784 2.245525e-11
13785 2.245205e-11
13786 2.244885e-11
13787 2.244565e-11
13788 2.244246e-11
13789 2.243926e-11
13790 2.243607e-11
13791 2.243288e-11
13792 2.242968e-11
13793 2.242649e-11
13794 2.242330e-11
13795 2.242011e-11
13796 2.241692e-11
13797 2.241373e-11
13798 2.241054e-11
13799 2.240735e-11
13800 2.240416e-11
13801 2.240098e-11
13802 2.239779e-11
13803 2.239461e-11
13804 2.239142e-11
13805 2.238824e-11
13806 2.238505e-11
13807 2.238187e-11
13808 2.237869e-11
13809 2.237551e-11
13810 2.237233e-11
13811 2.236915e-11
13812 2.236597e-11
13813 2.236279e-11
13814 2.235961e-11
13815 2.235644e-11
13816 2.235326e-11
13817 2.235008e-11
13818 2.234691e-11
13819 2.234373e-11
13820 2.234056e-11
13821 2.233739e-11
13822 2.233421e-11
13823 2.233104e-11
13824 2.232787e-11
13825 2.232470e-11
13826 2.232153e-11
13827 2.231836e-11
13828 2.231519e-11
13829 2.231203e-11
13830 2.230886e-11
13831 2.230569e-11
13832 2.230253e-11
13833 2.229936e-11
13834 2.229620e-11
13835 2.229303e-11
13836 2.228987e-11
13837 2.228671e-11
13838 2.228355e-11
13839 2.228039e-11
13840 2.227723e-11
13841 2.227407e-11
13842 2.227091e-11
13843 2.226775e-11
13844 2.226459e-11
13845 2.226144e-11
13846 2.225828e-11
13847 2.225512e-11
13848 2.225197e-11
13849 2.224882e-11
13850 2.224566e-11
13851 2.224251e-11
13852 2.223936e-11
13853 2.223621e-11
13854 2.223305e-11
13855 2.222990e-11
13856 2.222676e-11
13857 2.222361e-11
13858 2.222046e-11
13859 2.221731e-11
13860 2.221416e-11
13861 2.221102e-11
13862 2.220787e-11
13863 2.220473e-11
13864 2.220158e-11
13865 2.219844e-11
13866 2.219530e-11
13867 2.219216e-11
13868 2.218901e-11
13869 2.218587e-11
13870 2.218273e-11
13871 2.217959e-11
13872 2.217646e-11
13873 2.217332e-11
13874 2.217018e-11
13875 2.216704e-11
13876 2.216391e-11
13877 2.216077e-11
13878 2.215764e-11
13879 2.215450e-11
13880 2.215137e-11
13881 2.214824e-11
13882 2.214511e-11
13883 2.214197e-11
13884 2.213884e-11
13885 2.213571e-11
13886 2.213258e-11
13887 2.212946e-11
13888 2.212633e-11
13889 2.212320e-11
13890 2.212007e-11
13891 2.211695e-11
13892 2.211382e-11
13893 2.211070e-11
13894 2.210757e-11
13895 2.210445e-11
13896 2.210133e-11
13897 2.209821e-11
13898 2.209509e-11
13899 2.209196e-11
13900 2.208884e-11
13901 2.208573e-11
13902 2.208261e-11
13903 2.207949e-11
13904 2.207637e-11
13905 2.207326e-11
13906 2.207014e-11
13907 2.206702e-11
13908 2.206391e-11
13909 2.206080e-11
13910 2.205768e-11
13911 2.205457e-11
13912 2.205146e-11
13913 2.204835e-11
13914 2.204524e-11
13915 2.204213e-11
13916 2.203902e-11
13917 2.203591e-11
13918 2.203280e-11
13919 2.202969e-11
13920 2.202659e-11
13921 2.202348e-11
13922 2.202037e-11
13923 2.201727e-11
13924 2.201416e-11
13925 2.201106e-11
13926 2.200796e-11
13927 2.200486e-11
13928 2.200176e-11
13929 2.199865e-11
13930 2.199555e-11
13931 2.199246e-11
13932 2.198936e-11
13933 2.198626e-11
13934 2.198316e-11
13935 2.198006e-11
13936 2.197697e-11
13937 2.197387e-11
13938 2.197078e-11
13939 2.196768e-11
13940 2.196459e-11
13941 2.196150e-11
13942 2.195840e-11
13943 2.195531e-11
13944 2.195222e-11
13945 2.194913e-11
13946 2.194604e-11
13947 2.194295e-11
13948 2.193987e-11
13949 2.193678e-11
13950 2.193369e-11
13951 2.193060e-11
13952 2.192752e-11
13953 2.192443e-11
13954 2.192135e-11
13955 2.191827e-11
13956 2.191518e-11
13957 2.191210e-11
13958 2.190902e-11
13959 2.190594e-11
13960 2.190286e-11
13961 2.189978e-11
13962 2.189670e-11
13963 2.189362e-11
13964 2.189054e-11
13965 2.188747e-11
13966 2.188439e-11
13967 2.188131e-11
13968 2.187824e-11
13969 2.187516e-11
13970 2.187209e-11
13971 2.186902e-11
13972 2.186594e-11
13973 2.186287e-11
13974 2.185980e-11
13975 2.185673e-11
13976 2.185366e-11
13977 2.185059e-11
13978 2.184752e-11
13979 2.184445e-11
13980 2.184139e-11
13981 2.183832e-11
13982 2.183525e-11
13983 2.183219e-11
13984 2.182912e-11
13985 2.182606e-11
13986 2.182300e-11
13987 2.181993e-11
13988 2.181687e-11
13989 2.181381e-11
13990 2.181075e-11
13991 2.180769e-11
13992 2.180463e-11
13993 2.180157e-11
13994 2.179851e-11
13995 2.179545e-11
13996 2.179240e-11
13997 2.178934e-11
13998 2.178629e-11
13999 2.178323e-11
14000 2.178018e-11
14001 2.177712e-11
14002 2.177407e-11
14003 2.177102e-11
14004 2.176796e-11
14005 2.176491e-11
14006 2.176186e-11
14007 2.175881e-11
14008 2.175576e-11
14009 2.175272e-11
14010 2.174967e-11
14011 2.174662e-11
14012 2.174357e-11
14013 2.174053e-11
14014 2.173748e-11
14015 2.173444e-11
14016 2.173139e-11
14017 2.172835e-11
14018 2.172531e-11
14019 2.172227e-11
14020 2.171922e-11
14021 2.171618e-11
14022 2.171314e-11
14023 2.171010e-11
14024 2.170706e-11
14025 2.170403e-11
14026 2.170099e-11
14027 2.169795e-11
14028 2.169491e-11
14029 2.169188e-11
14030 2.168884e-11
14031 2.168581e-11
14032 2.168278e-11
14033 2.167974e-11
14034 2.167671e-11
14035 2.167368e-11
14036 2.167065e-11
14037 2.166762e-11
14038 2.166459e-11
14039 2.166156e-11
14040 2.165853e-11
14041 2.165550e-11
14042 2.165247e-11
14043 2.164945e-11
14044 2.164642e-11
14045 2.164339e-11
14046 2.164037e-11
14047 2.163735e-11
14048 2.163432e-11
14049 2.163130e-11
14050 2.162828e-11
14051 2.162526e-11
14052 2.162223e-11
14053 2.161921e-11
14054 2.161619e-11
14055 2.161318e-11
14056 2.161016e-11
14057 2.160714e-11
14058 2.160412e-11
14059 2.160111e-11
14060 2.159809e-11
14061 2.159507e-11
14062 2.159206e-11
14063 2.158905e-11
14064 2.158603e-11
14065 2.158302e-11
14066 2.158001e-11
14067 2.157700e-11
14068 2.157398e-11
14069 2.157097e-11
14070 2.156796e-11
14071 2.156496e-11
14072 2.156195e-11
14073 2.155894e-11
14074 2.155593e-11
14075 2.155293e-11
14076 2.154992e-11
14077 2.154692e-11
14078 2.154391e-11
14079 2.154091e-11
14080 2.153790e-11
14081 2.153490e-11
14082 2.153190e-11
14083 2.152890e-11
14084 2.152590e-11
14085 2.152290e-11
14086 2.151990e-11
14087 2.151690e-11
14088 2.151390e-11
14089 2.151090e-11
14090 2.150791e-11
14091 2.150491e-11
14092 2.150191e-11
14093 2.149892e-11
14094 2.149592e-11
14095 2.149293e-11
14096 2.148994e-11
14097 2.148695e-11
14098 2.148395e-11
14099 2.148096e-11
14100 2.147797e-11
14101 2.147498e-11
14102 2.147199e-11
14103 2.146900e-11
14104 2.146602e-11
14105 2.146303e-11
14106 2.146004e-11
14107 2.145705e-11
14108 2.145407e-11
14109 2.145108e-11
14110 2.144810e-11
14111 2.144512e-11
14112 2.144213e-11
14113 2.143915e-11
14114 2.143617e-11
14115 2.143319e-11
14116 2.143021e-11
14117 2.142723e-11
14118 2.142425e-11
14119 2.142127e-11
14120 2.141829e-11
14121 2.141531e-11
14122 2.141234e-11
14123 2.140936e-11
14124 2.140638e-11
14125 2.140341e-11
14126 2.140043e-11
14127 2.139746e-11
14128 2.139449e-11
14129 2.139152e-11
14130 2.138854e-11
14131 2.138557e-11
14132 2.138260e-11
14133 2.137963e-11
14134 2.137666e-11
14135 2.137369e-11
14136 2.137073e-11
14137 2.136776e-11
14138 2.136479e-11
14139 2.136182e-11
14140 2.135886e-11
14141 2.135589e-11
14142 2.135293e-11
14143 2.134997e-11
14144 2.134700e-11
14145 2.134404e-11
14146 2.134108e-11
14147 2.133812e-11
14148 2.133516e-11
14149 2.133220e-11
14150 2.132924e-11
14151 2.132628e-11
14152 2.132332e-11
14153 2.132036e-11
14154 2.131741e-11
14155 2.131445e-11
14156 2.131149e-11
14157 2.130854e-11
14158 2.130558e-11
14159 2.130263e-11
14160 2.129968e-11
14161 2.129672e-11
14162 2.129377e-11
14163 2.129082e-11
14164 2.128787e-11
14165 2.128492e-11
14166 2.128197e-11
14167 2.127902e-11
14168 2.127607e-11
14169 2.127313e-11
14170 2.127018e-11
14171 2.126723e-11
14172 2.126429e-11
14173 2.126134e-11
14174 2.125840e-11
14175 2.125545e-11
14176 2.125251e-11
14177 2.124957e-11
14178 2.124662e-11
14179 2.124368e-11
14180 2.124074e-11
14181 2.123780e-11
14182 2.123486e-11
14183 2.123192e-11
14184 2.122898e-11
14185 2.122605e-11
14186 2.122311e-11
14187 2.122017e-11
14188 2.121724e-11
14189 2.121430e-11
14190 2.121137e-11
14191 2.120843e-11
14192 2.120550e-11
14193 2.120257e-11
14194 2.119963e-11
14195 2.119670e-11
14196 2.119377e-11
14197 2.119084e-11
14198 2.118791e-11
14199 2.118498e-11
14200 2.118205e-11
14201 2.117912e-11
14202 2.117620e-11
14203 2.117327e-11
14204 2.117034e-11
14205 2.116742e-11
14206 2.116449e-11
14207 2.116157e-11
14208 2.115864e-11
14209 2.115572e-11
14210 2.115280e-11
14211 2.114988e-11
14212 2.114696e-11
14213 2.114403e-11
14214 2.114111e-11
14215 2.113819e-11
14216 2.113528e-11
14217 2.113236e-11
14218 2.112944e-11
14219 2.112652e-11
14220 2.112361e-11
14221 2.112069e-11
14222 2.111778e-11
14223 2.111486e-11
14224 2.111195e-11
14225 2.110903e-11
14226 2.110612e-11
14227 2.110321e-11
14228 2.110030e-11
14229 2.109739e-11
14230 2.109448e-11
14231 2.109157e-11
14232 2.108866e-11
14233 2.108575e-11
14234 2.108284e-11
14235 2.107993e-11
14236 2.107703e-11
14237 2.107412e-11
14238 2.107121e-11
14239 2.106831e-11
14240 2.106540e-11
14241 2.106250e-11
14242 2.105960e-11
14243 2.105669e-11
14244 2.105379e-11
14245 2.105089e-11
14246 2.104799e-11
14247 2.104509e-11
14248 2.104219e-11
14249 2.103929e-11
14250 2.103639e-11
14251 2.103350e-11
14252 2.103060e-11
14253 2.102770e-11
14254 2.102481e-11
14255 2.102191e-11
14256 2.101902e-11
14257 2.101612e-11
14258 2.101323e-11
14259 2.101034e-11
14260 2.100744e-11
14261 2.100455e-11
14262 2.100166e-11
14263 2.099877e-11
14264 2.099588e-11
14265 2.099299e-11
14266 2.099010e-11
14267 2.098721e-11
14268 2.098433e-11
14269 2.098144e-11
14270 2.097855e-11
14271 2.097567e-11
14272 2.097278e-11
14273 2.096990e-11
14274 2.096701e-11
14275 2.096413e-11
14276 2.096125e-11
14277 2.095837e-11
14278 2.095549e-11
14279 2.095260e-11
14280 2.094972e-11
14281 2.094684e-11
14282 2.094397e-11
14283 2.094109e-11
14284 2.093821e-11
14285 2.093533e-11
14286 2.093245e-11
14287 2.092958e-11
14288 2.092670e-11
14289 2.092383e-11
14290 2.092095e-11
14291 2.091808e-11
14292 2.091521e-11
14293 2.091233e-11
14294 2.090946e-11
14295 2.090659e-11
14296 2.090372e-11
14297 2.090085e-11
14298 2.089798e-11
14299 2.089511e-11
14300 2.089224e-11
14301 2.088938e-11
14302 2.088651e-11
14303 2.088364e-11
14304 2.088078e-11
14305 2.087791e-11
14306 2.087505e-11
14307 2.087218e-11
14308 2.086932e-11
14309 2.086645e-11
14310 2.086359e-11
14311 2.086073e-11
14312 2.085787e-11
14313 2.085501e-11
14314 2.085215e-11
14315 2.084927e-11
14316 2.084637e-11
14317 2.084347e-11
14318 2.084056e-11
14319 2.083766e-11
14320 2.083476e-11
14321 2.083186e-11
14322 2.082896e-11
14323 2.082606e-11
14324 2.082317e-11
14325 2.082027e-11
14326 2.081737e-11
14327 2.081448e-11
14328 2.081158e-11
14329 2.080868e-11
14330 2.080579e-11
14331 2.080290e-11
14332 2.080000e-11
14333 2.079711e-11
14334 2.079422e-11
14335 2.079133e-11
14336 2.078844e-11
14337 2.078555e-11
14338 2.078266e-11
14339 2.077977e-11
14340 2.077688e-11
14341 2.077399e-11
14342 2.077110e-11
14343 2.076822e-11
14344 2.076533e-11
14345 2.076245e-11
14346 2.075956e-11
14347 2.075668e-11
14348 2.075379e-11
14349 2.075091e-11
14350 2.074803e-11
14351 2.074515e-11
14352 2.074227e-11
14353 2.073939e-11
14354 2.073651e-11
14355 2.073363e-11
14356 2.073075e-11
14357 2.072787e-11
14358 2.072499e-11
14359 2.072212e-11
14360 2.071924e-11
14361 2.071636e-11
14362 2.071349e-11
14363 2.071061e-11
14364 2.070774e-11
14365 2.070487e-11
14366 2.070199e-11
14367 2.069912e-11
14368 2.069625e-11
14369 2.069338e-11
14370 2.069051e-11
14371 2.068764e-11
14372 2.068477e-11
14373 2.068190e-11
14374 2.067903e-11
14375 2.067617e-11
14376 2.067330e-11
14377 2.067043e-11
14378 2.066757e-11
14379 2.066470e-11
14380 2.066184e-11
14381 2.065897e-11
14382 2.065611e-11
14383 2.065325e-11
14384 2.065039e-11
14385 2.064752e-11
14386 2.064466e-11
14387 2.064180e-11
14388 2.063894e-11
14389 2.063608e-11
14390 2.063323e-11
14391 2.063037e-11
14392 2.062751e-11
14393 2.062465e-11
14394 2.062180e-11
14395 2.061894e-11
14396 2.061609e-11
14397 2.061323e-11
14398 2.061038e-11
14399 2.060753e-11
14400 2.060467e-11
14401 2.060182e-11
14402 2.059897e-11
14403 2.059612e-11
14404 2.059327e-11
14405 2.059042e-11
14406 2.058757e-11
14407 2.058472e-11
14408 2.058188e-11
14409 2.057903e-11
14410 2.057618e-11
14411 2.057334e-11
14412 2.057049e-11
14413 2.056765e-11
14414 2.056480e-11
14415 2.056196e-11
14416 2.055912e-11
14417 2.055627e-11
14418 2.055343e-11
14419 2.055059e-11
14420 2.054775e-11
14421 2.054491e-11
14422 2.054207e-11
14423 2.053923e-11
14424 2.053639e-11
14425 2.053355e-11
14426 2.053072e-11
14427 2.052788e-11
14428 2.052505e-11
14429 2.052221e-11
14430 2.051938e-11
14431 2.051654e-11
14432 2.051371e-11
14433 2.051087e-11
14434 2.050804e-11
14435 2.050521e-11
14436 2.050238e-11
14437 2.049955e-11
14438 2.049672e-11
14439 2.049389e-11
14440 2.049106e-11
14441 2.048823e-11
14442 2.048540e-11
14443 2.048258e-11
14444 2.047975e-11
14445 2.047692e-11
14446 2.047410e-11
14447 2.047127e-11
14448 2.046845e-11
14449 2.046563e-11
14450 2.046280e-11
14451 2.045998e-11
14452 2.045716e-11
14453 2.045434e-11
14454 2.045152e-11
14455 2.044870e-11
14456 2.044588e-11
14457 2.044306e-11
14458 2.044024e-11
14459 2.043742e-11
14460 2.043460e-11
14461 2.043179e-11
14462 2.042897e-11
14463 2.042616e-11
14464 2.042334e-11
14465 2.042053e-11
14466 2.041771e-11
14467 2.041490e-11
14468 2.041209e-11
14469 2.040928e-11
14470 2.040646e-11
14471 2.040365e-11
14472 2.040084e-11
14473 2.039803e-11
14474 2.039522e-11
14475 2.039242e-11
14476 2.038961e-11
14477 2.038680e-11
14478 2.038399e-11
14479 2.038119e-11
14480 2.037838e-11
14481 2.037558e-11
14482 2.037277e-11
14483 2.036997e-11
14484 2.036717e-11
14485 2.036436e-11
14486 2.036156e-11
14487 2.035876e-11
14488 2.035596e-11
14489 2.035316e-11
14490 2.035036e-11
14491 2.034756e-11
14492 2.034476e-11
14493 2.034196e-11
14494 2.033917e-11
14495 2.033637e-11
14496 2.033357e-11
14497 2.033078e-11
14498 2.032798e-11
14499 2.032519e-11
14500 2.032239e-11
14501 2.031960e-11
14502 2.031681e-11
14503 2.031401e-11
14504 2.031122e-11
14505 2.030843e-11
14506 2.030564e-11
14507 2.030285e-11
14508 2.030006e-11
14509 2.029727e-11
14510 2.029448e-11
14511 2.029170e-11
14512 2.028891e-11
14513 2.028612e-11
14514 2.028334e-11
14515 2.028055e-11
14516 2.027777e-11
14517 2.027498e-11
14518 2.027220e-11
14519 2.026942e-11
14520 2.026663e-11
14521 2.026385e-11
14522 2.026107e-11
14523 2.025829e-11
14524 2.025551e-11
14525 2.025273e-11
14526 2.024995e-11
14527 2.024717e-11
14528 2.024439e-11
14529 2.024162e-11
14530 2.023884e-11
14531 2.023606e-11
14532 2.023329e-11
14533 2.023051e-11
14534 2.022774e-11
14535 2.022496e-11
14536 2.022219e-11
14537 2.021942e-11
14538 2.021665e-11
14539 2.021387e-11
14540 2.021110e-11
14541 2.020833e-11
14542 2.020556e-11
14543 2.020279e-11
14544 2.020002e-11
14545 2.019726e-11
14546 2.019449e-11
14547 2.019172e-11
14548 2.018896e-11
14549 2.018619e-11
14550 2.018342e-11
14551 2.018066e-11
14552 2.017790e-11
14553 2.017513e-11
14554 2.017237e-11
14555 2.016961e-11
14556 2.016684e-11
14557 2.016408e-11
14558 2.016132e-11
14559 2.015856e-11
14560 2.015580e-11
14561 2.015304e-11
14562 2.015028e-11
14563 2.014753e-11
14564 2.014477e-11
14565 2.014201e-11
14566 2.013926e-11
14567 2.013650e-11
14568 2.013374e-11
14569 2.013099e-11
14570 2.012824e-11
14571 2.012548e-11
14572 2.012273e-11
14573 2.011998e-11
14574 2.011723e-11
14575 2.011447e-11
14576 2.011172e-11
14577 2.010897e-11
14578 2.010622e-11
14579 2.010348e-11
14580 2.010073e-11
14581 2.009798e-11
14582 2.009523e-11
14583 2.009249e-11
14584 2.008974e-11
14585 2.008699e-11
14586 2.008425e-11
14587 2.008150e-11
14588 2.007876e-11
14589 2.007602e-11
14590 2.007327e-11
14591 2.007053e-11
14592 2.006779e-11
14593 2.006505e-11
14594 2.006231e-11
14595 2.005957e-11
14596 2.005683e-11
14597 2.005409e-11
14598 2.005135e-11
14599 2.004861e-11
14600 2.004588e-11
14601 2.004314e-11
14602 2.004041e-11
14603 2.003767e-11
14604 2.003494e-11
14605 2.003220e-11
14606 2.002947e-11
14607 2.002673e-11
14608 2.002400e-11
14609 2.002127e-11
14610 2.001854e-11
14611 2.001581e-11
14612 2.001308e-11
14613 2.001035e-11
14614 2.000762e-11
14615 2.000489e-11
14616 2.000216e-11
14617 1.999943e-11
14618 1.999671e-11
14619 1.999398e-11
14620 1.999125e-11
14621 1.998853e-11
14622 1.998580e-11
14623 1.998308e-11
14624 1.998036e-11
14625 1.997763e-11
14626 1.997491e-11
14627 1.997219e-11
14628 1.996947e-11
14629 1.996675e-11
14630 1.996402e-11
14631 1.996130e-11
14632 1.995859e-11
14633 1.995587e-11
14634 1.995315e-11
14635 1.995043e-11
14636 1.994771e-11
14637 1.994500e-11
14638 1.994228e-11
14639 1.993957e-11
14640 1.993685e-11
14641 1.993414e-11
14642 1.993142e-11
14643 1.992871e-11
14644 1.992600e-11
14645 1.992329e-11
14646 1.992057e-11
14647 1.991786e-11
14648 1.991515e-11
14649 1.991244e-11
14650 1.990973e-11
14651 1.990703e-11
14652 1.990432e-11
14653 1.990161e-11
14654 1.989890e-11
14655 1.989620e-11
14656 1.989349e-11
14657 1.989079e-11
14658 1.988808e-11
14659 1.988538e-11
14660 1.988267e-11
14661 1.987997e-11
14662 1.987727e-11
14663 1.987456e-11
14664 1.987186e-11
14665 1.986916e-11
14666 1.986646e-11
14667 1.986376e-11
14668 1.986106e-11
14669 1.985836e-11
14670 1.985567e-11
14671 1.985297e-11
14672 1.985027e-11
14673 1.984757e-11
14674 1.984488e-11
14675 1.984218e-11
14676 1.983949e-11
14677 1.983679e-11
14678 1.983410e-11
14679 1.983141e-11
14680 1.982871e-11
14681 1.982602e-11
14682 1.982333e-11
14683 1.982064e-11
14684 1.981795e-11
14685 1.981526e-11
14686 1.981257e-11
14687 1.980988e-11
14688 1.980719e-11
14689 1.980450e-11
14690 1.980182e-11
14691 1.979913e-11
14692 1.979644e-11
14693 1.979376e-11
14694 1.979107e-11
14695 1.978839e-11
14696 1.978571e-11
14697 1.978302e-11
14698 1.978034e-11
14699 1.977766e-11
14700 1.977497e-11
14701 1.977229e-11
14702 1.976961e-11
14703 1.976693e-11
14704 1.976425e-11
14705 1.976157e-11
14706 1.975890e-11
14707 1.975622e-11
14708 1.975354e-11
14709 1.975086e-11
14710 1.974819e-11
14711 1.974551e-11
14712 1.974284e-11
14713 1.974016e-11
14714 1.973749e-11
14715 1.973481e-11
14716 1.973214e-11
14717 1.972947e-11
14718 1.972680e-11
14719 1.972413e-11
14720 1.972145e-11
14721 1.971878e-11
14722 1.971611e-11
14723 1.971344e-11
14724 1.971078e-11
14725 1.970811e-11
14726 1.970544e-11
14727 1.970277e-11
14728 1.970011e-11
14729 1.969744e-11
14730 1.969478e-11
14731 1.969211e-11
14732 1.968945e-11
14733 1.968678e-11
14734 1.968412e-11
14735 1.968146e-11
14736 1.967879e-11
14737 1.967613e-11
14738 1.967347e-11
14739 1.967081e-11
14740 1.966815e-11
14741 1.966549e-11
14742 1.966283e-11
14743 1.966017e-11
14744 1.965752e-11
14745 1.965486e-11
14746 1.965220e-11
14747 1.964955e-11
14748 1.964689e-11
14749 1.964423e-11
14750 1.964158e-11
14751 1.963893e-11
14752 1.963627e-11
14753 1.963362e-11
14754 1.963097e-11
14755 1.962832e-11
14756 1.962566e-11
14757 1.962301e-11
14758 1.962036e-11
14759 1.961771e-11
14760 1.961506e-11
14761 1.961241e-11
14762 1.960977e-11
14763 1.960712e-11
14764 1.960447e-11
14765 1.960183e-11
14766 1.959918e-11
14767 1.959653e-11
14768 1.959389e-11
14769 1.959124e-11
14770 1.958860e-11
14771 1.958596e-11
14772 1.958331e-11
14773 1.958067e-11
14774 1.957803e-11
14775 1.957539e-11
14776 1.957275e-11
14777 1.957011e-11
14778 1.956747e-11
14779 1.956483e-11
14780 1.956219e-11
14781 1.955955e-11
14782 1.955692e-11
14783 1.955428e-11
14784 1.955164e-11
14785 1.954901e-11
14786 1.954637e-11
14787 1.954374e-11
14788 1.954110e-11
14789 1.953847e-11
14790 1.953584e-11
14791 1.953320e-11
14792 1.953057e-11
14793 1.952794e-11
14794 1.952531e-11
14795 1.952268e-11
14796 1.952005e-11
14797 1.951742e-11
14798 1.951479e-11
14799 1.951216e-11
14800 1.950953e-11
14801 1.950690e-11
14802 1.950428e-11
14803 1.950165e-11
14804 1.949903e-11
14805 1.949640e-11
14806 1.949378e-11
14807 1.949115e-11
14808 1.948853e-11
14809 1.948591e-11
14810 1.948328e-11
14811 1.948066e-11
14812 1.947804e-11
14813 1.947542e-11
14814 1.947280e-11
14815 1.947018e-11
14816 1.946756e-11
14817 1.946494e-11
14818 1.946232e-11
14819 1.945970e-11
14820 1.945709e-11
14821 1.945447e-11
14822 1.945185e-11
14823 1.944924e-11
14824 1.944662e-11
14825 1.944401e-11
14826 1.944139e-11
14827 1.943878e-11
14828 1.943617e-11
14829 1.943355e-11
14830 1.943094e-11
14831 1.942833e-11
14832 1.942572e-11
14833 1.942311e-11
14834 1.942050e-11
14835 1.941789e-11
14836 1.941528e-11
14837 1.941267e-11
14838 1.941007e-11
14839 1.940746e-11
14840 1.940485e-11
14841 1.940225e-11
14842 1.939964e-11
14843 1.939703e-11
14844 1.939443e-11
14845 1.939183e-11
14846 1.938922e-11
14847 1.938662e-11
14848 1.938402e-11
14849 1.938141e-11
14850 1.937881e-11
14851 1.937621e-11
14852 1.937361e-11
14853 1.937101e-11
14854 1.936841e-11
14855 1.936581e-11
14856 1.936322e-11
14857 1.936062e-11
14858 1.935802e-11
14859 1.935542e-11
14860 1.935283e-11
14861 1.935023e-11
14862 1.934764e-11
14863 1.934504e-11
14864 1.934245e-11
14865 1.933985e-11
14866 1.933726e-11
14867 1.933467e-11
14868 1.933208e-11
14869 1.932948e-11
14870 1.932689e-11
14871 1.932430e-11
14872 1.932171e-11
14873 1.931912e-11
14874 1.931653e-11
14875 1.931395e-11
14876 1.931136e-11
14877 1.930877e-11
14878 1.930618e-11
14879 1.930360e-11
14880 1.930101e-11
14881 1.929843e-11
14882 1.929584e-11
14883 1.929326e-11
14884 1.929067e-11
14885 1.928809e-11
14886 1.928551e-11
14887 1.928293e-11
14888 1.928034e-11
14889 1.927776e-11
14890 1.927518e-11
14891 1.927260e-11
14892 1.927002e-11
14893 1.926744e-11
14894 1.926487e-11
14895 1.926229e-11
14896 1.925971e-11
14897 1.925713e-11
14898 1.925456e-11
14899 1.925198e-11
14900 1.924940e-11
14901 1.924683e-11
14902 1.924426e-11
14903 1.924168e-11
14904 1.923911e-11
14905 1.923654e-11
14906 1.923396e-11
14907 1.923139e-11
14908 1.922882e-11
14909 1.922625e-11
14910 1.922368e-11
14911 1.922111e-11
14912 1.921854e-11
14913 1.921597e-11
14914 1.921340e-11
14915 1.921084e-11
14916 1.920827e-11
14917 1.920570e-11
14918 1.920314e-11
14919 1.920057e-11
14920 1.919800e-11
14921 1.919544e-11
14922 1.919288e-11
14923 1.919031e-11
14924 1.918775e-11
14925 1.918519e-11
14926 1.918262e-11
14927 1.918006e-11
14928 1.917750e-11
14929 1.917494e-11
14930 1.917238e-11
14931 1.916982e-11
14932 1.916726e-11
14933 1.916470e-11
14934 1.916215e-11
14935 1.915959e-11
14936 1.915703e-11
14937 1.915448e-11
14938 1.915192e-11
14939 1.914936e-11
14940 1.914681e-11
14941 1.914426e-11
14942 1.914170e-11
14943 1.913915e-11
14944 1.913660e-11
14945 1.913404e-11
14946 1.913149e-11
14947 1.912894e-11
14948 1.912639e-11
14949 1.912384e-11
14950 1.912129e-11
14951 1.911874e-11
14952 1.911619e-11
14953 1.911364e-11
14954 1.911110e-11
14955 1.910855e-11
14956 1.910600e-11
14957 1.910346e-11
14958 1.910091e-11
14959 1.909836e-11
14960 1.909582e-11
14961 1.909328e-11
14962 1.909073e-11
14963 1.908819e-11
14964 1.908565e-11
14965 1.908310e-11
14966 1.908056e-11
14967 1.907802e-11
14968 1.907548e-11
14969 1.907294e-11
14970 1.907040e-11
14971 1.906786e-11
14972 1.906532e-11
14973 1.906279e-11
14974 1.906025e-11
14975 1.905771e-11
14976 1.905518e-11
14977 1.905264e-11
14978 1.905010e-11
14979 1.904757e-11
14980 1.904503e-11
14981 1.904250e-11
14982 1.903997e-11
14983 1.903743e-11
14984 1.903490e-11
14985 1.903237e-11
14986 1.902984e-11
14987 1.902731e-11
14988 1.902478e-11
14989 1.902225e-11
14990 1.901972e-11
14991 1.901719e-11
14992 1.901466e-11
14993 1.901213e-11
14994 1.900960e-11
14995 1.900708e-11
14996 1.900455e-11
14997 1.900203e-11
14998 1.899950e-11
14999 1.899698e-11
15000 1.899445e-11
15001 1.899193e-11
15002 1.898940e-11
15003 1.898688e-11
15004 1.898436e-11
15005 1.898184e-11
15006 1.897931e-11
15007 1.897679e-11
15008 1.897427e-11
15009 1.897175e-11
15010 1.896923e-11
15011 1.896672e-11
15012 1.896420e-11
15013 1.896168e-11
15014 1.895916e-11
15015 1.895665e-11
15016 1.895413e-11
15017 1.895161e-11
15018 1.894910e-11
15019 1.894658e-11
15020 1.894407e-11
15021 1.894155e-11
15022 1.893904e-11
15023 1.893653e-11
15024 1.893402e-11
15025 1.893150e-11
15026 1.892899e-11
15027 1.892648e-11
15028 1.892397e-11
15029 1.892146e-11
15030 1.891895e-11
15031 1.891644e-11
15032 1.891394e-11
15033 1.891143e-11
15034 1.890892e-11
15035 1.890641e-11
15036 1.890391e-11
15037 1.890140e-11
15038 1.889890e-11
15039 1.889639e-11
15040 1.889389e-11
15041 1.889138e-11
15042 1.888888e-11
15043 1.888638e-11
15044 1.888387e-11
15045 1.888137e-11
15046 1.887887e-11
15047 1.887637e-11
15048 1.887387e-11
15049 1.887137e-11
15050 1.886887e-11
15051 1.886637e-11
15052 1.886387e-11
15053 1.886138e-11
15054 1.885888e-11
15055 1.885638e-11
15056 1.885389e-11
15057 1.885139e-11
15058 1.884889e-11
15059 1.884640e-11
15060 1.884390e-11
15061 1.884141e-11
15062 1.883892e-11
15063 1.883642e-11
15064 1.883393e-11
15065 1.883144e-11
15066 1.882895e-11
15067 1.882646e-11
15068 1.882397e-11
15069 1.882148e-11
15070 1.881899e-11
15071 1.881650e-11
15072 1.881401e-11
15073 1.881152e-11
15074 1.880904e-11
15075 1.880655e-11
15076 1.880406e-11
15077 1.880158e-11
15078 1.879909e-11
15079 1.879661e-11
15080 1.879412e-11
15081 1.879164e-11
15082 1.878915e-11
15083 1.878667e-11
15084 1.878419e-11
15085 1.878171e-11
15086 1.877922e-11
15087 1.877674e-11
15088 1.877426e-11
15089 1.877178e-11
15090 1.876930e-11
15091 1.876682e-11
15092 1.876435e-11
15093 1.876187e-11
15094 1.875939e-11
15095 1.875691e-11
15096 1.875444e-11
15097 1.875196e-11
15098 1.874948e-11
15099 1.874701e-11
15100 1.874453e-11
15101 1.874206e-11
15102 1.873959e-11
15103 1.873711e-11
15104 1.873464e-11
15105 1.873217e-11
15106 1.872970e-11
15107 1.872723e-11
15108 1.872475e-11
15109 1.872228e-11
15110 1.871981e-11
15111 1.871735e-11
15112 1.871488e-11
15113 1.871241e-11
15114 1.870994e-11
15115 1.870747e-11
15116 1.870501e-11
15117 1.870254e-11
15118 1.870007e-11
15119 1.869761e-11
15120 1.869514e-11
15121 1.869268e-11
15122 1.869022e-11
15123 1.868775e-11
15124 1.868529e-11
15125 1.868283e-11
15126 1.868036e-11
15127 1.867790e-11
15128 1.867544e-11
15129 1.867298e-11
15130 1.867052e-11
15131 1.866806e-11
15132 1.866560e-11
15133 1.866314e-11
15134 1.866069e-11
15135 1.865823e-11
15136 1.865577e-11
15137 1.865332e-11
15138 1.865086e-11
15139 1.864840e-11
15140 1.864595e-11
15141 1.864349e-11
15142 1.864104e-11
15143 1.863859e-11
15144 1.863613e-11
15145 1.863368e-11
15146 1.863123e-11
15147 1.862878e-11
15148 1.862632e-11
15149 1.862387e-11
15150 1.862142e-11
15151 1.861897e-11
15152 1.861652e-11
15153 1.861408e-11
15154 1.861163e-11
15155 1.860918e-11
15156 1.860673e-11
15157 1.860428e-11
15158 1.860184e-11
15159 1.859939e-11
15160 1.859695e-11
15161 1.859450e-11
15162 1.859206e-11
15163 1.858961e-11
15164 1.858717e-11
15165 1.858473e-11
15166 1.858228e-11
15167 1.857984e-11
15168 1.857740e-11
15169 1.857496e-11
15170 1.857252e-11
15171 1.857008e-11
15172 1.856764e-11
15173 1.856520e-11
15174 1.856276e-11
15175 1.856032e-11
15176 1.855789e-11
15177 1.855545e-11
15178 1.855301e-11
15179 1.855057e-11
15180 1.854814e-11
15181 1.854570e-11
15182 1.854327e-11
15183 1.854083e-11
15184 1.853840e-11
15185 1.853597e-11
15186 1.853353e-11
15187 1.853110e-11
15188 1.852867e-11
15189 1.852624e-11
15190 1.852381e-11
15191 1.852138e-11
15192 1.851895e-11
15193 1.851652e-11
15194 1.851409e-11
15195 1.851166e-11
15196 1.850923e-11
15197 1.850680e-11
15198 1.850438e-11
15199 1.850195e-11
15200 1.849952e-11
15201 1.849710e-11
15202 1.849467e-11
15203 1.849225e-11
15204 1.848982e-11
15205 1.848740e-11
15206 1.848498e-11
15207 1.848255e-11
15208 1.848013e-11
15209 1.847771e-11
15210 1.847529e-11
15211 1.847287e-11
15212 1.847045e-11
15213 1.846803e-11
15214 1.846561e-11
15215 1.846319e-11
15216 1.846077e-11
15217 1.845835e-11
15218 1.845593e-11
15219 1.845351e-11
15220 1.845110e-11
15221 1.844868e-11
15222 1.844627e-11
15223 1.844385e-11
15224 1.844144e-11
15225 1.843902e-11
15226 1.843661e-11
15227 1.843419e-11
15228 1.843178e-11
15229 1.842937e-11
15230 1.842696e-11
15231 1.842455e-11
15232 1.842213e-11
15233 1.841972e-11
15234 1.841731e-11
15235 1.841490e-11
15236 1.841250e-11
15237 1.841009e-11
15238 1.840768e-11
15239 1.840527e-11
15240 1.840286e-11
15241 1.840046e-11
15242 1.839805e-11
15243 1.839564e-11
15244 1.839324e-11
15245 1.839083e-11
15246 1.838843e-11
15247 1.838603e-11
15248 1.838362e-11
15249 1.838122e-11
15250 1.837882e-11
15251 1.837641e-11
15252 1.837401e-11
15253 1.837161e-11
15254 1.836921e-11
15255 1.836681e-11
15256 1.836441e-11
15257 1.836201e-11
15258 1.835961e-11
15259 1.835722e-11
15260 1.835482e-11
15261 1.835242e-11
15262 1.835002e-11
15263 1.834763e-11
15264 1.834523e-11
15265 1.834284e-11
15266 1.834044e-11
15267 1.833805e-11
15268 1.833565e-11
15269 1.833326e-11
15270 1.833087e-11
15271 1.832847e-11
15272 1.832608e-11
15273 1.832369e-11
15274 1.832130e-11
15275 1.831891e-11
15276 1.831652e-11
15277 1.831413e-11
15278 1.831174e-11
15279 1.830935e-11
15280 1.830696e-11
15281 1.830457e-11
15282 1.830218e-11
15283 1.829980e-11
15284 1.829741e-11
15285 1.829503e-11
15286 1.829264e-11
15287 1.829025e-11
15288 1.828787e-11
15289 1.828549e-11
15290 1.828310e-11
15291 1.828072e-11
15292 1.827834e-11
15293 1.827595e-11
15294 1.827357e-11
15295 1.827119e-11
15296 1.826881e-11
15297 1.826643e-11
15298 1.826405e-11
15299 1.826167e-11
15300 1.825929e-11
15301 1.825691e-11
15302 1.825453e-11
15303 1.825216e-11
15304 1.824978e-11
15305 1.824740e-11
15306 1.824503e-11
15307 1.824265e-11
15308 1.824027e-11
15309 1.823790e-11
15310 1.823552e-11
15311 1.823315e-11
15312 1.823078e-11
15313 1.822840e-11
15314 1.822603e-11
15315 1.822366e-11
15316 1.822129e-11
15317 1.821892e-11
15318 1.821655e-11
15319 1.821418e-11
15320 1.821181e-11
15321 1.820944e-11
15322 1.820707e-11
15323 1.820470e-11
15324 1.820233e-11
15325 1.819996e-11
15326 1.819760e-11
15327 1.819523e-11
15328 1.819286e-11
15329 1.819050e-11
15330 1.818813e-11
15331 1.818577e-11
15332 1.818340e-11
15333 1.818104e-11
15334 1.817868e-11
15335 1.817631e-11
15336 1.817395e-11
15337 1.817159e-11
15338 1.816923e-11
15339 1.816687e-11
15340 1.816451e-11
15341 1.816215e-11
15342 1.815979e-11
15343 1.815743e-11
15344 1.815506e-11
15345 1.815267e-11
15346 1.815027e-11
15347 1.814788e-11
15348 1.814549e-11
15349 1.814310e-11
15350 1.814071e-11
15351 1.813832e-11
15352 1.813593e-11
15353 1.813354e-11
15354 1.813116e-11
15355 1.812877e-11
15356 1.812638e-11
15357 1.812399e-11
15358 1.812161e-11
15359 1.811922e-11
15360 1.811684e-11
15361 1.811445e-11
15362 1.811207e-11
15363 1.810968e-11
15364 1.810730e-11
15365 1.810492e-11
15366 1.810253e-11
15367 1.810015e-11
15368 1.809777e-11
15369 1.809539e-11
15370 1.809301e-11
15371 1.809063e-11
15372 1.808825e-11
15373 1.808587e-11
15374 1.808349e-11
15375 1.808111e-11
15376 1.807873e-11
15377 1.807636e-11
15378 1.807398e-11
15379 1.807160e-11
15380 1.806923e-11
15381 1.806685e-11
15382 1.806448e-11
15383 1.806210e-11
15384 1.805973e-11
15385 1.805736e-11
15386 1.805498e-11
15387 1.805261e-11
15388 1.805024e-11
15389 1.804787e-11
15390 1.804549e-11
15391 1.804312e-11
15392 1.804075e-11
15393 1.803838e-11
15394 1.803601e-11
15395 1.803364e-11
15396 1.803128e-11
15397 1.802891e-11
15398 1.802654e-11
15399 1.802417e-11
15400 1.802181e-11
15401 1.801944e-11
15402 1.801707e-11
15403 1.801471e-11
15404 1.801234e-11
15405 1.800998e-11
15406 1.800762e-11
15407 1.800525e-11
15408 1.800289e-11
15409 1.800053e-11
15410 1.799817e-11
15411 1.799580e-11
15412 1.799344e-11
15413 1.799108e-11
15414 1.798872e-11
15415 1.798636e-11
15416 1.798400e-11
15417 1.798164e-11
15418 1.797929e-11
15419 1.797693e-11
15420 1.797457e-11
15421 1.797221e-11
15422 1.796986e-11
15423 1.796750e-11
15424 1.796515e-11
15425 1.796279e-11
15426 1.796044e-11
15427 1.795808e-11
15428 1.795573e-11
15429 1.795338e-11
15430 1.795102e-11
15431 1.794867e-11
15432 1.794632e-11
15433 1.794397e-11
15434 1.794162e-11
15435 1.793927e-11
15436 1.793692e-11
15437 1.793457e-11
15438 1.793222e-11
15439 1.792987e-11
15440 1.792752e-11
15441 1.792517e-11
15442 1.792283e-11
15443 1.792048e-11
15444 1.791813e-11
15445 1.791579e-11
15446 1.791344e-11
15447 1.791110e-11
15448 1.790875e-11
15449 1.790641e-11
15450 1.790406e-11
15451 1.790172e-11
15452 1.789938e-11
15453 1.789704e-11
15454 1.789469e-11
15455 1.789235e-11
15456 1.789001e-11
15457 1.788767e-11
15458 1.788533e-11
15459 1.788299e-11
15460 1.788065e-11
15461 1.787831e-11
15462 1.787598e-11
15463 1.787364e-11
15464 1.787130e-11
15465 1.786896e-11
15466 1.786663e-11
15467 1.786429e-11
15468 1.786196e-11
15469 1.785962e-11
15470 1.785729e-11
15471 1.785495e-11
15472 1.785262e-11
15473 1.785029e-11
15474 1.784795e-11
15475 1.784562e-11
15476 1.784329e-11
15477 1.784096e-11
15478 1.783863e-11
15479 1.783630e-11
15480 1.783397e-11
15481 1.783164e-11
15482 1.782931e-11
15483 1.782698e-11
15484 1.782465e-11
15485 1.782233e-11
15486 1.782000e-11
15487 1.781767e-11
15488 1.781535e-11
15489 1.781302e-11
15490 1.781069e-11
15491 1.780837e-11
15492 1.780605e-11
15493 1.780372e-11
15494 1.780140e-11
15495 1.779908e-11
15496 1.779675e-11
15497 1.779443e-11
15498 1.779211e-11
15499 1.778979e-11
15500 1.778747e-11
15501 1.778515e-11
15502 1.778283e-11
15503 1.778051e-11
15504 1.777819e-11
15505 1.777587e-11
15506 1.777355e-11
15507 1.777123e-11
15508 1.776892e-11
15509 1.776660e-11
15510 1.776428e-11
15511 1.776197e-11
15512 1.775965e-11
15513 1.775734e-11
15514 1.775502e-11
15515 1.775271e-11
15516 1.775040e-11
15517 1.774808e-11
15518 1.774577e-11
15519 1.774346e-11
15520 1.774115e-11
15521 1.773883e-11
15522 1.773652e-11
15523 1.773421e-11
15524 1.773190e-11
15525 1.772959e-11
15526 1.772728e-11
15527 1.772498e-11
15528 1.772267e-11
15529 1.772036e-11
15530 1.771805e-11
15531 1.771575e-11
15532 1.771344e-11
15533 1.771113e-11
15534 1.770883e-11
15535 1.770652e-11
15536 1.770422e-11
15537 1.770191e-11
15538 1.769961e-11
15539 1.769731e-11
15540 1.769500e-11
15541 1.769270e-11
15542 1.769040e-11
15543 1.768810e-11
15544 1.768580e-11
15545 1.768350e-11
15546 1.768120e-11
15547 1.767890e-11
15548 1.767660e-11
15549 1.767430e-11
15550 1.767200e-11
15551 1.766970e-11
15552 1.766741e-11
15553 1.766511e-11
15554 1.766281e-11
15555 1.766052e-11
15556 1.765822e-11
15557 1.765592e-11
15558 1.765363e-11
15559 1.765134e-11
15560 1.764904e-11
15561 1.764675e-11
15562 1.764446e-11
15563 1.764216e-11
15564 1.763987e-11
15565 1.763758e-11
15566 1.763529e-11
15567 1.763300e-11
15568 1.763071e-11
15569 1.762842e-11
15570 1.762613e-11
15571 1.762384e-11
15572 1.762155e-11
15573 1.761926e-11
15574 1.761697e-11
15575 1.761469e-11
15576 1.761240e-11
15577 1.761011e-11
15578 1.760783e-11
15579 1.760554e-11
15580 1.760326e-11
15581 1.760097e-11
15582 1.759869e-11
15583 1.759641e-11
15584 1.759412e-11
15585 1.759184e-11
15586 1.758956e-11
15587 1.758728e-11
15588 1.758499e-11
15589 1.758271e-11
15590 1.758043e-11
15591 1.757815e-11
15592 1.757587e-11
15593 1.757359e-11
15594 1.757131e-11
15595 1.756904e-11
15596 1.756676e-11
15597 1.756448e-11
15598 1.756220e-11
15599 1.755993e-11
15600 1.755765e-11
15601 1.755538e-11
15602 1.755310e-11
15603 1.755083e-11
15604 1.754855e-11
15605 1.754628e-11
15606 1.754400e-11
15607 1.754173e-11
15608 1.753946e-11
15609 1.753719e-11
15610 1.753491e-11
15611 1.753264e-11
15612 1.753037e-11
15613 1.752810e-11
15614 1.752583e-11
15615 1.752356e-11
15616 1.752129e-11
15617 1.751902e-11
15618 1.751676e-11
15619 1.751449e-11
15620 1.751222e-11
15621 1.750995e-11
15622 1.750769e-11
15623 1.750542e-11
15624 1.750316e-11
15625 1.750089e-11
15626 1.749863e-11
15627 1.749636e-11
15628 1.749410e-11
15629 1.749183e-11
15630 1.748957e-11
15631 1.748731e-11
15632 1.748505e-11
15633 1.748279e-11
15634 1.748052e-11
15635 1.747826e-11
15636 1.747600e-11
15637 1.747374e-11
15638 1.747148e-11
15639 1.746922e-11
15640 1.746697e-11
15641 1.746471e-11
15642 1.746245e-11
15643 1.746019e-11
15644 1.745794e-11
15645 1.745568e-11
15646 1.745342e-11
15647 1.745117e-11
15648 1.744891e-11
15649 1.744666e-11
15650 1.744440e-11
15651 1.744215e-11
15652 1.743990e-11
15653 1.743764e-11
15654 1.743539e-11
15655 1.743314e-11
15656 1.743089e-11
15657 1.742864e-11
15658 1.742639e-11
15659 1.742414e-11
15660 1.742189e-11
15661 1.741964e-11
15662 1.741739e-11
15663 1.741514e-11
15664 1.741289e-11
15665 1.741064e-11
15666 1.740840e-11
15667 1.740615e-11
15668 1.740390e-11
15669 1.740166e-11
15670 1.739941e-11
15671 1.739717e-11
15672 1.739492e-11
15673 1.739268e-11
15674 1.739043e-11
15675 1.738819e-11
15676 1.738595e-11
15677 1.738370e-11
15678 1.738146e-11
15679 1.737922e-11
15680 1.737698e-11
15681 1.737474e-11
15682 1.737250e-11
15683 1.737026e-11
15684 1.736802e-11
15685 1.736578e-11
15686 1.736354e-11
15687 1.736130e-11
15688 1.735906e-11
15689 1.735683e-11
15690 1.735459e-11
15691 1.735235e-11
15692 1.735012e-11
15693 1.734788e-11
15694 1.734565e-11
15695 1.734341e-11
15696 1.734118e-11
15697 1.733894e-11
15698 1.733671e-11
15699 1.733448e-11
15700 1.733225e-11
15701 1.733001e-11
15702 1.732778e-11
15703 1.732555e-11
15704 1.732332e-11
15705 1.732109e-11
15706 1.731886e-11
15707 1.731663e-11
15708 1.731440e-11
15709 1.731217e-11
15710 1.730994e-11
15711 1.730771e-11
15712 1.730549e-11
15713 1.730326e-11
15714 1.730103e-11
15715 1.729881e-11
15716 1.729658e-11
15717 1.729436e-11
15718 1.729213e-11
15719 1.728991e-11
15720 1.728768e-11
15721 1.728546e-11
15722 1.728324e-11
15723 1.728101e-11
15724 1.727879e-11
15725 1.727657e-11
15726 1.727435e-11
15727 1.727213e-11
15728 1.726991e-11
15729 1.726769e-11
15730 1.726547e-11
15731 1.726325e-11
15732 1.726103e-11
15733 1.725881e-11
15734 1.725659e-11
15735 1.725437e-11
15736 1.725216e-11
15737 1.724994e-11
15738 1.724772e-11
15739 1.724551e-11
15740 1.724329e-11
15741 1.724108e-11
15742 1.723886e-11
15743 1.723665e-11
15744 1.723443e-11
15745 1.723222e-11
15746 1.723001e-11
15747 1.722780e-11
15748 1.722558e-11
15749 1.722337e-11
15750 1.722116e-11
15751 1.721895e-11
15752 1.721674e-11
15753 1.721453e-11
15754 1.721232e-11
15755 1.721011e-11
15756 1.720790e-11
15757 1.720569e-11
15758 1.720349e-11
15759 1.720128e-11
15760 1.719907e-11
15761 1.719686e-11
15762 1.719466e-11
15763 1.719245e-11
15764 1.719025e-11
15765 1.718804e-11
15766 1.718584e-11
15767 1.718363e-11
15768 1.718143e-11
15769 1.717923e-11
15770 1.717702e-11
15771 1.717482e-11
15772 1.717262e-11
15773 1.717042e-11
15774 1.716822e-11
15775 1.716602e-11
15776 1.716382e-11
15777 1.716162e-11
15778 1.715942e-11
15779 1.715722e-11
15780 1.715502e-11
15781 1.715282e-11
15782 1.715062e-11
15783 1.714843e-11
15784 1.714623e-11
15785 1.714403e-11
15786 1.714184e-11
15787 1.713964e-11
15788 1.713745e-11
15789 1.713525e-11
15790 1.713306e-11
15791 1.713086e-11
15792 1.712867e-11
15793 1.712648e-11
15794 1.712428e-11
15795 1.712209e-11
15796 1.711990e-11
15797 1.711771e-11
15798 1.711552e-11
15799 1.711333e-11
15800 1.711114e-11
15801 1.710895e-11
15802 1.710676e-11
15803 1.710457e-11
15804 1.710238e-11
15805 1.710019e-11
15806 1.709800e-11
15807 1.709582e-11
15808 1.709363e-11
15809 1.709144e-11
15810 1.708926e-11
15811 1.708707e-11
15812 1.708489e-11
15813 1.708270e-11
15814 1.708052e-11
15815 1.707833e-11
15816 1.707615e-11
15817 1.707397e-11
15818 1.707179e-11
15819 1.706960e-11
15820 1.706742e-11
15821 1.706524e-11
15822 1.706306e-11
15823 1.706088e-11
15824 1.705870e-11
15825 1.705652e-11
15826 1.705434e-11
15827 1.705216e-11
15828 1.704998e-11
15829 1.704780e-11
15830 1.704563e-11
15831 1.704345e-11
15832 1.704127e-11
15833 1.703910e-11
15834 1.703692e-11
15835 1.703474e-11
15836 1.703257e-11
15837 1.703039e-11
15838 1.702822e-11
15839 1.702605e-11
15840 1.702387e-11
15841 1.702170e-11
15842 1.701953e-11
15843 1.701735e-11
15844 1.701518e-11
15845 1.701301e-11
15846 1.701084e-11
15847 1.700867e-11
15848 1.700650e-11
15849 1.700433e-11
15850 1.700216e-11
15851 1.699999e-11
15852 1.699782e-11
15853 1.699565e-11
15854 1.699349e-11
15855 1.699132e-11
15856 1.698915e-11
15857 1.698699e-11
15858 1.698482e-11
15859 1.698265e-11
15860 1.698049e-11
15861 1.697832e-11
15862 1.697616e-11
15863 1.697400e-11
15864 1.697183e-11
15865 1.696967e-11
15866 1.696751e-11
15867 1.696534e-11
15868 1.696318e-11
15869 1.696102e-11
15870 1.695886e-11
15871 1.695670e-11
15872 1.695454e-11
15873 1.695238e-11
15874 1.695022e-11
15875 1.694806e-11
15876 1.694590e-11
15877 1.694374e-11
15878 1.694159e-11
15879 1.693943e-11
15880 1.693727e-11
15881 1.693511e-11
15882 1.693296e-11
15883 1.693080e-11
15884 1.692865e-11
15885 1.692649e-11
15886 1.692434e-11
15887 1.692218e-11
15888 1.692003e-11
15889 1.691788e-11
15890 1.691572e-11
15891 1.691357e-11
15892 1.691142e-11
15893 1.690927e-11
15894 1.690712e-11
15895 1.690497e-11
15896 1.690282e-11
15897 1.690067e-11
15898 1.689852e-11
15899 1.689637e-11
15900 1.689422e-11
15901 1.689207e-11
15902 1.688992e-11
15903 1.688777e-11
15904 1.688563e-11
15905 1.688348e-11
15906 1.688133e-11
15907 1.687919e-11
15908 1.687704e-11
15909 1.687490e-11
15910 1.687275e-11
15911 1.687061e-11
15912 1.686846e-11
15913 1.686632e-11
15914 1.686418e-11
15915 1.686203e-11
15916 1.685989e-11
15917 1.685775e-11
15918 1.685561e-11
15919 1.685347e-11
15920 1.685133e-11
15921 1.684919e-11
15922 1.684705e-11
15923 1.684491e-11
15924 1.684277e-11
15925 1.684063e-11
15926 1.683849e-11
15927 1.683635e-11
15928 1.683422e-11
15929 1.683208e-11
15930 1.682994e-11
15931 1.682781e-11
15932 1.682567e-11
15933 1.682354e-11
15934 1.682140e-11
15935 1.681927e-11
15936 1.681713e-11
15937 1.681500e-11
15938 1.681286e-11
15939 1.681073e-11
15940 1.680860e-11
15941 1.680647e-11
15942 1.680434e-11
15943 1.680220e-11
15944 1.680007e-11
15945 1.679794e-11
15946 1.679581e-11
15947 1.679368e-11
15948 1.679155e-11
15949 1.678942e-11
15950 1.678730e-11
15951 1.678517e-11
15952 1.678304e-11
15953 1.678091e-11
15954 1.677879e-11
15955 1.677666e-11
15956 1.677453e-11
15957 1.677241e-11
15958 1.677028e-11
15959 1.676816e-11
15960 1.676603e-11
15961 1.676391e-11
15962 1.676179e-11
15963 1.675966e-11
15964 1.675754e-11
15965 1.675542e-11
15966 1.675329e-11
15967 1.675117e-11
15968 1.674905e-11
15969 1.674693e-11
15970 1.674481e-11
15971 1.674269e-11
15972 1.674057e-11
15973 1.673845e-11
15974 1.673633e-11
15975 1.673421e-11
15976 1.673210e-11
15977 1.672998e-11
15978 1.672786e-11
15979 1.672574e-11
15980 1.672363e-11
15981 1.672151e-11
15982 1.671940e-11
15983 1.671728e-11
15984 1.671517e-11
15985 1.671305e-11
15986 1.671094e-11
15987 1.670882e-11
15988 1.670671e-11
15989 1.670460e-11
15990 1.670249e-11
15991 1.670037e-11
15992 1.669826e-11
15993 1.669615e-11
15994 1.669404e-11
15995 1.669193e-11
15996 1.668982e-11
15997 1.668771e-11
15998 1.668560e-11
15999 1.668349e-11
16000 1.668138e-11
16001 1.667927e-11
16002 1.667717e-11
16003 1.667506e-11
16004 1.667295e-11
16005 1.667085e-11
16006 1.666874e-11
16007 1.666663e-11
16008 1.666453e-11
16009 1.666242e-11
16010 1.666032e-11
16011 1.665822e-11
16012 1.665611e-11
16013 1.665401e-11
16014 1.665191e-11
16015 1.664980e-11
16016 1.664770e-11
16017 1.664560e-11
16018 1.664350e-11
16019 1.664140e-11
16020 1.663930e-11
16021 1.663720e-11
16022 1.663510e-11
16023 1.663300e-11
16024 1.663090e-11
16025 1.662880e-11
16026 1.662670e-11
16027 1.662460e-11
16028 1.662251e-11
16029 1.662041e-11
16030 1.661831e-11
16031 1.661622e-11
16032 1.661412e-11
16033 1.661203e-11
16034 1.660993e-11
16035 1.660784e-11
16036 1.660574e-11
16037 1.660365e-11
16038 1.660155e-11
16039 1.659946e-11
16040 1.659737e-11
16041 1.659528e-11
16042 1.659319e-11
16043 1.659109e-11
16044 1.658900e-11
16045 1.658691e-11
16046 1.658482e-11
16047 1.658273e-11
16048 1.658064e-11
16049 1.657855e-11
16050 1.657646e-11
16051 1.657438e-11
16052 1.657229e-11
16053 1.657020e-11
16054 1.656811e-11
16055 1.656603e-11
16056 1.656394e-11
16057 1.656185e-11
16058 1.655977e-11
16059 1.655768e-11
16060 1.655560e-11
16061 1.655352e-11
16062 1.655143e-11
16063 1.654935e-11
16064 1.654726e-11
16065 1.654518e-11
16066 1.654310e-11
16067 1.654102e-11
16068 1.653894e-11
16069 1.653685e-11
16070 1.653477e-11
16071 1.653269e-11
16072 1.653061e-11
16073 1.652853e-11
16074 1.652645e-11
16075 1.652438e-11
16076 1.652230e-11
16077 1.652022e-11
16078 1.651814e-11
16079 1.651606e-11
16080 1.651399e-11
16081 1.651191e-11
16082 1.650983e-11
16083 1.650776e-11
16084 1.650568e-11
16085 1.650361e-11
16086 1.650153e-11
16087 1.649946e-11
16088 1.649739e-11
16089 1.649531e-11
16090 1.649324e-11
16091 1.649117e-11
16092 1.648909e-11
16093 1.648702e-11
16094 1.648495e-11
16095 1.648288e-11
16096 1.648081e-11
16097 1.647874e-11
16098 1.647667e-11
16099 1.647460e-11
16100 1.647253e-11
16101 1.647046e-11
16102 1.646839e-11
16103 1.646632e-11
16104 1.646426e-11
16105 1.646219e-11
16106 1.646012e-11
16107 1.645806e-11
16108 1.645599e-11
16109 1.645393e-11
16110 1.645186e-11
16111 1.644979e-11
16112 1.644773e-11
16113 1.644567e-11
16114 1.644360e-11
16115 1.644154e-11
16116 1.643948e-11
16117 1.643741e-11
16118 1.643535e-11
16119 1.643329e-11
16120 1.643123e-11
16121 1.642917e-11
16122 1.642711e-11
16123 1.642505e-11
16124 1.642299e-11
16125 1.642093e-11
16126 1.641887e-11
16127 1.641681e-11
16128 1.641475e-11
16129 1.641269e-11
16130 1.641064e-11
16131 1.640858e-11
16132 1.640652e-11
16133 1.640447e-11
16134 1.640241e-11
16135 1.640035e-11
16136 1.639830e-11
16137 1.639624e-11
16138 1.639419e-11
16139 1.639214e-11
16140 1.639008e-11
16141 1.638803e-11
16142 1.638598e-11
16143 1.638392e-11
16144 1.638187e-11
16145 1.637982e-11
16146 1.637777e-11
16147 1.637572e-11
16148 1.637367e-11
16149 1.637162e-11
16150 1.636957e-11
16151 1.636752e-11
16152 1.636547e-11
16153 1.636342e-11
16154 1.636137e-11
16155 1.635932e-11
16156 1.635728e-11
16157 1.635523e-11
16158 1.635318e-11
16159 1.635113e-11
16160 1.634909e-11
16161 1.634704e-11
16162 1.634500e-11
16163 1.634295e-11
16164 1.634091e-11
16165 1.633886e-11
16166 1.633682e-11
16167 1.633478e-11
16168 1.633273e-11
16169 1.633069e-11
16170 1.632865e-11
16171 1.632661e-11
16172 1.632457e-11
16173 1.632253e-11
16174 1.632048e-11
16175 1.631844e-11
16176 1.631640e-11
16177 1.631437e-11
16178 1.631233e-11
16179 1.631029e-11
16180 1.630825e-11
16181 1.630621e-11
16182 1.630417e-11
16183 1.630214e-11
16184 1.630010e-11
16185 1.629806e-11
16186 1.629603e-11
16187 1.629399e-11
16188 1.629196e-11
16189 1.628992e-11
16190 1.628789e-11
16191 1.628585e-11
16192 1.628382e-11
16193 1.628178e-11
16194 1.627975e-11
16195 1.627772e-11
16196 1.627569e-11
16197 1.627365e-11
16198 1.627162e-11
16199 1.626959e-11
16200 1.626756e-11
16201 1.626553e-11
16202 1.626350e-11
16203 1.626147e-11
16204 1.625944e-11
16205 1.625741e-11
16206 1.625538e-11
16207 1.625336e-11
16208 1.625133e-11
16209 1.624930e-11
16210 1.624727e-11
16211 1.624525e-11
16212 1.624322e-11
16213 1.624120e-11
16214 1.623917e-11
16215 1.623714e-11
16216 1.623512e-11
16217 1.623310e-11
16218 1.623107e-11
16219 1.622905e-11
16220 1.622702e-11
16221 1.622500e-11
16222 1.622298e-11
16223 1.622096e-11
16224 1.621894e-11
16225 1.621691e-11
16226 1.621489e-11
16227 1.621287e-11
16228 1.621085e-11
16229 1.620883e-11
16230 1.620681e-11
16231 1.620479e-11
16232 1.620278e-11
16233 1.620076e-11
16234 1.619874e-11
16235 1.619672e-11
16236 1.619470e-11
16237 1.619269e-11
16238 1.619067e-11
16239 1.618866e-11
16240 1.618664e-11
16241 1.618462e-11
16242 1.618261e-11
16243 1.618059e-11
16244 1.617858e-11
16245 1.617657e-11
16246 1.617455e-11
16247 1.617254e-11
16248 1.617053e-11
16249 1.616852e-11
16250 1.616650e-11
16251 1.616449e-11
16252 1.616248e-11
16253 1.616047e-11
16254 1.615846e-11
16255 1.615645e-11
16256 1.615444e-11
16257 1.615243e-11
16258 1.615042e-11
16259 1.614841e-11
16260 1.614640e-11
16261 1.614440e-11
16262 1.614239e-11
16263 1.614038e-11
16264 1.613838e-11
16265 1.613637e-11
16266 1.613436e-11
16267 1.613236e-11
16268 1.613035e-11
16269 1.612835e-11
16270 1.612634e-11
16271 1.612434e-11
16272 1.612233e-11
16273 1.612033e-11
16274 1.611833e-11
16275 1.611633e-11
16276 1.611432e-11
16277 1.611232e-11
16278 1.611032e-11
16279 1.610832e-11
16280 1.610632e-11
16281 1.610432e-11
16282 1.610232e-11
16283 1.610032e-11
16284 1.609832e-11
16285 1.609632e-11
16286 1.609432e-11
16287 1.609232e-11
16288 1.609033e-11
16289 1.608833e-11
16290 1.608633e-11
16291 1.608433e-11
16292 1.608234e-11
16293 1.608034e-11
16294 1.607835e-11
16295 1.607635e-11
16296 1.607436e-11
16297 1.607236e-11
16298 1.607037e-11
16299 1.606837e-11
16300 1.606638e-11
16301 1.606439e-11
16302 1.606240e-11
16303 1.606040e-11
16304 1.605841e-11
16305 1.605642e-11
16306 1.605443e-11
16307 1.605244e-11
16308 1.605045e-11
16309 1.604846e-11
16310 1.604647e-11
16311 1.604448e-11
16312 1.604249e-11
16313 1.604050e-11
16314 1.603851e-11
16315 1.603652e-11
16316 1.603454e-11
16317 1.603255e-11
16318 1.603056e-11
16319 1.602858e-11
16320 1.602659e-11
16321 1.602461e-11
16322 1.602262e-11
16323 1.602064e-11
16324 1.601865e-11
16325 1.601667e-11
16326 1.601468e-11
16327 1.601270e-11
16328 1.601072e-11
16329 1.600873e-11
16330 1.600675e-11
16331 1.600477e-11
16332 1.600279e-11
16333 1.600081e-11
16334 1.599883e-11
16335 1.599685e-11
16336 1.599487e-11
16337 1.599289e-11
16338 1.599091e-11
16339 1.598893e-11
16340 1.598695e-11
16341 1.598497e-11
16342 1.598299e-11
16343 1.598101e-11
16344 1.597904e-11
16345 1.597706e-11
16346 1.597508e-11
16347 1.597311e-11
16348 1.597113e-11
16349 1.596916e-11
16350 1.596718e-11
16351 1.596521e-11
16352 1.596323e-11
16353 1.596126e-11
16354 1.595929e-11
16355 1.595731e-11
16356 1.595534e-11
16357 1.595337e-11
16358 1.595140e-11
16359 1.594942e-11
16360 1.594745e-11
16361 1.594548e-11
16362 1.594351e-11
16363 1.594154e-11
16364 1.593957e-11
16365 1.593760e-11
16366 1.593563e-11
16367 1.593366e-11
16368 1.593169e-11
16369 1.592973e-11
16370 1.592776e-11
16371 1.592579e-11
16372 1.592382e-11
16373 1.592186e-11
16374 1.591989e-11
16375 1.591793e-11
16376 1.591596e-11
16377 1.591400e-11
16378 1.591203e-11
16379 1.591007e-11
16380 1.590810e-11
16381 1.590614e-11
16382 1.590417e-11
16383 1.590221e-11
16384 1.590025e-11
16385 1.589829e-11
16386 1.589632e-11
16387 1.589436e-11
16388 1.589240e-11
16389 1.589044e-11
16390 1.588848e-11
16391 1.588652e-11
16392 1.588456e-11
16393 1.588260e-11
16394 1.588064e-11
16395 1.587868e-11
16396 1.587673e-11
16397 1.587477e-11
16398 1.587281e-11
16399 1.587085e-11
16400 1.586890e-11
16401 1.586694e-11
16402 1.586498e-11
16403 1.586303e-11
16404 1.586107e-11
16405 1.585912e-11
16406 1.585716e-11
16407 1.585521e-11
16408 1.585325e-11
16409 1.585130e-11
16410 1.584935e-11
16411 1.584739e-11
16412 1.584544e-11
16413 1.584349e-11
16414 1.584154e-11
16415 1.583959e-11
16416 1.583764e-11
16417 1.583568e-11
16418 1.583373e-11
16419 1.583178e-11
16420 1.582983e-11
16421 1.582789e-11
16422 1.582594e-11
16423 1.582399e-11
16424 1.582204e-11
16425 1.582009e-11
16426 1.581814e-11
16427 1.581620e-11
16428 1.581425e-11
16429 1.581230e-11
16430 1.581036e-11
16431 1.580841e-11
16432 1.580647e-11
16433 1.580452e-11
16434 1.580258e-11
16435 1.580063e-11
16436 1.579869e-11
16437 1.579675e-11
16438 1.579480e-11
16439 1.579286e-11
16440 1.579092e-11
16441 1.578897e-11
16442 1.578703e-11
16443 1.578509e-11
16444 1.578315e-11
16445 1.578121e-11
16446 1.577927e-11
16447 1.577732e-11
16448 1.577536e-11
16449 1.577339e-11
16450 1.577143e-11
16451 1.576946e-11
16452 1.576750e-11
16453 1.576553e-11
16454 1.576357e-11
16455 1.576161e-11
16456 1.575964e-11
16457 1.575768e-11
16458 1.575572e-11
16459 1.575376e-11
16460 1.575179e-11
16461 1.574983e-11
16462 1.574787e-11
16463 1.574591e-11
16464 1.574395e-11
16465 1.574199e-11
16466 1.574003e-11
16467 1.573807e-11
16468 1.573611e-11
16469 1.573416e-11
16470 1.573220e-11
16471 1.573024e-11
16472 1.572828e-11
16473 1.572633e-11
16474 1.572437e-11
16475 1.572241e-11
16476 1.572046e-11
16477 1.571850e-11
16478 1.571655e-11
16479 1.571459e-11
16480 1.571264e-11
16481 1.571069e-11
16482 1.570873e-11
16483 1.570678e-11
16484 1.570483e-11
16485 1.570287e-11
16486 1.570092e-11
16487 1.569897e-11
16488 1.569702e-11
16489 1.569507e-11
16490 1.569312e-11
16491 1.569117e-11
16492 1.568922e-11
16493 1.568727e-11
16494 1.568532e-11
16495 1.568337e-11
16496 1.568142e-11
16497 1.567947e-11
16498 1.567752e-11
16499 1.567558e-11
16500 1.567363e-11
16501 1.567168e-11
16502 1.566974e-11
16503 1.566779e-11
16504 1.566584e-11
16505 1.566390e-11
16506 1.566195e-11
16507 1.566001e-11
16508 1.565806e-11
16509 1.565612e-11
16510 1.565418e-11
16511 1.565223e-11
16512 1.565029e-11
16513 1.564835e-11
16514 1.564641e-11
16515 1.564446e-11
16516 1.564252e-11
16517 1.564058e-11
16518 1.563864e-11
16519 1.563670e-11
16520 1.563476e-11
16521 1.563282e-11
16522 1.563088e-11
16523 1.562894e-11
16524 1.562701e-11
16525 1.562507e-11
16526 1.562313e-11
16527 1.562119e-11
16528 1.561926e-11
16529 1.561732e-11
16530 1.561538e-11
16531 1.561345e-11
16532 1.561151e-11
16533 1.560958e-11
16534 1.560764e-11
16535 1.560571e-11
16536 1.560377e-11
16537 1.560184e-11
16538 1.559990e-11
16539 1.559797e-11
16540 1.559604e-11
16541 1.559411e-11
16542 1.559217e-11
16543 1.559024e-11
16544 1.558831e-11
16545 1.558638e-11
16546 1.558445e-11
16547 1.558252e-11
16548 1.558059e-11
16549 1.557866e-11
16550 1.557673e-11
16551 1.557480e-11
16552 1.557287e-11
16553 1.557094e-11
16554 1.556902e-11
16555 1.556709e-11
16556 1.556516e-11
16557 1.556324e-11
16558 1.556131e-11
16559 1.555938e-11
16560 1.555746e-11
16561 1.555553e-11
16562 1.555361e-11
16563 1.555168e-11
16564 1.554976e-11
16565 1.554783e-11
16566 1.554591e-11
16567 1.554399e-11
16568 1.554206e-11
16569 1.554014e-11
16570 1.553822e-11
16571 1.553630e-11
16572 1.553438e-11
16573 1.553246e-11
16574 1.553054e-11
16575 1.552861e-11
16576 1.552669e-11
16577 1.552478e-11
16578 1.552286e-11
16579 1.552094e-11
16580 1.551902e-11
16581 1.551710e-11
16582 1.551518e-11
16583 1.551326e-11
16584 1.551135e-11
16585 1.550943e-11
16586 1.550751e-11
16587 1.550560e-11
16588 1.550368e-11
16589 1.550177e-11
16590 1.549985e-11
16591 1.549794e-11
16592 1.549602e-11
16593 1.549411e-11
16594 1.549219e-11
16595 1.549028e-11
16596 1.548837e-11
16597 1.548646e-11
16598 1.548454e-11
16599 1.548263e-11
16600 1.548072e-11
16601 1.547881e-11
16602 1.547690e-11
16603 1.547499e-11
16604 1.547308e-11
16605 1.547117e-11
16606 1.546926e-11
16607 1.546735e-11
16608 1.546544e-11
16609 1.546353e-11
16610 1.546162e-11
16611 1.545972e-11
16612 1.545781e-11
16613 1.545590e-11
16614 1.545400e-11
16615 1.545209e-11
16616 1.545018e-11
16617 1.544828e-11
16618 1.544637e-11
16619 1.544447e-11
16620 1.544256e-11
16621 1.544066e-11
16622 1.543875e-11
16623 1.543685e-11
16624 1.543495e-11
16625 1.543305e-11
16626 1.543114e-11
16627 1.542924e-11
16628 1.542734e-11
16629 1.542544e-11
16630 1.542354e-11
16631 1.542164e-11
16632 1.541974e-11
16633 1.541784e-11
16634 1.541594e-11
16635 1.541404e-11
16636 1.541214e-11
16637 1.541024e-11
16638 1.540834e-11
16639 1.540644e-11
16640 1.540455e-11
16641 1.540265e-11
16642 1.540075e-11
16643 1.539885e-11
16644 1.539696e-11
16645 1.539506e-11
16646 1.539317e-11
16647 1.539127e-11
16648 1.538938e-11
16649 1.538748e-11
16650 1.538559e-11
16651 1.538369e-11
16652 1.538180e-11
16653 1.537991e-11
16654 1.537802e-11
16655 1.537612e-11
16656 1.537423e-11
16657 1.537234e-11
16658 1.537045e-11
16659 1.536856e-11
16660 1.536667e-11
16661 1.536478e-11
16662 1.536289e-11
16663 1.536100e-11
16664 1.535911e-11
16665 1.535722e-11
16666 1.535533e-11
16667 1.535344e-11
16668 1.535155e-11
16669 1.534967e-11
16670 1.534778e-11
16671 1.534589e-11
16672 1.534401e-11
16673 1.534212e-11
16674 1.534023e-11
16675 1.533835e-11
16676 1.533646e-11
16677 1.533458e-11
16678 1.533269e-11
16679 1.533081e-11
16680 1.532893e-11
16681 1.532704e-11
16682 1.532516e-11
16683 1.532328e-11
16684 1.532139e-11
16685 1.531951e-11
16686 1.531763e-11
16687 1.531575e-11
16688 1.531387e-11
16689 1.531199e-11
16690 1.531011e-11
16691 1.530823e-11
16692 1.530635e-11
16693 1.530447e-11
16694 1.530259e-11
16695 1.530071e-11
16696 1.529883e-11
16697 1.529696e-11
16698 1.529508e-11
16699 1.529320e-11
16700 1.529132e-11
16701 1.528945e-11
16702 1.528757e-11
16703 1.528570e-11
16704 1.528382e-11
16705 1.528194e-11
16706 1.528007e-11
16707 1.527820e-11
16708 1.527632e-11
16709 1.527445e-11
16710 1.527257e-11
16711 1.527070e-11
16712 1.526883e-11
16713 1.526696e-11
16714 1.526508e-11
16715 1.526321e-11
16716 1.526134e-11
16717 1.525947e-11
16718 1.525760e-11
16719 1.525573e-11
16720 1.525386e-11
16721 1.525199e-11
16722 1.525012e-11
16723 1.524825e-11
16724 1.524638e-11
16725 1.524451e-11
16726 1.524265e-11
16727 1.524078e-11
16728 1.523891e-11
16729 1.523704e-11
16730 1.523518e-11
16731 1.523331e-11
16732 1.523144e-11
16733 1.522958e-11
16734 1.522771e-11
16735 1.522585e-11
16736 1.522398e-11
16737 1.522212e-11
16738 1.522026e-11
16739 1.521839e-11
16740 1.521653e-11
16741 1.521467e-11
16742 1.521280e-11
16743 1.521094e-11
16744 1.520908e-11
16745 1.520722e-11
16746 1.520536e-11
16747 1.520350e-11
16748 1.520164e-11
16749 1.519978e-11
16750 1.519792e-11
16751 1.519606e-11
16752 1.519420e-11
16753 1.519234e-11
16754 1.519048e-11
16755 1.518862e-11
16756 1.518676e-11
16757 1.518491e-11
16758 1.518305e-11
16759 1.518119e-11
16760 1.517934e-11
16761 1.517748e-11
16762 1.517562e-11
16763 1.517377e-11
16764 1.517191e-11
16765 1.517006e-11
16766 1.516820e-11
16767 1.516635e-11
16768 1.516450e-11
16769 1.516264e-11
16770 1.516079e-11
16771 1.515894e-11
16772 1.515709e-11
16773 1.515523e-11
16774 1.515338e-11
16775 1.515153e-11
16776 1.514968e-11
16777 1.514783e-11
16778 1.514598e-11
16779 1.514413e-11
16780 1.514228e-11
16781 1.514043e-11
16782 1.513858e-11
16783 1.513673e-11
16784 1.513488e-11
16785 1.513303e-11
16786 1.513119e-11
16787 1.512934e-11
16788 1.512749e-11
16789 1.512565e-11
16790 1.512380e-11
16791 1.512195e-11
16792 1.512011e-11
16793 1.511826e-11
16794 1.511642e-11
16795 1.511457e-11
16796 1.511273e-11
16797 1.511088e-11
16798 1.510904e-11
16799 1.510720e-11
16800 1.510535e-11
16801 1.510351e-11
16802 1.510167e-11
16803 1.509983e-11
16804 1.509799e-11
16805 1.509614e-11
16806 1.509430e-11
16807 1.509246e-11
16808 1.509062e-11
16809 1.508878e-11
16810 1.508694e-11
16811 1.508510e-11
16812 1.508326e-11
16813 1.508143e-11
16814 1.507959e-11
16815 1.507775e-11
16816 1.507591e-11
16817 1.507407e-11
16818 1.507224e-11
16819 1.507040e-11
16820 1.506856e-11
16821 1.506673e-11
16822 1.506489e-11
16823 1.506306e-11
16824 1.506122e-11
16825 1.505939e-11
16826 1.505755e-11
16827 1.505572e-11
16828 1.505389e-11
16829 1.505205e-11
16830 1.505022e-11
16831 1.504839e-11
16832 1.504655e-11
16833 1.504472e-11
16834 1.504289e-11
16835 1.504106e-11
16836 1.503923e-11
16837 1.503740e-11
16838 1.503557e-11
16839 1.503374e-11
16840 1.503191e-11
16841 1.503008e-11
16842 1.502825e-11
16843 1.502642e-11
16844 1.502459e-11
16845 1.502276e-11
16846 1.502094e-11
16847 1.501911e-11
16848 1.501728e-11
16849 1.501546e-11
16850 1.501363e-11
16851 1.501180e-11
16852 1.500998e-11
16853 1.500815e-11
16854 1.500633e-11
16855 1.500450e-11
16856 1.500268e-11
16857 1.500085e-11
16858 1.499903e-11
16859 1.499721e-11
16860 1.499538e-11
16861 1.499356e-11
16862 1.499174e-11
16863 1.498992e-11
16864 1.498809e-11
16865 1.498627e-11
16866 1.498445e-11
16867 1.498263e-11
16868 1.498081e-11
16869 1.497899e-11
16870 1.497717e-11
16871 1.497535e-11
16872 1.497353e-11
16873 1.497171e-11
16874 1.496990e-11
16875 1.496808e-11
16876 1.496626e-11
16877 1.496444e-11
16878 1.496262e-11
16879 1.496081e-11
16880 1.495899e-11
16881 1.495718e-11
16882 1.495536e-11
16883 1.495354e-11
16884 1.495173e-11
16885 1.494991e-11
16886 1.494810e-11
16887 1.494629e-11
16888 1.494447e-11
16889 1.494266e-11
16890 1.494084e-11
16891 1.493903e-11
16892 1.493722e-11
16893 1.493541e-11
16894 1.493360e-11
16895 1.493178e-11
16896 1.492997e-11
16897 1.492816e-11
16898 1.492635e-11
16899 1.492454e-11
16900 1.492273e-11
16901 1.492092e-11
16902 1.491911e-11
16903 1.491730e-11
16904 1.491549e-11
16905 1.491369e-11
16906 1.491188e-11
16907 1.491007e-11
16908 1.490826e-11
16909 1.490646e-11
16910 1.490465e-11
16911 1.490284e-11
16912 1.490104e-11
16913 1.489923e-11
16914 1.489743e-11
16915 1.489562e-11
16916 1.489382e-11
16917 1.489201e-11
16918 1.489021e-11
16919 1.488840e-11
16920 1.488660e-11
16921 1.488480e-11
16922 1.488299e-11
16923 1.488119e-11
16924 1.487939e-11
16925 1.487759e-11
16926 1.487579e-11
16927 1.487399e-11
16928 1.487218e-11
16929 1.487038e-11
16930 1.486858e-11
16931 1.486678e-11
16932 1.486498e-11
16933 1.486319e-11
16934 1.486139e-11
16935 1.485959e-11
16936 1.485779e-11
16937 1.485599e-11
16938 1.485419e-11
16939 1.485240e-11
16940 1.485060e-11
16941 1.484880e-11
16942 1.484701e-11
16943 1.484521e-11
16944 1.484342e-11
16945 1.484162e-11
16946 1.483982e-11
16947 1.483803e-11
16948 1.483624e-11
16949 1.483444e-11
16950 1.483265e-11
16951 1.483085e-11
16952 1.482906e-11
16953 1.482727e-11
16954 1.482548e-11
16955 1.482368e-11
16956 1.482189e-11
16957 1.482010e-11
16958 1.481831e-11
16959 1.481652e-11
16960 1.481473e-11
16961 1.481294e-11
16962 1.481115e-11
16963 1.480936e-11
16964 1.480757e-11
16965 1.480578e-11
16966 1.480399e-11
16967 1.480220e-11
16968 1.480042e-11
16969 1.479863e-11
16970 1.479684e-11
16971 1.479505e-11
16972 1.479327e-11
16973 1.479148e-11
16974 1.478970e-11
16975 1.478791e-11
16976 1.478612e-11
16977 1.478434e-11
16978 1.478255e-11
16979 1.478077e-11
16980 1.477899e-11
16981 1.477720e-11
16982 1.477542e-11
16983 1.477364e-11
16984 1.477185e-11
16985 1.477007e-11
16986 1.476829e-11
16987 1.476651e-11
16988 1.476473e-11
16989 1.476294e-11
16990 1.476116e-11
16991 1.475938e-11
16992 1.475760e-11
16993 1.475582e-11
16994 1.475404e-11
16995 1.475226e-11
16996 1.475049e-11
16997 1.474871e-11
16998 1.474693e-11
16999 1.474515e-11
17000 1.474337e-11
17001 1.474160e-11
17002 1.473982e-11
17003 1.473804e-11
17004 1.473626e-11
17005 1.473449e-11
17006 1.473271e-11
17007 1.473094e-11
17008 1.472916e-11
17009 1.472739e-11
17010 1.472561e-11
17011 1.472384e-11
17012 1.472207e-11
17013 1.472029e-11
17014 1.471852e-11
17015 1.471675e-11
17016 1.471497e-11
17017 1.471320e-11
17018 1.471143e-11
17019 1.470966e-11
17020 1.470789e-11
17021 1.470611e-11
17022 1.470434e-11
17023 1.470257e-11
17024 1.470080e-11
17025 1.469903e-11
17026 1.469726e-11
17027 1.469550e-11
17028 1.469373e-11
17029 1.469196e-11
17030 1.469019e-11
17031 1.468842e-11
17032 1.468665e-11
17033 1.468489e-11
17034 1.468312e-11
17035 1.468135e-11
17036 1.467959e-11
17037 1.467782e-11
17038 1.467606e-11
17039 1.467429e-11
17040 1.467253e-11
17041 1.467076e-11
17042 1.466900e-11
17043 1.466723e-11
17044 1.466547e-11
17045 1.466371e-11
17046 1.466194e-11
17047 1.466018e-11
17048 1.465842e-11
17049 1.465666e-11
17050 1.465489e-11
17051 1.465313e-11
17052 1.465137e-11
17053 1.464961e-11
17054 1.464785e-11
17055 1.464609e-11
17056 1.464433e-11
17057 1.464257e-11
17058 1.464081e-11
17059 1.463905e-11
17060 1.463729e-11
17061 1.463553e-11
17062 1.463378e-11
17063 1.463202e-11
17064 1.463026e-11
17065 1.462850e-11
17066 1.462675e-11
17067 1.462499e-11
17068 1.462324e-11
17069 1.462148e-11
17070 1.461972e-11
17071 1.461797e-11
17072 1.461621e-11
17073 1.461446e-11
17074 1.461270e-11
17075 1.461095e-11
17076 1.460920e-11
17077 1.460744e-11
17078 1.460569e-11
17079 1.460394e-11
17080 1.460219e-11
17081 1.460043e-11
17082 1.459868e-11
17083 1.459693e-11
17084 1.459518e-11
17085 1.459343e-11
17086 1.459168e-11
17087 1.458993e-11
17088 1.458818e-11
17089 1.458643e-11
17090 1.458468e-11
17091 1.458293e-11
17092 1.458118e-11
17093 1.457943e-11
17094 1.457768e-11
17095 1.457594e-11
17096 1.457419e-11
17097 1.457244e-11
17098 1.457070e-11
17099 1.456895e-11
17100 1.456720e-11
17101 1.456546e-11
17102 1.456371e-11
17103 1.456197e-11
17104 1.456022e-11
17105 1.455848e-11
17106 1.455673e-11
17107 1.455499e-11
17108 1.455325e-11
17109 1.455150e-11
17110 1.454976e-11
17111 1.454802e-11
17112 1.454627e-11
17113 1.454453e-11
17114 1.454279e-11
17115 1.454105e-11
17116 1.453931e-11
17117 1.453757e-11
17118 1.453583e-11
17119 1.453409e-11
17120 1.453235e-11
17121 1.453061e-11
17122 1.452887e-11
17123 1.452713e-11
17124 1.452539e-11
17125 1.452365e-11
17126 1.452191e-11
17127 1.452017e-11
17128 1.451844e-11
17129 1.451670e-11
17130 1.451496e-11
17131 1.451323e-11
17132 1.451149e-11
17133 1.450975e-11
17134 1.450802e-11
17135 1.450628e-11
17136 1.450455e-11
17137 1.450281e-11
17138 1.450108e-11
17139 1.449935e-11
17140 1.449761e-11
17141 1.449588e-11
17142 1.449414e-11
17143 1.449241e-11
17144 1.449068e-11
17145 1.448895e-11
17146 1.448722e-11
17147 1.448548e-11
17148 1.448375e-11
17149 1.448202e-11
17150 1.448029e-11
17151 1.447856e-11
17152 1.447683e-11
17153 1.447510e-11
17154 1.447337e-11
17155 1.447164e-11
17156 1.446991e-11
17157 1.446818e-11
17158 1.446646e-11
17159 1.446473e-11
17160 1.446300e-11
17161 1.446127e-11
17162 1.445955e-11
17163 1.445782e-11
17164 1.445609e-11
17165 1.445437e-11
17166 1.445264e-11
17167 1.445092e-11
17168 1.444919e-11
17169 1.444747e-11
17170 1.444574e-11
17171 1.444402e-11
17172 1.444229e-11
17173 1.444057e-11
17174 1.443885e-11
17175 1.443712e-11
17176 1.443540e-11
17177 1.443368e-11
17178 1.443196e-11
17179 1.443023e-11
17180 1.442851e-11
17181 1.442679e-11
17182 1.442507e-11
17183 1.442335e-11
17184 1.442163e-11
17185 1.441991e-11
17186 1.441819e-11
17187 1.441647e-11
17188 1.441475e-11
17189 1.441303e-11
17190 1.441132e-11
17191 1.440960e-11
17192 1.440788e-11
17193 1.440616e-11
17194 1.440444e-11
17195 1.440273e-11
17196 1.440101e-11
17197 1.439929e-11
17198 1.439758e-11
17199 1.439586e-11
17200 1.439415e-11
17201 1.439243e-11
17202 1.439072e-11
17203 1.438900e-11
17204 1.438729e-11
17205 1.438558e-11
17206 1.438386e-11
17207 1.438215e-11
17208 1.438044e-11
17209 1.437872e-11
17210 1.437701e-11
17211 1.437530e-11
17212 1.437359e-11
17213 1.437188e-11
17214 1.437016e-11
17215 1.436845e-11
17216 1.436674e-11
17217 1.436503e-11
17218 1.436332e-11
17219 1.436161e-11
17220 1.435990e-11
17221 1.435820e-11
17222 1.435649e-11
17223 1.435478e-11
17224 1.435307e-11
17225 1.435136e-11
17226 1.434965e-11
17227 1.434795e-11
17228 1.434624e-11
17229 1.434453e-11
17230 1.434283e-11
17231 1.434112e-11
17232 1.433942e-11
17233 1.433771e-11
17234 1.433601e-11
17235 1.433430e-11
17236 1.433260e-11
17237 1.433089e-11
17238 1.432919e-11
17239 1.432748e-11
17240 1.432578e-11
17241 1.432408e-11
17242 1.432238e-11
17243 1.432067e-11
17244 1.431897e-11
17245 1.431727e-11
17246 1.431557e-11
17247 1.431387e-11
17248 1.431217e-11
17249 1.431047e-11
17250 1.430877e-11
17251 1.430707e-11
17252 1.430537e-11
17253 1.430367e-11
17254 1.430197e-11
17255 1.430027e-11
17256 1.429857e-11
17257 1.429687e-11
17258 1.429517e-11
17259 1.429348e-11
17260 1.429178e-11
17261 1.429008e-11
17262 1.428839e-11
17263 1.428669e-11
17264 1.428499e-11
17265 1.428330e-11
17266 1.428160e-11
17267 1.427991e-11
17268 1.427821e-11
17269 1.427652e-11
17270 1.427482e-11
17271 1.427313e-11
17272 1.427144e-11
17273 1.426974e-11
17274 1.426805e-11
17275 1.426636e-11
17276 1.426466e-11
17277 1.426297e-11
17278 1.426128e-11
17279 1.425959e-11
17280 1.425790e-11
17281 1.425621e-11
17282 1.425452e-11
17283 1.425282e-11
17284 1.425113e-11
17285 1.424944e-11
17286 1.424776e-11
17287 1.424607e-11
17288 1.424438e-11
17289 1.424269e-11
17290 1.424100e-11
17291 1.423931e-11
17292 1.423762e-11
17293 1.423594e-11
17294 1.423425e-11
17295 1.423256e-11
17296 1.423088e-11
17297 1.422919e-11
17298 1.422750e-11
17299 1.422582e-11
17300 1.422413e-11
17301 1.422245e-11
17302 1.422076e-11
17303 1.421908e-11
17304 1.421740e-11
17305 1.421571e-11
17306 1.421403e-11
17307 1.421235e-11
17308 1.421066e-11
17309 1.420898e-11
17310 1.420730e-11
17311 1.420562e-11
17312 1.420393e-11
17313 1.420225e-11
17314 1.420057e-11
17315 1.419889e-11
17316 1.419721e-11
17317 1.419553e-11
17318 1.419385e-11
17319 1.419217e-11
17320 1.419049e-11
17321 1.418881e-11
17322 1.418713e-11
17323 1.418545e-11
17324 1.418378e-11
17325 1.418210e-11
17326 1.418042e-11
17327 1.417874e-11
17328 1.417707e-11
17329 1.417539e-11
17330 1.417371e-11
17331 1.417204e-11
17332 1.417036e-11
17333 1.416868e-11
17334 1.416701e-11
17335 1.416533e-11
17336 1.416366e-11
17337 1.416199e-11
17338 1.416031e-11
17339 1.415864e-11
17340 1.415696e-11
17341 1.415529e-11
17342 1.415362e-11
17343 1.415195e-11
17344 1.415027e-11
17345 1.414860e-11
17346 1.414693e-11
17347 1.414526e-11
17348 1.414359e-11
17349 1.414192e-11
17350 1.414025e-11
17351 1.413858e-11
17352 1.413691e-11
17353 1.413524e-11
17354 1.413357e-11
17355 1.413190e-11
17356 1.413023e-11
17357 1.412856e-11
17358 1.412689e-11
17359 1.412522e-11
17360 1.412356e-11
17361 1.412189e-11
17362 1.412022e-11
17363 1.411855e-11
17364 1.411689e-11
17365 1.411522e-11
17366 1.411356e-11
17367 1.411189e-11
17368 1.411023e-11
17369 1.410856e-11
17370 1.410690e-11
17371 1.410523e-11
17372 1.410357e-11
17373 1.410190e-11
17374 1.410024e-11
17375 1.409858e-11
17376 1.409691e-11
17377 1.409525e-11
17378 1.409359e-11
17379 1.409193e-11
17380 1.409026e-11
17381 1.408860e-11
17382 1.408694e-11
17383 1.408528e-11
17384 1.408362e-11
17385 1.408196e-11
17386 1.408030e-11
17387 1.407864e-11
17388 1.407698e-11
17389 1.407532e-11
17390 1.407366e-11
17391 1.407200e-11
17392 1.407035e-11
17393 1.406869e-11
17394 1.406703e-11
17395 1.406537e-11
17396 1.406372e-11
17397 1.406206e-11
17398 1.406040e-11
17399 1.405875e-11
17400 1.405709e-11
17401 1.405543e-11
17402 1.405378e-11
17403 1.405212e-11
17404 1.405047e-11
17405 1.404882e-11
17406 1.404716e-11
17407 1.404551e-11
17408 1.404385e-11
17409 1.404220e-11
17410 1.404055e-11
17411 1.403889e-11
17412 1.403724e-11
17413 1.403559e-11
17414 1.403394e-11
17415 1.403229e-11
17416 1.403063e-11
17417 1.402898e-11
17418 1.402733e-11
17419 1.402568e-11
17420 1.402403e-11
17421 1.402238e-11
17422 1.402073e-11
17423 1.401908e-11
17424 1.401743e-11
17425 1.401579e-11
17426 1.401414e-11
17427 1.401249e-11
17428 1.401084e-11
17429 1.400919e-11
17430 1.400755e-11
17431 1.400590e-11
17432 1.400425e-11
17433 1.400261e-11
17434 1.400096e-11
17435 1.399931e-11
17436 1.399767e-11
17437 1.399602e-11
17438 1.399438e-11
17439 1.399273e-11
17440 1.399109e-11
17441 1.398945e-11
17442 1.398780e-11
17443 1.398616e-11
17444 1.398452e-11
17445 1.398287e-11
17446 1.398123e-11
17447 1.397959e-11
17448 1.397794e-11
17449 1.397630e-11
17450 1.397466e-11
17451 1.397302e-11
17452 1.397138e-11
17453 1.396974e-11
17454 1.396810e-11
17455 1.396646e-11
17456 1.396482e-11
17457 1.396318e-11
17458 1.396154e-11
17459 1.395990e-11
17460 1.395826e-11
17461 1.395662e-11
17462 1.395499e-11
17463 1.395335e-11
17464 1.395171e-11
17465 1.395007e-11
17466 1.394844e-11
17467 1.394680e-11
17468 1.394516e-11
17469 1.394353e-11
17470 1.394189e-11
17471 1.394026e-11
17472 1.393862e-11
17473 1.393699e-11
17474 1.393535e-11
17475 1.393372e-11
17476 1.393208e-11
17477 1.393045e-11
17478 1.392882e-11
17479 1.392718e-11
17480 1.392555e-11
17481 1.392392e-11
17482 1.392228e-11
17483 1.392065e-11
17484 1.391902e-11
17485 1.391739e-11
17486 1.391576e-11
17487 1.391413e-11
17488 1.391250e-11
17489 1.391087e-11
17490 1.390923e-11
17491 1.390761e-11
17492 1.390598e-11
17493 1.390435e-11
17494 1.390272e-11
17495 1.390109e-11
17496 1.389946e-11
17497 1.389783e-11
17498 1.389620e-11
17499 1.389458e-11
17500 1.389295e-11
17501 1.389132e-11
17502 1.388970e-11
17503 1.388807e-11
17504 1.388644e-11
17505 1.388482e-11
17506 1.388319e-11
17507 1.388157e-11
17508 1.387994e-11
17509 1.387832e-11
17510 1.387669e-11
17511 1.387507e-11
17512 1.387344e-11
17513 1.387182e-11
17514 1.387020e-11
17515 1.386857e-11
17516 1.386695e-11
17517 1.386533e-11
17518 1.386371e-11
17519 1.386209e-11
17520 1.386046e-11
17521 1.385884e-11
17522 1.385722e-11
17523 1.385560e-11
17524 1.385398e-11
17525 1.385236e-11
17526 1.385074e-11
17527 1.384912e-11
17528 1.384750e-11
17529 1.384588e-11
17530 1.384426e-11
17531 1.384264e-11
17532 1.384103e-11
17533 1.383941e-11
17534 1.383779e-11
17535 1.383617e-11
17536 1.383456e-11
17537 1.383294e-11
17538 1.383132e-11
17539 1.382971e-11
17540 1.382809e-11
17541 1.382648e-11
17542 1.382486e-11
17543 1.382324e-11
17544 1.382163e-11
17545 1.382002e-11
17546 1.381840e-11
17547 1.381679e-11
17548 1.381517e-11
17549 1.381356e-11
17550 1.381195e-11
17551 1.381033e-11
17552 1.380872e-11
17553 1.380711e-11
17554 1.380550e-11
17555 1.380388e-11
17556 1.380227e-11
17557 1.380066e-11
17558 1.379905e-11
17559 1.379744e-11
17560 1.379583e-11
17561 1.379422e-11
17562 1.379261e-11
17563 1.379100e-11
17564 1.378939e-11
17565 1.378778e-11
17566 1.378617e-11
17567 1.378457e-11
17568 1.378296e-11
17569 1.378135e-11
17570 1.377974e-11
17571 1.377813e-11
17572 1.377653e-11
17573 1.377492e-11
17574 1.377331e-11
17575 1.377171e-11
17576 1.377010e-11
17577 1.376850e-11
17578 1.376689e-11
17579 1.376529e-11
17580 1.376368e-11
17581 1.376208e-11
17582 1.376047e-11
17583 1.375887e-11
17584 1.375727e-11
17585 1.375566e-11
17586 1.375406e-11
17587 1.375246e-11
17588 1.375085e-11
17589 1.374925e-11
17590 1.374765e-11
17591 1.374605e-11
17592 1.374445e-11
17593 1.374284e-11
17594 1.374124e-11
17595 1.373964e-11
17596 1.373804e-11
17597 1.373644e-11
17598 1.373484e-11
17599 1.373324e-11
17600 1.373164e-11
17601 1.373005e-11
17602 1.372845e-11
17603 1.372685e-11
17604 1.372525e-11
17605 1.372365e-11
17606 1.372205e-11
17607 1.372046e-11
17608 1.371886e-11
17609 1.371726e-11
17610 1.371567e-11
17611 1.371407e-11
17612 1.371247e-11
17613 1.371088e-11
17614 1.370928e-11
17615 1.370769e-11
17616 1.370609e-11
17617 1.370450e-11
17618 1.370291e-11
17619 1.370131e-11
17620 1.369972e-11
17621 1.369812e-11
17622 1.369653e-11
17623 1.369494e-11
17624 1.369335e-11
17625 1.369175e-11
17626 1.369016e-11
17627 1.368857e-11
17628 1.368698e-11
17629 1.368539e-11
17630 1.368378e-11
17631 1.368217e-11
17632 1.368056e-11
17633 1.367895e-11
17634 1.367734e-11
17635 1.367573e-11
17636 1.367412e-11
17637 1.367251e-11
17638 1.367090e-11
17639 1.366929e-11
17640 1.366768e-11
17641 1.366607e-11
17642 1.366447e-11
17643 1.366286e-11
17644 1.366125e-11
17645 1.365965e-11
17646 1.365804e-11
17647 1.365643e-11
17648 1.365483e-11
17649 1.365322e-11
17650 1.365162e-11
17651 1.365001e-11
17652 1.364840e-11
17653 1.364680e-11
17654 1.364520e-11
17655 1.364359e-11
17656 1.364199e-11
17657 1.364038e-11
17658 1.363878e-11
17659 1.363718e-11
17660 1.363558e-11
17661 1.363397e-11
17662 1.363237e-11
17663 1.363077e-11
17664 1.362917e-11
17665 1.362757e-11
17666 1.362597e-11
17667 1.362436e-11
17668 1.362276e-11
17669 1.362116e-11
17670 1.361956e-11
17671 1.361796e-11
17672 1.361636e-11
17673 1.361477e-11
17674 1.361317e-11
17675 1.361157e-11
17676 1.360997e-11
17677 1.360837e-11
17678 1.360677e-11
17679 1.360518e-11
17680 1.360358e-11
17681 1.360198e-11
17682 1.360039e-11
17683 1.359879e-11
17684 1.359719e-11
17685 1.359560e-11
17686 1.359400e-11
17687 1.359241e-11
17688 1.359081e-11
17689 1.358922e-11
17690 1.358762e-11
17691 1.358603e-11
17692 1.358444e-11
17693 1.358284e-11
17694 1.358125e-11
17695 1.357966e-11
17696 1.357806e-11
17697 1.357647e-11
17698 1.357488e-11
17699 1.357329e-11
17700 1.357170e-11
17701 1.357010e-11
17702 1.356851e-11
17703 1.356692e-11
17704 1.356533e-11
17705 1.356374e-11
17706 1.356215e-11
17707 1.356056e-11
17708 1.355897e-11
17709 1.355738e-11
17710 1.355579e-11
17711 1.355421e-11
17712 1.355262e-11
17713 1.355103e-11
17714 1.354944e-11
17715 1.354785e-11
17716 1.354627e-11
17717 1.354468e-11
17718 1.354309e-11
17719 1.354151e-11
17720 1.353992e-11
17721 1.353834e-11
17722 1.353675e-11
17723 1.353517e-11
17724 1.353358e-11
17725 1.353200e-11
17726 1.353041e-11
17727 1.352883e-11
17728 1.352724e-11
17729 1.352566e-11
17730 1.352408e-11
17731 1.352249e-11
17732 1.352091e-11
17733 1.351933e-11
17734 1.351775e-11
17735 1.351616e-11
17736 1.351458e-11
17737 1.351300e-11
17738 1.351142e-11
17739 1.350984e-11
17740 1.350826e-11
17741 1.350668e-11
17742 1.350510e-11
17743 1.350352e-11
17744 1.350194e-11
17745 1.350036e-11
17746 1.349878e-11
17747 1.349720e-11
17748 1.349562e-11
17749 1.349405e-11
17750 1.349247e-11
17751 1.349089e-11
17752 1.348931e-11
17753 1.348774e-11
17754 1.348616e-11
17755 1.348458e-11
17756 1.348301e-11
17757 1.348143e-11
17758 1.347985e-11
17759 1.347828e-11
17760 1.347670e-11
17761 1.347513e-11
17762 1.347355e-11
17763 1.347198e-11
17764 1.347041e-11
17765 1.346883e-11
17766 1.346726e-11
17767 1.346569e-11
17768 1.346411e-11
17769 1.346254e-11
17770 1.346097e-11
17771 1.345940e-11
17772 1.345782e-11
17773 1.345625e-11
17774 1.345468e-11
17775 1.345311e-11
17776 1.345154e-11
17777 1.344997e-11
17778 1.344840e-11
17779 1.344683e-11
17780 1.344526e-11
17781 1.344369e-11
17782 1.344212e-11
17783 1.344055e-11
17784 1.343898e-11
17785 1.343741e-11
17786 1.343585e-11
17787 1.343428e-11
17788 1.343271e-11
17789 1.343114e-11
17790 1.342958e-11
17791 1.342801e-11
17792 1.342644e-11
17793 1.342488e-11
17794 1.342331e-11
17795 1.342175e-11
17796 1.342018e-11
17797 1.341862e-11
17798 1.341705e-11
17799 1.341549e-11
17800 1.341392e-11
17801 1.341236e-11
17802 1.341079e-11
17803 1.340923e-11
17804 1.340767e-11
17805 1.340611e-11
17806 1.340454e-11
17807 1.340298e-11
17808 1.340142e-11
17809 1.339986e-11
17810 1.339829e-11
17811 1.339673e-11
17812 1.339517e-11
17813 1.339361e-11
17814 1.339205e-11
17815 1.339049e-11
17816 1.338893e-11
17817 1.338737e-11
17818 1.338581e-11
17819 1.338425e-11
17820 1.338269e-11
17821 1.338114e-11
17822 1.337958e-11
17823 1.337802e-11
17824 1.337646e-11
17825 1.337490e-11
17826 1.337335e-11
17827 1.337179e-11
17828 1.337023e-11
17829 1.336868e-11
17830 1.336712e-11
17831 1.336556e-11
17832 1.336401e-11
17833 1.336245e-11
17834 1.336090e-11
17835 1.335934e-11
17836 1.335779e-11
17837 1.335623e-11
17838 1.335468e-11
17839 1.335313e-11
17840 1.335157e-11
17841 1.335002e-11
17842 1.334847e-11
17843 1.334691e-11
17844 1.334536e-11
17845 1.334381e-11
17846 1.334226e-11
17847 1.334071e-11
17848 1.333915e-11
17849 1.333760e-11
17850 1.333605e-11
17851 1.333450e-11
17852 1.333295e-11
17853 1.333140e-11
17854 1.332985e-11
17855 1.332830e-11
17856 1.332675e-11
17857 1.332520e-11
17858 1.332366e-11
17859 1.332211e-11
17860 1.332056e-11
17861 1.331901e-11
17862 1.331746e-11
17863 1.331592e-11
17864 1.331437e-11
17865 1.331282e-11
17866 1.331128e-11
17867 1.330973e-11
17868 1.330818e-11
17869 1.330664e-11
17870 1.330509e-11
17871 1.330355e-11
17872 1.330200e-11
17873 1.330046e-11
17874 1.329891e-11
17875 1.329737e-11
17876 1.329583e-11
17877 1.329428e-11
17878 1.329274e-11
17879 1.329120e-11
17880 1.328965e-11
17881 1.328811e-11
17882 1.328657e-11
17883 1.328503e-11
17884 1.328348e-11
17885 1.328194e-11
17886 1.328040e-11
17887 1.327886e-11
17888 1.327732e-11
17889 1.327578e-11
17890 1.327424e-11
17891 1.327270e-11
17892 1.327116e-11
17893 1.326962e-11
17894 1.326808e-11
17895 1.326654e-11
17896 1.326500e-11
17897 1.326347e-11
17898 1.326193e-11
17899 1.326039e-11
17900 1.325885e-11
17901 1.325731e-11
17902 1.325578e-11
17903 1.325424e-11
17904 1.325270e-11
17905 1.325117e-11
17906 1.324963e-11
17907 1.324810e-11
17908 1.324656e-11
17909 1.324503e-11
17910 1.324349e-11
17911 1.324196e-11
17912 1.324042e-11
17913 1.323889e-11
17914 1.323735e-11
17915 1.323582e-11
17916 1.323429e-11
17917 1.323275e-11
17918 1.323122e-11
17919 1.322969e-11
17920 1.322816e-11
17921 1.322662e-11
17922 1.322509e-11
17923 1.322356e-11
17924 1.322203e-11
17925 1.322050e-11
17926 1.321897e-11
17927 1.321744e-11
17928 1.321591e-11
17929 1.321438e-11
17930 1.321285e-11
17931 1.321132e-11
17932 1.320979e-11
17933 1.320826e-11
17934 1.320673e-11
17935 1.320520e-11
17936 1.320368e-11
17937 1.320215e-11
17938 1.320062e-11
17939 1.319909e-11
17940 1.319757e-11
17941 1.319604e-11
17942 1.319451e-11
17943 1.319299e-11
17944 1.319146e-11
17945 1.318994e-11
17946 1.318841e-11
17947 1.318688e-11
17948 1.318536e-11
17949 1.318384e-11
17950 1.318231e-11
17951 1.318079e-11
17952 1.317926e-11
17953 1.317774e-11
17954 1.317622e-11
17955 1.317469e-11
17956 1.317317e-11
17957 1.317165e-11
17958 1.317013e-11
17959 1.316860e-11
17960 1.316708e-11
17961 1.316556e-11
17962 1.316404e-11
17963 1.316252e-11
17964 1.316100e-11
17965 1.315948e-11
17966 1.315796e-11
17967 1.315644e-11
17968 1.315492e-11
17969 1.315340e-11
17970 1.315188e-11
17971 1.315036e-11
17972 1.314884e-11
17973 1.314732e-11
17974 1.314580e-11
17975 1.314429e-11
17976 1.314277e-11
17977 1.314125e-11
17978 1.313973e-11
17979 1.313822e-11
17980 1.313670e-11
17981 1.313518e-11
17982 1.313367e-11
17983 1.313215e-11
17984 1.313064e-11
17985 1.312912e-11
17986 1.312761e-11
17987 1.312609e-11
17988 1.312458e-11
17989 1.312306e-11
17990 1.312155e-11
17991 1.312003e-11
17992 1.311852e-11
17993 1.311701e-11
17994 1.311550e-11
17995 1.311398e-11
17996 1.311247e-11
17997 1.311096e-11
17998 1.310945e-11
17999 1.310793e-11
18000 1.310642e-11
18001 1.310491e-11
18002 1.310340e-11
18003 1.310189e-11
18004 1.310038e-11
18005 1.309887e-11
18006 1.309736e-11
18007 1.309585e-11
18008 1.309434e-11
18009 1.309283e-11
18010 1.309132e-11
18011 1.308981e-11
18012 1.308831e-11
18013 1.308680e-11
18014 1.308529e-11
18015 1.308378e-11
18016 1.308228e-11
18017 1.308077e-11
18018 1.307926e-11
18019 1.307776e-11
18020 1.307625e-11
18021 1.307474e-11
18022 1.307324e-11
18023 1.307173e-11
18024 1.307023e-11
18025 1.306872e-11
18026 1.306722e-11
18027 1.306571e-11
18028 1.306421e-11
18029 1.306270e-11
18030 1.306120e-11
18031 1.305970e-11
18032 1.305819e-11
18033 1.305669e-11
18034 1.305519e-11
18035 1.305369e-11
18036 1.305218e-11
18037 1.305068e-11
18038 1.304918e-11
18039 1.304768e-11
18040 1.304618e-11
18041 1.304468e-11
18042 1.304318e-11
18043 1.304168e-11
18044 1.304018e-11
18045 1.303868e-11
18046 1.303718e-11
18047 1.303568e-11
18048 1.303418e-11
18049 1.303268e-11
18050 1.303118e-11
18051 1.302968e-11
18052 1.302818e-11
18053 1.302669e-11
18054 1.302519e-11
18055 1.302369e-11
18056 1.302219e-11
18057 1.302070e-11
18058 1.301920e-11
18059 1.301770e-11
18060 1.301621e-11
18061 1.301471e-11
18062 1.301322e-11
18063 1.301172e-11
18064 1.301023e-11
18065 1.300873e-11
18066 1.300724e-11
18067 1.300574e-11
18068 1.300425e-11
18069 1.300276e-11
18070 1.300126e-11
18071 1.299977e-11
18072 1.299828e-11
18073 1.299678e-11
18074 1.299529e-11
18075 1.299380e-11
18076 1.299231e-11
18077 1.299082e-11
18078 1.298932e-11
18079 1.298783e-11
18080 1.298634e-11
18081 1.298485e-11
18082 1.298336e-11
18083 1.298187e-11
18084 1.298038e-11
18085 1.297889e-11
18086 1.297740e-11
18087 1.297591e-11
18088 1.297442e-11
18089 1.297293e-11
18090 1.297145e-11
18091 1.296996e-11
18092 1.296847e-11
18093 1.296698e-11
18094 1.296550e-11
18095 1.296401e-11
18096 1.296252e-11
18097 1.296103e-11
18098 1.295955e-11
18099 1.295806e-11
18100 1.295658e-11
18101 1.295509e-11
18102 1.295361e-11
18103 1.295212e-11
18104 1.295064e-11
18105 1.294915e-11
18106 1.294767e-11
18107 1.294618e-11
18108 1.294470e-11
18109 1.294321e-11
18110 1.294173e-11
18111 1.294025e-11
18112 1.293877e-11
18113 1.293728e-11
18114 1.293580e-11
18115 1.293432e-11
18116 1.293284e-11
18117 1.293136e-11
18118 1.292987e-11
18119 1.292839e-11
18120 1.292691e-11
18121 1.292543e-11
18122 1.292395e-11
18123 1.292247e-11
18124 1.292099e-11
18125 1.291951e-11
18126 1.291803e-11
18127 1.291655e-11
18128 1.291507e-11
18129 1.291360e-11
18130 1.291212e-11
18131 1.291064e-11
18132 1.290916e-11
18133 1.290768e-11
18134 1.290621e-11
18135 1.290473e-11
18136 1.290325e-11
18137 1.290178e-11
18138 1.290030e-11
18139 1.289882e-11
18140 1.289735e-11
18141 1.289587e-11
18142 1.289440e-11
18143 1.289292e-11
18144 1.289145e-11
18145 1.288997e-11
18146 1.288850e-11
18147 1.288702e-11
18148 1.288555e-11
18149 1.288408e-11
18150 1.288260e-11
18151 1.288113e-11
18152 1.287966e-11
18153 1.287819e-11
18154 1.287671e-11
18155 1.287524e-11
18156 1.287377e-11
18157 1.287230e-11
18158 1.287083e-11
18159 1.286935e-11
18160 1.286788e-11
18161 1.286641e-11
18162 1.286494e-11
18163 1.286347e-11
18164 1.286200e-11
18165 1.286053e-11
18166 1.285906e-11
18167 1.285760e-11
18168 1.285613e-11
18169 1.285466e-11
18170 1.285319e-11
18171 1.285172e-11
18172 1.285025e-11
18173 1.284879e-11
18174 1.284732e-11
18175 1.284585e-11
18176 1.284438e-11
18177 1.284292e-11
18178 1.284145e-11
18179 1.283999e-11
18180 1.283852e-11
18181 1.283705e-11
18182 1.283559e-11
18183 1.283412e-11
18184 1.283266e-11
18185 1.283119e-11
18186 1.282973e-11
18187 1.282827e-11
18188 1.282680e-11
18189 1.282534e-11
18190 1.282387e-11
18191 1.282241e-11
18192 1.282095e-11
18193 1.281949e-11
18194 1.281802e-11
18195 1.281656e-11
18196 1.281510e-11
18197 1.281364e-11
18198 1.281218e-11
18199 1.281072e-11
18200 1.280925e-11
18201 1.280779e-11
18202 1.280633e-11
18203 1.280487e-11
18204 1.280341e-11
18205 1.280195e-11
18206 1.280049e-11
18207 1.279904e-11
18208 1.279758e-11
18209 1.279612e-11
18210 1.279466e-11
18211 1.279320e-11
18212 1.279174e-11
18213 1.279029e-11
18214 1.278883e-11
18215 1.278737e-11
18216 1.278591e-11
18217 1.278446e-11
18218 1.278300e-11
18219 1.278154e-11
18220 1.278009e-11
18221 1.277863e-11
18222 1.277718e-11
18223 1.277572e-11
18224 1.277427e-11
18225 1.277281e-11
18226 1.277136e-11
18227 1.276990e-11
18228 1.276845e-11
18229 1.276700e-11
18230 1.276554e-11
18231 1.276409e-11
18232 1.276264e-11
18233 1.276118e-11
18234 1.275973e-11
18235 1.275828e-11
18236 1.275683e-11
18237 1.275537e-11
18238 1.275392e-11
18239 1.275247e-11
18240 1.275102e-11
18241 1.274957e-11
18242 1.274812e-11
18243 1.274667e-11
18244 1.274522e-11
18245 1.274377e-11
18246 1.274232e-11
18247 1.274087e-11
18248 1.273942e-11
18249 1.273797e-11
18250 1.273652e-11
18251 1.273507e-11
18252 1.273363e-11
18253 1.273218e-11
18254 1.273073e-11
18255 1.272928e-11
18256 1.272784e-11
18257 1.272639e-11
18258 1.272494e-11
18259 1.272350e-11
18260 1.272205e-11
18261 1.272060e-11
18262 1.271916e-11
18263 1.271771e-11
18264 1.271627e-11
18265 1.271482e-11
18266 1.271338e-11
18267 1.271193e-11
18268 1.271049e-11
18269 1.270905e-11
18270 1.270760e-11
18271 1.270616e-11
18272 1.270471e-11
18273 1.270327e-11
18274 1.270183e-11
18275 1.270039e-11
18276 1.269894e-11
18277 1.269750e-11
18278 1.269606e-11
18279 1.269462e-11
18280 1.269318e-11
18281 1.269174e-11
18282 1.269030e-11
18283 1.268885e-11
18284 1.268741e-11
18285 1.268597e-11
18286 1.268453e-11
18287 1.268309e-11
18288 1.268166e-11
18289 1.268022e-11
18290 1.267878e-11
18291 1.267734e-11
18292 1.267590e-11
18293 1.267446e-11
18294 1.267302e-11
18295 1.267159e-11
18296 1.267015e-11
18297 1.266871e-11
18298 1.266727e-11
18299 1.266584e-11
18300 1.266440e-11
18301 1.266297e-11
18302 1.266153e-11
18303 1.266009e-11
18304 1.265866e-11
18305 1.265722e-11
18306 1.265579e-11
18307 1.265435e-11
18308 1.265292e-11
18309 1.265148e-11
18310 1.265005e-11
18311 1.264862e-11
18312 1.264718e-11
18313 1.264575e-11
18314 1.264432e-11
18315 1.264288e-11
18316 1.264145e-11
18317 1.264002e-11
18318 1.263859e-11
18319 1.263715e-11
18320 1.263572e-11
18321 1.263429e-11
18322 1.263286e-11
18323 1.263143e-11
18324 1.263000e-11
18325 1.262857e-11
18326 1.262714e-11
18327 1.262571e-11
18328 1.262428e-11
18329 1.262285e-11
18330 1.262142e-11
18331 1.261999e-11
18332 1.261856e-11
18333 1.261713e-11
18334 1.261570e-11
18335 1.261428e-11
18336 1.261285e-11
18337 1.261142e-11
18338 1.260999e-11
18339 1.260857e-11
18340 1.260714e-11
18341 1.260571e-11
18342 1.260429e-11
18343 1.260286e-11
18344 1.260143e-11
18345 1.260001e-11
18346 1.259858e-11
18347 1.259716e-11
18348 1.259573e-11
18349 1.259431e-11
18350 1.259288e-11
18351 1.259146e-11
18352 1.259004e-11
18353 1.258861e-11
18354 1.258719e-11
18355 1.258576e-11
18356 1.258434e-11
18357 1.258292e-11
18358 1.258150e-11
18359 1.258007e-11
18360 1.257865e-11
18361 1.257723e-11
18362 1.257581e-11
18363 1.257439e-11
18364 1.257297e-11
18365 1.257154e-11
18366 1.257012e-11
18367 1.256870e-11
18368 1.256728e-11
18369 1.256586e-11
18370 1.256444e-11
18371 1.256302e-11
18372 1.256161e-11
18373 1.256019e-11
18374 1.255877e-11
18375 1.255735e-11
18376 1.255593e-11
18377 1.255451e-11
18378 1.255309e-11
18379 1.255168e-11
18380 1.255026e-11
18381 1.254884e-11
18382 1.254743e-11
18383 1.254601e-11
18384 1.254459e-11
18385 1.254318e-11
18386 1.254176e-11
18387 1.254034e-11
18388 1.253893e-11
18389 1.253751e-11
18390 1.253610e-11
18391 1.253468e-11
18392 1.253327e-11
18393 1.253186e-11
18394 1.253044e-11
18395 1.252903e-11
18396 1.252761e-11
18397 1.252620e-11
18398 1.252479e-11
18399 1.252338e-11
18400 1.252196e-11
18401 1.252055e-11
18402 1.251914e-11
18403 1.251773e-11
18404 1.251631e-11
18405 1.251490e-11
18406 1.251349e-11
18407 1.251208e-11
18408 1.251067e-11
18409 1.250926e-11
18410 1.250785e-11
18411 1.250644e-11
18412 1.250503e-11
18413 1.250362e-11
18414 1.250221e-11
18415 1.250080e-11
18416 1.249939e-11
18417 1.249798e-11
18418 1.249658e-11
18419 1.249517e-11
18420 1.249376e-11
18421 1.249235e-11
18422 1.249094e-11
18423 1.248954e-11
18424 1.248813e-11
18425 1.248672e-11
18426 1.248532e-11
18427 1.248391e-11
18428 1.248250e-11
18429 1.248110e-11
18430 1.247969e-11
18431 1.247829e-11
18432 1.247688e-11
18433 1.247548e-11
18434 1.247407e-11
18435 1.247267e-11
18436 1.247127e-11
18437 1.246986e-11
18438 1.246846e-11
18439 1.246705e-11
18440 1.246565e-11
18441 1.246425e-11
18442 1.246285e-11
18443 1.246144e-11
18444 1.246004e-11
18445 1.245864e-11
18446 1.245724e-11
18447 1.245584e-11
18448 1.245443e-11
18449 1.245303e-11
18450 1.245163e-11
18451 1.245023e-11
18452 1.244883e-11
18453 1.244743e-11
18454 1.244603e-11
18455 1.244463e-11
18456 1.244323e-11
18457 1.244183e-11
18458 1.244043e-11
18459 1.243903e-11
18460 1.243764e-11
18461 1.243624e-11
18462 1.243484e-11
18463 1.243344e-11
18464 1.243204e-11
18465 1.243065e-11
18466 1.242925e-11
18467 1.242785e-11
18468 1.242646e-11
18469 1.242506e-11
18470 1.242366e-11
18471 1.242227e-11
18472 1.242087e-11
18473 1.241948e-11
18474 1.241808e-11
18475 1.241669e-11
18476 1.241529e-11
18477 1.241390e-11
18478 1.241250e-11
18479 1.241111e-11
18480 1.240971e-11
18481 1.240832e-11
18482 1.240693e-11
18483 1.240553e-11
18484 1.240414e-11
18485 1.240275e-11
18486 1.240136e-11
18487 1.239996e-11
18488 1.239857e-11
18489 1.239718e-11
18490 1.239579e-11
18491 1.239440e-11
18492 1.239301e-11
18493 1.239161e-11
18494 1.239022e-11
18495 1.238883e-11
18496 1.238744e-11
18497 1.238605e-11
18498 1.238466e-11
18499 1.238327e-11
18500 1.238188e-11
18501 1.238050e-11
18502 1.237911e-11
18503 1.237772e-11
18504 1.237633e-11
18505 1.237494e-11
18506 1.237355e-11
18507 1.237217e-11
18508 1.237078e-11
18509 1.236939e-11
18510 1.236800e-11
18511 1.236662e-11
18512 1.236523e-11
18513 1.236385e-11
18514 1.236246e-11
18515 1.236107e-11
18516 1.235969e-11
18517 1.235830e-11
18518 1.235692e-11
18519 1.235553e-11
18520 1.235415e-11
18521 1.235276e-11
18522 1.235138e-11
18523 1.235000e-11
18524 1.234861e-11
18525 1.234723e-11
18526 1.234584e-11
18527 1.234446e-11
18528 1.234308e-11
18529 1.234170e-11
18530 1.234031e-11
18531 1.233893e-11
18532 1.233755e-11
18533 1.233617e-11
18534 1.233479e-11
18535 1.233341e-11
18536 1.233202e-11
18537 1.233064e-11
18538 1.232926e-11
18539 1.232788e-11
18540 1.232650e-11
18541 1.232512e-11
18542 1.232374e-11
18543 1.232236e-11
18544 1.232099e-11
18545 1.231961e-11
18546 1.231823e-11
18547 1.231685e-11
18548 1.231547e-11
18549 1.231409e-11
18550 1.231271e-11
18551 1.231134e-11
18552 1.230996e-11
18553 1.230858e-11
18554 1.230721e-11
18555 1.230583e-11
18556 1.230445e-11
18557 1.230308e-11
18558 1.230170e-11
18559 1.230033e-11
18560 1.229895e-11
18561 1.229757e-11
18562 1.229620e-11
18563 1.229482e-11
18564 1.229345e-11
18565 1.229208e-11
18566 1.229070e-11
18567 1.228933e-11
18568 1.228795e-11
18569 1.228658e-11
18570 1.228521e-11
18571 1.228383e-11
18572 1.228246e-11
18573 1.228109e-11
18574 1.227972e-11
18575 1.227834e-11
18576 1.227697e-11
18577 1.227560e-11
18578 1.227423e-11
18579 1.227286e-11
18580 1.227149e-11
18581 1.227012e-11
18582 1.226875e-11
18583 1.226738e-11
18584 1.226601e-11
18585 1.226464e-11
18586 1.226327e-11
18587 1.226190e-11
18588 1.226053e-11
18589 1.225916e-11
18590 1.225779e-11
18591 1.225642e-11
18592 1.225505e-11
18593 1.225369e-11
18594 1.225232e-11
18595 1.225095e-11
18596 1.224958e-11
18597 1.224822e-11
18598 1.224685e-11
18599 1.224548e-11
18600 1.224412e-11
18601 1.224275e-11
18602 1.224138e-11
18603 1.224002e-11
18604 1.223865e-11
18605 1.223729e-11
18606 1.223592e-11
18607 1.223456e-11
18608 1.223319e-11
18609 1.223183e-11
18610 1.223046e-11
18611 1.222910e-11
18612 1.222774e-11
18613 1.222637e-11
18614 1.222501e-11
18615 1.222365e-11
18616 1.222228e-11
18617 1.222092e-11
18618 1.221956e-11
18619 1.221820e-11
18620 1.221684e-11
18621 1.221547e-11
18622 1.221411e-11
18623 1.221275e-11
18624 1.221139e-11
18625 1.221003e-11
18626 1.220867e-11
18627 1.220731e-11
18628 1.220595e-11
18629 1.220459e-11
18630 1.220323e-11
18631 1.220187e-11
18632 1.220051e-11
18633 1.219915e-11
18634 1.219779e-11
18635 1.219643e-11
18636 1.219508e-11
18637 1.219372e-11
18638 1.219236e-11
18639 1.219100e-11
18640 1.218964e-11
18641 1.218829e-11
18642 1.218693e-11
18643 1.218557e-11
18644 1.218422e-11
18645 1.218286e-11
18646 1.218150e-11
18647 1.218015e-11
18648 1.217879e-11
18649 1.217744e-11
18650 1.217608e-11
18651 1.217473e-11
18652 1.217337e-11
18653 1.217202e-11
18654 1.217066e-11
18655 1.216931e-11
18656 1.216796e-11
18657 1.216660e-11
18658 1.216525e-11
18659 1.216390e-11
18660 1.216254e-11
18661 1.216119e-11
18662 1.215984e-11
18663 1.215849e-11
18664 1.215713e-11
18665 1.215578e-11
18666 1.215443e-11
18667 1.215308e-11
18668 1.215173e-11
18669 1.215038e-11
18670 1.214903e-11
18671 1.214768e-11
18672 1.214632e-11
18673 1.214497e-11
18674 1.214362e-11
18675 1.214228e-11
18676 1.214093e-11
18677 1.213958e-11
18678 1.213823e-11
18679 1.213688e-11
18680 1.213553e-11
18681 1.213418e-11
18682 1.213283e-11
18683 1.213149e-11
18684 1.213014e-11
18685 1.212879e-11
18686 1.212744e-11
18687 1.212610e-11
18688 1.212475e-11
18689 1.212340e-11
18690 1.212206e-11
18691 1.212071e-11
18692 1.211937e-11
18693 1.211802e-11
18694 1.211667e-11
18695 1.211533e-11
18696 1.211398e-11
18697 1.211264e-11
18698 1.211130e-11
18699 1.210995e-11
18700 1.210861e-11
18701 1.210726e-11
18702 1.210592e-11
18703 1.210458e-11
18704 1.210323e-11
18705 1.210189e-11
18706 1.210055e-11
18707 1.209920e-11
18708 1.209786e-11
18709 1.209652e-11
18710 1.209518e-11
18711 1.209384e-11
18712 1.209250e-11
18713 1.209115e-11
18714 1.208981e-11
18715 1.208847e-11
18716 1.208713e-11
18717 1.208579e-11
18718 1.208445e-11
18719 1.208311e-11
18720 1.208177e-11
18721 1.208043e-11
18722 1.207909e-11
18723 1.207775e-11
18724 1.207642e-11
18725 1.207508e-11
18726 1.207374e-11
18727 1.207240e-11
18728 1.207106e-11
18729 1.206973e-11
18730 1.206839e-11
18731 1.206705e-11
18732 1.206571e-11
18733 1.206438e-11
18734 1.206304e-11
18735 1.206170e-11
18736 1.206037e-11
18737 1.205903e-11
18738 1.205770e-11
18739 1.205636e-11
18740 1.205503e-11
18741 1.205369e-11
18742 1.205236e-11
18743 1.205102e-11
18744 1.204969e-11
18745 1.204835e-11
18746 1.204702e-11
18747 1.204568e-11
18748 1.204435e-11
18749 1.204302e-11
18750 1.204168e-11
18751 1.204035e-11
18752 1.203902e-11
18753 1.203769e-11
18754 1.203635e-11
18755 1.203502e-11
18756 1.203369e-11
18757 1.203236e-11
18758 1.203103e-11
18759 1.202970e-11
18760 1.202837e-11
18761 1.202704e-11
18762 1.202570e-11
18763 1.202437e-11
18764 1.202304e-11
18765 1.202171e-11
18766 1.202039e-11
18767 1.201906e-11
18768 1.201773e-11
18769 1.201640e-11
18770 1.201507e-11
18771 1.201374e-11
18772 1.201241e-11
18773 1.201108e-11
18774 1.200976e-11
18775 1.200843e-11
18776 1.200710e-11
18777 1.200577e-11
18778 1.200445e-11
18779 1.200312e-11
18780 1.200179e-11
18781 1.200047e-11
18782 1.199914e-11
18783 1.199782e-11
18784 1.199649e-11
18785 1.199516e-11
18786 1.199384e-11
18787 1.199251e-11
18788 1.199119e-11
18789 1.198986e-11
18790 1.198854e-11
18791 1.198722e-11
18792 1.198589e-11
18793 1.198457e-11
18794 1.198325e-11
18795 1.198192e-11
18796 1.198060e-11
18797 1.197928e-11
18798 1.197795e-11
18799 1.197663e-11
18800 1.197531e-11
18801 1.197399e-11
18802 1.197266e-11
18803 1.197134e-11
18804 1.197002e-11
18805 1.196870e-11
18806 1.196738e-11
18807 1.196606e-11
18808 1.196474e-11
18809 1.196342e-11
18810 1.196210e-11
18811 1.196078e-11
18812 1.195946e-11
18813 1.195814e-11
18814 1.195682e-11
18815 1.195550e-11
18816 1.195418e-11
18817 1.195286e-11
18818 1.195155e-11
18819 1.195023e-11
18820 1.194891e-11
18821 1.194759e-11
18822 1.194627e-11
18823 1.194496e-11
18824 1.194364e-11
18825 1.194232e-11
18826 1.194101e-11
18827 1.193969e-11
18828 1.193837e-11
18829 1.193706e-11
18830 1.193574e-11
18831 1.193443e-11
18832 1.193311e-11
18833 1.193180e-11
18834 1.193048e-11
18835 1.192917e-11
18836 1.192785e-11
18837 1.192654e-11
18838 1.192522e-11
18839 1.192391e-11
18840 1.192260e-11
18841 1.192128e-11
18842 1.191997e-11
18843 1.191866e-11
18844 1.191735e-11
18845 1.191603e-11
18846 1.191472e-11
18847 1.191341e-11
18848 1.191210e-11
18849 1.191078e-11
18850 1.190947e-11
18851 1.190816e-11
18852 1.190685e-11
18853 1.190554e-11
18854 1.190423e-11
18855 1.190292e-11
18856 1.190161e-11
18857 1.190030e-11
18858 1.189899e-11
18859 1.189768e-11
18860 1.189637e-11
18861 1.189506e-11
18862 1.189375e-11
18863 1.189244e-11
18864 1.189114e-11
18865 1.188983e-11
18866 1.188852e-11
18867 1.188721e-11
18868 1.188590e-11
18869 1.188460e-11
18870 1.188329e-11
18871 1.188198e-11
18872 1.188068e-11
18873 1.187937e-11
18874 1.187806e-11
18875 1.187676e-11
18876 1.187545e-11
18877 1.187415e-11
18878 1.187284e-11
18879 1.187153e-11
18880 1.187023e-11
18881 1.186892e-11
18882 1.186762e-11
18883 1.186632e-11
18884 1.186501e-11
18885 1.186371e-11
18886 1.186240e-11
18887 1.186110e-11
18888 1.185980e-11
18889 1.185849e-11
18890 1.185719e-11
18891 1.185589e-11
18892 1.185459e-11
18893 1.185328e-11
18894 1.185198e-11
18895 1.185068e-11
18896 1.184938e-11
18897 1.184807e-11
18898 1.184675e-11
18899 1.184544e-11
18900 1.184412e-11
18901 1.184280e-11
18902 1.184149e-11
18903 1.184017e-11
18904 1.183886e-11
18905 1.183754e-11
18906 1.183623e-11
18907 1.183491e-11
18908 1.183360e-11
18909 1.183228e-11
18910 1.183097e-11
18911 1.182966e-11
18912 1.182834e-11
18913 1.182703e-11
18914 1.182572e-11
18915 1.182440e-11
18916 1.182309e-11
18917 1.182178e-11
18918 1.182047e-11
18919 1.181915e-11
18920 1.181784e-11
18921 1.181653e-11
18922 1.181522e-11
18923 1.181391e-11
18924 1.181260e-11
18925 1.181129e-11
18926 1.180998e-11
18927 1.180866e-11
18928 1.180735e-11
18929 1.180604e-11
18930 1.180473e-11
18931 1.180343e-11
18932 1.180212e-11
18933 1.180081e-11
18934 1.179950e-11
18935 1.179819e-11
18936 1.179688e-11
18937 1.179557e-11
18938 1.179427e-11
18939 1.179296e-11
18940 1.179165e-11
18941 1.179034e-11
18942 1.178904e-11
18943 1.178773e-11
18944 1.178642e-11
18945 1.178512e-11
18946 1.178381e-11
18947 1.178250e-11
18948 1.178120e-11
18949 1.177989e-11
18950 1.177859e-11
18951 1.177728e-11
18952 1.177598e-11
18953 1.177467e-11
18954 1.177337e-11
18955 1.177206e-11
18956 1.177076e-11
18957 1.176945e-11
18958 1.176815e-11
18959 1.176685e-11
18960 1.176554e-11
18961 1.176424e-11
18962 1.176294e-11
18963 1.176163e-11
18964 1.176033e-11
18965 1.175903e-11
18966 1.175773e-11
18967 1.175643e-11
18968 1.175512e-11
18969 1.175382e-11
18970 1.175252e-11
18971 1.175122e-11
18972 1.174992e-11
18973 1.174862e-11
18974 1.174732e-11
18975 1.174602e-11
18976 1.174472e-11
18977 1.174342e-11
18978 1.174212e-11
18979 1.174082e-11
18980 1.173952e-11
18981 1.173822e-11
18982 1.173692e-11
18983 1.173563e-11
18984 1.173433e-11
18985 1.173303e-11
18986 1.173173e-11
18987 1.173043e-11
18988 1.172914e-11
18989 1.172784e-11
18990 1.172654e-11
18991 1.172525e-11
18992 1.172395e-11
18993 1.172265e-11
18994 1.172136e-11
18995 1.172006e-11
18996 1.171877e-11
18997 1.171747e-11
18998 1.171618e-11
18999 1.171488e-11
19000 1.171359e-11
19001 1.171229e-11
19002 1.171100e-11
19003 1.170970e-11
19004 1.170841e-11
19005 1.170712e-11
19006 1.170582e-11
19007 1.170453e-11
19008 1.170324e-11
19009 1.170194e-11
19010 1.170065e-11
19011 1.169936e-11
19012 1.169806e-11
19013 1.169677e-11
19014 1.169548e-11
19015 1.169419e-11
19016 1.169290e-11
19017 1.169161e-11
19018 1.169032e-11
19019 1.168902e-11
19020 1.168773e-11
19021 1.168644e-11
19022 1.168515e-11
19023 1.168386e-11
19024 1.168257e-11
19025 1.168128e-11
19026 1.168000e-11
19027 1.167871e-11
19028 1.167742e-11
19029 1.167613e-11
19030 1.167484e-11
19031 1.167355e-11
19032 1.167226e-11
19033 1.167098e-11
19034 1.166969e-11
19035 1.166840e-11
19036 1.166711e-11
19037 1.166583e-11
19038 1.166454e-11
19039 1.166325e-11
19040 1.166197e-11
19041 1.166068e-11
19042 1.165939e-11
19043 1.165811e-11
19044 1.165682e-11
19045 1.165554e-11
19046 1.165425e-11
19047 1.165297e-11
19048 1.165168e-11
19049 1.165040e-11
19050 1.164911e-11
19051 1.164783e-11
19052 1.164655e-11
19053 1.164526e-11
19054 1.164398e-11
19055 1.164270e-11
19056 1.164141e-11
19057 1.164013e-11
19058 1.163885e-11
19059 1.163756e-11
19060 1.163628e-11
19061 1.163500e-11
19062 1.163372e-11
19063 1.163244e-11
19064 1.163116e-11
19065 1.162987e-11
19066 1.162859e-11
19067 1.162731e-11
19068 1.162603e-11
19069 1.162475e-11
19070 1.162347e-11
19071 1.162219e-11
19072 1.162091e-11
19073 1.161963e-11
19074 1.161835e-11
19075 1.161707e-11
19076 1.161580e-11
19077 1.161452e-11
19078 1.161324e-11
19079 1.161196e-11
19080 1.161068e-11
19081 1.160940e-11
19082 1.160813e-11
19083 1.160685e-11
19084 1.160557e-11
19085 1.160430e-11
19086 1.160302e-11
19087 1.160174e-11
19088 1.160047e-11
19089 1.159919e-11
19090 1.159791e-11
19091 1.159664e-11
19092 1.159536e-11
19093 1.159409e-11
19094 1.159281e-11
19095 1.159154e-11
19096 1.159026e-11
19097 1.158899e-11
19098 1.158771e-11
19099 1.158644e-11
19100 1.158516e-11
19101 1.158389e-11
19102 1.158262e-11
19103 1.158134e-11
19104 1.158007e-11
19105 1.157880e-11
19106 1.157753e-11
19107 1.157625e-11
19108 1.157498e-11
19109 1.157371e-11
19110 1.157244e-11
19111 1.157117e-11
19112 1.156989e-11
19113 1.156862e-11
19114 1.156735e-11
19115 1.156608e-11
19116 1.156481e-11
19117 1.156354e-11
19118 1.156227e-11
19119 1.156100e-11
19120 1.155973e-11
19121 1.155846e-11
19122 1.155719e-11
19123 1.155592e-11
19124 1.155465e-11
19125 1.155338e-11
19126 1.155212e-11
19127 1.155085e-11
19128 1.154958e-11
19129 1.154831e-11
19130 1.154704e-11
19131 1.154578e-11
19132 1.154451e-11
19133 1.154324e-11
19134 1.154197e-11
19135 1.154071e-11
19136 1.153944e-11
19137 1.153818e-11
19138 1.153691e-11
19139 1.153564e-11
19140 1.153438e-11
19141 1.153311e-11
19142 1.153185e-11
19143 1.153058e-11
19144 1.152932e-11
19145 1.152805e-11
19146 1.152679e-11
19147 1.152552e-11
19148 1.152426e-11
19149 1.152300e-11
19150 1.152173e-11
19151 1.152047e-11
19152 1.151921e-11
19153 1.151794e-11
19154 1.151668e-11
19155 1.151542e-11
19156 1.151415e-11
19157 1.151289e-11
19158 1.151163e-11
19159 1.151037e-11
19160 1.150911e-11
19161 1.150785e-11
19162 1.150658e-11
19163 1.150532e-11
19164 1.150406e-11
19165 1.150280e-11
19166 1.150154e-11
19167 1.150028e-11
19168 1.149902e-11
19169 1.149776e-11
19170 1.149650e-11
19171 1.149524e-11
19172 1.149398e-11
19173 1.149273e-11
19174 1.149147e-11
19175 1.149021e-11
19176 1.148895e-11
19177 1.148769e-11
19178 1.148643e-11
19179 1.148518e-11
19180 1.148392e-11
19181 1.148266e-11
19182 1.148140e-11
19183 1.148015e-11
19184 1.147889e-11
19185 1.147763e-11
19186 1.147638e-11
19187 1.147512e-11
19188 1.147387e-11
19189 1.147261e-11
19190 1.147135e-11
19191 1.147010e-11
19192 1.146884e-11
19193 1.146759e-11
19194 1.146633e-11
19195 1.146508e-11
19196 1.146383e-11
19197 1.146257e-11
19198 1.146132e-11
19199 1.146006e-11
19200 1.145881e-11
19201 1.145756e-11
19202 1.145630e-11
19203 1.145505e-11
19204 1.145380e-11
19205 1.145255e-11
19206 1.145129e-11
19207 1.145004e-11
19208 1.144879e-11
19209 1.144754e-11
19210 1.144629e-11
19211 1.144504e-11
19212 1.144379e-11
19213 1.144253e-11
19214 1.144128e-11
19215 1.144003e-11
19216 1.143878e-11
19217 1.143753e-11
19218 1.143628e-11
19219 1.143503e-11
19220 1.143378e-11
19221 1.143254e-11
19222 1.143129e-11
19223 1.143004e-11
19224 1.142879e-11
19225 1.142754e-11
19226 1.142629e-11
19227 1.142504e-11
19228 1.142380e-11
19229 1.142255e-11
19230 1.142130e-11
19231 1.142005e-11
19232 1.141881e-11
19233 1.141756e-11
19234 1.141631e-11
19235 1.141507e-11
19236 1.141382e-11
19237 1.141258e-11
19238 1.141133e-11
19239 1.141008e-11
19240 1.140884e-11
19241 1.140759e-11
19242 1.140635e-11
19243 1.140510e-11
19244 1.140386e-11
19245 1.140262e-11
19246 1.140137e-11
19247 1.140013e-11
19248 1.139888e-11
19249 1.139764e-11
19250 1.139640e-11
19251 1.139515e-11
19252 1.139391e-11
19253 1.139267e-11
19254 1.139142e-11
19255 1.139018e-11
19256 1.138894e-11
19257 1.138770e-11
19258 1.138646e-11
19259 1.138521e-11
19260 1.138397e-11
19261 1.138273e-11
19262 1.138149e-11
19263 1.138025e-11
19264 1.137901e-11
19265 1.137777e-11
19266 1.137653e-11
19267 1.137529e-11
19268 1.137405e-11
19269 1.137281e-11
19270 1.137157e-11
19271 1.137033e-11
19272 1.136909e-11
19273 1.136785e-11
19274 1.136661e-11
19275 1.136538e-11
19276 1.136414e-11
19277 1.136290e-11
19278 1.136166e-11
19279 1.136043e-11
19280 1.135919e-11
19281 1.135795e-11
19282 1.135671e-11
19283 1.135548e-11
19284 1.135424e-11
19285 1.135300e-11
19286 1.135177e-11
19287 1.135053e-11
19288 1.134930e-11
19289 1.134806e-11
19290 1.134682e-11
19291 1.134559e-11
19292 1.134435e-11
19293 1.134312e-11
19294 1.134188e-11
19295 1.134065e-11
19296 1.133942e-11
19297 1.133818e-11
19298 1.133695e-11
19299 1.133571e-11
19300 1.133448e-11
19301 1.133325e-11
19302 1.133202e-11
19303 1.133078e-11
19304 1.132955e-11
19305 1.132832e-11
19306 1.132709e-11
19307 1.132585e-11
19308 1.132462e-11
19309 1.132339e-11
19310 1.132216e-11
19311 1.132093e-11
19312 1.131970e-11
19313 1.131847e-11
19314 1.131723e-11
19315 1.131600e-11
19316 1.131477e-11
19317 1.131354e-11
19318 1.131231e-11
19319 1.131108e-11
19320 1.130985e-11
19321 1.130863e-11
19322 1.130740e-11
19323 1.130617e-11
19324 1.130494e-11
19325 1.130371e-11
19326 1.130248e-11
19327 1.130125e-11
19328 1.130003e-11
19329 1.129880e-11
19330 1.129757e-11
19331 1.129634e-11
19332 1.129512e-11
19333 1.129389e-11
19334 1.129266e-11
19335 1.129144e-11
19336 1.129021e-11
19337 1.128898e-11
19338 1.128776e-11
19339 1.128653e-11
19340 1.128531e-11
19341 1.128408e-11
19342 1.128286e-11
19343 1.128163e-11
19344 1.128041e-11
19345 1.127918e-11
19346 1.127796e-11
19347 1.127673e-11
19348 1.127551e-11
19349 1.127429e-11
19350 1.127306e-11
19351 1.127184e-11
19352 1.127062e-11
19353 1.126939e-11
19354 1.126817e-11
19355 1.126695e-11
19356 1.126572e-11
19357 1.126450e-11
19358 1.126328e-11
19359 1.126206e-11
19360 1.126084e-11
19361 1.125962e-11
19362 1.125839e-11
19363 1.125717e-11
19364 1.125595e-11
19365 1.125473e-11
19366 1.125351e-11
19367 1.125229e-11
19368 1.125107e-11
19369 1.124985e-11
19370 1.124863e-11
19371 1.124741e-11
19372 1.124619e-11
19373 1.124497e-11
19374 1.124376e-11
19375 1.124254e-11
19376 1.124132e-11
19377 1.124010e-11
19378 1.123888e-11
19379 1.123766e-11
19380 1.123645e-11
19381 1.123523e-11
19382 1.123401e-11
19383 1.123279e-11
19384 1.123158e-11
19385 1.123036e-11
19386 1.122914e-11
19387 1.122793e-11
19388 1.122671e-11
19389 1.122550e-11
19390 1.122428e-11
19391 1.122306e-11
19392 1.122185e-11
19393 1.122063e-11
19394 1.121942e-11
19395 1.121820e-11
19396 1.121699e-11
19397 1.121577e-11
19398 1.121456e-11
19399 1.121335e-11
19400 1.121213e-11
19401 1.121092e-11
19402 1.120971e-11
19403 1.120849e-11
19404 1.120728e-11
19405 1.120607e-11
19406 1.120485e-11
19407 1.120364e-11
19408 1.120243e-11
19409 1.120122e-11
19410 1.120001e-11
19411 1.119879e-11
19412 1.119758e-11
19413 1.119637e-11
19414 1.119516e-11
19415 1.119395e-11
19416 1.119274e-11
19417 1.119153e-11
19418 1.119032e-11
19419 1.118911e-11
19420 1.118790e-11
19421 1.118669e-11
19422 1.118548e-11
19423 1.118427e-11
19424 1.118306e-11
19425 1.118185e-11
19426 1.118064e-11
19427 1.117943e-11
19428 1.117822e-11
19429 1.117702e-11
19430 1.117581e-11
19431 1.117460e-11
19432 1.117339e-11
19433 1.117219e-11
19434 1.117098e-11
19435 1.116977e-11
19436 1.116856e-11
19437 1.116736e-11
19438 1.116615e-11
19439 1.116494e-11
19440 1.116374e-11
19441 1.116253e-11
19442 1.116133e-11
19443 1.116012e-11
19444 1.115892e-11
19445 1.115771e-11
19446 1.115651e-11
19447 1.115530e-11
19448 1.115410e-11
19449 1.115289e-11
19450 1.115169e-11
19451 1.115048e-11
19452 1.114928e-11
19453 1.114808e-11
19454 1.114687e-11
19455 1.114567e-11
19456 1.114447e-11
19457 1.114326e-11
19458 1.114206e-11
19459 1.114086e-11
19460 1.113966e-11
19461 1.113846e-11
19462 1.113725e-11
19463 1.113605e-11
19464 1.113485e-11
19465 1.113365e-11
19466 1.113245e-11
19467 1.113125e-11
19468 1.113005e-11
19469 1.112885e-11
19470 1.112765e-11
19471 1.112645e-11
19472 1.112525e-11
19473 1.112405e-11
19474 1.112285e-11
19475 1.112165e-11
19476 1.112045e-11
19477 1.111925e-11
19478 1.111805e-11
19479 1.111685e-11
19480 1.111565e-11
19481 1.111445e-11
19482 1.111326e-11
19483 1.111206e-11
19484 1.111086e-11
19485 1.110966e-11
19486 1.110847e-11
19487 1.110727e-11
19488 1.110607e-11
19489 1.110488e-11
19490 1.110368e-11
19491 1.110248e-11
19492 1.110129e-11
19493 1.110009e-11
19494 1.109889e-11
19495 1.109770e-11
19496 1.109650e-11
19497 1.109531e-11
19498 1.109411e-11
19499 1.109292e-11
19500 1.109172e-11
19501 1.109053e-11
19502 1.108934e-11
19503 1.108814e-11
19504 1.108695e-11
19505 1.108575e-11
19506 1.108456e-11
19507 1.108337e-11
19508 1.108217e-11
19509 1.108098e-11
19510 1.107979e-11
19511 1.107860e-11
19512 1.107740e-11
19513 1.107621e-11
19514 1.107502e-11
19515 1.107383e-11
19516 1.107264e-11
19517 1.107144e-11
19518 1.107025e-11
19519 1.106906e-11
19520 1.106787e-11
19521 1.106668e-11
19522 1.106549e-11
19523 1.106430e-11
19524 1.106311e-11
19525 1.106192e-11
19526 1.106073e-11
19527 1.105954e-11
19528 1.105835e-11
19529 1.105716e-11
19530 1.105597e-11
19531 1.105478e-11
19532 1.105360e-11
19533 1.105241e-11
19534 1.105122e-11
19535 1.105003e-11
19536 1.104884e-11
19537 1.104766e-11
19538 1.104647e-11
19539 1.104528e-11
19540 1.104409e-11
19541 1.104291e-11
19542 1.104172e-11
19543 1.104053e-11
19544 1.103935e-11
19545 1.103816e-11
19546 1.103698e-11
19547 1.103579e-11
19548 1.103460e-11
19549 1.103342e-11
19550 1.103223e-11
19551 1.103105e-11
19552 1.102986e-11
19553 1.102868e-11
19554 1.102750e-11
19555 1.102631e-11
19556 1.102513e-11
19557 1.102394e-11
19558 1.102276e-11
19559 1.102158e-11
19560 1.102039e-11
19561 1.101921e-11
19562 1.101803e-11
19563 1.101684e-11
19564 1.101566e-11
19565 1.101448e-11
19566 1.101330e-11
19567 1.101211e-11
19568 1.101093e-11
19569 1.100975e-11
19570 1.100857e-11
19571 1.100739e-11
19572 1.100621e-11
19573 1.100503e-11
19574 1.100385e-11
19575 1.100267e-11
19576 1.100149e-11
19577 1.100030e-11
19578 1.099913e-11
19579 1.099795e-11
19580 1.099677e-11
19581 1.099559e-11
19582 1.099441e-11
19583 1.099323e-11
19584 1.099205e-11
19585 1.099087e-11
19586 1.098969e-11
19587 1.098851e-11
19588 1.098734e-11
19589 1.098616e-11
19590 1.098498e-11
19591 1.098380e-11
19592 1.098263e-11
19593 1.098145e-11
19594 1.098027e-11
19595 1.097909e-11
19596 1.097792e-11
19597 1.097674e-11
19598 1.097557e-11
19599 1.097439e-11
19600 1.097321e-11
19601 1.097204e-11
19602 1.097086e-11
19603 1.096969e-11
19604 1.096851e-11
19605 1.096734e-11
19606 1.096616e-11
19607 1.096499e-11
19608 1.096381e-11
19609 1.096264e-11
19610 1.096147e-11
19611 1.096029e-11
19612 1.095912e-11
19613 1.095794e-11
19614 1.095677e-11
19615 1.095560e-11
19616 1.095443e-11
19617 1.095325e-11
19618 1.095208e-11
19619 1.095091e-11
19620 1.094974e-11
19621 1.094856e-11
19622 1.094739e-11
19623 1.094622e-11
19624 1.094505e-11
19625 1.094388e-11
19626 1.094271e-11
19627 1.094154e-11
19628 1.094037e-11
19629 1.093920e-11
19630 1.093803e-11
19631 1.093686e-11
19632 1.093569e-11
19633 1.093452e-11
19634 1.093335e-11
19635 1.093218e-11
19636 1.093101e-11
19637 1.092984e-11
19638 1.092867e-11
19639 1.092750e-11
19640 1.092633e-11
19641 1.092516e-11
19642 1.092400e-11
19643 1.092283e-11
19644 1.092166e-11
19645 1.092049e-11
19646 1.091933e-11
19647 1.091816e-11
19648 1.091699e-11
19649 1.091583e-11
19650 1.091466e-11
19651 1.091349e-11
19652 1.091233e-11
19653 1.091116e-11
19654 1.090999e-11
19655 1.090883e-11
19656 1.090766e-11
19657 1.090650e-11
19658 1.090533e-11
19659 1.090417e-11
19660 1.090300e-11
19661 1.090184e-11
19662 1.090067e-11
19663 1.089951e-11
19664 1.089835e-11
19665 1.089718e-11
19666 1.089602e-11
19667 1.089485e-11
19668 1.089369e-11
19669 1.089253e-11
19670 1.089137e-11
19671 1.089020e-11
19672 1.088904e-11
19673 1.088788e-11
19674 1.088672e-11
19675 1.088555e-11
19676 1.088439e-11
19677 1.088323e-11
19678 1.088207e-11
19679 1.088091e-11
19680 1.087975e-11
19681 1.087859e-11
19682 1.087743e-11
19683 1.087626e-11
19684 1.087510e-11
19685 1.087394e-11
19686 1.087278e-11
19687 1.087162e-11
19688 1.087046e-11
19689 1.086931e-11
19690 1.086815e-11
19691 1.086699e-11
19692 1.086583e-11
19693 1.086467e-11
19694 1.086351e-11
19695 1.086235e-11
19696 1.086119e-11
19697 1.086004e-11
19698 1.085888e-11
19699 1.085772e-11
19700 1.085656e-11
19701 1.085541e-11
19702 1.085425e-11
19703 1.085309e-11
19704 1.085194e-11
19705 1.085078e-11
19706 1.084962e-11
19707 1.084847e-11
19708 1.084731e-11
19709 1.084615e-11
19710 1.084500e-11
19711 1.084384e-11
19712 1.084269e-11
19713 1.084153e-11
19714 1.084038e-11
19715 1.083922e-11
19716 1.083807e-11
19717 1.083692e-11
19718 1.083576e-11
19719 1.083461e-11
19720 1.083345e-11
19721 1.083230e-11
19722 1.083115e-11
19723 1.082999e-11
19724 1.082884e-11
19725 1.082769e-11
19726 1.082653e-11
19727 1.082538e-11
19728 1.082423e-11
19729 1.082308e-11
19730 1.082193e-11
19731 1.082077e-11
19732 1.081962e-11
19733 1.081847e-11
19734 1.081732e-11
19735 1.081617e-11
19736 1.081502e-11
19737 1.081387e-11
19738 1.081272e-11
19739 1.081157e-11
19740 1.081042e-11
19741 1.080927e-11
19742 1.080812e-11
19743 1.080697e-11
19744 1.080582e-11
19745 1.080467e-11
19746 1.080352e-11
19747 1.080237e-11
19748 1.080122e-11
19749 1.080007e-11
19750 1.079892e-11
19751 1.079778e-11
19752 1.079663e-11
19753 1.079548e-11
19754 1.079433e-11
19755 1.079318e-11
19756 1.079204e-11
19757 1.079089e-11
19758 1.078974e-11
19759 1.078860e-11
19760 1.078745e-11
19761 1.078630e-11
19762 1.078516e-11
19763 1.078401e-11
19764 1.078287e-11
19765 1.078172e-11
19766 1.078057e-11
19767 1.077943e-11
19768 1.077828e-11
19769 1.077714e-11
19770 1.077599e-11
19771 1.077485e-11
19772 1.077371e-11
19773 1.077256e-11
19774 1.077142e-11
19775 1.077027e-11
19776 1.076913e-11
19777 1.076799e-11
19778 1.076684e-11
19779 1.076570e-11
19780 1.076456e-11
19781 1.076341e-11
19782 1.076227e-11
19783 1.076113e-11
19784 1.075999e-11
19785 1.075884e-11
19786 1.075770e-11
19787 1.075656e-11
19788 1.075542e-11
19789 1.075428e-11
19790 1.075314e-11
19791 1.075200e-11
19792 1.075085e-11
19793 1.074971e-11
19794 1.074857e-11
19795 1.074743e-11
19796 1.074629e-11
19797 1.074515e-11
19798 1.074401e-11
19799 1.074287e-11
19800 1.074173e-11
19801 1.074060e-11
19802 1.073946e-11
19803 1.073832e-11
19804 1.073718e-11
19805 1.073604e-11
19806 1.073490e-11
19807 1.073376e-11
19808 1.073263e-11
19809 1.073149e-11
19810 1.073035e-11
19811 1.072921e-11
19812 1.072808e-11
19813 1.072694e-11
19814 1.072580e-11
19815 1.072466e-11
19816 1.072353e-11
19817 1.072239e-11
19818 1.072126e-11
19819 1.072012e-11
19820 1.071898e-11
19821 1.071785e-11
19822 1.071671e-11
19823 1.071558e-11
19824 1.071444e-11
19825 1.071331e-11
19826 1.071217e-11
19827 1.071104e-11
19828 1.070990e-11
19829 1.070877e-11
19830 1.070764e-11
19831 1.070650e-11
19832 1.070537e-11
19833 1.070423e-11
19834 1.070310e-11
19835 1.070197e-11
19836 1.070083e-11
19837 1.069970e-11
19838 1.069857e-11
19839 1.069744e-11
19840 1.069630e-11
19841 1.069517e-11
19842 1.069404e-11
19843 1.069291e-11
19844 1.069178e-11
19845 1.069065e-11
19846 1.068951e-11
19847 1.068838e-11
19848 1.068725e-11
19849 1.068612e-11
19850 1.068499e-11
19851 1.068386e-11
19852 1.068273e-11
19853 1.068160e-11
19854 1.068047e-11
19855 1.067934e-11
19856 1.067821e-11
19857 1.067708e-11
19858 1.067595e-11
19859 1.067482e-11
19860 1.067370e-11
19861 1.067257e-11
19862 1.067144e-11
19863 1.067031e-11
19864 1.066918e-11
19865 1.066805e-11
19866 1.066693e-11
19867 1.066580e-11
19868 1.066467e-11
19869 1.066354e-11
19870 1.066242e-11
19871 1.066129e-11
19872 1.066016e-11
19873 1.065904e-11
19874 1.065791e-11
19875 1.065679e-11
19876 1.065566e-11
19877 1.065453e-11
19878 1.065341e-11
19879 1.065228e-11
19880 1.065116e-11
19881 1.065003e-11
19882 1.064891e-11
19883 1.064778e-11
19884 1.064666e-11
19885 1.064553e-11
19886 1.064441e-11
19887 1.064329e-11
19888 1.064216e-11
19889 1.064104e-11
19890 1.063991e-11
19891 1.063879e-11
19892 1.063767e-11
19893 1.063655e-11
19894 1.063542e-11
19895 1.063430e-11
19896 1.063318e-11
19897 1.063206e-11
19898 1.063093e-11
19899 1.062981e-11
19900 1.062869e-11
19901 1.062757e-11
19902 1.062645e-11
19903 1.062533e-11
19904 1.062420e-11
19905 1.062308e-11
19906 1.062196e-11
19907 1.062084e-11
19908 1.061972e-11
19909 1.061860e-11
19910 1.061748e-11
19911 1.061636e-11
19912 1.061524e-11
19913 1.061412e-11
19914 1.061300e-11
19915 1.061188e-11
19916 1.061077e-11
19917 1.060965e-11
19918 1.060853e-11
19919 1.060741e-11
19920 1.060629e-11
19921 1.060517e-11
19922 1.060406e-11
19923 1.060294e-11
19924 1.060182e-11
19925 1.060070e-11
19926 1.059959e-11
19927 1.059847e-11
19928 1.059735e-11
19929 1.059623e-11
19930 1.059512e-11
19931 1.059400e-11
19932 1.059289e-11
19933 1.059177e-11
19934 1.059065e-11
19935 1.058954e-11
19936 1.058842e-11
19937 1.058731e-11
19938 1.058619e-11
19939 1.058508e-11
19940 1.058396e-11
19941 1.058285e-11
19942 1.058173e-11
19943 1.058062e-11
19944 1.057951e-11
19945 1.057839e-11
19946 1.057728e-11
19947 1.057616e-11
19948 1.057505e-11
19949 1.057394e-11
19950 1.057282e-11
19951 1.057171e-11
19952 1.057060e-11
19953 1.056949e-11
19954 1.056837e-11
19955 1.056726e-11
19956 1.056615e-11
19957 1.056504e-11
19958 1.056393e-11
19959 1.056281e-11
19960 1.056170e-11
19961 1.056059e-11
19962 1.055948e-11
19963 1.055837e-11
19964 1.055726e-11
19965 1.055615e-11
19966 1.055504e-11
19967 1.055393e-11
19968 1.055282e-11
19969 1.055171e-11
19970 1.055060e-11
19971 1.054949e-11
19972 1.054838e-11
19973 1.054727e-11
19974 1.054616e-11
19975 1.054505e-11
19976 1.054395e-11
19977 1.054284e-11
19978 1.054173e-11
19979 1.054062e-11
19980 1.053951e-11
19981 1.053841e-11
19982 1.053730e-11
19983 1.053619e-11
19984 1.053508e-11
19985 1.053398e-11
19986 1.053287e-11
19987 1.053176e-11
19988 1.053066e-11
19989 1.052955e-11
19990 1.052844e-11
19991 1.052734e-11
19992 1.052623e-11
19993 1.052513e-11
19994 1.052402e-11
19995 1.052292e-11
19996 1.052181e-11
19997 1.052071e-11
19998 1.051960e-11
19999 1.051850e-11
