1 5.488882e-08
2 5.488882e-08
3 7.295061e-08
4 8.412258e-08
5 9.174560e-08
6 9.715599e-08
7 1.009956e-07
8 1.037397e-07
9 1.056323e-07
10 1.068913e-07
11 1.076674e-07
12 1.080855e-07
13 1.081670e-07
14 1.080020e-07
15 1.076540e-07
16 1.071481e-07
17 1.065092e-07
18 1.057471e-07
19 1.048997e-07
20 1.039871e-07
21 1.030294e-07
22 1.019701e-07
23 1.008878e-07
24 9.979101e-08
25 9.861246e-08
26 9.745180e-08
27 9.622063e-08
28 9.499965e-08
29 9.373324e-08
30 9.247616e-08
31 9.117719e-08
32 8.990792e-08
33 8.857767e-08
34 8.730595e-08
35 8.596093e-08
36 8.466097e-08
37 8.335452e-08
38 8.203169e-08
39 8.076340e-08
40 7.944473e-08
41 7.815905e-08
42 7.692295e-08
43 7.562650e-08
44 7.438096e-08
45 7.318324e-08
46 7.193471e-08
47 7.073313e-08
48 6.957628e-08
49 6.839899e-08
50 6.724544e-08
51 6.613362e-08
52 6.504180e-08
53 6.394213e-08
54 6.288108e-08
55 6.185664e-08
56 6.083887e-08
57 5.983510e-08
58 5.886493e-08
59 5.792667e-08
60 5.700056e-08
61 5.609181e-08
62 5.521197e-08
63 5.435968e-08
64 5.352901e-08
65 5.271387e-08
66 5.192330e-08
67 5.115622e-08
68 5.041158e-08
69 4.968706e-08
70 4.898269e-08
71 4.829808e-08
72 4.763242e-08
73 4.698492e-08
74 4.636082e-08
75 4.575441e-08
76 4.516380e-08
77 4.458839e-08
78 4.402760e-08
79 4.348806e-08
80 4.296708e-08
81 4.245870e-08
82 4.196246e-08
83 4.147794e-08
84 4.100471e-08
85 4.055364e-08
86 4.011350e-08
87 3.968315e-08
88 3.926226e-08
89 3.885051e-08
90 3.844761e-08
91 3.805940e-08
92 3.768003e-08
93 3.730848e-08
94 3.694452e-08
95 3.658790e-08
96 3.623840e-08
97 3.589470e-08
98 3.555616e-08
99 3.522420e-08
100 3.489863e-08
101 3.457927e-08
102 3.426593e-08
103 3.395845e-08
104 3.364975e-08
105 3.333902e-08
106 3.303406e-08
107 3.273472e-08
108 3.244084e-08
109 3.215226e-08
110 3.186886e-08
111 3.158983e-08
112 3.129029e-08
113 3.099622e-08
114 3.070746e-08
115 3.042389e-08
116 3.014535e-08
117 2.987172e-08
118 2.960287e-08
119 2.933712e-08
120 2.904451e-08
121 2.875721e-08
122 2.847508e-08
123 2.819799e-08
124 2.792580e-08
125 2.765840e-08
126 2.739566e-08
127 2.713746e-08
128 2.686735e-08
129 2.658557e-08
130 2.630888e-08
131 2.603716e-08
132 2.577028e-08
133 2.550812e-08
134 2.525055e-08
135 2.499748e-08
136 2.474878e-08
137 2.449611e-08
138 2.423119e-08
139 2.397103e-08
140 2.371549e-08
141 2.346447e-08
142 2.321784e-08
143 2.297552e-08
144 2.273738e-08
145 2.250334e-08
146 2.227329e-08
147 2.204134e-08
148 2.180769e-08
149 2.157807e-08
150 2.135238e-08
151 2.113052e-08
152 2.091241e-08
153 2.069796e-08
154 2.048709e-08
155 2.027971e-08
156 2.007574e-08
157 1.987510e-08
158 1.968023e-08
159 1.948855e-08
160 1.929991e-08
161 1.911427e-08
162 1.893154e-08
163 1.875167e-08
164 1.857459e-08
165 1.840024e-08
166 1.822857e-08
167 1.805952e-08
168 1.789303e-08
169 1.773677e-08
170 1.758634e-08
171 1.743806e-08
172 1.729188e-08
173 1.714777e-08
174 1.700567e-08
175 1.686556e-08
176 1.672739e-08
177 1.659112e-08
178 1.645673e-08
179 1.632416e-08
180 1.619340e-08
181 1.607101e-08
182 1.595492e-08
183 1.584031e-08
184 1.572713e-08
185 1.561537e-08
186 1.550500e-08
187 1.539600e-08
188 1.528834e-08
189 1.518199e-08
190 1.507694e-08
191 1.497317e-08
192 1.487064e-08
193 1.476934e-08
194 1.467194e-08
195 1.457736e-08
196 1.448388e-08
197 1.439147e-08
198 1.430011e-08
199 1.420978e-08
200 1.412048e-08
201 1.403217e-08
202 1.394486e-08
203 1.385851e-08
204 1.377312e-08
205 1.368867e-08
206 1.360514e-08
207 1.352253e-08
208 1.343801e-08
209 1.335327e-08
210 1.326947e-08
211 1.318659e-08
212 1.310462e-08
213 1.302353e-08
214 1.294333e-08
215 1.286399e-08
216 1.278550e-08
217 1.270785e-08
218 1.263102e-08
219 1.255501e-08
220 1.247980e-08
221 1.240538e-08
222 1.233173e-08
223 1.225254e-08
224 1.217271e-08
225 1.209374e-08
226 1.201563e-08
227 1.193837e-08
228 1.186195e-08
229 1.178634e-08
230 1.171154e-08
231 1.163754e-08
232 1.156432e-08
233 1.149188e-08
234 1.142019e-08
235 1.134926e-08
236 1.127906e-08
237 1.120960e-08
238 1.114085e-08
239 1.106823e-08
240 1.099546e-08
241 1.092347e-08
242 1.085225e-08
243 1.078178e-08
244 1.071206e-08
245 1.064307e-08
246 1.057480e-08
247 1.050724e-08
248 1.044039e-08
249 1.037423e-08
250 1.030875e-08
251 1.024394e-08
252 1.017980e-08
253 1.011630e-08
254 1.005346e-08
255 9.991245e-09
256 9.929516e-09
257 9.868349e-09
258 9.807794e-09
259 9.747843e-09
260 9.688488e-09
261 9.629719e-09
262 9.571530e-09
263 9.513912e-09
264 9.456857e-09
265 9.400359e-09
266 9.344409e-09
267 9.289000e-09
268 9.234124e-09
269 9.179776e-09
270 9.125947e-09
271 9.072631e-09
272 9.019822e-09
273 8.967512e-09
274 8.916777e-09
275 8.868455e-09
276 8.820569e-09
277 8.773114e-09
278 8.726084e-09
279 8.679473e-09
280 8.633277e-09
281 8.587490e-09
282 8.542107e-09
283 8.497123e-09
284 8.452534e-09
285 8.408334e-09
286 8.364519e-09
287 8.321083e-09
288 8.278024e-09
289 8.235335e-09
290 8.193013e-09
291 8.151053e-09
292 8.109450e-09
293 8.068201e-09
294 8.028761e-09
295 7.990319e-09
296 7.952190e-09
297 7.914371e-09
298 7.876858e-09
299 7.839647e-09
300 7.802736e-09
301 7.766120e-09
302 7.729797e-09
303 7.693762e-09
304 7.658014e-09
305 7.622549e-09
306 7.587363e-09
307 7.552453e-09
308 7.517817e-09
309 7.483451e-09
310 7.449352e-09
311 7.415518e-09
312 7.381945e-09
313 7.348632e-09
314 7.315574e-09
315 7.282510e-09
316 7.249526e-09
317 7.216796e-09
318 7.184315e-09
319 7.152082e-09
320 7.120093e-09
321 7.088347e-09
322 7.056841e-09
323 7.025571e-09
324 6.994536e-09
325 6.963733e-09
326 6.933160e-09
327 6.902814e-09
328 6.872693e-09
329 6.842795e-09
330 6.813117e-09
331 6.783656e-09
332 6.754412e-09
333 6.725381e-09
334 6.696561e-09
335 6.667950e-09
336 6.639546e-09
337 6.611347e-09
338 6.582055e-09
339 6.552969e-09
340 6.524098e-09
341 6.495438e-09
342 6.466987e-09
343 6.438743e-09
344 6.410705e-09
345 6.382869e-09
346 6.355234e-09
347 6.327798e-09
348 6.300559e-09
349 6.273515e-09
350 6.246664e-09
351 6.220004e-09
352 6.193533e-09
353 6.167250e-09
354 6.141151e-09
355 6.115237e-09
356 6.089504e-09
357 6.063951e-09
358 6.038576e-09
359 6.013378e-09
360 5.988355e-09
361 5.963505e-09
362 5.938742e-09
363 5.914124e-09
364 5.889676e-09
365 5.865395e-09
366 5.841281e-09
367 5.817331e-09
368 5.793544e-09
369 5.769918e-09
370 5.746452e-09
371 5.723145e-09
372 5.699995e-09
373 5.677000e-09
374 5.654159e-09
375 5.631470e-09
376 5.608933e-09
377 5.586545e-09
378 5.564306e-09
379 5.542213e-09
380 5.520266e-09
381 5.498464e-09
382 5.476804e-09
383 5.455286e-09
384 5.433908e-09
385 5.412669e-09
386 5.391568e-09
387 5.370604e-09
388 5.350393e-09
389 5.330467e-09
390 5.310666e-09
391 5.290989e-09
392 5.271435e-09
393 5.252003e-09
394 5.232692e-09
395 5.213500e-09
396 5.194427e-09
397 5.175472e-09
398 5.156633e-09
399 5.137910e-09
400 5.119301e-09
401 5.100806e-09
402 5.082423e-09
403 5.064153e-09
404 5.045993e-09
405 5.027942e-09
406 5.010001e-09
407 4.992168e-09
408 4.974441e-09
409 4.956821e-09
410 4.939306e-09
411 4.921895e-09
412 4.904587e-09
413 4.887383e-09
414 4.870280e-09
415 4.853277e-09
416 4.836690e-09
417 4.820212e-09
418 4.803830e-09
419 4.787542e-09
420 4.771348e-09
421 4.755247e-09
422 4.739239e-09
423 4.723322e-09
424 4.707496e-09
425 4.691760e-09
426 4.676113e-09
427 4.660556e-09
428 4.645086e-09
429 4.629703e-09
430 4.614407e-09
431 4.599197e-09
432 4.584072e-09
433 4.569032e-09
434 4.554075e-09
435 4.539202e-09
436 4.524411e-09
437 4.509702e-09
438 4.495075e-09
439 4.480528e-09
440 4.466061e-09
441 4.451673e-09
442 4.437365e-09
443 4.423134e-09
444 4.408981e-09
445 4.394889e-09
446 4.380757e-09
447 4.366703e-09
448 4.352725e-09
449 4.338822e-09
450 4.324995e-09
451 4.311242e-09
452 4.297564e-09
453 4.283959e-09
454 4.270427e-09
455 4.256967e-09
456 4.243579e-09
457 4.230262e-09
458 4.217016e-09
459 4.203841e-09
460 4.190735e-09
461 4.177698e-09
462 4.164730e-09
463 4.151830e-09
464 4.138998e-09
465 4.126233e-09
466 4.113534e-09
467 4.100902e-09
468 4.088335e-09
469 4.075834e-09
470 4.063397e-09
471 4.051025e-09
472 4.038716e-09
473 4.026471e-09
474 4.014289e-09
475 4.002169e-09
476 3.990111e-09
477 3.978131e-09
478 3.966315e-09
479 3.954559e-09
480 3.942861e-09
481 3.931223e-09
482 3.919643e-09
483 3.908122e-09
484 3.896657e-09
485 3.885250e-09
486 3.873900e-09
487 3.862606e-09
488 3.851368e-09
489 3.840186e-09
490 3.829059e-09
491 3.817987e-09
492 3.806969e-09
493 3.796005e-09
494 3.785095e-09
495 3.774239e-09
496 3.763435e-09
497 3.752684e-09
498 3.741985e-09
499 3.731338e-09
500 3.720742e-09
501 3.710198e-09
502 3.699704e-09
503 3.689261e-09
504 3.678868e-09
505 3.668525e-09
506 3.658231e-09
507 3.647987e-09
508 3.637791e-09
509 3.627644e-09
510 3.617545e-09
511 3.607493e-09
512 3.597685e-09
513 3.587956e-09
514 3.578272e-09
515 3.568633e-09
516 3.559038e-09
517 3.549487e-09
518 3.539981e-09
519 3.530518e-09
520 3.521099e-09
521 3.511723e-09
522 3.502390e-09
523 3.493099e-09
524 3.483851e-09
525 3.474645e-09
526 3.465480e-09
527 3.456357e-09
528 3.447276e-09
529 3.438235e-09
530 3.429235e-09
531 3.420275e-09
532 3.411356e-09
533 3.402476e-09
534 3.393637e-09
535 3.384836e-09
536 3.376075e-09
537 3.367353e-09
538 3.358670e-09
539 3.350025e-09
540 3.341418e-09
541 3.332849e-09
542 3.324318e-09
543 3.315824e-09
544 3.307368e-09
545 3.298949e-09
546 3.290566e-09
547 3.282220e-09
548 3.273919e-09
549 3.265717e-09
550 3.257551e-09
551 3.249421e-09
552 3.241325e-09
553 3.233264e-09
554 3.225237e-09
555 3.217245e-09
556 3.209287e-09
557 3.201363e-09
558 3.193472e-09
559 3.185616e-09
560 3.177792e-09
561 3.170002e-09
562 3.162244e-09
563 3.154519e-09
564 3.146827e-09
565 3.139167e-09
566 3.131539e-09
567 3.123944e-09
568 3.116380e-09
569 3.108847e-09
570 3.101346e-09
571 3.093876e-09
572 3.086437e-09
573 3.079029e-09
574 3.071652e-09
575 3.064305e-09
576 3.056988e-09
577 3.049702e-09
578 3.042445e-09
579 3.035218e-09
580 3.028021e-09
581 3.020853e-09
582 3.013715e-09
583 3.006605e-09
584 2.999525e-09
585 2.992473e-09
586 2.985450e-09
587 2.978455e-09
588 2.971551e-09
589 2.964698e-09
590 2.957873e-09
591 2.951075e-09
592 2.944304e-09
593 2.937560e-09
594 2.930843e-09
595 2.924153e-09
596 2.917489e-09
597 2.910851e-09
598 2.904240e-09
599 2.897654e-09
600 2.891095e-09
601 2.884561e-09
602 2.878052e-09
603 2.871570e-09
604 2.865112e-09
605 2.858680e-09
606 2.852272e-09
607 2.845890e-09
608 2.839532e-09
609 2.833199e-09
610 2.826891e-09
611 2.820606e-09
612 2.814346e-09
613 2.808110e-09
614 2.801898e-09
615 2.795710e-09
616 2.789546e-09
617 2.783405e-09
618 2.777287e-09
619 2.771193e-09
620 2.765122e-09
621 2.759074e-09
622 2.753049e-09
623 2.747047e-09
624 2.741067e-09
625 2.735110e-09
626 2.729176e-09
627 2.723263e-09
628 2.717373e-09
629 2.711505e-09
630 2.705708e-09
631 2.699979e-09
632 2.694271e-09
633 2.688585e-09
634 2.682919e-09
635 2.677274e-09
636 2.671650e-09
637 2.666047e-09
638 2.660464e-09
639 2.654902e-09
640 2.649360e-09
641 2.643838e-09
642 2.638336e-09
643 2.632854e-09
644 2.627392e-09
645 2.621950e-09
646 2.616527e-09
647 2.611124e-09
648 2.605741e-09
649 2.600377e-09
650 2.595032e-09
651 2.589706e-09
652 2.584400e-09
653 2.579112e-09
654 2.573843e-09
655 2.568593e-09
656 2.563362e-09
657 2.558150e-09
658 2.552955e-09
659 2.547780e-09
660 2.542622e-09
661 2.537483e-09
662 2.532362e-09
663 2.527259e-09
664 2.522174e-09
665 2.517107e-09
666 2.512057e-09
667 2.507026e-09
668 2.502012e-09
669 2.497015e-09
670 2.492036e-09
671 2.487074e-09
672 2.482129e-09
673 2.477202e-09
674 2.472291e-09
675 2.467413e-09
676 2.462597e-09
677 2.457798e-09
678 2.453015e-09
679 2.448248e-09
680 2.443498e-09
681 2.438763e-09
682 2.434045e-09
683 2.429343e-09
684 2.424657e-09
685 2.419987e-09
686 2.415332e-09
687 2.410693e-09
688 2.406070e-09
689 2.401463e-09
690 2.396870e-09
691 2.392294e-09
692 2.387732e-09
693 2.383186e-09
694 2.378655e-09
695 2.374140e-09
696 2.369639e-09
697 2.365153e-09
698 2.360682e-09
699 2.356226e-09
700 2.351785e-09
701 2.347359e-09
702 2.342947e-09
703 2.338549e-09
704 2.334166e-09
705 2.329798e-09
706 2.325444e-09
707 2.321104e-09
708 2.316778e-09
709 2.312467e-09
710 2.308169e-09
711 2.303886e-09
712 2.299617e-09
713 2.295361e-09
714 2.291119e-09
715 2.286891e-09
716 2.282677e-09
717 2.278476e-09
718 2.274289e-09
719 2.270116e-09
720 2.265956e-09
721 2.261809e-09
722 2.257676e-09
723 2.253555e-09
724 2.249491e-09
725 2.245454e-09
726 2.241431e-09
727 2.237420e-09
728 2.233421e-09
729 2.229436e-09
730 2.225463e-09
731 2.221502e-09
732 2.217554e-09
733 2.213618e-09
734 2.209695e-09
735 2.205784e-09
736 2.201885e-09
737 2.197998e-09
738 2.194123e-09
739 2.190261e-09
740 2.186410e-09
741 2.182572e-09
742 2.178745e-09
743 2.174930e-09
744 2.171127e-09
745 2.167336e-09
746 2.163556e-09
747 2.159788e-09
748 2.156032e-09
749 2.152287e-09
750 2.148553e-09
751 2.144832e-09
752 2.141121e-09
753 2.137422e-09
754 2.133734e-09
755 2.130057e-09
756 2.126392e-09
757 2.122737e-09
758 2.119094e-09
759 2.115462e-09
760 2.111841e-09
761 2.108231e-09
762 2.104631e-09
763 2.101043e-09
764 2.097465e-09
765 2.093898e-09
766 2.090342e-09
767 2.086796e-09
768 2.083261e-09
769 2.079737e-09
770 2.076223e-09
771 2.072720e-09
772 2.069227e-09
773 2.065744e-09
774 2.062272e-09
775 2.058810e-09
776 2.055391e-09
777 2.051994e-09
778 2.048606e-09
779 2.045228e-09
780 2.041860e-09
781 2.038502e-09
782 2.035154e-09
783 2.031816e-09
784 2.028487e-09
785 2.025168e-09
786 2.021858e-09
787 2.018559e-09
788 2.015269e-09
789 2.011988e-09
790 2.008717e-09
791 2.005455e-09
792 2.002203e-09
793 1.998960e-09
794 1.995726e-09
795 1.992502e-09
796 1.989286e-09
797 1.986081e-09
798 1.982884e-09
799 1.979696e-09
800 1.976518e-09
801 1.973348e-09
802 1.970188e-09
803 1.967037e-09
804 1.963894e-09
805 1.960761e-09
806 1.957636e-09
807 1.954520e-09
808 1.951413e-09
809 1.948315e-09
810 1.945226e-09
811 1.942145e-09
812 1.939073e-09
813 1.936009e-09
814 1.932954e-09
815 1.929908e-09
816 1.926870e-09
817 1.923841e-09
818 1.920820e-09
819 1.917808e-09
820 1.914804e-09
821 1.911808e-09
822 1.908821e-09
823 1.905842e-09
824 1.902871e-09
825 1.899908e-09
826 1.896954e-09
827 1.894008e-09
828 1.891070e-09
829 1.888140e-09
830 1.885218e-09
831 1.882304e-09
832 1.879433e-09
833 1.876570e-09
834 1.873714e-09
835 1.870866e-09
836 1.868026e-09
837 1.865194e-09
838 1.862369e-09
839 1.859553e-09
840 1.856743e-09
841 1.853941e-09
842 1.851147e-09
843 1.848360e-09
844 1.845581e-09
845 1.842809e-09
846 1.840045e-09
847 1.837288e-09
848 1.834539e-09
849 1.831796e-09
850 1.829061e-09
851 1.826334e-09
852 1.823613e-09
853 1.820900e-09
854 1.818195e-09
855 1.815496e-09
856 1.812804e-09
857 1.810120e-09
858 1.807442e-09
859 1.804772e-09
860 1.802109e-09
861 1.799453e-09
862 1.796804e-09
863 1.794161e-09
864 1.791526e-09
865 1.788898e-09
866 1.786276e-09
867 1.783662e-09
868 1.781054e-09
869 1.778453e-09
870 1.775858e-09
871 1.773271e-09
872 1.770690e-09
873 1.768116e-09
874 1.765549e-09
875 1.762988e-09
876 1.760434e-09
877 1.757887e-09
878 1.755346e-09
879 1.752812e-09
880 1.750284e-09
881 1.747763e-09
882 1.745248e-09
883 1.742740e-09
884 1.740238e-09
885 1.737742e-09
886 1.735253e-09
887 1.732770e-09
888 1.730294e-09
889 1.727824e-09
890 1.725360e-09
891 1.722910e-09
892 1.720485e-09
893 1.718066e-09
894 1.715654e-09
895 1.713247e-09
896 1.710847e-09
897 1.708453e-09
898 1.706064e-09
899 1.703682e-09
900 1.701305e-09
901 1.698935e-09
902 1.696570e-09
903 1.694212e-09
904 1.691859e-09
905 1.689512e-09
906 1.687171e-09
907 1.684836e-09
908 1.682506e-09
909 1.680183e-09
910 1.677865e-09
911 1.675553e-09
912 1.673246e-09
913 1.670946e-09
914 1.668650e-09
915 1.666361e-09
916 1.664077e-09
917 1.661799e-09
918 1.659527e-09
919 1.657260e-09
920 1.654998e-09
921 1.652742e-09
922 1.650492e-09
923 1.648247e-09
924 1.646008e-09
925 1.643774e-09
926 1.641545e-09
927 1.639322e-09
928 1.637105e-09
929 1.634892e-09
930 1.632685e-09
931 1.630484e-09
932 1.628288e-09
933 1.626097e-09
934 1.623911e-09
935 1.621731e-09
936 1.619556e-09
937 1.617386e-09
938 1.615221e-09
939 1.613062e-09
940 1.610907e-09
941 1.608758e-09
942 1.606614e-09
943 1.604475e-09
944 1.602342e-09
945 1.600213e-09
946 1.598089e-09
947 1.595971e-09
948 1.593857e-09
949 1.591749e-09
950 1.589645e-09
951 1.587547e-09
952 1.585454e-09
953 1.583365e-09
954 1.581281e-09
955 1.579207e-09
956 1.577153e-09
957 1.575104e-09
958 1.573059e-09
959 1.571019e-09
960 1.568984e-09
961 1.566954e-09
962 1.564928e-09
963 1.562908e-09
964 1.560891e-09
965 1.558880e-09
966 1.556873e-09
967 1.554871e-09
968 1.552874e-09
969 1.550881e-09
970 1.548893e-09
971 1.546909e-09
972 1.544930e-09
973 1.542955e-09
974 1.540985e-09
975 1.539020e-09
976 1.537059e-09
977 1.535103e-09
978 1.533151e-09
979 1.531203e-09
980 1.529260e-09
981 1.527322e-09
982 1.525388e-09
983 1.523458e-09
984 1.521533e-09
985 1.519612e-09
986 1.517695e-09
987 1.515783e-09
988 1.513875e-09
989 1.511972e-09
990 1.510072e-09
991 1.508177e-09
992 1.506287e-09
993 1.504400e-09
994 1.502518e-09
995 1.500641e-09
996 1.498767e-09
997 1.496898e-09
998 1.495032e-09
999 1.493171e-09
1000 1.491314e-09
1001 1.489462e-09
1002 1.487613e-09
1003 1.485769e-09
1004 1.483929e-09
1005 1.482092e-09
1006 1.480260e-09
1007 1.478432e-09
1008 1.476608e-09
1009 1.474789e-09
1010 1.472973e-09
1011 1.471161e-09
1012 1.469353e-09
1013 1.467549e-09
1014 1.465750e-09
1015 1.463954e-09
1016 1.462162e-09
1017 1.460374e-09
1018 1.458590e-09
1019 1.456810e-09
1020 1.455034e-09
1021 1.453262e-09
1022 1.451494e-09
1023 1.449729e-09
1024 1.447977e-09
1025 1.446234e-09
1026 1.444495e-09
1027 1.442759e-09
1028 1.441028e-09
1029 1.439300e-09
1030 1.437576e-09
1031 1.435855e-09
1032 1.434139e-09
1033 1.432426e-09
1034 1.430717e-09
1035 1.429011e-09
1036 1.427309e-09
1037 1.425611e-09
1038 1.423917e-09
1039 1.422226e-09
1040 1.420538e-09
1041 1.418855e-09
1042 1.417175e-09
1043 1.415498e-09
1044 1.413826e-09
1045 1.412156e-09
1046 1.410491e-09
1047 1.408828e-09
1048 1.407170e-09
1049 1.405515e-09
1050 1.403863e-09
1051 1.402215e-09
1052 1.400571e-09
1053 1.398930e-09
1054 1.397292e-09
1055 1.395658e-09
1056 1.394027e-09
1057 1.392400e-09
1058 1.390776e-09
1059 1.389156e-09
1060 1.387539e-09
1061 1.385925e-09
1062 1.384315e-09
1063 1.382709e-09
1064 1.381105e-09
1065 1.379505e-09
1066 1.377909e-09
1067 1.376315e-09
1068 1.374725e-09
1069 1.373139e-09
1070 1.371555e-09
1071 1.369975e-09
1072 1.368398e-09
1073 1.366825e-09
1074 1.365255e-09
1075 1.363688e-09
1076 1.362124e-09
1077 1.360564e-09
1078 1.359006e-09
1079 1.357452e-09
1080 1.355902e-09
1081 1.354354e-09
1082 1.352810e-09
1083 1.351269e-09
1084 1.349731e-09
1085 1.348196e-09
1086 1.346664e-09
1087 1.345136e-09
1088 1.343610e-09
1089 1.342088e-09
1090 1.340569e-09
1091 1.339053e-09
1092 1.337540e-09
1093 1.336030e-09
1094 1.334523e-09
1095 1.333019e-09
1096 1.331519e-09
1097 1.330021e-09
1098 1.328536e-09
1099 1.327054e-09
1100 1.325574e-09
1101 1.324098e-09
1102 1.322625e-09
1103 1.321155e-09
1104 1.319687e-09
1105 1.318223e-09
1106 1.316761e-09
1107 1.315303e-09
1108 1.313847e-09
1109 1.312394e-09
1110 1.310945e-09
1111 1.309498e-09
1112 1.308054e-09
1113 1.306613e-09
1114 1.305175e-09
1115 1.303739e-09
1116 1.302307e-09
1117 1.300877e-09
1118 1.299451e-09
1119 1.298027e-09
1120 1.296605e-09
1121 1.295187e-09
1122 1.293772e-09
1123 1.292359e-09
1124 1.290949e-09
1125 1.289542e-09
1126 1.288138e-09
1127 1.286736e-09
1128 1.285338e-09
1129 1.283942e-09
1130 1.282548e-09
1131 1.281158e-09
1132 1.279770e-09
1133 1.278385e-09
1134 1.277003e-09
1135 1.275623e-09
1136 1.274246e-09
1137 1.272872e-09
1138 1.271501e-09
1139 1.270132e-09
1140 1.268766e-09
1141 1.267402e-09
1142 1.266041e-09
1143 1.264683e-09
1144 1.263328e-09
1145 1.261975e-09
1146 1.260624e-09
1147 1.259277e-09
1148 1.257932e-09
1149 1.256589e-09
1150 1.255250e-09
1151 1.253912e-09
1152 1.252578e-09
1153 1.251246e-09
1154 1.249916e-09
1155 1.248589e-09
1156 1.247265e-09
1157 1.245943e-09
1158 1.244623e-09
1159 1.243307e-09
1160 1.241992e-09
1161 1.240681e-09
1162 1.239372e-09
1163 1.238065e-09
1164 1.236761e-09
1165 1.235459e-09
1166 1.234160e-09
1167 1.232863e-09
1168 1.231569e-09
1169 1.230277e-09
1170 1.228987e-09
1171 1.227701e-09
1172 1.226416e-09
1173 1.225134e-09
1174 1.223854e-09
1175 1.222577e-09
1176 1.221303e-09
1177 1.220037e-09
1178 1.218773e-09
1179 1.217511e-09
1180 1.216252e-09
1181 1.214995e-09
1182 1.213740e-09
1183 1.212488e-09
1184 1.211238e-09
1185 1.209990e-09
1186 1.208745e-09
1187 1.207502e-09
1188 1.206262e-09
1189 1.205023e-09
1190 1.203788e-09
1191 1.202554e-09
1192 1.201323e-09
1193 1.200093e-09
1194 1.198867e-09
1195 1.197642e-09
1196 1.196420e-09
1197 1.195200e-09
1198 1.193982e-09
1199 1.192767e-09
1200 1.191554e-09
1201 1.190343e-09
1202 1.189134e-09
1203 1.187928e-09
1204 1.186723e-09
1205 1.185521e-09
1206 1.184322e-09
1207 1.183124e-09
1208 1.181928e-09
1209 1.180735e-09
1210 1.179544e-09
1211 1.178355e-09
1212 1.177169e-09
1213 1.175984e-09
1214 1.174802e-09
1215 1.173622e-09
1216 1.172444e-09
1217 1.171268e-09
1218 1.170094e-09
1219 1.168923e-09
1220 1.167753e-09
1221 1.166586e-09
1222 1.165421e-09
1223 1.164258e-09
1224 1.163097e-09
1225 1.161938e-09
1226 1.160781e-09
1227 1.159626e-09
1228 1.158474e-09
1229 1.157323e-09
1230 1.156175e-09
1231 1.155028e-09
1232 1.153884e-09
1233 1.152742e-09
1234 1.151602e-09
1235 1.150464e-09
1236 1.149328e-09
1237 1.148194e-09
1238 1.147062e-09
1239 1.145932e-09
1240 1.144804e-09
1241 1.143678e-09
1242 1.142554e-09
1243 1.141432e-09
1244 1.140312e-09
1245 1.139194e-09
1246 1.138078e-09
1247 1.136964e-09
1248 1.135852e-09
1249 1.134742e-09
1250 1.133634e-09
1251 1.132528e-09
1252 1.131424e-09
1253 1.130322e-09
1254 1.129222e-09
1255 1.128124e-09
1256 1.127027e-09
1257 1.125933e-09
1258 1.124841e-09
1259 1.123750e-09
1260 1.122661e-09
1261 1.121576e-09
1262 1.120494e-09
1263 1.119413e-09
1264 1.118335e-09
1265 1.117258e-09
1266 1.116183e-09
1267 1.115110e-09
1268 1.114039e-09
1269 1.112970e-09
1270 1.111902e-09
1271 1.110837e-09
1272 1.109773e-09
1273 1.108711e-09
1274 1.107652e-09
1275 1.106593e-09
1276 1.105537e-09
1277 1.104483e-09
1278 1.103430e-09
1279 1.102379e-09
1280 1.101330e-09
1281 1.100283e-09
1282 1.099238e-09
1283 1.098195e-09
1284 1.097153e-09
1285 1.096113e-09
1286 1.095075e-09
1287 1.094038e-09
1288 1.093004e-09
1289 1.091971e-09
1290 1.090940e-09
1291 1.089911e-09
1292 1.088884e-09
1293 1.087858e-09
1294 1.086834e-09
1295 1.085812e-09
1296 1.084791e-09
1297 1.083773e-09
1298 1.082756e-09
1299 1.081741e-09
1300 1.080727e-09
1301 1.079715e-09
1302 1.078705e-09
1303 1.077697e-09
1304 1.076690e-09
1305 1.075686e-09
1306 1.074682e-09
1307 1.073681e-09
1308 1.072681e-09
1309 1.071683e-09
1310 1.070687e-09
1311 1.069692e-09
1312 1.068699e-09
1313 1.067708e-09
1314 1.066718e-09
1315 1.065730e-09
1316 1.064744e-09
1317 1.063759e-09
1318 1.062776e-09
1319 1.061795e-09
1320 1.060815e-09
1321 1.059837e-09
1322 1.058860e-09
1323 1.057886e-09
1324 1.056912e-09
1325 1.055941e-09
1326 1.054971e-09
1327 1.054003e-09
1328 1.053036e-09
1329 1.052071e-09
1330 1.051108e-09
1331 1.050146e-09
1332 1.049185e-09
1333 1.048227e-09
1334 1.047270e-09
1335 1.046314e-09
1336 1.045360e-09
1337 1.044408e-09
1338 1.043457e-09
1339 1.042508e-09
1340 1.041561e-09
1341 1.040615e-09
1342 1.039670e-09
1343 1.038727e-09
1344 1.037786e-09
1345 1.036846e-09
1346 1.035908e-09
1347 1.034972e-09
1348 1.034036e-09
1349 1.033103e-09
1350 1.032171e-09
1351 1.031240e-09
1352 1.030312e-09
1353 1.029385e-09
1354 1.028459e-09
1355 1.027535e-09
1356 1.026613e-09
1357 1.025692e-09
1358 1.024772e-09
1359 1.023854e-09
1360 1.022938e-09
1361 1.022023e-09
1362 1.021109e-09
1363 1.020197e-09
1364 1.019287e-09
1365 1.018377e-09
1366 1.017470e-09
1367 1.016564e-09
1368 1.015659e-09
1369 1.014756e-09
1370 1.013854e-09
1371 1.012954e-09
1372 1.012055e-09
1373 1.011158e-09
1374 1.010262e-09
1375 1.009367e-09
1376 1.008474e-09
1377 1.007583e-09
1378 1.006693e-09
1379 1.005804e-09
1380 1.004917e-09
1381 1.004031e-09
1382 1.003146e-09
1383 1.002263e-09
1384 1.001382e-09
1385 1.000502e-09
1386 9.996227e-10
1387 9.987453e-10
1388 9.978693e-10
1389 9.969948e-10
1390 9.961216e-10
1391 9.952498e-10
1392 9.943794e-10
1393 9.935103e-10
1394 9.926427e-10
1395 9.917764e-10
1396 9.909115e-10
1397 9.900480e-10
1398 9.891859e-10
1399 9.883251e-10
1400 9.874657e-10
1401 9.866076e-10
1402 9.857509e-10
1403 9.848956e-10
1404 9.840416e-10
1405 9.831890e-10
1406 9.823377e-10
1407 9.814877e-10
1408 9.806391e-10
1409 9.797918e-10
1410 9.789458e-10
1411 9.781012e-10
1412 9.772579e-10
1413 9.764159e-10
1414 9.755753e-10
1415 9.747360e-10
1416 9.738979e-10
1417 9.730612e-10
1418 9.722258e-10
1419 9.713917e-10
1420 9.705589e-10
1421 9.697274e-10
1422 9.688972e-10
1423 9.680683e-10
1424 9.672407e-10
1425 9.664144e-10
1426 9.655894e-10
1427 9.647656e-10
1428 9.639431e-10
1429 9.631219e-10
1430 9.623020e-10
1431 9.614833e-10
1432 9.606659e-10
1433 9.598498e-10
1434 9.590349e-10
1435 9.582213e-10
1436 9.574090e-10
1437 9.565979e-10
1438 9.557880e-10
1439 9.549794e-10
1440 9.541721e-10
1441 9.533660e-10
1442 9.525611e-10
1443 9.517575e-10
1444 9.509551e-10
1445 9.501539e-10
1446 9.493540e-10
1447 9.485552e-10
1448 9.477577e-10
1449 9.469604e-10
1450 9.461642e-10
1451 9.453692e-10
1452 9.445754e-10
1453 9.437828e-10
1454 9.429914e-10
1455 9.422013e-10
1456 9.414123e-10
1457 9.406245e-10
1458 9.398380e-10
1459 9.390526e-10
1460 9.382684e-10
1461 9.374854e-10
1462 9.367036e-10
1463 9.359230e-10
1464 9.351436e-10
1465 9.343654e-10
1466 9.335883e-10
1467 9.328124e-10
1468 9.320377e-10
1469 9.312641e-10
1470 9.304917e-10
1471 9.297205e-10
1472 9.289505e-10
1473 9.281816e-10
1474 9.274138e-10
1475 9.266473e-10
1476 9.258818e-10
1477 9.251176e-10
1478 9.243544e-10
1479 9.235924e-10
1480 9.228316e-10
1481 9.220719e-10
1482 9.213133e-10
1483 9.205559e-10
1484 9.197996e-10
1485 9.190444e-10
1486 9.182904e-10
1487 9.175375e-10
1488 9.167857e-10
1489 9.160350e-10
1490 9.152855e-10
1491 9.145370e-10
1492 9.137897e-10
1493 9.130435e-10
1494 9.122984e-10
1495 9.115544e-10
1496 9.108115e-10
1497 9.100697e-10
1498 9.093290e-10
1499 9.085894e-10
1500 9.078509e-10
1501 9.071135e-10
1502 9.063772e-10
1503 9.056419e-10
1504 9.049078e-10
1505 9.041747e-10
1506 9.034427e-10
1507 9.027118e-10
1508 9.019820e-10
1509 9.012532e-10
1510 9.005255e-10
1511 8.997989e-10
1512 8.990733e-10
1513 8.983488e-10
1514 8.976254e-10
1515 8.969030e-10
1516 8.961817e-10
1517 8.954615e-10
1518 8.947423e-10
1519 8.940241e-10
1520 8.933070e-10
1521 8.925910e-10
1522 8.918759e-10
1523 8.911620e-10
1524 8.904490e-10
1525 8.897371e-10
1526 8.890263e-10
1527 8.883164e-10
1528 8.876077e-10
1529 8.868999e-10
1530 8.861931e-10
1531 8.854874e-10
1532 8.847827e-10
1533 8.840791e-10
1534 8.833764e-10
1535 8.826748e-10
1536 8.819741e-10
1537 8.812745e-10
1538 8.805759e-10
1539 8.798783e-10
1540 8.791817e-10
1541 8.784861e-10
1542 8.777915e-10
1543 8.770979e-10
1544 8.764054e-10
1545 8.757138e-10
1546 8.750231e-10
1547 8.743335e-10
1548 8.736449e-10
1549 8.729573e-10
1550 8.722706e-10
1551 8.715849e-10
1552 8.709002e-10
1553 8.702147e-10
1554 8.695296e-10
1555 8.688455e-10
1556 8.681624e-10
1557 8.674802e-10
1558 8.667991e-10
1559 8.661189e-10
1560 8.654396e-10
1561 8.647613e-10
1562 8.640840e-10
1563 8.634077e-10
1564 8.627323e-10
1565 8.620579e-10
1566 8.613844e-10
1567 8.607119e-10
1568 8.600404e-10
1569 8.593698e-10
1570 8.587001e-10
1571 8.580314e-10
1572 8.573637e-10
1573 8.566968e-10
1574 8.560310e-10
1575 8.553660e-10
1576 8.547020e-10
1577 8.540390e-10
1578 8.533769e-10
1579 8.527157e-10
1580 8.520554e-10
1581 8.513961e-10
1582 8.507377e-10
1583 8.500802e-10
1584 8.494236e-10
1585 8.487680e-10
1586 8.481133e-10
1587 8.474595e-10
1588 8.468066e-10
1589 8.461546e-10
1590 8.455035e-10
1591 8.448534e-10
1592 8.442042e-10
1593 8.435558e-10
1594 8.429084e-10
1595 8.422619e-10
1596 8.416162e-10
1597 8.409715e-10
1598 8.403277e-10
1599 8.396847e-10
1600 8.390427e-10
1601 8.384015e-10
1602 8.377613e-10
1603 8.371219e-10
1604 8.364834e-10
1605 8.358458e-10
1606 8.352091e-10
1607 8.345732e-10
1608 8.339383e-10
1609 8.333042e-10
1610 8.326710e-10
1611 8.320386e-10
1612 8.314072e-10
1613 8.307766e-10
1614 8.301469e-10
1615 8.295180e-10
1616 8.288900e-10
1617 8.282629e-10
1618 8.276366e-10
1619 8.270112e-10
1620 8.263867e-10
1621 8.257630e-10
1622 8.251401e-10
1623 8.245181e-10
1624 8.238970e-10
1625 8.232767e-10
1626 8.226573e-10
1627 8.220387e-10
1628 8.214210e-10
1629 8.208041e-10
1630 8.201880e-10
1631 8.195728e-10
1632 8.189584e-10
1633 8.183449e-10
1634 8.177321e-10
1635 8.171203e-10
1636 8.165092e-10
1637 8.158990e-10
1638 8.152896e-10
1639 8.146811e-10
1640 8.140733e-10
1641 8.134664e-10
1642 8.128603e-10
1643 8.122551e-10
1644 8.116506e-10
1645 8.110470e-10
1646 8.104442e-10
1647 8.098422e-10
1648 8.092410e-10
1649 8.086406e-10
1650 8.080410e-10
1651 8.074422e-10
1652 8.068443e-10
1653 8.062471e-10
1654 8.056508e-10
1655 8.050552e-10
1656 8.044605e-10
1657 8.038665e-10
1658 8.032734e-10
1659 8.026810e-10
1660 8.020894e-10
1661 8.014987e-10
1662 8.009087e-10
1663 8.003195e-10
1664 7.997305e-10
1665 7.991397e-10
1666 7.985498e-10
1667 7.979606e-10
1668 7.973722e-10
1669 7.967846e-10
1670 7.961978e-10
1671 7.956117e-10
1672 7.950265e-10
1673 7.944420e-10
1674 7.938583e-10
1675 7.932754e-10
1676 7.926933e-10
1677 7.921119e-10
1678 7.915313e-10
1679 7.909515e-10
1680 7.903724e-10
1681 7.897941e-10
1682 7.892166e-10
1683 7.886398e-10
1684 7.880639e-10
1685 7.874886e-10
1686 7.869142e-10
1687 7.863404e-10
1688 7.857675e-10
1689 7.851953e-10
1690 7.846239e-10
1691 7.840532e-10
1692 7.834832e-10
1693 7.829141e-10
1694 7.823456e-10
1695 7.817779e-10
1696 7.812110e-10
1697 7.806448e-10
1698 7.800793e-10
1699 7.795146e-10
1700 7.789507e-10
1701 7.783874e-10
1702 7.778249e-10
1703 7.772632e-10
1704 7.767022e-10
1705 7.761419e-10
1706 7.755823e-10
1707 7.750235e-10
1708 7.744654e-10
1709 7.739080e-10
1710 7.733514e-10
1711 7.727955e-10
1712 7.722403e-10
1713 7.716858e-10
1714 7.711321e-10
1715 7.705791e-10
1716 7.700268e-10
1717 7.694752e-10
1718 7.689243e-10
1719 7.683741e-10
1720 7.678247e-10
1721 7.672760e-10
1722 7.667279e-10
1723 7.661806e-10
1724 7.656340e-10
1725 7.650881e-10
1726 7.645429e-10
1727 7.639984e-10
1728 7.634546e-10
1729 7.629116e-10
1730 7.623692e-10
1731 7.618275e-10
1732 7.612865e-10
1733 7.607462e-10
1734 7.602066e-10
1735 7.596677e-10
1736 7.591295e-10
1737 7.585920e-10
1738 7.580551e-10
1739 7.575190e-10
1740 7.569835e-10
1741 7.564488e-10
1742 7.559147e-10
1743 7.553813e-10
1744 7.548485e-10
1745 7.543165e-10
1746 7.537851e-10
1747 7.532545e-10
1748 7.527245e-10
1749 7.521951e-10
1750 7.516665e-10
1751 7.511385e-10
1752 7.506112e-10
1753 7.500845e-10
1754 7.495586e-10
1755 7.490333e-10
1756 7.485086e-10
1757 7.479847e-10
1758 7.474613e-10
1759 7.469387e-10
1760 7.464167e-10
1761 7.458954e-10
1762 7.453748e-10
1763 7.448548e-10
1764 7.443354e-10
1765 7.438167e-10
1766 7.432987e-10
1767 7.427813e-10
1768 7.422646e-10
1769 7.417485e-10
1770 7.412331e-10
1771 7.407183e-10
1772 7.402042e-10
1773 7.396907e-10
1774 7.391779e-10
1775 7.386657e-10
1776 7.381541e-10
1777 7.376432e-10
1778 7.371330e-10
1779 7.366233e-10
1780 7.361143e-10
1781 7.356060e-10
1782 7.350983e-10
1783 7.345912e-10
1784 7.340827e-10
1785 7.335733e-10
1786 7.330644e-10
1787 7.325563e-10
1788 7.320488e-10
1789 7.315419e-10
1790 7.310356e-10
1791 7.305300e-10
1792 7.300250e-10
1793 7.295206e-10
1794 7.290169e-10
1795 7.285138e-10
1796 7.280113e-10
1797 7.275094e-10
1798 7.270082e-10
1799 7.265076e-10
1800 7.260076e-10
1801 7.255083e-10
1802 7.250095e-10
1803 7.245114e-10
1804 7.240139e-10
1805 7.235170e-10
1806 7.230207e-10
1807 7.225251e-10
1808 7.220300e-10
1809 7.215356e-10
1810 7.210418e-10
1811 7.205486e-10
1812 7.200560e-10
1813 7.195640e-10
1814 7.190726e-10
1815 7.185818e-10
1816 7.180917e-10
1817 7.176021e-10
1818 7.171131e-10
1819 7.166248e-10
1820 7.161370e-10
1821 7.156498e-10
1822 7.151633e-10
1823 7.146773e-10
1824 7.141919e-10
1825 7.137072e-10
1826 7.132230e-10
1827 7.127394e-10
1828 7.122564e-10
1829 7.117740e-10
1830 7.112922e-10
1831 7.108110e-10
1832 7.103303e-10
1833 7.098503e-10
1834 7.093708e-10
1835 7.088919e-10
1836 7.084136e-10
1837 7.079359e-10
1838 7.074588e-10
1839 7.069822e-10
1840 7.065063e-10
1841 7.060309e-10
1842 7.055561e-10
1843 7.050818e-10
1844 7.046082e-10
1845 7.041351e-10
1846 7.036626e-10
1847 7.031906e-10
1848 7.027193e-10
1849 7.022485e-10
1850 7.017783e-10
1851 7.013086e-10
1852 7.008395e-10
1853 7.003710e-10
1854 6.999030e-10
1855 6.994356e-10
1856 6.989688e-10
1857 6.985025e-10
1858 6.980368e-10
1859 6.975717e-10
1860 6.971071e-10
1861 6.966431e-10
1862 6.961796e-10
1863 6.957167e-10
1864 6.952543e-10
1865 6.947925e-10
1866 6.943313e-10
1867 6.938706e-10
1868 6.934105e-10
1869 6.929509e-10
1870 6.924918e-10
1871 6.920333e-10
1872 6.915754e-10
1873 6.911180e-10
1874 6.906612e-10
1875 6.902049e-10
1876 6.897491e-10
1877 6.892939e-10
1878 6.888392e-10
1879 6.883851e-10
1880 6.879315e-10
1881 6.874785e-10
1882 6.870259e-10
1883 6.865740e-10
1884 6.861225e-10
1885 6.856716e-10
1886 6.852213e-10
1887 6.847714e-10
1888 6.843221e-10
1889 6.838734e-10
1890 6.834252e-10
1891 6.829775e-10
1892 6.825303e-10
1893 6.820836e-10
1894 6.816375e-10
1895 6.811919e-10
1896 6.807469e-10
1897 6.803023e-10
1898 6.798583e-10
1899 6.794148e-10
1900 6.789719e-10
1901 6.785294e-10
1902 6.780875e-10
1903 6.776461e-10
1904 6.772052e-10
1905 6.767648e-10
1906 6.763250e-10
1907 6.758857e-10
1908 6.754468e-10
1909 6.750085e-10
1910 6.745708e-10
1911 6.741335e-10
1912 6.736953e-10
1913 6.732552e-10
1914 6.728156e-10
1915 6.723764e-10
1916 6.719378e-10
1917 6.714998e-10
1918 6.710622e-10
1919 6.706251e-10
1920 6.701886e-10
1921 6.697526e-10
1922 6.693170e-10
1923 6.688820e-10
1924 6.684475e-10
1925 6.680135e-10
1926 6.675800e-10
1927 6.671471e-10
1928 6.667146e-10
1929 6.662826e-10
1930 6.658511e-10
1931 6.654202e-10
1932 6.649897e-10
1933 6.645597e-10
1934 6.641303e-10
1935 6.637013e-10
1936 6.632728e-10
1937 6.628449e-10
1938 6.624174e-10
1939 6.619904e-10
1940 6.615639e-10
1941 6.611380e-10
1942 6.607125e-10
1943 6.602875e-10
1944 6.598630e-10
1945 6.594389e-10
1946 6.590154e-10
1947 6.585924e-10
1948 6.581698e-10
1949 6.577478e-10
1950 6.573262e-10
1951 6.569051e-10
1952 6.564845e-10
1953 6.560644e-10
1954 6.556448e-10
1955 6.552256e-10
1956 6.548069e-10
1957 6.543887e-10
1958 6.539710e-10
1959 6.535538e-10
1960 6.531371e-10
1961 6.527208e-10
1962 6.523050e-10
1963 6.518897e-10
1964 6.514748e-10
1965 6.510605e-10
1966 6.506466e-10
1967 6.502332e-10
1968 6.498202e-10
1969 6.494077e-10
1970 6.489957e-10
1971 6.485842e-10
1972 6.481731e-10
1973 6.477625e-10
1974 6.473524e-10
1975 6.469428e-10
1976 6.465336e-10
1977 6.461248e-10
1978 6.457166e-10
1979 6.453088e-10
1980 6.449014e-10
1981 6.444946e-10
1982 6.440882e-10
1983 6.436822e-10
1984 6.432767e-10
1985 6.428717e-10
1986 6.424671e-10
1987 6.420630e-10
1988 6.416593e-10
1989 6.412561e-10
1990 6.408534e-10
1991 6.404511e-10
1992 6.400493e-10
1993 6.396479e-10
1994 6.392470e-10
1995 6.388465e-10
1996 6.384465e-10
1997 6.380469e-10
1998 6.376478e-10
1999 6.372491e-10
2000 6.368509e-10
2001 6.364531e-10
2002 6.360558e-10
2003 6.356589e-10
2004 6.352624e-10
2005 6.348665e-10
2006 6.344709e-10
2007 6.340758e-10
2008 6.336811e-10
2009 6.332869e-10
2010 6.328931e-10
2011 6.324998e-10
2012 6.321069e-10
2013 6.317144e-10
2014 6.313224e-10
2015 6.309308e-10
2016 6.305397e-10
2017 6.301490e-10
2018 6.297587e-10
2019 6.293688e-10
2020 6.289794e-10
2021 6.285905e-10
2022 6.282019e-10
2023 6.278138e-10
2024 6.274261e-10
2025 6.270389e-10
2026 6.266521e-10
2027 6.262657e-10
2028 6.258797e-10
2029 6.254942e-10
2030 6.251091e-10
2031 6.247244e-10
2032 6.243402e-10
2033 6.239563e-10
2034 6.235729e-10
2035 6.231900e-10
2036 6.228074e-10
2037 6.224253e-10
2038 6.220436e-10
2039 6.216623e-10
2040 6.212814e-10
2041 6.209010e-10
2042 6.205209e-10
2043 6.201413e-10
2044 6.197621e-10
2045 6.193833e-10
2046 6.190050e-10
2047 6.186270e-10
2048 6.182495e-10
2049 6.178724e-10
2050 6.174920e-10
2051 6.171118e-10
2052 6.167319e-10
2053 6.163525e-10
2054 6.159735e-10
2055 6.155949e-10
2056 6.152167e-10
2057 6.148390e-10
2058 6.144616e-10
2059 6.140847e-10
2060 6.137082e-10
2061 6.133321e-10
2062 6.129564e-10
2063 6.125812e-10
2064 6.122063e-10
2065 6.118319e-10
2066 6.114578e-10
2067 6.110842e-10
2068 6.107110e-10
2069 6.103382e-10
2070 6.099657e-10
2071 6.095937e-10
2072 6.092222e-10
2073 6.088510e-10
2074 6.084802e-10
2075 6.081098e-10
2076 6.077398e-10
2077 6.073703e-10
2078 6.070011e-10
2079 6.066323e-10
2080 6.062640e-10
2081 6.058960e-10
2082 6.055284e-10
2083 6.051613e-10
2084 6.047945e-10
2085 6.044282e-10
2086 6.040622e-10
2087 6.036966e-10
2088 6.033314e-10
2089 6.029667e-10
2090 6.026023e-10
2091 6.022383e-10
2092 6.018747e-10
2093 6.015115e-10
2094 6.011487e-10
2095 6.007862e-10
2096 6.004242e-10
2097 6.000626e-10
2098 5.997013e-10
2099 5.993405e-10
2100 5.989800e-10
2101 5.986199e-10
2102 5.982602e-10
2103 5.979009e-10
2104 5.975420e-10
2105 5.971835e-10
2106 5.968253e-10
2107 5.964675e-10
2108 5.961102e-10
2109 5.957532e-10
2110 5.953965e-10
2111 5.950403e-10
2112 5.946845e-10
2113 5.943290e-10
2114 5.939739e-10
2115 5.936192e-10
2116 5.932649e-10
2117 5.929109e-10
2118 5.925573e-10
2119 5.922041e-10
2120 5.918513e-10
2121 5.914989e-10
2122 5.911468e-10
2123 5.907951e-10
2124 5.904438e-10
2125 5.900929e-10
2126 5.897423e-10
2127 5.893921e-10
2128 5.890423e-10
2129 5.886928e-10
2130 5.883438e-10
2131 5.879950e-10
2132 5.876467e-10
2133 5.872987e-10
2134 5.869511e-10
2135 5.866039e-10
2136 5.862570e-10
2137 5.859105e-10
2138 5.855644e-10
2139 5.852186e-10
2140 5.848732e-10
2141 5.845282e-10
2142 5.841835e-10
2143 5.838392e-10
2144 5.834953e-10
2145 5.831517e-10
2146 5.828085e-10
2147 5.824657e-10
2148 5.821232e-10
2149 5.817810e-10
2150 5.814393e-10
2151 5.810978e-10
2152 5.807568e-10
2153 5.804161e-10
2154 5.800758e-10
2155 5.797358e-10
2156 5.793962e-10
2157 5.790569e-10
2158 5.787180e-10
2159 5.783794e-10
2160 5.780412e-10
2161 5.777034e-10
2162 5.773659e-10
2163 5.770287e-10
2164 5.766919e-10
2165 5.763555e-10
2166 5.760194e-10
2167 5.756837e-10
2168 5.753483e-10
2169 5.750133e-10
2170 5.746786e-10
2171 5.743443e-10
2172 5.740103e-10
2173 5.736766e-10
2174 5.733433e-10
2175 5.730104e-10
2176 5.726778e-10
2177 5.723456e-10
2178 5.720136e-10
2179 5.716821e-10
2180 5.713509e-10
2181 5.710200e-10
2182 5.706895e-10
2183 5.703593e-10
2184 5.700294e-10
2185 5.696999e-10
2186 5.693708e-10
2187 5.690419e-10
2188 5.687134e-10
2189 5.683853e-10
2190 5.680575e-10
2191 5.677300e-10
2192 5.674029e-10
2193 5.670761e-10
2194 5.667497e-10
2195 5.664235e-10
2196 5.660978e-10
2197 5.657699e-10
2198 5.654409e-10
2199 5.651122e-10
2200 5.647838e-10
2201 5.644558e-10
2202 5.641281e-10
2203 5.638008e-10
2204 5.634738e-10
2205 5.631471e-10
2206 5.628208e-10
2207 5.624948e-10
2208 5.621691e-10
2209 5.618438e-10
2210 5.615188e-10
2211 5.611942e-10
2212 5.608699e-10
2213 5.605459e-10
2214 5.602222e-10
2215 5.598989e-10
2216 5.595759e-10
2217 5.592533e-10
2218 5.589310e-10
2219 5.586090e-10
2220 5.582873e-10
2221 5.579660e-10
2222 5.576450e-10
2223 5.573243e-10
2224 5.570040e-10
2225 5.566840e-10
2226 5.563643e-10
2227 5.560449e-10
2228 5.557259e-10
2229 5.554072e-10
2230 5.550888e-10
2231 5.547708e-10
2232 5.544530e-10
2233 5.541356e-10
2234 5.538185e-10
2235 5.535018e-10
2236 5.531854e-10
2237 5.528692e-10
2238 5.525535e-10
2239 5.522380e-10
2240 5.519228e-10
2241 5.516080e-10
2242 5.512935e-10
2243 5.509793e-10
2244 5.506654e-10
2245 5.503519e-10
2246 5.500386e-10
2247 5.497257e-10
2248 5.494131e-10
2249 5.491009e-10
2250 5.487889e-10
2251 5.484772e-10
2252 5.481659e-10
2253 5.478549e-10
2254 5.475442e-10
2255 5.472338e-10
2256 5.469237e-10
2257 5.466139e-10
2258 5.463045e-10
2259 5.459953e-10
2260 5.456865e-10
2261 5.453780e-10
2262 5.450698e-10
2263 5.447619e-10
2264 5.444543e-10
2265 5.441470e-10
2266 5.438401e-10
2267 5.435334e-10
2268 5.432270e-10
2269 5.429210e-10
2270 5.426153e-10
2271 5.423098e-10
2272 5.420047e-10
2273 5.416999e-10
2274 5.413954e-10
2275 5.410912e-10
2276 5.407873e-10
2277 5.404837e-10
2278 5.401804e-10
2279 5.398774e-10
2280 5.395747e-10
2281 5.392723e-10
2282 5.389702e-10
2283 5.386684e-10
2284 5.383669e-10
2285 5.380658e-10
2286 5.377649e-10
2287 5.374643e-10
2288 5.371640e-10
2289 5.368640e-10
2290 5.365643e-10
2291 5.362649e-10
2292 5.359658e-10
2293 5.356671e-10
2294 5.353686e-10
2295 5.350704e-10
2296 5.347725e-10
2297 5.344748e-10
2298 5.341775e-10
2299 5.338805e-10
2300 5.335838e-10
2301 5.332874e-10
2302 5.329912e-10
2303 5.326954e-10
2304 5.323998e-10
2305 5.321046e-10
2306 5.318096e-10
2307 5.315149e-10
2308 5.312205e-10
2309 5.309264e-10
2310 5.306326e-10
2311 5.303391e-10
2312 5.300459e-10
2313 5.297529e-10
2314 5.294603e-10
2315 5.291679e-10
2316 5.288758e-10
2317 5.285841e-10
2318 5.282926e-10
2319 5.280013e-10
2320 5.277104e-10
2321 5.274198e-10
2322 5.271294e-10
2323 5.268393e-10
2324 5.265496e-10
2325 5.262601e-10
2326 5.259708e-10
2327 5.256819e-10
2328 5.253932e-10
2329 5.251049e-10
2330 5.248168e-10
2331 5.245290e-10
2332 5.242414e-10
2333 5.239542e-10
2334 5.236672e-10
2335 5.233805e-10
2336 5.230941e-10
2337 5.228080e-10
2338 5.225222e-10
2339 5.222366e-10
2340 5.219513e-10
2341 5.216663e-10
2342 5.213815e-10
2343 5.210971e-10
2344 5.208129e-10
2345 5.205290e-10
2346 5.202454e-10
2347 5.199620e-10
2348 5.196789e-10
2349 5.193961e-10
2350 5.191136e-10
2351 5.188313e-10
2352 5.185493e-10
2353 5.182676e-10
2354 5.179862e-10
2355 5.177023e-10
2356 5.174176e-10
2357 5.171332e-10
2358 5.168491e-10
2359 5.165653e-10
2360 5.162817e-10
2361 5.159984e-10
2362 5.157154e-10
2363 5.154327e-10
2364 5.151502e-10
2365 5.148680e-10
2366 5.145861e-10
2367 5.143045e-10
2368 5.140231e-10
2369 5.137420e-10
2370 5.134612e-10
2371 5.131806e-10
2372 5.129004e-10
2373 5.126204e-10
2374 5.123406e-10
2375 5.120612e-10
2376 5.117820e-10
2377 5.115030e-10
2378 5.112244e-10
2379 5.109460e-10
2380 5.106679e-10
2381 5.103900e-10
2382 5.101124e-10
2383 5.098351e-10
2384 5.095580e-10
2385 5.092813e-10
2386 5.090047e-10
2387 5.087285e-10
2388 5.084525e-10
2389 5.081768e-10
2390 5.079013e-10
2391 5.076261e-10
2392 5.073512e-10
2393 5.070765e-10
2394 5.068021e-10
2395 5.065280e-10
2396 5.062541e-10
2397 5.059805e-10
2398 5.057072e-10
2399 5.054341e-10
2400 5.051612e-10
2401 5.048887e-10
2402 5.046164e-10
2403 5.043443e-10
2404 5.040725e-10
2405 5.038010e-10
2406 5.035297e-10
2407 5.032587e-10
2408 5.029880e-10
2409 5.027175e-10
2410 5.024472e-10
2411 5.021773e-10
2412 5.019075e-10
2413 5.016381e-10
2414 5.013689e-10
2415 5.010999e-10
2416 5.008312e-10
2417 5.005628e-10
2418 5.002946e-10
2419 5.000267e-10
2420 4.997590e-10
2421 4.994916e-10
2422 4.992244e-10
2423 4.989575e-10
2424 4.986908e-10
2425 4.984244e-10
2426 4.981582e-10
2427 4.978923e-10
2428 4.976267e-10
2429 4.973612e-10
2430 4.970961e-10
2431 4.968312e-10
2432 4.965665e-10
2433 4.963021e-10
2434 4.960380e-10
2435 4.957741e-10
2436 4.955104e-10
2437 4.952470e-10
2438 4.949838e-10
2439 4.947209e-10
2440 4.944582e-10
2441 4.941958e-10
2442 4.939336e-10
2443 4.936717e-10
2444 4.934100e-10
2445 4.931486e-10
2446 4.928874e-10
2447 4.926265e-10
2448 4.923658e-10
2449 4.921053e-10
2450 4.918451e-10
2451 4.915851e-10
2452 4.913254e-10
2453 4.910659e-10
2454 4.908067e-10
2455 4.905477e-10
2456 4.902889e-10
2457 4.900304e-10
2458 4.897721e-10
2459 4.895141e-10
2460 4.892563e-10
2461 4.889988e-10
2462 4.887414e-10
2463 4.884844e-10
2464 4.882275e-10
2465 4.879709e-10
2466 4.877146e-10
2467 4.874585e-10
2468 4.872026e-10
2469 4.869470e-10
2470 4.866916e-10
2471 4.864364e-10
2472 4.861815e-10
2473 4.859268e-10
2474 4.856723e-10
2475 4.854181e-10
2476 4.851641e-10
2477 4.849104e-10
2478 4.846569e-10
2479 4.844036e-10
2480 4.841506e-10
2481 4.838977e-10
2482 4.836452e-10
2483 4.833928e-10
2484 4.831407e-10
2485 4.828888e-10
2486 4.826372e-10
2487 4.823858e-10
2488 4.821346e-10
2489 4.818837e-10
2490 4.816330e-10
2491 4.813825e-10
2492 4.811322e-10
2493 4.808822e-10
2494 4.806324e-10
2495 4.803828e-10
2496 4.801335e-10
2497 4.798844e-10
2498 4.796355e-10
2499 4.793869e-10
2500 4.791385e-10
2501 4.788903e-10
2502 4.786423e-10
2503 4.783946e-10
2504 4.781471e-10
2505 4.778998e-10
2506 4.776527e-10
2507 4.774059e-10
2508 4.771593e-10
2509 4.769129e-10
2510 4.766668e-10
2511 4.764208e-10
2512 4.761751e-10
2513 4.759297e-10
2514 4.756844e-10
2515 4.754394e-10
2516 4.751946e-10
2517 4.749500e-10
2518 4.747056e-10
2519 4.744615e-10
2520 4.742176e-10
2521 4.739739e-10
2522 4.737304e-10
2523 4.734872e-10
2524 4.732425e-10
2525 4.729961e-10
2526 4.727499e-10
2527 4.725039e-10
2528 4.722582e-10
2529 4.720126e-10
2530 4.717673e-10
2531 4.715223e-10
2532 4.712774e-10
2533 4.710328e-10
2534 4.707884e-10
2535 4.705442e-10
2536 4.703003e-10
2537 4.700566e-10
2538 4.698131e-10
2539 4.695698e-10
2540 4.693267e-10
2541 4.690839e-10
2542 4.688413e-10
2543 4.685989e-10
2544 4.683567e-10
2545 4.681147e-10
2546 4.678730e-10
2547 4.676315e-10
2548 4.673902e-10
2549 4.671491e-10
2550 4.669082e-10
2551 4.666676e-10
2552 4.664272e-10
2553 4.661870e-10
2554 4.659470e-10
2555 4.657072e-10
2556 4.654677e-10
2557 4.652283e-10
2558 4.649892e-10
2559 4.647503e-10
2560 4.645116e-10
2561 4.642731e-10
2562 4.640349e-10
2563 4.637968e-10
2564 4.635590e-10
2565 4.633214e-10
2566 4.630840e-10
2567 4.628468e-10
2568 4.626099e-10
2569 4.623731e-10
2570 4.621366e-10
2571 4.619002e-10
2572 4.616641e-10
2573 4.614282e-10
2574 4.611925e-10
2575 4.609570e-10
2576 4.607218e-10
2577 4.604867e-10
2578 4.602519e-10
2579 4.600172e-10
2580 4.597828e-10
2581 4.595486e-10
2582 4.593146e-10
2583 4.590808e-10
2584 4.588472e-10
2585 4.586138e-10
2586 4.583807e-10
2587 4.581477e-10
2588 4.579149e-10
2589 4.576824e-10
2590 4.574501e-10
2591 4.572179e-10
2592 4.569860e-10
2593 4.567543e-10
2594 4.565228e-10
2595 4.562915e-10
2596 4.560604e-10
2597 4.558295e-10
2598 4.555988e-10
2599 4.553684e-10
2600 4.551381e-10
2601 4.549080e-10
2602 4.546782e-10
2603 4.544485e-10
2604 4.542191e-10
2605 4.539898e-10
2606 4.537608e-10
2607 4.535319e-10
2608 4.533033e-10
2609 4.530748e-10
2610 4.528466e-10
2611 4.526186e-10
2612 4.523908e-10
2613 4.521631e-10
2614 4.519357e-10
2615 4.517085e-10
2616 4.514814e-10
2617 4.512546e-10
2618 4.510280e-10
2619 4.508016e-10
2620 4.505754e-10
2621 4.503493e-10
2622 4.501235e-10
2623 4.498979e-10
2624 4.496725e-10
2625 4.494472e-10
2626 4.492222e-10
2627 4.489974e-10
2628 4.487728e-10
2629 4.485483e-10
2630 4.483241e-10
2631 4.481001e-10
2632 4.478762e-10
2633 4.476526e-10
2634 4.474291e-10
2635 4.472059e-10
2636 4.469828e-10
2637 4.467600e-10
2638 4.465373e-10
2639 4.463148e-10
2640 4.460925e-10
2641 4.458705e-10
2642 4.456486e-10
2643 4.454269e-10
2644 4.452054e-10
2645 4.449841e-10
2646 4.447630e-10
2647 4.445421e-10
2648 4.443214e-10
2649 4.441008e-10
2650 4.438805e-10
2651 4.436603e-10
2652 4.434404e-10
2653 4.432206e-10
2654 4.430011e-10
2655 4.427817e-10
2656 4.425625e-10
2657 4.423435e-10
2658 4.421247e-10
2659 4.419061e-10
2660 4.416877e-10
2661 4.414694e-10
2662 4.412514e-10
2663 4.410335e-10
2664 4.408159e-10
2665 4.405984e-10
2666 4.403811e-10
2667 4.401640e-10
2668 4.399471e-10
2669 4.397304e-10
2670 4.395138e-10
2671 4.392975e-10
2672 4.390813e-10
2673 4.388654e-10
2674 4.386496e-10
2675 4.384340e-10
2676 4.382186e-10
2677 4.380033e-10
2678 4.377883e-10
2679 4.375735e-10
2680 4.373588e-10
2681 4.371443e-10
2682 4.369300e-10
2683 4.367159e-10
2684 4.365020e-10
2685 4.362882e-10
2686 4.360747e-10
2687 4.358613e-10
2688 4.356481e-10
2689 4.354351e-10
2690 4.352223e-10
2691 4.350096e-10
2692 4.347972e-10
2693 4.345849e-10
2694 4.343728e-10
2695 4.341609e-10
2696 4.339492e-10
2697 4.337376e-10
2698 4.335262e-10
2699 4.333151e-10
2700 4.331041e-10
2701 4.328932e-10
2702 4.326826e-10
2703 4.324721e-10
2704 4.322618e-10
2705 4.320516e-10
2706 4.318383e-10
2707 4.316252e-10
2708 4.314123e-10
2709 4.311996e-10
2710 4.309871e-10
2711 4.307747e-10
2712 4.305625e-10
2713 4.303505e-10
2714 4.301387e-10
2715 4.299271e-10
2716 4.297156e-10
2717 4.295044e-10
2718 4.292933e-10
2719 4.290824e-10
2720 4.288717e-10
2721 4.286611e-10
2722 4.284508e-10
2723 4.282406e-10
2724 4.280306e-10
2725 4.278208e-10
2726 4.276111e-10
2727 4.274017e-10
2728 4.271924e-10
2729 4.269833e-10
2730 4.267744e-10
2731 4.265656e-10
2732 4.263571e-10
2733 4.261487e-10
2734 4.259405e-10
2735 4.257325e-10
2736 4.255246e-10
2737 4.253169e-10
2738 4.251094e-10
2739 4.249021e-10
2740 4.246950e-10
2741 4.244880e-10
2742 4.242812e-10
2743 4.240746e-10
2744 4.238681e-10
2745 4.236619e-10
2746 4.234558e-10
2747 4.232499e-10
2748 4.230441e-10
2749 4.228386e-10
2750 4.226332e-10
2751 4.224280e-10
2752 4.222229e-10
2753 4.220181e-10
2754 4.218134e-10
2755 4.216089e-10
2756 4.214045e-10
2757 4.212003e-10
2758 4.209963e-10
2759 4.207925e-10
2760 4.205889e-10
2761 4.203854e-10
2762 4.201821e-10
2763 4.199789e-10
2764 4.197760e-10
2765 4.195732e-10
2766 4.193705e-10
2767 4.191681e-10
2768 4.189658e-10
2769 4.187637e-10
2770 4.185617e-10
2771 4.183600e-10
2772 4.181584e-10
2773 4.179569e-10
2774 4.177557e-10
2775 4.175546e-10
2776 4.173537e-10
2777 4.171529e-10
2778 4.169523e-10
2779 4.167519e-10
2780 4.165517e-10
2781 4.163516e-10
2782 4.161517e-10
2783 4.159519e-10
2784 4.157524e-10
2785 4.155529e-10
2786 4.153537e-10
2787 4.151546e-10
2788 4.149557e-10
2789 4.147570e-10
2790 4.145584e-10
2791 4.143600e-10
2792 4.141617e-10
2793 4.139637e-10
2794 4.137658e-10
2795 4.135680e-10
2796 4.133704e-10
2797 4.131730e-10
2798 4.129758e-10
2799 4.127787e-10
2800 4.125818e-10
2801 4.123850e-10
2802 4.121884e-10
2803 4.119920e-10
2804 4.117957e-10
2805 4.115996e-10
2806 4.114037e-10
2807 4.112079e-10
2808 4.110123e-10
2809 4.108168e-10
2810 4.106215e-10
2811 4.104264e-10
2812 4.102314e-10
2813 4.100366e-10
2814 4.098420e-10
2815 4.096475e-10
2816 4.094532e-10
2817 4.092590e-10
2818 4.090650e-10
2819 4.088712e-10
2820 4.086775e-10
2821 4.084840e-10
2822 4.082907e-10
2823 4.080975e-10
2824 4.079044e-10
2825 4.077116e-10
2826 4.075188e-10
2827 4.073263e-10
2828 4.071339e-10
2829 4.069417e-10
2830 4.067496e-10
2831 4.065577e-10
2832 4.063659e-10
2833 4.061743e-10
2834 4.059828e-10
2835 4.057915e-10
2836 4.056004e-10
2837 4.054094e-10
2838 4.052186e-10
2839 4.050280e-10
2840 4.048375e-10
2841 4.046471e-10
2842 4.044569e-10
2843 4.042669e-10
2844 4.040770e-10
2845 4.038873e-10
2846 4.036977e-10
2847 4.035083e-10
2848 4.033191e-10
2849 4.031300e-10
2850 4.029410e-10
2851 4.027522e-10
2852 4.025636e-10
2853 4.023751e-10
2854 4.021868e-10
2855 4.019986e-10
2856 4.018106e-10
2857 4.016227e-10
2858 4.014350e-10
2859 4.012474e-10
2860 4.010600e-10
2861 4.008728e-10
2862 4.006857e-10
2863 4.004987e-10
2864 4.003119e-10
2865 4.001253e-10
2866 3.999388e-10
2867 3.997525e-10
2868 3.995663e-10
2869 3.993803e-10
2870 3.991944e-10
2871 3.990086e-10
2872 3.988231e-10
2873 3.986376e-10
2874 3.984523e-10
2875 3.982672e-10
2876 3.980822e-10
2877 3.978974e-10
2878 3.977127e-10
2879 3.975282e-10
2880 3.973438e-10
2881 3.971596e-10
2882 3.969755e-10
2883 3.967916e-10
2884 3.966078e-10
2885 3.964242e-10
2886 3.962407e-10
2887 3.960573e-10
2888 3.958742e-10
2889 3.956911e-10
2890 3.955082e-10
2891 3.953255e-10
2892 3.951429e-10
2893 3.949604e-10
2894 3.947781e-10
2895 3.945960e-10
2896 3.944140e-10
2897 3.942321e-10
2898 3.940504e-10
2899 3.938688e-10
2900 3.936856e-10
2901 3.935012e-10
2902 3.933170e-10
2903 3.931330e-10
2904 3.929490e-10
2905 3.927653e-10
2906 3.925817e-10
2907 3.923982e-10
2908 3.922149e-10
2909 3.920317e-10
2910 3.918487e-10
2911 3.916658e-10
2912 3.914831e-10
2913 3.913005e-10
2914 3.911181e-10
2915 3.909358e-10
2916 3.907536e-10
2917 3.905717e-10
2918 3.903898e-10
2919 3.902081e-10
2920 3.900266e-10
2921 3.898452e-10
2922 3.896639e-10
2923 3.894828e-10
2924 3.893018e-10
2925 3.891210e-10
2926 3.889403e-10
2927 3.887598e-10
2928 3.885794e-10
2929 3.883992e-10
2930 3.882191e-10
2931 3.880392e-10
2932 3.878594e-10
2933 3.876797e-10
2934 3.875002e-10
2935 3.873208e-10
2936 3.871416e-10
2937 3.869625e-10
2938 3.867836e-10
2939 3.866048e-10
2940 3.864262e-10
2941 3.862477e-10
2942 3.860693e-10
2943 3.858911e-10
2944 3.857130e-10
2945 3.855351e-10
2946 3.853573e-10
2947 3.851796e-10
2948 3.850021e-10
2949 3.848247e-10
2950 3.846475e-10
2951 3.844704e-10
2952 3.842935e-10
2953 3.841167e-10
2954 3.839400e-10
2955 3.837635e-10
2956 3.835872e-10
2957 3.834109e-10
2958 3.832348e-10
2959 3.830589e-10
2960 3.828831e-10
2961 3.827074e-10
2962 3.825318e-10
2963 3.823565e-10
2964 3.821812e-10
2965 3.820061e-10
2966 3.818311e-10
2967 3.816563e-10
2968 3.814816e-10
2969 3.813070e-10
2970 3.811326e-10
2971 3.809583e-10
2972 3.807842e-10
2973 3.806102e-10
2974 3.804363e-10
2975 3.802626e-10
2976 3.800890e-10
2977 3.799155e-10
2978 3.797422e-10
2979 3.795690e-10
2980 3.793960e-10
2981 3.792231e-10
2982 3.790503e-10
2983 3.788777e-10
2984 3.787052e-10
2985 3.785328e-10
2986 3.783606e-10
2987 3.781885e-10
2988 3.780165e-10
2989 3.778447e-10
2990 3.776730e-10
2991 3.775015e-10
2992 3.773301e-10
2993 3.771588e-10
2994 3.769877e-10
2995 3.768167e-10
2996 3.766458e-10
2997 3.764751e-10
2998 3.763045e-10
2999 3.761340e-10
3000 3.759637e-10
3001 3.757935e-10
3002 3.756234e-10
3003 3.754535e-10
3004 3.752837e-10
3005 3.751140e-10
3006 3.749445e-10
3007 3.747751e-10
3008 3.746058e-10
3009 3.744367e-10
3010 3.742677e-10
3011 3.740988e-10
3012 3.739300e-10
3013 3.737614e-10
3014 3.735930e-10
3015 3.734246e-10
3016 3.732564e-10
3017 3.730883e-10
3018 3.729204e-10
3019 3.727526e-10
3020 3.725849e-10
3021 3.724173e-10
3022 3.722499e-10
3023 3.720826e-10
3024 3.719155e-10
3025 3.717484e-10
3026 3.715815e-10
3027 3.714148e-10
3028 3.712481e-10
3029 3.710816e-10
3030 3.709152e-10
3031 3.707490e-10
3032 3.705828e-10
3033 3.704168e-10
3034 3.702510e-10
3035 3.700852e-10
3036 3.699196e-10
3037 3.697542e-10
3038 3.695888e-10
3039 3.694236e-10
3040 3.692585e-10
3041 3.690935e-10
3042 3.689287e-10
3043 3.687640e-10
3044 3.685994e-10
3045 3.684349e-10
3046 3.682706e-10
3047 3.681064e-10
3048 3.679423e-10
3049 3.677784e-10
3050 3.676146e-10
3051 3.674509e-10
3052 3.672873e-10
3053 3.671239e-10
3054 3.669606e-10
3055 3.667974e-10
3056 3.666343e-10
3057 3.664714e-10
3058 3.663086e-10
3059 3.661459e-10
3060 3.659833e-10
3061 3.658209e-10
3062 3.656586e-10
3063 3.654964e-10
3064 3.653343e-10
3065 3.651724e-10
3066 3.650106e-10
3067 3.648489e-10
3068 3.646873e-10
3069 3.645259e-10
3070 3.643646e-10
3071 3.642034e-10
3072 3.640423e-10
3073 3.638814e-10
3074 3.637206e-10
3075 3.635599e-10
3076 3.633993e-10
3077 3.632388e-10
3078 3.630785e-10
3079 3.629183e-10
3080 3.627582e-10
3081 3.625983e-10
3082 3.624384e-10
3083 3.622787e-10
3084 3.621191e-10
3085 3.619597e-10
3086 3.618003e-10
3087 3.616411e-10
3088 3.614820e-10
3089 3.613230e-10
3090 3.611641e-10
3091 3.610054e-10
3092 3.608468e-10
3093 3.606883e-10
3094 3.605299e-10
3095 3.603717e-10
3096 3.602135e-10
3097 3.600555e-10
3098 3.598976e-10
3099 3.597398e-10
3100 3.595822e-10
3101 3.594246e-10
3102 3.592672e-10
3103 3.591099e-10
3104 3.589528e-10
3105 3.587957e-10
3106 3.586388e-10
3107 3.584819e-10
3108 3.583249e-10
3109 3.581655e-10
3110 3.580062e-10
3111 3.578470e-10
3112 3.576880e-10
3113 3.575291e-10
3114 3.573703e-10
3115 3.572117e-10
3116 3.570531e-10
3117 3.568947e-10
3118 3.567364e-10
3119 3.565782e-10
3120 3.564201e-10
3121 3.562622e-10
3122 3.561044e-10
3123 3.559467e-10
3124 3.557891e-10
3125 3.556317e-10
3126 3.554743e-10
3127 3.553171e-10
3128 3.551600e-10
3129 3.550030e-10
3130 3.548462e-10
3131 3.546894e-10
3132 3.545328e-10
3133 3.543763e-10
3134 3.542199e-10
3135 3.540637e-10
3136 3.539075e-10
3137 3.537515e-10
3138 3.535956e-10
3139 3.534398e-10
3140 3.532841e-10
3141 3.531286e-10
3142 3.529731e-10
3143 3.528178e-10
3144 3.526626e-10
3145 3.525075e-10
3146 3.523526e-10
3147 3.521977e-10
3148 3.520430e-10
3149 3.518884e-10
3150 3.517339e-10
3151 3.515795e-10
3152 3.514253e-10
3153 3.512711e-10
3154 3.511171e-10
3155 3.509632e-10
3156 3.508094e-10
3157 3.506557e-10
3158 3.505021e-10
3159 3.503487e-10
3160 3.501953e-10
3161 3.500421e-10
3162 3.498890e-10
3163 3.497360e-10
3164 3.495832e-10
3165 3.494304e-10
3166 3.492778e-10
3167 3.491252e-10
3168 3.489728e-10
3169 3.488205e-10
3170 3.486684e-10
3171 3.485163e-10
3172 3.483643e-10
3173 3.482125e-10
3174 3.480608e-10
3175 3.479092e-10
3176 3.477577e-10
3177 3.476063e-10
3178 3.474550e-10
3179 3.473039e-10
3180 3.471528e-10
3181 3.470019e-10
3182 3.468511e-10
3183 3.467004e-10
3184 3.465498e-10
3185 3.463993e-10
3186 3.462489e-10
3187 3.460987e-10
3188 3.459485e-10
3189 3.457985e-10
3190 3.456486e-10
3191 3.454988e-10
3192 3.453491e-10
3193 3.451995e-10
3194 3.450500e-10
3195 3.449007e-10
3196 3.447514e-10
3197 3.446023e-10
3198 3.444532e-10
3199 3.443043e-10
3200 3.441555e-10
3201 3.440068e-10
3202 3.438583e-10
3203 3.437098e-10
3204 3.435614e-10
3205 3.434132e-10
3206 3.432650e-10
3207 3.431170e-10
3208 3.429691e-10
3209 3.428213e-10
3210 3.426736e-10
3211 3.425260e-10
3212 3.423785e-10
3213 3.422311e-10
3214 3.420839e-10
3215 3.419367e-10
3216 3.417897e-10
3217 3.416427e-10
3218 3.414959e-10
3219 3.413492e-10
3220 3.412026e-10
3221 3.410561e-10
3222 3.409097e-10
3223 3.407634e-10
3224 3.406172e-10
3225 3.404711e-10
3226 3.403252e-10
3227 3.401793e-10
3228 3.400336e-10
3229 3.398879e-10
3230 3.397424e-10
3231 3.395970e-10
3232 3.394517e-10
3233 3.393065e-10
3234 3.391614e-10
3235 3.390164e-10
3236 3.388715e-10
3237 3.387267e-10
3238 3.385820e-10
3239 3.384374e-10
3240 3.382930e-10
3241 3.381486e-10
3242 3.380044e-10
3243 3.378602e-10
3244 3.377162e-10
3245 3.375723e-10
3246 3.374284e-10
3247 3.372847e-10
3248 3.371411e-10
3249 3.369976e-10
3250 3.368542e-10
3251 3.367109e-10
3252 3.365677e-10
3253 3.364246e-10
3254 3.362816e-10
3255 3.361387e-10
3256 3.359960e-10
3257 3.358533e-10
3258 3.357107e-10
3259 3.355682e-10
3260 3.354259e-10
3261 3.352836e-10
3262 3.351415e-10
3263 3.349994e-10
3264 3.348575e-10
3265 3.347157e-10
3266 3.345739e-10
3267 3.344323e-10
3268 3.342908e-10
3269 3.341493e-10
3270 3.340080e-10
3271 3.338668e-10
3272 3.337257e-10
3273 3.335846e-10
3274 3.334437e-10
3275 3.333029e-10
3276 3.331622e-10
3277 3.330216e-10
3278 3.328811e-10
3279 3.327407e-10
3280 3.326004e-10
3281 3.324602e-10
3282 3.323201e-10
3283 3.321801e-10
3284 3.320402e-10
3285 3.319004e-10
3286 3.317608e-10
3287 3.316212e-10
3288 3.314817e-10
3289 3.313423e-10
3290 3.312030e-10
3291 3.310638e-10
3292 3.309247e-10
3293 3.307858e-10
3294 3.306469e-10
3295 3.305081e-10
3296 3.303694e-10
3297 3.302308e-10
3298 3.300924e-10
3299 3.299540e-10
3300 3.298157e-10
3301 3.296775e-10
3302 3.295394e-10
3303 3.294014e-10
3304 3.292636e-10
3305 3.291258e-10
3306 3.289881e-10
3307 3.288505e-10
3308 3.287130e-10
3309 3.285756e-10
3310 3.284384e-10
3311 3.283012e-10
3312 3.281641e-10
3313 3.280271e-10
3314 3.278902e-10
3315 3.277534e-10
3316 3.276167e-10
3317 3.274801e-10
3318 3.273436e-10
3319 3.272072e-10
3320 3.270709e-10
3321 3.269347e-10
3322 3.267986e-10
3323 3.266626e-10
3324 3.265267e-10
3325 3.263909e-10
3326 3.262551e-10
3327 3.261195e-10
3328 3.259840e-10
3329 3.258486e-10
3330 3.257132e-10
3331 3.255780e-10
3332 3.254411e-10
3333 3.253035e-10
3334 3.251660e-10
3335 3.250286e-10
3336 3.248913e-10
3337 3.247542e-10
3338 3.246171e-10
3339 3.244801e-10
3340 3.243432e-10
3341 3.242064e-10
3342 3.240697e-10
3343 3.239331e-10
3344 3.237966e-10
3345 3.236602e-10
3346 3.235239e-10
3347 3.233878e-10
3348 3.232517e-10
3349 3.231156e-10
3350 3.229797e-10
3351 3.228439e-10
3352 3.227082e-10
3353 3.225726e-10
3354 3.224371e-10
3355 3.223017e-10
3356 3.221664e-10
3357 3.220311e-10
3358 3.218960e-10
3359 3.217610e-10
3360 3.216261e-10
3361 3.214912e-10
3362 3.213565e-10
3363 3.212218e-10
3364 3.210873e-10
3365 3.209528e-10
3366 3.208185e-10
3367 3.206842e-10
3368 3.205501e-10
3369 3.204160e-10
3370 3.202820e-10
3371 3.201482e-10
3372 3.200144e-10
3373 3.198807e-10
3374 3.197471e-10
3375 3.196136e-10
3376 3.194802e-10
3377 3.193469e-10
3378 3.192137e-10
3379 3.190806e-10
3380 3.189476e-10
3381 3.188147e-10
3382 3.186819e-10
3383 3.185491e-10
3384 3.184165e-10
3385 3.182839e-10
3386 3.181515e-10
3387 3.180191e-10
3388 3.178869e-10
3389 3.177547e-10
3390 3.176226e-10
3391 3.174907e-10
3392 3.173588e-10
3393 3.172270e-10
3394 3.170953e-10
3395 3.169637e-10
3396 3.168322e-10
3397 3.167007e-10
3398 3.165694e-10
3399 3.164382e-10
3400 3.163071e-10
3401 3.161760e-10
3402 3.160451e-10
3403 3.159142e-10
3404 3.157834e-10
3405 3.156527e-10
3406 3.155222e-10
3407 3.153917e-10
3408 3.152613e-10
3409 3.151310e-10
3410 3.150008e-10
3411 3.148706e-10
3412 3.147406e-10
3413 3.146107e-10
3414 3.144808e-10
3415 3.143511e-10
3416 3.142214e-10
3417 3.140918e-10
3418 3.139623e-10
3419 3.138330e-10
3420 3.137037e-10
3421 3.135745e-10
3422 3.134453e-10
3423 3.133163e-10
3424 3.131874e-10
3425 3.130585e-10
3426 3.129298e-10
3427 3.128011e-10
3428 3.126725e-10
3429 3.125441e-10
3430 3.124157e-10
3431 3.122874e-10
3432 3.121592e-10
3433 3.120310e-10
3434 3.119030e-10
3435 3.117751e-10
3436 3.116472e-10
3437 3.115194e-10
3438 3.113918e-10
3439 3.112642e-10
3440 3.111367e-10
3441 3.110093e-10
3442 3.108820e-10
3443 3.107547e-10
3444 3.106276e-10
3445 3.105006e-10
3446 3.103736e-10
3447 3.102467e-10
3448 3.101199e-10
3449 3.099932e-10
3450 3.098666e-10
3451 3.097401e-10
3452 3.096137e-10
3453 3.094874e-10
3454 3.093611e-10
3455 3.092349e-10
3456 3.091089e-10
3457 3.089829e-10
3458 3.088570e-10
3459 3.087312e-10
3460 3.086054e-10
3461 3.084798e-10
3462 3.083542e-10
3463 3.082288e-10
3464 3.081034e-10
3465 3.079781e-10
3466 3.078529e-10
3467 3.077278e-10
3468 3.076028e-10
3469 3.074778e-10
3470 3.073530e-10
3471 3.072282e-10
3472 3.071035e-10
3473 3.069789e-10
3474 3.068544e-10
3475 3.067300e-10
3476 3.066056e-10
3477 3.064814e-10
3478 3.063572e-10
3479 3.062332e-10
3480 3.061092e-10
3481 3.059853e-10
3482 3.058614e-10
3483 3.057377e-10
3484 3.056141e-10
3485 3.054905e-10
3486 3.053670e-10
3487 3.052436e-10
3488 3.051203e-10
3489 3.049971e-10
3490 3.048739e-10
3491 3.047509e-10
3492 3.046279e-10
3493 3.045050e-10
3494 3.043822e-10
3495 3.042595e-10
3496 3.041369e-10
3497 3.040144e-10
3498 3.038919e-10
3499 3.037695e-10
3500 3.036472e-10
3501 3.035250e-10
3502 3.034029e-10
3503 3.032809e-10
3504 3.031589e-10
3505 3.030370e-10
3506 3.029152e-10
3507 3.027935e-10
3508 3.026719e-10
3509 3.025504e-10
3510 3.024289e-10
3511 3.023076e-10
3512 3.021863e-10
3513 3.020651e-10
3514 3.019439e-10
3515 3.018229e-10
3516 3.017019e-10
3517 3.015811e-10
3518 3.014603e-10
3519 3.013396e-10
3520 3.012190e-10
3521 3.010984e-10
3522 3.009780e-10
3523 3.008576e-10
3524 3.007373e-10
3525 3.006171e-10
3526 3.004969e-10
3527 3.003769e-10
3528 3.002569e-10
3529 3.001370e-10
3530 3.000172e-10
3531 2.998975e-10
3532 2.997779e-10
3533 2.996583e-10
3534 2.995388e-10
3535 2.994194e-10
3536 2.993001e-10
3537 2.991809e-10
3538 2.990617e-10
3539 2.989427e-10
3540 2.988237e-10
3541 2.987048e-10
3542 2.985860e-10
3543 2.984672e-10
3544 2.983485e-10
3545 2.982300e-10
3546 2.981115e-10
3547 2.979930e-10
3548 2.978747e-10
3549 2.977564e-10
3550 2.976382e-10
3551 2.975201e-10
3552 2.974021e-10
3553 2.972842e-10
3554 2.971663e-10
3555 2.970485e-10
3556 2.969308e-10
3557 2.968132e-10
3558 2.966957e-10
3559 2.965782e-10
3560 2.964608e-10
3561 2.963435e-10
3562 2.962263e-10
3563 2.961091e-10
3564 2.959921e-10
3565 2.958751e-10
3566 2.957582e-10
3567 2.956413e-10
3568 2.955246e-10
3569 2.954079e-10
3570 2.952913e-10
3571 2.951743e-10
3572 2.950556e-10
3573 2.949370e-10
3574 2.948184e-10
3575 2.947000e-10
3576 2.945816e-10
3577 2.944633e-10
3578 2.943450e-10
3579 2.942269e-10
3580 2.941088e-10
3581 2.939908e-10
3582 2.938729e-10
3583 2.937551e-10
3584 2.936374e-10
3585 2.935197e-10
3586 2.934021e-10
3587 2.932846e-10
3588 2.931672e-10
3589 2.930498e-10
3590 2.929326e-10
3591 2.928154e-10
3592 2.926983e-10
3593 2.925812e-10
3594 2.924643e-10
3595 2.923474e-10
3596 2.922306e-10
3597 2.921139e-10
3598 2.919973e-10
3599 2.918807e-10
3600 2.917643e-10
3601 2.916479e-10
3602 2.915315e-10
3603 2.914153e-10
3604 2.912991e-10
3605 2.911831e-10
3606 2.910671e-10
3607 2.909511e-10
3608 2.908353e-10
3609 2.907195e-10
3610 2.906038e-10
3611 2.904882e-10
3612 2.903727e-10
3613 2.902572e-10
3614 2.901419e-10
3615 2.900266e-10
3616 2.899113e-10
3617 2.897962e-10
3618 2.896811e-10
3619 2.895661e-10
3620 2.894512e-10
3621 2.893364e-10
3622 2.892216e-10
3623 2.891070e-10
3624 2.889923e-10
3625 2.888778e-10
3626 2.887634e-10
3627 2.886490e-10
3628 2.885347e-10
3629 2.884205e-10
3630 2.883063e-10
3631 2.881923e-10
3632 2.880783e-10
3633 2.879644e-10
3634 2.878505e-10
3635 2.877368e-10
3636 2.876231e-10
3637 2.875095e-10
3638 2.873960e-10
3639 2.872825e-10
3640 2.871691e-10
3641 2.870558e-10
3642 2.869426e-10
3643 2.868294e-10
3644 2.867164e-10
3645 2.866034e-10
3646 2.864904e-10
3647 2.863776e-10
3648 2.862648e-10
3649 2.861521e-10
3650 2.860395e-10
3651 2.859269e-10
3652 2.858145e-10
3653 2.857021e-10
3654 2.855897e-10
3655 2.854775e-10
3656 2.853653e-10
3657 2.852532e-10
3658 2.851412e-10
3659 2.850292e-10
3660 2.849174e-10
3661 2.848056e-10
3662 2.846938e-10
3663 2.845822e-10
3664 2.844706e-10
3665 2.843591e-10
3666 2.842477e-10
3667 2.841363e-10
3668 2.840250e-10
3669 2.839138e-10
3670 2.838027e-10
3671 2.836916e-10
3672 2.835807e-10
3673 2.834697e-10
3674 2.833589e-10
3675 2.832481e-10
3676 2.831374e-10
3677 2.830268e-10
3678 2.829163e-10
3679 2.828058e-10
3680 2.826954e-10
3681 2.825851e-10
3682 2.824748e-10
3683 2.823646e-10
3684 2.822545e-10
3685 2.821445e-10
3686 2.820345e-10
3687 2.819246e-10
3688 2.818148e-10
3689 2.817051e-10
3690 2.815954e-10
3691 2.814858e-10
3692 2.813763e-10
3693 2.812668e-10
3694 2.811574e-10
3695 2.810481e-10
3696 2.809389e-10
3697 2.808297e-10
3698 2.807206e-10
3699 2.806116e-10
3700 2.805027e-10
3701 2.803938e-10
3702 2.802850e-10
3703 2.801762e-10
3704 2.800676e-10
3705 2.799590e-10
3706 2.798505e-10
3707 2.797420e-10
3708 2.796336e-10
3709 2.795253e-10
3710 2.794171e-10
3711 2.793089e-10
3712 2.792008e-10
3713 2.790928e-10
3714 2.789849e-10
3715 2.788770e-10
3716 2.787692e-10
3717 2.786614e-10
3718 2.785537e-10
3719 2.784461e-10
3720 2.783386e-10
3721 2.782312e-10
3722 2.781238e-10
3723 2.780165e-10
3724 2.779092e-10
3725 2.778020e-10
3726 2.776949e-10
3727 2.775879e-10
3728 2.774809e-10
3729 2.773740e-10
3730 2.772672e-10
3731 2.771604e-10
3732 2.770537e-10
3733 2.769471e-10
3734 2.768406e-10
3735 2.767341e-10
3736 2.766277e-10
3737 2.765213e-10
3738 2.764151e-10
3739 2.763089e-10
3740 2.762027e-10
3741 2.760967e-10
3742 2.759907e-10
3743 2.758848e-10
3744 2.757789e-10
3745 2.756731e-10
3746 2.755674e-10
3747 2.754617e-10
3748 2.753562e-10
3749 2.752506e-10
3750 2.751452e-10
3751 2.750398e-10
3752 2.749345e-10
3753 2.748293e-10
3754 2.747241e-10
3755 2.746190e-10
3756 2.745140e-10
3757 2.744090e-10
3758 2.743041e-10
3759 2.741993e-10
3760 2.740945e-10
3761 2.739898e-10
3762 2.738852e-10
3763 2.737806e-10
3764 2.736761e-10
3765 2.735717e-10
3766 2.734674e-10
3767 2.733631e-10
3768 2.732588e-10
3769 2.731547e-10
3770 2.730506e-10
3771 2.729466e-10
3772 2.728426e-10
3773 2.727387e-10
3774 2.726349e-10
3775 2.725312e-10
3776 2.724275e-10
3777 2.723239e-10
3778 2.722203e-10
3779 2.721168e-10
3780 2.720134e-10
3781 2.719101e-10
3782 2.718068e-10
3783 2.717036e-10
3784 2.716004e-10
3785 2.714973e-10
3786 2.713943e-10
3787 2.712914e-10
3788 2.711885e-10
3789 2.710857e-10
3790 2.709829e-10
3791 2.708802e-10
3792 2.707776e-10
3793 2.706750e-10
3794 2.705726e-10
3795 2.704701e-10
3796 2.703678e-10
3797 2.702655e-10
3798 2.701633e-10
3799 2.700611e-10
3800 2.699590e-10
3801 2.698570e-10
3802 2.697550e-10
3803 2.696531e-10
3804 2.695513e-10
3805 2.694495e-10
3806 2.693478e-10
3807 2.692462e-10
3808 2.691446e-10
3809 2.690431e-10
3810 2.689416e-10
3811 2.688403e-10
3812 2.687389e-10
3813 2.686377e-10
3814 2.685365e-10
3815 2.684354e-10
3816 2.683343e-10
3817 2.682333e-10
3818 2.681324e-10
3819 2.680316e-10
3820 2.679308e-10
3821 2.678300e-10
3822 2.677294e-10
3823 2.676288e-10
3824 2.675282e-10
3825 2.674277e-10
3826 2.673273e-10
3827 2.672270e-10
3828 2.671257e-10
3829 2.670234e-10
3830 2.669212e-10
3831 2.668191e-10
3832 2.667171e-10
3833 2.666151e-10
3834 2.665132e-10
3835 2.664113e-10
3836 2.663096e-10
3837 2.662078e-10
3838 2.661062e-10
3839 2.660046e-10
3840 2.659031e-10
3841 2.658016e-10
3842 2.657002e-10
3843 2.655989e-10
3844 2.654976e-10
3845 2.653964e-10
3846 2.652953e-10
3847 2.651942e-10
3848 2.650932e-10
3849 2.649923e-10
3850 2.648914e-10
3851 2.647906e-10
3852 2.646899e-10
3853 2.645892e-10
3854 2.644886e-10
3855 2.643880e-10
3856 2.642876e-10
3857 2.641871e-10
3858 2.640868e-10
3859 2.639865e-10
3860 2.638863e-10
3861 2.637861e-10
3862 2.636860e-10
3863 2.635859e-10
3864 2.634860e-10
3865 2.633861e-10
3866 2.632862e-10
3867 2.631864e-10
3868 2.630867e-10
3869 2.629871e-10
3870 2.628875e-10
3871 2.627879e-10
3872 2.626885e-10
3873 2.625891e-10
3874 2.624897e-10
3875 2.623905e-10
3876 2.622912e-10
3877 2.621921e-10
3878 2.620930e-10
3879 2.619940e-10
3880 2.618950e-10
3881 2.617961e-10
3882 2.616973e-10
3883 2.615985e-10
3884 2.614998e-10
3885 2.614012e-10
3886 2.613026e-10
3887 2.612041e-10
3888 2.611056e-10
3889 2.610072e-10
3890 2.609089e-10
3891 2.608106e-10
3892 2.607124e-10
3893 2.606142e-10
3894 2.605161e-10
3895 2.604181e-10
3896 2.603202e-10
3897 2.602223e-10
3898 2.601244e-10
3899 2.600267e-10
3900 2.599289e-10
3901 2.598313e-10
3902 2.597337e-10
3903 2.596362e-10
3904 2.595387e-10
3905 2.594413e-10
3906 2.593439e-10
3907 2.592467e-10
3908 2.591494e-10
3909 2.590523e-10
3910 2.589552e-10
3911 2.588581e-10
3912 2.587612e-10
3913 2.586643e-10
3914 2.585674e-10
3915 2.584706e-10
3916 2.583739e-10
3917 2.582772e-10
3918 2.581806e-10
3919 2.580840e-10
3920 2.579876e-10
3921 2.578911e-10
3922 2.577948e-10
3923 2.576985e-10
3924 2.576022e-10
3925 2.575060e-10
3926 2.574099e-10
3927 2.573138e-10
3928 2.572178e-10
3929 2.571219e-10
3930 2.570260e-10
3931 2.569302e-10
3932 2.568344e-10
3933 2.567387e-10
3934 2.566431e-10
3935 2.565475e-10
3936 2.564519e-10
3937 2.563565e-10
3938 2.562611e-10
3939 2.561657e-10
3940 2.560704e-10
3941 2.559752e-10
3942 2.558801e-10
3943 2.557849e-10
3944 2.556899e-10
3945 2.555949e-10
3946 2.555000e-10
3947 2.554051e-10
3948 2.553103e-10
3949 2.552156e-10
3950 2.551209e-10
3951 2.550262e-10
3952 2.549317e-10
3953 2.548371e-10
3954 2.547427e-10
3955 2.546483e-10
3956 2.545539e-10
3957 2.544597e-10
3958 2.543654e-10
3959 2.542713e-10
3960 2.541772e-10
3961 2.540831e-10
3962 2.539892e-10
3963 2.538952e-10
3964 2.538014e-10
3965 2.537075e-10
3966 2.536138e-10
3967 2.535201e-10
3968 2.534265e-10
3969 2.533329e-10
3970 2.532394e-10
3971 2.531459e-10
3972 2.530525e-10
3973 2.529592e-10
3974 2.528659e-10
3975 2.527726e-10
3976 2.526795e-10
3977 2.525863e-10
3978 2.524933e-10
3979 2.524003e-10
3980 2.523074e-10
3981 2.522145e-10
3982 2.521216e-10
3983 2.520289e-10
3984 2.519362e-10
3985 2.518435e-10
3986 2.517509e-10
3987 2.516584e-10
3988 2.515659e-10
3989 2.514735e-10
3990 2.513811e-10
3991 2.512888e-10
3992 2.511965e-10
3993 2.511043e-10
3994 2.510122e-10
3995 2.509201e-10
3996 2.508281e-10
3997 2.507361e-10
3998 2.506442e-10
3999 2.505523e-10
4000 2.504605e-10
4001 2.503688e-10
4002 2.502771e-10
4003 2.501855e-10
4004 2.500939e-10
4005 2.500024e-10
4006 2.499109e-10
4007 2.498195e-10
4008 2.497282e-10
4009 2.496369e-10
4010 2.495456e-10
4011 2.494545e-10
4012 2.493633e-10
4013 2.492723e-10
4014 2.491813e-10
4015 2.490903e-10
4016 2.489994e-10
4017 2.489086e-10
4018 2.488178e-10
4019 2.487270e-10
4020 2.486364e-10
4021 2.485457e-10
4022 2.484552e-10
4023 2.483647e-10
4024 2.482742e-10
4025 2.481838e-10
4026 2.480935e-10
4027 2.480032e-10
4028 2.479129e-10
4029 2.478228e-10
4030 2.477326e-10
4031 2.476426e-10
4032 2.475526e-10
4033 2.474626e-10
4034 2.473727e-10
4035 2.472828e-10
4036 2.471930e-10
4037 2.471033e-10
4038 2.470136e-10
4039 2.469240e-10
4040 2.468344e-10
4041 2.467449e-10
4042 2.466554e-10
4043 2.465660e-10
4044 2.464767e-10
4045 2.463874e-10
4046 2.462981e-10
4047 2.462089e-10
4048 2.461198e-10
4049 2.460307e-10
4050 2.459417e-10
4051 2.458527e-10
4052 2.457638e-10
4053 2.456749e-10
4054 2.455861e-10
4055 2.454973e-10
4056 2.454086e-10
4057 2.453200e-10
4058 2.452314e-10
4059 2.451428e-10
4060 2.450543e-10
4061 2.449659e-10
4062 2.448775e-10
4063 2.447892e-10
4064 2.447009e-10
4065 2.446127e-10
4066 2.445245e-10
4067 2.444364e-10
4068 2.443483e-10
4069 2.442603e-10
4070 2.441724e-10
4071 2.440845e-10
4072 2.439966e-10
4073 2.439088e-10
4074 2.438211e-10
4075 2.437334e-10
4076 2.436458e-10
4077 2.435582e-10
4078 2.434707e-10
4079 2.433832e-10
4080 2.432958e-10
4081 2.432084e-10
4082 2.431211e-10
4083 2.430338e-10
4084 2.429466e-10
4085 2.428594e-10
4086 2.427723e-10
4087 2.426853e-10
4088 2.425983e-10
4089 2.425113e-10
4090 2.424244e-10
4091 2.423376e-10
4092 2.422508e-10
4093 2.421640e-10
4094 2.420773e-10
4095 2.419907e-10
4096 2.419041e-10
4097 2.418176e-10
4098 2.417311e-10
4099 2.416447e-10
4100 2.415583e-10
4101 2.414720e-10
4102 2.413857e-10
4103 2.412989e-10
4104 2.412109e-10
4105 2.411230e-10
4106 2.410352e-10
4107 2.409474e-10
4108 2.408596e-10
4109 2.407720e-10
4110 2.406843e-10
4111 2.405967e-10
4112 2.405092e-10
4113 2.404217e-10
4114 2.403343e-10
4115 2.402470e-10
4116 2.401596e-10
4117 2.400724e-10
4118 2.399852e-10
4119 2.398980e-10
4120 2.398109e-10
4121 2.397239e-10
4122 2.396369e-10
4123 2.395499e-10
4124 2.394630e-10
4125 2.393762e-10
4126 2.392894e-10
4127 2.392027e-10
4128 2.391160e-10
4129 2.390294e-10
4130 2.389428e-10
4131 2.388563e-10
4132 2.387698e-10
4133 2.386834e-10
4134 2.385970e-10
4135 2.385107e-10
4136 2.384244e-10
4137 2.383382e-10
4138 2.382521e-10
4139 2.381660e-10
4140 2.380799e-10
4141 2.379939e-10
4142 2.379080e-10
4143 2.378221e-10
4144 2.377362e-10
4145 2.376504e-10
4146 2.375647e-10
4147 2.374790e-10
4148 2.373933e-10
4149 2.373077e-10
4150 2.372222e-10
4151 2.371367e-10
4152 2.370513e-10
4153 2.369659e-10
4154 2.368806e-10
4155 2.367953e-10
4156 2.367101e-10
4157 2.366249e-10
4158 2.365397e-10
4159 2.364547e-10
4160 2.363696e-10
4161 2.362847e-10
4162 2.361997e-10
4163 2.361149e-10
4164 2.360300e-10
4165 2.359453e-10
4166 2.358606e-10
4167 2.357759e-10
4168 2.356913e-10
4169 2.356067e-10
4170 2.355222e-10
4171 2.354377e-10
4172 2.353533e-10
4173 2.352689e-10
4174 2.351846e-10
4175 2.351003e-10
4176 2.350161e-10
4177 2.349320e-10
4178 2.348479e-10
4179 2.347638e-10
4180 2.346798e-10
4181 2.345958e-10
4182 2.345119e-10
4183 2.344280e-10
4184 2.343442e-10
4185 2.342605e-10
4186 2.341767e-10
4187 2.340931e-10
4188 2.340095e-10
4189 2.339259e-10
4190 2.338424e-10
4191 2.337589e-10
4192 2.336755e-10
4193 2.335921e-10
4194 2.335088e-10
4195 2.334256e-10
4196 2.333423e-10
4197 2.332592e-10
4198 2.331761e-10
4199 2.330930e-10
4200 2.330100e-10
4201 2.329270e-10
4202 2.328441e-10
4203 2.327612e-10
4204 2.326784e-10
4205 2.325956e-10
4206 2.325129e-10
4207 2.324302e-10
4208 2.323476e-10
4209 2.322650e-10
4210 2.321825e-10
4211 2.321000e-10
4212 2.320176e-10
4213 2.319352e-10
4214 2.318529e-10
4215 2.317706e-10
4216 2.316883e-10
4217 2.316062e-10
4218 2.315240e-10
4219 2.314419e-10
4220 2.313599e-10
4221 2.312779e-10
4222 2.311960e-10
4223 2.311141e-10
4224 2.310322e-10
4225 2.309504e-10
4226 2.308687e-10
4227 2.307870e-10
4228 2.307053e-10
4229 2.306237e-10
4230 2.305421e-10
4231 2.304606e-10
4232 2.303792e-10
4233 2.302978e-10
4234 2.302164e-10
4235 2.301351e-10
4236 2.300538e-10
4237 2.299726e-10
4238 2.298914e-10
4239 2.298103e-10
4240 2.297292e-10
4241 2.296482e-10
4242 2.295672e-10
4243 2.294863e-10
4244 2.294054e-10
4245 2.293245e-10
4246 2.292438e-10
4247 2.291630e-10
4248 2.290823e-10
4249 2.290017e-10
4250 2.289211e-10
4251 2.288405e-10
4252 2.287600e-10
4253 2.286795e-10
4254 2.285991e-10
4255 2.285188e-10
4256 2.284384e-10
4257 2.283582e-10
4258 2.282779e-10
4259 2.281978e-10
4260 2.281176e-10
4261 2.280375e-10
4262 2.279575e-10
4263 2.278775e-10
4264 2.277976e-10
4265 2.277177e-10
4266 2.276378e-10
4267 2.275580e-10
4268 2.274783e-10
4269 2.273986e-10
4270 2.273189e-10
4271 2.272393e-10
4272 2.271597e-10
4273 2.270802e-10
4274 2.270007e-10
4275 2.269213e-10
4276 2.268419e-10
4277 2.267626e-10
4278 2.266833e-10
4279 2.266040e-10
4280 2.265248e-10
4281 2.264457e-10
4282 2.263666e-10
4283 2.262875e-10
4284 2.262085e-10
4285 2.261295e-10
4286 2.260506e-10
4287 2.259717e-10
4288 2.258929e-10
4289 2.258141e-10
4290 2.257354e-10
4291 2.256567e-10
4292 2.255780e-10
4293 2.254994e-10
4294 2.254209e-10
4295 2.253423e-10
4296 2.252639e-10
4297 2.251855e-10
4298 2.251071e-10
4299 2.250288e-10
4300 2.249505e-10
4301 2.248722e-10
4302 2.247940e-10
4303 2.247159e-10
4304 2.246378e-10
4305 2.245597e-10
4306 2.244817e-10
4307 2.244038e-10
4308 2.243258e-10
4309 2.242480e-10
4310 2.241701e-10
4311 2.240924e-10
4312 2.240146e-10
4313 2.239369e-10
4314 2.238593e-10
4315 2.237817e-10
4316 2.237041e-10
4317 2.236266e-10
4318 2.235491e-10
4319 2.234717e-10
4320 2.233943e-10
4321 2.233170e-10
4322 2.232397e-10
4323 2.231624e-10
4324 2.230852e-10
4325 2.230081e-10
4326 2.229310e-10
4327 2.228539e-10
4328 2.227769e-10
4329 2.226999e-10
4330 2.226229e-10
4331 2.225461e-10
4332 2.224692e-10
4333 2.223924e-10
4334 2.223156e-10
4335 2.222389e-10
4336 2.221623e-10
4337 2.220856e-10
4338 2.220090e-10
4339 2.219325e-10
4340 2.218560e-10
4341 2.217796e-10
4342 2.217032e-10
4343 2.216268e-10
4344 2.215505e-10
4345 2.214742e-10
4346 2.213980e-10
4347 2.213218e-10
4348 2.212456e-10
4349 2.211695e-10
4350 2.210935e-10
4351 2.210175e-10
4352 2.209415e-10
4353 2.208656e-10
4354 2.207897e-10
4355 2.207139e-10
4356 2.206381e-10
4357 2.205623e-10
4358 2.204866e-10
4359 2.204109e-10
4360 2.203353e-10
4361 2.202597e-10
4362 2.201842e-10
4363 2.201087e-10
4364 2.200333e-10
4365 2.199579e-10
4366 2.198825e-10
4367 2.198072e-10
4368 2.197319e-10
4369 2.196567e-10
4370 2.195815e-10
4371 2.195063e-10
4372 2.194312e-10
4373 2.193562e-10
4374 2.192811e-10
4375 2.192062e-10
4376 2.191312e-10
4377 2.190563e-10
4378 2.189815e-10
4379 2.189067e-10
4380 2.188319e-10
4381 2.187572e-10
4382 2.186825e-10
4383 2.186079e-10
4384 2.185333e-10
4385 2.184588e-10
4386 2.183842e-10
4387 2.183098e-10
4388 2.182354e-10
4389 2.181610e-10
4390 2.180866e-10
4391 2.180123e-10
4392 2.179381e-10
4393 2.178639e-10
4394 2.177897e-10
4395 2.177156e-10
4396 2.176415e-10
4397 2.175675e-10
4398 2.174928e-10
4399 2.174173e-10
4400 2.173418e-10
4401 2.172664e-10
4402 2.171910e-10
4403 2.171157e-10
4404 2.170404e-10
4405 2.169651e-10
4406 2.168899e-10
4407 2.168147e-10
4408 2.167396e-10
4409 2.166645e-10
4410 2.165895e-10
4411 2.165145e-10
4412 2.164395e-10
4413 2.163646e-10
4414 2.162897e-10
4415 2.162149e-10
4416 2.161401e-10
4417 2.160653e-10
4418 2.159906e-10
4419 2.159160e-10
4420 2.158414e-10
4421 2.157668e-10
4422 2.156923e-10
4423 2.156178e-10
4424 2.155433e-10
4425 2.154689e-10
4426 2.153946e-10
4427 2.153202e-10
4428 2.152460e-10
4429 2.151717e-10
4430 2.150975e-10
4431 2.150234e-10
4432 2.149493e-10
4433 2.148752e-10
4434 2.148012e-10
4435 2.147272e-10
4436 2.146533e-10
4437 2.145794e-10
4438 2.145055e-10
4439 2.144317e-10
4440 2.143580e-10
4441 2.142842e-10
4442 2.142105e-10
4443 2.141369e-10
4444 2.140633e-10
4445 2.139897e-10
4446 2.139162e-10
4447 2.138427e-10
4448 2.137693e-10
4449 2.136959e-10
4450 2.136226e-10
4451 2.135493e-10
4452 2.134760e-10
4453 2.134028e-10
4454 2.133296e-10
4455 2.132564e-10
4456 2.131833e-10
4457 2.131103e-10
4458 2.130373e-10
4459 2.129643e-10
4460 2.128913e-10
4461 2.128184e-10
4462 2.127456e-10
4463 2.126728e-10
4464 2.126000e-10
4465 2.125273e-10
4466 2.124546e-10
4467 2.123819e-10
4468 2.123093e-10
4469 2.122368e-10
4470 2.121642e-10
4471 2.120918e-10
4472 2.120193e-10
4473 2.119469e-10
4474 2.118746e-10
4475 2.118022e-10
4476 2.117300e-10
4477 2.116577e-10
4478 2.115855e-10
4479 2.115134e-10
4480 2.114413e-10
4481 2.113692e-10
4482 2.112971e-10
4483 2.112252e-10
4484 2.111532e-10
4485 2.110813e-10
4486 2.110094e-10
4487 2.109376e-10
4488 2.108658e-10
4489 2.107940e-10
4490 2.107223e-10
4491 2.106507e-10
4492 2.105790e-10
4493 2.105074e-10
4494 2.104359e-10
4495 2.103644e-10
4496 2.102929e-10
4497 2.102215e-10
4498 2.101501e-10
4499 2.100787e-10
4500 2.100074e-10
4501 2.099362e-10
4502 2.098649e-10
4503 2.097938e-10
4504 2.097226e-10
4505 2.096515e-10
4506 2.095804e-10
4507 2.095094e-10
4508 2.094384e-10
4509 2.093675e-10
4510 2.092966e-10
4511 2.092257e-10
4512 2.091549e-10
4513 2.090841e-10
4514 2.090133e-10
4515 2.089426e-10
4516 2.088719e-10
4517 2.088013e-10
4518 2.087307e-10
4519 2.086602e-10
4520 2.085896e-10
4521 2.085192e-10
4522 2.084487e-10
4523 2.083783e-10
4524 2.083080e-10
4525 2.082377e-10
4526 2.081674e-10
4527 2.080971e-10
4528 2.080269e-10
4529 2.079568e-10
4530 2.078867e-10
4531 2.078166e-10
4532 2.077465e-10
4533 2.076765e-10
4534 2.076066e-10
4535 2.075367e-10
4536 2.074668e-10
4537 2.073969e-10
4538 2.073271e-10
4539 2.072573e-10
4540 2.071876e-10
4541 2.071179e-10
4542 2.070483e-10
4543 2.069786e-10
4544 2.069091e-10
4545 2.068395e-10
4546 2.067700e-10
4547 2.067006e-10
4548 2.066312e-10
4549 2.065618e-10
4550 2.064924e-10
4551 2.064231e-10
4552 2.063539e-10
4553 2.062846e-10
4554 2.062154e-10
4555 2.061463e-10
4556 2.060772e-10
4557 2.060081e-10
4558 2.059391e-10
4559 2.058701e-10
4560 2.058011e-10
4561 2.057322e-10
4562 2.056633e-10
4563 2.055944e-10
4564 2.055256e-10
4565 2.054569e-10
4566 2.053881e-10
4567 2.053194e-10
4568 2.052508e-10
4569 2.051822e-10
4570 2.051136e-10
4571 2.050451e-10
4572 2.049765e-10
4573 2.049081e-10
4574 2.048397e-10
4575 2.047713e-10
4576 2.047029e-10
4577 2.046346e-10
4578 2.045663e-10
4579 2.044981e-10
4580 2.044299e-10
4581 2.043617e-10
4582 2.042936e-10
4583 2.042255e-10
4584 2.041574e-10
4585 2.040894e-10
4586 2.040215e-10
4587 2.039535e-10
4588 2.038856e-10
4589 2.038178e-10
4590 2.037499e-10
4591 2.036821e-10
4592 2.036144e-10
4593 2.035467e-10
4594 2.034790e-10
4595 2.034114e-10
4596 2.033438e-10
4597 2.032762e-10
4598 2.032087e-10
4599 2.031412e-10
4600 2.030737e-10
4601 2.030063e-10
4602 2.029389e-10
4603 2.028716e-10
4604 2.028043e-10
4605 2.027370e-10
4606 2.026698e-10
4607 2.026026e-10
4608 2.025354e-10
4609 2.024683e-10
4610 2.024012e-10
4611 2.023341e-10
4612 2.022671e-10
4613 2.022002e-10
4614 2.021332e-10
4615 2.020663e-10
4616 2.019995e-10
4617 2.019326e-10
4618 2.018658e-10
4619 2.017991e-10
4620 2.017324e-10
4621 2.016657e-10
4622 2.015990e-10
4623 2.015324e-10
4624 2.014659e-10
4625 2.013993e-10
4626 2.013328e-10
4627 2.012664e-10
4628 2.011999e-10
4629 2.011335e-10
4630 2.010672e-10
4631 2.010009e-10
4632 2.009346e-10
4633 2.008683e-10
4634 2.008021e-10
4635 2.007359e-10
4636 2.006698e-10
4637 2.006037e-10
4638 2.005376e-10
4639 2.004716e-10
4640 2.004056e-10
4641 2.003397e-10
4642 2.002737e-10
4643 2.002078e-10
4644 2.001420e-10
4645 2.000762e-10
4646 2.000104e-10
4647 1.999447e-10
4648 1.998789e-10
4649 1.998133e-10
4650 1.997476e-10
4651 1.996820e-10
4652 1.996165e-10
4653 1.995509e-10
4654 1.994855e-10
4655 1.994200e-10
4656 1.993546e-10
4657 1.992892e-10
4658 1.992238e-10
4659 1.991585e-10
4660 1.990932e-10
4661 1.990280e-10
4662 1.989628e-10
4663 1.988976e-10
4664 1.988325e-10
4665 1.987674e-10
4666 1.987023e-10
4667 1.986373e-10
4668 1.985723e-10
4669 1.985073e-10
4670 1.984424e-10
4671 1.983775e-10
4672 1.983126e-10
4673 1.982478e-10
4674 1.981830e-10
4675 1.981183e-10
4676 1.980535e-10
4677 1.979889e-10
4678 1.979242e-10
4679 1.978596e-10
4680 1.977950e-10
4681 1.977305e-10
4682 1.976660e-10
4683 1.976015e-10
4684 1.975371e-10
4685 1.974727e-10
4686 1.974083e-10
4687 1.973440e-10
4688 1.972797e-10
4689 1.972154e-10
4690 1.971512e-10
4691 1.970870e-10
4692 1.970228e-10
4693 1.969587e-10
4694 1.968946e-10
4695 1.968305e-10
4696 1.967665e-10
4697 1.967025e-10
4698 1.966386e-10
4699 1.965746e-10
4700 1.965108e-10
4701 1.964469e-10
4702 1.963831e-10
4703 1.963193e-10
4704 1.962556e-10
4705 1.961918e-10
4706 1.961282e-10
4707 1.960645e-10
4708 1.960009e-10
4709 1.959373e-10
4710 1.958738e-10
4711 1.958103e-10
4712 1.957468e-10
4713 1.956834e-10
4714 1.956196e-10
4715 1.955549e-10
4716 1.954902e-10
4717 1.954255e-10
4718 1.953609e-10
4719 1.952963e-10
4720 1.952317e-10
4721 1.951672e-10
4722 1.951027e-10
4723 1.950383e-10
4724 1.949739e-10
4725 1.949095e-10
4726 1.948451e-10
4727 1.947808e-10
4728 1.947165e-10
4729 1.946523e-10
4730 1.945881e-10
4731 1.945239e-10
4732 1.944598e-10
4733 1.943957e-10
4734 1.943316e-10
4735 1.942676e-10
4736 1.942036e-10
4737 1.941396e-10
4738 1.940757e-10
4739 1.940118e-10
4740 1.939479e-10
4741 1.938841e-10
4742 1.938203e-10
4743 1.937565e-10
4744 1.936928e-10
4745 1.936291e-10
4746 1.935654e-10
4747 1.935018e-10
4748 1.934382e-10
4749 1.933747e-10
4750 1.933112e-10
4751 1.932477e-10
4752 1.931842e-10
4753 1.931208e-10
4754 1.930574e-10
4755 1.929941e-10
4756 1.929308e-10
4757 1.928675e-10
4758 1.928042e-10
4759 1.927410e-10
4760 1.926778e-10
4761 1.926147e-10
4762 1.925516e-10
4763 1.924885e-10
4764 1.924255e-10
4765 1.923625e-10
4766 1.922995e-10
4767 1.922365e-10
4768 1.921736e-10
4769 1.921108e-10
4770 1.920479e-10
4771 1.919851e-10
4772 1.919223e-10
4773 1.918596e-10
4774 1.917969e-10
4775 1.917342e-10
4776 1.916716e-10
4777 1.916090e-10
4778 1.915464e-10
4779 1.914839e-10
4780 1.914214e-10
4781 1.913589e-10
4782 1.912965e-10
4783 1.912341e-10
4784 1.911717e-10
4785 1.911094e-10
4786 1.910471e-10
4787 1.909848e-10
4788 1.909225e-10
4789 1.908603e-10
4790 1.907982e-10
4791 1.907360e-10
4792 1.906739e-10
4793 1.906119e-10
4794 1.905498e-10
4795 1.904878e-10
4796 1.904259e-10
4797 1.903639e-10
4798 1.903020e-10
4799 1.902401e-10
4800 1.901783e-10
4801 1.901165e-10
4802 1.900547e-10
4803 1.899930e-10
4804 1.899313e-10
4805 1.898696e-10
4806 1.898080e-10
4807 1.897463e-10
4808 1.896848e-10
4809 1.896232e-10
4810 1.895617e-10
4811 1.895002e-10
4812 1.894388e-10
4813 1.893774e-10
4814 1.893160e-10
4815 1.892547e-10
4816 1.891933e-10
4817 1.891321e-10
4818 1.890708e-10
4819 1.890096e-10
4820 1.889484e-10
4821 1.888873e-10
4822 1.888261e-10
4823 1.887651e-10
4824 1.887040e-10
4825 1.886430e-10
4826 1.885820e-10
4827 1.885210e-10
4828 1.884601e-10
4829 1.883992e-10
4830 1.883384e-10
4831 1.882775e-10
4832 1.882167e-10
4833 1.881560e-10
4834 1.880952e-10
4835 1.880345e-10
4836 1.879739e-10
4837 1.879132e-10
4838 1.878526e-10
4839 1.877921e-10
4840 1.877315e-10
4841 1.876710e-10
4842 1.876105e-10
4843 1.875501e-10
4844 1.874897e-10
4845 1.874293e-10
4846 1.873690e-10
4847 1.873086e-10
4848 1.872484e-10
4849 1.871881e-10
4850 1.871279e-10
4851 1.870677e-10
4852 1.870076e-10
4853 1.869474e-10
4854 1.868873e-10
4855 1.868273e-10
4856 1.867672e-10
4857 1.867072e-10
4858 1.866473e-10
4859 1.865873e-10
4860 1.865274e-10
4861 1.864676e-10
4862 1.864077e-10
4863 1.863479e-10
4864 1.862881e-10
4865 1.862284e-10
4866 1.861687e-10
4867 1.861090e-10
4868 1.860494e-10
4869 1.859897e-10
4870 1.859301e-10
4871 1.858706e-10
4872 1.858111e-10
4873 1.857516e-10
4874 1.856921e-10
4875 1.856327e-10
4876 1.855733e-10
4877 1.855139e-10
4878 1.854546e-10
4879 1.853953e-10
4880 1.853360e-10
4881 1.852767e-10
4882 1.852175e-10
4883 1.851583e-10
4884 1.850992e-10
4885 1.850401e-10
4886 1.849810e-10
4887 1.849219e-10
4888 1.848629e-10
4889 1.848039e-10
4890 1.847449e-10
4891 1.846860e-10
4892 1.846271e-10
4893 1.845682e-10
4894 1.845094e-10
4895 1.844506e-10
4896 1.843918e-10
4897 1.843330e-10
4898 1.842743e-10
4899 1.842156e-10
4900 1.841570e-10
4901 1.840983e-10
4902 1.840397e-10
4903 1.839812e-10
4904 1.839226e-10
4905 1.838641e-10
4906 1.838057e-10
4907 1.837472e-10
4908 1.836888e-10
4909 1.836304e-10
4910 1.835721e-10
4911 1.835137e-10
4912 1.834554e-10
4913 1.833972e-10
4914 1.833389e-10
4915 1.832807e-10
4916 1.832226e-10
4917 1.831644e-10
4918 1.831063e-10
4919 1.830482e-10
4920 1.829902e-10
4921 1.829322e-10
4922 1.828742e-10
4923 1.828162e-10
4924 1.827583e-10
4925 1.827004e-10
4926 1.826425e-10
4927 1.825847e-10
4928 1.825269e-10
4929 1.824691e-10
4930 1.824114e-10
4931 1.823536e-10
4932 1.822959e-10
4933 1.822383e-10
4934 1.821807e-10
4935 1.821231e-10
4936 1.820655e-10
4937 1.820079e-10
4938 1.819504e-10
4939 1.818930e-10
4940 1.818355e-10
4941 1.817781e-10
4942 1.817207e-10
4943 1.816633e-10
4944 1.816060e-10
4945 1.815487e-10
4946 1.814914e-10
4947 1.814342e-10
4948 1.813770e-10
4949 1.813198e-10
4950 1.812626e-10
4951 1.812055e-10
4952 1.811484e-10
4953 1.810914e-10
4954 1.810343e-10
4955 1.809773e-10
4956 1.809203e-10
4957 1.808634e-10
4958 1.808065e-10
4959 1.807496e-10
4960 1.806927e-10
4961 1.806359e-10
4962 1.805791e-10
4963 1.805223e-10
4964 1.804656e-10
4965 1.804089e-10
4966 1.803522e-10
4967 1.802955e-10
4968 1.802389e-10
4969 1.801823e-10
4970 1.801258e-10
4971 1.800692e-10
4972 1.800127e-10
4973 1.799562e-10
4974 1.798998e-10
4975 1.798434e-10
4976 1.797870e-10
4977 1.797306e-10
4978 1.796743e-10
4979 1.796180e-10
4980 1.795617e-10
4981 1.795054e-10
4982 1.794492e-10
4983 1.793930e-10
4984 1.793369e-10
4985 1.792807e-10
4986 1.792246e-10
4987 1.791686e-10
4988 1.791125e-10
4989 1.790565e-10
4990 1.790005e-10
4991 1.789446e-10
4992 1.788886e-10
4993 1.788327e-10
4994 1.787769e-10
4995 1.787210e-10
4996 1.786652e-10
4997 1.786094e-10
4998 1.785537e-10
4999 1.784979e-10
5000 1.784422e-10
5001 1.783865e-10
5002 1.783309e-10
5003 1.782753e-10
5004 1.782197e-10
5005 1.781641e-10
5006 1.781086e-10
5007 1.780531e-10
5008 1.779976e-10
5009 1.779422e-10
5010 1.778868e-10
5011 1.778314e-10
5012 1.777760e-10
5013 1.777207e-10
5014 1.776654e-10
5015 1.776101e-10
5016 1.775549e-10
5017 1.774996e-10
5018 1.774445e-10
5019 1.773893e-10
5020 1.773342e-10
5021 1.772790e-10
5022 1.772240e-10
5023 1.771689e-10
5024 1.771139e-10
5025 1.770589e-10
5026 1.770039e-10
5027 1.769490e-10
5028 1.768941e-10
5029 1.768392e-10
5030 1.767844e-10
5031 1.767295e-10
5032 1.766747e-10
5033 1.766200e-10
5034 1.765652e-10
5035 1.765105e-10
5036 1.764558e-10
5037 1.764011e-10
5038 1.763465e-10
5039 1.762919e-10
5040 1.762373e-10
5041 1.761828e-10
5042 1.761283e-10
5043 1.760738e-10
5044 1.760193e-10
5045 1.759649e-10
5046 1.759105e-10
5047 1.758561e-10
5048 1.758017e-10
5049 1.757474e-10
5050 1.756931e-10
5051 1.756388e-10
5052 1.755846e-10
5053 1.755299e-10
5054 1.754746e-10
5055 1.754192e-10
5056 1.753640e-10
5057 1.753087e-10
5058 1.752534e-10
5059 1.751982e-10
5060 1.751430e-10
5061 1.750879e-10
5062 1.750328e-10
5063 1.749777e-10
5064 1.749226e-10
5065 1.748675e-10
5066 1.748125e-10
5067 1.747575e-10
5068 1.747026e-10
5069 1.746476e-10
5070 1.745927e-10
5071 1.745379e-10
5072 1.744830e-10
5073 1.744282e-10
5074 1.743734e-10
5075 1.743186e-10
5076 1.742639e-10
5077 1.742092e-10
5078 1.741545e-10
5079 1.740999e-10
5080 1.740453e-10
5081 1.739907e-10
5082 1.739361e-10
5083 1.738816e-10
5084 1.738270e-10
5085 1.737726e-10
5086 1.737181e-10
5087 1.736637e-10
5088 1.736093e-10
5089 1.735549e-10
5090 1.735006e-10
5091 1.734462e-10
5092 1.733919e-10
5093 1.733377e-10
5094 1.732834e-10
5095 1.732292e-10
5096 1.731751e-10
5097 1.731209e-10
5098 1.730668e-10
5099 1.730127e-10
5100 1.729586e-10
5101 1.729046e-10
5102 1.728506e-10
5103 1.727966e-10
5104 1.727426e-10
5105 1.726887e-10
5106 1.726348e-10
5107 1.725809e-10
5108 1.725271e-10
5109 1.724732e-10
5110 1.724194e-10
5111 1.723657e-10
5112 1.723119e-10
5113 1.722582e-10
5114 1.722045e-10
5115 1.721509e-10
5116 1.720972e-10
5117 1.720436e-10
5118 1.719901e-10
5119 1.719365e-10
5120 1.718830e-10
5121 1.718295e-10
5122 1.717760e-10
5123 1.717226e-10
5124 1.716692e-10
5125 1.716158e-10
5126 1.715624e-10
5127 1.715091e-10
5128 1.714558e-10
5129 1.714025e-10
5130 1.713492e-10
5131 1.712960e-10
5132 1.712428e-10
5133 1.711896e-10
5134 1.711365e-10
5135 1.710834e-10
5136 1.710303e-10
5137 1.709772e-10
5138 1.709242e-10
5139 1.708712e-10
5140 1.708182e-10
5141 1.707652e-10
5142 1.707123e-10
5143 1.706594e-10
5144 1.706065e-10
5145 1.705537e-10
5146 1.705008e-10
5147 1.704480e-10
5148 1.703953e-10
5149 1.703425e-10
5150 1.702898e-10
5151 1.702371e-10
5152 1.701845e-10
5153 1.701318e-10
5154 1.700792e-10
5155 1.700266e-10
5156 1.699741e-10
5157 1.699215e-10
5158 1.698690e-10
5159 1.698165e-10
5160 1.697641e-10
5161 1.697117e-10
5162 1.696593e-10
5163 1.696069e-10
5164 1.695545e-10
5165 1.695022e-10
5166 1.694499e-10
5167 1.693977e-10
5168 1.693454e-10
5169 1.692932e-10
5170 1.692410e-10
5171 1.691888e-10
5172 1.691367e-10
5173 1.690846e-10
5174 1.690325e-10
5175 1.689804e-10
5176 1.689284e-10
5177 1.688764e-10
5178 1.688244e-10
5179 1.687725e-10
5180 1.687205e-10
5181 1.686686e-10
5182 1.686168e-10
5183 1.685649e-10
5184 1.685131e-10
5185 1.684613e-10
5186 1.684095e-10
5187 1.683578e-10
5188 1.683060e-10
5189 1.682543e-10
5190 1.682027e-10
5191 1.681510e-10
5192 1.680994e-10
5193 1.680478e-10
5194 1.679962e-10
5195 1.679447e-10
5196 1.678932e-10
5197 1.678417e-10
5198 1.677902e-10
5199 1.677388e-10
5200 1.676874e-10
5201 1.676360e-10
5202 1.675846e-10
5203 1.675333e-10
5204 1.674820e-10
5205 1.674307e-10
5206 1.673794e-10
5207 1.673282e-10
5208 1.672770e-10
5209 1.672258e-10
5210 1.671747e-10
5211 1.671235e-10
5212 1.670724e-10
5213 1.670213e-10
5214 1.669703e-10
5215 1.669193e-10
5216 1.668682e-10
5217 1.668173e-10
5218 1.667663e-10
5219 1.667154e-10
5220 1.666645e-10
5221 1.666136e-10
5222 1.665628e-10
5223 1.665119e-10
5224 1.664611e-10
5225 1.664103e-10
5226 1.663596e-10
5227 1.663089e-10
5228 1.662582e-10
5229 1.662075e-10
5230 1.661568e-10
5231 1.661062e-10
5232 1.660556e-10
5233 1.660050e-10
5234 1.659545e-10
5235 1.659040e-10
5236 1.658535e-10
5237 1.658030e-10
5238 1.657525e-10
5239 1.657021e-10
5240 1.656517e-10
5241 1.656013e-10
5242 1.655510e-10
5243 1.655006e-10
5244 1.654503e-10
5245 1.654001e-10
5246 1.653498e-10
5247 1.652996e-10
5248 1.652494e-10
5249 1.651992e-10
5250 1.651491e-10
5251 1.650989e-10
5252 1.650488e-10
5253 1.649987e-10
5254 1.649487e-10
5255 1.648987e-10
5256 1.648487e-10
5257 1.647987e-10
5258 1.647487e-10
5259 1.646988e-10
5260 1.646489e-10
5261 1.645990e-10
5262 1.645492e-10
5263 1.644993e-10
5264 1.644495e-10
5265 1.643997e-10
5266 1.643500e-10
5267 1.643002e-10
5268 1.642505e-10
5269 1.642008e-10
5270 1.641512e-10
5271 1.641016e-10
5272 1.640519e-10
5273 1.640024e-10
5274 1.639528e-10
5275 1.639033e-10
5276 1.638537e-10
5277 1.638043e-10
5278 1.637548e-10
5279 1.637053e-10
5280 1.636559e-10
5281 1.636065e-10
5282 1.635572e-10
5283 1.635078e-10
5284 1.634585e-10
5285 1.634092e-10
5286 1.633599e-10
5287 1.633107e-10
5288 1.632615e-10
5289 1.632123e-10
5290 1.631631e-10
5291 1.631139e-10
5292 1.630648e-10
5293 1.630157e-10
5294 1.629666e-10
5295 1.629176e-10
5296 1.628686e-10
5297 1.628195e-10
5298 1.627706e-10
5299 1.627216e-10
5300 1.626727e-10
5301 1.626238e-10
5302 1.625749e-10
5303 1.625260e-10
5304 1.624772e-10
5305 1.624284e-10
5306 1.623796e-10
5307 1.623308e-10
5308 1.622821e-10
5309 1.622333e-10
5310 1.621846e-10
5311 1.621360e-10
5312 1.620873e-10
5313 1.620387e-10
5314 1.619901e-10
5315 1.619415e-10
5316 1.618930e-10
5317 1.618444e-10
5318 1.617959e-10
5319 1.617475e-10
5320 1.616990e-10
5321 1.616506e-10
5322 1.616021e-10
5323 1.615538e-10
5324 1.615054e-10
5325 1.614571e-10
5326 1.614087e-10
5327 1.613604e-10
5328 1.613122e-10
5329 1.612639e-10
5330 1.612157e-10
5331 1.611675e-10
5332 1.611193e-10
5333 1.610712e-10
5334 1.610231e-10
5335 1.609749e-10
5336 1.609269e-10
5337 1.608788e-10
5338 1.608308e-10
5339 1.607828e-10
5340 1.607348e-10
5341 1.606868e-10
5342 1.606389e-10
5343 1.605909e-10
5344 1.605430e-10
5345 1.604952e-10
5346 1.604473e-10
5347 1.603995e-10
5348 1.603517e-10
5349 1.603039e-10
5350 1.602562e-10
5351 1.602084e-10
5352 1.601607e-10
5353 1.601130e-10
5354 1.600654e-10
5355 1.600177e-10
5356 1.599701e-10
5357 1.599225e-10
5358 1.598749e-10
5359 1.598274e-10
5360 1.597799e-10
5361 1.597324e-10
5362 1.596849e-10
5363 1.596374e-10
5364 1.595900e-10
5365 1.595426e-10
5366 1.594952e-10
5367 1.594478e-10
5368 1.594005e-10
5369 1.593532e-10
5370 1.593059e-10
5371 1.592586e-10
5372 1.592113e-10
5373 1.591641e-10
5374 1.591169e-10
5375 1.590697e-10
5376 1.590226e-10
5377 1.589754e-10
5378 1.589283e-10
5379 1.588812e-10
5380 1.588342e-10
5381 1.587871e-10
5382 1.587401e-10
5383 1.586931e-10
5384 1.586461e-10
5385 1.585991e-10
5386 1.585522e-10
5387 1.585053e-10
5388 1.584584e-10
5389 1.584115e-10
5390 1.583647e-10
5391 1.583179e-10
5392 1.582711e-10
5393 1.582243e-10
5394 1.581776e-10
5395 1.581308e-10
5396 1.580841e-10
5397 1.580374e-10
5398 1.579908e-10
5399 1.579441e-10
5400 1.578975e-10
5401 1.578509e-10
5402 1.578043e-10
5403 1.577578e-10
5404 1.577113e-10
5405 1.576648e-10
5406 1.576183e-10
5407 1.575718e-10
5408 1.575254e-10
5409 1.574790e-10
5410 1.574326e-10
5411 1.573862e-10
5412 1.573398e-10
5413 1.572935e-10
5414 1.572472e-10
5415 1.572009e-10
5416 1.571545e-10
5417 1.571073e-10
5418 1.570601e-10
5419 1.570129e-10
5420 1.569657e-10
5421 1.569186e-10
5422 1.568714e-10
5423 1.568243e-10
5424 1.567773e-10
5425 1.567302e-10
5426 1.566832e-10
5427 1.566362e-10
5428 1.565892e-10
5429 1.565422e-10
5430 1.564953e-10
5431 1.564483e-10
5432 1.564014e-10
5433 1.563546e-10
5434 1.563077e-10
5435 1.562609e-10
5436 1.562141e-10
5437 1.561673e-10
5438 1.561205e-10
5439 1.560738e-10
5440 1.560271e-10
5441 1.559804e-10
5442 1.559337e-10
5443 1.558871e-10
5444 1.558404e-10
5445 1.557938e-10
5446 1.557472e-10
5447 1.557007e-10
5448 1.556542e-10
5449 1.556076e-10
5450 1.555611e-10
5451 1.555147e-10
5452 1.554682e-10
5453 1.554218e-10
5454 1.553754e-10
5455 1.553290e-10
5456 1.552827e-10
5457 1.552363e-10
5458 1.551900e-10
5459 1.551437e-10
5460 1.550975e-10
5461 1.550512e-10
5462 1.550050e-10
5463 1.549588e-10
5464 1.549126e-10
5465 1.548665e-10
5466 1.548203e-10
5467 1.547742e-10
5468 1.547281e-10
5469 1.546820e-10
5470 1.546360e-10
5471 1.545900e-10
5472 1.545440e-10
5473 1.544980e-10
5474 1.544520e-10
5475 1.544061e-10
5476 1.543602e-10
5477 1.543143e-10
5478 1.542684e-10
5479 1.542226e-10
5480 1.541768e-10
5481 1.541309e-10
5482 1.540852e-10
5483 1.540394e-10
5484 1.539937e-10
5485 1.539480e-10
5486 1.539023e-10
5487 1.538566e-10
5488 1.538109e-10
5489 1.537653e-10
5490 1.537197e-10
5491 1.536741e-10
5492 1.536286e-10
5493 1.535830e-10
5494 1.535375e-10
5495 1.534920e-10
5496 1.534465e-10
5497 1.534011e-10
5498 1.533556e-10
5499 1.533102e-10
5500 1.532648e-10
5501 1.532195e-10
5502 1.531741e-10
5503 1.531288e-10
5504 1.530835e-10
5505 1.530382e-10
5506 1.529930e-10
5507 1.529477e-10
5508 1.529025e-10
5509 1.528573e-10
5510 1.528121e-10
5511 1.527670e-10
5512 1.527219e-10
5513 1.526767e-10
5514 1.526317e-10
5515 1.525866e-10
5516 1.525416e-10
5517 1.524965e-10
5518 1.524515e-10
5519 1.524066e-10
5520 1.523616e-10
5521 1.523167e-10
5522 1.522717e-10
5523 1.522268e-10
5524 1.521820e-10
5525 1.521371e-10
5526 1.520923e-10
5527 1.520475e-10
5528 1.520027e-10
5529 1.519579e-10
5530 1.519132e-10
5531 1.518685e-10
5532 1.518238e-10
5533 1.517791e-10
5534 1.517344e-10
5535 1.516898e-10
5536 1.516452e-10
5537 1.516006e-10
5538 1.515560e-10
5539 1.515114e-10
5540 1.514669e-10
5541 1.514224e-10
5542 1.513779e-10
5543 1.513334e-10
5544 1.512890e-10
5545 1.512446e-10
5546 1.512002e-10
5547 1.511558e-10
5548 1.511114e-10
5549 1.510671e-10
5550 1.510227e-10
5551 1.509784e-10
5552 1.509342e-10
5553 1.508899e-10
5554 1.508457e-10
5555 1.508015e-10
5556 1.507573e-10
5557 1.507131e-10
5558 1.506689e-10
5559 1.506248e-10
5560 1.505807e-10
5561 1.505366e-10
5562 1.504925e-10
5563 1.504485e-10
5564 1.504044e-10
5565 1.503604e-10
5566 1.503164e-10
5567 1.502725e-10
5568 1.502285e-10
5569 1.501846e-10
5570 1.501407e-10
5571 1.500968e-10
5572 1.500530e-10
5573 1.500091e-10
5574 1.499653e-10
5575 1.499215e-10
5576 1.498777e-10
5577 1.498339e-10
5578 1.497902e-10
5579 1.497465e-10
5580 1.497028e-10
5581 1.496591e-10
5582 1.496155e-10
5583 1.495718e-10
5584 1.495282e-10
5585 1.494846e-10
5586 1.494410e-10
5587 1.493975e-10
5588 1.493539e-10
5589 1.493104e-10
5590 1.492669e-10
5591 1.492235e-10
5592 1.491800e-10
5593 1.491366e-10
5594 1.490932e-10
5595 1.490498e-10
5596 1.490064e-10
5597 1.489631e-10
5598 1.489197e-10
5599 1.488764e-10
5600 1.488331e-10
5601 1.487899e-10
5602 1.487466e-10
5603 1.487034e-10
5604 1.486602e-10
5605 1.486170e-10
5606 1.485738e-10
5607 1.485307e-10
5608 1.484875e-10
5609 1.484444e-10
5610 1.484014e-10
5611 1.483583e-10
5612 1.483152e-10
5613 1.482722e-10
5614 1.482292e-10
5615 1.481862e-10
5616 1.481433e-10
5617 1.481003e-10
5618 1.480574e-10
5619 1.480145e-10
5620 1.479716e-10
5621 1.479287e-10
5622 1.478859e-10
5623 1.478431e-10
5624 1.478003e-10
5625 1.477575e-10
5626 1.477147e-10
5627 1.476720e-10
5628 1.476292e-10
5629 1.475865e-10
5630 1.475438e-10
5631 1.475012e-10
5632 1.474585e-10
5633 1.474159e-10
5634 1.473733e-10
5635 1.473307e-10
5636 1.472881e-10
5637 1.472456e-10
5638 1.472031e-10
5639 1.471606e-10
5640 1.471181e-10
5641 1.470756e-10
5642 1.470332e-10
5643 1.469907e-10
5644 1.469483e-10
5645 1.469059e-10
5646 1.468636e-10
5647 1.468212e-10
5648 1.467789e-10
5649 1.467366e-10
5650 1.466943e-10
5651 1.466520e-10
5652 1.466098e-10
5653 1.465676e-10
5654 1.465253e-10
5655 1.464831e-10
5656 1.464410e-10
5657 1.463988e-10
5658 1.463567e-10
5659 1.463146e-10
5660 1.462725e-10
5661 1.462304e-10
5662 1.461884e-10
5663 1.461463e-10
5664 1.461043e-10
5665 1.460623e-10
5666 1.460203e-10
5667 1.459784e-10
5668 1.459364e-10
5669 1.458945e-10
5670 1.458526e-10
5671 1.458107e-10
5672 1.457689e-10
5673 1.457270e-10
5674 1.456852e-10
5675 1.456434e-10
5676 1.456016e-10
5677 1.455599e-10
5678 1.455181e-10
5679 1.454764e-10
5680 1.454347e-10
5681 1.453930e-10
5682 1.453514e-10
5683 1.453097e-10
5684 1.452681e-10
5685 1.452265e-10
5686 1.451849e-10
5687 1.451433e-10
5688 1.451018e-10
5689 1.450602e-10
5690 1.450187e-10
5691 1.449772e-10
5692 1.449358e-10
5693 1.448943e-10
5694 1.448529e-10
5695 1.448114e-10
5696 1.447700e-10
5697 1.447287e-10
5698 1.446873e-10
5699 1.446460e-10
5700 1.446046e-10
5701 1.445633e-10
5702 1.445221e-10
5703 1.444808e-10
5704 1.444396e-10
5705 1.443983e-10
5706 1.443571e-10
5707 1.443159e-10
5708 1.442748e-10
5709 1.442336e-10
5710 1.441925e-10
5711 1.441514e-10
5712 1.441103e-10
5713 1.440692e-10
5714 1.440281e-10
5715 1.439871e-10
5716 1.439461e-10
5717 1.439051e-10
5718 1.438641e-10
5719 1.438232e-10
5720 1.437822e-10
5721 1.437413e-10
5722 1.437004e-10
5723 1.436595e-10
5724 1.436186e-10
5725 1.435778e-10
5726 1.435369e-10
5727 1.434961e-10
5728 1.434553e-10
5729 1.434146e-10
5730 1.433738e-10
5731 1.433331e-10
5732 1.432924e-10
5733 1.432517e-10
5734 1.432110e-10
5735 1.431703e-10
5736 1.431297e-10
5737 1.430891e-10
5738 1.430484e-10
5739 1.430079e-10
5740 1.429673e-10
5741 1.429267e-10
5742 1.428862e-10
5743 1.428457e-10
5744 1.428052e-10
5745 1.427647e-10
5746 1.427243e-10
5747 1.426838e-10
5748 1.426434e-10
5749 1.426030e-10
5750 1.425626e-10
5751 1.425223e-10
5752 1.424819e-10
5753 1.424416e-10
5754 1.424013e-10
5755 1.423610e-10
5756 1.423207e-10
5757 1.422805e-10
5758 1.422402e-10
5759 1.422000e-10
5760 1.421598e-10
5761 1.421196e-10
5762 1.420795e-10
5763 1.420393e-10
5764 1.419992e-10
5765 1.419591e-10
5766 1.419190e-10
5767 1.418789e-10
5768 1.418389e-10
5769 1.417988e-10
5770 1.417588e-10
5771 1.417188e-10
5772 1.416788e-10
5773 1.416389e-10
5774 1.415989e-10
5775 1.415590e-10
5776 1.415191e-10
5777 1.414792e-10
5778 1.414393e-10
5779 1.413995e-10
5780 1.413597e-10
5781 1.413198e-10
5782 1.412800e-10
5783 1.412403e-10
5784 1.412005e-10
5785 1.411608e-10
5786 1.411210e-10
5787 1.410813e-10
5788 1.410416e-10
5789 1.410020e-10
5790 1.409623e-10
5791 1.409227e-10
5792 1.408830e-10
5793 1.408434e-10
5794 1.408039e-10
5795 1.407643e-10
5796 1.407248e-10
5797 1.406852e-10
5798 1.406457e-10
5799 1.406062e-10
5800 1.405667e-10
5801 1.405273e-10
5802 1.404879e-10
5803 1.404484e-10
5804 1.404090e-10
5805 1.403696e-10
5806 1.403296e-10
5807 1.402894e-10
5808 1.402492e-10
5809 1.402091e-10
5810 1.401689e-10
5811 1.401288e-10
5812 1.400887e-10
5813 1.400486e-10
5814 1.400085e-10
5815 1.399685e-10
5816 1.399285e-10
5817 1.398885e-10
5818 1.398485e-10
5819 1.398085e-10
5820 1.397685e-10
5821 1.397286e-10
5822 1.396887e-10
5823 1.396487e-10
5824 1.396089e-10
5825 1.395690e-10
5826 1.395291e-10
5827 1.394893e-10
5828 1.394495e-10
5829 1.394097e-10
5830 1.393699e-10
5831 1.393302e-10
5832 1.392904e-10
5833 1.392507e-10
5834 1.392110e-10
5835 1.391713e-10
5836 1.391316e-10
5837 1.390920e-10
5838 1.390524e-10
5839 1.390128e-10
5840 1.389732e-10
5841 1.389336e-10
5842 1.388940e-10
5843 1.388545e-10
5844 1.388150e-10
5845 1.387754e-10
5846 1.387360e-10
5847 1.386965e-10
5848 1.386570e-10
5849 1.386176e-10
5850 1.385782e-10
5851 1.385388e-10
5852 1.384994e-10
5853 1.384600e-10
5854 1.384207e-10
5855 1.383814e-10
5856 1.383421e-10
5857 1.383028e-10
5858 1.382635e-10
5859 1.382243e-10
5860 1.381850e-10
5861 1.381458e-10
5862 1.381066e-10
5863 1.380674e-10
5864 1.380282e-10
5865 1.379891e-10
5866 1.379500e-10
5867 1.379109e-10
5868 1.378718e-10
5869 1.378327e-10
5870 1.377936e-10
5871 1.377546e-10
5872 1.377156e-10
5873 1.376766e-10
5874 1.376376e-10
5875 1.375986e-10
5876 1.375596e-10
5877 1.375207e-10
5878 1.374818e-10
5879 1.374429e-10
5880 1.374040e-10
5881 1.373651e-10
5882 1.373263e-10
5883 1.372875e-10
5884 1.372487e-10
5885 1.372099e-10
5886 1.371711e-10
5887 1.371323e-10
5888 1.370936e-10
5889 1.370549e-10
5890 1.370161e-10
5891 1.369775e-10
5892 1.369388e-10
5893 1.369001e-10
5894 1.368615e-10
5895 1.368229e-10
5896 1.367843e-10
5897 1.367457e-10
5898 1.367071e-10
5899 1.366686e-10
5900 1.366300e-10
5901 1.365915e-10
5902 1.365530e-10
5903 1.365145e-10
5904 1.364761e-10
5905 1.364376e-10
5906 1.363992e-10
5907 1.363608e-10
5908 1.363224e-10
5909 1.362840e-10
5910 1.362457e-10
5911 1.362073e-10
5912 1.361690e-10
5913 1.361307e-10
5914 1.360924e-10
5915 1.360541e-10
5916 1.360159e-10
5917 1.359776e-10
5918 1.359394e-10
5919 1.359012e-10
5920 1.358630e-10
5921 1.358249e-10
5922 1.357867e-10
5923 1.357486e-10
5924 1.357105e-10
5925 1.356724e-10
5926 1.356343e-10
5927 1.355962e-10
5928 1.355582e-10
5929 1.355201e-10
5930 1.354821e-10
5931 1.354441e-10
5932 1.354061e-10
5933 1.353682e-10
5934 1.353302e-10
5935 1.352923e-10
5936 1.352544e-10
5937 1.352165e-10
5938 1.351786e-10
5939 1.351407e-10
5940 1.351029e-10
5941 1.350651e-10
5942 1.350273e-10
5943 1.349895e-10
5944 1.349517e-10
5945 1.349139e-10
5946 1.348762e-10
5947 1.348385e-10
5948 1.348007e-10
5949 1.347631e-10
5950 1.347254e-10
5951 1.346877e-10
5952 1.346501e-10
5953 1.346124e-10
5954 1.345748e-10
5955 1.345372e-10
5956 1.344997e-10
5957 1.344621e-10
5958 1.344246e-10
5959 1.343871e-10
5960 1.343495e-10
5961 1.343121e-10
5962 1.342746e-10
5963 1.342371e-10
5964 1.341997e-10
5965 1.341623e-10
5966 1.341248e-10
5967 1.340875e-10
5968 1.340501e-10
5969 1.340127e-10
5970 1.339754e-10
5971 1.339381e-10
5972 1.339008e-10
5973 1.338635e-10
5974 1.338262e-10
5975 1.337889e-10
5976 1.337517e-10
5977 1.337145e-10
5978 1.336773e-10
5979 1.336401e-10
5980 1.336029e-10
5981 1.335657e-10
5982 1.335286e-10
5983 1.334915e-10
5984 1.334544e-10
5985 1.334173e-10
5986 1.333802e-10
5987 1.333431e-10
5988 1.333061e-10
5989 1.332691e-10
5990 1.332321e-10
5991 1.331951e-10
5992 1.331581e-10
5993 1.331211e-10
5994 1.330842e-10
5995 1.330473e-10
5996 1.330104e-10
5997 1.329735e-10
5998 1.329366e-10
5999 1.328997e-10
6000 1.328629e-10
6001 1.328260e-10
6002 1.327892e-10
6003 1.327524e-10
6004 1.327157e-10
6005 1.326789e-10
6006 1.326421e-10
6007 1.326054e-10
6008 1.325687e-10
6009 1.325320e-10
6010 1.324953e-10
6011 1.324587e-10
6012 1.324220e-10
6013 1.323854e-10
6014 1.323487e-10
6015 1.323121e-10
6016 1.322756e-10
6017 1.322390e-10
6018 1.322024e-10
6019 1.321659e-10
6020 1.321294e-10
6021 1.320929e-10
6022 1.320564e-10
6023 1.320199e-10
6024 1.319835e-10
6025 1.319470e-10
6026 1.319106e-10
6027 1.318742e-10
6028 1.318378e-10
6029 1.318014e-10
6030 1.317651e-10
6031 1.317287e-10
6032 1.316924e-10
6033 1.316561e-10
6034 1.316198e-10
6035 1.315835e-10
6036 1.315473e-10
6037 1.315110e-10
6038 1.314748e-10
6039 1.314386e-10
6040 1.314024e-10
6041 1.313662e-10
6042 1.313300e-10
6043 1.312939e-10
6044 1.312577e-10
6045 1.312216e-10
6046 1.311855e-10
6047 1.311494e-10
6048 1.311133e-10
6049 1.310773e-10
6050 1.310413e-10
6051 1.310052e-10
6052 1.309692e-10
6053 1.309332e-10
6054 1.308973e-10
6055 1.308613e-10
6056 1.308253e-10
6057 1.307894e-10
6058 1.307535e-10
6059 1.307176e-10
6060 1.306817e-10
6061 1.306459e-10
6062 1.306100e-10
6063 1.305742e-10
6064 1.305384e-10
6065 1.305026e-10
6066 1.304668e-10
6067 1.304310e-10
6068 1.303952e-10
6069 1.303595e-10
6070 1.303238e-10
6071 1.302881e-10
6072 1.302524e-10
6073 1.302167e-10
6074 1.301810e-10
6075 1.301454e-10
6076 1.301098e-10
6077 1.300741e-10
6078 1.300385e-10
6079 1.300030e-10
6080 1.299674e-10
6081 1.299318e-10
6082 1.298963e-10
6083 1.298608e-10
6084 1.298253e-10
6085 1.297898e-10
6086 1.297543e-10
6087 1.297189e-10
6088 1.296834e-10
6089 1.296480e-10
6090 1.296126e-10
6091 1.295772e-10
6092 1.295418e-10
6093 1.295064e-10
6094 1.294711e-10
6095 1.294357e-10
6096 1.294004e-10
6097 1.293651e-10
6098 1.293298e-10
6099 1.292946e-10
6100 1.292593e-10
6101 1.292241e-10
6102 1.291888e-10
6103 1.291536e-10
6104 1.291184e-10
6105 1.290832e-10
6106 1.290481e-10
6107 1.290129e-10
6108 1.289778e-10
6109 1.289427e-10
6110 1.289076e-10
6111 1.288725e-10
6112 1.288374e-10
6113 1.288023e-10
6114 1.287673e-10
6115 1.287323e-10
6116 1.286973e-10
6117 1.286623e-10
6118 1.286273e-10
6119 1.285923e-10
6120 1.285574e-10
6121 1.285224e-10
6122 1.284875e-10
6123 1.284526e-10
6124 1.284177e-10
6125 1.283828e-10
6126 1.283480e-10
6127 1.283131e-10
6128 1.282783e-10
6129 1.282435e-10
6130 1.282087e-10
6131 1.281739e-10
6132 1.281391e-10
6133 1.281044e-10
6134 1.280696e-10
6135 1.280349e-10
6136 1.280002e-10
6137 1.279655e-10
6138 1.279308e-10
6139 1.278961e-10
6140 1.278615e-10
6141 1.278269e-10
6142 1.277922e-10
6143 1.277576e-10
6144 1.277230e-10
6145 1.276885e-10
6146 1.276539e-10
6147 1.276194e-10
6148 1.275848e-10
6149 1.275503e-10
6150 1.275158e-10
6151 1.274813e-10
6152 1.274469e-10
6153 1.274124e-10
6154 1.273780e-10
6155 1.273435e-10
6156 1.273091e-10
6157 1.272747e-10
6158 1.272404e-10
6159 1.272060e-10
6160 1.271716e-10
6161 1.271373e-10
6162 1.271030e-10
6163 1.270687e-10
6164 1.270344e-10
6165 1.270001e-10
6166 1.269659e-10
6167 1.269316e-10
6168 1.268974e-10
6169 1.268632e-10
6170 1.268290e-10
6171 1.267948e-10
6172 1.267606e-10
6173 1.267264e-10
6174 1.266923e-10
6175 1.266582e-10
6176 1.266240e-10
6177 1.265899e-10
6178 1.265559e-10
6179 1.265218e-10
6180 1.264877e-10
6181 1.264537e-10
6182 1.264197e-10
6183 1.263857e-10
6184 1.263517e-10
6185 1.263177e-10
6186 1.262837e-10
6187 1.262498e-10
6188 1.262158e-10
6189 1.261819e-10
6190 1.261480e-10
6191 1.261141e-10
6192 1.260802e-10
6193 1.260463e-10
6194 1.260125e-10
6195 1.259787e-10
6196 1.259448e-10
6197 1.259110e-10
6198 1.258772e-10
6199 1.258435e-10
6200 1.258097e-10
6201 1.257759e-10
6202 1.257422e-10
6203 1.257085e-10
6204 1.256748e-10
6205 1.256411e-10
6206 1.256074e-10
6207 1.255738e-10
6208 1.255401e-10
6209 1.255065e-10
6210 1.254729e-10
6211 1.254393e-10
6212 1.254057e-10
6213 1.253721e-10
6214 1.253385e-10
6215 1.253050e-10
6216 1.252714e-10
6217 1.252379e-10
6218 1.252044e-10
6219 1.251709e-10
6220 1.251375e-10
6221 1.251040e-10
6222 1.250706e-10
6223 1.250368e-10
6224 1.250027e-10
6225 1.249686e-10
6226 1.249345e-10
6227 1.249004e-10
6228 1.248663e-10
6229 1.248322e-10
6230 1.247982e-10
6231 1.247642e-10
6232 1.247302e-10
6233 1.246962e-10
6234 1.246622e-10
6235 1.246282e-10
6236 1.245943e-10
6237 1.245603e-10
6238 1.245264e-10
6239 1.244925e-10
6240 1.244586e-10
6241 1.244247e-10
6242 1.243908e-10
6243 1.243570e-10
6244 1.243232e-10
6245 1.242893e-10
6246 1.242555e-10
6247 1.242217e-10
6248 1.241880e-10
6249 1.241542e-10
6250 1.241204e-10
6251 1.240867e-10
6252 1.240530e-10
6253 1.240193e-10
6254 1.239856e-10
6255 1.239519e-10
6256 1.239182e-10
6257 1.238846e-10
6258 1.238510e-10
6259 1.238173e-10
6260 1.237837e-10
6261 1.237502e-10
6262 1.237166e-10
6263 1.236830e-10
6264 1.236495e-10
6265 1.236159e-10
6266 1.235824e-10
6267 1.235489e-10
6268 1.235154e-10
6269 1.234820e-10
6270 1.234485e-10
6271 1.234151e-10
6272 1.233816e-10
6273 1.233482e-10
6274 1.233148e-10
6275 1.232814e-10
6276 1.232480e-10
6277 1.232147e-10
6278 1.231813e-10
6279 1.231480e-10
6280 1.231147e-10
6281 1.230814e-10
6282 1.230481e-10
6283 1.230148e-10
6284 1.229816e-10
6285 1.229483e-10
6286 1.229151e-10
6287 1.228819e-10
6288 1.228487e-10
6289 1.228155e-10
6290 1.227823e-10
6291 1.227492e-10
6292 1.227160e-10
6293 1.226829e-10
6294 1.226498e-10
6295 1.226167e-10
6296 1.225836e-10
6297 1.225505e-10
6298 1.225174e-10
6299 1.224844e-10
6300 1.224514e-10
6301 1.224184e-10
6302 1.223854e-10
6303 1.223524e-10
6304 1.223194e-10
6305 1.222864e-10
6306 1.222535e-10
6307 1.222205e-10
6308 1.221876e-10
6309 1.221547e-10
6310 1.221218e-10
6311 1.220890e-10
6312 1.220561e-10
6313 1.220232e-10
6314 1.219904e-10
6315 1.219576e-10
6316 1.219248e-10
6317 1.218920e-10
6318 1.218592e-10
6319 1.218265e-10
6320 1.217937e-10
6321 1.217610e-10
6322 1.217282e-10
6323 1.216955e-10
6324 1.216628e-10
6325 1.216302e-10
6326 1.215975e-10
6327 1.215648e-10
6328 1.215322e-10
6329 1.214996e-10
6330 1.214670e-10
6331 1.214344e-10
6332 1.214018e-10
6333 1.213692e-10
6334 1.213367e-10
6335 1.213041e-10
6336 1.212716e-10
6337 1.212391e-10
6338 1.212066e-10
6339 1.211741e-10
6340 1.211416e-10
6341 1.211092e-10
6342 1.210767e-10
6343 1.210443e-10
6344 1.210119e-10
6345 1.209795e-10
6346 1.209471e-10
6347 1.209147e-10
6348 1.208824e-10
6349 1.208500e-10
6350 1.208177e-10
6351 1.207854e-10
6352 1.207531e-10
6353 1.207208e-10
6354 1.206885e-10
6355 1.206562e-10
6356 1.206240e-10
6357 1.205917e-10
6358 1.205595e-10
6359 1.205273e-10
6360 1.204951e-10
6361 1.204629e-10
6362 1.204307e-10
6363 1.203986e-10
6364 1.203664e-10
6365 1.203343e-10
6366 1.203022e-10
6367 1.202701e-10
6368 1.202380e-10
6369 1.202059e-10
6370 1.201739e-10
6371 1.201418e-10
6372 1.201098e-10
6373 1.200778e-10
6374 1.200458e-10
6375 1.200138e-10
6376 1.199818e-10
6377 1.199498e-10
6378 1.199179e-10
6379 1.198859e-10
6380 1.198540e-10
6381 1.198221e-10
6382 1.197902e-10
6383 1.197583e-10
6384 1.197264e-10
6385 1.196946e-10
6386 1.196627e-10
6387 1.196309e-10
6388 1.195991e-10
6389 1.195673e-10
6390 1.195355e-10
6391 1.195037e-10
6392 1.194720e-10
6393 1.194402e-10
6394 1.194085e-10
6395 1.193768e-10
6396 1.193450e-10
6397 1.193133e-10
6398 1.192817e-10
6399 1.192500e-10
6400 1.192183e-10
6401 1.191867e-10
6402 1.191551e-10
6403 1.191234e-10
6404 1.190918e-10
6405 1.190603e-10
6406 1.190287e-10
6407 1.189971e-10
6408 1.189656e-10
6409 1.189340e-10
6410 1.189025e-10
6411 1.188710e-10
6412 1.188395e-10
6413 1.188080e-10
6414 1.187765e-10
6415 1.187451e-10
6416 1.187136e-10
6417 1.186822e-10
6418 1.186508e-10
6419 1.186194e-10
6420 1.185880e-10
6421 1.185566e-10
6422 1.185253e-10
6423 1.184939e-10
6424 1.184626e-10
6425 1.184312e-10
6426 1.183999e-10
6427 1.183686e-10
6428 1.183373e-10
6429 1.183061e-10
6430 1.182748e-10
6431 1.182436e-10
6432 1.182123e-10
6433 1.181811e-10
6434 1.181499e-10
6435 1.181187e-10
6436 1.180875e-10
6437 1.180564e-10
6438 1.180252e-10
6439 1.179941e-10
6440 1.179629e-10
6441 1.179318e-10
6442 1.179007e-10
6443 1.178696e-10
6444 1.178386e-10
6445 1.178075e-10
6446 1.177764e-10
6447 1.177454e-10
6448 1.177144e-10
6449 1.176834e-10
6450 1.176524e-10
6451 1.176214e-10
6452 1.175904e-10
6453 1.175595e-10
6454 1.175285e-10
6455 1.174976e-10
6456 1.174667e-10
6457 1.174357e-10
6458 1.174048e-10
6459 1.173740e-10
6460 1.173431e-10
6461 1.173122e-10
6462 1.172814e-10
6463 1.172506e-10
6464 1.172198e-10
6465 1.171889e-10
6466 1.171582e-10
6467 1.171274e-10
6468 1.170966e-10
6469 1.170659e-10
6470 1.170351e-10
6471 1.170044e-10
6472 1.169737e-10
6473 1.169430e-10
6474 1.169123e-10
6475 1.168816e-10
6476 1.168509e-10
6477 1.168203e-10
6478 1.167897e-10
6479 1.167590e-10
6480 1.167284e-10
6481 1.166978e-10
6482 1.166672e-10
6483 1.166367e-10
6484 1.166061e-10
6485 1.165755e-10
6486 1.165450e-10
6487 1.165145e-10
6488 1.164840e-10
6489 1.164535e-10
6490 1.164230e-10
6491 1.163925e-10
6492 1.163621e-10
6493 1.163316e-10
6494 1.163012e-10
6495 1.162708e-10
6496 1.162403e-10
6497 1.162099e-10
6498 1.161796e-10
6499 1.161492e-10
6500 1.161188e-10
6501 1.160885e-10
6502 1.160581e-10
6503 1.160278e-10
6504 1.159975e-10
6505 1.159672e-10
6506 1.159369e-10
6507 1.159067e-10
6508 1.158764e-10
6509 1.158462e-10
6510 1.158159e-10
6511 1.157857e-10
6512 1.157555e-10
6513 1.157253e-10
6514 1.156951e-10
6515 1.156650e-10
6516 1.156348e-10
6517 1.156046e-10
6518 1.155745e-10
6519 1.155444e-10
6520 1.155143e-10
6521 1.154842e-10
6522 1.154541e-10
6523 1.154240e-10
6524 1.153940e-10
6525 1.153639e-10
6526 1.153339e-10
6527 1.153039e-10
6528 1.152739e-10
6529 1.152439e-10
6530 1.152139e-10
6531 1.151839e-10
6532 1.151540e-10
6533 1.151240e-10
6534 1.150941e-10
6535 1.150642e-10
6536 1.150342e-10
6537 1.150043e-10
6538 1.149745e-10
6539 1.149446e-10
6540 1.149147e-10
6541 1.148849e-10
6542 1.148550e-10
6543 1.148252e-10
6544 1.147954e-10
6545 1.147656e-10
6546 1.147358e-10
6547 1.147060e-10
6548 1.146763e-10
6549 1.146465e-10
6550 1.146168e-10
6551 1.145871e-10
6552 1.145574e-10
6553 1.145277e-10
6554 1.144980e-10
6555 1.144683e-10
6556 1.144386e-10
6557 1.144090e-10
6558 1.143793e-10
6559 1.143497e-10
6560 1.143201e-10
6561 1.142905e-10
6562 1.142609e-10
6563 1.142313e-10
6564 1.142018e-10
6565 1.141722e-10
6566 1.141427e-10
6567 1.141131e-10
6568 1.140836e-10
6569 1.140541e-10
6570 1.140246e-10
6571 1.139951e-10
6572 1.139657e-10
6573 1.139362e-10
6574 1.139068e-10
6575 1.138773e-10
6576 1.138479e-10
6577 1.138185e-10
6578 1.137891e-10
6579 1.137597e-10
6580 1.137303e-10
6581 1.137010e-10
6582 1.136716e-10
6583 1.136423e-10
6584 1.136130e-10
6585 1.135837e-10
6586 1.135544e-10
6587 1.135251e-10
6588 1.134958e-10
6589 1.134665e-10
6590 1.134373e-10
6591 1.134080e-10
6592 1.133788e-10
6593 1.133496e-10
6594 1.133204e-10
6595 1.132912e-10
6596 1.132620e-10
6597 1.132328e-10
6598 1.132037e-10
6599 1.131745e-10
6600 1.131454e-10
6601 1.131163e-10
6602 1.130872e-10
6603 1.130581e-10
6604 1.130290e-10
6605 1.129999e-10
6606 1.129708e-10
6607 1.129418e-10
6608 1.129128e-10
6609 1.128837e-10
6610 1.128547e-10
6611 1.128257e-10
6612 1.127967e-10
6613 1.127677e-10
6614 1.127388e-10
6615 1.127098e-10
6616 1.126809e-10
6617 1.126519e-10
6618 1.126230e-10
6619 1.125941e-10
6620 1.125652e-10
6621 1.125363e-10
6622 1.125075e-10
6623 1.124786e-10
6624 1.124498e-10
6625 1.124209e-10
6626 1.123921e-10
6627 1.123633e-10
6628 1.123345e-10
6629 1.123057e-10
6630 1.122769e-10
6631 1.122481e-10
6632 1.122194e-10
6633 1.121906e-10
6634 1.121619e-10
6635 1.121332e-10
6636 1.121045e-10
6637 1.120758e-10
6638 1.120471e-10
6639 1.120184e-10
6640 1.119898e-10
6641 1.119611e-10
6642 1.119325e-10
6643 1.119038e-10
6644 1.118752e-10
6645 1.118466e-10
6646 1.118180e-10
6647 1.117895e-10
6648 1.117609e-10
6649 1.117323e-10
6650 1.117038e-10
6651 1.116752e-10
6652 1.116467e-10
6653 1.116182e-10
6654 1.115897e-10
6655 1.115612e-10
6656 1.115328e-10
6657 1.115043e-10
6658 1.114758e-10
6659 1.114474e-10
6660 1.114190e-10
6661 1.113905e-10
6662 1.113621e-10
6663 1.113337e-10
6664 1.113054e-10
6665 1.112770e-10
6666 1.112486e-10
6667 1.112203e-10
6668 1.111919e-10
6669 1.111636e-10
6670 1.111352e-10
6671 1.111063e-10
6672 1.110775e-10
6673 1.110486e-10
6674 1.110197e-10
6675 1.109909e-10
6676 1.109620e-10
6677 1.109332e-10
6678 1.109044e-10
6679 1.108756e-10
6680 1.108468e-10
6681 1.108180e-10
6682 1.107892e-10
6683 1.107605e-10
6684 1.107317e-10
6685 1.107030e-10
6686 1.106743e-10
6687 1.106456e-10
6688 1.106169e-10
6689 1.105882e-10
6690 1.105595e-10
6691 1.105309e-10
6692 1.105022e-10
6693 1.104736e-10
6694 1.104449e-10
6695 1.104163e-10
6696 1.103877e-10
6697 1.103591e-10
6698 1.103305e-10
6699 1.103020e-10
6700 1.102734e-10
6701 1.102449e-10
6702 1.102163e-10
6703 1.101878e-10
6704 1.101593e-10
6705 1.101308e-10
6706 1.101023e-10
6707 1.100738e-10
6708 1.100454e-10
6709 1.100169e-10
6710 1.099885e-10
6711 1.099600e-10
6712 1.099316e-10
6713 1.099032e-10
6714 1.098748e-10
6715 1.098464e-10
6716 1.098181e-10
6717 1.097897e-10
6718 1.097614e-10
6719 1.097330e-10
6720 1.097047e-10
6721 1.096764e-10
6722 1.096481e-10
6723 1.096198e-10
6724 1.095915e-10
6725 1.095632e-10
6726 1.095350e-10
6727 1.095067e-10
6728 1.094785e-10
6729 1.094503e-10
6730 1.094221e-10
6731 1.093939e-10
6732 1.093657e-10
6733 1.093375e-10
6734 1.093093e-10
6735 1.092812e-10
6736 1.092531e-10
6737 1.092249e-10
6738 1.091968e-10
6739 1.091687e-10
6740 1.091406e-10
6741 1.091125e-10
6742 1.090844e-10
6743 1.090564e-10
6744 1.090283e-10
6745 1.090003e-10
6746 1.089723e-10
6747 1.089442e-10
6748 1.089162e-10
6749 1.088882e-10
6750 1.088603e-10
6751 1.088323e-10
6752 1.088043e-10
6753 1.087764e-10
6754 1.087484e-10
6755 1.087205e-10
6756 1.086926e-10
6757 1.086647e-10
6758 1.086368e-10
6759 1.086089e-10
6760 1.085811e-10
6761 1.085532e-10
6762 1.085253e-10
6763 1.084975e-10
6764 1.084697e-10
6765 1.084419e-10
6766 1.084141e-10
6767 1.083863e-10
6768 1.083585e-10
6769 1.083307e-10
6770 1.083030e-10
6771 1.082752e-10
6772 1.082475e-10
6773 1.082198e-10
6774 1.081921e-10
6775 1.081644e-10
6776 1.081367e-10
6777 1.081090e-10
6778 1.080813e-10
6779 1.080537e-10
6780 1.080260e-10
6781 1.079984e-10
6782 1.079708e-10
6783 1.079431e-10
6784 1.079155e-10
6785 1.078880e-10
6786 1.078604e-10
6787 1.078328e-10
6788 1.078053e-10
6789 1.077777e-10
6790 1.077502e-10
6791 1.077227e-10
6792 1.076951e-10
6793 1.076676e-10
6794 1.076401e-10
6795 1.076127e-10
6796 1.075852e-10
6797 1.075577e-10
6798 1.075303e-10
6799 1.075029e-10
6800 1.074754e-10
6801 1.074480e-10
6802 1.074206e-10
6803 1.073932e-10
6804 1.073659e-10
6805 1.073385e-10
6806 1.073111e-10
6807 1.072838e-10
6808 1.072564e-10
6809 1.072291e-10
6810 1.072018e-10
6811 1.071745e-10
6812 1.071472e-10
6813 1.071199e-10
6814 1.070927e-10
6815 1.070654e-10
6816 1.070382e-10
6817 1.070109e-10
6818 1.069837e-10
6819 1.069565e-10
6820 1.069293e-10
6821 1.069021e-10
6822 1.068749e-10
6823 1.068477e-10
6824 1.068206e-10
6825 1.067934e-10
6826 1.067663e-10
6827 1.067392e-10
6828 1.067120e-10
6829 1.066849e-10
6830 1.066578e-10
6831 1.066307e-10
6832 1.066037e-10
6833 1.065766e-10
6834 1.065496e-10
6835 1.065225e-10
6836 1.064955e-10
6837 1.064685e-10
6838 1.064415e-10
6839 1.064145e-10
6840 1.063875e-10
6841 1.063605e-10
6842 1.063335e-10
6843 1.063066e-10
6844 1.062796e-10
6845 1.062527e-10
6846 1.062258e-10
6847 1.061989e-10
6848 1.061720e-10
6849 1.061451e-10
6850 1.061182e-10
6851 1.060913e-10
6852 1.060645e-10
6853 1.060376e-10
6854 1.060108e-10
6855 1.059840e-10
6856 1.059571e-10
6857 1.059303e-10
6858 1.059035e-10
6859 1.058768e-10
6860 1.058500e-10
6861 1.058232e-10
6862 1.057965e-10
6863 1.057697e-10
6864 1.057430e-10
6865 1.057163e-10
6866 1.056896e-10
6867 1.056629e-10
6868 1.056362e-10
6869 1.056095e-10
6870 1.055828e-10
6871 1.055562e-10
6872 1.055295e-10
6873 1.055029e-10
6874 1.054763e-10
6875 1.054497e-10
6876 1.054231e-10
6877 1.053965e-10
6878 1.053699e-10
6879 1.053433e-10
6880 1.053168e-10
6881 1.052902e-10
6882 1.052637e-10
6883 1.052371e-10
6884 1.052106e-10
6885 1.051841e-10
6886 1.051576e-10
6887 1.051311e-10
6888 1.051047e-10
6889 1.050782e-10
6890 1.050517e-10
6891 1.050253e-10
6892 1.049989e-10
6893 1.049724e-10
6894 1.049460e-10
6895 1.049196e-10
6896 1.048932e-10
6897 1.048669e-10
6898 1.048405e-10
6899 1.048141e-10
6900 1.047878e-10
6901 1.047614e-10
6902 1.047351e-10
6903 1.047088e-10
6904 1.046825e-10
6905 1.046562e-10
6906 1.046299e-10
6907 1.046036e-10
6908 1.045773e-10
6909 1.045511e-10
6910 1.045248e-10
6911 1.044986e-10
6912 1.044724e-10
6913 1.044462e-10
6914 1.044200e-10
6915 1.043938e-10
6916 1.043676e-10
6917 1.043414e-10
6918 1.043152e-10
6919 1.042891e-10
6920 1.042629e-10
6921 1.042368e-10
6922 1.042107e-10
6923 1.041846e-10
6924 1.041585e-10
6925 1.041324e-10
6926 1.041063e-10
6927 1.040802e-10
6928 1.040542e-10
6929 1.040281e-10
6930 1.040021e-10
6931 1.039761e-10
6932 1.039500e-10
6933 1.039240e-10
6934 1.038980e-10
6935 1.038720e-10
6936 1.038461e-10
6937 1.038201e-10
6938 1.037941e-10
6939 1.037682e-10
6940 1.037423e-10
6941 1.037163e-10
6942 1.036904e-10
6943 1.036645e-10
6944 1.036386e-10
6945 1.036127e-10
6946 1.035869e-10
6947 1.035610e-10
6948 1.035351e-10
6949 1.035093e-10
6950 1.034835e-10
6951 1.034576e-10
6952 1.034318e-10
6953 1.034060e-10
6954 1.033802e-10
6955 1.033544e-10
6956 1.033287e-10
6957 1.033029e-10
6958 1.032771e-10
6959 1.032514e-10
6960 1.032257e-10
6961 1.031999e-10
6962 1.031742e-10
6963 1.031485e-10
6964 1.031228e-10
6965 1.030971e-10
6966 1.030715e-10
6967 1.030458e-10
6968 1.030202e-10
6969 1.029945e-10
6970 1.029689e-10
6971 1.029433e-10
6972 1.029176e-10
6973 1.028920e-10
6974 1.028664e-10
6975 1.028409e-10
6976 1.028153e-10
6977 1.027897e-10
6978 1.027642e-10
6979 1.027386e-10
6980 1.027131e-10
6981 1.026876e-10
6982 1.026621e-10
6983 1.026366e-10
6984 1.026111e-10
6985 1.025856e-10
6986 1.025601e-10
6987 1.025347e-10
6988 1.025092e-10
6989 1.024838e-10
6990 1.024583e-10
6991 1.024329e-10
6992 1.024075e-10
6993 1.023821e-10
6994 1.023567e-10
6995 1.023313e-10
6996 1.023059e-10
6997 1.022806e-10
6998 1.022552e-10
6999 1.022299e-10
7000 1.022045e-10
7001 1.021792e-10
7002 1.021539e-10
7003 1.021286e-10
7004 1.021033e-10
7005 1.020780e-10
7006 1.020528e-10
7007 1.020275e-10
7008 1.020022e-10
7009 1.019770e-10
7010 1.019518e-10
7011 1.019265e-10
7012 1.019013e-10
7013 1.018761e-10
7014 1.018509e-10
7015 1.018257e-10
7016 1.018006e-10
7017 1.017754e-10
7018 1.017502e-10
7019 1.017251e-10
7020 1.016999e-10
7021 1.016748e-10
7022 1.016497e-10
7023 1.016246e-10
7024 1.015995e-10
7025 1.015744e-10
7026 1.015493e-10
7027 1.015243e-10
7028 1.014992e-10
7029 1.014742e-10
7030 1.014491e-10
7031 1.014241e-10
7032 1.013991e-10
7033 1.013741e-10
7034 1.013491e-10
7035 1.013241e-10
7036 1.012991e-10
7037 1.012741e-10
7038 1.012492e-10
7039 1.012242e-10
7040 1.011993e-10
7041 1.011743e-10
7042 1.011494e-10
7043 1.011245e-10
7044 1.010996e-10
7045 1.010747e-10
7046 1.010498e-10
7047 1.010249e-10
7048 1.010001e-10
7049 1.009752e-10
7050 1.009504e-10
7051 1.009255e-10
7052 1.009007e-10
7053 1.008759e-10
7054 1.008511e-10
7055 1.008263e-10
7056 1.008015e-10
7057 1.007767e-10
7058 1.007520e-10
7059 1.007272e-10
7060 1.007025e-10
7061 1.006777e-10
7062 1.006530e-10
7063 1.006283e-10
7064 1.006036e-10
7065 1.005789e-10
7066 1.005542e-10
7067 1.005295e-10
7068 1.005048e-10
7069 1.004801e-10
7070 1.004555e-10
7071 1.004309e-10
7072 1.004062e-10
7073 1.003816e-10
7074 1.003570e-10
7075 1.003324e-10
7076 1.003078e-10
7077 1.002832e-10
7078 1.002586e-10
7079 1.002340e-10
7080 1.002095e-10
7081 1.001849e-10
7082 1.001604e-10
7083 1.001359e-10
7084 1.001113e-10
7085 1.000868e-10
7086 1.000623e-10
7087 1.000378e-10
7088 1.000134e-10
7089 9.998889e-11
7090 9.996443e-11
7091 9.993997e-11
7092 9.991553e-11
7093 9.989109e-11
7094 9.986667e-11
7095 9.984225e-11
7096 9.981784e-11
7097 9.979344e-11
7098 9.976906e-11
7099 9.974468e-11
7100 9.972031e-11
7101 9.969595e-11
7102 9.967160e-11
7103 9.964726e-11
7104 9.962292e-11
7105 9.959860e-11
7106 9.957429e-11
7107 9.954998e-11
7108 9.952569e-11
7109 9.950140e-11
7110 9.947713e-11
7111 9.945286e-11
7112 9.942860e-11
7113 9.940436e-11
7114 9.938012e-11
7115 9.935589e-11
7116 9.933167e-11
7117 9.930746e-11
7118 9.928326e-11
7119 9.925906e-11
7120 9.923488e-11
7121 9.921071e-11
7122 9.918654e-11
7123 9.916239e-11
7124 9.913824e-11
7125 9.911411e-11
7126 9.908998e-11
7127 9.906586e-11
7128 9.904175e-11
7129 9.901765e-11
7130 9.899356e-11
7131 9.896948e-11
7132 9.894541e-11
7133 9.892135e-11
7134 9.889730e-11
7135 9.887325e-11
7136 9.884922e-11
7137 9.882519e-11
7138 9.880118e-11
7139 9.877717e-11
7140 9.875317e-11
7141 9.872918e-11
7142 9.870520e-11
7143 9.868123e-11
7144 9.865727e-11
7145 9.863332e-11
7146 9.860938e-11
7147 9.858544e-11
7148 9.856152e-11
7149 9.853760e-11
7150 9.851342e-11
7151 9.848903e-11
7152 9.846465e-11
7153 9.844028e-11
7154 9.841592e-11
7155 9.839157e-11
7156 9.836723e-11
7157 9.834290e-11
7158 9.831858e-11
7159 9.829427e-11
7160 9.826997e-11
7161 9.824567e-11
7162 9.822139e-11
7163 9.819711e-11
7164 9.817285e-11
7165 9.814859e-11
7166 9.812435e-11
7167 9.810011e-11
7168 9.807588e-11
7169 9.805166e-11
7170 9.802746e-11
7171 9.800326e-11
7172 9.797907e-11
7173 9.795488e-11
7174 9.793071e-11
7175 9.790655e-11
7176 9.788240e-11
7177 9.785825e-11
7178 9.783412e-11
7179 9.781000e-11
7180 9.778588e-11
7181 9.776177e-11
7182 9.773768e-11
7183 9.771359e-11
7184 9.768951e-11
7185 9.766544e-11
7186 9.764138e-11
7187 9.761733e-11
7188 9.759329e-11
7189 9.756926e-11
7190 9.754523e-11
7191 9.752122e-11
7192 9.749722e-11
7193 9.747322e-11
7194 9.744924e-11
7195 9.742526e-11
7196 9.740129e-11
7197 9.737733e-11
7198 9.735339e-11
7199 9.732945e-11
7200 9.730552e-11
7201 9.728159e-11
7202 9.725768e-11
7203 9.723378e-11
7204 9.720989e-11
7205 9.718600e-11
7206 9.716213e-11
7207 9.713826e-11
7208 9.711440e-11
7209 9.709055e-11
7210 9.706672e-11
7211 9.704289e-11
7212 9.701907e-11
7213 9.699526e-11
7214 9.697145e-11
7215 9.694766e-11
7216 9.692388e-11
7217 9.690010e-11
7218 9.687634e-11
7219 9.685258e-11
7220 9.682883e-11
7221 9.680509e-11
7222 9.678137e-11
7223 9.675765e-11
7224 9.673394e-11
7225 9.671023e-11
7226 9.668654e-11
7227 9.666286e-11
7228 9.663918e-11
7229 9.661552e-11
7230 9.659186e-11
7231 9.656821e-11
7232 9.654458e-11
7233 9.652095e-11
7234 9.649733e-11
7235 9.647371e-11
7236 9.645011e-11
7237 9.642652e-11
7238 9.640294e-11
7239 9.637936e-11
7240 9.635579e-11
7241 9.633224e-11
7242 9.630869e-11
7243 9.628515e-11
7244 9.626162e-11
7245 9.623810e-11
7246 9.621459e-11
7247 9.619109e-11
7248 9.616759e-11
7249 9.614411e-11
7250 9.612063e-11
7251 9.609716e-11
7252 9.607371e-11
7253 9.605026e-11
7254 9.602682e-11
7255 9.600339e-11
7256 9.597996e-11
7257 9.595655e-11
7258 9.593315e-11
7259 9.590975e-11
7260 9.588636e-11
7261 9.586299e-11
7262 9.583962e-11
7263 9.581626e-11
7264 9.579291e-11
7265 9.576956e-11
7266 9.574623e-11
7267 9.572291e-11
7268 9.569959e-11
7269 9.567629e-11
7270 9.565299e-11
7271 9.562970e-11
7272 9.560642e-11
7273 9.558315e-11
7274 9.555989e-11
7275 9.553663e-11
7276 9.551339e-11
7277 9.549015e-11
7278 9.546693e-11
7279 9.544371e-11
7280 9.542050e-11
7281 9.539730e-11
7282 9.537411e-11
7283 9.535093e-11
7284 9.532775e-11
7285 9.530459e-11
7286 9.528143e-11
7287 9.525828e-11
7288 9.523515e-11
7289 9.521202e-11
7290 9.518890e-11
7291 9.516578e-11
7292 9.514268e-11
7293 9.511959e-11
7294 9.509650e-11
7295 9.507342e-11
7296 9.505036e-11
7297 9.502730e-11
7298 9.500424e-11
7299 9.498120e-11
7300 9.495817e-11
7301 9.493515e-11
7302 9.491213e-11
7303 9.488912e-11
7304 9.486612e-11
7305 9.484313e-11
7306 9.482015e-11
7307 9.479718e-11
7308 9.477422e-11
7309 9.475126e-11
7310 9.472832e-11
7311 9.470538e-11
7312 9.468245e-11
7313 9.465953e-11
7314 9.463662e-11
7315 9.461372e-11
7316 9.459082e-11
7317 9.456794e-11
7318 9.454506e-11
7319 9.452219e-11
7320 9.449934e-11
7321 9.447648e-11
7322 9.445364e-11
7323 9.443081e-11
7324 9.440798e-11
7325 9.438517e-11
7326 9.436236e-11
7327 9.433956e-11
7328 9.431677e-11
7329 9.429399e-11
7330 9.427122e-11
7331 9.424845e-11
7332 9.422570e-11
7333 9.420295e-11
7334 9.418021e-11
7335 9.415748e-11
7336 9.413476e-11
7337 9.411205e-11
7338 9.408934e-11
7339 9.406665e-11
7340 9.404396e-11
7341 9.402128e-11
7342 9.399861e-11
7343 9.397595e-11
7344 9.395330e-11
7345 9.393065e-11
7346 9.390802e-11
7347 9.388539e-11
7348 9.386277e-11
7349 9.384016e-11
7350 9.381756e-11
7351 9.379497e-11
7352 9.377238e-11
7353 9.374981e-11
7354 9.372724e-11
7355 9.370468e-11
7356 9.368213e-11
7357 9.365959e-11
7358 9.363705e-11
7359 9.361453e-11
7360 9.359201e-11
7361 9.356950e-11
7362 9.354700e-11
7363 9.352451e-11
7364 9.350203e-11
7365 9.347955e-11
7366 9.345709e-11
7367 9.343463e-11
7368 9.341218e-11
7369 9.338974e-11
7370 9.336731e-11
7371 9.334488e-11
7372 9.332247e-11
7373 9.330006e-11
7374 9.327766e-11
7375 9.325527e-11
7376 9.323289e-11
7377 9.321052e-11
7378 9.318815e-11
7379 9.316580e-11
7380 9.314345e-11
7381 9.312111e-11
7382 9.309878e-11
7383 9.307646e-11
7384 9.305414e-11
7385 9.303183e-11
7386 9.300954e-11
7387 9.298725e-11
7388 9.296497e-11
7389 9.294269e-11
7390 9.292043e-11
7391 9.289817e-11
7392 9.287593e-11
7393 9.285369e-11
7394 9.283146e-11
7395 9.280923e-11
7396 9.278702e-11
7397 9.276481e-11
7398 9.274261e-11
7399 9.272042e-11
7400 9.269824e-11
7401 9.267607e-11
7402 9.265391e-11
7403 9.263175e-11
7404 9.260960e-11
7405 9.258746e-11
7406 9.256533e-11
7407 9.254321e-11
7408 9.252109e-11
7409 9.249899e-11
7410 9.247689e-11
7411 9.245480e-11
7412 9.243272e-11
7413 9.241064e-11
7414 9.238858e-11
7415 9.236652e-11
7416 9.234447e-11
7417 9.232243e-11
7418 9.230040e-11
7419 9.227838e-11
7420 9.225636e-11
7421 9.223435e-11
7422 9.221235e-11
7423 9.219036e-11
7424 9.216838e-11
7425 9.214640e-11
7426 9.212444e-11
7427 9.210248e-11
7428 9.208053e-11
7429 9.205859e-11
7430 9.203665e-11
7431 9.201473e-11
7432 9.199281e-11
7433 9.197090e-11
7434 9.194900e-11
7435 9.192711e-11
7436 9.190522e-11
7437 9.188334e-11
7438 9.186147e-11
7439 9.183961e-11
7440 9.181776e-11
7441 9.179592e-11
7442 9.177408e-11
7443 9.175225e-11
7444 9.173043e-11
7445 9.170862e-11
7446 9.168682e-11
7447 9.166502e-11
7448 9.164324e-11
7449 9.162146e-11
7450 9.159969e-11
7451 9.157792e-11
7452 9.155617e-11
7453 9.153442e-11
7454 9.151268e-11
7455 9.149095e-11
7456 9.146923e-11
7457 9.144751e-11
7458 9.142581e-11
7459 9.140411e-11
7460 9.138242e-11
7461 9.136074e-11
7462 9.133906e-11
7463 9.131740e-11
7464 9.129574e-11
7465 9.127409e-11
7466 9.125245e-11
7467 9.123081e-11
7468 9.120919e-11
7469 9.118757e-11
7470 9.116596e-11
7471 9.114436e-11
7472 9.112276e-11
7473 9.110118e-11
7474 9.107960e-11
7475 9.105803e-11
7476 9.103647e-11
7477 9.101491e-11
7478 9.099337e-11
7479 9.097183e-11
7480 9.095030e-11
7481 9.092878e-11
7482 9.090726e-11
7483 9.088576e-11
7484 9.086426e-11
7485 9.084277e-11
7486 9.082128e-11
7487 9.079981e-11
7488 9.077834e-11
7489 9.075689e-11
7490 9.073543e-11
7491 9.071399e-11
7492 9.069256e-11
7493 9.067113e-11
7494 9.064971e-11
7495 9.062830e-11
7496 9.060690e-11
7497 9.058550e-11
7498 9.056412e-11
7499 9.054274e-11
7500 9.052137e-11
7501 9.050000e-11
7502 9.047865e-11
7503 9.045730e-11
7504 9.043596e-11
7505 9.041463e-11
7506 9.039330e-11
7507 9.037199e-11
7508 9.035068e-11
7509 9.032938e-11
7510 9.030808e-11
7511 9.028680e-11
7512 9.026552e-11
7513 9.024425e-11
7514 9.022299e-11
7515 9.020174e-11
7516 9.018049e-11
7517 9.015926e-11
7518 9.013803e-11
7519 9.011680e-11
7520 9.009559e-11
7521 9.007438e-11
7522 9.005318e-11
7523 9.003199e-11
7524 9.001081e-11
7525 8.998964e-11
7526 8.996847e-11
7527 8.994731e-11
7528 8.992616e-11
7529 8.990501e-11
7530 8.988388e-11
7531 8.986275e-11
7532 8.984163e-11
7533 8.982051e-11
7534 8.979941e-11
7535 8.977831e-11
7536 8.975722e-11
7537 8.973614e-11
7538 8.971507e-11
7539 8.969400e-11
7540 8.967294e-11
7541 8.965189e-11
7542 8.963085e-11
7543 8.960981e-11
7544 8.958878e-11
7545 8.956776e-11
7546 8.954675e-11
7547 8.952575e-11
7548 8.950475e-11
7549 8.948376e-11
7550 8.946278e-11
7551 8.944180e-11
7552 8.942084e-11
7553 8.939988e-11
7554 8.937893e-11
7555 8.935799e-11
7556 8.933705e-11
7557 8.931612e-11
7558 8.929520e-11
7559 8.927429e-11
7560 8.925338e-11
7561 8.923249e-11
7562 8.921160e-11
7563 8.919072e-11
7564 8.916984e-11
7565 8.914898e-11
7566 8.912812e-11
7567 8.910727e-11
7568 8.908642e-11
7569 8.906559e-11
7570 8.904476e-11
7571 8.902394e-11
7572 8.900312e-11
7573 8.898232e-11
7574 8.896152e-11
7575 8.894073e-11
7576 8.891995e-11
7577 8.889917e-11
7578 8.887841e-11
7579 8.885765e-11
7580 8.883689e-11
7581 8.881615e-11
7582 8.879541e-11
7583 8.877468e-11
7584 8.875396e-11
7585 8.873325e-11
7586 8.871254e-11
7587 8.869184e-11
7588 8.867115e-11
7589 8.865046e-11
7590 8.862979e-11
7591 8.860912e-11
7592 8.858846e-11
7593 8.856780e-11
7594 8.854716e-11
7595 8.852652e-11
7596 8.850589e-11
7597 8.848526e-11
7598 8.846465e-11
7599 8.844404e-11
7600 8.842344e-11
7601 8.840284e-11
7602 8.838225e-11
7603 8.836168e-11
7604 8.834110e-11
7605 8.832054e-11
7606 8.829998e-11
7607 8.827944e-11
7608 8.825889e-11
7609 8.823836e-11
7610 8.821783e-11
7611 8.819732e-11
7612 8.817680e-11
7613 8.815630e-11
7614 8.813580e-11
7615 8.811531e-11
7616 8.809483e-11
7617 8.807436e-11
7618 8.805389e-11
7619 8.803343e-11
7620 8.801298e-11
7621 8.799254e-11
7622 8.797210e-11
7623 8.795167e-11
7624 8.793125e-11
7625 8.791083e-11
7626 8.789042e-11
7627 8.787003e-11
7628 8.784963e-11
7629 8.782925e-11
7630 8.780887e-11
7631 8.778850e-11
7632 8.776814e-11
7633 8.774778e-11
7634 8.772743e-11
7635 8.770709e-11
7636 8.768676e-11
7637 8.766643e-11
7638 8.764611e-11
7639 8.762580e-11
7640 8.760550e-11
7641 8.758520e-11
7642 8.756491e-11
7643 8.754463e-11
7644 8.752436e-11
7645 8.750409e-11
7646 8.748383e-11
7647 8.746358e-11
7648 8.744333e-11
7649 8.742309e-11
7650 8.740286e-11
7651 8.738264e-11
7652 8.736243e-11
7653 8.734222e-11
7654 8.732202e-11
7655 8.730182e-11
7656 8.728164e-11
7657 8.726146e-11
7658 8.724128e-11
7659 8.722112e-11
7660 8.720096e-11
7661 8.718081e-11
7662 8.716067e-11
7663 8.714053e-11
7664 8.712017e-11
7665 8.709965e-11
7666 8.707913e-11
7667 8.705863e-11
7668 8.703813e-11
7669 8.701764e-11
7670 8.699715e-11
7671 8.697667e-11
7672 8.695621e-11
7673 8.693574e-11
7674 8.691529e-11
7675 8.689484e-11
7676 8.687440e-11
7677 8.685397e-11
7678 8.683355e-11
7679 8.681313e-11
7680 8.679272e-11
7681 8.677232e-11
7682 8.675192e-11
7683 8.673154e-11
7684 8.671116e-11
7685 8.669078e-11
7686 8.667042e-11
7687 8.665006e-11
7688 8.662971e-11
7689 8.660937e-11
7690 8.658903e-11
7691 8.656871e-11
7692 8.654839e-11
7693 8.652807e-11
7694 8.650777e-11
7695 8.648747e-11
7696 8.646718e-11
7697 8.644690e-11
7698 8.642662e-11
7699 8.640635e-11
7700 8.638609e-11
7701 8.636584e-11
7702 8.634559e-11
7703 8.632535e-11
7704 8.630512e-11
7705 8.628490e-11
7706 8.626468e-11
7707 8.624447e-11
7708 8.622427e-11
7709 8.620407e-11
7710 8.618388e-11
7711 8.616370e-11
7712 8.614353e-11
7713 8.612337e-11
7714 8.610321e-11
7715 8.608306e-11
7716 8.606291e-11
7717 8.604278e-11
7718 8.602265e-11
7719 8.600253e-11
7720 8.598241e-11
7721 8.596231e-11
7722 8.594221e-11
7723 8.592211e-11
7724 8.590203e-11
7725 8.588195e-11
7726 8.586188e-11
7727 8.584182e-11
7728 8.582176e-11
7729 8.580171e-11
7730 8.578167e-11
7731 8.576164e-11
7732 8.574161e-11
7733 8.572159e-11
7734 8.570158e-11
7735 8.568158e-11
7736 8.566158e-11
7737 8.564159e-11
7738 8.562160e-11
7739 8.560163e-11
7740 8.558166e-11
7741 8.556170e-11
7742 8.554174e-11
7743 8.552180e-11
7744 8.550186e-11
7745 8.548192e-11
7746 8.546200e-11
7747 8.544208e-11
7748 8.542217e-11
7749 8.540227e-11
7750 8.538237e-11
7751 8.536248e-11
7752 8.534260e-11
7753 8.532272e-11
7754 8.530286e-11
7755 8.528300e-11
7756 8.526314e-11
7757 8.524330e-11
7758 8.522346e-11
7759 8.520363e-11
7760 8.518380e-11
7761 8.516398e-11
7762 8.514417e-11
7763 8.512437e-11
7764 8.510457e-11
7765 8.508478e-11
7766 8.506500e-11
7767 8.504523e-11
7768 8.502546e-11
7769 8.500570e-11
7770 8.498595e-11
7771 8.496620e-11
7772 8.494646e-11
7773 8.492673e-11
7774 8.490701e-11
7775 8.488729e-11
7776 8.486758e-11
7777 8.484788e-11
7778 8.482818e-11
7779 8.480849e-11
7780 8.478881e-11
7781 8.476913e-11
7782 8.474947e-11
7783 8.472980e-11
7784 8.471015e-11
7785 8.469050e-11
7786 8.467087e-11
7787 8.465123e-11
7788 8.463161e-11
7789 8.461199e-11
7790 8.459238e-11
7791 8.457277e-11
7792 8.455318e-11
7793 8.453359e-11
7794 8.451400e-11
7795 8.449443e-11
7796 8.447486e-11
7797 8.445530e-11
7798 8.443574e-11
7799 8.441620e-11
7800 8.439665e-11
7801 8.437712e-11
7802 8.435759e-11
7803 8.433807e-11
7804 8.431856e-11
7805 8.429906e-11
7806 8.427956e-11
7807 8.426007e-11
7808 8.424058e-11
7809 8.422110e-11
7810 8.420163e-11
7811 8.418217e-11
7812 8.416271e-11
7813 8.414326e-11
7814 8.412382e-11
7815 8.410439e-11
7816 8.408496e-11
7817 8.406553e-11
7818 8.404612e-11
7819 8.402671e-11
7820 8.400731e-11
7821 8.398792e-11
7822 8.396853e-11
7823 8.394915e-11
7824 8.392978e-11
7825 8.391041e-11
7826 8.389105e-11
7827 8.387170e-11
7828 8.385236e-11
7829 8.383302e-11
7830 8.381369e-11
7831 8.379436e-11
7832 8.377504e-11
7833 8.375573e-11
7834 8.373643e-11
7835 8.371713e-11
7836 8.369784e-11
7837 8.367856e-11
7838 8.365928e-11
7839 8.364001e-11
7840 8.362075e-11
7841 8.360150e-11
7842 8.358225e-11
7843 8.356301e-11
7844 8.354377e-11
7845 8.352454e-11
7846 8.350532e-11
7847 8.348611e-11
7848 8.346690e-11
7849 8.344770e-11
7850 8.342851e-11
7851 8.340932e-11
7852 8.339014e-11
7853 8.337097e-11
7854 8.335180e-11
7855 8.333264e-11
7856 8.331349e-11
7857 8.329435e-11
7858 8.327521e-11
7859 8.325608e-11
7860 8.323695e-11
7861 8.321783e-11
7862 8.319872e-11
7863 8.317962e-11
7864 8.316052e-11
7865 8.314143e-11
7866 8.312234e-11
7867 8.310327e-11
7868 8.308420e-11
7869 8.306513e-11
7870 8.304607e-11
7871 8.302702e-11
7872 8.300798e-11
7873 8.298894e-11
7874 8.296992e-11
7875 8.295089e-11
7876 8.293188e-11
7877 8.291287e-11
7878 8.289386e-11
7879 8.287487e-11
7880 8.285588e-11
7881 8.283690e-11
7882 8.281792e-11
7883 8.279895e-11
7884 8.277999e-11
7885 8.276103e-11
7886 8.274209e-11
7887 8.272314e-11
7888 8.270421e-11
7889 8.268528e-11
7890 8.266636e-11
7891 8.264744e-11
7892 8.262854e-11
7893 8.260963e-11
7894 8.259074e-11
7895 8.257185e-11
7896 8.255297e-11
7897 8.253409e-11
7898 8.251523e-11
7899 8.249637e-11
7900 8.247751e-11
7901 8.245866e-11
7902 8.243982e-11
7903 8.242099e-11
7904 8.240216e-11
7905 8.238334e-11
7906 8.236452e-11
7907 8.234572e-11
7908 8.232691e-11
7909 8.230812e-11
7910 8.228933e-11
7911 8.227055e-11
7912 8.225178e-11
7913 8.223301e-11
7914 8.221425e-11
7915 8.219549e-11
7916 8.217675e-11
7917 8.215800e-11
7918 8.213927e-11
7919 8.212054e-11
7920 8.210182e-11
7921 8.208311e-11
7922 8.206440e-11
7923 8.204570e-11
7924 8.202700e-11
7925 8.200831e-11
7926 8.198963e-11
7927 8.197096e-11
7928 8.195229e-11
7929 8.193363e-11
7930 8.191497e-11
7931 8.189632e-11
7932 8.187768e-11
7933 8.185905e-11
7934 8.184042e-11
7935 8.182180e-11
7936 8.180318e-11
7937 8.178457e-11
7938 8.176597e-11
7939 8.174737e-11
7940 8.172878e-11
7941 8.171020e-11
7942 8.169162e-11
7943 8.167305e-11
7944 8.165449e-11
7945 8.163594e-11
7946 8.161739e-11
7947 8.159884e-11
7948 8.158030e-11
7949 8.156177e-11
7950 8.154325e-11
7951 8.152473e-11
7952 8.150622e-11
7953 8.148772e-11
7954 8.146922e-11
7955 8.145073e-11
7956 8.143225e-11
7957 8.141377e-11
7958 8.139530e-11
7959 8.137683e-11
7960 8.135837e-11
7961 8.133992e-11
7962 8.132147e-11
7963 8.130304e-11
7964 8.128460e-11
7965 8.126618e-11
7966 8.124776e-11
7967 8.122934e-11
7968 8.121094e-11
7969 8.119254e-11
7970 8.117414e-11
7971 8.115576e-11
7972 8.113738e-11
7973 8.111900e-11
7974 8.110063e-11
7975 8.108227e-11
7976 8.106392e-11
7977 8.104557e-11
7978 8.102723e-11
7979 8.100889e-11
7980 8.099056e-11
7981 8.097224e-11
7982 8.095393e-11
7983 8.093562e-11
7984 8.091731e-11
7985 8.089902e-11
7986 8.088072e-11
7987 8.086244e-11
7988 8.084416e-11
7989 8.082589e-11
7990 8.080763e-11
7991 8.078937e-11
7992 8.077112e-11
7993 8.075287e-11
7994 8.073463e-11
7995 8.071640e-11
7996 8.069817e-11
7997 8.067995e-11
7998 8.066174e-11
7999 8.064353e-11
8000 8.062533e-11
8001 8.060714e-11
8002 8.058895e-11
8003 8.057077e-11
8004 8.055259e-11
8005 8.053442e-11
8006 8.051626e-11
8007 8.049811e-11
8008 8.047996e-11
8009 8.046181e-11
8010 8.044368e-11
8011 8.042554e-11
8012 8.040742e-11
8013 8.038930e-11
8014 8.037119e-11
8015 8.035309e-11
8016 8.033499e-11
8017 8.031689e-11
8018 8.029881e-11
8019 8.028073e-11
8020 8.026265e-11
8021 8.024459e-11
8022 8.022653e-11
8023 8.020847e-11
8024 8.019042e-11
8025 8.017238e-11
8026 8.015434e-11
8027 8.013631e-11
8028 8.011829e-11
8029 8.010027e-11
8030 8.008226e-11
8031 8.006426e-11
8032 8.004626e-11
8033 8.002827e-11
8034 8.001028e-11
8035 7.999231e-11
8036 7.997433e-11
8037 7.995637e-11
8038 7.993841e-11
8039 7.992045e-11
8040 7.990250e-11
8041 7.988456e-11
8042 7.986663e-11
8043 7.984870e-11
8044 7.983078e-11
8045 7.981286e-11
8046 7.979495e-11
8047 7.977704e-11
8048 7.975915e-11
8049 7.974126e-11
8050 7.972337e-11
8051 7.970549e-11
8052 7.968762e-11
8053 7.966975e-11
8054 7.965189e-11
8055 7.963404e-11
8056 7.961619e-11
8057 7.959835e-11
8058 7.958051e-11
8059 7.956268e-11
8060 7.954486e-11
8061 7.952704e-11
8062 7.950923e-11
8063 7.949143e-11
8064 7.947363e-11
8065 7.945584e-11
8066 7.943805e-11
8067 7.942027e-11
8068 7.940250e-11
8069 7.938473e-11
8070 7.936697e-11
8071 7.934921e-11
8072 7.933146e-11
8073 7.931372e-11
8074 7.929599e-11
8075 7.927825e-11
8076 7.926053e-11
8077 7.924281e-11
8078 7.922510e-11
8079 7.920739e-11
8080 7.918970e-11
8081 7.917200e-11
8082 7.915431e-11
8083 7.913663e-11
8084 7.911896e-11
8085 7.910129e-11
8086 7.908363e-11
8087 7.906597e-11
8088 7.904832e-11
8089 7.903067e-11
8090 7.901304e-11
8091 7.899540e-11
8092 7.897778e-11
8093 7.896016e-11
8094 7.894254e-11
8095 7.892494e-11
8096 7.890733e-11
8097 7.888974e-11
8098 7.887215e-11
8099 7.885457e-11
8100 7.883699e-11
8101 7.881942e-11
8102 7.880185e-11
8103 7.878429e-11
8104 7.876674e-11
8105 7.874919e-11
8106 7.873165e-11
8107 7.871412e-11
8108 7.869659e-11
8109 7.867907e-11
8110 7.866155e-11
8111 7.864404e-11
8112 7.862654e-11
8113 7.860904e-11
8114 7.859155e-11
8115 7.857406e-11
8116 7.855658e-11
8117 7.853910e-11
8118 7.852164e-11
8119 7.850417e-11
8120 7.848672e-11
8121 7.846927e-11
8122 7.845182e-11
8123 7.843439e-11
8124 7.841695e-11
8125 7.839953e-11
8126 7.838211e-11
8127 7.836469e-11
8128 7.834729e-11
8129 7.832988e-11
8130 7.831249e-11
8131 7.829510e-11
8132 7.827771e-11
8133 7.826034e-11
8134 7.824297e-11
8135 7.822560e-11
8136 7.820824e-11
8137 7.819089e-11
8138 7.817354e-11
8139 7.815620e-11
8140 7.813886e-11
8141 7.812153e-11
8142 7.810421e-11
8143 7.808689e-11
8144 7.806958e-11
8145 7.805227e-11
8146 7.803497e-11
8147 7.801767e-11
8148 7.800039e-11
8149 7.798310e-11
8150 7.796583e-11
8151 7.794856e-11
8152 7.793129e-11
8153 7.791403e-11
8154 7.789678e-11
8155 7.787953e-11
8156 7.786229e-11
8157 7.784506e-11
8158 7.782783e-11
8159 7.781061e-11
8160 7.779339e-11
8161 7.777618e-11
8162 7.775897e-11
8163 7.774177e-11
8164 7.772458e-11
8165 7.770739e-11
8166 7.769021e-11
8167 7.767304e-11
8168 7.765587e-11
8169 7.763870e-11
8170 7.762154e-11
8171 7.760439e-11
8172 7.758725e-11
8173 7.757011e-11
8174 7.755297e-11
8175 7.753584e-11
8176 7.751872e-11
8177 7.750160e-11
8178 7.748449e-11
8179 7.746739e-11
8180 7.745029e-11
8181 7.743320e-11
8182 7.741611e-11
8183 7.739903e-11
8184 7.738195e-11
8185 7.736488e-11
8186 7.734782e-11
8187 7.733076e-11
8188 7.731371e-11
8189 7.729666e-11
8190 7.727962e-11
8191 7.726258e-11
8192 7.724556e-11
8193 7.722853e-11
8194 7.721151e-11
8195 7.719450e-11
8196 7.717750e-11
8197 7.716050e-11
8198 7.714350e-11
8199 7.712652e-11
8200 7.710953e-11
8201 7.709256e-11
8202 7.707559e-11
8203 7.705862e-11
8204 7.704166e-11
8205 7.702471e-11
8206 7.700776e-11
8207 7.699082e-11
8208 7.697388e-11
8209 7.695695e-11
8210 7.694003e-11
8211 7.692311e-11
8212 7.690620e-11
8213 7.688929e-11
8214 7.687239e-11
8215 7.685528e-11
8216 7.683806e-11
8217 7.682086e-11
8218 7.680365e-11
8219 7.678646e-11
8220 7.676927e-11
8221 7.675208e-11
8222 7.673490e-11
8223 7.671773e-11
8224 7.670056e-11
8225 7.668340e-11
8226 7.666625e-11
8227 7.664910e-11
8228 7.663196e-11
8229 7.661482e-11
8230 7.659769e-11
8231 7.658056e-11
8232 7.656344e-11
8233 7.654633e-11
8234 7.652922e-11
8235 7.651212e-11
8236 7.649503e-11
8237 7.647794e-11
8238 7.646085e-11
8239 7.644377e-11
8240 7.642670e-11
8241 7.640963e-11
8242 7.639257e-11
8243 7.637552e-11
8244 7.635847e-11
8245 7.634143e-11
8246 7.632439e-11
8247 7.630736e-11
8248 7.629033e-11
8249 7.627332e-11
8250 7.625630e-11
8251 7.623929e-11
8252 7.622229e-11
8253 7.620530e-11
8254 7.618831e-11
8255 7.617132e-11
8256 7.615434e-11
8257 7.613737e-11
8258 7.612040e-11
8259 7.610344e-11
8260 7.608649e-11
8261 7.606954e-11
8262 7.605260e-11
8263 7.603566e-11
8264 7.601873e-11
8265 7.600180e-11
8266 7.598488e-11
8267 7.596797e-11
8268 7.595106e-11
8269 7.593415e-11
8270 7.591726e-11
8271 7.590037e-11
8272 7.588348e-11
8273 7.586660e-11
8274 7.584973e-11
8275 7.583286e-11
8276 7.581600e-11
8277 7.579914e-11
8278 7.578229e-11
8279 7.576545e-11
8280 7.574861e-11
8281 7.573177e-11
8282 7.571495e-11
8283 7.569812e-11
8284 7.568131e-11
8285 7.566450e-11
8286 7.564769e-11
8287 7.563090e-11
8288 7.561410e-11
8289 7.559732e-11
8290 7.558053e-11
8291 7.556376e-11
8292 7.554699e-11
8293 7.553022e-11
8294 7.551347e-11
8295 7.549671e-11
8296 7.547997e-11
8297 7.546323e-11
8298 7.544649e-11
8299 7.542976e-11
8300 7.541304e-11
8301 7.539632e-11
8302 7.537961e-11
8303 7.536290e-11
8304 7.534620e-11
8305 7.532950e-11
8306 7.531281e-11
8307 7.529613e-11
8308 7.527945e-11
8309 7.526278e-11
8310 7.524611e-11
8311 7.522945e-11
8312 7.521279e-11
8313 7.519614e-11
8314 7.517950e-11
8315 7.516286e-11
8316 7.514623e-11
8317 7.512960e-11
8318 7.511298e-11
8319 7.509636e-11
8320 7.507975e-11
8321 7.506315e-11
8322 7.504655e-11
8323 7.502996e-11
8324 7.501337e-11
8325 7.499679e-11
8326 7.498021e-11
8327 7.496364e-11
8328 7.494708e-11
8329 7.493052e-11
8330 7.491397e-11
8331 7.489742e-11
8332 7.488088e-11
8333 7.486434e-11
8334 7.484781e-11
8335 7.483128e-11
8336 7.481476e-11
8337 7.479825e-11
8338 7.478174e-11
8339 7.476524e-11
8340 7.474874e-11
8341 7.473225e-11
8342 7.471576e-11
8343 7.469928e-11
8344 7.468281e-11
8345 7.466634e-11
8346 7.464988e-11
8347 7.463342e-11
8348 7.461697e-11
8349 7.460052e-11
8350 7.458408e-11
8351 7.456764e-11
8352 7.455121e-11
8353 7.453479e-11
8354 7.451837e-11
8355 7.450196e-11
8356 7.448555e-11
8357 7.446915e-11
8358 7.445275e-11
8359 7.443636e-11
8360 7.441997e-11
8361 7.440359e-11
8362 7.438722e-11
8363 7.437085e-11
8364 7.435449e-11
8365 7.433813e-11
8366 7.432178e-11
8367 7.430543e-11
8368 7.428909e-11
8369 7.427276e-11
8370 7.425643e-11
8371 7.424010e-11
8372 7.422378e-11
8373 7.420747e-11
8374 7.419116e-11
8375 7.417486e-11
8376 7.415856e-11
8377 7.414227e-11
8378 7.412599e-11
8379 7.410971e-11
8380 7.409343e-11
8381 7.407716e-11
8382 7.406090e-11
8383 7.404464e-11
8384 7.402839e-11
8385 7.401214e-11
8386 7.399590e-11
8387 7.397967e-11
8388 7.396344e-11
8389 7.394721e-11
8390 7.393099e-11
8391 7.391478e-11
8392 7.389857e-11
8393 7.388237e-11
8394 7.386617e-11
8395 7.384998e-11
8396 7.383379e-11
8397 7.381761e-11
8398 7.380143e-11
8399 7.378526e-11
8400 7.376910e-11
8401 7.375294e-11
8402 7.373679e-11
8403 7.372064e-11
8404 7.370449e-11
8405 7.368836e-11
8406 7.367223e-11
8407 7.365610e-11
8408 7.363998e-11
8409 7.362386e-11
8410 7.360775e-11
8411 7.359165e-11
8412 7.357555e-11
8413 7.355945e-11
8414 7.354337e-11
8415 7.352728e-11
8416 7.351121e-11
8417 7.349513e-11
8418 7.347907e-11
8419 7.346301e-11
8420 7.344695e-11
8421 7.343090e-11
8422 7.341485e-11
8423 7.339882e-11
8424 7.338278e-11
8425 7.336675e-11
8426 7.335073e-11
8427 7.333471e-11
8428 7.331870e-11
8429 7.330269e-11
8430 7.328669e-11
8431 7.327069e-11
8432 7.325470e-11
8433 7.323872e-11
8434 7.322274e-11
8435 7.320676e-11
8436 7.319079e-11
8437 7.317483e-11
8438 7.315887e-11
8439 7.314292e-11
8440 7.312697e-11
8441 7.311103e-11
8442 7.309509e-11
8443 7.307916e-11
8444 7.306323e-11
8445 7.304731e-11
8446 7.303139e-11
8447 7.301548e-11
8448 7.299958e-11
8449 7.298368e-11
8450 7.296778e-11
8451 7.295189e-11
8452 7.293601e-11
8453 7.292013e-11
8454 7.290426e-11
8455 7.288839e-11
8456 7.287253e-11
8457 7.285667e-11
8458 7.284082e-11
8459 7.282497e-11
8460 7.280913e-11
8461 7.279330e-11
8462 7.277747e-11
8463 7.276164e-11
8464 7.274582e-11
8465 7.273001e-11
8466 7.271420e-11
8467 7.269839e-11
8468 7.268259e-11
8469 7.266680e-11
8470 7.265101e-11
8471 7.263523e-11
8472 7.261945e-11
8473 7.260368e-11
8474 7.258791e-11
8475 7.257215e-11
8476 7.255640e-11
8477 7.254064e-11
8478 7.252490e-11
8479 7.250916e-11
8480 7.249342e-11
8481 7.247769e-11
8482 7.246197e-11
8483 7.244625e-11
8484 7.243053e-11
8485 7.241483e-11
8486 7.239912e-11
8487 7.238342e-11
8488 7.236773e-11
8489 7.235204e-11
8490 7.233636e-11
8491 7.232068e-11
8492 7.230501e-11
8493 7.228934e-11
8494 7.227368e-11
8495 7.225803e-11
8496 7.224237e-11
8497 7.222673e-11
8498 7.221109e-11
8499 7.219545e-11
8500 7.217982e-11
8501 7.216420e-11
8502 7.214858e-11
8503 7.213296e-11
8504 7.211735e-11
8505 7.210175e-11
8506 7.208615e-11
8507 7.207056e-11
8508 7.205497e-11
8509 7.203938e-11
8510 7.202381e-11
8511 7.200823e-11
8512 7.199267e-11
8513 7.197710e-11
8514 7.196155e-11
8515 7.194599e-11
8516 7.193045e-11
8517 7.191490e-11
8518 7.189937e-11
8519 7.188384e-11
8520 7.186831e-11
8521 7.185279e-11
8522 7.183727e-11
8523 7.182176e-11
8524 7.180626e-11
8525 7.179076e-11
8526 7.177526e-11
8527 7.175977e-11
8528 7.174429e-11
8529 7.172881e-11
8530 7.171333e-11
8531 7.169786e-11
8532 7.168240e-11
8533 7.166694e-11
8534 7.165148e-11
8535 7.163604e-11
8536 7.162059e-11
8537 7.160515e-11
8538 7.158972e-11
8539 7.157429e-11
8540 7.155887e-11
8541 7.154345e-11
8542 7.152804e-11
8543 7.151263e-11
8544 7.149723e-11
8545 7.148183e-11
8546 7.146644e-11
8547 7.145105e-11
8548 7.143567e-11
8549 7.142029e-11
8550 7.140492e-11
8551 7.138955e-11
8552 7.137419e-11
8553 7.135883e-11
8554 7.134348e-11
8555 7.132813e-11
8556 7.131279e-11
8557 7.129746e-11
8558 7.128212e-11
8559 7.126680e-11
8560 7.125148e-11
8561 7.123616e-11
8562 7.122085e-11
8563 7.120554e-11
8564 7.119024e-11
8565 7.117495e-11
8566 7.115966e-11
8567 7.114437e-11
8568 7.112909e-11
8569 7.111382e-11
8570 7.109855e-11
8571 7.108328e-11
8572 7.106802e-11
8573 7.105276e-11
8574 7.103751e-11
8575 7.102227e-11
8576 7.100703e-11
8577 7.099179e-11
8578 7.097656e-11
8579 7.096134e-11
8580 7.094612e-11
8581 7.093090e-11
8582 7.091569e-11
8583 7.090049e-11
8584 7.088529e-11
8585 7.087010e-11
8586 7.085491e-11
8587 7.083972e-11
8588 7.082454e-11
8589 7.080937e-11
8590 7.079420e-11
8591 7.077903e-11
8592 7.076387e-11
8593 7.074872e-11
8594 7.073357e-11
8595 7.071842e-11
8596 7.070329e-11
8597 7.068815e-11
8598 7.067302e-11
8599 7.065790e-11
8600 7.064278e-11
8601 7.062766e-11
8602 7.061255e-11
8603 7.059745e-11
8604 7.058235e-11
8605 7.056725e-11
8606 7.055216e-11
8607 7.053708e-11
8608 7.052200e-11
8609 7.050693e-11
8610 7.049186e-11
8611 7.047679e-11
8612 7.046173e-11
8613 7.044668e-11
8614 7.043163e-11
8615 7.041658e-11
8616 7.040154e-11
8617 7.038651e-11
8618 7.037148e-11
8619 7.035645e-11
8620 7.034143e-11
8621 7.032642e-11
8622 7.031141e-11
8623 7.029640e-11
8624 7.028140e-11
8625 7.026641e-11
8626 7.025142e-11
8627 7.023643e-11
8628 7.022145e-11
8629 7.020647e-11
8630 7.019150e-11
8631 7.017654e-11
8632 7.016158e-11
8633 7.014662e-11
8634 7.013167e-11
8635 7.011672e-11
8636 7.010178e-11
8637 7.008685e-11
8638 7.007191e-11
8639 7.005699e-11
8640 7.004207e-11
8641 7.002715e-11
8642 7.001224e-11
8643 6.999733e-11
8644 6.998243e-11
8645 6.996753e-11
8646 6.995264e-11
8647 6.993775e-11
8648 6.992287e-11
8649 6.990799e-11
8650 6.989312e-11
8651 6.987825e-11
8652 6.986339e-11
8653 6.984853e-11
8654 6.983368e-11
8655 6.981883e-11
8656 6.980399e-11
8657 6.978915e-11
8658 6.977431e-11
8659 6.975949e-11
8660 6.974466e-11
8661 6.972984e-11
8662 6.971503e-11
8663 6.970022e-11
8664 6.968542e-11
8665 6.967062e-11
8666 6.965582e-11
8667 6.964103e-11
8668 6.962625e-11
8669 6.961147e-11
8670 6.959669e-11
8671 6.958192e-11
8672 6.956715e-11
8673 6.955239e-11
8674 6.953764e-11
8675 6.952289e-11
8676 6.950814e-11
8677 6.949340e-11
8678 6.947866e-11
8679 6.946393e-11
8680 6.944920e-11
8681 6.943448e-11
8682 6.941976e-11
8683 6.940505e-11
8684 6.939034e-11
8685 6.937564e-11
8686 6.936094e-11
8687 6.934625e-11
8688 6.933156e-11
8689 6.931688e-11
8690 6.930220e-11
8691 6.928752e-11
8692 6.927285e-11
8693 6.925819e-11
8694 6.924353e-11
8695 6.922887e-11
8696 6.921422e-11
8697 6.919958e-11
8698 6.918494e-11
8699 6.917030e-11
8700 6.915567e-11
8701 6.914104e-11
8702 6.912642e-11
8703 6.911181e-11
8704 6.909719e-11
8705 6.908259e-11
8706 6.906798e-11
8707 6.905339e-11
8708 6.903879e-11
8709 6.902421e-11
8710 6.900962e-11
8711 6.899504e-11
8712 6.898047e-11
8713 6.896590e-11
8714 6.895134e-11
8715 6.893678e-11
8716 6.892222e-11
8717 6.890767e-11
8718 6.889313e-11
8719 6.887858e-11
8720 6.886405e-11
8721 6.884952e-11
8722 6.883499e-11
8723 6.882047e-11
8724 6.880595e-11
8725 6.879144e-11
8726 6.877693e-11
8727 6.876243e-11
8728 6.874793e-11
8729 6.873344e-11
8730 6.871895e-11
8731 6.870446e-11
8732 6.868999e-11
8733 6.867551e-11
8734 6.866104e-11
8735 6.864658e-11
8736 6.863212e-11
8737 6.861766e-11
8738 6.860321e-11
8739 6.858876e-11
8740 6.857432e-11
8741 6.855988e-11
8742 6.854545e-11
8743 6.853102e-11
8744 6.851660e-11
8745 6.850218e-11
8746 6.848777e-11
8747 6.847336e-11
8748 6.845896e-11
8749 6.844456e-11
8750 6.843016e-11
8751 6.841577e-11
8752 6.840139e-11
8753 6.838700e-11
8754 6.837263e-11
8755 6.835826e-11
8756 6.834389e-11
8757 6.832953e-11
8758 6.831517e-11
8759 6.830082e-11
8760 6.828647e-11
8761 6.827213e-11
8762 6.825779e-11
8763 6.824345e-11
8764 6.822912e-11
8765 6.821480e-11
8766 6.820048e-11
8767 6.818616e-11
8768 6.817185e-11
8769 6.815754e-11
8770 6.814324e-11
8771 6.812895e-11
8772 6.811465e-11
8773 6.810036e-11
8774 6.808608e-11
8775 6.807180e-11
8776 6.805753e-11
8777 6.804326e-11
8778 6.802899e-11
8779 6.801473e-11
8780 6.800048e-11
8781 6.798623e-11
8782 6.797198e-11
8783 6.795774e-11
8784 6.794350e-11
8785 6.792927e-11
8786 6.791504e-11
8787 6.790082e-11
8788 6.788660e-11
8789 6.787239e-11
8790 6.785818e-11
8791 6.784397e-11
8792 6.782977e-11
8793 6.781557e-11
8794 6.780138e-11
8795 6.778720e-11
8796 6.777301e-11
8797 6.775884e-11
8798 6.774466e-11
8799 6.773050e-11
8800 6.771633e-11
8801 6.770217e-11
8802 6.768802e-11
8803 6.767387e-11
8804 6.765972e-11
8805 6.764555e-11
8806 6.763116e-11
8807 6.761676e-11
8808 6.760238e-11
8809 6.758799e-11
8810 6.757362e-11
8811 6.755924e-11
8812 6.754487e-11
8813 6.753051e-11
8814 6.751615e-11
8815 6.750180e-11
8816 6.748745e-11
8817 6.747310e-11
8818 6.745876e-11
8819 6.744442e-11
8820 6.743009e-11
8821 6.741577e-11
8822 6.740144e-11
8823 6.738713e-11
8824 6.737282e-11
8825 6.735851e-11
8826 6.734420e-11
8827 6.732991e-11
8828 6.731561e-11
8829 6.730132e-11
8830 6.728704e-11
8831 6.727276e-11
8832 6.725848e-11
8833 6.724421e-11
8834 6.722995e-11
8835 6.721568e-11
8836 6.720143e-11
8837 6.718718e-11
8838 6.717293e-11
8839 6.715869e-11
8840 6.714445e-11
8841 6.713021e-11
8842 6.711599e-11
8843 6.710176e-11
8844 6.708754e-11
8845 6.707333e-11
8846 6.705912e-11
8847 6.704491e-11
8848 6.703071e-11
8849 6.701651e-11
8850 6.700232e-11
8851 6.698813e-11
8852 6.697395e-11
8853 6.695977e-11
8854 6.694560e-11
8855 6.693143e-11
8856 6.691726e-11
8857 6.690311e-11
8858 6.688895e-11
8859 6.687480e-11
8860 6.686065e-11
8861 6.684651e-11
8862 6.683238e-11
8863 6.681824e-11
8864 6.680412e-11
8865 6.678999e-11
8866 6.677587e-11
8867 6.676176e-11
8868 6.674765e-11
8869 6.673355e-11
8870 6.671945e-11
8871 6.670535e-11
8872 6.669126e-11
8873 6.667717e-11
8874 6.666309e-11
8875 6.664901e-11
8876 6.663494e-11
8877 6.662087e-11
8878 6.660681e-11
8879 6.659275e-11
8880 6.657869e-11
8881 6.656464e-11
8882 6.655060e-11
8883 6.653656e-11
8884 6.652252e-11
8885 6.650849e-11
8886 6.649446e-11
8887 6.648044e-11
8888 6.646642e-11
8889 6.645241e-11
8890 6.643840e-11
8891 6.642439e-11
8892 6.641039e-11
8893 6.639640e-11
8894 6.638241e-11
8895 6.636842e-11
8896 6.635444e-11
8897 6.634046e-11
8898 6.632649e-11
8899 6.631252e-11
8900 6.629856e-11
8901 6.628460e-11
8902 6.627064e-11
8903 6.625669e-11
8904 6.624274e-11
8905 6.622880e-11
8906 6.621487e-11
8907 6.620093e-11
8908 6.618701e-11
8909 6.617308e-11
8910 6.615916e-11
8911 6.614525e-11
8912 6.613134e-11
8913 6.611743e-11
8914 6.610353e-11
8915 6.608964e-11
8916 6.607574e-11
8917 6.606186e-11
8918 6.604797e-11
8919 6.603409e-11
8920 6.602022e-11
8921 6.600635e-11
8922 6.599248e-11
8923 6.597862e-11
8924 6.596477e-11
8925 6.595092e-11
8926 6.593707e-11
8927 6.592323e-11
8928 6.590939e-11
8929 6.589555e-11
8930 6.588172e-11
8931 6.586790e-11
8932 6.585408e-11
8933 6.584026e-11
8934 6.582645e-11
8935 6.581264e-11
8936 6.579884e-11
8937 6.578504e-11
8938 6.577125e-11
8939 6.575746e-11
8940 6.574367e-11
8941 6.572989e-11
8942 6.571612e-11
8943 6.570234e-11
8944 6.568858e-11
8945 6.567481e-11
8946 6.566105e-11
8947 6.564730e-11
8948 6.563355e-11
8949 6.561980e-11
8950 6.560606e-11
8951 6.559233e-11
8952 6.557860e-11
8953 6.556487e-11
8954 6.555114e-11
8955 6.553743e-11
8956 6.552371e-11
8957 6.551000e-11
8958 6.549630e-11
8959 6.548259e-11
8960 6.546890e-11
8961 6.545520e-11
8962 6.544152e-11
8963 6.542783e-11
8964 6.541415e-11
8965 6.540048e-11
8966 6.538681e-11
8967 6.537314e-11
8968 6.535948e-11
8969 6.534582e-11
8970 6.533217e-11
8971 6.531852e-11
8972 6.530488e-11
8973 6.529124e-11
8974 6.527760e-11
8975 6.526397e-11
8976 6.525034e-11
8977 6.523672e-11
8978 6.522310e-11
8979 6.520949e-11
8980 6.519588e-11
8981 6.518227e-11
8982 6.516867e-11
8983 6.515508e-11
8984 6.514148e-11
8985 6.512790e-11
8986 6.511431e-11
8987 6.510073e-11
8988 6.508716e-11
8989 6.507359e-11
8990 6.506002e-11
8991 6.504646e-11
8992 6.503291e-11
8993 6.501935e-11
8994 6.500580e-11
8995 6.499226e-11
8996 6.497872e-11
8997 6.496518e-11
8998 6.495165e-11
8999 6.493813e-11
9000 6.492460e-11
9001 6.491108e-11
9002 6.489757e-11
9003 6.488406e-11
9004 6.487056e-11
9005 6.485705e-11
9006 6.484356e-11
9007 6.483007e-11
9008 6.481658e-11
9009 6.480309e-11
9010 6.478961e-11
9011 6.477614e-11
9012 6.476267e-11
9013 6.474920e-11
9014 6.473574e-11
9015 6.472228e-11
9016 6.470883e-11
9017 6.469538e-11
9018 6.468193e-11
9019 6.466849e-11
9020 6.465505e-11
9021 6.464162e-11
9022 6.462819e-11
9023 6.461477e-11
9024 6.460135e-11
9025 6.458794e-11
9026 6.457452e-11
9027 6.456112e-11
9028 6.454772e-11
9029 6.453432e-11
9030 6.452092e-11
9031 6.450753e-11
9032 6.449415e-11
9033 6.448077e-11
9034 6.446739e-11
9035 6.445402e-11
9036 6.444065e-11
9037 6.442728e-11
9038 6.441393e-11
9039 6.440057e-11
9040 6.438722e-11
9041 6.437387e-11
9042 6.436053e-11
9043 6.434719e-11
9044 6.433386e-11
9045 6.432052e-11
9046 6.430720e-11
9047 6.429388e-11
9048 6.428056e-11
9049 6.426725e-11
9050 6.425394e-11
9051 6.424063e-11
9052 6.422733e-11
9053 6.421404e-11
9054 6.420074e-11
9055 6.418746e-11
9056 6.417417e-11
9057 6.416089e-11
9058 6.414762e-11
9059 6.413435e-11
9060 6.412108e-11
9061 6.410782e-11
9062 6.409456e-11
9063 6.408130e-11
9064 6.406805e-11
9065 6.405481e-11
9066 6.404157e-11
9067 6.402833e-11
9068 6.401510e-11
9069 6.400187e-11
9070 6.398864e-11
9071 6.397542e-11
9072 6.396221e-11
9073 6.394899e-11
9074 6.393579e-11
9075 6.392258e-11
9076 6.390938e-11
9077 6.389619e-11
9078 6.388299e-11
9079 6.386981e-11
9080 6.385662e-11
9081 6.384345e-11
9082 6.383027e-11
9083 6.381710e-11
9084 6.380393e-11
9085 6.379077e-11
9086 6.377761e-11
9087 6.376446e-11
9088 6.375131e-11
9089 6.373816e-11
9090 6.372502e-11
9091 6.371189e-11
9092 6.369875e-11
9093 6.368562e-11
9094 6.367250e-11
9095 6.365938e-11
9096 6.364626e-11
9097 6.363315e-11
9098 6.362004e-11
9099 6.360694e-11
9100 6.359384e-11
9101 6.358074e-11
9102 6.356765e-11
9103 6.355456e-11
9104 6.354148e-11
9105 6.352840e-11
9106 6.351533e-11
9107 6.350225e-11
9108 6.348919e-11
9109 6.347612e-11
9110 6.346307e-11
9111 6.345001e-11
9112 6.343696e-11
9113 6.342392e-11
9114 6.341087e-11
9115 6.339784e-11
9116 6.338480e-11
9117 6.337177e-11
9118 6.335875e-11
9119 6.334572e-11
9120 6.333271e-11
9121 6.331969e-11
9122 6.330668e-11
9123 6.329368e-11
9124 6.328068e-11
9125 6.326768e-11
9126 6.325469e-11
9127 6.324170e-11
9128 6.322871e-11
9129 6.321573e-11
9130 6.320276e-11
9131 6.318978e-11
9132 6.317682e-11
9133 6.316385e-11
9134 6.315089e-11
9135 6.313794e-11
9136 6.312498e-11
9137 6.311204e-11
9138 6.309909e-11
9139 6.308615e-11
9140 6.307322e-11
9141 6.306028e-11
9142 6.304736e-11
9143 6.303443e-11
9144 6.302151e-11
9145 6.300860e-11
9146 6.299569e-11
9147 6.298278e-11
9148 6.296988e-11
9149 6.295698e-11
9150 6.294408e-11
9151 6.293119e-11
9152 6.291830e-11
9153 6.290542e-11
9154 6.289254e-11
9155 6.287967e-11
9156 6.286680e-11
9157 6.285393e-11
9158 6.284107e-11
9159 6.282821e-11
9160 6.281535e-11
9161 6.280250e-11
9162 6.278965e-11
9163 6.277681e-11
9164 6.276397e-11
9165 6.275114e-11
9166 6.273831e-11
9167 6.272548e-11
9168 6.271266e-11
9169 6.269984e-11
9170 6.268703e-11
9171 6.267422e-11
9172 6.266141e-11
9173 6.264861e-11
9174 6.263581e-11
9175 6.262301e-11
9176 6.261022e-11
9177 6.259744e-11
9178 6.258465e-11
9179 6.257188e-11
9180 6.255910e-11
9181 6.254633e-11
9182 6.253356e-11
9183 6.252080e-11
9184 6.250804e-11
9185 6.249529e-11
9186 6.248254e-11
9187 6.246979e-11
9188 6.245705e-11
9189 6.244431e-11
9190 6.243158e-11
9191 6.241885e-11
9192 6.240612e-11
9193 6.239340e-11
9194 6.238068e-11
9195 6.236796e-11
9196 6.235525e-11
9197 6.234255e-11
9198 6.232984e-11
9199 6.231715e-11
9200 6.230445e-11
9201 6.229176e-11
9202 6.227907e-11
9203 6.226639e-11
9204 6.225371e-11
9205 6.224104e-11
9206 6.222837e-11
9207 6.221570e-11
9208 6.220303e-11
9209 6.219038e-11
9210 6.217772e-11
9211 6.216507e-11
9212 6.215242e-11
9213 6.213978e-11
9214 6.212714e-11
9215 6.211450e-11
9216 6.210187e-11
9217 6.208924e-11
9218 6.207662e-11
9219 6.206400e-11
9220 6.205139e-11
9221 6.203877e-11
9222 6.202617e-11
9223 6.201356e-11
9224 6.200096e-11
9225 6.198837e-11
9226 6.197577e-11
9227 6.196319e-11
9228 6.195060e-11
9229 6.193802e-11
9230 6.192544e-11
9231 6.191287e-11
9232 6.190030e-11
9233 6.188774e-11
9234 6.187518e-11
9235 6.186262e-11
9236 6.185007e-11
9237 6.183752e-11
9238 6.182497e-11
9239 6.181243e-11
9240 6.179989e-11
9241 6.178736e-11
9242 6.177483e-11
9243 6.176230e-11
9244 6.174978e-11
9245 6.173727e-11
9246 6.172475e-11
9247 6.171224e-11
9248 6.169973e-11
9249 6.168723e-11
9250 6.167473e-11
9251 6.166224e-11
9252 6.164975e-11
9253 6.163726e-11
9254 6.162478e-11
9255 6.161230e-11
9256 6.159982e-11
9257 6.158735e-11
9258 6.157489e-11
9259 6.156242e-11
9260 6.154996e-11
9261 6.153751e-11
9262 6.152505e-11
9263 6.151261e-11
9264 6.150016e-11
9265 6.148772e-11
9266 6.147528e-11
9267 6.146285e-11
9268 6.145042e-11
9269 6.143800e-11
9270 6.142558e-11
9271 6.141316e-11
9272 6.140075e-11
9273 6.138834e-11
9274 6.137593e-11
9275 6.136353e-11
9276 6.135113e-11
9277 6.133874e-11
9278 6.132635e-11
9279 6.131396e-11
9280 6.130158e-11
9281 6.128920e-11
9282 6.127682e-11
9283 6.126445e-11
9284 6.125208e-11
9285 6.123972e-11
9286 6.122736e-11
9287 6.121500e-11
9288 6.120265e-11
9289 6.119030e-11
9290 6.117796e-11
9291 6.116562e-11
9292 6.115328e-11
9293 6.114095e-11
9294 6.112862e-11
9295 6.111629e-11
9296 6.110397e-11
9297 6.109166e-11
9298 6.107934e-11
9299 6.106703e-11
9300 6.105472e-11
9301 6.104242e-11
9302 6.103012e-11
9303 6.101783e-11
9304 6.100554e-11
9305 6.099325e-11
9306 6.098097e-11
9307 6.096869e-11
9308 6.095641e-11
9309 6.094414e-11
9310 6.093187e-11
9311 6.091961e-11
9312 6.090734e-11
9313 6.089509e-11
9314 6.088283e-11
9315 6.087058e-11
9316 6.085834e-11
9317 6.084610e-11
9318 6.083386e-11
9319 6.082162e-11
9320 6.080939e-11
9321 6.079717e-11
9322 6.078494e-11
9323 6.077273e-11
9324 6.076051e-11
9325 6.074830e-11
9326 6.073609e-11
9327 6.072389e-11
9328 6.071169e-11
9329 6.069949e-11
9330 6.068730e-11
9331 6.067511e-11
9332 6.066292e-11
9333 6.065074e-11
9334 6.063856e-11
9335 6.062639e-11
9336 6.061422e-11
9337 6.060205e-11
9338 6.058989e-11
9339 6.057773e-11
9340 6.056557e-11
9341 6.055342e-11
9342 6.054127e-11
9343 6.052913e-11
9344 6.051699e-11
9345 6.050485e-11
9346 6.049272e-11
9347 6.048059e-11
9348 6.046846e-11
9349 6.045634e-11
9350 6.044422e-11
9351 6.043211e-11
9352 6.042000e-11
9353 6.040789e-11
9354 6.039579e-11
9355 6.038369e-11
9356 6.037159e-11
9357 6.035950e-11
9358 6.034741e-11
9359 6.033533e-11
9360 6.032325e-11
9361 6.031117e-11
9362 6.029910e-11
9363 6.028703e-11
9364 6.027496e-11
9365 6.026290e-11
9366 6.025084e-11
9367 6.023878e-11
9368 6.022673e-11
9369 6.021468e-11
9370 6.020264e-11
9371 6.019060e-11
9372 6.017856e-11
9373 6.016653e-11
9374 6.015450e-11
9375 6.014248e-11
9376 6.013045e-11
9377 6.011844e-11
9378 6.010642e-11
9379 6.009441e-11
9380 6.008240e-11
9381 6.007040e-11
9382 6.005840e-11
9383 6.004641e-11
9384 6.003441e-11
9385 6.002242e-11
9386 6.001044e-11
9387 5.999846e-11
9388 5.998648e-11
9389 5.997451e-11
9390 5.996254e-11
9391 5.995057e-11
9392 5.993861e-11
9393 5.992665e-11
9394 5.991469e-11
9395 5.990274e-11
9396 5.989079e-11
9397 5.987885e-11
9398 5.986690e-11
9399 5.985497e-11
9400 5.984303e-11
9401 5.983110e-11
9402 5.981918e-11
9403 5.980725e-11
9404 5.979534e-11
9405 5.978342e-11
9406 5.977151e-11
9407 5.975960e-11
9408 5.974769e-11
9409 5.973579e-11
9410 5.972390e-11
9411 5.971200e-11
9412 5.970011e-11
9413 5.968823e-11
9414 5.967634e-11
9415 5.966446e-11
9416 5.965259e-11
9417 5.964072e-11
9418 5.962885e-11
9419 5.961698e-11
9420 5.960512e-11
9421 5.959327e-11
9422 5.958141e-11
9423 5.956956e-11
9424 5.955771e-11
9425 5.954587e-11
9426 5.953403e-11
9427 5.952220e-11
9428 5.951036e-11
9429 5.949854e-11
9430 5.948671e-11
9431 5.947489e-11
9432 5.946307e-11
9433 5.945126e-11
9434 5.943945e-11
9435 5.942764e-11
9436 5.941584e-11
9437 5.940404e-11
9438 5.939222e-11
9439 5.938022e-11
9440 5.936822e-11
9441 5.935623e-11
9442 5.934424e-11
9443 5.933225e-11
9444 5.932027e-11
9445 5.930829e-11
9446 5.929632e-11
9447 5.928435e-11
9448 5.927238e-11
9449 5.926042e-11
9450 5.924846e-11
9451 5.923651e-11
9452 5.922455e-11
9453 5.921261e-11
9454 5.920066e-11
9455 5.918872e-11
9456 5.917678e-11
9457 5.916485e-11
9458 5.915292e-11
9459 5.914100e-11
9460 5.912907e-11
9461 5.911715e-11
9462 5.910524e-11
9463 5.909333e-11
9464 5.908142e-11
9465 5.906952e-11
9466 5.905762e-11
9467 5.904572e-11
9468 5.903383e-11
9469 5.902194e-11
9470 5.901005e-11
9471 5.899817e-11
9472 5.898629e-11
9473 5.897441e-11
9474 5.896254e-11
9475 5.895068e-11
9476 5.893881e-11
9477 5.892695e-11
9478 5.891509e-11
9479 5.890324e-11
9480 5.889139e-11
9481 5.887955e-11
9482 5.886770e-11
9483 5.885587e-11
9484 5.884403e-11
9485 5.883220e-11
9486 5.882037e-11
9487 5.880855e-11
9488 5.879673e-11
9489 5.878491e-11
9490 5.877310e-11
9491 5.876129e-11
9492 5.874948e-11
9493 5.873768e-11
9494 5.872588e-11
9495 5.871409e-11
9496 5.870229e-11
9497 5.869051e-11
9498 5.867872e-11
9499 5.866694e-11
9500 5.865516e-11
9501 5.864339e-11
9502 5.863162e-11
9503 5.861985e-11
9504 5.860809e-11
9505 5.859633e-11
9506 5.858458e-11
9507 5.857283e-11
9508 5.856108e-11
9509 5.854933e-11
9510 5.853759e-11
9511 5.852585e-11
9512 5.851412e-11
9513 5.850239e-11
9514 5.849066e-11
9515 5.847894e-11
9516 5.846722e-11
9517 5.845550e-11
9518 5.844379e-11
9519 5.843208e-11
9520 5.842038e-11
9521 5.840868e-11
9522 5.839698e-11
9523 5.838528e-11
9524 5.837359e-11
9525 5.836190e-11
9526 5.835022e-11
9527 5.833854e-11
9528 5.832686e-11
9529 5.831519e-11
9530 5.830352e-11
9531 5.829186e-11
9532 5.828019e-11
9533 5.826853e-11
9534 5.825688e-11
9535 5.824523e-11
9536 5.823358e-11
9537 5.822193e-11
9538 5.821029e-11
9539 5.819865e-11
9540 5.818702e-11
9541 5.817539e-11
9542 5.816376e-11
9543 5.815214e-11
9544 5.814052e-11
9545 5.812890e-11
9546 5.811729e-11
9547 5.810568e-11
9548 5.809408e-11
9549 5.808247e-11
9550 5.807087e-11
9551 5.805928e-11
9552 5.804769e-11
9553 5.803610e-11
9554 5.802452e-11
9555 5.801293e-11
9556 5.800136e-11
9557 5.798978e-11
9558 5.797821e-11
9559 5.796665e-11
9560 5.795508e-11
9561 5.794352e-11
9562 5.793197e-11
9563 5.792041e-11
9564 5.790886e-11
9565 5.789732e-11
9566 5.788577e-11
9567 5.787424e-11
9568 5.786270e-11
9569 5.785117e-11
9570 5.783964e-11
9571 5.782812e-11
9572 5.781659e-11
9573 5.780508e-11
9574 5.779356e-11
9575 5.778205e-11
9576 5.777054e-11
9577 5.775904e-11
9578 5.774754e-11
9579 5.773604e-11
9580 5.772455e-11
9581 5.771306e-11
9582 5.770157e-11
9583 5.769009e-11
9584 5.767861e-11
9585 5.766713e-11
9586 5.765566e-11
9587 5.764419e-11
9588 5.763273e-11
9589 5.762127e-11
9590 5.760981e-11
9591 5.759835e-11
9592 5.758690e-11
9593 5.757545e-11
9594 5.756401e-11
9595 5.755257e-11
9596 5.754113e-11
9597 5.752969e-11
9598 5.751826e-11
9599 5.750684e-11
9600 5.749541e-11
9601 5.748399e-11
9602 5.747257e-11
9603 5.746116e-11
9604 5.744975e-11
9605 5.743834e-11
9606 5.742694e-11
9607 5.741554e-11
9608 5.740414e-11
9609 5.739275e-11
9610 5.738136e-11
9611 5.736998e-11
9612 5.735859e-11
9613 5.734721e-11
9614 5.733584e-11
9615 5.732447e-11
9616 5.731310e-11
9617 5.730173e-11
9618 5.729037e-11
9619 5.727901e-11
9620 5.726766e-11
9621 5.725631e-11
9622 5.724496e-11
9623 5.723361e-11
9624 5.722227e-11
9625 5.721093e-11
9626 5.719960e-11
9627 5.718827e-11
9628 5.717694e-11
9629 5.716562e-11
9630 5.715430e-11
9631 5.714298e-11
9632 5.713166e-11
9633 5.712035e-11
9634 5.710905e-11
9635 5.709774e-11
9636 5.708644e-11
9637 5.707515e-11
9638 5.706385e-11
9639 5.705256e-11
9640 5.704128e-11
9641 5.702999e-11
9642 5.701871e-11
9643 5.700744e-11
9644 5.699616e-11
9645 5.698489e-11
9646 5.697363e-11
9647 5.696236e-11
9648 5.695111e-11
9649 5.693985e-11
9650 5.692860e-11
9651 5.691735e-11
9652 5.690610e-11
9653 5.689486e-11
9654 5.688362e-11
9655 5.687238e-11
9656 5.686115e-11
9657 5.684992e-11
9658 5.683870e-11
9659 5.682747e-11
9660 5.681626e-11
9661 5.680504e-11
9662 5.679383e-11
9663 5.678262e-11
9664 5.677141e-11
9665 5.676021e-11
9666 5.674901e-11
9667 5.673782e-11
9668 5.672663e-11
9669 5.671544e-11
9670 5.670425e-11
9671 5.669307e-11
9672 5.668189e-11
9673 5.667072e-11
9674 5.665955e-11
9675 5.664838e-11
9676 5.663721e-11
9677 5.662605e-11
9678 5.661489e-11
9679 5.660374e-11
9680 5.659259e-11
9681 5.658144e-11
9682 5.657029e-11
9683 5.655915e-11
9684 5.654801e-11
9685 5.653688e-11
9686 5.652575e-11
9687 5.651462e-11
9688 5.650349e-11
9689 5.649237e-11
9690 5.648125e-11
9691 5.647014e-11
9692 5.645903e-11
9693 5.644792e-11
9694 5.643681e-11
9695 5.642571e-11
9696 5.641461e-11
9697 5.640352e-11
9698 5.639243e-11
9699 5.638134e-11
9700 5.637026e-11
9701 5.635917e-11
9702 5.634810e-11
9703 5.633702e-11
9704 5.632595e-11
9705 5.631488e-11
9706 5.630382e-11
9707 5.629275e-11
9708 5.628170e-11
9709 5.627064e-11
9710 5.625959e-11
9711 5.624854e-11
9712 5.623750e-11
9713 5.622645e-11
9714 5.621542e-11
9715 5.620438e-11
9716 5.619335e-11
9717 5.618232e-11
9718 5.617129e-11
9719 5.616027e-11
9720 5.614925e-11
9721 5.613824e-11
9722 5.612723e-11
9723 5.611622e-11
9724 5.610521e-11
9725 5.609421e-11
9726 5.608321e-11
9727 5.607221e-11
9728 5.606122e-11
9729 5.605023e-11
9730 5.603925e-11
9731 5.602826e-11
9732 5.601729e-11
9733 5.600631e-11
9734 5.599534e-11
9735 5.598437e-11
9736 5.597340e-11
9737 5.596244e-11
9738 5.595148e-11
9739 5.594052e-11
9740 5.592957e-11
9741 5.591862e-11
9742 5.590767e-11
9743 5.589673e-11
9744 5.588579e-11
9745 5.587485e-11
9746 5.586392e-11
9747 5.585299e-11
9748 5.584206e-11
9749 5.583114e-11
9750 5.582022e-11
9751 5.580930e-11
9752 5.579839e-11
9753 5.578748e-11
9754 5.577657e-11
9755 5.576567e-11
9756 5.575476e-11
9757 5.574387e-11
9758 5.573297e-11
9759 5.572208e-11
9760 5.571119e-11
9761 5.570031e-11
9762 5.568943e-11
9763 5.567855e-11
9764 5.566767e-11
9765 5.565680e-11
9766 5.564593e-11
9767 5.563507e-11
9768 5.562421e-11
9769 5.561335e-11
9770 5.560249e-11
9771 5.559164e-11
9772 5.558079e-11
9773 5.556994e-11
9774 5.555910e-11
9775 5.554826e-11
9776 5.553743e-11
9777 5.552659e-11
9778 5.551576e-11
9779 5.550494e-11
9780 5.549411e-11
9781 5.548329e-11
9782 5.547248e-11
9783 5.546166e-11
9784 5.545085e-11
9785 5.544005e-11
9786 5.542924e-11
9787 5.541844e-11
9788 5.540764e-11
9789 5.539685e-11
9790 5.538606e-11
9791 5.537527e-11
9792 5.536448e-11
9793 5.535370e-11
9794 5.534292e-11
9795 5.533215e-11
9796 5.532138e-11
9797 5.531061e-11
9798 5.529984e-11
9799 5.528908e-11
9800 5.527832e-11
9801 5.526757e-11
9802 5.525681e-11
9803 5.524606e-11
9804 5.523532e-11
9805 5.522457e-11
9806 5.521383e-11
9807 5.520310e-11
9808 5.519236e-11
9809 5.518163e-11
9810 5.517090e-11
9811 5.516018e-11
9812 5.514946e-11
9813 5.513874e-11
9814 5.512803e-11
9815 5.511732e-11
9816 5.510661e-11
9817 5.509590e-11
9818 5.508520e-11
9819 5.507450e-11
9820 5.506381e-11
9821 5.505311e-11
9822 5.504242e-11
9823 5.503174e-11
9824 5.502105e-11
9825 5.501037e-11
9826 5.499970e-11
9827 5.498902e-11
9828 5.497835e-11
9829 5.496769e-11
9830 5.495702e-11
9831 5.494636e-11
9832 5.493570e-11
9833 5.492505e-11
9834 5.491440e-11
9835 5.490375e-11
9836 5.489311e-11
9837 5.488246e-11
9838 5.487182e-11
9839 5.486119e-11
9840 5.485056e-11
9841 5.483993e-11
9842 5.482930e-11
9843 5.481868e-11
9844 5.480806e-11
9845 5.479744e-11
9846 5.478683e-11
9847 5.477622e-11
9848 5.476561e-11
9849 5.475500e-11
9850 5.474440e-11
9851 5.473380e-11
9852 5.472321e-11
9853 5.471262e-11
9854 5.470203e-11
9855 5.469144e-11
9856 5.468086e-11
9857 5.467028e-11
9858 5.465971e-11
9859 5.464913e-11
9860 5.463856e-11
9861 5.462800e-11
9862 5.461743e-11
9863 5.460687e-11
9864 5.459631e-11
9865 5.458576e-11
9866 5.457521e-11
9867 5.456466e-11
9868 5.455411e-11
9869 5.454357e-11
9870 5.453303e-11
9871 5.452250e-11
9872 5.451197e-11
9873 5.450144e-11
9874 5.449091e-11
9875 5.448039e-11
9876 5.446987e-11
9877 5.445935e-11
9878 5.444883e-11
9879 5.443832e-11
9880 5.442782e-11
9881 5.441731e-11
9882 5.440681e-11
9883 5.439631e-11
9884 5.438582e-11
9885 5.437532e-11
9886 5.436483e-11
9887 5.435435e-11
9888 5.434386e-11
9889 5.433338e-11
9890 5.432291e-11
9891 5.431243e-11
9892 5.430196e-11
9893 5.429149e-11
9894 5.428103e-11
9895 5.427057e-11
9896 5.426011e-11
9897 5.424965e-11
9898 5.423920e-11
9899 5.422875e-11
9900 5.421831e-11
9901 5.420786e-11
9902 5.419742e-11
9903 5.418699e-11
9904 5.417655e-11
9905 5.416612e-11
9906 5.415569e-11
9907 5.414527e-11
9908 5.413485e-11
9909 5.412443e-11
9910 5.411401e-11
9911 5.410360e-11
9912 5.409319e-11
9913 5.408278e-11
9914 5.407238e-11
9915 5.406198e-11
9916 5.405158e-11
9917 5.404119e-11
9918 5.403080e-11
9919 5.402041e-11
9920 5.401002e-11
9921 5.399964e-11
9922 5.398926e-11
9923 5.397888e-11
9924 5.396851e-11
9925 5.395814e-11
9926 5.394778e-11
9927 5.393741e-11
9928 5.392705e-11
9929 5.391669e-11
9930 5.390634e-11
9931 5.389599e-11
9932 5.388564e-11
9933 5.387529e-11
9934 5.386495e-11
9935 5.385461e-11
9936 5.384427e-11
9937 5.383394e-11
9938 5.382361e-11
9939 5.381328e-11
9940 5.380296e-11
9941 5.379263e-11
9942 5.378232e-11
9943 5.377200e-11
9944 5.376169e-11
9945 5.375138e-11
9946 5.374107e-11
9947 5.373077e-11
9948 5.372047e-11
9949 5.371017e-11
9950 5.369988e-11
9951 5.368959e-11
9952 5.367930e-11
9953 5.366901e-11
9954 5.365873e-11
9955 5.364845e-11
9956 5.363817e-11
9957 5.362790e-11
9958 5.361763e-11
9959 5.360736e-11
9960 5.359710e-11
9961 5.358684e-11
9962 5.357658e-11
9963 5.356632e-11
9964 5.355607e-11
9965 5.354582e-11
9966 5.353557e-11
9967 5.352533e-11
9968 5.351509e-11
9969 5.350485e-11
9970 5.349462e-11
9971 5.348439e-11
9972 5.347416e-11
9973 5.346393e-11
9974 5.345371e-11
9975 5.344349e-11
9976 5.343327e-11
9977 5.342306e-11
9978 5.341285e-11
9979 5.340264e-11
9980 5.339244e-11
9981 5.338224e-11
9982 5.337204e-11
9983 5.336184e-11
9984 5.335165e-11
9985 5.334146e-11
9986 5.333127e-11
9987 5.332109e-11
9988 5.331091e-11
9989 5.330073e-11
9990 5.329055e-11
9991 5.328038e-11
9992 5.327021e-11
9993 5.326005e-11
9994 5.324988e-11
9995 5.323972e-11
9996 5.322957e-11
9997 5.321941e-11
9998 5.320926e-11
9999 5.319911e-11
10000 5.318897e-11
10001 5.317882e-11
10002 5.316868e-11
10003 5.315855e-11
10004 5.314841e-11
10005 5.313828e-11
10006 5.312816e-11
10007 5.311803e-11
10008 5.310791e-11
10009 5.309779e-11
10010 5.308767e-11
10011 5.307756e-11
10012 5.306745e-11
10013 5.305734e-11
10014 5.304724e-11
10015 5.303714e-11
10016 5.302704e-11
10017 5.301694e-11
10018 5.300685e-11
10019 5.299676e-11
10020 5.298667e-11
10021 5.297659e-11
10022 5.296651e-11
10023 5.295643e-11
10024 5.294636e-11
10025 5.293628e-11
10026 5.292622e-11
10027 5.291615e-11
10028 5.290609e-11
10029 5.289603e-11
10030 5.288597e-11
10031 5.287591e-11
10032 5.286586e-11
10033 5.285581e-11
10034 5.284577e-11
10035 5.283572e-11
10036 5.282568e-11
10037 5.281565e-11
10038 5.280561e-11
10039 5.279558e-11
10040 5.278555e-11
10041 5.277553e-11
10042 5.276550e-11
10043 5.275549e-11
10044 5.274547e-11
10045 5.273545e-11
10046 5.272544e-11
10047 5.271544e-11
10048 5.270543e-11
10049 5.269543e-11
10050 5.268543e-11
10051 5.267543e-11
10052 5.266544e-11
10053 5.265545e-11
10054 5.264546e-11
10055 5.263547e-11
10056 5.262549e-11
10057 5.261551e-11
10058 5.260554e-11
10059 5.259556e-11
10060 5.258559e-11
10061 5.257563e-11
10062 5.256566e-11
10063 5.255570e-11
10064 5.254574e-11
10065 5.253578e-11
10066 5.252583e-11
10067 5.251588e-11
10068 5.250593e-11
10069 5.249599e-11
10070 5.248605e-11
10071 5.247611e-11
10072 5.246617e-11
10073 5.245624e-11
10074 5.244631e-11
10075 5.243638e-11
10076 5.242646e-11
10077 5.241653e-11
10078 5.240661e-11
10079 5.239670e-11
10080 5.238679e-11
10081 5.237688e-11
10082 5.236697e-11
10083 5.235706e-11
10084 5.234716e-11
10085 5.233726e-11
10086 5.232737e-11
10087 5.231747e-11
10088 5.230758e-11
10089 5.229770e-11
10090 5.228781e-11
10091 5.227793e-11
10092 5.226805e-11
10093 5.225817e-11
10094 5.224830e-11
10095 5.223843e-11
10096 5.222856e-11
10097 5.221870e-11
10098 5.220884e-11
10099 5.219898e-11
10100 5.218912e-11
10101 5.217927e-11
10102 5.216942e-11
10103 5.215957e-11
10104 5.214973e-11
10105 5.213988e-11
10106 5.213004e-11
10107 5.212021e-11
10108 5.211037e-11
10109 5.210054e-11
10110 5.209072e-11
10111 5.208089e-11
10112 5.207107e-11
10113 5.206125e-11
10114 5.205143e-11
10115 5.204162e-11
10116 5.203181e-11
10117 5.202190e-11
10118 5.201193e-11
10119 5.200196e-11
10120 5.199200e-11
10121 5.198204e-11
10122 5.197208e-11
10123 5.196213e-11
10124 5.195218e-11
10125 5.194223e-11
10126 5.193228e-11
10127 5.192234e-11
10128 5.191240e-11
10129 5.190246e-11
10130 5.189253e-11
10131 5.188260e-11
10132 5.187267e-11
10133 5.186275e-11
10134 5.185282e-11
10135 5.184290e-11
10136 5.183299e-11
10137 5.182307e-11
10138 5.181316e-11
10139 5.180325e-11
10140 5.179335e-11
10141 5.178345e-11
10142 5.177355e-11
10143 5.176365e-11
10144 5.175376e-11
10145 5.174387e-11
10146 5.173398e-11
10147 5.172409e-11
10148 5.171421e-11
10149 5.170433e-11
10150 5.169445e-11
10151 5.168458e-11
10152 5.167471e-11
10153 5.166484e-11
10154 5.165498e-11
10155 5.164511e-11
10156 5.163525e-11
10157 5.162540e-11
10158 5.161554e-11
10159 5.160569e-11
10160 5.159584e-11
10161 5.158600e-11
10162 5.157616e-11
10163 5.156632e-11
10164 5.155648e-11
10165 5.154665e-11
10166 5.153682e-11
10167 5.152699e-11
10168 5.151716e-11
10169 5.150734e-11
10170 5.149752e-11
10171 5.148770e-11
10172 5.147789e-11
10173 5.146808e-11
10174 5.145827e-11
10175 5.144846e-11
10176 5.143866e-11
10177 5.142886e-11
10178 5.141907e-11
10179 5.140927e-11
10180 5.139948e-11
10181 5.138969e-11
10182 5.137991e-11
10183 5.137012e-11
10184 5.136034e-11
10185 5.135057e-11
10186 5.134079e-11
10187 5.133102e-11
10188 5.132125e-11
10189 5.131149e-11
10190 5.130172e-11
10191 5.129196e-11
10192 5.128220e-11
10193 5.127245e-11
10194 5.126270e-11
10195 5.125295e-11
10196 5.124320e-11
10197 5.123346e-11
10198 5.122372e-11
10199 5.121398e-11
10200 5.120425e-11
10201 5.119451e-11
10202 5.118478e-11
10203 5.117506e-11
10204 5.116533e-11
10205 5.115561e-11
10206 5.114589e-11
10207 5.113618e-11
10208 5.112647e-11
10209 5.111676e-11
10210 5.110705e-11
10211 5.109735e-11
10212 5.108764e-11
10213 5.107795e-11
10214 5.106825e-11
10215 5.105856e-11
10216 5.104887e-11
10217 5.103918e-11
10218 5.102949e-11
10219 5.101981e-11
10220 5.101013e-11
10221 5.100046e-11
10222 5.099078e-11
10223 5.098111e-11
10224 5.097145e-11
10225 5.096178e-11
10226 5.095212e-11
10227 5.094246e-11
10228 5.093280e-11
10229 5.092315e-11
10230 5.091350e-11
10231 5.090385e-11
10232 5.089420e-11
10233 5.088456e-11
10234 5.087492e-11
10235 5.086528e-11
10236 5.085565e-11
10237 5.084601e-11
10238 5.083638e-11
10239 5.082676e-11
10240 5.081713e-11
10241 5.080751e-11
10242 5.079790e-11
10243 5.078828e-11
10244 5.077867e-11
10245 5.076906e-11
10246 5.075945e-11
10247 5.074985e-11
10248 5.074024e-11
10249 5.073065e-11
10250 5.072105e-11
10251 5.071146e-11
10252 5.070187e-11
10253 5.069228e-11
10254 5.068269e-11
10255 5.067311e-11
10256 5.066353e-11
10257 5.065395e-11
10258 5.064438e-11
10259 5.063481e-11
10260 5.062524e-11
10261 5.061567e-11
10262 5.060611e-11
10263 5.059655e-11
10264 5.058699e-11
10265 5.057744e-11
10266 5.056789e-11
10267 5.055834e-11
10268 5.054879e-11
10269 5.053925e-11
10270 5.052970e-11
10271 5.052017e-11
10272 5.051063e-11
10273 5.050110e-11
10274 5.049157e-11
10275 5.048204e-11
10276 5.047251e-11
10277 5.046299e-11
10278 5.045347e-11
10279 5.044396e-11
10280 5.043444e-11
10281 5.042493e-11
10282 5.041542e-11
10283 5.040592e-11
10284 5.039641e-11
10285 5.038691e-11
10286 5.037742e-11
10287 5.036792e-11
10288 5.035843e-11
10289 5.034894e-11
10290 5.033945e-11
10291 5.032997e-11
10292 5.032049e-11
10293 5.031101e-11
10294 5.030153e-11
10295 5.029206e-11
10296 5.028259e-11
10297 5.027312e-11
10298 5.026365e-11
10299 5.025419e-11
10300 5.024473e-11
10301 5.023527e-11
10302 5.022582e-11
10303 5.021637e-11
10304 5.020692e-11
10305 5.019747e-11
10306 5.018803e-11
10307 5.017859e-11
10308 5.016915e-11
10309 5.015972e-11
10310 5.015028e-11
10311 5.014085e-11
10312 5.013142e-11
10313 5.012200e-11
10314 5.011258e-11
10315 5.010316e-11
10316 5.009374e-11
10317 5.008433e-11
10318 5.007492e-11
10319 5.006551e-11
10320 5.005610e-11
10321 5.004670e-11
10322 5.003730e-11
10323 5.002790e-11
10324 5.001850e-11
10325 5.000911e-11
10326 4.999972e-11
10327 4.999033e-11
10328 4.998095e-11
10329 4.997157e-11
10330 4.996219e-11
10331 4.995281e-11
10332 4.994344e-11
10333 4.993407e-11
10334 4.992470e-11
10335 4.991533e-11
10336 4.990597e-11
10337 4.989661e-11
10338 4.988725e-11
10339 4.987789e-11
10340 4.986854e-11
10341 4.985919e-11
10342 4.984984e-11
10343 4.984050e-11
10344 4.983116e-11
10345 4.982182e-11
10346 4.981248e-11
10347 4.980315e-11
10348 4.979382e-11
10349 4.978449e-11
10350 4.977516e-11
10351 4.976584e-11
10352 4.975652e-11
10353 4.974720e-11
10354 4.973788e-11
10355 4.972857e-11
10356 4.971926e-11
10357 4.970995e-11
10358 4.970065e-11
10359 4.969135e-11
10360 4.968205e-11
10361 4.967275e-11
10362 4.966345e-11
10363 4.965416e-11
10364 4.964487e-11
10365 4.963559e-11
10366 4.962630e-11
10367 4.961702e-11
10368 4.960774e-11
10369 4.959847e-11
10370 4.958919e-11
10371 4.957992e-11
10372 4.957065e-11
10373 4.956139e-11
10374 4.955213e-11
10375 4.954287e-11
10376 4.953361e-11
10377 4.952435e-11
10378 4.951510e-11
10379 4.950585e-11
10380 4.949660e-11
10381 4.948736e-11
10382 4.947812e-11
10383 4.946888e-11
10384 4.945964e-11
10385 4.945041e-11
10386 4.944118e-11
10387 4.943195e-11
10388 4.942272e-11
10389 4.941350e-11
10390 4.940428e-11
10391 4.939506e-11
10392 4.938584e-11
10393 4.937663e-11
10394 4.936742e-11
10395 4.935821e-11
10396 4.934901e-11
10397 4.933980e-11
10398 4.933060e-11
10399 4.932141e-11
10400 4.931221e-11
10401 4.930302e-11
10402 4.929383e-11
10403 4.928464e-11
10404 4.927546e-11
10405 4.926627e-11
10406 4.925710e-11
10407 4.924792e-11
10408 4.923874e-11
10409 4.922957e-11
10410 4.922040e-11
10411 4.921124e-11
10412 4.920207e-11
10413 4.919291e-11
10414 4.918375e-11
10415 4.917460e-11
10416 4.916544e-11
10417 4.915629e-11
10418 4.914714e-11
10419 4.913800e-11
10420 4.912886e-11
10421 4.911972e-11
10422 4.911058e-11
10423 4.910144e-11
10424 4.909231e-11
10425 4.908318e-11
10426 4.907405e-11
10427 4.906493e-11
10428 4.905580e-11
10429 4.904668e-11
10430 4.903757e-11
10431 4.902845e-11
10432 4.901934e-11
10433 4.901023e-11
10434 4.900112e-11
10435 4.899202e-11
10436 4.898292e-11
10437 4.897382e-11
10438 4.896472e-11
10439 4.895562e-11
10440 4.894653e-11
10441 4.893744e-11
10442 4.892836e-11
10443 4.891927e-11
10444 4.891019e-11
10445 4.890111e-11
10446 4.889204e-11
10447 4.888296e-11
10448 4.887389e-11
10449 4.886482e-11
10450 4.885576e-11
10451 4.884669e-11
10452 4.883763e-11
10453 4.882857e-11
10454 4.881952e-11
10455 4.881046e-11
10456 4.880141e-11
10457 4.879236e-11
10458 4.878332e-11
10459 4.877427e-11
10460 4.876523e-11
10461 4.875619e-11
10462 4.874716e-11
10463 4.873813e-11
10464 4.872909e-11
10465 4.872007e-11
10466 4.871104e-11
10467 4.870202e-11
10468 4.869300e-11
10469 4.868398e-11
10470 4.867496e-11
10471 4.866595e-11
10472 4.865694e-11
10473 4.864793e-11
10474 4.863893e-11
10475 4.862993e-11
10476 4.862092e-11
10477 4.861193e-11
10478 4.860293e-11
10479 4.859394e-11
10480 4.858495e-11
10481 4.857596e-11
10482 4.856698e-11
10483 4.855799e-11
10484 4.854901e-11
10485 4.854004e-11
10486 4.853106e-11
10487 4.852209e-11
10488 4.851312e-11
10489 4.850415e-11
10490 4.849519e-11
10491 4.848622e-11
10492 4.847726e-11
10493 4.846831e-11
10494 4.845935e-11
10495 4.845040e-11
10496 4.844145e-11
10497 4.843250e-11
10498 4.842356e-11
10499 4.841461e-11
10500 4.840567e-11
10501 4.839674e-11
10502 4.838780e-11
10503 4.837887e-11
10504 4.836994e-11
10505 4.836101e-11
10506 4.835209e-11
10507 4.834316e-11
10508 4.833424e-11
10509 4.832533e-11
10510 4.831641e-11
10511 4.830750e-11
10512 4.829859e-11
10513 4.828968e-11
10514 4.828078e-11
10515 4.827187e-11
10516 4.826297e-11
10517 4.825408e-11
10518 4.824518e-11
10519 4.823629e-11
10520 4.822740e-11
10521 4.821851e-11
10522 4.820963e-11
10523 4.820074e-11
10524 4.819186e-11
10525 4.818299e-11
10526 4.817411e-11
10527 4.816524e-11
10528 4.815637e-11
10529 4.814750e-11
10530 4.813863e-11
10531 4.812977e-11
10532 4.812091e-11
10533 4.811205e-11
10534 4.810320e-11
10535 4.809435e-11
10536 4.808549e-11
10537 4.807665e-11
10538 4.806780e-11
10539 4.805896e-11
10540 4.805012e-11
10541 4.804128e-11
10542 4.803244e-11
10543 4.802361e-11
10544 4.801478e-11
10545 4.800595e-11
10546 4.799713e-11
10547 4.798830e-11
10548 4.797948e-11
10549 4.797066e-11
10550 4.796185e-11
10551 4.795303e-11
10552 4.794422e-11
10553 4.793541e-11
10554 4.792661e-11
10555 4.791780e-11
10556 4.790900e-11
10557 4.790020e-11
10558 4.789141e-11
10559 4.788261e-11
10560 4.787382e-11
10561 4.786503e-11
10562 4.785625e-11
10563 4.784746e-11
10564 4.783868e-11
10565 4.782990e-11
10566 4.782112e-11
10567 4.781235e-11
10568 4.780358e-11
10569 4.779481e-11
10570 4.778604e-11
10571 4.777728e-11
10572 4.776851e-11
10573 4.775976e-11
10574 4.775100e-11
10575 4.774224e-11
10576 4.773349e-11
10577 4.772474e-11
10578 4.771599e-11
10579 4.770725e-11
10580 4.769851e-11
10581 4.768976e-11
10582 4.768103e-11
10583 4.767229e-11
10584 4.766356e-11
10585 4.765483e-11
10586 4.764610e-11
10587 4.763737e-11
10588 4.762865e-11
10589 4.761993e-11
10590 4.761121e-11
10591 4.760250e-11
10592 4.759378e-11
10593 4.758507e-11
10594 4.757636e-11
10595 4.756766e-11
10596 4.755895e-11
10597 4.755025e-11
10598 4.754155e-11
10599 4.753285e-11
10600 4.752416e-11
10601 4.751547e-11
10602 4.750678e-11
10603 4.749809e-11
10604 4.748941e-11
10605 4.748072e-11
10606 4.747204e-11
10607 4.746337e-11
10608 4.745469e-11
10609 4.744602e-11
10610 4.743735e-11
10611 4.742868e-11
10612 4.742002e-11
10613 4.741135e-11
10614 4.740269e-11
10615 4.739403e-11
10616 4.738538e-11
10617 4.737672e-11
10618 4.736807e-11
10619 4.735942e-11
10620 4.735078e-11
10621 4.734213e-11
10622 4.733349e-11
10623 4.732485e-11
10624 4.731622e-11
10625 4.730758e-11
10626 4.729895e-11
10627 4.729032e-11
10628 4.728169e-11
10629 4.727307e-11
10630 4.726445e-11
10631 4.725583e-11
10632 4.724721e-11
10633 4.723859e-11
10634 4.722998e-11
10635 4.722137e-11
10636 4.721276e-11
10637 4.720416e-11
10638 4.719555e-11
10639 4.718695e-11
10640 4.717835e-11
10641 4.716976e-11
10642 4.716116e-11
10643 4.715257e-11
10644 4.714398e-11
10645 4.713540e-11
10646 4.712681e-11
10647 4.711823e-11
10648 4.710965e-11
10649 4.710107e-11
10650 4.709250e-11
10651 4.708393e-11
10652 4.707536e-11
10653 4.706679e-11
10654 4.705822e-11
10655 4.704966e-11
10656 4.704110e-11
10657 4.703254e-11
10658 4.702398e-11
10659 4.701543e-11
10660 4.700688e-11
10661 4.699833e-11
10662 4.698978e-11
10663 4.698124e-11
10664 4.697270e-11
10665 4.696416e-11
10666 4.695562e-11
10667 4.694709e-11
10668 4.693855e-11
10669 4.693002e-11
10670 4.692150e-11
10671 4.691297e-11
10672 4.690445e-11
10673 4.689593e-11
10674 4.688741e-11
10675 4.687889e-11
10676 4.687038e-11
10677 4.686187e-11
10678 4.685336e-11
10679 4.684485e-11
10680 4.683635e-11
10681 4.682785e-11
10682 4.681935e-11
10683 4.681085e-11
10684 4.680235e-11
10685 4.679386e-11
10686 4.678537e-11
10687 4.677688e-11
10688 4.676840e-11
10689 4.675991e-11
10690 4.675143e-11
10691 4.674295e-11
10692 4.673448e-11
10693 4.672600e-11
10694 4.671753e-11
10695 4.670906e-11
10696 4.670060e-11
10697 4.669213e-11
10698 4.668367e-11
10699 4.667521e-11
10700 4.666675e-11
10701 4.665830e-11
10702 4.664984e-11
10703 4.664139e-11
10704 4.663294e-11
10705 4.662450e-11
10706 4.661605e-11
10707 4.660761e-11
10708 4.659917e-11
10709 4.659074e-11
10710 4.658230e-11
10711 4.657387e-11
10712 4.656544e-11
10713 4.655701e-11
10714 4.654859e-11
10715 4.654016e-11
10716 4.653174e-11
10717 4.652333e-11
10718 4.651491e-11
10719 4.650650e-11
10720 4.649808e-11
10721 4.648968e-11
10722 4.648127e-11
10723 4.647286e-11
10724 4.646446e-11
10725 4.645606e-11
10726 4.644766e-11
10727 4.643927e-11
10728 4.643088e-11
10729 4.642249e-11
10730 4.641410e-11
10731 4.640571e-11
10732 4.639733e-11
10733 4.638895e-11
10734 4.638057e-11
10735 4.637219e-11
10736 4.636382e-11
10737 4.635544e-11
10738 4.634707e-11
10739 4.633871e-11
10740 4.633034e-11
10741 4.632198e-11
10742 4.631362e-11
10743 4.630526e-11
10744 4.629690e-11
10745 4.628855e-11
10746 4.628020e-11
10747 4.627185e-11
10748 4.626350e-11
10749 4.625515e-11
10750 4.624681e-11
10751 4.623847e-11
10752 4.623013e-11
10753 4.622180e-11
10754 4.621346e-11
10755 4.620513e-11
10756 4.619680e-11
10757 4.618848e-11
10758 4.618015e-11
10759 4.617183e-11
10760 4.616351e-11
10761 4.615519e-11
10762 4.614688e-11
10763 4.613857e-11
10764 4.613026e-11
10765 4.612195e-11
10766 4.611364e-11
10767 4.610534e-11
10768 4.609703e-11
10769 4.608874e-11
10770 4.608044e-11
10771 4.607214e-11
10772 4.606385e-11
10773 4.605556e-11
10774 4.604727e-11
10775 4.603899e-11
10776 4.603070e-11
10777 4.602242e-11
10778 4.601414e-11
10779 4.600587e-11
10780 4.599759e-11
10781 4.598932e-11
10782 4.598105e-11
10783 4.597278e-11
10784 4.596452e-11
10785 4.595625e-11
10786 4.594799e-11
10787 4.593973e-11
10788 4.593148e-11
10789 4.592322e-11
10790 4.591497e-11
10791 4.590672e-11
10792 4.589847e-11
10793 4.589023e-11
10794 4.588198e-11
10795 4.587374e-11
10796 4.586551e-11
10797 4.585727e-11
10798 4.584904e-11
10799 4.584080e-11
10800 4.583257e-11
10801 4.582435e-11
10802 4.581612e-11
10803 4.580790e-11
10804 4.579968e-11
10805 4.579146e-11
10806 4.578324e-11
10807 4.577503e-11
10808 4.576682e-11
10809 4.575861e-11
10810 4.575040e-11
10811 4.574220e-11
10812 4.573399e-11
10813 4.572579e-11
10814 4.571759e-11
10815 4.570940e-11
10816 4.570121e-11
10817 4.569301e-11
10818 4.568482e-11
10819 4.567664e-11
10820 4.566845e-11
10821 4.566027e-11
10822 4.565209e-11
10823 4.564391e-11
10824 4.563573e-11
10825 4.562756e-11
10826 4.561939e-11
10827 4.561122e-11
10828 4.560305e-11
10829 4.559489e-11
10830 4.558672e-11
10831 4.557856e-11
10832 4.557041e-11
10833 4.556225e-11
10834 4.555410e-11
10835 4.554594e-11
10836 4.553779e-11
10837 4.552965e-11
10838 4.552150e-11
10839 4.551336e-11
10840 4.550522e-11
10841 4.549708e-11
10842 4.548894e-11
10843 4.548081e-11
10844 4.547264e-11
10845 4.546438e-11
10846 4.545612e-11
10847 4.544787e-11
10848 4.543962e-11
10849 4.543137e-11
10850 4.542312e-11
10851 4.541488e-11
10852 4.540664e-11
10853 4.539840e-11
10854 4.539016e-11
10855 4.538193e-11
10856 4.537369e-11
10857 4.536546e-11
10858 4.535723e-11
10859 4.534901e-11
10860 4.534078e-11
10861 4.533256e-11
10862 4.532434e-11
10863 4.531613e-11
10864 4.530791e-11
10865 4.529970e-11
10866 4.529149e-11
10867 4.528328e-11
10868 4.527508e-11
10869 4.526687e-11
10870 4.525867e-11
10871 4.525047e-11
10872 4.524227e-11
10873 4.523408e-11
10874 4.522589e-11
10875 4.521770e-11
10876 4.520951e-11
10877 4.520132e-11
10878 4.519314e-11
10879 4.518496e-11
10880 4.517678e-11
10881 4.516860e-11
10882 4.516043e-11
10883 4.515226e-11
10884 4.514409e-11
10885 4.513592e-11
10886 4.512775e-11
10887 4.511959e-11
10888 4.511143e-11
10889 4.510327e-11
10890 4.509511e-11
10891 4.508696e-11
10892 4.507881e-11
10893 4.507066e-11
10894 4.506251e-11
10895 4.505436e-11
10896 4.504622e-11
10897 4.503808e-11
10898 4.502994e-11
10899 4.502180e-11
10900 4.501367e-11
10901 4.500554e-11
10902 4.499741e-11
10903 4.498928e-11
10904 4.498115e-11
10905 4.497303e-11
10906 4.496491e-11
10907 4.495679e-11
10908 4.494867e-11
10909 4.494056e-11
10910 4.493245e-11
10911 4.492434e-11
10912 4.491623e-11
10913 4.490812e-11
10914 4.490002e-11
10915 4.489192e-11
10916 4.488382e-11
10917 4.487572e-11
10918 4.486763e-11
10919 4.485953e-11
10920 4.485144e-11
10921 4.484336e-11
10922 4.483527e-11
10923 4.482719e-11
10924 4.481910e-11
10925 4.481103e-11
10926 4.480295e-11
10927 4.479487e-11
10928 4.478680e-11
10929 4.477873e-11
10930 4.477066e-11
10931 4.476260e-11
10932 4.475453e-11
10933 4.474647e-11
10934 4.473841e-11
10935 4.473035e-11
10936 4.472230e-11
10937 4.471424e-11
10938 4.470619e-11
10939 4.469815e-11
10940 4.469010e-11
10941 4.468205e-11
10942 4.467401e-11
10943 4.466597e-11
10944 4.465793e-11
10945 4.464990e-11
10946 4.464187e-11
10947 4.463383e-11
10948 4.462581e-11
10949 4.461778e-11
10950 4.460975e-11
10951 4.460173e-11
10952 4.459371e-11
10953 4.458569e-11
10954 4.457768e-11
10955 4.456966e-11
10956 4.456165e-11
10957 4.455364e-11
10958 4.454564e-11
10959 4.453763e-11
10960 4.452963e-11
10961 4.452163e-11
10962 4.451363e-11
10963 4.450563e-11
10964 4.449764e-11
10965 4.448965e-11
10966 4.448166e-11
10967 4.447367e-11
10968 4.446568e-11
10969 4.445770e-11
10970 4.444972e-11
10971 4.444174e-11
10972 4.443376e-11
10973 4.442579e-11
10974 4.441781e-11
10975 4.440984e-11
10976 4.440187e-11
10977 4.439391e-11
10978 4.438594e-11
10979 4.437798e-11
10980 4.437002e-11
10981 4.436207e-11
10982 4.435411e-11
10983 4.434616e-11
10984 4.433821e-11
10985 4.433026e-11
10986 4.432231e-11
10987 4.431437e-11
10988 4.430642e-11
10989 4.429848e-11
10990 4.429054e-11
10991 4.428261e-11
10992 4.427467e-11
10993 4.426674e-11
10994 4.425881e-11
10995 4.425089e-11
10996 4.424296e-11
10997 4.423504e-11
10998 4.422712e-11
10999 4.421920e-11
11000 4.421128e-11
11001 4.420336e-11
11002 4.419545e-11
11003 4.418754e-11
11004 4.417963e-11
11005 4.417173e-11
11006 4.416382e-11
11007 4.415592e-11
11008 4.414802e-11
11009 4.414012e-11
11010 4.413223e-11
11011 4.412434e-11
11012 4.411644e-11
11013 4.410856e-11
11014 4.410067e-11
11015 4.409278e-11
11016 4.408490e-11
11017 4.407702e-11
11018 4.406914e-11
11019 4.406127e-11
11020 4.405339e-11
11021 4.404552e-11
11022 4.403765e-11
11023 4.402978e-11
11024 4.402192e-11
11025 4.401405e-11
11026 4.400619e-11
11027 4.399833e-11
11028 4.399047e-11
11029 4.398262e-11
11030 4.397477e-11
11031 4.396691e-11
11032 4.395907e-11
11033 4.395122e-11
11034 4.394337e-11
11035 4.393553e-11
11036 4.392769e-11
11037 4.391985e-11
11038 4.391202e-11
11039 4.390418e-11
11040 4.389635e-11
11041 4.388852e-11
11042 4.388069e-11
11043 4.387287e-11
11044 4.386504e-11
11045 4.385722e-11
11046 4.384940e-11
11047 4.384159e-11
11048 4.383377e-11
11049 4.382596e-11
11050 4.381815e-11
11051 4.381034e-11
11052 4.380253e-11
11053 4.379473e-11
11054 4.378692e-11
11055 4.377912e-11
11056 4.377133e-11
11057 4.376353e-11
11058 4.375574e-11
11059 4.374794e-11
11060 4.374015e-11
11061 4.373237e-11
11062 4.372458e-11
11063 4.371680e-11
11064 4.370901e-11
11065 4.370123e-11
11066 4.369346e-11
11067 4.368568e-11
11068 4.367791e-11
11069 4.367014e-11
11070 4.366237e-11
11071 4.365460e-11
11072 4.364684e-11
11073 4.363907e-11
11074 4.363131e-11
11075 4.362355e-11
11076 4.361580e-11
11077 4.360804e-11
11078 4.360029e-11
11079 4.359254e-11
11080 4.358479e-11
11081 4.357705e-11
11082 4.356930e-11
11083 4.356156e-11
11084 4.355382e-11
11085 4.354608e-11
11086 4.353835e-11
11087 4.353061e-11
11088 4.352288e-11
11089 4.351515e-11
11090 4.350742e-11
11091 4.349970e-11
11092 4.349197e-11
11093 4.348425e-11
11094 4.347653e-11
11095 4.346882e-11
11096 4.346110e-11
11097 4.345339e-11
11098 4.344568e-11
11099 4.343797e-11
11100 4.343026e-11
11101 4.342256e-11
11102 4.341485e-11
11103 4.340715e-11
11104 4.339945e-11
11105 4.339176e-11
11106 4.338406e-11
11107 4.337637e-11
11108 4.336868e-11
11109 4.336099e-11
11110 4.335331e-11
11111 4.334562e-11
11112 4.333794e-11
11113 4.333026e-11
11114 4.332258e-11
11115 4.331491e-11
11116 4.330723e-11
11117 4.329956e-11
11118 4.329189e-11
11119 4.328422e-11
11120 4.327656e-11
11121 4.326889e-11
11122 4.326123e-11
11123 4.325357e-11
11124 4.324591e-11
11125 4.323826e-11
11126 4.323060e-11
11127 4.322295e-11
11128 4.321530e-11
11129 4.320766e-11
11130 4.320001e-11
11131 4.319237e-11
11132 4.318473e-11
11133 4.317709e-11
11134 4.316945e-11
11135 4.316181e-11
11136 4.315418e-11
11137 4.314655e-11
11138 4.313892e-11
11139 4.313129e-11
11140 4.312367e-11
11141 4.311605e-11
11142 4.310842e-11
11143 4.310081e-11
11144 4.309319e-11
11145 4.308557e-11
11146 4.307796e-11
11147 4.307035e-11
11148 4.306274e-11
11149 4.305513e-11
11150 4.304753e-11
11151 4.303993e-11
11152 4.303233e-11
11153 4.302473e-11
11154 4.301713e-11
11155 4.300954e-11
11156 4.300194e-11
11157 4.299435e-11
11158 4.298677e-11
11159 4.297918e-11
11160 4.297159e-11
11161 4.296401e-11
11162 4.295643e-11
11163 4.294885e-11
11164 4.294128e-11
11165 4.293370e-11
11166 4.292613e-11
11167 4.291856e-11
11168 4.291099e-11
11169 4.290342e-11
11170 4.289586e-11
11171 4.288830e-11
11172 4.288074e-11
11173 4.287318e-11
11174 4.286562e-11
11175 4.285807e-11
11176 4.285052e-11
11177 4.284297e-11
11178 4.283542e-11
11179 4.282787e-11
11180 4.282033e-11
11181 4.281278e-11
11182 4.280524e-11
11183 4.279771e-11
11184 4.279017e-11
11185 4.278264e-11
11186 4.277510e-11
11187 4.276757e-11
11188 4.276004e-11
11189 4.275252e-11
11190 4.274499e-11
11191 4.273747e-11
11192 4.272995e-11
11193 4.272243e-11
11194 4.271492e-11
11195 4.270740e-11
11196 4.269989e-11
11197 4.269238e-11
11198 4.268487e-11
11199 4.267737e-11
11200 4.266986e-11
11201 4.266236e-11
11202 4.265486e-11
11203 4.264736e-11
11204 4.263986e-11
11205 4.263237e-11
11206 4.262488e-11
11207 4.261739e-11
11208 4.260990e-11
11209 4.260241e-11
11210 4.259493e-11
11211 4.258744e-11
11212 4.257996e-11
11213 4.257249e-11
11214 4.256501e-11
11215 4.255753e-11
11216 4.255006e-11
11217 4.254259e-11
11218 4.253512e-11
11219 4.252766e-11
11220 4.252019e-11
11221 4.251273e-11
11222 4.250527e-11
11223 4.249781e-11
11224 4.249035e-11
11225 4.248290e-11
11226 4.247544e-11
11227 4.246799e-11
11228 4.246054e-11
11229 4.245310e-11
11230 4.244565e-11
11231 4.243821e-11
11232 4.243077e-11
11233 4.242333e-11
11234 4.241589e-11
11235 4.240846e-11
11236 4.240102e-11
11237 4.239359e-11
11238 4.238616e-11
11239 4.237874e-11
11240 4.237131e-11
11241 4.236389e-11
11242 4.235647e-11
11243 4.234905e-11
11244 4.234163e-11
11245 4.233421e-11
11246 4.232680e-11
11247 4.231939e-11
11248 4.231198e-11
11249 4.230457e-11
11250 4.229717e-11
11251 4.228976e-11
11252 4.228236e-11
11253 4.227496e-11
11254 4.226756e-11
11255 4.226017e-11
11256 4.225277e-11
11257 4.224538e-11
11258 4.223799e-11
11259 4.223060e-11
11260 4.222322e-11
11261 4.221583e-11
11262 4.220845e-11
11263 4.220107e-11
11264 4.219369e-11
11265 4.218631e-11
11266 4.217894e-11
11267 4.217157e-11
11268 4.216420e-11
11269 4.215683e-11
11270 4.214946e-11
11271 4.214210e-11
11272 4.213473e-11
11273 4.212737e-11
11274 4.212001e-11
11275 4.211266e-11
11276 4.210530e-11
11277 4.209795e-11
11278 4.209060e-11
11279 4.208325e-11
11280 4.207590e-11
11281 4.206855e-11
11282 4.206121e-11
11283 4.205387e-11
11284 4.204653e-11
11285 4.203919e-11
11286 4.203186e-11
11287 4.202452e-11
11288 4.201719e-11
11289 4.200986e-11
11290 4.200253e-11
11291 4.199521e-11
11292 4.198788e-11
11293 4.198056e-11
11294 4.197324e-11
11295 4.196592e-11
11296 4.195860e-11
11297 4.195129e-11
11298 4.194398e-11
11299 4.193667e-11
11300 4.192936e-11
11301 4.192205e-11
11302 4.191475e-11
11303 4.190744e-11
11304 4.190014e-11
11305 4.189284e-11
11306 4.188554e-11
11307 4.187825e-11
11308 4.187096e-11
11309 4.186366e-11
11310 4.185637e-11
11311 4.184909e-11
11312 4.184180e-11
11313 4.183452e-11
11314 4.182723e-11
11315 4.181995e-11
11316 4.181268e-11
11317 4.180540e-11
11318 4.179813e-11
11319 4.179085e-11
11320 4.178358e-11
11321 4.177631e-11
11322 4.176905e-11
11323 4.176178e-11
11324 4.175452e-11
11325 4.174726e-11
11326 4.174000e-11
11327 4.173274e-11
11328 4.172549e-11
11329 4.171823e-11
11330 4.171098e-11
11331 4.170373e-11
11332 4.169648e-11
11333 4.168924e-11
11334 4.168199e-11
11335 4.167475e-11
11336 4.166751e-11
11337 4.166027e-11
11338 4.165304e-11
11339 4.164580e-11
11340 4.163857e-11
11341 4.163134e-11
11342 4.162411e-11
11343 4.161688e-11
11344 4.160966e-11
11345 4.160244e-11
11346 4.159522e-11
11347 4.158800e-11
11348 4.158078e-11
11349 4.157356e-11
11350 4.156635e-11
11351 4.155914e-11
11352 4.155193e-11
11353 4.154472e-11
11354 4.153751e-11
11355 4.153031e-11
11356 4.152311e-11
11357 4.151591e-11
11358 4.150871e-11
11359 4.150151e-11
11360 4.149432e-11
11361 4.148712e-11
11362 4.147993e-11
11363 4.147274e-11
11364 4.146556e-11
11365 4.145837e-11
11366 4.145119e-11
11367 4.144401e-11
11368 4.143683e-11
11369 4.142965e-11
11370 4.142247e-11
11371 4.141530e-11
11372 4.140813e-11
11373 4.140096e-11
11374 4.139379e-11
11375 4.138662e-11
11376 4.137946e-11
11377 4.137229e-11
11378 4.136513e-11
11379 4.135797e-11
11380 4.135081e-11
11381 4.134366e-11
11382 4.133651e-11
11383 4.132935e-11
11384 4.132220e-11
11385 4.131506e-11
11386 4.130791e-11
11387 4.130077e-11
11388 4.129362e-11
11389 4.128648e-11
11390 4.127934e-11
11391 4.127221e-11
11392 4.126507e-11
11393 4.125794e-11
11394 4.125081e-11
11395 4.124368e-11
11396 4.123655e-11
11397 4.122943e-11
11398 4.122230e-11
11399 4.121518e-11
11400 4.120806e-11
11401 4.120094e-11
11402 4.119383e-11
11403 4.118671e-11
11404 4.117960e-11
11405 4.117249e-11
11406 4.116538e-11
11407 4.115827e-11
11408 4.115117e-11
11409 4.114406e-11
11410 4.113696e-11
11411 4.112986e-11
11412 4.112276e-11
11413 4.111567e-11
11414 4.110857e-11
11415 4.110148e-11
11416 4.109439e-11
11417 4.108730e-11
11418 4.108021e-11
11419 4.107313e-11
11420 4.106605e-11
11421 4.105897e-11
11422 4.105189e-11
11423 4.104481e-11
11424 4.103773e-11
11425 4.103066e-11
11426 4.102359e-11
11427 4.101652e-11
11428 4.100945e-11
11429 4.100238e-11
11430 4.099532e-11
11431 4.098825e-11
11432 4.098119e-11
11433 4.097413e-11
11434 4.096708e-11
11435 4.096002e-11
11436 4.095297e-11
11437 4.094591e-11
11438 4.093886e-11
11439 4.093182e-11
11440 4.092477e-11
11441 4.091773e-11
11442 4.091068e-11
11443 4.090364e-11
11444 4.089660e-11
11445 4.088957e-11
11446 4.088253e-11
11447 4.087550e-11
11448 4.086846e-11
11449 4.086143e-11
11450 4.085441e-11
11451 4.084738e-11
11452 4.084036e-11
11453 4.083333e-11
11454 4.082631e-11
11455 4.081929e-11
11456 4.081228e-11
11457 4.080526e-11
11458 4.079825e-11
11459 4.079123e-11
11460 4.078422e-11
11461 4.077722e-11
11462 4.077021e-11
11463 4.076321e-11
11464 4.075620e-11
11465 4.074920e-11
11466 4.074220e-11
11467 4.073521e-11
11468 4.072821e-11
11469 4.072122e-11
11470 4.071422e-11
11471 4.070723e-11
11472 4.070025e-11
11473 4.069326e-11
11474 4.068628e-11
11475 4.067929e-11
11476 4.067231e-11
11477 4.066533e-11
11478 4.065836e-11
11479 4.065138e-11
11480 4.064441e-11
11481 4.063743e-11
11482 4.063046e-11
11483 4.062350e-11
11484 4.061653e-11
11485 4.060956e-11
11486 4.060260e-11
11487 4.059564e-11
11488 4.058868e-11
11489 4.058172e-11
11490 4.057477e-11
11491 4.056781e-11
11492 4.056086e-11
11493 4.055391e-11
11494 4.054696e-11
11495 4.054002e-11
11496 4.053307e-11
11497 4.052613e-11
11498 4.051919e-11
11499 4.051225e-11
11500 4.050531e-11
11501 4.049837e-11
11502 4.049144e-11
11503 4.048451e-11
11504 4.047758e-11
11505 4.047065e-11
11506 4.046372e-11
11507 4.045679e-11
11508 4.044987e-11
11509 4.044295e-11
11510 4.043603e-11
11511 4.042911e-11
11512 4.042219e-11
11513 4.041528e-11
11514 4.040837e-11
11515 4.040146e-11
11516 4.039455e-11
11517 4.038764e-11
11518 4.038073e-11
11519 4.037383e-11
11520 4.036693e-11
11521 4.036003e-11
11522 4.035313e-11
11523 4.034623e-11
11524 4.033934e-11
11525 4.033244e-11
11526 4.032555e-11
11527 4.031866e-11
11528 4.031178e-11
11529 4.030489e-11
11530 4.029800e-11
11531 4.029112e-11
11532 4.028424e-11
11533 4.027736e-11
11534 4.027049e-11
11535 4.026361e-11
11536 4.025674e-11
11537 4.024986e-11
11538 4.024299e-11
11539 4.023613e-11
11540 4.022926e-11
11541 4.022239e-11
11542 4.021553e-11
11543 4.020867e-11
11544 4.020181e-11
11545 4.019495e-11
11546 4.018810e-11
11547 4.018124e-11
11548 4.017439e-11
11549 4.016754e-11
11550 4.016069e-11
11551 4.015384e-11
11552 4.014700e-11
11553 4.014015e-11
11554 4.013331e-11
11555 4.012647e-11
11556 4.011963e-11
11557 4.011280e-11
11558 4.010596e-11
11559 4.009913e-11
11560 4.009230e-11
11561 4.008547e-11
11562 4.007864e-11
11563 4.007181e-11
11564 4.006499e-11
11565 4.005817e-11
11566 4.005134e-11
11567 4.004453e-11
11568 4.003771e-11
11569 4.003089e-11
11570 4.002408e-11
11571 4.001727e-11
11572 4.001046e-11
11573 4.000365e-11
11574 3.999684e-11
11575 3.999004e-11
11576 3.998323e-11
11577 3.997643e-11
11578 3.996963e-11
11579 3.996283e-11
11580 3.995604e-11
11581 3.994924e-11
11582 3.994245e-11
11583 3.993566e-11
11584 3.992887e-11
11585 3.992208e-11
11586 3.991529e-11
11587 3.990851e-11
11588 3.990173e-11
11589 3.989495e-11
11590 3.988817e-11
11591 3.988139e-11
11592 3.987461e-11
11593 3.986784e-11
11594 3.986107e-11
11595 3.985430e-11
11596 3.984753e-11
11597 3.984076e-11
11598 3.983400e-11
11599 3.982723e-11
11600 3.982047e-11
11601 3.981371e-11
11602 3.980695e-11
11603 3.980020e-11
11604 3.979344e-11
11605 3.978669e-11
11606 3.977994e-11
11607 3.977319e-11
11608 3.976644e-11
11609 3.975969e-11
11610 3.975295e-11
11611 3.974621e-11
11612 3.973947e-11
11613 3.973273e-11
11614 3.972599e-11
11615 3.971925e-11
11616 3.971252e-11
11617 3.970579e-11
11618 3.969906e-11
11619 3.969233e-11
11620 3.968560e-11
11621 3.967888e-11
11622 3.967215e-11
11623 3.966543e-11
11624 3.965863e-11
11625 3.965181e-11
11626 3.964500e-11
11627 3.963818e-11
11628 3.963137e-11
11629 3.962456e-11
11630 3.961775e-11
11631 3.961094e-11
11632 3.960414e-11
11633 3.959733e-11
11634 3.959053e-11
11635 3.958373e-11
11636 3.957693e-11
11637 3.957013e-11
11638 3.956334e-11
11639 3.955654e-11
11640 3.954975e-11
11641 3.954296e-11
11642 3.953617e-11
11643 3.952939e-11
11644 3.952260e-11
11645 3.951582e-11
11646 3.950904e-11
11647 3.950226e-11
11648 3.949548e-11
11649 3.948870e-11
11650 3.948193e-11
11651 3.947516e-11
11652 3.946839e-11
11653 3.946162e-11
11654 3.945485e-11
11655 3.944808e-11
11656 3.944132e-11
11657 3.943456e-11
11658 3.942780e-11
11659 3.942104e-11
11660 3.941428e-11
11661 3.940753e-11
11662 3.940077e-11
11663 3.939402e-11
11664 3.938727e-11
11665 3.938052e-11
11666 3.937378e-11
11667 3.936703e-11
11668 3.936029e-11
11669 3.935355e-11
11670 3.934681e-11
11671 3.934007e-11
11672 3.933333e-11
11673 3.932660e-11
11674 3.931987e-11
11675 3.931314e-11
11676 3.930641e-11
11677 3.929968e-11
11678 3.929295e-11
11679 3.928623e-11
11680 3.927951e-11
11681 3.927279e-11
11682 3.926607e-11
11683 3.925935e-11
11684 3.925263e-11
11685 3.924592e-11
11686 3.923921e-11
11687 3.923250e-11
11688 3.922579e-11
11689 3.921908e-11
11690 3.921238e-11
11691 3.920567e-11
11692 3.919897e-11
11693 3.919227e-11
11694 3.918557e-11
11695 3.917888e-11
11696 3.917218e-11
11697 3.916549e-11
11698 3.915880e-11
11699 3.915211e-11
11700 3.914542e-11
11701 3.913874e-11
11702 3.913205e-11
11703 3.912537e-11
11704 3.911869e-11
11705 3.911201e-11
11706 3.910533e-11
11707 3.909865e-11
11708 3.909198e-11
11709 3.908531e-11
11710 3.907864e-11
11711 3.907197e-11
11712 3.906530e-11
11713 3.905863e-11
11714 3.905197e-11
11715 3.904531e-11
11716 3.903865e-11
11717 3.903199e-11
11718 3.902533e-11
11719 3.901868e-11
11720 3.901202e-11
11721 3.900537e-11
11722 3.899872e-11
11723 3.899207e-11
11724 3.898542e-11
11725 3.897878e-11
11726 3.897214e-11
11727 3.896549e-11
11728 3.895885e-11
11729 3.895221e-11
11730 3.894558e-11
11731 3.893894e-11
11732 3.893231e-11
11733 3.892568e-11
11734 3.891905e-11
11735 3.891242e-11
11736 3.890579e-11
11737 3.889917e-11
11738 3.889254e-11
11739 3.888592e-11
11740 3.887930e-11
11741 3.887269e-11
11742 3.886607e-11
11743 3.885945e-11
11744 3.885284e-11
11745 3.884623e-11
11746 3.883962e-11
11747 3.883301e-11
11748 3.882641e-11
11749 3.881980e-11
11750 3.881320e-11
11751 3.880660e-11
11752 3.880000e-11
11753 3.879340e-11
11754 3.878680e-11
11755 3.878021e-11
11756 3.877362e-11
11757 3.876702e-11
11758 3.876044e-11
11759 3.875385e-11
11760 3.874726e-11
11761 3.874068e-11
11762 3.873409e-11
11763 3.872751e-11
11764 3.872093e-11
11765 3.871436e-11
11766 3.870778e-11
11767 3.870121e-11
11768 3.869463e-11
11769 3.868806e-11
11770 3.868149e-11
11771 3.867492e-11
11772 3.866836e-11
11773 3.866179e-11
11774 3.865523e-11
11775 3.864867e-11
11776 3.864211e-11
11777 3.863555e-11
11778 3.862900e-11
11779 3.862244e-11
11780 3.861589e-11
11781 3.860934e-11
11782 3.860279e-11
11783 3.859624e-11
11784 3.858970e-11
11785 3.858315e-11
11786 3.857661e-11
11787 3.857007e-11
11788 3.856353e-11
11789 3.855699e-11
11790 3.855046e-11
11791 3.854392e-11
11792 3.853739e-11
11793 3.853086e-11
11794 3.852433e-11
11795 3.851780e-11
11796 3.851127e-11
11797 3.850475e-11
11798 3.849823e-11
11799 3.849171e-11
11800 3.848519e-11
11801 3.847867e-11
11802 3.847215e-11
11803 3.846564e-11
11804 3.845913e-11
11805 3.845262e-11
11806 3.844611e-11
11807 3.843960e-11
11808 3.843309e-11
11809 3.842659e-11
11810 3.842008e-11
11811 3.841358e-11
11812 3.840708e-11
11813 3.840059e-11
11814 3.839409e-11
11815 3.838759e-11
11816 3.838110e-11
11817 3.837461e-11
11818 3.836812e-11
11819 3.836163e-11
11820 3.835515e-11
11821 3.834866e-11
11822 3.834218e-11
11823 3.833570e-11
11824 3.832922e-11
11825 3.832274e-11
11826 3.831626e-11
11827 3.830979e-11
11828 3.830331e-11
11829 3.829684e-11
11830 3.829037e-11
11831 3.828390e-11
11832 3.827744e-11
11833 3.827097e-11
11834 3.826451e-11
11835 3.825805e-11
11836 3.825159e-11
11837 3.824513e-11
11838 3.823867e-11
11839 3.823222e-11
11840 3.822576e-11
11841 3.821931e-11
11842 3.821286e-11
11843 3.820641e-11
11844 3.819997e-11
11845 3.819352e-11
11846 3.818708e-11
11847 3.818063e-11
11848 3.817419e-11
11849 3.816775e-11
11850 3.816132e-11
11851 3.815488e-11
11852 3.814845e-11
11853 3.814202e-11
11854 3.813558e-11
11855 3.812916e-11
11856 3.812273e-11
11857 3.811630e-11
11858 3.810988e-11
11859 3.810346e-11
11860 3.809703e-11
11861 3.809062e-11
11862 3.808420e-11
11863 3.807778e-11
11864 3.807137e-11
11865 3.806495e-11
11866 3.805854e-11
11867 3.805213e-11
11868 3.804572e-11
11869 3.803932e-11
11870 3.803291e-11
11871 3.802651e-11
11872 3.802011e-11
11873 3.801371e-11
11874 3.800731e-11
11875 3.800091e-11
11876 3.799452e-11
11877 3.798813e-11
11878 3.798173e-11
11879 3.797534e-11
11880 3.796895e-11
11881 3.796257e-11
11882 3.795618e-11
11883 3.794980e-11
11884 3.794342e-11
11885 3.793704e-11
11886 3.793066e-11
11887 3.792428e-11
11888 3.791790e-11
11889 3.791153e-11
11890 3.790516e-11
11891 3.789879e-11
11892 3.789242e-11
11893 3.788605e-11
11894 3.787968e-11
11895 3.787332e-11
11896 3.786696e-11
11897 3.786059e-11
11898 3.785423e-11
11899 3.784788e-11
11900 3.784152e-11
11901 3.783517e-11
11902 3.782881e-11
11903 3.782246e-11
11904 3.781611e-11
11905 3.780976e-11
11906 3.780341e-11
11907 3.779707e-11
11908 3.779073e-11
11909 3.778438e-11
11910 3.777804e-11
11911 3.777170e-11
11912 3.776537e-11
11913 3.775903e-11
11914 3.775270e-11
11915 3.774636e-11
11916 3.774003e-11
11917 3.773370e-11
11918 3.772738e-11
11919 3.772105e-11
11920 3.771473e-11
11921 3.770840e-11
11922 3.770208e-11
11923 3.769576e-11
11924 3.768944e-11
11925 3.768313e-11
11926 3.767681e-11
11927 3.767050e-11
11928 3.766419e-11
11929 3.765788e-11
11930 3.765157e-11
11931 3.764526e-11
11932 3.763896e-11
11933 3.763265e-11
11934 3.762635e-11
11935 3.762005e-11
11936 3.761375e-11
11937 3.760745e-11
11938 3.760116e-11
11939 3.759486e-11
11940 3.758857e-11
11941 3.758228e-11
11942 3.757599e-11
11943 3.756970e-11
11944 3.756341e-11
11945 3.755713e-11
11946 3.755084e-11
11947 3.754456e-11
11948 3.753828e-11
11949 3.753200e-11
11950 3.752573e-11
11951 3.751945e-11
11952 3.751318e-11
11953 3.750690e-11
11954 3.750063e-11
11955 3.749436e-11
11956 3.748810e-11
11957 3.748183e-11
11958 3.747557e-11
11959 3.746930e-11
11960 3.746304e-11
11961 3.745678e-11
11962 3.745052e-11
11963 3.744427e-11
11964 3.743801e-11
11965 3.743176e-11
11966 3.742551e-11
11967 3.741926e-11
11968 3.741301e-11
11969 3.740676e-11
11970 3.740052e-11
11971 3.739427e-11
11972 3.738803e-11
11973 3.738179e-11
11974 3.737555e-11
11975 3.736931e-11
11976 3.736307e-11
11977 3.735684e-11
11978 3.735061e-11
11979 3.734437e-11
11980 3.733814e-11
11981 3.733192e-11
11982 3.732569e-11
11983 3.731946e-11
11984 3.731324e-11
11985 3.730702e-11
11986 3.730080e-11
11987 3.729458e-11
11988 3.728836e-11
11989 3.728214e-11
11990 3.727593e-11
11991 3.726972e-11
11992 3.726351e-11
11993 3.725730e-11
11994 3.725109e-11
11995 3.724488e-11
11996 3.723868e-11
11997 3.723247e-11
11998 3.722627e-11
11999 3.722007e-11
12000 3.721387e-11
12001 3.720767e-11
12002 3.720148e-11
12003 3.719528e-11
12004 3.718909e-11
12005 3.718290e-11
12006 3.717671e-11
12007 3.717052e-11
12008 3.716433e-11
12009 3.715815e-11
12010 3.715197e-11
12011 3.714578e-11
12012 3.713960e-11
12013 3.713342e-11
12014 3.712725e-11
12015 3.712107e-11
12016 3.711490e-11
12017 3.710872e-11
12018 3.710255e-11
12019 3.709638e-11
12020 3.709022e-11
12021 3.708405e-11
12022 3.707788e-11
12023 3.707172e-11
12024 3.706556e-11
12025 3.705940e-11
12026 3.705324e-11
12027 3.704708e-11
12028 3.704093e-11
12029 3.703477e-11
12030 3.702862e-11
12031 3.702247e-11
12032 3.701632e-11
12033 3.701017e-11
12034 3.700402e-11
12035 3.699788e-11
12036 3.699174e-11
12037 3.698559e-11
12038 3.697945e-11
12039 3.697331e-11
12040 3.696718e-11
12041 3.696104e-11
12042 3.695491e-11
12043 3.694877e-11
12044 3.694264e-11
12045 3.693651e-11
12046 3.693038e-11
12047 3.692426e-11
12048 3.691813e-11
12049 3.691201e-11
12050 3.690589e-11
12051 3.689977e-11
12052 3.689365e-11
12053 3.688753e-11
12054 3.688141e-11
12055 3.687530e-11
12056 3.686919e-11
12057 3.686307e-11
12058 3.685696e-11
12059 3.685086e-11
12060 3.684475e-11
12061 3.683864e-11
12062 3.683254e-11
12063 3.682644e-11
12064 3.682034e-11
12065 3.681424e-11
12066 3.680814e-11
12067 3.680204e-11
12068 3.679595e-11
12069 3.678985e-11
12070 3.678376e-11
12071 3.677767e-11
12072 3.677158e-11
12073 3.676550e-11
12074 3.675941e-11
12075 3.675333e-11
12076 3.674724e-11
12077 3.674116e-11
12078 3.673508e-11
12079 3.672900e-11
12080 3.672293e-11
12081 3.671685e-11
12082 3.671078e-11
12083 3.670471e-11
12084 3.669864e-11
12085 3.669257e-11
12086 3.668650e-11
12087 3.668043e-11
12088 3.667437e-11
12089 3.666831e-11
12090 3.666224e-11
12091 3.665618e-11
12092 3.665013e-11
12093 3.664407e-11
12094 3.663801e-11
12095 3.663196e-11
12096 3.662591e-11
12097 3.661986e-11
12098 3.661381e-11
12099 3.660776e-11
12100 3.660171e-11
12101 3.659567e-11
12102 3.658962e-11
12103 3.658358e-11
12104 3.657754e-11
12105 3.657150e-11
12106 3.656546e-11
12107 3.655943e-11
12108 3.655339e-11
12109 3.654736e-11
12110 3.654133e-11
12111 3.653530e-11
12112 3.652927e-11
12113 3.652324e-11
12114 3.651722e-11
12115 3.651119e-11
12116 3.650517e-11
12117 3.649915e-11
12118 3.649313e-11
12119 3.648711e-11
12120 3.648109e-11
12121 3.647508e-11
12122 3.646906e-11
12123 3.646305e-11
12124 3.645704e-11
12125 3.645103e-11
12126 3.644502e-11
12127 3.643902e-11
12128 3.643301e-11
12129 3.642701e-11
12130 3.642101e-11
12131 3.641501e-11
12132 3.640901e-11
12133 3.640301e-11
12134 3.639702e-11
12135 3.639102e-11
12136 3.638503e-11
12137 3.637904e-11
12138 3.637305e-11
12139 3.636706e-11
12140 3.636107e-11
12141 3.635509e-11
12142 3.634910e-11
12143 3.634312e-11
12144 3.633714e-11
12145 3.633116e-11
12146 3.632518e-11
12147 3.631920e-11
12148 3.631323e-11
12149 3.630725e-11
12150 3.630128e-11
12151 3.629531e-11
12152 3.628934e-11
12153 3.628337e-11
12154 3.627741e-11
12155 3.627144e-11
12156 3.626548e-11
12157 3.625952e-11
12158 3.625356e-11
12159 3.624760e-11
12160 3.624164e-11
12161 3.623568e-11
12162 3.622973e-11
12163 3.622378e-11
12164 3.621782e-11
12165 3.621187e-11
12166 3.620593e-11
12167 3.619998e-11
12168 3.619403e-11
12169 3.618809e-11
12170 3.618214e-11
12171 3.617620e-11
12172 3.617026e-11
12173 3.616432e-11
12174 3.615839e-11
12175 3.615245e-11
12176 3.614652e-11
12177 3.614059e-11
12178 3.613465e-11
12179 3.612872e-11
12180 3.612280e-11
12181 3.611687e-11
12182 3.611094e-11
12183 3.610502e-11
12184 3.609910e-11
12185 3.609318e-11
12186 3.608726e-11
12187 3.608134e-11
12188 3.607542e-11
12189 3.606951e-11
12190 3.606359e-11
12191 3.605768e-11
12192 3.605177e-11
12193 3.604586e-11
12194 3.603995e-11
12195 3.603405e-11
12196 3.602814e-11
12197 3.602224e-11
12198 3.601634e-11
12199 3.601044e-11
12200 3.600454e-11
12201 3.599864e-11
12202 3.599274e-11
12203 3.598685e-11
12204 3.598095e-11
12205 3.597506e-11
12206 3.596917e-11
12207 3.596328e-11
12208 3.595740e-11
12209 3.595151e-11
12210 3.594562e-11
12211 3.593974e-11
12212 3.593386e-11
12213 3.592798e-11
12214 3.592210e-11
12215 3.591622e-11
12216 3.591035e-11
12217 3.590447e-11
12218 3.589860e-11
12219 3.589273e-11
12220 3.588686e-11
12221 3.588099e-11
12222 3.587512e-11
12223 3.586925e-11
12224 3.586339e-11
12225 3.585753e-11
12226 3.585167e-11
12227 3.584581e-11
12228 3.583995e-11
12229 3.583409e-11
12230 3.582823e-11
12231 3.582238e-11
12232 3.581653e-11
12233 3.581067e-11
12234 3.580482e-11
12235 3.579898e-11
12236 3.579313e-11
12237 3.578728e-11
12238 3.578144e-11
12239 3.577559e-11
12240 3.576975e-11
12241 3.576391e-11
12242 3.575807e-11
12243 3.575224e-11
12244 3.574640e-11
12245 3.574057e-11
12246 3.573473e-11
12247 3.572890e-11
12248 3.572307e-11
12249 3.571724e-11
12250 3.571142e-11
12251 3.570559e-11
12252 3.569977e-11
12253 3.569394e-11
12254 3.568812e-11
12255 3.568230e-11
12256 3.567648e-11
12257 3.567067e-11
12258 3.566485e-11
12259 3.565903e-11
12260 3.565322e-11
12261 3.564741e-11
12262 3.564160e-11
12263 3.563579e-11
12264 3.562998e-11
12265 3.562418e-11
12266 3.561837e-11
12267 3.561257e-11
12268 3.560677e-11
12269 3.560097e-11
12270 3.559517e-11
12271 3.558937e-11
12272 3.558358e-11
12273 3.557778e-11
12274 3.557199e-11
12275 3.556620e-11
12276 3.556041e-11
12277 3.555462e-11
12278 3.554883e-11
12279 3.554304e-11
12280 3.553726e-11
12281 3.553148e-11
12282 3.552569e-11
12283 3.551991e-11
12284 3.551413e-11
12285 3.550836e-11
12286 3.550258e-11
12287 3.549681e-11
12288 3.549103e-11
12289 3.548526e-11
12290 3.547949e-11
12291 3.547372e-11
12292 3.546795e-11
12293 3.546219e-11
12294 3.545642e-11
12295 3.545066e-11
12296 3.544490e-11
12297 3.543914e-11
12298 3.543338e-11
12299 3.542762e-11
12300 3.542186e-11
12301 3.541611e-11
12302 3.541035e-11
12303 3.540460e-11
12304 3.539885e-11
12305 3.539310e-11
12306 3.538735e-11
12307 3.538161e-11
12308 3.537586e-11
12309 3.537012e-11
12310 3.536437e-11
12311 3.535863e-11
12312 3.535289e-11
12313 3.534715e-11
12314 3.534142e-11
12315 3.533568e-11
12316 3.532995e-11
12317 3.532421e-11
12318 3.531848e-11
12319 3.531275e-11
12320 3.530703e-11
12321 3.530130e-11
12322 3.529557e-11
12323 3.528985e-11
12324 3.528412e-11
12325 3.527840e-11
12326 3.527268e-11
12327 3.526696e-11
12328 3.526125e-11
12329 3.525553e-11
12330 3.524982e-11
12331 3.524410e-11
12332 3.523839e-11
12333 3.523268e-11
12334 3.522697e-11
12335 3.522126e-11
12336 3.521556e-11
12337 3.520985e-11
12338 3.520415e-11
12339 3.519845e-11
12340 3.519275e-11
12341 3.518705e-11
12342 3.518135e-11
12343 3.517565e-11
12344 3.516996e-11
12345 3.516426e-11
12346 3.515857e-11
12347 3.515288e-11
12348 3.514719e-11
12349 3.514150e-11
12350 3.513582e-11
12351 3.513013e-11
12352 3.512445e-11
12353 3.511876e-11
12354 3.511308e-11
12355 3.510740e-11
12356 3.510172e-11
12357 3.509605e-11
12358 3.509037e-11
12359 3.508469e-11
12360 3.507902e-11
12361 3.507335e-11
12362 3.506768e-11
12363 3.506201e-11
12364 3.505634e-11
12365 3.505068e-11
12366 3.504501e-11
12367 3.503935e-11
12368 3.503369e-11
12369 3.502803e-11
12370 3.502237e-11
12371 3.501671e-11
12372 3.501105e-11
12373 3.500540e-11
12374 3.499974e-11
12375 3.499409e-11
12376 3.498844e-11
12377 3.498279e-11
12378 3.497714e-11
12379 3.497149e-11
12380 3.496585e-11
12381 3.496020e-11
12382 3.495456e-11
12383 3.494892e-11
12384 3.494328e-11
12385 3.493764e-11
12386 3.493200e-11
12387 3.492637e-11
12388 3.492073e-11
12389 3.491510e-11
12390 3.490947e-11
12391 3.490384e-11
12392 3.489821e-11
12393 3.489258e-11
12394 3.488695e-11
12395 3.488133e-11
12396 3.487570e-11
12397 3.487008e-11
12398 3.486446e-11
12399 3.485884e-11
12400 3.485322e-11
12401 3.484760e-11
12402 3.484199e-11
12403 3.483637e-11
12404 3.483076e-11
12405 3.482515e-11
12406 3.481954e-11
12407 3.481393e-11
12408 3.480832e-11
12409 3.480272e-11
12410 3.479711e-11
12411 3.479151e-11
12412 3.478591e-11
12413 3.478030e-11
12414 3.477470e-11
12415 3.476911e-11
12416 3.476351e-11
12417 3.475791e-11
12418 3.475232e-11
12419 3.474673e-11
12420 3.474114e-11
12421 3.473555e-11
12422 3.472996e-11
12423 3.472437e-11
12424 3.471878e-11
12425 3.471320e-11
12426 3.470762e-11
12427 3.470203e-11
12428 3.469645e-11
12429 3.469088e-11
12430 3.468530e-11
12431 3.467972e-11
12432 3.467415e-11
12433 3.466857e-11
12434 3.466300e-11
12435 3.465743e-11
12436 3.465186e-11
12437 3.464629e-11
12438 3.464072e-11
12439 3.463516e-11
12440 3.462959e-11
12441 3.462403e-11
12442 3.461847e-11
12443 3.461291e-11
12444 3.460735e-11
12445 3.460179e-11
12446 3.459623e-11
12447 3.459068e-11
12448 3.458513e-11
12449 3.457957e-11
12450 3.457402e-11
12451 3.456847e-11
12452 3.456292e-11
12453 3.455738e-11
12454 3.455183e-11
12455 3.454629e-11
12456 3.454074e-11
12457 3.453520e-11
12458 3.452966e-11
12459 3.452411e-11
12460 3.451850e-11
12461 3.451288e-11
12462 3.450727e-11
12463 3.450166e-11
12464 3.449605e-11
12465 3.449044e-11
12466 3.448484e-11
12467 3.447923e-11
12468 3.447363e-11
12469 3.446802e-11
12470 3.446242e-11
12471 3.445682e-11
12472 3.445123e-11
12473 3.444563e-11
12474 3.444003e-11
12475 3.443444e-11
12476 3.442885e-11
12477 3.442325e-11
12478 3.441766e-11
12479 3.441208e-11
12480 3.440649e-11
12481 3.440090e-11
12482 3.439532e-11
12483 3.438973e-11
12484 3.438415e-11
12485 3.437857e-11
12486 3.437299e-11
12487 3.436741e-11
12488 3.436184e-11
12489 3.435626e-11
12490 3.435069e-11
12491 3.434511e-11
12492 3.433954e-11
12493 3.433397e-11
12494 3.432841e-11
12495 3.432284e-11
12496 3.431727e-11
12497 3.431171e-11
12498 3.430614e-11
12499 3.430058e-11
12500 3.429502e-11
12501 3.428946e-11
12502 3.428391e-11
12503 3.427835e-11
12504 3.427279e-11
12505 3.426724e-11
12506 3.426169e-11
12507 3.425614e-11
12508 3.425059e-11
12509 3.424504e-11
12510 3.423949e-11
12511 3.423395e-11
12512 3.422840e-11
12513 3.422286e-11
12514 3.421732e-11
12515 3.421178e-11
12516 3.420624e-11
12517 3.420070e-11
12518 3.419516e-11
12519 3.418963e-11
12520 3.418409e-11
12521 3.417856e-11
12522 3.417303e-11
12523 3.416750e-11
12524 3.416197e-11
12525 3.415645e-11
12526 3.415092e-11
12527 3.414540e-11
12528 3.413987e-11
12529 3.413435e-11
12530 3.412883e-11
12531 3.412331e-11
12532 3.411780e-11
12533 3.411228e-11
12534 3.410676e-11
12535 3.410125e-11
12536 3.409574e-11
12537 3.409023e-11
12538 3.408472e-11
12539 3.407921e-11
12540 3.407370e-11
12541 3.406820e-11
12542 3.406269e-11
12543 3.405719e-11
12544 3.405169e-11
12545 3.404619e-11
12546 3.404069e-11
12547 3.403519e-11
12548 3.402969e-11
12549 3.402420e-11
12550 3.401871e-11
12551 3.401321e-11
12552 3.400772e-11
12553 3.400223e-11
12554 3.399674e-11
12555 3.399126e-11
12556 3.398577e-11
12557 3.398029e-11
12558 3.397480e-11
12559 3.396932e-11
12560 3.396384e-11
12561 3.395836e-11
12562 3.395288e-11
12563 3.394741e-11
12564 3.394193e-11
12565 3.393646e-11
12566 3.393099e-11
12567 3.392552e-11
12568 3.392005e-11
12569 3.391458e-11
12570 3.390911e-11
12571 3.390364e-11
12572 3.389818e-11
12573 3.389272e-11
12574 3.388725e-11
12575 3.388179e-11
12576 3.387633e-11
12577 3.387088e-11
12578 3.386542e-11
12579 3.385996e-11
12580 3.385451e-11
12581 3.384906e-11
12582 3.384360e-11
12583 3.383815e-11
12584 3.383271e-11
12585 3.382726e-11
12586 3.382181e-11
12587 3.381637e-11
12588 3.381092e-11
12589 3.380548e-11
12590 3.380004e-11
12591 3.379460e-11
12592 3.378916e-11
12593 3.378372e-11
12594 3.377829e-11
12595 3.377285e-11
12596 3.376742e-11
12597 3.376199e-11
12598 3.375656e-11
12599 3.375113e-11
12600 3.374570e-11
12601 3.374027e-11
12602 3.373485e-11
12603 3.372943e-11
12604 3.372400e-11
12605 3.371858e-11
12606 3.371316e-11
12607 3.370774e-11
12608 3.370232e-11
12609 3.369691e-11
12610 3.369149e-11
12611 3.368608e-11
12612 3.368067e-11
12613 3.367526e-11
12614 3.366985e-11
12615 3.366444e-11
12616 3.365903e-11
12617 3.365363e-11
12618 3.364822e-11
12619 3.364282e-11
12620 3.363742e-11
12621 3.363201e-11
12622 3.362662e-11
12623 3.362122e-11
12624 3.361582e-11
12625 3.361042e-11
12626 3.360503e-11
12627 3.359964e-11
12628 3.359425e-11
12629 3.358886e-11
12630 3.358347e-11
12631 3.357808e-11
12632 3.357269e-11
12633 3.356731e-11
12634 3.356192e-11
12635 3.355654e-11
12636 3.355116e-11
12637 3.354578e-11
12638 3.354040e-11
12639 3.353502e-11
12640 3.352965e-11
12641 3.352427e-11
12642 3.351890e-11
12643 3.351353e-11
12644 3.350816e-11
12645 3.350279e-11
12646 3.349742e-11
12647 3.349205e-11
12648 3.348668e-11
12649 3.348132e-11
12650 3.347596e-11
12651 3.347059e-11
12652 3.346523e-11
12653 3.345987e-11
12654 3.345452e-11
12655 3.344916e-11
12656 3.344380e-11
12657 3.343845e-11
12658 3.343310e-11
12659 3.342774e-11
12660 3.342239e-11
12661 3.341704e-11
12662 3.341170e-11
12663 3.340635e-11
12664 3.340100e-11
12665 3.339566e-11
12666 3.339032e-11
12667 3.338498e-11
12668 3.337964e-11
12669 3.337430e-11
12670 3.336896e-11
12671 3.336362e-11
12672 3.335829e-11
12673 3.335295e-11
12674 3.334762e-11
12675 3.334229e-11
12676 3.333696e-11
12677 3.333163e-11
12678 3.332630e-11
12679 3.332098e-11
12680 3.331565e-11
12681 3.331033e-11
12682 3.330501e-11
12683 3.329968e-11
12684 3.329436e-11
12685 3.328905e-11
12686 3.328373e-11
12687 3.327841e-11
12688 3.327310e-11
12689 3.326778e-11
12690 3.326247e-11
12691 3.325716e-11
12692 3.325185e-11
12693 3.324654e-11
12694 3.324124e-11
12695 3.323593e-11
12696 3.323062e-11
12697 3.322532e-11
12698 3.322002e-11
12699 3.321472e-11
12700 3.320942e-11
12701 3.320412e-11
12702 3.319882e-11
12703 3.319353e-11
12704 3.318823e-11
12705 3.318294e-11
12706 3.317765e-11
12707 3.317236e-11
12708 3.316707e-11
12709 3.316178e-11
12710 3.315649e-11
12711 3.315121e-11
12712 3.314592e-11
12713 3.314064e-11
12714 3.313536e-11
12715 3.313008e-11
12716 3.312480e-11
12717 3.311952e-11
12718 3.311424e-11
12719 3.310896e-11
12720 3.310369e-11
12721 3.309842e-11
12722 3.309314e-11
12723 3.308787e-11
12724 3.308260e-11
12725 3.307734e-11
12726 3.307207e-11
12727 3.306680e-11
12728 3.306154e-11
12729 3.305628e-11
12730 3.305101e-11
12731 3.304575e-11
12732 3.304049e-11
12733 3.303524e-11
12734 3.302998e-11
12735 3.302472e-11
12736 3.301947e-11
12737 3.301422e-11
12738 3.300896e-11
12739 3.300371e-11
12740 3.299846e-11
12741 3.299322e-11
12742 3.298797e-11
12743 3.298272e-11
12744 3.297748e-11
12745 3.297224e-11
12746 3.296699e-11
12747 3.296175e-11
12748 3.295651e-11
12749 3.295127e-11
12750 3.294604e-11
12751 3.294080e-11
12752 3.293557e-11
12753 3.293033e-11
12754 3.292510e-11
12755 3.291987e-11
12756 3.291464e-11
12757 3.290941e-11
12758 3.290419e-11
12759 3.289896e-11
12760 3.289374e-11
12761 3.288851e-11
12762 3.288329e-11
12763 3.287807e-11
12764 3.287285e-11
12765 3.286763e-11
12766 3.286241e-11
12767 3.285720e-11
12768 3.285198e-11
12769 3.284677e-11
12770 3.284156e-11
12771 3.283635e-11
12772 3.283114e-11
12773 3.282593e-11
12774 3.282072e-11
12775 3.281552e-11
12776 3.281031e-11
12777 3.280511e-11
12778 3.279991e-11
12779 3.279470e-11
12780 3.278950e-11
12781 3.278431e-11
12782 3.277911e-11
12783 3.277391e-11
12784 3.276872e-11
12785 3.276352e-11
12786 3.275833e-11
12787 3.275314e-11
12788 3.274795e-11
12789 3.274276e-11
12790 3.273757e-11
12791 3.273239e-11
12792 3.272720e-11
12793 3.272202e-11
12794 3.271683e-11
12795 3.271165e-11
12796 3.270647e-11
12797 3.270129e-11
12798 3.269612e-11
12799 3.269094e-11
12800 3.268576e-11
12801 3.268059e-11
12802 3.267542e-11
12803 3.267025e-11
12804 3.266508e-11
12805 3.265991e-11
12806 3.265474e-11
12807 3.264957e-11
12808 3.264441e-11
12809 3.263924e-11
12810 3.263408e-11
12811 3.262892e-11
12812 3.262376e-11
12813 3.261860e-11
12814 3.261344e-11
12815 3.260828e-11
12816 3.260313e-11
12817 3.259797e-11
12818 3.259282e-11
12819 3.258767e-11
12820 3.258251e-11
12821 3.257736e-11
12822 3.257222e-11
12823 3.256707e-11
12824 3.256192e-11
12825 3.255678e-11
12826 3.255163e-11
12827 3.254649e-11
12828 3.254135e-11
12829 3.253621e-11
12830 3.253107e-11
12831 3.252593e-11
12832 3.252080e-11
12833 3.251566e-11
12834 3.251053e-11
12835 3.250540e-11
12836 3.250026e-11
12837 3.249513e-11
12838 3.249001e-11
12839 3.248488e-11
12840 3.247975e-11
12841 3.247463e-11
12842 3.246950e-11
12843 3.246438e-11
12844 3.245926e-11
12845 3.245414e-11
12846 3.244902e-11
12847 3.244390e-11
12848 3.243878e-11
12849 3.243366e-11
12850 3.242855e-11
12851 3.242344e-11
12852 3.241832e-11
12853 3.241321e-11
12854 3.240810e-11
12855 3.240300e-11
12856 3.239789e-11
12857 3.239278e-11
12858 3.238768e-11
12859 3.238257e-11
12860 3.237747e-11
12861 3.237237e-11
12862 3.236727e-11
12863 3.236217e-11
12864 3.235707e-11
12865 3.235198e-11
12866 3.234688e-11
12867 3.234179e-11
12868 3.233669e-11
12869 3.233160e-11
12870 3.232651e-11
12871 3.232142e-11
12872 3.231633e-11
12873 3.231125e-11
12874 3.230616e-11
12875 3.230108e-11
12876 3.229599e-11
12877 3.229091e-11
12878 3.228583e-11
12879 3.228075e-11
12880 3.227567e-11
12881 3.227059e-11
12882 3.226552e-11
12883 3.226044e-11
12884 3.225537e-11
12885 3.225029e-11
12886 3.224522e-11
12887 3.224015e-11
12888 3.223508e-11
12889 3.223002e-11
12890 3.222495e-11
12891 3.221988e-11
12892 3.221482e-11
12893 3.220976e-11
12894 3.220469e-11
12895 3.219963e-11
12896 3.219457e-11
12897 3.218952e-11
12898 3.218446e-11
12899 3.217940e-11
12900 3.217435e-11
12901 3.216929e-11
12902 3.216424e-11
12903 3.215919e-11
12904 3.215414e-11
12905 3.214909e-11
12906 3.214404e-11
12907 3.213900e-11
12908 3.213395e-11
12909 3.212891e-11
12910 3.212386e-11
12911 3.211882e-11
12912 3.211378e-11
12913 3.210874e-11
12914 3.210370e-11
12915 3.209867e-11
12916 3.209363e-11
12917 3.208860e-11
12918 3.208356e-11
12919 3.207853e-11
12920 3.207350e-11
12921 3.206847e-11
12922 3.206344e-11
12923 3.205841e-11
12924 3.205339e-11
12925 3.204836e-11
12926 3.204334e-11
12927 3.203831e-11
12928 3.203329e-11
12929 3.202827e-11
12930 3.202325e-11
12931 3.201823e-11
12932 3.201322e-11
12933 3.200820e-11
12934 3.200319e-11
12935 3.199817e-11
12936 3.199316e-11
12937 3.198815e-11
12938 3.198314e-11
12939 3.197813e-11
12940 3.197312e-11
12941 3.196811e-11
12942 3.196311e-11
12943 3.195811e-11
12944 3.195310e-11
12945 3.194810e-11
12946 3.194310e-11
12947 3.193810e-11
12948 3.193310e-11
12949 3.192810e-11
12950 3.192311e-11
12951 3.191811e-11
12952 3.191312e-11
12953 3.190813e-11
12954 3.190314e-11
12955 3.189815e-11
12956 3.189316e-11
12957 3.188817e-11
12958 3.188318e-11
12959 3.187820e-11
12960 3.187321e-11
12961 3.186823e-11
12962 3.186325e-11
12963 3.185827e-11
12964 3.185329e-11
12965 3.184831e-11
12966 3.184333e-11
12967 3.183835e-11
12968 3.183338e-11
12969 3.182841e-11
12970 3.182343e-11
12971 3.181846e-11
12972 3.181349e-11
12973 3.180852e-11
12974 3.180355e-11
12975 3.179859e-11
12976 3.179362e-11
12977 3.178866e-11
12978 3.178369e-11
12979 3.177873e-11
12980 3.177377e-11
12981 3.176881e-11
12982 3.176385e-11
12983 3.175889e-11
12984 3.175394e-11
12985 3.174898e-11
12986 3.174403e-11
12987 3.173907e-11
12988 3.173412e-11
12989 3.172917e-11
12990 3.172422e-11
12991 3.171927e-11
12992 3.171433e-11
12993 3.170938e-11
12994 3.170443e-11
12995 3.169949e-11
12996 3.169455e-11
12997 3.168961e-11
12998 3.168467e-11
12999 3.167973e-11
13000 3.167479e-11
13001 3.166985e-11
13002 3.166492e-11
13003 3.165998e-11
13004 3.165505e-11
13005 3.165012e-11
13006 3.164518e-11
13007 3.164025e-11
13008 3.163533e-11
13009 3.163040e-11
13010 3.162547e-11
13011 3.162055e-11
13012 3.161562e-11
13013 3.161070e-11
13014 3.160578e-11
13015 3.160085e-11
13016 3.159594e-11
13017 3.159102e-11
13018 3.158610e-11
13019 3.158118e-11
13020 3.157627e-11
13021 3.157135e-11
13022 3.156644e-11
13023 3.156153e-11
13024 3.155662e-11
13025 3.155171e-11
13026 3.154680e-11
13027 3.154189e-11
13028 3.153699e-11
13029 3.153208e-11
13030 3.152718e-11
13031 3.152228e-11
13032 3.151737e-11
13033 3.151247e-11
13034 3.150758e-11
13035 3.150268e-11
13036 3.149778e-11
13037 3.149288e-11
13038 3.148799e-11
13039 3.148310e-11
13040 3.147820e-11
13041 3.147331e-11
13042 3.146842e-11
13043 3.146353e-11
13044 3.145865e-11
13045 3.145376e-11
13046 3.144887e-11
13047 3.144399e-11
13048 3.143911e-11
13049 3.143422e-11
13050 3.142934e-11
13051 3.142446e-11
13052 3.141958e-11
13053 3.141471e-11
13054 3.140983e-11
13055 3.140495e-11
13056 3.140008e-11
13057 3.139521e-11
13058 3.139033e-11
13059 3.138546e-11
13060 3.138059e-11
13061 3.137573e-11
13062 3.137086e-11
13063 3.136599e-11
13064 3.136113e-11
13065 3.135626e-11
13066 3.135140e-11
13067 3.134654e-11
13068 3.134168e-11
13069 3.133682e-11
13070 3.133196e-11
13071 3.132710e-11
13072 3.132225e-11
13073 3.131739e-11
13074 3.131254e-11
13075 3.130768e-11
13076 3.130283e-11
13077 3.129798e-11
13078 3.129313e-11
13079 3.128828e-11
13080 3.128344e-11
13081 3.127859e-11
13082 3.127374e-11
13083 3.126890e-11
13084 3.126406e-11
13085 3.125922e-11
13086 3.125438e-11
13087 3.124954e-11
13088 3.124470e-11
13089 3.123986e-11
13090 3.123502e-11
13091 3.123019e-11
13092 3.122536e-11
13093 3.122052e-11
13094 3.121569e-11
13095 3.121086e-11
13096 3.120603e-11
13097 3.120120e-11
13098 3.119638e-11
13099 3.119155e-11
13100 3.118673e-11
13101 3.118190e-11
13102 3.117708e-11
13103 3.117226e-11
13104 3.116744e-11
13105 3.116262e-11
13106 3.115780e-11
13107 3.115298e-11
13108 3.114817e-11
13109 3.114335e-11
13110 3.113854e-11
13111 3.113373e-11
13112 3.112891e-11
13113 3.112410e-11
13114 3.111929e-11
13115 3.111449e-11
13116 3.110968e-11
13117 3.110487e-11
13118 3.110007e-11
13119 3.109526e-11
13120 3.109046e-11
13121 3.108566e-11
13122 3.108086e-11
13123 3.107606e-11
13124 3.107126e-11
13125 3.106647e-11
13126 3.106167e-11
13127 3.105687e-11
13128 3.105208e-11
13129 3.104729e-11
13130 3.104250e-11
13131 3.103771e-11
13132 3.103292e-11
13133 3.102813e-11
13134 3.102334e-11
13135 3.101855e-11
13136 3.101377e-11
13137 3.100899e-11
13138 3.100420e-11
13139 3.099942e-11
13140 3.099464e-11
13141 3.098986e-11
13142 3.098508e-11
13143 3.098031e-11
13144 3.097553e-11
13145 3.097075e-11
13146 3.096598e-11
13147 3.096121e-11
13148 3.095644e-11
13149 3.095167e-11
13150 3.094690e-11
13151 3.094213e-11
13152 3.093736e-11
13153 3.093259e-11
13154 3.092783e-11
13155 3.092306e-11
13156 3.091830e-11
13157 3.091354e-11
13158 3.090878e-11
13159 3.090402e-11
13160 3.089926e-11
13161 3.089450e-11
13162 3.088975e-11
13163 3.088499e-11
13164 3.088024e-11
13165 3.087548e-11
13166 3.087073e-11
13167 3.086598e-11
13168 3.086123e-11
13169 3.085648e-11
13170 3.085173e-11
13171 3.084699e-11
13172 3.084224e-11
13173 3.083750e-11
13174 3.083275e-11
13175 3.082801e-11
13176 3.082327e-11
13177 3.081853e-11
13178 3.081379e-11
13179 3.080905e-11
13180 3.080432e-11
13181 3.079958e-11
13182 3.079485e-11
13183 3.079011e-11
13184 3.078538e-11
13185 3.078065e-11
13186 3.077592e-11
13187 3.077119e-11
13188 3.076646e-11
13189 3.076174e-11
13190 3.075701e-11
13191 3.075228e-11
13192 3.074756e-11
13193 3.074284e-11
13194 3.073812e-11
13195 3.073340e-11
13196 3.072868e-11
13197 3.072396e-11
13198 3.071924e-11
13199 3.071453e-11
13200 3.070981e-11
13201 3.070510e-11
13202 3.070038e-11
13203 3.069567e-11
13204 3.069096e-11
13205 3.068625e-11
13206 3.068154e-11
13207 3.067683e-11
13208 3.067213e-11
13209 3.066742e-11
13210 3.066272e-11
13211 3.065802e-11
13212 3.065331e-11
13213 3.064861e-11
13214 3.064391e-11
13215 3.063921e-11
13216 3.063452e-11
13217 3.062982e-11
13218 3.062512e-11
13219 3.062043e-11
13220 3.061573e-11
13221 3.061104e-11
13222 3.060635e-11
13223 3.060166e-11
13224 3.059697e-11
13225 3.059228e-11
13226 3.058760e-11
13227 3.058291e-11
13228 3.057822e-11
13229 3.057354e-11
13230 3.056886e-11
13231 3.056418e-11
13232 3.055950e-11
13233 3.055482e-11
13234 3.055014e-11
13235 3.054546e-11
13236 3.054078e-11
13237 3.053611e-11
13238 3.053143e-11
13239 3.052676e-11
13240 3.052209e-11
13241 3.051742e-11
13242 3.051275e-11
13243 3.050808e-11
13244 3.050341e-11
13245 3.049874e-11
13246 3.049408e-11
13247 3.048941e-11
13248 3.048475e-11
13249 3.048009e-11
13250 3.047543e-11
13251 3.047077e-11
13252 3.046611e-11
13253 3.046145e-11
13254 3.045679e-11
13255 3.045214e-11
13256 3.044748e-11
13257 3.044283e-11
13258 3.043817e-11
13259 3.043352e-11
13260 3.042887e-11
13261 3.042422e-11
13262 3.041957e-11
13263 3.041492e-11
13264 3.041028e-11
13265 3.040563e-11
13266 3.040099e-11
13267 3.039634e-11
13268 3.039170e-11
13269 3.038706e-11
13270 3.038242e-11
13271 3.037778e-11
13272 3.037314e-11
13273 3.036851e-11
13274 3.036387e-11
13275 3.035924e-11
13276 3.035460e-11
13277 3.034997e-11
13278 3.034534e-11
13279 3.034071e-11
13280 3.033608e-11
13281 3.033145e-11
13282 3.032682e-11
13283 3.032219e-11
13284 3.031757e-11
13285 3.031294e-11
13286 3.030832e-11
13287 3.030370e-11
13288 3.029908e-11
13289 3.029446e-11
13290 3.028984e-11
13291 3.028522e-11
13292 3.028060e-11
13293 3.027599e-11
13294 3.027137e-11
13295 3.026676e-11
13296 3.026215e-11
13297 3.025753e-11
13298 3.025292e-11
13299 3.024831e-11
13300 3.024370e-11
13301 3.023910e-11
13302 3.023449e-11
13303 3.022988e-11
13304 3.022528e-11
13305 3.022068e-11
13306 3.021607e-11
13307 3.021147e-11
13308 3.020687e-11
13309 3.020227e-11
13310 3.019768e-11
13311 3.019308e-11
13312 3.018848e-11
13313 3.018389e-11
13314 3.017929e-11
13315 3.017470e-11
13316 3.017011e-11
13317 3.016552e-11
13318 3.016093e-11
13319 3.015634e-11
13320 3.015175e-11
13321 3.014717e-11
13322 3.014258e-11
13323 3.013799e-11
13324 3.013341e-11
13325 3.012883e-11
13326 3.012425e-11
13327 3.011967e-11
13328 3.011509e-11
13329 3.011051e-11
13330 3.010593e-11
13331 3.010136e-11
13332 3.009678e-11
13333 3.009221e-11
13334 3.008763e-11
13335 3.008306e-11
13336 3.007849e-11
13337 3.007392e-11
13338 3.006935e-11
13339 3.006478e-11
13340 3.006022e-11
13341 3.005565e-11
13342 3.005109e-11
13343 3.004652e-11
13344 3.004196e-11
13345 3.003740e-11
13346 3.003284e-11
13347 3.002828e-11
13348 3.002372e-11
13349 3.001916e-11
13350 3.001460e-11
13351 3.001005e-11
13352 3.000549e-11
13353 3.000094e-11
13354 2.999639e-11
13355 2.999181e-11
13356 2.998720e-11
13357 2.998259e-11
13358 2.997798e-11
13359 2.997338e-11
13360 2.996877e-11
13361 2.996417e-11
13362 2.995956e-11
13363 2.995496e-11
13364 2.995036e-11
13365 2.994576e-11
13366 2.994116e-11
13367 2.993656e-11
13368 2.993197e-11
13369 2.992737e-11
13370 2.992278e-11
13371 2.991818e-11
13372 2.991359e-11
13373 2.990900e-11
13374 2.990441e-11
13375 2.989982e-11
13376 2.989523e-11
13377 2.989064e-11
13378 2.988605e-11
13379 2.988147e-11
13380 2.987688e-11
13381 2.987230e-11
13382 2.986772e-11
13383 2.986314e-11
13384 2.985856e-11
13385 2.985398e-11
13386 2.984940e-11
13387 2.984482e-11
13388 2.984025e-11
13389 2.983567e-11
13390 2.983110e-11
13391 2.982653e-11
13392 2.982195e-11
13393 2.981738e-11
13394 2.981281e-11
13395 2.980824e-11
13396 2.980368e-11
13397 2.979911e-11
13398 2.979454e-11
13399 2.978998e-11
13400 2.978542e-11
13401 2.978085e-11
13402 2.977629e-11
13403 2.977173e-11
13404 2.976717e-11
13405 2.976261e-11
13406 2.975806e-11
13407 2.975350e-11
13408 2.974895e-11
13409 2.974439e-11
13410 2.973984e-11
13411 2.973529e-11
13412 2.973074e-11
13413 2.972619e-11
13414 2.972164e-11
13415 2.971709e-11
13416 2.971254e-11
13417 2.970800e-11
13418 2.970345e-11
13419 2.969891e-11
13420 2.969436e-11
13421 2.968982e-11
13422 2.968528e-11
13423 2.968074e-11
13424 2.967620e-11
13425 2.967167e-11
13426 2.966713e-11
13427 2.966259e-11
13428 2.965806e-11
13429 2.965353e-11
13430 2.964899e-11
13431 2.964446e-11
13432 2.963993e-11
13433 2.963540e-11
13434 2.963087e-11
13435 2.962635e-11
13436 2.962182e-11
13437 2.961730e-11
13438 2.961277e-11
13439 2.960825e-11
13440 2.960373e-11
13441 2.959920e-11
13442 2.959468e-11
13443 2.959017e-11
13444 2.958565e-11
13445 2.958113e-11
13446 2.957661e-11
13447 2.957210e-11
13448 2.956759e-11
13449 2.956307e-11
13450 2.955856e-11
13451 2.955405e-11
13452 2.954954e-11
13453 2.954503e-11
13454 2.954052e-11
13455 2.953602e-11
13456 2.953151e-11
13457 2.952701e-11
13458 2.952250e-11
13459 2.951800e-11
13460 2.951350e-11
13461 2.950900e-11
13462 2.950450e-11
13463 2.950000e-11
13464 2.949550e-11
13465 2.949100e-11
13466 2.948651e-11
13467 2.948201e-11
13468 2.947752e-11
13469 2.947303e-11
13470 2.946854e-11
13471 2.946405e-11
13472 2.945956e-11
13473 2.945507e-11
13474 2.945058e-11
13475 2.944610e-11
13476 2.944161e-11
13477 2.943713e-11
13478 2.943264e-11
13479 2.942816e-11
13480 2.942368e-11
13481 2.941920e-11
13482 2.941472e-11
13483 2.941024e-11
13484 2.940576e-11
13485 2.940129e-11
13486 2.939681e-11
13487 2.939234e-11
13488 2.938786e-11
13489 2.938339e-11
13490 2.937892e-11
13491 2.937445e-11
13492 2.936998e-11
13493 2.936551e-11
13494 2.936105e-11
13495 2.935658e-11
13496 2.935212e-11
13497 2.934765e-11
13498 2.934319e-11
13499 2.933873e-11
13500 2.933426e-11
13501 2.932980e-11
13502 2.932535e-11
13503 2.932089e-11
13504 2.931643e-11
13505 2.931197e-11
13506 2.930752e-11
13507 2.930307e-11
13508 2.929861e-11
13509 2.929416e-11
13510 2.928971e-11
13511 2.928526e-11
13512 2.928081e-11
13513 2.927636e-11
13514 2.927192e-11
13515 2.926747e-11
13516 2.926302e-11
13517 2.925858e-11
13518 2.925414e-11
13519 2.924970e-11
13520 2.924525e-11
13521 2.924081e-11
13522 2.923638e-11
13523 2.923194e-11
13524 2.922750e-11
13525 2.922306e-11
13526 2.921863e-11
13527 2.921420e-11
13528 2.920976e-11
13529 2.920533e-11
13530 2.920090e-11
13531 2.919647e-11
13532 2.919204e-11
13533 2.918761e-11
13534 2.918319e-11
13535 2.917876e-11
13536 2.917434e-11
13537 2.916991e-11
13538 2.916549e-11
13539 2.916107e-11
13540 2.915665e-11
13541 2.915223e-11
13542 2.914781e-11
13543 2.914339e-11
13544 2.913897e-11
13545 2.913456e-11
13546 2.913014e-11
13547 2.912573e-11
13548 2.912131e-11
13549 2.911690e-11
13550 2.911249e-11
13551 2.910808e-11
13552 2.910367e-11
13553 2.909926e-11
13554 2.909486e-11
13555 2.909045e-11
13556 2.908605e-11
13557 2.908164e-11
13558 2.907724e-11
13559 2.907284e-11
13560 2.906844e-11
13561 2.906403e-11
13562 2.905964e-11
13563 2.905524e-11
13564 2.905084e-11
13565 2.904644e-11
13566 2.904205e-11
13567 2.903766e-11
13568 2.903326e-11
13569 2.902887e-11
13570 2.902448e-11
13571 2.902009e-11
13572 2.901570e-11
13573 2.901131e-11
13574 2.900692e-11
13575 2.900254e-11
13576 2.899815e-11
13577 2.899377e-11
13578 2.898938e-11
13579 2.898500e-11
13580 2.898062e-11
13581 2.897624e-11
13582 2.897186e-11
13583 2.896748e-11
13584 2.896311e-11
13585 2.895873e-11
13586 2.895435e-11
13587 2.894998e-11
13588 2.894561e-11
13589 2.894123e-11
13590 2.893686e-11
13591 2.893249e-11
13592 2.892812e-11
13593 2.892375e-11
13594 2.891939e-11
13595 2.891502e-11
13596 2.891065e-11
13597 2.890629e-11
13598 2.890193e-11
13599 2.889756e-11
13600 2.889320e-11
13601 2.888884e-11
13602 2.888448e-11
13603 2.888012e-11
13604 2.887576e-11
13605 2.887141e-11
13606 2.886705e-11
13607 2.886270e-11
13608 2.885834e-11
13609 2.885399e-11
13610 2.884964e-11
13611 2.884529e-11
13612 2.884094e-11
13613 2.883659e-11
13614 2.883224e-11
13615 2.882789e-11
13616 2.882355e-11
13617 2.881920e-11
13618 2.881486e-11
13619 2.881051e-11
13620 2.880617e-11
13621 2.880183e-11
13622 2.879749e-11
13623 2.879315e-11
13624 2.878881e-11
13625 2.878448e-11
13626 2.878014e-11
13627 2.877580e-11
13628 2.877147e-11
13629 2.876714e-11
13630 2.876280e-11
13631 2.875847e-11
13632 2.875414e-11
13633 2.874981e-11
13634 2.874548e-11
13635 2.874116e-11
13636 2.873683e-11
13637 2.873250e-11
13638 2.872818e-11
13639 2.872386e-11
13640 2.871953e-11
13641 2.871521e-11
13642 2.871089e-11
13643 2.870657e-11
13644 2.870225e-11
13645 2.869793e-11
13646 2.869362e-11
13647 2.868930e-11
13648 2.868499e-11
13649 2.868067e-11
13650 2.867636e-11
13651 2.867205e-11
13652 2.866773e-11
13653 2.866342e-11
13654 2.865912e-11
13655 2.865481e-11
13656 2.865050e-11
13657 2.864619e-11
13658 2.864189e-11
13659 2.863758e-11
13660 2.863328e-11
13661 2.862898e-11
13662 2.862468e-11
13663 2.862038e-11
13664 2.861608e-11
13665 2.861178e-11
13666 2.860748e-11
13667 2.860318e-11
13668 2.859889e-11
13669 2.859459e-11
13670 2.859030e-11
13671 2.858601e-11
13672 2.858171e-11
13673 2.857742e-11
13674 2.857313e-11
13675 2.856884e-11
13676 2.856456e-11
13677 2.856027e-11
13678 2.855598e-11
13679 2.855170e-11
13680 2.854741e-11
13681 2.854313e-11
13682 2.853885e-11
13683 2.853457e-11
13684 2.853028e-11
13685 2.852601e-11
13686 2.852173e-11
13687 2.851745e-11
13688 2.851317e-11
13689 2.850890e-11
13690 2.850462e-11
13691 2.850035e-11
13692 2.849608e-11
13693 2.849180e-11
13694 2.848753e-11
13695 2.848326e-11
13696 2.847899e-11
13697 2.847473e-11
13698 2.847046e-11
13699 2.846619e-11
13700 2.846193e-11
13701 2.845766e-11
13702 2.845340e-11
13703 2.844914e-11
13704 2.844488e-11
13705 2.844062e-11
13706 2.843636e-11
13707 2.843210e-11
13708 2.842784e-11
13709 2.842358e-11
13710 2.841933e-11
13711 2.841507e-11
13712 2.841082e-11
13713 2.840657e-11
13714 2.840231e-11
13715 2.839806e-11
13716 2.839381e-11
13717 2.838956e-11
13718 2.838532e-11
13719 2.838107e-11
13720 2.837682e-11
13721 2.837258e-11
13722 2.836833e-11
13723 2.836409e-11
13724 2.835985e-11
13725 2.835560e-11
13726 2.835136e-11
13727 2.834712e-11
13728 2.834289e-11
13729 2.833865e-11
13730 2.833441e-11
13731 2.833018e-11
13732 2.832594e-11
13733 2.832171e-11
13734 2.831747e-11
13735 2.831324e-11
13736 2.830901e-11
13737 2.830478e-11
13738 2.830055e-11
13739 2.829632e-11
13740 2.829209e-11
13741 2.828787e-11
13742 2.828364e-11
13743 2.827942e-11
13744 2.827519e-11
13745 2.827097e-11
13746 2.826675e-11
13747 2.826253e-11
13748 2.825831e-11
13749 2.825409e-11
13750 2.824987e-11
13751 2.824565e-11
13752 2.824144e-11
13753 2.823722e-11
13754 2.823301e-11
13755 2.822880e-11
13756 2.822458e-11
13757 2.822037e-11
13758 2.821616e-11
13759 2.821195e-11
13760 2.820774e-11
13761 2.820354e-11
13762 2.819933e-11
13763 2.819512e-11
13764 2.819092e-11
13765 2.818671e-11
13766 2.818251e-11
13767 2.817831e-11
13768 2.817411e-11
13769 2.816991e-11
13770 2.816571e-11
13771 2.816151e-11
13772 2.815731e-11
13773 2.815311e-11
13774 2.814892e-11
13775 2.814472e-11
13776 2.814053e-11
13777 2.813634e-11
13778 2.813215e-11
13779 2.812795e-11
13780 2.812376e-11
13781 2.811958e-11
13782 2.811539e-11
13783 2.811120e-11
13784 2.810701e-11
13785 2.810283e-11
13786 2.809864e-11
13787 2.809446e-11
13788 2.809028e-11
13789 2.808610e-11
13790 2.808192e-11
13791 2.807774e-11
13792 2.807356e-11
13793 2.806938e-11
13794 2.806520e-11
13795 2.806102e-11
13796 2.805685e-11
13797 2.805268e-11
13798 2.804850e-11
13799 2.804433e-11
13800 2.804016e-11
13801 2.803599e-11
13802 2.803182e-11
13803 2.802765e-11
13804 2.802348e-11
13805 2.801931e-11
13806 2.801515e-11
13807 2.801098e-11
13808 2.800682e-11
13809 2.800266e-11
13810 2.799849e-11
13811 2.799433e-11
13812 2.799017e-11
13813 2.798601e-11
13814 2.798185e-11
13815 2.797770e-11
13816 2.797354e-11
13817 2.796938e-11
13818 2.796523e-11
13819 2.796107e-11
13820 2.795692e-11
13821 2.795277e-11
13822 2.794862e-11
13823 2.794447e-11
13824 2.794032e-11
13825 2.793617e-11
13826 2.793202e-11
13827 2.792787e-11
13828 2.792373e-11
13829 2.791958e-11
13830 2.791544e-11
13831 2.791130e-11
13832 2.790715e-11
13833 2.790301e-11
13834 2.789887e-11
13835 2.789473e-11
13836 2.789059e-11
13837 2.788646e-11
13838 2.788232e-11
13839 2.787818e-11
13840 2.787405e-11
13841 2.786992e-11
13842 2.786578e-11
13843 2.786165e-11
13844 2.785752e-11
13845 2.785339e-11
13846 2.784926e-11
13847 2.784513e-11
13848 2.784100e-11
13849 2.783688e-11
13850 2.783275e-11
13851 2.782863e-11
13852 2.782450e-11
13853 2.782038e-11
13854 2.781626e-11
13855 2.781214e-11
13856 2.780802e-11
13857 2.780390e-11
13858 2.779978e-11
13859 2.779566e-11
13860 2.779154e-11
13861 2.778743e-11
13862 2.778331e-11
13863 2.777920e-11
13864 2.777509e-11
13865 2.777097e-11
13866 2.776686e-11
13867 2.776275e-11
13868 2.775864e-11
13869 2.775453e-11
13870 2.775043e-11
13871 2.774632e-11
13872 2.774221e-11
13873 2.773811e-11
13874 2.773400e-11
13875 2.772990e-11
13876 2.772580e-11
13877 2.772170e-11
13878 2.771760e-11
13879 2.771350e-11
13880 2.770940e-11
13881 2.770530e-11
13882 2.770121e-11
13883 2.769711e-11
13884 2.769301e-11
13885 2.768892e-11
13886 2.768483e-11
13887 2.768073e-11
13888 2.767664e-11
13889 2.767255e-11
13890 2.766846e-11
13891 2.766437e-11
13892 2.766029e-11
13893 2.765620e-11
13894 2.765211e-11
13895 2.764803e-11
13896 2.764394e-11
13897 2.763986e-11
13898 2.763578e-11
13899 2.763170e-11
13900 2.762762e-11
13901 2.762354e-11
13902 2.761946e-11
13903 2.761538e-11
13904 2.761130e-11
13905 2.760723e-11
13906 2.760315e-11
13907 2.759908e-11
13908 2.759500e-11
13909 2.759093e-11
13910 2.758686e-11
13911 2.758279e-11
13912 2.757872e-11
13913 2.757465e-11
13914 2.757058e-11
13915 2.756651e-11
13916 2.756245e-11
13917 2.755838e-11
13918 2.755432e-11
13919 2.755025e-11
13920 2.754619e-11
13921 2.754213e-11
13922 2.753807e-11
13923 2.753401e-11
13924 2.752995e-11
13925 2.752589e-11
13926 2.752183e-11
13927 2.751778e-11
13928 2.751372e-11
13929 2.750967e-11
13930 2.750561e-11
13931 2.750156e-11
13932 2.749751e-11
13933 2.749346e-11
13934 2.748941e-11
13935 2.748536e-11
13936 2.748131e-11
13937 2.747726e-11
13938 2.747321e-11
13939 2.746917e-11
13940 2.746512e-11
13941 2.746108e-11
13942 2.745704e-11
13943 2.745299e-11
13944 2.744895e-11
13945 2.744491e-11
13946 2.744087e-11
13947 2.743683e-11
13948 2.743280e-11
13949 2.742876e-11
13950 2.742472e-11
13951 2.742069e-11
13952 2.741665e-11
13953 2.741262e-11
13954 2.740859e-11
13955 2.740456e-11
13956 2.740052e-11
13957 2.739649e-11
13958 2.739247e-11
13959 2.738844e-11
13960 2.738441e-11
13961 2.738038e-11
13962 2.737636e-11
13963 2.737233e-11
13964 2.736831e-11
13965 2.736429e-11
13966 2.736026e-11
13967 2.735624e-11
13968 2.735222e-11
13969 2.734820e-11
13970 2.734419e-11
13971 2.734017e-11
13972 2.733615e-11
13973 2.733214e-11
13974 2.732812e-11
13975 2.732411e-11
13976 2.732009e-11
13977 2.731608e-11
13978 2.731207e-11
13979 2.730806e-11
13980 2.730405e-11
13981 2.730004e-11
13982 2.729603e-11
13983 2.729202e-11
13984 2.728802e-11
13985 2.728401e-11
13986 2.728001e-11
13987 2.727600e-11
13988 2.727200e-11
13989 2.726800e-11
13990 2.726400e-11
13991 2.726000e-11
13992 2.725600e-11
13993 2.725200e-11
13994 2.724800e-11
13995 2.724401e-11
13996 2.724001e-11
13997 2.723602e-11
13998 2.723202e-11
13999 2.722803e-11
14000 2.722404e-11
14001 2.722005e-11
14002 2.721606e-11
14003 2.721207e-11
14004 2.720808e-11
14005 2.720409e-11
14006 2.720010e-11
14007 2.719612e-11
14008 2.719213e-11
14009 2.718815e-11
14010 2.718416e-11
14011 2.718018e-11
14012 2.717620e-11
14013 2.717222e-11
14014 2.716824e-11
14015 2.716426e-11
14016 2.716028e-11
14017 2.715630e-11
14018 2.715232e-11
14019 2.714835e-11
14020 2.714437e-11
14021 2.714040e-11
14022 2.713643e-11
14023 2.713245e-11
14024 2.712848e-11
14025 2.712451e-11
14026 2.712054e-11
14027 2.711657e-11
14028 2.711261e-11
14029 2.710864e-11
14030 2.710467e-11
14031 2.710071e-11
14032 2.709674e-11
14033 2.709278e-11
14034 2.708882e-11
14035 2.708485e-11
14036 2.708089e-11
14037 2.707693e-11
14038 2.707297e-11
14039 2.706901e-11
14040 2.706506e-11
14041 2.706110e-11
14042 2.705714e-11
14043 2.705319e-11
14044 2.704924e-11
14045 2.704528e-11
14046 2.704133e-11
14047 2.703738e-11
14048 2.703343e-11
14049 2.702948e-11
14050 2.702553e-11
14051 2.702158e-11
14052 2.701763e-11
14053 2.701369e-11
14054 2.700974e-11
14055 2.700580e-11
14056 2.700185e-11
14057 2.699791e-11
14058 2.699397e-11
14059 2.699002e-11
14060 2.698608e-11
14061 2.698214e-11
14062 2.697821e-11
14063 2.697427e-11
14064 2.697033e-11
14065 2.696639e-11
14066 2.696246e-11
14067 2.695852e-11
14068 2.695459e-11
14069 2.695066e-11
14070 2.694673e-11
14071 2.694280e-11
14072 2.693886e-11
14073 2.693494e-11
14074 2.693101e-11
14075 2.692708e-11
14076 2.692315e-11
14077 2.691923e-11
14078 2.691530e-11
14079 2.691138e-11
14080 2.690745e-11
14081 2.690353e-11
14082 2.689961e-11
14083 2.689569e-11
14084 2.689177e-11
14085 2.688785e-11
14086 2.688393e-11
14087 2.688001e-11
14088 2.687610e-11
14089 2.687218e-11
14090 2.686827e-11
14091 2.686435e-11
14092 2.686044e-11
14093 2.685653e-11
14094 2.685261e-11
14095 2.684870e-11
14096 2.684479e-11
14097 2.684089e-11
14098 2.683698e-11
14099 2.683307e-11
14100 2.682916e-11
14101 2.682526e-11
14102 2.682135e-11
14103 2.681745e-11
14104 2.681355e-11
14105 2.680964e-11
14106 2.680574e-11
14107 2.680184e-11
14108 2.679794e-11
14109 2.679404e-11
14110 2.679015e-11
14111 2.678625e-11
14112 2.678235e-11
14113 2.677846e-11
14114 2.677456e-11
14115 2.677067e-11
14116 2.676677e-11
14117 2.676288e-11
14118 2.675899e-11
14119 2.675510e-11
14120 2.675121e-11
14121 2.674732e-11
14122 2.674343e-11
14123 2.673955e-11
14124 2.673566e-11
14125 2.673178e-11
14126 2.672789e-11
14127 2.672401e-11
14128 2.672012e-11
14129 2.671624e-11
14130 2.671236e-11
14131 2.670848e-11
14132 2.670460e-11
14133 2.670072e-11
14134 2.669684e-11
14135 2.669297e-11
14136 2.668909e-11
14137 2.668522e-11
14138 2.668134e-11
14139 2.667747e-11
14140 2.667360e-11
14141 2.666972e-11
14142 2.666585e-11
14143 2.666198e-11
14144 2.665811e-11
14145 2.665424e-11
14146 2.665038e-11
14147 2.664651e-11
14148 2.664264e-11
14149 2.663878e-11
14150 2.663491e-11
14151 2.663105e-11
14152 2.662719e-11
14153 2.662332e-11
14154 2.661946e-11
14155 2.661560e-11
14156 2.661174e-11
14157 2.660788e-11
14158 2.660403e-11
14159 2.660017e-11
14160 2.659631e-11
14161 2.659246e-11
14162 2.658860e-11
14163 2.658475e-11
14164 2.658090e-11
14165 2.657705e-11
14166 2.657319e-11
14167 2.656934e-11
14168 2.656549e-11
14169 2.656165e-11
14170 2.655780e-11
14171 2.655395e-11
14172 2.655010e-11
14173 2.654626e-11
14174 2.654242e-11
14175 2.653857e-11
14176 2.653473e-11
14177 2.653089e-11
14178 2.652705e-11
14179 2.652320e-11
14180 2.651937e-11
14181 2.651553e-11
14182 2.651169e-11
14183 2.650785e-11
14184 2.650402e-11
14185 2.650018e-11
14186 2.649635e-11
14187 2.649251e-11
14188 2.648868e-11
14189 2.648485e-11
14190 2.648101e-11
14191 2.647718e-11
14192 2.647335e-11
14193 2.646953e-11
14194 2.646570e-11
14195 2.646187e-11
14196 2.645804e-11
14197 2.645422e-11
14198 2.645039e-11
14199 2.644657e-11
14200 2.644275e-11
14201 2.643892e-11
14202 2.643510e-11
14203 2.643128e-11
14204 2.642746e-11
14205 2.642364e-11
14206 2.641983e-11
14207 2.641601e-11
14208 2.641219e-11
14209 2.640838e-11
14210 2.640456e-11
14211 2.640075e-11
14212 2.639693e-11
14213 2.639312e-11
14214 2.638931e-11
14215 2.638550e-11
14216 2.638169e-11
14217 2.637788e-11
14218 2.637407e-11
14219 2.637026e-11
14220 2.636646e-11
14221 2.636265e-11
14222 2.635885e-11
14223 2.635504e-11
14224 2.635124e-11
14225 2.634744e-11
14226 2.634363e-11
14227 2.633983e-11
14228 2.633603e-11
14229 2.633223e-11
14230 2.632844e-11
14231 2.632464e-11
14232 2.632084e-11
14233 2.631704e-11
14234 2.631325e-11
14235 2.630945e-11
14236 2.630566e-11
14237 2.630187e-11
14238 2.629808e-11
14239 2.629429e-11
14240 2.629049e-11
14241 2.628671e-11
14242 2.628292e-11
14243 2.627913e-11
14244 2.627534e-11
14245 2.627156e-11
14246 2.626777e-11
14247 2.626398e-11
14248 2.626020e-11
14249 2.625642e-11
14250 2.625264e-11
14251 2.624885e-11
14252 2.624507e-11
14253 2.624129e-11
14254 2.623751e-11
14255 2.623374e-11
14256 2.622996e-11
14257 2.622618e-11
14258 2.622241e-11
14259 2.621863e-11
14260 2.621486e-11
14261 2.621108e-11
14262 2.620731e-11
14263 2.620354e-11
14264 2.619977e-11
14265 2.619600e-11
14266 2.619223e-11
14267 2.618846e-11
14268 2.618469e-11
14269 2.618093e-11
14270 2.617716e-11
14271 2.617339e-11
14272 2.616963e-11
14273 2.616587e-11
14274 2.616210e-11
14275 2.615834e-11
14276 2.615458e-11
14277 2.615082e-11
14278 2.614706e-11
14279 2.614330e-11
14280 2.613954e-11
14281 2.613579e-11
14282 2.613203e-11
14283 2.612827e-11
14284 2.612452e-11
14285 2.612076e-11
14286 2.611701e-11
14287 2.611326e-11
14288 2.610951e-11
14289 2.610576e-11
14290 2.610201e-11
14291 2.609826e-11
14292 2.609451e-11
14293 2.609076e-11
14294 2.608701e-11
14295 2.608327e-11
14296 2.607952e-11
14297 2.607578e-11
14298 2.607203e-11
14299 2.606829e-11
14300 2.606455e-11
14301 2.606081e-11
14302 2.605707e-11
14303 2.605333e-11
14304 2.604959e-11
14305 2.604585e-11
14306 2.604211e-11
14307 2.603838e-11
14308 2.603464e-11
14309 2.603091e-11
14310 2.602717e-11
14311 2.602344e-11
14312 2.601971e-11
14313 2.601598e-11
14314 2.601224e-11
14315 2.600850e-11
14316 2.600472e-11
14317 2.600095e-11
14318 2.599717e-11
14319 2.599340e-11
14320 2.598963e-11
14321 2.598586e-11
14322 2.598209e-11
14323 2.597832e-11
14324 2.597455e-11
14325 2.597079e-11
14326 2.596702e-11
14327 2.596325e-11
14328 2.595949e-11
14329 2.595573e-11
14330 2.595196e-11
14331 2.594820e-11
14332 2.594444e-11
14333 2.594068e-11
14334 2.593692e-11
14335 2.593316e-11
14336 2.592940e-11
14337 2.592564e-11
14338 2.592189e-11
14339 2.591813e-11
14340 2.591438e-11
14341 2.591062e-11
14342 2.590687e-11
14343 2.590311e-11
14344 2.589936e-11
14345 2.589561e-11
14346 2.589186e-11
14347 2.588811e-11
14348 2.588436e-11
14349 2.588062e-11
14350 2.587687e-11
14351 2.587312e-11
14352 2.586938e-11
14353 2.586563e-11
14354 2.586189e-11
14355 2.585814e-11
14356 2.585440e-11
14357 2.585066e-11
14358 2.584692e-11
14359 2.584318e-11
14360 2.583944e-11
14361 2.583570e-11
14362 2.583197e-11
14363 2.582823e-11
14364 2.582449e-11
14365 2.582076e-11
14366 2.581702e-11
14367 2.581329e-11
14368 2.580956e-11
14369 2.580583e-11
14370 2.580209e-11
14371 2.579836e-11
14372 2.579463e-11
14373 2.579091e-11
14374 2.578718e-11
14375 2.578345e-11
14376 2.577972e-11
14377 2.577600e-11
14378 2.577227e-11
14379 2.576855e-11
14380 2.576483e-11
14381 2.576111e-11
14382 2.575738e-11
14383 2.575366e-11
14384 2.574994e-11
14385 2.574622e-11
14386 2.574251e-11
14387 2.573879e-11
14388 2.573507e-11
14389 2.573136e-11
14390 2.572764e-11
14391 2.572393e-11
14392 2.572021e-11
14393 2.571650e-11
14394 2.571279e-11
14395 2.570908e-11
14396 2.570537e-11
14397 2.570166e-11
14398 2.569795e-11
14399 2.569424e-11
14400 2.569053e-11
14401 2.568683e-11
14402 2.568312e-11
14403 2.567942e-11
14404 2.567571e-11
14405 2.567201e-11
14406 2.566831e-11
14407 2.566460e-11
14408 2.566090e-11
14409 2.565720e-11
14410 2.565350e-11
14411 2.564981e-11
14412 2.564611e-11
14413 2.564241e-11
14414 2.563872e-11
14415 2.563502e-11
14416 2.563133e-11
14417 2.562763e-11
14418 2.562394e-11
14419 2.562025e-11
14420 2.561656e-11
14421 2.561286e-11
14422 2.560917e-11
14423 2.560549e-11
14424 2.560180e-11
14425 2.559811e-11
14426 2.559442e-11
14427 2.559074e-11
14428 2.558705e-11
14429 2.558337e-11
14430 2.557968e-11
14431 2.557600e-11
14432 2.557232e-11
14433 2.556864e-11
14434 2.556496e-11
14435 2.556128e-11
14436 2.555760e-11
14437 2.555392e-11
14438 2.555024e-11
14439 2.554657e-11
14440 2.554289e-11
14441 2.553922e-11
14442 2.553554e-11
14443 2.553187e-11
14444 2.552820e-11
14445 2.552453e-11
14446 2.552085e-11
14447 2.551718e-11
14448 2.551352e-11
14449 2.550985e-11
14450 2.550618e-11
14451 2.550251e-11
14452 2.549885e-11
14453 2.549518e-11
14454 2.549152e-11
14455 2.548785e-11
14456 2.548419e-11
14457 2.548053e-11
14458 2.547686e-11
14459 2.547320e-11
14460 2.546954e-11
14461 2.546588e-11
14462 2.546223e-11
14463 2.545857e-11
14464 2.545491e-11
14465 2.545125e-11
14466 2.544760e-11
14467 2.544394e-11
14468 2.544029e-11
14469 2.543664e-11
14470 2.543299e-11
14471 2.542933e-11
14472 2.542568e-11
14473 2.542203e-11
14474 2.541838e-11
14475 2.541474e-11
14476 2.541109e-11
14477 2.540744e-11
14478 2.540380e-11
14479 2.540015e-11
14480 2.539651e-11
14481 2.539286e-11
14482 2.538922e-11
14483 2.538558e-11
14484 2.538193e-11
14485 2.537829e-11
14486 2.537465e-11
14487 2.537102e-11
14488 2.536738e-11
14489 2.536374e-11
14490 2.536010e-11
14491 2.535647e-11
14492 2.535283e-11
14493 2.534920e-11
14494 2.534556e-11
14495 2.534193e-11
14496 2.533830e-11
14497 2.533467e-11
14498 2.533104e-11
14499 2.532741e-11
14500 2.532378e-11
14501 2.532015e-11
14502 2.531652e-11
14503 2.531289e-11
14504 2.530927e-11
14505 2.530564e-11
14506 2.530202e-11
14507 2.529840e-11
14508 2.529477e-11
14509 2.529115e-11
14510 2.528753e-11
14511 2.528391e-11
14512 2.528029e-11
14513 2.527667e-11
14514 2.527305e-11
14515 2.526943e-11
14516 2.526582e-11
14517 2.526220e-11
14518 2.525859e-11
14519 2.525497e-11
14520 2.525136e-11
14521 2.524774e-11
14522 2.524413e-11
14523 2.524052e-11
14524 2.523691e-11
14525 2.523330e-11
14526 2.522969e-11
14527 2.522608e-11
14528 2.522248e-11
14529 2.521887e-11
14530 2.521526e-11
14531 2.521166e-11
14532 2.520805e-11
14533 2.520445e-11
14534 2.520085e-11
14535 2.519724e-11
14536 2.519364e-11
14537 2.519004e-11
14538 2.518644e-11
14539 2.518284e-11
14540 2.517924e-11
14541 2.517565e-11
14542 2.517205e-11
14543 2.516845e-11
14544 2.516486e-11
14545 2.516126e-11
14546 2.515767e-11
14547 2.515408e-11
14548 2.515048e-11
14549 2.514689e-11
14550 2.514330e-11
14551 2.513971e-11
14552 2.513612e-11
14553 2.513253e-11
14554 2.512895e-11
14555 2.512536e-11
14556 2.512177e-11
14557 2.511819e-11
14558 2.511460e-11
14559 2.511102e-11
14560 2.510744e-11
14561 2.510385e-11
14562 2.510027e-11
14563 2.509669e-11
14564 2.509311e-11
14565 2.508953e-11
14566 2.508595e-11
14567 2.508237e-11
14568 2.507880e-11
14569 2.507522e-11
14570 2.507164e-11
14571 2.506807e-11
14572 2.506450e-11
14573 2.506092e-11
14574 2.505735e-11
14575 2.505378e-11
14576 2.505021e-11
14577 2.504664e-11
14578 2.504307e-11
14579 2.503950e-11
14580 2.503593e-11
14581 2.503236e-11
14582 2.502880e-11
14583 2.502523e-11
14584 2.502166e-11
14585 2.501810e-11
14586 2.501454e-11
14587 2.501097e-11
14588 2.500741e-11
14589 2.500385e-11
14590 2.500029e-11
14591 2.499673e-11
14592 2.499317e-11
14593 2.498961e-11
14594 2.498605e-11
14595 2.498250e-11
14596 2.497894e-11
14597 2.497539e-11
14598 2.497183e-11
14599 2.496828e-11
14600 2.496472e-11
14601 2.496117e-11
14602 2.495762e-11
14603 2.495407e-11
14604 2.495052e-11
14605 2.494697e-11
14606 2.494342e-11
14607 2.493987e-11
14608 2.493633e-11
14609 2.493278e-11
14610 2.492923e-11
14611 2.492569e-11
14612 2.492215e-11
14613 2.491860e-11
14614 2.491506e-11
14615 2.491152e-11
14616 2.490798e-11
14617 2.490444e-11
14618 2.490090e-11
14619 2.489736e-11
14620 2.489382e-11
14621 2.489028e-11
14622 2.488675e-11
14623 2.488321e-11
14624 2.487967e-11
14625 2.487614e-11
14626 2.487261e-11
14627 2.486907e-11
14628 2.486554e-11
14629 2.486201e-11
14630 2.485848e-11
14631 2.485495e-11
14632 2.485142e-11
14633 2.484789e-11
14634 2.484436e-11
14635 2.484084e-11
14636 2.483731e-11
14637 2.483378e-11
14638 2.483026e-11
14639 2.482674e-11
14640 2.482321e-11
14641 2.481969e-11
14642 2.481617e-11
14643 2.481265e-11
14644 2.480913e-11
14645 2.480561e-11
14646 2.480209e-11
14647 2.479857e-11
14648 2.479505e-11
14649 2.479154e-11
14650 2.478802e-11
14651 2.478450e-11
14652 2.478099e-11
14653 2.477748e-11
14654 2.477396e-11
14655 2.477045e-11
14656 2.476694e-11
14657 2.476343e-11
14658 2.475992e-11
14659 2.475641e-11
14660 2.475290e-11
14661 2.474939e-11
14662 2.474589e-11
14663 2.474238e-11
14664 2.473887e-11
14665 2.473537e-11
14666 2.473187e-11
14667 2.472836e-11
14668 2.472486e-11
14669 2.472136e-11
14670 2.471786e-11
14671 2.471436e-11
14672 2.471086e-11
14673 2.470736e-11
14674 2.470386e-11
14675 2.470036e-11
14676 2.469686e-11
14677 2.469337e-11
14678 2.468987e-11
14679 2.468638e-11
14680 2.468288e-11
14681 2.467939e-11
14682 2.467590e-11
14683 2.467241e-11
14684 2.466892e-11
14685 2.466543e-11
14686 2.466194e-11
14687 2.465845e-11
14688 2.465496e-11
14689 2.465147e-11
14690 2.464799e-11
14691 2.464450e-11
14692 2.464102e-11
14693 2.463753e-11
14694 2.463405e-11
14695 2.463056e-11
14696 2.462708e-11
14697 2.462360e-11
14698 2.462012e-11
14699 2.461664e-11
14700 2.461316e-11
14701 2.460968e-11
14702 2.460621e-11
14703 2.460273e-11
14704 2.459925e-11
14705 2.459578e-11
14706 2.459230e-11
14707 2.458883e-11
14708 2.458535e-11
14709 2.458188e-11
14710 2.457841e-11
14711 2.457494e-11
14712 2.457147e-11
14713 2.456800e-11
14714 2.456453e-11
14715 2.456106e-11
14716 2.455759e-11
14717 2.455413e-11
14718 2.455066e-11
14719 2.454719e-11
14720 2.454373e-11
14721 2.454027e-11
14722 2.453680e-11
14723 2.453334e-11
14724 2.452988e-11
14725 2.452642e-11
14726 2.452296e-11
14727 2.451950e-11
14728 2.451604e-11
14729 2.451258e-11
14730 2.450912e-11
14731 2.450567e-11
14732 2.450221e-11
14733 2.449875e-11
14734 2.449530e-11
14735 2.449185e-11
14736 2.448839e-11
14737 2.448494e-11
14738 2.448149e-11
14739 2.447804e-11
14740 2.447459e-11
14741 2.447114e-11
14742 2.446769e-11
14743 2.446424e-11
14744 2.446079e-11
14745 2.445735e-11
14746 2.445390e-11
14747 2.445046e-11
14748 2.444701e-11
14749 2.444357e-11
14750 2.444012e-11
14751 2.443668e-11
14752 2.443324e-11
14753 2.442980e-11
14754 2.442636e-11
14755 2.442292e-11
14756 2.441948e-11
14757 2.441604e-11
14758 2.441261e-11
14759 2.440917e-11
14760 2.440573e-11
14761 2.440230e-11
14762 2.439886e-11
14763 2.439543e-11
14764 2.439200e-11
14765 2.438856e-11
14766 2.438513e-11
14767 2.438170e-11
14768 2.437827e-11
14769 2.437484e-11
14770 2.437141e-11
14771 2.436799e-11
14772 2.436456e-11
14773 2.436113e-11
14774 2.435771e-11
14775 2.435428e-11
14776 2.435086e-11
14777 2.434743e-11
14778 2.434401e-11
14779 2.434059e-11
14780 2.433717e-11
14781 2.433374e-11
14782 2.433032e-11
14783 2.432690e-11
14784 2.432349e-11
14785 2.432007e-11
14786 2.431665e-11
14787 2.431323e-11
14788 2.430982e-11
14789 2.430640e-11
14790 2.430299e-11
14791 2.429957e-11
14792 2.429616e-11
14793 2.429275e-11
14794 2.428934e-11
14795 2.428593e-11
14796 2.428252e-11
14797 2.427911e-11
14798 2.427570e-11
14799 2.427229e-11
14800 2.426888e-11
14801 2.426548e-11
14802 2.426207e-11
14803 2.425866e-11
14804 2.425526e-11
14805 2.425186e-11
14806 2.424845e-11
14807 2.424505e-11
14808 2.424165e-11
14809 2.423825e-11
14810 2.423485e-11
14811 2.423145e-11
14812 2.422805e-11
14813 2.422465e-11
14814 2.422125e-11
14815 2.421786e-11
14816 2.421446e-11
14817 2.421107e-11
14818 2.420767e-11
14819 2.420428e-11
14820 2.420088e-11
14821 2.419749e-11
14822 2.419410e-11
14823 2.419071e-11
14824 2.418732e-11
14825 2.418393e-11
14826 2.418054e-11
14827 2.417715e-11
14828 2.417376e-11
14829 2.417038e-11
14830 2.416699e-11
14831 2.416360e-11
14832 2.416022e-11
14833 2.415684e-11
14834 2.415345e-11
14835 2.415007e-11
14836 2.414669e-11
14837 2.414331e-11
14838 2.413993e-11
14839 2.413655e-11
14840 2.413317e-11
14841 2.412979e-11
14842 2.412641e-11
14843 2.412303e-11
14844 2.411966e-11
14845 2.411628e-11
14846 2.411291e-11
14847 2.410953e-11
14848 2.410616e-11
14849 2.410278e-11
14850 2.409941e-11
14851 2.409604e-11
14852 2.409267e-11
14853 2.408930e-11
14854 2.408593e-11
14855 2.408256e-11
14856 2.407919e-11
14857 2.407583e-11
14858 2.407246e-11
14859 2.406909e-11
14860 2.406573e-11
14861 2.406236e-11
14862 2.405900e-11
14863 2.405564e-11
14864 2.405228e-11
14865 2.404891e-11
14866 2.404555e-11
14867 2.404219e-11
14868 2.403883e-11
14869 2.403547e-11
14870 2.403212e-11
14871 2.402876e-11
14872 2.402540e-11
14873 2.402204e-11
14874 2.401869e-11
14875 2.401533e-11
14876 2.401198e-11
14877 2.400863e-11
14878 2.400527e-11
14879 2.400192e-11
14880 2.399857e-11
14881 2.399522e-11
14882 2.399187e-11
14883 2.398852e-11
14884 2.398517e-11
14885 2.398182e-11
14886 2.397848e-11
14887 2.397513e-11
14888 2.397179e-11
14889 2.396844e-11
14890 2.396510e-11
14891 2.396175e-11
14892 2.395841e-11
14893 2.395507e-11
14894 2.395172e-11
14895 2.394838e-11
14896 2.394504e-11
14897 2.394170e-11
14898 2.393837e-11
14899 2.393503e-11
14900 2.393169e-11
14901 2.392835e-11
14902 2.392502e-11
14903 2.392168e-11
14904 2.391835e-11
14905 2.391501e-11
14906 2.391168e-11
14907 2.390835e-11
14908 2.390501e-11
14909 2.390168e-11
14910 2.389835e-11
14911 2.389502e-11
14912 2.389169e-11
14913 2.388836e-11
14914 2.388504e-11
14915 2.388171e-11
14916 2.387838e-11
14917 2.387506e-11
14918 2.387173e-11
14919 2.386841e-11
14920 2.386508e-11
14921 2.386176e-11
14922 2.385844e-11
14923 2.385512e-11
14924 2.385180e-11
14925 2.384848e-11
14926 2.384516e-11
14927 2.384184e-11
14928 2.383852e-11
14929 2.383520e-11
14930 2.383188e-11
14931 2.382857e-11
14932 2.382525e-11
14933 2.382194e-11
14934 2.381862e-11
14935 2.381531e-11
14936 2.381200e-11
14937 2.380869e-11
14938 2.380537e-11
14939 2.380206e-11
14940 2.379875e-11
14941 2.379544e-11
14942 2.379214e-11
14943 2.378883e-11
14944 2.378552e-11
14945 2.378221e-11
14946 2.377891e-11
14947 2.377560e-11
14948 2.377230e-11
14949 2.376899e-11
14950 2.376569e-11
14951 2.376239e-11
14952 2.375909e-11
14953 2.375578e-11
14954 2.375248e-11
14955 2.374918e-11
14956 2.374588e-11
14957 2.374259e-11
14958 2.373929e-11
14959 2.373599e-11
14960 2.373269e-11
14961 2.372940e-11
14962 2.372610e-11
14963 2.372281e-11
14964 2.371952e-11
14965 2.371622e-11
14966 2.371293e-11
14967 2.370964e-11
14968 2.370635e-11
14969 2.370306e-11
14970 2.369977e-11
14971 2.369648e-11
14972 2.369319e-11
14973 2.368990e-11
14974 2.368662e-11
14975 2.368333e-11
14976 2.368004e-11
14977 2.367676e-11
14978 2.367347e-11
14979 2.367019e-11
14980 2.366691e-11
14981 2.366363e-11
14982 2.366034e-11
14983 2.365706e-11
14984 2.365378e-11
14985 2.365050e-11
14986 2.364722e-11
14987 2.364395e-11
14988 2.364067e-11
14989 2.363739e-11
14990 2.363412e-11
14991 2.363084e-11
14992 2.362756e-11
14993 2.362429e-11
14994 2.362102e-11
14995 2.361774e-11
14996 2.361447e-11
14997 2.361120e-11
14998 2.360793e-11
14999 2.360466e-11
15000 2.360139e-11
15001 2.359812e-11
15002 2.359485e-11
15003 2.359159e-11
15004 2.358832e-11
15005 2.358505e-11
15006 2.358179e-11
15007 2.357852e-11
15008 2.357526e-11
15009 2.357200e-11
15010 2.356873e-11
15011 2.356547e-11
15012 2.356221e-11
15013 2.355895e-11
15014 2.355569e-11
15015 2.355243e-11
15016 2.354917e-11
15017 2.354591e-11
15018 2.354265e-11
15019 2.353940e-11
15020 2.353614e-11
15021 2.353289e-11
15022 2.352963e-11
15023 2.352638e-11
15024 2.352312e-11
15025 2.351987e-11
15026 2.351662e-11
15027 2.351337e-11
15028 2.351012e-11
15029 2.350687e-11
15030 2.350362e-11
15031 2.350037e-11
15032 2.349712e-11
15033 2.349387e-11
15034 2.349063e-11
15035 2.348738e-11
15036 2.348413e-11
15037 2.348089e-11
15038 2.347765e-11
15039 2.347440e-11
15040 2.347116e-11
15041 2.346792e-11
15042 2.346468e-11
15043 2.346143e-11
15044 2.345819e-11
15045 2.345495e-11
15046 2.345172e-11
15047 2.344848e-11
15048 2.344524e-11
15049 2.344200e-11
15050 2.343877e-11
15051 2.343553e-11
15052 2.343230e-11
15053 2.342906e-11
15054 2.342583e-11
15055 2.342260e-11
15056 2.341936e-11
15057 2.341613e-11
15058 2.341290e-11
15059 2.340967e-11
15060 2.340644e-11
15061 2.340321e-11
15062 2.339999e-11
15063 2.339676e-11
15064 2.339353e-11
15065 2.339030e-11
15066 2.338708e-11
15067 2.338385e-11
15068 2.338063e-11
15069 2.337741e-11
15070 2.337418e-11
15071 2.337096e-11
15072 2.336774e-11
15073 2.336452e-11
15074 2.336130e-11
15075 2.335808e-11
15076 2.335486e-11
15077 2.335164e-11
15078 2.334842e-11
15079 2.334521e-11
15080 2.334199e-11
15081 2.333877e-11
15082 2.333556e-11
15083 2.333234e-11
15084 2.332913e-11
15085 2.332592e-11
15086 2.332270e-11
15087 2.331949e-11
15088 2.331628e-11
15089 2.331307e-11
15090 2.330986e-11
15091 2.330665e-11
15092 2.330344e-11
15093 2.330024e-11
15094 2.329703e-11
15095 2.329382e-11
15096 2.329062e-11
15097 2.328741e-11
15098 2.328421e-11
15099 2.328100e-11
15100 2.327780e-11
15101 2.327460e-11
15102 2.327139e-11
15103 2.326819e-11
15104 2.326499e-11
15105 2.326179e-11
15106 2.325859e-11
15107 2.325539e-11
15108 2.325220e-11
15109 2.324900e-11
15110 2.324580e-11
15111 2.324261e-11
15112 2.323941e-11
15113 2.323622e-11
15114 2.323302e-11
15115 2.322983e-11
15116 2.322663e-11
15117 2.322344e-11
15118 2.322025e-11
15119 2.321706e-11
15120 2.321387e-11
15121 2.321068e-11
15122 2.320749e-11
15123 2.320430e-11
15124 2.320112e-11
15125 2.319793e-11
15126 2.319474e-11
15127 2.319156e-11
15128 2.318837e-11
15129 2.318519e-11
15130 2.318200e-11
15131 2.317882e-11
15132 2.317564e-11
15133 2.317246e-11
15134 2.316927e-11
15135 2.316609e-11
15136 2.316291e-11
15137 2.315973e-11
15138 2.315656e-11
15139 2.315338e-11
15140 2.315020e-11
15141 2.314702e-11
15142 2.314385e-11
15143 2.314067e-11
15144 2.313750e-11
15145 2.313432e-11
15146 2.313115e-11
15147 2.312798e-11
15148 2.312481e-11
15149 2.312163e-11
15150 2.311846e-11
15151 2.311529e-11
15152 2.311212e-11
15153 2.310895e-11
15154 2.310579e-11
15155 2.310262e-11
15156 2.309945e-11
15157 2.309628e-11
15158 2.309312e-11
15159 2.308995e-11
15160 2.308679e-11
15161 2.308363e-11
15162 2.308046e-11
15163 2.307730e-11
15164 2.307414e-11
15165 2.307098e-11
15166 2.306782e-11
15167 2.306466e-11
15168 2.306150e-11
15169 2.305834e-11
15170 2.305518e-11
15171 2.305202e-11
15172 2.304887e-11
15173 2.304571e-11
15174 2.304255e-11
15175 2.303940e-11
15176 2.303625e-11
15177 2.303309e-11
15178 2.302994e-11
15179 2.302679e-11
15180 2.302364e-11
15181 2.302048e-11
15182 2.301733e-11
15183 2.301418e-11
15184 2.301104e-11
15185 2.300789e-11
15186 2.300474e-11
15187 2.300159e-11
15188 2.299845e-11
15189 2.299530e-11
15190 2.299215e-11
15191 2.298901e-11
15192 2.298587e-11
15193 2.298272e-11
15194 2.297958e-11
15195 2.297644e-11
15196 2.297330e-11
15197 2.297016e-11
15198 2.296702e-11
15199 2.296388e-11
15200 2.296074e-11
15201 2.295760e-11
15202 2.295446e-11
15203 2.295132e-11
15204 2.294819e-11
15205 2.294505e-11
15206 2.294192e-11
15207 2.293878e-11
15208 2.293565e-11
15209 2.293252e-11
15210 2.292938e-11
15211 2.292625e-11
15212 2.292312e-11
15213 2.291999e-11
15214 2.291686e-11
15215 2.291373e-11
15216 2.291060e-11
15217 2.290747e-11
15218 2.290435e-11
15219 2.290122e-11
15220 2.289809e-11
15221 2.289497e-11
15222 2.289184e-11
15223 2.288872e-11
15224 2.288559e-11
15225 2.288247e-11
15226 2.287935e-11
15227 2.287623e-11
15228 2.287311e-11
15229 2.286999e-11
15230 2.286687e-11
15231 2.286375e-11
15232 2.286063e-11
15233 2.285751e-11
15234 2.285439e-11
15235 2.285128e-11
15236 2.284816e-11
15237 2.284504e-11
15238 2.284193e-11
15239 2.283881e-11
15240 2.283570e-11
15241 2.283259e-11
15242 2.282948e-11
15243 2.282636e-11
15244 2.282325e-11
15245 2.282014e-11
15246 2.281703e-11
15247 2.281392e-11
15248 2.281081e-11
15249 2.280771e-11
15250 2.280460e-11
15251 2.280149e-11
15252 2.279839e-11
15253 2.279528e-11
15254 2.279218e-11
15255 2.278907e-11
15256 2.278597e-11
15257 2.278287e-11
15258 2.277976e-11
15259 2.277666e-11
15260 2.277356e-11
15261 2.277046e-11
15262 2.276736e-11
15263 2.276426e-11
15264 2.276116e-11
15265 2.275807e-11
15266 2.275497e-11
15267 2.275187e-11
15268 2.274878e-11
15269 2.274568e-11
15270 2.274258e-11
15271 2.273949e-11
15272 2.273640e-11
15273 2.273330e-11
15274 2.273021e-11
15275 2.272712e-11
15276 2.272403e-11
15277 2.272094e-11
15278 2.271785e-11
15279 2.271476e-11
15280 2.271167e-11
15281 2.270858e-11
15282 2.270550e-11
15283 2.270241e-11
15284 2.269932e-11
15285 2.269624e-11
15286 2.269315e-11
15287 2.269007e-11
15288 2.268698e-11
15289 2.268390e-11
15290 2.268082e-11
15291 2.267774e-11
15292 2.267466e-11
15293 2.267158e-11
15294 2.266850e-11
15295 2.266542e-11
15296 2.266234e-11
15297 2.265926e-11
15298 2.265618e-11
15299 2.265311e-11
15300 2.265003e-11
15301 2.264695e-11
15302 2.264388e-11
15303 2.264081e-11
15304 2.263773e-11
15305 2.263466e-11
15306 2.263159e-11
15307 2.262851e-11
15308 2.262544e-11
15309 2.262237e-11
15310 2.261930e-11
15311 2.261623e-11
15312 2.261316e-11
15313 2.261010e-11
15314 2.260703e-11
15315 2.260396e-11
15316 2.260090e-11
15317 2.259783e-11
15318 2.259476e-11
15319 2.259170e-11
15320 2.258864e-11
15321 2.258557e-11
15322 2.258251e-11
15323 2.257945e-11
15324 2.257639e-11
15325 2.257333e-11
15326 2.257027e-11
15327 2.256721e-11
15328 2.256415e-11
15329 2.256109e-11
15330 2.255803e-11
15331 2.255498e-11
15332 2.255192e-11
15333 2.254886e-11
15334 2.254581e-11
15335 2.254275e-11
15336 2.253970e-11
15337 2.253665e-11
15338 2.253359e-11
15339 2.253054e-11
15340 2.252749e-11
15341 2.252444e-11
15342 2.252139e-11
15343 2.251834e-11
15344 2.251528e-11
15345 2.251220e-11
15346 2.250911e-11
15347 2.250603e-11
15348 2.250295e-11
15349 2.249987e-11
15350 2.249679e-11
15351 2.249371e-11
15352 2.249063e-11
15353 2.248755e-11
15354 2.248448e-11
15355 2.248140e-11
15356 2.247832e-11
15357 2.247525e-11
15358 2.247217e-11
15359 2.246910e-11
15360 2.246603e-11
15361 2.246295e-11
15362 2.245988e-11
15363 2.245681e-11
15364 2.245374e-11
15365 2.245067e-11
15366 2.244760e-11
15367 2.244453e-11
15368 2.244146e-11
15369 2.243839e-11
15370 2.243532e-11
15371 2.243226e-11
15372 2.242919e-11
15373 2.242613e-11
15374 2.242306e-11
15375 2.242000e-11
15376 2.241693e-11
15377 2.241387e-11
15378 2.241081e-11
15379 2.240775e-11
15380 2.240468e-11
15381 2.240162e-11
15382 2.239856e-11
15383 2.239550e-11
15384 2.239245e-11
15385 2.238939e-11
15386 2.238633e-11
15387 2.238327e-11
15388 2.238022e-11
15389 2.237716e-11
15390 2.237411e-11
15391 2.237105e-11
15392 2.236800e-11
15393 2.236494e-11
15394 2.236189e-11
15395 2.235884e-11
15396 2.235579e-11
15397 2.235274e-11
15398 2.234969e-11
15399 2.234664e-11
15400 2.234359e-11
15401 2.234054e-11
15402 2.233749e-11
15403 2.233445e-11
15404 2.233140e-11
15405 2.232835e-11
15406 2.232531e-11
15407 2.232226e-11
15408 2.231922e-11
15409 2.231618e-11
15410 2.231313e-11
15411 2.231009e-11
15412 2.230705e-11
15413 2.230401e-11
15414 2.230097e-11
15415 2.229793e-11
15416 2.229489e-11
15417 2.229185e-11
15418 2.228881e-11
15419 2.228578e-11
15420 2.228274e-11
15421 2.227970e-11
15422 2.227667e-11
15423 2.227363e-11
15424 2.227060e-11
15425 2.226757e-11
15426 2.226453e-11
15427 2.226150e-11
15428 2.225847e-11
15429 2.225544e-11
15430 2.225241e-11
15431 2.224938e-11
15432 2.224635e-11
15433 2.224332e-11
15434 2.224029e-11
15435 2.223726e-11
15436 2.223424e-11
15437 2.223121e-11
15438 2.222818e-11
15439 2.222516e-11
15440 2.222214e-11
15441 2.221911e-11
15442 2.221609e-11
15443 2.221307e-11
15444 2.221004e-11
15445 2.220702e-11
15446 2.220400e-11
15447 2.220098e-11
15448 2.219796e-11
15449 2.219494e-11
15450 2.219192e-11
15451 2.218891e-11
15452 2.218589e-11
15453 2.218287e-11
15454 2.217986e-11
15455 2.217684e-11
15456 2.217383e-11
15457 2.217081e-11
15458 2.216780e-11
15459 2.216479e-11
15460 2.216177e-11
15461 2.215876e-11
15462 2.215575e-11
15463 2.215274e-11
15464 2.214973e-11
15465 2.214672e-11
15466 2.214371e-11
15467 2.214070e-11
15468 2.213770e-11
15469 2.213469e-11
15470 2.213168e-11
15471 2.212868e-11
15472 2.212567e-11
15473 2.212267e-11
15474 2.211966e-11
15475 2.211666e-11
15476 2.211366e-11
15477 2.211066e-11
15478 2.210765e-11
15479 2.210465e-11
15480 2.210165e-11
15481 2.209865e-11
15482 2.209565e-11
15483 2.209266e-11
15484 2.208966e-11
15485 2.208666e-11
15486 2.208366e-11
15487 2.208067e-11
15488 2.207767e-11
15489 2.207468e-11
15490 2.207168e-11
15491 2.206869e-11
15492 2.206570e-11
15493 2.206270e-11
15494 2.205971e-11
15495 2.205672e-11
15496 2.205373e-11
15497 2.205074e-11
15498 2.204775e-11
15499 2.204476e-11
15500 2.204177e-11
15501 2.203878e-11
15502 2.203580e-11
15503 2.203281e-11
15504 2.202983e-11
15505 2.202684e-11
15506 2.202386e-11
15507 2.202087e-11
15508 2.201789e-11
15509 2.201490e-11
15510 2.201192e-11
15511 2.200894e-11
15512 2.200596e-11
15513 2.200298e-11
15514 2.200000e-11
15515 2.199702e-11
15516 2.199404e-11
15517 2.199106e-11
15518 2.198808e-11
15519 2.198511e-11
15520 2.198213e-11
15521 2.197916e-11
15522 2.197618e-11
15523 2.197321e-11
15524 2.197023e-11
15525 2.196726e-11
15526 2.196429e-11
15527 2.196131e-11
15528 2.195834e-11
15529 2.195537e-11
15530 2.195240e-11
15531 2.194943e-11
15532 2.194646e-11
15533 2.194349e-11
15534 2.194052e-11
15535 2.193756e-11
15536 2.193459e-11
15537 2.193162e-11
15538 2.192866e-11
15539 2.192569e-11
15540 2.192273e-11
15541 2.191976e-11
15542 2.191680e-11
15543 2.191384e-11
15544 2.191088e-11
15545 2.190791e-11
15546 2.190495e-11
15547 2.190199e-11
15548 2.189903e-11
15549 2.189607e-11
15550 2.189312e-11
15551 2.189016e-11
15552 2.188720e-11
15553 2.188424e-11
15554 2.188129e-11
15555 2.187833e-11
15556 2.187538e-11
15557 2.187242e-11
15558 2.186947e-11
15559 2.186651e-11
15560 2.186356e-11
15561 2.186061e-11
15562 2.185766e-11
15563 2.185471e-11
15564 2.185176e-11
15565 2.184881e-11
15566 2.184586e-11
15567 2.184291e-11
15568 2.183996e-11
15569 2.183701e-11
15570 2.183407e-11
15571 2.183112e-11
15572 2.182818e-11
15573 2.182523e-11
15574 2.182229e-11
15575 2.181934e-11
15576 2.181640e-11
15577 2.181346e-11
15578 2.181051e-11
15579 2.180757e-11
15580 2.180463e-11
15581 2.180169e-11
15582 2.179875e-11
15583 2.179581e-11
15584 2.179287e-11
15585 2.178994e-11
15586 2.178700e-11
15587 2.178406e-11
15588 2.178112e-11
15589 2.177819e-11
15590 2.177525e-11
15591 2.177232e-11
15592 2.176939e-11
15593 2.176645e-11
15594 2.176352e-11
15595 2.176059e-11
15596 2.175766e-11
15597 2.175472e-11
15598 2.175179e-11
15599 2.174886e-11
15600 2.174593e-11
15601 2.174301e-11
15602 2.174008e-11
15603 2.173715e-11
15604 2.173422e-11
15605 2.173130e-11
15606 2.172837e-11
15607 2.172545e-11
15608 2.172252e-11
15609 2.171960e-11
15610 2.171667e-11
15611 2.171375e-11
15612 2.171083e-11
15613 2.170791e-11
15614 2.170499e-11
15615 2.170206e-11
15616 2.169914e-11
15617 2.169623e-11
15618 2.169331e-11
15619 2.169039e-11
15620 2.168747e-11
15621 2.168455e-11
15622 2.168164e-11
15623 2.167872e-11
15624 2.167581e-11
15625 2.167289e-11
15626 2.166998e-11
15627 2.166706e-11
15628 2.166415e-11
15629 2.166124e-11
15630 2.165833e-11
15631 2.165541e-11
15632 2.165250e-11
15633 2.164959e-11
15634 2.164668e-11
15635 2.164377e-11
15636 2.164087e-11
15637 2.163796e-11
15638 2.163505e-11
15639 2.163214e-11
15640 2.162924e-11
15641 2.162633e-11
15642 2.162343e-11
15643 2.162052e-11
15644 2.161762e-11
15645 2.161472e-11
15646 2.161181e-11
15647 2.160891e-11
15648 2.160601e-11
15649 2.160311e-11
15650 2.160021e-11
15651 2.159731e-11
15652 2.159441e-11
15653 2.159151e-11
15654 2.158861e-11
15655 2.158572e-11
15656 2.158282e-11
15657 2.157992e-11
15658 2.157703e-11
15659 2.157413e-11
15660 2.157124e-11
15661 2.156834e-11
15662 2.156545e-11
15663 2.156256e-11
15664 2.155966e-11
15665 2.155677e-11
15666 2.155388e-11
15667 2.155099e-11
15668 2.154810e-11
15669 2.154521e-11
15670 2.154232e-11
15671 2.153943e-11
15672 2.153655e-11
15673 2.153366e-11
15674 2.153077e-11
15675 2.152789e-11
15676 2.152500e-11
15677 2.152212e-11
15678 2.151923e-11
15679 2.151635e-11
15680 2.151346e-11
15681 2.151058e-11
15682 2.150770e-11
15683 2.150482e-11
15684 2.150194e-11
15685 2.149906e-11
15686 2.149618e-11
15687 2.149330e-11
15688 2.149042e-11
15689 2.148754e-11
15690 2.148466e-11
15691 2.148179e-11
15692 2.147891e-11
15693 2.147603e-11
15694 2.147316e-11
15695 2.147028e-11
15696 2.146741e-11
15697 2.146454e-11
15698 2.146166e-11
15699 2.145879e-11
15700 2.145592e-11
15701 2.145305e-11
15702 2.145018e-11
15703 2.144731e-11
15704 2.144444e-11
15705 2.144157e-11
15706 2.143870e-11
15707 2.143583e-11
15708 2.143297e-11
15709 2.143010e-11
15710 2.142723e-11
15711 2.142437e-11
15712 2.142150e-11
15713 2.141864e-11
15714 2.141577e-11
15715 2.141291e-11
15716 2.141005e-11
15717 2.140718e-11
15718 2.140432e-11
15719 2.140146e-11
15720 2.139860e-11
15721 2.139574e-11
15722 2.139288e-11
15723 2.139002e-11
15724 2.138717e-11
15725 2.138431e-11
15726 2.138145e-11
15727 2.137859e-11
15728 2.137574e-11
15729 2.137288e-11
15730 2.137003e-11
15731 2.136717e-11
15732 2.136432e-11
15733 2.136147e-11
15734 2.135861e-11
15735 2.135576e-11
15736 2.135291e-11
15737 2.135006e-11
15738 2.134721e-11
15739 2.134436e-11
15740 2.134151e-11
15741 2.133866e-11
15742 2.133581e-11
15743 2.133297e-11
15744 2.133012e-11
15745 2.132727e-11
15746 2.132443e-11
15747 2.132158e-11
15748 2.131874e-11
15749 2.131589e-11
15750 2.131305e-11
15751 2.131021e-11
15752 2.130736e-11
15753 2.130452e-11
15754 2.130168e-11
15755 2.129884e-11
15756 2.129600e-11
15757 2.129316e-11
15758 2.129032e-11
15759 2.128748e-11
15760 2.128464e-11
15761 2.128181e-11
15762 2.127897e-11
15763 2.127613e-11
15764 2.127330e-11
15765 2.127046e-11
15766 2.126763e-11
15767 2.126479e-11
15768 2.126196e-11
15769 2.125913e-11
15770 2.125629e-11
15771 2.125346e-11
15772 2.125063e-11
15773 2.124780e-11
15774 2.124497e-11
15775 2.124214e-11
15776 2.123931e-11
15777 2.123648e-11
15778 2.123365e-11
15779 2.123083e-11
15780 2.122800e-11
15781 2.122517e-11
15782 2.122235e-11
15783 2.121952e-11
15784 2.121670e-11
15785 2.121387e-11
15786 2.121105e-11
15787 2.120823e-11
15788 2.120540e-11
15789 2.120258e-11
15790 2.119976e-11
15791 2.119694e-11
15792 2.119412e-11
15793 2.119130e-11
15794 2.118848e-11
15795 2.118566e-11
15796 2.118284e-11
15797 2.118003e-11
15798 2.117721e-11
15799 2.117439e-11
15800 2.117158e-11
15801 2.116876e-11
15802 2.116595e-11
15803 2.116313e-11
15804 2.116032e-11
15805 2.115751e-11
15806 2.115469e-11
15807 2.115188e-11
15808 2.114907e-11
15809 2.114626e-11
15810 2.114345e-11
15811 2.114064e-11
15812 2.113783e-11
15813 2.113502e-11
15814 2.113221e-11
15815 2.112941e-11
15816 2.112660e-11
15817 2.112379e-11
15818 2.112099e-11
15819 2.111818e-11
15820 2.111538e-11
15821 2.111257e-11
15822 2.110977e-11
15823 2.110696e-11
15824 2.110416e-11
15825 2.110136e-11
15826 2.109856e-11
15827 2.109576e-11
15828 2.109296e-11
15829 2.109016e-11
15830 2.108736e-11
15831 2.108456e-11
15832 2.108176e-11
15833 2.107896e-11
15834 2.107617e-11
15835 2.107337e-11
15836 2.107057e-11
15837 2.106778e-11
15838 2.106498e-11
15839 2.106219e-11
15840 2.105940e-11
15841 2.105660e-11
15842 2.105381e-11
15843 2.105102e-11
15844 2.104823e-11
15845 2.104543e-11
15846 2.104264e-11
15847 2.103985e-11
15848 2.103706e-11
15849 2.103428e-11
15850 2.103149e-11
15851 2.102870e-11
15852 2.102591e-11
15853 2.102313e-11
15854 2.102034e-11
15855 2.101755e-11
15856 2.101477e-11
15857 2.101198e-11
15858 2.100920e-11
15859 2.100642e-11
15860 2.100363e-11
15861 2.100085e-11
15862 2.099807e-11
15863 2.099529e-11
15864 2.099251e-11
15865 2.098973e-11
15866 2.098695e-11
15867 2.098417e-11
15868 2.098139e-11
15869 2.097861e-11
15870 2.097583e-11
15871 2.097306e-11
15872 2.097028e-11
15873 2.096750e-11
15874 2.096473e-11
15875 2.096195e-11
15876 2.095918e-11
15877 2.095641e-11
15878 2.095363e-11
15879 2.095086e-11
15880 2.094809e-11
15881 2.094532e-11
15882 2.094255e-11
15883 2.093978e-11
15884 2.093701e-11
15885 2.093424e-11
15886 2.093147e-11
15887 2.092870e-11
15888 2.092593e-11
15889 2.092316e-11
15890 2.092040e-11
15891 2.091763e-11
15892 2.091487e-11
15893 2.091210e-11
15894 2.090934e-11
15895 2.090657e-11
15896 2.090381e-11
15897 2.090105e-11
15898 2.089828e-11
15899 2.089552e-11
15900 2.089276e-11
15901 2.089000e-11
15902 2.088724e-11
15903 2.088448e-11
15904 2.088172e-11
15905 2.087896e-11
15906 2.087620e-11
15907 2.087345e-11
15908 2.087069e-11
15909 2.086793e-11
15910 2.086518e-11
15911 2.086242e-11
15912 2.085967e-11
15913 2.085691e-11
15914 2.085416e-11
15915 2.085141e-11
15916 2.084865e-11
15917 2.084590e-11
15918 2.084315e-11
15919 2.084040e-11
15920 2.083765e-11
15921 2.083490e-11
15922 2.083215e-11
15923 2.082940e-11
15924 2.082665e-11
15925 2.082390e-11
15926 2.082116e-11
15927 2.081841e-11
15928 2.081566e-11
15929 2.081292e-11
15930 2.081017e-11
15931 2.080743e-11
15932 2.080468e-11
15933 2.080194e-11
15934 2.079920e-11
15935 2.079645e-11
15936 2.079371e-11
15937 2.079097e-11
15938 2.078823e-11
15939 2.078549e-11
15940 2.078275e-11
15941 2.078001e-11
15942 2.077727e-11
15943 2.077453e-11
15944 2.077180e-11
15945 2.076906e-11
15946 2.076632e-11
15947 2.076359e-11
15948 2.076085e-11
15949 2.075812e-11
15950 2.075538e-11
15951 2.075265e-11
15952 2.074991e-11
15953 2.074718e-11
15954 2.074445e-11
15955 2.074172e-11
15956 2.073899e-11
15957 2.073625e-11
15958 2.073352e-11
15959 2.073079e-11
15960 2.072807e-11
15961 2.072534e-11
15962 2.072261e-11
15963 2.071988e-11
15964 2.071715e-11
15965 2.071443e-11
15966 2.071170e-11
15967 2.070898e-11
15968 2.070625e-11
15969 2.070353e-11
15970 2.070080e-11
15971 2.069808e-11
15972 2.069536e-11
15973 2.069263e-11
15974 2.068991e-11
15975 2.068719e-11
15976 2.068447e-11
15977 2.068175e-11
15978 2.067903e-11
15979 2.067631e-11
15980 2.067359e-11
15981 2.067087e-11
15982 2.066816e-11
15983 2.066544e-11
15984 2.066272e-11
15985 2.066001e-11
15986 2.065729e-11
15987 2.065458e-11
15988 2.065186e-11
15989 2.064915e-11
15990 2.064644e-11
15991 2.064372e-11
15992 2.064101e-11
15993 2.063830e-11
15994 2.063559e-11
15995 2.063288e-11
15996 2.063017e-11
15997 2.062746e-11
15998 2.062475e-11
15999 2.062204e-11
16000 2.061933e-11
16001 2.061662e-11
16002 2.061392e-11
16003 2.061121e-11
16004 2.060850e-11
16005 2.060580e-11
16006 2.060309e-11
16007 2.060039e-11
16008 2.059768e-11
16009 2.059498e-11
16010 2.059228e-11
16011 2.058958e-11
16012 2.058687e-11
16013 2.058417e-11
16014 2.058147e-11
16015 2.057877e-11
16016 2.057607e-11
16017 2.057337e-11
16018 2.057067e-11
16019 2.056798e-11
16020 2.056528e-11
16021 2.056258e-11
16022 2.055989e-11
16023 2.055719e-11
16024 2.055449e-11
16025 2.055180e-11
16026 2.054910e-11
16027 2.054641e-11
16028 2.054372e-11
16029 2.054102e-11
16030 2.053833e-11
16031 2.053564e-11
16032 2.053295e-11
16033 2.053026e-11
16034 2.052757e-11
16035 2.052488e-11
16036 2.052219e-11
16037 2.051950e-11
16038 2.051681e-11
16039 2.051412e-11
16040 2.051144e-11
16041 2.050875e-11
16042 2.050606e-11
16043 2.050338e-11
16044 2.050069e-11
16045 2.049801e-11
16046 2.049532e-11
16047 2.049264e-11
16048 2.048996e-11
16049 2.048727e-11
16050 2.048459e-11
16051 2.048191e-11
16052 2.047923e-11
16053 2.047655e-11
16054 2.047387e-11
16055 2.047119e-11
16056 2.046851e-11
16057 2.046583e-11
16058 2.046315e-11
16059 2.046048e-11
16060 2.045780e-11
16061 2.045512e-11
16062 2.045245e-11
16063 2.044977e-11
16064 2.044710e-11
16065 2.044442e-11
16066 2.044175e-11
16067 2.043908e-11
16068 2.043640e-11
16069 2.043373e-11
16070 2.043106e-11
16071 2.042839e-11
16072 2.042572e-11
16073 2.042305e-11
16074 2.042038e-11
16075 2.041771e-11
16076 2.041504e-11
16077 2.041237e-11
16078 2.040971e-11
16079 2.040704e-11
16080 2.040437e-11
16081 2.040171e-11
16082 2.039904e-11
16083 2.039638e-11
16084 2.039371e-11
16085 2.039105e-11
16086 2.038838e-11
16087 2.038572e-11
16088 2.038306e-11
16089 2.038040e-11
16090 2.037774e-11
16091 2.037507e-11
16092 2.037241e-11
16093 2.036975e-11
16094 2.036709e-11
16095 2.036444e-11
16096 2.036178e-11
16097 2.035912e-11
16098 2.035646e-11
16099 2.035381e-11
16100 2.035115e-11
16101 2.034849e-11
16102 2.034584e-11
16103 2.034318e-11
16104 2.034053e-11
16105 2.033788e-11
16106 2.033522e-11
16107 2.033257e-11
16108 2.032992e-11
16109 2.032727e-11
16110 2.032461e-11
16111 2.032196e-11
16112 2.031931e-11
16113 2.031666e-11
16114 2.031402e-11
16115 2.031137e-11
16116 2.030872e-11
16117 2.030607e-11
16118 2.030342e-11
16119 2.030078e-11
16120 2.029813e-11
16121 2.029549e-11
16122 2.029284e-11
16123 2.029020e-11
16124 2.028755e-11
16125 2.028491e-11
16126 2.028227e-11
16127 2.027962e-11
16128 2.027698e-11
16129 2.027434e-11
16130 2.027170e-11
16131 2.026906e-11
16132 2.026642e-11
16133 2.026378e-11
16134 2.026114e-11
16135 2.025850e-11
16136 2.025586e-11
16137 2.025323e-11
16138 2.025059e-11
16139 2.024795e-11
16140 2.024532e-11
16141 2.024268e-11
16142 2.024005e-11
16143 2.023741e-11
16144 2.023478e-11
16145 2.023214e-11
16146 2.022951e-11
16147 2.022688e-11
16148 2.022425e-11
16149 2.022162e-11
16150 2.021899e-11
16151 2.021635e-11
16152 2.021373e-11
16153 2.021110e-11
16154 2.020847e-11
16155 2.020584e-11
16156 2.020321e-11
16157 2.020058e-11
16158 2.019796e-11
16159 2.019533e-11
16160 2.019270e-11
16161 2.019008e-11
16162 2.018745e-11
16163 2.018483e-11
16164 2.018221e-11
16165 2.017958e-11
16166 2.017696e-11
16167 2.017434e-11
16168 2.017172e-11
16169 2.016909e-11
16170 2.016647e-11
16171 2.016385e-11
16172 2.016123e-11
16173 2.015861e-11
16174 2.015600e-11
16175 2.015338e-11
16176 2.015076e-11
16177 2.014814e-11
16178 2.014553e-11
16179 2.014291e-11
16180 2.014029e-11
16181 2.013768e-11
16182 2.013506e-11
16183 2.013245e-11
16184 2.012984e-11
16185 2.012722e-11
16186 2.012461e-11
16187 2.012200e-11
16188 2.011939e-11
16189 2.011677e-11
16190 2.011416e-11
16191 2.011155e-11
16192 2.010894e-11
16193 2.010633e-11
16194 2.010373e-11
16195 2.010112e-11
16196 2.009851e-11
16197 2.009590e-11
16198 2.009330e-11
16199 2.009069e-11
16200 2.008808e-11
16201 2.008548e-11
16202 2.008287e-11
16203 2.008027e-11
16204 2.007767e-11
16205 2.007506e-11
16206 2.007246e-11
16207 2.006986e-11
16208 2.006726e-11
16209 2.006465e-11
16210 2.006205e-11
16211 2.005945e-11
16212 2.005685e-11
16213 2.005425e-11
16214 2.005166e-11
16215 2.004906e-11
16216 2.004646e-11
16217 2.004386e-11
16218 2.004127e-11
16219 2.003867e-11
16220 2.003607e-11
16221 2.003348e-11
16222 2.003088e-11
16223 2.002829e-11
16224 2.002570e-11
16225 2.002310e-11
16226 2.002051e-11
16227 2.001792e-11
16228 2.001533e-11
16229 2.001273e-11
16230 2.001014e-11
16231 2.000755e-11
16232 2.000496e-11
16233 2.000237e-11
16234 1.999978e-11
16235 1.999720e-11
16236 1.999461e-11
16237 1.999202e-11
16238 1.998943e-11
16239 1.998685e-11
16240 1.998426e-11
16241 1.998168e-11
16242 1.997909e-11
16243 1.997651e-11
16244 1.997392e-11
16245 1.997134e-11
16246 1.996876e-11
16247 1.996617e-11
16248 1.996359e-11
16249 1.996101e-11
16250 1.995843e-11
16251 1.995585e-11
16252 1.995327e-11
16253 1.995069e-11
16254 1.994811e-11
16255 1.994553e-11
16256 1.994295e-11
16257 1.994038e-11
16258 1.993780e-11
16259 1.993522e-11
16260 1.993265e-11
16261 1.993007e-11
16262 1.992750e-11
16263 1.992492e-11
16264 1.992235e-11
16265 1.991977e-11
16266 1.991720e-11
16267 1.991463e-11
16268 1.991206e-11
16269 1.990949e-11
16270 1.990691e-11
16271 1.990434e-11
16272 1.990177e-11
16273 1.989920e-11
16274 1.989663e-11
16275 1.989407e-11
16276 1.989150e-11
16277 1.988893e-11
16278 1.988636e-11
16279 1.988380e-11
16280 1.988123e-11
16281 1.987866e-11
16282 1.987610e-11
16283 1.987353e-11
16284 1.987097e-11
16285 1.986841e-11
16286 1.986584e-11
16287 1.986328e-11
16288 1.986072e-11
16289 1.985816e-11
16290 1.985559e-11
16291 1.985303e-11
16292 1.985047e-11
16293 1.984791e-11
16294 1.984535e-11
16295 1.984279e-11
16296 1.984024e-11
16297 1.983768e-11
16298 1.983512e-11
16299 1.983256e-11
16300 1.983001e-11
16301 1.982745e-11
16302 1.982490e-11
16303 1.982234e-11
16304 1.981979e-11
16305 1.981723e-11
16306 1.981468e-11
16307 1.981213e-11
16308 1.980957e-11
16309 1.980702e-11
16310 1.980447e-11
16311 1.980192e-11
16312 1.979937e-11
16313 1.979682e-11
16314 1.979427e-11
16315 1.979172e-11
16316 1.978917e-11
16317 1.978662e-11
16318 1.978407e-11
16319 1.978153e-11
16320 1.977898e-11
16321 1.977643e-11
16322 1.977389e-11
16323 1.977134e-11
16324 1.976880e-11
16325 1.976625e-11
16326 1.976371e-11
16327 1.976117e-11
16328 1.975862e-11
16329 1.975608e-11
16330 1.975354e-11
16331 1.975100e-11
16332 1.974846e-11
16333 1.974592e-11
16334 1.974338e-11
16335 1.974084e-11
16336 1.973830e-11
16337 1.973576e-11
16338 1.973322e-11
16339 1.973068e-11
16340 1.972815e-11
16341 1.972561e-11
16342 1.972307e-11
16343 1.972054e-11
16344 1.971800e-11
16345 1.971547e-11
16346 1.971293e-11
16347 1.971040e-11
16348 1.970787e-11
16349 1.970533e-11
16350 1.970280e-11
16351 1.970027e-11
16352 1.969774e-11
16353 1.969521e-11
16354 1.969268e-11
16355 1.969015e-11
16356 1.968762e-11
16357 1.968509e-11
16358 1.968256e-11
16359 1.968003e-11
16360 1.967750e-11
16361 1.967498e-11
16362 1.967245e-11
16363 1.966992e-11
16364 1.966740e-11
16365 1.966487e-11
16366 1.966235e-11
16367 1.965982e-11
16368 1.965730e-11
16369 1.965478e-11
16370 1.965225e-11
16371 1.964973e-11
16372 1.964721e-11
16373 1.964469e-11
16374 1.964217e-11
16375 1.963965e-11
16376 1.963713e-11
16377 1.963461e-11
16378 1.963209e-11
16379 1.962957e-11
16380 1.962705e-11
16381 1.962454e-11
16382 1.962202e-11
16383 1.961950e-11
16384 1.961699e-11
16385 1.961447e-11
16386 1.961196e-11
16387 1.960944e-11
16388 1.960693e-11
16389 1.960441e-11
16390 1.960190e-11
16391 1.959939e-11
16392 1.959687e-11
16393 1.959436e-11
16394 1.959185e-11
16395 1.958934e-11
16396 1.958683e-11
16397 1.958432e-11
16398 1.958181e-11
16399 1.957930e-11
16400 1.957679e-11
16401 1.957429e-11
16402 1.957178e-11
16403 1.956927e-11
16404 1.956676e-11
16405 1.956426e-11
16406 1.956175e-11
16407 1.955925e-11
16408 1.955674e-11
16409 1.955424e-11
16410 1.955174e-11
16411 1.954923e-11
16412 1.954673e-11
16413 1.954423e-11
16414 1.954173e-11
16415 1.953922e-11
16416 1.953672e-11
16417 1.953422e-11
16418 1.953172e-11
16419 1.952922e-11
16420 1.952672e-11
16421 1.952423e-11
16422 1.952173e-11
16423 1.951923e-11
16424 1.951673e-11
16425 1.951424e-11
16426 1.951174e-11
16427 1.950924e-11
16428 1.950675e-11
16429 1.950425e-11
16430 1.950176e-11
16431 1.949927e-11
16432 1.949677e-11
16433 1.949428e-11
16434 1.949179e-11
16435 1.948930e-11
16436 1.948680e-11
16437 1.948431e-11
16438 1.948182e-11
16439 1.947933e-11
16440 1.947684e-11
16441 1.947435e-11
16442 1.947187e-11
16443 1.946938e-11
16444 1.946689e-11
16445 1.946440e-11
16446 1.946192e-11
16447 1.945942e-11
16448 1.945691e-11
16449 1.945440e-11
16450 1.945189e-11
16451 1.944938e-11
16452 1.944687e-11
16453 1.944436e-11
16454 1.944185e-11
16455 1.943934e-11
16456 1.943683e-11
16457 1.943433e-11
16458 1.943182e-11
16459 1.942931e-11
16460 1.942681e-11
16461 1.942430e-11
16462 1.942179e-11
16463 1.941929e-11
16464 1.941679e-11
16465 1.941428e-11
16466 1.941178e-11
16467 1.940928e-11
16468 1.940677e-11
16469 1.940427e-11
16470 1.940177e-11
16471 1.939927e-11
16472 1.939677e-11
16473 1.939427e-11
16474 1.939177e-11
16475 1.938927e-11
16476 1.938677e-11
16477 1.938427e-11
16478 1.938178e-11
16479 1.937928e-11
16480 1.937678e-11
16481 1.937429e-11
16482 1.937179e-11
16483 1.936929e-11
16484 1.936680e-11
16485 1.936431e-11
16486 1.936181e-11
16487 1.935932e-11
16488 1.935683e-11
16489 1.935433e-11
16490 1.935184e-11
16491 1.934935e-11
16492 1.934686e-11
16493 1.934437e-11
16494 1.934188e-11
16495 1.933939e-11
16496 1.933690e-11
16497 1.933441e-11
16498 1.933192e-11
16499 1.932943e-11
16500 1.932695e-11
16501 1.932446e-11
16502 1.932197e-11
16503 1.931949e-11
16504 1.931700e-11
16505 1.931452e-11
16506 1.931203e-11
16507 1.930955e-11
16508 1.930707e-11
16509 1.930458e-11
16510 1.930210e-11
16511 1.929962e-11
16512 1.929714e-11
16513 1.929466e-11
16514 1.929217e-11
16515 1.928969e-11
16516 1.928721e-11
16517 1.928474e-11
16518 1.928226e-11
16519 1.927978e-11
16520 1.927730e-11
16521 1.927482e-11
16522 1.927235e-11
16523 1.926987e-11
16524 1.926739e-11
16525 1.926492e-11
16526 1.926244e-11
16527 1.925997e-11
16528 1.925749e-11
16529 1.925502e-11
16530 1.925255e-11
16531 1.925007e-11
16532 1.924760e-11
16533 1.924513e-11
16534 1.924266e-11
16535 1.924019e-11
16536 1.923772e-11
16537 1.923525e-11
16538 1.923278e-11
16539 1.923031e-11
16540 1.922784e-11
16541 1.922537e-11
16542 1.922291e-11
16543 1.922044e-11
16544 1.921797e-11
16545 1.921551e-11
16546 1.921304e-11
16547 1.921057e-11
16548 1.920811e-11
16549 1.920565e-11
16550 1.920318e-11
16551 1.920072e-11
16552 1.919826e-11
16553 1.919579e-11
16554 1.919333e-11
16555 1.919087e-11
16556 1.918841e-11
16557 1.918595e-11
16558 1.918349e-11
16559 1.918103e-11
16560 1.917857e-11
16561 1.917611e-11
16562 1.917365e-11
16563 1.917119e-11
16564 1.916874e-11
16565 1.916628e-11
16566 1.916382e-11
16567 1.916137e-11
16568 1.915891e-11
16569 1.915646e-11
16570 1.915400e-11
16571 1.915155e-11
16572 1.914909e-11
16573 1.914664e-11
16574 1.914419e-11
16575 1.914174e-11
16576 1.913928e-11
16577 1.913683e-11
16578 1.913438e-11
16579 1.913193e-11
16580 1.912948e-11
16581 1.912703e-11
16582 1.912458e-11
16583 1.912213e-11
16584 1.911969e-11
16585 1.911724e-11
16586 1.911479e-11
16587 1.911234e-11
16588 1.910990e-11
16589 1.910745e-11
16590 1.910501e-11
16591 1.910256e-11
16592 1.910012e-11
16593 1.909767e-11
16594 1.909523e-11
16595 1.909279e-11
16596 1.909034e-11
16597 1.908790e-11
16598 1.908546e-11
16599 1.908302e-11
16600 1.908058e-11
16601 1.907814e-11
16602 1.907570e-11
16603 1.907326e-11
16604 1.907082e-11
16605 1.906838e-11
16606 1.906594e-11
16607 1.906351e-11
16608 1.906107e-11
16609 1.905863e-11
16610 1.905620e-11
16611 1.905376e-11
16612 1.905132e-11
16613 1.904889e-11
16614 1.904646e-11
16615 1.904402e-11
16616 1.904159e-11
16617 1.903916e-11
16618 1.903672e-11
16619 1.903429e-11
16620 1.903186e-11
16621 1.902943e-11
16622 1.902700e-11
16623 1.902457e-11
16624 1.902214e-11
16625 1.901971e-11
16626 1.901728e-11
16627 1.901485e-11
16628 1.901242e-11
16629 1.901000e-11
16630 1.900757e-11
16631 1.900514e-11
16632 1.900272e-11
16633 1.900029e-11
16634 1.899786e-11
16635 1.899544e-11
16636 1.899302e-11
16637 1.899059e-11
16638 1.898817e-11
16639 1.898575e-11
16640 1.898332e-11
16641 1.898090e-11
16642 1.897848e-11
16643 1.897606e-11
16644 1.897364e-11
16645 1.897122e-11
16646 1.896880e-11
16647 1.896638e-11
16648 1.896396e-11
16649 1.896154e-11
16650 1.895912e-11
16651 1.895671e-11
16652 1.895429e-11
16653 1.895187e-11
16654 1.894946e-11
16655 1.894704e-11
16656 1.894463e-11
16657 1.894221e-11
16658 1.893980e-11
16659 1.893738e-11
16660 1.893497e-11
16661 1.893256e-11
16662 1.893014e-11
16663 1.892773e-11
16664 1.892532e-11
16665 1.892291e-11
16666 1.892050e-11
16667 1.891809e-11
16668 1.891568e-11
16669 1.891327e-11
16670 1.891086e-11
16671 1.890845e-11
16672 1.890604e-11
16673 1.890364e-11
16674 1.890123e-11
16675 1.889882e-11
16676 1.889642e-11
16677 1.889401e-11
16678 1.889160e-11
16679 1.888920e-11
16680 1.888680e-11
16681 1.888439e-11
16682 1.888199e-11
16683 1.887958e-11
16684 1.887718e-11
16685 1.887478e-11
16686 1.887238e-11
16687 1.886998e-11
16688 1.886758e-11
16689 1.886518e-11
16690 1.886278e-11
16691 1.886038e-11
16692 1.885798e-11
16693 1.885558e-11
16694 1.885318e-11
16695 1.885078e-11
16696 1.884839e-11
16697 1.884599e-11
16698 1.884359e-11
16699 1.884120e-11
16700 1.883880e-11
16701 1.883641e-11
16702 1.883401e-11
16703 1.883162e-11
16704 1.882922e-11
16705 1.882683e-11
16706 1.882444e-11
16707 1.882205e-11
16708 1.881965e-11
16709 1.881726e-11
16710 1.881487e-11
16711 1.881248e-11
16712 1.881009e-11
16713 1.880770e-11
16714 1.880531e-11
16715 1.880292e-11
16716 1.880054e-11
16717 1.879815e-11
16718 1.879576e-11
16719 1.879337e-11
16720 1.879099e-11
16721 1.878860e-11
16722 1.878622e-11
16723 1.878383e-11
16724 1.878145e-11
16725 1.877906e-11
16726 1.877668e-11
16727 1.877429e-11
16728 1.877191e-11
16729 1.876953e-11
16730 1.876715e-11
16731 1.876477e-11
16732 1.876238e-11
16733 1.876000e-11
16734 1.875762e-11
16735 1.875524e-11
16736 1.875286e-11
16737 1.875049e-11
16738 1.874811e-11
16739 1.874573e-11
16740 1.874335e-11
16741 1.874097e-11
16742 1.873860e-11
16743 1.873622e-11
16744 1.873385e-11
16745 1.873147e-11
16746 1.872910e-11
16747 1.872672e-11
16748 1.872435e-11
16749 1.872197e-11
16750 1.871960e-11
16751 1.871723e-11
16752 1.871486e-11
16753 1.871248e-11
16754 1.871011e-11
16755 1.870774e-11
16756 1.870537e-11
16757 1.870300e-11
16758 1.870063e-11
16759 1.869826e-11
16760 1.869589e-11
16761 1.869353e-11
16762 1.869116e-11
16763 1.868879e-11
16764 1.868642e-11
16765 1.868406e-11
16766 1.868169e-11
16767 1.867932e-11
16768 1.867696e-11
16769 1.867459e-11
16770 1.867223e-11
16771 1.866987e-11
16772 1.866750e-11
16773 1.866514e-11
16774 1.866278e-11
16775 1.866042e-11
16776 1.865805e-11
16777 1.865569e-11
16778 1.865333e-11
16779 1.865097e-11
16780 1.864861e-11
16781 1.864625e-11
16782 1.864389e-11
16783 1.864153e-11
16784 1.863918e-11
16785 1.863682e-11
16786 1.863446e-11
16787 1.863210e-11
16788 1.862975e-11
16789 1.862739e-11
16790 1.862504e-11
16791 1.862268e-11
16792 1.862033e-11
16793 1.861797e-11
16794 1.861562e-11
16795 1.861327e-11
16796 1.861091e-11
16797 1.860856e-11
16798 1.860621e-11
16799 1.860386e-11
16800 1.860151e-11
16801 1.859915e-11
16802 1.859680e-11
16803 1.859445e-11
16804 1.859211e-11
16805 1.858976e-11
16806 1.858741e-11
16807 1.858506e-11
16808 1.858271e-11
16809 1.858036e-11
16810 1.857802e-11
16811 1.857567e-11
16812 1.857333e-11
16813 1.857098e-11
16814 1.856863e-11
16815 1.856629e-11
16816 1.856395e-11
16817 1.856160e-11
16818 1.855926e-11
16819 1.855692e-11
16820 1.855457e-11
16821 1.855223e-11
16822 1.854989e-11
16823 1.854755e-11
16824 1.854521e-11
16825 1.854287e-11
16826 1.854053e-11
16827 1.853819e-11
16828 1.853585e-11
16829 1.853351e-11
16830 1.853117e-11
16831 1.852884e-11
16832 1.852650e-11
16833 1.852416e-11
16834 1.852183e-11
16835 1.851949e-11
16836 1.851715e-11
16837 1.851482e-11
16838 1.851248e-11
16839 1.851015e-11
16840 1.850782e-11
16841 1.850548e-11
16842 1.850315e-11
16843 1.850082e-11
16844 1.849849e-11
16845 1.849615e-11
16846 1.849382e-11
16847 1.849149e-11
16848 1.848916e-11
16849 1.848683e-11
16850 1.848450e-11
16851 1.848217e-11
16852 1.847985e-11
16853 1.847752e-11
16854 1.847519e-11
16855 1.847286e-11
16856 1.847054e-11
16857 1.846821e-11
16858 1.846588e-11
16859 1.846356e-11
16860 1.846123e-11
16861 1.845891e-11
16862 1.845658e-11
16863 1.845426e-11
16864 1.845194e-11
16865 1.844961e-11
16866 1.844729e-11
16867 1.844497e-11
16868 1.844265e-11
16869 1.844033e-11
16870 1.843800e-11
16871 1.843568e-11
16872 1.843336e-11
16873 1.843104e-11
16874 1.842873e-11
16875 1.842641e-11
16876 1.842409e-11
16877 1.842177e-11
16878 1.841945e-11
16879 1.841714e-11
16880 1.841482e-11
16881 1.841250e-11
16882 1.841019e-11
16883 1.840787e-11
16884 1.840556e-11
16885 1.840324e-11
16886 1.840093e-11
16887 1.839862e-11
16888 1.839630e-11
16889 1.839399e-11
16890 1.839168e-11
16891 1.838937e-11
16892 1.838706e-11
16893 1.838474e-11
16894 1.838243e-11
16895 1.838012e-11
16896 1.837781e-11
16897 1.837550e-11
16898 1.837320e-11
16899 1.837089e-11
16900 1.836858e-11
16901 1.836627e-11
16902 1.836396e-11
16903 1.836166e-11
16904 1.835935e-11
16905 1.835705e-11
16906 1.835474e-11
16907 1.835244e-11
16908 1.835013e-11
16909 1.834783e-11
16910 1.834552e-11
16911 1.834322e-11
16912 1.834092e-11
16913 1.833861e-11
16914 1.833631e-11
16915 1.833401e-11
16916 1.833171e-11
16917 1.832941e-11
16918 1.832711e-11
16919 1.832481e-11
16920 1.832251e-11
16921 1.832021e-11
16922 1.831791e-11
16923 1.831561e-11
16924 1.831332e-11
16925 1.831102e-11
16926 1.830872e-11
16927 1.830643e-11
16928 1.830413e-11
16929 1.830183e-11
16930 1.829954e-11
16931 1.829724e-11
16932 1.829495e-11
16933 1.829266e-11
16934 1.829036e-11
16935 1.828807e-11
16936 1.828578e-11
16937 1.828348e-11
16938 1.828119e-11
16939 1.827890e-11
16940 1.827661e-11
16941 1.827432e-11
16942 1.827203e-11
16943 1.826974e-11
16944 1.826745e-11
16945 1.826516e-11
16946 1.826287e-11
16947 1.826058e-11
16948 1.825830e-11
16949 1.825601e-11
16950 1.825372e-11
16951 1.825144e-11
16952 1.824915e-11
16953 1.824686e-11
16954 1.824458e-11
16955 1.824229e-11
16956 1.824001e-11
16957 1.823773e-11
16958 1.823544e-11
16959 1.823316e-11
16960 1.823088e-11
16961 1.822860e-11
16962 1.822631e-11
16963 1.822403e-11
16964 1.822175e-11
16965 1.821947e-11
16966 1.821719e-11
16967 1.821491e-11
16968 1.821263e-11
16969 1.821035e-11
16970 1.820808e-11
16971 1.820580e-11
16972 1.820352e-11
16973 1.820124e-11
16974 1.819897e-11
16975 1.819669e-11
16976 1.819441e-11
16977 1.819214e-11
16978 1.818986e-11
16979 1.818759e-11
16980 1.818531e-11
16981 1.818304e-11
16982 1.818077e-11
16983 1.817849e-11
16984 1.817622e-11
16985 1.817395e-11
16986 1.817168e-11
16987 1.816941e-11
16988 1.816714e-11
16989 1.816487e-11
16990 1.816260e-11
16991 1.816033e-11
16992 1.815806e-11
16993 1.815579e-11
16994 1.815352e-11
16995 1.815125e-11
16996 1.814898e-11
16997 1.814672e-11
16998 1.814445e-11
16999 1.814218e-11
17000 1.813992e-11
17001 1.813765e-11
17002 1.813539e-11
17003 1.813312e-11
17004 1.813086e-11
17005 1.812860e-11
17006 1.812633e-11
17007 1.812407e-11
17008 1.812181e-11
17009 1.811955e-11
17010 1.811728e-11
17011 1.811502e-11
17012 1.811276e-11
17013 1.811050e-11
17014 1.810824e-11
17015 1.810598e-11
17016 1.810372e-11
17017 1.810146e-11
17018 1.809920e-11
17019 1.809695e-11
17020 1.809469e-11
17021 1.809243e-11
17022 1.809018e-11
17023 1.808792e-11
17024 1.808566e-11
17025 1.808341e-11
17026 1.808115e-11
17027 1.807890e-11
17028 1.807664e-11
17029 1.807439e-11
17030 1.807214e-11
17031 1.806988e-11
17032 1.806763e-11
17033 1.806538e-11
17034 1.806313e-11
17035 1.806088e-11
17036 1.805863e-11
17037 1.805637e-11
17038 1.805412e-11
17039 1.805188e-11
17040 1.804963e-11
17041 1.804738e-11
17042 1.804513e-11
17043 1.804288e-11
17044 1.804063e-11
17045 1.803839e-11
17046 1.803614e-11
17047 1.803389e-11
17048 1.803165e-11
17049 1.802940e-11
17050 1.802716e-11
17051 1.802491e-11
17052 1.802267e-11
17053 1.802042e-11
17054 1.801818e-11
17055 1.801594e-11
17056 1.801369e-11
17057 1.801145e-11
17058 1.800921e-11
17059 1.800697e-11
17060 1.800473e-11
17061 1.800249e-11
17062 1.800025e-11
17063 1.799801e-11
17064 1.799577e-11
17065 1.799353e-11
17066 1.799129e-11
17067 1.798905e-11
17068 1.798681e-11
17069 1.798458e-11
17070 1.798234e-11
17071 1.798010e-11
17072 1.797787e-11
17073 1.797563e-11
17074 1.797340e-11
17075 1.797116e-11
17076 1.796893e-11
17077 1.796669e-11
17078 1.796446e-11
17079 1.796223e-11
17080 1.795999e-11
17081 1.795776e-11
17082 1.795553e-11
17083 1.795330e-11
17084 1.795106e-11
17085 1.794883e-11
17086 1.794660e-11
17087 1.794437e-11
17088 1.794214e-11
17089 1.793992e-11
17090 1.793769e-11
17091 1.793546e-11
17092 1.793323e-11
17093 1.793100e-11
17094 1.792878e-11
17095 1.792655e-11
17096 1.792432e-11
17097 1.792210e-11
17098 1.791987e-11
17099 1.791765e-11
17100 1.791542e-11
17101 1.791320e-11
17102 1.791097e-11
17103 1.790875e-11
17104 1.790653e-11
17105 1.790430e-11
17106 1.790208e-11
17107 1.789986e-11
17108 1.789764e-11
17109 1.789542e-11
17110 1.789320e-11
17111 1.789098e-11
17112 1.788876e-11
17113 1.788654e-11
17114 1.788432e-11
17115 1.788210e-11
17116 1.787988e-11
17117 1.787766e-11
17118 1.787545e-11
17119 1.787323e-11
17120 1.787101e-11
17121 1.786880e-11
17122 1.786658e-11
17123 1.786436e-11
17124 1.786215e-11
17125 1.785994e-11
17126 1.785772e-11
17127 1.785551e-11
17128 1.785329e-11
17129 1.785108e-11
17130 1.784887e-11
17131 1.784666e-11
17132 1.784444e-11
17133 1.784223e-11
17134 1.784002e-11
17135 1.783781e-11
17136 1.783560e-11
17137 1.783339e-11
17138 1.783118e-11
17139 1.782897e-11
17140 1.782676e-11
17141 1.782456e-11
17142 1.782235e-11
17143 1.782014e-11
17144 1.781793e-11
17145 1.781573e-11
17146 1.781352e-11
17147 1.781132e-11
17148 1.780911e-11
17149 1.780691e-11
17150 1.780470e-11
17151 1.780250e-11
17152 1.780029e-11
17153 1.779809e-11
17154 1.779589e-11
17155 1.779369e-11
17156 1.779148e-11
17157 1.778928e-11
17158 1.778708e-11
17159 1.778488e-11
17160 1.778268e-11
17161 1.778048e-11
17162 1.777828e-11
17163 1.777608e-11
17164 1.777388e-11
17165 1.777168e-11
17166 1.776948e-11
17167 1.776729e-11
17168 1.776509e-11
17169 1.776289e-11
17170 1.776070e-11
17171 1.775850e-11
17172 1.775630e-11
17173 1.775411e-11
17174 1.775191e-11
17175 1.774972e-11
17176 1.774753e-11
17177 1.774533e-11
17178 1.774314e-11
17179 1.774095e-11
17180 1.773875e-11
17181 1.773656e-11
17182 1.773437e-11
17183 1.773218e-11
17184 1.772999e-11
17185 1.772780e-11
17186 1.772561e-11
17187 1.772342e-11
17188 1.772123e-11
17189 1.771904e-11
17190 1.771685e-11
17191 1.771466e-11
17192 1.771247e-11
17193 1.771029e-11
17194 1.770810e-11
17195 1.770591e-11
17196 1.770373e-11
17197 1.770154e-11
17198 1.769936e-11
17199 1.769717e-11
17200 1.769499e-11
17201 1.769280e-11
17202 1.769062e-11
17203 1.768843e-11
17204 1.768625e-11
17205 1.768407e-11
17206 1.768189e-11
17207 1.767971e-11
17208 1.767752e-11
17209 1.767534e-11
17210 1.767316e-11
17211 1.767098e-11
17212 1.766880e-11
17213 1.766662e-11
17214 1.766444e-11
17215 1.766227e-11
17216 1.766009e-11
17217 1.765791e-11
17218 1.765573e-11
17219 1.765355e-11
17220 1.765138e-11
17221 1.764920e-11
17222 1.764703e-11
17223 1.764485e-11
17224 1.764268e-11
17225 1.764050e-11
17226 1.763833e-11
17227 1.763615e-11
17228 1.763398e-11
17229 1.763181e-11
17230 1.762963e-11
17231 1.762746e-11
17232 1.762529e-11
17233 1.762312e-11
17234 1.762095e-11
17235 1.761878e-11
17236 1.761661e-11
17237 1.761444e-11
17238 1.761227e-11
17239 1.761010e-11
17240 1.760793e-11
17241 1.760576e-11
17242 1.760359e-11
17243 1.760142e-11
17244 1.759926e-11
17245 1.759709e-11
17246 1.759492e-11
17247 1.759276e-11
17248 1.759059e-11
17249 1.758843e-11
17250 1.758626e-11
17251 1.758410e-11
17252 1.758193e-11
17253 1.757977e-11
17254 1.757761e-11
17255 1.757544e-11
17256 1.757328e-11
17257 1.757112e-11
17258 1.756896e-11
17259 1.756680e-11
17260 1.756464e-11
17261 1.756247e-11
17262 1.756031e-11
17263 1.755815e-11
17264 1.755600e-11
17265 1.755384e-11
17266 1.755168e-11
17267 1.754952e-11
17268 1.754736e-11
17269 1.754520e-11
17270 1.754305e-11
17271 1.754089e-11
17272 1.753873e-11
17273 1.753658e-11
17274 1.753442e-11
17275 1.753227e-11
17276 1.753011e-11
17277 1.752796e-11
17278 1.752581e-11
17279 1.752365e-11
17280 1.752150e-11
17281 1.751935e-11
17282 1.751719e-11
17283 1.751504e-11
17284 1.751289e-11
17285 1.751074e-11
17286 1.750859e-11
17287 1.750644e-11
17288 1.750429e-11
17289 1.750214e-11
17290 1.749999e-11
17291 1.749784e-11
17292 1.749569e-11
17293 1.749354e-11
17294 1.749140e-11
17295 1.748925e-11
17296 1.748710e-11
17297 1.748496e-11
17298 1.748281e-11
17299 1.748066e-11
17300 1.747852e-11
17301 1.747637e-11
17302 1.747423e-11
17303 1.747208e-11
17304 1.746994e-11
17305 1.746780e-11
17306 1.746565e-11
17307 1.746351e-11
17308 1.746137e-11
17309 1.745923e-11
17310 1.745709e-11
17311 1.745494e-11
17312 1.745280e-11
17313 1.745066e-11
17314 1.744852e-11
17315 1.744638e-11
17316 1.744425e-11
17317 1.744211e-11
17318 1.743997e-11
17319 1.743783e-11
17320 1.743569e-11
17321 1.743356e-11
17322 1.743142e-11
17323 1.742928e-11
17324 1.742715e-11
17325 1.742501e-11
17326 1.742287e-11
17327 1.742074e-11
17328 1.741861e-11
17329 1.741647e-11
17330 1.741434e-11
17331 1.741220e-11
17332 1.741007e-11
17333 1.740794e-11
17334 1.740581e-11
17335 1.740367e-11
17336 1.740154e-11
17337 1.739941e-11
17338 1.739728e-11
17339 1.739515e-11
17340 1.739302e-11
17341 1.739089e-11
17342 1.738876e-11
17343 1.738663e-11
17344 1.738450e-11
17345 1.738238e-11
17346 1.738025e-11
17347 1.737812e-11
17348 1.737599e-11
17349 1.737387e-11
17350 1.737174e-11
17351 1.736962e-11
17352 1.736749e-11
17353 1.736537e-11
17354 1.736324e-11
17355 1.736112e-11
17356 1.735899e-11
17357 1.735687e-11
17358 1.735475e-11
17359 1.735262e-11
17360 1.735050e-11
17361 1.734838e-11
17362 1.734626e-11
17363 1.734414e-11
17364 1.734202e-11
17365 1.733990e-11
17366 1.733778e-11
17367 1.733566e-11
17368 1.733354e-11
17369 1.733142e-11
17370 1.732930e-11
17371 1.732718e-11
17372 1.732506e-11
17373 1.732295e-11
17374 1.732083e-11
17375 1.731871e-11
17376 1.731660e-11
17377 1.731448e-11
17378 1.731237e-11
17379 1.731025e-11
17380 1.730814e-11
17381 1.730602e-11
17382 1.730391e-11
17383 1.730179e-11
17384 1.729968e-11
17385 1.729757e-11
17386 1.729546e-11
17387 1.729334e-11
17388 1.729123e-11
17389 1.728912e-11
17390 1.728701e-11
17391 1.728490e-11
17392 1.728279e-11
17393 1.728068e-11
17394 1.727857e-11
17395 1.727646e-11
17396 1.727435e-11
17397 1.727225e-11
17398 1.727014e-11
17399 1.726803e-11
17400 1.726592e-11
17401 1.726382e-11
17402 1.726171e-11
17403 1.725960e-11
17404 1.725750e-11
17405 1.725539e-11
17406 1.725329e-11
17407 1.725118e-11
17408 1.724908e-11
17409 1.724698e-11
17410 1.724487e-11
17411 1.724277e-11
17412 1.724067e-11
17413 1.723857e-11
17414 1.723646e-11
17415 1.723436e-11
17416 1.723226e-11
17417 1.723016e-11
17418 1.722806e-11
17419 1.722596e-11
17420 1.722386e-11
17421 1.722176e-11
17422 1.721966e-11
17423 1.721756e-11
17424 1.721547e-11
17425 1.721337e-11
17426 1.721127e-11
17427 1.720917e-11
17428 1.720708e-11
17429 1.720498e-11
17430 1.720289e-11
17431 1.720079e-11
17432 1.719870e-11
17433 1.719660e-11
17434 1.719451e-11
17435 1.719241e-11
17436 1.719032e-11
17437 1.718823e-11
17438 1.718613e-11
17439 1.718404e-11
17440 1.718195e-11
17441 1.717986e-11
17442 1.717777e-11
17443 1.717568e-11
17444 1.717358e-11
17445 1.717149e-11
17446 1.716940e-11
17447 1.716732e-11
17448 1.716523e-11
17449 1.716314e-11
17450 1.716105e-11
17451 1.715896e-11
17452 1.715687e-11
17453 1.715479e-11
17454 1.715270e-11
17455 1.715061e-11
17456 1.714853e-11
17457 1.714644e-11
17458 1.714436e-11
17459 1.714227e-11
17460 1.714019e-11
17461 1.713810e-11
17462 1.713602e-11
17463 1.713394e-11
17464 1.713185e-11
17465 1.712977e-11
17466 1.712769e-11
17467 1.712561e-11
17468 1.712352e-11
17469 1.712144e-11
17470 1.711936e-11
17471 1.711728e-11
17472 1.711520e-11
17473 1.711312e-11
17474 1.711104e-11
17475 1.710896e-11
17476 1.710689e-11
17477 1.710481e-11
17478 1.710273e-11
17479 1.710065e-11
17480 1.709857e-11
17481 1.709650e-11
17482 1.709442e-11
17483 1.709235e-11
17484 1.709027e-11
17485 1.708819e-11
17486 1.708612e-11
17487 1.708405e-11
17488 1.708197e-11
17489 1.707990e-11
17490 1.707782e-11
17491 1.707575e-11
17492 1.707368e-11
17493 1.707161e-11
17494 1.706953e-11
17495 1.706746e-11
17496 1.706539e-11
17497 1.706332e-11
17498 1.706125e-11
17499 1.705918e-11
17500 1.705711e-11
17501 1.705504e-11
17502 1.705297e-11
17503 1.705090e-11
17504 1.704883e-11
17505 1.704677e-11
17506 1.704470e-11
17507 1.704263e-11
17508 1.704057e-11
17509 1.703850e-11
17510 1.703643e-11
17511 1.703437e-11
17512 1.703230e-11
17513 1.703024e-11
17514 1.702817e-11
17515 1.702611e-11
17516 1.702405e-11
17517 1.702198e-11
17518 1.701992e-11
17519 1.701786e-11
17520 1.701579e-11
17521 1.701373e-11
17522 1.701167e-11
17523 1.700961e-11
17524 1.700755e-11
17525 1.700549e-11
17526 1.700343e-11
17527 1.700137e-11
17528 1.699931e-11
17529 1.699725e-11
17530 1.699519e-11
17531 1.699313e-11
17532 1.699107e-11
17533 1.698902e-11
17534 1.698696e-11
17535 1.698490e-11
17536 1.698285e-11
17537 1.698079e-11
17538 1.697873e-11
17539 1.697668e-11
17540 1.697462e-11
17541 1.697257e-11
17542 1.697052e-11
17543 1.696846e-11
17544 1.696641e-11
17545 1.696435e-11
17546 1.696230e-11
17547 1.696025e-11
17548 1.695820e-11
17549 1.695615e-11
17550 1.695409e-11
17551 1.695204e-11
17552 1.694999e-11
17553 1.694794e-11
17554 1.694589e-11
17555 1.694384e-11
17556 1.694179e-11
17557 1.693974e-11
17558 1.693770e-11
17559 1.693565e-11
17560 1.693360e-11
17561 1.693155e-11
17562 1.692951e-11
17563 1.692746e-11
17564 1.692541e-11
17565 1.692337e-11
17566 1.692132e-11
17567 1.691928e-11
17568 1.691723e-11
17569 1.691519e-11
17570 1.691314e-11
17571 1.691110e-11
17572 1.690906e-11
17573 1.690701e-11
17574 1.690497e-11
17575 1.690293e-11
17576 1.690089e-11
17577 1.689885e-11
17578 1.689680e-11
17579 1.689476e-11
17580 1.689272e-11
17581 1.689068e-11
17582 1.688864e-11
17583 1.688660e-11
17584 1.688457e-11
17585 1.688253e-11
17586 1.688049e-11
17587 1.687845e-11
17588 1.687641e-11
17589 1.687438e-11
17590 1.687234e-11
17591 1.687030e-11
17592 1.686827e-11
17593 1.686623e-11
17594 1.686420e-11
17595 1.686216e-11
17596 1.686013e-11
17597 1.685809e-11
17598 1.685606e-11
17599 1.685402e-11
17600 1.685199e-11
17601 1.684996e-11
17602 1.684793e-11
17603 1.684589e-11
17604 1.684386e-11
17605 1.684183e-11
17606 1.683980e-11
17607 1.683777e-11
17608 1.683574e-11
17609 1.683371e-11
17610 1.683168e-11
17611 1.682965e-11
17612 1.682762e-11
17613 1.682559e-11
17614 1.682356e-11
17615 1.682154e-11
17616 1.681951e-11
17617 1.681748e-11
17618 1.681545e-11
17619 1.681343e-11
17620 1.681140e-11
17621 1.680938e-11
17622 1.680735e-11
17623 1.680533e-11
17624 1.680330e-11
17625 1.680128e-11
17626 1.679925e-11
17627 1.679723e-11
17628 1.679521e-11
17629 1.679318e-11
17630 1.679115e-11
17631 1.678910e-11
17632 1.678706e-11
17633 1.678502e-11
17634 1.678298e-11
17635 1.678094e-11
17636 1.677890e-11
17637 1.677686e-11
17638 1.677482e-11
17639 1.677278e-11
17640 1.677074e-11
17641 1.676871e-11
17642 1.676667e-11
17643 1.676463e-11
17644 1.676259e-11
17645 1.676056e-11
17646 1.675852e-11
17647 1.675649e-11
17648 1.675445e-11
17649 1.675242e-11
17650 1.675038e-11
17651 1.674835e-11
17652 1.674631e-11
17653 1.674428e-11
17654 1.674224e-11
17655 1.674021e-11
17656 1.673818e-11
17657 1.673615e-11
17658 1.673411e-11
17659 1.673208e-11
17660 1.673005e-11
17661 1.672802e-11
17662 1.672599e-11
17663 1.672396e-11
17664 1.672193e-11
17665 1.671990e-11
17666 1.671787e-11
17667 1.671584e-11
17668 1.671382e-11
17669 1.671179e-11
17670 1.670976e-11
17671 1.670773e-11
17672 1.670571e-11
17673 1.670368e-11
17674 1.670165e-11
17675 1.669963e-11
17676 1.669760e-11
17677 1.669558e-11
17678 1.669355e-11
17679 1.669153e-11
17680 1.668950e-11
17681 1.668748e-11
17682 1.668546e-11
17683 1.668343e-11
17684 1.668141e-11
17685 1.667939e-11
17686 1.667737e-11
17687 1.667535e-11
17688 1.667333e-11
17689 1.667130e-11
17690 1.666928e-11
17691 1.666726e-11
17692 1.666524e-11
17693 1.666323e-11
17694 1.666121e-11
17695 1.665919e-11
17696 1.665717e-11
17697 1.665515e-11
17698 1.665313e-11
17699 1.665112e-11
17700 1.664910e-11
17701 1.664708e-11
17702 1.664507e-11
17703 1.664305e-11
17704 1.664104e-11
17705 1.663902e-11
17706 1.663701e-11
17707 1.663499e-11
17708 1.663298e-11
17709 1.663097e-11
17710 1.662895e-11
17711 1.662694e-11
17712 1.662493e-11
17713 1.662291e-11
17714 1.662090e-11
17715 1.661889e-11
17716 1.661688e-11
17717 1.661487e-11
17718 1.661286e-11
17719 1.661085e-11
17720 1.660884e-11
17721 1.660683e-11
17722 1.660482e-11
17723 1.660281e-11
17724 1.660080e-11
17725 1.659880e-11
17726 1.659679e-11
17727 1.659478e-11
17728 1.659278e-11
17729 1.659077e-11
17730 1.658876e-11
17731 1.658676e-11
17732 1.658475e-11
17733 1.658275e-11
17734 1.658074e-11
17735 1.657874e-11
17736 1.657673e-11
17737 1.657473e-11
17738 1.657273e-11
17739 1.657072e-11
17740 1.656872e-11
17741 1.656672e-11
17742 1.656472e-11
17743 1.656272e-11
17744 1.656071e-11
17745 1.655871e-11
17746 1.655671e-11
17747 1.655471e-11
17748 1.655271e-11
17749 1.655071e-11
17750 1.654872e-11
17751 1.654672e-11
17752 1.654472e-11
17753 1.654272e-11
17754 1.654072e-11
17755 1.653873e-11
17756 1.653673e-11
17757 1.653473e-11
17758 1.653274e-11
17759 1.653074e-11
17760 1.652875e-11
17761 1.652675e-11
17762 1.652476e-11
17763 1.652276e-11
17764 1.652077e-11
17765 1.651877e-11
17766 1.651678e-11
17767 1.651479e-11
17768 1.651279e-11
17769 1.651080e-11
17770 1.650881e-11
17771 1.650682e-11
17772 1.650483e-11
17773 1.650284e-11
17774 1.650085e-11
17775 1.649886e-11
17776 1.649687e-11
17777 1.649488e-11
17778 1.649289e-11
17779 1.649090e-11
17780 1.648891e-11
17781 1.648692e-11
17782 1.648493e-11
17783 1.648295e-11
17784 1.648096e-11
17785 1.647897e-11
17786 1.647699e-11
17787 1.647500e-11
17788 1.647302e-11
17789 1.647103e-11
17790 1.646905e-11
17791 1.646706e-11
17792 1.646508e-11
17793 1.646309e-11
17794 1.646111e-11
17795 1.645913e-11
17796 1.645714e-11
17797 1.645516e-11
17798 1.645318e-11
17799 1.645120e-11
17800 1.644922e-11
17801 1.644723e-11
17802 1.644525e-11
17803 1.644327e-11
17804 1.644129e-11
17805 1.643931e-11
17806 1.643733e-11
17807 1.643536e-11
17808 1.643338e-11
17809 1.643140e-11
17810 1.642942e-11
17811 1.642744e-11
17812 1.642547e-11
17813 1.642349e-11
17814 1.642151e-11
17815 1.641954e-11
17816 1.641756e-11
17817 1.641559e-11
17818 1.641361e-11
17819 1.641164e-11
17820 1.640966e-11
17821 1.640769e-11
17822 1.640571e-11
17823 1.640374e-11
17824 1.640177e-11
17825 1.639979e-11
17826 1.639782e-11
17827 1.639585e-11
17828 1.639388e-11
17829 1.639191e-11
17830 1.638994e-11
17831 1.638797e-11
17832 1.638600e-11
17833 1.638403e-11
17834 1.638206e-11
17835 1.638009e-11
17836 1.637812e-11
17837 1.637615e-11
17838 1.637418e-11
17839 1.637221e-11
17840 1.637025e-11
17841 1.636828e-11
17842 1.636631e-11
17843 1.636435e-11
17844 1.636238e-11
17845 1.636041e-11
17846 1.635845e-11
17847 1.635648e-11
17848 1.635452e-11
17849 1.635256e-11
17850 1.635059e-11
17851 1.634863e-11
17852 1.634666e-11
17853 1.634470e-11
17854 1.634274e-11
17855 1.634078e-11
17856 1.633881e-11
17857 1.633685e-11
17858 1.633489e-11
17859 1.633293e-11
17860 1.633097e-11
17861 1.632901e-11
17862 1.632705e-11
17863 1.632509e-11
17864 1.632313e-11
17865 1.632117e-11
17866 1.631921e-11
17867 1.631726e-11
17868 1.631530e-11
17869 1.631334e-11
17870 1.631138e-11
17871 1.630943e-11
17872 1.630747e-11
17873 1.630551e-11
17874 1.630356e-11
17875 1.630160e-11
17876 1.629965e-11
17877 1.629769e-11
17878 1.629574e-11
17879 1.629379e-11
17880 1.629183e-11
17881 1.628988e-11
17882 1.628793e-11
17883 1.628597e-11
17884 1.628402e-11
17885 1.628207e-11
17886 1.628012e-11
17887 1.627817e-11
17888 1.627622e-11
17889 1.627426e-11
17890 1.627231e-11
17891 1.627036e-11
17892 1.626841e-11
17893 1.626647e-11
17894 1.626452e-11
17895 1.626257e-11
17896 1.626062e-11
17897 1.625867e-11
17898 1.625672e-11
17899 1.625478e-11
17900 1.625283e-11
17901 1.625088e-11
17902 1.624894e-11
17903 1.624699e-11
17904 1.624505e-11
17905 1.624310e-11
17906 1.624116e-11
17907 1.623921e-11
17908 1.623727e-11
17909 1.623533e-11
17910 1.623338e-11
17911 1.623144e-11
17912 1.622950e-11
17913 1.622755e-11
17914 1.622561e-11
17915 1.622367e-11
17916 1.622173e-11
17917 1.621979e-11
17918 1.621785e-11
17919 1.621591e-11
17920 1.621397e-11
17921 1.621203e-11
17922 1.621009e-11
17923 1.620815e-11
17924 1.620621e-11
17925 1.620427e-11
17926 1.620233e-11
17927 1.620040e-11
17928 1.619846e-11
17929 1.619652e-11
17930 1.619459e-11
17931 1.619265e-11
17932 1.619071e-11
17933 1.618878e-11
17934 1.618684e-11
17935 1.618491e-11
17936 1.618297e-11
17937 1.618104e-11
17938 1.617911e-11
17939 1.617717e-11
17940 1.617524e-11
17941 1.617331e-11
17942 1.617137e-11
17943 1.616944e-11
17944 1.616751e-11
17945 1.616558e-11
17946 1.616365e-11
17947 1.616172e-11
17948 1.615979e-11
17949 1.615786e-11
17950 1.615593e-11
17951 1.615400e-11
17952 1.615207e-11
17953 1.615014e-11
17954 1.614821e-11
17955 1.614628e-11
17956 1.614435e-11
17957 1.614243e-11
17958 1.614050e-11
17959 1.613857e-11
17960 1.613665e-11
17961 1.613472e-11
17962 1.613279e-11
17963 1.613087e-11
17964 1.612894e-11
17965 1.612702e-11
17966 1.612509e-11
17967 1.612317e-11
17968 1.612125e-11
17969 1.611932e-11
17970 1.611740e-11
17971 1.611548e-11
17972 1.611356e-11
17973 1.611163e-11
17974 1.610971e-11
17975 1.610779e-11
17976 1.610587e-11
17977 1.610395e-11
17978 1.610203e-11
17979 1.610011e-11
17980 1.609819e-11
17981 1.609627e-11
17982 1.609435e-11
17983 1.609243e-11
17984 1.609051e-11
17985 1.608860e-11
17986 1.608668e-11
17987 1.608476e-11
17988 1.608284e-11
17989 1.608093e-11
17990 1.607901e-11
17991 1.607709e-11
17992 1.607518e-11
17993 1.607326e-11
17994 1.607135e-11
17995 1.606943e-11
17996 1.606752e-11
17997 1.606561e-11
17998 1.606369e-11
17999 1.606178e-11
18000 1.605987e-11
18001 1.605795e-11
18002 1.605604e-11
18003 1.605413e-11
18004 1.605222e-11
18005 1.605031e-11
18006 1.604839e-11
18007 1.604648e-11
18008 1.604457e-11
18009 1.604266e-11
18010 1.604075e-11
18011 1.603884e-11
18012 1.603694e-11
18013 1.603503e-11
18014 1.603312e-11
18015 1.603121e-11
18016 1.602930e-11
18017 1.602740e-11
18018 1.602549e-11
18019 1.602358e-11
18020 1.602168e-11
18021 1.601977e-11
18022 1.601786e-11
18023 1.601596e-11
18024 1.601405e-11
18025 1.601215e-11
18026 1.601024e-11
18027 1.600834e-11
18028 1.600644e-11
18029 1.600453e-11
18030 1.600263e-11
18031 1.600073e-11
18032 1.599883e-11
18033 1.599692e-11
18034 1.599502e-11
18035 1.599312e-11
18036 1.599122e-11
18037 1.598932e-11
18038 1.598742e-11
18039 1.598552e-11
18040 1.598362e-11
18041 1.598172e-11
18042 1.597982e-11
18043 1.597792e-11
18044 1.597602e-11
18045 1.597413e-11
18046 1.597223e-11
18047 1.597033e-11
18048 1.596843e-11
18049 1.596654e-11
18050 1.596464e-11
18051 1.596274e-11
18052 1.596085e-11
18053 1.595895e-11
18054 1.595706e-11
18055 1.595516e-11
18056 1.595327e-11
18057 1.595137e-11
18058 1.594948e-11
18059 1.594759e-11
18060 1.594569e-11
18061 1.594380e-11
18062 1.594191e-11
18063 1.594002e-11
18064 1.593813e-11
18065 1.593623e-11
18066 1.593434e-11
18067 1.593245e-11
18068 1.593056e-11
18069 1.592867e-11
18070 1.592678e-11
18071 1.592489e-11
18072 1.592300e-11
18073 1.592111e-11
18074 1.591923e-11
18075 1.591734e-11
18076 1.591545e-11
18077 1.591356e-11
18078 1.591168e-11
18079 1.590979e-11
18080 1.590790e-11
18081 1.590602e-11
18082 1.590413e-11
18083 1.590224e-11
18084 1.590036e-11
18085 1.589847e-11
18086 1.589659e-11
18087 1.589471e-11
18088 1.589282e-11
18089 1.589094e-11
18090 1.588906e-11
18091 1.588717e-11
18092 1.588529e-11
18093 1.588341e-11
18094 1.588153e-11
18095 1.587964e-11
18096 1.587776e-11
18097 1.587588e-11
18098 1.587400e-11
18099 1.587212e-11
18100 1.587024e-11
18101 1.586836e-11
18102 1.586648e-11
18103 1.586460e-11
18104 1.586272e-11
18105 1.586085e-11
18106 1.585897e-11
18107 1.585709e-11
18108 1.585521e-11
18109 1.585334e-11
18110 1.585146e-11
18111 1.584958e-11
18112 1.584771e-11
18113 1.584583e-11
18114 1.584396e-11
18115 1.584208e-11
18116 1.584021e-11
18117 1.583833e-11
18118 1.583646e-11
18119 1.583458e-11
18120 1.583271e-11
18121 1.583084e-11
18122 1.582896e-11
18123 1.582709e-11
18124 1.582522e-11
18125 1.582335e-11
18126 1.582148e-11
18127 1.581961e-11
18128 1.581773e-11
18129 1.581586e-11
18130 1.581399e-11
18131 1.581212e-11
18132 1.581025e-11
18133 1.580839e-11
18134 1.580652e-11
18135 1.580465e-11
18136 1.580278e-11
18137 1.580091e-11
18138 1.579904e-11
18139 1.579718e-11
18140 1.579531e-11
18141 1.579344e-11
18142 1.579158e-11
18143 1.578971e-11
18144 1.578784e-11
18145 1.578598e-11
18146 1.578411e-11
18147 1.578225e-11
18148 1.578039e-11
18149 1.577852e-11
18150 1.577666e-11
18151 1.577479e-11
18152 1.577293e-11
18153 1.577107e-11
18154 1.576921e-11
18155 1.576734e-11
18156 1.576548e-11
18157 1.576362e-11
18158 1.576176e-11
18159 1.575990e-11
18160 1.575804e-11
18161 1.575618e-11
18162 1.575432e-11
18163 1.575246e-11
18164 1.575060e-11
18165 1.574874e-11
18166 1.574688e-11
18167 1.574502e-11
18168 1.574317e-11
18169 1.574131e-11
18170 1.573945e-11
18171 1.573759e-11
18172 1.573574e-11
18173 1.573388e-11
18174 1.573203e-11
18175 1.573017e-11
18176 1.572831e-11
18177 1.572646e-11
18178 1.572460e-11
18179 1.572275e-11
18180 1.572090e-11
18181 1.571904e-11
18182 1.571719e-11
18183 1.571534e-11
18184 1.571348e-11
18185 1.571163e-11
18186 1.570978e-11
18187 1.570793e-11
18188 1.570607e-11
18189 1.570422e-11
18190 1.570237e-11
18191 1.570052e-11
18192 1.569867e-11
18193 1.569682e-11
18194 1.569497e-11
18195 1.569312e-11
18196 1.569127e-11
18197 1.568943e-11
18198 1.568758e-11
18199 1.568573e-11
18200 1.568388e-11
18201 1.568203e-11
18202 1.568019e-11
18203 1.567834e-11
18204 1.567649e-11
18205 1.567465e-11
18206 1.567280e-11
18207 1.567096e-11
18208 1.566911e-11
18209 1.566727e-11
18210 1.566542e-11
18211 1.566358e-11
18212 1.566173e-11
18213 1.565989e-11
18214 1.565805e-11
18215 1.565620e-11
18216 1.565436e-11
18217 1.565252e-11
18218 1.565068e-11
18219 1.564884e-11
18220 1.564700e-11
18221 1.564515e-11
18222 1.564331e-11
18223 1.564147e-11
18224 1.563963e-11
18225 1.563779e-11
18226 1.563595e-11
18227 1.563411e-11
18228 1.563228e-11
18229 1.563044e-11
18230 1.562860e-11
18231 1.562676e-11
18232 1.562492e-11
18233 1.562309e-11
18234 1.562125e-11
18235 1.561941e-11
18236 1.561758e-11
18237 1.561574e-11
18238 1.561391e-11
18239 1.561207e-11
18240 1.561024e-11
18241 1.560840e-11
18242 1.560657e-11
18243 1.560473e-11
18244 1.560290e-11
18245 1.560107e-11
18246 1.559923e-11
18247 1.559740e-11
18248 1.559557e-11
18249 1.559374e-11
18250 1.559190e-11
18251 1.559007e-11
18252 1.558824e-11
18253 1.558641e-11
18254 1.558458e-11
18255 1.558275e-11
18256 1.558092e-11
18257 1.557909e-11
18258 1.557726e-11
18259 1.557543e-11
18260 1.557360e-11
18261 1.557177e-11
18262 1.556995e-11
18263 1.556812e-11
18264 1.556629e-11
18265 1.556446e-11
18266 1.556264e-11
18267 1.556081e-11
18268 1.555898e-11
18269 1.555716e-11
18270 1.555533e-11
18271 1.555351e-11
18272 1.555168e-11
18273 1.554986e-11
18274 1.554803e-11
18275 1.554621e-11
18276 1.554439e-11
18277 1.554256e-11
18278 1.554074e-11
18279 1.553892e-11
18280 1.553710e-11
18281 1.553527e-11
18282 1.553345e-11
18283 1.553163e-11
18284 1.552981e-11
18285 1.552799e-11
18286 1.552617e-11
18287 1.552435e-11
18288 1.552253e-11
18289 1.552071e-11
18290 1.551889e-11
18291 1.551707e-11
18292 1.551525e-11
18293 1.551343e-11
18294 1.551162e-11
18295 1.550980e-11
18296 1.550798e-11
18297 1.550616e-11
18298 1.550435e-11
18299 1.550253e-11
18300 1.550071e-11
18301 1.549890e-11
18302 1.549708e-11
18303 1.549527e-11
18304 1.549345e-11
18305 1.549164e-11
18306 1.548982e-11
18307 1.548801e-11
18308 1.548620e-11
18309 1.548438e-11
18310 1.548257e-11
18311 1.548076e-11
18312 1.547895e-11
18313 1.547713e-11
18314 1.547532e-11
18315 1.547351e-11
18316 1.547170e-11
18317 1.546989e-11
18318 1.546808e-11
18319 1.546627e-11
18320 1.546446e-11
18321 1.546265e-11
18322 1.546084e-11
18323 1.545903e-11
18324 1.545722e-11
18325 1.545541e-11
18326 1.545360e-11
18327 1.545180e-11
18328 1.544999e-11
18329 1.544818e-11
18330 1.544638e-11
18331 1.544457e-11
18332 1.544276e-11
18333 1.544096e-11
18334 1.543915e-11
18335 1.543735e-11
18336 1.543554e-11
18337 1.543374e-11
18338 1.543193e-11
18339 1.543013e-11
18340 1.542832e-11
18341 1.542652e-11
18342 1.542472e-11
18343 1.542292e-11
18344 1.542111e-11
18345 1.541931e-11
18346 1.541751e-11
18347 1.541571e-11
18348 1.541391e-11
18349 1.541211e-11
18350 1.541030e-11
18351 1.540850e-11
18352 1.540670e-11
18353 1.540490e-11
18354 1.540311e-11
18355 1.540131e-11
18356 1.539951e-11
18357 1.539771e-11
18358 1.539591e-11
18359 1.539411e-11
18360 1.539232e-11
18361 1.539052e-11
18362 1.538872e-11
18363 1.538692e-11
18364 1.538513e-11
18365 1.538333e-11
18366 1.538154e-11
18367 1.537974e-11
18368 1.537795e-11
18369 1.537615e-11
18370 1.537436e-11
18371 1.537256e-11
18372 1.537077e-11
18373 1.536898e-11
18374 1.536718e-11
18375 1.536539e-11
18376 1.536360e-11
18377 1.536180e-11
18378 1.536001e-11
18379 1.535822e-11
18380 1.535643e-11
18381 1.535464e-11
18382 1.535285e-11
18383 1.535106e-11
18384 1.534927e-11
18385 1.534748e-11
18386 1.534569e-11
18387 1.534390e-11
18388 1.534211e-11
18389 1.534032e-11
18390 1.533853e-11
18391 1.533674e-11
18392 1.533496e-11
18393 1.533317e-11
18394 1.533138e-11
18395 1.532960e-11
18396 1.532781e-11
18397 1.532602e-11
18398 1.532424e-11
18399 1.532245e-11
18400 1.532067e-11
18401 1.531888e-11
18402 1.531710e-11
18403 1.531531e-11
18404 1.531353e-11
18405 1.531174e-11
18406 1.530996e-11
18407 1.530818e-11
18408 1.530640e-11
18409 1.530461e-11
18410 1.530283e-11
18411 1.530105e-11
18412 1.529927e-11
18413 1.529749e-11
18414 1.529570e-11
18415 1.529392e-11
18416 1.529214e-11
18417 1.529036e-11
18418 1.528858e-11
18419 1.528680e-11
18420 1.528503e-11
18421 1.528325e-11
18422 1.528147e-11
18423 1.527969e-11
18424 1.527791e-11
18425 1.527613e-11
18426 1.527436e-11
18427 1.527258e-11
18428 1.527080e-11
18429 1.526903e-11
18430 1.526725e-11
18431 1.526547e-11
18432 1.526370e-11
18433 1.526192e-11
18434 1.526015e-11
18435 1.525837e-11
18436 1.525660e-11
18437 1.525483e-11
18438 1.525305e-11
18439 1.525128e-11
18440 1.524951e-11
18441 1.524773e-11
18442 1.524596e-11
18443 1.524419e-11
18444 1.524242e-11
18445 1.524064e-11
18446 1.523887e-11
18447 1.523710e-11
18448 1.523533e-11
18449 1.523356e-11
18450 1.523179e-11
18451 1.523002e-11
18452 1.522825e-11
18453 1.522648e-11
18454 1.522471e-11
18455 1.522294e-11
18456 1.522118e-11
18457 1.521941e-11
18458 1.521764e-11
18459 1.521587e-11
18460 1.521411e-11
18461 1.521234e-11
18462 1.521057e-11
18463 1.520881e-11
18464 1.520704e-11
18465 1.520528e-11
18466 1.520351e-11
18467 1.520175e-11
18468 1.519998e-11
18469 1.519822e-11
18470 1.519645e-11
18471 1.519469e-11
18472 1.519292e-11
18473 1.519116e-11
18474 1.518940e-11
18475 1.518764e-11
18476 1.518587e-11
18477 1.518411e-11
18478 1.518235e-11
18479 1.518059e-11
18480 1.517883e-11
18481 1.517707e-11
18482 1.517531e-11
18483 1.517355e-11
18484 1.517179e-11
18485 1.517003e-11
18486 1.516827e-11
18487 1.516651e-11
18488 1.516475e-11
18489 1.516299e-11
18490 1.516123e-11
18491 1.515948e-11
18492 1.515772e-11
18493 1.515596e-11
18494 1.515420e-11
18495 1.515245e-11
18496 1.515069e-11
18497 1.514894e-11
18498 1.514718e-11
18499 1.514542e-11
18500 1.514367e-11
18501 1.514191e-11
18502 1.514016e-11
18503 1.513841e-11
18504 1.513665e-11
18505 1.513490e-11
18506 1.513314e-11
18507 1.513139e-11
18508 1.512964e-11
18509 1.512789e-11
18510 1.512613e-11
18511 1.512438e-11
18512 1.512263e-11
18513 1.512088e-11
18514 1.511913e-11
18515 1.511738e-11
18516 1.511563e-11
18517 1.511388e-11
18518 1.511213e-11
18519 1.511038e-11
18520 1.510863e-11
18521 1.510688e-11
18522 1.510513e-11
18523 1.510338e-11
18524 1.510164e-11
18525 1.509989e-11
18526 1.509814e-11
18527 1.509639e-11
18528 1.509465e-11
18529 1.509290e-11
18530 1.509115e-11
18531 1.508941e-11
18532 1.508766e-11
18533 1.508592e-11
18534 1.508417e-11
18535 1.508243e-11
18536 1.508068e-11
18537 1.507894e-11
18538 1.507720e-11
18539 1.507545e-11
18540 1.507371e-11
18541 1.507197e-11
18542 1.507022e-11
18543 1.506848e-11
18544 1.506674e-11
18545 1.506500e-11
18546 1.506326e-11
18547 1.506151e-11
18548 1.505977e-11
18549 1.505803e-11
18550 1.505629e-11
18551 1.505455e-11
18552 1.505281e-11
18553 1.505107e-11
18554 1.504933e-11
18555 1.504760e-11
18556 1.504586e-11
18557 1.504412e-11
18558 1.504238e-11
18559 1.504064e-11
18560 1.503891e-11
18561 1.503717e-11
18562 1.503543e-11
18563 1.503370e-11
18564 1.503196e-11
18565 1.503022e-11
18566 1.502849e-11
18567 1.502675e-11
18568 1.502502e-11
18569 1.502328e-11
18570 1.502155e-11
18571 1.501982e-11
18572 1.501808e-11
18573 1.501635e-11
18574 1.501462e-11
18575 1.501288e-11
18576 1.501115e-11
18577 1.500942e-11
18578 1.500769e-11
18579 1.500595e-11
18580 1.500422e-11
18581 1.500249e-11
18582 1.500076e-11
18583 1.499903e-11
18584 1.499730e-11
18585 1.499557e-11
18586 1.499384e-11
18587 1.499211e-11
18588 1.499038e-11
18589 1.498865e-11
18590 1.498692e-11
18591 1.498520e-11
18592 1.498347e-11
18593 1.498174e-11
18594 1.498001e-11
18595 1.497829e-11
18596 1.497656e-11
18597 1.497483e-11
18598 1.497311e-11
18599 1.497138e-11
18600 1.496965e-11
18601 1.496793e-11
18602 1.496620e-11
18603 1.496448e-11
18604 1.496275e-11
18605 1.496103e-11
18606 1.495931e-11
18607 1.495758e-11
18608 1.495586e-11
18609 1.495414e-11
18610 1.495241e-11
18611 1.495069e-11
18612 1.494897e-11
18613 1.494725e-11
18614 1.494553e-11
18615 1.494381e-11
18616 1.494208e-11
18617 1.494036e-11
18618 1.493864e-11
18619 1.493692e-11
18620 1.493520e-11
18621 1.493348e-11
18622 1.493176e-11
18623 1.493005e-11
18624 1.492833e-11
18625 1.492661e-11
18626 1.492489e-11
18627 1.492317e-11
18628 1.492146e-11
18629 1.491974e-11
18630 1.491802e-11
18631 1.491631e-11
18632 1.491459e-11
18633 1.491287e-11
18634 1.491116e-11
18635 1.490944e-11
18636 1.490773e-11
18637 1.490601e-11
18638 1.490430e-11
18639 1.490258e-11
18640 1.490087e-11
18641 1.489916e-11
18642 1.489744e-11
18643 1.489573e-11
18644 1.489402e-11
18645 1.489230e-11
18646 1.489059e-11
18647 1.488888e-11
18648 1.488717e-11
18649 1.488546e-11
18650 1.488374e-11
18651 1.488203e-11
18652 1.488032e-11
18653 1.487861e-11
18654 1.487690e-11
18655 1.487519e-11
18656 1.487348e-11
18657 1.487178e-11
18658 1.487007e-11
18659 1.486836e-11
18660 1.486665e-11
18661 1.486494e-11
18662 1.486323e-11
18663 1.486153e-11
18664 1.485982e-11
18665 1.485811e-11
18666 1.485641e-11
18667 1.485470e-11
18668 1.485299e-11
18669 1.485129e-11
18670 1.484958e-11
18671 1.484788e-11
18672 1.484617e-11
18673 1.484447e-11
18674 1.484276e-11
18675 1.484106e-11
18676 1.483936e-11
18677 1.483765e-11
18678 1.483595e-11
18679 1.483425e-11
18680 1.483255e-11
18681 1.483084e-11
18682 1.482914e-11
18683 1.482744e-11
18684 1.482574e-11
18685 1.482404e-11
18686 1.482234e-11
18687 1.482064e-11
18688 1.481894e-11
18689 1.481724e-11
18690 1.481554e-11
18691 1.481384e-11
18692 1.481214e-11
18693 1.481044e-11
18694 1.480874e-11
18695 1.480704e-11
18696 1.480534e-11
18697 1.480365e-11
18698 1.480195e-11
18699 1.480025e-11
18700 1.479856e-11
18701 1.479686e-11
18702 1.479516e-11
18703 1.479347e-11
18704 1.479177e-11
18705 1.479008e-11
18706 1.478838e-11
18707 1.478669e-11
18708 1.478499e-11
18709 1.478330e-11
18710 1.478160e-11
18711 1.477991e-11
18712 1.477822e-11
18713 1.477652e-11
18714 1.477483e-11
18715 1.477314e-11
18716 1.477145e-11
18717 1.476975e-11
18718 1.476806e-11
18719 1.476637e-11
18720 1.476468e-11
18721 1.476299e-11
18722 1.476130e-11
18723 1.475961e-11
18724 1.475792e-11
18725 1.475623e-11
18726 1.475454e-11
18727 1.475285e-11
18728 1.475116e-11
18729 1.474947e-11
18730 1.474779e-11
18731 1.474610e-11
18732 1.474441e-11
18733 1.474272e-11
18734 1.474104e-11
18735 1.473935e-11
18736 1.473766e-11
18737 1.473598e-11
18738 1.473429e-11
18739 1.473260e-11
18740 1.473092e-11
18741 1.472923e-11
18742 1.472755e-11
18743 1.472586e-11
18744 1.472418e-11
18745 1.472250e-11
18746 1.472081e-11
18747 1.471913e-11
18748 1.471745e-11
18749 1.471576e-11
18750 1.471408e-11
18751 1.471240e-11
18752 1.471072e-11
18753 1.470903e-11
18754 1.470735e-11
18755 1.470567e-11
18756 1.470399e-11
18757 1.470231e-11
18758 1.470063e-11
18759 1.469895e-11
18760 1.469727e-11
18761 1.469559e-11
18762 1.469391e-11
18763 1.469223e-11
18764 1.469055e-11
18765 1.468888e-11
18766 1.468720e-11
18767 1.468552e-11
18768 1.468384e-11
18769 1.468217e-11
18770 1.468049e-11
18771 1.467881e-11
18772 1.467714e-11
18773 1.467546e-11
18774 1.467378e-11
18775 1.467211e-11
18776 1.467043e-11
18777 1.466876e-11
18778 1.466708e-11
18779 1.466541e-11
18780 1.466373e-11
18781 1.466206e-11
18782 1.466039e-11
18783 1.465871e-11
18784 1.465704e-11
18785 1.465537e-11
18786 1.465370e-11
18787 1.465202e-11
18788 1.465035e-11
18789 1.464868e-11
18790 1.464701e-11
18791 1.464534e-11
18792 1.464367e-11
18793 1.464200e-11
18794 1.464033e-11
18795 1.463866e-11
18796 1.463699e-11
18797 1.463532e-11
18798 1.463365e-11
18799 1.463198e-11
18800 1.463031e-11
18801 1.462864e-11
18802 1.462697e-11
18803 1.462531e-11
18804 1.462364e-11
18805 1.462197e-11
18806 1.462031e-11
18807 1.461864e-11
18808 1.461697e-11
18809 1.461531e-11
18810 1.461364e-11
18811 1.461197e-11
18812 1.461031e-11
18813 1.460864e-11
18814 1.460698e-11
18815 1.460532e-11
18816 1.460365e-11
18817 1.460199e-11
18818 1.460032e-11
18819 1.459866e-11
18820 1.459700e-11
18821 1.459534e-11
18822 1.459367e-11
18823 1.459201e-11
18824 1.459035e-11
18825 1.458869e-11
18826 1.458703e-11
18827 1.458537e-11
18828 1.458370e-11
18829 1.458204e-11
18830 1.458038e-11
18831 1.457872e-11
18832 1.457706e-11
18833 1.457540e-11
18834 1.457375e-11
18835 1.457209e-11
18836 1.457043e-11
18837 1.456877e-11
18838 1.456711e-11
18839 1.456545e-11
18840 1.456380e-11
18841 1.456214e-11
18842 1.456048e-11
18843 1.455883e-11
18844 1.455717e-11
18845 1.455551e-11
18846 1.455386e-11
18847 1.455220e-11
18848 1.455055e-11
18849 1.454889e-11
18850 1.454724e-11
18851 1.454558e-11
18852 1.454393e-11
18853 1.454228e-11
18854 1.454062e-11
18855 1.453897e-11
18856 1.453732e-11
18857 1.453566e-11
18858 1.453401e-11
18859 1.453236e-11
18860 1.453071e-11
18861 1.452905e-11
18862 1.452740e-11
18863 1.452575e-11
18864 1.452410e-11
18865 1.452245e-11
18866 1.452080e-11
18867 1.451915e-11
18868 1.451750e-11
18869 1.451585e-11
18870 1.451420e-11
18871 1.451255e-11
18872 1.451090e-11
18873 1.450926e-11
18874 1.450761e-11
18875 1.450596e-11
18876 1.450431e-11
18877 1.450267e-11
18878 1.450102e-11
18879 1.449937e-11
18880 1.449773e-11
18881 1.449608e-11
18882 1.449443e-11
18883 1.449279e-11
18884 1.449114e-11
18885 1.448950e-11
18886 1.448785e-11
18887 1.448621e-11
18888 1.448456e-11
18889 1.448292e-11
18890 1.448128e-11
18891 1.447963e-11
18892 1.447799e-11
18893 1.447635e-11
18894 1.447470e-11
18895 1.447306e-11
18896 1.447142e-11
18897 1.446977e-11
18898 1.446812e-11
18899 1.446646e-11
18900 1.446480e-11
18901 1.446315e-11
18902 1.446149e-11
18903 1.445984e-11
18904 1.445818e-11
18905 1.445653e-11
18906 1.445488e-11
18907 1.445322e-11
18908 1.445157e-11
18909 1.444991e-11
18910 1.444826e-11
18911 1.444661e-11
18912 1.444496e-11
18913 1.444330e-11
18914 1.444165e-11
18915 1.444000e-11
18916 1.443835e-11
18917 1.443670e-11
18918 1.443505e-11
18919 1.443340e-11
18920 1.443175e-11
18921 1.443010e-11
18922 1.442845e-11
18923 1.442680e-11
18924 1.442515e-11
18925 1.442350e-11
18926 1.442185e-11
18927 1.442020e-11
18928 1.441856e-11
18929 1.441691e-11
18930 1.441526e-11
18931 1.441361e-11
18932 1.441197e-11
18933 1.441032e-11
18934 1.440867e-11
18935 1.440703e-11
18936 1.440538e-11
18937 1.440374e-11
18938 1.440209e-11
18939 1.440045e-11
18940 1.439880e-11
18941 1.439716e-11
18942 1.439551e-11
18943 1.439387e-11
18944 1.439223e-11
18945 1.439058e-11
18946 1.438894e-11
18947 1.438730e-11
18948 1.438565e-11
18949 1.438401e-11
18950 1.438237e-11
18951 1.438073e-11
18952 1.437909e-11
18953 1.437745e-11
18954 1.437581e-11
18955 1.437416e-11
18956 1.437252e-11
18957 1.437088e-11
18958 1.436924e-11
18959 1.436761e-11
18960 1.436597e-11
18961 1.436433e-11
18962 1.436269e-11
18963 1.436105e-11
18964 1.435941e-11
18965 1.435777e-11
18966 1.435614e-11
18967 1.435450e-11
18968 1.435286e-11
18969 1.435123e-11
18970 1.434959e-11
18971 1.434795e-11
18972 1.434632e-11
18973 1.434468e-11
18974 1.434305e-11
18975 1.434141e-11
18976 1.433978e-11
18977 1.433814e-11
18978 1.433651e-11
18979 1.433487e-11
18980 1.433324e-11
18981 1.433161e-11
18982 1.432997e-11
18983 1.432834e-11
18984 1.432671e-11
18985 1.432508e-11
18986 1.432344e-11
18987 1.432181e-11
18988 1.432018e-11
18989 1.431855e-11
18990 1.431692e-11
18991 1.431529e-11
18992 1.431366e-11
18993 1.431203e-11
18994 1.431040e-11
18995 1.430877e-11
18996 1.430714e-11
18997 1.430551e-11
18998 1.430388e-11
18999 1.430225e-11
19000 1.430062e-11
19001 1.429899e-11
19002 1.429737e-11
19003 1.429574e-11
19004 1.429411e-11
19005 1.429248e-11
19006 1.429086e-11
19007 1.428923e-11
19008 1.428761e-11
19009 1.428598e-11
19010 1.428435e-11
19011 1.428273e-11
19012 1.428110e-11
19013 1.427948e-11
19014 1.427785e-11
19015 1.427623e-11
19016 1.427461e-11
19017 1.427298e-11
19018 1.427136e-11
19019 1.426974e-11
19020 1.426811e-11
19021 1.426649e-11
19022 1.426487e-11
19023 1.426325e-11
19024 1.426162e-11
19025 1.426000e-11
19026 1.425838e-11
19027 1.425676e-11
19028 1.425514e-11
19029 1.425352e-11
19030 1.425190e-11
19031 1.425028e-11
19032 1.424866e-11
19033 1.424704e-11
19034 1.424542e-11
19035 1.424380e-11
19036 1.424218e-11
19037 1.424057e-11
19038 1.423895e-11
19039 1.423733e-11
19040 1.423571e-11
19041 1.423409e-11
19042 1.423248e-11
19043 1.423086e-11
19044 1.422924e-11
19045 1.422763e-11
19046 1.422601e-11
19047 1.422440e-11
19048 1.422278e-11
19049 1.422117e-11
19050 1.421955e-11
19051 1.421794e-11
19052 1.421632e-11
19053 1.421471e-11
19054 1.421310e-11
19055 1.421148e-11
19056 1.420987e-11
19057 1.420826e-11
19058 1.420664e-11
19059 1.420503e-11
19060 1.420342e-11
19061 1.420181e-11
19062 1.420020e-11
19063 1.419858e-11
19064 1.419697e-11
19065 1.419536e-11
19066 1.419375e-11
19067 1.419214e-11
19068 1.419053e-11
19069 1.418892e-11
19070 1.418731e-11
19071 1.418570e-11
19072 1.418409e-11
19073 1.418249e-11
19074 1.418088e-11
19075 1.417927e-11
19076 1.417766e-11
19077 1.417605e-11
19078 1.417445e-11
19079 1.417284e-11
19080 1.417123e-11
19081 1.416963e-11
19082 1.416802e-11
19083 1.416641e-11
19084 1.416481e-11
19085 1.416320e-11
19086 1.416160e-11
19087 1.415999e-11
19088 1.415839e-11
19089 1.415678e-11
19090 1.415518e-11
19091 1.415357e-11
19092 1.415197e-11
19093 1.415037e-11
19094 1.414876e-11
19095 1.414716e-11
19096 1.414556e-11
19097 1.414396e-11
19098 1.414235e-11
19099 1.414075e-11
19100 1.413915e-11
19101 1.413755e-11
19102 1.413595e-11
19103 1.413435e-11
19104 1.413275e-11
19105 1.413115e-11
19106 1.412955e-11
19107 1.412795e-11
19108 1.412635e-11
19109 1.412475e-11
19110 1.412315e-11
19111 1.412155e-11
19112 1.411995e-11
19113 1.411836e-11
19114 1.411676e-11
19115 1.411516e-11
19116 1.411356e-11
19117 1.411197e-11
19118 1.411037e-11
19119 1.410877e-11
19120 1.410718e-11
19121 1.410558e-11
19122 1.410399e-11
19123 1.410239e-11
19124 1.410080e-11
19125 1.409920e-11
19126 1.409761e-11
19127 1.409601e-11
19128 1.409442e-11
19129 1.409282e-11
19130 1.409123e-11
19131 1.408964e-11
19132 1.408804e-11
19133 1.408645e-11
19134 1.408486e-11
19135 1.408327e-11
19136 1.408167e-11
19137 1.408008e-11
19138 1.407849e-11
19139 1.407690e-11
19140 1.407531e-11
19141 1.407372e-11
19142 1.407213e-11
19143 1.407054e-11
19144 1.406895e-11
19145 1.406736e-11
19146 1.406577e-11
19147 1.406418e-11
19148 1.406259e-11
19149 1.406100e-11
19150 1.405941e-11
19151 1.405783e-11
19152 1.405624e-11
19153 1.405465e-11
19154 1.405306e-11
19155 1.405148e-11
19156 1.404989e-11
19157 1.404830e-11
19158 1.404672e-11
19159 1.404513e-11
19160 1.404355e-11
19161 1.404196e-11
19162 1.404038e-11
19163 1.403879e-11
19164 1.403721e-11
19165 1.403562e-11
19166 1.403404e-11
19167 1.403245e-11
19168 1.403087e-11
19169 1.402929e-11
19170 1.402770e-11
19171 1.402612e-11
19172 1.402454e-11
19173 1.402296e-11
19174 1.402137e-11
19175 1.401979e-11
19176 1.401821e-11
19177 1.401663e-11
19178 1.401505e-11
19179 1.401347e-11
19180 1.401189e-11
19181 1.401031e-11
19182 1.400873e-11
19183 1.400715e-11
19184 1.400557e-11
19185 1.400399e-11
19186 1.400241e-11
19187 1.400083e-11
19188 1.399925e-11
19189 1.399768e-11
19190 1.399610e-11
19191 1.399452e-11
19192 1.399294e-11
19193 1.399137e-11
19194 1.398979e-11
19195 1.398821e-11
19196 1.398664e-11
19197 1.398506e-11
19198 1.398348e-11
19199 1.398191e-11
19200 1.398033e-11
19201 1.397876e-11
19202 1.397718e-11
19203 1.397561e-11
19204 1.397403e-11
19205 1.397246e-11
19206 1.397089e-11
19207 1.396931e-11
19208 1.396774e-11
19209 1.396617e-11
19210 1.396460e-11
19211 1.396302e-11
19212 1.396145e-11
19213 1.395988e-11
19214 1.395831e-11
19215 1.395674e-11
19216 1.395516e-11
19217 1.395359e-11
19218 1.395202e-11
19219 1.395045e-11
19220 1.394888e-11
19221 1.394731e-11
19222 1.394574e-11
19223 1.394417e-11
19224 1.394261e-11
19225 1.394104e-11
19226 1.393947e-11
19227 1.393790e-11
19228 1.393633e-11
19229 1.393476e-11
19230 1.393320e-11
19231 1.393163e-11
19232 1.393006e-11
19233 1.392850e-11
19234 1.392693e-11
19235 1.392536e-11
19236 1.392380e-11
19237 1.392223e-11
19238 1.392067e-11
19239 1.391910e-11
19240 1.391754e-11
19241 1.391597e-11
19242 1.391441e-11
19243 1.391284e-11
19244 1.391128e-11
19245 1.390972e-11
19246 1.390815e-11
19247 1.390659e-11
19248 1.390503e-11
19249 1.390346e-11
19250 1.390190e-11
19251 1.390034e-11
19252 1.389878e-11
19253 1.389722e-11
19254 1.389565e-11
19255 1.389409e-11
19256 1.389253e-11
19257 1.389097e-11
19258 1.388941e-11
19259 1.388785e-11
19260 1.388629e-11
19261 1.388473e-11
19262 1.388317e-11
19263 1.388161e-11
19264 1.388005e-11
19265 1.387850e-11
19266 1.387694e-11
19267 1.387538e-11
19268 1.387382e-11
19269 1.387227e-11
19270 1.387071e-11
19271 1.386915e-11
19272 1.386759e-11
19273 1.386604e-11
19274 1.386448e-11
19275 1.386293e-11
19276 1.386137e-11
19277 1.385981e-11
19278 1.385826e-11
19279 1.385670e-11
19280 1.385515e-11
19281 1.385360e-11
19282 1.385204e-11
19283 1.385049e-11
19284 1.384893e-11
19285 1.384738e-11
19286 1.384583e-11
19287 1.384427e-11
19288 1.384272e-11
19289 1.384117e-11
19290 1.383962e-11
19291 1.383807e-11
19292 1.383651e-11
19293 1.383496e-11
19294 1.383341e-11
19295 1.383186e-11
19296 1.383031e-11
19297 1.382876e-11
19298 1.382721e-11
19299 1.382566e-11
19300 1.382411e-11
19301 1.382256e-11
19302 1.382101e-11
19303 1.381946e-11
19304 1.381791e-11
19305 1.381637e-11
19306 1.381482e-11
19307 1.381327e-11
19308 1.381172e-11
19309 1.381018e-11
19310 1.380863e-11
19311 1.380708e-11
19312 1.380553e-11
19313 1.380399e-11
19314 1.380244e-11
19315 1.380090e-11
19316 1.379935e-11
19317 1.379781e-11
19318 1.379626e-11
19319 1.379472e-11
19320 1.379317e-11
19321 1.379163e-11
19322 1.379008e-11
19323 1.378854e-11
19324 1.378700e-11
19325 1.378545e-11
19326 1.378391e-11
19327 1.378237e-11
19328 1.378082e-11
19329 1.377928e-11
19330 1.377774e-11
19331 1.377620e-11
19332 1.377466e-11
19333 1.377312e-11
19334 1.377158e-11
19335 1.377003e-11
19336 1.376849e-11
19337 1.376695e-11
19338 1.376541e-11
19339 1.376387e-11
19340 1.376233e-11
19341 1.376080e-11
19342 1.375926e-11
19343 1.375772e-11
19344 1.375618e-11
19345 1.375464e-11
19346 1.375310e-11
19347 1.375157e-11
19348 1.375003e-11
19349 1.374849e-11
19350 1.374695e-11
19351 1.374542e-11
19352 1.374388e-11
19353 1.374234e-11
19354 1.374081e-11
19355 1.373927e-11
19356 1.373774e-11
19357 1.373620e-11
19358 1.373467e-11
19359 1.373313e-11
19360 1.373160e-11
19361 1.373006e-11
19362 1.372853e-11
19363 1.372700e-11
19364 1.372546e-11
19365 1.372393e-11
19366 1.372240e-11
19367 1.372086e-11
19368 1.371933e-11
19369 1.371780e-11
19370 1.371627e-11
19371 1.371474e-11
19372 1.371320e-11
19373 1.371167e-11
19374 1.371014e-11
19375 1.370861e-11
19376 1.370708e-11
19377 1.370555e-11
19378 1.370402e-11
19379 1.370249e-11
19380 1.370096e-11
19381 1.369943e-11
19382 1.369790e-11
19383 1.369638e-11
19384 1.369485e-11
19385 1.369332e-11
19386 1.369179e-11
19387 1.369026e-11
19388 1.368874e-11
19389 1.368721e-11
19390 1.368568e-11
19391 1.368416e-11
19392 1.368263e-11
19393 1.368110e-11
19394 1.367958e-11
19395 1.367805e-11
19396 1.367653e-11
19397 1.367500e-11
19398 1.367348e-11
19399 1.367195e-11
19400 1.367043e-11
19401 1.366890e-11
19402 1.366738e-11
19403 1.366585e-11
19404 1.366433e-11
19405 1.366281e-11
19406 1.366128e-11
19407 1.365976e-11
19408 1.365824e-11
19409 1.365672e-11
19410 1.365520e-11
19411 1.365367e-11
19412 1.365215e-11
19413 1.365063e-11
19414 1.364911e-11
19415 1.364759e-11
19416 1.364607e-11
19417 1.364455e-11
19418 1.364303e-11
19419 1.364151e-11
19420 1.363999e-11
19421 1.363847e-11
19422 1.363695e-11
19423 1.363543e-11
19424 1.363391e-11
19425 1.363240e-11
19426 1.363088e-11
19427 1.362936e-11
19428 1.362784e-11
19429 1.362633e-11
19430 1.362481e-11
19431 1.362329e-11
19432 1.362177e-11
19433 1.362026e-11
19434 1.361874e-11
19435 1.361723e-11
19436 1.361571e-11
19437 1.361420e-11
19438 1.361268e-11
19439 1.361117e-11
19440 1.360965e-11
19441 1.360814e-11
19442 1.360662e-11
19443 1.360511e-11
19444 1.360360e-11
19445 1.360208e-11
19446 1.360057e-11
19447 1.359906e-11
19448 1.359754e-11
19449 1.359603e-11
19450 1.359452e-11
19451 1.359301e-11
19452 1.359150e-11
19453 1.358999e-11
19454 1.358847e-11
19455 1.358696e-11
19456 1.358545e-11
19457 1.358394e-11
19458 1.358243e-11
19459 1.358092e-11
19460 1.357941e-11
19461 1.357790e-11
19462 1.357639e-11
19463 1.357489e-11
19464 1.357338e-11
19465 1.357187e-11
19466 1.357036e-11
19467 1.356885e-11
19468 1.356734e-11
19469 1.356584e-11
19470 1.356433e-11
19471 1.356282e-11
19472 1.356132e-11
19473 1.355981e-11
19474 1.355830e-11
19475 1.355680e-11
19476 1.355529e-11
19477 1.355379e-11
19478 1.355228e-11
19479 1.355078e-11
19480 1.354927e-11
19481 1.354777e-11
19482 1.354626e-11
19483 1.354476e-11
19484 1.354325e-11
19485 1.354175e-11
19486 1.354025e-11
19487 1.353875e-11
19488 1.353724e-11
19489 1.353574e-11
19490 1.353424e-11
19491 1.353274e-11
19492 1.353123e-11
19493 1.352973e-11
19494 1.352823e-11
19495 1.352673e-11
19496 1.352523e-11
19497 1.352373e-11
19498 1.352223e-11
19499 1.352073e-11
19500 1.351923e-11
19501 1.351773e-11
19502 1.351623e-11
19503 1.351473e-11
19504 1.351323e-11
19505 1.351173e-11
19506 1.351023e-11
19507 1.350874e-11
19508 1.350724e-11
19509 1.350574e-11
19510 1.350424e-11
19511 1.350275e-11
19512 1.350125e-11
19513 1.349975e-11
19514 1.349826e-11
19515 1.349676e-11
19516 1.349526e-11
19517 1.349377e-11
19518 1.349227e-11
19519 1.349078e-11
19520 1.348928e-11
19521 1.348779e-11
19522 1.348629e-11
19523 1.348480e-11
19524 1.348330e-11
19525 1.348181e-11
19526 1.348032e-11
19527 1.347882e-11
19528 1.347733e-11
19529 1.347584e-11
19530 1.347435e-11
19531 1.347285e-11
19532 1.347136e-11
19533 1.346987e-11
19534 1.346838e-11
19535 1.346689e-11
19536 1.346540e-11
19537 1.346390e-11
19538 1.346241e-11
19539 1.346092e-11
19540 1.345943e-11
19541 1.345794e-11
19542 1.345645e-11
19543 1.345496e-11
19544 1.345347e-11
19545 1.345199e-11
19546 1.345050e-11
19547 1.344901e-11
19548 1.344752e-11
19549 1.344603e-11
19550 1.344454e-11
19551 1.344306e-11
19552 1.344157e-11
19553 1.344008e-11
19554 1.343860e-11
19555 1.343711e-11
19556 1.343562e-11
19557 1.343414e-11
19558 1.343265e-11
19559 1.343117e-11
19560 1.342968e-11
19561 1.342820e-11
19562 1.342671e-11
19563 1.342523e-11
19564 1.342374e-11
19565 1.342226e-11
19566 1.342077e-11
19567 1.341929e-11
19568 1.341781e-11
19569 1.341632e-11
19570 1.341484e-11
19571 1.341336e-11
19572 1.341187e-11
19573 1.341039e-11
19574 1.340891e-11
19575 1.340743e-11
19576 1.340595e-11
19577 1.340447e-11
19578 1.340299e-11
19579 1.340150e-11
19580 1.340002e-11
19581 1.339854e-11
19582 1.339706e-11
19583 1.339558e-11
19584 1.339410e-11
19585 1.339262e-11
19586 1.339115e-11
19587 1.338967e-11
19588 1.338819e-11
19589 1.338671e-11
19590 1.338523e-11
19591 1.338375e-11
19592 1.338228e-11
19593 1.338080e-11
19594 1.337932e-11
19595 1.337784e-11
19596 1.337637e-11
19597 1.337489e-11
19598 1.337341e-11
19599 1.337194e-11
19600 1.337046e-11
19601 1.336899e-11
19602 1.336751e-11
19603 1.336604e-11
19604 1.336456e-11
19605 1.336309e-11
19606 1.336161e-11
19607 1.336014e-11
19608 1.335867e-11
19609 1.335719e-11
19610 1.335572e-11
19611 1.335424e-11
19612 1.335277e-11
19613 1.335130e-11
19614 1.334983e-11
19615 1.334835e-11
19616 1.334688e-11
19617 1.334541e-11
19618 1.334394e-11
19619 1.334247e-11
19620 1.334100e-11
19621 1.333953e-11
19622 1.333806e-11
19623 1.333659e-11
19624 1.333512e-11
19625 1.333365e-11
19626 1.333218e-11
19627 1.333071e-11
19628 1.332924e-11
19629 1.332777e-11
19630 1.332630e-11
19631 1.332483e-11
19632 1.332336e-11
19633 1.332190e-11
19634 1.332043e-11
19635 1.331896e-11
19636 1.331749e-11
19637 1.331603e-11
19638 1.331456e-11
19639 1.331309e-11
19640 1.331163e-11
19641 1.331016e-11
19642 1.330869e-11
19643 1.330723e-11
19644 1.330576e-11
19645 1.330430e-11
19646 1.330283e-11
19647 1.330137e-11
19648 1.329990e-11
19649 1.329844e-11
19650 1.329698e-11
19651 1.329551e-11
19652 1.329405e-11
19653 1.329259e-11
19654 1.329112e-11
19655 1.328966e-11
19656 1.328820e-11
19657 1.328674e-11
19658 1.328527e-11
19659 1.328381e-11
19660 1.328235e-11
19661 1.328089e-11
19662 1.327943e-11
19663 1.327797e-11
19664 1.327651e-11
19665 1.327505e-11
19666 1.327359e-11
19667 1.327213e-11
19668 1.327067e-11
19669 1.326921e-11
19670 1.326775e-11
19671 1.326629e-11
19672 1.326483e-11
19673 1.326337e-11
19674 1.326191e-11
19675 1.326045e-11
19676 1.325900e-11
19677 1.325754e-11
19678 1.325608e-11
19679 1.325462e-11
19680 1.325317e-11
19681 1.325171e-11
19682 1.325025e-11
19683 1.324880e-11
19684 1.324734e-11
19685 1.324589e-11
19686 1.324443e-11
19687 1.324298e-11
19688 1.324152e-11
19689 1.324007e-11
19690 1.323861e-11
19691 1.323716e-11
19692 1.323570e-11
19693 1.323425e-11
19694 1.323280e-11
19695 1.323134e-11
19696 1.322989e-11
19697 1.322844e-11
19698 1.322698e-11
19699 1.322553e-11
19700 1.322408e-11
19701 1.322263e-11
19702 1.322118e-11
19703 1.321972e-11
19704 1.321827e-11
19705 1.321682e-11
19706 1.321537e-11
19707 1.321392e-11
19708 1.321247e-11
19709 1.321102e-11
19710 1.320957e-11
19711 1.320812e-11
19712 1.320667e-11
19713 1.320522e-11
19714 1.320377e-11
19715 1.320232e-11
19716 1.320088e-11
19717 1.319943e-11
19718 1.319798e-11
19719 1.319653e-11
19720 1.319508e-11
19721 1.319364e-11
19722 1.319219e-11
19723 1.319074e-11
19724 1.318930e-11
19725 1.318785e-11
19726 1.318640e-11
19727 1.318496e-11
19728 1.318351e-11
19729 1.318207e-11
19730 1.318062e-11
19731 1.317918e-11
19732 1.317773e-11
19733 1.317629e-11
19734 1.317484e-11
19735 1.317340e-11
19736 1.317195e-11
19737 1.317051e-11
19738 1.316907e-11
19739 1.316762e-11
19740 1.316618e-11
19741 1.316474e-11
19742 1.316330e-11
19743 1.316185e-11
19744 1.316041e-11
19745 1.315897e-11
19746 1.315753e-11
19747 1.315609e-11
19748 1.315465e-11
19749 1.315321e-11
19750 1.315176e-11
19751 1.315032e-11
19752 1.314888e-11
19753 1.314744e-11
19754 1.314600e-11
19755 1.314457e-11
19756 1.314313e-11
19757 1.314169e-11
19758 1.314025e-11
19759 1.313881e-11
19760 1.313737e-11
19761 1.313593e-11
19762 1.313450e-11
19763 1.313306e-11
19764 1.313162e-11
19765 1.313018e-11
19766 1.312875e-11
19767 1.312731e-11
19768 1.312587e-11
19769 1.312444e-11
19770 1.312300e-11
19771 1.312157e-11
19772 1.312013e-11
19773 1.311869e-11
19774 1.311726e-11
19775 1.311582e-11
19776 1.311439e-11
19777 1.311296e-11
19778 1.311152e-11
19779 1.311009e-11
19780 1.310865e-11
19781 1.310722e-11
19782 1.310579e-11
19783 1.310435e-11
19784 1.310292e-11
19785 1.310149e-11
19786 1.310006e-11
19787 1.309862e-11
19788 1.309719e-11
19789 1.309576e-11
19790 1.309433e-11
19791 1.309290e-11
19792 1.309147e-11
19793 1.309004e-11
19794 1.308861e-11
19795 1.308718e-11
19796 1.308575e-11
19797 1.308432e-11
19798 1.308289e-11
19799 1.308146e-11
19800 1.308003e-11
19801 1.307860e-11
19802 1.307717e-11
19803 1.307574e-11
19804 1.307431e-11
19805 1.307288e-11
19806 1.307146e-11
19807 1.307003e-11
19808 1.306860e-11
19809 1.306718e-11
19810 1.306575e-11
19811 1.306432e-11
19812 1.306290e-11
19813 1.306147e-11
19814 1.306004e-11
19815 1.305862e-11
19816 1.305719e-11
19817 1.305577e-11
19818 1.305434e-11
19819 1.305292e-11
19820 1.305149e-11
19821 1.305007e-11
19822 1.304864e-11
19823 1.304722e-11
19824 1.304580e-11
19825 1.304437e-11
19826 1.304295e-11
19827 1.304153e-11
19828 1.304010e-11
19829 1.303868e-11
19830 1.303726e-11
19831 1.303584e-11
19832 1.303442e-11
19833 1.303299e-11
19834 1.303157e-11
19835 1.303015e-11
19836 1.302873e-11
19837 1.302731e-11
19838 1.302589e-11
19839 1.302447e-11
19840 1.302305e-11
19841 1.302163e-11
19842 1.302021e-11
19843 1.301879e-11
19844 1.301737e-11
19845 1.301595e-11
19846 1.301453e-11
19847 1.301311e-11
19848 1.301170e-11
19849 1.301028e-11
19850 1.300886e-11
19851 1.300744e-11
19852 1.300603e-11
19853 1.300461e-11
19854 1.300319e-11
19855 1.300177e-11
19856 1.300036e-11
19857 1.299894e-11
19858 1.299753e-11
19859 1.299611e-11
19860 1.299470e-11
19861 1.299328e-11
19862 1.299186e-11
19863 1.299045e-11
19864 1.298904e-11
19865 1.298762e-11
19866 1.298621e-11
19867 1.298479e-11
19868 1.298338e-11
19869 1.298197e-11
19870 1.298055e-11
19871 1.297914e-11
19872 1.297773e-11
19873 1.297631e-11
19874 1.297490e-11
19875 1.297349e-11
19876 1.297208e-11
19877 1.297067e-11
19878 1.296925e-11
19879 1.296784e-11
19880 1.296643e-11
19881 1.296502e-11
19882 1.296361e-11
19883 1.296220e-11
19884 1.296079e-11
19885 1.295938e-11
19886 1.295797e-11
19887 1.295656e-11
19888 1.295515e-11
19889 1.295374e-11
19890 1.295233e-11
19891 1.295093e-11
19892 1.294952e-11
19893 1.294811e-11
19894 1.294670e-11
19895 1.294529e-11
19896 1.294389e-11
19897 1.294248e-11
19898 1.294107e-11
19899 1.293966e-11
19900 1.293826e-11
19901 1.293685e-11
19902 1.293545e-11
19903 1.293404e-11
19904 1.293263e-11
19905 1.293123e-11
19906 1.292982e-11
19907 1.292842e-11
19908 1.292701e-11
19909 1.292561e-11
19910 1.292421e-11
19911 1.292280e-11
19912 1.292140e-11
19913 1.291999e-11
19914 1.291859e-11
19915 1.291719e-11
19916 1.291578e-11
19917 1.291438e-11
19918 1.291298e-11
19919 1.291158e-11
19920 1.291017e-11
19921 1.290877e-11
19922 1.290737e-11
19923 1.290597e-11
19924 1.290457e-11
19925 1.290317e-11
19926 1.290177e-11
19927 1.290037e-11
19928 1.289897e-11
19929 1.289757e-11
19930 1.289617e-11
19931 1.289477e-11
19932 1.289337e-11
19933 1.289197e-11
19934 1.289057e-11
19935 1.288917e-11
19936 1.288777e-11
19937 1.288637e-11
19938 1.288497e-11
19939 1.288358e-11
19940 1.288218e-11
19941 1.288078e-11
19942 1.287938e-11
19943 1.287799e-11
19944 1.287659e-11
19945 1.287519e-11
19946 1.287380e-11
19947 1.287240e-11
19948 1.287101e-11
19949 1.286961e-11
19950 1.286822e-11
19951 1.286682e-11
19952 1.286543e-11
19953 1.286403e-11
19954 1.286264e-11
19955 1.286124e-11
19956 1.285985e-11
19957 1.285845e-11
19958 1.285706e-11
19959 1.285567e-11
19960 1.285427e-11
19961 1.285288e-11
19962 1.285149e-11
19963 1.285009e-11
19964 1.284870e-11
19965 1.284731e-11
19966 1.284592e-11
19967 1.284453e-11
19968 1.284314e-11
19969 1.284174e-11
19970 1.284035e-11
19971 1.283896e-11
19972 1.283757e-11
19973 1.283618e-11
19974 1.283479e-11
19975 1.283340e-11
19976 1.283201e-11
19977 1.283062e-11
19978 1.282923e-11
19979 1.282784e-11
19980 1.282646e-11
19981 1.282507e-11
19982 1.282368e-11
19983 1.282229e-11
19984 1.282090e-11
19985 1.281951e-11
19986 1.281813e-11
19987 1.281674e-11
19988 1.281535e-11
19989 1.281397e-11
19990 1.281258e-11
19991 1.281119e-11
19992 1.280981e-11
19993 1.280842e-11
19994 1.280704e-11
19995 1.280565e-11
19996 1.280426e-11
19997 1.280288e-11
19998 1.280149e-11
19999 1.280011e-11
