1 -1.560844e-06
2 4.530612e-07
3 1.338243e-06
4 1.972502e-06
5 2.423988e-06
6 2.739809e-06
7 2.957654e-06
8 3.104663e-06
9 3.199204e-06
10 3.254020e-06
11 3.278202e-06
12 3.278213e-06
13 3.259124e-06
14 3.225239e-06
15 3.179505e-06
16 3.124741e-06
17 3.062891e-06
18 2.995970e-06
19 2.925486e-06
20 2.852861e-06
21 2.779149e-06
22 2.705257e-06
23 2.631650e-06
24 2.559266e-06
25 2.488350e-06
26 2.419408e-06
27 2.352371e-06
28 2.287534e-06
29 2.224998e-06
30 2.164817e-06
31 2.106985e-06
32 2.051492e-06
33 1.998296e-06
34 1.947328e-06
35 1.898505e-06
36 1.851767e-06
37 1.806999e-06
38 1.764107e-06
39 1.723002e-06
40 1.683578e-06
41 1.645740e-06
42 1.609420e-06
43 1.574390e-06
44 1.540753e-06
45 1.508266e-06
46 1.476934e-06
47 1.446696e-06
48 1.417373e-06
49 1.389030e-06
50 1.361600e-06
51 1.334943e-06
52 1.309054e-06
53 1.283909e-06
54 1.259464e-06
55 1.235707e-06
56 1.212552e-06
57 1.189997e-06
58 1.167978e-06
59 1.146623e-06
60 1.125717e-06
61 1.105410e-06
62 1.085529e-06
63 1.066135e-06
64 1.047208e-06
65 1.028714e-06
66 1.010641e-06
67 9.929524e-07
68 9.756506e-07
69 9.587265e-07
70 9.421687e-07
71 9.259440e-07
72 9.100327e-07
73 8.944305e-07
74 8.791432e-07
75 8.641545e-07
76 8.494557e-07
77 8.349782e-07
78 8.208567e-07
79 8.069177e-07
80 7.932948e-07
81 7.799515e-07
82 7.668553e-07
83 7.540131e-07
84 7.414236e-07
85 7.290947e-07
86 7.170444e-07
87 7.052890e-07
88 6.937130e-07
89 6.824201e-07
90 6.713884e-07
91 6.606184e-07
92 6.501206e-07
93 6.398677e-07
94 6.298658e-07
95 6.201092e-07
96 6.105934e-07
97 6.013309e-07
98 5.923179e-07
99 5.835355e-07
100 5.749861e-07
101 5.666547e-07
102 5.588101e-07
103 5.510428e-07
104 5.433512e-07
105 5.357340e-07
106 5.281897e-07
107 5.213764e-07
108 5.146272e-07
109 5.079407e-07
110 5.013159e-07
111 4.947515e-07
112 4.882467e-07
113 4.823664e-07
114 4.765385e-07
115 4.707619e-07
116 4.650358e-07
117 4.593592e-07
118 4.537314e-07
119 4.485958e-07
120 4.435036e-07
121 4.384540e-07
122 4.334463e-07
123 4.284798e-07
124 4.235539e-07
125 4.186678e-07
126 4.141496e-07
127 4.096675e-07
128 4.052207e-07
129 4.008089e-07
130 3.964314e-07
131 3.920877e-07
132 3.877773e-07
133 3.837276e-07
134 3.797084e-07
135 3.757193e-07
136 3.717600e-07
137 3.678298e-07
138 3.639285e-07
139 3.600555e-07
140 3.563999e-07
141 3.527705e-07
142 3.491670e-07
143 3.455889e-07
144 3.420360e-07
145 3.385078e-07
146 3.350040e-07
147 3.317261e-07
148 3.284706e-07
149 3.252372e-07
150 3.220255e-07
151 3.188353e-07
152 3.156663e-07
153 3.125183e-07
154 3.093908e-07
155 3.065244e-07
156 3.036766e-07
157 3.008470e-07
158 2.980356e-07
159 2.952420e-07
160 2.924660e-07
161 2.897075e-07
162 2.869661e-07
163 2.842417e-07
164 2.817789e-07
165 2.793312e-07
166 2.768983e-07
167 2.744802e-07
168 2.720766e-07
169 2.696873e-07
170 2.673122e-07
171 2.649512e-07
172 2.626040e-07
173 2.604793e-07
174 2.583670e-07
175 2.562668e-07
176 2.541787e-07
177 2.521025e-07
178 2.500381e-07
179 2.479852e-07
180 2.459439e-07
181 2.439139e-07
182 2.420655e-07
183 2.402273e-07
184 2.383992e-07
185 2.365810e-07
186 2.347726e-07
187 2.329741e-07
188 2.311851e-07
189 2.294057e-07
190 2.276357e-07
191 2.258751e-07
192 2.242631e-07
193 2.226595e-07
194 2.210642e-07
195 2.194772e-07
196 2.178984e-07
197 2.163276e-07
198 2.147648e-07
199 2.132099e-07
200 2.116629e-07
201 2.101236e-07
202 2.085920e-07
203 2.071832e-07
204 2.057813e-07
205 2.043863e-07
206 2.029982e-07
207 2.016168e-07
208 2.002421e-07
209 1.988740e-07
210 1.975124e-07
211 1.961574e-07
212 1.948089e-07
213 1.934666e-07
214 1.922308e-07
215 1.910008e-07
216 1.897765e-07
217 1.885579e-07
218 1.873449e-07
219 1.861375e-07
220 1.849357e-07
221 1.837392e-07
222 1.825483e-07
223 1.813627e-07
224 1.801824e-07
225 1.791012e-07
226 1.780248e-07
227 1.769532e-07
228 1.758863e-07
229 1.748241e-07
230 1.737666e-07
231 1.727137e-07
232 1.716653e-07
233 1.706215e-07
234 1.695821e-07
235 1.685473e-07
236 1.675168e-07
237 1.665780e-07
238 1.656431e-07
239 1.647123e-07
240 1.637852e-07
241 1.628621e-07
242 1.619428e-07
243 1.610274e-07
244 1.601157e-07
245 1.592077e-07
246 1.583034e-07
247 1.574029e-07
248 1.565060e-07
249 1.556127e-07
250 1.547989e-07
251 1.539883e-07
252 1.531810e-07
253 1.523769e-07
254 1.515760e-07
255 1.507783e-07
256 1.499837e-07
257 1.491921e-07
258 1.484037e-07
259 1.476184e-07
260 1.468360e-07
261 1.460567e-07
262 1.452804e-07
263 1.445071e-07
264 1.437990e-07
265 1.430936e-07
266 1.423908e-07
267 1.416908e-07
268 1.409933e-07
269 1.402984e-07
270 1.396062e-07
271 1.389165e-07
272 1.382293e-07
273 1.375447e-07
274 1.368626e-07
275 1.361830e-07
276 1.355058e-07
277 1.348312e-07
278 1.342134e-07
279 1.335978e-07
280 1.329844e-07
281 1.323733e-07
282 1.317643e-07
283 1.311575e-07
284 1.305528e-07
285 1.299503e-07
286 1.293498e-07
287 1.287515e-07
288 1.281553e-07
289 1.275611e-07
290 1.269690e-07
291 1.263790e-07
292 1.257910e-07
293 1.252050e-07
294 1.246698e-07
295 1.241364e-07
296 1.236048e-07
297 1.230750e-07
298 1.225470e-07
299 1.220208e-07
300 1.214963e-07
301 1.209736e-07
302 1.204527e-07
303 1.199335e-07
304 1.194159e-07
305 1.189001e-07
306 1.183860e-07
307 1.178736e-07
308 1.173628e-07
309 1.168537e-07
310 1.163876e-07
311 1.159230e-07
312 1.154599e-07
313 1.149983e-07
314 1.145382e-07
315 1.140796e-07
316 1.136224e-07
317 1.131666e-07
318 1.127123e-07
319 1.122594e-07
320 1.118080e-07
321 1.113579e-07
322 1.109093e-07
323 1.104620e-07
324 1.100162e-07
325 1.095717e-07
326 1.091286e-07
327 1.087217e-07
328 1.083161e-07
329 1.079117e-07
330 1.075085e-07
331 1.071065e-07
332 1.067058e-07
333 1.063063e-07
334 1.059079e-07
335 1.055108e-07
336 1.051149e-07
337 1.047201e-07
338 1.043265e-07
339 1.039341e-07
340 1.035428e-07
341 1.031527e-07
342 1.027638e-07
343 1.023759e-07
344 1.020191e-07
345 1.016632e-07
346 1.013084e-07
347 1.009546e-07
348 1.006019e-07
349 1.002501e-07
350 9.989940e-08
351 9.954967e-08
352 9.920094e-08
353 9.885320e-08
354 9.850645e-08
355 9.816068e-08
356 9.781588e-08
357 9.747206e-08
358 9.712920e-08
359 9.678728e-08
360 9.644633e-08
361 9.610633e-08
362 9.576728e-08
363 9.545582e-08
364 9.514522e-08
365 9.483547e-08
366 9.452657e-08
367 9.421852e-08
368 9.391130e-08
369 9.360492e-08
370 9.329938e-08
371 9.299466e-08
372 9.269077e-08
373 9.238769e-08
374 9.208543e-08
375 9.178397e-08
376 9.148332e-08
377 9.118347e-08
378 9.088442e-08
379 9.058616e-08
380 9.028869e-08
381 8.999200e-08
382 8.969608e-08
383 8.942381e-08
384 8.915224e-08
385 8.888139e-08
386 8.861124e-08
387 8.834178e-08
388 8.807303e-08
389 8.780497e-08
390 8.753759e-08
391 8.727091e-08
392 8.700491e-08
393 8.673958e-08
394 8.647494e-08
395 8.621097e-08
396 8.594766e-08
397 8.568502e-08
398 8.542305e-08
399 8.516173e-08
400 8.490107e-08
401 8.464105e-08
402 8.438170e-08
403 8.412299e-08
404 8.388408e-08
405 8.364576e-08
406 8.340803e-08
407 8.317087e-08
408 8.293432e-08
409 8.269834e-08
410 8.246294e-08
411 8.222811e-08
412 8.199385e-08
413 8.176016e-08
414 8.152704e-08
415 8.129448e-08
416 8.106249e-08
417 8.083106e-08
418 8.060016e-08
419 8.036984e-08
420 8.014006e-08
421 7.991083e-08
422 7.968215e-08
423 7.945401e-08
424 7.922640e-08
425 7.899933e-08
426 7.878928e-08
427 7.857972e-08
428 7.837066e-08
429 7.816208e-08
430 7.795399e-08
431 7.774638e-08
432 7.753926e-08
433 7.733262e-08
434 7.712645e-08
435 7.692076e-08
436 7.671555e-08
437 7.651080e-08
438 7.630652e-08
439 7.610272e-08
440 7.589937e-08
441 7.569649e-08
442 7.549406e-08
443 7.529211e-08
444 7.509059e-08
445 7.488955e-08
446 7.468894e-08
447 7.448880e-08
448 7.428910e-08
449 7.410416e-08
450 7.391963e-08
451 7.373552e-08
452 7.355180e-08
453 7.336850e-08
454 7.318560e-08
455 7.300311e-08
456 7.282102e-08
457 7.263933e-08
458 7.245803e-08
459 7.227713e-08
460 7.209662e-08
461 7.191652e-08
462 7.173680e-08
463 7.155747e-08
464 7.137853e-08
465 7.119997e-08
466 7.102180e-08
467 7.084400e-08
468 7.066660e-08
469 7.048957e-08
470 7.031292e-08
471 7.013664e-08
472 6.996074e-08
473 6.978521e-08
474 6.962242e-08
475 6.945997e-08
476 6.929786e-08
477 6.913609e-08
478 6.897467e-08
479 6.881357e-08
480 6.865282e-08
481 6.849240e-08
482 6.833232e-08
483 6.817256e-08
484 6.801315e-08
485 6.785405e-08
486 6.769529e-08
487 6.753685e-08
488 6.737875e-08
489 6.722096e-08
490 6.706350e-08
491 6.690636e-08
492 6.674954e-08
493 6.659303e-08
494 6.643685e-08
495 6.628099e-08
496 6.612543e-08
497 6.597020e-08
498 6.581527e-08
499 6.566066e-08
500 6.551678e-08
501 6.537318e-08
502 6.522987e-08
503 6.508685e-08
504 6.494410e-08
505 6.480165e-08
506 6.465947e-08
507 6.451758e-08
508 6.437597e-08
509 6.423463e-08
510 6.409358e-08
511 6.395280e-08
512 6.381230e-08
513 6.367206e-08
514 6.353211e-08
515 6.339243e-08
516 6.325301e-08
517 6.311388e-08
518 6.297500e-08
519 6.283640e-08
520 6.269807e-08
521 6.255999e-08
522 6.242219e-08
523 6.228465e-08
524 6.214737e-08
525 6.201036e-08
526 6.187361e-08
527 6.174608e-08
528 6.161880e-08
529 6.149176e-08
530 6.136497e-08
531 6.123841e-08
532 6.111208e-08
533 6.098600e-08
534 6.086016e-08
535 6.073454e-08
536 6.060917e-08
537 6.048403e-08
538 6.035912e-08
539 6.023444e-08
540 6.011000e-08
541 5.998579e-08
542 5.986180e-08
543 5.973805e-08
544 5.961452e-08
545 5.949122e-08
546 5.936815e-08
547 5.924530e-08
548 5.912268e-08
549 5.900028e-08
550 5.887811e-08
551 5.875616e-08
552 5.863442e-08
553 5.851291e-08
554 5.839162e-08
555 5.827054e-08
556 5.815751e-08
557 5.804468e-08
558 5.793205e-08
559 5.781963e-08
560 5.770741e-08
561 5.759538e-08
562 5.748356e-08
563 5.737193e-08
564 5.726051e-08
565 5.714928e-08
566 5.703825e-08
567 5.692741e-08
568 5.681677e-08
569 5.670633e-08
570 5.659608e-08
571 5.648603e-08
572 5.637616e-08
573 5.626649e-08
574 5.615701e-08
575 5.604772e-08
576 5.593862e-08
577 5.582971e-08
578 5.572100e-08
579 5.561246e-08
580 5.550412e-08
581 5.539596e-08
582 5.528799e-08
583 5.518020e-08
584 5.507260e-08
585 5.496519e-08
586 5.485795e-08
587 5.475753e-08
588 5.465729e-08
589 5.455721e-08
590 5.445731e-08
591 5.435757e-08
592 5.425801e-08
593 5.415860e-08
594 5.405938e-08
595 5.396031e-08
596 5.386142e-08
597 5.376268e-08
598 5.366412e-08
599 5.356572e-08
600 5.346748e-08
601 5.336941e-08
602 5.327150e-08
603 5.317375e-08
604 5.307617e-08
605 5.297875e-08
606 5.288149e-08
607 5.278438e-08
608 5.268745e-08
609 5.259066e-08
610 5.249404e-08
611 5.239758e-08
612 5.230128e-08
613 5.220513e-08
614 5.210914e-08
615 5.201330e-08
616 5.191763e-08
617 5.182210e-08
618 5.172673e-08
619 5.163728e-08
620 5.154797e-08
621 5.145881e-08
622 5.136978e-08
623 5.128090e-08
624 5.119216e-08
625 5.110357e-08
626 5.101512e-08
627 5.092681e-08
628 5.083864e-08
629 5.075061e-08
630 5.066272e-08
631 5.057497e-08
632 5.048736e-08
633 5.039989e-08
634 5.031255e-08
635 5.022536e-08
636 5.013830e-08
637 5.005138e-08
638 4.996459e-08
639 4.987794e-08
640 4.979143e-08
641 4.970505e-08
642 4.961881e-08
643 4.953270e-08
644 4.944673e-08
645 4.936089e-08
646 4.927518e-08
647 4.918961e-08
648 4.910416e-08
649 4.901885e-08
650 4.893368e-08
651 4.884863e-08
652 4.876371e-08
653 4.868387e-08
654 4.860417e-08
655 4.852458e-08
656 4.844511e-08
657 4.836576e-08
658 4.828654e-08
659 4.820744e-08
660 4.812845e-08
661 4.804959e-08
662 4.797085e-08
663 4.789222e-08
664 4.781371e-08
665 4.773533e-08
666 4.765705e-08
667 4.757890e-08
668 4.750086e-08
669 4.742295e-08
670 4.734514e-08
671 4.726746e-08
672 4.718988e-08
673 4.711243e-08
674 4.703509e-08
675 4.695787e-08
676 4.688076e-08
677 4.680376e-08
678 4.672688e-08
679 4.665011e-08
680 4.657346e-08
681 4.649691e-08
682 4.642048e-08
683 4.634416e-08
684 4.626796e-08
685 4.619186e-08
686 4.611588e-08
687 4.604001e-08
688 4.596425e-08
689 4.589283e-08
690 4.582153e-08
691 4.575032e-08
692 4.567922e-08
693 4.560822e-08
694 4.553733e-08
695 4.546653e-08
696 4.539584e-08
697 4.532525e-08
698 4.525477e-08
699 4.518438e-08
700 4.511409e-08
701 4.504390e-08
702 4.497382e-08
703 4.490383e-08
704 4.483395e-08
705 4.476416e-08
706 4.469447e-08
707 4.462489e-08
708 4.455539e-08
709 4.448600e-08
710 4.441671e-08
711 4.434751e-08
712 4.427841e-08
713 4.420941e-08
714 4.414050e-08
715 4.407170e-08
716 4.400298e-08
717 4.393437e-08
718 4.386584e-08
719 4.379742e-08
720 4.372909e-08
721 4.366086e-08
722 4.359271e-08
723 4.352467e-08
724 4.345672e-08
725 4.338886e-08
726 4.332478e-08
727 4.326079e-08
728 4.319689e-08
729 4.313308e-08
730 4.306935e-08
731 4.300571e-08
732 4.294216e-08
733 4.287870e-08
734 4.281532e-08
735 4.275203e-08
736 4.268882e-08
737 4.262570e-08
738 4.256267e-08
739 4.249972e-08
740 4.243686e-08
741 4.237408e-08
742 4.231139e-08
743 4.224878e-08
744 4.218625e-08
745 4.212381e-08
746 4.206146e-08
747 4.199918e-08
748 4.193699e-08
749 4.187489e-08
750 4.181287e-08
751 4.175092e-08
752 4.168907e-08
753 4.162729e-08
754 4.156560e-08
755 4.150398e-08
756 4.144246e-08
757 4.138100e-08
758 4.131964e-08
759 4.125836e-08
760 4.119715e-08
761 4.113602e-08
762 4.107498e-08
763 4.101402e-08
764 4.095313e-08
765 4.089233e-08
766 4.083484e-08
767 4.077744e-08
768 4.072010e-08
769 4.066284e-08
770 4.060566e-08
771 4.054856e-08
772 4.049152e-08
773 4.043456e-08
774 4.037767e-08
775 4.032086e-08
776 4.026412e-08
777 4.020745e-08
778 4.015086e-08
779 4.009434e-08
780 4.003789e-08
781 3.998151e-08
782 3.992520e-08
783 3.986898e-08
784 3.981282e-08
785 3.975673e-08
786 3.970071e-08
787 3.964476e-08
788 3.958889e-08
789 3.953308e-08
790 3.947735e-08
791 3.942169e-08
792 3.936610e-08
793 3.931058e-08
794 3.925512e-08
795 3.919974e-08
796 3.914443e-08
797 3.908919e-08
798 3.903402e-08
799 3.897891e-08
800 3.892388e-08
801 3.886891e-08
802 3.881401e-08
803 3.875918e-08
804 3.870443e-08
805 3.864973e-08
806 3.859511e-08
807 3.854055e-08
808 3.848891e-08
809 3.843734e-08
810 3.838583e-08
811 3.833438e-08
812 3.828300e-08
813 3.823167e-08
814 3.818041e-08
815 3.812922e-08
816 3.807809e-08
817 3.802702e-08
818 3.797601e-08
819 3.792507e-08
820 3.787419e-08
821 3.782336e-08
822 3.777261e-08
823 3.772191e-08
824 3.767128e-08
825 3.762070e-08
826 3.757019e-08
827 3.751974e-08
828 3.746935e-08
829 3.741902e-08
830 3.736875e-08
831 3.731854e-08
832 3.726840e-08
833 3.721831e-08
834 3.716829e-08
835 3.711832e-08
836 3.706841e-08
837 3.701857e-08
838 3.696878e-08
839 3.691905e-08
840 3.686938e-08
841 3.681977e-08
842 3.677022e-08
843 3.672073e-08
844 3.667130e-08
845 3.662192e-08
846 3.657261e-08
847 3.652335e-08
848 3.647415e-08
849 3.642501e-08
850 3.637593e-08
851 3.632690e-08
852 3.627793e-08
853 3.623150e-08
854 3.618513e-08
855 3.613881e-08
856 3.609254e-08
857 3.604633e-08
858 3.600017e-08
859 3.595407e-08
860 3.590801e-08
861 3.586202e-08
862 3.581607e-08
863 3.577018e-08
864 3.572434e-08
865 3.567856e-08
866 3.563283e-08
867 3.558715e-08
868 3.554153e-08
869 3.549595e-08
870 3.545043e-08
871 3.540496e-08
872 3.535954e-08
873 3.531418e-08
874 3.526887e-08
875 3.522361e-08
876 3.517840e-08
877 3.513324e-08
878 3.508814e-08
879 3.504308e-08
880 3.499808e-08
881 3.495313e-08
882 3.490823e-08
883 3.486338e-08
884 3.481858e-08
885 3.477383e-08
886 3.472913e-08
887 3.468449e-08
888 3.463989e-08
889 3.459534e-08
890 3.455085e-08
891 3.450640e-08
892 3.446201e-08
893 3.441766e-08
894 3.437336e-08
895 3.432912e-08
896 3.428492e-08
897 3.424077e-08
898 3.419667e-08
899 3.415481e-08
900 3.411299e-08
901 3.407122e-08
902 3.402950e-08
903 3.398783e-08
904 3.394619e-08
905 3.390461e-08
906 3.386307e-08
907 3.382158e-08
908 3.378013e-08
909 3.373873e-08
910 3.369738e-08
911 3.365607e-08
912 3.361480e-08
913 3.357358e-08
914 3.353241e-08
915 3.349128e-08
916 3.345020e-08
917 3.340916e-08
918 3.336816e-08
919 3.332721e-08
920 3.328630e-08
921 3.324544e-08
922 3.320463e-08
923 3.316386e-08
924 3.312313e-08
925 3.308244e-08
926 3.304180e-08
927 3.300121e-08
928 3.296065e-08
929 3.292015e-08
930 3.287968e-08
931 3.283926e-08
932 3.279888e-08
933 3.275855e-08
934 3.271826e-08
935 3.267801e-08
936 3.263781e-08
937 3.259765e-08
938 3.255753e-08
939 3.251745e-08
940 3.247741e-08
941 3.243742e-08
942 3.239747e-08
943 3.235757e-08
944 3.231771e-08
945 3.227789e-08
946 3.223811e-08
947 3.219837e-08
948 3.215868e-08
949 3.212097e-08
950 3.208331e-08
951 3.204569e-08
952 3.200810e-08
953 3.197056e-08
954 3.193305e-08
955 3.189559e-08
956 3.185816e-08
957 3.182078e-08
958 3.178343e-08
959 3.174612e-08
960 3.170885e-08
961 3.167162e-08
962 3.163443e-08
963 3.159727e-08
964 3.156016e-08
965 3.152308e-08
966 3.148605e-08
967 3.144905e-08
968 3.141209e-08
969 3.137516e-08
970 3.133828e-08
971 3.130143e-08
972 3.126462e-08
973 3.122785e-08
974 3.119112e-08
975 3.115442e-08
976 3.111777e-08
977 3.108115e-08
978 3.104456e-08
979 3.100802e-08
980 3.097151e-08
981 3.093504e-08
982 3.089861e-08
983 3.086221e-08
984 3.082585e-08
985 3.078953e-08
986 3.075324e-08
987 3.071699e-08
988 3.068078e-08
989 3.064461e-08
990 3.060847e-08
991 3.057237e-08
992 3.053630e-08
993 3.050027e-08
994 3.046428e-08
995 3.042832e-08
996 3.039240e-08
997 3.035652e-08
998 3.032067e-08
999 3.028486e-08
1000 3.024908e-08
1001 3.021506e-08
1002 3.018108e-08
1003 3.014714e-08
1004 3.011322e-08
1005 3.007935e-08
1006 3.004550e-08
1007 3.001169e-08
1008 2.997791e-08
1009 2.994417e-08
1010 2.991045e-08
1011 2.987678e-08
1012 2.984313e-08
1013 2.980952e-08
1014 2.977594e-08
1015 2.974240e-08
1016 2.970889e-08
1017 2.967541e-08
1018 2.964196e-08
1019 2.960855e-08
1020 2.957517e-08
1021 2.954182e-08
1022 2.950851e-08
1023 2.947522e-08
1024 2.944198e-08
1025 2.940876e-08
1026 2.937557e-08
1027 2.934242e-08
1028 2.930930e-08
1029 2.927621e-08
1030 2.924316e-08
1031 2.921013e-08
1032 2.917714e-08
1033 2.914418e-08
1034 2.911126e-08
1035 2.907836e-08
1036 2.904550e-08
1037 2.901266e-08
1038 2.897986e-08
1039 2.894709e-08
1040 2.891436e-08
1041 2.888165e-08
1042 2.884898e-08
1043 2.881633e-08
1044 2.878372e-08
1045 2.875114e-08
1046 2.871859e-08
1047 2.868607e-08
1048 2.865359e-08
1049 2.862113e-08
1050 2.858871e-08
1051 2.855631e-08
1052 2.852395e-08
1053 2.849162e-08
1054 2.845932e-08
1055 2.842704e-08
1056 2.839634e-08
1057 2.836566e-08
1058 2.833501e-08
1059 2.830439e-08
1060 2.827380e-08
1061 2.824324e-08
1062 2.821270e-08
1063 2.818220e-08
1064 2.815172e-08
1065 2.812128e-08
1066 2.809086e-08
1067 2.806047e-08
1068 2.803010e-08
1069 2.799977e-08
1070 2.796947e-08
1071 2.793919e-08
1072 2.790894e-08
1073 2.787872e-08
1074 2.784853e-08
1075 2.781836e-08
1076 2.778823e-08
1077 2.775812e-08
1078 2.772804e-08
1079 2.769799e-08
1080 2.766797e-08
1081 2.763797e-08
1082 2.760801e-08
1083 2.757806e-08
1084 2.754815e-08
1085 2.751826e-08
1086 2.748841e-08
1087 2.745858e-08
1088 2.742878e-08
1089 2.739900e-08
1090 2.736925e-08
1091 2.733953e-08
1092 2.730984e-08
1093 2.728017e-08
1094 2.725053e-08
1095 2.722092e-08
1096 2.719134e-08
1097 2.716178e-08
1098 2.713224e-08
1099 2.710274e-08
1100 2.707327e-08
1101 2.704382e-08
1102 2.701439e-08
1103 2.698499e-08
1104 2.695562e-08
1105 2.692628e-08
1106 2.689696e-08
1107 2.686767e-08
1108 2.683841e-08
1109 2.680917e-08
1110 2.677996e-08
1111 2.675078e-08
1112 2.672162e-08
1113 2.669387e-08
1114 2.666615e-08
1115 2.663846e-08
1116 2.661079e-08
1117 2.658314e-08
1118 2.655552e-08
1119 2.652792e-08
1120 2.650035e-08
1121 2.647280e-08
1122 2.644528e-08
1123 2.641778e-08
1124 2.639031e-08
1125 2.636286e-08
1126 2.633544e-08
1127 2.630804e-08
1128 2.628067e-08
1129 2.625331e-08
1130 2.622599e-08
1131 2.619868e-08
1132 2.617141e-08
1133 2.614415e-08
1134 2.611692e-08
1135 2.608971e-08
1136 2.606253e-08
1137 2.603537e-08
1138 2.600824e-08
1139 2.598113e-08
1140 2.595404e-08
1141 2.592698e-08
1142 2.589994e-08
1143 2.587292e-08
1144 2.584593e-08
1145 2.581896e-08
1146 2.579202e-08
1147 2.576509e-08
1148 2.573820e-08
1149 2.571132e-08
1150 2.568447e-08
1151 2.565764e-08
1152 2.563084e-08
1153 2.560406e-08
1154 2.557730e-08
1155 2.555056e-08
1156 2.552385e-08
1157 2.549716e-08
1158 2.547050e-08
1159 2.544386e-08
1160 2.541724e-08
1161 2.539064e-08
1162 2.536407e-08
1163 2.533752e-08
1164 2.531099e-08
1165 2.528448e-08
1166 2.525800e-08
1167 2.523154e-08
1168 2.520511e-08
1169 2.517869e-08
1170 2.515230e-08
1171 2.512593e-08
1172 2.509959e-08
1173 2.507326e-08
1174 2.504696e-08
1175 2.502193e-08
1176 2.499693e-08
1177 2.497195e-08
1178 2.494699e-08
1179 2.492205e-08
1180 2.489714e-08
1181 2.487224e-08
1182 2.484737e-08
1183 2.482251e-08
1184 2.479768e-08
1185 2.477286e-08
1186 2.474807e-08
1187 2.472331e-08
1188 2.469855e-08
1189 2.467383e-08
1190 2.464912e-08
1191 2.462443e-08
1192 2.459976e-08
1193 2.457512e-08
1194 2.455050e-08
1195 2.452589e-08
1196 2.450131e-08
1197 2.447674e-08
1198 2.445220e-08
1199 2.442768e-08
1200 2.440318e-08
1201 2.437870e-08
1202 2.435423e-08
1203 2.432979e-08
1204 2.430537e-08
1205 2.428097e-08
1206 2.425660e-08
1207 2.423223e-08
1208 2.420790e-08
1209 2.418358e-08
1210 2.415928e-08
1211 2.413500e-08
1212 2.411074e-08
1213 2.408650e-08
1214 2.406228e-08
1215 2.403808e-08
1216 2.401391e-08
1217 2.398975e-08
1218 2.396561e-08
1219 2.394149e-08
1220 2.391739e-08
1221 2.389331e-08
1222 2.386925e-08
1223 2.384521e-08
1224 2.382119e-08
1225 2.379719e-08
1226 2.377320e-08
1227 2.374924e-08
1228 2.372530e-08
1229 2.370138e-08
1230 2.367748e-08
1231 2.365359e-08
1232 2.362973e-08
1233 2.360588e-08
1234 2.358206e-08
1235 2.355825e-08
1236 2.353446e-08
1237 2.351070e-08
1238 2.348695e-08
1239 2.346435e-08
1240 2.344177e-08
1241 2.341920e-08
1242 2.339666e-08
1243 2.337413e-08
1244 2.335162e-08
1245 2.332913e-08
1246 2.330666e-08
1247 2.328420e-08
1248 2.326176e-08
1249 2.323934e-08
1250 2.321694e-08
1251 2.319456e-08
1252 2.317220e-08
1253 2.314985e-08
1254 2.312752e-08
1255 2.310521e-08
1256 2.308291e-08
1257 2.306064e-08
1258 2.303838e-08
1259 2.301614e-08
1260 2.299392e-08
1261 2.297171e-08
1262 2.294952e-08
1263 2.292735e-08
1264 2.290520e-08
1265 2.288306e-08
1266 2.286094e-08
1267 2.283885e-08
1268 2.281676e-08
1269 2.279470e-08
1270 2.277265e-08
1271 2.275062e-08
1272 2.272861e-08
1273 2.270661e-08
1274 2.268463e-08
1275 2.266267e-08
1276 2.264073e-08
1277 2.261880e-08
1278 2.259689e-08
1279 2.257500e-08
1280 2.255312e-08
1281 2.253126e-08
1282 2.250942e-08
1283 2.248760e-08
1284 2.246579e-08
1285 2.244400e-08
1286 2.242223e-08
1287 2.240047e-08
1288 2.237873e-08
1289 2.235701e-08
1290 2.233531e-08
1291 2.231361e-08
1292 2.229194e-08
1293 2.227029e-08
1294 2.224865e-08
1295 2.222703e-08
1296 2.220542e-08
1297 2.218384e-08
1298 2.216226e-08
1299 2.214071e-08
1300 2.211917e-08
1301 2.209765e-08
1302 2.207614e-08
1303 2.205465e-08
1304 2.203318e-08
1305 2.201172e-08
1306 2.199029e-08
1307 2.196990e-08
1308 2.194952e-08
1309 2.192916e-08
1310 2.190882e-08
1311 2.188849e-08
1312 2.186818e-08
1313 2.184788e-08
1314 2.182759e-08
1315 2.180733e-08
1316 2.178708e-08
1317 2.176684e-08
1318 2.174662e-08
1319 2.172642e-08
1320 2.170623e-08
1321 2.168605e-08
1322 2.166589e-08
1323 2.164575e-08
1324 2.162562e-08
1325 2.160551e-08
1326 2.158541e-08
1327 2.156533e-08
1328 2.154526e-08
1329 2.152521e-08
1330 2.150517e-08
1331 2.148515e-08
1332 2.146514e-08
1333 2.144514e-08
1334 2.142517e-08
1335 2.140520e-08
1336 2.138526e-08
1337 2.136532e-08
1338 2.134541e-08
1339 2.132550e-08
1340 2.130562e-08
1341 2.128574e-08
1342 2.126589e-08
1343 2.124604e-08
1344 2.122621e-08
1345 2.120640e-08
1346 2.118660e-08
1347 2.116682e-08
1348 2.114705e-08
1349 2.112729e-08
1350 2.110755e-08
1351 2.108782e-08
1352 2.106811e-08
1353 2.104841e-08
1354 2.102873e-08
1355 2.100907e-08
1356 2.098941e-08
1357 2.096977e-08
1358 2.095015e-08
1359 2.093054e-08
1360 2.091095e-08
1361 2.089137e-08
1362 2.087180e-08
1363 2.085225e-08
1364 2.083271e-08
1365 2.081319e-08
1366 2.079368e-08
1367 2.077418e-08
1368 2.075470e-08
1369 2.073524e-08
1370 2.071578e-08
1371 2.069634e-08
1372 2.067692e-08
1373 2.065751e-08
1374 2.063812e-08
1375 2.061874e-08
1376 2.059937e-08
1377 2.058002e-08
1378 2.056068e-08
1379 2.054229e-08
1380 2.052391e-08
1381 2.050555e-08
1382 2.048720e-08
1383 2.046887e-08
1384 2.045055e-08
1385 2.043224e-08
1386 2.041394e-08
1387 2.039566e-08
1388 2.037739e-08
1389 2.035914e-08
1390 2.034090e-08
1391 2.032267e-08
1392 2.030445e-08
1393 2.028625e-08
1394 2.026806e-08
1395 2.024988e-08
1396 2.023171e-08
1397 2.021356e-08
1398 2.019543e-08
1399 2.017730e-08
1400 2.015919e-08
1401 2.014109e-08
1402 2.012300e-08
1403 2.010493e-08
1404 2.008687e-08
1405 2.006882e-08
1406 2.005079e-08
1407 2.003277e-08
1408 2.001476e-08
1409 1.999676e-08
1410 1.997878e-08
1411 1.996081e-08
1412 1.994285e-08
1413 1.992490e-08
1414 1.990697e-08
1415 1.988905e-08
1416 1.987114e-08
1417 1.985325e-08
1418 1.983537e-08
1419 1.981750e-08
1420 1.979964e-08
1421 1.978180e-08
1422 1.976396e-08
1423 1.974614e-08
1424 1.972834e-08
1425 1.971055e-08
1426 1.969276e-08
1427 1.967500e-08
1428 1.965724e-08
1429 1.963949e-08
1430 1.962176e-08
1431 1.960404e-08
1432 1.958634e-08
1433 1.956864e-08
1434 1.955096e-08
1435 1.953329e-08
1436 1.951563e-08
1437 1.949799e-08
1438 1.948035e-08
1439 1.946273e-08
1440 1.944512e-08
1441 1.942753e-08
1442 1.940995e-08
1443 1.939237e-08
1444 1.937481e-08
1445 1.935727e-08
1446 1.933973e-08
1447 1.932221e-08
1448 1.930470e-08
1449 1.928720e-08
1450 1.926971e-08
1451 1.925224e-08
1452 1.923477e-08
1453 1.921732e-08
1454 1.920074e-08
1455 1.918417e-08
1456 1.916761e-08
1457 1.915106e-08
1458 1.913452e-08
1459 1.911799e-08
1460 1.910148e-08
1461 1.908498e-08
1462 1.906848e-08
1463 1.905200e-08
1464 1.903553e-08
1465 1.901908e-08
1466 1.900263e-08
1467 1.898619e-08
1468 1.896977e-08
1469 1.895335e-08
1470 1.893695e-08
1471 1.892056e-08
1472 1.890418e-08
1473 1.888781e-08
1474 1.887145e-08
1475 1.885511e-08
1476 1.883877e-08
1477 1.882244e-08
1478 1.880613e-08
1479 1.878983e-08
1480 1.877354e-08
1481 1.875726e-08
1482 1.874099e-08
1483 1.872473e-08
1484 1.870848e-08
1485 1.869224e-08
1486 1.867602e-08
1487 1.865980e-08
1488 1.864360e-08
1489 1.862741e-08
1490 1.861123e-08
1491 1.859505e-08
1492 1.857889e-08
1493 1.856275e-08
1494 1.854660e-08
1495 1.853048e-08
1496 1.851436e-08
1497 1.849826e-08
1498 1.848216e-08
1499 1.846607e-08
1500 1.845000e-08
1501 1.843394e-08
1502 1.841788e-08
1503 1.840184e-08
1504 1.838581e-08
1505 1.836979e-08
1506 1.835378e-08
1507 1.833778e-08
1508 1.832179e-08
1509 1.830581e-08
1510 1.828985e-08
1511 1.827389e-08
1512 1.825794e-08
1513 1.824201e-08
1514 1.822608e-08
1515 1.821017e-08
1516 1.819426e-08
1517 1.817837e-08
1518 1.816249e-08
1519 1.814662e-08
1520 1.813075e-08
1521 1.811490e-08
1522 1.809906e-08
1523 1.808323e-08
1524 1.806741e-08
1525 1.805160e-08
1526 1.803580e-08
1527 1.802001e-08
1528 1.800423e-08
1529 1.798846e-08
1530 1.797270e-08
1531 1.795695e-08
1532 1.794121e-08
1533 1.792549e-08
1534 1.791056e-08
1535 1.789564e-08
1536 1.788074e-08
1537 1.786584e-08
1538 1.785095e-08
1539 1.783607e-08
1540 1.782121e-08
1541 1.780635e-08
1542 1.779150e-08
1543 1.777666e-08
1544 1.776183e-08
1545 1.774701e-08
1546 1.773220e-08
1547 1.771740e-08
1548 1.770261e-08
1549 1.768782e-08
1550 1.767305e-08
1551 1.765829e-08
1552 1.764354e-08
1553 1.762879e-08
1554 1.761406e-08
1555 1.759934e-08
1556 1.758462e-08
1557 1.756992e-08
1558 1.755522e-08
1559 1.754053e-08
1560 1.752586e-08
1561 1.751119e-08
1562 1.749653e-08
1563 1.748188e-08
1564 1.746724e-08
1565 1.745261e-08
1566 1.743799e-08
1567 1.742338e-08
1568 1.740877e-08
1569 1.739418e-08
1570 1.737960e-08
1571 1.736502e-08
1572 1.735046e-08
1573 1.733590e-08
1574 1.732136e-08
1575 1.730682e-08
1576 1.729229e-08
1577 1.727777e-08
1578 1.726326e-08
1579 1.724876e-08
1580 1.723427e-08
1581 1.721979e-08
1582 1.720531e-08
1583 1.719085e-08
1584 1.717640e-08
1585 1.716195e-08
1586 1.714751e-08
1587 1.713309e-08
1588 1.711867e-08
1589 1.710426e-08
1590 1.708986e-08
1591 1.707546e-08
1592 1.706108e-08
1593 1.704671e-08
1594 1.703235e-08
1595 1.701799e-08
1596 1.700365e-08
1597 1.698931e-08
1598 1.697498e-08
1599 1.696066e-08
1600 1.694635e-08
1601 1.693205e-08
1602 1.691776e-08
1603 1.690347e-08
1604 1.688920e-08
1605 1.687494e-08
1606 1.686068e-08
1607 1.684643e-08
1608 1.683219e-08
1609 1.681796e-08
1610 1.680374e-08
1611 1.678953e-08
1612 1.677533e-08
1613 1.676113e-08
1614 1.674695e-08
1615 1.673277e-08
1616 1.671860e-08
1617 1.670444e-08
1618 1.669029e-08
1619 1.667687e-08
1620 1.666346e-08
1621 1.665005e-08
1622 1.663666e-08
1623 1.662327e-08
1624 1.660989e-08
1625 1.659652e-08
1626 1.658316e-08
1627 1.656980e-08
1628 1.655646e-08
1629 1.654312e-08
1630 1.652979e-08
1631 1.651647e-08
1632 1.650315e-08
1633 1.648985e-08
1634 1.647655e-08
1635 1.646326e-08
1636 1.644998e-08
1637 1.643671e-08
1638 1.642344e-08
1639 1.641019e-08
1640 1.639694e-08
1641 1.638370e-08
1642 1.637047e-08
1643 1.635724e-08
1644 1.634403e-08
1645 1.633082e-08
1646 1.631762e-08
1647 1.630443e-08
1648 1.629124e-08
1649 1.627807e-08
1650 1.626490e-08
1651 1.625174e-08
1652 1.623859e-08
1653 1.622544e-08
1654 1.621231e-08
1655 1.619918e-08
1656 1.618606e-08
1657 1.617295e-08
1658 1.615984e-08
1659 1.614674e-08
1660 1.613366e-08
1661 1.612057e-08
1662 1.610750e-08
1663 1.609444e-08
1664 1.608138e-08
1665 1.606833e-08
1666 1.605529e-08
1667 1.604225e-08
1668 1.602923e-08
1669 1.601621e-08
1670 1.600320e-08
1671 1.599020e-08
1672 1.597720e-08
1673 1.596422e-08
1674 1.595124e-08
1675 1.593827e-08
1676 1.592530e-08
1677 1.591235e-08
1678 1.589940e-08
1679 1.588646e-08
1680 1.587353e-08
1681 1.586060e-08
1682 1.584768e-08
1683 1.583477e-08
1684 1.582187e-08
1685 1.580898e-08
1686 1.579609e-08
1687 1.578321e-08
1688 1.577034e-08
1689 1.575748e-08
1690 1.574462e-08
1691 1.573177e-08
1692 1.571893e-08
1693 1.570610e-08
1694 1.569327e-08
1695 1.568045e-08
1696 1.566764e-08
1697 1.565484e-08
1698 1.564205e-08
1699 1.562926e-08
1700 1.561648e-08
1701 1.560370e-08
1702 1.559094e-08
1703 1.557818e-08
1704 1.556543e-08
1705 1.555269e-08
1706 1.553995e-08
1707 1.552788e-08
1708 1.551582e-08
1709 1.550377e-08
1710 1.549173e-08
1711 1.547969e-08
1712 1.546766e-08
1713 1.545563e-08
1714 1.544361e-08
1715 1.543160e-08
1716 1.541960e-08
1717 1.540760e-08
1718 1.539561e-08
1719 1.538363e-08
1720 1.537165e-08
1721 1.535969e-08
1722 1.534772e-08
1723 1.533577e-08
1724 1.532382e-08
1725 1.531188e-08
1726 1.529995e-08
1727 1.528802e-08
1728 1.527610e-08
1729 1.526419e-08
1730 1.525228e-08
1731 1.524038e-08
1732 1.522849e-08
1733 1.521660e-08
1734 1.520472e-08
1735 1.519285e-08
1736 1.518098e-08
1737 1.516913e-08
1738 1.515727e-08
1739 1.514543e-08
1740 1.513359e-08
1741 1.512176e-08
1742 1.510993e-08
1743 1.509812e-08
1744 1.508631e-08
1745 1.507450e-08
1746 1.506270e-08
1747 1.505091e-08
1748 1.503913e-08
1749 1.502735e-08
1750 1.501558e-08
1751 1.500382e-08
1752 1.499206e-08
1753 1.498031e-08
1754 1.496857e-08
1755 1.495683e-08
1756 1.494510e-08
1757 1.493338e-08
1758 1.492166e-08
1759 1.490995e-08
1760 1.489825e-08
1761 1.488655e-08
1762 1.487486e-08
1763 1.486318e-08
1764 1.485150e-08
1765 1.483983e-08
1766 1.482817e-08
1767 1.481651e-08
1768 1.480486e-08
1769 1.479322e-08
1770 1.478158e-08
1771 1.476995e-08
1772 1.475833e-08
1773 1.474671e-08
1774 1.473510e-08
1775 1.472349e-08
1776 1.471190e-08
1777 1.470030e-08
1778 1.468872e-08
1779 1.467714e-08
1780 1.466557e-08
1781 1.465400e-08
1782 1.464245e-08
1783 1.463089e-08
1784 1.461935e-08
1785 1.460781e-08
1786 1.459628e-08
1787 1.458475e-08
1788 1.457323e-08
1789 1.456172e-08
1790 1.455021e-08
1791 1.453871e-08
1792 1.452721e-08
1793 1.451573e-08
1794 1.450424e-08
1795 1.449277e-08
1796 1.448130e-08
1797 1.446984e-08
1798 1.445838e-08
1799 1.444693e-08
1800 1.443549e-08
1801 1.442467e-08
1802 1.441385e-08
1803 1.440303e-08
1804 1.439222e-08
1805 1.438142e-08
1806 1.437063e-08
1807 1.435984e-08
1808 1.434905e-08
1809 1.433827e-08
1810 1.432750e-08
1811 1.431673e-08
1812 1.430597e-08
1813 1.429522e-08
1814 1.428447e-08
1815 1.427373e-08
1816 1.426299e-08
1817 1.425226e-08
1818 1.424153e-08
1819 1.423082e-08
1820 1.422010e-08
1821 1.420940e-08
1822 1.419870e-08
1823 1.418800e-08
1824 1.417731e-08
1825 1.416663e-08
1826 1.415595e-08
1827 1.414528e-08
1828 1.413461e-08
1829 1.412395e-08
1830 1.411329e-08
1831 1.410265e-08
1832 1.409200e-08
1833 1.408136e-08
1834 1.407074e-08
1835 1.406011e-08
1836 1.404949e-08
1837 1.403888e-08
1838 1.402827e-08
1839 1.401767e-08
1840 1.400707e-08
1841 1.399648e-08
1842 1.398589e-08
1843 1.397531e-08
1844 1.396474e-08
1845 1.395417e-08
1846 1.394361e-08
1847 1.393305e-08
1848 1.392250e-08
1849 1.391196e-08
1850 1.390142e-08
1851 1.389089e-08
1852 1.388036e-08
1853 1.386983e-08
1854 1.385932e-08
1855 1.384881e-08
1856 1.383830e-08
1857 1.382780e-08
1858 1.381731e-08
1859 1.380682e-08
1860 1.379634e-08
1861 1.378586e-08
1862 1.377539e-08
1863 1.376492e-08
1864 1.375446e-08
1865 1.374401e-08
1866 1.373356e-08
1867 1.372312e-08
1868 1.371268e-08
1869 1.370225e-08
1870 1.369182e-08
1871 1.368140e-08
1872 1.367098e-08
1873 1.366057e-08
1874 1.365017e-08
1875 1.363977e-08
1876 1.362938e-08
1877 1.361899e-08
1878 1.360861e-08
1879 1.359823e-08
1880 1.358786e-08
1881 1.357750e-08
1882 1.356714e-08
1883 1.355678e-08
1884 1.354643e-08
1885 1.353609e-08
1886 1.352575e-08
1887 1.351542e-08
1888 1.350509e-08
1889 1.349477e-08
1890 1.348446e-08
1891 1.347415e-08
1892 1.346384e-08
1893 1.345354e-08
1894 1.344325e-08
1895 1.343296e-08
1896 1.342267e-08
1897 1.341240e-08
1898 1.340212e-08
1899 1.339186e-08
1900 1.338216e-08
1901 1.337246e-08
1902 1.336277e-08
1903 1.335308e-08
1904 1.334340e-08
1905 1.333372e-08
1906 1.332405e-08
1907 1.331439e-08
1908 1.330472e-08
1909 1.329507e-08
1910 1.328542e-08
1911 1.327577e-08
1912 1.326613e-08
1913 1.325649e-08
1914 1.324686e-08
1915 1.323724e-08
1916 1.322762e-08
1917 1.321800e-08
1918 1.320839e-08
1919 1.319879e-08
1920 1.318918e-08
1921 1.317959e-08
1922 1.317000e-08
1923 1.316041e-08
1924 1.315083e-08
1925 1.314126e-08
1926 1.313169e-08
1927 1.312212e-08
1928 1.311256e-08
1929 1.310300e-08
1930 1.309345e-08
1931 1.308391e-08
1932 1.307437e-08
1933 1.306483e-08
1934 1.305530e-08
1935 1.304577e-08
1936 1.303625e-08
1937 1.302673e-08
1938 1.301722e-08
1939 1.300772e-08
1940 1.299822e-08
1941 1.298872e-08
1942 1.297923e-08
1943 1.296974e-08
1944 1.296026e-08
1945 1.295078e-08
1946 1.294131e-08
1947 1.293184e-08
1948 1.292238e-08
1949 1.291292e-08
1950 1.290347e-08
1951 1.289402e-08
1952 1.288458e-08
1953 1.287514e-08
1954 1.286571e-08
1955 1.285628e-08
1956 1.284685e-08
1957 1.283743e-08
1958 1.282802e-08
1959 1.281861e-08
1960 1.280921e-08
1961 1.279981e-08
1962 1.279041e-08
1963 1.278102e-08
1964 1.277164e-08
1965 1.276226e-08
1966 1.275288e-08
1967 1.274351e-08
1968 1.273414e-08
1969 1.272478e-08
1970 1.271542e-08
1971 1.270607e-08
1972 1.269673e-08
1973 1.268738e-08
1974 1.267804e-08
1975 1.266871e-08
1976 1.265938e-08
1977 1.265006e-08
1978 1.264074e-08
1979 1.263143e-08
1980 1.262212e-08
1981 1.261281e-08
1982 1.260351e-08
1983 1.259422e-08
1984 1.258493e-08
1985 1.257564e-08
1986 1.256636e-08
1987 1.255708e-08
1988 1.254781e-08
1989 1.253854e-08
1990 1.252928e-08
1991 1.252002e-08
1992 1.251077e-08
1993 1.250152e-08
1994 1.249228e-08
1995 1.248304e-08
1996 1.247380e-08
1997 1.246457e-08
1998 1.245535e-08
1999 1.244613e-08
2000 1.243691e-08
2001 1.242770e-08
2002 1.241849e-08
2003 1.240929e-08
2004 1.240061e-08
2005 1.239193e-08
2006 1.238326e-08
2007 1.237459e-08
2008 1.236593e-08
2009 1.235727e-08
2010 1.234861e-08
2011 1.233996e-08
2012 1.233131e-08
2013 1.232267e-08
2014 1.231403e-08
2015 1.230540e-08
2016 1.229677e-08
2017 1.228815e-08
2018 1.227953e-08
2019 1.227091e-08
2020 1.226230e-08
2021 1.225369e-08
2022 1.224508e-08
2023 1.223648e-08
2024 1.222789e-08
2025 1.221930e-08
2026 1.221071e-08
2027 1.220213e-08
2028 1.219355e-08
2029 1.218498e-08
2030 1.217641e-08
2031 1.216784e-08
2032 1.215928e-08
2033 1.215072e-08
2034 1.214217e-08
2035 1.213362e-08
2036 1.212508e-08
2037 1.211654e-08
2038 1.210800e-08
2039 1.209947e-08
2040 1.209094e-08
2041 1.208242e-08
2042 1.207390e-08
2043 1.206538e-08
2044 1.205687e-08
2045 1.204836e-08
2046 1.203986e-08
2047 1.203136e-08
2048 1.202287e-08
2049 1.201438e-08
2050 1.200589e-08
2051 1.199741e-08
2052 1.198893e-08
2053 1.198046e-08
2054 1.197199e-08
2055 1.196352e-08
2056 1.195506e-08
2057 1.194660e-08
2058 1.193815e-08
2059 1.192970e-08
2060 1.192126e-08
2061 1.191282e-08
2062 1.190438e-08
2063 1.189595e-08
2064 1.188752e-08
2065 1.187909e-08
2066 1.187067e-08
2067 1.186226e-08
2068 1.185385e-08
2069 1.184544e-08
2070 1.183703e-08
2071 1.182863e-08
2072 1.182024e-08
2073 1.181185e-08
2074 1.180346e-08
2075 1.179507e-08
2076 1.178669e-08
2077 1.177832e-08
2078 1.176995e-08
2079 1.176158e-08
2080 1.175321e-08
2081 1.174486e-08
2082 1.173650e-08
2083 1.172815e-08
2084 1.171980e-08
2085 1.171146e-08
2086 1.170312e-08
2087 1.169478e-08
2088 1.168645e-08
2089 1.167812e-08
2090 1.166980e-08
2091 1.166148e-08
2092 1.165316e-08
2093 1.164485e-08
2094 1.163655e-08
2095 1.162824e-08
2096 1.161994e-08
2097 1.161165e-08
2098 1.160335e-08
2099 1.159507e-08
2100 1.158678e-08
2101 1.157850e-08
2102 1.157023e-08
2103 1.156195e-08
2104 1.155369e-08
2105 1.154542e-08
2106 1.153716e-08
2107 1.152890e-08
2108 1.152065e-08
2109 1.151240e-08
2110 1.150416e-08
2111 1.149592e-08
2112 1.148768e-08
2113 1.147945e-08
2114 1.147122e-08
2115 1.146347e-08
2116 1.145572e-08
2117 1.144798e-08
2118 1.144024e-08
2119 1.143250e-08
2120 1.142477e-08
2121 1.141704e-08
2122 1.140932e-08
2123 1.140160e-08
2124 1.139388e-08
2125 1.138617e-08
2126 1.137846e-08
2127 1.137075e-08
2128 1.136305e-08
2129 1.135535e-08
2130 1.134765e-08
2131 1.133996e-08
2132 1.133227e-08
2133 1.132459e-08
2134 1.131691e-08
2135 1.130923e-08
2136 1.130155e-08
2137 1.129388e-08
2138 1.128622e-08
2139 1.127855e-08
2140 1.127089e-08
2141 1.126324e-08
2142 1.125559e-08
2143 1.124794e-08
2144 1.124029e-08
2145 1.123265e-08
2146 1.122501e-08
2147 1.121738e-08
2148 1.120975e-08
2149 1.120212e-08
2150 1.119449e-08
2151 1.118687e-08
2152 1.117926e-08
2153 1.117164e-08
2154 1.116403e-08
2155 1.115643e-08
2156 1.114882e-08
2157 1.114123e-08
2158 1.113363e-08
2159 1.112604e-08
2160 1.111845e-08
2161 1.111086e-08
2162 1.110328e-08
2163 1.109570e-08
2164 1.108813e-08
2165 1.108056e-08
2166 1.107299e-08
2167 1.106543e-08
2168 1.105787e-08
2169 1.105031e-08
2170 1.104276e-08
2171 1.103520e-08
2172 1.102766e-08
2173 1.102012e-08
2174 1.101258e-08
2175 1.100504e-08
2176 1.099751e-08
2177 1.098998e-08
2178 1.098245e-08
2179 1.097493e-08
2180 1.096741e-08
2181 1.095989e-08
2182 1.095238e-08
2183 1.094487e-08
2184 1.093737e-08
2185 1.092987e-08
2186 1.092237e-08
2187 1.091487e-08
2188 1.090738e-08
2189 1.089989e-08
2190 1.089241e-08
2191 1.088493e-08
2192 1.087745e-08
2193 1.086998e-08
2194 1.086250e-08
2195 1.085504e-08
2196 1.084757e-08
2197 1.084011e-08
2198 1.083265e-08
2199 1.082520e-08
2200 1.081775e-08
2201 1.081030e-08
2202 1.080286e-08
2203 1.079542e-08
2204 1.078798e-08
2205 1.078055e-08
2206 1.077312e-08
2207 1.076569e-08
2208 1.075827e-08
2209 1.075085e-08
2210 1.074343e-08
2211 1.073602e-08
2212 1.072861e-08
2213 1.072120e-08
2214 1.071380e-08
2215 1.070640e-08
2216 1.069900e-08
2217 1.069161e-08
2218 1.068422e-08
2219 1.067683e-08
2220 1.066945e-08
2221 1.066207e-08
2222 1.065469e-08
2223 1.064732e-08
2224 1.063994e-08
2225 1.063258e-08
2226 1.062521e-08
2227 1.061785e-08
2228 1.061050e-08
2229 1.060314e-08
2230 1.059579e-08
2231 1.058888e-08
2232 1.058197e-08
2233 1.057506e-08
2234 1.056816e-08
2235 1.056126e-08
2236 1.055436e-08
2237 1.054746e-08
2238 1.054057e-08
2239 1.053368e-08
2240 1.052679e-08
2241 1.051991e-08
2242 1.051303e-08
2243 1.050615e-08
2244 1.049928e-08
2245 1.049241e-08
2246 1.048554e-08
2247 1.047868e-08
2248 1.047182e-08
2249 1.046496e-08
2250 1.045810e-08
2251 1.045125e-08
2252 1.044440e-08
2253 1.043755e-08
2254 1.043071e-08
2255 1.042387e-08
2256 1.041703e-08
2257 1.041020e-08
2258 1.040337e-08
2259 1.039654e-08
2260 1.038971e-08
2261 1.038289e-08
2262 1.037607e-08
2263 1.036926e-08
2264 1.036245e-08
2265 1.035563e-08
2266 1.034883e-08
2267 1.034202e-08
2268 1.033522e-08
2269 1.032843e-08
2270 1.032163e-08
2271 1.031484e-08
2272 1.030805e-08
2273 1.030126e-08
2274 1.029448e-08
2275 1.028770e-08
2276 1.028092e-08
2277 1.027415e-08
2278 1.026738e-08
2279 1.026061e-08
2280 1.025384e-08
2281 1.024708e-08
2282 1.024032e-08
2283 1.023357e-08
2284 1.022681e-08
2285 1.022006e-08
2286 1.021331e-08
2287 1.020657e-08
2288 1.019983e-08
2289 1.019309e-08
2290 1.018635e-08
2291 1.017962e-08
2292 1.017289e-08
2293 1.016616e-08
2294 1.015944e-08
2295 1.015272e-08
2296 1.014600e-08
2297 1.013929e-08
2298 1.013257e-08
2299 1.012587e-08
2300 1.011916e-08
2301 1.011246e-08
2302 1.010575e-08
2303 1.009906e-08
2304 1.009236e-08
2305 1.008567e-08
2306 1.007898e-08
2307 1.007230e-08
2308 1.006561e-08
2309 1.005893e-08
2310 1.005226e-08
2311 1.004558e-08
2312 1.003891e-08
2313 1.003224e-08
2314 1.002558e-08
2315 1.001891e-08
2316 1.001225e-08
2317 1.000560e-08
2318 9.998941e-09
2319 9.992291e-09
2320 9.985641e-09
2321 9.978996e-09
2322 9.972354e-09
2323 9.965713e-09
2324 9.959077e-09
2325 9.952442e-09
2326 9.945811e-09
2327 9.939183e-09
2328 9.932557e-09
2329 9.925935e-09
2330 9.919314e-09
2331 9.912697e-09
2332 9.906084e-09
2333 9.899471e-09
2334 9.892863e-09
2335 9.886257e-09
2336 9.879654e-09
2337 9.873055e-09
2338 9.866457e-09
2339 9.859863e-09
2340 9.853270e-09
2341 9.846682e-09
2342 9.840097e-09
2343 9.833513e-09
2344 9.826933e-09
2345 9.820356e-09
2346 9.813780e-09
2347 9.807209e-09
2348 9.800639e-09
2349 9.794073e-09
2350 9.787510e-09
2351 9.780949e-09
2352 9.774391e-09
2353 9.768236e-09
2354 9.762083e-09
2355 9.755933e-09
2356 9.749785e-09
2357 9.743640e-09
2358 9.737495e-09
2359 9.731356e-09
2360 9.725218e-09
2361 9.719084e-09
2362 9.712952e-09
2363 9.706822e-09
2364 9.700695e-09
2365 9.694571e-09
2366 9.688449e-09
2367 9.682330e-09
2368 9.676212e-09
2369 9.670098e-09
2370 9.663986e-09
2371 9.657878e-09
2372 9.651771e-09
2373 9.645668e-09
2374 9.639567e-09
2375 9.633468e-09
2376 9.627372e-09
2377 9.621279e-09
2378 9.615186e-09
2379 9.609098e-09
2380 9.603012e-09
2381 9.596929e-09
2382 9.590849e-09
2383 9.584771e-09
2384 9.578695e-09
2385 9.572622e-09
2386 9.566552e-09
2387 9.560484e-09
2388 9.554417e-09
2389 9.548354e-09
2390 9.542294e-09
2391 9.536236e-09
2392 9.530181e-09
2393 9.524129e-09
2394 9.518079e-09
2395 9.512031e-09
2396 9.505986e-09
2397 9.499942e-09
2398 9.493902e-09
2399 9.487864e-09
2400 9.481829e-09
2401 9.475797e-09
2402 9.469767e-09
2403 9.463740e-09
2404 9.457715e-09
2405 9.451692e-09
2406 9.445673e-09
2407 9.439653e-09
2408 9.433639e-09
2409 9.427626e-09
2410 9.421616e-09
2411 9.415609e-09
2412 9.409604e-09
2413 9.403602e-09
2414 9.397602e-09
2415 9.391604e-09
2416 9.385609e-09
2417 9.379615e-09
2418 9.373625e-09
2419 9.367638e-09
2420 9.361653e-09
2421 9.355670e-09
2422 9.349690e-09
2423 9.343712e-09
2424 9.337737e-09
2425 9.331765e-09
2426 9.325794e-09
2427 9.319825e-09
2428 9.313860e-09
2429 9.307897e-09
2430 9.301936e-09
2431 9.295978e-09
2432 9.290023e-09
2433 9.284070e-09
2434 9.278119e-09
2435 9.272171e-09
2436 9.266225e-09
2437 9.260281e-09
2438 9.254340e-09
2439 9.248401e-09
2440 9.242465e-09
2441 9.236532e-09
2442 9.230601e-09
2443 9.224672e-09
2444 9.218746e-09
2445 9.212822e-09
2446 9.206899e-09
2447 9.200980e-09
2448 9.195064e-09
2449 9.189150e-09
2450 9.183238e-09
2451 9.177329e-09
2452 9.171422e-09
2453 9.165517e-09
2454 9.159615e-09
2455 9.153715e-09
2456 9.147817e-09
2457 9.141922e-09
2458 9.136029e-09
2459 9.130139e-09
2460 9.124252e-09
2461 9.118366e-09
2462 9.112483e-09
2463 9.106603e-09
2464 9.100725e-09
2465 9.094849e-09
2466 9.088974e-09
2467 9.083103e-09
2468 9.077235e-09
2469 9.071368e-09
2470 9.065505e-09
2471 9.059643e-09
2472 9.053784e-09
2473 9.047927e-09
2474 9.042073e-09
2475 9.036221e-09
2476 9.030370e-09
2477 9.024523e-09
2478 9.018678e-09
2479 9.012835e-09
2480 9.006995e-09
2481 9.001157e-09
2482 8.995684e-09
2483 8.990211e-09
2484 8.984742e-09
2485 8.979273e-09
2486 8.973808e-09
2487 8.968344e-09
2488 8.962884e-09
2489 8.957424e-09
2490 8.951968e-09
2491 8.946513e-09
2492 8.941061e-09
2493 8.935610e-09
2494 8.930163e-09
2495 8.924716e-09
2496 8.919273e-09
2497 8.913831e-09
2498 8.908393e-09
2499 8.902955e-09
2500 8.897520e-09
2501 8.892087e-09
2502 8.886657e-09
2503 8.881228e-09
2504 8.875802e-09
2505 8.870377e-09
2506 8.864956e-09
2507 8.859536e-09
2508 8.854119e-09
2509 8.848703e-09
2510 8.843290e-09
2511 8.837878e-09
2512 8.832470e-09
2513 8.827063e-09
2514 8.821659e-09
2515 8.816255e-09
2516 8.810856e-09
2517 8.805457e-09
2518 8.800062e-09
2519 8.794667e-09
2520 8.789276e-09
2521 8.783885e-09
2522 8.778497e-09
2523 8.773113e-09
2524 8.767728e-09
2525 8.762348e-09
2526 8.756968e-09
2527 8.751592e-09
2528 8.746217e-09
2529 8.740845e-09
2530 8.735474e-09
2531 8.730106e-09
2532 8.724739e-09
2533 8.719376e-09
2534 8.714013e-09
2535 8.708654e-09
2536 8.703296e-09
2537 8.697941e-09
2538 8.692586e-09
2539 8.687236e-09
2540 8.681886e-09
2541 8.676539e-09
2542 8.671193e-09
2543 8.665851e-09
2544 8.660509e-09
2545 8.655171e-09
2546 8.649834e-09
2547 8.644500e-09
2548 8.639167e-09
2549 8.633837e-09
2550 8.628508e-09
2551 8.623183e-09
2552 8.617858e-09
2553 8.612537e-09
2554 8.607216e-09
2555 8.601899e-09
2556 8.596582e-09
2557 8.591269e-09
2558 8.585957e-09
2559 8.580648e-09
2560 8.575340e-09
2561 8.570035e-09
2562 8.564731e-09
2563 8.559430e-09
2564 8.554130e-09
2565 8.548834e-09
2566 8.543538e-09
2567 8.538246e-09
2568 8.532954e-09
2569 8.527666e-09
2570 8.522379e-09
2571 8.517095e-09
2572 8.511811e-09
2573 8.506531e-09
2574 8.501252e-09
2575 8.495976e-09
2576 8.490701e-09
2577 8.485429e-09
2578 8.480158e-09
2579 8.474890e-09
2580 8.469623e-09
2581 8.464360e-09
2582 8.459097e-09
2583 8.453837e-09
2584 8.448578e-09
2585 8.443323e-09
2586 8.438068e-09
2587 8.432817e-09
2588 8.427566e-09
2589 8.422319e-09
2590 8.417072e-09
2591 8.411829e-09
2592 8.406586e-09
2593 8.401347e-09
2594 8.396108e-09
2595 8.390873e-09
2596 8.385639e-09
2597 8.380408e-09
2598 8.375177e-09
2599 8.369950e-09
2600 8.364723e-09
2601 8.359500e-09
2602 8.354278e-09
2603 8.349059e-09
2604 8.343840e-09
2605 8.338625e-09
2606 8.333411e-09
2607 8.328200e-09
2608 8.322989e-09
2609 8.317782e-09
2610 8.312576e-09
2611 8.307373e-09
2612 8.302170e-09
2613 8.296971e-09
2614 8.291773e-09
2615 8.286578e-09
2616 8.281383e-09
2617 8.276192e-09
2618 8.271001e-09
2619 8.266151e-09
2620 8.261303e-09
2621 8.256456e-09
2622 8.251612e-09
2623 8.246770e-09
2624 8.241929e-09
2625 8.237091e-09
2626 8.232253e-09
2627 8.227418e-09
2628 8.222584e-09
2629 8.217753e-09
2630 8.212924e-09
2631 8.208096e-09
2632 8.203270e-09
2633 8.198445e-09
2634 8.193624e-09
2635 8.188802e-09
2636 8.183984e-09
2637 8.179168e-09
2638 8.174352e-09
2639 8.169540e-09
2640 8.164728e-09
2641 8.159919e-09
2642 8.155110e-09
2643 8.150305e-09
2644 8.145501e-09
2645 8.140698e-09
2646 8.135899e-09
2647 8.131099e-09
2648 8.126303e-09
2649 8.121507e-09
2650 8.116715e-09
2651 8.111924e-09
2652 8.107133e-09
2653 8.102346e-09
2654 8.097560e-09
2655 8.092776e-09
2656 8.087993e-09
2657 8.083213e-09
2658 8.078435e-09
2659 8.073657e-09
2660 8.068883e-09
2661 8.064108e-09
2662 8.059337e-09
2663 8.054567e-09
2664 8.049799e-09
2665 8.045034e-09
2666 8.040269e-09
2667 8.035507e-09
2668 8.030745e-09
2669 8.025987e-09
2670 8.021229e-09
2671 8.016474e-09
2672 8.011721e-09
2673 8.006968e-09
2674 8.002218e-09
2675 7.997469e-09
2676 7.992723e-09
2677 7.987978e-09
2678 7.983235e-09
2679 7.978495e-09
2680 7.973754e-09
2681 7.969017e-09
2682 7.964280e-09
2683 7.959547e-09
2684 7.954814e-09
2685 7.950084e-09
2686 7.945355e-09
2687 7.940627e-09
2688 7.935903e-09
2689 7.931178e-09
2690 7.926457e-09
2691 7.921736e-09
2692 7.917018e-09
2693 7.912302e-09
2694 7.907587e-09
2695 7.902874e-09
2696 7.898162e-09
2697 7.893453e-09
2698 7.888744e-09
2699 7.884039e-09
2700 7.879335e-09
2701 7.874632e-09
2702 7.869931e-09
2703 7.865231e-09
2704 7.860535e-09
2705 7.855838e-09
2706 7.851145e-09
2707 7.846453e-09
2708 7.841762e-09
2709 7.837074e-09
2710 7.832386e-09
2711 7.827701e-09
2712 7.823017e-09
2713 7.818336e-09
2714 7.813656e-09
2715 7.808977e-09
2716 7.804301e-09
2717 7.799625e-09
2718 7.794953e-09
2719 7.790281e-09
2720 7.785611e-09
2721 7.780944e-09
2722 7.776277e-09
2723 7.771613e-09
2724 7.766949e-09
2725 7.762289e-09
2726 7.757628e-09
2727 7.752971e-09
2728 7.748316e-09
2729 7.743661e-09
2730 7.739009e-09
2731 7.734357e-09
2732 7.729708e-09
2733 7.725060e-09
2734 7.720415e-09
2735 7.715771e-09
2736 7.711128e-09
2737 7.706488e-09
2738 7.701848e-09
2739 7.697211e-09
2740 7.692575e-09
2741 7.687941e-09
2742 7.683310e-09
2743 7.678678e-09
2744 7.674050e-09
2745 7.669422e-09
2746 7.664797e-09
2747 7.660172e-09
2748 7.655551e-09
2749 7.650931e-09
2750 7.646311e-09
2751 7.641695e-09
2752 7.637079e-09
2753 7.632466e-09
2754 7.627853e-09
2755 7.623243e-09
2756 7.618635e-09
2757 7.614027e-09
2758 7.609422e-09
2759 7.604818e-09
2760 7.600216e-09
2761 7.595615e-09
2762 7.591017e-09
2763 7.586720e-09
2764 7.582423e-09
2765 7.578130e-09
2766 7.573837e-09
2767 7.569545e-09
2768 7.565256e-09
2769 7.560969e-09
2770 7.556683e-09
2771 7.552398e-09
2772 7.548114e-09
2773 7.543832e-09
2774 7.539553e-09
2775 7.535273e-09
2776 7.530996e-09
2777 7.526721e-09
2778 7.522447e-09
2779 7.518175e-09
2780 7.513903e-09
2781 7.509634e-09
2782 7.505367e-09
2783 7.501099e-09
2784 7.496835e-09
2785 7.492572e-09
2786 7.488310e-09
2787 7.484051e-09
2788 7.479791e-09
2789 7.475534e-09
2790 7.471279e-09
2791 7.467024e-09
2792 7.462771e-09
2793 7.458521e-09
2794 7.454272e-09
2795 7.450024e-09
2796 7.445776e-09
2797 7.441532e-09
2798 7.437289e-09
2799 7.433046e-09
2800 7.428806e-09
2801 7.424567e-09
2802 7.420330e-09
2803 7.416094e-09
2804 7.411859e-09
2805 7.407627e-09
2806 7.403396e-09
2807 7.399165e-09
2808 7.394937e-09
2809 7.390710e-09
2810 7.386485e-09
2811 7.382262e-09
2812 7.378038e-09
2813 7.373818e-09
2814 7.369599e-09
2815 7.365380e-09
2816 7.361164e-09
2817 7.356950e-09
2818 7.352737e-09
2819 7.348525e-09
2820 7.344314e-09
2821 7.340105e-09
2822 7.335898e-09
2823 7.331692e-09
2824 7.327487e-09
2825 7.323285e-09
2826 7.319084e-09
2827 7.314884e-09
2828 7.310685e-09
2829 7.306488e-09
2830 7.302293e-09
2831 7.298098e-09
2832 7.293906e-09
2833 7.289715e-09
2834 7.285526e-09
2835 7.281339e-09
2836 7.277151e-09
2837 7.272966e-09
2838 7.268783e-09
2839 7.264600e-09
2840 7.260420e-09
2841 7.256241e-09
2842 7.252063e-09
2843 7.247887e-09
2844 7.243712e-09
2845 7.239539e-09
2846 7.235367e-09
2847 7.231196e-09
2848 7.227027e-09
2849 7.222860e-09
2850 7.218694e-09
2851 7.214530e-09
2852 7.210366e-09
2853 7.206205e-09
2854 7.202045e-09
2855 7.197885e-09
2856 7.193728e-09
2857 7.189573e-09
2858 7.185419e-09
2859 7.181267e-09
2860 7.177114e-09
2861 7.172964e-09
2862 7.168816e-09
2863 7.164668e-09
2864 7.160523e-09
2865 7.156379e-09
2866 7.152237e-09
2867 7.148096e-09
2868 7.143955e-09
2869 7.139817e-09
2870 7.135680e-09
2871 7.131544e-09
2872 7.127410e-09
2873 7.123278e-09
2874 7.119147e-09
2875 7.115018e-09
2876 7.110888e-09
2877 7.106762e-09
2878 7.102637e-09
2879 7.098512e-09
2880 7.094389e-09
2881 7.090269e-09
2882 7.086149e-09
2883 7.082031e-09
2884 7.077913e-09
2885 7.073798e-09
2886 7.069685e-09
2887 7.065571e-09
2888 7.061460e-09
2889 7.057351e-09
2890 7.053243e-09
2891 7.049136e-09
2892 7.045030e-09
2893 7.040926e-09
2894 7.036824e-09
2895 7.032722e-09
2896 7.028622e-09
2897 7.024524e-09
2898 7.020428e-09
2899 7.016333e-09
2900 7.012237e-09
2901 7.008145e-09
2902 7.004054e-09
2903 6.999963e-09
2904 6.995875e-09
2905 6.991788e-09
2906 6.987703e-09
2907 6.983619e-09
2908 6.979535e-09
2909 6.975454e-09
2910 6.971374e-09
2911 6.967295e-09
2912 6.963218e-09
2913 6.959142e-09
2914 6.955347e-09
2915 6.951553e-09
2916 6.947762e-09
2917 6.943971e-09
2918 6.940181e-09
2919 6.936393e-09
2920 6.932606e-09
2921 6.928820e-09
2922 6.925035e-09
2923 6.921253e-09
2924 6.917471e-09
2925 6.913690e-09
2926 6.909912e-09
2927 6.906133e-09
2928 6.902356e-09
2929 6.898582e-09
2930 6.894807e-09
2931 6.891034e-09
2932 6.887262e-09
2933 6.883493e-09
2934 6.879724e-09
2935 6.875956e-09
2936 6.872190e-09
2937 6.868425e-09
2938 6.864661e-09
2939 6.860899e-09
2940 6.857138e-09
2941 6.853377e-09
2942 6.849618e-09
2943 6.845862e-09
2944 6.842105e-09
2945 6.838350e-09
2946 6.834597e-09
2947 6.830845e-09
2948 6.827093e-09
2949 6.823343e-09
2950 6.819596e-09
2951 6.815848e-09
2952 6.812102e-09
2953 6.808358e-09
2954 6.804614e-09
2955 6.800872e-09
2956 6.797132e-09
2957 6.793392e-09
2958 6.789653e-09
2959 6.785916e-09
2960 6.782181e-09
2961 6.778446e-09
2962 6.774712e-09
2963 6.770981e-09
2964 6.767250e-09
2965 6.763520e-09
2966 6.759793e-09
2967 6.756066e-09
2968 6.752339e-09
2969 6.748615e-09
2970 6.744892e-09
2971 6.741170e-09
2972 6.737449e-09
2973 6.733730e-09
2974 6.730012e-09
2975 6.726294e-09
2976 6.722578e-09
2977 6.718865e-09
2978 6.715151e-09
2979 6.711439e-09
2980 6.707729e-09
2981 6.704019e-09
2982 6.700311e-09
2983 6.696605e-09
2984 6.692898e-09
2985 6.689194e-09
2986 6.685490e-09
2987 6.681789e-09
2988 6.678088e-09
2989 6.674388e-09
2990 6.670690e-09
2991 6.666993e-09
2992 6.663297e-09
2993 6.659603e-09
2994 6.655909e-09
2995 6.652217e-09
2996 6.648526e-09
2997 6.644837e-09
2998 6.641148e-09
2999 6.637461e-09
3000 6.633776e-09
3001 6.630090e-09
3002 6.626407e-09
3003 6.622724e-09
3004 6.619044e-09
3005 6.615364e-09
3006 6.611685e-09
3007 6.608008e-09
3008 6.604332e-09
3009 6.600656e-09
3010 6.596983e-09
3011 6.593311e-09
3012 6.589639e-09
3013 6.585969e-09
3014 6.582301e-09
3015 6.578633e-09
3016 6.574966e-09
3017 6.571302e-09
3018 6.567637e-09
3019 6.563974e-09
3020 6.560313e-09
3021 6.556653e-09
3022 6.552993e-09
3023 6.549335e-09
3024 6.545679e-09
3025 6.542023e-09
3026 6.538369e-09
3027 6.534717e-09
3028 6.531064e-09
3029 6.527413e-09
3030 6.523764e-09
3031 6.520116e-09
3032 6.516469e-09
3033 6.512823e-09
3034 6.509179e-09
3035 6.505535e-09
3036 6.501892e-09
3037 6.498252e-09
3038 6.494612e-09
3039 6.490973e-09
3040 6.487335e-09
3041 6.483700e-09
3042 6.480065e-09
3043 6.476430e-09
3044 6.472799e-09
3045 6.469167e-09
3046 6.465536e-09
3047 6.461908e-09
3048 6.458280e-09
3049 6.454653e-09
3050 6.451027e-09
3051 6.447403e-09
3052 6.443780e-09
3053 6.440157e-09
3054 6.436538e-09
3055 6.432918e-09
3056 6.429299e-09
3057 6.425683e-09
3058 6.422066e-09
3059 6.418451e-09
3060 6.414837e-09
3061 6.411225e-09
3062 6.407614e-09
3063 6.404003e-09
3064 6.400395e-09
3065 6.396787e-09
3066 6.393180e-09
3067 6.389574e-09
3068 6.385971e-09
3069 6.382368e-09
3070 6.378765e-09
3071 6.375166e-09
3072 6.371566e-09
3073 6.367967e-09
3074 6.364371e-09
3075 6.361025e-09
3076 6.357680e-09
3077 6.354338e-09
3078 6.350995e-09
3079 6.347653e-09
3080 6.344313e-09
3081 6.340975e-09
3082 6.337637e-09
3083 6.334299e-09
3084 6.330963e-09
3085 6.327628e-09
3086 6.324296e-09
3087 6.320963e-09
3088 6.317631e-09
3089 6.314300e-09
3090 6.310972e-09
3091 6.307643e-09
3092 6.304316e-09
3093 6.300989e-09
3094 6.297664e-09
3095 6.294341e-09
3096 6.291018e-09
3097 6.287696e-09
3098 6.284375e-09
3099 6.281056e-09
3100 6.277737e-09
3101 6.274419e-09
3102 6.271103e-09
3103 6.267787e-09
3104 6.264474e-09
3105 6.261160e-09
3106 6.257848e-09
3107 6.254536e-09
3108 6.251227e-09
3109 6.247918e-09
3110 6.244610e-09
3111 6.241302e-09
3112 6.237996e-09
3113 6.234693e-09
3114 6.231389e-09
3115 6.228086e-09
3116 6.224784e-09
3117 6.221484e-09
3118 6.218185e-09
3119 6.214886e-09
3120 6.211588e-09
3121 6.208292e-09
3122 6.204998e-09
3123 6.201703e-09
3124 6.198410e-09
3125 6.195117e-09
3126 6.191827e-09
3127 6.188537e-09
3128 6.185248e-09
3129 6.181960e-09
3130 6.178673e-09
3131 6.175388e-09
3132 6.172103e-09
3133 6.168819e-09
3134 6.165536e-09
3135 6.162256e-09
3136 6.158975e-09
3137 6.155695e-09
3138 6.152417e-09
3139 6.149139e-09
3140 6.145864e-09
3141 6.142588e-09
3142 6.139314e-09
3143 6.136040e-09
3144 6.132769e-09
3145 6.129498e-09
3146 6.126227e-09
3147 6.122958e-09
3148 6.119690e-09
3149 6.116424e-09
3150 6.113157e-09
3151 6.109892e-09
3152 6.106628e-09
3153 6.103366e-09
3154 6.100104e-09
3155 6.096843e-09
3156 6.093583e-09
3157 6.090324e-09
3158 6.087068e-09
3159 6.083811e-09
3160 6.080555e-09
3161 6.077300e-09
3162 6.074048e-09
3163 6.070795e-09
3164 6.067543e-09
3165 6.064293e-09
3166 6.061043e-09
3167 6.057795e-09
3168 6.054548e-09
3169 6.051301e-09
3170 6.048056e-09
3171 6.044811e-09
3172 6.041569e-09
3173 6.038326e-09
3174 6.035085e-09
3175 6.031844e-09
3176 6.028606e-09
3177 6.025368e-09
3178 6.022130e-09
3179 6.018894e-09
3180 6.015659e-09
3181 6.012426e-09
3182 6.009192e-09
3183 6.005960e-09
3184 6.002729e-09
3185 5.999500e-09
3186 5.996270e-09
3187 5.993042e-09
3188 5.989815e-09
3189 5.986589e-09
3190 5.983365e-09
3191 5.980140e-09
3192 5.976917e-09
3193 5.973695e-09
3194 5.970475e-09
3195 5.967255e-09
3196 5.964036e-09
3197 5.960818e-09
3198 5.957601e-09
3199 5.954386e-09
3200 5.951171e-09
3201 5.947956e-09
3202 5.944743e-09
3203 5.941532e-09
3204 5.938321e-09
3205 5.935111e-09
3206 5.931902e-09
3207 5.928694e-09
3208 5.925488e-09
3209 5.922282e-09
3210 5.919077e-09
3211 5.915873e-09
3212 5.912671e-09
3213 5.909469e-09
3214 5.906268e-09
3215 5.903068e-09
3216 5.899868e-09
3217 5.896672e-09
3218 5.893474e-09
3219 5.890278e-09
3220 5.887083e-09
3221 5.883890e-09
3222 5.880697e-09
3223 5.877505e-09
3224 5.874314e-09
3225 5.871124e-09
3226 5.867935e-09
3227 5.864747e-09
3228 5.861560e-09
3229 5.858374e-09
3230 5.855190e-09
3231 5.852006e-09
3232 5.848822e-09
3233 5.845640e-09
3234 5.842459e-09
3235 5.839280e-09
3236 5.836100e-09
3237 5.832922e-09
3238 5.829744e-09
3239 5.826569e-09
3240 5.823394e-09
3241 5.820219e-09
3242 5.817046e-09
3243 5.813875e-09
3244 5.810931e-09
3245 5.807987e-09
3246 5.805046e-09
3247 5.802104e-09
3248 5.799164e-09
3249 5.796224e-09
3250 5.793286e-09
3251 5.790348e-09
3252 5.787411e-09
3253 5.784475e-09
3254 5.781540e-09
3255 5.778607e-09
3256 5.775673e-09
3257 5.772741e-09
3258 5.769809e-09
3259 5.766879e-09
3260 5.763949e-09
3261 5.761021e-09
3262 5.758093e-09
3263 5.755166e-09
3264 5.752240e-09
3265 5.749315e-09
3266 5.746390e-09
3267 5.743468e-09
3268 5.740545e-09
3269 5.737624e-09
3270 5.734702e-09
3271 5.731783e-09
3272 5.728864e-09
3273 5.725946e-09
3274 5.723029e-09
3275 5.720113e-09
3276 5.717197e-09
3277 5.714283e-09
3278 5.711370e-09
3279 5.708457e-09
3280 5.705546e-09
3281 5.702635e-09
3282 5.699725e-09
3283 5.696816e-09
3284 5.693908e-09
3285 5.691000e-09
3286 5.688094e-09
3287 5.685188e-09
3288 5.682284e-09
3289 5.679380e-09
3290 5.676477e-09
3291 5.673575e-09
3292 5.670674e-09
3293 5.667773e-09
3294 5.664875e-09
3295 5.661976e-09
3296 5.659079e-09
3297 5.656181e-09
3298 5.653286e-09
3299 5.650390e-09
3300 5.647497e-09
3301 5.644603e-09
3302 5.641711e-09
3303 5.638821e-09
3304 5.635929e-09
3305 5.633040e-09
3306 5.630151e-09
3307 5.627263e-09
3308 5.624376e-09
3309 5.621490e-09
3310 5.618604e-09
3311 5.615720e-09
3312 5.612836e-09
3313 5.609954e-09
3314 5.607072e-09
3315 5.604191e-09
3316 5.601310e-09
3317 5.598432e-09
3318 5.595553e-09
3319 5.592676e-09
3320 5.589799e-09
3321 5.586923e-09
3322 5.584048e-09
3323 5.581175e-09
3324 5.578301e-09
3325 5.575429e-09
3326 5.572558e-09
3327 5.569687e-09
3328 5.566818e-09
3329 5.563948e-09
3330 5.561081e-09
3331 5.558213e-09
3332 5.555348e-09
3333 5.552482e-09
3334 5.549618e-09
3335 5.546753e-09
3336 5.543891e-09
3337 5.541028e-09
3338 5.538168e-09
3339 5.535307e-09
3340 5.532448e-09
3341 5.529589e-09
3342 5.526732e-09
3343 5.523875e-09
3344 5.521019e-09
3345 5.518163e-09
3346 5.515310e-09
3347 5.512456e-09
3348 5.509604e-09
3349 5.506751e-09
3350 5.503901e-09
3351 5.501052e-09
3352 5.498202e-09
3353 5.495354e-09
3354 5.492506e-09
3355 5.489660e-09
3356 5.486814e-09
3357 5.483969e-09
3358 5.481125e-09
3359 5.478282e-09
3360 5.475439e-09
3361 5.472598e-09
3362 5.469757e-09
3363 5.466918e-09
3364 5.464078e-09
3365 5.461240e-09
3366 5.458403e-09
3367 5.455567e-09
3368 5.452730e-09
3369 5.449896e-09
3370 5.447062e-09
3371 5.444229e-09
3372 5.441396e-09
3373 5.438566e-09
3374 5.435734e-09
3375 5.432905e-09
3376 5.430077e-09
3377 5.427248e-09
3378 5.424422e-09
3379 5.421595e-09
3380 5.418770e-09
3381 5.415944e-09
3382 5.413121e-09
3383 5.410297e-09
3384 5.407476e-09
3385 5.404654e-09
3386 5.401834e-09
3387 5.399014e-09
3388 5.396195e-09
3389 5.393377e-09
3390 5.390560e-09
3391 5.387743e-09
3392 5.384928e-09
3393 5.382113e-09
3394 5.379299e-09
3395 5.376486e-09
3396 5.373674e-09
3397 5.370862e-09
3398 5.368052e-09
3399 5.365243e-09
3400 5.362433e-09
3401 5.359626e-09
3402 5.356818e-09
3403 5.354012e-09
3404 5.351206e-09
3405 5.348402e-09
3406 5.345597e-09
3407 5.342795e-09
3408 5.339992e-09
3409 5.337191e-09
3410 5.334389e-09
3411 5.331590e-09
3412 5.328791e-09
3413 5.325993e-09
3414 5.323195e-09
3415 5.320399e-09
3416 5.317603e-09
3417 5.314808e-09
3418 5.312013e-09
3419 5.309221e-09
3420 5.306428e-09
3421 5.303637e-09
3422 5.301051e-09
3423 5.298465e-09
3424 5.295882e-09
3425 5.293298e-09
3426 5.290716e-09
3427 5.288133e-09
3428 5.285552e-09
3429 5.282973e-09
3430 5.280393e-09
3431 5.277814e-09
3432 5.275235e-09
3433 5.272658e-09
3434 5.270082e-09
3435 5.267506e-09
3436 5.264930e-09
3437 5.262356e-09
3438 5.259782e-09
3439 5.257210e-09
3440 5.254637e-09
3441 5.252066e-09
3442 5.249495e-09
3443 5.246925e-09
3444 5.244355e-09
3445 5.241788e-09
3446 5.239220e-09
3447 5.236653e-09
3448 5.234086e-09
3449 5.231521e-09
3450 5.228957e-09
3451 5.226393e-09
3452 5.223829e-09
3453 5.221266e-09
3454 5.218705e-09
3455 5.216144e-09
3456 5.213584e-09
3457 5.211024e-09
3458 5.208465e-09
3459 5.205907e-09
3460 5.203351e-09
3461 5.200794e-09
3462 5.198238e-09
3463 5.195682e-09
3464 5.193128e-09
3465 5.190574e-09
3466 5.188022e-09
3467 5.185470e-09
3468 5.182918e-09
3469 5.180367e-09
3470 5.177817e-09
3471 5.175269e-09
3472 5.172720e-09
3473 5.170172e-09
3474 5.167625e-09
3475 5.165079e-09
3476 5.162534e-09
3477 5.159989e-09
3478 5.157445e-09
3479 5.154901e-09
3480 5.152358e-09
3481 5.149817e-09
3482 5.147276e-09
3483 5.144735e-09
3484 5.142196e-09
3485 5.139656e-09
3486 5.137118e-09
3487 5.134581e-09
3488 5.132044e-09
3489 5.129508e-09
3490 5.126973e-09
3491 5.124438e-09
3492 5.121905e-09
3493 5.119372e-09
3494 5.116839e-09
3495 5.114307e-09
3496 5.111776e-09
3497 5.109247e-09
3498 5.106717e-09
3499 5.104188e-09
3500 5.101660e-09
3501 5.099132e-09
3502 5.096606e-09
3503 5.094080e-09
3504 5.091555e-09
3505 5.089030e-09
3506 5.086506e-09
3507 5.083984e-09
3508 5.081462e-09
3509 5.078940e-09
3510 5.076419e-09
3511 5.073898e-09
3512 5.071379e-09
3513 5.068861e-09
3514 5.066343e-09
3515 5.063825e-09
3516 5.061309e-09
3517 5.058793e-09
3518 5.056278e-09
3519 5.053764e-09
3520 5.051250e-09
3521 5.048737e-09
3522 5.046224e-09
3523 5.043713e-09
3524 5.041202e-09
3525 5.038692e-09
3526 5.036183e-09
3527 5.033674e-09
3528 5.031166e-09
3529 5.028659e-09
3530 5.026152e-09
3531 5.023646e-09
3532 5.021141e-09
3533 5.018636e-09
3534 5.016133e-09
3535 5.013630e-09
3536 5.011128e-09
3537 5.008626e-09
3538 5.006125e-09
3539 5.003625e-09
3540 5.001126e-09
3541 4.998627e-09
3542 4.996128e-09
3543 4.993631e-09
3544 4.991135e-09
3545 4.988639e-09
3546 4.986143e-09
3547 4.983649e-09
3548 4.981155e-09
3549 4.978662e-09
3550 4.976170e-09
3551 4.973678e-09
3552 4.971187e-09
3553 4.968696e-09
3554 4.966206e-09
3555 4.963718e-09
3556 4.961230e-09
3557 4.958742e-09
3558 4.956255e-09
3559 4.953769e-09
3560 4.951284e-09
3561 4.948799e-09
3562 4.946315e-09
3563 4.943831e-09
3564 4.941349e-09
3565 4.938867e-09
3566 4.936386e-09
3567 4.933905e-09
3568 4.931425e-09
3569 4.928946e-09
3570 4.926468e-09
3571 4.923990e-09
3572 4.921513e-09
3573 4.919036e-09
3574 4.916560e-09
3575 4.914085e-09
3576 4.911612e-09
3577 4.909138e-09
3578 4.906665e-09
3579 4.904192e-09
3580 4.901721e-09
3581 4.899251e-09
3582 4.896780e-09
3583 4.894311e-09
3584 4.891842e-09
3585 4.889373e-09
3586 4.886907e-09
3587 4.884440e-09
3588 4.881974e-09
3589 4.879508e-09
3590 4.877043e-09
3591 4.874580e-09
3592 4.872117e-09
3593 4.869654e-09
3594 4.867192e-09
3595 4.864730e-09
3596 4.862270e-09
3597 4.859811e-09
3598 4.857351e-09
3599 4.854893e-09
3600 4.852435e-09
3601 4.849977e-09
3602 4.847522e-09
3603 4.845066e-09
3604 4.842610e-09
3605 4.840156e-09
3606 4.837702e-09
3607 4.835250e-09
3608 4.832797e-09
3609 4.830345e-09
3610 4.828079e-09
3611 4.825813e-09
3612 4.823548e-09
3613 4.821284e-09
3614 4.819020e-09
3615 4.816757e-09
3616 4.814495e-09
3617 4.812233e-09
3618 4.809972e-09
3619 4.807711e-09
3620 4.805451e-09
3621 4.803192e-09
3622 4.800933e-09
3623 4.798675e-09
3624 4.796418e-09
3625 4.794161e-09
3626 4.791905e-09
3627 4.789649e-09
3628 4.787394e-09
3629 4.785140e-09
3630 4.782886e-09
3631 4.780633e-09
3632 4.778381e-09
3633 4.776129e-09
3634 4.773878e-09
3635 4.771627e-09
3636 4.769377e-09
3637 4.767128e-09
3638 4.764879e-09
3639 4.762631e-09
3640 4.760383e-09
3641 4.758136e-09
3642 4.755890e-09
3643 4.753644e-09
3644 4.751399e-09
3645 4.749155e-09
3646 4.746911e-09
3647 4.744668e-09
3648 4.742425e-09
3649 4.740183e-09
3650 4.737942e-09
3651 4.735701e-09
3652 4.733461e-09
3653 4.731221e-09
3654 4.728982e-09
3655 4.726744e-09
3656 4.724506e-09
3657 4.722269e-09
3658 4.720033e-09
3659 4.717797e-09
3660 4.715562e-09
3661 4.713327e-09
3662 4.711093e-09
3663 4.708860e-09
3664 4.706627e-09
3665 4.704395e-09
3666 4.702163e-09
3667 4.699932e-09
3668 4.697702e-09
3669 4.695472e-09
3670 4.693243e-09
3671 4.691014e-09
3672 4.688786e-09
3673 4.686559e-09
3674 4.684332e-09
3675 4.682106e-09
3676 4.679881e-09
3677 4.677656e-09
3678 4.675432e-09
3679 4.673208e-09
3680 4.670985e-09
3681 4.668762e-09
3682 4.666540e-09
3683 4.664319e-09
3684 4.662099e-09
3685 4.659878e-09
3686 4.657659e-09
3687 4.655440e-09
3688 4.653222e-09
3689 4.651004e-09
3690 4.648787e-09
3691 4.646571e-09
3692 4.644355e-09
3693 4.642140e-09
3694 4.639925e-09
3695 4.637711e-09
3696 4.635497e-09
3697 4.633285e-09
3698 4.631072e-09
3699 4.628861e-09
3700 4.626650e-09
3701 4.624439e-09
3702 4.622229e-09
3703 4.620020e-09
3704 4.617811e-09
3705 4.615603e-09
3706 4.613396e-09
3707 4.611189e-09
3708 4.608983e-09
3709 4.606777e-09
3710 4.604572e-09
3711 4.602367e-09
3712 4.600163e-09
3713 4.597960e-09
3714 4.595757e-09
3715 4.593555e-09
3716 4.591354e-09
3717 4.589153e-09
3718 4.586952e-09
3719 4.584753e-09
3720 4.582553e-09
3721 4.580355e-09
3722 4.578157e-09
3723 4.575959e-09
3724 4.573763e-09
3725 4.571566e-09
3726 4.569371e-09
3727 4.567176e-09
3728 4.564981e-09
3729 4.562787e-09
3730 4.560594e-09
3731 4.558401e-09
3732 4.556209e-09
3733 4.554018e-09
3734 4.551827e-09
3735 4.549637e-09
3736 4.547447e-09
3737 4.545258e-09
3738 4.543069e-09
3739 4.540881e-09
3740 4.538694e-09
3741 4.536507e-09
3742 4.534321e-09
3743 4.532135e-09
3744 4.529950e-09
3745 4.527765e-09
3746 4.525581e-09
3747 4.523398e-09
3748 4.521215e-09
3749 4.519033e-09
3750 4.516852e-09
3751 4.514671e-09
3752 4.512490e-09
3753 4.510310e-09
3754 4.508131e-09
3755 4.505953e-09
3756 4.503774e-09
3757 4.501597e-09
3758 4.499420e-09
3759 4.497244e-09
3760 4.495068e-09
3761 4.492893e-09
3762 4.490718e-09
3763 4.488544e-09
3764 4.486371e-09
3765 4.484198e-09
3766 4.482025e-09
3767 4.479854e-09
3768 4.477683e-09
3769 4.475512e-09
3770 4.473342e-09
3771 4.471173e-09
3772 4.469004e-09
3773 4.466835e-09
3774 4.464668e-09
3775 4.462501e-09
3776 4.460334e-09
3777 4.458168e-09
3778 4.456003e-09
3779 4.453838e-09
3780 4.451674e-09
3781 4.449510e-09
3782 4.447347e-09
3783 4.445184e-09
3784 4.443022e-09
3785 4.440861e-09
3786 4.438700e-09
3787 4.436540e-09
3788 4.434380e-09
3789 4.432221e-09
3790 4.430063e-09
3791 4.427905e-09
3792 4.425747e-09
3793 4.423590e-09
3794 4.421434e-09
3795 4.419278e-09
3796 4.417123e-09
3797 4.414969e-09
3798 4.412815e-09
3799 4.410661e-09
3800 4.408509e-09
3801 4.406356e-09
3802 4.404205e-09
3803 4.402053e-09
3804 4.399903e-09
3805 4.397753e-09
3806 4.395603e-09
3807 4.393454e-09
3808 4.391471e-09
3809 4.389488e-09
3810 4.387505e-09
3811 4.385523e-09
3812 4.383541e-09
3813 4.381560e-09
3814 4.379580e-09
3815 4.377600e-09
3816 4.375621e-09
3817 4.373642e-09
3818 4.371662e-09
3819 4.369684e-09
3820 4.367707e-09
3821 4.365730e-09
3822 4.363754e-09
3823 4.361778e-09
3824 4.359803e-09
3825 4.357828e-09
3826 4.355854e-09
3827 4.353880e-09
3828 4.351907e-09
3829 4.349934e-09
3830 4.347962e-09
3831 4.345990e-09
3832 4.344019e-09
3833 4.342048e-09
3834 4.340078e-09
3835 4.338108e-09
3836 4.336139e-09
3837 4.334170e-09
3838 4.332202e-09
3839 4.330234e-09
3840 4.328267e-09
3841 4.326300e-09
3842 4.324334e-09
3843 4.322369e-09
3844 4.320404e-09
3845 4.318439e-09
3846 4.316475e-09
3847 4.314512e-09
3848 4.312549e-09
3849 4.310586e-09
3850 4.308624e-09
3851 4.306663e-09
3852 4.304702e-09
3853 4.302741e-09
3854 4.300781e-09
3855 4.298822e-09
3856 4.296863e-09
3857 4.294905e-09
3858 4.292947e-09
3859 4.290989e-09
3860 4.289031e-09
3861 4.287075e-09
3862 4.285119e-09
3863 4.283164e-09
3864 4.281209e-09
3865 4.279255e-09
3866 4.277301e-09
3867 4.275347e-09
3868 4.273395e-09
3869 4.271442e-09
3870 4.269490e-09
3871 4.267539e-09
3872 4.265588e-09
3873 4.263638e-09
3874 4.261688e-09
3875 4.259739e-09
3876 4.257790e-09
3877 4.255842e-09
3878 4.253894e-09
3879 4.251947e-09
3880 4.249999e-09
3881 4.248053e-09
3882 4.246107e-09
3883 4.244162e-09
3884 4.242217e-09
3885 4.240273e-09
3886 4.238329e-09
3887 4.236386e-09
3888 4.234443e-09
3889 4.232500e-09
3890 4.230559e-09
3891 4.228617e-09
3892 4.226677e-09
3893 4.224736e-09
3894 4.222796e-09
3895 4.220857e-09
3896 4.218918e-09
3897 4.216980e-09
3898 4.215042e-09
3899 4.213105e-09
3900 4.211168e-09
3901 4.209231e-09
3902 4.207295e-09
3903 4.205360e-09
3904 4.203425e-09
3905 4.201491e-09
3906 4.199557e-09
3907 4.197624e-09
3908 4.195691e-09
3909 4.193758e-09
3910 4.191827e-09
3911 4.189895e-09
3912 4.187964e-09
3913 4.186034e-09
3914 4.184104e-09
3915 4.182175e-09
3916 4.180246e-09
3917 4.178317e-09
3918 4.176389e-09
3919 4.174462e-09
3920 4.172535e-09
3921 4.170609e-09
3922 4.168682e-09
3923 4.166756e-09
3924 4.164831e-09
3925 4.162907e-09
3926 4.160983e-09
3927 4.159060e-09
3928 4.157137e-09
3929 4.155214e-09
3930 4.153292e-09
3931 4.151371e-09
3932 4.149449e-09
3933 4.147529e-09
3934 4.145609e-09
3935 4.143689e-09
3936 4.141770e-09
3937 4.139852e-09
3938 4.137933e-09
3939 4.136016e-09
3940 4.134099e-09
3941 4.132182e-09
3942 4.130265e-09
3943 4.128349e-09
3944 4.126434e-09
3945 4.124519e-09
3946 4.122605e-09
3947 4.120692e-09
3948 4.118778e-09
3949 4.116865e-09
3950 4.114953e-09
3951 4.113041e-09
3952 4.111130e-09
3953 4.109219e-09
3954 4.107309e-09
3955 4.105399e-09
3956 4.103490e-09
3957 4.101581e-09
3958 4.099672e-09
3959 4.097764e-09
3960 4.095857e-09
3961 4.093950e-09
3962 4.092044e-09
3963 4.090137e-09
3964 4.088231e-09
3965 4.086326e-09
3966 4.084422e-09
3967 4.082517e-09
3968 4.080614e-09
3969 4.078711e-09
3970 4.076808e-09
3971 4.074906e-09
3972 4.073004e-09
3973 4.071103e-09
3974 4.069202e-09
3975 4.067302e-09
3976 4.065402e-09
3977 4.063503e-09
3978 4.061604e-09
3979 4.059706e-09
3980 4.057808e-09
3981 4.055911e-09
3982 4.054014e-09
3983 4.052117e-09
3984 4.050220e-09
3985 4.048325e-09
3986 4.046430e-09
3987 4.044535e-09
3988 4.042641e-09
3989 4.040748e-09
3990 4.038855e-09
3991 4.036962e-09
3992 4.035070e-09
3993 4.033178e-09
3994 4.031287e-09
3995 4.029396e-09
3996 4.027506e-09
3997 4.025616e-09
3998 4.023727e-09
3999 4.021838e-09
4000 4.019950e-09
4001 4.018062e-09
4002 4.016174e-09
4003 4.014287e-09
4004 4.012400e-09
4005 4.010514e-09
4006 4.008629e-09
4007 4.006743e-09
4008 4.004859e-09
4009 4.002975e-09
4010 4.001091e-09
4011 3.999208e-09
4012 3.997325e-09
4013 3.995443e-09
4014 3.993561e-09
4015 3.991680e-09
4016 3.989799e-09
4017 3.988068e-09
4018 3.986338e-09
4019 3.984609e-09
4020 3.982880e-09
4021 3.981151e-09
4022 3.979423e-09
4023 3.977695e-09
4024 3.975968e-09
4025 3.974241e-09
4026 3.972515e-09
4027 3.970788e-09
4028 3.969063e-09
4029 3.967338e-09
4030 3.965613e-09
4031 3.963889e-09
4032 3.962165e-09
4033 3.960441e-09
4034 3.958718e-09
4035 3.956996e-09
4036 3.955273e-09
4037 3.953551e-09
4038 3.951830e-09
4039 3.950109e-09
4040 3.948388e-09
4041 3.946669e-09
4042 3.944948e-09
4043 3.943229e-09
4044 3.941511e-09
4045 3.939792e-09
4046 3.938074e-09
4047 3.936357e-09
4048 3.934640e-09
4049 3.932923e-09
4050 3.931207e-09
4051 3.929491e-09
4052 3.927775e-09
4053 3.926061e-09
4054 3.924346e-09
4055 3.922632e-09
4056 3.920918e-09
4057 3.919205e-09
4058 3.917492e-09
4059 3.915780e-09
4060 3.914068e-09
4061 3.912356e-09
4062 3.910645e-09
4063 3.908934e-09
4064 3.907223e-09
4065 3.905514e-09
4066 3.903804e-09
4067 3.902096e-09
4068 3.900386e-09
4069 3.898678e-09
4070 3.896971e-09
4071 3.895263e-09
4072 3.893556e-09
4073 3.891850e-09
4074 3.890143e-09
4075 3.888438e-09
4076 3.886733e-09
4077 3.885027e-09
4078 3.883323e-09
4079 3.881619e-09
4080 3.879915e-09
4081 3.878212e-09
4082 3.876509e-09
4083 3.874807e-09
4084 3.873105e-09
4085 3.871404e-09
4086 3.869702e-09
4087 3.868001e-09
4088 3.866301e-09
4089 3.864602e-09
4090 3.862902e-09
4091 3.861203e-09
4092 3.859505e-09
4093 3.857806e-09
4094 3.856108e-09
4095 3.854411e-09
4096 3.852714e-09
4097 3.851017e-09
4098 3.849321e-09
4099 3.847625e-09
4100 3.845930e-09
4101 3.844235e-09
4102 3.842540e-09
4103 3.840846e-09
4104 3.839153e-09
4105 3.837459e-09
4106 3.835767e-09
4107 3.834074e-09
4108 3.832383e-09
4109 3.830691e-09
4110 3.829000e-09
4111 3.827309e-09
4112 3.825618e-09
4113 3.823928e-09
4114 3.822239e-09
4115 3.820550e-09
4116 3.818861e-09
4117 3.817173e-09
4118 3.815485e-09
4119 3.813797e-09
4120 3.812110e-09
4121 3.810423e-09
4122 3.808737e-09
4123 3.807052e-09
4124 3.805366e-09
4125 3.803681e-09
4126 3.801996e-09
4127 3.800312e-09
4128 3.798628e-09
4129 3.796945e-09
4130 3.795262e-09
4131 3.793579e-09
4132 3.791897e-09
4133 3.790216e-09
4134 3.788534e-09
4135 3.786853e-09
4136 3.785173e-09
4137 3.783492e-09
4138 3.781812e-09
4139 3.780133e-09
4140 3.778454e-09
4141 3.776776e-09
4142 3.775098e-09
4143 3.773420e-09
4144 3.771742e-09
4145 3.770066e-09
4146 3.768389e-09
4147 3.766713e-09
4148 3.765037e-09
4149 3.763362e-09
4150 3.761687e-09
4151 3.760013e-09
4152 3.758339e-09
4153 3.756665e-09
4154 3.754992e-09
4155 3.753319e-09
4156 3.751646e-09
4157 3.749974e-09
4158 3.748303e-09
4159 3.746631e-09
4160 3.744960e-09
4161 3.743290e-09
4162 3.741620e-09
4163 3.739950e-09
4164 3.738281e-09
4165 3.736612e-09
4166 3.734944e-09
4167 3.733276e-09
4168 3.731608e-09
4169 3.729941e-09
4170 3.728274e-09
4171 3.726608e-09
4172 3.724941e-09
4173 3.723276e-09
4174 3.721611e-09
4175 3.719945e-09
4176 3.718281e-09
4177 3.716617e-09
4178 3.714953e-09
4179 3.713290e-09
4180 3.711628e-09
4181 3.709965e-09
4182 3.708303e-09
4183 3.706641e-09
4184 3.704980e-09
4185 3.703319e-09
4186 3.701659e-09
4187 3.699998e-09
4188 3.698339e-09
4189 3.696680e-09
4190 3.695021e-09
4191 3.693362e-09
4192 3.691704e-09
4193 3.690047e-09
4194 3.688389e-09
4195 3.686732e-09
4196 3.685076e-09
4197 3.683419e-09
4198 3.681764e-09
4199 3.680109e-09
4200 3.678453e-09
4201 3.676799e-09
4202 3.675145e-09
4203 3.673491e-09
4204 3.671838e-09
4205 3.670185e-09
4206 3.668532e-09
4207 3.666880e-09
4208 3.665228e-09
4209 3.663576e-09
4210 3.661926e-09
4211 3.660275e-09
4212 3.658625e-09
4213 3.656975e-09
4214 3.655326e-09
4215 3.653677e-09
4216 3.652028e-09
4217 3.650380e-09
4218 3.648732e-09
4219 3.647084e-09
4220 3.645437e-09
4221 3.643791e-09
4222 3.642144e-09
4223 3.640498e-09
4224 3.638853e-09
4225 3.637207e-09
4226 3.635563e-09
4227 3.633919e-09
4228 3.632274e-09
4229 3.630631e-09
4230 3.628988e-09
4231 3.627345e-09
4232 3.625702e-09
4233 3.624060e-09
4234 3.622419e-09
4235 3.620777e-09
4236 3.619137e-09
4237 3.617496e-09
4238 3.615989e-09
4239 3.614482e-09
4240 3.612976e-09
4241 3.611470e-09
4242 3.609965e-09
4243 3.608459e-09
4244 3.606954e-09
4245 3.605450e-09
4246 3.603945e-09
4247 3.602441e-09
4248 3.600938e-09
4249 3.599434e-09
4250 3.597931e-09
4251 3.596429e-09
4252 3.594926e-09
4253 3.593425e-09
4254 3.591924e-09
4255 3.590422e-09
4256 3.588921e-09
4257 3.587421e-09
4258 3.585921e-09
4259 3.584421e-09
4260 3.582922e-09
4261 3.581423e-09
4262 3.579924e-09
4263 3.578426e-09
4264 3.576928e-09
4265 3.575430e-09
4266 3.573933e-09
4267 3.572437e-09
4268 3.570940e-09
4269 3.569444e-09
4270 3.567948e-09
4271 3.566452e-09
4272 3.564957e-09
4273 3.563463e-09
4274 3.561968e-09
4275 3.560474e-09
4276 3.558980e-09
4277 3.557487e-09
4278 3.555994e-09
4279 3.554501e-09
4280 3.553009e-09
4281 3.551517e-09
4282 3.550025e-09
4283 3.548534e-09
4284 3.547043e-09
4285 3.545552e-09
4286 3.544062e-09
4287 3.542572e-09
4288 3.541083e-09
4289 3.539594e-09
4290 3.538104e-09
4291 3.536616e-09
4292 3.535128e-09
4293 3.533640e-09
4294 3.532152e-09
4295 3.530666e-09
4296 3.529179e-09
4297 3.527692e-09
4298 3.526206e-09
4299 3.524721e-09
4300 3.523235e-09
4301 3.521750e-09
4302 3.520266e-09
4303 3.518781e-09
4304 3.517297e-09
4305 3.515813e-09
4306 3.514330e-09
4307 3.512847e-09
4308 3.511364e-09
4309 3.509882e-09
4310 3.508400e-09
4311 3.506919e-09
4312 3.505438e-09
4313 3.503956e-09
4314 3.502476e-09
4315 3.500996e-09
4316 3.499515e-09
4317 3.498036e-09
4318 3.496557e-09
4319 3.495078e-09
4320 3.493599e-09
4321 3.492121e-09
4322 3.490643e-09
4323 3.489166e-09
4324 3.487689e-09
4325 3.486212e-09
4326 3.484735e-09
4327 3.483260e-09
4328 3.481784e-09
4329 3.480308e-09
4330 3.478833e-09
4331 3.477359e-09
4332 3.475884e-09
4333 3.474410e-09
4334 3.472936e-09
4335 3.471462e-09
4336 3.469990e-09
4337 3.468517e-09
4338 3.467044e-09
4339 3.465572e-09
4340 3.464101e-09
4341 3.462630e-09
4342 3.461158e-09
4343 3.459688e-09
4344 3.458218e-09
4345 3.456747e-09
4346 3.455278e-09
4347 3.453809e-09
4348 3.452339e-09
4349 3.450871e-09
4350 3.449403e-09
4351 3.447934e-09
4352 3.446467e-09
4353 3.445000e-09
4354 3.443532e-09
4355 3.442066e-09
4356 3.440600e-09
4357 3.439133e-09
4358 3.437668e-09
4359 3.436203e-09
4360 3.434738e-09
4361 3.433273e-09
4362 3.431809e-09
4363 3.430345e-09
4364 3.428881e-09
4365 3.427418e-09
4366 3.425955e-09
4367 3.424492e-09
4368 3.423030e-09
4369 3.421569e-09
4370 3.420107e-09
4371 3.418645e-09
4372 3.417185e-09
4373 3.415724e-09
4374 3.414264e-09
4375 3.412804e-09
4376 3.411345e-09
4377 3.409885e-09
4378 3.408426e-09
4379 3.406968e-09
4380 3.405509e-09
4381 3.404051e-09
4382 3.402594e-09
4383 3.401136e-09
4384 3.399680e-09
4385 3.398223e-09
4386 3.396766e-09
4387 3.395311e-09
4388 3.393855e-09
4389 3.392400e-09
4390 3.390945e-09
4391 3.389491e-09
4392 3.388036e-09
4393 3.386582e-09
4394 3.385129e-09
4395 3.383676e-09
4396 3.382222e-09
4397 3.380770e-09
4398 3.379318e-09
4399 3.377865e-09
4400 3.376414e-09
4401 3.374963e-09
4402 3.373511e-09
4403 3.372061e-09
4404 3.370611e-09
4405 3.369160e-09
4406 3.367711e-09
4407 3.366262e-09
4408 3.364813e-09
4409 3.363364e-09
4410 3.361916e-09
4411 3.360468e-09
4412 3.359020e-09
4413 3.357573e-09
4414 3.356126e-09
4415 3.354679e-09
4416 3.353233e-09
4417 3.351787e-09
4418 3.350341e-09
4419 3.348895e-09
4420 3.347451e-09
4421 3.346005e-09
4422 3.344561e-09
4423 3.343117e-09
4424 3.341673e-09
4425 3.340230e-09
4426 3.338787e-09
4427 3.337345e-09
4428 3.335902e-09
4429 3.334460e-09
4430 3.333018e-09
4431 3.331576e-09
4432 3.330135e-09
4433 3.328695e-09
4434 3.327254e-09
4435 3.325814e-09
4436 3.324374e-09
4437 3.322934e-09
4438 3.321495e-09
4439 3.320057e-09
4440 3.318618e-09
4441 3.317180e-09
4442 3.315742e-09
4443 3.314305e-09
4444 3.312867e-09
4445 3.311430e-09
4446 3.309994e-09
4447 3.308557e-09
4448 3.307121e-09
4449 3.305686e-09
4450 3.304250e-09
4451 3.302815e-09
4452 3.301381e-09
4453 3.299946e-09
4454 3.298512e-09
4455 3.297079e-09
4456 3.295645e-09
4457 3.294212e-09
4458 3.292779e-09
4459 3.291347e-09
4460 3.289915e-09
4461 3.288483e-09
4462 3.287052e-09
4463 3.285620e-09
4464 3.284190e-09
4465 3.282759e-09
4466 3.281329e-09
4467 3.279899e-09
4468 3.278470e-09
4469 3.277040e-09
4470 3.275612e-09
4471 3.274301e-09
4472 3.272992e-09
4473 3.271682e-09
4474 3.270373e-09
4475 3.269064e-09
4476 3.267755e-09
4477 3.266446e-09
4478 3.265138e-09
4479 3.263830e-09
4480 3.262523e-09
4481 3.261216e-09
4482 3.259909e-09
4483 3.258602e-09
4484 3.257296e-09
4485 3.255990e-09
4486 3.254684e-09
4487 3.253379e-09
4488 3.252073e-09
4489 3.250768e-09
4490 3.249464e-09
4491 3.248159e-09
4492 3.246855e-09
4493 3.245551e-09
4494 3.244248e-09
4495 3.242945e-09
4496 3.241642e-09
4497 3.240339e-09
4498 3.239037e-09
4499 3.237735e-09
4500 3.236433e-09
4501 3.235132e-09
4502 3.233831e-09
4503 3.232530e-09
4504 3.231230e-09
4505 3.229929e-09
4506 3.228629e-09
4507 3.227329e-09
4508 3.226030e-09
4509 3.224731e-09
4510 3.223432e-09
4511 3.222133e-09
4512 3.220835e-09
4513 3.219537e-09
4514 3.218240e-09
4515 3.216942e-09
4516 3.215645e-09
4517 3.214348e-09
4518 3.213052e-09
4519 3.211756e-09
4520 3.210460e-09
4521 3.209163e-09
4522 3.207868e-09
4523 3.206573e-09
4524 3.205278e-09
4525 3.203984e-09
4526 3.202690e-09
4527 3.201396e-09
4528 3.200102e-09
4529 3.198809e-09
4530 3.197516e-09
4531 3.196223e-09
4532 3.194930e-09
4533 3.193638e-09
4534 3.192346e-09
4535 3.191055e-09
4536 3.189763e-09
4537 3.188472e-09
4538 3.187181e-09
4539 3.185890e-09
4540 3.184600e-09
4541 3.183310e-09
4542 3.182021e-09
4543 3.180731e-09
4544 3.179442e-09
4545 3.178153e-09
4546 3.176865e-09
4547 3.175577e-09
4548 3.174289e-09
4549 3.173001e-09
4550 3.171714e-09
4551 3.170427e-09
4552 3.169139e-09
4553 3.167853e-09
4554 3.166566e-09
4555 3.165280e-09
4556 3.163995e-09
4557 3.162709e-09
4558 3.161424e-09
4559 3.160139e-09
4560 3.158855e-09
4561 3.157571e-09
4562 3.156287e-09
4563 3.155003e-09
4564 3.153719e-09
4565 3.152436e-09
4566 3.151153e-09
4567 3.149870e-09
4568 3.148588e-09
4569 3.147306e-09
4570 3.146024e-09
4571 3.144743e-09
4572 3.143462e-09
4573 3.142181e-09
4574 3.140900e-09
4575 3.139620e-09
4576 3.138340e-09
4577 3.137060e-09
4578 3.135780e-09
4579 3.134501e-09
4580 3.133222e-09
4581 3.131944e-09
4582 3.130665e-09
4583 3.129386e-09
4584 3.128109e-09
4585 3.126831e-09
4586 3.125554e-09
4587 3.124277e-09
4588 3.123000e-09
4589 3.121724e-09
4590 3.120448e-09
4591 3.119172e-09
4592 3.117896e-09
4593 3.116621e-09
4594 3.115346e-09
4595 3.114071e-09
4596 3.112797e-09
4597 3.111522e-09
4598 3.110248e-09
4599 3.108974e-09
4600 3.107701e-09
4601 3.106428e-09
4602 3.105155e-09
4603 3.103882e-09
4604 3.102610e-09
4605 3.101338e-09
4606 3.100066e-09
4607 3.098795e-09
4608 3.097524e-09
4609 3.096253e-09
4610 3.094982e-09
4611 3.093712e-09
4612 3.092441e-09
4613 3.091171e-09
4614 3.089902e-09
4615 3.088633e-09
4616 3.087364e-09
4617 3.086095e-09
4618 3.084827e-09
4619 3.083558e-09
4620 3.082291e-09
4621 3.081023e-09
4622 3.079756e-09
4623 3.078489e-09
4624 3.077222e-09
4625 3.075955e-09
4626 3.074689e-09
4627 3.073423e-09
4628 3.072157e-09
4629 3.070892e-09
4630 3.069626e-09
4631 3.068362e-09
4632 3.067097e-09
4633 3.065833e-09
4634 3.064569e-09
4635 3.063305e-09
4636 3.062041e-09
4637 3.060778e-09
4638 3.059515e-09
4639 3.058253e-09
4640 3.056990e-09
4641 3.055728e-09
4642 3.054466e-09
4643 3.053204e-09
4644 3.051943e-09
4645 3.050682e-09
4646 3.049421e-09
4647 3.048160e-09
4648 3.046900e-09
4649 3.045640e-09
4650 3.044381e-09
4651 3.043121e-09
4652 3.041862e-09
4653 3.040603e-09
4654 3.039345e-09
4655 3.038086e-09
4656 3.036828e-09
4657 3.035570e-09
4658 3.034312e-09
4659 3.033055e-09
4660 3.031798e-09
4661 3.030541e-09
4662 3.029285e-09
4663 3.028029e-09
4664 3.026773e-09
4665 3.025517e-09
4666 3.024262e-09
4667 3.023007e-09
4668 3.021752e-09
4669 3.020497e-09
4670 3.019243e-09
4671 3.017989e-09
4672 3.016735e-09
4673 3.015481e-09
4674 3.014228e-09
4675 3.012975e-09
4676 3.011723e-09
4677 3.010470e-09
4678 3.009218e-09
4679 3.007966e-09
4680 3.006715e-09
4681 3.005463e-09
4682 3.004212e-09
4683 3.002961e-09
4684 3.001711e-09
4685 3.000461e-09
4686 2.999211e-09
4687 2.997961e-09
4688 2.996711e-09
4689 2.995462e-09
4690 2.994213e-09
4691 2.992964e-09
4692 2.991716e-09
4693 2.990467e-09
4694 2.989220e-09
4695 2.987972e-09
4696 2.986725e-09
4697 2.985478e-09
4698 2.984231e-09
4699 2.982984e-09
4700 2.981738e-09
4701 2.980492e-09
4702 2.979246e-09
4703 2.978000e-09
4704 2.976755e-09
4705 2.975510e-09
4706 2.974265e-09
4707 2.973021e-09
4708 2.971777e-09
4709 2.970533e-09
4710 2.969289e-09
4711 2.968046e-09
4712 2.966803e-09
4713 2.965560e-09
4714 2.964317e-09
4715 2.963075e-09
4716 2.961833e-09
4717 2.960696e-09
4718 2.959560e-09
4719 2.958424e-09
4720 2.957288e-09
4721 2.956152e-09
4722 2.955016e-09
4723 2.953881e-09
4724 2.952746e-09
4725 2.951611e-09
4726 2.950476e-09
4727 2.949342e-09
4728 2.948208e-09
4729 2.947074e-09
4730 2.945940e-09
4731 2.944807e-09
4732 2.943673e-09
4733 2.942541e-09
4734 2.941408e-09
4735 2.940276e-09
4736 2.939143e-09
4737 2.938011e-09
4738 2.936879e-09
4739 2.935748e-09
4740 2.934617e-09
4741 2.933486e-09
4742 2.932355e-09
4743 2.931225e-09
4744 2.930094e-09
4745 2.928964e-09
4746 2.927834e-09
4747 2.926704e-09
4748 2.925575e-09
4749 2.924446e-09
4750 2.923317e-09
4751 2.922189e-09
4752 2.921060e-09
4753 2.919932e-09
4754 2.918804e-09
4755 2.917676e-09
4756 2.916549e-09
4757 2.915422e-09
4758 2.914295e-09
4759 2.913168e-09
4760 2.912041e-09
4761 2.910915e-09
4762 2.909789e-09
4763 2.908663e-09
4764 2.907538e-09
4765 2.906413e-09
4766 2.905288e-09
4767 2.904163e-09
4768 2.903038e-09
4769 2.901913e-09
4770 2.900789e-09
4771 2.899666e-09
4772 2.898542e-09
4773 2.897419e-09
4774 2.896295e-09
4775 2.895172e-09
4776 2.894049e-09
4777 2.892927e-09
4778 2.891805e-09
4779 2.890683e-09
4780 2.889561e-09
4781 2.888440e-09
4782 2.887318e-09
4783 2.886197e-09
4784 2.885076e-09
4785 2.883955e-09
4786 2.882835e-09
4787 2.881715e-09
4788 2.880595e-09
4789 2.879476e-09
4790 2.878356e-09
4791 2.877236e-09
4792 2.876118e-09
4793 2.874999e-09
4794 2.873880e-09
4795 2.872762e-09
4796 2.871644e-09
4797 2.870527e-09
4798 2.869408e-09
4799 2.868291e-09
4800 2.867174e-09
4801 2.866057e-09
4802 2.864941e-09
4803 2.863824e-09
4804 2.862708e-09
4805 2.861592e-09
4806 2.860476e-09
4807 2.859361e-09
4808 2.858246e-09
4809 2.857131e-09
4810 2.856016e-09
4811 2.854901e-09
4812 2.853787e-09
4813 2.852673e-09
4814 2.851559e-09
4815 2.850445e-09
4816 2.849332e-09
4817 2.848219e-09
4818 2.847106e-09
4819 2.845993e-09
4820 2.844881e-09
4821 2.843768e-09
4822 2.842656e-09
4823 2.841545e-09
4824 2.840433e-09
4825 2.839322e-09
4826 2.838211e-09
4827 2.837100e-09
4828 2.835989e-09
4829 2.834879e-09
4830 2.833768e-09
4831 2.832659e-09
4832 2.831549e-09
4833 2.830440e-09
4834 2.829330e-09
4835 2.828221e-09
4836 2.827112e-09
4837 2.826004e-09
4838 2.824895e-09
4839 2.823787e-09
4840 2.822679e-09
4841 2.821572e-09
4842 2.820465e-09
4843 2.819357e-09
4844 2.818250e-09
4845 2.817143e-09
4846 2.816037e-09
4847 2.814931e-09
4848 2.813825e-09
4849 2.812719e-09
4850 2.811613e-09
4851 2.810508e-09
4852 2.809402e-09
4853 2.808298e-09
4854 2.807193e-09
4855 2.806089e-09
4856 2.804985e-09
4857 2.803881e-09
4858 2.802776e-09
4859 2.801673e-09
4860 2.800570e-09
4861 2.799467e-09
4862 2.798364e-09
4863 2.797261e-09
4864 2.796159e-09
4865 2.795057e-09
4866 2.793954e-09
4867 2.792853e-09
4868 2.791751e-09
4869 2.790650e-09
4870 2.789549e-09
4871 2.788448e-09
4872 2.787348e-09
4873 2.786247e-09
4874 2.785147e-09
4875 2.784047e-09
4876 2.782947e-09
4877 2.781848e-09
4878 2.780749e-09
4879 2.779650e-09
4880 2.778551e-09
4881 2.777452e-09
4882 2.776354e-09
4883 2.775256e-09
4884 2.774158e-09
4885 2.773060e-09
4886 2.771963e-09
4887 2.770866e-09
4888 2.769769e-09
4889 2.768672e-09
4890 2.767575e-09
4891 2.766479e-09
4892 2.765383e-09
4893 2.764287e-09
4894 2.763191e-09
4895 2.762096e-09
4896 2.761000e-09
4897 2.759905e-09
4898 2.758811e-09
4899 2.757716e-09
4900 2.756622e-09
4901 2.755528e-09
4902 2.754434e-09
4903 2.753341e-09
4904 2.752247e-09
4905 2.751154e-09
4906 2.750061e-09
4907 2.748968e-09
4908 2.747876e-09
4909 2.746783e-09
4910 2.745691e-09
4911 2.744599e-09
4912 2.743508e-09
4913 2.742416e-09
4914 2.741325e-09
4915 2.740234e-09
4916 2.739144e-09
4917 2.738053e-09
4918 2.736963e-09
4919 2.735872e-09
4920 2.734782e-09
4921 2.733693e-09
4922 2.732604e-09
4923 2.731514e-09
4924 2.730426e-09
4925 2.729337e-09
4926 2.728248e-09
4927 2.727160e-09
4928 2.726072e-09
4929 2.724984e-09
4930 2.723896e-09
4931 2.722809e-09
4932 2.721722e-09
4933 2.720635e-09
4934 2.719548e-09
4935 2.718461e-09
4936 2.717375e-09
4937 2.716289e-09
4938 2.715203e-09
4939 2.714117e-09
4940 2.713032e-09
4941 2.711947e-09
4942 2.710861e-09
4943 2.709777e-09
4944 2.708692e-09
4945 2.707608e-09
4946 2.706524e-09
4947 2.705440e-09
4948 2.704356e-09
4949 2.703272e-09
4950 2.702189e-09
4951 2.701106e-09
4952 2.700024e-09
4953 2.698941e-09
4954 2.697859e-09
4955 2.696777e-09
4956 2.695695e-09
4957 2.694613e-09
4958 2.693531e-09
4959 2.692450e-09
4960 2.691369e-09
4961 2.690288e-09
4962 2.689208e-09
4963 2.688127e-09
4964 2.687046e-09
4965 2.685967e-09
4966 2.684887e-09
4967 2.683807e-09
4968 2.682728e-09
4969 2.681649e-09
4970 2.680570e-09
4971 2.679492e-09
4972 2.678413e-09
4973 2.677335e-09
4974 2.676257e-09
4975 2.675179e-09
4976 2.674194e-09
4977 2.673210e-09
4978 2.672226e-09
4979 2.671241e-09
4980 2.670258e-09
4981 2.669274e-09
4982 2.668290e-09
4983 2.667307e-09
4984 2.666324e-09
4985 2.665341e-09
4986 2.664358e-09
4987 2.663375e-09
4988 2.662393e-09
4989 2.661411e-09
4990 2.660429e-09
4991 2.659447e-09
4992 2.658466e-09
4993 2.657484e-09
4994 2.656503e-09
4995 2.655522e-09
4996 2.654541e-09
4997 2.653560e-09
4998 2.652580e-09
4999 2.651600e-09
5000 2.650620e-09
5001 2.649640e-09
5002 2.648661e-09
5003 2.647681e-09
5004 2.646702e-09
5005 2.645723e-09
5006 2.644744e-09
5007 2.643765e-09
5008 2.642787e-09
5009 2.641809e-09
5010 2.640831e-09
5011 2.639853e-09
5012 2.638875e-09
5013 2.637898e-09
5014 2.636921e-09
5015 2.635943e-09
5016 2.634967e-09
5017 2.633990e-09
5018 2.633014e-09
5019 2.632037e-09
5020 2.631061e-09
5021 2.630086e-09
5022 2.629110e-09
5023 2.628134e-09
5024 2.627159e-09
5025 2.626184e-09
5026 2.625209e-09
5027 2.624234e-09
5028 2.623259e-09
5029 2.622285e-09
5030 2.621311e-09
5031 2.620337e-09
5032 2.619363e-09
5033 2.618390e-09
5034 2.617416e-09
5035 2.616443e-09
5036 2.615470e-09
5037 2.614498e-09
5038 2.613525e-09
5039 2.612552e-09
5040 2.611580e-09
5041 2.610608e-09
5042 2.609636e-09
5043 2.608665e-09
5044 2.607693e-09
5045 2.606722e-09
5046 2.605751e-09
5047 2.604780e-09
5048 2.603809e-09
5049 2.602839e-09
5050 2.601868e-09
5051 2.600899e-09
5052 2.599928e-09
5053 2.598959e-09
5054 2.597989e-09
5055 2.597020e-09
5056 2.596051e-09
5057 2.595082e-09
5058 2.594113e-09
5059 2.593145e-09
5060 2.592176e-09
5061 2.591208e-09
5062 2.590240e-09
5063 2.589272e-09
5064 2.588304e-09
5065 2.587337e-09
5066 2.586370e-09
5067 2.585403e-09
5068 2.584436e-09
5069 2.583469e-09
5070 2.582503e-09
5071 2.581537e-09
5072 2.580570e-09
5073 2.579605e-09
5074 2.578639e-09
5075 2.577673e-09
5076 2.576708e-09
5077 2.575743e-09
5078 2.574778e-09
5079 2.573813e-09
5080 2.572849e-09
5081 2.571884e-09
5082 2.570920e-09
5083 2.569956e-09
5084 2.568993e-09
5085 2.568029e-09
5086 2.567066e-09
5087 2.566102e-09
5088 2.565139e-09
5089 2.564176e-09
5090 2.563214e-09
5091 2.562251e-09
5092 2.561289e-09
5093 2.560327e-09
5094 2.559365e-09
5095 2.558403e-09
5096 2.557442e-09
5097 2.556480e-09
5098 2.555519e-09
5099 2.554558e-09
5100 2.553598e-09
5101 2.552637e-09
5102 2.551677e-09
5103 2.550716e-09
5104 2.549756e-09
5105 2.548796e-09
5106 2.547837e-09
5107 2.546877e-09
5108 2.545918e-09
5109 2.544959e-09
5110 2.544000e-09
5111 2.543041e-09
5112 2.542083e-09
5113 2.541124e-09
5114 2.540166e-09
5115 2.539208e-09
5116 2.538251e-09
5117 2.537293e-09
5118 2.536336e-09
5119 2.535378e-09
5120 2.534421e-09
5121 2.533464e-09
5122 2.532508e-09
5123 2.531551e-09
5124 2.530595e-09
5125 2.529639e-09
5126 2.528683e-09
5127 2.527727e-09
5128 2.526772e-09
5129 2.525816e-09
5130 2.524861e-09
5131 2.523906e-09
5132 2.522952e-09
5133 2.521997e-09
5134 2.521043e-09
5135 2.520088e-09
5136 2.519134e-09
5137 2.518181e-09
5138 2.517227e-09
5139 2.516274e-09
5140 2.515320e-09
5141 2.514367e-09
5142 2.513414e-09
5143 2.512461e-09
5144 2.511509e-09
5145 2.510557e-09
5146 2.509604e-09
5147 2.508652e-09
5148 2.507700e-09
5149 2.506749e-09
5150 2.505797e-09
5151 2.504846e-09
5152 2.503895e-09
5153 2.502944e-09
5154 2.501993e-09
5155 2.501043e-09
5156 2.500092e-09
5157 2.499142e-09
5158 2.498192e-09
5159 2.497243e-09
5160 2.496293e-09
5161 2.495344e-09
5162 2.494394e-09
5163 2.493445e-09
5164 2.492496e-09
5165 2.491548e-09
5166 2.490599e-09
5167 2.489651e-09
5168 2.488703e-09
5169 2.487755e-09
5170 2.486807e-09
5171 2.485860e-09
5172 2.484912e-09
5173 2.483965e-09
5174 2.483018e-09
5175 2.482071e-09
5176 2.481124e-09
5177 2.480178e-09
5178 2.479231e-09
5179 2.478285e-09
5180 2.477339e-09
5181 2.476394e-09
5182 2.475448e-09
5183 2.474503e-09
5184 2.473557e-09
5185 2.472613e-09
5186 2.471667e-09
5187 2.470723e-09
5188 2.469778e-09
5189 2.468834e-09
5190 2.467890e-09
5191 2.466946e-09
5192 2.466002e-09
5193 2.465059e-09
5194 2.464116e-09
5195 2.463172e-09
5196 2.462230e-09
5197 2.461286e-09
5198 2.460344e-09
5199 2.459401e-09
5200 2.458459e-09
5201 2.457517e-09
5202 2.456575e-09
5203 2.455633e-09
5204 2.454692e-09
5205 2.453750e-09
5206 2.452809e-09
5207 2.451868e-09
5208 2.450927e-09
5209 2.449986e-09
5210 2.449046e-09
5211 2.448106e-09
5212 2.447166e-09
5213 2.446226e-09
5214 2.445286e-09
5215 2.444346e-09
5216 2.443407e-09
5217 2.442468e-09
5218 2.441529e-09
5219 2.440590e-09
5220 2.439651e-09
5221 2.438713e-09
5222 2.437774e-09
5223 2.436836e-09
5224 2.435898e-09
5225 2.434960e-09
5226 2.434023e-09
5227 2.433085e-09
5228 2.432148e-09
5229 2.431211e-09
5230 2.430274e-09
5231 2.429337e-09
5232 2.428401e-09
5233 2.427464e-09
5234 2.426529e-09
5235 2.425592e-09
5236 2.424657e-09
5237 2.423721e-09
5238 2.422786e-09
5239 2.421850e-09
5240 2.420915e-09
5241 2.419980e-09
5242 2.419046e-09
5243 2.418111e-09
5244 2.417177e-09
5245 2.416242e-09
5246 2.415308e-09
5247 2.414374e-09
5248 2.413441e-09
5249 2.412589e-09
5250 2.411738e-09
5251 2.410887e-09
5252 2.410036e-09
5253 2.409185e-09
5254 2.408335e-09
5255 2.407484e-09
5256 2.406634e-09
5257 2.405784e-09
5258 2.404934e-09
5259 2.404084e-09
5260 2.403234e-09
5261 2.402385e-09
5262 2.401536e-09
5263 2.400687e-09
5264 2.399837e-09
5265 2.398988e-09
5266 2.398140e-09
5267 2.397292e-09
5268 2.396443e-09
5269 2.395595e-09
5270 2.394747e-09
5271 2.393899e-09
5272 2.393051e-09
5273 2.392204e-09
5274 2.391357e-09
5275 2.390509e-09
5276 2.389662e-09
5277 2.388815e-09
5278 2.387969e-09
5279 2.387122e-09
5280 2.386275e-09
5281 2.385429e-09
5282 2.384583e-09
5283 2.383737e-09
5284 2.382891e-09
5285 2.382046e-09
5286 2.381200e-09
5287 2.380355e-09
5288 2.379510e-09
5289 2.378665e-09
5290 2.377820e-09
5291 2.376975e-09
5292 2.376131e-09
5293 2.375287e-09
5294 2.374442e-09
5295 2.373598e-09
5296 2.372754e-09
5297 2.371911e-09
5298 2.371067e-09
5299 2.370224e-09
5300 2.369380e-09
5301 2.368538e-09
5302 2.367695e-09
5303 2.366852e-09
5304 2.366009e-09
5305 2.365167e-09
5306 2.364325e-09
5307 2.363482e-09
5308 2.362640e-09
5309 2.361799e-09
5310 2.360957e-09
5311 2.360116e-09
5312 2.359274e-09
5313 2.358433e-09
5314 2.357592e-09
5315 2.356751e-09
5316 2.355910e-09
5317 2.355070e-09
5318 2.354230e-09
5319 2.353389e-09
5320 2.352550e-09
5321 2.351710e-09
5322 2.350870e-09
5323 2.350030e-09
5324 2.349191e-09
5325 2.348352e-09
5326 2.347512e-09
5327 2.346673e-09
5328 2.345835e-09
5329 2.344996e-09
5330 2.344158e-09
5331 2.343319e-09
5332 2.342481e-09
5333 2.341643e-09
5334 2.340805e-09
5335 2.339967e-09
5336 2.339130e-09
5337 2.338293e-09
5338 2.337455e-09
5339 2.336618e-09
5340 2.335782e-09
5341 2.334945e-09
5342 2.334108e-09
5343 2.333271e-09
5344 2.332436e-09
5345 2.331599e-09
5346 2.330763e-09
5347 2.329927e-09
5348 2.329092e-09
5349 2.328256e-09
5350 2.327421e-09
5351 2.326586e-09
5352 2.325751e-09
5353 2.324916e-09
5354 2.324081e-09
5355 2.323246e-09
5356 2.322412e-09
5357 2.321578e-09
5358 2.320744e-09
5359 2.319910e-09
5360 2.319076e-09
5361 2.318242e-09
5362 2.317409e-09
5363 2.316576e-09
5364 2.315743e-09
5365 2.314909e-09
5366 2.314076e-09
5367 2.313244e-09
5368 2.312411e-09
5369 2.311579e-09
5370 2.310747e-09
5371 2.309915e-09
5372 2.309083e-09
5373 2.308251e-09
5374 2.307419e-09
5375 2.306588e-09
5376 2.305757e-09
5377 2.304925e-09
5378 2.304094e-09
5379 2.303264e-09
5380 2.302433e-09
5381 2.301602e-09
5382 2.300772e-09
5383 2.299942e-09
5384 2.299112e-09
5385 2.298282e-09
5386 2.297452e-09
5387 2.296623e-09
5388 2.295793e-09
5389 2.294964e-09
5390 2.294134e-09
5391 2.293306e-09
5392 2.292477e-09
5393 2.291648e-09
5394 2.290819e-09
5395 2.289991e-09
5396 2.289163e-09
5397 2.288335e-09
5398 2.287507e-09
5399 2.286679e-09
5400 2.285852e-09
5401 2.285024e-09
5402 2.284197e-09
5403 2.283370e-09
5404 2.282543e-09
5405 2.281716e-09
5406 2.280889e-09
5407 2.280063e-09
5408 2.279236e-09
5409 2.278410e-09
5410 2.277584e-09
5411 2.276758e-09
5412 2.275932e-09
5413 2.275106e-09
5414 2.274281e-09
5415 2.273456e-09
5416 2.272631e-09
5417 2.271806e-09
5418 2.270981e-09
5419 2.270156e-09
5420 2.269332e-09
5421 2.268507e-09
5422 2.267683e-09
5423 2.266859e-09
5424 2.266035e-09
5425 2.265211e-09
5426 2.264388e-09
5427 2.263564e-09
5428 2.262741e-09
5429 2.261917e-09
5430 2.261095e-09
5431 2.260272e-09
5432 2.259449e-09
5433 2.258626e-09
5434 2.257804e-09
5435 2.256982e-09
5436 2.256159e-09
5437 2.255338e-09
5438 2.254516e-09
5439 2.253694e-09
5440 2.252872e-09
5441 2.252051e-09
5442 2.251230e-09
5443 2.250409e-09
5444 2.249588e-09
5445 2.248767e-09
5446 2.247947e-09
5447 2.247126e-09
5448 2.246306e-09
5449 2.245486e-09
5450 2.244666e-09
5451 2.243846e-09
5452 2.243026e-09
5453 2.242207e-09
5454 2.241387e-09
5455 2.240568e-09
5456 2.239748e-09
5457 2.238930e-09
5458 2.238111e-09
5459 2.237292e-09
5460 2.236473e-09
5461 2.235655e-09
5462 2.234837e-09
5463 2.234019e-09
5464 2.233201e-09
5465 2.232384e-09
5466 2.231566e-09
5467 2.230748e-09
5468 2.229931e-09
5469 2.229114e-09
5470 2.228297e-09
5471 2.227480e-09
5472 2.226663e-09
5473 2.225847e-09
5474 2.225030e-09
5475 2.224214e-09
5476 2.223398e-09
5477 2.222582e-09
5478 2.221766e-09
5479 2.220950e-09
5480 2.220135e-09
5481 2.219320e-09
5482 2.218504e-09
5483 2.217689e-09
5484 2.216875e-09
5485 2.216060e-09
5486 2.215245e-09
5487 2.214430e-09
5488 2.213616e-09
5489 2.212802e-09
5490 2.211988e-09
5491 2.211174e-09
5492 2.210360e-09
5493 2.209547e-09
5494 2.208733e-09
5495 2.207920e-09
5496 2.207107e-09
5497 2.206294e-09
5498 2.205481e-09
5499 2.204668e-09
5500 2.203856e-09
5501 2.203043e-09
5502 2.202231e-09
5503 2.201419e-09
5504 2.200607e-09
5505 2.199795e-09
5506 2.198983e-09
5507 2.198172e-09
5508 2.197361e-09
5509 2.196549e-09
5510 2.195738e-09
5511 2.194927e-09
5512 2.194117e-09
5513 2.193306e-09
5514 2.192495e-09
5515 2.191685e-09
5516 2.190875e-09
5517 2.190065e-09
5518 2.189255e-09
5519 2.188445e-09
5520 2.187636e-09
5521 2.186826e-09
5522 2.186017e-09
5523 2.185208e-09
5524 2.184399e-09
5525 2.183590e-09
5526 2.182781e-09
5527 2.181973e-09
5528 2.181164e-09
5529 2.180356e-09
5530 2.179547e-09
5531 2.178740e-09
5532 2.177932e-09
5533 2.177124e-09
5534 2.176316e-09
5535 2.175509e-09
5536 2.174702e-09
5537 2.173894e-09
5538 2.173160e-09
5539 2.172425e-09
5540 2.171691e-09
5541 2.170956e-09
5542 2.170222e-09
5543 2.169488e-09
5544 2.168754e-09
5545 2.168021e-09
5546 2.167287e-09
5547 2.166553e-09
5548 2.165820e-09
5549 2.165087e-09
5550 2.164354e-09
5551 2.163621e-09
5552 2.162888e-09
5553 2.162155e-09
5554 2.161422e-09
5555 2.160690e-09
5556 2.159958e-09
5557 2.159226e-09
5558 2.158494e-09
5559 2.157762e-09
5560 2.157030e-09
5561 2.156298e-09
5562 2.155567e-09
5563 2.154835e-09
5564 2.154104e-09
5565 2.153373e-09
5566 2.152642e-09
5567 2.151911e-09
5568 2.151180e-09
5569 2.150450e-09
5570 2.149719e-09
5571 2.148989e-09
5572 2.148259e-09
5573 2.147529e-09
5574 2.146799e-09
5575 2.146069e-09
5576 2.145339e-09
5577 2.144610e-09
5578 2.143880e-09
5579 2.143151e-09
5580 2.142422e-09
5581 2.141693e-09
5582 2.140964e-09
5583 2.140235e-09
5584 2.139506e-09
5585 2.138778e-09
5586 2.138049e-09
5587 2.137321e-09
5588 2.136593e-09
5589 2.135865e-09
5590 2.135137e-09
5591 2.134410e-09
5592 2.133682e-09
5593 2.132954e-09
5594 2.132227e-09
5595 2.131500e-09
5596 2.130773e-09
5597 2.130046e-09
5598 2.129319e-09
5599 2.128592e-09
5600 2.127866e-09
5601 2.127139e-09
5602 2.126413e-09
5603 2.125687e-09
5604 2.124961e-09
5605 2.124235e-09
5606 2.123509e-09
5607 2.122783e-09
5608 2.122058e-09
5609 2.121333e-09
5610 2.120607e-09
5611 2.119882e-09
5612 2.119157e-09
5613 2.118432e-09
5614 2.117707e-09
5615 2.116983e-09
5616 2.116258e-09
5617 2.115534e-09
5618 2.114810e-09
5619 2.114086e-09
5620 2.113362e-09
5621 2.112638e-09
5622 2.111914e-09
5623 2.111191e-09
5624 2.110467e-09
5625 2.109744e-09
5626 2.109021e-09
5627 2.108298e-09
5628 2.107574e-09
5629 2.106852e-09
5630 2.106129e-09
5631 2.105407e-09
5632 2.104684e-09
5633 2.103962e-09
5634 2.103240e-09
5635 2.102517e-09
5636 2.101796e-09
5637 2.101074e-09
5638 2.100352e-09
5639 2.099630e-09
5640 2.098909e-09
5641 2.098188e-09
5642 2.097467e-09
5643 2.096746e-09
5644 2.096025e-09
5645 2.095304e-09
5646 2.094583e-09
5647 2.093863e-09
5648 2.093143e-09
5649 2.092422e-09
5650 2.091702e-09
5651 2.090982e-09
5652 2.090262e-09
5653 2.089542e-09
5654 2.088823e-09
5655 2.088104e-09
5656 2.087384e-09
5657 2.086665e-09
5658 2.085946e-09
5659 2.085227e-09
5660 2.084508e-09
5661 2.083789e-09
5662 2.083071e-09
5663 2.082352e-09
5664 2.081634e-09
5665 2.080915e-09
5666 2.080198e-09
5667 2.079479e-09
5668 2.078762e-09
5669 2.078044e-09
5670 2.077326e-09
5671 2.076609e-09
5672 2.075891e-09
5673 2.075174e-09
5674 2.074457e-09
5675 2.073740e-09
5676 2.073023e-09
5677 2.072307e-09
5678 2.071590e-09
5679 2.070874e-09
5680 2.070157e-09
5681 2.069441e-09
5682 2.068725e-09
5683 2.068009e-09
5684 2.067293e-09
5685 2.066577e-09
5686 2.065862e-09
5687 2.065147e-09
5688 2.064431e-09
5689 2.063716e-09
5690 2.063001e-09
5691 2.062286e-09
5692 2.061571e-09
5693 2.060857e-09
5694 2.060142e-09
5695 2.059427e-09
5696 2.058713e-09
5697 2.057999e-09
5698 2.057285e-09
5699 2.056571e-09
5700 2.055857e-09
5701 2.055144e-09
5702 2.054430e-09
5703 2.053716e-09
5704 2.053003e-09
5705 2.052290e-09
5706 2.051577e-09
5707 2.050864e-09
5708 2.050151e-09
5709 2.049438e-09
5710 2.048726e-09
5711 2.048014e-09
5712 2.047301e-09
5713 2.046589e-09
5714 2.045877e-09
5715 2.045165e-09
5716 2.044453e-09
5717 2.043741e-09
5718 2.043030e-09
5719 2.042319e-09
5720 2.041607e-09
5721 2.040896e-09
5722 2.040185e-09
5723 2.039474e-09
5724 2.038763e-09
5725 2.038053e-09
5726 2.037342e-09
5727 2.036631e-09
5728 2.035921e-09
5729 2.035211e-09
5730 2.034501e-09
5731 2.033791e-09
5732 2.033081e-09
5733 2.032372e-09
5734 2.031662e-09
5735 2.030952e-09
5736 2.030243e-09
5737 2.029534e-09
5738 2.028825e-09
5739 2.028116e-09
5740 2.027407e-09
5741 2.026698e-09
5742 2.025990e-09
5743 2.025281e-09
5744 2.024573e-09
5745 2.023865e-09
5746 2.023157e-09
5747 2.022449e-09
5748 2.021741e-09
5749 2.021033e-09
5750 2.020325e-09
5751 2.019618e-09
5752 2.018910e-09
5753 2.018203e-09
5754 2.017496e-09
5755 2.016789e-09
5756 2.016082e-09
5757 2.015376e-09
5758 2.014669e-09
5759 2.013962e-09
5760 2.013256e-09
5761 2.012550e-09
5762 2.011844e-09
5763 2.011138e-09
5764 2.010432e-09
5765 2.009726e-09
5766 2.009020e-09
5767 2.008315e-09
5768 2.007610e-09
5769 2.006904e-09
5770 2.006199e-09
5771 2.005494e-09
5772 2.004789e-09
5773 2.004084e-09
5774 2.003380e-09
5775 2.002675e-09
5776 2.001971e-09
5777 2.001266e-09
5778 2.000562e-09
5779 1.999858e-09
5780 1.999154e-09
5781 1.998450e-09
5782 1.997747e-09
5783 1.997044e-09
5784 1.996340e-09
5785 1.995637e-09
5786 1.994933e-09
5787 1.994230e-09
5788 1.993527e-09
5789 1.992825e-09
5790 1.992122e-09
5791 1.991419e-09
5792 1.990717e-09
5793 1.990014e-09
5794 1.989312e-09
5795 1.988610e-09
5796 1.987908e-09
5797 1.987206e-09
5798 1.986504e-09
5799 1.985803e-09
5800 1.985101e-09
5801 1.984400e-09
5802 1.983699e-09
5803 1.982998e-09
5804 1.982297e-09
5805 1.981595e-09
5806 1.980895e-09
5807 1.980194e-09
5808 1.979493e-09
5809 1.978793e-09
5810 1.978093e-09
5811 1.977393e-09
5812 1.976693e-09
5813 1.975993e-09
5814 1.975293e-09
5815 1.974593e-09
5816 1.973894e-09
5817 1.973194e-09
5818 1.972495e-09
5819 1.971796e-09
5820 1.971097e-09
5821 1.970398e-09
5822 1.969699e-09
5823 1.969000e-09
5824 1.968301e-09
5825 1.967603e-09
5826 1.966904e-09
5827 1.966206e-09
5828 1.965508e-09
5829 1.964810e-09
5830 1.964112e-09
5831 1.963415e-09
5832 1.962717e-09
5833 1.962019e-09
5834 1.961322e-09
5835 1.960625e-09
5836 1.959928e-09
5837 1.959230e-09
5838 1.958533e-09
5839 1.957837e-09
5840 1.957140e-09
5841 1.956443e-09
5842 1.955810e-09
5843 1.955177e-09
5844 1.954545e-09
5845 1.953912e-09
5846 1.953279e-09
5847 1.952646e-09
5848 1.952014e-09
5849 1.951382e-09
5850 1.950750e-09
5851 1.950118e-09
5852 1.949485e-09
5853 1.948854e-09
5854 1.948222e-09
5855 1.947590e-09
5856 1.946959e-09
5857 1.946327e-09
5858 1.945696e-09
5859 1.945064e-09
5860 1.944434e-09
5861 1.943803e-09
5862 1.943172e-09
5863 1.942541e-09
5864 1.941910e-09
5865 1.941280e-09
5866 1.940649e-09
5867 1.940019e-09
5868 1.939389e-09
5869 1.938758e-09
5870 1.938128e-09
5871 1.937499e-09
5872 1.936868e-09
5873 1.936239e-09
5874 1.935609e-09
5875 1.934980e-09
5876 1.934351e-09
5877 1.933721e-09
5878 1.933092e-09
5879 1.932463e-09
5880 1.931834e-09
5881 1.931205e-09
5882 1.930576e-09
5883 1.929948e-09
5884 1.929319e-09
5885 1.928691e-09
5886 1.928062e-09
5887 1.927434e-09
5888 1.926806e-09
5889 1.926178e-09
5890 1.925550e-09
5891 1.924922e-09
5892 1.924294e-09
5893 1.923667e-09
5894 1.923039e-09
5895 1.922412e-09
5896 1.921785e-09
5897 1.921158e-09
5898 1.920531e-09
5899 1.919904e-09
5900 1.919277e-09
5901 1.918650e-09
5902 1.918023e-09
5903 1.917397e-09
5904 1.916770e-09
5905 1.916144e-09
5906 1.915518e-09
5907 1.914892e-09
5908 1.914266e-09
5909 1.913640e-09
5910 1.913014e-09
5911 1.912388e-09
5912 1.911763e-09
5913 1.911138e-09
5914 1.910512e-09
5915 1.909887e-09
5916 1.909262e-09
5917 1.908637e-09
5918 1.908012e-09
5919 1.907387e-09
5920 1.906762e-09
5921 1.906138e-09
5922 1.905513e-09
5923 1.904889e-09
5924 1.904264e-09
5925 1.903640e-09
5926 1.903016e-09
5927 1.902392e-09
5928 1.901768e-09
5929 1.901145e-09
5930 1.900521e-09
5931 1.899897e-09
5932 1.899274e-09
5933 1.898650e-09
5934 1.898027e-09
5935 1.897404e-09
5936 1.896781e-09
5937 1.896158e-09
5938 1.895535e-09
5939 1.894913e-09
5940 1.894290e-09
5941 1.893667e-09
5942 1.893045e-09
5943 1.892423e-09
5944 1.891801e-09
5945 1.891179e-09
5946 1.890557e-09
5947 1.889935e-09
5948 1.889313e-09
5949 1.888691e-09
5950 1.888070e-09
5951 1.887448e-09
5952 1.886827e-09
5953 1.886205e-09
5954 1.885585e-09
5955 1.884964e-09
5956 1.884342e-09
5957 1.883722e-09
5958 1.883101e-09
5959 1.882480e-09
5960 1.881860e-09
5961 1.881239e-09
5962 1.880619e-09
5963 1.879999e-09
5964 1.879379e-09
5965 1.878758e-09
5966 1.878139e-09
5967 1.877519e-09
5968 1.876899e-09
5969 1.876280e-09
5970 1.875660e-09
5971 1.875041e-09
5972 1.874422e-09
5973 1.873802e-09
5974 1.873183e-09
5975 1.872564e-09
5976 1.871945e-09
5977 1.871327e-09
5978 1.870708e-09
5979 1.870090e-09
5980 1.869471e-09
5981 1.868853e-09
5982 1.868235e-09
5983 1.867616e-09
5984 1.866998e-09
5985 1.866380e-09
5986 1.865763e-09
5987 1.865145e-09
5988 1.864527e-09
5989 1.863910e-09
5990 1.863292e-09
5991 1.862675e-09
5992 1.862058e-09
5993 1.861441e-09
5994 1.860824e-09
5995 1.860207e-09
5996 1.859590e-09
5997 1.858973e-09
5998 1.858357e-09
5999 1.857740e-09
6000 1.857124e-09
6001 1.856508e-09
6002 1.855891e-09
6003 1.855275e-09
6004 1.854659e-09
6005 1.854043e-09
6006 1.853428e-09
6007 1.852812e-09
6008 1.852196e-09
6009 1.851581e-09
6010 1.850965e-09
6011 1.850350e-09
6012 1.849735e-09
6013 1.849120e-09
6014 1.848505e-09
6015 1.847890e-09
6016 1.847276e-09
6017 1.846661e-09
6018 1.846046e-09
6019 1.845432e-09
6020 1.844817e-09
6021 1.844203e-09
6022 1.843589e-09
6023 1.842975e-09
6024 1.842361e-09
6025 1.841747e-09
6026 1.841134e-09
6027 1.840520e-09
6028 1.839907e-09
6029 1.839293e-09
6030 1.838680e-09
6031 1.838067e-09
6032 1.837453e-09
6033 1.836840e-09
6034 1.836228e-09
6035 1.835615e-09
6036 1.835002e-09
6037 1.834389e-09
6038 1.833777e-09
6039 1.833164e-09
6040 1.832552e-09
6041 1.831940e-09
6042 1.831328e-09
6043 1.830716e-09
6044 1.830104e-09
6045 1.829492e-09
6046 1.828881e-09
6047 1.828269e-09
6048 1.827657e-09
6049 1.827046e-09
6050 1.826435e-09
6051 1.825824e-09
6052 1.825212e-09
6053 1.824602e-09
6054 1.823990e-09
6055 1.823380e-09
6056 1.822769e-09
6057 1.822158e-09
6058 1.821548e-09
6059 1.820937e-09
6060 1.820327e-09
6061 1.819717e-09
6062 1.819107e-09
6063 1.818497e-09
6064 1.817887e-09
6065 1.817277e-09
6066 1.816668e-09
6067 1.816058e-09
6068 1.815449e-09
6069 1.814839e-09
6070 1.814230e-09
6071 1.813621e-09
6072 1.813012e-09
6073 1.812403e-09
6074 1.811794e-09
6075 1.811185e-09
6076 1.810576e-09
6077 1.809968e-09
6078 1.809360e-09
6079 1.808751e-09
6080 1.808143e-09
6081 1.807534e-09
6082 1.806927e-09
6083 1.806319e-09
6084 1.805711e-09
6085 1.805103e-09
6086 1.804495e-09
6087 1.803888e-09
6088 1.803280e-09
6089 1.802673e-09
6090 1.802066e-09
6091 1.801458e-09
6092 1.800851e-09
6093 1.800245e-09
6094 1.799637e-09
6095 1.799031e-09
6096 1.798424e-09
6097 1.797817e-09
6098 1.797211e-09
6099 1.796605e-09
6100 1.795998e-09
6101 1.795392e-09
6102 1.794786e-09
6103 1.794180e-09
6104 1.793574e-09
6105 1.792968e-09
6106 1.792363e-09
6107 1.791757e-09
6108 1.791152e-09
6109 1.790546e-09
6110 1.789941e-09
6111 1.789336e-09
6112 1.788731e-09
6113 1.788125e-09
6114 1.787521e-09
6115 1.786916e-09
6116 1.786311e-09
6117 1.785707e-09
6118 1.785102e-09
6119 1.784498e-09
6120 1.783894e-09
6121 1.783289e-09
6122 1.782685e-09
6123 1.782081e-09
6124 1.781477e-09
6125 1.780874e-09
6126 1.780270e-09
6127 1.779666e-09
6128 1.779063e-09
6129 1.778459e-09
6130 1.777856e-09
6131 1.777253e-09
6132 1.776650e-09
6133 1.776046e-09
6134 1.775444e-09
6135 1.774841e-09
6136 1.774238e-09
6137 1.773636e-09
6138 1.773033e-09
6139 1.772431e-09
6140 1.771828e-09
6141 1.771226e-09
6142 1.770624e-09
6143 1.770022e-09
6144 1.769420e-09
6145 1.768818e-09
6146 1.768216e-09
6147 1.767615e-09
6148 1.767013e-09
6149 1.766412e-09
6150 1.765810e-09
6151 1.765209e-09
6152 1.764608e-09
6153 1.764007e-09
6154 1.763406e-09
6155 1.762805e-09
6156 1.762204e-09
6157 1.761604e-09
6158 1.761003e-09
6159 1.760403e-09
6160 1.759802e-09
6161 1.759202e-09
6162 1.758602e-09
6163 1.758057e-09
6164 1.757513e-09
6165 1.756969e-09
6166 1.756424e-09
6167 1.755880e-09
6168 1.755336e-09
6169 1.754792e-09
6170 1.754248e-09
6171 1.753705e-09
6172 1.753161e-09
6173 1.752617e-09
6174 1.752074e-09
6175 1.751530e-09
6176 1.750987e-09
6177 1.750443e-09
6178 1.749900e-09
6179 1.749357e-09
6180 1.748814e-09
6181 1.748271e-09
6182 1.747728e-09
6183 1.747186e-09
6184 1.746643e-09
6185 1.746100e-09
6186 1.745558e-09
6187 1.745015e-09
6188 1.744473e-09
6189 1.743931e-09
6190 1.743389e-09
6191 1.742847e-09
6192 1.742305e-09
6193 1.741763e-09
6194 1.741221e-09
6195 1.740679e-09
6196 1.740138e-09
6197 1.739596e-09
6198 1.739055e-09
6199 1.738513e-09
6200 1.737972e-09
6201 1.737431e-09
6202 1.736890e-09
6203 1.736349e-09
6204 1.735808e-09
6205 1.735267e-09
6206 1.734726e-09
6207 1.734186e-09
6208 1.733645e-09
6209 1.733105e-09
6210 1.732564e-09
6211 1.732024e-09
6212 1.731484e-09
6213 1.730944e-09
6214 1.730403e-09
6215 1.729864e-09
6216 1.729324e-09
6217 1.728784e-09
6218 1.728244e-09
6219 1.727704e-09
6220 1.727165e-09
6221 1.726626e-09
6222 1.726086e-09
6223 1.725547e-09
6224 1.725008e-09
6225 1.724469e-09
6226 1.723930e-09
6227 1.723391e-09
6228 1.722852e-09
6229 1.722313e-09
6230 1.721775e-09
6231 1.721236e-09
6232 1.720698e-09
6233 1.720159e-09
6234 1.719621e-09
6235 1.719082e-09
6236 1.718545e-09
6237 1.718006e-09
6238 1.717469e-09
6239 1.716931e-09
6240 1.716393e-09
6241 1.715855e-09
6242 1.715317e-09
6243 1.714780e-09
6244 1.714242e-09
6245 1.713705e-09
6246 1.713168e-09
6247 1.712631e-09
6248 1.712094e-09
6249 1.711556e-09
6250 1.711020e-09
6251 1.710483e-09
6252 1.709946e-09
6253 1.709409e-09
6254 1.708873e-09
6255 1.708336e-09
6256 1.707800e-09
6257 1.707263e-09
6258 1.706727e-09
6259 1.706191e-09
6260 1.705655e-09
6261 1.705119e-09
6262 1.704583e-09
6263 1.704047e-09
6264 1.703512e-09
6265 1.702976e-09
6266 1.702440e-09
6267 1.701905e-09
6268 1.701370e-09
6269 1.700834e-09
6270 1.700299e-09
6271 1.699764e-09
6272 1.699229e-09
6273 1.698694e-09
6274 1.698159e-09
6275 1.697624e-09
6276 1.697089e-09
6277 1.696555e-09
6278 1.696020e-09
6279 1.695486e-09
6280 1.694951e-09
6281 1.694417e-09
6282 1.693883e-09
6283 1.693349e-09
6284 1.692815e-09
6285 1.692281e-09
6286 1.691747e-09
6287 1.691213e-09
6288 1.690679e-09
6289 1.690146e-09
6290 1.689612e-09
6291 1.689079e-09
6292 1.688546e-09
6293 1.688012e-09
6294 1.687479e-09
6295 1.686946e-09
6296 1.686413e-09
6297 1.685880e-09
6298 1.685347e-09
6299 1.684814e-09
6300 1.684282e-09
6301 1.683749e-09
6302 1.683217e-09
6303 1.682684e-09
6304 1.682152e-09
6305 1.681620e-09
6306 1.681088e-09
6307 1.680556e-09
6308 1.680024e-09
6309 1.679491e-09
6310 1.678960e-09
6311 1.678428e-09
6312 1.677896e-09
6313 1.677365e-09
6314 1.676833e-09
6315 1.676302e-09
6316 1.675770e-09
6317 1.675239e-09
6318 1.674708e-09
6319 1.674177e-09
6320 1.673646e-09
6321 1.673115e-09
6322 1.672584e-09
6323 1.672053e-09
6324 1.671523e-09
6325 1.670992e-09
6326 1.670462e-09
6327 1.669931e-09
6328 1.669401e-09
6329 1.668871e-09
6330 1.668341e-09
6331 1.667811e-09
6332 1.667281e-09
6333 1.666751e-09
6334 1.666221e-09
6335 1.665692e-09
6336 1.665162e-09
6337 1.664632e-09
6338 1.664103e-09
6339 1.663573e-09
6340 1.663044e-09
6341 1.662515e-09
6342 1.661986e-09
6343 1.661457e-09
6344 1.660928e-09
6345 1.660399e-09
6346 1.659870e-09
6347 1.659341e-09
6348 1.658812e-09
6349 1.658284e-09
6350 1.657755e-09
6351 1.657227e-09
6352 1.656699e-09
6353 1.656171e-09
6354 1.655642e-09
6355 1.655114e-09
6356 1.654586e-09
6357 1.654058e-09
6358 1.653531e-09
6359 1.653003e-09
6360 1.652475e-09
6361 1.651948e-09
6362 1.651420e-09
6363 1.650893e-09
6364 1.650365e-09
6365 1.649838e-09
6366 1.649311e-09
6367 1.648784e-09
6368 1.648257e-09
6369 1.647730e-09
6370 1.647203e-09
6371 1.646677e-09
6372 1.646150e-09
6373 1.645623e-09
6374 1.645097e-09
6375 1.644571e-09
6376 1.644044e-09
6377 1.643518e-09
6378 1.642992e-09
6379 1.642466e-09
6380 1.641940e-09
6381 1.641414e-09
6382 1.640888e-09
6383 1.640363e-09
6384 1.639837e-09
6385 1.639311e-09
6386 1.638786e-09
6387 1.638260e-09
6388 1.637735e-09
6389 1.637210e-09
6390 1.636685e-09
6391 1.636159e-09
6392 1.635634e-09
6393 1.635109e-09
6394 1.634584e-09
6395 1.634060e-09
6396 1.633535e-09
6397 1.633011e-09
6398 1.632486e-09
6399 1.631961e-09
6400 1.631437e-09
6401 1.630913e-09
6402 1.630389e-09
6403 1.629865e-09
6404 1.629341e-09
6405 1.628817e-09
6406 1.628293e-09
6407 1.627769e-09
6408 1.627245e-09
6409 1.626722e-09
6410 1.626198e-09
6411 1.625675e-09
6412 1.625151e-09
6413 1.624628e-09
6414 1.624105e-09
6415 1.623582e-09
6416 1.623059e-09
6417 1.622536e-09
6418 1.622013e-09
6419 1.621490e-09
6420 1.620968e-09
6421 1.620445e-09
6422 1.619922e-09
6423 1.619400e-09
6424 1.618877e-09
6425 1.618355e-09
6426 1.617833e-09
6427 1.617311e-09
6428 1.616789e-09
6429 1.616267e-09
6430 1.615745e-09
6431 1.615223e-09
6432 1.614701e-09
6433 1.614180e-09
6434 1.613658e-09
6435 1.613137e-09
6436 1.612615e-09
6437 1.612094e-09
6438 1.611572e-09
6439 1.611051e-09
6440 1.610530e-09
6441 1.610009e-09
6442 1.609488e-09
6443 1.608968e-09
6444 1.608447e-09
6445 1.607926e-09
6446 1.607406e-09
6447 1.606885e-09
6448 1.606365e-09
6449 1.605844e-09
6450 1.605324e-09
6451 1.604804e-09
6452 1.604283e-09
6453 1.603764e-09
6454 1.603243e-09
6455 1.602724e-09
6456 1.602204e-09
6457 1.601684e-09
6458 1.601165e-09
6459 1.600645e-09
6460 1.600126e-09
6461 1.599606e-09
6462 1.599087e-09
6463 1.598567e-09
6464 1.598049e-09
6465 1.597529e-09
6466 1.597011e-09
6467 1.596491e-09
6468 1.595972e-09
6469 1.595454e-09
6470 1.594935e-09
6471 1.594417e-09
6472 1.593898e-09
6473 1.593380e-09
6474 1.592861e-09
6475 1.592343e-09
6476 1.591825e-09
6477 1.591307e-09
6478 1.590789e-09
6479 1.590271e-09
6480 1.589753e-09
6481 1.589235e-09
6482 1.588717e-09
6483 1.588200e-09
6484 1.587682e-09
6485 1.587165e-09
6486 1.586647e-09
6487 1.586130e-09
6488 1.585613e-09
6489 1.585096e-09
6490 1.584579e-09
6491 1.584061e-09
6492 1.583545e-09
6493 1.583028e-09
6494 1.582511e-09
6495 1.581994e-09
6496 1.581478e-09
6497 1.580961e-09
6498 1.580445e-09
6499 1.579928e-09
6500 1.579412e-09
6501 1.578896e-09
6502 1.578429e-09
6503 1.577961e-09
6504 1.577493e-09
6505 1.577026e-09
6506 1.576559e-09
6507 1.576092e-09
6508 1.575624e-09
6509 1.575157e-09
6510 1.574690e-09
6511 1.574223e-09
6512 1.573756e-09
6513 1.573289e-09
6514 1.572823e-09
6515 1.572356e-09
6516 1.571890e-09
6517 1.571423e-09
6518 1.570957e-09
6519 1.570490e-09
6520 1.570024e-09
6521 1.569558e-09
6522 1.569091e-09
6523 1.568625e-09
6524 1.568159e-09
6525 1.567693e-09
6526 1.567227e-09
6527 1.566762e-09
6528 1.566296e-09
6529 1.565830e-09
6530 1.565365e-09
6531 1.564899e-09
6532 1.564434e-09
6533 1.563968e-09
6534 1.563503e-09
6535 1.563038e-09
6536 1.562573e-09
6537 1.562107e-09
6538 1.561642e-09
6539 1.561177e-09
6540 1.560713e-09
6541 1.560248e-09
6542 1.559783e-09
6543 1.559318e-09
6544 1.558853e-09
6545 1.558389e-09
6546 1.557925e-09
6547 1.557460e-09
6548 1.556996e-09
6549 1.556532e-09
6550 1.556067e-09
6551 1.555603e-09
6552 1.555139e-09
6553 1.554675e-09
6554 1.554212e-09
6555 1.553748e-09
6556 1.553284e-09
6557 1.552820e-09
6558 1.552357e-09
6559 1.551893e-09
6560 1.551429e-09
6561 1.550966e-09
6562 1.550503e-09
6563 1.550040e-09
6564 1.549576e-09
6565 1.549113e-09
6566 1.548650e-09
6567 1.548187e-09
6568 1.547724e-09
6569 1.547261e-09
6570 1.546799e-09
6571 1.546336e-09
6572 1.545873e-09
6573 1.545411e-09
6574 1.544948e-09
6575 1.544486e-09
6576 1.544024e-09
6577 1.543561e-09
6578 1.543099e-09
6579 1.542637e-09
6580 1.542175e-09
6581 1.541713e-09
6582 1.541251e-09
6583 1.540789e-09
6584 1.540327e-09
6585 1.539866e-09
6586 1.539404e-09
6587 1.538942e-09
6588 1.538481e-09
6589 1.538019e-09
6590 1.537558e-09
6591 1.537097e-09
6592 1.536636e-09
6593 1.536174e-09
6594 1.535713e-09
6595 1.535252e-09
6596 1.534791e-09
6597 1.534331e-09
6598 1.533870e-09
6599 1.533409e-09
6600 1.532948e-09
6601 1.532488e-09
6602 1.532027e-09
6603 1.531567e-09
6604 1.531106e-09
6605 1.530646e-09
6606 1.530186e-09
6607 1.529725e-09
6608 1.529266e-09
6609 1.528805e-09
6610 1.528346e-09
6611 1.527886e-09
6612 1.527426e-09
6613 1.526966e-09
6614 1.526506e-09
6615 1.526047e-09
6616 1.525587e-09
6617 1.525128e-09
6618 1.524668e-09
6619 1.524209e-09
6620 1.523750e-09
6621 1.523291e-09
6622 1.522831e-09
6623 1.522372e-09
6624 1.521913e-09
6625 1.521454e-09
6626 1.520996e-09
6627 1.520537e-09
6628 1.520078e-09
6629 1.519619e-09
6630 1.519161e-09
6631 1.518702e-09
6632 1.518244e-09
6633 1.517785e-09
6634 1.517327e-09
6635 1.516869e-09
6636 1.516411e-09
6637 1.515953e-09
6638 1.515495e-09
6639 1.515037e-09
6640 1.514579e-09
6641 1.514121e-09
6642 1.513663e-09
6643 1.513205e-09
6644 1.512748e-09
6645 1.512290e-09
6646 1.511833e-09
6647 1.511375e-09
6648 1.510918e-09
6649 1.510461e-09
6650 1.510003e-09
6651 1.509547e-09
6652 1.509089e-09
6653 1.508633e-09
6654 1.508175e-09
6655 1.507719e-09
6656 1.507262e-09
6657 1.506805e-09
6658 1.506348e-09
6659 1.505892e-09
6660 1.505435e-09
6661 1.504979e-09
6662 1.504523e-09
6663 1.504066e-09
6664 1.503610e-09
6665 1.503154e-09
6666 1.502698e-09
6667 1.502242e-09
6668 1.501786e-09
6669 1.501330e-09
6670 1.500874e-09
6671 1.500418e-09
6672 1.499962e-09
6673 1.499507e-09
6674 1.499051e-09
6675 1.498596e-09
6676 1.498140e-09
6677 1.497685e-09
6678 1.497230e-09
6679 1.496775e-09
6680 1.496320e-09
6681 1.495864e-09
6682 1.495410e-09
6683 1.494954e-09
6684 1.494500e-09
6685 1.494045e-09
6686 1.493590e-09
6687 1.493135e-09
6688 1.492681e-09
6689 1.492226e-09
6690 1.491772e-09
6691 1.491317e-09
6692 1.490863e-09
6693 1.490409e-09
6694 1.489955e-09
6695 1.489500e-09
6696 1.489046e-09
6697 1.488592e-09
6698 1.488139e-09
6699 1.487685e-09
6700 1.487231e-09
6701 1.486777e-09
6702 1.486324e-09
6703 1.485870e-09
6704 1.485416e-09
6705 1.484963e-09
6706 1.484509e-09
6707 1.484056e-09
6708 1.483603e-09
6709 1.483150e-09
6710 1.482697e-09
6711 1.482244e-09
6712 1.481791e-09
6713 1.481338e-09
6714 1.480885e-09
6715 1.480432e-09
6716 1.479980e-09
6717 1.479527e-09
6718 1.479074e-09
6719 1.478622e-09
6720 1.478169e-09
6721 1.477717e-09
6722 1.477264e-09
6723 1.476812e-09
6724 1.476360e-09
6725 1.475908e-09
6726 1.475456e-09
6727 1.475004e-09
6728 1.474552e-09
6729 1.474101e-09
6730 1.473649e-09
6731 1.473197e-09
6732 1.472745e-09
6733 1.472294e-09
6734 1.471842e-09
6735 1.471391e-09
6736 1.470940e-09
6737 1.470488e-09
6738 1.470037e-09
6739 1.469586e-09
6740 1.469135e-09
6741 1.468684e-09
6742 1.468233e-09
6743 1.467782e-09
6744 1.467331e-09
6745 1.466880e-09
6746 1.466429e-09
6747 1.465979e-09
6748 1.465528e-09
6749 1.465078e-09
6750 1.464627e-09
6751 1.464177e-09
6752 1.463727e-09
6753 1.463276e-09
6754 1.462827e-09
6755 1.462376e-09
6756 1.461926e-09
6757 1.461476e-09
6758 1.461027e-09
6759 1.460577e-09
6760 1.460127e-09
6761 1.459677e-09
6762 1.459227e-09
6763 1.458778e-09
6764 1.458328e-09
6765 1.457879e-09
6766 1.457430e-09
6767 1.456981e-09
6768 1.456531e-09
6769 1.456082e-09
6770 1.455633e-09
6771 1.455184e-09
6772 1.454735e-09
6773 1.454286e-09
6774 1.453837e-09
6775 1.453388e-09
6776 1.452940e-09
6777 1.452491e-09
6778 1.452042e-09
6779 1.451594e-09
6780 1.451146e-09
6781 1.450697e-09
6782 1.450249e-09
6783 1.449801e-09
6784 1.449353e-09
6785 1.448905e-09
6786 1.448456e-09
6787 1.448008e-09
6788 1.447561e-09
6789 1.447113e-09
6790 1.446665e-09
6791 1.446217e-09
6792 1.445770e-09
6793 1.445322e-09
6794 1.444875e-09
6795 1.444427e-09
6796 1.443980e-09
6797 1.443532e-09
6798 1.443085e-09
6799 1.442638e-09
6800 1.442191e-09
6801 1.441744e-09
6802 1.441297e-09
6803 1.440850e-09
6804 1.440403e-09
6805 1.439956e-09
6806 1.439510e-09
6807 1.439063e-09
6808 1.438616e-09
6809 1.438170e-09
6810 1.437723e-09
6811 1.437277e-09
6812 1.436831e-09
6813 1.436384e-09
6814 1.435938e-09
6815 1.435492e-09
6816 1.435046e-09
6817 1.434600e-09
6818 1.434154e-09
6819 1.433708e-09
6820 1.433262e-09
6821 1.432817e-09
6822 1.432371e-09
6823 1.431925e-09
6824 1.431480e-09
6825 1.431034e-09
6826 1.430589e-09
6827 1.430144e-09
6828 1.429698e-09
6829 1.429253e-09
6830 1.428808e-09
6831 1.428363e-09
6832 1.427918e-09
6833 1.427473e-09
6834 1.427028e-09
6835 1.426583e-09
6836 1.426138e-09
6837 1.425694e-09
6838 1.425249e-09
6839 1.424805e-09
6840 1.424360e-09
6841 1.423916e-09
6842 1.423471e-09
6843 1.423027e-09
6844 1.422583e-09
6845 1.422138e-09
6846 1.421695e-09
6847 1.421250e-09
6848 1.420807e-09
6849 1.420363e-09
6850 1.419919e-09
6851 1.419475e-09
6852 1.419031e-09
6853 1.418588e-09
6854 1.418144e-09
6855 1.417701e-09
6856 1.417257e-09
6857 1.416814e-09
6858 1.416370e-09
6859 1.415969e-09
6860 1.415568e-09
6861 1.415167e-09
6862 1.414767e-09
6863 1.414366e-09
6864 1.413965e-09
6865 1.413565e-09
6866 1.413164e-09
6867 1.412763e-09
6868 1.412363e-09
6869 1.411962e-09
6870 1.411562e-09
6871 1.411162e-09
6872 1.410761e-09
6873 1.410361e-09
6874 1.409961e-09
6875 1.409561e-09
6876 1.409161e-09
6877 1.408761e-09
6878 1.408361e-09
6879 1.407961e-09
6880 1.407561e-09
6881 1.407162e-09
6882 1.406762e-09
6883 1.406362e-09
6884 1.405963e-09
6885 1.405563e-09
6886 1.405164e-09
6887 1.404765e-09
6888 1.404365e-09
6889 1.403966e-09
6890 1.403567e-09
6891 1.403168e-09
6892 1.402769e-09
6893 1.402369e-09
6894 1.401971e-09
6895 1.401572e-09
6896 1.401173e-09
6897 1.400774e-09
6898 1.400375e-09
6899 1.399976e-09
6900 1.399578e-09
6901 1.399179e-09
6902 1.398781e-09
6903 1.398382e-09
6904 1.397984e-09
6905 1.397586e-09
6906 1.397187e-09
6907 1.396789e-09
6908 1.396391e-09
6909 1.395993e-09
6910 1.395595e-09
6911 1.395197e-09
6912 1.394799e-09
6913 1.394401e-09
6914 1.394003e-09
6915 1.393605e-09
6916 1.393208e-09
6917 1.392810e-09
6918 1.392412e-09
6919 1.392015e-09
6920 1.391618e-09
6921 1.391220e-09
6922 1.390823e-09
6923 1.390425e-09
6924 1.390028e-09
6925 1.389631e-09
6926 1.389234e-09
6927 1.388837e-09
6928 1.388440e-09
6929 1.388043e-09
6930 1.387646e-09
6931 1.387249e-09
6932 1.386852e-09
6933 1.386455e-09
6934 1.386059e-09
6935 1.385662e-09
6936 1.385266e-09
6937 1.384869e-09
6938 1.384473e-09
6939 1.384076e-09
6940 1.383680e-09
6941 1.383284e-09
6942 1.382888e-09
6943 1.382491e-09
6944 1.382095e-09
6945 1.381699e-09
6946 1.381303e-09
6947 1.380907e-09
6948 1.380511e-09
6949 1.380115e-09
6950 1.379720e-09
6951 1.379324e-09
6952 1.378928e-09
6953 1.378533e-09
6954 1.378137e-09
6955 1.377742e-09
6956 1.377346e-09
6957 1.376951e-09
6958 1.376556e-09
6959 1.376160e-09
6960 1.375765e-09
6961 1.375370e-09
6962 1.374975e-09
6963 1.374580e-09
6964 1.374185e-09
6965 1.373790e-09
6966 1.373395e-09
6967 1.373000e-09
6968 1.372606e-09
6969 1.372211e-09
6970 1.371816e-09
6971 1.371422e-09
6972 1.371027e-09
6973 1.370633e-09
6974 1.370239e-09
6975 1.369844e-09
6976 1.369450e-09
6977 1.369056e-09
6978 1.368661e-09
6979 1.368267e-09
6980 1.367873e-09
6981 1.367479e-09
6982 1.367085e-09
6983 1.366692e-09
6984 1.366298e-09
6985 1.365904e-09
6986 1.365510e-09
6987 1.365116e-09
6988 1.364723e-09
6989 1.364329e-09
6990 1.363936e-09
6991 1.363542e-09
6992 1.363149e-09
6993 1.362756e-09
6994 1.362362e-09
6995 1.361969e-09
6996 1.361576e-09
6997 1.361183e-09
6998 1.360790e-09
6999 1.360397e-09
7000 1.360004e-09
7001 1.359611e-09
7002 1.359218e-09
7003 1.358825e-09
7004 1.358433e-09
7005 1.358040e-09
7006 1.357647e-09
7007 1.357255e-09
7008 1.356863e-09
7009 1.356470e-09
7010 1.356078e-09
7011 1.355685e-09
7012 1.355293e-09
7013 1.354901e-09
7014 1.354509e-09
7015 1.354117e-09
7016 1.353725e-09
7017 1.353333e-09
7018 1.352941e-09
7019 1.352549e-09
7020 1.352157e-09
7021 1.351765e-09
7022 1.351373e-09
7023 1.350982e-09
7024 1.350590e-09
7025 1.350199e-09
7026 1.349807e-09
7027 1.349416e-09
7028 1.349024e-09
7029 1.348633e-09
7030 1.348242e-09
7031 1.347851e-09
7032 1.347460e-09
7033 1.347068e-09
7034 1.346677e-09
7035 1.346287e-09
7036 1.345895e-09
7037 1.345505e-09
7038 1.345114e-09
7039 1.344723e-09
7040 1.344332e-09
7041 1.343942e-09
7042 1.343551e-09
7043 1.343161e-09
7044 1.342770e-09
7045 1.342380e-09
7046 1.341989e-09
7047 1.341599e-09
7048 1.341209e-09
7049 1.340819e-09
7050 1.340428e-09
7051 1.340038e-09
7052 1.339648e-09
7053 1.339258e-09
7054 1.338868e-09
7055 1.338478e-09
7056 1.338089e-09
7057 1.337699e-09
7058 1.337309e-09
7059 1.336920e-09
7060 1.336530e-09
7061 1.336140e-09
7062 1.335751e-09
7063 1.335361e-09
7064 1.334972e-09
7065 1.334583e-09
7066 1.334193e-09
7067 1.333804e-09
7068 1.333415e-09
7069 1.333026e-09
7070 1.332637e-09
7071 1.332248e-09
7072 1.331859e-09
7073 1.331470e-09
7074 1.331081e-09
7075 1.330693e-09
7076 1.330304e-09
7077 1.329915e-09
7078 1.329527e-09
7079 1.329138e-09
7080 1.328750e-09
7081 1.328361e-09
7082 1.327973e-09
7083 1.327585e-09
7084 1.327196e-09
7085 1.326808e-09
7086 1.326420e-09
7087 1.326032e-09
7088 1.325644e-09
7089 1.325256e-09
7090 1.324868e-09
7091 1.324480e-09
7092 1.324092e-09
7093 1.323704e-09
7094 1.323317e-09
7095 1.322929e-09
7096 1.322541e-09
7097 1.322154e-09
7098 1.321766e-09
7099 1.321379e-09
7100 1.320991e-09
7101 1.320604e-09
7102 1.320217e-09
7103 1.319830e-09
7104 1.319442e-09
7105 1.319055e-09
7106 1.318668e-09
7107 1.318281e-09
7108 1.317894e-09
7109 1.317507e-09
7110 1.317120e-09
7111 1.316734e-09
7112 1.316347e-09
7113 1.315960e-09
7114 1.315574e-09
7115 1.315187e-09
7116 1.314800e-09
7117 1.314414e-09
7118 1.314027e-09
7119 1.313641e-09
7120 1.313255e-09
7121 1.312868e-09
7122 1.312482e-09
7123 1.312096e-09
7124 1.311710e-09
7125 1.311324e-09
7126 1.310938e-09
7127 1.310552e-09
7128 1.310166e-09
7129 1.309780e-09
7130 1.309395e-09
7131 1.309009e-09
7132 1.308623e-09
7133 1.308238e-09
7134 1.307852e-09
7135 1.307467e-09
7136 1.307081e-09
7137 1.306696e-09
7138 1.306310e-09
7139 1.305925e-09
7140 1.305540e-09
7141 1.305155e-09
7142 1.304770e-09
7143 1.304385e-09
7144 1.304000e-09
7145 1.303615e-09
7146 1.303230e-09
7147 1.302845e-09
7148 1.302460e-09
7149 1.302075e-09
7150 1.301691e-09
7151 1.301306e-09
7152 1.300921e-09
7153 1.300537e-09
7154 1.300152e-09
7155 1.299768e-09
7156 1.299384e-09
7157 1.298999e-09
7158 1.298615e-09
7159 1.298231e-09
7160 1.297847e-09
7161 1.297463e-09
7162 1.297078e-09
7163 1.296695e-09
7164 1.296311e-09
7165 1.295927e-09
7166 1.295543e-09
7167 1.295159e-09
7168 1.294775e-09
7169 1.294392e-09
7170 1.294008e-09
7171 1.293625e-09
7172 1.293241e-09
7173 1.292858e-09
7174 1.292474e-09
7175 1.292091e-09
7176 1.291708e-09
7177 1.291324e-09
7178 1.290941e-09
7179 1.290558e-09
7180 1.290175e-09
7181 1.289792e-09
7182 1.289409e-09
7183 1.289026e-09
7184 1.288643e-09
7185 1.288260e-09
7186 1.287878e-09
7187 1.287495e-09
7188 1.287112e-09
7189 1.286730e-09
7190 1.286347e-09
7191 1.285965e-09
7192 1.285582e-09
7193 1.285200e-09
7194 1.284818e-09
7195 1.284435e-09
7196 1.284053e-09
7197 1.283671e-09
7198 1.283289e-09
7199 1.282907e-09
7200 1.282525e-09
7201 1.282143e-09
7202 1.281761e-09
7203 1.281379e-09
7204 1.280997e-09
7205 1.280615e-09
7206 1.280233e-09
7207 1.279852e-09
7208 1.279470e-09
7209 1.279089e-09
7210 1.278707e-09
7211 1.278326e-09
7212 1.277944e-09
7213 1.277563e-09
7214 1.277182e-09
7215 1.276801e-09
7216 1.276420e-09
7217 1.276038e-09
7218 1.275657e-09
7219 1.275276e-09
7220 1.274895e-09
7221 1.274514e-09
7222 1.274134e-09
7223 1.273753e-09
7224 1.273372e-09
7225 1.272991e-09
7226 1.272611e-09
7227 1.272230e-09
7228 1.271849e-09
7229 1.271469e-09
7230 1.271089e-09
7231 1.270708e-09
7232 1.270328e-09
7233 1.269948e-09
7234 1.269567e-09
7235 1.269187e-09
7236 1.268844e-09
7237 1.268501e-09
7238 1.268157e-09
7239 1.267814e-09
7240 1.267471e-09
7241 1.267128e-09
7242 1.266785e-09
7243 1.266442e-09
7244 1.266099e-09
7245 1.265756e-09
7246 1.265413e-09
7247 1.265070e-09
7248 1.264727e-09
7249 1.264385e-09
7250 1.264042e-09
7251 1.263699e-09
7252 1.263357e-09
7253 1.263014e-09
7254 1.262672e-09
7255 1.262329e-09
7256 1.261987e-09
7257 1.261645e-09
7258 1.261302e-09
7259 1.260960e-09
7260 1.260618e-09
7261 1.260276e-09
7262 1.259934e-09
7263 1.259591e-09
7264 1.259249e-09
7265 1.258908e-09
7266 1.258566e-09
7267 1.258224e-09
7268 1.257882e-09
7269 1.257540e-09
7270 1.257198e-09
7271 1.256857e-09
7272 1.256515e-09
7273 1.256173e-09
7274 1.255832e-09
7275 1.255490e-09
7276 1.255149e-09
7277 1.254807e-09
7278 1.254466e-09
7279 1.254125e-09
7280 1.253784e-09
7281 1.253442e-09
7282 1.253101e-09
7283 1.252760e-09
7284 1.252419e-09
7285 1.252078e-09
7286 1.251737e-09
7287 1.251396e-09
7288 1.251055e-09
7289 1.250714e-09
7290 1.250373e-09
7291 1.250033e-09
7292 1.249692e-09
7293 1.249351e-09
7294 1.249011e-09
7295 1.248670e-09
7296 1.248330e-09
7297 1.247989e-09
7298 1.247649e-09
7299 1.247308e-09
7300 1.246968e-09
7301 1.246628e-09
7302 1.246287e-09
7303 1.245947e-09
7304 1.245607e-09
7305 1.245267e-09
7306 1.244927e-09
7307 1.244587e-09
7308 1.244247e-09
7309 1.243907e-09
7310 1.243567e-09
7311 1.243227e-09
7312 1.242887e-09
7313 1.242548e-09
7314 1.242208e-09
7315 1.241868e-09
7316 1.241529e-09
7317 1.241189e-09
7318 1.240850e-09
7319 1.240510e-09
7320 1.240171e-09
7321 1.239832e-09
7322 1.239492e-09
7323 1.239153e-09
7324 1.238814e-09
7325 1.238474e-09
7326 1.238136e-09
7327 1.237796e-09
7328 1.237457e-09
7329 1.237118e-09
7330 1.236779e-09
7331 1.236441e-09
7332 1.236102e-09
7333 1.235763e-09
7334 1.235424e-09
7335 1.235085e-09
7336 1.234747e-09
7337 1.234408e-09
7338 1.234069e-09
7339 1.233731e-09
7340 1.233392e-09
7341 1.233054e-09
7342 1.232716e-09
7343 1.232377e-09
7344 1.232039e-09
7345 1.231701e-09
7346 1.231362e-09
7347 1.231024e-09
7348 1.230686e-09
7349 1.230348e-09
7350 1.230010e-09
7351 1.229672e-09
7352 1.229334e-09
7353 1.228996e-09
7354 1.228659e-09
7355 1.228321e-09
7356 1.227983e-09
7357 1.227645e-09
7358 1.227308e-09
7359 1.226970e-09
7360 1.226633e-09
7361 1.226295e-09
7362 1.225958e-09
7363 1.225620e-09
7364 1.225283e-09
7365 1.224945e-09
7366 1.224608e-09
7367 1.224271e-09
7368 1.223934e-09
7369 1.223596e-09
7370 1.223259e-09
7371 1.222922e-09
7372 1.222585e-09
7373 1.222248e-09
7374 1.221911e-09
7375 1.221575e-09
7376 1.221238e-09
7377 1.220901e-09
7378 1.220564e-09
7379 1.220227e-09
7380 1.219891e-09
7381 1.219554e-09
7382 1.219218e-09
7383 1.218881e-09
7384 1.218545e-09
7385 1.218208e-09
7386 1.217872e-09
7387 1.217535e-09
7388 1.217199e-09
7389 1.216863e-09
7390 1.216527e-09
7391 1.216191e-09
7392 1.215855e-09
7393 1.215519e-09
7394 1.215183e-09
7395 1.214847e-09
7396 1.214511e-09
7397 1.214175e-09
7398 1.213839e-09
7399 1.213503e-09
7400 1.213168e-09
7401 1.212832e-09
7402 1.212496e-09
7403 1.212161e-09
7404 1.211825e-09
7405 1.211490e-09
7406 1.211154e-09
7407 1.210819e-09
7408 1.210483e-09
7409 1.210148e-09
7410 1.209812e-09
7411 1.209477e-09
7412 1.209142e-09
7413 1.208807e-09
7414 1.208472e-09
7415 1.208137e-09
7416 1.207802e-09
7417 1.207467e-09
7418 1.207132e-09
7419 1.206797e-09
7420 1.206462e-09
7421 1.206128e-09
7422 1.205793e-09
7423 1.205458e-09
7424 1.205123e-09
7425 1.204789e-09
7426 1.204454e-09
7427 1.204120e-09
7428 1.203785e-09
7429 1.203451e-09
7430 1.203116e-09
7431 1.202782e-09
7432 1.202448e-09
7433 1.202113e-09
7434 1.201779e-09
7435 1.201445e-09
7436 1.201111e-09
7437 1.200777e-09
7438 1.200443e-09
7439 1.200109e-09
7440 1.199775e-09
7441 1.199441e-09
7442 1.199107e-09
7443 1.198773e-09
7444 1.198440e-09
7445 1.198106e-09
7446 1.197773e-09
7447 1.197439e-09
7448 1.197105e-09
7449 1.196772e-09
7450 1.196438e-09
7451 1.196105e-09
7452 1.195771e-09
7453 1.195438e-09
7454 1.195105e-09
7455 1.194771e-09
7456 1.194438e-09
7457 1.194105e-09
7458 1.193772e-09
7459 1.193439e-09
7460 1.193106e-09
7461 1.192773e-09
7462 1.192440e-09
7463 1.192107e-09
7464 1.191774e-09
7465 1.191441e-09
7466 1.191108e-09
7467 1.190776e-09
7468 1.190443e-09
7469 1.190111e-09
7470 1.189778e-09
7471 1.189445e-09
7472 1.189113e-09
7473 1.188780e-09
7474 1.188448e-09
7475 1.188116e-09
7476 1.187783e-09
7477 1.187451e-09
7478 1.187119e-09
7479 1.186787e-09
7480 1.186455e-09
7481 1.186122e-09
7482 1.185790e-09
7483 1.185458e-09
7484 1.185126e-09
7485 1.184794e-09
7486 1.184462e-09
7487 1.184131e-09
7488 1.183799e-09
7489 1.183467e-09
7490 1.183136e-09
7491 1.182804e-09
7492 1.182472e-09
7493 1.182141e-09
7494 1.181809e-09
7495 1.181478e-09
7496 1.181146e-09
7497 1.180815e-09
7498 1.180483e-09
7499 1.180152e-09
7500 1.179821e-09
7501 1.179490e-09
7502 1.179158e-09
7503 1.178827e-09
7504 1.178496e-09
7505 1.178165e-09
7506 1.177834e-09
7507 1.177503e-09
7508 1.177172e-09
7509 1.176841e-09
7510 1.176511e-09
7511 1.176180e-09
7512 1.175849e-09
7513 1.175519e-09
7514 1.175188e-09
7515 1.174857e-09
7516 1.174527e-09
7517 1.174196e-09
7518 1.173866e-09
7519 1.173535e-09
7520 1.173205e-09
7521 1.172875e-09
7522 1.172544e-09
7523 1.172214e-09
7524 1.171884e-09
7525 1.171554e-09
7526 1.171224e-09
7527 1.170893e-09
7528 1.170564e-09
7529 1.170234e-09
7530 1.169903e-09
7531 1.169574e-09
7532 1.169244e-09
7533 1.168914e-09
7534 1.168584e-09
7535 1.168254e-09
7536 1.167925e-09
7537 1.167595e-09
7538 1.167266e-09
7539 1.166936e-09
7540 1.166607e-09
7541 1.166277e-09
7542 1.165948e-09
7543 1.165618e-09
7544 1.165289e-09
7545 1.164960e-09
7546 1.164631e-09
7547 1.164301e-09
7548 1.163972e-09
7549 1.163643e-09
7550 1.163314e-09
7551 1.162985e-09
7552 1.162656e-09
7553 1.162327e-09
7554 1.161998e-09
7555 1.161669e-09
7556 1.161341e-09
7557 1.161012e-09
7558 1.160683e-09
7559 1.160354e-09
7560 1.160026e-09
7561 1.159697e-09
7562 1.159369e-09
7563 1.159040e-09
7564 1.158712e-09
7565 1.158383e-09
7566 1.158055e-09
7567 1.157727e-09
7568 1.157398e-09
7569 1.157070e-09
7570 1.156742e-09
7571 1.156414e-09
7572 1.156086e-09
7573 1.155757e-09
7574 1.155430e-09
7575 1.155101e-09
7576 1.154773e-09
7577 1.154446e-09
7578 1.154118e-09
7579 1.153790e-09
7580 1.153462e-09
7581 1.153134e-09
7582 1.152807e-09
7583 1.152479e-09
7584 1.152152e-09
7585 1.151824e-09
7586 1.151496e-09
7587 1.151169e-09
7588 1.150842e-09
7589 1.150514e-09
7590 1.150187e-09
7591 1.149860e-09
7592 1.149533e-09
7593 1.149205e-09
7594 1.148878e-09
7595 1.148551e-09
7596 1.148224e-09
7597 1.147897e-09
7598 1.147570e-09
7599 1.147243e-09
7600 1.146916e-09
7601 1.146589e-09
7602 1.146262e-09
7603 1.145936e-09
7604 1.145609e-09
7605 1.145282e-09
7606 1.144956e-09
7607 1.144629e-09
7608 1.144302e-09
7609 1.143976e-09
7610 1.143649e-09
7611 1.143323e-09
7612 1.142997e-09
7613 1.142670e-09
7614 1.142344e-09
7615 1.142018e-09
7616 1.141691e-09
7617 1.141365e-09
7618 1.141039e-09
7619 1.140713e-09
7620 1.140387e-09
7621 1.140061e-09
7622 1.139735e-09
7623 1.139409e-09
7624 1.139083e-09
7625 1.138758e-09
7626 1.138432e-09
7627 1.138106e-09
7628 1.137780e-09
7629 1.137455e-09
7630 1.137129e-09
7631 1.136803e-09
7632 1.136478e-09
7633 1.136152e-09
7634 1.135859e-09
7635 1.135565e-09
7636 1.135272e-09
7637 1.134979e-09
7638 1.134685e-09
7639 1.134392e-09
7640 1.134098e-09
7641 1.133805e-09
7642 1.133512e-09
7643 1.133218e-09
7644 1.132925e-09
7645 1.132632e-09
7646 1.132339e-09
7647 1.132046e-09
7648 1.131753e-09
7649 1.131460e-09
7650 1.131167e-09
7651 1.130874e-09
7652 1.130581e-09
7653 1.130288e-09
7654 1.129995e-09
7655 1.129702e-09
7656 1.129410e-09
7657 1.129117e-09
7658 1.128824e-09
7659 1.128532e-09
7660 1.128239e-09
7661 1.127947e-09
7662 1.127654e-09
7663 1.127362e-09
7664 1.127069e-09
7665 1.126777e-09
7666 1.126485e-09
7667 1.126192e-09
7668 1.125900e-09
7669 1.125608e-09
7670 1.125315e-09
7671 1.125023e-09
7672 1.124731e-09
7673 1.124439e-09
7674 1.124147e-09
7675 1.123855e-09
7676 1.123563e-09
7677 1.123271e-09
7678 1.122979e-09
7679 1.122687e-09
7680 1.122396e-09
7681 1.122104e-09
7682 1.121812e-09
7683 1.121520e-09
7684 1.121228e-09
7685 1.120937e-09
7686 1.120645e-09
7687 1.120354e-09
7688 1.120062e-09
7689 1.119771e-09
7690 1.119479e-09
7691 1.119188e-09
7692 1.118896e-09
7693 1.118605e-09
7694 1.118314e-09
7695 1.118023e-09
7696 1.117732e-09
7697 1.117440e-09
7698 1.117149e-09
7699 1.116858e-09
7700 1.116567e-09
7701 1.116276e-09
7702 1.115985e-09
7703 1.115694e-09
7704 1.115403e-09
7705 1.115112e-09
7706 1.114821e-09
7707 1.114530e-09
7708 1.114240e-09
7709 1.113949e-09
7710 1.113658e-09
7711 1.113368e-09
7712 1.113077e-09
7713 1.112786e-09
7714 1.112496e-09
7715 1.112205e-09
7716 1.111915e-09
7717 1.111625e-09
7718 1.111334e-09
7719 1.111044e-09
7720 1.110753e-09
7721 1.110463e-09
7722 1.110173e-09
7723 1.109883e-09
7724 1.109593e-09
7725 1.109303e-09
7726 1.109013e-09
7727 1.108722e-09
7728 1.108432e-09
7729 1.108142e-09
7730 1.107852e-09
7731 1.107563e-09
7732 1.107273e-09
7733 1.106983e-09
7734 1.106693e-09
7735 1.106403e-09
7736 1.106114e-09
7737 1.105824e-09
7738 1.105534e-09
7739 1.105245e-09
7740 1.104955e-09
7741 1.104666e-09
7742 1.104376e-09
7743 1.104087e-09
7744 1.103797e-09
7745 1.103508e-09
7746 1.103219e-09
7747 1.102929e-09
7748 1.102640e-09
7749 1.102351e-09
7750 1.102061e-09
7751 1.101772e-09
7752 1.101483e-09
7753 1.101194e-09
7754 1.100905e-09
7755 1.100616e-09
7756 1.100327e-09
7757 1.100038e-09
7758 1.099749e-09
7759 1.099461e-09
7760 1.099172e-09
7761 1.098883e-09
7762 1.098594e-09
7763 1.098306e-09
7764 1.098017e-09
7765 1.097728e-09
7766 1.097440e-09
7767 1.097151e-09
7768 1.096863e-09
7769 1.096574e-09
7770 1.096286e-09
7771 1.095997e-09
7772 1.095709e-09
7773 1.095420e-09
7774 1.095132e-09
7775 1.094844e-09
7776 1.094556e-09
7777 1.094268e-09
7778 1.093980e-09
7779 1.093691e-09
7780 1.093403e-09
7781 1.093115e-09
7782 1.092827e-09
7783 1.092539e-09
7784 1.092251e-09
7785 1.091963e-09
7786 1.091675e-09
7787 1.091388e-09
7788 1.091100e-09
7789 1.090812e-09
7790 1.090525e-09
7791 1.090237e-09
7792 1.089949e-09
7793 1.089661e-09
7794 1.089374e-09
7795 1.089086e-09
7796 1.088799e-09
7797 1.088512e-09
7798 1.088224e-09
7799 1.087937e-09
7800 1.087650e-09
7801 1.087362e-09
7802 1.087075e-09
7803 1.086788e-09
7804 1.086501e-09
7805 1.086213e-09
7806 1.085926e-09
7807 1.085639e-09
7808 1.085352e-09
7809 1.085065e-09
7810 1.084778e-09
7811 1.084491e-09
7812 1.084204e-09
7813 1.083918e-09
7814 1.083631e-09
7815 1.083344e-09
7816 1.083057e-09
7817 1.082770e-09
7818 1.082484e-09
7819 1.082197e-09
7820 1.081911e-09
7821 1.081624e-09
7822 1.081338e-09
7823 1.081051e-09
7824 1.080764e-09
7825 1.080478e-09
7826 1.080192e-09
7827 1.079905e-09
7828 1.079619e-09
7829 1.079333e-09
7830 1.079046e-09
7831 1.078760e-09
7832 1.078474e-09
7833 1.078188e-09
7834 1.077902e-09
7835 1.077616e-09
7836 1.077330e-09
7837 1.077044e-09
7838 1.076758e-09
7839 1.076472e-09
7840 1.076186e-09
7841 1.075900e-09
7842 1.075615e-09
7843 1.075329e-09
7844 1.075043e-09
7845 1.074757e-09
7846 1.074472e-09
7847 1.074186e-09
7848 1.073901e-09
7849 1.073615e-09
7850 1.073330e-09
7851 1.073044e-09
7852 1.072758e-09
7853 1.072473e-09
7854 1.072188e-09
7855 1.071903e-09
7856 1.071617e-09
7857 1.071332e-09
7858 1.071047e-09
7859 1.070762e-09
7860 1.070476e-09
7861 1.070191e-09
7862 1.069906e-09
7863 1.069621e-09
7864 1.069336e-09
7865 1.069051e-09
7866 1.068766e-09
7867 1.068481e-09
7868 1.068197e-09
7869 1.067912e-09
7870 1.067627e-09
7871 1.067342e-09
7872 1.067058e-09
7873 1.066773e-09
7874 1.066488e-09
7875 1.066204e-09
7876 1.065919e-09
7877 1.065635e-09
7878 1.065350e-09
7879 1.065066e-09
7880 1.064781e-09
7881 1.064497e-09
7882 1.064212e-09
7883 1.063928e-09
7884 1.063644e-09
7885 1.063360e-09
7886 1.063076e-09
7887 1.062791e-09
7888 1.062507e-09
7889 1.062223e-09
7890 1.061939e-09
7891 1.061655e-09
7892 1.061371e-09
7893 1.061087e-09
7894 1.060803e-09
7895 1.060519e-09
7896 1.060235e-09
7897 1.059952e-09
7898 1.059668e-09
7899 1.059384e-09
7900 1.059100e-09
7901 1.058817e-09
7902 1.058533e-09
7903 1.058250e-09
7904 1.057966e-09
7905 1.057682e-09
7906 1.057399e-09
7907 1.057116e-09
7908 1.056832e-09
7909 1.056549e-09
7910 1.056266e-09
7911 1.055982e-09
7912 1.055699e-09
7913 1.055416e-09
7914 1.055132e-09
7915 1.054849e-09
7916 1.054566e-09
7917 1.054283e-09
7918 1.054000e-09
7919 1.053717e-09
7920 1.053434e-09
7921 1.053151e-09
7922 1.052868e-09
7923 1.052585e-09
7924 1.052303e-09
7925 1.052020e-09
7926 1.051737e-09
7927 1.051454e-09
7928 1.051171e-09
7929 1.050889e-09
7930 1.050606e-09
7931 1.050324e-09
7932 1.050041e-09
7933 1.049758e-09
7934 1.049476e-09
7935 1.049194e-09
7936 1.048911e-09
7937 1.048629e-09
7938 1.048347e-09
7939 1.048064e-09
7940 1.047782e-09
7941 1.047500e-09
7942 1.047217e-09
7943 1.046935e-09
7944 1.046653e-09
7945 1.046371e-09
7946 1.046089e-09
7947 1.045807e-09
7948 1.045525e-09
7949 1.045243e-09
7950 1.044961e-09
7951 1.044679e-09
7952 1.044398e-09
7953 1.044116e-09
7954 1.043834e-09
7955 1.043552e-09
7956 1.043270e-09
7957 1.042989e-09
7958 1.042707e-09
7959 1.042426e-09
7960 1.042144e-09
7961 1.041863e-09
7962 1.041581e-09
7963 1.041299e-09
7964 1.041018e-09
7965 1.040737e-09
7966 1.040455e-09
7967 1.040174e-09
7968 1.039893e-09
7969 1.039612e-09
7970 1.039330e-09
7971 1.039049e-09
7972 1.038768e-09
7973 1.038487e-09
7974 1.038206e-09
7975 1.037925e-09
7976 1.037644e-09
7977 1.037363e-09
7978 1.037082e-09
7979 1.036801e-09
7980 1.036520e-09
7981 1.036239e-09
7982 1.035959e-09
7983 1.035678e-09
7984 1.035397e-09
7985 1.035116e-09
7986 1.034836e-09
7987 1.034555e-09
7988 1.034275e-09
7989 1.033994e-09
7990 1.033714e-09
7991 1.033433e-09
7992 1.033153e-09
7993 1.032872e-09
7994 1.032592e-09
7995 1.032312e-09
7996 1.032031e-09
7997 1.031751e-09
7998 1.031471e-09
7999 1.031191e-09
8000 1.030910e-09
8001 1.030630e-09
8002 1.030350e-09
8003 1.030070e-09
8004 1.029790e-09
8005 1.029510e-09
8006 1.029230e-09
8007 1.028950e-09
8008 1.028671e-09
8009 1.028391e-09
8010 1.028111e-09
8011 1.027831e-09
8012 1.027552e-09
8013 1.027272e-09
8014 1.026992e-09
8015 1.026712e-09
8016 1.026433e-09
8017 1.026153e-09
8018 1.025874e-09
8019 1.025594e-09
8020 1.025315e-09
8021 1.025035e-09
8022 1.024756e-09
8023 1.024477e-09
8024 1.024197e-09
8025 1.023918e-09
8026 1.023639e-09
8027 1.023360e-09
8028 1.023080e-09
8029 1.022801e-09
8030 1.022522e-09
8031 1.022243e-09
8032 1.021964e-09
8033 1.021685e-09
8034 1.021406e-09
8035 1.021127e-09
8036 1.020848e-09
8037 1.020569e-09
8038 1.020291e-09
8039 1.020012e-09
8040 1.019733e-09
8041 1.019455e-09
8042 1.019176e-09
8043 1.018897e-09
8044 1.018618e-09
8045 1.018340e-09
8046 1.018061e-09
8047 1.017783e-09
8048 1.017504e-09
8049 1.017226e-09
8050 1.016947e-09
8051 1.016669e-09
8052 1.016391e-09
8053 1.016140e-09
8054 1.015889e-09
8055 1.015639e-09
8056 1.015388e-09
8057 1.015137e-09
8058 1.014887e-09
8059 1.014636e-09
8060 1.014386e-09
8061 1.014135e-09
8062 1.013885e-09
8063 1.013634e-09
8064 1.013384e-09
8065 1.013134e-09
8066 1.012883e-09
8067 1.012633e-09
8068 1.012383e-09
8069 1.012133e-09
8070 1.011882e-09
8071 1.011632e-09
8072 1.011382e-09
8073 1.011132e-09
8074 1.010882e-09
8075 1.010632e-09
8076 1.010382e-09
8077 1.010132e-09
8078 1.009882e-09
8079 1.009632e-09
8080 1.009382e-09
8081 1.009132e-09
8082 1.008882e-09
8083 1.008633e-09
8084 1.008383e-09
8085 1.008133e-09
8086 1.007883e-09
8087 1.007634e-09
8088 1.007384e-09
8089 1.007134e-09
8090 1.006885e-09
8091 1.006635e-09
8092 1.006386e-09
8093 1.006136e-09
8094 1.005887e-09
8095 1.005638e-09
8096 1.005388e-09
8097 1.005139e-09
8098 1.004889e-09
8099 1.004640e-09
8100 1.004391e-09
8101 1.004142e-09
8102 1.003892e-09
8103 1.003643e-09
8104 1.003394e-09
8105 1.003145e-09
8106 1.002896e-09
8107 1.002647e-09
8108 1.002398e-09
8109 1.002149e-09
8110 1.001900e-09
8111 1.001651e-09
8112 1.001402e-09
8113 1.001153e-09
8114 1.000904e-09
8115 1.000655e-09
8116 1.000407e-09
8117 1.000158e-09
8118 9.999091e-10
8119 9.996604e-10
8120 9.994117e-10
8121 9.991631e-10
8122 9.989145e-10
8123 9.986659e-10
8124 9.984173e-10
8125 9.981688e-10
8126 9.979206e-10
8127 9.976721e-10
8128 9.974237e-10
8129 9.971753e-10
8130 9.969269e-10
8131 9.966786e-10
8132 9.964303e-10
8133 9.961820e-10
8134 9.959337e-10
8135 9.956855e-10
8136 9.954373e-10
8137 9.951892e-10
8138 9.949411e-10
8139 9.946930e-10
8140 9.944449e-10
8141 9.941971e-10
8142 9.939491e-10
8143 9.937011e-10
8144 9.934532e-10
8145 9.932053e-10
8146 9.929574e-10
8147 9.927096e-10
8148 9.924617e-10
8149 9.922140e-10
8150 9.919662e-10
8151 9.917185e-10
8152 9.914708e-10
8153 9.912231e-10
8154 9.909755e-10
8155 9.907279e-10
8156 9.904805e-10
8157 9.902330e-10
8158 9.899855e-10
8159 9.897380e-10
8160 9.894905e-10
8161 9.892431e-10
8162 9.889957e-10
8163 9.887483e-10
8164 9.885010e-10
8165 9.882537e-10
8166 9.880064e-10
8167 9.877592e-10
8168 9.875120e-10
8169 9.872648e-10
8170 9.870177e-10
8171 9.867708e-10
8172 9.865237e-10
8173 9.862766e-10
8174 9.860296e-10
8175 9.857826e-10
8176 9.855356e-10
8177 9.852887e-10
8178 9.850418e-10
8179 9.847949e-10
8180 9.845480e-10
8181 9.843012e-10
8182 9.840544e-10
8183 9.838077e-10
8184 9.835609e-10
8185 9.833142e-10
8186 9.830678e-10
8187 9.828212e-10
8188 9.825746e-10
8189 9.823280e-10
8190 9.820814e-10
8191 9.818349e-10
8192 9.815884e-10
8193 9.813420e-10
8194 9.810955e-10
8195 9.808491e-10
8196 9.806028e-10
8197 9.803564e-10
8198 9.801101e-10
8199 9.798639e-10
8200 9.796176e-10
8201 9.793716e-10
8202 9.791254e-10
8203 9.788793e-10
8204 9.786332e-10
8205 9.783871e-10
8206 9.781410e-10
8207 9.778950e-10
8208 9.776490e-10
8209 9.774030e-10
8210 9.771570e-10
8211 9.769111e-10
8212 9.766652e-10
8213 9.764194e-10
8214 9.761735e-10
8215 9.759277e-10
8216 9.756822e-10
8217 9.754365e-10
8218 9.751908e-10
8219 9.749451e-10
8220 9.746994e-10
8221 9.744538e-10
8222 9.742082e-10
8223 9.739627e-10
8224 9.737171e-10
8225 9.734716e-10
8226 9.732262e-10
8227 9.729807e-10
8228 9.727353e-10
8229 9.724900e-10
8230 9.722446e-10
8231 9.719995e-10
8232 9.717542e-10
8233 9.715090e-10
8234 9.712637e-10
8235 9.710185e-10
8236 9.707734e-10
8237 9.705282e-10
8238 9.702831e-10
8239 9.700380e-10
8240 9.697930e-10
8241 9.695480e-10
8242 9.693030e-10
8243 9.690580e-10
8244 9.688131e-10
8245 9.685682e-10
8246 9.683235e-10
8247 9.680787e-10
8248 9.678339e-10
8249 9.675891e-10
8250 9.673443e-10
8251 9.670996e-10
8252 9.668549e-10
8253 9.666103e-10
8254 9.663656e-10
8255 9.661210e-10
8256 9.658764e-10
8257 9.656319e-10
8258 9.653874e-10
8259 9.651429e-10
8260 9.648984e-10
8261 9.646542e-10
8262 9.644098e-10
8263 9.641655e-10
8264 9.639211e-10
8265 9.636768e-10
8266 9.634325e-10
8267 9.631883e-10
8268 9.629441e-10
8269 9.626999e-10
8270 9.624557e-10
8271 9.622116e-10
8272 9.619675e-10
8273 9.617234e-10
8274 9.614793e-10
8275 9.612353e-10
8276 9.609916e-10
8277 9.607476e-10
8278 9.605037e-10
8279 9.602598e-10
8280 9.600159e-10
8281 9.597721e-10
8282 9.595283e-10
8283 9.592845e-10
8284 9.590408e-10
8285 9.587970e-10
8286 9.585533e-10
8287 9.583097e-10
8288 9.580661e-10
8289 9.578225e-10
8290 9.575789e-10
8291 9.573353e-10
8292 9.570921e-10
8293 9.568486e-10
8294 9.566051e-10
8295 9.563617e-10
8296 9.561183e-10
8297 9.558749e-10
8298 9.556316e-10
8299 9.553883e-10
8300 9.551450e-10
8301 9.549017e-10
8302 9.546585e-10
8303 9.544153e-10
8304 9.541722e-10
8305 9.539290e-10
8306 9.536859e-10
8307 9.534431e-10
8308 9.532000e-10
8309 9.529570e-10
8310 9.527140e-10
8311 9.524711e-10
8312 9.522282e-10
8313 9.519853e-10
8314 9.517424e-10
8315 9.514995e-10
8316 9.512567e-10
8317 9.510139e-10
8318 9.507712e-10
8319 9.505285e-10
8320 9.502858e-10
8321 9.500431e-10
8322 9.498007e-10
8323 9.495581e-10
8324 9.493155e-10
8325 9.490730e-10
8326 9.488305e-10
8327 9.485880e-10
8328 9.483455e-10
8329 9.481031e-10
8330 9.478607e-10
8331 9.476183e-10
8332 9.473759e-10
8333 9.471336e-10
8334 9.468913e-10
8335 9.466491e-10
8336 9.464069e-10
8337 9.461649e-10
8338 9.459227e-10
8339 9.456806e-10
8340 9.454385e-10
8341 9.451964e-10
8342 9.449543e-10
8343 9.447123e-10
8344 9.444703e-10
8345 9.442283e-10
8346 9.439864e-10
8347 9.437445e-10
8348 9.435026e-10
8349 9.432608e-10
8350 9.430189e-10
8351 9.427771e-10
8352 9.425356e-10
8353 9.422939e-10
8354 9.420522e-10
8355 9.418105e-10
8356 9.415688e-10
8357 9.413272e-10
8358 9.410856e-10
8359 9.408441e-10
8360 9.406025e-10
8361 9.403610e-10
8362 9.401195e-10
8363 9.398781e-10
8364 9.396367e-10
8365 9.393953e-10
8366 9.391539e-10
8367 9.389128e-10
8368 9.386715e-10
8369 9.384303e-10
8370 9.381890e-10
8371 9.379478e-10
8372 9.377066e-10
8373 9.374654e-10
8374 9.372243e-10
8375 9.369832e-10
8376 9.367421e-10
8377 9.365011e-10
8378 9.362601e-10
8379 9.360191e-10
8380 9.357781e-10
8381 9.355372e-10
8382 9.352966e-10
8383 9.350557e-10
8384 9.348148e-10
8385 9.345740e-10
8386 9.343332e-10
8387 9.340925e-10
8388 9.338518e-10
8389 9.336111e-10
8390 9.333704e-10
8391 9.331297e-10
8392 9.328891e-10
8393 9.326486e-10
8394 9.324080e-10
8395 9.321675e-10
8396 9.319270e-10
8397 9.316867e-10
8398 9.314463e-10
8399 9.312059e-10
8400 9.309655e-10
8401 9.307251e-10
8402 9.304848e-10
8403 9.302445e-10
8404 9.300043e-10
8405 9.297640e-10
8406 9.295238e-10
8407 9.292836e-10
8408 9.290435e-10
8409 9.288033e-10
8410 9.285632e-10
8411 9.283232e-10
8412 9.280834e-10
8413 9.278434e-10
8414 9.276034e-10
8415 9.273634e-10
8416 9.271235e-10
8417 9.268836e-10
8418 9.266437e-10
8419 9.264039e-10
8420 9.261641e-10
8421 9.259243e-10
8422 9.256845e-10
8423 9.254448e-10
8424 9.252051e-10
8425 9.249654e-10
8426 9.247258e-10
8427 9.244864e-10
8428 9.242468e-10
8429 9.240073e-10
8430 9.237677e-10
8431 9.235282e-10
8432 9.232888e-10
8433 9.230493e-10
8434 9.228099e-10
8435 9.225705e-10
8436 9.223312e-10
8437 9.220918e-10
8438 9.218525e-10
8439 9.216133e-10
8440 9.213740e-10
8441 9.211348e-10
8442 9.208959e-10
8443 9.206567e-10
8444 9.204176e-10
8445 9.201785e-10
8446 9.199394e-10
8447 9.197003e-10
8448 9.194613e-10
8449 9.192223e-10
8450 9.189834e-10
8451 9.187445e-10
8452 9.185055e-10
8453 9.182667e-10
8454 9.180278e-10
8455 9.177890e-10
8456 9.175502e-10
8457 9.173115e-10
8458 9.170729e-10
8459 9.168342e-10
8460 9.165956e-10
8461 9.163569e-10
8462 9.161183e-10
8463 9.158797e-10
8464 9.156411e-10
8465 9.154026e-10
8466 9.151641e-10
8467 9.149256e-10
8468 9.146872e-10
8469 9.144487e-10
8470 9.142103e-10
8471 9.139720e-10
8472 9.137336e-10
8473 9.134955e-10
8474 9.132573e-10
8475 9.130190e-10
8476 9.127808e-10
8477 9.125426e-10
8478 9.123044e-10
8479 9.120663e-10
8480 9.118281e-10
8481 9.115901e-10
8482 9.113520e-10
8483 9.111140e-10
8484 9.108760e-10
8485 9.106380e-10
8486 9.104000e-10
8487 9.101621e-10
8488 9.099245e-10
8489 9.096866e-10
8490 9.094488e-10
8491 9.092110e-10
8492 9.089732e-10
8493 9.087354e-10
8494 9.084977e-10
8495 9.082600e-10
8496 9.080463e-10
8497 9.078325e-10
8498 9.076186e-10
8499 9.074050e-10
8500 9.071912e-10
8501 9.069776e-10
8502 9.067639e-10
8503 9.065502e-10
8504 9.063367e-10
8505 9.061230e-10
8506 9.059096e-10
8507 9.056959e-10
8508 9.054823e-10
8509 9.052690e-10
8510 9.050554e-10
8511 9.048421e-10
8512 9.046286e-10
8513 9.044154e-10
8514 9.042019e-10
8515 9.039885e-10
8516 9.037753e-10
8517 9.035619e-10
8518 9.033488e-10
8519 9.031355e-10
8520 9.029222e-10
8521 9.027091e-10
8522 9.024959e-10
8523 9.022829e-10
8524 9.020697e-10
8525 9.018565e-10
8526 9.016435e-10
8527 9.014304e-10
8528 9.012175e-10
8529 9.010045e-10
8530 9.007914e-10
8531 9.005786e-10
8532 9.003656e-10
8533 9.001528e-10
8534 8.999399e-10
8535 8.997270e-10
8536 8.995143e-10
8537 8.993014e-10
8538 8.990888e-10
8539 8.988760e-10
8540 8.986634e-10
8541 8.984506e-10
8542 8.982378e-10
8543 8.980253e-10
8544 8.978126e-10
8545 8.976002e-10
8546 8.973875e-10
8547 8.971749e-10
8548 8.969625e-10
8549 8.967499e-10
8550 8.965376e-10
8551 8.963251e-10
8552 8.961126e-10
8553 8.959003e-10
8554 8.956879e-10
8555 8.954757e-10
8556 8.952633e-10
8557 8.950509e-10
8558 8.948387e-10
8559 8.946264e-10
8560 8.944143e-10
8561 8.942020e-10
8562 8.939898e-10
8563 8.937778e-10
8564 8.935656e-10
8565 8.933536e-10
8566 8.931415e-10
8567 8.929295e-10
8568 8.927174e-10
8569 8.925054e-10
8570 8.922935e-10
8571 8.920815e-10
8572 8.918697e-10
8573 8.916577e-10
8574 8.914458e-10
8575 8.912340e-10
8576 8.910221e-10
8577 8.908105e-10
8578 8.905986e-10
8579 8.903868e-10
8580 8.901752e-10
8581 8.899634e-10
8582 8.897519e-10
8583 8.895401e-10
8584 8.893284e-10
8585 8.891170e-10
8586 8.889053e-10
8587 8.886939e-10
8588 8.884823e-10
8589 8.882709e-10
8590 8.880593e-10
8591 8.878478e-10
8592 8.876365e-10
8593 8.874250e-10
8594 8.872138e-10
8595 8.870023e-10
8596 8.867909e-10
8597 8.865797e-10
8598 8.863684e-10
8599 8.861572e-10
8600 8.859459e-10
8601 8.857346e-10
8602 8.855236e-10
8603 8.853123e-10
8604 8.851013e-10
8605 8.848902e-10
8606 8.846790e-10
8607 8.844681e-10
8608 8.842569e-10
8609 8.840461e-10
8610 8.838350e-10
8611 8.836239e-10
8612 8.834131e-10
8613 8.832021e-10
8614 8.829914e-10
8615 8.827804e-10
8616 8.825697e-10
8617 8.823588e-10
8618 8.821480e-10
8619 8.819373e-10
8620 8.817265e-10
8621 8.815159e-10
8622 8.813051e-10
8623 8.810944e-10
8624 8.808839e-10
8625 8.806732e-10
8626 8.804627e-10
8627 8.802520e-10
8628 8.800414e-10
8629 8.798310e-10
8630 8.796204e-10
8631 8.794101e-10
8632 8.791996e-10
8633 8.789891e-10
8634 8.787788e-10
8635 8.785683e-10
8636 8.783581e-10
8637 8.781477e-10
8638 8.779373e-10
8639 8.777272e-10
8640 8.775168e-10
8641 8.773067e-10
8642 8.770965e-10
8643 8.768864e-10
8644 8.766762e-10
8645 8.764659e-10
8646 8.762560e-10
8647 8.760458e-10
8648 8.758359e-10
8649 8.756258e-10
8650 8.754157e-10
8651 8.752058e-10
8652 8.749958e-10
8653 8.747860e-10
8654 8.745760e-10
8655 8.743660e-10
8656 8.741563e-10
8657 8.739463e-10
8658 8.737366e-10
8659 8.735268e-10
8660 8.733169e-10
8661 8.731073e-10
8662 8.728975e-10
8663 8.726879e-10
8664 8.724782e-10
8665 8.722685e-10
8666 8.720590e-10
8667 8.718493e-10
8668 8.716398e-10
8669 8.714302e-10
8670 8.712208e-10
8671 8.710112e-10
8672 8.708017e-10
8673 8.705923e-10
8674 8.703828e-10
8675 8.701736e-10
8676 8.699641e-10
8677 8.697546e-10
8678 8.695454e-10
8679 8.693361e-10
8680 8.691269e-10
8681 8.689176e-10
8682 8.687082e-10
8683 8.684992e-10
8684 8.682899e-10
8685 8.680809e-10
8686 8.678716e-10
8687 8.676624e-10
8688 8.674535e-10
8689 8.672443e-10
8690 8.670354e-10
8691 8.668263e-10
8692 8.666174e-10
8693 8.664084e-10
8694 8.661994e-10
8695 8.659906e-10
8696 8.657816e-10
8697 8.655728e-10
8698 8.653639e-10
8699 8.651550e-10
8700 8.649463e-10
8701 8.647375e-10
8702 8.645288e-10
8703 8.643200e-10
8704 8.641112e-10
8705 8.639027e-10
8706 8.636939e-10
8707 8.634854e-10
8708 8.632767e-10
8709 8.630681e-10
8710 8.628596e-10
8711 8.626510e-10
8712 8.624426e-10
8713 8.622340e-10
8714 8.620255e-10
8715 8.618172e-10
8716 8.616087e-10
8717 8.614004e-10
8718 8.611920e-10
8719 8.609837e-10
8720 8.607753e-10
8721 8.605669e-10
8722 8.603588e-10
8723 8.601505e-10
8724 8.599424e-10
8725 8.597341e-10
8726 8.595258e-10
8727 8.593178e-10
8728 8.591096e-10
8729 8.589016e-10
8730 8.586934e-10
8731 8.584853e-10
8732 8.582774e-10
8733 8.580693e-10
8734 8.578614e-10
8735 8.576534e-10
8736 8.574453e-10
8737 8.572375e-10
8738 8.570296e-10
8739 8.568218e-10
8740 8.566139e-10
8741 8.564060e-10
8742 8.561983e-10
8743 8.559905e-10
8744 8.557828e-10
8745 8.555750e-10
8746 8.553675e-10
8747 8.551597e-10
8748 8.549519e-10
8749 8.547444e-10
8750 8.545368e-10
8751 8.543293e-10
8752 8.541217e-10
8753 8.539140e-10
8754 8.537066e-10
8755 8.534991e-10
8756 8.532917e-10
8757 8.530842e-10
8758 8.528767e-10
8759 8.526694e-10
8760 8.524620e-10
8761 8.522548e-10
8762 8.520474e-10
8763 8.518400e-10
8764 8.516328e-10
8765 8.514255e-10
8766 8.512184e-10
8767 8.510111e-10
8768 8.508040e-10
8769 8.505968e-10
8770 8.503896e-10
8771 8.501826e-10
8772 8.499754e-10
8773 8.497685e-10
8774 8.495614e-10
8775 8.493543e-10
8776 8.491474e-10
8777 8.489403e-10
8778 8.487335e-10
8779 8.485265e-10
8780 8.483195e-10
8781 8.481128e-10
8782 8.479058e-10
8783 8.476991e-10
8784 8.474923e-10
8785 8.472854e-10
8786 8.470788e-10
8787 8.468719e-10
8788 8.466654e-10
8789 8.464586e-10
8790 8.462518e-10
8791 8.460453e-10
8792 8.458386e-10
8793 8.456322e-10
8794 8.454255e-10
8795 8.452191e-10
8796 8.450125e-10
8797 8.448059e-10
8798 8.445996e-10
8799 8.443930e-10
8800 8.441867e-10
8801 8.439802e-10
8802 8.437738e-10
8803 8.435675e-10
8804 8.433611e-10
8805 8.431549e-10
8806 8.429486e-10
8807 8.427422e-10
8808 8.425361e-10
8809 8.423298e-10
8810 8.421237e-10
8811 8.419175e-10
8812 8.417112e-10
8813 8.415053e-10
8814 8.412991e-10
8815 8.410931e-10
8816 8.408870e-10
8817 8.406809e-10
8818 8.404750e-10
8819 8.402689e-10
8820 8.400631e-10
8821 8.398571e-10
8822 8.396513e-10
8823 8.394453e-10
8824 8.392394e-10
8825 8.390336e-10
8826 8.388277e-10
8827 8.386221e-10
8828 8.384162e-10
8829 8.382104e-10
8830 8.380048e-10
8831 8.377990e-10
8832 8.375934e-10
8833 8.373877e-10
8834 8.371820e-10
8835 8.369765e-10
8836 8.367708e-10
8837 8.365654e-10
8838 8.363598e-10
8839 8.361542e-10
8840 8.359488e-10
8841 8.357432e-10
8842 8.355379e-10
8843 8.353324e-10
8844 8.351271e-10
8845 8.349217e-10
8846 8.347162e-10
8847 8.345110e-10
8848 8.343056e-10
8849 8.341005e-10
8850 8.338951e-10
8851 8.336898e-10
8852 8.334847e-10
8853 8.332794e-10
8854 8.330744e-10
8855 8.328692e-10
8856 8.326640e-10
8857 8.324590e-10
8858 8.322538e-10
8859 8.320489e-10
8860 8.318438e-10
8861 8.316387e-10
8862 8.314338e-10
8863 8.312288e-10
8864 8.310240e-10
8865 8.308190e-10
8866 8.306140e-10
8867 8.304093e-10
8868 8.302043e-10
8869 8.299996e-10
8870 8.297948e-10
8871 8.295901e-10
8872 8.293853e-10
8873 8.291805e-10
8874 8.289759e-10
8875 8.287711e-10
8876 8.285666e-10
8877 8.283619e-10
8878 8.281572e-10
8879 8.279527e-10
8880 8.277481e-10
8881 8.275436e-10
8882 8.273390e-10
8883 8.271344e-10
8884 8.269301e-10
8885 8.267256e-10
8886 8.265213e-10
8887 8.263168e-10
8888 8.261123e-10
8889 8.259081e-10
8890 8.257036e-10
8891 8.254994e-10
8892 8.252951e-10
8893 8.250907e-10
8894 8.248866e-10
8895 8.246823e-10
8896 8.244782e-10
8897 8.242740e-10
8898 8.240699e-10
8899 8.238657e-10
8900 8.236615e-10
8901 8.234576e-10
8902 8.232534e-10
8903 8.230495e-10
8904 8.228454e-10
8905 8.226413e-10
8906 8.224375e-10
8907 8.222335e-10
8908 8.220297e-10
8909 8.218257e-10
8910 8.216217e-10
8911 8.214180e-10
8912 8.212141e-10
8913 8.210104e-10
8914 8.208065e-10
8915 8.206027e-10
8916 8.203990e-10
8917 8.201952e-10
8918 8.199917e-10
8919 8.197879e-10
8920 8.195842e-10
8921 8.193807e-10
8922 8.191770e-10
8923 8.189735e-10
8924 8.187699e-10
8925 8.185665e-10
8926 8.183629e-10
8927 8.181593e-10
8928 8.179560e-10
8929 8.177524e-10
8930 8.175491e-10
8931 8.173457e-10
8932 8.171422e-10
8933 8.169390e-10
8934 8.167355e-10
8935 8.165324e-10
8936 8.163290e-10
8937 8.161257e-10
8938 8.159225e-10
8939 8.157192e-10
8940 8.155162e-10
8941 8.153129e-10
8942 8.151097e-10
8943 8.149067e-10
8944 8.147035e-10
8945 8.145005e-10
8946 8.142974e-10
8947 8.140945e-10
8948 8.138914e-10
8949 8.136883e-10
8950 8.134855e-10
8951 8.132824e-10
8952 8.130796e-10
8953 8.128767e-10
8954 8.126737e-10
8955 8.124710e-10
8956 8.122681e-10
8957 8.120654e-10
8958 8.118625e-10
8959 8.116597e-10
8960 8.114570e-10
8961 8.112542e-10
8962 8.110515e-10
8963 8.108694e-10
8964 8.106873e-10
8965 8.105052e-10
8966 8.103232e-10
8967 8.101410e-10
8968 8.099590e-10
8969 8.097770e-10
8970 8.095950e-10
8971 8.094131e-10
8972 8.092312e-10
8973 8.090493e-10
8974 8.088674e-10
8975 8.086853e-10
8976 8.085035e-10
8977 8.083217e-10
8978 8.081399e-10
8979 8.079581e-10
8980 8.077763e-10
8981 8.075946e-10
8982 8.074129e-10
8983 8.072310e-10
8984 8.070493e-10
8985 8.068677e-10
8986 8.066860e-10
8987 8.065044e-10
8988 8.063228e-10
8989 8.061412e-10
8990 8.059597e-10
8991 8.057780e-10
8992 8.055964e-10
8993 8.054150e-10
8994 8.052335e-10
8995 8.050520e-10
8996 8.048706e-10
8997 8.046892e-10
8998 8.045078e-10
8999 8.043262e-10
9000 8.041449e-10
9001 8.039635e-10
9002 8.037822e-10
9003 8.036009e-10
9004 8.034197e-10
9005 8.032384e-10
9006 8.030572e-10
9007 8.028758e-10
9008 8.026946e-10
9009 8.025134e-10
9010 8.023322e-10
9011 8.021511e-10
9012 8.019700e-10
9013 8.017889e-10
9014 8.016078e-10
9015 8.014268e-10
9016 8.012456e-10
9017 8.010646e-10
9018 8.008836e-10
9019 8.007026e-10
9020 8.005216e-10
9021 8.003407e-10
9022 8.001598e-10
9023 7.999789e-10
9024 7.997978e-10
9025 7.996170e-10
9026 7.994362e-10
9027 7.992554e-10
9028 7.990746e-10
9029 7.988938e-10
9030 7.987130e-10
9031 7.985323e-10
9032 7.983514e-10
9033 7.981707e-10
9034 7.979900e-10
9035 7.978094e-10
9036 7.976288e-10
9037 7.974482e-10
9038 7.972676e-10
9039 7.970870e-10
9040 7.969063e-10
9041 7.967257e-10
9042 7.965452e-10
9043 7.963647e-10
9044 7.961842e-10
9045 7.960038e-10
9046 7.958234e-10
9047 7.956430e-10
9048 7.954624e-10
9049 7.952820e-10
9050 7.951017e-10
9051 7.949213e-10
9052 7.947410e-10
9053 7.945607e-10
9054 7.943804e-10
9055 7.942002e-10
9056 7.940198e-10
9057 7.938396e-10
9058 7.936594e-10
9059 7.934792e-10
9060 7.932990e-10
9061 7.931189e-10
9062 7.929388e-10
9063 7.927587e-10
9064 7.925784e-10
9065 7.923984e-10
9066 7.922184e-10
9067 7.920383e-10
9068 7.918584e-10
9069 7.916784e-10
9070 7.914984e-10
9071 7.913185e-10
9072 7.911384e-10
9073 7.909585e-10
9074 7.907786e-10
9075 7.905988e-10
9076 7.904189e-10
9077 7.902391e-10
9078 7.900593e-10
9079 7.898795e-10
9080 7.896996e-10
9081 7.895199e-10
9082 7.893401e-10
9083 7.891605e-10
9084 7.889808e-10
9085 7.888011e-10
9086 7.886215e-10
9087 7.884419e-10
9088 7.882621e-10
9089 7.880825e-10
9090 7.879029e-10
9091 7.877234e-10
9092 7.875439e-10
9093 7.873644e-10
9094 7.871849e-10
9095 7.870055e-10
9096 7.868258e-10
9097 7.866464e-10
9098 7.864670e-10
9099 7.862876e-10
9100 7.861083e-10
9101 7.859289e-10
9102 7.857496e-10
9103 7.855703e-10
9104 7.853908e-10
9105 7.852116e-10
9106 7.850323e-10
9107 7.848531e-10
9108 7.846739e-10
9109 7.844947e-10
9110 7.843156e-10
9111 7.841364e-10
9112 7.839571e-10
9113 7.837780e-10
9114 7.835989e-10
9115 7.834199e-10
9116 7.832408e-10
9117 7.830618e-10
9118 7.828828e-10
9119 7.827038e-10
9120 7.825246e-10
9121 7.823457e-10
9122 7.821668e-10
9123 7.819878e-10
9124 7.818090e-10
9125 7.816301e-10
9126 7.814512e-10
9127 7.812724e-10
9128 7.810934e-10
9129 7.809146e-10
9130 7.807359e-10
9131 7.805571e-10
9132 7.803784e-10
9133 7.801997e-10
9134 7.800210e-10
9135 7.798423e-10
9136 7.796635e-10
9137 7.794848e-10
9138 7.793062e-10
9139 7.791276e-10
9140 7.789490e-10
9141 7.787705e-10
9142 7.785919e-10
9143 7.784134e-10
9144 7.782347e-10
9145 7.780563e-10
9146 7.778778e-10
9147 7.776994e-10
9148 7.775209e-10
9149 7.773425e-10
9150 7.771642e-10
9151 7.769858e-10
9152 7.768075e-10
9153 7.766290e-10
9154 7.764507e-10
9155 7.762724e-10
9156 7.760941e-10
9157 7.759159e-10
9158 7.757376e-10
9159 7.755594e-10
9160 7.753813e-10
9161 7.752029e-10
9162 7.750248e-10
9163 7.748466e-10
9164 7.746685e-10
9165 7.744904e-10
9166 7.743124e-10
9167 7.741343e-10
9168 7.739563e-10
9169 7.737781e-10
9170 7.736001e-10
9171 7.734221e-10
9172 7.732442e-10
9173 7.730662e-10
9174 7.728883e-10
9175 7.727104e-10
9176 7.725326e-10
9177 7.723545e-10
9178 7.721767e-10
9179 7.719989e-10
9180 7.718211e-10
9181 7.716433e-10
9182 7.714655e-10
9183 7.712878e-10
9184 7.711101e-10
9185 7.709322e-10
9186 7.707545e-10
9187 7.705768e-10
9188 7.703992e-10
9189 7.702216e-10
9190 7.700440e-10
9191 7.698664e-10
9192 7.696888e-10
9193 7.695111e-10
9194 7.693336e-10
9195 7.691561e-10
9196 7.689786e-10
9197 7.688011e-10
9198 7.686237e-10
9199 7.684462e-10
9200 7.682688e-10
9201 7.680912e-10
9202 7.679139e-10
9203 7.677365e-10
9204 7.675592e-10
9205 7.673819e-10
9206 7.672046e-10
9207 7.670273e-10
9208 7.668500e-10
9209 7.666726e-10
9210 7.664954e-10
9211 7.663182e-10
9212 7.661410e-10
9213 7.659639e-10
9214 7.657867e-10
9215 7.656096e-10
9216 7.654325e-10
9217 7.652552e-10
9218 7.650782e-10
9219 7.649011e-10
9220 7.647241e-10
9221 7.645471e-10
9222 7.643701e-10
9223 7.641931e-10
9224 7.640162e-10
9225 7.638391e-10
9226 7.636622e-10
9227 7.634853e-10
9228 7.633084e-10
9229 7.631315e-10
9230 7.629547e-10
9231 7.627779e-10
9232 7.626011e-10
9233 7.624241e-10
9234 7.622474e-10
9235 7.620706e-10
9236 7.618939e-10
9237 7.617172e-10
9238 7.615405e-10
9239 7.613639e-10
9240 7.611872e-10
9241 7.610104e-10
9242 7.608338e-10
9243 7.606572e-10
9244 7.604807e-10
9245 7.603041e-10
9246 7.601276e-10
9247 7.599511e-10
9248 7.597746e-10
9249 7.595979e-10
9250 7.594215e-10
9251 7.592451e-10
9252 7.590687e-10
9253 7.588923e-10
9254 7.587159e-10
9255 7.585395e-10
9256 7.583632e-10
9257 7.581867e-10
9258 7.580104e-10
9259 7.578341e-10
9260 7.576578e-10
9261 7.574816e-10
9262 7.573054e-10
9263 7.571292e-10
9264 7.569530e-10
9265 7.567766e-10
9266 7.566005e-10
9267 7.564244e-10
9268 7.562483e-10
9269 7.560722e-10
9270 7.558961e-10
9271 7.557201e-10
9272 7.555440e-10
9273 7.553678e-10
9274 7.551918e-10
9275 7.550158e-10
9276 7.548399e-10
9277 7.546640e-10
9278 7.544880e-10
9279 7.543121e-10
9280 7.541363e-10
9281 7.539602e-10
9282 7.537844e-10
9283 7.536085e-10
9284 7.534327e-10
9285 7.532570e-10
9286 7.530812e-10
9287 7.529054e-10
9288 7.527297e-10
9289 7.525540e-10
9290 7.523781e-10
9291 7.522024e-10
9292 7.520268e-10
9293 7.518512e-10
9294 7.516755e-10
9295 7.514999e-10
9296 7.513244e-10
9297 7.511488e-10
9298 7.509731e-10
9299 7.507976e-10
9300 7.506221e-10
9301 7.504466e-10
9302 7.502711e-10
9303 7.500957e-10
9304 7.499202e-10
9305 7.497448e-10
9306 7.495693e-10
9307 7.493939e-10
9308 7.492185e-10
9309 7.490432e-10
9310 7.488679e-10
9311 7.486926e-10
9312 7.485173e-10
9313 7.483421e-10
9314 7.481666e-10
9315 7.479914e-10
9316 7.478162e-10
9317 7.476410e-10
9318 7.474659e-10
9319 7.472907e-10
9320 7.471156e-10
9321 7.469405e-10
9322 7.467652e-10
9323 7.465902e-10
9324 7.464151e-10
9325 7.462401e-10
9326 7.460651e-10
9327 7.458901e-10
9328 7.457151e-10
9329 7.455401e-10
9330 7.453650e-10
9331 7.451901e-10
9332 7.450152e-10
9333 7.448403e-10
9334 7.446654e-10
9335 7.444906e-10
9336 7.443158e-10
9337 7.441410e-10
9338 7.439660e-10
9339 7.437912e-10
9340 7.436165e-10
9341 7.434417e-10
9342 7.432670e-10
9343 7.430923e-10
9344 7.429177e-10
9345 7.427430e-10
9346 7.425682e-10
9347 7.423936e-10
9348 7.422190e-10
9349 7.420444e-10
9350 7.418698e-10
9351 7.416953e-10
9352 7.415207e-10
9353 7.413462e-10
9354 7.411716e-10
9355 7.409971e-10
9356 7.408226e-10
9357 7.406482e-10
9358 7.404738e-10
9359 7.402994e-10
9360 7.401250e-10
9361 7.399507e-10
9362 7.397761e-10
9363 7.396018e-10
9364 7.394275e-10
9365 7.392532e-10
9366 7.390790e-10
9367 7.389047e-10
9368 7.387305e-10
9369 7.385563e-10
9370 7.383819e-10
9371 7.382077e-10
9372 7.380336e-10
9373 7.378594e-10
9374 7.376853e-10
9375 7.375112e-10
9376 7.373372e-10
9377 7.371631e-10
9378 7.369889e-10
9379 7.368148e-10
9380 7.366408e-10
9381 7.364668e-10
9382 7.362929e-10
9383 7.361189e-10
9384 7.359450e-10
9385 7.357711e-10
9386 7.355970e-10
9387 7.354231e-10
9388 7.352493e-10
9389 7.350754e-10
9390 7.349016e-10
9391 7.347278e-10
9392 7.345540e-10
9393 7.343803e-10
9394 7.342063e-10
9395 7.340326e-10
9396 7.338589e-10
9397 7.336852e-10
9398 7.335115e-10
9399 7.333379e-10
9400 7.331643e-10
9401 7.329906e-10
9402 7.328169e-10
9403 7.326433e-10
9404 7.324697e-10
9405 7.322962e-10
9406 7.321226e-10
9407 7.319491e-10
9408 7.317757e-10
9409 7.316022e-10
9410 7.314286e-10
9411 7.312551e-10
9412 7.310817e-10
9413 7.309083e-10
9414 7.307349e-10
9415 7.305616e-10
9416 7.303882e-10
9417 7.302149e-10
9418 7.300414e-10
9419 7.298681e-10
9420 7.296949e-10
9421 7.295216e-10
9422 7.293484e-10
9423 7.291752e-10
9424 7.290020e-10
9425 7.288288e-10
9426 7.286557e-10
9427 7.284823e-10
9428 7.283092e-10
9429 7.281361e-10
9430 7.279630e-10
9431 7.277900e-10
9432 7.276169e-10
9433 7.274439e-10
9434 7.272709e-10
9435 7.270977e-10
9436 7.269248e-10
9437 7.267518e-10
9438 7.265789e-10
9439 7.264059e-10
9440 7.262330e-10
9441 7.260602e-10
9442 7.258873e-10
9443 7.257143e-10
9444 7.255414e-10
9445 7.253686e-10
9446 7.251959e-10
9447 7.250231e-10
9448 7.248503e-10
9449 7.246776e-10
9450 7.245049e-10
9451 7.243320e-10
9452 7.241593e-10
9453 7.239867e-10
9454 7.238140e-10
9455 7.236414e-10
9456 7.234865e-10
9457 7.233314e-10
9458 7.231765e-10
9459 7.230217e-10
9460 7.228668e-10
9461 7.227118e-10
9462 7.225570e-10
9463 7.224022e-10
9464 7.222473e-10
9465 7.220925e-10
9466 7.219378e-10
9467 7.217829e-10
9468 7.216281e-10
9469 7.214734e-10
9470 7.213186e-10
9471 7.211639e-10
9472 7.210093e-10
9473 7.208546e-10
9474 7.206999e-10
9475 7.205453e-10
9476 7.203907e-10
9477 7.202359e-10
9478 7.200814e-10
9479 7.199268e-10
9480 7.197722e-10
9481 7.196177e-10
9482 7.194632e-10
9483 7.193085e-10
9484 7.191541e-10
9485 7.189996e-10
9486 7.188452e-10
9487 7.186906e-10
9488 7.185362e-10
9489 7.183819e-10
9490 7.182273e-10
9491 7.180730e-10
9492 7.179187e-10
9493 7.177642e-10
9494 7.176099e-10
9495 7.174556e-10
9496 7.173012e-10
9497 7.171470e-10
9498 7.169927e-10
9499 7.168385e-10
9500 7.166842e-10
9501 7.165300e-10
9502 7.163758e-10
9503 7.162215e-10
9504 7.160674e-10
9505 7.159133e-10
9506 7.157590e-10
9507 7.156049e-10
9508 7.154509e-10
9509 7.152966e-10
9510 7.151426e-10
9511 7.149886e-10
9512 7.148346e-10
9513 7.146805e-10
9514 7.145265e-10
9515 7.143725e-10
9516 7.142184e-10
9517 7.140645e-10
9518 7.139106e-10
9519 7.137566e-10
9520 7.136027e-10
9521 7.134488e-10
9522 7.132948e-10
9523 7.131410e-10
9524 7.129872e-10
9525 7.128334e-10
9526 7.126795e-10
9527 7.125257e-10
9528 7.123720e-10
9529 7.122181e-10
9530 7.120644e-10
9531 7.119107e-10
9532 7.117568e-10
9533 7.116032e-10
9534 7.114495e-10
9535 7.112957e-10
9536 7.111421e-10
9537 7.109885e-10
9538 7.108350e-10
9539 7.106812e-10
9540 7.105277e-10
9541 7.103741e-10
9542 7.102205e-10
9543 7.100670e-10
9544 7.099135e-10
9545 7.097598e-10
9546 7.096064e-10
9547 7.094530e-10
9548 7.092994e-10
9549 7.091460e-10
9550 7.089926e-10
9551 7.088392e-10
9552 7.086857e-10
9553 7.085323e-10
9554 7.083790e-10
9555 7.082255e-10
9556 7.080723e-10
9557 7.079190e-10
9558 7.077656e-10
9559 7.076123e-10
9560 7.074591e-10
9561 7.073057e-10
9562 7.071525e-10
9563 7.069993e-10
9564 7.068462e-10
9565 7.066929e-10
9566 7.065397e-10
9567 7.063866e-10
9568 7.062334e-10
9569 7.060803e-10
9570 7.059272e-10
9571 7.057740e-10
9572 7.056210e-10
9573 7.054679e-10
9574 7.053148e-10
9575 7.051618e-10
9576 7.050088e-10
9577 7.048559e-10
9578 7.047028e-10
9579 7.045498e-10
9580 7.043969e-10
9581 7.042439e-10
9582 7.040910e-10
9583 7.039381e-10
9584 7.037851e-10
9585 7.036323e-10
9586 7.034795e-10
9587 7.033265e-10
9588 7.031737e-10
9589 7.030210e-10
9590 7.028682e-10
9591 7.027153e-10
9592 7.025626e-10
9593 7.024099e-10
9594 7.022571e-10
9595 7.021044e-10
9596 7.019518e-10
9597 7.017990e-10
9598 7.016463e-10
9599 7.014937e-10
9600 7.013410e-10
9601 7.011884e-10
9602 7.010359e-10
9603 7.008833e-10
9604 7.007306e-10
9605 7.005781e-10
9606 7.004256e-10
9607 7.002730e-10
9608 7.001205e-10
9609 6.999681e-10
9610 6.998155e-10
9611 6.996631e-10
9612 6.995107e-10
9613 6.993581e-10
9614 6.992058e-10
9615 6.990534e-10
9616 6.989011e-10
9617 6.987486e-10
9618 6.985963e-10
9619 6.984440e-10
9620 6.982916e-10
9621 6.981393e-10
9622 6.979871e-10
9623 6.978347e-10
9624 6.976825e-10
9625 6.975303e-10
9626 6.973779e-10
9627 6.972258e-10
9628 6.970736e-10
9629 6.969213e-10
9630 6.967692e-10
9631 6.966171e-10
9632 6.964651e-10
9633 6.963128e-10
9634 6.961608e-10
9635 6.960087e-10
9636 6.958566e-10
9637 6.957046e-10
9638 6.955526e-10
9639 6.954004e-10
9640 6.952485e-10
9641 6.950965e-10
9642 6.949445e-10
9643 6.947925e-10
9644 6.946407e-10
9645 6.944888e-10
9646 6.943368e-10
9647 6.941849e-10
9648 6.940331e-10
9649 6.938811e-10
9650 6.937293e-10
9651 6.935775e-10
9652 6.934256e-10
9653 6.932738e-10
9654 6.931221e-10
9655 6.929702e-10
9656 6.928185e-10
9657 6.926668e-10
9658 6.925152e-10
9659 6.923633e-10
9660 6.922117e-10
9661 6.920601e-10
9662 6.919083e-10
9663 6.917567e-10
9664 6.916051e-10
9665 6.914534e-10
9666 6.913019e-10
9667 6.911503e-10
9668 6.909987e-10
9669 6.908472e-10
9670 6.906957e-10
9671 6.905442e-10
9672 6.903926e-10
9673 6.902412e-10
9674 6.900897e-10
9675 6.899382e-10
9676 6.897868e-10
9677 6.896354e-10
9678 6.894839e-10
9679 6.893325e-10
9680 6.891812e-10
9681 6.890297e-10
9682 6.888784e-10
9683 6.887272e-10
9684 6.885759e-10
9685 6.884245e-10
9686 6.882733e-10
9687 6.881220e-10
9688 6.879707e-10
9689 6.878195e-10
9690 6.876683e-10
9691 6.875170e-10
9692 6.873659e-10
9693 6.872147e-10
9694 6.870635e-10
9695 6.869124e-10
9696 6.867613e-10
9697 6.866102e-10
9698 6.864590e-10
9699 6.863080e-10
9700 6.861570e-10
9701 6.860058e-10
9702 6.858548e-10
9703 6.857039e-10
9704 6.855527e-10
9705 6.854018e-10
9706 6.852509e-10
9707 6.850998e-10
9708 6.849489e-10
9709 6.847981e-10
9710 6.846472e-10
9711 6.844962e-10
9712 6.843454e-10
9713 6.841945e-10
9714 6.840436e-10
9715 6.838928e-10
9716 6.837420e-10
9717 6.835911e-10
9718 6.834404e-10
9719 6.832897e-10
9720 6.831388e-10
9721 6.829881e-10
9722 6.828374e-10
9723 6.826868e-10
9724 6.825360e-10
9725 6.823853e-10
9726 6.822347e-10
9727 6.820840e-10
9728 6.819334e-10
9729 6.817828e-10
9730 6.816321e-10
9731 6.814816e-10
9732 6.813311e-10
9733 6.811804e-10
9734 6.810299e-10
9735 6.808794e-10
9736 6.807290e-10
9737 6.805784e-10
9738 6.804280e-10
9739 6.802776e-10
9740 6.801270e-10
9741 6.799766e-10
9742 6.798263e-10
9743 6.796757e-10
9744 6.795254e-10
9745 6.793751e-10
9746 6.792246e-10
9747 6.790743e-10
9748 6.789241e-10
9749 6.787738e-10
9750 6.786234e-10
9751 6.784732e-10
9752 6.783230e-10
9753 6.781726e-10
9754 6.780224e-10
9755 6.778723e-10
9756 6.777220e-10
9757 6.775718e-10
9758 6.774217e-10
9759 6.772715e-10
9760 6.771214e-10
9761 6.769713e-10
9762 6.768212e-10
9763 6.766710e-10
9764 6.765210e-10
9765 6.763710e-10
9766 6.762208e-10
9767 6.760709e-10
9768 6.759209e-10
9769 6.757708e-10
9770 6.756209e-10
9771 6.754709e-10
9772 6.753209e-10
9773 6.751710e-10
9774 6.750211e-10
9775 6.748713e-10
9776 6.747213e-10
9777 6.745714e-10
9778 6.744216e-10
9779 6.742717e-10
9780 6.741219e-10
9781 6.739721e-10
9782 6.738222e-10
9783 6.736725e-10
9784 6.735228e-10
9785 6.733729e-10
9786 6.732232e-10
9787 6.730735e-10
9788 6.729239e-10
9789 6.727741e-10
9790 6.726245e-10
9791 6.724748e-10
9792 6.723251e-10
9793 6.721755e-10
9794 6.720259e-10
9795 6.718762e-10
9796 6.717267e-10
9797 6.715772e-10
9798 6.714275e-10
9799 6.712780e-10
9800 6.711286e-10
9801 6.709791e-10
9802 6.708295e-10
9803 6.706801e-10
9804 6.705306e-10
9805 6.703811e-10
9806 6.702317e-10
9807 6.700823e-10
9808 6.699328e-10
9809 6.697835e-10
9810 6.696342e-10
9811 6.694847e-10
9812 6.693354e-10
9813 6.691861e-10
9814 6.690369e-10
9815 6.688875e-10
9816 6.687382e-10
9817 6.685890e-10
9818 6.684397e-10
9819 6.682905e-10
9820 6.681413e-10
9821 6.679920e-10
9822 6.678429e-10
9823 6.676937e-10
9824 6.675445e-10
9825 6.673954e-10
9826 6.672463e-10
9827 6.670972e-10
9828 6.669480e-10
9829 6.667990e-10
9830 6.666500e-10
9831 6.665008e-10
9832 6.663518e-10
9833 6.662028e-10
9834 6.660537e-10
9835 6.659048e-10
9836 6.657559e-10
9837 6.656068e-10
9838 6.654579e-10
9839 6.653090e-10
9840 6.651601e-10
9841 6.650111e-10
9842 6.648623e-10
9843 6.647135e-10
9844 6.645645e-10
9845 6.644157e-10
9846 6.642669e-10
9847 6.641180e-10
9848 6.639693e-10
9849 6.638206e-10
9850 6.636717e-10
9851 6.635230e-10
9852 6.633743e-10
9853 6.632256e-10
9854 6.630768e-10
9855 6.629282e-10
9856 6.627795e-10
9857 6.626308e-10
9858 6.624822e-10
9859 6.623336e-10
9860 6.621849e-10
9861 6.620363e-10
9862 6.618878e-10
9863 6.617391e-10
9864 6.615906e-10
9865 6.614421e-10
9866 6.612937e-10
9867 6.611450e-10
9868 6.609966e-10
9869 6.608482e-10
9870 6.606996e-10
9871 6.605512e-10
9872 6.604028e-10
9873 6.602543e-10
9874 6.601059e-10
9875 6.599576e-10
9876 6.598091e-10
9877 6.596608e-10
9878 6.595125e-10
9879 6.593642e-10
9880 6.592158e-10
9881 6.590675e-10
9882 6.589193e-10
9883 6.587709e-10
9884 6.586227e-10
9885 6.584745e-10
9886 6.583262e-10
9887 6.581781e-10
9888 6.580299e-10
9889 6.578816e-10
9890 6.577335e-10
9891 6.575854e-10
9892 6.574373e-10
9893 6.572891e-10
9894 6.571410e-10
9895 6.569930e-10
9896 6.568448e-10
9897 6.566968e-10
9898 6.565488e-10
9899 6.564007e-10
9900 6.562527e-10
9901 6.561048e-10
9902 6.559567e-10
9903 6.558088e-10
9904 6.556609e-10
9905 6.555130e-10
9906 6.553649e-10
9907 6.552171e-10
9908 6.550692e-10
9909 6.549212e-10
9910 6.547734e-10
9911 6.546256e-10
9912 6.544777e-10
9913 6.543299e-10
9914 6.541822e-10
9915 6.540343e-10
9916 6.538865e-10
9917 6.537388e-10
9918 6.535911e-10
9919 6.534433e-10
9920 6.532956e-10
9921 6.531480e-10
9922 6.530002e-10
9923 6.528526e-10
9924 6.527050e-10
9925 6.525572e-10
9926 6.524096e-10
9927 6.522621e-10
9928 6.521144e-10
9929 6.519668e-10
9930 6.518193e-10
9931 6.516718e-10
9932 6.515242e-10
9933 6.513767e-10
9934 6.512292e-10
9935 6.510816e-10
9936 6.509342e-10
9937 6.507868e-10
9938 6.506392e-10
9939 6.504919e-10
9940 6.503445e-10
9941 6.501970e-10
9942 6.500496e-10
9943 6.499023e-10
9944 6.497550e-10
9945 6.496075e-10
9946 6.494603e-10
9947 6.493130e-10
9948 6.491656e-10
9949 6.490184e-10
9950 6.488711e-10
9951 6.487238e-10
9952 6.485766e-10
9953 6.484294e-10
9954 6.482821e-10
9955 6.481349e-10
9956 6.479878e-10
9957 6.478407e-10
9958 6.476934e-10
9959 6.475464e-10
9960 6.473993e-10
9961 6.472521e-10
9962 6.471050e-10
9963 6.469580e-10
9964 6.468108e-10
9965 6.466638e-10
9966 6.465168e-10
9967 6.463697e-10
9968 6.462228e-10
9969 6.460758e-10
9970 6.459289e-10
9971 6.457818e-10
9972 6.456349e-10
9973 6.454881e-10
9974 6.453410e-10
9975 6.452093e-10
9976 6.450776e-10
9977 6.449460e-10
9978 6.448143e-10
9979 6.446827e-10
9980 6.445509e-10
9981 6.444192e-10
9982 6.442876e-10
9983 6.441560e-10
9984 6.440245e-10
9985 6.438929e-10
9986 6.437613e-10
9987 6.436296e-10
9988 6.434981e-10
9989 6.433666e-10
9990 6.432351e-10
9991 6.431036e-10
9992 6.429721e-10
9993 6.428406e-10
9994 6.427092e-10
9995 6.425776e-10
9996 6.424462e-10
9997 6.423148e-10
9998 6.421834e-10
9999 6.420520e-10
10000 6.419206e-10
10001 6.417893e-10
10002 6.416579e-10
10003 6.415264e-10
10004 6.413951e-10
10005 6.412638e-10
10006 6.411325e-10
10007 6.410012e-10
10008 6.408700e-10
10009 6.407387e-10
10010 6.406073e-10
10011 6.404761e-10
10012 6.403449e-10
10013 6.402137e-10
10014 6.400825e-10
10015 6.399513e-10
10016 6.398201e-10
10017 6.396890e-10
10018 6.395577e-10
10019 6.394266e-10
10020 6.392955e-10
10021 6.391644e-10
10022 6.390333e-10
10023 6.389022e-10
10024 6.387712e-10
10025 6.386400e-10
10026 6.385089e-10
10027 6.383779e-10
10028 6.382469e-10
10029 6.381159e-10
10030 6.379849e-10
10031 6.378540e-10
10032 6.377230e-10
10033 6.375919e-10
10034 6.374610e-10
10035 6.373301e-10
10036 6.371992e-10
10037 6.370683e-10
10038 6.369374e-10
10039 6.368066e-10
10040 6.366756e-10
10041 6.365447e-10
10042 6.364139e-10
10043 6.362831e-10
10044 6.361523e-10
10045 6.360215e-10
10046 6.358907e-10
10047 6.357600e-10
10048 6.356291e-10
10049 6.354984e-10
10050 6.353676e-10
10051 6.352369e-10
10052 6.351062e-10
10053 6.349756e-10
10054 6.348449e-10
10055 6.347142e-10
10056 6.345834e-10
10057 6.344528e-10
10058 6.343222e-10
10059 6.341916e-10
10060 6.340610e-10
10061 6.339304e-10
10062 6.337999e-10
10063 6.336692e-10
10064 6.335386e-10
10065 6.334081e-10
10066 6.332776e-10
10067 6.331471e-10
10068 6.330166e-10
10069 6.328861e-10
10070 6.327557e-10
10071 6.326251e-10
10072 6.324947e-10
10073 6.323642e-10
10074 6.322338e-10
10075 6.321034e-10
10076 6.319731e-10
10077 6.318427e-10
10078 6.317122e-10
10079 6.315818e-10
10080 6.314515e-10
10081 6.313212e-10
10082 6.311909e-10
10083 6.310606e-10
10084 6.309303e-10
10085 6.308001e-10
10086 6.306697e-10
10087 6.305394e-10
10088 6.304092e-10
10089 6.302790e-10
10090 6.301488e-10
10091 6.300186e-10
10092 6.298884e-10
10093 6.297583e-10
10094 6.296280e-10
10095 6.294978e-10
10096 6.293677e-10
10097 6.292376e-10
10098 6.291075e-10
10099 6.289774e-10
10100 6.288473e-10
10101 6.287171e-10
10102 6.285871e-10
10103 6.284570e-10
10104 6.283270e-10
10105 6.281970e-10
10106 6.280670e-10
10107 6.279370e-10
10108 6.278071e-10
10109 6.276770e-10
10110 6.275470e-10
10111 6.274171e-10
10112 6.272872e-10
10113 6.271573e-10
10114 6.270274e-10
10115 6.268975e-10
10116 6.267675e-10
10117 6.266376e-10
10118 6.265078e-10
10119 6.263780e-10
10120 6.262482e-10
10121 6.261184e-10
10122 6.259886e-10
10123 6.258588e-10
10124 6.257289e-10
10125 6.255991e-10
10126 6.254694e-10
10127 6.253397e-10
10128 6.252100e-10
10129 6.250803e-10
10130 6.249506e-10
10131 6.248209e-10
10132 6.246911e-10
10133 6.245614e-10
10134 6.244318e-10
10135 6.243022e-10
10136 6.241726e-10
10137 6.240430e-10
10138 6.239134e-10
10139 6.237837e-10
10140 6.236541e-10
10141 6.235246e-10
10142 6.233950e-10
10143 6.232655e-10
10144 6.231360e-10
10145 6.230065e-10
10146 6.228770e-10
10147 6.227474e-10
10148 6.226180e-10
10149 6.224885e-10
10150 6.223591e-10
10151 6.222297e-10
10152 6.221003e-10
10153 6.219709e-10
10154 6.218413e-10
10155 6.217120e-10
10156 6.215826e-10
10157 6.214533e-10
10158 6.213239e-10
10159 6.211946e-10
10160 6.210653e-10
10161 6.209360e-10
10162 6.208066e-10
10163 6.206773e-10
10164 6.205481e-10
10165 6.204189e-10
10166 6.202896e-10
10167 6.201604e-10
10168 6.200312e-10
10169 6.199019e-10
10170 6.197727e-10
10171 6.196435e-10
10172 6.195144e-10
10173 6.193852e-10
10174 6.192561e-10
10175 6.191270e-10
10176 6.189979e-10
10177 6.188687e-10
10178 6.187396e-10
10179 6.186105e-10
10180 6.184815e-10
10181 6.183524e-10
10182 6.182234e-10
10183 6.180944e-10
10184 6.179654e-10
10185 6.178363e-10
10186 6.177073e-10
10187 6.175783e-10
10188 6.174494e-10
10189 6.173205e-10
10190 6.171915e-10
10191 6.170626e-10
10192 6.169336e-10
10193 6.168047e-10
10194 6.166758e-10
10195 6.165470e-10
10196 6.164181e-10
10197 6.162893e-10
10198 6.161605e-10
10199 6.160317e-10
10200 6.159027e-10
10201 6.157739e-10
10202 6.156452e-10
10203 6.155164e-10
10204 6.153877e-10
10205 6.152589e-10
10206 6.151302e-10
10207 6.150013e-10
10208 6.148727e-10
10209 6.147440e-10
10210 6.146153e-10
10211 6.144866e-10
10212 6.143580e-10
10213 6.142294e-10
10214 6.141008e-10
10215 6.139720e-10
10216 6.138434e-10
10217 6.137148e-10
10218 6.135862e-10
10219 6.134577e-10
10220 6.133291e-10
10221 6.132006e-10
10222 6.130721e-10
10223 6.129434e-10
10224 6.128149e-10
10225 6.126865e-10
10226 6.125580e-10
10227 6.124295e-10
10228 6.123011e-10
10229 6.121727e-10
10230 6.120441e-10
10231 6.119157e-10
10232 6.117873e-10
10233 6.116589e-10
10234 6.115306e-10
10235 6.114022e-10
10236 6.112739e-10
10237 6.111455e-10
10238 6.110171e-10
10239 6.108888e-10
10240 6.107605e-10
10241 6.106322e-10
10242 6.105039e-10
10243 6.103757e-10
10244 6.102474e-10
10245 6.101190e-10
10246 6.099908e-10
10247 6.098626e-10
10248 6.097344e-10
10249 6.096062e-10
10250 6.094781e-10
10251 6.093499e-10
10252 6.092218e-10
10253 6.090935e-10
10254 6.089654e-10
10255 6.088373e-10
10256 6.087092e-10
10257 6.085811e-10
10258 6.084530e-10
10259 6.083250e-10
10260 6.081968e-10
10261 6.080688e-10
10262 6.079407e-10
10263 6.078127e-10
10264 6.076847e-10
10265 6.075568e-10
10266 6.074288e-10
10267 6.073008e-10
10268 6.071727e-10
10269 6.070448e-10
10270 6.069169e-10
10271 6.067890e-10
10272 6.066611e-10
10273 6.065332e-10
10274 6.064054e-10
10275 6.062775e-10
10276 6.061495e-10
10277 6.060217e-10
10278 6.058939e-10
10279 6.057661e-10
10280 6.056383e-10
10281 6.055105e-10
10282 6.053827e-10
10283 6.052548e-10
10284 6.051271e-10
10285 6.049993e-10
10286 6.048716e-10
10287 6.047439e-10
10288 6.046162e-10
10289 6.044885e-10
10290 6.043609e-10
10291 6.042331e-10
10292 6.041054e-10
10293 6.039778e-10
10294 6.038502e-10
10295 6.037226e-10
10296 6.035950e-10
10297 6.034674e-10
10298 6.033397e-10
10299 6.032121e-10
10300 6.030846e-10
10301 6.029570e-10
10302 6.028295e-10
10303 6.027020e-10
10304 6.025745e-10
10305 6.024470e-10
10306 6.023194e-10
10307 6.021919e-10
10308 6.020645e-10
10309 6.019371e-10
10310 6.018096e-10
10311 6.016822e-10
10312 6.015548e-10
10313 6.014274e-10
10314 6.012999e-10
10315 6.011726e-10
10316 6.010452e-10
10317 6.009179e-10
10318 6.007906e-10
10319 6.006632e-10
10320 6.005360e-10
10321 6.004085e-10
10322 6.002812e-10
10323 6.001540e-10
10324 6.000267e-10
10325 5.998995e-10
10326 5.997723e-10
10327 5.996451e-10
10328 5.995179e-10
10329 5.993905e-10
10330 5.992634e-10
10331 5.991362e-10
10332 5.990090e-10
10333 5.988819e-10
10334 5.987548e-10
10335 5.986277e-10
10336 5.985004e-10
10337 5.983733e-10
10338 5.982462e-10
10339 5.981192e-10
10340 5.979921e-10
10341 5.978651e-10
10342 5.977381e-10
10343 5.976111e-10
10344 5.974839e-10
10345 5.973569e-10
10346 5.972299e-10
10347 5.971030e-10
10348 5.969760e-10
10349 5.968491e-10
10350 5.967221e-10
10351 5.965951e-10
10352 5.964682e-10
10353 5.963413e-10
10354 5.962144e-10
10355 5.960875e-10
10356 5.959607e-10
10357 5.958338e-10
10358 5.957070e-10
10359 5.955800e-10
10360 5.954532e-10
10361 5.953264e-10
10362 5.951997e-10
10363 5.950729e-10
10364 5.949461e-10
10365 5.948194e-10
10366 5.946927e-10
10367 5.945658e-10
10368 5.944391e-10
10369 5.943124e-10
10370 5.941857e-10
10371 5.940590e-10
10372 5.939324e-10
10373 5.938057e-10
10374 5.936789e-10
10375 5.935523e-10
10376 5.934257e-10
10377 5.932991e-10
10378 5.931725e-10
10379 5.930459e-10
10380 5.929194e-10
10381 5.927928e-10
10382 5.926661e-10
10383 5.925396e-10
10384 5.924131e-10
10385 5.922866e-10
10386 5.921601e-10
10387 5.920336e-10
10388 5.919072e-10
10389 5.917806e-10
10390 5.916541e-10
10391 5.915277e-10
10392 5.914013e-10
10393 5.912749e-10
10394 5.911485e-10
10395 5.910221e-10
10396 5.908957e-10
10397 5.907692e-10
10398 5.906429e-10
10399 5.905166e-10
10400 5.903903e-10
10401 5.902639e-10
10402 5.901377e-10
10403 5.900114e-10
10404 5.898851e-10
10405 5.897587e-10
10406 5.896324e-10
10407 5.895062e-10
10408 5.893800e-10
10409 5.892538e-10
10410 5.891276e-10
10411 5.890014e-10
10412 5.888751e-10
10413 5.887489e-10
10414 5.886228e-10
10415 5.884966e-10
10416 5.883705e-10
10417 5.882444e-10
10418 5.881183e-10
10419 5.879922e-10
10420 5.878660e-10
10421 5.877399e-10
10422 5.876139e-10
10423 5.874878e-10
10424 5.873618e-10
10425 5.872358e-10
10426 5.871098e-10
10427 5.869836e-10
10428 5.868577e-10
10429 5.867317e-10
10430 5.866057e-10
10431 5.864798e-10
10432 5.863539e-10
10433 5.862280e-10
10434 5.861020e-10
10435 5.859760e-10
10436 5.858501e-10
10437 5.857242e-10
10438 5.855984e-10
10439 5.854725e-10
10440 5.853467e-10
10441 5.852209e-10
10442 5.850951e-10
10443 5.849691e-10
10444 5.848433e-10
10445 5.847176e-10
10446 5.845918e-10
10447 5.844661e-10
10448 5.843403e-10
10449 5.842146e-10
10450 5.840887e-10
10451 5.839630e-10
10452 5.838373e-10
10453 5.837117e-10
10454 5.835860e-10
10455 5.834603e-10
10456 5.833347e-10
10457 5.832091e-10
10458 5.830833e-10
10459 5.829577e-10
10460 5.828321e-10
10461 5.827065e-10
10462 5.825810e-10
10463 5.824554e-10
10464 5.823299e-10
10465 5.822042e-10
10466 5.820786e-10
10467 5.819531e-10
10468 5.818276e-10
10469 5.817022e-10
10470 5.815767e-10
10471 5.814512e-10
10472 5.813258e-10
10473 5.812002e-10
10474 5.810748e-10
10475 5.809493e-10
10476 5.808239e-10
10477 5.806986e-10
10478 5.805732e-10
10479 5.804478e-10
10480 5.803223e-10
10481 5.801970e-10
10482 5.800716e-10
10483 5.799463e-10
10484 5.798210e-10
10485 5.796957e-10
10486 5.795704e-10
10487 5.794452e-10
10488 5.793198e-10
10489 5.791945e-10
10490 5.790693e-10
10491 5.789441e-10
10492 5.788188e-10
10493 5.786936e-10
10494 5.785685e-10
10495 5.784433e-10
10496 5.783180e-10
10497 5.781928e-10
10498 5.780677e-10
10499 5.779426e-10
10500 5.778174e-10
10501 5.776923e-10
10502 5.775672e-10
10503 5.774420e-10
10504 5.773169e-10
10505 5.771919e-10
10506 5.770669e-10
10507 5.769418e-10
10508 5.768168e-10
10509 5.766918e-10
10510 5.765668e-10
10511 5.764417e-10
10512 5.763167e-10
10513 5.761917e-10
10514 5.760668e-10
10515 5.759418e-10
10516 5.758169e-10
10517 5.756920e-10
10518 5.755670e-10
10519 5.754421e-10
10520 5.753172e-10
10521 5.751923e-10
10522 5.750675e-10
10523 5.749426e-10
10524 5.748308e-10
10525 5.747191e-10
10526 5.746071e-10
10527 5.744954e-10
10528 5.743836e-10
10529 5.742719e-10
10530 5.741600e-10
10531 5.740483e-10
10532 5.739366e-10
10533 5.738249e-10
10534 5.737130e-10
10535 5.736014e-10
10536 5.734897e-10
10537 5.733780e-10
10538 5.732663e-10
10539 5.731546e-10
10540 5.730430e-10
10541 5.729314e-10
10542 5.728196e-10
10543 5.727080e-10
10544 5.725965e-10
10545 5.724849e-10
10546 5.723732e-10
10547 5.722616e-10
10548 5.721501e-10
10549 5.720386e-10
10550 5.719269e-10
10551 5.718154e-10
10552 5.717039e-10
10553 5.715924e-10
10554 5.714808e-10
10555 5.713693e-10
10556 5.712579e-10
10557 5.711464e-10
10558 5.710348e-10
10559 5.709234e-10
10560 5.708120e-10
10561 5.707006e-10
10562 5.705891e-10
10563 5.704777e-10
10564 5.703663e-10
10565 5.702549e-10
10566 5.701434e-10
10567 5.700321e-10
10568 5.699208e-10
10569 5.698095e-10
10570 5.696981e-10
10571 5.695867e-10
10572 5.694754e-10
10573 5.693641e-10
10574 5.692529e-10
10575 5.691415e-10
10576 5.690302e-10
10577 5.689190e-10
10578 5.688078e-10
10579 5.686964e-10
10580 5.685852e-10
10581 5.684740e-10
10582 5.683628e-10
10583 5.682515e-10
10584 5.681404e-10
10585 5.680292e-10
10586 5.679181e-10
10587 5.678068e-10
10588 5.676957e-10
10589 5.675846e-10
10590 5.674735e-10
10591 5.673623e-10
10592 5.672512e-10
10593 5.671401e-10
10594 5.670290e-10
10595 5.669179e-10
10596 5.668068e-10
10597 5.666958e-10
10598 5.665848e-10
10599 5.664736e-10
10600 5.663626e-10
10601 5.662517e-10
10602 5.661407e-10
10603 5.660296e-10
10604 5.659186e-10
10605 5.658077e-10
10606 5.656968e-10
10607 5.655857e-10
10608 5.654748e-10
10609 5.653639e-10
10610 5.652530e-10
10611 5.651420e-10
10612 5.650311e-10
10613 5.649203e-10
10614 5.648094e-10
10615 5.646986e-10
10616 5.645876e-10
10617 5.644768e-10
10618 5.643660e-10
10619 5.642552e-10
10620 5.641443e-10
10621 5.640335e-10
10622 5.639227e-10
10623 5.638120e-10
10624 5.637011e-10
10625 5.635904e-10
10626 5.634796e-10
10627 5.633689e-10
10628 5.632581e-10
10629 5.631474e-10
10630 5.630367e-10
10631 5.629260e-10
10632 5.628152e-10
10633 5.627046e-10
10634 5.625940e-10
10635 5.624833e-10
10636 5.623726e-10
10637 5.622620e-10
10638 5.621514e-10
10639 5.620408e-10
10640 5.619301e-10
10641 5.618195e-10
10642 5.617089e-10
10643 5.615984e-10
10644 5.614877e-10
10645 5.613772e-10
10646 5.612667e-10
10647 5.611562e-10
10648 5.610455e-10
10649 5.609351e-10
10650 5.608246e-10
10651 5.607141e-10
10652 5.606035e-10
10653 5.604931e-10
10654 5.603827e-10
10655 5.602722e-10
10656 5.601617e-10
10657 5.600513e-10
10658 5.599409e-10
10659 5.598305e-10
10660 5.597202e-10
10661 5.596097e-10
10662 5.594993e-10
10663 5.593890e-10
10664 5.592786e-10
10665 5.591682e-10
10666 5.590579e-10
10667 5.589476e-10
10668 5.588373e-10
10669 5.587269e-10
10670 5.586166e-10
10671 5.585064e-10
10672 5.583961e-10
10673 5.582857e-10
10674 5.581755e-10
10675 5.580653e-10
10676 5.579551e-10
10677 5.578448e-10
10678 5.577346e-10
10679 5.576244e-10
10680 5.575143e-10
10681 5.574040e-10
10682 5.572938e-10
10683 5.571837e-10
10684 5.570736e-10
10685 5.569633e-10
10686 5.568532e-10
10687 5.567431e-10
10688 5.566330e-10
10689 5.565228e-10
10690 5.564128e-10
10691 5.563027e-10
10692 5.561927e-10
10693 5.560825e-10
10694 5.559725e-10
10695 5.558625e-10
10696 5.557525e-10
10697 5.556424e-10
10698 5.555324e-10
10699 5.554224e-10
10700 5.553125e-10
10701 5.552024e-10
10702 5.550925e-10
10703 5.549825e-10
10704 5.548726e-10
10705 5.547626e-10
10706 5.546527e-10
10707 5.545428e-10
10708 5.544329e-10
10709 5.543231e-10
10710 5.542131e-10
10711 5.541032e-10
10712 5.539934e-10
10713 5.538836e-10
10714 5.537736e-10
10715 5.536638e-10
10716 5.535540e-10
10717 5.534442e-10
10718 5.533343e-10
10719 5.532246e-10
10720 5.531148e-10
10721 5.530051e-10
10722 5.528952e-10
10723 5.527855e-10
10724 5.526758e-10
10725 5.525661e-10
10726 5.524562e-10
10727 5.523466e-10
10728 5.522369e-10
10729 5.521272e-10
10730 5.520175e-10
10731 5.519078e-10
10732 5.517982e-10
10733 5.516886e-10
10734 5.515788e-10
10735 5.514692e-10
10736 5.513596e-10
10737 5.512501e-10
10738 5.511404e-10
10739 5.510308e-10
10740 5.509212e-10
10741 5.508117e-10
10742 5.507020e-10
10743 5.505925e-10
10744 5.504830e-10
10745 5.503735e-10
10746 5.502639e-10
10747 5.501544e-10
10748 5.500450e-10
10749 5.499355e-10
10750 5.498259e-10
10751 5.497165e-10
10752 5.496071e-10
10753 5.494977e-10
10754 5.493882e-10
10755 5.492787e-10
10756 5.491693e-10
10757 5.490600e-10
10758 5.489506e-10
10759 5.488411e-10
10760 5.487318e-10
10761 5.486224e-10
10762 5.485131e-10
10763 5.484037e-10
10764 5.482944e-10
10765 5.481851e-10
10766 5.480758e-10
10767 5.479664e-10
10768 5.478571e-10
10769 5.477479e-10
10770 5.476386e-10
10771 5.475292e-10
10772 5.474200e-10
10773 5.473108e-10
10774 5.472016e-10
10775 5.470923e-10
10776 5.469831e-10
10777 5.468739e-10
10778 5.467648e-10
10779 5.466555e-10
10780 5.465463e-10
10781 5.464372e-10
10782 5.463281e-10
10783 5.462188e-10
10784 5.461097e-10
10785 5.460007e-10
10786 5.458916e-10
10787 5.457824e-10
10788 5.456733e-10
10789 5.455643e-10
10790 5.454552e-10
10791 5.453461e-10
10792 5.452370e-10
10793 5.451280e-10
10794 5.450190e-10
10795 5.449099e-10
10796 5.448009e-10
10797 5.446920e-10
10798 5.445830e-10
10799 5.444739e-10
10800 5.443650e-10
10801 5.442560e-10
10802 5.441471e-10
10803 5.440382e-10
10804 5.439292e-10
10805 5.438203e-10
10806 5.437114e-10
10807 5.436026e-10
10808 5.434936e-10
10809 5.433847e-10
10810 5.432759e-10
10811 5.431670e-10
10812 5.430581e-10
10813 5.429493e-10
10814 5.428405e-10
10815 5.427317e-10
10816 5.426228e-10
10817 5.425140e-10
10818 5.424053e-10
10819 5.422965e-10
10820 5.421876e-10
10821 5.420789e-10
10822 5.419702e-10
10823 5.418615e-10
10824 5.417527e-10
10825 5.416440e-10
10826 5.415353e-10
10827 5.414266e-10
10828 5.413178e-10
10829 5.412092e-10
10830 5.411006e-10
10831 5.409919e-10
10832 5.408832e-10
10833 5.407746e-10
10834 5.406660e-10
10835 5.405574e-10
10836 5.404487e-10
10837 5.403401e-10
10838 5.402315e-10
10839 5.401230e-10
10840 5.400143e-10
10841 5.399058e-10
10842 5.397973e-10
10843 5.396888e-10
10844 5.395801e-10
10845 5.394717e-10
10846 5.393632e-10
10847 5.392547e-10
10848 5.391463e-10
10849 5.390377e-10
10850 5.389292e-10
10851 5.388208e-10
10852 5.387124e-10
10853 5.386039e-10
10854 5.384955e-10
10855 5.383871e-10
10856 5.382787e-10
10857 5.381702e-10
10858 5.380618e-10
10859 5.379535e-10
10860 5.378452e-10
10861 5.377367e-10
10862 5.376284e-10
10863 5.375201e-10
10864 5.374118e-10
10865 5.373034e-10
10866 5.371951e-10
10867 5.370868e-10
10868 5.369786e-10
10869 5.368702e-10
10870 5.367619e-10
10871 5.366537e-10
10872 5.365455e-10
10873 5.364372e-10
10874 5.363290e-10
10875 5.362208e-10
10876 5.361126e-10
10877 5.360043e-10
10878 5.358961e-10
10879 5.357880e-10
10880 5.356798e-10
10881 5.355716e-10
10882 5.354635e-10
10883 5.353554e-10
10884 5.352473e-10
10885 5.351390e-10
10886 5.350310e-10
10887 5.349229e-10
10888 5.348148e-10
10889 5.347067e-10
10890 5.345986e-10
10891 5.344906e-10
10892 5.343826e-10
10893 5.342746e-10
10894 5.341664e-10
10895 5.340584e-10
10896 5.339505e-10
10897 5.338425e-10
10898 5.337344e-10
10899 5.336265e-10
10900 5.335185e-10
10901 5.334106e-10
10902 5.333025e-10
10903 5.331946e-10
10904 5.330867e-10
10905 5.329788e-10
10906 5.328708e-10
10907 5.327629e-10
10908 5.326551e-10
10909 5.325472e-10
10910 5.324393e-10
10911 5.323314e-10
10912 5.322236e-10
10913 5.321158e-10
10914 5.320079e-10
10915 5.319001e-10
10916 5.317923e-10
10917 5.316845e-10
10918 5.315766e-10
10919 5.314689e-10
10920 5.313611e-10
10921 5.312534e-10
10922 5.311456e-10
10923 5.310378e-10
10924 5.309301e-10
10925 5.308224e-10
10926 5.307146e-10
10927 5.306070e-10
10928 5.304993e-10
10929 5.303916e-10
10930 5.302839e-10
10931 5.301762e-10
10932 5.300686e-10
10933 5.299610e-10
10934 5.298533e-10
10935 5.297457e-10
10936 5.296381e-10
10937 5.295305e-10
10938 5.294228e-10
10939 5.293153e-10
10940 5.292077e-10
10941 5.291002e-10
10942 5.289927e-10
10943 5.288850e-10
10944 5.287775e-10
10945 5.286700e-10
10946 5.285625e-10
10947 5.284549e-10
10948 5.283474e-10
10949 5.282400e-10
10950 5.281325e-10
10951 5.280250e-10
10952 5.279175e-10
10953 5.278101e-10
10954 5.277027e-10
10955 5.275952e-10
10956 5.274878e-10
10957 5.273804e-10
10958 5.272731e-10
10959 5.271656e-10
10960 5.270582e-10
10961 5.269509e-10
10962 5.268436e-10
10963 5.267361e-10
10964 5.266288e-10
10965 5.265215e-10
10966 5.264142e-10
10967 5.263068e-10
10968 5.261995e-10
10969 5.260923e-10
10970 5.259850e-10
10971 5.258776e-10
10972 5.257704e-10
10973 5.256632e-10
10974 5.255560e-10
10975 5.254486e-10
10976 5.253415e-10
10977 5.252343e-10
10978 5.251271e-10
10979 5.250198e-10
10980 5.249127e-10
10981 5.248055e-10
10982 5.246984e-10
10983 5.245911e-10
10984 5.244840e-10
10985 5.243769e-10
10986 5.242698e-10
10987 5.241627e-10
10988 5.240555e-10
10989 5.239485e-10
10990 5.238414e-10
10991 5.237344e-10
10992 5.236272e-10
10993 5.235202e-10
10994 5.234131e-10
10995 5.233061e-10
10996 5.231990e-10
10997 5.230920e-10
10998 5.229850e-10
10999 5.228781e-10
11000 5.227710e-10
11001 5.226640e-10
11002 5.225571e-10
11003 5.224502e-10
11004 5.223431e-10
11005 5.222362e-10
11006 5.221293e-10
11007 5.220224e-10
11008 5.219154e-10
11009 5.218085e-10
11010 5.217017e-10
11011 5.215948e-10
11012 5.214879e-10
11013 5.213810e-10
11014 5.212742e-10
11015 5.211674e-10
11016 5.210605e-10
11017 5.209537e-10
11018 5.208469e-10
11019 5.207401e-10
11020 5.206332e-10
11021 5.205265e-10
11022 5.204197e-10
11023 5.203130e-10
11024 5.202061e-10
11025 5.200994e-10
11026 5.199927e-10
11027 5.198860e-10
11028 5.197792e-10
11029 5.196725e-10
11030 5.195658e-10
11031 5.194592e-10
11032 5.193524e-10
11033 5.192458e-10
11034 5.191391e-10
11035 5.190325e-10
11036 5.189259e-10
11037 5.188192e-10
11038 5.187126e-10
11039 5.186060e-10
11040 5.184994e-10
11041 5.183927e-10
11042 5.182862e-10
11043 5.181797e-10
11044 5.180731e-10
11045 5.179665e-10
11046 5.178600e-10
11047 5.177535e-10
11048 5.176470e-10
11049 5.175403e-10
11050 5.174339e-10
11051 5.173274e-10
11052 5.172210e-10
11053 5.171144e-10
11054 5.170079e-10
11055 5.169015e-10
11056 5.167951e-10
11057 5.166886e-10
11058 5.165822e-10
11059 5.164758e-10
11060 5.163694e-10
11061 5.162629e-10
11062 5.161565e-10
11063 5.160502e-10
11064 5.159439e-10
11065 5.158374e-10
11066 5.157311e-10
11067 5.156248e-10
11068 5.155185e-10
11069 5.154120e-10
11070 5.153058e-10
11071 5.151995e-10
11072 5.150932e-10
11073 5.149868e-10
11074 5.148806e-10
11075 5.147744e-10
11076 5.146681e-10
11077 5.145618e-10
11078 5.144556e-10
11079 5.143494e-10
11080 5.142432e-10
11081 5.141370e-10
11082 5.140307e-10
11083 5.139246e-10
11084 5.138184e-10
11085 5.137123e-10
11086 5.136060e-10
11087 5.134999e-10
11088 5.133938e-10
11089 5.132877e-10
11090 5.131815e-10
11091 5.130754e-10
11092 5.129693e-10
11093 5.128633e-10
11094 5.127571e-10
11095 5.126511e-10
11096 5.125450e-10
11097 5.124390e-10
11098 5.123329e-10
11099 5.122269e-10
11100 5.121209e-10
11101 5.120149e-10
11102 5.119200e-10
11103 5.118251e-10
11104 5.117303e-10
11105 5.116354e-10
11106 5.115405e-10
11107 5.114457e-10
11108 5.113509e-10
11109 5.112561e-10
11110 5.111613e-10
11111 5.110664e-10
11112 5.109717e-10
11113 5.108769e-10
11114 5.107821e-10
11115 5.106874e-10
11116 5.105926e-10
11117 5.104979e-10
11118 5.104031e-10
11119 5.103085e-10
11120 5.102137e-10
11121 5.101190e-10
11122 5.100242e-10
11123 5.099296e-10
11124 5.098349e-10
11125 5.097402e-10
11126 5.096456e-10
11127 5.095509e-10
11128 5.094562e-10
11129 5.093615e-10
11130 5.092670e-10
11131 5.091723e-10
11132 5.090777e-10
11133 5.089830e-10
11134 5.088885e-10
11135 5.087939e-10
11136 5.086993e-10
11137 5.086048e-10
11138 5.085102e-10
11139 5.084156e-10
11140 5.083210e-10
11141 5.082266e-10
11142 5.081320e-10
11143 5.080374e-10
11144 5.079429e-10
11145 5.078485e-10
11146 5.077539e-10
11147 5.076594e-10
11148 5.075649e-10
11149 5.074705e-10
11150 5.073760e-10
11151 5.072815e-10
11152 5.071872e-10
11153 5.070927e-10
11154 5.069982e-10
11155 5.069038e-10
11156 5.068094e-10
11157 5.067150e-10
11158 5.066206e-10
11159 5.065261e-10
11160 5.064319e-10
11161 5.063374e-10
11162 5.062430e-10
11163 5.061488e-10
11164 5.060544e-10
11165 5.059600e-10
11166 5.058657e-10
11167 5.057714e-10
11168 5.056771e-10
11169 5.055827e-10
11170 5.054884e-10
11171 5.053942e-10
11172 5.052999e-10
11173 5.052056e-10
11174 5.051113e-10
11175 5.050171e-10
11176 5.049229e-10
11177 5.048286e-10
11178 5.047344e-10
11179 5.046402e-10
11180 5.045459e-10
11181 5.044517e-10
11182 5.043576e-10
11183 5.042634e-10
11184 5.041692e-10
11185 5.040750e-10
11186 5.039809e-10
11187 5.038867e-10
11188 5.037925e-10
11189 5.036985e-10
11190 5.036043e-10
11191 5.035102e-10
11192 5.034160e-10
11193 5.033220e-10
11194 5.032279e-10
11195 5.031338e-10
11196 5.030396e-10
11197 5.029457e-10
11198 5.028516e-10
11199 5.027575e-10
11200 5.026634e-10
11201 5.025695e-10
11202 5.024754e-10
11203 5.023813e-10
11204 5.022874e-10
11205 5.021934e-10
11206 5.020994e-10
11207 5.020053e-10
11208 5.019115e-10
11209 5.018175e-10
11210 5.017235e-10
11211 5.016295e-10
11212 5.015356e-10
11213 5.014417e-10
11214 5.013477e-10
11215 5.012539e-10
11216 5.011599e-10
11217 5.010660e-10
11218 5.009721e-10
11219 5.008783e-10
11220 5.007844e-10
11221 5.006905e-10
11222 5.005966e-10
11223 5.005028e-10
11224 5.004089e-10
11225 5.003151e-10
11226 5.002212e-10
11227 5.001275e-10
11228 5.000336e-10
11229 4.999398e-10
11230 4.998461e-10
11231 4.997523e-10
11232 4.996585e-10
11233 4.995647e-10
11234 4.994710e-10
11235 4.993772e-10
11236 4.992834e-10
11237 4.991897e-10
11238 4.990960e-10
11239 4.990023e-10
11240 4.989085e-10
11241 4.988149e-10
11242 4.987212e-10
11243 4.986275e-10
11244 4.985338e-10
11245 4.984402e-10
11246 4.983465e-10
11247 4.982528e-10
11248 4.981591e-10
11249 4.980656e-10
11250 4.979719e-10
11251 4.978783e-10
11252 4.977846e-10
11253 4.976911e-10
11254 4.975975e-10
11255 4.975039e-10
11256 4.974104e-10
11257 4.973168e-10
11258 4.972232e-10
11259 4.971296e-10
11260 4.970362e-10
11261 4.969426e-10
11262 4.968490e-10
11263 4.967555e-10
11264 4.966621e-10
11265 4.965685e-10
11266 4.964750e-10
11267 4.963816e-10
11268 4.962881e-10
11269 4.961946e-10
11270 4.961011e-10
11271 4.960077e-10
11272 4.959143e-10
11273 4.958208e-10
11274 4.957273e-10
11275 4.956340e-10
11276 4.955405e-10
11277 4.954471e-10
11278 4.953538e-10
11279 4.952604e-10
11280 4.951670e-10
11281 4.950736e-10
11282 4.949803e-10
11283 4.948869e-10
11284 4.947935e-10
11285 4.947002e-10
11286 4.946069e-10
11287 4.945136e-10
11288 4.944202e-10
11289 4.943269e-10
11290 4.942337e-10
11291 4.941404e-10
11292 4.940471e-10
11293 4.939539e-10
11294 4.938606e-10
11295 4.937673e-10
11296 4.936740e-10
11297 4.935809e-10
11298 4.934876e-10
11299 4.933944e-10
11300 4.933011e-10
11301 4.932080e-10
11302 4.931148e-10
11303 4.930216e-10
11304 4.929285e-10
11305 4.928353e-10
11306 4.927421e-10
11307 4.926489e-10
11308 4.925558e-10
11309 4.924627e-10
11310 4.923695e-10
11311 4.922763e-10
11312 4.921833e-10
11313 4.920902e-10
11314 4.919970e-10
11315 4.919039e-10
11316 4.918109e-10
11317 4.917178e-10
11318 4.916247e-10
11319 4.915318e-10
11320 4.914387e-10
11321 4.913456e-10
11322 4.912525e-10
11323 4.911596e-10
11324 4.910666e-10
11325 4.909735e-10
11326 4.908805e-10
11327 4.907876e-10
11328 4.906946e-10
11329 4.906016e-10
11330 4.905087e-10
11331 4.904157e-10
11332 4.903227e-10
11333 4.902298e-10
11334 4.901369e-10
11335 4.900440e-10
11336 4.899510e-10
11337 4.898581e-10
11338 4.897653e-10
11339 4.896723e-10
11340 4.895794e-10
11341 4.894865e-10
11342 4.893937e-10
11343 4.893008e-10
11344 4.892079e-10
11345 4.891152e-10
11346 4.890223e-10
11347 4.889295e-10
11348 4.888366e-10
11349 4.887439e-10
11350 4.886511e-10
11351 4.885582e-10
11352 4.884654e-10
11353 4.883727e-10
11354 4.882799e-10
11355 4.881871e-10
11356 4.880945e-10
11357 4.880017e-10
11358 4.879089e-10
11359 4.878162e-10
11360 4.877235e-10
11361 4.876308e-10
11362 4.875381e-10
11363 4.874453e-10
11364 4.873527e-10
11365 4.872600e-10
11366 4.871673e-10
11367 4.870746e-10
11368 4.869821e-10
11369 4.868894e-10
11370 4.867967e-10
11371 4.867042e-10
11372 4.866115e-10
11373 4.865189e-10
11374 4.864262e-10
11375 4.863337e-10
11376 4.862411e-10
11377 4.861485e-10
11378 4.860559e-10
11379 4.859634e-10
11380 4.858708e-10
11381 4.857782e-10
11382 4.856858e-10
11383 4.855932e-10
11384 4.855007e-10
11385 4.854081e-10
11386 4.853157e-10
11387 4.852232e-10
11388 4.851306e-10
11389 4.850381e-10
11390 4.849457e-10
11391 4.848532e-10
11392 4.847607e-10
11393 4.846682e-10
11394 4.845759e-10
11395 4.844834e-10
11396 4.843910e-10
11397 4.842986e-10
11398 4.842062e-10
11399 4.841138e-10
11400 4.840213e-10
11401 4.839290e-10
11402 4.838366e-10
11403 4.837442e-10
11404 4.836518e-10
11405 4.835596e-10
11406 4.834672e-10
11407 4.833748e-10
11408 4.832826e-10
11409 4.831902e-10
11410 4.830979e-10
11411 4.830055e-10
11412 4.829133e-10
11413 4.828210e-10
11414 4.827287e-10
11415 4.826364e-10
11416 4.825442e-10
11417 4.824519e-10
11418 4.823596e-10
11419 4.822675e-10
11420 4.821752e-10
11421 4.820830e-10
11422 4.819907e-10
11423 4.818986e-10
11424 4.818064e-10
11425 4.817141e-10
11426 4.816219e-10
11427 4.815298e-10
11428 4.814376e-10
11429 4.813454e-10
11430 4.812532e-10
11431 4.811612e-10
11432 4.810690e-10
11433 4.809769e-10
11434 4.808848e-10
11435 4.807927e-10
11436 4.807006e-10
11437 4.806084e-10
11438 4.805164e-10
11439 4.804243e-10
11440 4.803322e-10
11441 4.802401e-10
11442 4.801481e-10
11443 4.800561e-10
11444 4.799640e-10
11445 4.798721e-10
11446 4.797800e-10
11447 4.796880e-10
11448 4.795959e-10
11449 4.795040e-10
11450 4.794120e-10
11451 4.793200e-10
11452 4.792280e-10
11453 4.791361e-10
11454 4.790441e-10
11455 4.789521e-10
11456 4.788601e-10
11457 4.787683e-10
11458 4.786763e-10
11459 4.785844e-10
11460 4.784925e-10
11461 4.784006e-10
11462 4.783087e-10
11463 4.782168e-10
11464 4.781250e-10
11465 4.780331e-10
11466 4.779412e-10
11467 4.778493e-10
11468 4.777575e-10
11469 4.776657e-10
11470 4.775738e-10
11471 4.774821e-10
11472 4.773902e-10
11473 4.772984e-10
11474 4.772065e-10
11475 4.771148e-10
11476 4.770230e-10
11477 4.769312e-10
11478 4.768394e-10
11479 4.767478e-10
11480 4.766560e-10
11481 4.765642e-10
11482 4.764724e-10
11483 4.763808e-10
11484 4.762890e-10
11485 4.761973e-10
11486 4.761057e-10
11487 4.760140e-10
11488 4.759222e-10
11489 4.758305e-10
11490 4.757389e-10
11491 4.756472e-10
11492 4.755556e-10
11493 4.754639e-10
11494 4.753723e-10
11495 4.752807e-10
11496 4.751890e-10
11497 4.750975e-10
11498 4.750058e-10
11499 4.749142e-10
11500 4.748226e-10
11501 4.747311e-10
11502 4.746395e-10
11503 4.745479e-10
11504 4.744563e-10
11505 4.743648e-10
11506 4.742733e-10
11507 4.741817e-10
11508 4.740901e-10
11509 4.739987e-10
11510 4.739072e-10
11511 4.738156e-10
11512 4.737242e-10
11513 4.736327e-10
11514 4.735412e-10
11515 4.734497e-10
11516 4.733583e-10
11517 4.732668e-10
11518 4.731753e-10
11519 4.730839e-10
11520 4.729925e-10
11521 4.729011e-10
11522 4.728096e-10
11523 4.727183e-10
11524 4.726269e-10
11525 4.725354e-10
11526 4.724440e-10
11527 4.723527e-10
11528 4.722613e-10
11529 4.721699e-10
11530 4.720786e-10
11531 4.719873e-10
11532 4.718959e-10
11533 4.718046e-10
11534 4.717133e-10
11535 4.716220e-10
11536 4.715307e-10
11537 4.714393e-10
11538 4.713481e-10
11539 4.712568e-10
11540 4.711655e-10
11541 4.710742e-10
11542 4.709830e-10
11543 4.708918e-10
11544 4.708005e-10
11545 4.707092e-10
11546 4.706181e-10
11547 4.705268e-10
11548 4.704356e-10
11549 4.703445e-10
11550 4.702532e-10
11551 4.701620e-10
11552 4.700708e-10
11553 4.699797e-10
11554 4.698885e-10
11555 4.697973e-10
11556 4.697062e-10
11557 4.696151e-10
11558 4.695239e-10
11559 4.694328e-10
11560 4.693418e-10
11561 4.692506e-10
11562 4.691595e-10
11563 4.690684e-10
11564 4.689774e-10
11565 4.688863e-10
11566 4.687952e-10
11567 4.687041e-10
11568 4.686131e-10
11569 4.685220e-10
11570 4.684310e-10
11571 4.683399e-10
11572 4.682490e-10
11573 4.681579e-10
11574 4.680669e-10
11575 4.679760e-10
11576 4.678850e-10
11577 4.677939e-10
11578 4.677029e-10
11579 4.676121e-10
11580 4.675211e-10
11581 4.674301e-10
11582 4.673391e-10
11583 4.672483e-10
11584 4.671573e-10
11585 4.670664e-10
11586 4.669755e-10
11587 4.668846e-10
11588 4.667937e-10
11589 4.667027e-10
11590 4.666120e-10
11591 4.665210e-10
11592 4.664302e-10
11593 4.663393e-10
11594 4.662485e-10
11595 4.661576e-10
11596 4.660668e-10
11597 4.659759e-10
11598 4.658852e-10
11599 4.657943e-10
11600 4.657035e-10
11601 4.656128e-10
11602 4.655220e-10
11603 4.654312e-10
11604 4.653404e-10
11605 4.652497e-10
11606 4.651589e-10
11607 4.650681e-10
11608 4.649774e-10
11609 4.648867e-10
11610 4.647960e-10
11611 4.647052e-10
11612 4.646146e-10
11613 4.645239e-10
11614 4.644331e-10
11615 4.643424e-10
11616 4.642518e-10
11617 4.641611e-10
11618 4.640704e-10
11619 4.639798e-10
11620 4.638892e-10
11621 4.637985e-10
11622 4.637079e-10
11623 4.636172e-10
11624 4.635267e-10
11625 4.634360e-10
11626 4.633454e-10
11627 4.632549e-10
11628 4.631643e-10
11629 4.630737e-10
11630 4.629831e-10
11631 4.628926e-10
11632 4.628020e-10
11633 4.627115e-10
11634 4.626209e-10
11635 4.625305e-10
11636 4.624399e-10
11637 4.623494e-10
11638 4.622589e-10
11639 4.621684e-10
11640 4.620779e-10
11641 4.619874e-10
11642 4.618970e-10
11643 4.618065e-10
11644 4.617160e-10
11645 4.616255e-10
11646 4.615352e-10
11647 4.614447e-10
11648 4.613542e-10
11649 4.612639e-10
11650 4.611735e-10
11651 4.610830e-10
11652 4.609926e-10
11653 4.609023e-10
11654 4.608119e-10
11655 4.607215e-10
11656 4.606311e-10
11657 4.605408e-10
11658 4.604504e-10
11659 4.603601e-10
11660 4.602697e-10
11661 4.601795e-10
11662 4.600891e-10
11663 4.599988e-10
11664 4.599085e-10
11665 4.598182e-10
11666 4.597279e-10
11667 4.596376e-10
11668 4.595474e-10
11669 4.594571e-10
11670 4.593668e-10
11671 4.592765e-10
11672 4.591864e-10
11673 4.590961e-10
11674 4.590059e-10
11675 4.589157e-10
11676 4.588255e-10
11677 4.587352e-10
11678 4.586450e-10
11679 4.585549e-10
11680 4.584647e-10
11681 4.583745e-10
11682 4.582843e-10
11683 4.581942e-10
11684 4.581041e-10
11685 4.580139e-10
11686 4.579237e-10
11687 4.578337e-10
11688 4.577435e-10
11689 4.576534e-10
11690 4.575634e-10
11691 4.574733e-10
11692 4.573831e-10
11693 4.572930e-10
11694 4.572030e-10
11695 4.571129e-10
11696 4.570229e-10
11697 4.569328e-10
11698 4.568428e-10
11699 4.567528e-10
11700 4.566627e-10
11701 4.565728e-10
11702 4.564827e-10
11703 4.563927e-10
11704 4.563027e-10
11705 4.562128e-10
11706 4.561228e-10
11707 4.560328e-10
11708 4.559428e-10
11709 4.558529e-10
11710 4.557629e-10
11711 4.556729e-10
11712 4.555925e-10
11713 4.555121e-10
11714 4.554318e-10
11715 4.553513e-10
11716 4.552710e-10
11717 4.551907e-10
11718 4.551102e-10
11719 4.550299e-10
11720 4.549495e-10
11721 4.548692e-10
11722 4.547889e-10
11723 4.547085e-10
11724 4.546282e-10
11725 4.545480e-10
11726 4.544676e-10
11727 4.543873e-10
11728 4.543071e-10
11729 4.542267e-10
11730 4.541465e-10
11731 4.540662e-10
11732 4.539859e-10
11733 4.539057e-10
11734 4.538254e-10
11735 4.537452e-10
11736 4.536650e-10
11737 4.535847e-10
11738 4.535045e-10
11739 4.534243e-10
11740 4.533441e-10
11741 4.532639e-10
11742 4.531836e-10
11743 4.531035e-10
11744 4.530233e-10
11745 4.529431e-10
11746 4.528630e-10
11747 4.527829e-10
11748 4.527026e-10
11749 4.526225e-10
11750 4.525424e-10
11751 4.524622e-10
11752 4.523821e-10
11753 4.523019e-10
11754 4.522219e-10
11755 4.521418e-10
11756 4.520616e-10
11757 4.519816e-10
11758 4.519015e-10
11759 4.518214e-10
11760 4.517414e-10
11761 4.516613e-10
11762 4.515812e-10
11763 4.515012e-10
11764 4.514211e-10
11765 4.513411e-10
11766 4.512611e-10
11767 4.511810e-10
11768 4.511010e-10
11769 4.510210e-10
11770 4.509410e-10
11771 4.508610e-10
11772 4.507811e-10
11773 4.507010e-10
11774 4.506211e-10
11775 4.505410e-10
11776 4.504611e-10
11777 4.503812e-10
11778 4.503012e-10
11779 4.502213e-10
11780 4.501414e-10
11781 4.500614e-10
11782 4.499815e-10
11783 4.499016e-10
11784 4.498216e-10
11785 4.497418e-10
11786 4.496618e-10
11787 4.495820e-10
11788 4.495021e-10
11789 4.494222e-10
11790 4.493423e-10
11791 4.492625e-10
11792 4.491826e-10
11793 4.491028e-10
11794 4.490230e-10
11795 4.489431e-10
11796 4.488633e-10
11797 4.487834e-10
11798 4.487036e-10
11799 4.486239e-10
11800 4.485440e-10
11801 4.484642e-10
11802 4.483845e-10
11803 4.483046e-10
11804 4.482249e-10
11805 4.481452e-10
11806 4.480653e-10
11807 4.479856e-10
11808 4.479059e-10
11809 4.478261e-10
11810 4.477464e-10
11811 4.476666e-10
11812 4.475869e-10
11813 4.475073e-10
11814 4.474275e-10
11815 4.473478e-10
11816 4.472682e-10
11817 4.471884e-10
11818 4.471088e-10
11819 4.470292e-10
11820 4.469494e-10
11821 4.468698e-10
11822 4.467901e-10
11823 4.467105e-10
11824 4.466309e-10
11825 4.465512e-10
11826 4.464716e-10
11827 4.463920e-10
11828 4.463123e-10
11829 4.462328e-10
11830 4.461532e-10
11831 4.460735e-10
11832 4.459940e-10
11833 4.459143e-10
11834 4.458348e-10
11835 4.457553e-10
11836 4.456757e-10
11837 4.455962e-10
11838 4.455166e-10
11839 4.454370e-10
11840 4.453576e-10
11841 4.452781e-10
11842 4.451985e-10
11843 4.451190e-10
11844 4.450394e-10
11845 4.449600e-10
11846 4.448805e-10
11847 4.448010e-10
11848 4.447215e-10
11849 4.446421e-10
11850 4.445626e-10
11851 4.444832e-10
11852 4.444037e-10
11853 4.443242e-10
11854 4.442448e-10
11855 4.441653e-10
11856 4.440859e-10
11857 4.440066e-10
11858 4.439271e-10
11859 4.438477e-10
11860 4.437684e-10
11861 4.436889e-10
11862 4.436096e-10
11863 4.435302e-10
11864 4.434508e-10
11865 4.433715e-10
11866 4.432920e-10
11867 4.432127e-10
11868 4.431334e-10
11869 4.430540e-10
11870 4.429747e-10
11871 4.428954e-10
11872 4.428161e-10
11873 4.427368e-10
11874 4.426575e-10
11875 4.425782e-10
11876 4.424989e-10
11877 4.424196e-10
11878 4.423403e-10
11879 4.422611e-10
11880 4.421818e-10
11881 4.421025e-10
11882 4.420233e-10
11883 4.419440e-10
11884 4.418648e-10
11885 4.417856e-10
11886 4.417063e-10
11887 4.416272e-10
11888 4.415479e-10
11889 4.414687e-10
11890 4.413896e-10
11891 4.413103e-10
11892 4.412312e-10
11893 4.411520e-10
11894 4.410728e-10
11895 4.409937e-10
11896 4.409145e-10
11897 4.408353e-10
11898 4.407562e-10
11899 4.406770e-10
11900 4.405979e-10
11901 4.405188e-10
11902 4.404396e-10
11903 4.403606e-10
11904 4.402815e-10
11905 4.402023e-10
11906 4.401233e-10
11907 4.400443e-10
11908 4.399651e-10
11909 4.398861e-10
11910 4.398069e-10
11911 4.397279e-10
11912 4.396489e-10
11913 4.395698e-10
11914 4.394908e-10
11915 4.394118e-10
11916 4.393327e-10
11917 4.392537e-10
11918 4.391748e-10
11919 4.390957e-10
11920 4.390167e-10
11921 4.389378e-10
11922 4.388587e-10
11923 4.387798e-10
11924 4.387008e-10
11925 4.386218e-10
11926 4.385429e-10
11927 4.384639e-10
11928 4.383850e-10
11929 4.383061e-10
11930 4.382271e-10
11931 4.381482e-10
11932 4.380693e-10
11933 4.379904e-10
11934 4.379115e-10
11935 4.378325e-10
11936 4.377537e-10
11937 4.376748e-10
11938 4.375959e-10
11939 4.375170e-10
11940 4.374382e-10
11941 4.373593e-10
11942 4.372805e-10
11943 4.372017e-10
11944 4.371228e-10
11945 4.370440e-10
11946 4.369651e-10
11947 4.368863e-10
11948 4.368075e-10
11949 4.367286e-10
11950 4.366499e-10
11951 4.365711e-10
11952 4.364923e-10
11953 4.364135e-10
11954 4.363348e-10
11955 4.362560e-10
11956 4.361773e-10
11957 4.360984e-10
11958 4.360197e-10
11959 4.359410e-10
11960 4.358622e-10
11961 4.357835e-10
11962 4.357049e-10
11963 4.356261e-10
11964 4.355474e-10
11965 4.354687e-10
11966 4.353900e-10
11967 4.353113e-10
11968 4.352326e-10
11969 4.351540e-10
11970 4.350753e-10
11971 4.349966e-10
11972 4.349180e-10
11973 4.348394e-10
11974 4.347607e-10
11975 4.346821e-10
11976 4.346035e-10
11977 4.345248e-10
11978 4.344462e-10
11979 4.343675e-10
11980 4.342890e-10
11981 4.342104e-10
11982 4.341318e-10
11983 4.340532e-10
11984 4.339747e-10
11985 4.338960e-10
11986 4.338175e-10
11987 4.337390e-10
11988 4.336604e-10
11989 4.335819e-10
11990 4.335033e-10
11991 4.334248e-10
11992 4.333463e-10
11993 4.332677e-10
11994 4.331893e-10
11995 4.331108e-10
11996 4.330322e-10
11997 4.329538e-10
11998 4.328753e-10
11999 4.327968e-10
12000 4.327184e-10
12001 4.326398e-10
12002 4.325614e-10
12003 4.324830e-10
12004 4.324045e-10
12005 4.323261e-10
12006 4.322477e-10
12007 4.321692e-10
12008 4.320908e-10
12009 4.320124e-10
12010 4.319340e-10
12011 4.318556e-10
12012 4.317771e-10
12013 4.316988e-10
12014 4.316205e-10
12015 4.315420e-10
12016 4.314637e-10
12017 4.313854e-10
12018 4.313069e-10
12019 4.312286e-10
12020 4.311503e-10
12021 4.310719e-10
12022 4.309937e-10
12023 4.309154e-10
12024 4.308370e-10
12025 4.307587e-10
12026 4.306803e-10
12027 4.306021e-10
12028 4.305238e-10
12029 4.304455e-10
12030 4.303673e-10
12031 4.302890e-10
12032 4.302107e-10
12033 4.301325e-10
12034 4.300543e-10
12035 4.299760e-10
12036 4.298978e-10
12037 4.298195e-10
12038 4.297413e-10
12039 4.296631e-10
12040 4.295848e-10
12041 4.295067e-10
12042 4.294285e-10
12043 4.293502e-10
12044 4.292721e-10
12045 4.291940e-10
12046 4.291157e-10
12047 4.290376e-10
12048 4.289594e-10
12049 4.288813e-10
12050 4.288032e-10
12051 4.287250e-10
12052 4.286469e-10
12053 4.285688e-10
12054 4.284906e-10
12055 4.284125e-10
12056 4.283344e-10
12057 4.282563e-10
12058 4.281782e-10
12059 4.281001e-10
12060 4.280220e-10
12061 4.279440e-10
12062 4.278659e-10
12063 4.277878e-10
12064 4.277098e-10
12065 4.276317e-10
12066 4.275537e-10
12067 4.274757e-10
12068 4.273976e-10
12069 4.273196e-10
12070 4.272415e-10
12071 4.271636e-10
12072 4.270856e-10
12073 4.270075e-10
12074 4.269296e-10
12075 4.268517e-10
12076 4.267736e-10
12077 4.266957e-10
12078 4.266178e-10
12079 4.265397e-10
12080 4.264618e-10
12081 4.263838e-10
12082 4.263059e-10
12083 4.262280e-10
12084 4.261500e-10
12085 4.260721e-10
12086 4.259943e-10
12087 4.259163e-10
12088 4.258384e-10
12089 4.257606e-10
12090 4.256826e-10
12091 4.256048e-10
12092 4.255268e-10
12093 4.254490e-10
12094 4.253712e-10
12095 4.252933e-10
12096 4.252155e-10
12097 4.251377e-10
12098 4.250598e-10
12099 4.249820e-10
12100 4.249042e-10
12101 4.248263e-10
12102 4.247485e-10
12103 4.246707e-10
12104 4.245929e-10
12105 4.245151e-10
12106 4.244373e-10
12107 4.243596e-10
12108 4.242818e-10
12109 4.242040e-10
12110 4.241263e-10
12111 4.240486e-10
12112 4.239707e-10
12113 4.238931e-10
12114 4.238152e-10
12115 4.237376e-10
12116 4.236599e-10
12117 4.235821e-10
12118 4.235044e-10
12119 4.234268e-10
12120 4.233490e-10
12121 4.232714e-10
12122 4.231937e-10
12123 4.231160e-10
12124 4.230384e-10
12125 4.229606e-10
12126 4.228830e-10
12127 4.228054e-10
12128 4.227277e-10
12129 4.226501e-10
12130 4.225725e-10
12131 4.224948e-10
12132 4.224172e-10
12133 4.223397e-10
12134 4.222620e-10
12135 4.221844e-10
12136 4.221069e-10
12137 4.220292e-10
12138 4.219517e-10
12139 4.218740e-10
12140 4.217965e-10
12141 4.217190e-10
12142 4.216414e-10
12143 4.215639e-10
12144 4.214864e-10
12145 4.214088e-10
12146 4.213313e-10
12147 4.212538e-10
12148 4.211762e-10
12149 4.210987e-10
12150 4.210212e-10
12151 4.209437e-10
12152 4.208663e-10
12153 4.207887e-10
12154 4.207113e-10
12155 4.206338e-10
12156 4.205563e-10
12157 4.204789e-10
12158 4.204015e-10
12159 4.203240e-10
12160 4.202466e-10
12161 4.201691e-10
12162 4.200917e-10
12163 4.200143e-10
12164 4.199368e-10
12165 4.198595e-10
12166 4.197821e-10
12167 4.197046e-10
12168 4.196273e-10
12169 4.195500e-10
12170 4.194725e-10
12171 4.193952e-10
12172 4.193177e-10
12173 4.192404e-10
12174 4.191631e-10
12175 4.190857e-10
12176 4.190084e-10
12177 4.189311e-10
12178 4.188537e-10
12179 4.187765e-10
12180 4.186992e-10
12181 4.186218e-10
12182 4.185446e-10
12183 4.184672e-10
12184 4.183899e-10
12185 4.183127e-10
12186 4.182354e-10
12187 4.181581e-10
12188 4.180809e-10
12189 4.180036e-10
12190 4.179264e-10
12191 4.178492e-10
12192 4.177719e-10
12193 4.176947e-10
12194 4.176174e-10
12195 4.175402e-10
12196 4.174631e-10
12197 4.173858e-10
12198 4.173086e-10
12199 4.172315e-10
12200 4.171542e-10
12201 4.170771e-10
12202 4.170000e-10
12203 4.169227e-10
12204 4.168456e-10
12205 4.167684e-10
12206 4.166913e-10
12207 4.166142e-10
12208 4.165370e-10
12209 4.164599e-10
12210 4.163828e-10
12211 4.163056e-10
12212 4.162285e-10
12213 4.161515e-10
12214 4.160743e-10
12215 4.159973e-10
12216 4.159201e-10
12217 4.158431e-10
12218 4.157661e-10
12219 4.156889e-10
12220 4.156119e-10
12221 4.155349e-10
12222 4.154578e-10
12223 4.153808e-10
12224 4.153038e-10
12225 4.152267e-10
12226 4.151497e-10
12227 4.150726e-10
12228 4.149957e-10
12229 4.149187e-10
12230 4.148416e-10
12231 4.147647e-10
12232 4.146877e-10
12233 4.146107e-10
12234 4.145338e-10
12235 4.144568e-10
12236 4.143798e-10
12237 4.143029e-10
12238 4.142260e-10
12239 4.141490e-10
12240 4.140721e-10
12241 4.139951e-10
12242 4.139182e-10
12243 4.138414e-10
12244 4.137644e-10
12245 4.136875e-10
12246 4.136107e-10
12247 4.135337e-10
12248 4.134569e-10
12249 4.133800e-10
12250 4.133031e-10
12251 4.132263e-10
12252 4.131493e-10
12253 4.130725e-10
12254 4.129957e-10
12255 4.129188e-10
12256 4.128420e-10
12257 4.127652e-10
12258 4.126884e-10
12259 4.126116e-10
12260 4.125348e-10
12261 4.124579e-10
12262 4.123812e-10
12263 4.123043e-10
12264 4.122276e-10
12265 4.121509e-10
12266 4.120740e-10
12267 4.119973e-10
12268 4.119206e-10
12269 4.118438e-10
12270 4.117671e-10
12271 4.116904e-10
12272 4.116136e-10
12273 4.115369e-10
12274 4.114601e-10
12275 4.113834e-10
12276 4.113067e-10
12277 4.112300e-10
12278 4.111533e-10
12279 4.110767e-10
12280 4.109999e-10
12281 4.109233e-10
12282 4.108467e-10
12283 4.107699e-10
12284 4.106933e-10
12285 4.106166e-10
12286 4.105400e-10
12287 4.104634e-10
12288 4.103867e-10
12289 4.103101e-10
12290 4.102335e-10
12291 4.101568e-10
12292 4.100803e-10
12293 4.100037e-10
12294 4.099271e-10
12295 4.098505e-10
12296 4.097739e-10
12297 4.096973e-10
12298 4.096208e-10
12299 4.095442e-10
12300 4.094676e-10
12301 4.093911e-10
12302 4.093145e-10
12303 4.092380e-10
12304 4.091615e-10
12305 4.090849e-10
12306 4.090085e-10
12307 4.089319e-10
12308 4.088554e-10
12309 4.087789e-10
12310 4.087024e-10
12311 4.086259e-10
12312 4.085495e-10
12313 4.084729e-10
12314 4.083965e-10
12315 4.083201e-10
12316 4.082436e-10
12317 4.081672e-10
12318 4.080906e-10
12319 4.080142e-10
12320 4.079379e-10
12321 4.078614e-10
12322 4.077850e-10
12323 4.077086e-10
12324 4.076321e-10
12325 4.075558e-10
12326 4.074794e-10
12327 4.074030e-10
12328 4.073266e-10
12329 4.072502e-10
12330 4.071738e-10
12331 4.070975e-10
12332 4.070211e-10
12333 4.069448e-10
12334 4.068685e-10
12335 4.067921e-10
12336 4.067158e-10
12337 4.066395e-10
12338 4.065631e-10
12339 4.064868e-10
12340 4.064104e-10
12341 4.063342e-10
12342 4.062579e-10
12343 4.061816e-10
12344 4.061053e-10
12345 4.060291e-10
12346 4.059527e-10
12347 4.058765e-10
12348 4.058003e-10
12349 4.057240e-10
12350 4.056478e-10
12351 4.055716e-10
12352 4.054953e-10
12353 4.054191e-10
12354 4.053428e-10
12355 4.052666e-10
12356 4.051985e-10
12357 4.051305e-10
12358 4.050624e-10
12359 4.049943e-10
12360 4.049263e-10
12361 4.048582e-10
12362 4.047902e-10
12363 4.047222e-10
12364 4.046541e-10
12365 4.045861e-10
12366 4.045181e-10
12367 4.044501e-10
12368 4.043821e-10
12369 4.043141e-10
12370 4.042461e-10
12371 4.041781e-10
12372 4.041101e-10
12373 4.040421e-10
12374 4.039741e-10
12375 4.039062e-10
12376 4.038382e-10
12377 4.037702e-10
12378 4.037023e-10
12379 4.036342e-10
12380 4.035663e-10
12381 4.034983e-10
12382 4.034304e-10
12383 4.033625e-10
12384 4.032946e-10
12385 4.032267e-10
12386 4.031587e-10
12387 4.030908e-10
12388 4.030229e-10
12389 4.029550e-10
12390 4.028872e-10
12391 4.028193e-10
12392 4.027514e-10
12393 4.026835e-10
12394 4.026157e-10
12395 4.025478e-10
12396 4.024799e-10
12397 4.024121e-10
12398 4.023443e-10
12399 4.022764e-10
12400 4.022086e-10
12401 4.021408e-10
12402 4.020729e-10
12403 4.020051e-10
12404 4.019373e-10
12405 4.018695e-10
12406 4.018017e-10
12407 4.017339e-10
12408 4.016661e-10
12409 4.015983e-10
12410 4.015306e-10
12411 4.014628e-10
12412 4.013950e-10
12413 4.013273e-10
12414 4.012595e-10
12415 4.011917e-10
12416 4.011240e-10
12417 4.010563e-10
12418 4.009885e-10
12419 4.009208e-10
12420 4.008531e-10
12421 4.007854e-10
12422 4.007176e-10
12423 4.006499e-10
12424 4.005822e-10
12425 4.005145e-10
12426 4.004468e-10
12427 4.003792e-10
12428 4.003115e-10
12429 4.002438e-10
12430 4.001760e-10
12431 4.001084e-10
12432 4.000407e-10
12433 3.999731e-10
12434 3.999054e-10
12435 3.998378e-10
12436 3.997701e-10
12437 3.997025e-10
12438 3.996349e-10
12439 3.995673e-10
12440 3.994996e-10
12441 3.994320e-10
12442 3.993644e-10
12443 3.992968e-10
12444 3.992292e-10
12445 3.991616e-10
12446 3.990941e-10
12447 3.990265e-10
12448 3.989589e-10
12449 3.988914e-10
12450 3.988238e-10
12451 3.987562e-10
12452 3.986887e-10
12453 3.986211e-10
12454 3.985536e-10
12455 3.984861e-10
12456 3.984185e-10
12457 3.983510e-10
12458 3.982835e-10
12459 3.982160e-10
12460 3.981485e-10
12461 3.980810e-10
12462 3.980135e-10
12463 3.979460e-10
12464 3.978785e-10
12465 3.978110e-10
12466 3.977436e-10
12467 3.976761e-10
12468 3.976086e-10
12469 3.975412e-10
12470 3.974737e-10
12471 3.974063e-10
12472 3.973388e-10
12473 3.972714e-10
12474 3.972040e-10
12475 3.971365e-10
12476 3.970691e-10
12477 3.970017e-10
12478 3.969343e-10
12479 3.968669e-10
12480 3.967995e-10
12481 3.967320e-10
12482 3.966646e-10
12483 3.965972e-10
12484 3.965299e-10
12485 3.964625e-10
12486 3.963951e-10
12487 3.963278e-10
12488 3.962604e-10
12489 3.961931e-10
12490 3.961257e-10
12491 3.960584e-10
12492 3.959910e-10
12493 3.959237e-10
12494 3.958564e-10
12495 3.957891e-10
12496 3.957218e-10
12497 3.956545e-10
12498 3.955872e-10
12499 3.955199e-10
12500 3.954526e-10
12501 3.953853e-10
12502 3.953180e-10
12503 3.952507e-10
12504 3.951835e-10
12505 3.951162e-10
12506 3.950489e-10
12507 3.949817e-10
12508 3.949144e-10
12509 3.948472e-10
12510 3.947800e-10
12511 3.947127e-10
12512 3.946455e-10
12513 3.945783e-10
12514 3.945111e-10
12515 3.944439e-10
12516 3.943767e-10
12517 3.943095e-10
12518 3.942423e-10
12519 3.941751e-10
12520 3.941079e-10
12521 3.940407e-10
12522 3.939735e-10
12523 3.939064e-10
12524 3.938392e-10
12525 3.937721e-10
12526 3.937049e-10
12527 3.936378e-10
12528 3.935706e-10
12529 3.935035e-10
12530 3.934364e-10
12531 3.933692e-10
12532 3.933020e-10
12533 3.932349e-10
12534 3.931678e-10
12535 3.931007e-10
12536 3.930336e-10
12537 3.929665e-10
12538 3.928994e-10
12539 3.928323e-10
12540 3.927653e-10
12541 3.926982e-10
12542 3.926311e-10
12543 3.925641e-10
12544 3.924970e-10
12545 3.924300e-10
12546 3.923629e-10
12547 3.922959e-10
12548 3.922288e-10
12549 3.921618e-10
12550 3.920948e-10
12551 3.920278e-10
12552 3.919608e-10
12553 3.918938e-10
12554 3.918268e-10
12555 3.917598e-10
12556 3.916928e-10
12557 3.916258e-10
12558 3.915588e-10
12559 3.914918e-10
12560 3.914249e-10
12561 3.913579e-10
12562 3.912910e-10
12563 3.912240e-10
12564 3.911570e-10
12565 3.910901e-10
12566 3.910232e-10
12567 3.909562e-10
12568 3.908893e-10
12569 3.908224e-10
12570 3.907555e-10
12571 3.906886e-10
12572 3.906217e-10
12573 3.905548e-10
12574 3.904879e-10
12575 3.904210e-10
12576 3.903541e-10
12577 3.902872e-10
12578 3.902203e-10
12579 3.901535e-10
12580 3.900866e-10
12581 3.900198e-10
12582 3.899529e-10
12583 3.898860e-10
12584 3.898191e-10
12585 3.897523e-10
12586 3.896855e-10
12587 3.896186e-10
12588 3.895518e-10
12589 3.894850e-10
12590 3.894182e-10
12591 3.893514e-10
12592 3.892846e-10
12593 3.892178e-10
12594 3.891510e-10
12595 3.890842e-10
12596 3.890174e-10
12597 3.889507e-10
12598 3.888839e-10
12599 3.888171e-10
12600 3.887504e-10
12601 3.886836e-10
12602 3.886169e-10
12603 3.885501e-10
12604 3.884834e-10
12605 3.884167e-10
12606 3.883500e-10
12607 3.882832e-10
12608 3.882165e-10
12609 3.881498e-10
12610 3.880831e-10
12611 3.880164e-10
12612 3.879497e-10
12613 3.878830e-10
12614 3.878164e-10
12615 3.877497e-10
12616 3.876830e-10
12617 3.876163e-10
12618 3.875497e-10
12619 3.874830e-10
12620 3.874164e-10
12621 3.873497e-10
12622 3.872831e-10
12623 3.872165e-10
12624 3.871498e-10
12625 3.870832e-10
12626 3.870166e-10
12627 3.869500e-10
12628 3.868834e-10
12629 3.868168e-10
12630 3.867502e-10
12631 3.866836e-10
12632 3.866170e-10
12633 3.865504e-10
12634 3.864837e-10
12635 3.864172e-10
12636 3.863506e-10
12637 3.862840e-10
12638 3.862175e-10
12639 3.861509e-10
12640 3.860844e-10
12641 3.860178e-10
12642 3.859513e-10
12643 3.858848e-10
12644 3.858182e-10
12645 3.857517e-10
12646 3.856852e-10
12647 3.856187e-10
12648 3.855522e-10
12649 3.854857e-10
12650 3.854192e-10
12651 3.853527e-10
12652 3.852862e-10
12653 3.852198e-10
12654 3.851533e-10
12655 3.850868e-10
12656 3.850204e-10
12657 3.849539e-10
12658 3.848875e-10
12659 3.848210e-10
12660 3.847546e-10
12661 3.846881e-10
12662 3.846217e-10
12663 3.845553e-10
12664 3.844889e-10
12665 3.844225e-10
12666 3.843561e-10
12667 3.842897e-10
12668 3.842233e-10
12669 3.841569e-10
12670 3.840905e-10
12671 3.840241e-10
12672 3.839577e-10
12673 3.838913e-10
12674 3.838250e-10
12675 3.837586e-10
12676 3.836923e-10
12677 3.836259e-10
12678 3.835596e-10
12679 3.834932e-10
12680 3.834269e-10
12681 3.833606e-10
12682 3.832942e-10
12683 3.832279e-10
12684 3.831616e-10
12685 3.830952e-10
12686 3.830289e-10
12687 3.829626e-10
12688 3.828963e-10
12689 3.828300e-10
12690 3.827637e-10
12691 3.826975e-10
12692 3.826312e-10
12693 3.825649e-10
12694 3.824987e-10
12695 3.824324e-10
12696 3.823661e-10
12697 3.822999e-10
12698 3.822337e-10
12699 3.821674e-10
12700 3.821012e-10
12701 3.820350e-10
12702 3.819687e-10
12703 3.819025e-10
12704 3.818363e-10
12705 3.817701e-10
12706 3.817039e-10
12707 3.816377e-10
12708 3.815715e-10
12709 3.815054e-10
12710 3.814392e-10
12711 3.813730e-10
12712 3.813068e-10
12713 3.812407e-10
12714 3.811745e-10
12715 3.811084e-10
12716 3.810422e-10
12717 3.809761e-10
12718 3.809099e-10
12719 3.808438e-10
12720 3.807777e-10
12721 3.807116e-10
12722 3.806454e-10
12723 3.805793e-10
12724 3.805132e-10
12725 3.804471e-10
12726 3.803810e-10
12727 3.803149e-10
12728 3.802489e-10
12729 3.801828e-10
12730 3.801167e-10
12731 3.800506e-10
12732 3.799846e-10
12733 3.799185e-10
12734 3.798525e-10
12735 3.797864e-10
12736 3.797203e-10
12737 3.796542e-10
12738 3.795882e-10
12739 3.795222e-10
12740 3.794561e-10
12741 3.793901e-10
12742 3.793241e-10
12743 3.792581e-10
12744 3.791921e-10
12745 3.791261e-10
12746 3.790601e-10
12747 3.789941e-10
12748 3.789281e-10
12749 3.788622e-10
12750 3.787962e-10
12751 3.787302e-10
12752 3.786643e-10
12753 3.785983e-10
12754 3.785324e-10
12755 3.784664e-10
12756 3.784005e-10
12757 3.783346e-10
12758 3.782686e-10
12759 3.782027e-10
12760 3.781368e-10
12761 3.780709e-10
12762 3.780050e-10
12763 3.779391e-10
12764 3.778732e-10
12765 3.778073e-10
12766 3.777414e-10
12767 3.776755e-10
12768 3.776096e-10
12769 3.775437e-10
12770 3.774779e-10
12771 3.774120e-10
12772 3.773462e-10
12773 3.772803e-10
12774 3.772145e-10
12775 3.771486e-10
12776 3.770828e-10
12777 3.770169e-10
12778 3.769511e-10
12779 3.768853e-10
12780 3.768195e-10
12781 3.767537e-10
12782 3.766879e-10
12783 3.766221e-10
12784 3.765563e-10
12785 3.764905e-10
12786 3.764247e-10
12787 3.763588e-10
12788 3.762930e-10
12789 3.762273e-10
12790 3.761615e-10
12791 3.760958e-10
12792 3.760300e-10
12793 3.759642e-10
12794 3.758985e-10
12795 3.758328e-10
12796 3.757670e-10
12797 3.757013e-10
12798 3.756356e-10
12799 3.755699e-10
12800 3.755042e-10
12801 3.754384e-10
12802 3.753727e-10
12803 3.753070e-10
12804 3.752414e-10
12805 3.751757e-10
12806 3.751100e-10
12807 3.750443e-10
12808 3.749786e-10
12809 3.749130e-10
12810 3.748473e-10
12811 3.747816e-10
12812 3.747160e-10
12813 3.746503e-10
12814 3.745847e-10
12815 3.745191e-10
12816 3.744534e-10
12817 3.743878e-10
12818 3.743222e-10
12819 3.742566e-10
12820 3.741910e-10
12821 3.741254e-10
12822 3.740598e-10
12823 3.739942e-10
12824 3.739286e-10
12825 3.738630e-10
12826 3.737974e-10
12827 3.737318e-10
12828 3.736663e-10
12829 3.736007e-10
12830 3.735351e-10
12831 3.734696e-10
12832 3.734040e-10
12833 3.733385e-10
12834 3.732730e-10
12835 3.732074e-10
12836 3.731419e-10
12837 3.730764e-10
12838 3.730108e-10
12839 3.729452e-10
12840 3.728797e-10
12841 3.728142e-10
12842 3.727487e-10
12843 3.726832e-10
12844 3.726178e-10
12845 3.725523e-10
12846 3.724868e-10
12847 3.724213e-10
12848 3.723559e-10
12849 3.722904e-10
12850 3.722249e-10
12851 3.721595e-10
12852 3.720940e-10
12853 3.720286e-10
12854 3.719632e-10
12855 3.718977e-10
12856 3.718323e-10
12857 3.717669e-10
12858 3.717015e-10
12859 3.716360e-10
12860 3.715706e-10
12861 3.715052e-10
12862 3.714398e-10
12863 3.713745e-10
12864 3.713091e-10
12865 3.712437e-10
12866 3.711783e-10
12867 3.711129e-10
12868 3.710476e-10
12869 3.709822e-10
12870 3.709169e-10
12871 3.708515e-10
12872 3.707862e-10
12873 3.707208e-10
12874 3.706555e-10
12875 3.705902e-10
12876 3.705248e-10
12877 3.704595e-10
12878 3.703942e-10
12879 3.703289e-10
12880 3.702636e-10
12881 3.701983e-10
12882 3.701330e-10
12883 3.700677e-10
12884 3.700024e-10
12885 3.699371e-10
12886 3.698719e-10
12887 3.698066e-10
12888 3.697413e-10
12889 3.696760e-10
12890 3.696107e-10
12891 3.695455e-10
12892 3.694802e-10
12893 3.694150e-10
12894 3.693498e-10
12895 3.692845e-10
12896 3.692193e-10
12897 3.691541e-10
12898 3.690889e-10
12899 3.690237e-10
12900 3.689585e-10
12901 3.688933e-10
12902 3.688281e-10
12903 3.687629e-10
12904 3.686977e-10
12905 3.686325e-10
12906 3.685673e-10
12907 3.685022e-10
12908 3.684370e-10
12909 3.683719e-10
12910 3.683067e-10
12911 3.682415e-10
12912 3.681764e-10
12913 3.681113e-10
12914 3.680461e-10
12915 3.679810e-10
12916 3.679159e-10
12917 3.678508e-10
12918 3.677857e-10
12919 3.677205e-10
12920 3.676554e-10
12921 3.675903e-10
12922 3.675253e-10
12923 3.674602e-10
12924 3.673951e-10
12925 3.673300e-10
12926 3.672649e-10
12927 3.671999e-10
12928 3.671348e-10
12929 3.670697e-10
12930 3.670047e-10
12931 3.669396e-10
12932 3.668746e-10
12933 3.668096e-10
12934 3.667445e-10
12935 3.666795e-10
12936 3.666145e-10
12937 3.665495e-10
12938 3.664845e-10
12939 3.664195e-10
12940 3.663544e-10
12941 3.662894e-10
12942 3.662244e-10
12943 3.661594e-10
12944 3.660944e-10
12945 3.660294e-10
12946 3.659644e-10
12947 3.658995e-10
12948 3.658345e-10
12949 3.657696e-10
12950 3.657046e-10
12951 3.656397e-10
12952 3.655747e-10
12953 3.655098e-10
12954 3.654449e-10
12955 3.653799e-10
12956 3.653150e-10
12957 3.652501e-10
12958 3.651852e-10
12959 3.651203e-10
12960 3.650554e-10
12961 3.649905e-10
12962 3.649256e-10
12963 3.648607e-10
12964 3.647958e-10
12965 3.647309e-10
12966 3.646661e-10
12967 3.646012e-10
12968 3.645363e-10
12969 3.644715e-10
12970 3.644066e-10
12971 3.643418e-10
12972 3.642769e-10
12973 3.642121e-10
12974 3.641473e-10
12975 3.640824e-10
12976 3.640176e-10
12977 3.639528e-10
12978 3.638880e-10
12979 3.638232e-10
12980 3.637584e-10
12981 3.636936e-10
12982 3.636288e-10
12983 3.635640e-10
12984 3.634992e-10
12985 3.634345e-10
12986 3.633697e-10
12987 3.633049e-10
12988 3.632402e-10
12989 3.631754e-10
12990 3.631106e-10
12991 3.630458e-10
12992 3.629811e-10
12993 3.629163e-10
12994 3.628516e-10
12995 3.627869e-10
12996 3.627221e-10
12997 3.626574e-10
12998 3.625927e-10
12999 3.625280e-10
13000 3.624633e-10
13001 3.623986e-10
13002 3.623339e-10
13003 3.622692e-10
13004 3.622046e-10
13005 3.621399e-10
13006 3.620752e-10
13007 3.620105e-10
13008 3.619459e-10
13009 3.618812e-10
13010 3.618166e-10
13011 3.617519e-10
13012 3.616873e-10
13013 3.616226e-10
13014 3.615580e-10
13015 3.614934e-10
13016 3.614288e-10
13017 3.613641e-10
13018 3.612995e-10
13019 3.612349e-10
13020 3.611703e-10
13021 3.611057e-10
13022 3.610411e-10
13023 3.609765e-10
13024 3.609120e-10
13025 3.608474e-10
13026 3.607828e-10
13027 3.607182e-10
13028 3.606537e-10
13029 3.605891e-10
13030 3.605246e-10
13031 3.604600e-10
13032 3.603955e-10
13033 3.603309e-10
13034 3.602664e-10
13035 3.602088e-10
13036 3.601512e-10
13037 3.600936e-10
13038 3.600360e-10
13039 3.599785e-10
13040 3.599209e-10
13041 3.598633e-10
13042 3.598058e-10
13043 3.597482e-10
13044 3.596907e-10
13045 3.596331e-10
13046 3.595755e-10
13047 3.595180e-10
13048 3.594605e-10
13049 3.594029e-10
13050 3.593454e-10
13051 3.592879e-10
13052 3.592303e-10
13053 3.591729e-10
13054 3.591153e-10
13055 3.590578e-10
13056 3.590003e-10
13057 3.589428e-10
13058 3.588854e-10
13059 3.588279e-10
13060 3.587703e-10
13061 3.587129e-10
13062 3.586554e-10
13063 3.585979e-10
13064 3.585405e-10
13065 3.584830e-10
13066 3.584255e-10
13067 3.583681e-10
13068 3.583106e-10
13069 3.582532e-10
13070 3.581958e-10
13071 3.581383e-10
13072 3.580809e-10
13073 3.580235e-10
13074 3.579660e-10
13075 3.579087e-10
13076 3.578512e-10
13077 3.577938e-10
13078 3.577364e-10
13079 3.576790e-10
13080 3.576216e-10
13081 3.575642e-10
13082 3.575068e-10
13083 3.574494e-10
13084 3.573921e-10
13085 3.573347e-10
13086 3.572773e-10
13087 3.572200e-10
13088 3.571626e-10
13089 3.571053e-10
13090 3.570479e-10
13091 3.569905e-10
13092 3.569332e-10
13093 3.568758e-10
13094 3.568185e-10
13095 3.567612e-10
13096 3.567038e-10
13097 3.566465e-10
13098 3.565892e-10
13099 3.565319e-10
13100 3.564745e-10
13101 3.564173e-10
13102 3.563600e-10
13103 3.563027e-10
13104 3.562454e-10
13105 3.561881e-10
13106 3.561308e-10
13107 3.560735e-10
13108 3.560162e-10
13109 3.559590e-10
13110 3.559017e-10
13111 3.558444e-10
13112 3.557872e-10
13113 3.557299e-10
13114 3.556727e-10
13115 3.556155e-10
13116 3.555582e-10
13117 3.555010e-10
13118 3.554438e-10
13119 3.553865e-10
13120 3.553293e-10
13121 3.552721e-10
13122 3.552149e-10
13123 3.551577e-10
13124 3.551005e-10
13125 3.550432e-10
13126 3.549861e-10
13127 3.549289e-10
13128 3.548717e-10
13129 3.548145e-10
13130 3.547573e-10
13131 3.547002e-10
13132 3.546430e-10
13133 3.545858e-10
13134 3.545287e-10
13135 3.544715e-10
13136 3.544143e-10
13137 3.543572e-10
13138 3.543001e-10
13139 3.542429e-10
13140 3.541858e-10
13141 3.541287e-10
13142 3.540715e-10
13143 3.540144e-10
13144 3.539573e-10
13145 3.539002e-10
13146 3.538431e-10
13147 3.537860e-10
13148 3.537289e-10
13149 3.536718e-10
13150 3.536147e-10
13151 3.535576e-10
13152 3.535005e-10
13153 3.534434e-10
13154 3.533864e-10
13155 3.533293e-10
13156 3.532722e-10
13157 3.532152e-10
13158 3.531581e-10
13159 3.531011e-10
13160 3.530440e-10
13161 3.529869e-10
13162 3.529300e-10
13163 3.528729e-10
13164 3.528158e-10
13165 3.527589e-10
13166 3.527018e-10
13167 3.526448e-10
13168 3.525878e-10
13169 3.525308e-10
13170 3.524737e-10
13171 3.524168e-10
13172 3.523598e-10
13173 3.523027e-10
13174 3.522458e-10
13175 3.521888e-10
13176 3.521319e-10
13177 3.520749e-10
13178 3.520179e-10
13179 3.519610e-10
13180 3.519040e-10
13181 3.518470e-10
13182 3.517901e-10
13183 3.517331e-10
13184 3.516761e-10
13185 3.516192e-10
13186 3.515623e-10
13187 3.515053e-10
13188 3.514484e-10
13189 3.513915e-10
13190 3.513346e-10
13191 3.512777e-10
13192 3.512207e-10
13193 3.511639e-10
13194 3.511070e-10
13195 3.510500e-10
13196 3.509932e-10
13197 3.509363e-10
13198 3.508794e-10
13199 3.508225e-10
13200 3.507656e-10
13201 3.507087e-10
13202 3.506519e-10
13203 3.505950e-10
13204 3.505382e-10
13205 3.504813e-10
13206 3.504245e-10
13207 3.503677e-10
13208 3.503108e-10
13209 3.502539e-10
13210 3.501972e-10
13211 3.501403e-10
13212 3.500834e-10
13213 3.500267e-10
13214 3.499698e-10
13215 3.499130e-10
13216 3.498562e-10
13217 3.497994e-10
13218 3.497427e-10
13219 3.496858e-10
13220 3.496290e-10
13221 3.495723e-10
13222 3.495155e-10
13223 3.494587e-10
13224 3.494020e-10
13225 3.493452e-10
13226 3.492884e-10
13227 3.492317e-10
13228 3.491749e-10
13229 3.491181e-10
13230 3.490614e-10
13231 3.490046e-10
13232 3.489480e-10
13233 3.488912e-10
13234 3.488344e-10
13235 3.487778e-10
13236 3.487210e-10
13237 3.486643e-10
13238 3.486076e-10
13239 3.485509e-10
13240 3.484941e-10
13241 3.484375e-10
13242 3.483808e-10
13243 3.483241e-10
13244 3.482674e-10
13245 3.482107e-10
13246 3.481541e-10
13247 3.480974e-10
13248 3.480407e-10
13249 3.479841e-10
13250 3.479274e-10
13251 3.478707e-10
13252 3.478141e-10
13253 3.477574e-10
13254 3.477007e-10
13255 3.476442e-10
13256 3.475875e-10
13257 3.475308e-10
13258 3.474743e-10
13259 3.474176e-10
13260 3.473610e-10
13261 3.473044e-10
13262 3.472478e-10
13263 3.471912e-10
13264 3.471346e-10
13265 3.470780e-10
13266 3.470214e-10
13267 3.469648e-10
13268 3.469082e-10
13269 3.468517e-10
13270 3.467951e-10
13271 3.467385e-10
13272 3.466820e-10
13273 3.466254e-10
13274 3.465688e-10
13275 3.465123e-10
13276 3.464557e-10
13277 3.463992e-10
13278 3.463426e-10
13279 3.462861e-10
13280 3.462296e-10
13281 3.461730e-10
13282 3.461165e-10
13283 3.460600e-10
13284 3.460035e-10
13285 3.459469e-10
13286 3.458905e-10
13287 3.458339e-10
13288 3.457774e-10
13289 3.457210e-10
13290 3.456644e-10
13291 3.456080e-10
13292 3.455515e-10
13293 3.454950e-10
13294 3.454386e-10
13295 3.453821e-10
13296 3.453256e-10
13297 3.452692e-10
13298 3.452127e-10
13299 3.451562e-10
13300 3.450998e-10
13301 3.450433e-10
13302 3.449869e-10
13303 3.449305e-10
13304 3.448740e-10
13305 3.448177e-10
13306 3.447612e-10
13307 3.447048e-10
13308 3.446484e-10
13309 3.445920e-10
13310 3.445355e-10
13311 3.444792e-10
13312 3.444228e-10
13313 3.443663e-10
13314 3.443100e-10
13315 3.442536e-10
13316 3.441972e-10
13317 3.441409e-10
13318 3.440845e-10
13319 3.440282e-10
13320 3.439718e-10
13321 3.439154e-10
13322 3.438591e-10
13323 3.438027e-10
13324 3.437463e-10
13325 3.436900e-10
13326 3.436337e-10
13327 3.435773e-10
13328 3.435210e-10
13329 3.434647e-10
13330 3.434083e-10
13331 3.433521e-10
13332 3.432957e-10
13333 3.432395e-10
13334 3.431831e-10
13335 3.431268e-10
13336 3.430706e-10
13337 3.430142e-10
13338 3.429579e-10
13339 3.429017e-10
13340 3.428454e-10
13341 3.427891e-10
13342 3.427329e-10
13343 3.426766e-10
13344 3.426203e-10
13345 3.425641e-10
13346 3.425078e-10
13347 3.424515e-10
13348 3.423953e-10
13349 3.423391e-10
13350 3.422829e-10
13351 3.422266e-10
13352 3.421704e-10
13353 3.421142e-10
13354 3.420579e-10
13355 3.420017e-10
13356 3.419455e-10
13357 3.418893e-10
13358 3.418331e-10
13359 3.417769e-10
13360 3.417207e-10
13361 3.416645e-10
13362 3.416083e-10
13363 3.415521e-10
13364 3.414960e-10
13365 3.414398e-10
13366 3.413836e-10
13367 3.413275e-10
13368 3.412713e-10
13369 3.412151e-10
13370 3.411590e-10
13371 3.411029e-10
13372 3.410467e-10
13373 3.409906e-10
13374 3.409344e-10
13375 3.408783e-10
13376 3.408222e-10
13377 3.407660e-10
13378 3.407100e-10
13379 3.406538e-10
13380 3.405977e-10
13381 3.405416e-10
13382 3.404855e-10
13383 3.404294e-10
13384 3.403733e-10
13385 3.403172e-10
13386 3.402611e-10
13387 3.402051e-10
13388 3.401490e-10
13389 3.400929e-10
13390 3.400369e-10
13391 3.399808e-10
13392 3.399248e-10
13393 3.398687e-10
13394 3.398126e-10
13395 3.397566e-10
13396 3.397005e-10
13397 3.396445e-10
13398 3.395885e-10
13399 3.395324e-10
13400 3.394764e-10
13401 3.394204e-10
13402 3.393644e-10
13403 3.393083e-10
13404 3.392524e-10
13405 3.391963e-10
13406 3.391404e-10
13407 3.390843e-10
13408 3.390283e-10
13409 3.389724e-10
13410 3.389164e-10
13411 3.388604e-10
13412 3.388044e-10
13413 3.387484e-10
13414 3.386924e-10
13415 3.386365e-10
13416 3.385805e-10
13417 3.385246e-10
13418 3.384687e-10
13419 3.384127e-10
13420 3.383568e-10
13421 3.383008e-10
13422 3.382449e-10
13423 3.381890e-10
13424 3.381330e-10
13425 3.380771e-10
13426 3.380212e-10
13427 3.379653e-10
13428 3.379093e-10
13429 3.378535e-10
13430 3.377976e-10
13431 3.377416e-10
13432 3.376858e-10
13433 3.376299e-10
13434 3.375740e-10
13435 3.375181e-10
13436 3.374622e-10
13437 3.374064e-10
13438 3.373505e-10
13439 3.372946e-10
13440 3.372388e-10
13441 3.371829e-10
13442 3.371270e-10
13443 3.370713e-10
13444 3.370154e-10
13445 3.369595e-10
13446 3.369037e-10
13447 3.368479e-10
13448 3.367920e-10
13449 3.367363e-10
13450 3.366804e-10
13451 3.366246e-10
13452 3.365688e-10
13453 3.365130e-10
13454 3.364572e-10
13455 3.364014e-10
13456 3.363456e-10
13457 3.362898e-10
13458 3.362340e-10
13459 3.361782e-10
13460 3.361225e-10
13461 3.360667e-10
13462 3.360109e-10
13463 3.359552e-10
13464 3.358994e-10
13465 3.358437e-10
13466 3.357879e-10
13467 3.357321e-10
13468 3.356764e-10
13469 3.356207e-10
13470 3.355649e-10
13471 3.355092e-10
13472 3.354535e-10
13473 3.353977e-10
13474 3.353421e-10
13475 3.352863e-10
13476 3.352306e-10
13477 3.351749e-10
13478 3.351192e-10
13479 3.350636e-10
13480 3.350078e-10
13481 3.349521e-10
13482 3.348965e-10
13483 3.348408e-10
13484 3.347851e-10
13485 3.347294e-10
13486 3.346737e-10
13487 3.346180e-10
13488 3.345624e-10
13489 3.345068e-10
13490 3.344511e-10
13491 3.343955e-10
13492 3.343398e-10
13493 3.342842e-10
13494 3.342286e-10
13495 3.341729e-10
13496 3.341173e-10
13497 3.340617e-10
13498 3.340060e-10
13499 3.339505e-10
13500 3.338948e-10
13501 3.338392e-10
13502 3.337836e-10
13503 3.337280e-10
13504 3.336724e-10
13505 3.336168e-10
13506 3.335612e-10
13507 3.335057e-10
13508 3.334501e-10
13509 3.333945e-10
13510 3.333390e-10
13511 3.332834e-10
13512 3.332278e-10
13513 3.331723e-10
13514 3.331167e-10
13515 3.330611e-10
13516 3.330056e-10
13517 3.329501e-10
13518 3.328945e-10
13519 3.328390e-10
13520 3.327834e-10
13521 3.327279e-10
13522 3.326724e-10
13523 3.326169e-10
13524 3.325614e-10
13525 3.325059e-10
13526 3.324504e-10
13527 3.323949e-10
13528 3.323394e-10
13529 3.322839e-10
13530 3.322284e-10
13531 3.321729e-10
13532 3.321174e-10
13533 3.320620e-10
13534 3.320065e-10
13535 3.319510e-10
13536 3.318956e-10
13537 3.318401e-10
13538 3.317847e-10
13539 3.317292e-10
13540 3.316737e-10
13541 3.316183e-10
13542 3.315629e-10
13543 3.315074e-10
13544 3.314520e-10
13545 3.313966e-10
13546 3.313411e-10
13547 3.312858e-10
13548 3.312303e-10
13549 3.311749e-10
13550 3.311195e-10
13551 3.310641e-10
13552 3.310087e-10
13553 3.309533e-10
13554 3.308979e-10
13555 3.308426e-10
13556 3.307872e-10
13557 3.307318e-10
13558 3.306764e-10
13559 3.306210e-10
13560 3.305656e-10
13561 3.305103e-10
13562 3.304550e-10
13563 3.303996e-10
13564 3.303443e-10
13565 3.302889e-10
13566 3.302336e-10
13567 3.301782e-10
13568 3.301229e-10
13569 3.300676e-10
13570 3.300123e-10
13571 3.299569e-10
13572 3.299016e-10
13573 3.298463e-10
13574 3.297910e-10
13575 3.297357e-10
13576 3.296804e-10
13577 3.296251e-10
13578 3.295698e-10
13579 3.295145e-10
13580 3.294593e-10
13581 3.294040e-10
13582 3.293487e-10
13583 3.292934e-10
13584 3.292381e-10
13585 3.291829e-10
13586 3.291277e-10
13587 3.290724e-10
13588 3.290171e-10
13589 3.289619e-10
13590 3.289066e-10
13591 3.288514e-10
13592 3.287962e-10
13593 3.287409e-10
13594 3.286857e-10
13595 3.286305e-10
13596 3.285752e-10
13597 3.285201e-10
13598 3.284648e-10
13599 3.284096e-10
13600 3.283545e-10
13601 3.282992e-10
13602 3.282440e-10
13603 3.281889e-10
13604 3.281337e-10
13605 3.280784e-10
13606 3.280233e-10
13607 3.279681e-10
13608 3.279129e-10
13609 3.278578e-10
13610 3.278026e-10
13611 3.277475e-10
13612 3.276923e-10
13613 3.276371e-10
13614 3.275821e-10
13615 3.275269e-10
13616 3.274717e-10
13617 3.274166e-10
13618 3.273615e-10
13619 3.273063e-10
13620 3.272513e-10
13621 3.271961e-10
13622 3.271410e-10
13623 3.270859e-10
13624 3.270308e-10
13625 3.269757e-10
13626 3.269206e-10
13627 3.268655e-10
13628 3.268104e-10
13629 3.267553e-10
13630 3.267002e-10
13631 3.266452e-10
13632 3.265901e-10
13633 3.265350e-10
13634 3.264800e-10
13635 3.264249e-10
13636 3.263698e-10
13637 3.263148e-10
13638 3.262597e-10
13639 3.262047e-10
13640 3.261497e-10
13641 3.260946e-10
13642 3.260396e-10
13643 3.259846e-10
13644 3.259295e-10
13645 3.258746e-10
13646 3.258195e-10
13647 3.257645e-10
13648 3.257095e-10
13649 3.256545e-10
13650 3.255995e-10
13651 3.255445e-10
13652 3.254895e-10
13653 3.254346e-10
13654 3.253795e-10
13655 3.253245e-10
13656 3.252696e-10
13657 3.252146e-10
13658 3.251596e-10
13659 3.251047e-10
13660 3.250497e-10
13661 3.249947e-10
13662 3.249398e-10
13663 3.248849e-10
13664 3.248299e-10
13665 3.247750e-10
13666 3.247200e-10
13667 3.246652e-10
13668 3.246102e-10
13669 3.245552e-10
13670 3.245004e-10
13671 3.244454e-10
13672 3.243905e-10
13673 3.243356e-10
13674 3.242807e-10
13675 3.242258e-10
13676 3.241709e-10
13677 3.241160e-10
13678 3.240611e-10
13679 3.240063e-10
13680 3.239514e-10
13681 3.238965e-10
13682 3.238416e-10
13683 3.237867e-10
13684 3.237319e-10
13685 3.236770e-10
13686 3.236222e-10
13687 3.235674e-10
13688 3.235125e-10
13689 3.234576e-10
13690 3.234028e-10
13691 3.233480e-10
13692 3.232931e-10
13693 3.232383e-10
13694 3.231835e-10
13695 3.231286e-10
13696 3.230739e-10
13697 3.230190e-10
13698 3.229643e-10
13699 3.229094e-10
13700 3.228546e-10
13701 3.227999e-10
13702 3.227450e-10
13703 3.226902e-10
13704 3.226355e-10
13705 3.225807e-10
13706 3.225259e-10
13707 3.224712e-10
13708 3.224164e-10
13709 3.223616e-10
13710 3.223069e-10
13711 3.222521e-10
13712 3.221974e-10
13713 3.221426e-10
13714 3.220878e-10
13715 3.220332e-10
13716 3.219784e-10
13717 3.219236e-10
13718 3.218690e-10
13719 3.218142e-10
13720 3.217595e-10
13721 3.217048e-10
13722 3.216501e-10
13723 3.215953e-10
13724 3.215407e-10
13725 3.214859e-10
13726 3.214313e-10
13727 3.213766e-10
13728 3.213219e-10
13729 3.212672e-10
13730 3.212125e-10
13731 3.211578e-10
13732 3.211032e-10
13733 3.210485e-10
13734 3.209938e-10
13735 3.209392e-10
13736 3.208845e-10
13737 3.208298e-10
13738 3.207752e-10
13739 3.207206e-10
13740 3.206660e-10
13741 3.206113e-10
13742 3.205567e-10
13743 3.205021e-10
13744 3.204474e-10
13745 3.203928e-10
13746 3.203382e-10
13747 3.202836e-10
13748 3.202289e-10
13749 3.201744e-10
13750 3.201198e-10
13751 3.200651e-10
13752 3.200165e-10
13753 3.199678e-10
13754 3.199191e-10
13755 3.198704e-10
13756 3.198218e-10
13757 3.197731e-10
13758 3.197244e-10
13759 3.196758e-10
13760 3.196271e-10
13761 3.195784e-10
13762 3.195298e-10
13763 3.194811e-10
13764 3.194325e-10
13765 3.193839e-10
13766 3.193352e-10
13767 3.192866e-10
13768 3.192380e-10
13769 3.191894e-10
13770 3.191407e-10
13771 3.190921e-10
13772 3.190435e-10
13773 3.189948e-10
13774 3.189462e-10
13775 3.188976e-10
13776 3.188490e-10
13777 3.188004e-10
13778 3.187519e-10
13779 3.187033e-10
13780 3.186547e-10
13781 3.186061e-10
13782 3.185575e-10
13783 3.185090e-10
13784 3.184604e-10
13785 3.184118e-10
13786 3.183632e-10
13787 3.183146e-10
13788 3.182661e-10
13789 3.182175e-10
13790 3.181690e-10
13791 3.181204e-10
13792 3.180719e-10
13793 3.180234e-10
13794 3.179748e-10
13795 3.179263e-10
13796 3.178778e-10
13797 3.178293e-10
13798 3.177807e-10
13799 3.177322e-10
13800 3.176836e-10
13801 3.176351e-10
13802 3.175866e-10
13803 3.175381e-10
13804 3.174896e-10
13805 3.174411e-10
13806 3.173927e-10
13807 3.173442e-10
13808 3.172957e-10
13809 3.172472e-10
13810 3.171986e-10
13811 3.171502e-10
13812 3.171017e-10
13813 3.170532e-10
13814 3.170048e-10
13815 3.169563e-10
13816 3.169079e-10
13817 3.168594e-10
13818 3.168110e-10
13819 3.167625e-10
13820 3.167141e-10
13821 3.166656e-10
13822 3.166171e-10
13823 3.165687e-10
13824 3.165203e-10
13825 3.164719e-10
13826 3.164234e-10
13827 3.163750e-10
13828 3.163266e-10
13829 3.162782e-10
13830 3.162298e-10
13831 3.161814e-10
13832 3.161330e-10
13833 3.160846e-10
13834 3.160362e-10
13835 3.159877e-10
13836 3.159394e-10
13837 3.158910e-10
13838 3.158426e-10
13839 3.157942e-10
13840 3.157458e-10
13841 3.156975e-10
13842 3.156491e-10
13843 3.156008e-10
13844 3.155524e-10
13845 3.155040e-10
13846 3.154557e-10
13847 3.154073e-10
13848 3.153589e-10
13849 3.153106e-10
13850 3.152623e-10
13851 3.152139e-10
13852 3.151656e-10
13853 3.151173e-10
13854 3.150689e-10
13855 3.150206e-10
13856 3.149723e-10
13857 3.149240e-10
13858 3.148757e-10
13859 3.148274e-10
13860 3.147790e-10
13861 3.147307e-10
13862 3.146824e-10
13863 3.146341e-10
13864 3.145858e-10
13865 3.145376e-10
13866 3.144893e-10
13867 3.144410e-10
13868 3.143927e-10
13869 3.143445e-10
13870 3.142962e-10
13871 3.142479e-10
13872 3.141996e-10
13873 3.141513e-10
13874 3.141031e-10
13875 3.140548e-10
13876 3.140066e-10
13877 3.139584e-10
13878 3.139101e-10
13879 3.138619e-10
13880 3.138137e-10
13881 3.137654e-10
13882 3.137172e-10
13883 3.136690e-10
13884 3.136207e-10
13885 3.135725e-10
13886 3.135243e-10
13887 3.134761e-10
13888 3.134278e-10
13889 3.133796e-10
13890 3.133315e-10
13891 3.132833e-10
13892 3.132351e-10
13893 3.131869e-10
13894 3.131387e-10
13895 3.130905e-10
13896 3.130423e-10
13897 3.129941e-10
13898 3.129459e-10
13899 3.128978e-10
13900 3.128496e-10
13901 3.128014e-10
13902 3.127533e-10
13903 3.127051e-10
13904 3.126570e-10
13905 3.126088e-10
13906 3.125607e-10
13907 3.125126e-10
13908 3.124644e-10
13909 3.124162e-10
13910 3.123681e-10
13911 3.123200e-10
13912 3.122718e-10
13913 3.122237e-10
13914 3.121756e-10
13915 3.121275e-10
13916 3.120794e-10
13917 3.120313e-10
13918 3.119832e-10
13919 3.119351e-10
13920 3.118870e-10
13921 3.118389e-10
13922 3.117908e-10
13923 3.117427e-10
13924 3.116946e-10
13925 3.116465e-10
13926 3.115985e-10
13927 3.115504e-10
13928 3.115023e-10
13929 3.114543e-10
13930 3.114062e-10
13931 3.113581e-10
13932 3.113101e-10
13933 3.112620e-10
13934 3.112139e-10
13935 3.111659e-10
13936 3.111178e-10
13937 3.110698e-10
13938 3.110218e-10
13939 3.109738e-10
13940 3.109257e-10
13941 3.108777e-10
13942 3.108297e-10
13943 3.107817e-10
13944 3.107337e-10
13945 3.106857e-10
13946 3.106377e-10
13947 3.105896e-10
13948 3.105416e-10
13949 3.104936e-10
13950 3.104456e-10
13951 3.103976e-10
13952 3.103496e-10
13953 3.103017e-10
13954 3.102537e-10
13955 3.102057e-10
13956 3.101577e-10
13957 3.101098e-10
13958 3.100618e-10
13959 3.100138e-10
13960 3.099658e-10
13961 3.099179e-10
13962 3.098699e-10
13963 3.098220e-10
13964 3.097740e-10
13965 3.097261e-10
13966 3.096782e-10
13967 3.096302e-10
13968 3.095823e-10
13969 3.095344e-10
13970 3.094865e-10
13971 3.094385e-10
13972 3.093906e-10
13973 3.093426e-10
13974 3.092947e-10
13975 3.092468e-10
13976 3.091989e-10
13977 3.091510e-10
13978 3.091031e-10
13979 3.090553e-10
13980 3.090074e-10
13981 3.089595e-10
13982 3.089116e-10
13983 3.088637e-10
13984 3.088158e-10
13985 3.087679e-10
13986 3.087200e-10
13987 3.086722e-10
13988 3.086243e-10
13989 3.085765e-10
13990 3.085286e-10
13991 3.084808e-10
13992 3.084329e-10
13993 3.083851e-10
13994 3.083372e-10
13995 3.082894e-10
13996 3.082415e-10
13997 3.081937e-10
13998 3.081459e-10
13999 3.080980e-10
14000 3.080502e-10
14001 3.080024e-10
14002 3.079546e-10
14003 3.079068e-10
14004 3.078590e-10
14005 3.078112e-10
14006 3.077634e-10
14007 3.077156e-10
14008 3.076678e-10
14009 3.076199e-10
14010 3.075721e-10
14011 3.075244e-10
14012 3.074766e-10
14013 3.074288e-10
14014 3.073810e-10
14015 3.073333e-10
14016 3.072855e-10
14017 3.072378e-10
14018 3.071900e-10
14019 3.071422e-10
14020 3.070945e-10
14021 3.070467e-10
14022 3.069989e-10
14023 3.069512e-10
14024 3.069035e-10
14025 3.068557e-10
14026 3.068080e-10
14027 3.067603e-10
14028 3.067125e-10
14029 3.066648e-10
14030 3.066171e-10
14031 3.065694e-10
14032 3.065217e-10
14033 3.064739e-10
14034 3.064262e-10
14035 3.063785e-10
14036 3.063308e-10
14037 3.062831e-10
14038 3.062354e-10
14039 3.061877e-10
14040 3.061401e-10
14041 3.060924e-10
14042 3.060447e-10
14043 3.059970e-10
14044 3.059494e-10
14045 3.059017e-10
14046 3.058540e-10
14047 3.058063e-10
14048 3.057587e-10
14049 3.057110e-10
14050 3.056634e-10
14051 3.056157e-10
14052 3.055681e-10
14053 3.055204e-10
14054 3.054728e-10
14055 3.054252e-10
14056 3.053775e-10
14057 3.053299e-10
14058 3.052822e-10
14059 3.052346e-10
14060 3.051870e-10
14061 3.051394e-10
14062 3.050918e-10
14063 3.050442e-10
14064 3.049966e-10
14065 3.049490e-10
14066 3.049014e-10
14067 3.048538e-10
14068 3.048062e-10
14069 3.047586e-10
14070 3.047110e-10
14071 3.046634e-10
14072 3.046158e-10
14073 3.045682e-10
14074 3.045207e-10
14075 3.044731e-10
14076 3.044256e-10
14077 3.043780e-10
14078 3.043304e-10
14079 3.042829e-10
14080 3.042354e-10
14081 3.041878e-10
14082 3.041403e-10
14083 3.040927e-10
14084 3.040451e-10
14085 3.039976e-10
14086 3.039501e-10
14087 3.039025e-10
14088 3.038550e-10
14089 3.038075e-10
14090 3.037600e-10
14091 3.037125e-10
14092 3.036650e-10
14093 3.036175e-10
14094 3.035700e-10
14095 3.035224e-10
14096 3.034749e-10
14097 3.034274e-10
14098 3.033799e-10
14099 3.033325e-10
14100 3.032850e-10
14101 3.032375e-10
14102 3.031900e-10
14103 3.031426e-10
14104 3.030951e-10
14105 3.030476e-10
14106 3.030002e-10
14107 3.029527e-10
14108 3.029052e-10
14109 3.028578e-10
14110 3.028103e-10
14111 3.027629e-10
14112 3.027154e-10
14113 3.026680e-10
14114 3.026206e-10
14115 3.025731e-10
14116 3.025257e-10
14117 3.024783e-10
14118 3.024309e-10
14119 3.023835e-10
14120 3.023360e-10
14121 3.022886e-10
14122 3.022412e-10
14123 3.021938e-10
14124 3.021464e-10
14125 3.020990e-10
14126 3.020516e-10
14127 3.020042e-10
14128 3.019568e-10
14129 3.019094e-10
14130 3.018620e-10
14131 3.018147e-10
14132 3.017673e-10
14133 3.017198e-10
14134 3.016725e-10
14135 3.016251e-10
14136 3.015778e-10
14137 3.015304e-10
14138 3.014831e-10
14139 3.014357e-10
14140 3.013884e-10
14141 3.013410e-10
14142 3.012937e-10
14143 3.012464e-10
14144 3.011990e-10
14145 3.011516e-10
14146 3.011043e-10
14147 3.010570e-10
14148 3.010097e-10
14149 3.009623e-10
14150 3.009150e-10
14151 3.008677e-10
14152 3.008204e-10
14153 3.007731e-10
14154 3.007258e-10
14155 3.006785e-10
14156 3.006312e-10
14157 3.005840e-10
14158 3.005366e-10
14159 3.004893e-10
14160 3.004420e-10
14161 3.003948e-10
14162 3.003475e-10
14163 3.003002e-10
14164 3.002530e-10
14165 3.002057e-10
14166 3.001584e-10
14167 3.001112e-10
14168 3.000639e-10
14169 3.000167e-10
14170 2.999694e-10
14171 2.999221e-10
14172 2.998749e-10
14173 2.998277e-10
14174 2.997804e-10
14175 2.997332e-10
14176 2.996860e-10
14177 2.996388e-10
14178 2.995915e-10
14179 2.995443e-10
14180 2.994971e-10
14181 2.994499e-10
14182 2.994026e-10
14183 2.993554e-10
14184 2.993082e-10
14185 2.992610e-10
14186 2.992138e-10
14187 2.991667e-10
14188 2.991195e-10
14189 2.990723e-10
14190 2.990251e-10
14191 2.989779e-10
14192 2.989308e-10
14193 2.988836e-10
14194 2.988364e-10
14195 2.987892e-10
14196 2.987420e-10
14197 2.986949e-10
14198 2.986477e-10
14199 2.986006e-10
14200 2.985534e-10
14201 2.985063e-10
14202 2.984592e-10
14203 2.984120e-10
14204 2.983649e-10
14205 2.983178e-10
14206 2.982706e-10
14207 2.982234e-10
14208 2.981763e-10
14209 2.981292e-10
14210 2.980821e-10
14211 2.980350e-10
14212 2.979879e-10
14213 2.979408e-10
14214 2.978937e-10
14215 2.978466e-10
14216 2.977995e-10
14217 2.977524e-10
14218 2.977053e-10
14219 2.976583e-10
14220 2.976111e-10
14221 2.975640e-10
14222 2.975170e-10
14223 2.974699e-10
14224 2.974228e-10
14225 2.973758e-10
14226 2.973287e-10
14227 2.972816e-10
14228 2.972346e-10
14229 2.971875e-10
14230 2.971405e-10
14231 2.970935e-10
14232 2.970463e-10
14233 2.969993e-10
14234 2.969523e-10
14235 2.969053e-10
14236 2.968582e-10
14237 2.968112e-10
14238 2.967642e-10
14239 2.967172e-10
14240 2.966702e-10
14241 2.966232e-10
14242 2.965761e-10
14243 2.965291e-10
14244 2.964821e-10
14245 2.964351e-10
14246 2.963881e-10
14247 2.963411e-10
14248 2.962941e-10
14249 2.962471e-10
14250 2.962001e-10
14251 2.961532e-10
14252 2.961062e-10
14253 2.960592e-10
14254 2.960123e-10
14255 2.959653e-10
14256 2.959183e-10
14257 2.958713e-10
14258 2.958244e-10
14259 2.957774e-10
14260 2.957305e-10
14261 2.956835e-10
14262 2.956366e-10
14263 2.955896e-10
14264 2.955427e-10
14265 2.954958e-10
14266 2.954489e-10
14267 2.954019e-10
14268 2.953550e-10
14269 2.953080e-10
14270 2.952611e-10
14271 2.952142e-10
14272 2.951673e-10
14273 2.951204e-10
14274 2.950735e-10
14275 2.950266e-10
14276 2.949797e-10
14277 2.949328e-10
14278 2.948859e-10
14279 2.948390e-10
14280 2.947922e-10
14281 2.947453e-10
14282 2.946983e-10
14283 2.946515e-10
14284 2.946046e-10
14285 2.945577e-10
14286 2.945109e-10
14287 2.944640e-10
14288 2.944172e-10
14289 2.943703e-10
14290 2.943235e-10
14291 2.942766e-10
14292 2.942298e-10
14293 2.941829e-10
14294 2.941360e-10
14295 2.940892e-10
14296 2.940424e-10
14297 2.939956e-10
14298 2.939487e-10
14299 2.939019e-10
14300 2.938551e-10
14301 2.938083e-10
14302 2.937615e-10
14303 2.937147e-10
14304 2.936679e-10
14305 2.936211e-10
14306 2.935742e-10
14307 2.935274e-10
14308 2.934806e-10
14309 2.934338e-10
14310 2.933871e-10
14311 2.933403e-10
14312 2.932935e-10
14313 2.932467e-10
14314 2.932000e-10
14315 2.931532e-10
14316 2.931064e-10
14317 2.930597e-10
14318 2.930129e-10
14319 2.929661e-10
14320 2.929193e-10
14321 2.928726e-10
14322 2.928259e-10
14323 2.927791e-10
14324 2.927324e-10
14325 2.926857e-10
14326 2.926389e-10
14327 2.925922e-10
14328 2.925455e-10
14329 2.924988e-10
14330 2.924520e-10
14331 2.924052e-10
14332 2.923585e-10
14333 2.923118e-10
14334 2.922651e-10
14335 2.922184e-10
14336 2.921717e-10
14337 2.921250e-10
14338 2.920783e-10
14339 2.920317e-10
14340 2.919850e-10
14341 2.919383e-10
14342 2.918916e-10
14343 2.918449e-10
14344 2.917982e-10
14345 2.917515e-10
14346 2.917049e-10
14347 2.916582e-10
14348 2.916115e-10
14349 2.915649e-10
14350 2.915182e-10
14351 2.914716e-10
14352 2.914249e-10
14353 2.913783e-10
14354 2.913317e-10
14355 2.912850e-10
14356 2.912383e-10
14357 2.911917e-10
14358 2.911451e-10
14359 2.910984e-10
14360 2.910518e-10
14361 2.910052e-10
14362 2.909586e-10
14363 2.909120e-10
14364 2.908654e-10
14365 2.908188e-10
14366 2.907722e-10
14367 2.907256e-10
14368 2.906790e-10
14369 2.906323e-10
14370 2.905857e-10
14371 2.905392e-10
14372 2.904926e-10
14373 2.904460e-10
14374 2.903994e-10
14375 2.903529e-10
14376 2.903063e-10
14377 2.902597e-10
14378 2.902132e-10
14379 2.901666e-10
14380 2.901201e-10
14381 2.900734e-10
14382 2.900269e-10
14383 2.899803e-10
14384 2.899338e-10
14385 2.898873e-10
14386 2.898407e-10
14387 2.897942e-10
14388 2.897477e-10
14389 2.897011e-10
14390 2.896546e-10
14391 2.896081e-10
14392 2.895616e-10
14393 2.895150e-10
14394 2.894685e-10
14395 2.894220e-10
14396 2.893755e-10
14397 2.893290e-10
14398 2.892825e-10
14399 2.892360e-10
14400 2.891895e-10
14401 2.891430e-10
14402 2.890965e-10
14403 2.890501e-10
14404 2.890036e-10
14405 2.889571e-10
14406 2.889106e-10
14407 2.888641e-10
14408 2.888176e-10
14409 2.887712e-10
14410 2.887247e-10
14411 2.886783e-10
14412 2.886318e-10
14413 2.885854e-10
14414 2.885389e-10
14415 2.884925e-10
14416 2.884460e-10
14417 2.883996e-10
14418 2.883531e-10
14419 2.883067e-10
14420 2.882602e-10
14421 2.882138e-10
14422 2.881674e-10
14423 2.881210e-10
14424 2.880746e-10
14425 2.880282e-10
14426 2.879818e-10
14427 2.879354e-10
14428 2.878890e-10
14429 2.878426e-10
14430 2.877962e-10
14431 2.877497e-10
14432 2.877033e-10
14433 2.876569e-10
14434 2.876106e-10
14435 2.875642e-10
14436 2.875178e-10
14437 2.874714e-10
14438 2.874251e-10
14439 2.873787e-10
14440 2.873323e-10
14441 2.872860e-10
14442 2.872396e-10
14443 2.871932e-10
14444 2.871469e-10
14445 2.871005e-10
14446 2.870542e-10
14447 2.870078e-10
14448 2.869615e-10
14449 2.869152e-10
14450 2.868688e-10
14451 2.868225e-10
14452 2.867762e-10
14453 2.867299e-10
14454 2.866836e-10
14455 2.866372e-10
14456 2.865909e-10
14457 2.865446e-10
14458 2.864983e-10
14459 2.864520e-10
14460 2.864057e-10
14461 2.863594e-10
14462 2.863131e-10
14463 2.862668e-10
14464 2.862205e-10
14465 2.861742e-10
14466 2.861279e-10
14467 2.860817e-10
14468 2.860353e-10
14469 2.859891e-10
14470 2.859428e-10
14471 2.858965e-10
14472 2.858503e-10
14473 2.858040e-10
14474 2.857578e-10
14475 2.857115e-10
14476 2.856653e-10
14477 2.856190e-10
14478 2.855728e-10
14479 2.855266e-10
14480 2.854803e-10
14481 2.854340e-10
14482 2.853878e-10
14483 2.853416e-10
14484 2.852954e-10
14485 2.852491e-10
14486 2.852029e-10
14487 2.851567e-10
14488 2.851105e-10
14489 2.850643e-10
14490 2.850181e-10
14491 2.849719e-10
14492 2.849257e-10
14493 2.848794e-10
14494 2.848333e-10
14495 2.847871e-10
14496 2.847409e-10
14497 2.846947e-10
14498 2.846485e-10
14499 2.846024e-10
14500 2.845562e-10
14501 2.845100e-10
14502 2.844639e-10
14503 2.844177e-10
14504 2.843716e-10
14505 2.843253e-10
14506 2.842792e-10
14507 2.842330e-10
14508 2.841919e-10
14509 2.841507e-10
14510 2.841096e-10
14511 2.840685e-10
14512 2.840274e-10
14513 2.839863e-10
14514 2.839452e-10
14515 2.839041e-10
14516 2.838629e-10
14517 2.838218e-10
14518 2.837808e-10
14519 2.837397e-10
14520 2.836985e-10
14521 2.836575e-10
14522 2.836164e-10
14523 2.835753e-10
14524 2.835342e-10
14525 2.834931e-10
14526 2.834521e-10
14527 2.834109e-10
14528 2.833699e-10
14529 2.833288e-10
14530 2.832877e-10
14531 2.832467e-10
14532 2.832056e-10
14533 2.831646e-10
14534 2.831235e-10
14535 2.830824e-10
14536 2.830414e-10
14537 2.830003e-10
14538 2.829593e-10
14539 2.829183e-10
14540 2.828772e-10
14541 2.828362e-10
14542 2.827951e-10
14543 2.827541e-10
14544 2.827131e-10
14545 2.826720e-10
14546 2.826310e-10
14547 2.825900e-10
14548 2.825490e-10
14549 2.825080e-10
14550 2.824670e-10
14551 2.824259e-10
14552 2.823849e-10
14553 2.823440e-10
14554 2.823030e-10
14555 2.822619e-10
14556 2.822210e-10
14557 2.821800e-10
14558 2.821389e-10
14559 2.820980e-10
14560 2.820570e-10
14561 2.820161e-10
14562 2.819750e-10
14563 2.819341e-10
14564 2.818931e-10
14565 2.818521e-10
14566 2.818112e-10
14567 2.817702e-10
14568 2.817293e-10
14569 2.816883e-10
14570 2.816473e-10
14571 2.816064e-10
14572 2.815654e-10
14573 2.815245e-10
14574 2.814835e-10
14575 2.814426e-10
14576 2.814016e-10
14577 2.813607e-10
14578 2.813198e-10
14579 2.812788e-10
14580 2.812379e-10
14581 2.811970e-10
14582 2.811561e-10
14583 2.811151e-10
14584 2.810742e-10
14585 2.810334e-10
14586 2.809924e-10
14587 2.809515e-10
14588 2.809106e-10
14589 2.808697e-10
14590 2.808288e-10
14591 2.807879e-10
14592 2.807470e-10
14593 2.807061e-10
14594 2.806652e-10
14595 2.806244e-10
14596 2.805835e-10
14597 2.805426e-10
14598 2.805017e-10
14599 2.804609e-10
14600 2.804199e-10
14601 2.803791e-10
14602 2.803382e-10
14603 2.802974e-10
14604 2.802565e-10
14605 2.802157e-10
14606 2.801748e-10
14607 2.801339e-10
14608 2.800931e-10
14609 2.800523e-10
14610 2.800114e-10
14611 2.799705e-10
14612 2.799297e-10
14613 2.798889e-10
14614 2.798480e-10
14615 2.798072e-10
14616 2.797664e-10
14617 2.797256e-10
14618 2.796847e-10
14619 2.796439e-10
14620 2.796031e-10
14621 2.795623e-10
14622 2.795215e-10
14623 2.794807e-10
14624 2.794399e-10
14625 2.793991e-10
14626 2.793583e-10
14627 2.793175e-10
14628 2.792767e-10
14629 2.792359e-10
14630 2.791951e-10
14631 2.791544e-10
14632 2.791135e-10
14633 2.790728e-10
14634 2.790320e-10
14635 2.789912e-10
14636 2.789504e-10
14637 2.789097e-10
14638 2.788690e-10
14639 2.788281e-10
14640 2.787874e-10
14641 2.787467e-10
14642 2.787059e-10
14643 2.786651e-10
14644 2.786244e-10
14645 2.785837e-10
14646 2.785429e-10
14647 2.785022e-10
14648 2.784614e-10
14649 2.784207e-10
14650 2.783799e-10
14651 2.783392e-10
14652 2.782985e-10
14653 2.782578e-10
14654 2.782171e-10
14655 2.781764e-10
14656 2.781356e-10
14657 2.780949e-10
14658 2.780542e-10
14659 2.780135e-10
14660 2.779728e-10
14661 2.779321e-10
14662 2.778914e-10
14663 2.778507e-10
14664 2.778100e-10
14665 2.777693e-10
14666 2.777287e-10
14667 2.776879e-10
14668 2.776473e-10
14669 2.776066e-10
14670 2.775659e-10
14671 2.775252e-10
14672 2.774846e-10
14673 2.774439e-10
14674 2.774032e-10
14675 2.773626e-10
14676 2.773219e-10
14677 2.772812e-10
14678 2.772406e-10
14679 2.772000e-10
14680 2.771593e-10
14681 2.771186e-10
14682 2.770780e-10
14683 2.770374e-10
14684 2.769967e-10
14685 2.769561e-10
14686 2.769155e-10
14687 2.768749e-10
14688 2.768342e-10
14689 2.767936e-10
14690 2.767530e-10
14691 2.767123e-10
14692 2.766717e-10
14693 2.766311e-10
14694 2.765905e-10
14695 2.765499e-10
14696 2.765093e-10
14697 2.764687e-10
14698 2.764281e-10
14699 2.763875e-10
14700 2.763469e-10
14701 2.763063e-10
14702 2.762657e-10
14703 2.762251e-10
14704 2.761846e-10
14705 2.761439e-10
14706 2.761034e-10
14707 2.760628e-10
14708 2.760223e-10
14709 2.759817e-10
14710 2.759411e-10
14711 2.759006e-10
14712 2.758600e-10
14713 2.758194e-10
14714 2.757789e-10
14715 2.757384e-10
14716 2.756978e-10
14717 2.756572e-10
14718 2.756167e-10
14719 2.755761e-10
14720 2.755356e-10
14721 2.754951e-10
14722 2.754546e-10
14723 2.754140e-10
14724 2.753735e-10
14725 2.753330e-10
14726 2.752924e-10
14727 2.752519e-10
14728 2.752114e-10
14729 2.751709e-10
14730 2.751304e-10
14731 2.750899e-10
14732 2.750494e-10
14733 2.750088e-10
14734 2.749684e-10
14735 2.749279e-10
14736 2.748874e-10
14737 2.748469e-10
14738 2.748064e-10
14739 2.747659e-10
14740 2.747254e-10
14741 2.746849e-10
14742 2.746445e-10
14743 2.746040e-10
14744 2.745635e-10
14745 2.745231e-10
14746 2.744826e-10
14747 2.744421e-10
14748 2.744017e-10
14749 2.743612e-10
14750 2.743208e-10
14751 2.742803e-10
14752 2.742398e-10
14753 2.741994e-10
14754 2.741589e-10
14755 2.741185e-10
14756 2.740781e-10
14757 2.740377e-10
14758 2.739972e-10
14759 2.739568e-10
14760 2.739164e-10
14761 2.738759e-10
14762 2.738355e-10
14763 2.737951e-10
14764 2.737547e-10
14765 2.737142e-10
14766 2.736738e-10
14767 2.736334e-10
14768 2.735930e-10
14769 2.735526e-10
14770 2.735122e-10
14771 2.734718e-10
14772 2.734314e-10
14773 2.733910e-10
14774 2.733507e-10
14775 2.733102e-10
14776 2.732699e-10
14777 2.732295e-10
14778 2.731891e-10
14779 2.731487e-10
14780 2.731084e-10
14781 2.730680e-10
14782 2.730276e-10
14783 2.729872e-10
14784 2.729469e-10
14785 2.729066e-10
14786 2.728661e-10
14787 2.728258e-10
14788 2.727855e-10
14789 2.727451e-10
14790 2.727048e-10
14791 2.726644e-10
14792 2.726241e-10
14793 2.725837e-10
14794 2.725434e-10
14795 2.725031e-10
14796 2.724628e-10
14797 2.724224e-10
14798 2.723821e-10
14799 2.723418e-10
14800 2.723014e-10
14801 2.722611e-10
14802 2.722208e-10
14803 2.721806e-10
14804 2.721402e-10
14805 2.720999e-10
14806 2.720596e-10
14807 2.720193e-10
14808 2.719790e-10
14809 2.719387e-10
14810 2.718985e-10
14811 2.718581e-10
14812 2.718178e-10
14813 2.717776e-10
14814 2.717373e-10
14815 2.716970e-10
14816 2.716567e-10
14817 2.716165e-10
14818 2.715762e-10
14819 2.715359e-10
14820 2.714957e-10
14821 2.714554e-10
14822 2.714151e-10
14823 2.713749e-10
14824 2.713347e-10
14825 2.712944e-10
14826 2.712541e-10
14827 2.712139e-10
14828 2.711736e-10
14829 2.711334e-10
14830 2.710932e-10
14831 2.710530e-10
14832 2.710127e-10
14833 2.709725e-10
14834 2.709323e-10
14835 2.708920e-10
14836 2.708518e-10
14837 2.708116e-10
14838 2.707714e-10
14839 2.707311e-10
14840 2.706909e-10
14841 2.706507e-10
14842 2.706105e-10
14843 2.705703e-10
14844 2.705301e-10
14845 2.704900e-10
14846 2.704497e-10
14847 2.704095e-10
14848 2.703694e-10
14849 2.703291e-10
14850 2.702890e-10
14851 2.702488e-10
14852 2.702087e-10
14853 2.701684e-10
14854 2.701283e-10
14855 2.700881e-10
14856 2.700479e-10
14857 2.700078e-10
14858 2.699676e-10
14859 2.699275e-10
14860 2.698873e-10
14861 2.698471e-10
14862 2.698070e-10
14863 2.697668e-10
14864 2.697267e-10
14865 2.696866e-10
14866 2.696464e-10
14867 2.696063e-10
14868 2.695661e-10
14869 2.695260e-10
14870 2.694859e-10
14871 2.694457e-10
14872 2.694056e-10
14873 2.693655e-10
14874 2.693254e-10
14875 2.692853e-10
14876 2.692452e-10
14877 2.692050e-10
14878 2.691649e-10
14879 2.691249e-10
14880 2.690848e-10
14881 2.690446e-10
14882 2.690045e-10
14883 2.689645e-10
14884 2.689243e-10
14885 2.688843e-10
14886 2.688442e-10
14887 2.688041e-10
14888 2.687640e-10
14889 2.687239e-10
14890 2.686839e-10
14891 2.686438e-10
14892 2.686037e-10
14893 2.685637e-10
14894 2.685236e-10
14895 2.684835e-10
14896 2.684435e-10
14897 2.684034e-10
14898 2.683633e-10
14899 2.683233e-10
14900 2.682833e-10
14901 2.682432e-10
14902 2.682032e-10
14903 2.681631e-10
14904 2.681231e-10
14905 2.680830e-10
14906 2.680430e-10
14907 2.680030e-10
14908 2.679630e-10
14909 2.679229e-10
14910 2.678829e-10
14911 2.678429e-10
14912 2.678029e-10
14913 2.677629e-10
14914 2.677229e-10
14915 2.676829e-10
14916 2.676428e-10
14917 2.676029e-10
14918 2.675629e-10
14919 2.675228e-10
14920 2.674828e-10
14921 2.674429e-10
14922 2.674029e-10
14923 2.673629e-10
14924 2.673229e-10
14925 2.672829e-10
14926 2.672429e-10
14927 2.672030e-10
14928 2.671630e-10
14929 2.671231e-10
14930 2.670830e-10
14931 2.670431e-10
14932 2.670032e-10
14933 2.669631e-10
14934 2.669232e-10
14935 2.668833e-10
14936 2.668433e-10
14937 2.668033e-10
14938 2.667634e-10
14939 2.667235e-10
14940 2.666835e-10
14941 2.666436e-10
14942 2.666037e-10
14943 2.665637e-10
14944 2.665238e-10
14945 2.664839e-10
14946 2.664440e-10
14947 2.664040e-10
14948 2.663641e-10
14949 2.663242e-10
14950 2.662843e-10
14951 2.662443e-10
14952 2.662044e-10
14953 2.661646e-10
14954 2.661246e-10
14955 2.660847e-10
14956 2.660448e-10
14957 2.660050e-10
14958 2.659650e-10
14959 2.659252e-10
14960 2.658853e-10
14961 2.658454e-10
14962 2.658055e-10
14963 2.657656e-10
14964 2.657258e-10
14965 2.656858e-10
14966 2.656460e-10
14967 2.656061e-10
14968 2.655662e-10
14969 2.655264e-10
14970 2.654865e-10
14971 2.654467e-10
14972 2.654068e-10
14973 2.653670e-10
14974 2.653271e-10
14975 2.652872e-10
14976 2.652474e-10
14977 2.652076e-10
14978 2.651678e-10
14979 2.651279e-10
14980 2.650881e-10
14981 2.650483e-10
14982 2.650084e-10
14983 2.649686e-10
14984 2.649288e-10
14985 2.648890e-10
14986 2.648491e-10
14987 2.648093e-10
14988 2.647695e-10
14989 2.647296e-10
14990 2.646899e-10
14991 2.646501e-10
14992 2.646103e-10
14993 2.645704e-10
14994 2.645307e-10
14995 2.644909e-10
14996 2.644511e-10
14997 2.644113e-10
14998 2.643715e-10
14999 2.643317e-10
15000 2.642919e-10
15001 2.642522e-10
15002 2.642124e-10
15003 2.641726e-10
15004 2.641328e-10
15005 2.640931e-10
15006 2.640533e-10
15007 2.640135e-10
15008 2.639738e-10
15009 2.639340e-10
15010 2.638942e-10
15011 2.638545e-10
15012 2.638148e-10
15013 2.637751e-10
15014 2.637353e-10
15015 2.636955e-10
15016 2.636558e-10
15017 2.636160e-10
15018 2.635763e-10
15019 2.635366e-10
15020 2.634969e-10
15021 2.634571e-10
15022 2.634174e-10
15023 2.633777e-10
15024 2.633380e-10
15025 2.632983e-10
15026 2.632586e-10
15027 2.632189e-10
15028 2.631791e-10
15029 2.631394e-10
15030 2.630997e-10
15031 2.630600e-10
15032 2.630203e-10
15033 2.629806e-10
15034 2.629410e-10
15035 2.629012e-10
15036 2.628616e-10
15037 2.628219e-10
15038 2.627822e-10
15039 2.627425e-10
15040 2.627029e-10
15041 2.626632e-10
15042 2.626235e-10
15043 2.625838e-10
15044 2.625442e-10
15045 2.625045e-10
15046 2.624648e-10
15047 2.624252e-10
15048 2.623856e-10
15049 2.623459e-10
15050 2.623062e-10
15051 2.622666e-10
15052 2.622269e-10
15053 2.621873e-10
15054 2.621477e-10
15055 2.621081e-10
15056 2.620684e-10
15057 2.620288e-10
15058 2.619892e-10
15059 2.619495e-10
15060 2.619099e-10
15061 2.618703e-10
15062 2.618307e-10
15063 2.617910e-10
15064 2.617514e-10
15065 2.617118e-10
15066 2.616722e-10
15067 2.616326e-10
15068 2.615930e-10
15069 2.615534e-10
15070 2.615138e-10
15071 2.614742e-10
15072 2.614346e-10
15073 2.613950e-10
15074 2.613554e-10
15075 2.613159e-10
15076 2.612763e-10
15077 2.612367e-10
15078 2.611971e-10
15079 2.611576e-10
15080 2.611180e-10
15081 2.610784e-10
15082 2.610389e-10
15083 2.609993e-10
15084 2.609597e-10
15085 2.609202e-10
15086 2.608806e-10
15087 2.608410e-10
15088 2.608015e-10
15089 2.607620e-10
15090 2.607225e-10
15091 2.606829e-10
15092 2.606434e-10
15093 2.606038e-10
15094 2.605643e-10
15095 2.605247e-10
15096 2.604852e-10
15097 2.604457e-10
15098 2.604062e-10
15099 2.603667e-10
15100 2.603272e-10
15101 2.602876e-10
15102 2.602481e-10
15103 2.602086e-10
15104 2.601691e-10
15105 2.601296e-10
15106 2.600901e-10
15107 2.600506e-10
15108 2.600111e-10
15109 2.599716e-10
15110 2.599321e-10
15111 2.598926e-10
15112 2.598531e-10
15113 2.598136e-10
15114 2.597742e-10
15115 2.597347e-10
15116 2.596952e-10
15117 2.596557e-10
15118 2.596163e-10
15119 2.595768e-10
15120 2.595373e-10
15121 2.594979e-10
15122 2.594584e-10
15123 2.594189e-10
15124 2.593795e-10
15125 2.593401e-10
15126 2.593006e-10
15127 2.592611e-10
15128 2.592217e-10
15129 2.591822e-10
15130 2.591428e-10
15131 2.591034e-10
15132 2.590640e-10
15133 2.590245e-10
15134 2.589851e-10
15135 2.589457e-10
15136 2.589062e-10
15137 2.588668e-10
15138 2.588274e-10
15139 2.587880e-10
15140 2.587485e-10
15141 2.587092e-10
15142 2.586698e-10
15143 2.586303e-10
15144 2.585909e-10
15145 2.585515e-10
15146 2.585122e-10
15147 2.584727e-10
15148 2.584333e-10
15149 2.583940e-10
15150 2.583545e-10
15151 2.583152e-10
15152 2.582758e-10
15153 2.582365e-10
15154 2.581970e-10
15155 2.581577e-10
15156 2.581183e-10
15157 2.580789e-10
15158 2.580396e-10
15159 2.580002e-10
15160 2.579609e-10
15161 2.579215e-10
15162 2.578821e-10
15163 2.578428e-10
15164 2.578034e-10
15165 2.577641e-10
15166 2.577247e-10
15167 2.576854e-10
15168 2.576460e-10
15169 2.576067e-10
15170 2.575674e-10
15171 2.575280e-10
15172 2.574887e-10
15173 2.574494e-10
15174 2.574101e-10
15175 2.573707e-10
15176 2.573314e-10
15177 2.572921e-10
15178 2.572527e-10
15179 2.572135e-10
15180 2.571742e-10
15181 2.571349e-10
15182 2.570955e-10
15183 2.570562e-10
15184 2.570170e-10
15185 2.569776e-10
15186 2.569383e-10
15187 2.568991e-10
15188 2.568598e-10
15189 2.568205e-10
15190 2.567812e-10
15191 2.567419e-10
15192 2.567026e-10
15193 2.566634e-10
15194 2.566241e-10
15195 2.565849e-10
15196 2.565455e-10
15197 2.565063e-10
15198 2.564670e-10
15199 2.564277e-10
15200 2.563885e-10
15201 2.563493e-10
15202 2.563100e-10
15203 2.562707e-10
15204 2.562315e-10
15205 2.561923e-10
15206 2.561530e-10
15207 2.561138e-10
15208 2.560745e-10
15209 2.560353e-10
15210 2.559961e-10
15211 2.559568e-10
15212 2.559176e-10
15213 2.558784e-10
15214 2.558392e-10
15215 2.558000e-10
15216 2.557608e-10
15217 2.557215e-10
15218 2.556823e-10
15219 2.556431e-10
15220 2.556039e-10
15221 2.555647e-10
15222 2.555255e-10
15223 2.554863e-10
15224 2.554471e-10
15225 2.554079e-10
15226 2.553687e-10
15227 2.553295e-10
15228 2.552903e-10
15229 2.552512e-10
15230 2.552120e-10
15231 2.551728e-10
15232 2.551336e-10
15233 2.550945e-10
15234 2.550552e-10
15235 2.550161e-10
15236 2.549770e-10
15237 2.549378e-10
15238 2.548986e-10
15239 2.548595e-10
15240 2.548203e-10
15241 2.547811e-10
15242 2.547420e-10
15243 2.547029e-10
15244 2.546637e-10
15245 2.546246e-10
15246 2.545854e-10
15247 2.545463e-10
15248 2.545072e-10
15249 2.544680e-10
15250 2.544289e-10
15251 2.543898e-10
15252 2.543506e-10
15253 2.543115e-10
15254 2.542724e-10
15255 2.542333e-10
15256 2.541942e-10
15257 2.541551e-10
15258 2.541160e-10
15259 2.540768e-10
15260 2.540377e-10
15261 2.539987e-10
15262 2.539596e-10
15263 2.539204e-10
15264 2.538814e-10
15265 2.538423e-10
15266 2.538032e-10
15267 2.537641e-10
15268 2.537250e-10
15269 2.536860e-10
15270 2.536468e-10
15271 2.536078e-10
15272 2.535687e-10
15273 2.535296e-10
15274 2.534906e-10
15275 2.534515e-10
15276 2.534125e-10
15277 2.533734e-10
15278 2.533343e-10
15279 2.532953e-10
15280 2.532562e-10
15281 2.532172e-10
15282 2.531781e-10
15283 2.531391e-10
15284 2.531000e-10
15285 2.530610e-10
15286 2.530220e-10
15287 2.529829e-10
15288 2.529439e-10
15289 2.529049e-10
15290 2.528659e-10
15291 2.528268e-10
15292 2.527878e-10
15293 2.527488e-10
15294 2.527097e-10
15295 2.526707e-10
15296 2.526317e-10
15297 2.525928e-10
15298 2.525537e-10
15299 2.525147e-10
15300 2.524757e-10
15301 2.524367e-10
15302 2.523977e-10
15303 2.523587e-10
15304 2.523198e-10
15305 2.522851e-10
15306 2.522503e-10
15307 2.522156e-10
15308 2.521809e-10
15309 2.521462e-10
15310 2.521114e-10
15311 2.520767e-10
15312 2.520420e-10
15313 2.520073e-10
15314 2.519726e-10
15315 2.519379e-10
15316 2.519032e-10
15317 2.518685e-10
15318 2.518338e-10
15319 2.517992e-10
15320 2.517644e-10
15321 2.517297e-10
15322 2.516951e-10
15323 2.516604e-10
15324 2.516257e-10
15325 2.515910e-10
15326 2.515563e-10
15327 2.515216e-10
15328 2.514870e-10
15329 2.514523e-10
15330 2.514177e-10
15331 2.513830e-10
15332 2.513483e-10
15333 2.513136e-10
15334 2.512790e-10
15335 2.512443e-10
15336 2.512097e-10
15337 2.511751e-10
15338 2.511403e-10
15339 2.511057e-10
15340 2.510711e-10
15341 2.510364e-10
15342 2.510018e-10
15343 2.509672e-10
15344 2.509325e-10
15345 2.508979e-10
15346 2.508632e-10
15347 2.508286e-10
15348 2.507940e-10
15349 2.507594e-10
15350 2.507247e-10
15351 2.506901e-10
15352 2.506555e-10
15353 2.506209e-10
15354 2.505863e-10
15355 2.505517e-10
15356 2.505170e-10
15357 2.504824e-10
15358 2.504478e-10
15359 2.504132e-10
15360 2.503786e-10
15361 2.503441e-10
15362 2.503094e-10
15363 2.502748e-10
15364 2.502402e-10
15365 2.502057e-10
15366 2.501711e-10
15367 2.501365e-10
15368 2.501019e-10
15369 2.500673e-10
15370 2.500327e-10
15371 2.499982e-10
15372 2.499636e-10
15373 2.499290e-10
15374 2.498944e-10
15375 2.498599e-10
15376 2.498253e-10
15377 2.497908e-10
15378 2.497562e-10
15379 2.497217e-10
15380 2.496870e-10
15381 2.496525e-10
15382 2.496180e-10
15383 2.495834e-10
15384 2.495489e-10
15385 2.495144e-10
15386 2.494798e-10
15387 2.494452e-10
15388 2.494107e-10
15389 2.493762e-10
15390 2.493417e-10
15391 2.493071e-10
15392 2.492725e-10
15393 2.492380e-10
15394 2.492035e-10
15395 2.491690e-10
15396 2.491345e-10
15397 2.491000e-10
15398 2.490654e-10
15399 2.490309e-10
15400 2.489964e-10
15401 2.489619e-10
15402 2.489274e-10
15403 2.488929e-10
15404 2.488584e-10
15405 2.488239e-10
15406 2.487894e-10
15407 2.487549e-10
15408 2.487204e-10
15409 2.486859e-10
15410 2.486514e-10
15411 2.486169e-10
15412 2.485825e-10
15413 2.485480e-10
15414 2.485135e-10
15415 2.484790e-10
15416 2.484445e-10
15417 2.484101e-10
15418 2.483756e-10
15419 2.483411e-10
15420 2.483067e-10
15421 2.482722e-10
15422 2.482377e-10
15423 2.482033e-10
15424 2.481688e-10
15425 2.481344e-10
15426 2.480999e-10
15427 2.480655e-10
15428 2.480310e-10
15429 2.479965e-10
15430 2.479621e-10
15431 2.479277e-10
15432 2.478933e-10
15433 2.478588e-10
15434 2.478243e-10
15435 2.477899e-10
15436 2.477555e-10
15437 2.477211e-10
15438 2.476867e-10
15439 2.476522e-10
15440 2.476178e-10
15441 2.475834e-10
15442 2.475490e-10
15443 2.475146e-10
15444 2.474802e-10
15445 2.474457e-10
15446 2.474113e-10
15447 2.473769e-10
15448 2.473425e-10
15449 2.473081e-10
15450 2.472737e-10
15451 2.472393e-10
15452 2.472049e-10
15453 2.471705e-10
15454 2.471361e-10
15455 2.471017e-10
15456 2.470674e-10
15457 2.470329e-10
15458 2.469986e-10
15459 2.469642e-10
15460 2.469298e-10
15461 2.468955e-10
15462 2.468611e-10
15463 2.468267e-10
15464 2.467923e-10
15465 2.467580e-10
15466 2.467236e-10
15467 2.466893e-10
15468 2.466549e-10
15469 2.466205e-10
15470 2.465862e-10
15471 2.465518e-10
15472 2.465175e-10
15473 2.464831e-10
15474 2.464488e-10
15475 2.464144e-10
15476 2.463801e-10
15477 2.463457e-10
15478 2.463114e-10
15479 2.462771e-10
15480 2.462428e-10
15481 2.462084e-10
15482 2.461741e-10
15483 2.461397e-10
15484 2.461054e-10
15485 2.460711e-10
15486 2.460368e-10
15487 2.460024e-10
15488 2.459681e-10
15489 2.459338e-10
15490 2.458995e-10
15491 2.458652e-10
15492 2.458309e-10
15493 2.457966e-10
15494 2.457623e-10
15495 2.457280e-10
15496 2.456937e-10
15497 2.456594e-10
15498 2.456252e-10
15499 2.455908e-10
15500 2.455565e-10
15501 2.455223e-10
15502 2.454880e-10
15503 2.454537e-10
15504 2.454194e-10
15505 2.453851e-10
15506 2.453508e-10
15507 2.453166e-10
15508 2.452823e-10
15509 2.452481e-10
15510 2.452138e-10
15511 2.451795e-10
15512 2.451452e-10
15513 2.451110e-10
15514 2.450767e-10
15515 2.450425e-10
15516 2.450083e-10
15517 2.449739e-10
15518 2.449397e-10
15519 2.449055e-10
15520 2.448712e-10
15521 2.448370e-10
15522 2.448028e-10
15523 2.447685e-10
15524 2.447343e-10
15525 2.447000e-10
15526 2.446658e-10
15527 2.446316e-10
15528 2.445974e-10
15529 2.445631e-10
15530 2.445289e-10
15531 2.444947e-10
15532 2.444605e-10
15533 2.444263e-10
15534 2.443921e-10
15535 2.443578e-10
15536 2.443236e-10
15537 2.442894e-10
15538 2.442552e-10
15539 2.442210e-10
15540 2.441868e-10
15541 2.441526e-10
15542 2.441184e-10
15543 2.440842e-10
15544 2.440500e-10
15545 2.440159e-10
15546 2.439817e-10
15547 2.439474e-10
15548 2.439133e-10
15549 2.438791e-10
15550 2.438449e-10
15551 2.438108e-10
15552 2.437766e-10
15553 2.437424e-10
15554 2.437082e-10
15555 2.436741e-10
15556 2.436399e-10
15557 2.436058e-10
15558 2.435716e-10
15559 2.435374e-10
15560 2.435032e-10
15561 2.434691e-10
15562 2.434350e-10
15563 2.434008e-10
15564 2.433667e-10
15565 2.433325e-10
15566 2.432984e-10
15567 2.432642e-10
15568 2.432301e-10
15569 2.431960e-10
15570 2.431618e-10
15571 2.431277e-10
15572 2.430935e-10
15573 2.430594e-10
15574 2.430253e-10
15575 2.429912e-10
15576 2.429571e-10
15577 2.429229e-10
15578 2.428888e-10
15579 2.428547e-10
15580 2.428206e-10
15581 2.427865e-10
15582 2.427524e-10
15583 2.427182e-10
15584 2.426842e-10
15585 2.426501e-10
15586 2.426160e-10
15587 2.425819e-10
15588 2.425478e-10
15589 2.425137e-10
15590 2.424796e-10
15591 2.424455e-10
15592 2.424114e-10
15593 2.423773e-10
15594 2.423433e-10
15595 2.423091e-10
15596 2.422751e-10
15597 2.422410e-10
15598 2.422069e-10
15599 2.421729e-10
15600 2.421388e-10
15601 2.421047e-10
15602 2.420707e-10
15603 2.420366e-10
15604 2.420026e-10
15605 2.419685e-10
15606 2.419345e-10
15607 2.419004e-10
15608 2.418663e-10
15609 2.418323e-10
15610 2.417982e-10
15611 2.417642e-10
15612 2.417302e-10
15613 2.416961e-10
15614 2.416621e-10
15615 2.416280e-10
15616 2.415940e-10
15617 2.415600e-10
15618 2.415260e-10
15619 2.414919e-10
15620 2.414579e-10
15621 2.414239e-10
15622 2.413898e-10
15623 2.413558e-10
15624 2.413218e-10
15625 2.412878e-10
15626 2.412538e-10
15627 2.412198e-10
15628 2.411858e-10
15629 2.411518e-10
15630 2.411177e-10
15631 2.410837e-10
15632 2.410497e-10
15633 2.410157e-10
15634 2.409818e-10
15635 2.409478e-10
15636 2.409137e-10
15637 2.408798e-10
15638 2.408458e-10
15639 2.408118e-10
15640 2.407778e-10
15641 2.407439e-10
15642 2.407098e-10
15643 2.406759e-10
15644 2.406419e-10
15645 2.406080e-10
15646 2.405740e-10
15647 2.405400e-10
15648 2.405060e-10
15649 2.404721e-10
15650 2.404381e-10
15651 2.404042e-10
15652 2.403702e-10
15653 2.403363e-10
15654 2.403023e-10
15655 2.402683e-10
15656 2.402344e-10
15657 2.402005e-10
15658 2.401665e-10
15659 2.401326e-10
15660 2.400986e-10
15661 2.400647e-10
15662 2.400308e-10
15663 2.399969e-10
15664 2.399629e-10
15665 2.399290e-10
15666 2.398950e-10
15667 2.398611e-10
15668 2.398272e-10
15669 2.397933e-10
15670 2.397594e-10
15671 2.397255e-10
15672 2.396915e-10
15673 2.396576e-10
15674 2.396237e-10
15675 2.395898e-10
15676 2.395559e-10
15677 2.395221e-10
15678 2.394881e-10
15679 2.394542e-10
15680 2.394203e-10
15681 2.393864e-10
15682 2.393526e-10
15683 2.393187e-10
15684 2.392848e-10
15685 2.392509e-10
15686 2.392170e-10
15687 2.391831e-10
15688 2.391493e-10
15689 2.391154e-10
15690 2.390815e-10
15691 2.390476e-10
15692 2.390138e-10
15693 2.389799e-10
15694 2.389460e-10
15695 2.389122e-10
15696 2.388783e-10
15697 2.388444e-10
15698 2.388106e-10
15699 2.387767e-10
15700 2.387429e-10
15701 2.387091e-10
15702 2.386752e-10
15703 2.386413e-10
15704 2.386075e-10
15705 2.385737e-10
15706 2.385398e-10
15707 2.385060e-10
15708 2.384721e-10
15709 2.384383e-10
15710 2.384045e-10
15711 2.383707e-10
15712 2.383369e-10
15713 2.383030e-10
15714 2.382692e-10
15715 2.382354e-10
15716 2.382015e-10
15717 2.381677e-10
15718 2.381339e-10
15719 2.381001e-10
15720 2.380663e-10
15721 2.380325e-10
15722 2.379987e-10
15723 2.379649e-10
15724 2.379311e-10
15725 2.378973e-10
15726 2.378635e-10
15727 2.378297e-10
15728 2.377959e-10
15729 2.377621e-10
15730 2.377284e-10
15731 2.376946e-10
15732 2.376607e-10
15733 2.376270e-10
15734 2.375932e-10
15735 2.375594e-10
15736 2.375257e-10
15737 2.374919e-10
15738 2.374581e-10
15739 2.374243e-10
15740 2.373906e-10
15741 2.373568e-10
15742 2.373231e-10
15743 2.372893e-10
15744 2.372555e-10
15745 2.372218e-10
15746 2.371880e-10
15747 2.371543e-10
15748 2.371205e-10
15749 2.370868e-10
15750 2.370530e-10
15751 2.370193e-10
15752 2.369856e-10
15753 2.369518e-10
15754 2.369181e-10
15755 2.368844e-10
15756 2.368506e-10
15757 2.368169e-10
15758 2.367832e-10
15759 2.367494e-10
15760 2.367157e-10
15761 2.366820e-10
15762 2.366483e-10
15763 2.366145e-10
15764 2.365808e-10
15765 2.365471e-10
15766 2.365134e-10
15767 2.364797e-10
15768 2.364460e-10
15769 2.364123e-10
15770 2.363786e-10
15771 2.363449e-10
15772 2.363112e-10
15773 2.362775e-10
15774 2.362438e-10
15775 2.362101e-10
15776 2.361764e-10
15777 2.361428e-10
15778 2.361091e-10
15779 2.360754e-10
15780 2.360417e-10
15781 2.360080e-10
15782 2.359743e-10
15783 2.359407e-10
15784 2.359070e-10
15785 2.358734e-10
15786 2.358396e-10
15787 2.358060e-10
15788 2.357723e-10
15789 2.357387e-10
15790 2.357050e-10
15791 2.356714e-10
15792 2.356377e-10
15793 2.356040e-10
15794 2.355704e-10
15795 2.355368e-10
15796 2.355031e-10
15797 2.354695e-10
15798 2.354358e-10
15799 2.354022e-10
15800 2.353685e-10
15801 2.353349e-10
15802 2.353013e-10
15803 2.352677e-10
15804 2.352340e-10
15805 2.352004e-10
15806 2.351668e-10
15807 2.351332e-10
15808 2.350995e-10
15809 2.350659e-10
15810 2.350323e-10
15811 2.349987e-10
15812 2.349651e-10
15813 2.349315e-10
15814 2.348979e-10
15815 2.348642e-10
15816 2.348306e-10
15817 2.347970e-10
15818 2.347634e-10
15819 2.347298e-10
15820 2.346963e-10
15821 2.346626e-10
15822 2.346290e-10
15823 2.345955e-10
15824 2.345619e-10
15825 2.345283e-10
15826 2.344947e-10
15827 2.344611e-10
15828 2.344275e-10
15829 2.343940e-10
15830 2.343604e-10
15831 2.343268e-10
15832 2.342933e-10
15833 2.342597e-10
15834 2.342261e-10
15835 2.341926e-10
15836 2.341590e-10
15837 2.341255e-10
15838 2.340919e-10
15839 2.340583e-10
15840 2.340248e-10
15841 2.339912e-10
15842 2.339577e-10
15843 2.339242e-10
15844 2.338906e-10
15845 2.338570e-10
15846 2.338235e-10
15847 2.337900e-10
15848 2.337564e-10
15849 2.337229e-10
15850 2.336894e-10
15851 2.336558e-10
15852 2.336223e-10
15853 2.335888e-10
15854 2.335553e-10
15855 2.335218e-10
15856 2.334883e-10
15857 2.334547e-10
15858 2.334212e-10
15859 2.333877e-10
15860 2.333542e-10
15861 2.333207e-10
15862 2.332872e-10
15863 2.332536e-10
15864 2.332201e-10
15865 2.331866e-10
15866 2.331532e-10
15867 2.331197e-10
15868 2.330862e-10
15869 2.330526e-10
15870 2.330192e-10
15871 2.329857e-10
15872 2.329522e-10
15873 2.329187e-10
15874 2.328853e-10
15875 2.328517e-10
15876 2.328183e-10
15877 2.327848e-10
15878 2.327514e-10
15879 2.327179e-10
15880 2.326844e-10
15881 2.326509e-10
15882 2.326175e-10
15883 2.325840e-10
15884 2.325506e-10
15885 2.325171e-10
15886 2.324837e-10
15887 2.324502e-10
15888 2.324167e-10
15889 2.323833e-10
15890 2.323499e-10
15891 2.323164e-10
15892 2.322830e-10
15893 2.322495e-10
15894 2.322161e-10
15895 2.321826e-10
15896 2.321492e-10
15897 2.321158e-10
15898 2.320824e-10
15899 2.320489e-10
15900 2.320155e-10
15901 2.319821e-10
15902 2.319487e-10
15903 2.319152e-10
15904 2.318818e-10
15905 2.318484e-10
15906 2.318150e-10
15907 2.317816e-10
15908 2.317482e-10
15909 2.317148e-10
15910 2.316814e-10
15911 2.316479e-10
15912 2.316145e-10
15913 2.315811e-10
15914 2.315478e-10
15915 2.315144e-10
15916 2.314810e-10
15917 2.314475e-10
15918 2.314142e-10
15919 2.313808e-10
15920 2.313474e-10
15921 2.313140e-10
15922 2.312807e-10
15923 2.312472e-10
15924 2.312139e-10
15925 2.311805e-10
15926 2.311472e-10
15927 2.311138e-10
15928 2.310804e-10
15929 2.310470e-10
15930 2.310137e-10
15931 2.309803e-10
15932 2.309470e-10
15933 2.309136e-10
15934 2.308803e-10
15935 2.308469e-10
15936 2.308135e-10
15937 2.307802e-10
15938 2.307469e-10
15939 2.307135e-10
15940 2.306802e-10
15941 2.306468e-10
15942 2.306135e-10
15943 2.305802e-10
15944 2.305468e-10
15945 2.305135e-10
15946 2.304802e-10
15947 2.304468e-10
15948 2.304135e-10
15949 2.303802e-10
15950 2.303469e-10
15951 2.303136e-10
15952 2.302803e-10
15953 2.302469e-10
15954 2.302136e-10
15955 2.301803e-10
15956 2.301470e-10
15957 2.301137e-10
15958 2.300804e-10
15959 2.300470e-10
15960 2.300138e-10
15961 2.299805e-10
15962 2.299472e-10
15963 2.299139e-10
15964 2.298806e-10
15965 2.298473e-10
15966 2.298140e-10
15967 2.297807e-10
15968 2.297474e-10
15969 2.297142e-10
15970 2.296809e-10
15971 2.296476e-10
15972 2.296143e-10
15973 2.295811e-10
15974 2.295478e-10
15975 2.295145e-10
15976 2.294813e-10
15977 2.294480e-10
15978 2.294147e-10
15979 2.293815e-10
15980 2.293482e-10
15981 2.293150e-10
15982 2.292817e-10
15983 2.292484e-10
15984 2.292152e-10
15985 2.291819e-10
15986 2.291487e-10
15987 2.291155e-10
15988 2.290822e-10
15989 2.290489e-10
15990 2.290157e-10
15991 2.289825e-10
15992 2.289493e-10
15993 2.289160e-10
15994 2.288828e-10
15995 2.288495e-10
15996 2.288163e-10
15997 2.287831e-10
15998 2.287499e-10
15999 2.287167e-10
16000 2.286835e-10
16001 2.286502e-10
16002 2.286170e-10
16003 2.285838e-10
16004 2.285506e-10
16005 2.285174e-10
16006 2.284842e-10
16007 2.284510e-10
16008 2.284178e-10
16009 2.283846e-10
16010 2.283514e-10
16011 2.283182e-10
16012 2.282850e-10
16013 2.282518e-10
16014 2.282186e-10
16015 2.281855e-10
16016 2.281523e-10
16017 2.281191e-10
16018 2.280859e-10
16019 2.280527e-10
16020 2.280195e-10
16021 2.279864e-10
16022 2.279532e-10
16023 2.279201e-10
16024 2.278868e-10
16025 2.278537e-10
16026 2.278205e-10
16027 2.277874e-10
16028 2.277542e-10
16029 2.277211e-10
16030 2.276879e-10
16031 2.276547e-10
16032 2.276216e-10
16033 2.275885e-10
16034 2.275553e-10
16035 2.275222e-10
16036 2.274890e-10
16037 2.274559e-10
16038 2.274227e-10
16039 2.273896e-10
16040 2.273565e-10
16041 2.273234e-10
16042 2.272902e-10
16043 2.272571e-10
16044 2.272240e-10
16045 2.271908e-10
16046 2.271577e-10
16047 2.271246e-10
16048 2.270914e-10
16049 2.270583e-10
16050 2.270252e-10
16051 2.269921e-10
16052 2.269590e-10
16053 2.269259e-10
16054 2.268928e-10
16055 2.268597e-10
16056 2.268266e-10
16057 2.267935e-10
16058 2.267604e-10
16059 2.267273e-10
16060 2.266942e-10
16061 2.266611e-10
16062 2.266280e-10
16063 2.265950e-10
16064 2.265619e-10
16065 2.265288e-10
16066 2.264957e-10
16067 2.264626e-10
16068 2.264295e-10
16069 2.263965e-10
16070 2.263634e-10
16071 2.263304e-10
16072 2.262972e-10
16073 2.262642e-10
16074 2.262311e-10
16075 2.261981e-10
16076 2.261650e-10
16077 2.261320e-10
16078 2.260989e-10
16079 2.260658e-10
16080 2.260328e-10
16081 2.259998e-10
16082 2.259667e-10
16083 2.259337e-10
16084 2.259006e-10
16085 2.258676e-10
16086 2.258345e-10
16087 2.258015e-10
16088 2.257685e-10
16089 2.257354e-10
16090 2.257024e-10
16091 2.256693e-10
16092 2.256363e-10
16093 2.256033e-10
16094 2.255703e-10
16095 2.255373e-10
16096 2.255042e-10
16097 2.254712e-10
16098 2.254382e-10
16099 2.254052e-10
16100 2.253722e-10
16101 2.253392e-10
16102 2.253062e-10
16103 2.252732e-10
16104 2.252402e-10
16105 2.252072e-10
16106 2.251742e-10
16107 2.251412e-10
16108 2.251082e-10
16109 2.250752e-10
16110 2.250422e-10
16111 2.250092e-10
16112 2.249762e-10
16113 2.249433e-10
16114 2.249102e-10
16115 2.248773e-10
16116 2.248443e-10
16117 2.248113e-10
16118 2.247784e-10
16119 2.247454e-10
16120 2.247124e-10
16121 2.246794e-10
16122 2.246465e-10
16123 2.246135e-10
16124 2.245806e-10
16125 2.245476e-10
16126 2.245146e-10
16127 2.244817e-10
16128 2.244487e-10
16129 2.244158e-10
16130 2.243828e-10
16131 2.243499e-10
16132 2.243169e-10
16133 2.242840e-10
16134 2.242510e-10
16135 2.242181e-10
16136 2.241852e-10
16137 2.241523e-10
16138 2.241193e-10
16139 2.240864e-10
16140 2.240534e-10
16141 2.240205e-10
16142 2.239876e-10
16143 2.239547e-10
16144 2.239217e-10
16145 2.238888e-10
16146 2.238595e-10
16147 2.238302e-10
16148 2.238009e-10
16149 2.237716e-10
16150 2.237423e-10
16151 2.237130e-10
16152 2.236837e-10
16153 2.236545e-10
16154 2.236252e-10
16155 2.235959e-10
16156 2.235666e-10
16157 2.235373e-10
16158 2.235081e-10
16159 2.234788e-10
16160 2.234496e-10
16161 2.234203e-10
16162 2.233910e-10
16163 2.233617e-10
16164 2.233325e-10
16165 2.233032e-10
16166 2.232739e-10
16167 2.232447e-10
16168 2.232154e-10
16169 2.231862e-10
16170 2.231569e-10
16171 2.231277e-10
16172 2.230984e-10
16173 2.230692e-10
16174 2.230399e-10
16175 2.230107e-10
16176 2.229814e-10
16177 2.229522e-10
16178 2.229230e-10
16179 2.228937e-10
16180 2.228645e-10
16181 2.228353e-10
16182 2.228060e-10
16183 2.227768e-10
16184 2.227476e-10
16185 2.227183e-10
16186 2.226891e-10
16187 2.226599e-10
16188 2.226306e-10
16189 2.226014e-10
16190 2.225722e-10
16191 2.225430e-10
16192 2.225138e-10
16193 2.224846e-10
16194 2.224554e-10
16195 2.224262e-10
16196 2.223970e-10
16197 2.223678e-10
16198 2.223385e-10
16199 2.223094e-10
16200 2.222801e-10
16201 2.222510e-10
16202 2.222218e-10
16203 2.221925e-10
16204 2.221634e-10
16205 2.221342e-10
16206 2.221050e-10
16207 2.220758e-10
16208 2.220466e-10
16209 2.220175e-10
16210 2.219883e-10
16211 2.219591e-10
16212 2.219299e-10
16213 2.219007e-10
16214 2.218716e-10
16215 2.218424e-10
16216 2.218132e-10
16217 2.217840e-10
16218 2.217549e-10
16219 2.217257e-10
16220 2.216965e-10
16221 2.216674e-10
16222 2.216382e-10
16223 2.216091e-10
16224 2.215799e-10
16225 2.215508e-10
16226 2.215216e-10
16227 2.214925e-10
16228 2.214633e-10
16229 2.214341e-10
16230 2.214050e-10
16231 2.213758e-10
16232 2.213467e-10
16233 2.213176e-10
16234 2.212884e-10
16235 2.212593e-10
16236 2.212302e-10
16237 2.212011e-10
16238 2.211719e-10
16239 2.211428e-10
16240 2.211137e-10
16241 2.210845e-10
16242 2.210554e-10
16243 2.210263e-10
16244 2.209971e-10
16245 2.209681e-10
16246 2.209389e-10
16247 2.209098e-10
16248 2.208807e-10
16249 2.208516e-10
16250 2.208225e-10
16251 2.207934e-10
16252 2.207642e-10
16253 2.207352e-10
16254 2.207060e-10
16255 2.206769e-10
16256 2.206479e-10
16257 2.206187e-10
16258 2.205897e-10
16259 2.205606e-10
16260 2.205314e-10
16261 2.205024e-10
16262 2.204733e-10
16263 2.204442e-10
16264 2.204151e-10
16265 2.203860e-10
16266 2.203570e-10
16267 2.203279e-10
16268 2.202988e-10
16269 2.202697e-10
16270 2.202406e-10
16271 2.202116e-10
16272 2.201825e-10
16273 2.201534e-10
16274 2.201244e-10
16275 2.200953e-10
16276 2.200663e-10
16277 2.200372e-10
16278 2.200081e-10
16279 2.199791e-10
16280 2.199500e-10
16281 2.199210e-10
16282 2.198919e-10
16283 2.198628e-10
16284 2.198338e-10
16285 2.198048e-10
16286 2.197757e-10
16287 2.197467e-10
16288 2.197176e-10
16289 2.196886e-10
16290 2.196595e-10
16291 2.196305e-10
16292 2.196015e-10
16293 2.195724e-10
16294 2.195434e-10
16295 2.195144e-10
16296 2.194853e-10
16297 2.194563e-10
16298 2.194273e-10
16299 2.193983e-10
16300 2.193693e-10
16301 2.193402e-10
16302 2.193112e-10
16303 2.192822e-10
16304 2.192532e-10
16305 2.192242e-10
16306 2.191952e-10
16307 2.191662e-10
16308 2.191372e-10
16309 2.191081e-10
16310 2.190792e-10
16311 2.190501e-10
16312 2.190212e-10
16313 2.189922e-10
16314 2.189631e-10
16315 2.189342e-10
16316 2.189052e-10
16317 2.188762e-10
16318 2.188472e-10
16319 2.188182e-10
16320 2.187893e-10
16321 2.187602e-10
16322 2.187313e-10
16323 2.187023e-10
16324 2.186733e-10
16325 2.186444e-10
16326 2.186154e-10
16327 2.185864e-10
16328 2.185574e-10
16329 2.185284e-10
16330 2.184995e-10
16331 2.184705e-10
16332 2.184415e-10
16333 2.184126e-10
16334 2.183836e-10
16335 2.183547e-10
16336 2.183257e-10
16337 2.182967e-10
16338 2.182678e-10
16339 2.182389e-10
16340 2.182099e-10
16341 2.181810e-10
16342 2.181520e-10
16343 2.181231e-10
16344 2.180941e-10
16345 2.180652e-10
16346 2.180363e-10
16347 2.180073e-10
16348 2.179784e-10
16349 2.179495e-10
16350 2.179205e-10
16351 2.178916e-10
16352 2.178627e-10
16353 2.178338e-10
16354 2.178048e-10
16355 2.177759e-10
16356 2.177470e-10
16357 2.177180e-10
16358 2.176892e-10
16359 2.176602e-10
16360 2.176313e-10
16361 2.176024e-10
16362 2.175735e-10
16363 2.175445e-10
16364 2.175157e-10
16365 2.174867e-10
16366 2.174579e-10
16367 2.174290e-10
16368 2.174000e-10
16369 2.173712e-10
16370 2.173423e-10
16371 2.173134e-10
16372 2.172845e-10
16373 2.172556e-10
16374 2.172267e-10
16375 2.171978e-10
16376 2.171689e-10
16377 2.171400e-10
16378 2.171111e-10
16379 2.170823e-10
16380 2.170534e-10
16381 2.170245e-10
16382 2.169957e-10
16383 2.169668e-10
16384 2.169379e-10
16385 2.169090e-10
16386 2.168801e-10
16387 2.168513e-10
16388 2.168224e-10
16389 2.167936e-10
16390 2.167647e-10
16391 2.167358e-10
16392 2.167070e-10
16393 2.166781e-10
16394 2.166493e-10
16395 2.166204e-10
16396 2.165916e-10
16397 2.165627e-10
16398 2.165339e-10
16399 2.165050e-10
16400 2.164762e-10
16401 2.164473e-10
16402 2.164185e-10
16403 2.163897e-10
16404 2.163608e-10
16405 2.163320e-10
16406 2.163032e-10
16407 2.162744e-10
16408 2.162455e-10
16409 2.162167e-10
16410 2.161879e-10
16411 2.161590e-10
16412 2.161302e-10
16413 2.161014e-10
16414 2.160726e-10
16415 2.160438e-10
16416 2.160149e-10
16417 2.159861e-10
16418 2.159573e-10
16419 2.159285e-10
16420 2.158997e-10
16421 2.158709e-10
16422 2.158421e-10
16423 2.158133e-10
16424 2.157845e-10
16425 2.157557e-10
16426 2.157269e-10
16427 2.156981e-10
16428 2.156693e-10
16429 2.156405e-10
16430 2.156117e-10
16431 2.155829e-10
16432 2.155541e-10
16433 2.155254e-10
16434 2.154966e-10
16435 2.154678e-10
16436 2.154390e-10
16437 2.154102e-10
16438 2.153815e-10
16439 2.153527e-10
16440 2.153239e-10
16441 2.152951e-10
16442 2.152664e-10
16443 2.152376e-10
16444 2.152088e-10
16445 2.151800e-10
16446 2.151513e-10
16447 2.151225e-10
16448 2.150938e-10
16449 2.150650e-10
16450 2.150363e-10
16451 2.150075e-10
16452 2.149788e-10
16453 2.149500e-10
16454 2.149213e-10
16455 2.148925e-10
16456 2.148638e-10
16457 2.148350e-10
16458 2.148063e-10
16459 2.147776e-10
16460 2.147488e-10
16461 2.147201e-10
16462 2.146913e-10
16463 2.146626e-10
16464 2.146339e-10
16465 2.146051e-10
16466 2.145764e-10
16467 2.145477e-10
16468 2.145190e-10
16469 2.144903e-10
16470 2.144615e-10
16471 2.144328e-10
16472 2.144041e-10
16473 2.143754e-10
16474 2.143467e-10
16475 2.143179e-10
16476 2.142892e-10
16477 2.142605e-10
16478 2.142318e-10
16479 2.142031e-10
16480 2.141744e-10
16481 2.141457e-10
16482 2.141170e-10
16483 2.140883e-10
16484 2.140596e-10
16485 2.140309e-10
16486 2.140022e-10
16487 2.139736e-10
16488 2.139448e-10
16489 2.139161e-10
16490 2.138875e-10
16491 2.138588e-10
16492 2.138301e-10
16493 2.138014e-10
16494 2.137727e-10
16495 2.137441e-10
16496 2.137154e-10
16497 2.136867e-10
16498 2.136581e-10
16499 2.136294e-10
16500 2.136007e-10
16501 2.135720e-10
16502 2.135434e-10
16503 2.135147e-10
16504 2.134860e-10
16505 2.134574e-10
16506 2.134287e-10
16507 2.134001e-10
16508 2.133714e-10
16509 2.133428e-10
16510 2.133141e-10
16511 2.132855e-10
16512 2.132568e-10
16513 2.132282e-10
16514 2.131995e-10
16515 2.131709e-10
16516 2.131423e-10
16517 2.131136e-10
16518 2.130850e-10
16519 2.130563e-10
16520 2.130277e-10
16521 2.129991e-10
16522 2.129704e-10
16523 2.129418e-10
16524 2.129132e-10
16525 2.128845e-10
16526 2.128559e-10
16527 2.128273e-10
16528 2.127987e-10
16529 2.127701e-10
16530 2.127414e-10
16531 2.127129e-10
16532 2.126842e-10
16533 2.126556e-10
16534 2.126270e-10
16535 2.125984e-10
16536 2.125698e-10
16537 2.125412e-10
16538 2.125126e-10
16539 2.124840e-10
16540 2.124554e-10
16541 2.124268e-10
16542 2.123982e-10
16543 2.123696e-10
16544 2.123410e-10
16545 2.123124e-10
16546 2.122839e-10
16547 2.122552e-10
16548 2.122266e-10
16549 2.121981e-10
16550 2.121695e-10
16551 2.121409e-10
16552 2.121123e-10
16553 2.120837e-10
16554 2.120552e-10
16555 2.120266e-10
16556 2.119980e-10
16557 2.119695e-10
16558 2.119409e-10
16559 2.119124e-10
16560 2.118838e-10
16561 2.118552e-10
16562 2.118267e-10
16563 2.117981e-10
16564 2.117696e-10
16565 2.117410e-10
16566 2.117124e-10
16567 2.116839e-10
16568 2.116553e-10
16569 2.116267e-10
16570 2.115982e-10
16571 2.115697e-10
16572 2.115411e-10
16573 2.115126e-10
16574 2.114840e-10
16575 2.114555e-10
16576 2.114270e-10
16577 2.113985e-10
16578 2.113699e-10
16579 2.113414e-10
16580 2.113129e-10
16581 2.112843e-10
16582 2.112558e-10
16583 2.112273e-10
16584 2.111987e-10
16585 2.111702e-10
16586 2.111417e-10
16587 2.111132e-10
16588 2.110847e-10
16589 2.110561e-10
16590 2.110277e-10
16591 2.109991e-10
16592 2.109706e-10
16593 2.109421e-10
16594 2.109136e-10
16595 2.108851e-10
16596 2.108566e-10
16597 2.108281e-10
16598 2.107996e-10
16599 2.107711e-10
16600 2.107426e-10
16601 2.107141e-10
16602 2.106856e-10
16603 2.106571e-10
16604 2.106286e-10
16605 2.106001e-10
16606 2.105717e-10
16607 2.105432e-10
16608 2.105147e-10
16609 2.104862e-10
16610 2.104577e-10
16611 2.104293e-10
16612 2.104008e-10
16613 2.103723e-10
16614 2.103438e-10
16615 2.103153e-10
16616 2.102869e-10
16617 2.102584e-10
16618 2.102300e-10
16619 2.102015e-10
16620 2.101730e-10
16621 2.101446e-10
16622 2.101161e-10
16623 2.100876e-10
16624 2.100592e-10
16625 2.100307e-10
16626 2.100023e-10
16627 2.099739e-10
16628 2.099454e-10
16629 2.099170e-10
16630 2.098885e-10
16631 2.098601e-10
16632 2.098316e-10
16633 2.098032e-10
16634 2.097748e-10
16635 2.097463e-10
16636 2.097179e-10
16637 2.096895e-10
16638 2.096610e-10
16639 2.096326e-10
16640 2.096042e-10
16641 2.095757e-10
16642 2.095473e-10
16643 2.095189e-10
16644 2.094905e-10
16645 2.094621e-10
16646 2.094336e-10
16647 2.094052e-10
16648 2.093768e-10
16649 2.093484e-10
16650 2.093200e-10
16651 2.092916e-10
16652 2.092632e-10
16653 2.092348e-10
16654 2.092064e-10
16655 2.091780e-10
16656 2.091496e-10
16657 2.091212e-10
16658 2.090928e-10
16659 2.090644e-10
16660 2.090360e-10
16661 2.090076e-10
16662 2.089792e-10
16663 2.089508e-10
16664 2.089224e-10
16665 2.088941e-10
16666 2.088657e-10
16667 2.088373e-10
16668 2.088089e-10
16669 2.087805e-10
16670 2.087522e-10
16671 2.087238e-10
16672 2.086954e-10
16673 2.086670e-10
16674 2.086386e-10
16675 2.086103e-10
16676 2.085819e-10
16677 2.085535e-10
16678 2.085252e-10
16679 2.084968e-10
16680 2.084685e-10
16681 2.084401e-10
16682 2.084117e-10
16683 2.083834e-10
16684 2.083551e-10
16685 2.083267e-10
16686 2.082984e-10
16687 2.082700e-10
16688 2.082417e-10
16689 2.082133e-10
16690 2.081850e-10
16691 2.081566e-10
16692 2.081283e-10
16693 2.081000e-10
16694 2.080716e-10
16695 2.080433e-10
16696 2.080150e-10
16697 2.079866e-10
16698 2.079583e-10
16699 2.079300e-10
16700 2.079016e-10
16701 2.078733e-10
16702 2.078450e-10
16703 2.078167e-10
16704 2.077884e-10
16705 2.077600e-10
16706 2.077318e-10
16707 2.077034e-10
16708 2.076751e-10
16709 2.076468e-10
16710 2.076185e-10
16711 2.075902e-10
16712 2.075619e-10
16713 2.075336e-10
16714 2.075053e-10
16715 2.074770e-10
16716 2.074487e-10
16717 2.074204e-10
16718 2.073921e-10
16719 2.073638e-10
16720 2.073355e-10
16721 2.073072e-10
16722 2.072789e-10
16723 2.072506e-10
16724 2.072224e-10
16725 2.071941e-10
16726 2.071658e-10
16727 2.071375e-10
16728 2.071092e-10
16729 2.070810e-10
16730 2.070527e-10
16731 2.070244e-10
16732 2.069962e-10
16733 2.069679e-10
16734 2.069396e-10
16735 2.069113e-10
16736 2.068831e-10
16737 2.068548e-10
16738 2.068265e-10
16739 2.067983e-10
16740 2.067700e-10
16741 2.067418e-10
16742 2.067135e-10
16743 2.066853e-10
16744 2.066570e-10
16745 2.066288e-10
16746 2.066005e-10
16747 2.065723e-10
16748 2.065440e-10
16749 2.065158e-10
16750 2.064876e-10
16751 2.064593e-10
16752 2.064311e-10
16753 2.064028e-10
16754 2.063746e-10
16755 2.063464e-10
16756 2.063181e-10
16757 2.062899e-10
16758 2.062617e-10
16759 2.062335e-10
16760 2.062053e-10
16761 2.061770e-10
16762 2.061488e-10
16763 2.061206e-10
16764 2.060924e-10
16765 2.060642e-10
16766 2.060359e-10
16767 2.060077e-10
16768 2.059795e-10
16769 2.059513e-10
16770 2.059231e-10
16771 2.058949e-10
16772 2.058667e-10
16773 2.058385e-10
16774 2.058103e-10
16775 2.057821e-10
16776 2.057539e-10
16777 2.057257e-10
16778 2.056975e-10
16779 2.056693e-10
16780 2.056411e-10
16781 2.056129e-10
16782 2.055847e-10
16783 2.055566e-10
16784 2.055284e-10
16785 2.055002e-10
16786 2.054720e-10
16787 2.054438e-10
16788 2.054157e-10
16789 2.053875e-10
16790 2.053593e-10
16791 2.053312e-10
16792 2.053030e-10
16793 2.052748e-10
16794 2.052466e-10
16795 2.052185e-10
16796 2.051903e-10
16797 2.051621e-10
16798 2.051340e-10
16799 2.051058e-10
16800 2.050777e-10
16801 2.050495e-10
16802 2.050214e-10
16803 2.049932e-10
16804 2.049651e-10
16805 2.049369e-10
16806 2.049088e-10
16807 2.048806e-10
16808 2.048525e-10
16809 2.048244e-10
16810 2.047962e-10
16811 2.047680e-10
16812 2.047399e-10
16813 2.047118e-10
16814 2.046837e-10
16815 2.046555e-10
16816 2.046274e-10
16817 2.045993e-10
16818 2.045711e-10
16819 2.045430e-10
16820 2.045149e-10
16821 2.044868e-10
16822 2.044587e-10
16823 2.044305e-10
16824 2.044024e-10
16825 2.043743e-10
16826 2.043462e-10
16827 2.043181e-10
16828 2.042900e-10
16829 2.042618e-10
16830 2.042338e-10
16831 2.042056e-10
16832 2.041776e-10
16833 2.041494e-10
16834 2.041213e-10
16835 2.040933e-10
16836 2.040651e-10
16837 2.040371e-10
16838 2.040090e-10
16839 2.039809e-10
16840 2.039528e-10
16841 2.039247e-10
16842 2.038966e-10
16843 2.038685e-10
16844 2.038404e-10
16845 2.038124e-10
16846 2.037843e-10
16847 2.037562e-10
16848 2.037281e-10
16849 2.037000e-10
16850 2.036720e-10
16851 2.036439e-10
16852 2.036158e-10
16853 2.035878e-10
16854 2.035597e-10
16855 2.035317e-10
16856 2.035036e-10
16857 2.034755e-10
16858 2.034475e-10
16859 2.034194e-10
16860 2.033914e-10
16861 2.033633e-10
16862 2.033352e-10
16863 2.033072e-10
16864 2.032791e-10
16865 2.032511e-10
16866 2.032230e-10
16867 2.031950e-10
16868 2.031670e-10
16869 2.031389e-10
16870 2.031108e-10
16871 2.030828e-10
16872 2.030548e-10
16873 2.030268e-10
16874 2.029987e-10
16875 2.029707e-10
16876 2.029427e-10
16877 2.029146e-10
16878 2.028866e-10
16879 2.028586e-10
16880 2.028306e-10
16881 2.028026e-10
16882 2.027745e-10
16883 2.027465e-10
16884 2.027185e-10
16885 2.026905e-10
16886 2.026625e-10
16887 2.026345e-10
16888 2.026064e-10
16889 2.025784e-10
16890 2.025504e-10
16891 2.025224e-10
16892 2.024944e-10
16893 2.024664e-10
16894 2.024384e-10
16895 2.024104e-10
16896 2.023824e-10
16897 2.023544e-10
16898 2.023264e-10
16899 2.022985e-10
16900 2.022705e-10
16901 2.022424e-10
16902 2.022145e-10
16903 2.021865e-10
16904 2.021585e-10
16905 2.021305e-10
16906 2.021025e-10
16907 2.020746e-10
16908 2.020466e-10
16909 2.020186e-10
16910 2.019906e-10
16911 2.019627e-10
16912 2.019347e-10
16913 2.019067e-10
16914 2.018788e-10
16915 2.018508e-10
16916 2.018228e-10
16917 2.017949e-10
16918 2.017669e-10
16919 2.017389e-10
16920 2.017110e-10
16921 2.016830e-10
16922 2.016551e-10
16923 2.016271e-10
16924 2.015992e-10
16925 2.015713e-10
16926 2.015433e-10
16927 2.015154e-10
16928 2.014874e-10
16929 2.014594e-10
16930 2.014315e-10
16931 2.014036e-10
16932 2.013757e-10
16933 2.013477e-10
16934 2.013198e-10
16935 2.012919e-10
16936 2.012639e-10
16937 2.012360e-10
16938 2.012081e-10
16939 2.011801e-10
16940 2.011522e-10
16941 2.011243e-10
16942 2.010964e-10
16943 2.010685e-10
16944 2.010405e-10
16945 2.010126e-10
16946 2.009847e-10
16947 2.009568e-10
16948 2.009289e-10
16949 2.009010e-10
16950 2.008730e-10
16951 2.008452e-10
16952 2.008172e-10
16953 2.007894e-10
16954 2.007615e-10
16955 2.007335e-10
16956 2.007057e-10
16957 2.006778e-10
16958 2.006499e-10
16959 2.006220e-10
16960 2.005941e-10
16961 2.005662e-10
16962 2.005383e-10
16963 2.005104e-10
16964 2.004825e-10
16965 2.004546e-10
16966 2.004268e-10
16967 2.003989e-10
16968 2.003710e-10
16969 2.003431e-10
16970 2.003153e-10
16971 2.002874e-10
16972 2.002595e-10
16973 2.002316e-10
16974 2.002038e-10
16975 2.001759e-10
16976 2.001481e-10
16977 2.001202e-10
16978 2.000923e-10
16979 2.000645e-10
16980 2.000366e-10
16981 2.000088e-10
16982 1.999809e-10
16983 1.999530e-10
16984 1.999252e-10
16985 1.998973e-10
16986 1.998695e-10
16987 1.998417e-10
16988 1.998138e-10
16989 1.997860e-10
16990 1.997581e-10
16991 1.997303e-10
16992 1.997025e-10
16993 1.996746e-10
16994 1.996468e-10
16995 1.996189e-10
16996 1.995911e-10
16997 1.995633e-10
16998 1.995354e-10
16999 1.995076e-10
17000 1.994798e-10
17001 1.994520e-10
17002 1.994242e-10
17003 1.993963e-10
17004 1.993685e-10
17005 1.993407e-10
17006 1.993129e-10
17007 1.992851e-10
17008 1.992573e-10
17009 1.992294e-10
17010 1.992016e-10
17011 1.991738e-10
17012 1.991460e-10
17013 1.991182e-10
17014 1.990904e-10
17015 1.990626e-10
17016 1.990348e-10
17017 1.990070e-10
17018 1.989792e-10
17019 1.989514e-10
17020 1.989237e-10
17021 1.988958e-10
17022 1.988680e-10
17023 1.988403e-10
17024 1.988125e-10
17025 1.987847e-10
17026 1.987569e-10
17027 1.987291e-10
17028 1.987014e-10
17029 1.986736e-10
17030 1.986458e-10
17031 1.986180e-10
17032 1.985902e-10
17033 1.985625e-10
17034 1.985378e-10
17035 1.985131e-10
17036 1.984884e-10
17037 1.984637e-10
17038 1.984390e-10
17039 1.984143e-10
17040 1.983896e-10
17041 1.983649e-10
17042 1.983402e-10
17043 1.983156e-10
17044 1.982908e-10
17045 1.982662e-10
17046 1.982415e-10
17047 1.982168e-10
17048 1.981921e-10
17049 1.981674e-10
17050 1.981428e-10
17051 1.981181e-10
17052 1.980934e-10
17053 1.980687e-10
17054 1.980441e-10
17055 1.980194e-10
17056 1.979947e-10
17057 1.979700e-10
17058 1.979454e-10
17059 1.979207e-10
17060 1.978961e-10
17061 1.978714e-10
17062 1.978468e-10
17063 1.978221e-10
17064 1.977974e-10
17065 1.977728e-10
17066 1.977481e-10
17067 1.977234e-10
17068 1.976988e-10
17069 1.976741e-10
17070 1.976495e-10
17071 1.976249e-10
17072 1.976002e-10
17073 1.975756e-10
17074 1.975509e-10
17075 1.975263e-10
17076 1.975016e-10
17077 1.974770e-10
17078 1.974523e-10
17079 1.974277e-10
17080 1.974031e-10
17081 1.973785e-10
17082 1.973538e-10
17083 1.973292e-10
17084 1.973046e-10
17085 1.972799e-10
17086 1.972553e-10
17087 1.972307e-10
17088 1.972061e-10
17089 1.971815e-10
17090 1.971568e-10
17091 1.971322e-10
17092 1.971076e-10
17093 1.970830e-10
17094 1.970584e-10
17095 1.970337e-10
17096 1.970091e-10
17097 1.969845e-10
17098 1.969599e-10
17099 1.969353e-10
17100 1.969107e-10
17101 1.968861e-10
17102 1.968615e-10
17103 1.968369e-10
17104 1.968123e-10
17105 1.967877e-10
17106 1.967631e-10
17107 1.967385e-10
17108 1.967139e-10
17109 1.966893e-10
17110 1.966647e-10
17111 1.966401e-10
17112 1.966156e-10
17113 1.965909e-10
17114 1.965664e-10
17115 1.965418e-10
17116 1.965172e-10
17117 1.964926e-10
17118 1.964681e-10
17119 1.964435e-10
17120 1.964189e-10
17121 1.963943e-10
17122 1.963697e-10
17123 1.963452e-10
17124 1.963206e-10
17125 1.962960e-10
17126 1.962714e-10
17127 1.962469e-10
17128 1.962223e-10
17129 1.961978e-10
17130 1.961732e-10
17131 1.961486e-10
17132 1.961241e-10
17133 1.960995e-10
17134 1.960749e-10
17135 1.960504e-10
17136 1.960258e-10
17137 1.960013e-10
17138 1.959767e-10
17139 1.959522e-10
17140 1.959276e-10
17141 1.959031e-10
17142 1.958785e-10
17143 1.958540e-10
17144 1.958295e-10
17145 1.958049e-10
17146 1.957804e-10
17147 1.957558e-10
17148 1.957313e-10
17149 1.957067e-10
17150 1.956822e-10
17151 1.956577e-10
17152 1.956332e-10
17153 1.956086e-10
17154 1.955841e-10
17155 1.955596e-10
17156 1.955351e-10
17157 1.955105e-10
17158 1.954860e-10
17159 1.954615e-10
17160 1.954370e-10
17161 1.954124e-10
17162 1.953879e-10
17163 1.953634e-10
17164 1.953389e-10
17165 1.953144e-10
17166 1.952899e-10
17167 1.952654e-10
17168 1.952408e-10
17169 1.952164e-10
17170 1.951918e-10
17171 1.951673e-10
17172 1.951428e-10
17173 1.951183e-10
17174 1.950938e-10
17175 1.950693e-10
17176 1.950448e-10
17177 1.950204e-10
17178 1.949958e-10
17179 1.949714e-10
17180 1.949469e-10
17181 1.949224e-10
17182 1.948979e-10
17183 1.948734e-10
17184 1.948489e-10
17185 1.948244e-10
17186 1.947999e-10
17187 1.947755e-10
17188 1.947510e-10
17189 1.947265e-10
17190 1.947020e-10
17191 1.946776e-10
17192 1.946531e-10
17193 1.946286e-10
17194 1.946041e-10
17195 1.945796e-10
17196 1.945552e-10
17197 1.945307e-10
17198 1.945063e-10
17199 1.944818e-10
17200 1.944573e-10
17201 1.944329e-10
17202 1.944084e-10
17203 1.943839e-10
17204 1.943595e-10
17205 1.943350e-10
17206 1.943106e-10
17207 1.942861e-10
17208 1.942617e-10
17209 1.942372e-10
17210 1.942128e-10
17211 1.941883e-10
17212 1.941639e-10
17213 1.941394e-10
17214 1.941150e-10
17215 1.940906e-10
17216 1.940661e-10
17217 1.940417e-10
17218 1.940172e-10
17219 1.939928e-10
17220 1.939684e-10
17221 1.939440e-10
17222 1.939195e-10
17223 1.938951e-10
17224 1.938706e-10
17225 1.938462e-10
17226 1.938218e-10
17227 1.937974e-10
17228 1.937729e-10
17229 1.937485e-10
17230 1.937241e-10
17231 1.936997e-10
17232 1.936753e-10
17233 1.936509e-10
17234 1.936264e-10
17235 1.936021e-10
17236 1.935776e-10
17237 1.935532e-10
17238 1.935288e-10
17239 1.935044e-10
17240 1.934800e-10
17241 1.934556e-10
17242 1.934312e-10
17243 1.934068e-10
17244 1.933824e-10
17245 1.933580e-10
17246 1.933336e-10
17247 1.933092e-10
17248 1.932848e-10
17249 1.932604e-10
17250 1.932360e-10
17251 1.932116e-10
17252 1.931872e-10
17253 1.931628e-10
17254 1.931385e-10
17255 1.931141e-10
17256 1.930897e-10
17257 1.930653e-10
17258 1.930409e-10
17259 1.930165e-10
17260 1.929922e-10
17261 1.929678e-10
17262 1.929434e-10
17263 1.929190e-10
17264 1.928947e-10
17265 1.928703e-10
17266 1.928459e-10
17267 1.928216e-10
17268 1.927972e-10
17269 1.927728e-10
17270 1.927484e-10
17271 1.927241e-10
17272 1.926997e-10
17273 1.926754e-10
17274 1.926510e-10
17275 1.926267e-10
17276 1.926023e-10
17277 1.925780e-10
17278 1.925536e-10
17279 1.925293e-10
17280 1.925049e-10
17281 1.924806e-10
17282 1.924562e-10
17283 1.924319e-10
17284 1.924075e-10
17285 1.923832e-10
17286 1.923588e-10
17287 1.923345e-10
17288 1.923102e-10
17289 1.922858e-10
17290 1.922615e-10
17291 1.922371e-10
17292 1.922128e-10
17293 1.921885e-10
17294 1.921642e-10
17295 1.921398e-10
17296 1.921155e-10
17297 1.920912e-10
17298 1.920669e-10
17299 1.920425e-10
17300 1.920182e-10
17301 1.919939e-10
17302 1.919696e-10
17303 1.919452e-10
17304 1.919209e-10
17305 1.918966e-10
17306 1.918723e-10
17307 1.918480e-10
17308 1.918237e-10
17309 1.917994e-10
17310 1.917751e-10
17311 1.917508e-10
17312 1.917265e-10
17313 1.917022e-10
17314 1.916779e-10
17315 1.916536e-10
17316 1.916292e-10
17317 1.916050e-10
17318 1.915806e-10
17319 1.915564e-10
17320 1.915321e-10
17321 1.915078e-10
17322 1.914835e-10
17323 1.914592e-10
17324 1.914349e-10
17325 1.914106e-10
17326 1.913863e-10
17327 1.913621e-10
17328 1.913378e-10
17329 1.913135e-10
17330 1.912892e-10
17331 1.912650e-10
17332 1.912407e-10
17333 1.912164e-10
17334 1.911921e-10
17335 1.911679e-10
17336 1.911436e-10
17337 1.911193e-10
17338 1.910950e-10
17339 1.910707e-10
17340 1.910465e-10
17341 1.910222e-10
17342 1.909980e-10
17343 1.909737e-10
17344 1.909495e-10
17345 1.909252e-10
17346 1.909009e-10
17347 1.908767e-10
17348 1.908524e-10
17349 1.908282e-10
17350 1.908039e-10
17351 1.907797e-10
17352 1.907554e-10
17353 1.907312e-10
17354 1.907069e-10
17355 1.906827e-10
17356 1.906585e-10
17357 1.906342e-10
17358 1.906100e-10
17359 1.905857e-10
17360 1.905615e-10
17361 1.905372e-10
17362 1.905130e-10
17363 1.904888e-10
17364 1.904645e-10
17365 1.904403e-10
17366 1.904161e-10
17367 1.903919e-10
17368 1.903676e-10
17369 1.903434e-10
17370 1.903192e-10
17371 1.902950e-10
17372 1.902707e-10
17373 1.902465e-10
17374 1.902223e-10
17375 1.901981e-10
17376 1.901739e-10
17377 1.901497e-10
17378 1.901254e-10
17379 1.901013e-10
17380 1.900770e-10
17381 1.900528e-10
17382 1.900286e-10
17383 1.900044e-10
17384 1.899802e-10
17385 1.899560e-10
17386 1.899318e-10
17387 1.899076e-10
17388 1.898834e-10
17389 1.898592e-10
17390 1.898350e-10
17391 1.898108e-10
17392 1.897866e-10
17393 1.897624e-10
17394 1.897382e-10
17395 1.897140e-10
17396 1.896899e-10
17397 1.896657e-10
17398 1.896415e-10
17399 1.896173e-10
17400 1.895931e-10
17401 1.895689e-10
17402 1.895448e-10
17403 1.895206e-10
17404 1.894964e-10
17405 1.894722e-10
17406 1.894481e-10
17407 1.894239e-10
17408 1.893997e-10
17409 1.893756e-10
17410 1.893514e-10
17411 1.893272e-10
17412 1.893031e-10
17413 1.892789e-10
17414 1.892547e-10
17415 1.892306e-10
17416 1.892064e-10
17417 1.891823e-10
17418 1.891581e-10
17419 1.891340e-10
17420 1.891098e-10
17421 1.890856e-10
17422 1.890615e-10
17423 1.890373e-10
17424 1.890132e-10
17425 1.889891e-10
17426 1.889649e-10
17427 1.889408e-10
17428 1.889166e-10
17429 1.888925e-10
17430 1.888683e-10
17431 1.888442e-10
17432 1.888200e-10
17433 1.887959e-10
17434 1.887718e-10
17435 1.887477e-10
17436 1.887235e-10
17437 1.886994e-10
17438 1.886753e-10
17439 1.886511e-10
17440 1.886270e-10
17441 1.886029e-10
17442 1.885788e-10
17443 1.885546e-10
17444 1.885305e-10
17445 1.885064e-10
17446 1.884823e-10
17447 1.884581e-10
17448 1.884341e-10
17449 1.884099e-10
17450 1.883858e-10
17451 1.883617e-10
17452 1.883376e-10
17453 1.883135e-10
17454 1.882894e-10
17455 1.882653e-10
17456 1.882412e-10
17457 1.882171e-10
17458 1.881930e-10
17459 1.881689e-10
17460 1.881448e-10
17461 1.881207e-10
17462 1.880966e-10
17463 1.880725e-10
17464 1.880484e-10
17465 1.880243e-10
17466 1.880002e-10
17467 1.879761e-10
17468 1.879520e-10
17469 1.879280e-10
17470 1.879038e-10
17471 1.878798e-10
17472 1.878557e-10
17473 1.878316e-10
17474 1.878075e-10
17475 1.877835e-10
17476 1.877594e-10
17477 1.877353e-10
17478 1.877112e-10
17479 1.876872e-10
17480 1.876631e-10
17481 1.876390e-10
17482 1.876149e-10
17483 1.875909e-10
17484 1.875668e-10
17485 1.875428e-10
17486 1.875187e-10
17487 1.874946e-10
17488 1.874706e-10
17489 1.874465e-10
17490 1.874225e-10
17491 1.873984e-10
17492 1.873744e-10
17493 1.873503e-10
17494 1.873262e-10
17495 1.873022e-10
17496 1.872782e-10
17497 1.872541e-10
17498 1.872301e-10
17499 1.872060e-10
17500 1.871820e-10
17501 1.871579e-10
17502 1.871339e-10
17503 1.871098e-10
17504 1.870858e-10
17505 1.870618e-10
17506 1.870377e-10
17507 1.870137e-10
17508 1.869897e-10
17509 1.869656e-10
17510 1.869416e-10
17511 1.869176e-10
17512 1.868935e-10
17513 1.868695e-10
17514 1.868455e-10
17515 1.868215e-10
17516 1.867974e-10
17517 1.867734e-10
17518 1.867494e-10
17519 1.867254e-10
17520 1.867014e-10
17521 1.866774e-10
17522 1.866533e-10
17523 1.866293e-10
17524 1.866053e-10
17525 1.865813e-10
17526 1.865573e-10
17527 1.865333e-10
17528 1.865093e-10
17529 1.864853e-10
17530 1.864613e-10
17531 1.864373e-10
17532 1.864133e-10
17533 1.863893e-10
17534 1.863653e-10
17535 1.863413e-10
17536 1.863173e-10
17537 1.862933e-10
17538 1.862693e-10
17539 1.862453e-10
17540 1.862213e-10
17541 1.861973e-10
17542 1.861734e-10
17543 1.861494e-10
17544 1.861254e-10
17545 1.861014e-10
17546 1.860775e-10
17547 1.860534e-10
17548 1.860295e-10
17549 1.860055e-10
17550 1.859815e-10
17551 1.859576e-10
17552 1.859336e-10
17553 1.859096e-10
17554 1.858857e-10
17555 1.858617e-10
17556 1.858377e-10
17557 1.858137e-10
17558 1.857898e-10
17559 1.857658e-10
17560 1.857418e-10
17561 1.857179e-10
17562 1.856939e-10
17563 1.856700e-10
17564 1.856460e-10
17565 1.856221e-10
17566 1.855981e-10
17567 1.855742e-10
17568 1.855502e-10
17569 1.855263e-10
17570 1.855023e-10
17571 1.854784e-10
17572 1.854544e-10
17573 1.854305e-10
17574 1.854065e-10
17575 1.853826e-10
17576 1.853587e-10
17577 1.853347e-10
17578 1.853108e-10
17579 1.852869e-10
17580 1.852629e-10
17581 1.852390e-10
17582 1.852151e-10
17583 1.851911e-10
17584 1.851672e-10
17585 1.851432e-10
17586 1.851193e-10
17587 1.850954e-10
17588 1.850715e-10
17589 1.850476e-10
17590 1.850237e-10
17591 1.849997e-10
17592 1.849758e-10
17593 1.849519e-10
17594 1.849280e-10
17595 1.849041e-10
17596 1.848802e-10
17597 1.848562e-10
17598 1.848324e-10
17599 1.848084e-10
17600 1.847845e-10
17601 1.847606e-10
17602 1.847367e-10
17603 1.847128e-10
17604 1.846889e-10
17605 1.846650e-10
17606 1.846411e-10
17607 1.846172e-10
17608 1.845933e-10
17609 1.845694e-10
17610 1.845455e-10
17611 1.845216e-10
17612 1.844977e-10
17613 1.844739e-10
17614 1.844500e-10
17615 1.844261e-10
17616 1.844022e-10
17617 1.843783e-10
17618 1.843544e-10
17619 1.843306e-10
17620 1.843067e-10
17621 1.842828e-10
17622 1.842589e-10
17623 1.842351e-10
17624 1.842112e-10
17625 1.841873e-10
17626 1.841634e-10
17627 1.841396e-10
17628 1.841157e-10
17629 1.840918e-10
17630 1.840679e-10
17631 1.840441e-10
17632 1.840202e-10
17633 1.839963e-10
17634 1.839725e-10
17635 1.839486e-10
17636 1.839248e-10
17637 1.839009e-10
17638 1.838771e-10
17639 1.838532e-10
17640 1.838294e-10
17641 1.838055e-10
17642 1.837817e-10
17643 1.837578e-10
17644 1.837340e-10
17645 1.837101e-10
17646 1.836863e-10
17647 1.836624e-10
17648 1.836386e-10
17649 1.836147e-10
17650 1.835909e-10
17651 1.835671e-10
17652 1.835433e-10
17653 1.835194e-10
17654 1.834956e-10
17655 1.834717e-10
17656 1.834479e-10
17657 1.834241e-10
17658 1.834002e-10
17659 1.833764e-10
17660 1.833526e-10
17661 1.833288e-10
17662 1.833049e-10
17663 1.832811e-10
17664 1.832573e-10
17665 1.832335e-10
17666 1.832097e-10
17667 1.831859e-10
17668 1.831620e-10
17669 1.831382e-10
17670 1.831144e-10
17671 1.830906e-10
17672 1.830668e-10
17673 1.830430e-10
17674 1.830192e-10
17675 1.829954e-10
17676 1.829716e-10
17677 1.829478e-10
17678 1.829240e-10
17679 1.829002e-10
17680 1.828764e-10
17681 1.828526e-10
17682 1.828288e-10
17683 1.828050e-10
17684 1.827812e-10
17685 1.827574e-10
17686 1.827336e-10
17687 1.827098e-10
17688 1.826860e-10
17689 1.826622e-10
17690 1.826385e-10
17691 1.826147e-10
17692 1.825909e-10
17693 1.825671e-10
17694 1.825433e-10
17695 1.825195e-10
17696 1.824958e-10
17697 1.824720e-10
17698 1.824482e-10
17699 1.824244e-10
17700 1.824007e-10
17701 1.823769e-10
17702 1.823532e-10
17703 1.823294e-10
17704 1.823056e-10
17705 1.822818e-10
17706 1.822580e-10
17707 1.822343e-10
17708 1.822105e-10
17709 1.821868e-10
17710 1.821630e-10
17711 1.821393e-10
17712 1.821155e-10
17713 1.820918e-10
17714 1.820680e-10
17715 1.820443e-10
17716 1.820205e-10
17717 1.819968e-10
17718 1.819730e-10
17719 1.819493e-10
17720 1.819255e-10
17721 1.819018e-10
17722 1.818780e-10
17723 1.818543e-10
17724 1.818305e-10
17725 1.818068e-10
17726 1.817831e-10
17727 1.817594e-10
17728 1.817356e-10
17729 1.817119e-10
17730 1.816881e-10
17731 1.816644e-10
17732 1.816407e-10
17733 1.816169e-10
17734 1.815932e-10
17735 1.815695e-10
17736 1.815458e-10
17737 1.815220e-10
17738 1.814983e-10
17739 1.814746e-10
17740 1.814509e-10
17741 1.814272e-10
17742 1.814035e-10
17743 1.813797e-10
17744 1.813561e-10
17745 1.813323e-10
17746 1.813086e-10
17747 1.812849e-10
17748 1.812612e-10
17749 1.812375e-10
17750 1.812138e-10
17751 1.811901e-10
17752 1.811664e-10
17753 1.811427e-10
17754 1.811190e-10
17755 1.810953e-10
17756 1.810716e-10
17757 1.810479e-10
17758 1.810242e-10
17759 1.810005e-10
17760 1.809768e-10
17761 1.809531e-10
17762 1.809294e-10
17763 1.809058e-10
17764 1.808820e-10
17765 1.808584e-10
17766 1.808347e-10
17767 1.808110e-10
17768 1.807873e-10
17769 1.807637e-10
17770 1.807400e-10
17771 1.807163e-10
17772 1.806926e-10
17773 1.806690e-10
17774 1.806453e-10
17775 1.806216e-10
17776 1.805979e-10
17777 1.805743e-10
17778 1.805506e-10
17779 1.805269e-10
17780 1.805033e-10
17781 1.804796e-10
17782 1.804559e-10
17783 1.804323e-10
17784 1.804086e-10
17785 1.803849e-10
17786 1.803613e-10
17787 1.803376e-10
17788 1.803140e-10
17789 1.802903e-10
17790 1.802667e-10
17791 1.802430e-10
17792 1.802194e-10
17793 1.801957e-10
17794 1.801721e-10
17795 1.801484e-10
17796 1.801248e-10
17797 1.801012e-10
17798 1.800775e-10
17799 1.800539e-10
17800 1.800303e-10
17801 1.800066e-10
17802 1.799830e-10
17803 1.799593e-10
17804 1.799357e-10
17805 1.799121e-10
17806 1.798884e-10
17807 1.798648e-10
17808 1.798412e-10
17809 1.798176e-10
17810 1.797939e-10
17811 1.797703e-10
17812 1.797467e-10
17813 1.797231e-10
17814 1.796994e-10
17815 1.796758e-10
17816 1.796522e-10
17817 1.796286e-10
17818 1.796050e-10
17819 1.795814e-10
17820 1.795578e-10
17821 1.795342e-10
17822 1.795105e-10
17823 1.794870e-10
17824 1.794633e-10
17825 1.794397e-10
17826 1.794161e-10
17827 1.793925e-10
17828 1.793689e-10
17829 1.793453e-10
17830 1.793217e-10
17831 1.792981e-10
17832 1.792745e-10
17833 1.792509e-10
17834 1.792273e-10
17835 1.792037e-10
17836 1.791802e-10
17837 1.791566e-10
17838 1.791330e-10
17839 1.791094e-10
17840 1.790858e-10
17841 1.790622e-10
17842 1.790387e-10
17843 1.790151e-10
17844 1.789915e-10
17845 1.789679e-10
17846 1.789443e-10
17847 1.789207e-10
17848 1.788972e-10
17849 1.788736e-10
17850 1.788501e-10
17851 1.788265e-10
17852 1.788029e-10
17853 1.787793e-10
17854 1.787557e-10
17855 1.787322e-10
17856 1.787086e-10
17857 1.786851e-10
17858 1.786615e-10
17859 1.786379e-10
17860 1.786144e-10
17861 1.785908e-10
17862 1.785673e-10
17863 1.785437e-10
17864 1.785201e-10
17865 1.784966e-10
17866 1.784730e-10
17867 1.784495e-10
17868 1.784260e-10
17869 1.784024e-10
17870 1.783789e-10
17871 1.783553e-10
17872 1.783318e-10
17873 1.783083e-10
17874 1.782847e-10
17875 1.782612e-10
17876 1.782376e-10
17877 1.782141e-10
17878 1.781906e-10
17879 1.781670e-10
17880 1.781435e-10
17881 1.781199e-10
17882 1.780964e-10
17883 1.780729e-10
17884 1.780494e-10
17885 1.780258e-10
17886 1.780023e-10
17887 1.779788e-10
17888 1.779553e-10
17889 1.779317e-10
17890 1.779082e-10
17891 1.778847e-10
17892 1.778612e-10
17893 1.778377e-10
17894 1.778142e-10
17895 1.777906e-10
17896 1.777672e-10
17897 1.777436e-10
17898 1.777201e-10
17899 1.776966e-10
17900 1.776731e-10
17901 1.776496e-10
17902 1.776261e-10
17903 1.776026e-10
17904 1.775791e-10
17905 1.775556e-10
17906 1.775321e-10
17907 1.775086e-10
17908 1.774851e-10
17909 1.774616e-10
17910 1.774381e-10
17911 1.774146e-10
17912 1.773911e-10
17913 1.773677e-10
17914 1.773442e-10
17915 1.773207e-10
17916 1.772972e-10
17917 1.772737e-10
17918 1.772502e-10
17919 1.772268e-10
17920 1.772033e-10
17921 1.771798e-10
17922 1.771563e-10
17923 1.771329e-10
17924 1.771094e-10
17925 1.770859e-10
17926 1.770624e-10
17927 1.770389e-10
17928 1.770155e-10
17929 1.769920e-10
17930 1.769685e-10
17931 1.769451e-10
17932 1.769216e-10
17933 1.768981e-10
17934 1.768747e-10
17935 1.768512e-10
17936 1.768278e-10
17937 1.768043e-10
17938 1.767809e-10
17939 1.767574e-10
17940 1.767340e-10
17941 1.767105e-10
17942 1.766871e-10
17943 1.766636e-10
17944 1.766402e-10
17945 1.766167e-10
17946 1.765933e-10
17947 1.765698e-10
17948 1.765464e-10
17949 1.765229e-10
17950 1.764995e-10
17951 1.764760e-10
17952 1.764526e-10
17953 1.764292e-10
17954 1.764057e-10
17955 1.763823e-10
17956 1.763588e-10
17957 1.763354e-10
17958 1.763120e-10
17959 1.762886e-10
17960 1.762651e-10
17961 1.762417e-10
17962 1.762183e-10
17963 1.761949e-10
17964 1.761714e-10
17965 1.761480e-10
17966 1.761246e-10
17967 1.761012e-10
17968 1.760778e-10
17969 1.760544e-10
17970 1.760335e-10
17971 1.760127e-10
17972 1.759919e-10
17973 1.759711e-10
17974 1.759503e-10
17975 1.759295e-10
17976 1.759087e-10
17977 1.758879e-10
17978 1.758671e-10
17979 1.758462e-10
17980 1.758254e-10
17981 1.758046e-10
17982 1.757839e-10
17983 1.757631e-10
17984 1.757422e-10
17985 1.757214e-10
17986 1.757006e-10
17987 1.756798e-10
17988 1.756590e-10
17989 1.756383e-10
17990 1.756175e-10
17991 1.755967e-10
17992 1.755759e-10
17993 1.755551e-10
17994 1.755343e-10
17995 1.755135e-10
17996 1.754927e-10
17997 1.754720e-10
17998 1.754512e-10
17999 1.754304e-10
18000 1.754096e-10
18001 1.753888e-10
18002 1.753680e-10
18003 1.753472e-10
18004 1.753265e-10
18005 1.753057e-10
18006 1.752849e-10
18007 1.752642e-10
18008 1.752434e-10
18009 1.752226e-10
18010 1.752018e-10
18011 1.751811e-10
18012 1.751603e-10
18013 1.751396e-10
18014 1.751188e-10
18015 1.750980e-10
18016 1.750772e-10
18017 1.750565e-10
18018 1.750357e-10
18019 1.750150e-10
18020 1.749942e-10
18021 1.749735e-10
18022 1.749527e-10
18023 1.749319e-10
18024 1.749112e-10
18025 1.748904e-10
18026 1.748697e-10
18027 1.748490e-10
18028 1.748282e-10
18029 1.748074e-10
18030 1.747867e-10
18031 1.747659e-10
18032 1.747452e-10
18033 1.747245e-10
18034 1.747037e-10
18035 1.746830e-10
18036 1.746622e-10
18037 1.746415e-10
18038 1.746208e-10
18039 1.746000e-10
18040 1.745793e-10
18041 1.745586e-10
18042 1.745378e-10
18043 1.745171e-10
18044 1.744964e-10
18045 1.744756e-10
18046 1.744549e-10
18047 1.744342e-10
18048 1.744135e-10
18049 1.743927e-10
18050 1.743720e-10
18051 1.743513e-10
18052 1.743306e-10
18053 1.743098e-10
18054 1.742891e-10
18055 1.742684e-10
18056 1.742477e-10
18057 1.742270e-10
18058 1.742063e-10
18059 1.741855e-10
18060 1.741648e-10
18061 1.741441e-10
18062 1.741234e-10
18063 1.741027e-10
18064 1.740820e-10
18065 1.740613e-10
18066 1.740406e-10
18067 1.740199e-10
18068 1.739992e-10
18069 1.739784e-10
18070 1.739578e-10
18071 1.739371e-10
18072 1.739164e-10
18073 1.738957e-10
18074 1.738750e-10
18075 1.738543e-10
18076 1.738336e-10
18077 1.738129e-10
18078 1.737922e-10
18079 1.737715e-10
18080 1.737508e-10
18081 1.737301e-10
18082 1.737094e-10
18083 1.736887e-10
18084 1.736681e-10
18085 1.736474e-10
18086 1.736267e-10
18087 1.736060e-10
18088 1.735853e-10
18089 1.735647e-10
18090 1.735440e-10
18091 1.735233e-10
18092 1.735027e-10
18093 1.734820e-10
18094 1.734613e-10
18095 1.734406e-10
18096 1.734199e-10
18097 1.733993e-10
18098 1.733786e-10
18099 1.733579e-10
18100 1.733373e-10
18101 1.733166e-10
18102 1.732959e-10
18103 1.732753e-10
18104 1.732546e-10
18105 1.732339e-10
18106 1.732133e-10
18107 1.731927e-10
18108 1.731720e-10
18109 1.731513e-10
18110 1.731307e-10
18111 1.731100e-10
18112 1.730894e-10
18113 1.730687e-10
18114 1.730481e-10
18115 1.730274e-10
18116 1.730068e-10
18117 1.729861e-10
18118 1.729655e-10
18119 1.729448e-10
18120 1.729242e-10
18121 1.729035e-10
18122 1.728829e-10
18123 1.728623e-10
18124 1.728416e-10
18125 1.728210e-10
18126 1.728003e-10
18127 1.727797e-10
18128 1.727591e-10
18129 1.727385e-10
18130 1.727178e-10
18131 1.726972e-10
18132 1.726765e-10
18133 1.726559e-10
18134 1.726353e-10
18135 1.726146e-10
18136 1.725941e-10
18137 1.725734e-10
18138 1.725528e-10
18139 1.725322e-10
18140 1.725115e-10
18141 1.724909e-10
18142 1.724703e-10
18143 1.724497e-10
18144 1.724291e-10
18145 1.724085e-10
18146 1.723878e-10
18147 1.723672e-10
18148 1.723466e-10
18149 1.723260e-10
18150 1.723054e-10
18151 1.722848e-10
18152 1.722642e-10
18153 1.722436e-10
18154 1.722230e-10
18155 1.722024e-10
18156 1.721818e-10
18157 1.721611e-10
18158 1.721406e-10
18159 1.721200e-10
18160 1.720994e-10
18161 1.720788e-10
18162 1.720582e-10
18163 1.720376e-10
18164 1.720170e-10
18165 1.719964e-10
18166 1.719758e-10
18167 1.719552e-10
18168 1.719346e-10
18169 1.719140e-10
18170 1.718934e-10
18171 1.718728e-10
18172 1.718523e-10
18173 1.718317e-10
18174 1.718111e-10
18175 1.717905e-10
18176 1.717699e-10
18177 1.717494e-10
18178 1.717288e-10
18179 1.717082e-10
18180 1.716877e-10
18181 1.716671e-10
18182 1.716465e-10
18183 1.716259e-10
18184 1.716053e-10
18185 1.715848e-10
18186 1.715642e-10
18187 1.715436e-10
18188 1.715231e-10
18189 1.715025e-10
18190 1.714819e-10
18191 1.714614e-10
18192 1.714408e-10
18193 1.714202e-10
18194 1.713997e-10
18195 1.713792e-10
18196 1.713586e-10
18197 1.713380e-10
18198 1.713175e-10
18199 1.712969e-10
18200 1.712764e-10
18201 1.712558e-10
18202 1.712353e-10
18203 1.712147e-10
18204 1.711942e-10
18205 1.711736e-10
18206 1.711531e-10
18207 1.711325e-10
18208 1.711120e-10
18209 1.710914e-10
18210 1.710709e-10
18211 1.710504e-10
18212 1.710298e-10
18213 1.710093e-10
18214 1.709887e-10
18215 1.709682e-10
18216 1.709476e-10
18217 1.709272e-10
18218 1.709066e-10
18219 1.708861e-10
18220 1.708655e-10
18221 1.708450e-10
18222 1.708245e-10
18223 1.708039e-10
18224 1.707835e-10
18225 1.707629e-10
18226 1.707424e-10
18227 1.707219e-10
18228 1.707013e-10
18229 1.706808e-10
18230 1.706603e-10
18231 1.706398e-10
18232 1.706193e-10
18233 1.705988e-10
18234 1.705782e-10
18235 1.705577e-10
18236 1.705372e-10
18237 1.705167e-10
18238 1.704962e-10
18239 1.704757e-10
18240 1.704552e-10
18241 1.704347e-10
18242 1.704142e-10
18243 1.703936e-10
18244 1.703731e-10
18245 1.703526e-10
18246 1.703322e-10
18247 1.703117e-10
18248 1.702912e-10
18249 1.702707e-10
18250 1.702501e-10
18251 1.702296e-10
18252 1.702091e-10
18253 1.701886e-10
18254 1.701682e-10
18255 1.701477e-10
18256 1.701272e-10
18257 1.701067e-10
18258 1.700862e-10
18259 1.700657e-10
18260 1.700452e-10
18261 1.700248e-10
18262 1.700043e-10
18263 1.699838e-10
18264 1.699633e-10
18265 1.699428e-10
18266 1.699223e-10
18267 1.699019e-10
18268 1.698814e-10
18269 1.698609e-10
18270 1.698405e-10
18271 1.698200e-10
18272 1.697995e-10
18273 1.697790e-10
18274 1.697586e-10
18275 1.697381e-10
18276 1.697176e-10
18277 1.696972e-10
18278 1.696767e-10
18279 1.696562e-10
18280 1.696358e-10
18281 1.696153e-10
18282 1.695948e-10
18283 1.695744e-10
18284 1.695539e-10
18285 1.695335e-10
18286 1.695130e-10
18287 1.694926e-10
18288 1.694721e-10
18289 1.694516e-10
18290 1.694312e-10
18291 1.694108e-10
18292 1.693903e-10
18293 1.693699e-10
18294 1.693494e-10
18295 1.693290e-10
18296 1.693085e-10
18297 1.692881e-10
18298 1.692676e-10
18299 1.692472e-10
18300 1.692268e-10
18301 1.692063e-10
18302 1.691859e-10
18303 1.691654e-10
18304 1.691450e-10
18305 1.691246e-10
18306 1.691041e-10
18307 1.690837e-10
18308 1.690633e-10
18309 1.690428e-10
18310 1.690224e-10
18311 1.690020e-10
18312 1.689816e-10
18313 1.689611e-10
18314 1.689407e-10
18315 1.689203e-10
18316 1.688998e-10
18317 1.688794e-10
18318 1.688590e-10
18319 1.688386e-10
18320 1.688182e-10
18321 1.687978e-10
18322 1.687773e-10
18323 1.687569e-10
18324 1.687365e-10
18325 1.687161e-10
18326 1.686957e-10
18327 1.686753e-10
18328 1.686549e-10
18329 1.686345e-10
18330 1.686140e-10
18331 1.685936e-10
18332 1.685732e-10
18333 1.685528e-10
18334 1.685325e-10
18335 1.685120e-10
18336 1.684916e-10
18337 1.684712e-10
18338 1.684508e-10
18339 1.684304e-10
18340 1.684100e-10
18341 1.683896e-10
18342 1.683693e-10
18343 1.683489e-10
18344 1.683285e-10
18345 1.683081e-10
18346 1.682877e-10
18347 1.682673e-10
18348 1.682469e-10
18349 1.682265e-10
18350 1.682061e-10
18351 1.681858e-10
18352 1.681654e-10
18353 1.681450e-10
18354 1.681246e-10
18355 1.681042e-10
18356 1.680839e-10
18357 1.680635e-10
18358 1.680431e-10
18359 1.680227e-10
18360 1.680023e-10
18361 1.679820e-10
18362 1.679616e-10
18363 1.679412e-10
18364 1.679209e-10
18365 1.679005e-10
18366 1.678801e-10
18367 1.678598e-10
18368 1.678394e-10
18369 1.678190e-10
18370 1.677987e-10
18371 1.677783e-10
18372 1.677580e-10
18373 1.677376e-10
18374 1.677172e-10
18375 1.676969e-10
18376 1.676765e-10
18377 1.676561e-10
18378 1.676358e-10
18379 1.676155e-10
18380 1.675951e-10
18381 1.675748e-10
18382 1.675544e-10
18383 1.675340e-10
18384 1.675137e-10
18385 1.674933e-10
18386 1.674730e-10
18387 1.674527e-10
18388 1.674323e-10
18389 1.674120e-10
18390 1.673916e-10
18391 1.673713e-10
18392 1.673510e-10
18393 1.673307e-10
18394 1.673103e-10
18395 1.672900e-10
18396 1.672696e-10
18397 1.672493e-10
18398 1.672290e-10
18399 1.672086e-10
18400 1.671883e-10
18401 1.671680e-10
18402 1.671477e-10
18403 1.671273e-10
18404 1.671070e-10
18405 1.670867e-10
18406 1.670663e-10
18407 1.670460e-10
18408 1.670257e-10
18409 1.670054e-10
18410 1.669851e-10
18411 1.669647e-10
18412 1.669444e-10
18413 1.669241e-10
18414 1.669038e-10
18415 1.668835e-10
18416 1.668632e-10
18417 1.668429e-10
18418 1.668226e-10
18419 1.668022e-10
18420 1.667819e-10
18421 1.667616e-10
18422 1.667414e-10
18423 1.667210e-10
18424 1.667007e-10
18425 1.666804e-10
18426 1.666601e-10
18427 1.666398e-10
18428 1.666195e-10
18429 1.665992e-10
18430 1.665789e-10
18431 1.665586e-10
18432 1.665383e-10
18433 1.665180e-10
18434 1.664977e-10
18435 1.664775e-10
18436 1.664572e-10
18437 1.664369e-10
18438 1.664166e-10
18439 1.663963e-10
18440 1.663760e-10
18441 1.663557e-10
18442 1.663354e-10
18443 1.663152e-10
18444 1.662949e-10
18445 1.662746e-10
18446 1.662543e-10
18447 1.662341e-10
18448 1.662138e-10
18449 1.661935e-10
18450 1.661732e-10
18451 1.661529e-10
18452 1.661327e-10
18453 1.661124e-10
18454 1.660921e-10
18455 1.660719e-10
18456 1.660516e-10
18457 1.660313e-10
18458 1.660111e-10
18459 1.659908e-10
18460 1.659706e-10
18461 1.659503e-10
18462 1.659300e-10
18463 1.659098e-10
18464 1.658895e-10
18465 1.658692e-10
18466 1.658490e-10
18467 1.658287e-10
18468 1.658085e-10
18469 1.657882e-10
18470 1.657680e-10
18471 1.657477e-10
18472 1.657275e-10
18473 1.657072e-10
18474 1.656870e-10
18475 1.656667e-10
18476 1.656465e-10
18477 1.656262e-10
18478 1.656060e-10
18479 1.655857e-10
18480 1.655655e-10
18481 1.655453e-10
18482 1.655250e-10
18483 1.655048e-10
18484 1.654846e-10
18485 1.654643e-10
18486 1.654441e-10
18487 1.654238e-10
18488 1.654036e-10
18489 1.653834e-10
18490 1.653632e-10
18491 1.653429e-10
18492 1.653227e-10
18493 1.653025e-10
18494 1.652822e-10
18495 1.652620e-10
18496 1.652418e-10
18497 1.652216e-10
18498 1.652014e-10
18499 1.651811e-10
18500 1.651609e-10
18501 1.651407e-10
18502 1.651205e-10
18503 1.651003e-10
18504 1.650801e-10
18505 1.650598e-10
18506 1.650396e-10
18507 1.650194e-10
18508 1.649992e-10
18509 1.649790e-10
18510 1.649587e-10
18511 1.649386e-10
18512 1.649184e-10
18513 1.648982e-10
18514 1.648779e-10
18515 1.648577e-10
18516 1.648375e-10
18517 1.648173e-10
18518 1.647972e-10
18519 1.647770e-10
18520 1.647567e-10
18521 1.647365e-10
18522 1.647163e-10
18523 1.646961e-10
18524 1.646759e-10
18525 1.646558e-10
18526 1.646356e-10
18527 1.646154e-10
18528 1.645952e-10
18529 1.645750e-10
18530 1.645548e-10
18531 1.645346e-10
18532 1.645144e-10
18533 1.644943e-10
18534 1.644741e-10
18535 1.644539e-10
18536 1.644337e-10
18537 1.644135e-10
18538 1.643934e-10
18539 1.643732e-10
18540 1.643530e-10
18541 1.643329e-10
18542 1.643127e-10
18543 1.642925e-10
18544 1.642723e-10
18545 1.642521e-10
18546 1.642320e-10
18547 1.642118e-10
18548 1.641917e-10
18549 1.641715e-10
18550 1.641513e-10
18551 1.641311e-10
18552 1.641110e-10
18553 1.640908e-10
18554 1.640706e-10
18555 1.640505e-10
18556 1.640304e-10
18557 1.640102e-10
18558 1.639900e-10
18559 1.639699e-10
18560 1.639497e-10
18561 1.639295e-10
18562 1.639094e-10
18563 1.638893e-10
18564 1.638691e-10
18565 1.638490e-10
18566 1.638288e-10
18567 1.638087e-10
18568 1.637885e-10
18569 1.637684e-10
18570 1.637483e-10
18571 1.637281e-10
18572 1.637080e-10
18573 1.636878e-10
18574 1.636677e-10
18575 1.636475e-10
18576 1.636274e-10
18577 1.636073e-10
18578 1.635871e-10
18579 1.635670e-10
18580 1.635469e-10
18581 1.635267e-10
18582 1.635066e-10
18583 1.634865e-10
18584 1.634664e-10
18585 1.634462e-10
18586 1.634261e-10
18587 1.634060e-10
18588 1.633858e-10
18589 1.633657e-10
18590 1.633456e-10
18591 1.633255e-10
18592 1.633054e-10
18593 1.632852e-10
18594 1.632651e-10
18595 1.632450e-10
18596 1.632249e-10
18597 1.632048e-10
18598 1.631846e-10
18599 1.631646e-10
18600 1.631445e-10
18601 1.631243e-10
18602 1.631042e-10
18603 1.630841e-10
18604 1.630640e-10
18605 1.630439e-10
18606 1.630238e-10
18607 1.630037e-10
18608 1.629836e-10
18609 1.629635e-10
18610 1.629434e-10
18611 1.629233e-10
18612 1.629032e-10
18613 1.628831e-10
18614 1.628630e-10
18615 1.628429e-10
18616 1.628228e-10
18617 1.628027e-10
18618 1.627826e-10
18619 1.627625e-10
18620 1.627424e-10
18621 1.627224e-10
18622 1.627023e-10
18623 1.626822e-10
18624 1.626621e-10
18625 1.626420e-10
18626 1.626219e-10
18627 1.626018e-10
18628 1.625818e-10
18629 1.625617e-10
18630 1.625416e-10
18631 1.625215e-10
18632 1.625015e-10
18633 1.624814e-10
18634 1.624613e-10
18635 1.624413e-10
18636 1.624212e-10
18637 1.624011e-10
18638 1.623810e-10
18639 1.623610e-10
18640 1.623409e-10
18641 1.623208e-10
18642 1.623007e-10
18643 1.622807e-10
18644 1.622606e-10
18645 1.622406e-10
18646 1.622205e-10
18647 1.622004e-10
18648 1.621804e-10
18649 1.621603e-10
18650 1.621403e-10
18651 1.621202e-10
18652 1.621002e-10
18653 1.620801e-10
18654 1.620600e-10
18655 1.620400e-10
18656 1.620199e-10
18657 1.619999e-10
18658 1.619799e-10
18659 1.619598e-10
18660 1.619398e-10
18661 1.619197e-10
18662 1.618997e-10
18663 1.618796e-10
18664 1.618596e-10
18665 1.618396e-10
18666 1.618195e-10
18667 1.617995e-10
18668 1.617794e-10
18669 1.617594e-10
18670 1.617393e-10
18671 1.617193e-10
18672 1.616993e-10
18673 1.616793e-10
18674 1.616592e-10
18675 1.616392e-10
18676 1.616192e-10
18677 1.615991e-10
18678 1.615791e-10
18679 1.615591e-10
18680 1.615391e-10
18681 1.615190e-10
18682 1.614990e-10
18683 1.614790e-10
18684 1.614590e-10
18685 1.614389e-10
18686 1.614189e-10
18687 1.613989e-10
18688 1.613789e-10
18689 1.613589e-10
18690 1.613389e-10
18691 1.613188e-10
18692 1.612988e-10
18693 1.612788e-10
18694 1.612588e-10
18695 1.612388e-10
18696 1.612188e-10
18697 1.611988e-10
18698 1.611788e-10
18699 1.611588e-10
18700 1.611388e-10
18701 1.611188e-10
18702 1.610988e-10
18703 1.610788e-10
18704 1.610588e-10
18705 1.610388e-10
18706 1.610188e-10
18707 1.609988e-10
18708 1.609788e-10
18709 1.609588e-10
18710 1.609388e-10
18711 1.609188e-10
18712 1.608988e-10
18713 1.608788e-10
18714 1.608588e-10
18715 1.608388e-10
18716 1.608189e-10
18717 1.607989e-10
18718 1.607789e-10
18719 1.607589e-10
18720 1.607389e-10
18721 1.607190e-10
18722 1.606990e-10
18723 1.606790e-10
18724 1.606590e-10
18725 1.606391e-10
18726 1.606191e-10
18727 1.605991e-10
18728 1.605791e-10
18729 1.605591e-10
18730 1.605392e-10
18731 1.605192e-10
18732 1.604993e-10
18733 1.604793e-10
18734 1.604593e-10
18735 1.604393e-10
18736 1.604194e-10
18737 1.603994e-10
18738 1.603795e-10
18739 1.603595e-10
18740 1.603395e-10
18741 1.603196e-10
18742 1.602996e-10
18743 1.602796e-10
18744 1.602597e-10
18745 1.602398e-10
18746 1.602198e-10
18747 1.601998e-10
18748 1.601799e-10
18749 1.601599e-10
18750 1.601400e-10
18751 1.601200e-10
18752 1.601001e-10
18753 1.600802e-10
18754 1.600602e-10
18755 1.600402e-10
18756 1.600203e-10
18757 1.600004e-10
18758 1.599804e-10
18759 1.599605e-10
18760 1.599406e-10
18761 1.599206e-10
18762 1.599007e-10
18763 1.598807e-10
18764 1.598608e-10
18765 1.598408e-10
18766 1.598209e-10
18767 1.598010e-10
18768 1.597811e-10
18769 1.597611e-10
18770 1.597412e-10
18771 1.597213e-10
18772 1.597013e-10
18773 1.596814e-10
18774 1.596615e-10
18775 1.596416e-10
18776 1.596217e-10
18777 1.596017e-10
18778 1.595818e-10
18779 1.595619e-10
18780 1.595420e-10
18781 1.595220e-10
18782 1.595022e-10
18783 1.594822e-10
18784 1.594623e-10
18785 1.594424e-10
18786 1.594225e-10
18787 1.594026e-10
18788 1.593826e-10
18789 1.593627e-10
18790 1.593429e-10
18791 1.593230e-10
18792 1.593030e-10
18793 1.592831e-10
18794 1.592632e-10
18795 1.592433e-10
18796 1.592234e-10
18797 1.592035e-10
18798 1.591836e-10
18799 1.591637e-10
18800 1.591438e-10
18801 1.591239e-10
18802 1.591040e-10
18803 1.590841e-10
18804 1.590643e-10
18805 1.590444e-10
18806 1.590245e-10
18807 1.590046e-10
18808 1.589847e-10
18809 1.589648e-10
18810 1.589449e-10
18811 1.589250e-10
18812 1.589052e-10
18813 1.588853e-10
18814 1.588654e-10
18815 1.588455e-10
18816 1.588256e-10
18817 1.588057e-10
18818 1.587858e-10
18819 1.587660e-10
18820 1.587461e-10
18821 1.587262e-10
18822 1.587064e-10
18823 1.586865e-10
18824 1.586666e-10
18825 1.586467e-10
18826 1.586269e-10
18827 1.586070e-10
18828 1.585872e-10
18829 1.585673e-10
18830 1.585474e-10
18831 1.585275e-10
18832 1.585077e-10
18833 1.584878e-10
18834 1.584680e-10
18835 1.584481e-10
18836 1.584282e-10
18837 1.584084e-10
18838 1.583885e-10
18839 1.583687e-10
18840 1.583488e-10
18841 1.583290e-10
18842 1.583091e-10
18843 1.582893e-10
18844 1.582694e-10
18845 1.582496e-10
18846 1.582297e-10
18847 1.582098e-10
18848 1.581900e-10
18849 1.581702e-10
18850 1.581503e-10
18851 1.581305e-10
18852 1.581106e-10
18853 1.580908e-10
18854 1.580709e-10
18855 1.580511e-10
18856 1.580313e-10
18857 1.580115e-10
18858 1.579916e-10
18859 1.579718e-10
18860 1.579519e-10
18861 1.579321e-10
18862 1.579123e-10
18863 1.578925e-10
18864 1.578726e-10
18865 1.578528e-10
18866 1.578330e-10
18867 1.578131e-10
18868 1.577933e-10
18869 1.577735e-10
18870 1.577537e-10
18871 1.577339e-10
18872 1.577140e-10
18873 1.576942e-10
18874 1.576744e-10
18875 1.576546e-10
18876 1.576347e-10
18877 1.576149e-10
18878 1.575951e-10
18879 1.575753e-10
18880 1.575555e-10
18881 1.575357e-10
18882 1.575159e-10
18883 1.574960e-10
18884 1.574762e-10
18885 1.574565e-10
18886 1.574366e-10
18887 1.574168e-10
18888 1.573970e-10
18889 1.573772e-10
18890 1.573574e-10
18891 1.573376e-10
18892 1.573178e-10
18893 1.572980e-10
18894 1.572782e-10
18895 1.572584e-10
18896 1.572386e-10
18897 1.572188e-10
18898 1.571990e-10
18899 1.571792e-10
18900 1.571595e-10
18901 1.571397e-10
18902 1.571199e-10
18903 1.571001e-10
18904 1.570803e-10
18905 1.570605e-10
18906 1.570407e-10
18907 1.570210e-10
18908 1.570012e-10
18909 1.569814e-10
18910 1.569616e-10
18911 1.569418e-10
18912 1.569220e-10
18913 1.569022e-10
18914 1.568825e-10
18915 1.568627e-10
18916 1.568429e-10
18917 1.568232e-10
18918 1.568034e-10
18919 1.567836e-10
18920 1.567638e-10
18921 1.567441e-10
18922 1.567243e-10
18923 1.567045e-10
18924 1.566848e-10
18925 1.566650e-10
18926 1.566452e-10
18927 1.566255e-10
18928 1.566057e-10
18929 1.565860e-10
18930 1.565662e-10
18931 1.565464e-10
18932 1.565267e-10
18933 1.565069e-10
18934 1.564872e-10
18935 1.564674e-10
18936 1.564477e-10
18937 1.564279e-10
18938 1.564082e-10
18939 1.563884e-10
18940 1.563686e-10
18941 1.563489e-10
18942 1.563291e-10
18943 1.563094e-10
18944 1.562897e-10
18945 1.562699e-10
18946 1.562502e-10
18947 1.562304e-10
18948 1.562107e-10
18949 1.561909e-10
18950 1.561712e-10
18951 1.561515e-10
18952 1.561317e-10
18953 1.561120e-10
18954 1.560923e-10
18955 1.560725e-10
18956 1.560528e-10
18957 1.560331e-10
18958 1.560156e-10
18959 1.559980e-10
18960 1.559805e-10
18961 1.559630e-10
18962 1.559454e-10
18963 1.559279e-10
18964 1.559104e-10
18965 1.558929e-10
18966 1.558753e-10
18967 1.558578e-10
18968 1.558403e-10
18969 1.558228e-10
18970 1.558052e-10
18971 1.557877e-10
18972 1.557702e-10
18973 1.557527e-10
18974 1.557352e-10
18975 1.557177e-10
18976 1.557001e-10
18977 1.556826e-10
18978 1.556651e-10
18979 1.556476e-10
18980 1.556301e-10
18981 1.556126e-10
18982 1.555951e-10
18983 1.555775e-10
18984 1.555601e-10
18985 1.555425e-10
18986 1.555251e-10
18987 1.555075e-10
18988 1.554900e-10
18989 1.554725e-10
18990 1.554550e-10
18991 1.554375e-10
18992 1.554200e-10
18993 1.554025e-10
18994 1.553850e-10
18995 1.553675e-10
18996 1.553500e-10
18997 1.553325e-10
18998 1.553150e-10
18999 1.552976e-10
19000 1.552800e-10
19001 1.552626e-10
19002 1.552451e-10
19003 1.552276e-10
19004 1.552101e-10
19005 1.551926e-10
19006 1.551751e-10
19007 1.551576e-10
19008 1.551401e-10
19009 1.551227e-10
19010 1.551052e-10
19011 1.550877e-10
19012 1.550702e-10
19013 1.550527e-10
19014 1.550353e-10
19015 1.550178e-10
19016 1.550003e-10
19017 1.549828e-10
19018 1.549653e-10
19019 1.549479e-10
19020 1.549304e-10
19021 1.549129e-10
19022 1.548955e-10
19023 1.548780e-10
19024 1.548605e-10
19025 1.548430e-10
19026 1.548255e-10
19027 1.548081e-10
19028 1.547906e-10
19029 1.547732e-10
19030 1.547557e-10
19031 1.547382e-10
19032 1.547207e-10
19033 1.547033e-10
19034 1.546858e-10
19035 1.546684e-10
19036 1.546509e-10
19037 1.546335e-10
19038 1.546160e-10
19039 1.545986e-10
19040 1.545811e-10
19041 1.545636e-10
19042 1.545462e-10
19043 1.545287e-10
19044 1.545113e-10
19045 1.544938e-10
19046 1.544764e-10
19047 1.544589e-10
19048 1.544415e-10
19049 1.544240e-10
19050 1.544066e-10
19051 1.543891e-10
19052 1.543717e-10
19053 1.543542e-10
19054 1.543368e-10
19055 1.543193e-10
19056 1.543019e-10
19057 1.542845e-10
19058 1.542670e-10
19059 1.542496e-10
19060 1.542321e-10
19061 1.542147e-10
19062 1.541973e-10
19063 1.541798e-10
19064 1.541624e-10
19065 1.541450e-10
19066 1.541275e-10
19067 1.541101e-10
19068 1.540927e-10
19069 1.540753e-10
19070 1.540578e-10
19071 1.540404e-10
19072 1.540230e-10
19073 1.540056e-10
19074 1.539881e-10
19075 1.539707e-10
19076 1.539533e-10
19077 1.539358e-10
19078 1.539184e-10
19079 1.539010e-10
19080 1.538836e-10
19081 1.538661e-10
19082 1.538488e-10
19083 1.538313e-10
19084 1.538139e-10
19085 1.537965e-10
19086 1.537791e-10
19087 1.537617e-10
19088 1.537443e-10
19089 1.537268e-10
19090 1.537095e-10
19091 1.536920e-10
19092 1.536746e-10
19093 1.536572e-10
19094 1.536398e-10
19095 1.536224e-10
19096 1.536050e-10
19097 1.535876e-10
19098 1.535702e-10
19099 1.535528e-10
19100 1.535354e-10
19101 1.535180e-10
19102 1.535006e-10
19103 1.534832e-10
19104 1.534658e-10
19105 1.534484e-10
19106 1.534310e-10
19107 1.534136e-10
19108 1.533962e-10
19109 1.533788e-10
19110 1.533614e-10
19111 1.533440e-10
19112 1.533266e-10
19113 1.533092e-10
19114 1.532919e-10
19115 1.532745e-10
19116 1.532571e-10
19117 1.532397e-10
19118 1.532223e-10
19119 1.532049e-10
19120 1.531876e-10
19121 1.531702e-10
19122 1.531528e-10
19123 1.531354e-10
19124 1.531180e-10
19125 1.531006e-10
19126 1.530832e-10
19127 1.530659e-10
19128 1.530485e-10
19129 1.530311e-10
19130 1.530137e-10
19131 1.529964e-10
19132 1.529790e-10
19133 1.529616e-10
19134 1.529443e-10
19135 1.529269e-10
19136 1.529095e-10
19137 1.528922e-10
19138 1.528748e-10
19139 1.528574e-10
19140 1.528401e-10
19141 1.528227e-10
19142 1.528053e-10
19143 1.527880e-10
19144 1.527706e-10
19145 1.527532e-10
19146 1.527359e-10
19147 1.527185e-10
19148 1.527012e-10
19149 1.526838e-10
19150 1.526665e-10
19151 1.526491e-10
19152 1.526318e-10
19153 1.526144e-10
19154 1.525971e-10
19155 1.525797e-10
19156 1.525624e-10
19157 1.525450e-10
19158 1.525276e-10
19159 1.525103e-10
19160 1.524929e-10
19161 1.524756e-10
19162 1.524582e-10
19163 1.524409e-10
19164 1.524236e-10
19165 1.524062e-10
19166 1.523889e-10
19167 1.523716e-10
19168 1.523542e-10
19169 1.523369e-10
19170 1.523195e-10
19171 1.523022e-10
19172 1.522849e-10
19173 1.522675e-10
19174 1.522502e-10
19175 1.522328e-10
19176 1.522155e-10
19177 1.521982e-10
19178 1.521809e-10
19179 1.521635e-10
19180 1.521462e-10
19181 1.521289e-10
19182 1.521116e-10
19183 1.520942e-10
19184 1.520769e-10
19185 1.520596e-10
19186 1.520423e-10
19187 1.520249e-10
19188 1.520076e-10
19189 1.519903e-10
19190 1.519729e-10
19191 1.519556e-10
19192 1.519383e-10
19193 1.519210e-10
19194 1.519037e-10
19195 1.518864e-10
19196 1.518690e-10
19197 1.518518e-10
19198 1.518344e-10
19199 1.518171e-10
19200 1.517998e-10
19201 1.517825e-10
19202 1.517652e-10
19203 1.517479e-10
19204 1.517306e-10
19205 1.517133e-10
19206 1.516960e-10
19207 1.516786e-10
19208 1.516614e-10
19209 1.516440e-10
19210 1.516268e-10
19211 1.516094e-10
19212 1.515922e-10
19213 1.515748e-10
19214 1.515576e-10
19215 1.515402e-10
19216 1.515230e-10
19217 1.515057e-10
19218 1.514884e-10
19219 1.514711e-10
19220 1.514538e-10
19221 1.514365e-10
19222 1.514192e-10
19223 1.514019e-10
19224 1.513846e-10
19225 1.513673e-10
19226 1.513500e-10
19227 1.513328e-10
19228 1.513155e-10
19229 1.512982e-10
19230 1.512809e-10
19231 1.512636e-10
19232 1.512463e-10
19233 1.512291e-10
19234 1.512118e-10
19235 1.511945e-10
19236 1.511772e-10
19237 1.511600e-10
19238 1.511427e-10
19239 1.511254e-10
19240 1.511081e-10
19241 1.510908e-10
19242 1.510736e-10
19243 1.510563e-10
19244 1.510390e-10
19245 1.510217e-10
19246 1.510045e-10
19247 1.509872e-10
19248 1.509700e-10
19249 1.509527e-10
19250 1.509354e-10
19251 1.509181e-10
19252 1.509009e-10
19253 1.508836e-10
19254 1.508664e-10
19255 1.508491e-10
19256 1.508318e-10
19257 1.508146e-10
19258 1.507973e-10
19259 1.507801e-10
19260 1.507628e-10
19261 1.507456e-10
19262 1.507283e-10
19263 1.507110e-10
19264 1.506938e-10
19265 1.506765e-10
19266 1.506593e-10
19267 1.506420e-10
19268 1.506248e-10
19269 1.506075e-10
19270 1.505903e-10
19271 1.505731e-10
19272 1.505558e-10
19273 1.505385e-10
19274 1.505213e-10
19275 1.505040e-10
19276 1.504868e-10
19277 1.504696e-10
19278 1.504523e-10
19279 1.504351e-10
19280 1.504179e-10
19281 1.504006e-10
19282 1.503834e-10
19283 1.503661e-10
19284 1.503489e-10
19285 1.503317e-10
19286 1.503145e-10
19287 1.502972e-10
19288 1.502800e-10
19289 1.502627e-10
19290 1.502455e-10
19291 1.502283e-10
19292 1.502110e-10
19293 1.501938e-10
19294 1.501766e-10
19295 1.501594e-10
19296 1.501421e-10
19297 1.501249e-10
19298 1.501077e-10
19299 1.500905e-10
19300 1.500733e-10
19301 1.500561e-10
19302 1.500388e-10
19303 1.500216e-10
19304 1.500044e-10
19305 1.499872e-10
19306 1.499700e-10
19307 1.499527e-10
19308 1.499355e-10
19309 1.499183e-10
19310 1.499011e-10
19311 1.498839e-10
19312 1.498667e-10
19313 1.498495e-10
19314 1.498323e-10
19315 1.498150e-10
19316 1.497979e-10
19317 1.497806e-10
19318 1.497634e-10
19319 1.497462e-10
19320 1.497290e-10
19321 1.497118e-10
19322 1.496946e-10
19323 1.496774e-10
19324 1.496602e-10
19325 1.496430e-10
19326 1.496258e-10
19327 1.496086e-10
19328 1.495914e-10
19329 1.495742e-10
19330 1.495570e-10
19331 1.495399e-10
19332 1.495226e-10
19333 1.495055e-10
19334 1.494883e-10
19335 1.494711e-10
19336 1.494539e-10
19337 1.494367e-10
19338 1.494195e-10
19339 1.494023e-10
19340 1.493851e-10
19341 1.493679e-10
19342 1.493508e-10
19343 1.493336e-10
19344 1.493164e-10
19345 1.492992e-10
19346 1.492821e-10
19347 1.492649e-10
19348 1.492477e-10
19349 1.492305e-10
19350 1.492134e-10
19351 1.491962e-10
19352 1.491790e-10
19353 1.491618e-10
19354 1.491446e-10
19355 1.491275e-10
19356 1.491103e-10
19357 1.490931e-10
19358 1.490759e-10
19359 1.490588e-10
19360 1.490416e-10
19361 1.490245e-10
19362 1.490073e-10
19363 1.489901e-10
19364 1.489730e-10
19365 1.489558e-10
19366 1.489386e-10
19367 1.489215e-10
19368 1.489043e-10
19369 1.488872e-10
19370 1.488700e-10
19371 1.488528e-10
19372 1.488357e-10
19373 1.488185e-10
19374 1.488014e-10
19375 1.487842e-10
19376 1.487671e-10
19377 1.487499e-10
19378 1.487328e-10
19379 1.487156e-10
19380 1.486985e-10
19381 1.486813e-10
19382 1.486642e-10
19383 1.486470e-10
19384 1.486299e-10
19385 1.486127e-10
19386 1.485956e-10
19387 1.485784e-10
19388 1.485613e-10
19389 1.485441e-10
19390 1.485270e-10
19391 1.485099e-10
19392 1.484927e-10
19393 1.484756e-10
19394 1.484584e-10
19395 1.484413e-10
19396 1.484242e-10
19397 1.484070e-10
19398 1.483899e-10
19399 1.483728e-10
19400 1.483556e-10
19401 1.483385e-10
19402 1.483214e-10
19403 1.483042e-10
19404 1.482871e-10
19405 1.482700e-10
19406 1.482529e-10
19407 1.482357e-10
19408 1.482186e-10
19409 1.482015e-10
19410 1.481844e-10
19411 1.481672e-10
19412 1.481501e-10
19413 1.481330e-10
19414 1.481159e-10
19415 1.480988e-10
19416 1.480817e-10
19417 1.480645e-10
19418 1.480474e-10
19419 1.480303e-10
19420 1.480132e-10
19421 1.479961e-10
19422 1.479789e-10
19423 1.479618e-10
19424 1.479447e-10
19425 1.479276e-10
19426 1.479105e-10
19427 1.478934e-10
19428 1.478763e-10
19429 1.478592e-10
19430 1.478421e-10
19431 1.478250e-10
19432 1.478079e-10
19433 1.477908e-10
19434 1.477737e-10
19435 1.477566e-10
19436 1.477395e-10
19437 1.477223e-10
19438 1.477053e-10
19439 1.476881e-10
19440 1.476711e-10
19441 1.476540e-10
19442 1.476369e-10
19443 1.476198e-10
19444 1.476027e-10
19445 1.475856e-10
19446 1.475685e-10
19447 1.475514e-10
19448 1.475343e-10
19449 1.475172e-10
19450 1.475002e-10
19451 1.474831e-10
19452 1.474659e-10
19453 1.474489e-10
19454 1.474318e-10
19455 1.474147e-10
19456 1.473976e-10
19457 1.473806e-10
19458 1.473635e-10
19459 1.473464e-10
19460 1.473293e-10
19461 1.473122e-10
19462 1.472951e-10
19463 1.472781e-10
19464 1.472610e-10
19465 1.472439e-10
19466 1.472268e-10
19467 1.472098e-10
19468 1.471927e-10
19469 1.471756e-10
19470 1.471586e-10
19471 1.471415e-10
19472 1.471244e-10
19473 1.471073e-10
19474 1.470903e-10
19475 1.470732e-10
19476 1.470562e-10
19477 1.470391e-10
19478 1.470220e-10
19479 1.470050e-10
19480 1.469879e-10
19481 1.469708e-10
19482 1.469538e-10
19483 1.469367e-10
19484 1.469197e-10
19485 1.469026e-10
19486 1.468855e-10
19487 1.468685e-10
19488 1.468514e-10
19489 1.468344e-10
19490 1.468173e-10
19491 1.468003e-10
19492 1.467832e-10
19493 1.467662e-10
19494 1.467491e-10
19495 1.467321e-10
19496 1.467150e-10
19497 1.466980e-10
19498 1.466809e-10
19499 1.466639e-10
19500 1.466468e-10
19501 1.466298e-10
19502 1.466128e-10
19503 1.465957e-10
19504 1.465787e-10
19505 1.465616e-10
19506 1.465446e-10
19507 1.465275e-10
19508 1.465105e-10
19509 1.464935e-10
19510 1.464765e-10
19511 1.464594e-10
19512 1.464424e-10
19513 1.464253e-10
19514 1.464083e-10
19515 1.463913e-10
19516 1.463743e-10
19517 1.463572e-10
19518 1.463402e-10
19519 1.463232e-10
19520 1.463061e-10
19521 1.462891e-10
19522 1.462721e-10
19523 1.462551e-10
19524 1.462380e-10
19525 1.462210e-10
19526 1.462040e-10
19527 1.461870e-10
19528 1.461699e-10
19529 1.461529e-10
19530 1.461359e-10
19531 1.461189e-10
19532 1.461019e-10
19533 1.460849e-10
19534 1.460678e-10
19535 1.460508e-10
19536 1.460338e-10
19537 1.460168e-10
19538 1.459998e-10
19539 1.459828e-10
19540 1.459658e-10
19541 1.459488e-10
19542 1.459318e-10
19543 1.459147e-10
19544 1.458978e-10
19545 1.458807e-10
19546 1.458638e-10
19547 1.458467e-10
19548 1.458297e-10
19549 1.458127e-10
19550 1.457957e-10
19551 1.457787e-10
19552 1.457617e-10
19553 1.457447e-10
19554 1.457277e-10
19555 1.457107e-10
19556 1.456937e-10
19557 1.456768e-10
19558 1.456597e-10
19559 1.456428e-10
19560 1.456258e-10
19561 1.456088e-10
19562 1.455918e-10
19563 1.455748e-10
19564 1.455578e-10
19565 1.455408e-10
19566 1.455238e-10
19567 1.455068e-10
19568 1.454899e-10
19569 1.454729e-10
19570 1.454559e-10
19571 1.454389e-10
19572 1.454219e-10
19573 1.454049e-10
19574 1.453880e-10
19575 1.453710e-10
19576 1.453540e-10
19577 1.453370e-10
19578 1.453201e-10
19579 1.453031e-10
19580 1.452861e-10
19581 1.452691e-10
19582 1.452522e-10
19583 1.452352e-10
19584 1.452182e-10
19585 1.452012e-10
19586 1.451843e-10
19587 1.451673e-10
19588 1.451503e-10
19589 1.451334e-10
19590 1.451164e-10
19591 1.450994e-10
19592 1.450825e-10
19593 1.450655e-10
19594 1.450485e-10
19595 1.450316e-10
19596 1.450146e-10
19597 1.449977e-10
19598 1.449807e-10
19599 1.449638e-10
19600 1.449468e-10
19601 1.449298e-10
19602 1.449129e-10
19603 1.448959e-10
19604 1.448790e-10
19605 1.448620e-10
19606 1.448451e-10
19607 1.448281e-10
19608 1.448112e-10
19609 1.447942e-10
19610 1.447773e-10
19611 1.447603e-10
19612 1.447434e-10
19613 1.447264e-10
19614 1.447095e-10
19615 1.446925e-10
19616 1.446756e-10
19617 1.446586e-10
19618 1.446417e-10
19619 1.446248e-10
19620 1.446078e-10
19621 1.445909e-10
19622 1.445739e-10
19623 1.445570e-10
19624 1.445401e-10
19625 1.445231e-10
19626 1.445062e-10
19627 1.444893e-10
19628 1.444723e-10
19629 1.444554e-10
19630 1.444385e-10
19631 1.444216e-10
19632 1.444046e-10
19633 1.443877e-10
19634 1.443707e-10
19635 1.443538e-10
19636 1.443369e-10
19637 1.443200e-10
19638 1.443030e-10
19639 1.442861e-10
19640 1.442692e-10
19641 1.442523e-10
19642 1.442354e-10
19643 1.442184e-10
19644 1.442015e-10
19645 1.441846e-10
19646 1.441677e-10
19647 1.441508e-10
19648 1.441339e-10
19649 1.441169e-10
19650 1.441000e-10
19651 1.440831e-10
19652 1.440662e-10
19653 1.440493e-10
19654 1.440324e-10
19655 1.440155e-10
19656 1.439985e-10
19657 1.439816e-10
19658 1.439647e-10
19659 1.439478e-10
19660 1.439309e-10
19661 1.439140e-10
19662 1.438971e-10
19663 1.438802e-10
19664 1.438633e-10
19665 1.438464e-10
19666 1.438295e-10
19667 1.438126e-10
19668 1.437957e-10
19669 1.437788e-10
19670 1.437619e-10
19671 1.437450e-10
19672 1.437281e-10
19673 1.437112e-10
19674 1.436943e-10
19675 1.436774e-10
19676 1.436606e-10
19677 1.436436e-10
19678 1.436268e-10
19679 1.436099e-10
19680 1.435930e-10
19681 1.435761e-10
19682 1.435592e-10
19683 1.435423e-10
19684 1.435254e-10
19685 1.435086e-10
19686 1.434917e-10
19687 1.434748e-10
19688 1.434579e-10
19689 1.434410e-10
19690 1.434241e-10
19691 1.434073e-10
19692 1.433904e-10
19693 1.433735e-10
19694 1.433566e-10
19695 1.433398e-10
19696 1.433229e-10
19697 1.433060e-10
19698 1.432891e-10
19699 1.432722e-10
19700 1.432554e-10
19701 1.432385e-10
19702 1.432217e-10
19703 1.432048e-10
19704 1.431879e-10
19705 1.431710e-10
19706 1.431542e-10
19707 1.431373e-10
19708 1.431205e-10
19709 1.431036e-10
19710 1.430867e-10
19711 1.430699e-10
19712 1.430530e-10
19713 1.430361e-10
19714 1.430193e-10
19715 1.430024e-10
19716 1.429855e-10
19717 1.429687e-10
19718 1.429518e-10
19719 1.429350e-10
19720 1.429181e-10
19721 1.429013e-10
19722 1.428844e-10
19723 1.428676e-10
19724 1.428507e-10
19725 1.428339e-10
19726 1.428170e-10
19727 1.428002e-10
19728 1.427833e-10
19729 1.427665e-10
19730 1.427496e-10
19731 1.427328e-10
19732 1.427160e-10
19733 1.426991e-10
19734 1.426823e-10
19735 1.426654e-10
19736 1.426486e-10
19737 1.426317e-10
19738 1.426149e-10
19739 1.425981e-10
19740 1.425812e-10
19741 1.425644e-10
19742 1.425476e-10
19743 1.425307e-10
19744 1.425139e-10
19745 1.424971e-10
19746 1.424802e-10
19747 1.424634e-10
19748 1.424465e-10
19749 1.424297e-10
19750 1.424129e-10
19751 1.423961e-10
19752 1.423792e-10
19753 1.423624e-10
19754 1.423456e-10
19755 1.423288e-10
19756 1.423119e-10
19757 1.422951e-10
19758 1.422783e-10
19759 1.422615e-10
19760 1.422447e-10
19761 1.422279e-10
19762 1.422110e-10
19763 1.421942e-10
19764 1.421774e-10
19765 1.421606e-10
19766 1.421438e-10
19767 1.421269e-10
19768 1.421101e-10
19769 1.420933e-10
19770 1.420765e-10
19771 1.420597e-10
19772 1.420429e-10
19773 1.420261e-10
19774 1.420093e-10
19775 1.419925e-10
19776 1.419757e-10
19777 1.419588e-10
19778 1.419421e-10
19779 1.419252e-10
19780 1.419084e-10
19781 1.418916e-10
19782 1.418748e-10
19783 1.418580e-10
19784 1.418412e-10
19785 1.418244e-10
19786 1.418076e-10
19787 1.417908e-10
19788 1.417740e-10
19789 1.417573e-10
19790 1.417404e-10
19791 1.417237e-10
19792 1.417069e-10
19793 1.416901e-10
19794 1.416733e-10
19795 1.416565e-10
19796 1.416397e-10
19797 1.416229e-10
19798 1.416061e-10
19799 1.415893e-10
19800 1.415726e-10
19801 1.415558e-10
19802 1.415390e-10
19803 1.415222e-10
19804 1.415054e-10
19805 1.414886e-10
19806 1.414719e-10
19807 1.414551e-10
19808 1.414383e-10
19809 1.414215e-10
19810 1.414048e-10
19811 1.413880e-10
19812 1.413712e-10
19813 1.413544e-10
19814 1.413376e-10
19815 1.413209e-10
19816 1.413041e-10
19817 1.412873e-10
19818 1.412705e-10
19819 1.412538e-10
19820 1.412370e-10
19821 1.412202e-10
19822 1.412035e-10
19823 1.411867e-10
19824 1.411699e-10
19825 1.411532e-10
19826 1.411364e-10
19827 1.411197e-10
19828 1.411029e-10
19829 1.410861e-10
19830 1.410694e-10
19831 1.410526e-10
19832 1.410358e-10
19833 1.410191e-10
19834 1.410023e-10
19835 1.409856e-10
19836 1.409688e-10
19837 1.409520e-10
19838 1.409353e-10
19839 1.409185e-10
19840 1.409018e-10
19841 1.408850e-10
19842 1.408683e-10
19843 1.408515e-10
19844 1.408348e-10
19845 1.408180e-10
19846 1.408013e-10
19847 1.407846e-10
19848 1.407678e-10
19849 1.407511e-10
19850 1.407343e-10
19851 1.407176e-10
19852 1.407008e-10
19853 1.406841e-10
19854 1.406673e-10
19855 1.406506e-10
19856 1.406339e-10
19857 1.406171e-10
19858 1.406004e-10
19859 1.405837e-10
19860 1.405669e-10
19861 1.405502e-10
19862 1.405335e-10
19863 1.405167e-10
19864 1.405000e-10
19865 1.404832e-10
19866 1.404665e-10
19867 1.404498e-10
19868 1.404331e-10
19869 1.404163e-10
19870 1.403996e-10
19871 1.403829e-10
19872 1.403662e-10
19873 1.403494e-10
19874 1.403327e-10
19875 1.403160e-10
19876 1.402993e-10
19877 1.402825e-10
19878 1.402658e-10
19879 1.402491e-10
19880 1.402324e-10
19881 1.402157e-10
19882 1.401989e-10
19883 1.401822e-10
19884 1.401655e-10
19885 1.401488e-10
19886 1.401321e-10
19887 1.401154e-10
19888 1.400987e-10
19889 1.400820e-10
19890 1.400652e-10
19891 1.400486e-10
19892 1.400318e-10
19893 1.400151e-10
19894 1.399984e-10
19895 1.399817e-10
19896 1.399650e-10
19897 1.399483e-10
19898 1.399316e-10
19899 1.399149e-10
19900 1.398982e-10
19901 1.398815e-10
19902 1.398648e-10
19903 1.398481e-10
19904 1.398314e-10
19905 1.398147e-10
19906 1.397980e-10
19907 1.397813e-10
19908 1.397646e-10
19909 1.397479e-10
19910 1.397312e-10
19911 1.397145e-10
19912 1.396978e-10
19913 1.396811e-10
19914 1.396644e-10
19915 1.396478e-10
19916 1.396311e-10
19917 1.396144e-10
19918 1.395977e-10
19919 1.395810e-10
19920 1.395643e-10
19921 1.395477e-10
19922 1.395310e-10
19923 1.395143e-10
19924 1.394976e-10
19925 1.394809e-10
19926 1.394642e-10
19927 1.394476e-10
19928 1.394309e-10
19929 1.394142e-10
19930 1.393975e-10
19931 1.393808e-10
19932 1.393642e-10
19933 1.393475e-10
19934 1.393308e-10
19935 1.393141e-10
19936 1.392975e-10
19937 1.392808e-10
19938 1.392642e-10
19939 1.392475e-10
19940 1.392308e-10
19941 1.392141e-10
19942 1.391975e-10
19943 1.391808e-10
19944 1.391641e-10
19945 1.391475e-10
19946 1.391308e-10
19947 1.391142e-10
19948 1.390975e-10
19949 1.390808e-10
19950 1.390642e-10
19951 1.390475e-10
19952 1.390308e-10
19953 1.390142e-10
19954 1.389975e-10
19955 1.389809e-10
19956 1.389642e-10
19957 1.389476e-10
19958 1.389309e-10
19959 1.389143e-10
19960 1.388976e-10
19961 1.388809e-10
19962 1.388643e-10
19963 1.388476e-10
19964 1.388310e-10
19965 1.388144e-10
19966 1.387977e-10
19967 1.387811e-10
19968 1.387644e-10
19969 1.387478e-10
19970 1.387312e-10
19971 1.387145e-10
19972 1.386979e-10
19973 1.386812e-10
19974 1.386646e-10
19975 1.386479e-10
19976 1.386313e-10
19977 1.386147e-10
19978 1.385980e-10
19979 1.385814e-10
19980 1.385647e-10
19981 1.385481e-10
19982 1.385315e-10
19983 1.385149e-10
19984 1.384982e-10
19985 1.384816e-10
19986 1.384650e-10
19987 1.384483e-10
19988 1.384317e-10
19989 1.384151e-10
19990 1.383984e-10
19991 1.383818e-10
19992 1.383652e-10
19993 1.383486e-10
19994 1.383320e-10
19995 1.383153e-10
19996 1.382987e-10
19997 1.382821e-10
19998 1.382655e-10
19999 1.382488e-10
