1 -nan
2 8.318601e-08
3 1.076449e-07
4 1.221742e-07
5 1.319798e-07
6 1.390383e-07
7 1.442631e-07
8 1.482587e-07
9 1.513492e-07
10 1.537647e-07
11 1.556722e-07
12 1.571802e-07
13 1.583315e-07
14 1.592000e-07
15 1.598277e-07
16 1.602477e-07
17 1.604842e-07
18 1.605338e-07
19 1.604441e-07
20 1.602396e-07
21 1.599441e-07
22 1.594973e-07
23 1.589819e-07
24 1.584099e-07
25 1.577091e-07
26 1.569923e-07
27 1.561624e-07
28 1.553104e-07
29 1.543739e-07
30 1.534166e-07
31 1.523796e-07
32 1.513481e-07
33 1.502159e-07
34 1.491257e-07
35 1.479167e-07
36 1.467354e-07
37 1.455165e-07
38 1.442477e-07
39 1.430225e-07
40 1.416988e-07
41 1.403914e-07
42 1.391250e-07
43 1.377320e-07
44 1.363846e-07
45 1.350801e-07
46 1.336536e-07
47 1.322714e-07
48 1.309321e-07
49 1.295122e-07
50 1.280980e-07
51 1.267269e-07
52 1.253527e-07
53 1.239143e-07
54 1.225189e-07
55 1.211643e-07
56 1.197691e-07
57 1.183563e-07
58 1.169843e-07
59 1.156513e-07
60 1.142835e-07
61 1.129049e-07
62 1.115649e-07
63 1.102619e-07
64 1.089616e-07
65 1.076274e-07
66 1.063295e-07
67 1.050665e-07
68 1.038368e-07
69 1.025785e-07
70 1.013323e-07
71 1.001186e-07
72 9.893604e-08
73 9.778350e-08
74 9.660871e-08
75 9.545340e-08
76 9.432693e-08
77 9.322822e-08
78 9.215624e-08
79 9.108583e-08
80 9.002329e-08
81 8.898611e-08
82 8.797339e-08
83 8.698426e-08
84 8.601791e-08
85 8.504898e-08
86 8.410040e-08
87 8.317318e-08
88 8.226660e-08
89 8.137998e-08
90 8.051267e-08
91 7.965362e-08
92 7.881171e-08
93 7.798765e-08
94 7.718089e-08
95 7.639087e-08
96 7.561709e-08
97 7.485918e-08
98 7.411672e-08
99 7.338905e-08
100 7.267572e-08
101 7.197633e-08
102 7.129046e-08
103 7.061772e-08
104 6.996181e-08
105 6.932275e-08
106 6.869551e-08
107 6.807975e-08
108 6.747517e-08
109 6.688145e-08
110 6.629831e-08
111 6.572579e-08
112 6.517647e-08
113 6.463657e-08
114 6.410583e-08
115 6.358403e-08
116 6.307094e-08
117 6.256634e-08
118 6.207002e-08
119 6.158239e-08
120 6.111511e-08
121 6.065521e-08
122 6.020251e-08
123 5.975685e-08
124 5.931805e-08
125 5.888596e-08
126 5.846042e-08
127 5.804129e-08
128 5.763185e-08
129 5.723193e-08
130 5.683784e-08
131 5.644944e-08
132 5.606663e-08
133 5.568927e-08
134 5.531725e-08
135 5.495046e-08
136 5.458878e-08
137 5.423058e-08
138 5.387424e-08
139 5.352279e-08
140 5.317613e-08
141 5.283415e-08
142 5.249677e-08
143 5.216389e-08
144 5.183541e-08
145 5.151126e-08
146 5.119134e-08
147 5.086547e-08
148 5.053397e-08
149 5.020684e-08
150 4.988400e-08
151 4.956536e-08
152 4.925084e-08
153 4.894035e-08
154 4.863383e-08
155 4.833119e-08
156 4.803236e-08
157 4.773727e-08
158 4.741217e-08
159 4.709032e-08
160 4.677266e-08
161 4.645909e-08
162 4.614955e-08
163 4.584396e-08
164 4.554224e-08
165 4.524432e-08
166 4.495013e-08
167 4.465961e-08
168 4.437268e-08
169 4.405959e-08
170 4.373682e-08
171 4.341829e-08
172 4.310392e-08
173 4.279363e-08
174 4.248734e-08
175 4.218498e-08
176 4.188648e-08
177 4.159176e-08
178 4.130076e-08
179 4.101340e-08
180 4.072964e-08
181 4.042490e-08
182 4.010667e-08
183 3.979266e-08
184 3.948281e-08
185 3.917702e-08
186 3.887524e-08
187 3.857738e-08
188 3.828337e-08
189 3.799314e-08
190 3.770663e-08
191 3.742377e-08
192 3.714448e-08
193 3.686872e-08
194 3.657853e-08
195 3.628081e-08
196 3.598703e-08
197 3.569710e-08
198 3.541096e-08
199 3.512854e-08
200 3.484976e-08
201 3.457458e-08
202 3.430291e-08
203 3.403471e-08
204 3.376991e-08
205 3.350844e-08
206 3.325026e-08
207 3.299530e-08
208 3.273712e-08
209 3.247956e-08
210 3.222524e-08
211 3.197411e-08
212 3.172611e-08
213 3.148119e-08
214 3.123929e-08
215 3.100037e-08
216 3.076436e-08
217 3.053124e-08
218 3.030094e-08
219 3.007341e-08
220 2.984863e-08
221 2.962653e-08
222 2.940707e-08
223 2.919825e-08
224 2.899376e-08
225 2.879160e-08
226 2.859174e-08
227 2.839414e-08
228 2.819877e-08
229 2.800559e-08
230 2.781456e-08
231 2.762566e-08
232 2.743885e-08
233 2.725409e-08
234 2.707137e-08
235 2.689064e-08
236 2.671187e-08
237 2.653505e-08
238 2.636013e-08
239 2.620308e-08
240 2.605083e-08
241 2.590010e-08
242 2.575086e-08
243 2.560309e-08
244 2.545677e-08
245 2.531187e-08
246 2.516839e-08
247 2.502630e-08
248 2.488558e-08
249 2.474621e-08
250 2.460818e-08
251 2.447146e-08
252 2.433604e-08
253 2.420190e-08
254 2.406903e-08
255 2.393741e-08
256 2.381754e-08
257 2.370303e-08
258 2.358952e-08
259 2.347698e-08
260 2.336541e-08
261 2.325479e-08
262 2.314512e-08
263 2.303638e-08
264 2.292857e-08
265 2.282166e-08
266 2.271565e-08
267 2.261052e-08
268 2.250628e-08
269 2.240290e-08
270 2.230037e-08
271 2.219869e-08
272 2.209785e-08
273 2.199783e-08
274 2.189902e-08
275 2.180169e-08
276 2.170514e-08
277 2.160937e-08
278 2.151437e-08
279 2.142012e-08
280 2.132662e-08
281 2.123385e-08
282 2.114182e-08
283 2.105051e-08
284 2.095992e-08
285 2.087003e-08
286 2.078084e-08
287 2.069235e-08
288 2.060453e-08
289 2.051739e-08
290 2.043091e-08
291 2.034510e-08
292 2.025994e-08
293 2.017543e-08
294 2.008375e-08
295 1.998920e-08
296 1.989541e-08
297 1.980238e-08
298 1.971009e-08
299 1.961854e-08
300 1.952772e-08
301 1.943762e-08
302 1.934823e-08
303 1.925954e-08
304 1.917156e-08
305 1.908426e-08
306 1.899764e-08
307 1.891170e-08
308 1.882642e-08
309 1.874180e-08
310 1.865784e-08
311 1.857452e-08
312 1.849183e-08
313 1.840978e-08
314 1.832835e-08
315 1.823954e-08
316 1.814605e-08
317 1.805334e-08
318 1.796139e-08
319 1.787020e-08
320 1.777975e-08
321 1.769004e-08
322 1.760106e-08
323 1.751280e-08
324 1.742525e-08
325 1.733841e-08
326 1.725227e-08
327 1.716681e-08
328 1.708204e-08
329 1.699795e-08
330 1.691452e-08
331 1.683175e-08
332 1.674963e-08
333 1.666816e-08
334 1.658733e-08
335 1.650713e-08
336 1.642756e-08
337 1.634860e-08
338 1.626540e-08
339 1.618284e-08
340 1.610094e-08
341 1.601970e-08
342 1.593910e-08
343 1.585914e-08
344 1.577981e-08
345 1.570111e-08
346 1.562302e-08
347 1.554555e-08
348 1.546868e-08
349 1.539241e-08
350 1.531674e-08
351 1.524165e-08
352 1.516714e-08
353 1.509320e-08
354 1.501984e-08
355 1.494703e-08
356 1.487478e-08
357 1.480309e-08
358 1.473193e-08
359 1.466132e-08
360 1.459124e-08
361 1.452168e-08
362 1.445613e-08
363 1.439210e-08
364 1.432854e-08
365 1.426543e-08
366 1.420277e-08
367 1.414055e-08
368 1.407877e-08
369 1.401743e-08
370 1.395653e-08
371 1.389605e-08
372 1.383599e-08
373 1.377636e-08
374 1.371714e-08
375 1.365833e-08
376 1.359993e-08
377 1.354193e-08
378 1.348433e-08
379 1.342713e-08
380 1.337033e-08
381 1.331391e-08
382 1.325787e-08
383 1.320222e-08
384 1.314694e-08
385 1.309204e-08
386 1.303751e-08
387 1.298335e-08
388 1.293411e-08
389 1.288635e-08
390 1.283889e-08
391 1.279172e-08
392 1.274484e-08
393 1.269826e-08
394 1.265196e-08
395 1.260595e-08
396 1.256022e-08
397 1.251477e-08
398 1.246960e-08
399 1.242471e-08
400 1.238009e-08
401 1.233574e-08
402 1.229166e-08
403 1.224785e-08
404 1.220430e-08
405 1.216101e-08
406 1.211798e-08
407 1.207521e-08
408 1.203269e-08
409 1.199043e-08
410 1.194842e-08
411 1.190666e-08
412 1.186515e-08
413 1.182387e-08
414 1.178285e-08
415 1.174206e-08
416 1.170165e-08
417 1.166148e-08
418 1.162154e-08
419 1.158184e-08
420 1.154236e-08
421 1.150311e-08
422 1.146409e-08
423 1.142529e-08
424 1.138672e-08
425 1.134837e-08
426 1.131023e-08
427 1.127231e-08
428 1.123461e-08
429 1.119712e-08
430 1.115984e-08
431 1.112278e-08
432 1.108592e-08
433 1.104927e-08
434 1.101282e-08
435 1.097658e-08
436 1.094054e-08
437 1.090470e-08
438 1.086906e-08
439 1.083362e-08
440 1.079837e-08
441 1.076331e-08
442 1.072845e-08
443 1.069378e-08
444 1.065931e-08
445 1.062460e-08
446 1.058711e-08
447 1.054983e-08
448 1.051277e-08
449 1.047592e-08
450 1.043928e-08
451 1.040285e-08
452 1.036662e-08
453 1.033060e-08
454 1.029479e-08
455 1.025918e-08
456 1.022377e-08
457 1.018856e-08
458 1.015355e-08
459 1.011873e-08
460 1.008411e-08
461 1.004968e-08
462 1.001544e-08
463 9.981397e-09
464 9.947539e-09
465 9.913869e-09
466 9.880385e-09
467 9.847085e-09
468 9.813968e-09
469 9.781033e-09
470 9.748279e-09
471 9.715703e-09
472 9.683305e-09
473 9.651083e-09
474 9.619036e-09
475 9.587163e-09
476 9.555462e-09
477 9.523771e-09
478 9.491261e-09
479 9.458928e-09
480 9.426773e-09
481 9.394794e-09
482 9.362990e-09
483 9.331358e-09
484 9.299899e-09
485 9.268610e-09
486 9.237491e-09
487 9.206540e-09
488 9.175755e-09
489 9.145137e-09
490 9.114682e-09
491 9.084391e-09
492 9.054262e-09
493 9.024294e-09
494 8.994485e-09
495 8.964835e-09
496 8.935342e-09
497 8.906005e-09
498 8.876823e-09
499 8.847795e-09
500 8.818920e-09
501 8.790197e-09
502 8.761624e-09
503 8.733200e-09
504 8.704925e-09
505 8.676797e-09
506 8.648816e-09
507 8.620979e-09
508 8.593287e-09
509 8.565738e-09
510 8.538331e-09
511 8.511065e-09
512 8.485237e-09
513 8.459753e-09
514 8.434395e-09
515 8.409162e-09
516 8.384054e-09
517 8.359068e-09
518 8.334206e-09
519 8.309465e-09
520 8.284844e-09
521 8.260344e-09
522 8.235963e-09
523 8.211701e-09
524 8.187556e-09
525 8.163528e-09
526 8.139616e-09
527 8.115819e-09
528 8.092137e-09
529 8.068568e-09
530 8.045113e-09
531 8.021769e-09
532 7.998537e-09
533 7.975416e-09
534 7.952405e-09
535 7.929503e-09
536 7.906710e-09
537 7.884024e-09
538 7.861446e-09
539 7.838974e-09
540 7.816607e-09
541 7.794346e-09
542 7.772189e-09
543 7.750135e-09
544 7.728185e-09
545 7.706337e-09
546 7.684591e-09
547 7.662945e-09
548 7.641472e-09
549 7.620677e-09
550 7.599976e-09
551 7.579369e-09
552 7.558854e-09
553 7.538433e-09
554 7.518103e-09
555 7.497865e-09
556 7.477717e-09
557 7.457660e-09
558 7.437692e-09
559 7.417813e-09
560 7.398023e-09
561 7.378321e-09
562 7.358706e-09
563 7.339178e-09
564 7.319737e-09
565 7.300381e-09
566 7.281110e-09
567 7.261925e-09
568 7.242823e-09
569 7.223805e-09
570 7.204871e-09
571 7.186019e-09
572 7.167249e-09
573 7.148561e-09
574 7.129954e-09
575 7.111428e-09
576 7.092982e-09
577 7.074616e-09
578 7.056329e-09
579 7.038121e-09
580 7.019991e-09
581 7.001939e-09
582 6.983964e-09
583 6.966066e-09
584 6.948244e-09
585 6.930499e-09
586 6.912829e-09
587 6.895234e-09
588 6.877286e-09
589 6.859250e-09
590 6.841293e-09
591 6.823412e-09
592 6.805609e-09
593 6.787882e-09
594 6.770230e-09
595 6.752655e-09
596 6.735154e-09
597 6.717728e-09
598 6.700376e-09
599 6.683097e-09
600 6.665892e-09
601 6.648760e-09
602 6.631700e-09
603 6.614712e-09
604 6.597796e-09
605 6.580951e-09
606 6.564177e-09
607 6.547473e-09
608 6.530838e-09
609 6.514274e-09
610 6.497778e-09
611 6.481351e-09
612 6.464992e-09
613 6.448702e-09
614 6.432478e-09
615 6.416322e-09
616 6.400233e-09
617 6.384210e-09
618 6.368253e-09
619 6.352361e-09
620 6.336535e-09
621 6.320774e-09
622 6.305077e-09
623 6.289444e-09
624 6.273875e-09
625 6.258369e-09
626 6.242926e-09
627 6.227546e-09
628 6.212228e-09
629 6.196972e-09
630 6.181797e-09
631 6.166702e-09
632 6.151668e-09
633 6.136694e-09
634 6.121780e-09
635 6.106926e-09
636 6.092131e-09
637 6.077395e-09
638 6.062718e-09
639 6.048099e-09
640 6.033538e-09
641 6.019035e-09
642 6.004589e-09
643 5.990200e-09
644 5.975868e-09
645 5.961593e-09
646 5.947374e-09
647 5.933210e-09
648 5.919102e-09
649 5.905049e-09
650 5.891051e-09
651 5.877108e-09
652 5.863219e-09
653 5.849384e-09
654 5.835603e-09
655 5.821876e-09
656 5.808201e-09
657 5.794579e-09
658 5.781010e-09
659 5.767494e-09
660 5.754029e-09
661 5.740616e-09
662 5.727254e-09
663 5.713944e-09
664 5.700685e-09
665 5.687476e-09
666 5.674318e-09
667 5.661209e-09
668 5.648151e-09
669 5.635142e-09
670 5.622183e-09
671 5.609272e-09
672 5.596411e-09
673 5.583598e-09
674 5.570833e-09
675 5.558207e-09
676 5.545908e-09
677 5.533655e-09
678 5.521446e-09
679 5.509282e-09
680 5.497163e-09
681 5.485088e-09
682 5.473058e-09
683 5.461071e-09
684 5.449129e-09
685 5.437229e-09
686 5.425373e-09
687 5.413560e-09
688 5.401790e-09
689 5.390063e-09
690 5.378377e-09
691 5.366735e-09
692 5.355134e-09
693 5.343575e-09
694 5.332057e-09
695 5.320581e-09
696 5.309146e-09
697 5.297752e-09
698 5.286398e-09
699 5.275085e-09
700 5.263813e-09
701 5.252580e-09
702 5.241388e-09
703 5.230235e-09
704 5.219122e-09
705 5.208048e-09
706 5.197014e-09
707 5.186018e-09
708 5.175061e-09
709 5.164142e-09
710 5.153262e-09
711 5.142420e-09
712 5.131616e-09
713 5.120850e-09
714 5.110122e-09
715 5.099431e-09
716 5.088777e-09
717 5.078161e-09
718 5.067581e-09
719 5.057038e-09
720 5.046531e-09
721 5.036061e-09
722 5.025627e-09
723 5.015229e-09
724 5.004862e-09
725 4.994528e-09
726 4.984230e-09
727 4.973967e-09
728 4.963739e-09
729 4.953546e-09
730 4.943388e-09
731 4.933265e-09
732 4.923177e-09
733 4.913122e-09
734 4.903102e-09
735 4.893116e-09
736 4.883164e-09
737 4.873246e-09
738 4.863361e-09
739 4.853509e-09
740 4.843691e-09
741 4.833906e-09
742 4.824153e-09
743 4.814434e-09
744 4.804747e-09
745 4.795093e-09
746 4.785470e-09
747 4.775880e-09
748 4.766323e-09
749 4.756796e-09
750 4.747302e-09
751 4.737839e-09
752 4.728408e-09
753 4.719008e-09
754 4.709639e-09
755 4.700301e-09
756 4.690994e-09
757 4.681717e-09
758 4.672471e-09
759 4.663256e-09
760 4.654070e-09
761 4.644915e-09
762 4.635790e-09
763 4.626695e-09
764 4.617629e-09
765 4.608593e-09
766 4.599587e-09
767 4.590610e-09
768 4.581662e-09
769 4.572743e-09
770 4.563853e-09
771 4.554992e-09
772 4.546159e-09
773 4.537355e-09
774 4.528579e-09
775 4.519832e-09
776 4.511169e-09
777 4.502553e-09
778 4.493965e-09
779 4.485404e-09
780 4.476870e-09
781 4.468364e-09
782 4.459884e-09
783 4.451432e-09
784 4.443006e-09
785 4.434607e-09
786 4.426234e-09
787 4.417888e-09
788 4.409568e-09
789 4.401274e-09
790 4.393007e-09
791 4.384765e-09
792 4.376549e-09
793 4.368359e-09
794 4.360195e-09
795 4.352056e-09
796 4.343942e-09
797 4.335854e-09
798 4.327791e-09
799 4.319753e-09
800 4.311740e-09
801 4.303752e-09
802 4.295788e-09
803 4.287849e-09
804 4.279935e-09
805 4.272045e-09
806 4.264179e-09
807 4.256338e-09
808 4.248521e-09
809 4.240727e-09
810 4.232958e-09
811 4.225212e-09
812 4.217491e-09
813 4.209792e-09
814 4.202117e-09
815 4.194466e-09
816 4.186838e-09
817 4.179233e-09
818 4.171651e-09
819 4.164092e-09
820 4.156556e-09
821 4.149043e-09
822 4.141552e-09
823 4.134085e-09
824 4.126639e-09
825 4.119216e-09
826 4.111816e-09
827 4.104437e-09
828 4.097081e-09
829 4.089747e-09
830 4.082434e-09
831 4.075145e-09
832 4.067995e-09
833 4.060866e-09
834 4.053758e-09
835 4.046671e-09
836 4.039605e-09
837 4.032560e-09
838 4.025535e-09
839 4.018531e-09
840 4.011548e-09
841 4.004585e-09
842 3.997642e-09
843 3.990720e-09
844 3.983817e-09
845 3.976935e-09
846 3.970073e-09
847 3.963231e-09
848 3.956408e-09
849 3.949606e-09
850 3.942823e-09
851 3.936059e-09
852 3.929316e-09
853 3.922591e-09
854 3.915886e-09
855 3.909200e-09
856 3.902534e-09
857 3.895886e-09
858 3.889258e-09
859 3.882649e-09
860 3.876058e-09
861 3.869487e-09
862 3.862934e-09
863 3.856400e-09
864 3.849884e-09
865 3.843387e-09
866 3.836908e-09
867 3.830448e-09
868 3.824006e-09
869 3.817582e-09
870 3.811177e-09
871 3.804789e-09
872 3.798420e-09
873 3.792068e-09
874 3.785735e-09
875 3.779419e-09
876 3.773121e-09
877 3.766840e-09
878 3.760577e-09
879 3.754332e-09
880 3.748104e-09
881 3.741894e-09
882 3.735701e-09
883 3.729525e-09
884 3.723366e-09
885 3.717224e-09
886 3.711100e-09
887 3.704992e-09
888 3.698902e-09
889 3.692828e-09
890 3.686771e-09
891 3.680744e-09
892 3.674772e-09
893 3.668816e-09
894 3.662877e-09
895 3.656954e-09
896 3.651047e-09
897 3.645156e-09
898 3.639281e-09
899 3.633422e-09
900 3.627579e-09
901 3.621752e-09
902 3.615941e-09
903 3.610146e-09
904 3.604366e-09
905 3.598602e-09
906 3.592853e-09
907 3.587120e-09
908 3.581403e-09
909 3.575700e-09
910 3.570013e-09
911 3.564342e-09
912 3.558685e-09
913 3.553044e-09
914 3.547418e-09
915 3.541807e-09
916 3.536211e-09
917 3.530630e-09
918 3.525063e-09
919 3.519512e-09
920 3.513975e-09
921 3.508453e-09
922 3.502946e-09
923 3.497453e-09
924 3.491975e-09
925 3.486511e-09
926 3.481062e-09
927 3.475627e-09
928 3.470207e-09
929 3.464800e-09
930 3.459408e-09
931 3.454030e-09
932 3.448667e-09
933 3.443317e-09
934 3.437981e-09
935 3.432660e-09
936 3.427352e-09
937 3.422058e-09
938 3.416778e-09
939 3.411511e-09
940 3.406259e-09
941 3.401020e-09
942 3.395794e-09
943 3.390583e-09
944 3.385384e-09
945 3.380200e-09
946 3.375028e-09
947 3.369870e-09
948 3.364725e-09
949 3.359594e-09
950 3.354476e-09
951 3.349370e-09
952 3.344278e-09
953 3.339200e-09
954 3.334134e-09
955 3.329098e-09
956 3.324131e-09
957 3.319176e-09
958 3.314235e-09
959 3.309306e-09
960 3.304389e-09
961 3.299485e-09
962 3.294593e-09
963 3.289713e-09
964 3.284846e-09
965 3.279990e-09
966 3.275148e-09
967 3.270317e-09
968 3.265498e-09
969 3.260692e-09
970 3.255897e-09
971 3.251114e-09
972 3.246344e-09
973 3.241585e-09
974 3.236838e-09
975 3.232103e-09
976 3.227380e-09
977 3.222668e-09
978 3.217968e-09
979 3.213280e-09
980 3.208603e-09
981 3.203938e-09
982 3.199285e-09
983 3.194642e-09
984 3.190012e-09
985 3.185393e-09
986 3.180785e-09
987 3.176188e-09
988 3.171603e-09
989 3.167029e-09
990 3.162466e-09
991 3.157915e-09
992 3.153374e-09
993 3.148845e-09
994 3.144326e-09
995 3.139819e-09
996 3.135323e-09
997 3.130837e-09
998 3.126363e-09
999 3.121899e-09
1000 3.117446e-09
1001 3.113004e-09
1002 3.108573e-09
1003 3.104153e-09
1004 3.099743e-09
1005 3.095343e-09
1006 3.090955e-09
1007 3.086577e-09
1008 3.082209e-09
1009 3.077852e-09
1010 3.073506e-09
1011 3.069170e-09
1012 3.064844e-09
1013 3.060529e-09
1014 3.056224e-09
1015 3.051929e-09
1016 3.047644e-09
1017 3.043370e-09
1018 3.039106e-09
1019 3.034852e-09
1020 3.030608e-09
1021 3.026375e-09
1022 3.022151e-09
1023 3.017937e-09
1024 3.013763e-09
1025 3.009618e-09
1026 3.005482e-09
1027 3.001357e-09
1028 2.997241e-09
1029 2.993135e-09
1030 2.989038e-09
1031 2.984951e-09
1032 2.980874e-09
1033 2.976806e-09
1034 2.972747e-09
1035 2.968698e-09
1036 2.964659e-09
1037 2.960629e-09
1038 2.956608e-09
1039 2.952596e-09
1040 2.948594e-09
1041 2.944601e-09
1042 2.940617e-09
1043 2.936643e-09
1044 2.932677e-09
1045 2.928721e-09
1046 2.924774e-09
1047 2.920836e-09
1048 2.916907e-09
1049 2.912987e-09
1050 2.909076e-09
1051 2.905174e-09
1052 2.901281e-09
1053 2.897397e-09
1054 2.893521e-09
1055 2.889655e-09
1056 2.885797e-09
1057 2.881949e-09
1058 2.878109e-09
1059 2.874277e-09
1060 2.870455e-09
1061 2.866641e-09
1062 2.862836e-09
1063 2.859039e-09
1064 2.855251e-09
1065 2.851471e-09
1066 2.847701e-09
1067 2.843938e-09
1068 2.840184e-09
1069 2.836439e-09
1070 2.832702e-09
1071 2.828973e-09
1072 2.825253e-09
1073 2.821541e-09
1074 2.817837e-09
1075 2.814142e-09
1076 2.810455e-09
1077 2.806776e-09
1078 2.803106e-09
1079 2.799444e-09
1080 2.795790e-09
1081 2.792144e-09
1082 2.788506e-09
1083 2.784876e-09
1084 2.781254e-09
1085 2.777641e-09
1086 2.774035e-09
1087 2.770437e-09
1088 2.766848e-09
1089 2.763266e-09
1090 2.759692e-09
1091 2.756126e-09
1092 2.752568e-09
1093 2.749018e-09
1094 2.745475e-09
1095 2.741941e-09
1096 2.738414e-09
1097 2.734895e-09
1098 2.731432e-09
1099 2.727976e-09
1100 2.724527e-09
1101 2.721086e-09
1102 2.717653e-09
1103 2.714227e-09
1104 2.710808e-09
1105 2.707397e-09
1106 2.703993e-09
1107 2.700596e-09
1108 2.697207e-09
1109 2.693825e-09
1110 2.690450e-09
1111 2.687083e-09
1112 2.683722e-09
1113 2.680369e-09
1114 2.677024e-09
1115 2.673685e-09
1116 2.670354e-09
1117 2.667029e-09
1118 2.663712e-09
1119 2.660402e-09
1120 2.657099e-09
1121 2.653803e-09
1122 2.650514e-09
1123 2.647232e-09
1124 2.643957e-09
1125 2.640689e-09
1126 2.637428e-09
1127 2.634174e-09
1128 2.630926e-09
1129 2.627686e-09
1130 2.624452e-09
1131 2.621225e-09
1132 2.618006e-09
1133 2.614792e-09
1134 2.611586e-09
1135 2.608386e-09
1136 2.605194e-09
1137 2.602007e-09
1138 2.598828e-09
1139 2.595655e-09
1140 2.592489e-09
1141 2.589329e-09
1142 2.586177e-09
1143 2.583030e-09
1144 2.579891e-09
1145 2.576757e-09
1146 2.573631e-09
1147 2.570511e-09
1148 2.567397e-09
1149 2.564290e-09
1150 2.561189e-09
1151 2.558095e-09
1152 2.555007e-09
1153 2.551926e-09
1154 2.548851e-09
1155 2.545782e-09
1156 2.542720e-09
1157 2.539664e-09
1158 2.536614e-09
1159 2.533570e-09
1160 2.530533e-09
1161 2.527502e-09
1162 2.524478e-09
1163 2.521459e-09
1164 2.518447e-09
1165 2.515441e-09
1166 2.512441e-09
1167 2.509447e-09
1168 2.506460e-09
1169 2.503478e-09
1170 2.500503e-09
1171 2.497533e-09
1172 2.494570e-09
1173 2.491613e-09
1174 2.488662e-09
1175 2.485716e-09
1176 2.482783e-09
1177 2.479886e-09
1178 2.476995e-09
1179 2.474109e-09
1180 2.471230e-09
1181 2.468356e-09
1182 2.465489e-09
1183 2.462626e-09
1184 2.459770e-09
1185 2.456919e-09
1186 2.454074e-09
1187 2.451235e-09
1188 2.448401e-09
1189 2.445574e-09
1190 2.442751e-09
1191 2.439935e-09
1192 2.437123e-09
1193 2.434318e-09
1194 2.431518e-09
1195 2.428724e-09
1196 2.425935e-09
1197 2.423152e-09
1198 2.420374e-09
1199 2.417602e-09
1200 2.414835e-09
1201 2.412073e-09
1202 2.409318e-09
1203 2.406567e-09
1204 2.403822e-09
1205 2.401083e-09
1206 2.398348e-09
1207 2.395620e-09
1208 2.392896e-09
1209 2.390178e-09
1210 2.387465e-09
1211 2.384758e-09
1212 2.382055e-09
1213 2.379359e-09
1214 2.376667e-09
1215 2.373981e-09
1216 2.371300e-09
1217 2.368624e-09
1218 2.365953e-09
1219 2.363287e-09
1220 2.360627e-09
1221 2.357972e-09
1222 2.355322e-09
1223 2.352677e-09
1224 2.350038e-09
1225 2.347403e-09
1226 2.344773e-09
1227 2.342149e-09
1228 2.339530e-09
1229 2.336916e-09
1230 2.334306e-09
1231 2.331702e-09
1232 2.329103e-09
1233 2.326509e-09
1234 2.323920e-09
1235 2.321335e-09
1236 2.318756e-09
1237 2.316182e-09
1238 2.313612e-09
1239 2.311048e-09
1240 2.308488e-09
1241 2.305934e-09
1242 2.303384e-09
1243 2.300839e-09
1244 2.298299e-09
1245 2.295764e-09
1246 2.293234e-09
1247 2.290708e-09
1248 2.288187e-09
1249 2.285671e-09
1250 2.283160e-09
1251 2.280654e-09
1252 2.278152e-09
1253 2.275655e-09
1254 2.273163e-09
1255 2.270675e-09
1256 2.268193e-09
1257 2.265715e-09
1258 2.263241e-09
1259 2.260772e-09
1260 2.258308e-09
1261 2.255868e-09
1262 2.253443e-09
1263 2.251024e-09
1264 2.248609e-09
1265 2.246198e-09
1266 2.243792e-09
1267 2.241390e-09
1268 2.238993e-09
1269 2.236600e-09
1270 2.234211e-09
1271 2.231827e-09
1272 2.229448e-09
1273 2.227073e-09
1274 2.224702e-09
1275 2.222335e-09
1276 2.219973e-09
1277 2.217616e-09
1278 2.215263e-09
1279 2.212914e-09
1280 2.210569e-09
1281 2.208229e-09
1282 2.205893e-09
1283 2.203561e-09
1284 2.201233e-09
1285 2.198910e-09
1286 2.196591e-09
1287 2.194277e-09
1288 2.191966e-09
1289 2.189660e-09
1290 2.187358e-09
1291 2.185060e-09
1292 2.182766e-09
1293 2.180477e-09
1294 2.178192e-09
1295 2.175910e-09
1296 2.173634e-09
1297 2.171361e-09
1298 2.169092e-09
1299 2.166827e-09
1300 2.164567e-09
1301 2.162310e-09
1302 2.160058e-09
1303 2.157810e-09
1304 2.155566e-09
1305 2.153326e-09
1306 2.151089e-09
1307 2.148857e-09
1308 2.146629e-09
1309 2.144405e-09
1310 2.142185e-09
1311 2.139969e-09
1312 2.137757e-09
1313 2.135549e-09
1314 2.133345e-09
1315 2.131145e-09
1316 2.128949e-09
1317 2.126756e-09
1318 2.124568e-09
1319 2.122383e-09
1320 2.120203e-09
1321 2.118026e-09
1322 2.115853e-09
1323 2.113684e-09
1324 2.111519e-09
1325 2.109358e-09
1326 2.107200e-09
1327 2.105047e-09
1328 2.102897e-09
1329 2.100751e-09
1330 2.098609e-09
1331 2.096471e-09
1332 2.094336e-09
1333 2.092205e-09
1334 2.090078e-09
1335 2.087955e-09
1336 2.085836e-09
1337 2.083720e-09
1338 2.081608e-09
1339 2.079499e-09
1340 2.077395e-09
1341 2.075294e-09
1342 2.073196e-09
1343 2.071103e-09
1344 2.069013e-09
1345 2.066927e-09
1346 2.064844e-09
1347 2.062765e-09
1348 2.060690e-09
1349 2.058618e-09
1350 2.056550e-09
1351 2.054486e-09
1352 2.052449e-09
1353 2.050415e-09
1354 2.048385e-09
1355 2.046358e-09
1356 2.044335e-09
1357 2.042316e-09
1358 2.040300e-09
1359 2.038287e-09
1360 2.036278e-09
1361 2.034272e-09
1362 2.032270e-09
1363 2.030271e-09
1364 2.028276e-09
1365 2.026284e-09
1366 2.024295e-09
1367 2.022310e-09
1368 2.020328e-09
1369 2.018350e-09
1370 2.016375e-09
1371 2.014403e-09
1372 2.012435e-09
1373 2.010470e-09
1374 2.008509e-09
1375 2.006550e-09
1376 2.004596e-09
1377 2.002644e-09
1378 2.000696e-09
1379 1.998751e-09
1380 1.996809e-09
1381 1.994871e-09
1382 1.992936e-09
1383 1.991004e-09
1384 1.989075e-09
1385 1.987150e-09
1386 1.985228e-09
1387 1.983309e-09
1388 1.981394e-09
1389 1.979482e-09
1390 1.977573e-09
1391 1.975667e-09
1392 1.973764e-09
1393 1.971865e-09
1394 1.969968e-09
1395 1.968075e-09
1396 1.966185e-09
1397 1.964298e-09
1398 1.962415e-09
1399 1.960534e-09
1400 1.958657e-09
1401 1.956783e-09
1402 1.954912e-09
1403 1.953044e-09
1404 1.951179e-09
1405 1.949317e-09
1406 1.947459e-09
1407 1.945603e-09
1408 1.943751e-09
1409 1.941902e-09
1410 1.940055e-09
1411 1.938212e-09
1412 1.936372e-09
1413 1.934535e-09
1414 1.932701e-09
1415 1.930870e-09
1416 1.929042e-09
1417 1.927217e-09
1418 1.925395e-09
1419 1.923576e-09
1420 1.921760e-09
1421 1.919947e-09
1422 1.918137e-09
1423 1.916330e-09
1424 1.914526e-09
1425 1.912724e-09
1426 1.910926e-09
1427 1.909131e-09
1428 1.907339e-09
1429 1.905550e-09
1430 1.903763e-09
1431 1.901980e-09
1432 1.900199e-09
1433 1.898422e-09
1434 1.896647e-09
1435 1.894875e-09
1436 1.893106e-09
1437 1.891340e-09
1438 1.889577e-09
1439 1.887816e-09
1440 1.886059e-09
1441 1.884304e-09
1442 1.882553e-09
1443 1.880804e-09
1444 1.879058e-09
1445 1.877314e-09
1446 1.875574e-09
1447 1.873836e-09
1448 1.872101e-09
1449 1.870386e-09
1450 1.868675e-09
1451 1.866968e-09
1452 1.865262e-09
1453 1.863560e-09
1454 1.861861e-09
1455 1.860164e-09
1456 1.858469e-09
1457 1.856778e-09
1458 1.855089e-09
1459 1.853403e-09
1460 1.851720e-09
1461 1.850039e-09
1462 1.848361e-09
1463 1.846686e-09
1464 1.845013e-09
1465 1.843343e-09
1466 1.841675e-09
1467 1.840011e-09
1468 1.838348e-09
1469 1.836689e-09
1470 1.835032e-09
1471 1.833378e-09
1472 1.831726e-09
1473 1.830077e-09
1474 1.828431e-09
1475 1.826787e-09
1476 1.825146e-09
1477 1.823507e-09
1478 1.821871e-09
1479 1.820237e-09
1480 1.818606e-09
1481 1.816978e-09
1482 1.815352e-09
1483 1.813729e-09
1484 1.812108e-09
1485 1.810490e-09
1486 1.808874e-09
1487 1.807261e-09
1488 1.805651e-09
1489 1.804043e-09
1490 1.802437e-09
1491 1.800834e-09
1492 1.799233e-09
1493 1.797635e-09
1494 1.796040e-09
1495 1.794447e-09
1496 1.792856e-09
1497 1.791268e-09
1498 1.789682e-09
1499 1.788099e-09
1500 1.786518e-09
1501 1.784940e-09
1502 1.783364e-09
1503 1.781790e-09
1504 1.780219e-09
1505 1.778651e-09
1506 1.777085e-09
1507 1.775521e-09
1508 1.773959e-09
1509 1.772400e-09
1510 1.770844e-09
1511 1.769290e-09
1512 1.767738e-09
1513 1.766189e-09
1514 1.764642e-09
1515 1.763097e-09
1516 1.761555e-09
1517 1.760015e-09
1518 1.758478e-09
1519 1.756942e-09
1520 1.755410e-09
1521 1.753879e-09
1522 1.752351e-09
1523 1.750825e-09
1524 1.749302e-09
1525 1.747781e-09
1526 1.746262e-09
1527 1.744745e-09
1528 1.743231e-09
1529 1.741719e-09
1530 1.740210e-09
1531 1.738702e-09
1532 1.737197e-09
1533 1.735695e-09
1534 1.734194e-09
1535 1.732696e-09
1536 1.731200e-09
1537 1.729706e-09
1538 1.728215e-09
1539 1.726726e-09
1540 1.725239e-09
1541 1.723754e-09
1542 1.722272e-09
1543 1.720792e-09
1544 1.719314e-09
1545 1.717838e-09
1546 1.716365e-09
1547 1.714893e-09
1548 1.713424e-09
1549 1.711957e-09
1550 1.710493e-09
1551 1.709030e-09
1552 1.707570e-09
1553 1.706123e-09
1554 1.704681e-09
1555 1.703242e-09
1556 1.701805e-09
1557 1.700369e-09
1558 1.698936e-09
1559 1.697505e-09
1560 1.696076e-09
1561 1.694650e-09
1562 1.693225e-09
1563 1.691803e-09
1564 1.690382e-09
1565 1.688964e-09
1566 1.687548e-09
1567 1.686134e-09
1568 1.684721e-09
1569 1.683312e-09
1570 1.681904e-09
1571 1.680498e-09
1572 1.679094e-09
1573 1.677692e-09
1574 1.676293e-09
1575 1.674895e-09
1576 1.673500e-09
1577 1.672106e-09
1578 1.670715e-09
1579 1.669326e-09
1580 1.667938e-09
1581 1.666553e-09
1582 1.665170e-09
1583 1.663788e-09
1584 1.662409e-09
1585 1.661032e-09
1586 1.659657e-09
1587 1.658283e-09
1588 1.656912e-09
1589 1.655543e-09
1590 1.654176e-09
1591 1.652810e-09
1592 1.651447e-09
1593 1.650086e-09
1594 1.648727e-09
1595 1.647369e-09
1596 1.646014e-09
1597 1.644660e-09
1598 1.643309e-09
1599 1.641960e-09
1600 1.640612e-09
1601 1.639266e-09
1602 1.637923e-09
1603 1.636581e-09
1604 1.635241e-09
1605 1.633903e-09
1606 1.632567e-09
1607 1.631233e-09
1608 1.629901e-09
1609 1.628571e-09
1610 1.627243e-09
1611 1.625917e-09
1612 1.624592e-09
1613 1.623270e-09
1614 1.621949e-09
1615 1.620630e-09
1616 1.619313e-09
1617 1.617998e-09
1618 1.616685e-09
1619 1.615374e-09
1620 1.614065e-09
1621 1.612757e-09
1622 1.611452e-09
1623 1.610148e-09
1624 1.608846e-09
1625 1.607546e-09
1626 1.606248e-09
1627 1.604951e-09
1628 1.603657e-09
1629 1.602364e-09
1630 1.601073e-09
1631 1.599784e-09
1632 1.598497e-09
1633 1.597212e-09
1634 1.595928e-09
1635 1.594646e-09
1636 1.593366e-09
1637 1.592088e-09
1638 1.590812e-09
1639 1.589537e-09
1640 1.588265e-09
1641 1.586994e-09
1642 1.585725e-09
1643 1.584457e-09
1644 1.583192e-09
1645 1.581928e-09
1646 1.580666e-09
1647 1.579406e-09
1648 1.578147e-09
1649 1.576891e-09
1650 1.575636e-09
1651 1.574383e-09
1652 1.573131e-09
1653 1.571882e-09
1654 1.570634e-09
1655 1.569387e-09
1656 1.568143e-09
1657 1.566900e-09
1658 1.565659e-09
1659 1.564420e-09
1660 1.563183e-09
1661 1.561947e-09
1662 1.560713e-09
1663 1.559480e-09
1664 1.558252e-09
1665 1.557033e-09
1666 1.555817e-09
1667 1.554602e-09
1668 1.553388e-09
1669 1.552176e-09
1670 1.550966e-09
1671 1.549758e-09
1672 1.548551e-09
1673 1.547346e-09
1674 1.546143e-09
1675 1.544941e-09
1676 1.543741e-09
1677 1.542543e-09
1678 1.541346e-09
1679 1.540151e-09
1680 1.538957e-09
1681 1.537765e-09
1682 1.536575e-09
1683 1.535387e-09
1684 1.534200e-09
1685 1.533014e-09
1686 1.531830e-09
1687 1.530648e-09
1688 1.529468e-09
1689 1.528289e-09
1690 1.527112e-09
1691 1.525936e-09
1692 1.524762e-09
1693 1.523589e-09
1694 1.522418e-09
1695 1.521249e-09
1696 1.520081e-09
1697 1.518915e-09
1698 1.517750e-09
1699 1.516587e-09
1700 1.515426e-09
1701 1.514266e-09
1702 1.513108e-09
1703 1.511951e-09
1704 1.510796e-09
1705 1.509642e-09
1706 1.508490e-09
1707 1.507340e-09
1708 1.506191e-09
1709 1.505044e-09
1710 1.503898e-09
1711 1.502753e-09
1712 1.501611e-09
1713 1.500469e-09
1714 1.499330e-09
1715 1.498192e-09
1716 1.497055e-09
1717 1.495920e-09
1718 1.494786e-09
1719 1.493654e-09
1720 1.492524e-09
1721 1.491395e-09
1722 1.490267e-09
1723 1.489141e-09
1724 1.488016e-09
1725 1.486893e-09
1726 1.485772e-09
1727 1.484652e-09
1728 1.483533e-09
1729 1.482416e-09
1730 1.481301e-09
1731 1.480187e-09
1732 1.479074e-09
1733 1.477963e-09
1734 1.476853e-09
1735 1.475745e-09
1736 1.474638e-09
1737 1.473533e-09
1738 1.472429e-09
1739 1.471327e-09
1740 1.470226e-09
1741 1.469127e-09
1742 1.468029e-09
1743 1.466932e-09
1744 1.465837e-09
1745 1.464744e-09
1746 1.463651e-09
1747 1.462561e-09
1748 1.461471e-09
1749 1.460384e-09
1750 1.459297e-09
1751 1.458212e-09
1752 1.457128e-09
1753 1.456046e-09
1754 1.454966e-09
1755 1.453886e-09
1756 1.452808e-09
1757 1.451732e-09
1758 1.450657e-09
1759 1.449583e-09
1760 1.448511e-09
1761 1.447440e-09
1762 1.446371e-09
1763 1.445302e-09
1764 1.444236e-09
1765 1.443170e-09
1766 1.442107e-09
1767 1.441044e-09
1768 1.439983e-09
1769 1.438923e-09
1770 1.437865e-09
1771 1.436808e-09
1772 1.435752e-09
1773 1.434698e-09
1774 1.433645e-09
1775 1.432594e-09
1776 1.431543e-09
1777 1.430495e-09
1778 1.429447e-09
1779 1.428401e-09
1780 1.427356e-09
1781 1.426313e-09
1782 1.425271e-09
1783 1.424230e-09
1784 1.423195e-09
1785 1.422165e-09
1786 1.421135e-09
1787 1.420108e-09
1788 1.419081e-09
1789 1.418056e-09
1790 1.417032e-09
1791 1.416009e-09
1792 1.414988e-09
1793 1.413968e-09
1794 1.412949e-09
1795 1.411932e-09
1796 1.410916e-09
1797 1.409901e-09
1798 1.408888e-09
1799 1.407875e-09
1800 1.406864e-09
1801 1.405855e-09
1802 1.404846e-09
1803 1.403839e-09
1804 1.402834e-09
1805 1.401829e-09
1806 1.400826e-09
1807 1.399824e-09
1808 1.398823e-09
1809 1.397824e-09
1810 1.396826e-09
1811 1.395829e-09
1812 1.394833e-09
1813 1.393839e-09
1814 1.392846e-09
1815 1.391854e-09
1816 1.390863e-09
1817 1.389874e-09
1818 1.388886e-09
1819 1.387899e-09
1820 1.386913e-09
1821 1.385929e-09
1822 1.384946e-09
1823 1.383964e-09
1824 1.382983e-09
1825 1.382004e-09
1826 1.381025e-09
1827 1.380048e-09
1828 1.379073e-09
1829 1.378098e-09
1830 1.377125e-09
1831 1.376153e-09
1832 1.375182e-09
1833 1.374212e-09
1834 1.373244e-09
1835 1.372276e-09
1836 1.371310e-09
1837 1.370346e-09
1838 1.369382e-09
1839 1.368420e-09
1840 1.367458e-09
1841 1.366498e-09
1842 1.365539e-09
1843 1.364582e-09
1844 1.363625e-09
1845 1.362670e-09
1846 1.361716e-09
1847 1.360763e-09
1848 1.359811e-09
1849 1.358861e-09
1850 1.357911e-09
1851 1.356963e-09
1852 1.356016e-09
1853 1.355070e-09
1854 1.354126e-09
1855 1.353182e-09
1856 1.352240e-09
1857 1.351299e-09
1858 1.350359e-09
1859 1.349420e-09
1860 1.348482e-09
1861 1.347546e-09
1862 1.346610e-09
1863 1.345676e-09
1864 1.344743e-09
1865 1.343811e-09
1866 1.342880e-09
1867 1.341951e-09
1868 1.341022e-09
1869 1.340095e-09
1870 1.339169e-09
1871 1.338243e-09
1872 1.337319e-09
1873 1.336397e-09
1874 1.335475e-09
1875 1.334554e-09
1876 1.333635e-09
1877 1.332717e-09
1878 1.331799e-09
1879 1.330883e-09
1880 1.329968e-09
1881 1.329054e-09
1882 1.328142e-09
1883 1.327230e-09
1884 1.326320e-09
1885 1.325410e-09
1886 1.324502e-09
1887 1.323595e-09
1888 1.322688e-09
1889 1.321783e-09
1890 1.320880e-09
1891 1.319977e-09
1892 1.319075e-09
1893 1.318174e-09
1894 1.317275e-09
1895 1.316376e-09
1896 1.315479e-09
1897 1.314583e-09
1898 1.313688e-09
1899 1.312793e-09
1900 1.311900e-09
1901 1.311008e-09
1902 1.310118e-09
1903 1.309228e-09
1904 1.308339e-09
1905 1.307451e-09
1906 1.306565e-09
1907 1.305679e-09
1908 1.304795e-09
1909 1.303911e-09
1910 1.303029e-09
1911 1.302148e-09
1912 1.301269e-09
1913 1.300395e-09
1914 1.299522e-09
1915 1.298650e-09
1916 1.297779e-09
1917 1.296909e-09
1918 1.296040e-09
1919 1.295172e-09
1920 1.294305e-09
1921 1.293439e-09
1922 1.292575e-09
1923 1.291711e-09
1924 1.290848e-09
1925 1.289986e-09
1926 1.289126e-09
1927 1.288266e-09
1928 1.287407e-09
1929 1.286549e-09
1930 1.285693e-09
1931 1.284837e-09
1932 1.283983e-09
1933 1.283129e-09
1934 1.282276e-09
1935 1.281425e-09
1936 1.280574e-09
1937 1.279725e-09
1938 1.278876e-09
1939 1.278028e-09
1940 1.277182e-09
1941 1.276336e-09
1942 1.275492e-09
1943 1.274648e-09
1944 1.273805e-09
1945 1.272964e-09
1946 1.272123e-09
1947 1.271284e-09
1948 1.270445e-09
1949 1.269607e-09
1950 1.268771e-09
1951 1.267935e-09
1952 1.267100e-09
1953 1.266266e-09
1954 1.265434e-09
1955 1.264602e-09
1956 1.263771e-09
1957 1.262941e-09
1958 1.262112e-09
1959 1.261284e-09
1960 1.260457e-09
1961 1.259631e-09
1962 1.258806e-09
1963 1.257982e-09
1964 1.257159e-09
1965 1.256337e-09
1966 1.255516e-09
1967 1.254695e-09
1968 1.253876e-09
1969 1.253058e-09
1970 1.252240e-09
1971 1.251424e-09
1972 1.250608e-09
1973 1.249794e-09
1974 1.248980e-09
1975 1.248167e-09
1976 1.247356e-09
1977 1.246545e-09
1978 1.245735e-09
1979 1.244926e-09
1980 1.244118e-09
1981 1.243311e-09
1982 1.242505e-09
1983 1.241700e-09
1984 1.240895e-09
1985 1.240092e-09
1986 1.239290e-09
1987 1.238488e-09
1988 1.237687e-09
1989 1.236888e-09
1990 1.236089e-09
1991 1.235291e-09
1992 1.234494e-09
1993 1.233698e-09
1994 1.232903e-09
1995 1.232109e-09
1996 1.231316e-09
1997 1.230523e-09
1998 1.229732e-09
1999 1.228941e-09
2000 1.228152e-09
2001 1.227363e-09
2002 1.226575e-09
2003 1.225788e-09
2004 1.225002e-09
2005 1.224217e-09
2006 1.223433e-09
2007 1.222649e-09
2008 1.221867e-09
2009 1.221085e-09
2010 1.220305e-09
2011 1.219525e-09
2012 1.218746e-09
2013 1.217968e-09
2014 1.217191e-09
2015 1.216414e-09
2016 1.215639e-09
2017 1.214864e-09
2018 1.214091e-09
2019 1.213318e-09
2020 1.212546e-09
2021 1.211775e-09
2022 1.211005e-09
2023 1.210236e-09
2024 1.209467e-09
2025 1.208700e-09
2026 1.207933e-09
2027 1.207167e-09
2028 1.206402e-09
2029 1.205638e-09
2030 1.204875e-09
2031 1.204113e-09
2032 1.203351e-09
2033 1.202590e-09
2034 1.201831e-09
2035 1.201072e-09
2036 1.200314e-09
2037 1.199556e-09
2038 1.198800e-09
2039 1.198044e-09
2040 1.197290e-09
2041 1.196536e-09
2042 1.195783e-09
2043 1.195031e-09
2044 1.194279e-09
2045 1.193529e-09
2046 1.192779e-09
2047 1.192030e-09
2048 1.191282e-09
2049 1.190535e-09
2050 1.189792e-09
2051 1.189049e-09
2052 1.188308e-09
2053 1.187567e-09
2054 1.186827e-09
2055 1.186088e-09
2056 1.185349e-09
2057 1.184612e-09
2058 1.183875e-09
2059 1.183139e-09
2060 1.182404e-09
2061 1.181670e-09
2062 1.180936e-09
2063 1.180204e-09
2064 1.179472e-09
2065 1.178741e-09
2066 1.178011e-09
2067 1.177281e-09
2068 1.176553e-09
2069 1.175825e-09
2070 1.175098e-09
2071 1.174372e-09
2072 1.173646e-09
2073 1.172922e-09
2074 1.172198e-09
2075 1.171475e-09
2076 1.170752e-09
2077 1.170031e-09
2078 1.169310e-09
2079 1.168591e-09
2080 1.167872e-09
2081 1.167153e-09
2082 1.166436e-09
2083 1.165719e-09
2084 1.165003e-09
2085 1.164288e-09
2086 1.163574e-09
2087 1.162860e-09
2088 1.162147e-09
2089 1.161435e-09
2090 1.160724e-09
2091 1.160014e-09
2092 1.159304e-09
2093 1.158595e-09
2094 1.157887e-09
2095 1.157179e-09
2096 1.156473e-09
2097 1.155767e-09
2098 1.155062e-09
2099 1.154358e-09
2100 1.153654e-09
2101 1.152951e-09
2102 1.152249e-09
2103 1.151548e-09
2104 1.150848e-09
2105 1.150148e-09
2106 1.149449e-09
2107 1.148751e-09
2108 1.148053e-09
2109 1.147356e-09
2110 1.146661e-09
2111 1.145965e-09
2112 1.145271e-09
2113 1.144577e-09
2114 1.143884e-09
2115 1.143192e-09
2116 1.142501e-09
2117 1.141810e-09
2118 1.141120e-09
2119 1.140431e-09
2120 1.139742e-09
2121 1.139054e-09
2122 1.138367e-09
2123 1.137681e-09
2124 1.136996e-09
2125 1.136311e-09
2126 1.135627e-09
2127 1.134943e-09
2128 1.134261e-09
2129 1.133579e-09
2130 1.132898e-09
2131 1.132217e-09
2132 1.131538e-09
2133 1.130859e-09
2134 1.130180e-09
2135 1.129503e-09
2136 1.128826e-09
2137 1.128150e-09
2138 1.127475e-09
2139 1.126800e-09
2140 1.126126e-09
2141 1.125453e-09
2142 1.124780e-09
2143 1.124109e-09
2144 1.123438e-09
2145 1.122767e-09
2146 1.122098e-09
2147 1.121429e-09
2148 1.120761e-09
2149 1.120093e-09
2150 1.119426e-09
2151 1.118760e-09
2152 1.118095e-09
2153 1.117430e-09
2154 1.116766e-09
2155 1.116103e-09
2156 1.115440e-09
2157 1.114779e-09
2158 1.114117e-09
2159 1.113457e-09
2160 1.112797e-09
2161 1.112138e-09
2162 1.111480e-09
2163 1.110822e-09
2164 1.110165e-09
2165 1.109509e-09
2166 1.108853e-09
2167 1.108198e-09
2168 1.107544e-09
2169 1.106891e-09
2170 1.106238e-09
2171 1.105586e-09
2172 1.104934e-09
2173 1.104283e-09
2174 1.103633e-09
2175 1.102984e-09
2176 1.102335e-09
2177 1.101687e-09
2178 1.101040e-09
2179 1.100393e-09
2180 1.099747e-09
2181 1.099101e-09
2182 1.098457e-09
2183 1.097813e-09
2184 1.097169e-09
2185 1.096527e-09
2186 1.095885e-09
2187 1.095243e-09
2188 1.094603e-09
2189 1.093963e-09
2190 1.093323e-09
2191 1.092685e-09
2192 1.092047e-09
2193 1.091409e-09
2194 1.090773e-09
2195 1.090137e-09
2196 1.089501e-09
2197 1.088868e-09
2198 1.088235e-09
2199 1.087603e-09
2200 1.086972e-09
2201 1.086342e-09
2202 1.085712e-09
2203 1.085083e-09
2204 1.084454e-09
2205 1.083827e-09
2206 1.083199e-09
2207 1.082573e-09
2208 1.081947e-09
2209 1.081322e-09
2210 1.080697e-09
2211 1.080073e-09
2212 1.079450e-09
2213 1.078827e-09
2214 1.078205e-09
2215 1.077584e-09
2216 1.076963e-09
2217 1.076343e-09
2218 1.075723e-09
2219 1.075104e-09
2220 1.074486e-09
2221 1.073868e-09
2222 1.073251e-09
2223 1.072635e-09
2224 1.072019e-09
2225 1.071404e-09
2226 1.070790e-09
2227 1.070176e-09
2228 1.069563e-09
2229 1.068950e-09
2230 1.068338e-09
2231 1.067727e-09
2232 1.067116e-09
2233 1.066506e-09
2234 1.065897e-09
2235 1.065288e-09
2236 1.064680e-09
2237 1.064072e-09
2238 1.063465e-09
2239 1.062859e-09
2240 1.062253e-09
2241 1.061648e-09
2242 1.061044e-09
2243 1.060440e-09
2244 1.059836e-09
2245 1.059234e-09
2246 1.058632e-09
2247 1.058030e-09
2248 1.057429e-09
2249 1.056829e-09
2250 1.056230e-09
2251 1.055631e-09
2252 1.055032e-09
2253 1.054434e-09
2254 1.053837e-09
2255 1.053241e-09
2256 1.052645e-09
2257 1.052049e-09
2258 1.051454e-09
2259 1.050860e-09
2260 1.050267e-09
2261 1.049674e-09
2262 1.049081e-09
2263 1.048489e-09
2264 1.047898e-09
2265 1.047308e-09
2266 1.046717e-09
2267 1.046128e-09
2268 1.045539e-09
2269 1.044951e-09
2270 1.044363e-09
2271 1.043776e-09
2272 1.043190e-09
2273 1.042604e-09
2274 1.042019e-09
2275 1.041434e-09
2276 1.040850e-09
2277 1.040266e-09
2278 1.039683e-09
2279 1.039101e-09
2280 1.038519e-09
2281 1.037938e-09
2282 1.037357e-09
2283 1.036777e-09
2284 1.036198e-09
2285 1.035619e-09
2286 1.035040e-09
2287 1.034463e-09
2288 1.033885e-09
2289 1.033309e-09
2290 1.032733e-09
2291 1.032157e-09
2292 1.031582e-09
2293 1.031008e-09
2294 1.030434e-09
2295 1.029861e-09
2296 1.029289e-09
2297 1.028716e-09
2298 1.028145e-09
2299 1.027574e-09
2300 1.027004e-09
2301 1.026434e-09
2302 1.025865e-09
2303 1.025296e-09
2304 1.024728e-09
2305 1.024160e-09
2306 1.023593e-09
2307 1.023027e-09
2308 1.022461e-09
2309 1.021896e-09
2310 1.021331e-09
2311 1.020767e-09
2312 1.020203e-09
2313 1.019640e-09
2314 1.019078e-09
2315 1.018516e-09
2316 1.017954e-09
2317 1.017393e-09
2318 1.016833e-09
2319 1.016273e-09
2320 1.015714e-09
2321 1.015156e-09
2322 1.014597e-09
2323 1.014040e-09
2324 1.013483e-09
2325 1.012926e-09
2326 1.012370e-09
2327 1.011815e-09
2328 1.011260e-09
2329 1.010706e-09
2330 1.010152e-09
2331 1.009599e-09
2332 1.009046e-09
2333 1.008494e-09
2334 1.007942e-09
2335 1.007391e-09
2336 1.006841e-09
2337 1.006291e-09
2338 1.005741e-09
2339 1.005192e-09
2340 1.004644e-09
2341 1.004096e-09
2342 1.003549e-09
2343 1.003002e-09
2344 1.002456e-09
2345 1.001910e-09
2346 1.001365e-09
2347 1.000820e-09
2348 1.000276e-09
2349 9.997325e-10
2350 9.991894e-10
2351 9.986468e-10
2352 9.981048e-10
2353 9.975633e-10
2354 9.970223e-10
2355 9.964822e-10
2356 9.959429e-10
2357 9.954041e-10
2358 9.948658e-10
2359 9.943280e-10
2360 9.937907e-10
2361 9.932540e-10
2362 9.927178e-10
2363 9.921820e-10
2364 9.916469e-10
2365 9.911122e-10
2366 9.905780e-10
2367 9.900444e-10
2368 9.895112e-10
2369 9.889786e-10
2370 9.884465e-10
2371 9.879149e-10
2372 9.873838e-10
2373 9.868532e-10
2374 9.863231e-10
2375 9.857935e-10
2376 9.852645e-10
2377 9.847359e-10
2378 9.842079e-10
2379 9.836803e-10
2380 9.831533e-10
2381 9.826267e-10
2382 9.821007e-10
2383 9.815752e-10
2384 9.810501e-10
2385 9.805256e-10
2386 9.800016e-10
2387 9.794780e-10
2388 9.789550e-10
2389 9.784325e-10
2390 9.779104e-10
2391 9.773889e-10
2392 9.768678e-10
2393 9.763473e-10
2394 9.758272e-10
2395 9.753077e-10
2396 9.747886e-10
2397 9.742700e-10
2398 9.737519e-10
2399 9.732344e-10
2400 9.727173e-10
2401 9.722006e-10
2402 9.716845e-10
2403 9.711689e-10
2404 9.706537e-10
2405 9.701391e-10
2406 9.696249e-10
2407 9.691112e-10
2408 9.685980e-10
2409 9.680853e-10
2410 9.675731e-10
2411 9.670613e-10
2412 9.665501e-10
2413 9.660393e-10
2414 9.655290e-10
2415 9.650192e-10
2416 9.645098e-10
2417 9.640010e-10
2418 9.634926e-10
2419 9.629847e-10
2420 9.624773e-10
2421 9.619703e-10
2422 9.614638e-10
2423 9.609578e-10
2424 9.604523e-10
2425 9.599473e-10
2426 9.594427e-10
2427 9.589386e-10
2428 9.584350e-10
2429 9.579318e-10
2430 9.574291e-10
2431 9.569269e-10
2432 9.564252e-10
2433 9.559239e-10
2434 9.554231e-10
2435 9.549227e-10
2436 9.544229e-10
2437 9.539234e-10
2438 9.534245e-10
2439 9.529260e-10
2440 9.524280e-10
2441 9.519305e-10
2442 9.514334e-10
2443 9.509368e-10
2444 9.504406e-10
2445 9.499449e-10
2446 9.494497e-10
2447 9.489549e-10
2448 9.484606e-10
2449 9.479667e-10
2450 9.474733e-10
2451 9.469804e-10
2452 9.464879e-10
2453 9.459959e-10
2454 9.455043e-10
2455 9.450132e-10
2456 9.445226e-10
2457 9.440324e-10
2458 9.435426e-10
2459 9.430533e-10
2460 9.425645e-10
2461 9.420761e-10
2462 9.415881e-10
2463 9.411006e-10
2464 9.406136e-10
2465 9.401270e-10
2466 9.396409e-10
2467 9.391552e-10
2468 9.386699e-10
2469 9.381851e-10
2470 9.377008e-10
2471 9.372169e-10
2472 9.367334e-10
2473 9.362504e-10
2474 9.357678e-10
2475 9.352857e-10
2476 9.348040e-10
2477 9.343228e-10
2478 9.338420e-10
2479 9.333616e-10
2480 9.328817e-10
2481 9.324022e-10
2482 9.319232e-10
2483 9.314446e-10
2484 9.309664e-10
2485 9.304887e-10
2486 9.300114e-10
2487 9.295345e-10
2488 9.290581e-10
2489 9.285822e-10
2490 9.281066e-10
2491 9.276315e-10
2492 9.271568e-10
2493 9.266826e-10
2494 9.262088e-10
2495 9.257354e-10
2496 9.252624e-10
2497 9.247899e-10
2498 9.243178e-10
2499 9.238462e-10
2500 9.233750e-10
2501 9.229042e-10
2502 9.224338e-10
2503 9.219639e-10
2504 9.214943e-10
2505 9.210253e-10
2506 9.205566e-10
2507 9.200884e-10
2508 9.196205e-10
2509 9.191532e-10
2510 9.186862e-10
2511 9.182196e-10
2512 9.177535e-10
2513 9.172878e-10
2514 9.168226e-10
2515 9.163577e-10
2516 9.158933e-10
2517 9.154292e-10
2518 9.149657e-10
2519 9.145025e-10
2520 9.140397e-10
2521 9.135774e-10
2522 9.131155e-10
2523 9.126539e-10
2524 9.121926e-10
2525 9.117313e-10
2526 9.112704e-10
2527 9.108099e-10
2528 9.103499e-10
2529 9.098903e-10
2530 9.094310e-10
2531 9.089722e-10
2532 9.085139e-10
2533 9.080559e-10
2534 9.075983e-10
2535 9.071411e-10
2536 9.066844e-10
2537 9.062281e-10
2538 9.057721e-10
2539 9.053166e-10
2540 9.048615e-10
2541 9.044068e-10
2542 9.039525e-10
2543 9.034986e-10
2544 9.030451e-10
2545 9.025921e-10
2546 9.021394e-10
2547 9.016871e-10
2548 9.012353e-10
2549 9.007838e-10
2550 9.003327e-10
2551 8.998821e-10
2552 8.994318e-10
2553 8.989820e-10
2554 8.985325e-10
2555 8.980835e-10
2556 8.976348e-10
2557 8.971866e-10
2558 8.967387e-10
2559 8.962913e-10
2560 8.958442e-10
2561 8.953976e-10
2562 8.949513e-10
2563 8.945054e-10
2564 8.940600e-10
2565 8.936149e-10
2566 8.931702e-10
2567 8.927259e-10
2568 8.922821e-10
2569 8.918386e-10
2570 8.913955e-10
2571 8.909528e-10
2572 8.905104e-10
2573 8.900685e-10
2574 8.896270e-10
2575 8.891858e-10
2576 8.887451e-10
2577 8.883047e-10
2578 8.878647e-10
2579 8.874251e-10
2580 8.869859e-10
2581 8.865471e-10
2582 8.861087e-10
2583 8.856707e-10
2584 8.852330e-10
2585 8.847957e-10
2586 8.843589e-10
2587 8.839224e-10
2588 8.834862e-10
2589 8.830505e-10
2590 8.826152e-10
2591 8.821802e-10
2592 8.817456e-10
2593 8.813114e-10
2594 8.808776e-10
2595 8.804442e-10
2596 8.800111e-10
2597 8.795784e-10
2598 8.791461e-10
2599 8.787142e-10
2600 8.782826e-10
2601 8.778515e-10
2602 8.774207e-10
2603 8.769903e-10
2604 8.765602e-10
2605 8.761306e-10
2606 8.757013e-10
2607 8.752724e-10
2608 8.748438e-10
2609 8.744157e-10
2610 8.739879e-10
2611 8.735605e-10
2612 8.731334e-10
2613 8.727068e-10
2614 8.722805e-10
2615 8.718545e-10
2616 8.714290e-10
2617 8.710038e-10
2618 8.705790e-10
2619 8.701545e-10
2620 8.697305e-10
2621 8.693067e-10
2622 8.688834e-10
2623 8.684604e-10
2624 8.680378e-10
2625 8.676156e-10
2626 8.671937e-10
2627 8.667722e-10
2628 8.663511e-10
2629 8.659303e-10
2630 8.655099e-10
2631 8.650898e-10
2632 8.646701e-10
2633 8.642508e-10
2634 8.638318e-10
2635 8.634132e-10
2636 8.629950e-10
2637 8.625771e-10
2638 8.621596e-10
2639 8.617424e-10
2640 8.613256e-10
2641 8.609092e-10
2642 8.604931e-10
2643 8.600774e-10
2644 8.596620e-10
2645 8.592470e-10
2646 8.588324e-10
2647 8.584181e-10
2648 8.580042e-10
2649 8.575906e-10
2650 8.571774e-10
2651 8.567645e-10
2652 8.563520e-10
2653 8.559398e-10
2654 8.555280e-10
2655 8.551166e-10
2656 8.547055e-10
2657 8.542947e-10
2658 8.538843e-10
2659 8.534743e-10
2660 8.530646e-10
2661 8.526552e-10
2662 8.522462e-10
2663 8.518376e-10
2664 8.514293e-10
2665 8.510213e-10
2666 8.506137e-10
2667 8.502065e-10
2668 8.497996e-10
2669 8.493930e-10
2670 8.489868e-10
2671 8.485810e-10
2672 8.481754e-10
2673 8.477703e-10
2674 8.473655e-10
2675 8.469610e-10
2676 8.465568e-10
2677 8.461530e-10
2678 8.457496e-10
2679 8.453465e-10
2680 8.449437e-10
2681 8.445413e-10
2682 8.441392e-10
2683 8.437375e-10
2684 8.433361e-10
2685 8.429350e-10
2686 8.425343e-10
2687 8.421339e-10
2688 8.417339e-10
2689 8.413342e-10
2690 8.409348e-10
2691 8.405358e-10
2692 8.401371e-10
2693 8.397387e-10
2694 8.393407e-10
2695 8.389431e-10
2696 8.385457e-10
2697 8.381487e-10
2698 8.377520e-10
2699 8.373557e-10
2700 8.369597e-10
2701 8.365640e-10
2702 8.361687e-10
2703 8.357737e-10
2704 8.353790e-10
2705 8.349846e-10
2706 8.345896e-10
2707 8.341948e-10
2708 8.338004e-10
2709 8.334063e-10
2710 8.330126e-10
2711 8.326191e-10
2712 8.322260e-10
2713 8.318333e-10
2714 8.314409e-10
2715 8.310488e-10
2716 8.306570e-10
2717 8.302655e-10
2718 8.298744e-10
2719 8.294836e-10
2720 8.290932e-10
2721 8.287030e-10
2722 8.283132e-10
2723 8.279238e-10
2724 8.275346e-10
2725 8.271458e-10
2726 8.267573e-10
2727 8.263691e-10
2728 8.259813e-10
2729 8.255937e-10
2730 8.252065e-10
2731 8.248196e-10
2732 8.244331e-10
2733 8.240469e-10
2734 8.236609e-10
2735 8.232753e-10
2736 8.228901e-10
2737 8.225051e-10
2738 8.221205e-10
2739 8.217362e-10
2740 8.213522e-10
2741 8.209685e-10
2742 8.205852e-10
2743 8.202022e-10
2744 8.198194e-10
2745 8.194370e-10
2746 8.190550e-10
2747 8.186732e-10
2748 8.182918e-10
2749 8.179106e-10
2750 8.175298e-10
2751 8.171493e-10
2752 8.167691e-10
2753 8.163893e-10
2754 8.160097e-10
2755 8.156305e-10
2756 8.152516e-10
2757 8.148730e-10
2758 8.144947e-10
2759 8.141167e-10
2760 8.137390e-10
2761 8.133617e-10
2762 8.129846e-10
2763 8.126079e-10
2764 8.122314e-10
2765 8.118553e-10
2766 8.114795e-10
2767 8.111040e-10
2768 8.107288e-10
2769 8.103540e-10
2770 8.099794e-10
2771 8.096051e-10
2772 8.092312e-10
2773 8.088575e-10
2774 8.084842e-10
2775 8.081112e-10
2776 8.077384e-10
2777 8.073660e-10
2778 8.069939e-10
2779 8.066221e-10
2780 8.062506e-10
2781 8.058794e-10
2782 8.055085e-10
2783 8.051379e-10
2784 8.047676e-10
2785 8.043977e-10
2786 8.040280e-10
2787 8.036586e-10
2788 8.032895e-10
2789 8.029207e-10
2790 8.025523e-10
2791 8.021841e-10
2792 8.018162e-10
2793 8.014487e-10
2794 8.010814e-10
2795 8.007144e-10
2796 8.003477e-10
2797 7.999814e-10
2798 7.996153e-10
2799 7.992495e-10
2800 7.988840e-10
2801 7.985189e-10
2802 7.981540e-10
2803 7.977894e-10
2804 7.974251e-10
2805 7.970611e-10
2806 7.966974e-10
2807 7.963340e-10
2808 7.959709e-10
2809 7.956081e-10
2810 7.952456e-10
2811 7.948834e-10
2812 7.945214e-10
2813 7.941598e-10
2814 7.937984e-10
2815 7.934374e-10
2816 7.930766e-10
2817 7.927162e-10
2818 7.923560e-10
2819 7.919961e-10
2820 7.916365e-10
2821 7.912772e-10
2822 7.909182e-10
2823 7.905595e-10
2824 7.902010e-10
2825 7.898429e-10
2826 7.894850e-10
2827 7.891275e-10
2828 7.887702e-10
2829 7.884132e-10
2830 7.880565e-10
2831 7.877001e-10
2832 7.873440e-10
2833 7.869881e-10
2834 7.866326e-10
2835 7.862773e-10
2836 7.859223e-10
2837 7.855676e-10
2838 7.852132e-10
2839 7.848591e-10
2840 7.845053e-10
2841 7.841517e-10
2842 7.837984e-10
2843 7.834454e-10
2844 7.830927e-10
2845 7.827403e-10
2846 7.823882e-10
2847 7.820363e-10
2848 7.816847e-10
2849 7.813334e-10
2850 7.809824e-10
2851 7.806317e-10
2852 7.802812e-10
2853 7.799310e-10
2854 7.795811e-10
2855 7.792315e-10
2856 7.788822e-10
2857 7.785331e-10
2858 7.781843e-10
2859 7.778358e-10
2860 7.774876e-10
2861 7.771397e-10
2862 7.767920e-10
2863 7.764446e-10
2864 7.760975e-10
2865 7.757506e-10
2866 7.754041e-10
2867 7.750578e-10
2868 7.747118e-10
2869 7.743660e-10
2870 7.740206e-10
2871 7.736754e-10
2872 7.733305e-10
2873 7.729858e-10
2874 7.726415e-10
2875 7.722974e-10
2876 7.719536e-10
2877 7.716100e-10
2878 7.712667e-10
2879 7.709237e-10
2880 7.705810e-10
2881 7.702385e-10
2882 7.698963e-10
2883 7.695544e-10
2884 7.692128e-10
2885 7.688714e-10
2886 7.685303e-10
2887 7.681894e-10
2888 7.678489e-10
2889 7.675086e-10
2890 7.671685e-10
2891 7.668288e-10
2892 7.664893e-10
2893 7.661500e-10
2894 7.658111e-10
2895 7.654724e-10
2896 7.651339e-10
2897 7.647958e-10
2898 7.644579e-10
2899 7.641202e-10
2900 7.637820e-10
2901 7.634434e-10
2902 7.631051e-10
2903 7.627671e-10
2904 7.624293e-10
2905 7.620917e-10
2906 7.617545e-10
2907 7.614175e-10
2908 7.610808e-10
2909 7.607443e-10
2910 7.604081e-10
2911 7.600722e-10
2912 7.597365e-10
2913 7.594011e-10
2914 7.590659e-10
2915 7.587311e-10
2916 7.583964e-10
2917 7.580621e-10
2918 7.577280e-10
2919 7.573942e-10
2920 7.570606e-10
2921 7.567273e-10
2922 7.563942e-10
2923 7.560614e-10
2924 7.557289e-10
2925 7.553966e-10
2926 7.550646e-10
2927 7.547329e-10
2928 7.544014e-10
2929 7.540701e-10
2930 7.537392e-10
2931 7.534084e-10
2932 7.530780e-10
2933 7.527478e-10
2934 7.524178e-10
2935 7.520882e-10
2936 7.517587e-10
2937 7.514296e-10
2938 7.511006e-10
2939 7.507720e-10
2940 7.504436e-10
2941 7.501154e-10
2942 7.497875e-10
2943 7.494599e-10
2944 7.491325e-10
2945 7.488054e-10
2946 7.484785e-10
2947 7.481518e-10
2948 7.478255e-10
2949 7.474994e-10
2950 7.471735e-10
2951 7.468479e-10
2952 7.465225e-10
2953 7.461974e-10
2954 7.458725e-10
2955 7.455479e-10
2956 7.452236e-10
2957 7.448995e-10
2958 7.445756e-10
2959 7.442520e-10
2960 7.439287e-10
2961 7.436056e-10
2962 7.432827e-10
2963 7.429601e-10
2964 7.426377e-10
2965 7.423156e-10
2966 7.419938e-10
2967 7.416721e-10
2968 7.413508e-10
2969 7.410297e-10
2970 7.407088e-10
2971 7.403882e-10
2972 7.400678e-10
2973 7.397477e-10
2974 7.394278e-10
2975 7.391081e-10
2976 7.387887e-10
2977 7.384696e-10
2978 7.381507e-10
2979 7.378320e-10
2980 7.375136e-10
2981 7.371954e-10
2982 7.368775e-10
2983 7.365598e-10
2984 7.362424e-10
2985 7.359252e-10
2986 7.356082e-10
2987 7.352915e-10
2988 7.349751e-10
2989 7.346588e-10
2990 7.343429e-10
2991 7.340271e-10
2992 7.337116e-10
2993 7.333963e-10
2994 7.330813e-10
2995 7.327665e-10
2996 7.324520e-10
2997 7.321377e-10
2998 7.318237e-10
2999 7.315098e-10
3000 7.311962e-10
3001 7.308829e-10
3002 7.305698e-10
3003 7.302569e-10
3004 7.299443e-10
3005 7.296319e-10
3006 7.293198e-10
3007 7.290079e-10
3008 7.286962e-10
3009 7.283847e-10
3010 7.280735e-10
3011 7.277626e-10
3012 7.274518e-10
3013 7.271413e-10
3014 7.268311e-10
3015 7.265210e-10
3016 7.262113e-10
3017 7.259017e-10
3018 7.255924e-10
3019 7.252833e-10
3020 7.249744e-10
3021 7.246658e-10
3022 7.243574e-10
3023 7.240493e-10
3024 7.237414e-10
3025 7.234337e-10
3026 7.231262e-10
3027 7.228190e-10
3028 7.225120e-10
3029 7.222052e-10
3030 7.218987e-10
3031 7.215924e-10
3032 7.212863e-10
3033 7.209805e-10
3034 7.206749e-10
3035 7.203695e-10
3036 7.200644e-10
3037 7.197595e-10
3038 7.194548e-10
3039 7.191503e-10
3040 7.188461e-10
3041 7.185421e-10
3042 7.182383e-10
3043 7.179348e-10
3044 7.176315e-10
3045 7.173284e-10
3046 7.170255e-10
3047 7.167229e-10
3048 7.164205e-10
3049 7.161183e-10
3050 7.158164e-10
3051 7.155146e-10
3052 7.152131e-10
3053 7.149119e-10
3054 7.146108e-10
3055 7.143100e-10
3056 7.140094e-10
3057 7.137090e-10
3058 7.134089e-10
3059 7.131090e-10
3060 7.128093e-10
3061 7.125098e-10
3062 7.122105e-10
3063 7.119115e-10
3064 7.116127e-10
3065 7.113141e-10
3066 7.110158e-10
3067 7.107176e-10
3068 7.104197e-10
3069 7.101220e-10
3070 7.098245e-10
3071 7.095273e-10
3072 7.092303e-10
3073 7.089334e-10
3074 7.086369e-10
3075 7.083405e-10
3076 7.080443e-10
3077 7.077484e-10
3078 7.074527e-10
3079 7.071572e-10
3080 7.068619e-10
3081 7.065669e-10
3082 7.062721e-10
3083 7.059775e-10
3084 7.056831e-10
3085 7.053889e-10
3086 7.050949e-10
3087 7.048012e-10
3088 7.045077e-10
3089 7.042144e-10
3090 7.039213e-10
3091 7.036284e-10
3092 7.033357e-10
3093 7.030433e-10
3094 7.027511e-10
3095 7.024591e-10
3096 7.021673e-10
3097 7.018757e-10
3098 7.015843e-10
3099 7.012932e-10
3100 7.010023e-10
3101 7.007116e-10
3102 7.004211e-10
3103 7.001308e-10
3104 6.998407e-10
3105 6.995508e-10
3106 6.992612e-10
3107 6.989717e-10
3108 6.986823e-10
3109 6.983915e-10
3110 6.981010e-10
3111 6.978106e-10
3112 6.975205e-10
3113 6.972306e-10
3114 6.969409e-10
3115 6.966514e-10
3116 6.963621e-10
3117 6.960730e-10
3118 6.957842e-10
3119 6.954955e-10
3120 6.952071e-10
3121 6.949189e-10
3122 6.946309e-10
3123 6.943431e-10
3124 6.940555e-10
3125 6.937682e-10
3126 6.934810e-10
3127 6.931941e-10
3128 6.929073e-10
3129 6.926208e-10
3130 6.923345e-10
3131 6.920484e-10
3132 6.917625e-10
3133 6.914768e-10
3134 6.911913e-10
3135 6.909061e-10
3136 6.906210e-10
3137 6.903361e-10
3138 6.900515e-10
3139 6.897671e-10
3140 6.894828e-10
3141 6.891988e-10
3142 6.889150e-10
3143 6.886314e-10
3144 6.883480e-10
3145 6.880648e-10
3146 6.877818e-10
3147 6.874990e-10
3148 6.872165e-10
3149 6.869341e-10
3150 6.866519e-10
3151 6.863700e-10
3152 6.860882e-10
3153 6.858067e-10
3154 6.855253e-10
3155 6.852442e-10
3156 6.849633e-10
3157 6.846825e-10
3158 6.844020e-10
3159 6.841217e-10
3160 6.838416e-10
3161 6.835617e-10
3162 6.832819e-10
3163 6.830024e-10
3164 6.827231e-10
3165 6.824440e-10
3166 6.821651e-10
3167 6.818864e-10
3168 6.816079e-10
3169 6.813296e-10
3170 6.810515e-10
3171 6.807736e-10
3172 6.804960e-10
3173 6.802185e-10
3174 6.799412e-10
3175 6.796641e-10
3176 6.793872e-10
3177 6.791105e-10
3178 6.788340e-10
3179 6.785577e-10
3180 6.782816e-10
3181 6.780057e-10
3182 6.777300e-10
3183 6.774545e-10
3184 6.771792e-10
3185 6.769041e-10
3186 6.766292e-10
3187 6.763545e-10
3188 6.760800e-10
3189 6.758057e-10
3190 6.755316e-10
3191 6.752577e-10
3192 6.749840e-10
3193 6.747105e-10
3194 6.744371e-10
3195 6.741640e-10
3196 6.738911e-10
3197 6.736183e-10
3198 6.733458e-10
3199 6.730735e-10
3200 6.728013e-10
3201 6.725294e-10
3202 6.722576e-10
3203 6.719860e-10
3204 6.717147e-10
3205 6.714435e-10
3206 6.711725e-10
3207 6.709017e-10
3208 6.706311e-10
3209 6.703607e-10
3210 6.700905e-10
3211 6.698205e-10
3212 6.695507e-10
3213 6.692810e-10
3214 6.690116e-10
3215 6.687424e-10
3216 6.684733e-10
3217 6.682045e-10
3218 6.679358e-10
3219 6.676673e-10
3220 6.673990e-10
3221 6.671309e-10
3222 6.668630e-10
3223 6.665953e-10
3224 6.663278e-10
3225 6.660604e-10
3226 6.657933e-10
3227 6.655263e-10
3228 6.652596e-10
3229 6.649930e-10
3230 6.647266e-10
3231 6.644604e-10
3232 6.641944e-10
3233 6.639286e-10
3234 6.636630e-10
3235 6.633975e-10
3236 6.631323e-10
3237 6.628672e-10
3238 6.626023e-10
3239 6.623377e-10
3240 6.620731e-10
3241 6.618088e-10
3242 6.615447e-10
3243 6.612808e-10
3244 6.610170e-10
3245 6.607534e-10
3246 6.604901e-10
3247 6.602269e-10
3248 6.599639e-10
3249 6.597010e-10
3250 6.594384e-10
3251 6.591759e-10
3252 6.589137e-10
3253 6.586516e-10
3254 6.583897e-10
3255 6.581280e-10
3256 6.578664e-10
3257 6.576051e-10
3258 6.573439e-10
3259 6.570830e-10
3260 6.568222e-10
3261 6.565616e-10
3262 6.563011e-10
3263 6.560409e-10
3264 6.557808e-10
3265 6.555209e-10
3266 6.552612e-10
3267 6.550017e-10
3268 6.547424e-10
3269 6.544833e-10
3270 6.542243e-10
3271 6.539655e-10
3272 6.537069e-10
3273 6.534485e-10
3274 6.531902e-10
3275 6.529322e-10
3276 6.526743e-10
3277 6.524166e-10
3278 6.521591e-10
3279 6.519017e-10
3280 6.516446e-10
3281 6.513876e-10
3282 6.511308e-10
3283 6.508742e-10
3284 6.506177e-10
3285 6.503615e-10
3286 6.501054e-10
3287 6.498495e-10
3288 6.495937e-10
3289 6.493382e-10
3290 6.490828e-10
3291 6.488276e-10
3292 6.485726e-10
3293 6.483178e-10
3294 6.480631e-10
3295 6.478086e-10
3296 6.475543e-10
3297 6.473002e-10
3298 6.470463e-10
3299 6.467925e-10
3300 6.465389e-10
3301 6.462855e-10
3302 6.460322e-10
3303 6.457791e-10
3304 6.455262e-10
3305 6.452735e-10
3306 6.450210e-10
3307 6.447686e-10
3308 6.445164e-10
3309 6.442644e-10
3310 6.440126e-10
3311 6.437609e-10
3312 6.435094e-10
3313 6.432581e-10
3314 6.430069e-10
3315 6.427560e-10
3316 6.425052e-10
3317 6.422545e-10
3318 6.420041e-10
3319 6.417538e-10
3320 6.415037e-10
3321 6.412538e-10
3322 6.410040e-10
3323 6.407544e-10
3324 6.405050e-10
3325 6.402557e-10
3326 6.400067e-10
3327 6.397578e-10
3328 6.395090e-10
3329 6.392605e-10
3330 6.390121e-10
3331 6.387639e-10
3332 6.385145e-10
3333 6.382647e-10
3334 6.380151e-10
3335 6.377656e-10
3336 6.375164e-10
3337 6.372672e-10
3338 6.370183e-10
3339 6.367696e-10
3340 6.365210e-10
3341 6.362726e-10
3342 6.360243e-10
3343 6.357762e-10
3344 6.355283e-10
3345 6.352806e-10
3346 6.350331e-10
3347 6.347857e-10
3348 6.345384e-10
3349 6.342914e-10
3350 6.340445e-10
3351 6.337978e-10
3352 6.335513e-10
3353 6.333049e-10
3354 6.330587e-10
3355 6.328127e-10
3356 6.325668e-10
3357 6.323211e-10
3358 6.320756e-10
3359 6.318302e-10
3360 6.315850e-10
3361 6.313400e-10
3362 6.310951e-10
3363 6.308505e-10
3364 6.306059e-10
3365 6.303616e-10
3366 6.301174e-10
3367 6.298734e-10
3368 6.296295e-10
3369 6.293859e-10
3370 6.291423e-10
3371 6.288990e-10
3372 6.286558e-10
3373 6.284128e-10
3374 6.281699e-10
3375 6.279272e-10
3376 6.276847e-10
3377 6.274424e-10
3378 6.272002e-10
3379 6.269582e-10
3380 6.267163e-10
3381 6.264746e-10
3382 6.262331e-10
3383 6.259917e-10
3384 6.257505e-10
3385 6.255095e-10
3386 6.252686e-10
3387 6.250279e-10
3388 6.247873e-10
3389 6.245470e-10
3390 6.243067e-10
3391 6.240667e-10
3392 6.238268e-10
3393 6.235871e-10
3394 6.233475e-10
3395 6.231081e-10
3396 6.228689e-10
3397 6.226298e-10
3398 6.223909e-10
3399 6.221521e-10
3400 6.219135e-10
3401 6.216751e-10
3402 6.214368e-10
3403 6.211987e-10
3404 6.209607e-10
3405 6.207230e-10
3406 6.204853e-10
3407 6.202479e-10
3408 6.200106e-10
3409 6.197734e-10
3410 6.195364e-10
3411 6.192996e-10
3412 6.190629e-10
3413 6.188264e-10
3414 6.185901e-10
3415 6.183539e-10
3416 6.181179e-10
3417 6.178820e-10
3418 6.176463e-10
3419 6.174107e-10
3420 6.171754e-10
3421 6.169401e-10
3422 6.167051e-10
3423 6.164701e-10
3424 6.162354e-10
3425 6.160008e-10
3426 6.157663e-10
3427 6.155321e-10
3428 6.152979e-10
3429 6.150640e-10
3430 6.148301e-10
3431 6.145965e-10
3432 6.143630e-10
3433 6.141296e-10
3434 6.138965e-10
3435 6.136634e-10
3436 6.134306e-10
3437 6.131978e-10
3438 6.129653e-10
3439 6.127329e-10
3440 6.125006e-10
3441 6.122685e-10
3442 6.120366e-10
3443 6.118048e-10
3444 6.115732e-10
3445 6.113417e-10
3446 6.111104e-10
3447 6.108792e-10
3448 6.106482e-10
3449 6.104174e-10
3450 6.101867e-10
3451 6.099561e-10
3452 6.097257e-10
3453 6.094955e-10
3454 6.092654e-10
3455 6.090355e-10
3456 6.088057e-10
3457 6.085761e-10
3458 6.083466e-10
3459 6.081173e-10
3460 6.078881e-10
3461 6.076591e-10
3462 6.074302e-10
3463 6.072015e-10
3464 6.069729e-10
3465 6.067445e-10
3466 6.065163e-10
3467 6.062882e-10
3468 6.060602e-10
3469 6.058324e-10
3470 6.056048e-10
3471 6.053773e-10
3472 6.051499e-10
3473 6.049227e-10
3474 6.046957e-10
3475 6.044688e-10
3476 6.042421e-10
3477 6.040155e-10
3478 6.037890e-10
3479 6.035627e-10
3480 6.033366e-10
3481 6.031106e-10
3482 6.028847e-10
3483 6.026590e-10
3484 6.024335e-10
3485 6.022081e-10
3486 6.019829e-10
3487 6.017578e-10
3488 6.015328e-10
3489 6.013080e-10
3490 6.010834e-10
3491 6.008588e-10
3492 6.006345e-10
3493 6.004103e-10
3494 6.001862e-10
3495 5.999623e-10
3496 5.997385e-10
3497 5.995149e-10
3498 5.992914e-10
3499 5.990681e-10
3500 5.988449e-10
3501 5.986219e-10
3502 5.983990e-10
3503 5.981763e-10
3504 5.979537e-10
3505 5.977313e-10
3506 5.975090e-10
3507 5.972868e-10
3508 5.970648e-10
3509 5.968429e-10
3510 5.966212e-10
3511 5.963997e-10
3512 5.961782e-10
3513 5.959570e-10
3514 5.957358e-10
3515 5.955148e-10
3516 5.952940e-10
3517 5.950733e-10
3518 5.948527e-10
3519 5.946323e-10
3520 5.944121e-10
3521 5.941919e-10
3522 5.939720e-10
3523 5.937521e-10
3524 5.935324e-10
3525 5.933129e-10
3526 5.930935e-10
3527 5.928742e-10
3528 5.926551e-10
3529 5.924361e-10
3530 5.922173e-10
3531 5.919986e-10
3532 5.917801e-10
3533 5.915617e-10
3534 5.913434e-10
3535 5.911253e-10
3536 5.909073e-10
3537 5.906895e-10
3538 5.904718e-10
3539 5.902542e-10
3540 5.900368e-10
3541 5.898195e-10
3542 5.896024e-10
3543 5.893854e-10
3544 5.891686e-10
3545 5.889519e-10
3546 5.887353e-10
3547 5.885189e-10
3548 5.883026e-10
3549 5.880865e-10
3550 5.878705e-10
3551 5.876546e-10
3552 5.874389e-10
3553 5.872233e-10
3554 5.870079e-10
3555 5.867926e-10
3556 5.865774e-10
3557 5.863624e-10
3558 5.861475e-10
3559 5.859328e-10
3560 5.857182e-10
3561 5.855037e-10
3562 5.852894e-10
3563 5.850752e-10
3564 5.848611e-10
3565 5.846472e-10
3566 5.844334e-10
3567 5.842198e-10
3568 5.840063e-10
3569 5.837929e-10
3570 5.835797e-10
3571 5.833662e-10
3572 5.831513e-10
3573 5.829365e-10
3574 5.827219e-10
3575 5.825074e-10
3576 5.822930e-10
3577 5.820788e-10
3578 5.818647e-10
3579 5.816507e-10
3580 5.814369e-10
3581 5.812232e-10
3582 5.810097e-10
3583 5.807963e-10
3584 5.805830e-10
3585 5.803699e-10
3586 5.801569e-10
3587 5.799441e-10
3588 5.797314e-10
3589 5.795188e-10
3590 5.793064e-10
3591 5.790941e-10
3592 5.788819e-10
3593 5.786699e-10
3594 5.784580e-10
3595 5.782463e-10
3596 5.780346e-10
3597 5.778232e-10
3598 5.776118e-10
3599 5.774006e-10
3600 5.771895e-10
3601 5.769786e-10
3602 5.767678e-10
3603 5.765571e-10
3604 5.763466e-10
3605 5.761362e-10
3606 5.759260e-10
3607 5.757158e-10
3608 5.755059e-10
3609 5.752960e-10
3610 5.750863e-10
3611 5.748767e-10
3612 5.746672e-10
3613 5.744579e-10
3614 5.742488e-10
3615 5.740397e-10
3616 5.738308e-10
3617 5.736220e-10
3618 5.734134e-10
3619 5.732049e-10
3620 5.729965e-10
3621 5.727882e-10
3622 5.725801e-10
3623 5.723721e-10
3624 5.721643e-10
3625 5.719566e-10
3626 5.717490e-10
3627 5.715415e-10
3628 5.713342e-10
3629 5.711270e-10
3630 5.709200e-10
3631 5.707131e-10
3632 5.705063e-10
3633 5.702996e-10
3634 5.700931e-10
3635 5.698867e-10
3636 5.696805e-10
3637 5.694743e-10
3638 5.692683e-10
3639 5.690625e-10
3640 5.688567e-10
3641 5.686511e-10
3642 5.684456e-10
3643 5.682403e-10
3644 5.680351e-10
3645 5.678300e-10
3646 5.676250e-10
3647 5.674202e-10
3648 5.672155e-10
3649 5.670110e-10
3650 5.668065e-10
3651 5.666022e-10
3652 5.663981e-10
3653 5.661940e-10
3654 5.659901e-10
3655 5.657863e-10
3656 5.655827e-10
3657 5.653791e-10
3658 5.651757e-10
3659 5.649725e-10
3660 5.647693e-10
3661 5.645663e-10
3662 5.643634e-10
3663 5.641607e-10
3664 5.639580e-10
3665 5.637555e-10
3666 5.635532e-10
3667 5.633509e-10
3668 5.631488e-10
3669 5.629468e-10
3670 5.627449e-10
3671 5.625432e-10
3672 5.623416e-10
3673 5.621401e-10
3674 5.619388e-10
3675 5.617375e-10
3676 5.615364e-10
3677 5.613355e-10
3678 5.611346e-10
3679 5.609339e-10
3680 5.607333e-10
3681 5.605328e-10
3682 5.603325e-10
3683 5.601323e-10
3684 5.599322e-10
3685 5.597322e-10
3686 5.595324e-10
3687 5.593327e-10
3688 5.591331e-10
3689 5.589336e-10
3690 5.587343e-10
3691 5.585351e-10
3692 5.583360e-10
3693 5.581370e-10
3694 5.579382e-10
3695 5.577395e-10
3696 5.575409e-10
3697 5.573424e-10
3698 5.571441e-10
3699 5.569459e-10
3700 5.567478e-10
3701 5.565498e-10
3702 5.563520e-10
3703 5.561543e-10
3704 5.559567e-10
3705 5.557592e-10
3706 5.555618e-10
3707 5.553646e-10
3708 5.551675e-10
3709 5.549705e-10
3710 5.547737e-10
3711 5.545770e-10
3712 5.543803e-10
3713 5.541839e-10
3714 5.539875e-10
3715 5.537912e-10
3716 5.535951e-10
3717 5.533991e-10
3718 5.532032e-10
3719 5.530075e-10
3720 5.528119e-10
3721 5.526164e-10
3722 5.524210e-10
3723 5.522257e-10
3724 5.520305e-10
3725 5.518355e-10
3726 5.516406e-10
3727 5.514458e-10
3728 5.512512e-10
3729 5.510566e-10
3730 5.508622e-10
3731 5.506679e-10
3732 5.504737e-10
3733 5.502797e-10
3734 5.500857e-10
3735 5.498919e-10
3736 5.496982e-10
3737 5.495046e-10
3738 5.493112e-10
3739 5.491179e-10
3740 5.489246e-10
3741 5.487315e-10
3742 5.485386e-10
3743 5.483457e-10
3744 5.481530e-10
3745 5.479603e-10
3746 5.477678e-10
3747 5.475755e-10
3748 5.473832e-10
3749 5.471910e-10
3750 5.469990e-10
3751 5.468071e-10
3752 5.466153e-10
3753 5.464236e-10
3754 5.462321e-10
3755 5.460407e-10
3756 5.458493e-10
3757 5.456581e-10
3758 5.454671e-10
3759 5.452761e-10
3760 5.450853e-10
3761 5.448945e-10
3762 5.447039e-10
3763 5.445134e-10
3764 5.443230e-10
3765 5.441328e-10
3766 5.439426e-10
3767 5.437526e-10
3768 5.435627e-10
3769 5.433729e-10
3770 5.431832e-10
3771 5.429937e-10
3772 5.428042e-10
3773 5.426149e-10
3774 5.424257e-10
3775 5.422366e-10
3776 5.420476e-10
3777 5.418588e-10
3778 5.416700e-10
3779 5.414814e-10
3780 5.412929e-10
3781 5.411045e-10
3782 5.409162e-10
3783 5.407280e-10
3784 5.405400e-10
3785 5.403520e-10
3786 5.401642e-10
3787 5.399765e-10
3788 5.397889e-10
3789 5.396014e-10
3790 5.394141e-10
3791 5.392268e-10
3792 5.390397e-10
3793 5.388527e-10
3794 5.386658e-10
3795 5.384790e-10
3796 5.382923e-10
3797 5.381057e-10
3798 5.379193e-10
3799 5.377329e-10
3800 5.375467e-10
3801 5.373606e-10
3802 5.371746e-10
3803 5.369887e-10
3804 5.368029e-10
3805 5.366173e-10
3806 5.364317e-10
3807 5.362463e-10
3808 5.360610e-10
3809 5.358758e-10
3810 5.356907e-10
3811 5.355057e-10
3812 5.353208e-10
3813 5.351361e-10
3814 5.349514e-10
3815 5.347669e-10
3816 5.345825e-10
3817 5.343982e-10
3818 5.342140e-10
3819 5.340299e-10
3820 5.338459e-10
3821 5.336621e-10
3822 5.334783e-10
3823 5.332947e-10
3824 5.331111e-10
3825 5.329277e-10
3826 5.327444e-10
3827 5.325612e-10
3828 5.323771e-10
3829 5.321922e-10
3830 5.320074e-10
3831 5.318226e-10
3832 5.316380e-10
3833 5.314535e-10
3834 5.312692e-10
3835 5.310849e-10
3836 5.309007e-10
3837 5.307167e-10
3838 5.305327e-10
3839 5.303489e-10
3840 5.301652e-10
3841 5.299816e-10
3842 5.297981e-10
3843 5.296147e-10
3844 5.294315e-10
3845 5.292483e-10
3846 5.290653e-10
3847 5.288823e-10
3848 5.286995e-10
3849 5.285168e-10
3850 5.283342e-10
3851 5.281517e-10
3852 5.279693e-10
3853 5.277871e-10
3854 5.276049e-10
3855 5.274229e-10
3856 5.272409e-10
3857 5.270591e-10
3858 5.268774e-10
3859 5.266958e-10
3860 5.265143e-10
3861 5.263329e-10
3862 5.261516e-10
3863 5.259704e-10
3864 5.257894e-10
3865 5.256084e-10
3866 5.254276e-10
3867 5.252468e-10
3868 5.250662e-10
3869 5.248857e-10
3870 5.247053e-10
3871 5.245250e-10
3872 5.243448e-10
3873 5.241647e-10
3874 5.239847e-10
3875 5.238048e-10
3876 5.236251e-10
3877 5.234454e-10
3878 5.232659e-10
3879 5.230865e-10
3880 5.229071e-10
3881 5.227279e-10
3882 5.225488e-10
3883 5.223698e-10
3884 5.221909e-10
3885 5.220121e-10
3886 5.218334e-10
3887 5.216548e-10
3888 5.214764e-10
3889 5.212980e-10
3890 5.211198e-10
3891 5.209416e-10
3892 5.207636e-10
3893 5.205856e-10
3894 5.204078e-10
3895 5.202301e-10
3896 5.200525e-10
3897 5.198749e-10
3898 5.196975e-10
3899 5.195202e-10
3900 5.193431e-10
3901 5.191660e-10
3902 5.189890e-10
3903 5.188121e-10
3904 5.186353e-10
3905 5.184587e-10
3906 5.182821e-10
3907 5.181057e-10
3908 5.179293e-10
3909 5.177531e-10
3910 5.175769e-10
3911 5.174009e-10
3912 5.172250e-10
3913 5.170492e-10
3914 5.168734e-10
3915 5.166978e-10
3916 5.165223e-10
3917 5.163469e-10
3918 5.161716e-10
3919 5.159964e-10
3920 5.158213e-10
3921 5.156463e-10
3922 5.154715e-10
3923 5.152967e-10
3924 5.151220e-10
3925 5.149474e-10
3926 5.147730e-10
3927 5.145986e-10
3928 5.144243e-10
3929 5.142502e-10
3930 5.140761e-10
3931 5.139022e-10
3932 5.137283e-10
3933 5.135546e-10
3934 5.133809e-10
3935 5.132074e-10
3936 5.130339e-10
3937 5.128606e-10
3938 5.126874e-10
3939 5.125142e-10
3940 5.123412e-10
3941 5.121683e-10
3942 5.119955e-10
3943 5.118227e-10
3944 5.116501e-10
3945 5.114776e-10
3946 5.113052e-10
3947 5.111329e-10
3948 5.109607e-10
3949 5.107886e-10
3950 5.106165e-10
3951 5.104446e-10
3952 5.102728e-10
3953 5.101011e-10
3954 5.099295e-10
3955 5.097580e-10
3956 5.095866e-10
3957 5.094153e-10
3958 5.092441e-10
3959 5.090730e-10
3960 5.089020e-10
3961 5.087311e-10
3962 5.085603e-10
3963 5.083896e-10
3964 5.082190e-10
3965 5.080485e-10
3966 5.078781e-10
3967 5.077078e-10
3968 5.075377e-10
3969 5.073676e-10
3970 5.071976e-10
3971 5.070277e-10
3972 5.068579e-10
3973 5.066882e-10
3974 5.065186e-10
3975 5.063491e-10
3976 5.061797e-10
3977 5.060104e-10
3978 5.058412e-10
3979 5.056721e-10
3980 5.055031e-10
3981 5.053342e-10
3982 5.051654e-10
3983 5.049967e-10
3984 5.048281e-10
3985 5.046595e-10
3986 5.044911e-10
3987 5.043228e-10
3988 5.041546e-10
3989 5.039865e-10
3990 5.038185e-10
3991 5.036506e-10
3992 5.034827e-10
3993 5.033150e-10
3994 5.031474e-10
3995 5.029799e-10
3996 5.028124e-10
3997 5.026451e-10
3998 5.024779e-10
3999 5.023107e-10
4000 5.021437e-10
4001 5.019768e-10
4002 5.018099e-10
4003 5.016432e-10
4004 5.014765e-10
4005 5.013100e-10
4006 5.011435e-10
4007 5.009771e-10
4008 5.008109e-10
4009 5.006447e-10
4010 5.004786e-10
4011 5.003127e-10
4012 5.001468e-10
4013 4.999810e-10
4014 4.998153e-10
4015 4.996497e-10
4016 4.994842e-10
4017 4.993188e-10
4018 4.991535e-10
4019 4.989883e-10
4020 4.988232e-10
4021 4.986582e-10
4022 4.984933e-10
4023 4.983285e-10
4024 4.981637e-10
4025 4.979991e-10
4026 4.978346e-10
4027 4.976701e-10
4028 4.975058e-10
4029 4.973415e-10
4030 4.971774e-10
4031 4.970133e-10
4032 4.968494e-10
4033 4.966855e-10
4034 4.965217e-10
4035 4.963580e-10
4036 4.961944e-10
4037 4.960309e-10
4038 4.958675e-10
4039 4.957042e-10
4040 4.955410e-10
4041 4.953779e-10
4042 4.952149e-10
4043 4.950520e-10
4044 4.948891e-10
4045 4.947264e-10
4046 4.945637e-10
4047 4.944012e-10
4048 4.942387e-10
4049 4.940764e-10
4050 4.939141e-10
4051 4.937519e-10
4052 4.935898e-10
4053 4.934278e-10
4054 4.932659e-10
4055 4.931041e-10
4056 4.929424e-10
4057 4.927808e-10
4058 4.926193e-10
4059 4.924578e-10
4060 4.922965e-10
4061 4.921352e-10
4062 4.919741e-10
4063 4.918130e-10
4064 4.916520e-10
4065 4.914912e-10
4066 4.913304e-10
4067 4.911697e-10
4068 4.910091e-10
4069 4.908486e-10
4070 4.906881e-10
4071 4.905278e-10
4072 4.903676e-10
4073 4.902074e-10
4074 4.900474e-10
4075 4.898874e-10
4076 4.897275e-10
4077 4.895678e-10
4078 4.894081e-10
4079 4.892485e-10
4080 4.890890e-10
4081 4.889296e-10
4082 4.887702e-10
4083 4.886110e-10
4084 4.884519e-10
4085 4.882928e-10
4086 4.881338e-10
4087 4.879750e-10
4088 4.878162e-10
4089 4.876575e-10
4090 4.874989e-10
4091 4.873404e-10
4092 4.871820e-10
4093 4.870237e-10
4094 4.868654e-10
4095 4.867073e-10
4096 4.865492e-10
4097 4.863912e-10
4098 4.862334e-10
4099 4.860756e-10
4100 4.859179e-10
4101 4.857603e-10
4102 4.856028e-10
4103 4.854447e-10
4104 4.852854e-10
4105 4.851263e-10
4106 4.849672e-10
4107 4.848082e-10
4108 4.846493e-10
4109 4.844905e-10
4110 4.843318e-10
4111 4.841732e-10
4112 4.840147e-10
4113 4.838562e-10
4114 4.836979e-10
4115 4.835396e-10
4116 4.833814e-10
4117 4.832234e-10
4118 4.830654e-10
4119 4.829075e-10
4120 4.827497e-10
4121 4.825920e-10
4122 4.824343e-10
4123 4.822768e-10
4124 4.821193e-10
4125 4.819620e-10
4126 4.818047e-10
4127 4.816475e-10
4128 4.814905e-10
4129 4.813335e-10
4130 4.811765e-10
4131 4.810197e-10
4132 4.808630e-10
4133 4.807063e-10
4134 4.805498e-10
4135 4.803933e-10
4136 4.802369e-10
4137 4.800807e-10
4138 4.799245e-10
4139 4.797683e-10
4140 4.796123e-10
4141 4.794564e-10
4142 4.793005e-10
4143 4.791448e-10
4144 4.789891e-10
4145 4.788335e-10
4146 4.786780e-10
4147 4.785226e-10
4148 4.783673e-10
4149 4.782121e-10
4150 4.780569e-10
4151 4.779019e-10
4152 4.777469e-10
4153 4.775920e-10
4154 4.774372e-10
4155 4.772825e-10
4156 4.771279e-10
4157 4.769734e-10
4158 4.768189e-10
4159 4.766646e-10
4160 4.765103e-10
4161 4.763561e-10
4162 4.762020e-10
4163 4.760480e-10
4164 4.758941e-10
4165 4.757403e-10
4166 4.755865e-10
4167 4.754329e-10
4168 4.752793e-10
4169 4.751258e-10
4170 4.749724e-10
4171 4.748191e-10
4172 4.746659e-10
4173 4.745127e-10
4174 4.743597e-10
4175 4.742067e-10
4176 4.740538e-10
4177 4.739010e-10
4178 4.737483e-10
4179 4.735957e-10
4180 4.734431e-10
4181 4.732907e-10
4182 4.731383e-10
4183 4.729860e-10
4184 4.728338e-10
4185 4.726817e-10
4186 4.725297e-10
4187 4.723777e-10
4188 4.722259e-10
4189 4.720741e-10
4190 4.719224e-10
4191 4.717708e-10
4192 4.716193e-10
4193 4.714678e-10
4194 4.713165e-10
4195 4.711652e-10
4196 4.710140e-10
4197 4.708629e-10
4198 4.707119e-10
4199 4.705610e-10
4200 4.704102e-10
4201 4.702594e-10
4202 4.701087e-10
4203 4.699581e-10
4204 4.698076e-10
4205 4.696572e-10
4206 4.695069e-10
4207 4.693566e-10
4208 4.692064e-10
4209 4.690564e-10
4210 4.689064e-10
4211 4.687564e-10
4212 4.686066e-10
4213 4.684568e-10
4214 4.683072e-10
4215 4.681576e-10
4216 4.680081e-10
4217 4.678587e-10
4218 4.677093e-10
4219 4.675601e-10
4220 4.674109e-10
4221 4.672618e-10
4222 4.671128e-10
4223 4.669639e-10
4224 4.668151e-10
4225 4.666663e-10
4226 4.665176e-10
4227 4.663690e-10
4228 4.662205e-10
4229 4.660721e-10
4230 4.659238e-10
4231 4.657755e-10
4232 4.656273e-10
4233 4.654792e-10
4234 4.653312e-10
4235 4.651833e-10
4236 4.650354e-10
4237 4.648876e-10
4238 4.647400e-10
4239 4.645923e-10
4240 4.644448e-10
4241 4.642974e-10
4242 4.641500e-10
4243 4.640027e-10
4244 4.638555e-10
4245 4.637084e-10
4246 4.635614e-10
4247 4.634144e-10
4248 4.632676e-10
4249 4.631208e-10
4250 4.629741e-10
4251 4.628274e-10
4252 4.626809e-10
4253 4.625344e-10
4254 4.623880e-10
4255 4.622417e-10
4256 4.620955e-10
4257 4.619493e-10
4258 4.618033e-10
4259 4.616573e-10
4260 4.615114e-10
4261 4.613656e-10
4262 4.612198e-10
4263 4.610741e-10
4264 4.609286e-10
4265 4.607831e-10
4266 4.606376e-10
4267 4.604923e-10
4268 4.603470e-10
4269 4.602018e-10
4270 4.600567e-10
4271 4.599117e-10
4272 4.597668e-10
4273 4.596219e-10
4274 4.594771e-10
4275 4.593324e-10
4276 4.591878e-10
4277 4.590432e-10
4278 4.588988e-10
4279 4.587544e-10
4280 4.586101e-10
4281 4.584658e-10
4282 4.583217e-10
4283 4.581776e-10
4284 4.580336e-10
4285 4.578897e-10
4286 4.577459e-10
4287 4.576021e-10
4288 4.574584e-10
4289 4.573148e-10
4290 4.571713e-10
4291 4.570279e-10
4292 4.568845e-10
4293 4.567412e-10
4294 4.565980e-10
4295 4.564549e-10
4296 4.563118e-10
4297 4.561689e-10
4298 4.560260e-10
4299 4.558832e-10
4300 4.557404e-10
4301 4.555977e-10
4302 4.554552e-10
4303 4.553127e-10
4304 4.551702e-10
4305 4.550279e-10
4306 4.548856e-10
4307 4.547434e-10
4308 4.546013e-10
4309 4.544593e-10
4310 4.543173e-10
4311 4.541754e-10
4312 4.540336e-10
4313 4.538919e-10
4314 4.537502e-10
4315 4.536086e-10
4316 4.534671e-10
4317 4.533257e-10
4318 4.531844e-10
4319 4.530431e-10
4320 4.529019e-10
4321 4.527608e-10
4322 4.526197e-10
4323 4.524788e-10
4324 4.523379e-10
4325 4.521971e-10
4326 4.520563e-10
4327 4.519157e-10
4328 4.517751e-10
4329 4.516346e-10
4330 4.514942e-10
4331 4.513538e-10
4332 4.512135e-10
4333 4.510733e-10
4334 4.509332e-10
4335 4.507932e-10
4336 4.506532e-10
4337 4.505133e-10
4338 4.503735e-10
4339 4.502337e-10
4340 4.500940e-10
4341 4.499544e-10
4342 4.498149e-10
4343 4.496755e-10
4344 4.495361e-10
4345 4.493968e-10
4346 4.492576e-10
4347 4.491185e-10
4348 4.489794e-10
4349 4.488404e-10
4350 4.487015e-10
4351 4.485626e-10
4352 4.484239e-10
4353 4.482852e-10
4354 4.481465e-10
4355 4.480080e-10
4356 4.478695e-10
4357 4.477311e-10
4358 4.475928e-10
4359 4.474546e-10
4360 4.473164e-10
4361 4.471783e-10
4362 4.470403e-10
4363 4.469023e-10
4364 4.467644e-10
4365 4.466266e-10
4366 4.464889e-10
4367 4.463513e-10
4368 4.462137e-10
4369 4.460762e-10
4370 4.459387e-10
4371 4.458014e-10
4372 4.456641e-10
4373 4.455269e-10
4374 4.453898e-10
4375 4.452527e-10
4376 4.451157e-10
4377 4.449788e-10
4378 4.448419e-10
4379 4.447052e-10
4380 4.445685e-10
4381 4.444319e-10
4382 4.442953e-10
4383 4.441588e-10
4384 4.440224e-10
4385 4.438861e-10
4386 4.437498e-10
4387 4.436137e-10
4388 4.434775e-10
4389 4.433415e-10
4390 4.432055e-10
4391 4.430696e-10
4392 4.429338e-10
4393 4.427981e-10
4394 4.426624e-10
4395 4.425268e-10
4396 4.423913e-10
4397 4.422558e-10
4398 4.421197e-10
4399 4.419826e-10
4400 4.418455e-10
4401 4.417085e-10
4402 4.415716e-10
4403 4.414348e-10
4404 4.412980e-10
4405 4.411613e-10
4406 4.410247e-10
4407 4.408882e-10
4408 4.407517e-10
4409 4.406153e-10
4410 4.404790e-10
4411 4.403427e-10
4412 4.402066e-10
4413 4.400705e-10
4414 4.399344e-10
4415 4.397985e-10
4416 4.396626e-10
4417 4.395268e-10
4418 4.393911e-10
4419 4.392554e-10
4420 4.391198e-10
4421 4.389843e-10
4422 4.388488e-10
4423 4.387135e-10
4424 4.385782e-10
4425 4.384429e-10
4426 4.383078e-10
4427 4.381727e-10
4428 4.380377e-10
4429 4.379027e-10
4430 4.377678e-10
4431 4.376331e-10
4432 4.374983e-10
4433 4.373637e-10
4434 4.372291e-10
4435 4.370946e-10
4436 4.369601e-10
4437 4.368258e-10
4438 4.366915e-10
4439 4.365573e-10
4440 4.364231e-10
4441 4.362890e-10
4442 4.361550e-10
4443 4.360211e-10
4444 4.358872e-10
4445 4.357534e-10
4446 4.356197e-10
4447 4.354860e-10
4448 4.353524e-10
4449 4.352189e-10
4450 4.350855e-10
4451 4.349521e-10
4452 4.348188e-10
4453 4.346856e-10
4454 4.345524e-10
4455 4.344193e-10
4456 4.342863e-10
4457 4.341534e-10
4458 4.340205e-10
4459 4.338877e-10
4460 4.337550e-10
4461 4.336223e-10
4462 4.334897e-10
4463 4.333572e-10
4464 4.332247e-10
4465 4.330923e-10
4466 4.329600e-10
4467 4.328278e-10
4468 4.326956e-10
4469 4.325635e-10
4470 4.324315e-10
4471 4.322995e-10
4472 4.321676e-10
4473 4.320358e-10
4474 4.319040e-10
4475 4.317724e-10
4476 4.316407e-10
4477 4.315092e-10
4478 4.313777e-10
4479 4.312463e-10
4480 4.311150e-10
4481 4.309837e-10
4482 4.308525e-10
4483 4.307214e-10
4484 4.305903e-10
4485 4.304593e-10
4486 4.303284e-10
4487 4.301976e-10
4488 4.300668e-10
4489 4.299360e-10
4490 4.298054e-10
4491 4.296748e-10
4492 4.295443e-10
4493 4.294139e-10
4494 4.292835e-10
4495 4.291532e-10
4496 4.290230e-10
4497 4.288928e-10
4498 4.287627e-10
4499 4.286327e-10
4500 4.285027e-10
4501 4.283728e-10
4502 4.282430e-10
4503 4.281132e-10
4504 4.279835e-10
4505 4.278539e-10
4506 4.277244e-10
4507 4.275949e-10
4508 4.274655e-10
4509 4.273361e-10
4510 4.272068e-10
4511 4.270776e-10
4512 4.269485e-10
4513 4.268194e-10
4514 4.266904e-10
4515 4.265614e-10
4516 4.264326e-10
4517 4.263038e-10
4518 4.261750e-10
4519 4.260464e-10
4520 4.259177e-10
4521 4.257892e-10
4522 4.256607e-10
4523 4.255323e-10
4524 4.254040e-10
4525 4.252757e-10
4526 4.251475e-10
4527 4.250194e-10
4528 4.248913e-10
4529 4.247633e-10
4530 4.246354e-10
4531 4.245075e-10
4532 4.243797e-10
4533 4.242520e-10
4534 4.241243e-10
4535 4.239967e-10
4536 4.238692e-10
4537 4.237417e-10
4538 4.236143e-10
4539 4.234870e-10
4540 4.233597e-10
4541 4.232325e-10
4542 4.231053e-10
4543 4.229783e-10
4544 4.228513e-10
4545 4.227243e-10
4546 4.225975e-10
4547 4.224706e-10
4548 4.223439e-10
4549 4.222172e-10
4550 4.220906e-10
4551 4.219641e-10
4552 4.218376e-10
4553 4.217112e-10
4554 4.215848e-10
4555 4.214586e-10
4556 4.213323e-10
4557 4.212062e-10
4558 4.210801e-10
4559 4.209541e-10
4560 4.208281e-10
4561 4.207022e-10
4562 4.205764e-10
4563 4.204507e-10
4564 4.203250e-10
4565 4.201993e-10
4566 4.200738e-10
4567 4.199483e-10
4568 4.198229e-10
4569 4.196975e-10
4570 4.195722e-10
4571 4.194469e-10
4572 4.193218e-10
4573 4.191967e-10
4574 4.190716e-10
4575 4.189466e-10
4576 4.188217e-10
4577 4.186969e-10
4578 4.185721e-10
4579 4.184474e-10
4580 4.183227e-10
4581 4.181981e-10
4582 4.180736e-10
4583 4.179491e-10
4584 4.178247e-10
4585 4.177004e-10
4586 4.175761e-10
4587 4.174519e-10
4588 4.173278e-10
4589 4.172037e-10
4590 4.170797e-10
4591 4.169557e-10
4592 4.168318e-10
4593 4.167080e-10
4594 4.165842e-10
4595 4.164605e-10
4596 4.163369e-10
4597 4.162133e-10
4598 4.160898e-10
4599 4.159664e-10
4600 4.158430e-10
4601 4.157197e-10
4602 4.155964e-10
4603 4.154732e-10
4604 4.153501e-10
4605 4.152271e-10
4606 4.151041e-10
4607 4.149811e-10
4608 4.148582e-10
4609 4.147354e-10
4610 4.146127e-10
4611 4.144900e-10
4612 4.143674e-10
4613 4.142448e-10
4614 4.141223e-10
4615 4.139999e-10
4616 4.138775e-10
4617 4.137552e-10
4618 4.136330e-10
4619 4.135108e-10
4620 4.133887e-10
4621 4.132666e-10
4622 4.131446e-10
4623 4.130227e-10
4624 4.129008e-10
4625 4.127790e-10
4626 4.126573e-10
4627 4.125356e-10
4628 4.124140e-10
4629 4.122924e-10
4630 4.121709e-10
4631 4.120495e-10
4632 4.119281e-10
4633 4.118068e-10
4634 4.116855e-10
4635 4.115643e-10
4636 4.114432e-10
4637 4.113221e-10
4638 4.112011e-10
4639 4.110802e-10
4640 4.109593e-10
4641 4.108385e-10
4642 4.107178e-10
4643 4.105971e-10
4644 4.104764e-10
4645 4.103559e-10
4646 4.102353e-10
4647 4.101149e-10
4648 4.099945e-10
4649 4.098742e-10
4650 4.097539e-10
4651 4.096337e-10
4652 4.095136e-10
4653 4.093935e-10
4654 4.092735e-10
4655 4.091535e-10
4656 4.090336e-10
4657 4.089138e-10
4658 4.087940e-10
4659 4.086743e-10
4660 4.085546e-10
4661 4.084350e-10
4662 4.083155e-10
4663 4.081960e-10
4664 4.080766e-10
4665 4.079572e-10
4666 4.078380e-10
4667 4.077187e-10
4668 4.075996e-10
4669 4.074804e-10
4670 4.073614e-10
4671 4.072424e-10
4672 4.071235e-10
4673 4.070046e-10
4674 4.068858e-10
4675 4.067670e-10
4676 4.066484e-10
4677 4.065297e-10
4678 4.064112e-10
4679 4.062926e-10
4680 4.061742e-10
4681 4.060558e-10
4682 4.059375e-10
4683 4.058192e-10
4684 4.057010e-10
4685 4.055828e-10
4686 4.054647e-10
4687 4.053467e-10
4688 4.052287e-10
4689 4.051108e-10
4690 4.049930e-10
4691 4.048752e-10
4692 4.047574e-10
4693 4.046398e-10
4694 4.045221e-10
4695 4.044046e-10
4696 4.042871e-10
4697 4.041697e-10
4698 4.040523e-10
4699 4.039350e-10
4700 4.038177e-10
4701 4.037005e-10
4702 4.035833e-10
4703 4.034663e-10
4704 4.033492e-10
4705 4.032323e-10
4706 4.031154e-10
4707 4.029985e-10
4708 4.028817e-10
4709 4.027650e-10
4710 4.026483e-10
4711 4.025317e-10
4712 4.024151e-10
4713 4.022986e-10
4714 4.021818e-10
4715 4.020637e-10
4716 4.019457e-10
4717 4.018278e-10
4718 4.017099e-10
4719 4.015921e-10
4720 4.014744e-10
4721 4.013567e-10
4722 4.012390e-10
4723 4.011214e-10
4724 4.010039e-10
4725 4.008865e-10
4726 4.007691e-10
4727 4.006517e-10
4728 4.005344e-10
4729 4.004172e-10
4730 4.003000e-10
4731 4.001829e-10
4732 4.000659e-10
4733 3.999489e-10
4734 3.998320e-10
4735 3.997151e-10
4736 3.995983e-10
4737 3.994816e-10
4738 3.993649e-10
4739 3.992482e-10
4740 3.991316e-10
4741 3.990151e-10
4742 3.988987e-10
4743 3.987823e-10
4744 3.986659e-10
4745 3.985496e-10
4746 3.984334e-10
4747 3.983173e-10
4748 3.982011e-10
4749 3.980851e-10
4750 3.979691e-10
4751 3.978532e-10
4752 3.977373e-10
4753 3.976215e-10
4754 3.975057e-10
4755 3.973900e-10
4756 3.972744e-10
4757 3.971588e-10
4758 3.970433e-10
4759 3.969278e-10
4760 3.968124e-10
4761 3.966970e-10
4762 3.965817e-10
4763 3.964665e-10
4764 3.963513e-10
4765 3.962362e-10
4766 3.961211e-10
4767 3.960061e-10
4768 3.958912e-10
4769 3.957763e-10
4770 3.956614e-10
4771 3.955467e-10
4772 3.954320e-10
4773 3.953173e-10
4774 3.952027e-10
4775 3.950881e-10
4776 3.949736e-10
4777 3.948592e-10
4778 3.947448e-10
4779 3.946305e-10
4780 3.945162e-10
4781 3.944020e-10
4782 3.942879e-10
4783 3.941738e-10
4784 3.940598e-10
4785 3.939458e-10
4786 3.938319e-10
4787 3.937180e-10
4788 3.936042e-10
4789 3.934904e-10
4790 3.933767e-10
4791 3.932631e-10
4792 3.931495e-10
4793 3.930360e-10
4794 3.929225e-10
4795 3.928091e-10
4796 3.926958e-10
4797 3.925825e-10
4798 3.924692e-10
4799 3.923560e-10
4800 3.922429e-10
4801 3.921298e-10
4802 3.920168e-10
4803 3.919038e-10
4804 3.917909e-10
4805 3.916781e-10
4806 3.915653e-10
4807 3.914525e-10
4808 3.913399e-10
4809 3.912272e-10
4810 3.911147e-10
4811 3.910022e-10
4812 3.908897e-10
4813 3.907773e-10
4814 3.906649e-10
4815 3.905526e-10
4816 3.904404e-10
4817 3.903282e-10
4818 3.902161e-10
4819 3.901040e-10
4820 3.899920e-10
4821 3.898801e-10
4822 3.897682e-10
4823 3.896563e-10
4824 3.895445e-10
4825 3.894328e-10
4826 3.893211e-10
4827 3.892095e-10
4828 3.890979e-10
4829 3.889864e-10
4830 3.888749e-10
4831 3.887635e-10
4832 3.886521e-10
4833 3.885408e-10
4834 3.884296e-10
4835 3.883184e-10
4836 3.882073e-10
4837 3.880962e-10
4838 3.879852e-10
4839 3.878742e-10
4840 3.877633e-10
4841 3.876524e-10
4842 3.875416e-10
4843 3.874309e-10
4844 3.873202e-10
4845 3.872095e-10
4846 3.870990e-10
4847 3.869884e-10
4848 3.868779e-10
4849 3.867675e-10
4850 3.866571e-10
4851 3.865468e-10
4852 3.864366e-10
4853 3.863264e-10
4854 3.862162e-10
4855 3.861061e-10
4856 3.859961e-10
4857 3.858861e-10
4858 3.857761e-10
4859 3.856662e-10
4860 3.855564e-10
4861 3.854466e-10
4862 3.853369e-10
4863 3.852273e-10
4864 3.851176e-10
4865 3.850081e-10
4866 3.848986e-10
4867 3.847891e-10
4868 3.846797e-10
4869 3.845704e-10
4870 3.844611e-10
4871 3.843518e-10
4872 3.842427e-10
4873 3.841335e-10
4874 3.840244e-10
4875 3.839154e-10
4876 3.838064e-10
4877 3.836975e-10
4878 3.835887e-10
4879 3.834799e-10
4880 3.833711e-10
4881 3.832624e-10
4882 3.831537e-10
4883 3.830451e-10
4884 3.829366e-10
4885 3.828281e-10
4886 3.827197e-10
4887 3.826113e-10
4888 3.825029e-10
4889 3.823946e-10
4890 3.822864e-10
4891 3.821782e-10
4892 3.820701e-10
4893 3.819620e-10
4894 3.818540e-10
4895 3.817461e-10
4896 3.816381e-10
4897 3.815303e-10
4898 3.814225e-10
4899 3.813147e-10
4900 3.812070e-10
4901 3.810994e-10
4902 3.809918e-10
4903 3.808842e-10
4904 3.807767e-10
4905 3.806693e-10
4906 3.805619e-10
4907 3.804546e-10
4908 3.803473e-10
4909 3.802400e-10
4910 3.801328e-10
4911 3.800257e-10
4912 3.799186e-10
4913 3.798116e-10
4914 3.797046e-10
4915 3.795977e-10
4916 3.794909e-10
4917 3.793840e-10
4918 3.792773e-10
4919 3.791706e-10
4920 3.790639e-10
4921 3.789573e-10
4922 3.788507e-10
4923 3.787442e-10
4924 3.786378e-10
4925 3.785313e-10
4926 3.784250e-10
4927 3.783187e-10
4928 3.782124e-10
4929 3.781062e-10
4930 3.780001e-10
4931 3.778940e-10
4932 3.777880e-10
4933 3.776820e-10
4934 3.775760e-10
4935 3.774701e-10
4936 3.773643e-10
4937 3.772585e-10
4938 3.771528e-10
4939 3.770471e-10
4940 3.769414e-10
4941 3.768359e-10
4942 3.767303e-10
4943 3.766248e-10
4944 3.765194e-10
4945 3.764140e-10
4946 3.763087e-10
4947 3.762034e-10
4948 3.760982e-10
4949 3.759930e-10
4950 3.758879e-10
4951 3.757828e-10
4952 3.756778e-10
4953 3.755728e-10
4954 3.754679e-10
4955 3.753630e-10
4956 3.752582e-10
4957 3.751534e-10
4958 3.750487e-10
4959 3.749440e-10
4960 3.748394e-10
4961 3.747348e-10
4962 3.746303e-10
4963 3.745258e-10
4964 3.744214e-10
4965 3.743170e-10
4966 3.742127e-10
4967 3.741084e-10
4968 3.740042e-10
4969 3.739000e-10
4970 3.737959e-10
4971 3.736918e-10
4972 3.735878e-10
4973 3.734838e-10
4974 3.733799e-10
4975 3.732760e-10
4976 3.731722e-10
4977 3.730684e-10
4978 3.729647e-10
4979 3.728610e-10
4980 3.727574e-10
4981 3.726538e-10
4982 3.725503e-10
4983 3.724468e-10
4984 3.723434e-10
4985 3.722400e-10
4986 3.721367e-10
4987 3.720334e-10
4988 3.719302e-10
4989 3.718270e-10
4990 3.717239e-10
4991 3.716208e-10
4992 3.715178e-10
4993 3.714148e-10
4994 3.713119e-10
4995 3.712090e-10
4996 3.711061e-10
4997 3.710034e-10
4998 3.709006e-10
4999 3.707979e-10
5000 3.706953e-10
5001 3.705927e-10
5002 3.704902e-10
5003 3.703877e-10
5004 3.702852e-10
5005 3.701828e-10
5006 3.700805e-10
5007 3.699782e-10
5008 3.698759e-10
5009 3.697737e-10
5010 3.696716e-10
5011 3.695695e-10
5012 3.694674e-10
5013 3.693654e-10
5014 3.692635e-10
5015 3.691616e-10
5016 3.690597e-10
5017 3.689579e-10
5018 3.688561e-10
5019 3.687544e-10
5020 3.686528e-10
5021 3.685511e-10
5022 3.684496e-10
5023 3.683480e-10
5024 3.682466e-10
5025 3.681451e-10
5026 3.680438e-10
5027 3.679424e-10
5028 3.678412e-10
5029 3.677399e-10
5030 3.676387e-10
5031 3.675376e-10
5032 3.674365e-10
5033 3.673355e-10
5034 3.672345e-10
5035 3.671335e-10
5036 3.670326e-10
5037 3.669318e-10
5038 3.668310e-10
5039 3.667302e-10
5040 3.666295e-10
5041 3.665289e-10
5042 3.664282e-10
5043 3.663277e-10
5044 3.662272e-10
5045 3.661267e-10
5046 3.660263e-10
5047 3.659259e-10
5048 3.658256e-10
5049 3.657253e-10
5050 3.656251e-10
5051 3.655249e-10
5052 3.654247e-10
5053 3.653241e-10
5054 3.652224e-10
5055 3.651209e-10
5056 3.650193e-10
5057 3.649178e-10
5058 3.648164e-10
5059 3.647150e-10
5060 3.646137e-10
5061 3.645124e-10
5062 3.644111e-10
5063 3.643099e-10
5064 3.642088e-10
5065 3.641077e-10
5066 3.640066e-10
5067 3.639056e-10
5068 3.638047e-10
5069 3.637038e-10
5070 3.636029e-10
5071 3.635021e-10
5072 3.634013e-10
5073 3.633006e-10
5074 3.631999e-10
5075 3.630993e-10
5076 3.629987e-10
5077 3.628982e-10
5078 3.627977e-10
5079 3.626973e-10
5080 3.625969e-10
5081 3.624966e-10
5082 3.623963e-10
5083 3.622961e-10
5084 3.621959e-10
5085 3.620957e-10
5086 3.619956e-10
5087 3.618956e-10
5088 3.617956e-10
5089 3.616956e-10
5090 3.615957e-10
5091 3.614958e-10
5092 3.613960e-10
5093 3.612963e-10
5094 3.611965e-10
5095 3.610969e-10
5096 3.609972e-10
5097 3.608977e-10
5098 3.607981e-10
5099 3.606986e-10
5100 3.605992e-10
5101 3.604998e-10
5102 3.604005e-10
5103 3.603012e-10
5104 3.602019e-10
5105 3.601027e-10
5106 3.600036e-10
5107 3.599044e-10
5108 3.598054e-10
5109 3.597064e-10
5110 3.596074e-10
5111 3.595085e-10
5112 3.594096e-10
5113 3.593108e-10
5114 3.592120e-10
5115 3.591132e-10
5116 3.590145e-10
5117 3.589159e-10
5118 3.588173e-10
5119 3.587187e-10
5120 3.586202e-10
5121 3.585218e-10
5122 3.584234e-10
5123 3.583250e-10
5124 3.582267e-10
5125 3.581284e-10
5126 3.580302e-10
5127 3.579320e-10
5128 3.578339e-10
5129 3.577358e-10
5130 3.576377e-10
5131 3.575397e-10
5132 3.574418e-10
5133 3.573439e-10
5134 3.572460e-10
5135 3.571482e-10
5136 3.570504e-10
5137 3.569527e-10
5138 3.568550e-10
5139 3.567574e-10
5140 3.566598e-10
5141 3.565622e-10
5142 3.564648e-10
5143 3.563673e-10
5144 3.562699e-10
5145 3.561725e-10
5146 3.560752e-10
5147 3.559780e-10
5148 3.558807e-10
5149 3.557836e-10
5150 3.556864e-10
5151 3.555893e-10
5152 3.554923e-10
5153 3.553953e-10
5154 3.552984e-10
5155 3.552015e-10
5156 3.551046e-10
5157 3.550078e-10
5158 3.549110e-10
5159 3.548143e-10
5160 3.547176e-10
5161 3.546210e-10
5162 3.545244e-10
5163 3.544278e-10
5164 3.543313e-10
5165 3.542349e-10
5166 3.541385e-10
5167 3.540421e-10
5168 3.539458e-10
5169 3.538495e-10
5170 3.537533e-10
5171 3.536571e-10
5172 3.535610e-10
5173 3.534649e-10
5174 3.533688e-10
5175 3.532728e-10
5176 3.531769e-10
5177 3.530809e-10
5178 3.529851e-10
5179 3.528892e-10
5180 3.527935e-10
5181 3.526977e-10
5182 3.526020e-10
5183 3.525064e-10
5184 3.524108e-10
5185 3.523152e-10
5186 3.522197e-10
5187 3.521242e-10
5188 3.520288e-10
5189 3.519334e-10
5190 3.518381e-10
5191 3.517428e-10
5192 3.516475e-10
5193 3.515523e-10
5194 3.514571e-10
5195 3.513620e-10
5196 3.512669e-10
5197 3.511719e-10
5198 3.510769e-10
5199 3.509820e-10
5200 3.508871e-10
5201 3.507922e-10
5202 3.506974e-10
5203 3.506027e-10
5204 3.505079e-10
5205 3.504133e-10
5206 3.503186e-10
5207 3.502240e-10
5208 3.501295e-10
5209 3.500350e-10
5210 3.499405e-10
5211 3.498461e-10
5212 3.497517e-10
5213 3.496574e-10
5214 3.495631e-10
5215 3.494689e-10
5216 3.493747e-10
5217 3.492805e-10
5218 3.491864e-10
5219 3.490923e-10
5220 3.489983e-10
5221 3.489043e-10
5222 3.488104e-10
5223 3.487165e-10
5224 3.486226e-10
5225 3.485288e-10
5226 3.484350e-10
5227 3.483413e-10
5228 3.482476e-10
5229 3.481540e-10
5230 3.480604e-10
5231 3.479668e-10
5232 3.478733e-10
5233 3.477799e-10
5234 3.476865e-10
5235 3.475931e-10
5236 3.474997e-10
5237 3.474064e-10
5238 3.473132e-10
5239 3.472200e-10
5240 3.471268e-10
5241 3.470337e-10
5242 3.469406e-10
5243 3.468476e-10
5244 3.467546e-10
5245 3.466616e-10
5246 3.465687e-10
5247 3.464759e-10
5248 3.463830e-10
5249 3.462902e-10
5250 3.461975e-10
5251 3.461048e-10
5252 3.460122e-10
5253 3.459195e-10
5254 3.458270e-10
5255 3.457345e-10
5256 3.456420e-10
5257 3.455495e-10
5258 3.454571e-10
5259 3.453648e-10
5260 3.452725e-10
5261 3.451802e-10
5262 3.450880e-10
5263 3.449958e-10
5264 3.449036e-10
5265 3.448115e-10
5266 3.447194e-10
5267 3.446274e-10
5268 3.445354e-10
5269 3.444435e-10
5270 3.443516e-10
5271 3.442598e-10
5272 3.441680e-10
5273 3.440762e-10
5274 3.439845e-10
5275 3.438928e-10
5276 3.438011e-10
5277 3.437095e-10
5278 3.436180e-10
5279 3.435265e-10
5280 3.434350e-10
5281 3.433435e-10
5282 3.432522e-10
5283 3.431608e-10
5284 3.430695e-10
5285 3.429782e-10
5286 3.428870e-10
5287 3.427958e-10
5288 3.427047e-10
5289 3.426136e-10
5290 3.425225e-10
5291 3.424315e-10
5292 3.423405e-10
5293 3.422496e-10
5294 3.421587e-10
5295 3.420678e-10
5296 3.419770e-10
5297 3.418862e-10
5298 3.417955e-10
5299 3.417048e-10
5300 3.416142e-10
5301 3.415236e-10
5302 3.414330e-10
5303 3.413425e-10
5304 3.412520e-10
5305 3.411616e-10
5306 3.410712e-10
5307 3.409808e-10
5308 3.408905e-10
5309 3.408002e-10
5310 3.407100e-10
5311 3.406198e-10
5312 3.405296e-10
5313 3.404395e-10
5314 3.403494e-10
5315 3.402594e-10
5316 3.401694e-10
5317 3.400794e-10
5318 3.399895e-10
5319 3.398997e-10
5320 3.398098e-10
5321 3.397200e-10
5322 3.396303e-10
5323 3.395406e-10
5324 3.394509e-10
5325 3.393613e-10
5326 3.392717e-10
5327 3.391822e-10
5328 3.390926e-10
5329 3.390032e-10
5330 3.389138e-10
5331 3.388244e-10
5332 3.387350e-10
5333 3.386457e-10
5334 3.385565e-10
5335 3.384672e-10
5336 3.383781e-10
5337 3.382889e-10
5338 3.381998e-10
5339 3.381107e-10
5340 3.380217e-10
5341 3.379327e-10
5342 3.378438e-10
5343 3.377549e-10
5344 3.376660e-10
5345 3.375772e-10
5346 3.374884e-10
5347 3.373997e-10
5348 3.373110e-10
5349 3.372223e-10
5350 3.371337e-10
5351 3.370451e-10
5352 3.369566e-10
5353 3.368681e-10
5354 3.367796e-10
5355 3.366912e-10
5356 3.366028e-10
5357 3.365145e-10
5358 3.364262e-10
5359 3.363379e-10
5360 3.362497e-10
5361 3.361615e-10
5362 3.360733e-10
5363 3.359852e-10
5364 3.358972e-10
5365 3.358091e-10
5366 3.357211e-10
5367 3.356332e-10
5368 3.355453e-10
5369 3.354574e-10
5370 3.353696e-10
5371 3.352818e-10
5372 3.351940e-10
5373 3.351063e-10
5374 3.350187e-10
5375 3.349310e-10
5376 3.348434e-10
5377 3.347559e-10
5378 3.346684e-10
5379 3.345809e-10
5380 3.344934e-10
5381 3.344060e-10
5382 3.343187e-10
5383 3.342314e-10
5384 3.341441e-10
5385 3.340568e-10
5386 3.339696e-10
5387 3.338825e-10
5388 3.337953e-10
5389 3.337083e-10
5390 3.336212e-10
5391 3.335342e-10
5392 3.334472e-10
5393 3.333603e-10
5394 3.332734e-10
5395 3.331866e-10
5396 3.330997e-10
5397 3.330130e-10
5398 3.329262e-10
5399 3.328395e-10
5400 3.327529e-10
5401 3.326662e-10
5402 3.325797e-10
5403 3.324931e-10
5404 3.324066e-10
5405 3.323201e-10
5406 3.322337e-10
5407 3.321473e-10
5408 3.320610e-10
5409 3.319746e-10
5410 3.318884e-10
5411 3.318021e-10
5412 3.317159e-10
5413 3.316298e-10
5414 3.315437e-10
5415 3.314576e-10
5416 3.313713e-10
5417 3.312839e-10
5418 3.311965e-10
5419 3.311092e-10
5420 3.310218e-10
5421 3.309346e-10
5422 3.308473e-10
5423 3.307601e-10
5424 3.306730e-10
5425 3.305858e-10
5426 3.304987e-10
5427 3.304117e-10
5428 3.303247e-10
5429 3.302377e-10
5430 3.301508e-10
5431 3.300639e-10
5432 3.299771e-10
5433 3.298902e-10
5434 3.298035e-10
5435 3.297167e-10
5436 3.296300e-10
5437 3.295434e-10
5438 3.294568e-10
5439 3.293702e-10
5440 3.292837e-10
5441 3.291972e-10
5442 3.291107e-10
5443 3.290243e-10
5444 3.289379e-10
5445 3.288515e-10
5446 3.287652e-10
5447 3.286790e-10
5448 3.285927e-10
5449 3.285065e-10
5450 3.284204e-10
5451 3.283343e-10
5452 3.282482e-10
5453 3.281621e-10
5454 3.280761e-10
5455 3.279902e-10
5456 3.279043e-10
5457 3.278184e-10
5458 3.277325e-10
5459 3.276467e-10
5460 3.275609e-10
5461 3.274752e-10
5462 3.273895e-10
5463 3.273038e-10
5464 3.272182e-10
5465 3.271326e-10
5466 3.270471e-10
5467 3.269616e-10
5468 3.268761e-10
5469 3.267907e-10
5470 3.267053e-10
5471 3.266200e-10
5472 3.265346e-10
5473 3.264494e-10
5474 3.263641e-10
5475 3.262789e-10
5476 3.261938e-10
5477 3.261086e-10
5478 3.260235e-10
5479 3.259385e-10
5480 3.258535e-10
5481 3.257685e-10
5482 3.256836e-10
5483 3.255987e-10
5484 3.255138e-10
5485 3.254290e-10
5486 3.253442e-10
5487 3.252594e-10
5488 3.251747e-10
5489 3.250900e-10
5490 3.250054e-10
5491 3.249208e-10
5492 3.248362e-10
5493 3.247517e-10
5494 3.246672e-10
5495 3.245828e-10
5496 3.244984e-10
5497 3.244140e-10
5498 3.243297e-10
5499 3.242454e-10
5500 3.241611e-10
5501 3.240769e-10
5502 3.239927e-10
5503 3.239085e-10
5504 3.238244e-10
5505 3.237403e-10
5506 3.236563e-10
5507 3.235723e-10
5508 3.234883e-10
5509 3.234044e-10
5510 3.233205e-10
5511 3.232366e-10
5512 3.231528e-10
5513 3.230690e-10
5514 3.229853e-10
5515 3.229016e-10
5516 3.228179e-10
5517 3.227343e-10
5518 3.226507e-10
5519 3.225671e-10
5520 3.224836e-10
5521 3.224001e-10
5522 3.223166e-10
5523 3.222332e-10
5524 3.221499e-10
5525 3.220665e-10
5526 3.219832e-10
5527 3.218999e-10
5528 3.218167e-10
5529 3.217335e-10
5530 3.216504e-10
5531 3.215672e-10
5532 3.214842e-10
5533 3.214011e-10
5534 3.213181e-10
5535 3.212351e-10
5536 3.211522e-10
5537 3.210693e-10
5538 3.209864e-10
5539 3.209036e-10
5540 3.208208e-10
5541 3.207380e-10
5542 3.206553e-10
5543 3.205726e-10
5544 3.204900e-10
5545 3.204074e-10
5546 3.203248e-10
5547 3.202422e-10
5548 3.201597e-10
5549 3.200773e-10
5550 3.199948e-10
5551 3.199124e-10
5552 3.198301e-10
5553 3.197478e-10
5554 3.196655e-10
5555 3.195832e-10
5556 3.195010e-10
5557 3.194188e-10
5558 3.193367e-10
5559 3.192546e-10
5560 3.191725e-10
5561 3.190905e-10
5562 3.190085e-10
5563 3.189265e-10
5564 3.188446e-10
5565 3.187627e-10
5566 3.186808e-10
5567 3.185990e-10
5568 3.185172e-10
5569 3.184355e-10
5570 3.183538e-10
5571 3.182721e-10
5572 3.181904e-10
5573 3.181088e-10
5574 3.180272e-10
5575 3.179457e-10
5576 3.178642e-10
5577 3.177827e-10
5578 3.177013e-10
5579 3.176199e-10
5580 3.175386e-10
5581 3.174572e-10
5582 3.173760e-10
5583 3.172947e-10
5584 3.172135e-10
5585 3.171323e-10
5586 3.170512e-10
5587 3.169700e-10
5588 3.168890e-10
5589 3.168079e-10
5590 3.167269e-10
5591 3.166459e-10
5592 3.165650e-10
5593 3.164841e-10
5594 3.164032e-10
5595 3.163224e-10
5596 3.162416e-10
5597 3.161609e-10
5598 3.160801e-10
5599 3.159994e-10
5600 3.159188e-10
5601 3.158382e-10
5602 3.157576e-10
5603 3.156770e-10
5604 3.155965e-10
5605 3.155160e-10
5606 3.154356e-10
5607 3.153552e-10
5608 3.152748e-10
5609 3.151945e-10
5610 3.151142e-10
5611 3.150339e-10
5612 3.149537e-10
5613 3.148735e-10
5614 3.147933e-10
5615 3.147132e-10
5616 3.146331e-10
5617 3.145530e-10
5618 3.144730e-10
5619 3.143930e-10
5620 3.143130e-10
5621 3.142331e-10
5622 3.141532e-10
5623 3.140733e-10
5624 3.139935e-10
5625 3.139137e-10
5626 3.138340e-10
5627 3.137543e-10
5628 3.136746e-10
5629 3.135949e-10
5630 3.135153e-10
5631 3.134357e-10
5632 3.133562e-10
5633 3.132767e-10
5634 3.131972e-10
5635 3.131178e-10
5636 3.130383e-10
5637 3.129590e-10
5638 3.128796e-10
5639 3.128003e-10
5640 3.127210e-10
5641 3.126418e-10
5642 3.125626e-10
5643 3.124834e-10
5644 3.124043e-10
5645 3.123252e-10
5646 3.122461e-10
5647 3.121671e-10
5648 3.120881e-10
5649 3.120091e-10
5650 3.119302e-10
5651 3.118513e-10
5652 3.117724e-10
5653 3.116936e-10
5654 3.116148e-10
5655 3.115361e-10
5656 3.114573e-10
5657 3.113786e-10
5658 3.113000e-10
5659 3.112213e-10
5660 3.111427e-10
5661 3.110642e-10
5662 3.109857e-10
5663 3.109072e-10
5664 3.108287e-10
5665 3.107503e-10
5666 3.106719e-10
5667 3.105935e-10
5668 3.105152e-10
5669 3.104369e-10
5670 3.103587e-10
5671 3.102804e-10
5672 3.102023e-10
5673 3.101241e-10
5674 3.100460e-10
5675 3.099679e-10
5676 3.098898e-10
5677 3.098118e-10
5678 3.097338e-10
5679 3.096559e-10
5680 3.095779e-10
5681 3.095000e-10
5682 3.094222e-10
5683 3.093444e-10
5684 3.092666e-10
5685 3.091888e-10
5686 3.091111e-10
5687 3.090334e-10
5688 3.089558e-10
5689 3.088781e-10
5690 3.088005e-10
5691 3.087230e-10
5692 3.086455e-10
5693 3.085680e-10
5694 3.084905e-10
5695 3.084131e-10
5696 3.083357e-10
5697 3.082583e-10
5698 3.081810e-10
5699 3.081037e-10
5700 3.080265e-10
5701 3.079492e-10
5702 3.078720e-10
5703 3.077949e-10
5704 3.077177e-10
5705 3.076406e-10
5706 3.075636e-10
5707 3.074866e-10
5708 3.074096e-10
5709 3.073326e-10
5710 3.072557e-10
5711 3.071788e-10
5712 3.071019e-10
5713 3.070251e-10
5714 3.069483e-10
5715 3.068715e-10
5716 3.067948e-10
5717 3.067181e-10
5718 3.066414e-10
5719 3.065647e-10
5720 3.064881e-10
5721 3.064116e-10
5722 3.063350e-10
5723 3.062585e-10
5724 3.061820e-10
5725 3.061056e-10
5726 3.060292e-10
5727 3.059528e-10
5728 3.058765e-10
5729 3.058002e-10
5730 3.057239e-10
5731 3.056476e-10
5732 3.055714e-10
5733 3.054952e-10
5734 3.054191e-10
5735 3.053429e-10
5736 3.052669e-10
5737 3.051908e-10
5738 3.051148e-10
5739 3.050388e-10
5740 3.049628e-10
5741 3.048869e-10
5742 3.048110e-10
5743 3.047352e-10
5744 3.046593e-10
5745 3.045835e-10
5746 3.045078e-10
5747 3.044320e-10
5748 3.043563e-10
5749 3.042807e-10
5750 3.042050e-10
5751 3.041294e-10
5752 3.040538e-10
5753 3.039783e-10
5754 3.039028e-10
5755 3.038273e-10
5756 3.037519e-10
5757 3.036764e-10
5758 3.036011e-10
5759 3.035257e-10
5760 3.034504e-10
5761 3.033751e-10
5762 3.032998e-10
5763 3.032246e-10
5764 3.031494e-10
5765 3.030743e-10
5766 3.029991e-10
5767 3.029240e-10
5768 3.028490e-10
5769 3.027739e-10
5770 3.026989e-10
5771 3.026240e-10
5772 3.025490e-10
5773 3.024741e-10
5774 3.023992e-10
5775 3.023244e-10
5776 3.022496e-10
5777 3.021748e-10
5778 3.021001e-10
5779 3.020253e-10
5780 3.019506e-10
5781 3.018760e-10
5782 3.018014e-10
5783 3.017268e-10
5784 3.016522e-10
5785 3.015777e-10
5786 3.015032e-10
5787 3.014287e-10
5788 3.013543e-10
5789 3.012799e-10
5790 3.012055e-10
5791 3.011312e-10
5792 3.010568e-10
5793 3.009826e-10
5794 3.009083e-10
5795 3.008341e-10
5796 3.007599e-10
5797 3.006857e-10
5798 3.006116e-10
5799 3.005375e-10
5800 3.004635e-10
5801 3.003894e-10
5802 3.003154e-10
5803 3.002415e-10
5804 3.001675e-10
5805 3.000936e-10
5806 3.000187e-10
5807 2.999436e-10
5808 2.998685e-10
5809 2.997934e-10
5810 2.997184e-10
5811 2.996434e-10
5812 2.995684e-10
5813 2.994935e-10
5814 2.994185e-10
5815 2.993437e-10
5816 2.992688e-10
5817 2.991940e-10
5818 2.991192e-10
5819 2.990444e-10
5820 2.989697e-10
5821 2.988950e-10
5822 2.988204e-10
5823 2.987457e-10
5824 2.986711e-10
5825 2.985966e-10
5826 2.985220e-10
5827 2.984475e-10
5828 2.983731e-10
5829 2.982986e-10
5830 2.982242e-10
5831 2.981498e-10
5832 2.980755e-10
5833 2.980012e-10
5834 2.979269e-10
5835 2.978526e-10
5836 2.977784e-10
5837 2.977042e-10
5838 2.976301e-10
5839 2.975559e-10
5840 2.974818e-10
5841 2.974078e-10
5842 2.973337e-10
5843 2.972597e-10
5844 2.971858e-10
5845 2.971118e-10
5846 2.970379e-10
5847 2.969640e-10
5848 2.968902e-10
5849 2.968164e-10
5850 2.967426e-10
5851 2.966688e-10
5852 2.965951e-10
5853 2.965214e-10
5854 2.964477e-10
5855 2.963741e-10
5856 2.963005e-10
5857 2.962269e-10
5858 2.961534e-10
5859 2.960799e-10
5860 2.960064e-10
5861 2.959330e-10
5862 2.958595e-10
5863 2.957862e-10
5864 2.957128e-10
5865 2.956395e-10
5866 2.955662e-10
5867 2.954929e-10
5868 2.954197e-10
5869 2.953465e-10
5870 2.952733e-10
5871 2.952002e-10
5872 2.951271e-10
5873 2.950540e-10
5874 2.949809e-10
5875 2.949079e-10
5876 2.948349e-10
5877 2.947620e-10
5878 2.946890e-10
5879 2.946161e-10
5880 2.945433e-10
5881 2.944704e-10
5882 2.943976e-10
5883 2.943249e-10
5884 2.942521e-10
5885 2.941794e-10
5886 2.941067e-10
5887 2.940341e-10
5888 2.939614e-10
5889 2.938889e-10
5890 2.938163e-10
5891 2.937438e-10
5892 2.936713e-10
5893 2.935988e-10
5894 2.935263e-10
5895 2.934539e-10
5896 2.933815e-10
5897 2.933092e-10
5898 2.932369e-10
5899 2.931646e-10
5900 2.930923e-10
5901 2.930201e-10
5902 2.929479e-10
5903 2.928757e-10
5904 2.928036e-10
5905 2.927315e-10
5906 2.926594e-10
5907 2.925873e-10
5908 2.925153e-10
5909 2.924433e-10
5910 2.923714e-10
5911 2.922994e-10
5912 2.922275e-10
5913 2.921557e-10
5914 2.920838e-10
5915 2.920120e-10
5916 2.919402e-10
5917 2.918685e-10
5918 2.917967e-10
5919 2.917250e-10
5920 2.916534e-10
5921 2.915817e-10
5922 2.915101e-10
5923 2.914386e-10
5924 2.913670e-10
5925 2.912955e-10
5926 2.912240e-10
5927 2.911526e-10
5928 2.910811e-10
5929 2.910097e-10
5930 2.909384e-10
5931 2.908670e-10
5932 2.907957e-10
5933 2.907245e-10
5934 2.906532e-10
5935 2.905820e-10
5936 2.905108e-10
5937 2.904396e-10
5938 2.903685e-10
5939 2.902974e-10
5940 2.902263e-10
5941 2.901553e-10
5942 2.900843e-10
5943 2.900133e-10
5944 2.899423e-10
5945 2.898714e-10
5946 2.898005e-10
5947 2.897296e-10
5948 2.896588e-10
5949 2.895880e-10
5950 2.895172e-10
5951 2.894465e-10
5952 2.893757e-10
5953 2.893050e-10
5954 2.892344e-10
5955 2.891637e-10
5956 2.890931e-10
5957 2.890226e-10
5958 2.889520e-10
5959 2.888815e-10
5960 2.888110e-10
5961 2.887406e-10
5962 2.886701e-10
5963 2.885997e-10
5964 2.885293e-10
5965 2.884590e-10
5966 2.883887e-10
5967 2.883184e-10
5968 2.882481e-10
5969 2.881779e-10
5970 2.881077e-10
5971 2.880375e-10
5972 2.879674e-10
5973 2.878973e-10
5974 2.878272e-10
5975 2.877572e-10
5976 2.876871e-10
5977 2.876171e-10
5978 2.875472e-10
5979 2.874772e-10
5980 2.874073e-10
5981 2.873374e-10
5982 2.872676e-10
5983 2.871977e-10
5984 2.871280e-10
5985 2.870582e-10
5986 2.869884e-10
5987 2.869187e-10
5988 2.868490e-10
5989 2.867794e-10
5990 2.867098e-10
5991 2.866402e-10
5992 2.865706e-10
5993 2.865011e-10
5994 2.864316e-10
5995 2.863621e-10
5996 2.862926e-10
5997 2.862232e-10
5998 2.861538e-10
5999 2.860844e-10
6000 2.860151e-10
6001 2.859458e-10
6002 2.858765e-10
6003 2.858072e-10
6004 2.857380e-10
6005 2.856688e-10
6006 2.855996e-10
6007 2.855305e-10
6008 2.854614e-10
6009 2.853923e-10
6010 2.853232e-10
6011 2.852542e-10
6012 2.851852e-10
6013 2.851162e-10
6014 2.850473e-10
6015 2.849784e-10
6016 2.849095e-10
6017 2.848406e-10
6018 2.847718e-10
6019 2.847030e-10
6020 2.846342e-10
6021 2.845654e-10
6022 2.844967e-10
6023 2.844280e-10
6024 2.843594e-10
6025 2.842907e-10
6026 2.842221e-10
6027 2.841535e-10
6028 2.840850e-10
6029 2.840165e-10
6030 2.839480e-10
6031 2.838795e-10
6032 2.838111e-10
6033 2.837426e-10
6034 2.836743e-10
6035 2.836059e-10
6036 2.835376e-10
6037 2.834693e-10
6038 2.834010e-10
6039 2.833327e-10
6040 2.832645e-10
6041 2.831963e-10
6042 2.831282e-10
6043 2.830600e-10
6044 2.829919e-10
6045 2.829238e-10
6046 2.828558e-10
6047 2.827878e-10
6048 2.827198e-10
6049 2.826518e-10
6050 2.825839e-10
6051 2.825159e-10
6052 2.824481e-10
6053 2.823802e-10
6054 2.823124e-10
6055 2.822446e-10
6056 2.821768e-10
6057 2.821090e-10
6058 2.820413e-10
6059 2.819736e-10
6060 2.819059e-10
6061 2.818383e-10
6062 2.817707e-10
6063 2.817031e-10
6064 2.816355e-10
6065 2.815680e-10
6066 2.815005e-10
6067 2.814330e-10
6068 2.813656e-10
6069 2.812982e-10
6070 2.812308e-10
6071 2.811634e-10
6072 2.810961e-10
6073 2.810287e-10
6074 2.809615e-10
6075 2.808942e-10
6076 2.808270e-10
6077 2.807598e-10
6078 2.806926e-10
6079 2.806254e-10
6080 2.805583e-10
6081 2.804912e-10
6082 2.804241e-10
6083 2.803571e-10
6084 2.802901e-10
6085 2.802231e-10
6086 2.801561e-10
6087 2.800892e-10
6088 2.800223e-10
6089 2.799554e-10
6090 2.798886e-10
6091 2.798217e-10
6092 2.797549e-10
6093 2.796882e-10
6094 2.796214e-10
6095 2.795547e-10
6096 2.794880e-10
6097 2.794214e-10
6098 2.793547e-10
6099 2.792881e-10
6100 2.792215e-10
6101 2.791550e-10
6102 2.790884e-10
6103 2.790219e-10
6104 2.789555e-10
6105 2.788890e-10
6106 2.788226e-10
6107 2.787562e-10
6108 2.786898e-10
6109 2.786235e-10
6110 2.785572e-10
6111 2.784909e-10
6112 2.784246e-10
6113 2.783584e-10
6114 2.782922e-10
6115 2.782260e-10
6116 2.781598e-10
6117 2.780937e-10
6118 2.780276e-10
6119 2.779615e-10
6120 2.778955e-10
6121 2.778294e-10
6122 2.777634e-10
6123 2.776975e-10
6124 2.776315e-10
6125 2.775656e-10
6126 2.774997e-10
6127 2.774338e-10
6128 2.773680e-10
6129 2.773022e-10
6130 2.772364e-10
6131 2.771706e-10
6132 2.771049e-10
6133 2.770392e-10
6134 2.769735e-10
6135 2.769079e-10
6136 2.768422e-10
6137 2.767766e-10
6138 2.767110e-10
6139 2.766455e-10
6140 2.765800e-10
6141 2.765145e-10
6142 2.764490e-10
6143 2.763836e-10
6144 2.763181e-10
6145 2.762527e-10
6146 2.761874e-10
6147 2.761220e-10
6148 2.760567e-10
6149 2.759914e-10
6150 2.759262e-10
6151 2.758609e-10
6152 2.757957e-10
6153 2.757305e-10
6154 2.756654e-10
6155 2.756002e-10
6156 2.755351e-10
6157 2.754701e-10
6158 2.754050e-10
6159 2.753400e-10
6160 2.752750e-10
6161 2.752100e-10
6162 2.751450e-10
6163 2.750801e-10
6164 2.750152e-10
6165 2.749503e-10
6166 2.748855e-10
6167 2.748207e-10
6168 2.747559e-10
6169 2.746911e-10
6170 2.746264e-10
6171 2.745616e-10
6172 2.744969e-10
6173 2.744323e-10
6174 2.743676e-10
6175 2.743030e-10
6176 2.742384e-10
6177 2.741739e-10
6178 2.741093e-10
6179 2.740448e-10
6180 2.739803e-10
6181 2.739159e-10
6182 2.738514e-10
6183 2.737870e-10
6184 2.737226e-10
6185 2.736583e-10
6186 2.735939e-10
6187 2.735296e-10
6188 2.734653e-10
6189 2.734011e-10
6190 2.733368e-10
6191 2.732726e-10
6192 2.732084e-10
6193 2.731443e-10
6194 2.730802e-10
6195 2.730161e-10
6196 2.729520e-10
6197 2.728879e-10
6198 2.728239e-10
6199 2.727599e-10
6200 2.726959e-10
6201 2.726320e-10
6202 2.725680e-10
6203 2.725041e-10
6204 2.724402e-10
6205 2.723764e-10
6206 2.723126e-10
6207 2.722488e-10
6208 2.721850e-10
6209 2.721212e-10
6210 2.720575e-10
6211 2.719938e-10
6212 2.719301e-10
6213 2.718665e-10
6214 2.718029e-10
6215 2.717393e-10
6216 2.716757e-10
6217 2.716121e-10
6218 2.715486e-10
6219 2.714851e-10
6220 2.714216e-10
6221 2.713582e-10
6222 2.712948e-10
6223 2.712309e-10
6224 2.711663e-10
6225 2.711018e-10
6226 2.710374e-10
6227 2.709729e-10
6228 2.709085e-10
6229 2.708441e-10
6230 2.707797e-10
6231 2.707153e-10
6232 2.706510e-10
6233 2.705867e-10
6234 2.705225e-10
6235 2.704582e-10
6236 2.703940e-10
6237 2.703298e-10
6238 2.702656e-10
6239 2.702015e-10
6240 2.701374e-10
6241 2.700733e-10
6242 2.700092e-10
6243 2.699452e-10
6244 2.698811e-10
6245 2.698171e-10
6246 2.697532e-10
6247 2.696892e-10
6248 2.696253e-10
6249 2.695614e-10
6250 2.694976e-10
6251 2.694337e-10
6252 2.693699e-10
6253 2.693061e-10
6254 2.692424e-10
6255 2.691786e-10
6256 2.691149e-10
6257 2.690512e-10
6258 2.689876e-10
6259 2.689239e-10
6260 2.688603e-10
6261 2.687967e-10
6262 2.687332e-10
6263 2.686696e-10
6264 2.686061e-10
6265 2.685426e-10
6266 2.684792e-10
6267 2.684157e-10
6268 2.683523e-10
6269 2.682889e-10
6270 2.682256e-10
6271 2.681622e-10
6272 2.680989e-10
6273 2.680356e-10
6274 2.679724e-10
6275 2.679091e-10
6276 2.678459e-10
6277 2.677828e-10
6278 2.677196e-10
6279 2.676565e-10
6280 2.675933e-10
6281 2.675303e-10
6282 2.674672e-10
6283 2.674042e-10
6284 2.673412e-10
6285 2.672782e-10
6286 2.672152e-10
6287 2.671523e-10
6288 2.670894e-10
6289 2.670265e-10
6290 2.669636e-10
6291 2.669008e-10
6292 2.668380e-10
6293 2.667752e-10
6294 2.667124e-10
6295 2.666497e-10
6296 2.665870e-10
6297 2.665243e-10
6298 2.664616e-10
6299 2.663990e-10
6300 2.663363e-10
6301 2.662738e-10
6302 2.662112e-10
6303 2.661487e-10
6304 2.660861e-10
6305 2.660236e-10
6306 2.659612e-10
6307 2.658987e-10
6308 2.658363e-10
6309 2.657739e-10
6310 2.657116e-10
6311 2.656492e-10
6312 2.655869e-10
6313 2.655246e-10
6314 2.654623e-10
6315 2.654001e-10
6316 2.653379e-10
6317 2.652757e-10
6318 2.652135e-10
6319 2.651513e-10
6320 2.650892e-10
6321 2.650271e-10
6322 2.649650e-10
6323 2.649030e-10
6324 2.648410e-10
6325 2.647790e-10
6326 2.647170e-10
6327 2.646550e-10
6328 2.645931e-10
6329 2.645312e-10
6330 2.644693e-10
6331 2.644075e-10
6332 2.643456e-10
6333 2.642838e-10
6334 2.642220e-10
6335 2.641603e-10
6336 2.640985e-10
6337 2.640368e-10
6338 2.639751e-10
6339 2.639135e-10
6340 2.638518e-10
6341 2.637902e-10
6342 2.637286e-10
6343 2.636671e-10
6344 2.636055e-10
6345 2.635440e-10
6346 2.634825e-10
6347 2.634210e-10
6348 2.633596e-10
6349 2.632982e-10
6350 2.632368e-10
6351 2.631754e-10
6352 2.631140e-10
6353 2.630527e-10
6354 2.629914e-10
6355 2.629301e-10
6356 2.628689e-10
6357 2.628076e-10
6358 2.627464e-10
6359 2.626853e-10
6360 2.626241e-10
6361 2.625630e-10
6362 2.625018e-10
6363 2.624408e-10
6364 2.623797e-10
6365 2.623187e-10
6366 2.622576e-10
6367 2.621966e-10
6368 2.621357e-10
6369 2.620747e-10
6370 2.620138e-10
6371 2.619529e-10
6372 2.618920e-10
6373 2.618312e-10
6374 2.617704e-10
6375 2.617096e-10
6376 2.616488e-10
6377 2.615880e-10
6378 2.615273e-10
6379 2.614666e-10
6380 2.614059e-10
6381 2.613452e-10
6382 2.612846e-10
6383 2.612240e-10
6384 2.611634e-10
6385 2.611028e-10
6386 2.610423e-10
6387 2.609818e-10
6388 2.609213e-10
6389 2.608608e-10
6390 2.608003e-10
6391 2.607399e-10
6392 2.606795e-10
6393 2.606191e-10
6394 2.605588e-10
6395 2.604984e-10
6396 2.604381e-10
6397 2.603779e-10
6398 2.603176e-10
6399 2.602574e-10
6400 2.601971e-10
6401 2.601369e-10
6402 2.600768e-10
6403 2.600166e-10
6404 2.599565e-10
6405 2.598964e-10
6406 2.598363e-10
6407 2.597763e-10
6408 2.597163e-10
6409 2.596562e-10
6410 2.595963e-10
6411 2.595363e-10
6412 2.594764e-10
6413 2.594165e-10
6414 2.593566e-10
6415 2.592967e-10
6416 2.592369e-10
6417 2.591770e-10
6418 2.591172e-10
6419 2.590575e-10
6420 2.589977e-10
6421 2.589380e-10
6422 2.588783e-10
6423 2.588186e-10
6424 2.587589e-10
6425 2.586993e-10
6426 2.586397e-10
6427 2.585801e-10
6428 2.585205e-10
6429 2.584610e-10
6430 2.584015e-10
6431 2.583420e-10
6432 2.582825e-10
6433 2.582230e-10
6434 2.581636e-10
6435 2.581042e-10
6436 2.580448e-10
6437 2.579855e-10
6438 2.579261e-10
6439 2.578668e-10
6440 2.578075e-10
6441 2.577483e-10
6442 2.576890e-10
6443 2.576298e-10
6444 2.575706e-10
6445 2.575114e-10
6446 2.574523e-10
6447 2.573931e-10
6448 2.573340e-10
6449 2.572749e-10
6450 2.572159e-10
6451 2.571568e-10
6452 2.570978e-10
6453 2.570388e-10
6454 2.569798e-10
6455 2.569209e-10
6456 2.568620e-10
6457 2.568030e-10
6458 2.567442e-10
6459 2.566853e-10
6460 2.566265e-10
6461 2.565677e-10
6462 2.565089e-10
6463 2.564501e-10
6464 2.563913e-10
6465 2.563326e-10
6466 2.562739e-10
6467 2.562152e-10
6468 2.561566e-10
6469 2.560979e-10
6470 2.560393e-10
6471 2.559807e-10
6472 2.559222e-10
6473 2.558636e-10
6474 2.558051e-10
6475 2.557466e-10
6476 2.556881e-10
6477 2.556297e-10
6478 2.555712e-10
6479 2.555128e-10
6480 2.554544e-10
6481 2.553961e-10
6482 2.553377e-10
6483 2.552794e-10
6484 2.552211e-10
6485 2.551628e-10
6486 2.551046e-10
6487 2.550464e-10
6488 2.549882e-10
6489 2.549300e-10
6490 2.548718e-10
6491 2.548137e-10
6492 2.547555e-10
6493 2.546974e-10
6494 2.546394e-10
6495 2.545813e-10
6496 2.545233e-10
6497 2.544653e-10
6498 2.544073e-10
6499 2.543493e-10
6500 2.542914e-10
6501 2.542334e-10
6502 2.541755e-10
6503 2.541177e-10
6504 2.540598e-10
6505 2.540020e-10
6506 2.539442e-10
6507 2.538864e-10
6508 2.538286e-10
6509 2.537709e-10
6510 2.537132e-10
6511 2.536555e-10
6512 2.535978e-10
6513 2.535401e-10
6514 2.534825e-10
6515 2.534249e-10
6516 2.533673e-10
6517 2.533097e-10
6518 2.532522e-10
6519 2.531946e-10
6520 2.531371e-10
6521 2.530797e-10
6522 2.530222e-10
6523 2.529648e-10
6524 2.529073e-10
6525 2.528499e-10
6526 2.527926e-10
6527 2.527352e-10
6528 2.526779e-10
6529 2.526206e-10
6530 2.525633e-10
6531 2.525060e-10
6532 2.524488e-10
6533 2.523916e-10
6534 2.523344e-10
6535 2.522772e-10
6536 2.522201e-10
6537 2.521629e-10
6538 2.521058e-10
6539 2.520487e-10
6540 2.519916e-10
6541 2.519346e-10
6542 2.518776e-10
6543 2.518206e-10
6544 2.517636e-10
6545 2.517066e-10
6546 2.516497e-10
6547 2.515928e-10
6548 2.515359e-10
6549 2.514790e-10
6550 2.514222e-10
6551 2.513653e-10
6552 2.513085e-10
6553 2.512517e-10
6554 2.511950e-10
6555 2.511382e-10
6556 2.510815e-10
6557 2.510248e-10
6558 2.509681e-10
6559 2.509115e-10
6560 2.508548e-10
6561 2.507982e-10
6562 2.507416e-10
6563 2.506850e-10
6564 2.506285e-10
6565 2.505720e-10
6566 2.505154e-10
6567 2.504590e-10
6568 2.504025e-10
6569 2.503460e-10
6570 2.502896e-10
6571 2.502332e-10
6572 2.501768e-10
6573 2.501205e-10
6574 2.500641e-10
6575 2.500078e-10
6576 2.499515e-10
6577 2.498953e-10
6578 2.498390e-10
6579 2.497828e-10
6580 2.497266e-10
6581 2.496704e-10
6582 2.496142e-10
6583 2.495581e-10
6584 2.495019e-10
6585 2.494458e-10
6586 2.493897e-10
6587 2.493337e-10
6588 2.492776e-10
6589 2.492216e-10
6590 2.491656e-10
6591 2.491096e-10
6592 2.490537e-10
6593 2.489977e-10
6594 2.489418e-10
6595 2.488859e-10
6596 2.488301e-10
6597 2.487742e-10
6598 2.487184e-10
6599 2.486626e-10
6600 2.486068e-10
6601 2.485510e-10
6602 2.484953e-10
6603 2.484395e-10
6604 2.483838e-10
6605 2.483281e-10
6606 2.482725e-10
6607 2.482168e-10
6608 2.481612e-10
6609 2.481056e-10
6610 2.480500e-10
6611 2.479945e-10
6612 2.479389e-10
6613 2.478834e-10
6614 2.478279e-10
6615 2.477724e-10
6616 2.477170e-10
6617 2.476616e-10
6618 2.476061e-10
6619 2.475507e-10
6620 2.474954e-10
6621 2.474400e-10
6622 2.473847e-10
6623 2.473294e-10
6624 2.472741e-10
6625 2.472188e-10
6626 2.471636e-10
6627 2.471084e-10
6628 2.470531e-10
6629 2.469980e-10
6630 2.469428e-10
6631 2.468876e-10
6632 2.468325e-10
6633 2.467774e-10
6634 2.467223e-10
6635 2.466673e-10
6636 2.466122e-10
6637 2.465572e-10
6638 2.465022e-10
6639 2.464472e-10
6640 2.463923e-10
6641 2.463373e-10
6642 2.462824e-10
6643 2.462275e-10
6644 2.461726e-10
6645 2.461178e-10
6646 2.460630e-10
6647 2.460081e-10
6648 2.459533e-10
6649 2.458986e-10
6650 2.458438e-10
6651 2.457891e-10
6652 2.457344e-10
6653 2.456797e-10
6654 2.456250e-10
6655 2.455703e-10
6656 2.455157e-10
6657 2.454611e-10
6658 2.454065e-10
6659 2.453519e-10
6660 2.452974e-10
6661 2.452429e-10
6662 2.451883e-10
6663 2.451339e-10
6664 2.450794e-10
6665 2.450249e-10
6666 2.449705e-10
6667 2.449161e-10
6668 2.448617e-10
6669 2.448073e-10
6670 2.447529e-10
6671 2.446976e-10
6672 2.446422e-10
6673 2.445869e-10
6674 2.445316e-10
6675 2.444764e-10
6676 2.444211e-10
6677 2.443659e-10
6678 2.443107e-10
6679 2.442555e-10
6680 2.442003e-10
6681 2.441452e-10
6682 2.440901e-10
6683 2.440350e-10
6684 2.439799e-10
6685 2.439248e-10
6686 2.438698e-10
6687 2.438148e-10
6688 2.437598e-10
6689 2.437048e-10
6690 2.436499e-10
6691 2.435949e-10
6692 2.435400e-10
6693 2.434851e-10
6694 2.434302e-10
6695 2.433754e-10
6696 2.433205e-10
6697 2.432657e-10
6698 2.432109e-10
6699 2.431562e-10
6700 2.431014e-10
6701 2.430467e-10
6702 2.429920e-10
6703 2.429373e-10
6704 2.428826e-10
6705 2.428280e-10
6706 2.427733e-10
6707 2.427187e-10
6708 2.426641e-10
6709 2.426096e-10
6710 2.425550e-10
6711 2.425005e-10
6712 2.424460e-10
6713 2.423915e-10
6714 2.423371e-10
6715 2.422826e-10
6716 2.422282e-10
6717 2.421738e-10
6718 2.421194e-10
6719 2.420650e-10
6720 2.420107e-10
6721 2.419564e-10
6722 2.419021e-10
6723 2.418478e-10
6724 2.417935e-10
6725 2.417393e-10
6726 2.416851e-10
6727 2.416309e-10
6728 2.415767e-10
6729 2.415225e-10
6730 2.414684e-10
6731 2.414143e-10
6732 2.413602e-10
6733 2.413061e-10
6734 2.412520e-10
6735 2.411980e-10
6736 2.411440e-10
6737 2.410900e-10
6738 2.410360e-10
6739 2.409820e-10
6740 2.409281e-10
6741 2.408742e-10
6742 2.408203e-10
6743 2.407664e-10
6744 2.407125e-10
6745 2.406587e-10
6746 2.406049e-10
6747 2.405511e-10
6748 2.404973e-10
6749 2.404435e-10
6750 2.403898e-10
6751 2.403361e-10
6752 2.402824e-10
6753 2.402287e-10
6754 2.401750e-10
6755 2.401214e-10
6756 2.400678e-10
6757 2.400142e-10
6758 2.399606e-10
6759 2.399070e-10
6760 2.398535e-10
6761 2.398000e-10
6762 2.397465e-10
6763 2.396930e-10
6764 2.396395e-10
6765 2.395861e-10
6766 2.395327e-10
6767 2.394793e-10
6768 2.394259e-10
6769 2.393725e-10
6770 2.393192e-10
6771 2.392659e-10
6772 2.392126e-10
6773 2.391593e-10
6774 2.391060e-10
6775 2.390528e-10
6776 2.389995e-10
6777 2.389463e-10
6778 2.388932e-10
6779 2.388400e-10
6780 2.387868e-10
6781 2.387337e-10
6782 2.386806e-10
6783 2.386275e-10
6784 2.385745e-10
6785 2.385214e-10
6786 2.384684e-10
6787 2.384154e-10
6788 2.383624e-10
6789 2.383094e-10
6790 2.382565e-10
6791 2.382036e-10
6792 2.381506e-10
6793 2.380978e-10
6794 2.380449e-10
6795 2.379920e-10
6796 2.379392e-10
6797 2.378864e-10
6798 2.378336e-10
6799 2.377808e-10
6800 2.377281e-10
6801 2.376753e-10
6802 2.376226e-10
6803 2.375699e-10
6804 2.375173e-10
6805 2.374646e-10
6806 2.374120e-10
6807 2.373593e-10
6808 2.373067e-10
6809 2.372542e-10
6810 2.372016e-10
6811 2.371491e-10
6812 2.370965e-10
6813 2.370440e-10
6814 2.369916e-10
6815 2.369391e-10
6816 2.368867e-10
6817 2.368342e-10
6818 2.367818e-10
6819 2.367294e-10
6820 2.366771e-10
6821 2.366247e-10
6822 2.365724e-10
6823 2.365201e-10
6824 2.364678e-10
6825 2.364155e-10
6826 2.363633e-10
6827 2.363111e-10
6828 2.362588e-10
6829 2.362067e-10
6830 2.361545e-10
6831 2.361023e-10
6832 2.360502e-10
6833 2.359981e-10
6834 2.359460e-10
6835 2.358939e-10
6836 2.358418e-10
6837 2.357898e-10
6838 2.357378e-10
6839 2.356858e-10
6840 2.356338e-10
6841 2.355818e-10
6842 2.355299e-10
6843 2.354780e-10
6844 2.354261e-10
6845 2.353742e-10
6846 2.353223e-10
6847 2.352704e-10
6848 2.352186e-10
6849 2.351668e-10
6850 2.351150e-10
6851 2.350632e-10
6852 2.350115e-10
6853 2.349597e-10
6854 2.349080e-10
6855 2.348563e-10
6856 2.348047e-10
6857 2.347530e-10
6858 2.347014e-10
6859 2.346497e-10
6860 2.345981e-10
6861 2.345465e-10
6862 2.344950e-10
6863 2.344434e-10
6864 2.343919e-10
6865 2.343404e-10
6866 2.342889e-10
6867 2.342374e-10
6868 2.341860e-10
6869 2.341345e-10
6870 2.340831e-10
6871 2.340317e-10
6872 2.339804e-10
6873 2.339290e-10
6874 2.338777e-10
6875 2.338263e-10
6876 2.337750e-10
6877 2.337238e-10
6878 2.336725e-10
6879 2.336212e-10
6880 2.335700e-10
6881 2.335188e-10
6882 2.334676e-10
6883 2.334164e-10
6884 2.333653e-10
6885 2.333142e-10
6886 2.332630e-10
6887 2.332119e-10
6888 2.331609e-10
6889 2.331098e-10
6890 2.330588e-10
6891 2.330077e-10
6892 2.329567e-10
6893 2.329057e-10
6894 2.328548e-10
6895 2.328038e-10
6896 2.327529e-10
6897 2.327020e-10
6898 2.326511e-10
6899 2.326002e-10
6900 2.325494e-10
6901 2.324985e-10
6902 2.324477e-10
6903 2.323969e-10
6904 2.323461e-10
6905 2.322954e-10
6906 2.322446e-10
6907 2.321939e-10
6908 2.321432e-10
6909 2.320925e-10
6910 2.320418e-10
6911 2.319912e-10
6912 2.319405e-10
6913 2.318899e-10
6914 2.318393e-10
6915 2.317887e-10
6916 2.317382e-10
6917 2.316876e-10
6918 2.316371e-10
6919 2.315866e-10
6920 2.315361e-10
6921 2.314856e-10
6922 2.314352e-10
6923 2.313848e-10
6924 2.313343e-10
6925 2.312839e-10
6926 2.312336e-10
6927 2.311832e-10
6928 2.311329e-10
6929 2.310825e-10
6930 2.310322e-10
6931 2.309819e-10
6932 2.309317e-10
6933 2.308814e-10
6934 2.308312e-10
6935 2.307810e-10
6936 2.307308e-10
6937 2.306806e-10
6938 2.306304e-10
6939 2.305803e-10
6940 2.305302e-10
6941 2.304801e-10
6942 2.304300e-10
6943 2.303799e-10
6944 2.303299e-10
6945 2.302798e-10
6946 2.302298e-10
6947 2.301798e-10
6948 2.301298e-10
6949 2.300799e-10
6950 2.300299e-10
6951 2.299800e-10
6952 2.299301e-10
6953 2.298802e-10
6954 2.298303e-10
6955 2.297805e-10
6956 2.297307e-10
6957 2.296808e-10
6958 2.296310e-10
6959 2.295813e-10
6960 2.295315e-10
6961 2.294818e-10
6962 2.294320e-10
6963 2.293823e-10
6964 2.293326e-10
6965 2.292829e-10
6966 2.292333e-10
6967 2.291837e-10
6968 2.291340e-10
6969 2.290844e-10
6970 2.290348e-10
6971 2.289853e-10
6972 2.289357e-10
6973 2.288862e-10
6974 2.288367e-10
6975 2.287872e-10
6976 2.287377e-10
6977 2.286883e-10
6978 2.286388e-10
6979 2.285894e-10
6980 2.285400e-10
6981 2.284906e-10
6982 2.284412e-10
6983 2.283919e-10
6984 2.283425e-10
6985 2.282932e-10
6986 2.282439e-10
6987 2.281946e-10
6988 2.281454e-10
6989 2.280961e-10
6990 2.280469e-10
6991 2.279977e-10
6992 2.279485e-10
6993 2.278993e-10
6994 2.278502e-10
6995 2.278010e-10
6996 2.277519e-10
6997 2.277028e-10
6998 2.276537e-10
6999 2.276046e-10
7000 2.275556e-10
7001 2.275065e-10
7002 2.274575e-10
7003 2.274085e-10
7004 2.273595e-10
7005 2.273106e-10
7006 2.272616e-10
7007 2.272127e-10
7008 2.271638e-10
7009 2.271149e-10
7010 2.270660e-10
7011 2.270172e-10
7012 2.269683e-10
7013 2.269195e-10
7014 2.268707e-10
7015 2.268219e-10
7016 2.267731e-10
7017 2.267244e-10
7018 2.266756e-10
7019 2.266269e-10
7020 2.265782e-10
7021 2.265295e-10
7022 2.264808e-10
7023 2.264322e-10
7024 2.263836e-10
7025 2.263349e-10
7026 2.262863e-10
7027 2.262378e-10
7028 2.261892e-10
7029 2.261407e-10
7030 2.260921e-10
7031 2.260436e-10
7032 2.259951e-10
7033 2.259466e-10
7034 2.258982e-10
7035 2.258497e-10
7036 2.258013e-10
7037 2.257529e-10
7038 2.257045e-10
7039 2.256561e-10
7040 2.256078e-10
7041 2.255594e-10
7042 2.255111e-10
7043 2.254628e-10
7044 2.254145e-10
7045 2.253663e-10
7046 2.253180e-10
7047 2.252698e-10
7048 2.252215e-10
7049 2.251733e-10
7050 2.251252e-10
7051 2.250770e-10
7052 2.250288e-10
7053 2.249807e-10
7054 2.249326e-10
7055 2.248845e-10
7056 2.248364e-10
7057 2.247883e-10
7058 2.247403e-10
7059 2.246923e-10
7060 2.246443e-10
7061 2.245963e-10
7062 2.245483e-10
7063 2.245003e-10
7064 2.244524e-10
7065 2.244044e-10
7066 2.243565e-10
7067 2.243086e-10
7068 2.242608e-10
7069 2.242129e-10
7070 2.241650e-10
7071 2.241172e-10
7072 2.240694e-10
7073 2.240216e-10
7074 2.239738e-10
7075 2.239261e-10
7076 2.238783e-10
7077 2.238306e-10
7078 2.237829e-10
7079 2.237352e-10
7080 2.236875e-10
7081 2.236399e-10
7082 2.235922e-10
7083 2.235446e-10
7084 2.234970e-10
7085 2.234494e-10
7086 2.234019e-10
7087 2.233543e-10
7088 2.233068e-10
7089 2.232592e-10
7090 2.232117e-10
7091 2.231642e-10
7092 2.231168e-10
7093 2.230693e-10
7094 2.230219e-10
7095 2.229745e-10
7096 2.229271e-10
7097 2.228797e-10
7098 2.228323e-10
7099 2.227849e-10
7100 2.227376e-10
7101 2.226903e-10
7102 2.226430e-10
7103 2.225957e-10
7104 2.225484e-10
7105 2.225012e-10
7106 2.224539e-10
7107 2.224067e-10
7108 2.223595e-10
7109 2.223123e-10
7110 2.222651e-10
7111 2.222180e-10
7112 2.221708e-10
7113 2.221237e-10
7114 2.220766e-10
7115 2.220295e-10
7116 2.219825e-10
7117 2.219354e-10
7118 2.218884e-10
7119 2.218413e-10
7120 2.217943e-10
7121 2.217474e-10
7122 2.217004e-10
7123 2.216534e-10
7124 2.216065e-10
7125 2.215596e-10
7126 2.215127e-10
7127 2.214658e-10
7128 2.214189e-10
7129 2.213720e-10
7130 2.213252e-10
7131 2.212784e-10
7132 2.212316e-10
7133 2.211848e-10
7134 2.211380e-10
7135 2.210912e-10
7136 2.210445e-10
7137 2.209978e-10
7138 2.209511e-10
7139 2.209044e-10
7140 2.208577e-10
7141 2.208110e-10
7142 2.207644e-10
7143 2.207178e-10
7144 2.206712e-10
7145 2.206246e-10
7146 2.205780e-10
7147 2.205314e-10
7148 2.204849e-10
7149 2.204384e-10
7150 2.203913e-10
7151 2.203439e-10
7152 2.202966e-10
7153 2.202492e-10
7154 2.202019e-10
7155 2.201545e-10
7156 2.201072e-10
7157 2.200599e-10
7158 2.200126e-10
7159 2.199654e-10
7160 2.199181e-10
7161 2.198709e-10
7162 2.198237e-10
7163 2.197765e-10
7164 2.197293e-10
7165 2.196822e-10
7166 2.196350e-10
7167 2.195879e-10
7168 2.195408e-10
7169 2.194937e-10
7170 2.194466e-10
7171 2.193996e-10
7172 2.193525e-10
7173 2.193055e-10
7174 2.192585e-10
7175 2.192115e-10
7176 2.191645e-10
7177 2.191176e-10
7178 2.190706e-10
7179 2.190237e-10
7180 2.189768e-10
7181 2.189299e-10
7182 2.188830e-10
7183 2.188361e-10
7184 2.187893e-10
7185 2.187425e-10
7186 2.186957e-10
7187 2.186489e-10
7188 2.186021e-10
7189 2.185553e-10
7190 2.185086e-10
7191 2.184618e-10
7192 2.184151e-10
7193 2.183684e-10
7194 2.183218e-10
7195 2.182751e-10
7196 2.182285e-10
7197 2.181818e-10
7198 2.181352e-10
7199 2.180886e-10
7200 2.180420e-10
7201 2.179955e-10
7202 2.179489e-10
7203 2.179024e-10
7204 2.178559e-10
7205 2.178094e-10
7206 2.177629e-10
7207 2.177164e-10
7208 2.176700e-10
7209 2.176235e-10
7210 2.175771e-10
7211 2.175307e-10
7212 2.174843e-10
7213 2.174380e-10
7214 2.173916e-10
7215 2.173453e-10
7216 2.172990e-10
7217 2.172527e-10
7218 2.172064e-10
7219 2.171601e-10
7220 2.171139e-10
7221 2.170676e-10
7222 2.170214e-10
7223 2.169752e-10
7224 2.169290e-10
7225 2.168828e-10
7226 2.168367e-10
7227 2.167905e-10
7228 2.167444e-10
7229 2.166983e-10
7230 2.166522e-10
7231 2.166061e-10
7232 2.165601e-10
7233 2.165140e-10
7234 2.164680e-10
7235 2.164220e-10
7236 2.163760e-10
7237 2.163300e-10
7238 2.162841e-10
7239 2.162381e-10
7240 2.161922e-10
7241 2.161463e-10
7242 2.161004e-10
7243 2.160545e-10
7244 2.160086e-10
7245 2.159628e-10
7246 2.159169e-10
7247 2.158711e-10
7248 2.158253e-10
7249 2.157795e-10
7250 2.157338e-10
7251 2.156880e-10
7252 2.156423e-10
7253 2.155966e-10
7254 2.155508e-10
7255 2.155052e-10
7256 2.154595e-10
7257 2.154138e-10
7258 2.153682e-10
7259 2.153226e-10
7260 2.152769e-10
7261 2.152314e-10
7262 2.151858e-10
7263 2.151402e-10
7264 2.150947e-10
7265 2.150491e-10
7266 2.150036e-10
7267 2.149581e-10
7268 2.149126e-10
7269 2.148672e-10
7270 2.148217e-10
7271 2.147763e-10
7272 2.147309e-10
7273 2.146855e-10
7274 2.146401e-10
7275 2.145947e-10
7276 2.145494e-10
7277 2.145040e-10
7278 2.144587e-10
7279 2.144134e-10
7280 2.143681e-10
7281 2.143228e-10
7282 2.142776e-10
7283 2.142323e-10
7284 2.141871e-10
7285 2.141419e-10
7286 2.140967e-10
7287 2.140515e-10
7288 2.140063e-10
7289 2.139612e-10
7290 2.139160e-10
7291 2.138709e-10
7292 2.138258e-10
7293 2.137807e-10
7294 2.137357e-10
7295 2.136906e-10
7296 2.136456e-10
7297 2.136005e-10
7298 2.135555e-10
7299 2.135105e-10
7300 2.134656e-10
7301 2.134206e-10
7302 2.133756e-10
7303 2.133307e-10
7304 2.132858e-10
7305 2.132409e-10
7306 2.131960e-10
7307 2.131511e-10
7308 2.131063e-10
7309 2.130615e-10
7310 2.130166e-10
7311 2.129718e-10
7312 2.129270e-10
7313 2.128823e-10
7314 2.128375e-10
7315 2.127928e-10
7316 2.127480e-10
7317 2.127033e-10
7318 2.126586e-10
7319 2.126139e-10
7320 2.125693e-10
7321 2.125246e-10
7322 2.124800e-10
7323 2.124354e-10
7324 2.123907e-10
7325 2.123462e-10
7326 2.123016e-10
7327 2.122570e-10
7328 2.122125e-10
7329 2.121680e-10
7330 2.121234e-10
7331 2.120789e-10
7332 2.120345e-10
7333 2.119900e-10
7334 2.119455e-10
7335 2.119011e-10
7336 2.118567e-10
7337 2.118123e-10
7338 2.117679e-10
7339 2.117235e-10
7340 2.116792e-10
7341 2.116348e-10
7342 2.115905e-10
7343 2.115462e-10
7344 2.115019e-10
7345 2.114576e-10
7346 2.114133e-10
7347 2.113691e-10
7348 2.113248e-10
7349 2.112806e-10
7350 2.112364e-10
7351 2.111922e-10
7352 2.111481e-10
7353 2.111039e-10
7354 2.110598e-10
7355 2.110156e-10
7356 2.109715e-10
7357 2.109274e-10
7358 2.108833e-10
7359 2.108393e-10
7360 2.107952e-10
7361 2.107512e-10
7362 2.107071e-10
7363 2.106631e-10
7364 2.106191e-10
7365 2.105752e-10
7366 2.105312e-10
7367 2.104873e-10
7368 2.104433e-10
7369 2.103994e-10
7370 2.103555e-10
7371 2.103116e-10
7372 2.102677e-10
7373 2.102239e-10
7374 2.101801e-10
7375 2.101362e-10
7376 2.100924e-10
7377 2.100486e-10
7378 2.100048e-10
7379 2.099611e-10
7380 2.099173e-10
7381 2.098736e-10
7382 2.098299e-10
7383 2.097862e-10
7384 2.097425e-10
7385 2.096988e-10
7386 2.096551e-10
7387 2.096115e-10
7388 2.095679e-10
7389 2.095242e-10
7390 2.094806e-10
7391 2.094371e-10
7392 2.093935e-10
7393 2.093499e-10
7394 2.093064e-10
7395 2.092629e-10
7396 2.092193e-10
7397 2.091758e-10
7398 2.091324e-10
7399 2.090889e-10
7400 2.090455e-10
7401 2.090020e-10
7402 2.089586e-10
7403 2.089152e-10
7404 2.088718e-10
7405 2.088284e-10
7406 2.087851e-10
7407 2.087417e-10
7408 2.086984e-10
7409 2.086551e-10
7410 2.086118e-10
7411 2.085685e-10
7412 2.085252e-10
7413 2.084819e-10
7414 2.084387e-10
7415 2.083955e-10
7416 2.083522e-10
7417 2.083091e-10
7418 2.082659e-10
7419 2.082227e-10
7420 2.081795e-10
7421 2.081364e-10
7422 2.080933e-10
7423 2.080502e-10
7424 2.080071e-10
7425 2.079640e-10
7426 2.079209e-10
7427 2.078779e-10
7428 2.078348e-10
7429 2.077918e-10
7430 2.077488e-10
7431 2.077058e-10
7432 2.076628e-10
7433 2.076199e-10
7434 2.075769e-10
7435 2.075340e-10
7436 2.074911e-10
7437 2.074482e-10
7438 2.074053e-10
7439 2.073624e-10
7440 2.073195e-10
7441 2.072767e-10
7442 2.072339e-10
7443 2.071910e-10
7444 2.071482e-10
7445 2.071054e-10
7446 2.070627e-10
7447 2.070199e-10
7448 2.069772e-10
7449 2.069344e-10
7450 2.068917e-10
7451 2.068490e-10
7452 2.068063e-10
7453 2.067637e-10
7454 2.067210e-10
7455 2.066784e-10
7456 2.066357e-10
7457 2.065931e-10
7458 2.065505e-10
7459 2.065079e-10
7460 2.064654e-10
7461 2.064228e-10
7462 2.063803e-10
7463 2.063378e-10
7464 2.062952e-10
7465 2.062527e-10
7466 2.062103e-10
7467 2.061678e-10
7468 2.061253e-10
7469 2.060829e-10
7470 2.060405e-10
7471 2.059981e-10
7472 2.059557e-10
7473 2.059133e-10
7474 2.058709e-10
7475 2.058286e-10
7476 2.057862e-10
7477 2.057439e-10
7478 2.057016e-10
7479 2.056593e-10
7480 2.056170e-10
7481 2.055747e-10
7482 2.055325e-10
7483 2.054903e-10
7484 2.054480e-10
7485 2.054058e-10
7486 2.053636e-10
7487 2.053214e-10
7488 2.052793e-10
7489 2.052371e-10
7490 2.051950e-10
7491 2.051529e-10
7492 2.051107e-10
7493 2.050687e-10
7494 2.050266e-10
7495 2.049845e-10
7496 2.049425e-10
7497 2.049004e-10
7498 2.048584e-10
7499 2.048164e-10
7500 2.047744e-10
7501 2.047324e-10
7502 2.046904e-10
7503 2.046485e-10
7504 2.046065e-10
7505 2.045646e-10
7506 2.045227e-10
7507 2.044808e-10
7508 2.044389e-10
7509 2.043971e-10
7510 2.043552e-10
7511 2.043134e-10
7512 2.042715e-10
7513 2.042297e-10
7514 2.041879e-10
7515 2.041461e-10
7516 2.041044e-10
7517 2.040626e-10
7518 2.040209e-10
7519 2.039791e-10
7520 2.039374e-10
7521 2.038957e-10
7522 2.038541e-10
7523 2.038124e-10
7524 2.037707e-10
7525 2.037291e-10
7526 2.036875e-10
7527 2.036458e-10
7528 2.036042e-10
7529 2.035626e-10
7530 2.035211e-10
7531 2.034795e-10
7532 2.034380e-10
7533 2.033964e-10
7534 2.033549e-10
7535 2.033134e-10
7536 2.032719e-10
7537 2.032305e-10
7538 2.031890e-10
7539 2.031476e-10
7540 2.031061e-10
7541 2.030647e-10
7542 2.030233e-10
7543 2.029819e-10
7544 2.029405e-10
7545 2.028992e-10
7546 2.028578e-10
7547 2.028165e-10
7548 2.027752e-10
7549 2.027338e-10
7550 2.026926e-10
7551 2.026513e-10
7552 2.026100e-10
7553 2.025688e-10
7554 2.025275e-10
7555 2.024863e-10
7556 2.024451e-10
7557 2.024039e-10
7558 2.023627e-10
7559 2.023215e-10
7560 2.022804e-10
7561 2.022392e-10
7562 2.021981e-10
7563 2.021570e-10
7564 2.021159e-10
7565 2.020748e-10
7566 2.020337e-10
7567 2.019927e-10
7568 2.019516e-10
7569 2.019106e-10
7570 2.018696e-10
7571 2.018286e-10
7572 2.017876e-10
7573 2.017466e-10
7574 2.017057e-10
7575 2.016647e-10
7576 2.016238e-10
7577 2.015828e-10
7578 2.015419e-10
7579 2.015010e-10
7580 2.014602e-10
7581 2.014193e-10
7582 2.013784e-10
7583 2.013376e-10
7584 2.012968e-10
7585 2.012560e-10
7586 2.012152e-10
7587 2.011744e-10
7588 2.011336e-10
7589 2.010929e-10
7590 2.010521e-10
7591 2.010114e-10
7592 2.009707e-10
7593 2.009300e-10
7594 2.008893e-10
7595 2.008486e-10
7596 2.008079e-10
7597 2.007673e-10
7598 2.007267e-10
7599 2.006860e-10
7600 2.006454e-10
7601 2.006048e-10
7602 2.005643e-10
7603 2.005237e-10
7604 2.004831e-10
7605 2.004426e-10
7606 2.004021e-10
7607 2.003616e-10
7608 2.003211e-10
7609 2.002806e-10
7610 2.002401e-10
7611 2.001996e-10
7612 2.001592e-10
7613 2.001188e-10
7614 2.000783e-10
7615 2.000379e-10
7616 1.999975e-10
7617 1.999572e-10
7618 1.999168e-10
7619 1.998765e-10
7620 1.998361e-10
7621 1.997958e-10
7622 1.997555e-10
7623 1.997152e-10
7624 1.996749e-10
7625 1.996346e-10
7626 1.995944e-10
7627 1.995541e-10
7628 1.995139e-10
7629 1.994737e-10
7630 1.994335e-10
7631 1.993933e-10
7632 1.993531e-10
7633 1.993129e-10
7634 1.992728e-10
7635 1.992327e-10
7636 1.991925e-10
7637 1.991524e-10
7638 1.991123e-10
7639 1.990722e-10
7640 1.990322e-10
7641 1.989921e-10
7642 1.989521e-10
7643 1.989120e-10
7644 1.988720e-10
7645 1.988320e-10
7646 1.987920e-10
7647 1.987520e-10
7648 1.987121e-10
7649 1.986721e-10
7650 1.986322e-10
7651 1.985923e-10
7652 1.985524e-10
7653 1.985125e-10
7654 1.984726e-10
7655 1.984327e-10
7656 1.983929e-10
7657 1.983530e-10
7658 1.983132e-10
7659 1.982734e-10
7660 1.982336e-10
7661 1.981938e-10
7662 1.981540e-10
7663 1.981142e-10
7664 1.980740e-10
7665 1.980335e-10
7666 1.979930e-10
7667 1.979525e-10
7668 1.979120e-10
7669 1.978715e-10
7670 1.978311e-10
7671 1.977906e-10
7672 1.977502e-10
7673 1.977098e-10
7674 1.976694e-10
7675 1.976290e-10
7676 1.975886e-10
7677 1.975482e-10
7678 1.975079e-10
7679 1.974675e-10
7680 1.974272e-10
7681 1.973869e-10
7682 1.973466e-10
7683 1.973063e-10
7684 1.972661e-10
7685 1.972258e-10
7686 1.971856e-10
7687 1.971454e-10
7688 1.971051e-10
7689 1.970649e-10
7690 1.970247e-10
7691 1.969846e-10
7692 1.969444e-10
7693 1.969043e-10
7694 1.968641e-10
7695 1.968240e-10
7696 1.967839e-10
7697 1.967438e-10
7698 1.967037e-10
7699 1.966637e-10
7700 1.966236e-10
7701 1.965836e-10
7702 1.965435e-10
7703 1.965035e-10
7704 1.964635e-10
7705 1.964235e-10
7706 1.963836e-10
7707 1.963436e-10
7708 1.963037e-10
7709 1.962637e-10
7710 1.962238e-10
7711 1.961839e-10
7712 1.961440e-10
7713 1.961041e-10
7714 1.960643e-10
7715 1.960244e-10
7716 1.959846e-10
7717 1.959447e-10
7718 1.959049e-10
7719 1.958651e-10
7720 1.958253e-10
7721 1.957856e-10
7722 1.957458e-10
7723 1.957061e-10
7724 1.956663e-10
7725 1.956266e-10
7726 1.955869e-10
7727 1.955472e-10
7728 1.955075e-10
7729 1.954678e-10
7730 1.954282e-10
7731 1.953886e-10
7732 1.953489e-10
7733 1.953093e-10
7734 1.952697e-10
7735 1.952301e-10
7736 1.951905e-10
7737 1.951510e-10
7738 1.951114e-10
7739 1.950719e-10
7740 1.950324e-10
7741 1.949929e-10
7742 1.949534e-10
7743 1.949139e-10
7744 1.948744e-10
7745 1.948349e-10
7746 1.947955e-10
7747 1.947561e-10
7748 1.947166e-10
7749 1.946772e-10
7750 1.946378e-10
7751 1.945985e-10
7752 1.945591e-10
7753 1.945197e-10
7754 1.944804e-10
7755 1.944411e-10
7756 1.944018e-10
7757 1.943625e-10
7758 1.943232e-10
7759 1.942839e-10
7760 1.942446e-10
7761 1.942054e-10
7762 1.941661e-10
7763 1.941269e-10
7764 1.940877e-10
7765 1.940485e-10
7766 1.940093e-10
7767 1.939702e-10
7768 1.939310e-10
7769 1.938918e-10
7770 1.938527e-10
7771 1.938136e-10
7772 1.937745e-10
7773 1.937354e-10
7774 1.936963e-10
7775 1.936572e-10
7776 1.936182e-10
7777 1.935791e-10
7778 1.935401e-10
7779 1.935011e-10
7780 1.934621e-10
7781 1.934231e-10
7782 1.933841e-10
7783 1.933452e-10
7784 1.933062e-10
7785 1.932673e-10
7786 1.932283e-10
7787 1.931894e-10
7788 1.931505e-10
7789 1.931116e-10
7790 1.930728e-10
7791 1.930339e-10
7792 1.929950e-10
7793 1.929562e-10
7794 1.929174e-10
7795 1.928786e-10
7796 1.928398e-10
7797 1.928010e-10
7798 1.927622e-10
7799 1.927235e-10
7800 1.926847e-10
7801 1.926460e-10
7802 1.926073e-10
7803 1.925685e-10
7804 1.925298e-10
7805 1.924912e-10
7806 1.924525e-10
7807 1.924138e-10
7808 1.923752e-10
7809 1.923366e-10
7810 1.922979e-10
7811 1.922593e-10
7812 1.922207e-10
7813 1.921821e-10
7814 1.921436e-10
7815 1.921050e-10
7816 1.920665e-10
7817 1.920279e-10
7818 1.919894e-10
7819 1.919509e-10
7820 1.919124e-10
7821 1.918739e-10
7822 1.918355e-10
7823 1.917970e-10
7824 1.917586e-10
7825 1.917201e-10
7826 1.916817e-10
7827 1.916433e-10
7828 1.916049e-10
7829 1.915666e-10
7830 1.915282e-10
7831 1.914898e-10
7832 1.914515e-10
7833 1.914132e-10
7834 1.913748e-10
7835 1.913365e-10
7836 1.912982e-10
7837 1.912600e-10
7838 1.912217e-10
7839 1.911834e-10
7840 1.911452e-10
7841 1.911070e-10
7842 1.910688e-10
7843 1.910305e-10
7844 1.909924e-10
7845 1.909542e-10
7846 1.909160e-10
7847 1.908779e-10
7848 1.908397e-10
7849 1.908016e-10
7850 1.907635e-10
7851 1.907254e-10
7852 1.906873e-10
7853 1.906492e-10
7854 1.906111e-10
7855 1.905731e-10
7856 1.905350e-10
7857 1.904970e-10
7858 1.904590e-10
7859 1.904210e-10
7860 1.903830e-10
7861 1.903450e-10
7862 1.903070e-10
7863 1.902691e-10
7864 1.902311e-10
7865 1.901932e-10
7866 1.901553e-10
7867 1.901174e-10
7868 1.900795e-10
7869 1.900416e-10
7870 1.900037e-10
7871 1.899659e-10
7872 1.899280e-10
7873 1.898902e-10
7874 1.898524e-10
7875 1.898146e-10
7876 1.897768e-10
7877 1.897390e-10
7878 1.897012e-10
7879 1.896635e-10
7880 1.896257e-10
7881 1.895880e-10
7882 1.895503e-10
7883 1.895126e-10
7884 1.894749e-10
7885 1.894372e-10
7886 1.893995e-10
7887 1.893619e-10
7888 1.893242e-10
7889 1.892866e-10
7890 1.892490e-10
7891 1.892113e-10
7892 1.891737e-10
7893 1.891362e-10
7894 1.890986e-10
7895 1.890610e-10
7896 1.890235e-10
7897 1.889859e-10
7898 1.889484e-10
7899 1.889109e-10
7900 1.888734e-10
7901 1.888359e-10
7902 1.887984e-10
7903 1.887610e-10
7904 1.887235e-10
7905 1.886861e-10
7906 1.886487e-10
7907 1.886112e-10
7908 1.885738e-10
7909 1.885364e-10
7910 1.884991e-10
7911 1.884617e-10
7912 1.884243e-10
7913 1.883870e-10
7914 1.883497e-10
7915 1.883124e-10
7916 1.882750e-10
7917 1.882378e-10
7918 1.882005e-10
7919 1.881632e-10
7920 1.881259e-10
7921 1.880887e-10
7922 1.880515e-10
7923 1.880142e-10
7924 1.879770e-10
7925 1.879398e-10
7926 1.879026e-10
7927 1.878655e-10
7928 1.878283e-10
7929 1.877912e-10
7930 1.877540e-10
7931 1.877169e-10
7932 1.876798e-10
7933 1.876427e-10
7934 1.876056e-10
7935 1.875685e-10
7936 1.875315e-10
7937 1.874944e-10
7938 1.874574e-10
7939 1.874203e-10
7940 1.873833e-10
7941 1.873463e-10
7942 1.873093e-10
7943 1.872723e-10
7944 1.872354e-10
7945 1.871984e-10
7946 1.871615e-10
7947 1.871245e-10
7948 1.870876e-10
7949 1.870507e-10
7950 1.870138e-10
7951 1.869769e-10
7952 1.869400e-10
7953 1.869032e-10
7954 1.868663e-10
7955 1.868295e-10
7956 1.867927e-10
7957 1.867559e-10
7958 1.867191e-10
7959 1.866823e-10
7960 1.866455e-10
7961 1.866087e-10
7962 1.865720e-10
7963 1.865352e-10
7964 1.864985e-10
7965 1.864618e-10
7966 1.864251e-10
7967 1.863884e-10
7968 1.863517e-10
7969 1.863150e-10
7970 1.862783e-10
7971 1.862417e-10
7972 1.862051e-10
7973 1.861684e-10
7974 1.861318e-10
7975 1.860952e-10
7976 1.860586e-10
7977 1.860221e-10
7978 1.859855e-10
7979 1.859489e-10
7980 1.859124e-10
7981 1.858759e-10
7982 1.858393e-10
7983 1.858028e-10
7984 1.857663e-10
7985 1.857299e-10
7986 1.856934e-10
7987 1.856569e-10
7988 1.856205e-10
7989 1.855840e-10
7990 1.855476e-10
7991 1.855112e-10
7992 1.854748e-10
7993 1.854384e-10
7994 1.854020e-10
7995 1.853657e-10
7996 1.853293e-10
7997 1.852930e-10
7998 1.852566e-10
7999 1.852203e-10
8000 1.851840e-10
8001 1.851477e-10
8002 1.851114e-10
8003 1.850752e-10
8004 1.850389e-10
8005 1.850026e-10
8006 1.849664e-10
8007 1.849302e-10
8008 1.848940e-10
8009 1.848578e-10
8010 1.848216e-10
8011 1.847854e-10
8012 1.847492e-10
8013 1.847131e-10
8014 1.846769e-10
8015 1.846408e-10
8016 1.846047e-10
8017 1.845685e-10
8018 1.845324e-10
8019 1.844964e-10
8020 1.844603e-10
8021 1.844242e-10
8022 1.843882e-10
8023 1.843521e-10
8024 1.843161e-10
8025 1.842801e-10
8026 1.842441e-10
8027 1.842081e-10
8028 1.841721e-10
8029 1.841361e-10
8030 1.841002e-10
8031 1.840642e-10
8032 1.840283e-10
8033 1.839923e-10
8034 1.839564e-10
8035 1.839205e-10
8036 1.838846e-10
8037 1.838488e-10
8038 1.838129e-10
8039 1.837770e-10
8040 1.837412e-10
8041 1.837053e-10
8042 1.836695e-10
8043 1.836337e-10
8044 1.835979e-10
8045 1.835621e-10
8046 1.835263e-10
8047 1.834906e-10
8048 1.834548e-10
8049 1.834191e-10
8050 1.833833e-10
8051 1.833476e-10
8052 1.833119e-10
8053 1.832762e-10
8054 1.832405e-10
8055 1.832049e-10
8056 1.831692e-10
8057 1.831335e-10
8058 1.830979e-10
8059 1.830623e-10
8060 1.830267e-10
8061 1.829910e-10
8062 1.829555e-10
8063 1.829199e-10
8064 1.828843e-10
8065 1.828487e-10
8066 1.828132e-10
8067 1.827776e-10
8068 1.827421e-10
8069 1.827066e-10
8070 1.826711e-10
8071 1.826356e-10
8072 1.826001e-10
8073 1.825646e-10
8074 1.825292e-10
8075 1.824937e-10
8076 1.824583e-10
8077 1.824229e-10
8078 1.823875e-10
8079 1.823521e-10
8080 1.823167e-10
8081 1.822813e-10
8082 1.822459e-10
8083 1.822106e-10
8084 1.821752e-10
8085 1.821399e-10
8086 1.821046e-10
8087 1.820692e-10
8088 1.820339e-10
8089 1.819986e-10
8090 1.819634e-10
8091 1.819281e-10
8092 1.818928e-10
8093 1.818576e-10
8094 1.818224e-10
8095 1.817871e-10
8096 1.817519e-10
8097 1.817167e-10
8098 1.816815e-10
8099 1.816464e-10
8100 1.816112e-10
8101 1.815760e-10
8102 1.815409e-10
8103 1.815057e-10
8104 1.814706e-10
8105 1.814355e-10
8106 1.814004e-10
8107 1.813653e-10
8108 1.813302e-10
8109 1.812952e-10
8110 1.812601e-10
8111 1.812251e-10
8112 1.811900e-10
8113 1.811550e-10
8114 1.811200e-10
8115 1.810850e-10
8116 1.810500e-10
8117 1.810150e-10
8118 1.809801e-10
8119 1.809451e-10
8120 1.809102e-10
8121 1.808752e-10
8122 1.808403e-10
8123 1.808054e-10
8124 1.807705e-10
8125 1.807356e-10
8126 1.807007e-10
8127 1.806658e-10
8128 1.806310e-10
8129 1.805961e-10
8130 1.805613e-10
8131 1.805265e-10
8132 1.804917e-10
8133 1.804569e-10
8134 1.804221e-10
8135 1.803873e-10
8136 1.803525e-10
8137 1.803178e-10
8138 1.802830e-10
8139 1.802483e-10
8140 1.802135e-10
8141 1.801788e-10
8142 1.801441e-10
8143 1.801094e-10
8144 1.800748e-10
8145 1.800401e-10
8146 1.800054e-10
8147 1.799708e-10
8148 1.799361e-10
8149 1.799015e-10
8150 1.798669e-10
8151 1.798323e-10
8152 1.797977e-10
8153 1.797631e-10
8154 1.797285e-10
8155 1.796940e-10
8156 1.796594e-10
8157 1.796249e-10
8158 1.795904e-10
8159 1.795558e-10
8160 1.795213e-10
8161 1.794868e-10
8162 1.794523e-10
8163 1.794179e-10
8164 1.793834e-10
8165 1.793489e-10
8166 1.793145e-10
8167 1.792801e-10
8168 1.792457e-10
8169 1.792112e-10
8170 1.791768e-10
8171 1.791425e-10
8172 1.791081e-10
8173 1.790737e-10
8174 1.790394e-10
8175 1.790050e-10
8176 1.789707e-10
8177 1.789364e-10
8178 1.789020e-10
8179 1.788677e-10
8180 1.788334e-10
8181 1.787992e-10
8182 1.787649e-10
8183 1.787306e-10
8184 1.786964e-10
8185 1.786621e-10
8186 1.786279e-10
8187 1.785937e-10
8188 1.785595e-10
8189 1.785253e-10
8190 1.784911e-10
8191 1.784569e-10
8192 1.784228e-10
8193 1.783886e-10
8194 1.783545e-10
8195 1.783204e-10
8196 1.782862e-10
8197 1.782521e-10
8198 1.782180e-10
8199 1.781839e-10
8200 1.781499e-10
8201 1.781158e-10
8202 1.780817e-10
8203 1.780477e-10
8204 1.780137e-10
8205 1.779796e-10
8206 1.779456e-10
8207 1.779116e-10
8208 1.778776e-10
8209 1.778437e-10
8210 1.778097e-10
8211 1.777757e-10
8212 1.777418e-10
8213 1.777078e-10
8214 1.776739e-10
8215 1.776395e-10
8216 1.776050e-10
8217 1.775704e-10
8218 1.775358e-10
8219 1.775012e-10
8220 1.774667e-10
8221 1.774322e-10
8222 1.773976e-10
8223 1.773631e-10
8224 1.773286e-10
8225 1.772941e-10
8226 1.772596e-10
8227 1.772252e-10
8228 1.771907e-10
8229 1.771563e-10
8230 1.771218e-10
8231 1.770874e-10
8232 1.770530e-10
8233 1.770186e-10
8234 1.769842e-10
8235 1.769498e-10
8236 1.769154e-10
8237 1.768811e-10
8238 1.768467e-10
8239 1.768124e-10
8240 1.767780e-10
8241 1.767437e-10
8242 1.767094e-10
8243 1.766751e-10
8244 1.766408e-10
8245 1.766065e-10
8246 1.765723e-10
8247 1.765380e-10
8248 1.765038e-10
8249 1.764695e-10
8250 1.764353e-10
8251 1.764011e-10
8252 1.763669e-10
8253 1.763327e-10
8254 1.762985e-10
8255 1.762644e-10
8256 1.762302e-10
8257 1.761961e-10
8258 1.761619e-10
8259 1.761278e-10
8260 1.760937e-10
8261 1.760596e-10
8262 1.760255e-10
8263 1.759914e-10
8264 1.759573e-10
8265 1.759233e-10
8266 1.758892e-10
8267 1.758552e-10
8268 1.758212e-10
8269 1.757871e-10
8270 1.757531e-10
8271 1.757191e-10
8272 1.756852e-10
8273 1.756512e-10
8274 1.756172e-10
8275 1.755833e-10
8276 1.755493e-10
8277 1.755154e-10
8278 1.754815e-10
8279 1.754476e-10
8280 1.754137e-10
8281 1.753798e-10
8282 1.753459e-10
8283 1.753120e-10
8284 1.752782e-10
8285 1.752443e-10
8286 1.752105e-10
8287 1.751766e-10
8288 1.751428e-10
8289 1.751090e-10
8290 1.750752e-10
8291 1.750414e-10
8292 1.750077e-10
8293 1.749739e-10
8294 1.749402e-10
8295 1.749064e-10
8296 1.748727e-10
8297 1.748390e-10
8298 1.748053e-10
8299 1.747716e-10
8300 1.747379e-10
8301 1.747042e-10
8302 1.746705e-10
8303 1.746369e-10
8304 1.746032e-10
8305 1.745696e-10
8306 1.745360e-10
8307 1.745023e-10
8308 1.744687e-10
8309 1.744351e-10
8310 1.744016e-10
8311 1.743680e-10
8312 1.743344e-10
8313 1.743009e-10
8314 1.742673e-10
8315 1.742338e-10
8316 1.742003e-10
8317 1.741668e-10
8318 1.741333e-10
8319 1.740998e-10
8320 1.740663e-10
8321 1.740328e-10
8322 1.739994e-10
8323 1.739659e-10
8324 1.739325e-10
8325 1.738991e-10
8326 1.738657e-10
8327 1.738323e-10
8328 1.737989e-10
8329 1.737655e-10
8330 1.737321e-10
8331 1.736987e-10
8332 1.736654e-10
8333 1.736320e-10
8334 1.735987e-10
8335 1.735654e-10
8336 1.735321e-10
8337 1.734988e-10
8338 1.734655e-10
8339 1.734322e-10
8340 1.733989e-10
8341 1.733657e-10
8342 1.733324e-10
8343 1.732992e-10
8344 1.732660e-10
8345 1.732327e-10
8346 1.731995e-10
8347 1.731663e-10
8348 1.731331e-10
8349 1.731000e-10
8350 1.730668e-10
8351 1.730336e-10
8352 1.730005e-10
8353 1.729674e-10
8354 1.729342e-10
8355 1.729011e-10
8356 1.728680e-10
8357 1.728349e-10
8358 1.728018e-10
8359 1.727688e-10
8360 1.727357e-10
8361 1.727026e-10
8362 1.726696e-10
8363 1.726366e-10
8364 1.726035e-10
8365 1.725705e-10
8366 1.725375e-10
8367 1.725045e-10
8368 1.724716e-10
8369 1.724386e-10
8370 1.724056e-10
8371 1.723727e-10
8372 1.723397e-10
8373 1.723068e-10
8374 1.722739e-10
8375 1.722410e-10
8376 1.722081e-10
8377 1.721752e-10
8378 1.721423e-10
8379 1.721094e-10
8380 1.720766e-10
8381 1.720437e-10
8382 1.720109e-10
8383 1.719781e-10
8384 1.719452e-10
8385 1.719124e-10
8386 1.718796e-10
8387 1.718469e-10
8388 1.718141e-10
8389 1.717813e-10
8390 1.717486e-10
8391 1.717158e-10
8392 1.716831e-10
8393 1.716503e-10
8394 1.716176e-10
8395 1.715849e-10
8396 1.715522e-10
8397 1.715195e-10
8398 1.714869e-10
8399 1.714542e-10
8400 1.714215e-10
8401 1.713889e-10
8402 1.713563e-10
8403 1.713236e-10
8404 1.712910e-10
8405 1.712584e-10
8406 1.712258e-10
8407 1.711932e-10
8408 1.711607e-10
8409 1.711281e-10
8410 1.710955e-10
8411 1.710630e-10
8412 1.710305e-10
8413 1.709979e-10
8414 1.709654e-10
8415 1.709329e-10
8416 1.709004e-10
8417 1.708679e-10
8418 1.708355e-10
8419 1.708030e-10
8420 1.707705e-10
8421 1.707381e-10
8422 1.707057e-10
8423 1.706732e-10
8424 1.706408e-10
8425 1.706084e-10
8426 1.705760e-10
8427 1.705436e-10
8428 1.705113e-10
8429 1.704789e-10
8430 1.704465e-10
8431 1.704142e-10
8432 1.703819e-10
8433 1.703495e-10
8434 1.703172e-10
8435 1.702849e-10
8436 1.702526e-10
8437 1.702203e-10
8438 1.701881e-10
8439 1.701558e-10
8440 1.701235e-10
8441 1.700913e-10
8442 1.700591e-10
8443 1.700268e-10
8444 1.699946e-10
8445 1.699624e-10
8446 1.699302e-10
8447 1.698980e-10
8448 1.698659e-10
8449 1.698337e-10
8450 1.698015e-10
8451 1.697694e-10
8452 1.697373e-10
8453 1.697051e-10
8454 1.696730e-10
8455 1.696409e-10
8456 1.696088e-10
8457 1.695767e-10
8458 1.695447e-10
8459 1.695126e-10
8460 1.694805e-10
8461 1.694485e-10
8462 1.694164e-10
8463 1.693844e-10
8464 1.693524e-10
8465 1.693204e-10
8466 1.692884e-10
8467 1.692564e-10
8468 1.692244e-10
8469 1.691925e-10
8470 1.691605e-10
8471 1.691286e-10
8472 1.690966e-10
8473 1.690647e-10
8474 1.690328e-10
8475 1.690009e-10
8476 1.689690e-10
8477 1.689371e-10
8478 1.689052e-10
8479 1.688733e-10
8480 1.688415e-10
8481 1.688096e-10
8482 1.687778e-10
8483 1.687459e-10
8484 1.687141e-10
8485 1.686823e-10
8486 1.686505e-10
8487 1.686187e-10
8488 1.685869e-10
8489 1.685551e-10
8490 1.685234e-10
8491 1.684916e-10
8492 1.684599e-10
8493 1.684282e-10
8494 1.683964e-10
8495 1.683647e-10
8496 1.683330e-10
8497 1.683013e-10
8498 1.682696e-10
8499 1.682380e-10
8500 1.682063e-10
8501 1.681746e-10
8502 1.681430e-10
8503 1.681113e-10
8504 1.680797e-10
8505 1.680481e-10
8506 1.680165e-10
8507 1.679849e-10
8508 1.679533e-10
8509 1.679217e-10
8510 1.678902e-10
8511 1.678586e-10
8512 1.678270e-10
8513 1.677955e-10
8514 1.677640e-10
8515 1.677325e-10
8516 1.677009e-10
8517 1.676694e-10
8518 1.676379e-10
8519 1.676065e-10
8520 1.675750e-10
8521 1.675435e-10
8522 1.675121e-10
8523 1.674806e-10
8524 1.674492e-10
8525 1.674178e-10
8526 1.673864e-10
8527 1.673549e-10
8528 1.673236e-10
8529 1.672922e-10
8530 1.672608e-10
8531 1.672294e-10
8532 1.671981e-10
8533 1.671667e-10
8534 1.671354e-10
8535 1.671040e-10
8536 1.670727e-10
8537 1.670414e-10
8538 1.670101e-10
8539 1.669788e-10
8540 1.669475e-10
8541 1.669163e-10
8542 1.668850e-10
8543 1.668537e-10
8544 1.668225e-10
8545 1.667913e-10
8546 1.667600e-10
8547 1.667288e-10
8548 1.666976e-10
8549 1.666664e-10
8550 1.666352e-10
8551 1.666041e-10
8552 1.665729e-10
8553 1.665417e-10
8554 1.665106e-10
8555 1.664794e-10
8556 1.664483e-10
8557 1.664172e-10
8558 1.663861e-10
8559 1.663550e-10
8560 1.663239e-10
8561 1.662928e-10
8562 1.662617e-10
8563 1.662307e-10
8564 1.661996e-10
8565 1.661686e-10
8566 1.661375e-10
8567 1.661065e-10
8568 1.660755e-10
8569 1.660445e-10
8570 1.660135e-10
8571 1.659825e-10
8572 1.659515e-10
8573 1.659205e-10
8574 1.658896e-10
8575 1.658586e-10
8576 1.658277e-10
8577 1.657968e-10
8578 1.657658e-10
8579 1.657349e-10
8580 1.657040e-10
8581 1.656731e-10
8582 1.656422e-10
8583 1.656114e-10
8584 1.655805e-10
8585 1.655496e-10
8586 1.655188e-10
8587 1.654880e-10
8588 1.654571e-10
8589 1.654263e-10
8590 1.653955e-10
8591 1.653647e-10
8592 1.653339e-10
8593 1.653031e-10
8594 1.652723e-10
8595 1.652416e-10
8596 1.652108e-10
8597 1.651801e-10
8598 1.651493e-10
8599 1.651186e-10
8600 1.650879e-10
8601 1.650572e-10
8602 1.650265e-10
8603 1.649958e-10
8604 1.649651e-10
8605 1.649344e-10
8606 1.649038e-10
8607 1.648731e-10
8608 1.648425e-10
8609 1.648119e-10
8610 1.647812e-10
8611 1.647506e-10
8612 1.647200e-10
8613 1.646894e-10
8614 1.646588e-10
8615 1.646282e-10
8616 1.645977e-10
8617 1.645671e-10
8618 1.645366e-10
8619 1.645060e-10
8620 1.644755e-10
8621 1.644450e-10
8622 1.644145e-10
8623 1.643839e-10
8624 1.643535e-10
8625 1.643230e-10
8626 1.642925e-10
8627 1.642620e-10
8628 1.642316e-10
8629 1.642011e-10
8630 1.641707e-10
8631 1.641402e-10
8632 1.641098e-10
8633 1.640794e-10
8634 1.640490e-10
8635 1.640186e-10
8636 1.639882e-10
8637 1.639578e-10
8638 1.639275e-10
8639 1.638971e-10
8640 1.638668e-10
8641 1.638364e-10
8642 1.638061e-10
8643 1.637758e-10
8644 1.637455e-10
8645 1.637152e-10
8646 1.636849e-10
8647 1.636546e-10
8648 1.636243e-10
8649 1.635940e-10
8650 1.635638e-10
8651 1.635335e-10
8652 1.635033e-10
8653 1.634731e-10
8654 1.634428e-10
8655 1.634126e-10
8656 1.633824e-10
8657 1.633522e-10
8658 1.633220e-10
8659 1.632919e-10
8660 1.632617e-10
8661 1.632315e-10
8662 1.632014e-10
8663 1.631712e-10
8664 1.631411e-10
8665 1.631110e-10
8666 1.630809e-10
8667 1.630508e-10
8668 1.630207e-10
8669 1.629906e-10
8670 1.629605e-10
8671 1.629304e-10
8672 1.629004e-10
8673 1.628703e-10
8674 1.628403e-10
8675 1.628103e-10
8676 1.627802e-10
8677 1.627502e-10
8678 1.627202e-10
8679 1.626902e-10
8680 1.626602e-10
8681 1.626303e-10
8682 1.626003e-10
8683 1.625703e-10
8684 1.625404e-10
8685 1.625104e-10
8686 1.624805e-10
8687 1.624506e-10
8688 1.624207e-10
8689 1.623908e-10
8690 1.623609e-10
8691 1.623310e-10
8692 1.623011e-10
8693 1.622712e-10
8694 1.622414e-10
8695 1.622115e-10
8696 1.621817e-10
8697 1.621518e-10
8698 1.621220e-10
8699 1.620922e-10
8700 1.620624e-10
8701 1.620326e-10
8702 1.620028e-10
8703 1.619730e-10
8704 1.619432e-10
8705 1.619135e-10
8706 1.618837e-10
8707 1.618540e-10
8708 1.618242e-10
8709 1.617945e-10
8710 1.617648e-10
8711 1.617351e-10
8712 1.617054e-10
8713 1.616757e-10
8714 1.616460e-10
8715 1.616163e-10
8716 1.615867e-10
8717 1.615570e-10
8718 1.615274e-10
8719 1.614977e-10
8720 1.614681e-10
8721 1.614385e-10
8722 1.614088e-10
8723 1.613792e-10
8724 1.613496e-10
8725 1.613201e-10
8726 1.612905e-10
8727 1.612609e-10
8728 1.612314e-10
8729 1.612018e-10
8730 1.611723e-10
8731 1.611427e-10
8732 1.611132e-10
8733 1.610837e-10
8734 1.610542e-10
8735 1.610247e-10
8736 1.609952e-10
8737 1.609657e-10
8738 1.609362e-10
8739 1.609068e-10
8740 1.608773e-10
8741 1.608479e-10
8742 1.608184e-10
8743 1.607890e-10
8744 1.607596e-10
8745 1.607302e-10
8746 1.607008e-10
8747 1.606714e-10
8748 1.606420e-10
8749 1.606126e-10
8750 1.605833e-10
8751 1.605539e-10
8752 1.605245e-10
8753 1.604952e-10
8754 1.604659e-10
8755 1.604365e-10
8756 1.604072e-10
8757 1.603779e-10
8758 1.603486e-10
8759 1.603193e-10
8760 1.602901e-10
8761 1.602608e-10
8762 1.602315e-10
8763 1.602023e-10
8764 1.601730e-10
8765 1.601438e-10
8766 1.601146e-10
8767 1.600853e-10
8768 1.600561e-10
8769 1.600269e-10
8770 1.599977e-10
8771 1.599686e-10
8772 1.599394e-10
8773 1.599102e-10
8774 1.598811e-10
8775 1.598519e-10
8776 1.598228e-10
8777 1.597936e-10
8778 1.597645e-10
8779 1.597354e-10
8780 1.597063e-10
8781 1.596772e-10
8782 1.596481e-10
8783 1.596190e-10
8784 1.595899e-10
8785 1.595609e-10
8786 1.595318e-10
8787 1.595028e-10
8788 1.594737e-10
8789 1.594447e-10
8790 1.594157e-10
8791 1.593867e-10
8792 1.593577e-10
8793 1.593287e-10
8794 1.592997e-10
8795 1.592707e-10
8796 1.592417e-10
8797 1.592128e-10
8798 1.591838e-10
8799 1.591549e-10
8800 1.591259e-10
8801 1.590970e-10
8802 1.590681e-10
8803 1.590392e-10
8804 1.590103e-10
8805 1.589813e-10
8806 1.589519e-10
8807 1.589224e-10
8808 1.588929e-10
8809 1.588635e-10
8810 1.588341e-10
8811 1.588046e-10
8812 1.587752e-10
8813 1.587458e-10
8814 1.587164e-10
8815 1.586870e-10
8816 1.586577e-10
8817 1.586283e-10
8818 1.585989e-10
8819 1.585696e-10
8820 1.585402e-10
8821 1.585109e-10
8822 1.584816e-10
8823 1.584522e-10
8824 1.584229e-10
8825 1.583936e-10
8826 1.583643e-10
8827 1.583351e-10
8828 1.583058e-10
8829 1.582765e-10
8830 1.582473e-10
8831 1.582180e-10
8832 1.581888e-10
8833 1.581595e-10
8834 1.581303e-10
8835 1.581011e-10
8836 1.580719e-10
8837 1.580427e-10
8838 1.580135e-10
8839 1.579843e-10
8840 1.579552e-10
8841 1.579260e-10
8842 1.578968e-10
8843 1.578677e-10
8844 1.578386e-10
8845 1.578094e-10
8846 1.577803e-10
8847 1.577512e-10
8848 1.577221e-10
8849 1.576930e-10
8850 1.576639e-10
8851 1.576348e-10
8852 1.576058e-10
8853 1.575767e-10
8854 1.575477e-10
8855 1.575186e-10
8856 1.574896e-10
8857 1.574606e-10
8858 1.574316e-10
8859 1.574026e-10
8860 1.573736e-10
8861 1.573446e-10
8862 1.573156e-10
8863 1.572866e-10
8864 1.572577e-10
8865 1.572287e-10
8866 1.571998e-10
8867 1.571708e-10
8868 1.571419e-10
8869 1.571130e-10
8870 1.570841e-10
8871 1.570551e-10
8872 1.570263e-10
8873 1.569974e-10
8874 1.569685e-10
8875 1.569396e-10
8876 1.569108e-10
8877 1.568819e-10
8878 1.568531e-10
8879 1.568242e-10
8880 1.567954e-10
8881 1.567666e-10
8882 1.567378e-10
8883 1.567090e-10
8884 1.566802e-10
8885 1.566514e-10
8886 1.566226e-10
8887 1.565939e-10
8888 1.565651e-10
8889 1.565364e-10
8890 1.565076e-10
8891 1.564789e-10
8892 1.564502e-10
8893 1.564214e-10
8894 1.563927e-10
8895 1.563640e-10
8896 1.563353e-10
8897 1.563067e-10
8898 1.562780e-10
8899 1.562493e-10
8900 1.562207e-10
8901 1.561920e-10
8902 1.561634e-10
8903 1.561348e-10
8904 1.561061e-10
8905 1.560775e-10
8906 1.560489e-10
8907 1.560203e-10
8908 1.559917e-10
8909 1.559631e-10
8910 1.559346e-10
8911 1.559060e-10
8912 1.558775e-10
8913 1.558489e-10
8914 1.558204e-10
8915 1.557918e-10
8916 1.557633e-10
8917 1.557348e-10
8918 1.557063e-10
8919 1.556778e-10
8920 1.556493e-10
8921 1.556208e-10
8922 1.555924e-10
8923 1.555639e-10
8924 1.555355e-10
8925 1.555070e-10
8926 1.554786e-10
8927 1.554502e-10
8928 1.554217e-10
8929 1.553933e-10
8930 1.553649e-10
8931 1.553365e-10
8932 1.553081e-10
8933 1.552798e-10
8934 1.552514e-10
8935 1.552230e-10
8936 1.551947e-10
8937 1.551663e-10
8938 1.551380e-10
8939 1.551097e-10
8940 1.550813e-10
8941 1.550530e-10
8942 1.550247e-10
8943 1.549964e-10
8944 1.549681e-10
8945 1.549399e-10
8946 1.549116e-10
8947 1.548833e-10
8948 1.548551e-10
8949 1.548268e-10
8950 1.547986e-10
8951 1.547704e-10
8952 1.547422e-10
8953 1.547139e-10
8954 1.546857e-10
8955 1.546575e-10
8956 1.546294e-10
8957 1.546012e-10
8958 1.545730e-10
8959 1.545448e-10
8960 1.545167e-10
8961 1.544885e-10
8962 1.544604e-10
8963 1.544323e-10
8964 1.544042e-10
8965 1.543761e-10
8966 1.543479e-10
8967 1.543199e-10
8968 1.542918e-10
8969 1.542637e-10
8970 1.542356e-10
8971 1.542076e-10
8972 1.541795e-10
8973 1.541514e-10
8974 1.541234e-10
8975 1.540954e-10
8976 1.540674e-10
8977 1.540393e-10
8978 1.540113e-10
8979 1.539833e-10
8980 1.539554e-10
8981 1.539274e-10
8982 1.538994e-10
8983 1.538714e-10
8984 1.538435e-10
8985 1.538155e-10
8986 1.537876e-10
8987 1.537597e-10
8988 1.537317e-10
8989 1.537038e-10
8990 1.536759e-10
8991 1.536480e-10
8992 1.536201e-10
8993 1.535922e-10
8994 1.535644e-10
8995 1.535365e-10
8996 1.535086e-10
8997 1.534808e-10
8998 1.534530e-10
8999 1.534251e-10
9000 1.533973e-10
9001 1.533695e-10
9002 1.533417e-10
9003 1.533139e-10
9004 1.532861e-10
9005 1.532583e-10
9006 1.532305e-10
9007 1.532027e-10
9008 1.531750e-10
9009 1.531472e-10
9010 1.531195e-10
9011 1.530918e-10
9012 1.530640e-10
9013 1.530363e-10
9014 1.530086e-10
9015 1.529809e-10
9016 1.529532e-10
9017 1.529255e-10
9018 1.528978e-10
9019 1.528702e-10
9020 1.528425e-10
9021 1.528148e-10
9022 1.527872e-10
9023 1.527596e-10
9024 1.527319e-10
9025 1.527043e-10
9026 1.526767e-10
9027 1.526491e-10
9028 1.526215e-10
9029 1.525939e-10
9030 1.525663e-10
9031 1.525387e-10
9032 1.525112e-10
9033 1.524836e-10
9034 1.524561e-10
9035 1.524285e-10
9036 1.524010e-10
9037 1.523734e-10
9038 1.523459e-10
9039 1.523184e-10
9040 1.522909e-10
9041 1.522634e-10
9042 1.522359e-10
9043 1.522085e-10
9044 1.521810e-10
9045 1.521535e-10
9046 1.521261e-10
9047 1.520986e-10
9048 1.520712e-10
9049 1.520438e-10
9050 1.520163e-10
9051 1.519889e-10
9052 1.519615e-10
9053 1.519341e-10
9054 1.519067e-10
9055 1.518793e-10
9056 1.518520e-10
9057 1.518246e-10
9058 1.517972e-10
9059 1.517699e-10
9060 1.517425e-10
9061 1.517152e-10
9062 1.516879e-10
9063 1.516606e-10
9064 1.516333e-10
9065 1.516060e-10
9066 1.515787e-10
9067 1.515514e-10
9068 1.515241e-10
9069 1.514968e-10
9070 1.514696e-10
9071 1.514423e-10
9072 1.514150e-10
9073 1.513878e-10
9074 1.513606e-10
9075 1.513334e-10
9076 1.513061e-10
9077 1.512789e-10
9078 1.512517e-10
9079 1.512245e-10
9080 1.511974e-10
9081 1.511702e-10
9082 1.511430e-10
9083 1.511158e-10
9084 1.510887e-10
9085 1.510615e-10
9086 1.510344e-10
9087 1.510073e-10
9088 1.509802e-10
9089 1.509530e-10
9090 1.509259e-10
9091 1.508988e-10
9092 1.508717e-10
9093 1.508447e-10
9094 1.508176e-10
9095 1.507905e-10
9096 1.507635e-10
9097 1.507364e-10
9098 1.507094e-10
9099 1.506823e-10
9100 1.506553e-10
9101 1.506283e-10
9102 1.506013e-10
9103 1.505743e-10
9104 1.505473e-10
9105 1.505203e-10
9106 1.504933e-10
9107 1.504663e-10
9108 1.504394e-10
9109 1.504124e-10
9110 1.503855e-10
9111 1.503585e-10
9112 1.503316e-10
9113 1.503047e-10
9114 1.502777e-10
9115 1.502508e-10
9116 1.502239e-10
9117 1.501970e-10
9118 1.501701e-10
9119 1.501433e-10
9120 1.501164e-10
9121 1.500895e-10
9122 1.500627e-10
9123 1.500358e-10
9124 1.500090e-10
9125 1.499821e-10
9126 1.499553e-10
9127 1.499285e-10
9128 1.499017e-10
9129 1.498749e-10
9130 1.498481e-10
9131 1.498213e-10
9132 1.497945e-10
9133 1.497678e-10
9134 1.497410e-10
9135 1.497142e-10
9136 1.496875e-10
9137 1.496608e-10
9138 1.496340e-10
9139 1.496073e-10
9140 1.495806e-10
9141 1.495539e-10
9142 1.495272e-10
9143 1.495005e-10
9144 1.494738e-10
9145 1.494471e-10
9146 1.494204e-10
9147 1.493938e-10
9148 1.493671e-10
9149 1.493405e-10
9150 1.493138e-10
9151 1.492872e-10
9152 1.492606e-10
9153 1.492340e-10
9154 1.492073e-10
9155 1.491807e-10
9156 1.491541e-10
9157 1.491276e-10
9158 1.491010e-10
9159 1.490744e-10
9160 1.490478e-10
9161 1.490213e-10
9162 1.489947e-10
9163 1.489682e-10
9164 1.489417e-10
9165 1.489151e-10
9166 1.488886e-10
9167 1.488621e-10
9168 1.488356e-10
9169 1.488091e-10
9170 1.487826e-10
9171 1.487561e-10
9172 1.487297e-10
9173 1.487032e-10
9174 1.486767e-10
9175 1.486503e-10
9176 1.486239e-10
9177 1.485974e-10
9178 1.485710e-10
9179 1.485446e-10
9180 1.485182e-10
9181 1.484918e-10
9182 1.484654e-10
9183 1.484390e-10
9184 1.484126e-10
9185 1.483862e-10
9186 1.483598e-10
9187 1.483335e-10
9188 1.483071e-10
9189 1.482808e-10
9190 1.482545e-10
9191 1.482281e-10
9192 1.482018e-10
9193 1.481755e-10
9194 1.481492e-10
9195 1.481229e-10
9196 1.480966e-10
9197 1.480703e-10
9198 1.480440e-10
9199 1.480178e-10
9200 1.479915e-10
9201 1.479653e-10
9202 1.479390e-10
9203 1.479128e-10
9204 1.478865e-10
9205 1.478603e-10
9206 1.478341e-10
9207 1.478079e-10
9208 1.477817e-10
9209 1.477555e-10
9210 1.477293e-10
9211 1.477031e-10
9212 1.476770e-10
9213 1.476508e-10
9214 1.476246e-10
9215 1.475985e-10
9216 1.475723e-10
9217 1.475462e-10
9218 1.475201e-10
9219 1.474940e-10
9220 1.474679e-10
9221 1.474418e-10
9222 1.474157e-10
9223 1.473896e-10
9224 1.473635e-10
9225 1.473374e-10
9226 1.473113e-10
9227 1.472853e-10
9228 1.472592e-10
9229 1.472332e-10
9230 1.472071e-10
9231 1.471811e-10
9232 1.471551e-10
9233 1.471291e-10
9234 1.471031e-10
9235 1.470771e-10
9236 1.470511e-10
9237 1.470251e-10
9238 1.469991e-10
9239 1.469732e-10
9240 1.469472e-10
9241 1.469212e-10
9242 1.468953e-10
9243 1.468693e-10
9244 1.468434e-10
9245 1.468175e-10
9246 1.467916e-10
9247 1.467657e-10
9248 1.467397e-10
9249 1.467139e-10
9250 1.466880e-10
9251 1.466621e-10
9252 1.466362e-10
9253 1.466103e-10
9254 1.465845e-10
9255 1.465586e-10
9256 1.465328e-10
9257 1.465069e-10
9258 1.464811e-10
9259 1.464553e-10
9260 1.464295e-10
9261 1.464037e-10
9262 1.463779e-10
9263 1.463521e-10
9264 1.463263e-10
9265 1.463005e-10
9266 1.462747e-10
9267 1.462490e-10
9268 1.462232e-10
9269 1.461975e-10
9270 1.461717e-10
9271 1.461460e-10
9272 1.461203e-10
9273 1.460945e-10
9274 1.460688e-10
9275 1.460431e-10
9276 1.460174e-10
9277 1.459917e-10
9278 1.459660e-10
9279 1.459404e-10
9280 1.459147e-10
9281 1.458890e-10
9282 1.458634e-10
9283 1.458377e-10
9284 1.458121e-10
9285 1.457865e-10
9286 1.457608e-10
9287 1.457352e-10
9288 1.457096e-10
9289 1.456840e-10
9290 1.456584e-10
9291 1.456328e-10
9292 1.456072e-10
9293 1.455817e-10
9294 1.455561e-10
9295 1.455305e-10
9296 1.455050e-10
9297 1.454794e-10
9298 1.454539e-10
9299 1.454284e-10
9300 1.454028e-10
9301 1.453773e-10
9302 1.453518e-10
9303 1.453263e-10
9304 1.453008e-10
9305 1.452753e-10
9306 1.452498e-10
9307 1.452244e-10
9308 1.451989e-10
9309 1.451734e-10
9310 1.451480e-10
9311 1.451225e-10
9312 1.450971e-10
9313 1.450717e-10
9314 1.450463e-10
9315 1.450208e-10
9316 1.449954e-10
9317 1.449700e-10
9318 1.449446e-10
9319 1.449192e-10
9320 1.448939e-10
9321 1.448685e-10
9322 1.448431e-10
9323 1.448178e-10
9324 1.447924e-10
9325 1.447671e-10
9326 1.447417e-10
9327 1.447164e-10
9328 1.446911e-10
9329 1.446658e-10
9330 1.446405e-10
9331 1.446152e-10
9332 1.445899e-10
9333 1.445646e-10
9334 1.445393e-10
9335 1.445140e-10
9336 1.444888e-10
9337 1.444635e-10
9338 1.444382e-10
9339 1.444130e-10
9340 1.443878e-10
9341 1.443625e-10
9342 1.443373e-10
9343 1.443121e-10
9344 1.442869e-10
9345 1.442617e-10
9346 1.442365e-10
9347 1.442113e-10
9348 1.441861e-10
9349 1.441609e-10
9350 1.441358e-10
9351 1.441106e-10
9352 1.440855e-10
9353 1.440603e-10
9354 1.440352e-10
9355 1.440100e-10
9356 1.439849e-10
9357 1.439598e-10
9358 1.439347e-10
9359 1.439096e-10
9360 1.438845e-10
9361 1.438594e-10
9362 1.438343e-10
9363 1.438093e-10
9364 1.437842e-10
9365 1.437591e-10
9366 1.437341e-10
9367 1.437090e-10
9368 1.436840e-10
9369 1.436590e-10
9370 1.436339e-10
9371 1.436089e-10
9372 1.435839e-10
9373 1.435589e-10
9374 1.435339e-10
9375 1.435089e-10
9376 1.434839e-10
9377 1.434589e-10
9378 1.434340e-10
9379 1.434090e-10
9380 1.433841e-10
9381 1.433591e-10
9382 1.433342e-10
9383 1.433092e-10
9384 1.432843e-10
9385 1.432594e-10
9386 1.432345e-10
9387 1.432096e-10
9388 1.431847e-10
9389 1.431598e-10
9390 1.431349e-10
9391 1.431100e-10
9392 1.430851e-10
9393 1.430603e-10
9394 1.430354e-10
9395 1.430106e-10
9396 1.429857e-10
9397 1.429609e-10
9398 1.429361e-10
9399 1.429112e-10
9400 1.428864e-10
9401 1.428616e-10
9402 1.428368e-10
9403 1.428120e-10
9404 1.427872e-10
9405 1.427624e-10
9406 1.427377e-10
9407 1.427129e-10
9408 1.426881e-10
9409 1.426634e-10
9410 1.426386e-10
9411 1.426139e-10
9412 1.425892e-10
9413 1.425645e-10
9414 1.425397e-10
9415 1.425150e-10
9416 1.424903e-10
9417 1.424656e-10
9418 1.424409e-10
9419 1.424162e-10
9420 1.423916e-10
9421 1.423669e-10
9422 1.423422e-10
9423 1.423176e-10
9424 1.422929e-10
9425 1.422683e-10
9426 1.422436e-10
9427 1.422190e-10
9428 1.421944e-10
9429 1.421698e-10
9430 1.421452e-10
9431 1.421206e-10
9432 1.420960e-10
9433 1.420714e-10
9434 1.420468e-10
9435 1.420222e-10
9436 1.419977e-10
9437 1.419731e-10
9438 1.419485e-10
9439 1.419234e-10
9440 1.418984e-10
9441 1.418734e-10
9442 1.418484e-10
9443 1.418233e-10
9444 1.417983e-10
9445 1.417733e-10
9446 1.417483e-10
9447 1.417233e-10
9448 1.416984e-10
9449 1.416734e-10
9450 1.416484e-10
9451 1.416235e-10
9452 1.415985e-10
9453 1.415736e-10
9454 1.415486e-10
9455 1.415237e-10
9456 1.414988e-10
9457 1.414739e-10
9458 1.414489e-10
9459 1.414240e-10
9460 1.413991e-10
9461 1.413743e-10
9462 1.413494e-10
9463 1.413245e-10
9464 1.412996e-10
9465 1.412748e-10
9466 1.412499e-10
9467 1.412251e-10
9468 1.412002e-10
9469 1.411754e-10
9470 1.411506e-10
9471 1.411257e-10
9472 1.411009e-10
9473 1.410761e-10
9474 1.410513e-10
9475 1.410265e-10
9476 1.410018e-10
9477 1.409770e-10
9478 1.409522e-10
9479 1.409274e-10
9480 1.409027e-10
9481 1.408779e-10
9482 1.408532e-10
9483 1.408285e-10
9484 1.408037e-10
9485 1.407790e-10
9486 1.407543e-10
9487 1.407296e-10
9488 1.407049e-10
9489 1.406802e-10
9490 1.406555e-10
9491 1.406308e-10
9492 1.406062e-10
9493 1.405815e-10
9494 1.405568e-10
9495 1.405322e-10
9496 1.405075e-10
9497 1.404829e-10
9498 1.404583e-10
9499 1.404336e-10
9500 1.404090e-10
9501 1.403844e-10
9502 1.403598e-10
9503 1.403352e-10
9504 1.403106e-10
9505 1.402860e-10
9506 1.402615e-10
9507 1.402369e-10
9508 1.402123e-10
9509 1.401878e-10
9510 1.401632e-10
9511 1.401387e-10
9512 1.401141e-10
9513 1.400896e-10
9514 1.400651e-10
9515 1.400406e-10
9516 1.400161e-10
9517 1.399916e-10
9518 1.399671e-10
9519 1.399426e-10
9520 1.399181e-10
9521 1.398936e-10
9522 1.398692e-10
9523 1.398447e-10
9524 1.398203e-10
9525 1.397958e-10
9526 1.397714e-10
9527 1.397469e-10
9528 1.397225e-10
9529 1.396981e-10
9530 1.396737e-10
9531 1.396493e-10
9532 1.396249e-10
9533 1.396005e-10
9534 1.395761e-10
9535 1.395517e-10
9536 1.395273e-10
9537 1.395030e-10
9538 1.394786e-10
9539 1.394543e-10
9540 1.394299e-10
9541 1.394056e-10
9542 1.393813e-10
9543 1.393569e-10
9544 1.393326e-10
9545 1.393083e-10
9546 1.392840e-10
9547 1.392597e-10
9548 1.392354e-10
9549 1.392111e-10
9550 1.391869e-10
9551 1.391626e-10
9552 1.391383e-10
9553 1.391141e-10
9554 1.390898e-10
9555 1.390656e-10
9556 1.390414e-10
9557 1.390171e-10
9558 1.389929e-10
9559 1.389687e-10
9560 1.389445e-10
9561 1.389203e-10
9562 1.388961e-10
9563 1.388719e-10
9564 1.388477e-10
9565 1.388235e-10
9566 1.387994e-10
9567 1.387752e-10
9568 1.387511e-10
9569 1.387269e-10
9570 1.387028e-10
9571 1.386786e-10
9572 1.386545e-10
9573 1.386304e-10
9574 1.386063e-10
9575 1.385822e-10
9576 1.385581e-10
9577 1.385340e-10
9578 1.385099e-10
9579 1.384858e-10
9580 1.384617e-10
9581 1.384377e-10
9582 1.384136e-10
9583 1.383896e-10
9584 1.383655e-10
9585 1.383415e-10
9586 1.383174e-10
9587 1.382934e-10
9588 1.382694e-10
9589 1.382454e-10
9590 1.382214e-10
9591 1.381974e-10
9592 1.381734e-10
9593 1.381494e-10
9594 1.381254e-10
9595 1.381014e-10
9596 1.380775e-10
9597 1.380535e-10
9598 1.380296e-10
9599 1.380056e-10
9600 1.379817e-10
9601 1.379577e-10
9602 1.379338e-10
9603 1.379099e-10
9604 1.378860e-10
9605 1.378621e-10
9606 1.378382e-10
9607 1.378143e-10
9608 1.377904e-10
9609 1.377665e-10
9610 1.377426e-10
9611 1.377188e-10
9612 1.376949e-10
9613 1.376710e-10
9614 1.376472e-10
9615 1.376234e-10
9616 1.375995e-10
9617 1.375757e-10
9618 1.375519e-10
9619 1.375281e-10
9620 1.375042e-10
9621 1.374804e-10
9622 1.374567e-10
9623 1.374329e-10
9624 1.374091e-10
9625 1.373853e-10
9626 1.373615e-10
9627 1.373378e-10
9628 1.373140e-10
9629 1.372903e-10
9630 1.372665e-10
9631 1.372428e-10
9632 1.372191e-10
9633 1.371953e-10
9634 1.371716e-10
9635 1.371479e-10
9636 1.371242e-10
9637 1.371005e-10
9638 1.370768e-10
9639 1.370532e-10
9640 1.370295e-10
9641 1.370058e-10
9642 1.369821e-10
9643 1.369585e-10
9644 1.369348e-10
9645 1.369112e-10
9646 1.368876e-10
9647 1.368639e-10
9648 1.368403e-10
9649 1.368167e-10
9650 1.367931e-10
9651 1.367695e-10
9652 1.367459e-10
9653 1.367223e-10
9654 1.366987e-10
9655 1.366751e-10
9656 1.366515e-10
9657 1.366280e-10
9658 1.366044e-10
9659 1.365809e-10
9660 1.365573e-10
9661 1.365338e-10
9662 1.365102e-10
9663 1.364867e-10
9664 1.364632e-10
9665 1.364397e-10
9666 1.364162e-10
9667 1.363927e-10
9668 1.363692e-10
9669 1.363457e-10
9670 1.363222e-10
9671 1.362987e-10
9672 1.362753e-10
9673 1.362518e-10
9674 1.362284e-10
9675 1.362049e-10
9676 1.361815e-10
9677 1.361580e-10
9678 1.361346e-10
9679 1.361112e-10
9680 1.360878e-10
9681 1.360644e-10
9682 1.360409e-10
9683 1.360175e-10
9684 1.359942e-10
9685 1.359708e-10
9686 1.359474e-10
9687 1.359240e-10
9688 1.359007e-10
9689 1.358773e-10
9690 1.358539e-10
9691 1.358306e-10
9692 1.358073e-10
9693 1.357839e-10
9694 1.357606e-10
9695 1.357373e-10
9696 1.357140e-10
9697 1.356907e-10
9698 1.356674e-10
9699 1.356441e-10
9700 1.356208e-10
9701 1.355975e-10
9702 1.355742e-10
9703 1.355510e-10
9704 1.355277e-10
9705 1.355044e-10
9706 1.354812e-10
9707 1.354579e-10
9708 1.354347e-10
9709 1.354115e-10
9710 1.353883e-10
9711 1.353650e-10
9712 1.353418e-10
9713 1.353186e-10
9714 1.352954e-10
9715 1.352722e-10
9716 1.352490e-10
9717 1.352259e-10
9718 1.352027e-10
9719 1.351795e-10
9720 1.351564e-10
9721 1.351332e-10
9722 1.351101e-10
9723 1.350869e-10
9724 1.350638e-10
9725 1.350407e-10
9726 1.350175e-10
9727 1.349944e-10
9728 1.349713e-10
9729 1.349482e-10
9730 1.349251e-10
9731 1.349020e-10
9732 1.348789e-10
9733 1.348559e-10
9734 1.348328e-10
9735 1.348097e-10
9736 1.347867e-10
9737 1.347636e-10
9738 1.347406e-10
9739 1.347175e-10
9740 1.346945e-10
9741 1.346715e-10
9742 1.346484e-10
9743 1.346254e-10
9744 1.346024e-10
9745 1.345794e-10
9746 1.345564e-10
9747 1.345334e-10
9748 1.345104e-10
9749 1.344875e-10
9750 1.344645e-10
9751 1.344415e-10
9752 1.344186e-10
9753 1.343956e-10
9754 1.343727e-10
9755 1.343497e-10
9756 1.343268e-10
9757 1.343039e-10
9758 1.342809e-10
9759 1.342580e-10
9760 1.342351e-10
9761 1.342122e-10
9762 1.341893e-10
9763 1.341664e-10
9764 1.341436e-10
9765 1.341207e-10
9766 1.340978e-10
9767 1.340749e-10
9768 1.340521e-10
9769 1.340292e-10
9770 1.340064e-10
9771 1.339835e-10
9772 1.339607e-10
9773 1.339379e-10
9774 1.339151e-10
9775 1.338922e-10
9776 1.338694e-10
9777 1.338466e-10
9778 1.338238e-10
9779 1.338010e-10
9780 1.337783e-10
9781 1.337555e-10
9782 1.337327e-10
9783 1.337100e-10
9784 1.336872e-10
9785 1.336644e-10
9786 1.336417e-10
9787 1.336190e-10
9788 1.335962e-10
9789 1.335735e-10
9790 1.335508e-10
9791 1.335281e-10
9792 1.335053e-10
9793 1.334826e-10
9794 1.334599e-10
9795 1.334373e-10
9796 1.334146e-10
9797 1.333919e-10
9798 1.333692e-10
9799 1.333466e-10
9800 1.333239e-10
9801 1.333012e-10
9802 1.332786e-10
9803 1.332559e-10
9804 1.332333e-10
9805 1.332107e-10
9806 1.331881e-10
9807 1.331654e-10
9808 1.331428e-10
9809 1.331202e-10
9810 1.330976e-10
9811 1.330750e-10
9812 1.330525e-10
9813 1.330299e-10
9814 1.330073e-10
9815 1.329847e-10
9816 1.329622e-10
9817 1.329396e-10
9818 1.329171e-10
9819 1.328945e-10
9820 1.328720e-10
9821 1.328495e-10
9822 1.328269e-10
9823 1.328044e-10
9824 1.327819e-10
9825 1.327594e-10
9826 1.327369e-10
9827 1.327144e-10
9828 1.326919e-10
9829 1.326694e-10
9830 1.326469e-10
9831 1.326245e-10
9832 1.326020e-10
9833 1.325796e-10
9834 1.325571e-10
9835 1.325347e-10
9836 1.325122e-10
9837 1.324898e-10
9838 1.324674e-10
9839 1.324449e-10
9840 1.324225e-10
9841 1.324001e-10
9842 1.323777e-10
9843 1.323553e-10
9844 1.323329e-10
9845 1.323105e-10
9846 1.322882e-10
9847 1.322658e-10
9848 1.322434e-10
9849 1.322211e-10
9850 1.321987e-10
9851 1.321764e-10
9852 1.321540e-10
9853 1.321317e-10
9854 1.321093e-10
9855 1.320870e-10
9856 1.320647e-10
9857 1.320424e-10
9858 1.320201e-10
9859 1.319978e-10
9860 1.319755e-10
9861 1.319532e-10
9862 1.319309e-10
9863 1.319086e-10
9864 1.318864e-10
9865 1.318641e-10
9866 1.318418e-10
9867 1.318196e-10
9868 1.317974e-10
9869 1.317751e-10
9870 1.317529e-10
9871 1.317306e-10
9872 1.317084e-10
9873 1.316862e-10
9874 1.316640e-10
9875 1.316418e-10
9876 1.316196e-10
9877 1.315974e-10
9878 1.315752e-10
9879 1.315530e-10
9880 1.315309e-10
9881 1.315087e-10
9882 1.314865e-10
9883 1.314644e-10
9884 1.314422e-10
9885 1.314201e-10
9886 1.313979e-10
9887 1.313758e-10
9888 1.313537e-10
9889 1.313316e-10
9890 1.313095e-10
9891 1.312873e-10
9892 1.312652e-10
9893 1.312431e-10
9894 1.312211e-10
9895 1.311990e-10
9896 1.311769e-10
9897 1.311548e-10
9898 1.311327e-10
9899 1.311107e-10
9900 1.310886e-10
9901 1.310666e-10
9902 1.310445e-10
9903 1.310225e-10
9904 1.310005e-10
9905 1.309784e-10
9906 1.309564e-10
9907 1.309344e-10
9908 1.309124e-10
9909 1.308904e-10
9910 1.308684e-10
9911 1.308464e-10
9912 1.308244e-10
9913 1.308025e-10
9914 1.307805e-10
9915 1.307585e-10
9916 1.307366e-10
9917 1.307146e-10
9918 1.306927e-10
9919 1.306707e-10
9920 1.306488e-10
9921 1.306268e-10
9922 1.306049e-10
9923 1.305830e-10
9924 1.305611e-10
9925 1.305392e-10
9926 1.305173e-10
9927 1.304954e-10
9928 1.304735e-10
9929 1.304516e-10
9930 1.304297e-10
9931 1.304079e-10
9932 1.303860e-10
9933 1.303641e-10
9934 1.303423e-10
9935 1.303204e-10
9936 1.302986e-10
9937 1.302768e-10
9938 1.302549e-10
9939 1.302331e-10
9940 1.302113e-10
9941 1.301895e-10
9942 1.301677e-10
9943 1.301459e-10
9944 1.301241e-10
9945 1.301023e-10
9946 1.300805e-10
9947 1.300587e-10
9948 1.300369e-10
9949 1.300152e-10
9950 1.299934e-10
9951 1.299717e-10
9952 1.299499e-10
9953 1.299282e-10
9954 1.299064e-10
9955 1.298847e-10
9956 1.298630e-10
9957 1.298412e-10
9958 1.298195e-10
9959 1.297978e-10
9960 1.297761e-10
9961 1.297544e-10
9962 1.297327e-10
9963 1.297110e-10
9964 1.296894e-10
9965 1.296677e-10
9966 1.296460e-10
9967 1.296244e-10
9968 1.296027e-10
9969 1.295811e-10
9970 1.295594e-10
9971 1.295378e-10
9972 1.295161e-10
9973 1.294945e-10
9974 1.294729e-10
9975 1.294513e-10
9976 1.294297e-10
9977 1.294081e-10
9978 1.293865e-10
9979 1.293649e-10
9980 1.293433e-10
9981 1.293217e-10
9982 1.293001e-10
9983 1.292786e-10
9984 1.292570e-10
9985 1.292354e-10
9986 1.292139e-10
9987 1.291923e-10
9988 1.291708e-10
9989 1.291493e-10
9990 1.291277e-10
9991 1.291062e-10
9992 1.290847e-10
9993 1.290632e-10
9994 1.290417e-10
9995 1.290202e-10
9996 1.289987e-10
9997 1.289772e-10
9998 1.289557e-10
9999 1.289342e-10
10000 1.289128e-10
10001 1.288913e-10
10002 1.288698e-10
10003 1.288484e-10
10004 1.288269e-10
10005 1.288055e-10
10006 1.287840e-10
10007 1.287626e-10
10008 1.287412e-10
10009 1.287198e-10
10010 1.286984e-10
10011 1.286769e-10
10012 1.286555e-10
10013 1.286341e-10
10014 1.286127e-10
10015 1.285914e-10
10016 1.285700e-10
10017 1.285486e-10
10018 1.285272e-10
10019 1.285059e-10
10020 1.284845e-10
10021 1.284632e-10
10022 1.284418e-10
10023 1.284205e-10
10024 1.283991e-10
10025 1.283778e-10
10026 1.283565e-10
10027 1.283352e-10
10028 1.283139e-10
10029 1.282925e-10
10030 1.282712e-10
10031 1.282500e-10
10032 1.282287e-10
10033 1.282074e-10
10034 1.281861e-10
10035 1.281648e-10
10036 1.281436e-10
10037 1.281223e-10
10038 1.281010e-10
10039 1.280798e-10
10040 1.280585e-10
10041 1.280373e-10
10042 1.280161e-10
10043 1.279948e-10
10044 1.279736e-10
10045 1.279524e-10
10046 1.279312e-10
10047 1.279100e-10
10048 1.278888e-10
10049 1.278676e-10
10050 1.278464e-10
10051 1.278252e-10
10052 1.278040e-10
10053 1.277829e-10
10054 1.277617e-10
10055 1.277406e-10
10056 1.277194e-10
10057 1.276982e-10
10058 1.276771e-10
10059 1.276560e-10
10060 1.276348e-10
10061 1.276137e-10
10062 1.275926e-10
10063 1.275715e-10
10064 1.275504e-10
10065 1.275293e-10
10066 1.275082e-10
10067 1.274871e-10
10068 1.274660e-10
10069 1.274449e-10
10070 1.274238e-10
10071 1.274027e-10
10072 1.273817e-10
10073 1.273606e-10
10074 1.273396e-10
10075 1.273185e-10
10076 1.272975e-10
10077 1.272764e-10
10078 1.272554e-10
10079 1.272344e-10
10080 1.272134e-10
10081 1.271923e-10
10082 1.271713e-10
10083 1.271503e-10
10084 1.271293e-10
10085 1.271083e-10
10086 1.270874e-10
10087 1.270664e-10
10088 1.270454e-10
10089 1.270244e-10
10090 1.270035e-10
10091 1.269825e-10
10092 1.269615e-10
10093 1.269406e-10
10094 1.269197e-10
10095 1.268987e-10
10096 1.268778e-10
10097 1.268569e-10
10098 1.268359e-10
10099 1.268150e-10
10100 1.267941e-10
10101 1.267732e-10
10102 1.267523e-10
10103 1.267314e-10
10104 1.267105e-10
10105 1.266896e-10
10106 1.266688e-10
10107 1.266479e-10
10108 1.266270e-10
10109 1.266062e-10
10110 1.265853e-10
10111 1.265645e-10
10112 1.265436e-10
10113 1.265228e-10
10114 1.265019e-10
10115 1.264811e-10
10116 1.264603e-10
10117 1.264392e-10
10118 1.264180e-10
10119 1.263967e-10
10120 1.263755e-10
10121 1.263543e-10
10122 1.263331e-10
10123 1.263119e-10
10124 1.262907e-10
10125 1.262695e-10
10126 1.262483e-10
10127 1.262271e-10
10128 1.262059e-10
10129 1.261847e-10
10130 1.261635e-10
10131 1.261424e-10
10132 1.261212e-10
10133 1.261001e-10
10134 1.260789e-10
10135 1.260578e-10
10136 1.260366e-10
10137 1.260155e-10
10138 1.259944e-10
10139 1.259733e-10
10140 1.259521e-10
10141 1.259310e-10
10142 1.259099e-10
10143 1.258888e-10
10144 1.258677e-10
10145 1.258467e-10
10146 1.258256e-10
10147 1.258045e-10
10148 1.257834e-10
10149 1.257624e-10
10150 1.257413e-10
10151 1.257202e-10
10152 1.256992e-10
10153 1.256782e-10
10154 1.256571e-10
10155 1.256361e-10
10156 1.256151e-10
10157 1.255940e-10
10158 1.255730e-10
10159 1.255520e-10
10160 1.255310e-10
10161 1.255100e-10
10162 1.254890e-10
10163 1.254680e-10
10164 1.254471e-10
10165 1.254261e-10
10166 1.254051e-10
10167 1.253842e-10
10168 1.253632e-10
10169 1.253422e-10
10170 1.253213e-10
10171 1.253003e-10
10172 1.252794e-10
10173 1.252585e-10
10174 1.252376e-10
10175 1.252166e-10
10176 1.251957e-10
10177 1.251748e-10
10178 1.251539e-10
10179 1.251330e-10
10180 1.251121e-10
10181 1.250912e-10
10182 1.250704e-10
10183 1.250495e-10
10184 1.250286e-10
10185 1.250077e-10
10186 1.249869e-10
10187 1.249660e-10
10188 1.249452e-10
10189 1.249243e-10
10190 1.249035e-10
10191 1.248827e-10
10192 1.248619e-10
10193 1.248410e-10
10194 1.248202e-10
10195 1.247994e-10
10196 1.247786e-10
10197 1.247578e-10
10198 1.247370e-10
10199 1.247162e-10
10200 1.246954e-10
10201 1.246747e-10
10202 1.246539e-10
10203 1.246331e-10
10204 1.246124e-10
10205 1.245916e-10
10206 1.245709e-10
10207 1.245501e-10
10208 1.245294e-10
10209 1.245087e-10
10210 1.244879e-10
10211 1.244672e-10
10212 1.244465e-10
10213 1.244258e-10
10214 1.244051e-10
10215 1.243844e-10
10216 1.243637e-10
10217 1.243430e-10
10218 1.243223e-10
10219 1.243016e-10
10220 1.242810e-10
10221 1.242603e-10
10222 1.242396e-10
10223 1.242190e-10
10224 1.241983e-10
10225 1.241777e-10
10226 1.241571e-10
10227 1.241364e-10
10228 1.241158e-10
10229 1.240952e-10
10230 1.240745e-10
10231 1.240539e-10
10232 1.240333e-10
10233 1.240127e-10
10234 1.239921e-10
10235 1.239715e-10
10236 1.239510e-10
10237 1.239304e-10
10238 1.239098e-10
10239 1.238892e-10
10240 1.238687e-10
10241 1.238481e-10
10242 1.238276e-10
10243 1.238070e-10
10244 1.237865e-10
10245 1.237659e-10
10246 1.237454e-10
10247 1.237249e-10
10248 1.237044e-10
10249 1.236838e-10
10250 1.236633e-10
10251 1.236428e-10
10252 1.236223e-10
10253 1.236018e-10
10254 1.235814e-10
10255 1.235609e-10
10256 1.235404e-10
10257 1.235199e-10
10258 1.234995e-10
10259 1.234790e-10
10260 1.234585e-10
10261 1.234381e-10
10262 1.234177e-10
10263 1.233972e-10
10264 1.233768e-10
10265 1.233564e-10
10266 1.233359e-10
10267 1.233155e-10
10268 1.232951e-10
10269 1.232747e-10
10270 1.232543e-10
10271 1.232339e-10
10272 1.232135e-10
10273 1.231931e-10
10274 1.231727e-10
10275 1.231524e-10
10276 1.231320e-10
10277 1.231116e-10
10278 1.230913e-10
10279 1.230709e-10
10280 1.230506e-10
10281 1.230302e-10
10282 1.230099e-10
10283 1.229896e-10
10284 1.229692e-10
10285 1.229489e-10
10286 1.229286e-10
10287 1.229083e-10
10288 1.228880e-10
10289 1.228677e-10
10290 1.228474e-10
10291 1.228271e-10
10292 1.228068e-10
10293 1.227865e-10
10294 1.227663e-10
10295 1.227460e-10
10296 1.227257e-10
10297 1.227055e-10
10298 1.226852e-10
10299 1.226650e-10
10300 1.226447e-10
10301 1.226245e-10
10302 1.226043e-10
10303 1.225840e-10
10304 1.225638e-10
10305 1.225436e-10
10306 1.225234e-10
10307 1.225032e-10
10308 1.224830e-10
10309 1.224628e-10
10310 1.224426e-10
10311 1.224224e-10
10312 1.224023e-10
10313 1.223821e-10
10314 1.223619e-10
10315 1.223418e-10
10316 1.223216e-10
10317 1.223014e-10
10318 1.222813e-10
10319 1.222612e-10
10320 1.222410e-10
10321 1.222209e-10
10322 1.222008e-10
10323 1.221807e-10
10324 1.221605e-10
10325 1.221404e-10
10326 1.221203e-10
10327 1.221002e-10
10328 1.220801e-10
10329 1.220600e-10
10330 1.220400e-10
10331 1.220199e-10
10332 1.219998e-10
10333 1.219797e-10
10334 1.219597e-10
10335 1.219396e-10
10336 1.219196e-10
10337 1.218995e-10
10338 1.218795e-10
10339 1.218594e-10
10340 1.218394e-10
10341 1.218194e-10
10342 1.217994e-10
10343 1.217794e-10
10344 1.217593e-10
10345 1.217393e-10
10346 1.217193e-10
10347 1.216994e-10
10348 1.216794e-10
10349 1.216594e-10
10350 1.216394e-10
10351 1.216194e-10
10352 1.215995e-10
10353 1.215795e-10
10354 1.215595e-10
10355 1.215396e-10
10356 1.215196e-10
10357 1.214997e-10
10358 1.214798e-10
10359 1.214598e-10
10360 1.214399e-10
10361 1.214200e-10
10362 1.214001e-10
10363 1.213802e-10
10364 1.213602e-10
10365 1.213403e-10
10366 1.213205e-10
10367 1.213006e-10
10368 1.212807e-10
10369 1.212608e-10
10370 1.212409e-10
10371 1.212211e-10
10372 1.212012e-10
10373 1.211813e-10
10374 1.211615e-10
10375 1.211416e-10
10376 1.211218e-10
10377 1.211019e-10
10378 1.210821e-10
10379 1.210623e-10
10380 1.210425e-10
10381 1.210226e-10
10382 1.210028e-10
10383 1.209830e-10
10384 1.209632e-10
10385 1.209434e-10
10386 1.209236e-10
10387 1.209038e-10
10388 1.208841e-10
10389 1.208643e-10
10390 1.208445e-10
10391 1.208248e-10
10392 1.208050e-10
10393 1.207852e-10
10394 1.207655e-10
10395 1.207457e-10
10396 1.207260e-10
10397 1.207063e-10
10398 1.206865e-10
10399 1.206668e-10
10400 1.206471e-10
10401 1.206274e-10
10402 1.206077e-10
10403 1.205880e-10
10404 1.205683e-10
10405 1.205486e-10
10406 1.205289e-10
10407 1.205092e-10
10408 1.204895e-10
10409 1.204698e-10
10410 1.204502e-10
10411 1.204305e-10
10412 1.204108e-10
10413 1.203912e-10
10414 1.203715e-10
10415 1.203519e-10
10416 1.203323e-10
10417 1.203126e-10
10418 1.202930e-10
10419 1.202734e-10
10420 1.202538e-10
10421 1.202341e-10
10422 1.202145e-10
10423 1.201949e-10
10424 1.201753e-10
10425 1.201557e-10
10426 1.201362e-10
10427 1.201166e-10
10428 1.200970e-10
10429 1.200774e-10
10430 1.200579e-10
10431 1.200383e-10
10432 1.200187e-10
10433 1.199992e-10
10434 1.199796e-10
10435 1.199601e-10
10436 1.199406e-10
10437 1.199210e-10
10438 1.199015e-10
10439 1.198820e-10
10440 1.198625e-10
10441 1.198429e-10
10442 1.198234e-10
10443 1.198039e-10
10444 1.197844e-10
10445 1.197650e-10
10446 1.197455e-10
10447 1.197260e-10
10448 1.197065e-10
10449 1.196870e-10
10450 1.196676e-10
10451 1.196481e-10
10452 1.196287e-10
10453 1.196092e-10
10454 1.195898e-10
10455 1.195703e-10
10456 1.195509e-10
10457 1.195314e-10
10458 1.195120e-10
10459 1.194926e-10
10460 1.194732e-10
10461 1.194538e-10
10462 1.194344e-10
10463 1.194150e-10
10464 1.193956e-10
10465 1.193762e-10
10466 1.193568e-10
10467 1.193374e-10
10468 1.193180e-10
10469 1.192987e-10
10470 1.192793e-10
10471 1.192599e-10
10472 1.192406e-10
10473 1.192212e-10
10474 1.192019e-10
10475 1.191825e-10
10476 1.191632e-10
10477 1.191439e-10
10478 1.191245e-10
10479 1.191052e-10
10480 1.190859e-10
10481 1.190666e-10
10482 1.190473e-10
10483 1.190280e-10
10484 1.190087e-10
10485 1.189894e-10
10486 1.189701e-10
10487 1.189508e-10
10488 1.189316e-10
10489 1.189123e-10
10490 1.188930e-10
10491 1.188738e-10
10492 1.188545e-10
10493 1.188352e-10
10494 1.188160e-10
10495 1.187968e-10
10496 1.187775e-10
10497 1.187583e-10
10498 1.187391e-10
10499 1.187198e-10
10500 1.187006e-10
10501 1.186814e-10
10502 1.186622e-10
10503 1.186430e-10
10504 1.186238e-10
10505 1.186046e-10
10506 1.185854e-10
10507 1.185662e-10
10508 1.185471e-10
10509 1.185279e-10
10510 1.185087e-10
10511 1.184896e-10
10512 1.184704e-10
10513 1.184513e-10
10514 1.184321e-10
10515 1.184130e-10
10516 1.183938e-10
10517 1.183747e-10
10518 1.183556e-10
10519 1.183364e-10
10520 1.183173e-10
10521 1.182982e-10
10522 1.182791e-10
10523 1.182600e-10
10524 1.182409e-10
10525 1.182218e-10
10526 1.182027e-10
10527 1.181836e-10
10528 1.181645e-10
10529 1.181455e-10
10530 1.181264e-10
10531 1.181073e-10
10532 1.180883e-10
10533 1.180692e-10
10534 1.180502e-10
10535 1.180311e-10
10536 1.180121e-10
10537 1.179931e-10
10538 1.179740e-10
10539 1.179550e-10
10540 1.179360e-10
10541 1.179170e-10
10542 1.178979e-10
10543 1.178789e-10
10544 1.178599e-10
10545 1.178409e-10
10546 1.178219e-10
10547 1.178030e-10
10548 1.177840e-10
10549 1.177650e-10
10550 1.177460e-10
10551 1.177271e-10
10552 1.177081e-10
10553 1.176891e-10
10554 1.176702e-10
10555 1.176512e-10
10556 1.176323e-10
10557 1.176134e-10
10558 1.175944e-10
10559 1.175755e-10
10560 1.175566e-10
10561 1.175377e-10
10562 1.175187e-10
10563 1.174998e-10
10564 1.174809e-10
10565 1.174620e-10
10566 1.174431e-10
10567 1.174242e-10
10568 1.174054e-10
10569 1.173865e-10
10570 1.173676e-10
10571 1.173487e-10
10572 1.173299e-10
10573 1.173110e-10
10574 1.172922e-10
10575 1.172733e-10
10576 1.172545e-10
10577 1.172356e-10
10578 1.172168e-10
10579 1.171979e-10
10580 1.171791e-10
10581 1.171603e-10
10582 1.171415e-10
10583 1.171227e-10
10584 1.171039e-10
10585 1.170850e-10
10586 1.170663e-10
10587 1.170475e-10
10588 1.170287e-10
10589 1.170099e-10
10590 1.169911e-10
10591 1.169723e-10
10592 1.169536e-10
10593 1.169348e-10
10594 1.169160e-10
10595 1.168973e-10
10596 1.168785e-10
10597 1.168598e-10
10598 1.168410e-10
10599 1.168223e-10
10600 1.168036e-10
10601 1.167848e-10
10602 1.167661e-10
10603 1.167474e-10
10604 1.167287e-10
10605 1.167100e-10
10606 1.166913e-10
10607 1.166726e-10
10608 1.166539e-10
10609 1.166352e-10
10610 1.166165e-10
10611 1.165978e-10
10612 1.165792e-10
10613 1.165605e-10
10614 1.165418e-10
10615 1.165232e-10
10616 1.165045e-10
10617 1.164859e-10
10618 1.164672e-10
10619 1.164486e-10
10620 1.164299e-10
10621 1.164113e-10
10622 1.163927e-10
10623 1.163741e-10
10624 1.163554e-10
10625 1.163368e-10
10626 1.163182e-10
10627 1.162996e-10
10628 1.162810e-10
10629 1.162624e-10
10630 1.162438e-10
10631 1.162253e-10
10632 1.162067e-10
10633 1.161881e-10
10634 1.161695e-10
10635 1.161510e-10
10636 1.161324e-10
10637 1.161138e-10
10638 1.160953e-10
10639 1.160767e-10
10640 1.160582e-10
10641 1.160397e-10
10642 1.160211e-10
10643 1.160026e-10
10644 1.159841e-10
10645 1.159656e-10
10646 1.159471e-10
10647 1.159285e-10
10648 1.159100e-10
10649 1.158915e-10
10650 1.158730e-10
10651 1.158546e-10
10652 1.158361e-10
10653 1.158176e-10
10654 1.157991e-10
10655 1.157806e-10
10656 1.157622e-10
10657 1.157437e-10
10658 1.157252e-10
10659 1.157068e-10
10660 1.156883e-10
10661 1.156699e-10
10662 1.156515e-10
10663 1.156330e-10
10664 1.156146e-10
10665 1.155962e-10
10666 1.155778e-10
10667 1.155593e-10
10668 1.155409e-10
10669 1.155225e-10
10670 1.155041e-10
10671 1.154857e-10
10672 1.154673e-10
10673 1.154489e-10
10674 1.154306e-10
10675 1.154122e-10
10676 1.153938e-10
10677 1.153754e-10
10678 1.153571e-10
10679 1.153387e-10
10680 1.153204e-10
10681 1.153020e-10
10682 1.152837e-10
10683 1.152653e-10
10684 1.152470e-10
10685 1.152287e-10
10686 1.152103e-10
10687 1.151920e-10
10688 1.151737e-10
10689 1.151554e-10
10690 1.151371e-10
10691 1.151188e-10
10692 1.151005e-10
10693 1.150822e-10
10694 1.150639e-10
10695 1.150456e-10
10696 1.150273e-10
10697 1.150090e-10
10698 1.149908e-10
10699 1.149725e-10
10700 1.149542e-10
10701 1.149360e-10
10702 1.149177e-10
10703 1.148995e-10
10704 1.148812e-10
10705 1.148630e-10
10706 1.148448e-10
10707 1.148265e-10
10708 1.148083e-10
10709 1.147901e-10
10710 1.147719e-10
10711 1.147536e-10
10712 1.147354e-10
10713 1.147172e-10
10714 1.146990e-10
10715 1.146808e-10
10716 1.146627e-10
10717 1.146445e-10
10718 1.146263e-10
10719 1.146081e-10
10720 1.145899e-10
10721 1.145718e-10
10722 1.145536e-10
10723 1.145355e-10
10724 1.145173e-10
10725 1.144992e-10
10726 1.144810e-10
10727 1.144629e-10
10728 1.144447e-10
10729 1.144266e-10
10730 1.144085e-10
10731 1.143904e-10
10732 1.143722e-10
10733 1.143541e-10
10734 1.143360e-10
10735 1.143179e-10
10736 1.142998e-10
10737 1.142817e-10
10738 1.142636e-10
10739 1.142456e-10
10740 1.142275e-10
10741 1.142094e-10
10742 1.141913e-10
10743 1.141733e-10
10744 1.141552e-10
10745 1.141372e-10
10746 1.141191e-10
10747 1.141011e-10
10748 1.140830e-10
10749 1.140650e-10
10750 1.140469e-10
10751 1.140289e-10
10752 1.140109e-10
10753 1.139929e-10
10754 1.139748e-10
10755 1.139568e-10
10756 1.139388e-10
10757 1.139208e-10
10758 1.139028e-10
10759 1.138848e-10
10760 1.138668e-10
10761 1.138489e-10
10762 1.138309e-10
10763 1.138129e-10
10764 1.137949e-10
10765 1.137770e-10
10766 1.137590e-10
10767 1.137410e-10
10768 1.137231e-10
10769 1.137051e-10
10770 1.136872e-10
10771 1.136693e-10
10772 1.136513e-10
10773 1.136334e-10
10774 1.136155e-10
10775 1.135975e-10
10776 1.135796e-10
10777 1.135617e-10
10778 1.135438e-10
10779 1.135259e-10
10780 1.135080e-10
10781 1.134901e-10
10782 1.134722e-10
10783 1.134543e-10
10784 1.134365e-10
10785 1.134186e-10
10786 1.134007e-10
10787 1.133828e-10
10788 1.133650e-10
10789 1.133471e-10
10790 1.133293e-10
10791 1.133114e-10
10792 1.132936e-10
10793 1.132757e-10
10794 1.132579e-10
10795 1.132401e-10
10796 1.132222e-10
10797 1.132044e-10
10798 1.131866e-10
10799 1.131688e-10
10800 1.131510e-10
10801 1.131332e-10
10802 1.131154e-10
10803 1.130976e-10
10804 1.130798e-10
10805 1.130620e-10
10806 1.130442e-10
10807 1.130264e-10
10808 1.130086e-10
10809 1.129909e-10
10810 1.129731e-10
10811 1.129553e-10
10812 1.129376e-10
10813 1.129198e-10
10814 1.129021e-10
10815 1.128844e-10
10816 1.128666e-10
10817 1.128489e-10
10818 1.128311e-10
10819 1.128134e-10
10820 1.127957e-10
10821 1.127780e-10
10822 1.127603e-10
10823 1.127426e-10
10824 1.127249e-10
10825 1.127072e-10
10826 1.126895e-10
10827 1.126718e-10
10828 1.126541e-10
10829 1.126364e-10
10830 1.126187e-10
10831 1.126011e-10
10832 1.125834e-10
10833 1.125657e-10
10834 1.125481e-10
10835 1.125304e-10
10836 1.125128e-10
10837 1.124951e-10
10838 1.124775e-10
10839 1.124598e-10
10840 1.124422e-10
10841 1.124246e-10
10842 1.124070e-10
10843 1.123893e-10
10844 1.123716e-10
10845 1.123536e-10
10846 1.123357e-10
10847 1.123177e-10
10848 1.122998e-10
10849 1.122818e-10
10850 1.122639e-10
10851 1.122459e-10
10852 1.122280e-10
10853 1.122100e-10
10854 1.121921e-10
10855 1.121742e-10
10856 1.121563e-10
10857 1.121384e-10
10858 1.121205e-10
10859 1.121025e-10
10860 1.120846e-10
10861 1.120667e-10
10862 1.120489e-10
10863 1.120310e-10
10864 1.120131e-10
10865 1.119952e-10
10866 1.119773e-10
10867 1.119595e-10
10868 1.119416e-10
10869 1.119237e-10
10870 1.119059e-10
10871 1.118880e-10
10872 1.118702e-10
10873 1.118523e-10
10874 1.118345e-10
10875 1.118167e-10
10876 1.117988e-10
10877 1.117810e-10
10878 1.117632e-10
10879 1.117454e-10
10880 1.117276e-10
10881 1.117098e-10
10882 1.116920e-10
10883 1.116742e-10
10884 1.116564e-10
10885 1.116386e-10
10886 1.116208e-10
10887 1.116030e-10
10888 1.115853e-10
10889 1.115675e-10
10890 1.115497e-10
10891 1.115320e-10
10892 1.115142e-10
10893 1.114964e-10
10894 1.114787e-10
10895 1.114610e-10
10896 1.114432e-10
10897 1.114255e-10
10898 1.114077e-10
10899 1.113900e-10
10900 1.113723e-10
10901 1.113546e-10
10902 1.113369e-10
10903 1.113192e-10
10904 1.113015e-10
10905 1.112838e-10
10906 1.112661e-10
10907 1.112484e-10
10908 1.112307e-10
10909 1.112130e-10
10910 1.111953e-10
10911 1.111777e-10
10912 1.111600e-10
10913 1.111423e-10
10914 1.111247e-10
10915 1.111070e-10
10916 1.110894e-10
10917 1.110717e-10
10918 1.110541e-10
10919 1.110364e-10
10920 1.110188e-10
10921 1.110012e-10
10922 1.109835e-10
10923 1.109659e-10
10924 1.109483e-10
10925 1.109307e-10
10926 1.109131e-10
10927 1.108955e-10
10928 1.108779e-10
10929 1.108603e-10
10930 1.108427e-10
10931 1.108251e-10
10932 1.108075e-10
10933 1.107900e-10
10934 1.107724e-10
10935 1.107548e-10
10936 1.107373e-10
10937 1.107197e-10
10938 1.107022e-10
10939 1.106846e-10
10940 1.106671e-10
10941 1.106495e-10
10942 1.106320e-10
10943 1.106145e-10
10944 1.105969e-10
10945 1.105794e-10
10946 1.105619e-10
10947 1.105444e-10
10948 1.105269e-10
10949 1.105094e-10
10950 1.104919e-10
10951 1.104744e-10
10952 1.104569e-10
10953 1.104394e-10
10954 1.104219e-10
10955 1.104044e-10
10956 1.103869e-10
10957 1.103695e-10
10958 1.103520e-10
10959 1.103345e-10
10960 1.103171e-10
10961 1.102996e-10
10962 1.102822e-10
10963 1.102647e-10
10964 1.102473e-10
10965 1.102299e-10
10966 1.102124e-10
10967 1.101950e-10
10968 1.101776e-10
10969 1.101602e-10
10970 1.101427e-10
10971 1.101253e-10
10972 1.101079e-10
10973 1.100905e-10
10974 1.100731e-10
10975 1.100557e-10
10976 1.100384e-10
10977 1.100210e-10
10978 1.100036e-10
10979 1.099862e-10
10980 1.099688e-10
10981 1.099515e-10
10982 1.099341e-10
10983 1.099168e-10
10984 1.098994e-10
10985 1.098821e-10
10986 1.098647e-10
10987 1.098474e-10
10988 1.098300e-10
10989 1.098127e-10
10990 1.097954e-10
10991 1.097781e-10
10992 1.097607e-10
10993 1.097434e-10
10994 1.097261e-10
10995 1.097088e-10
10996 1.096915e-10
10997 1.096742e-10
10998 1.096569e-10
10999 1.096396e-10
11000 1.096223e-10
11001 1.096051e-10
11002 1.095878e-10
11003 1.095705e-10
11004 1.095532e-10
11005 1.095360e-10
11006 1.095187e-10
11007 1.095015e-10
11008 1.094842e-10
11009 1.094670e-10
11010 1.094497e-10
11011 1.094325e-10
11012 1.094153e-10
11013 1.093980e-10
11014 1.093808e-10
11015 1.093636e-10
11016 1.093464e-10
11017 1.093292e-10
11018 1.093119e-10
11019 1.092947e-10
11020 1.092775e-10
11021 1.092604e-10
11022 1.092432e-10
11023 1.092260e-10
11024 1.092088e-10
11025 1.091916e-10
11026 1.091744e-10
11027 1.091573e-10
11028 1.091401e-10
11029 1.091229e-10
11030 1.091058e-10
11031 1.090886e-10
11032 1.090715e-10
11033 1.090543e-10
11034 1.090372e-10
11035 1.090201e-10
11036 1.090029e-10
11037 1.089858e-10
11038 1.089687e-10
11039 1.089516e-10
11040 1.089345e-10
11041 1.089174e-10
11042 1.089002e-10
11043 1.088831e-10
11044 1.088660e-10
11045 1.088490e-10
11046 1.088319e-10
11047 1.088148e-10
11048 1.087977e-10
11049 1.087806e-10
11050 1.087636e-10
11051 1.087465e-10
11052 1.087294e-10
11053 1.087124e-10
11054 1.086953e-10
11055 1.086783e-10
11056 1.086612e-10
11057 1.086442e-10
11058 1.086271e-10
11059 1.086101e-10
11060 1.085931e-10
11061 1.085760e-10
11062 1.085590e-10
11063 1.085420e-10
11064 1.085250e-10
11065 1.085080e-10
11066 1.084910e-10
11067 1.084740e-10
11068 1.084570e-10
11069 1.084400e-10
11070 1.084230e-10
11071 1.084060e-10
11072 1.083890e-10
11073 1.083721e-10
11074 1.083551e-10
11075 1.083381e-10
11076 1.083212e-10
11077 1.083042e-10
11078 1.082873e-10
11079 1.082703e-10
11080 1.082534e-10
11081 1.082364e-10
11082 1.082195e-10
11083 1.082026e-10
11084 1.081856e-10
11085 1.081687e-10
11086 1.081518e-10
11087 1.081349e-10
11088 1.081180e-10
11089 1.081010e-10
11090 1.080841e-10
11091 1.080672e-10
11092 1.080503e-10
11093 1.080335e-10
11094 1.080166e-10
11095 1.079997e-10
11096 1.079828e-10
11097 1.079659e-10
11098 1.079491e-10
11099 1.079322e-10
11100 1.079153e-10
11101 1.078985e-10
11102 1.078816e-10
11103 1.078648e-10
11104 1.078479e-10
11105 1.078311e-10
11106 1.078143e-10
11107 1.077974e-10
11108 1.077806e-10
11109 1.077638e-10
11110 1.077469e-10
11111 1.077301e-10
11112 1.077133e-10
11113 1.076965e-10
11114 1.076797e-10
11115 1.076629e-10
11116 1.076461e-10
11117 1.076293e-10
11118 1.076125e-10
11119 1.075957e-10
11120 1.075790e-10
11121 1.075622e-10
11122 1.075454e-10
11123 1.075287e-10
11124 1.075119e-10
11125 1.074951e-10
11126 1.074784e-10
11127 1.074616e-10
11128 1.074449e-10
11129 1.074281e-10
11130 1.074114e-10
11131 1.073947e-10
11132 1.073779e-10
11133 1.073612e-10
11134 1.073445e-10
11135 1.073278e-10
11136 1.073111e-10
11137 1.072943e-10
11138 1.072776e-10
11139 1.072609e-10
11140 1.072442e-10
11141 1.072276e-10
11142 1.072109e-10
11143 1.071942e-10
11144 1.071775e-10
11145 1.071608e-10
11146 1.071441e-10
11147 1.071275e-10
11148 1.071108e-10
11149 1.070942e-10
11150 1.070775e-10
11151 1.070608e-10
11152 1.070442e-10
11153 1.070276e-10
11154 1.070109e-10
11155 1.069943e-10
11156 1.069776e-10
11157 1.069610e-10
11158 1.069444e-10
11159 1.069278e-10
11160 1.069112e-10
11161 1.068945e-10
11162 1.068779e-10
11163 1.068613e-10
11164 1.068447e-10
11165 1.068281e-10
11166 1.068116e-10
11167 1.067950e-10
11168 1.067784e-10
11169 1.067618e-10
11170 1.067452e-10
11171 1.067287e-10
11172 1.067121e-10
11173 1.066955e-10
11174 1.066790e-10
11175 1.066624e-10
11176 1.066459e-10
11177 1.066293e-10
11178 1.066128e-10
11179 1.065962e-10
11180 1.065797e-10
11181 1.065632e-10
11182 1.065467e-10
11183 1.065301e-10
11184 1.065136e-10
11185 1.064971e-10
11186 1.064806e-10
11187 1.064641e-10
11188 1.064476e-10
11189 1.064311e-10
11190 1.064146e-10
11191 1.063981e-10
11192 1.063816e-10
11193 1.063651e-10
11194 1.063487e-10
11195 1.063322e-10
11196 1.063157e-10
11197 1.062992e-10
11198 1.062828e-10
11199 1.062663e-10
11200 1.062499e-10
11201 1.062334e-10
11202 1.062170e-10
11203 1.062005e-10
11204 1.061841e-10
11205 1.061677e-10
11206 1.061512e-10
11207 1.061348e-10
11208 1.061184e-10
11209 1.061020e-10
11210 1.060856e-10
11211 1.060691e-10
11212 1.060527e-10
11213 1.060363e-10
11214 1.060199e-10
11215 1.060035e-10
11216 1.059872e-10
11217 1.059708e-10
11218 1.059544e-10
11219 1.059380e-10
11220 1.059216e-10
11221 1.059053e-10
11222 1.058889e-10
11223 1.058725e-10
11224 1.058562e-10
11225 1.058398e-10
11226 1.058235e-10
11227 1.058071e-10
11228 1.057908e-10
11229 1.057745e-10
11230 1.057581e-10
11231 1.057418e-10
11232 1.057255e-10
11233 1.057091e-10
11234 1.056928e-10
11235 1.056765e-10
11236 1.056602e-10
11237 1.056439e-10
11238 1.056276e-10
11239 1.056113e-10
11240 1.055950e-10
11241 1.055787e-10
11242 1.055624e-10
11243 1.055461e-10
11244 1.055299e-10
11245 1.055136e-10
11246 1.054973e-10
11247 1.054811e-10
11248 1.054648e-10
11249 1.054485e-10
11250 1.054323e-10
11251 1.054160e-10
11252 1.053998e-10
11253 1.053835e-10
11254 1.053673e-10
11255 1.053511e-10
11256 1.053348e-10
11257 1.053186e-10
11258 1.053024e-10
11259 1.052862e-10
11260 1.052700e-10
11261 1.052537e-10
11262 1.052375e-10
11263 1.052213e-10
11264 1.052051e-10
11265 1.051889e-10
11266 1.051727e-10
11267 1.051566e-10
11268 1.051404e-10
11269 1.051242e-10
11270 1.051080e-10
11271 1.050919e-10
11272 1.050757e-10
11273 1.050595e-10
11274 1.050434e-10
11275 1.050272e-10
11276 1.050111e-10
11277 1.049949e-10
11278 1.049788e-10
11279 1.049626e-10
11280 1.049465e-10
11281 1.049303e-10
11282 1.049142e-10
11283 1.048981e-10
11284 1.048820e-10
11285 1.048659e-10
11286 1.048497e-10
11287 1.048336e-10
11288 1.048175e-10
11289 1.048014e-10
11290 1.047853e-10
11291 1.047692e-10
11292 1.047531e-10
11293 1.047371e-10
11294 1.047210e-10
11295 1.047049e-10
11296 1.046888e-10
11297 1.046728e-10
11298 1.046567e-10
11299 1.046406e-10
11300 1.046246e-10
11301 1.046085e-10
11302 1.045925e-10
11303 1.045764e-10
11304 1.045604e-10
11305 1.045443e-10
11306 1.045283e-10
11307 1.045123e-10
11308 1.044962e-10
11309 1.044802e-10
11310 1.044642e-10
11311 1.044482e-10
11312 1.044322e-10
11313 1.044162e-10
11314 1.044002e-10
11315 1.043842e-10
11316 1.043682e-10
11317 1.043522e-10
11318 1.043362e-10
11319 1.043202e-10
11320 1.043042e-10
11321 1.042882e-10
11322 1.042723e-10
11323 1.042563e-10
11324 1.042403e-10
11325 1.042244e-10
11326 1.042084e-10
11327 1.041925e-10
11328 1.041765e-10
11329 1.041606e-10
11330 1.041446e-10
11331 1.041287e-10
11332 1.041127e-10
11333 1.040968e-10
11334 1.040809e-10
11335 1.040650e-10
11336 1.040490e-10
11337 1.040331e-10
11338 1.040172e-10
11339 1.040013e-10
11340 1.039854e-10
11341 1.039695e-10
11342 1.039536e-10
11343 1.039377e-10
11344 1.039218e-10
11345 1.039059e-10
11346 1.038901e-10
11347 1.038742e-10
11348 1.038583e-10
11349 1.038424e-10
11350 1.038266e-10
11351 1.038107e-10
11352 1.037949e-10
11353 1.037790e-10
11354 1.037631e-10
11355 1.037473e-10
11356 1.037315e-10
11357 1.037156e-10
11358 1.036998e-10
11359 1.036840e-10
11360 1.036681e-10
11361 1.036523e-10
11362 1.036365e-10
11363 1.036207e-10
11364 1.036049e-10
11365 1.035890e-10
11366 1.035732e-10
11367 1.035574e-10
11368 1.035416e-10
11369 1.035258e-10
11370 1.035101e-10
11371 1.034943e-10
11372 1.034785e-10
11373 1.034627e-10
11374 1.034469e-10
11375 1.034312e-10
11376 1.034154e-10
11377 1.033996e-10
11378 1.033839e-10
11379 1.033681e-10
11380 1.033524e-10
11381 1.033366e-10
11382 1.033209e-10
11383 1.033051e-10
11384 1.032894e-10
11385 1.032737e-10
11386 1.032579e-10
11387 1.032422e-10
11388 1.032265e-10
11389 1.032108e-10
11390 1.031951e-10
11391 1.031794e-10
11392 1.031636e-10
11393 1.031479e-10
11394 1.031322e-10
11395 1.031165e-10
11396 1.031009e-10
11397 1.030852e-10
11398 1.030695e-10
11399 1.030538e-10
11400 1.030381e-10
11401 1.030225e-10
11402 1.030068e-10
11403 1.029911e-10
11404 1.029755e-10
11405 1.029598e-10
11406 1.029442e-10
11407 1.029285e-10
11408 1.029129e-10
11409 1.028972e-10
11410 1.028816e-10
11411 1.028659e-10
11412 1.028503e-10
11413 1.028347e-10
11414 1.028191e-10
11415 1.028034e-10
11416 1.027878e-10
11417 1.027722e-10
11418 1.027566e-10
11419 1.027410e-10
11420 1.027254e-10
11421 1.027098e-10
11422 1.026942e-10
11423 1.026786e-10
11424 1.026630e-10
11425 1.026474e-10
11426 1.026319e-10
11427 1.026163e-10
11428 1.026007e-10
11429 1.025851e-10
11430 1.025696e-10
11431 1.025540e-10
11432 1.025385e-10
11433 1.025229e-10
11434 1.025074e-10
11435 1.024918e-10
11436 1.024763e-10
11437 1.024607e-10
11438 1.024452e-10
11439 1.024297e-10
11440 1.024141e-10
11441 1.023986e-10
11442 1.023831e-10
11443 1.023676e-10
11444 1.023521e-10
11445 1.023366e-10
11446 1.023211e-10
11447 1.023056e-10
11448 1.022901e-10
11449 1.022746e-10
11450 1.022591e-10
11451 1.022436e-10
11452 1.022281e-10
11453 1.022126e-10
11454 1.021972e-10
11455 1.021817e-10
11456 1.021662e-10
11457 1.021508e-10
11458 1.021353e-10
11459 1.021198e-10
11460 1.021044e-10
11461 1.020889e-10
11462 1.020735e-10
11463 1.020581e-10
11464 1.020426e-10
11465 1.020272e-10
11466 1.020117e-10
11467 1.019963e-10
11468 1.019809e-10
11469 1.019655e-10
11470 1.019501e-10
11471 1.019347e-10
11472 1.019192e-10
11473 1.019038e-10
11474 1.018884e-10
11475 1.018730e-10
11476 1.018576e-10
11477 1.018423e-10
11478 1.018269e-10
11479 1.018115e-10
11480 1.017961e-10
11481 1.017807e-10
11482 1.017654e-10
11483 1.017500e-10
11484 1.017346e-10
11485 1.017193e-10
11486 1.017039e-10
11487 1.016886e-10
11488 1.016732e-10
11489 1.016579e-10
11490 1.016425e-10
11491 1.016272e-10
11492 1.016118e-10
11493 1.015965e-10
11494 1.015812e-10
11495 1.015659e-10
11496 1.015505e-10
11497 1.015352e-10
11498 1.015199e-10
11499 1.015046e-10
11500 1.014893e-10
11501 1.014740e-10
11502 1.014587e-10
11503 1.014434e-10
11504 1.014281e-10
11505 1.014128e-10
11506 1.013975e-10
11507 1.013822e-10
11508 1.013670e-10
11509 1.013517e-10
11510 1.013364e-10
11511 1.013212e-10
11512 1.013059e-10
11513 1.012906e-10
11514 1.012754e-10
11515 1.012601e-10
11516 1.012449e-10
11517 1.012296e-10
11518 1.012144e-10
11519 1.011992e-10
11520 1.011839e-10
11521 1.011687e-10
11522 1.011535e-10
11523 1.011382e-10
11524 1.011230e-10
11525 1.011078e-10
11526 1.010926e-10
11527 1.010774e-10
11528 1.010622e-10
11529 1.010470e-10
11530 1.010318e-10
11531 1.010166e-10
11532 1.010014e-10
11533 1.009862e-10
11534 1.009710e-10
11535 1.009558e-10
11536 1.009407e-10
11537 1.009255e-10
11538 1.009103e-10
11539 1.008952e-10
11540 1.008800e-10
11541 1.008648e-10
11542 1.008497e-10
11543 1.008345e-10
11544 1.008194e-10
11545 1.008042e-10
11546 1.007891e-10
11547 1.007740e-10
11548 1.007588e-10
11549 1.007437e-10
11550 1.007286e-10
11551 1.007135e-10
11552 1.006983e-10
11553 1.006832e-10
11554 1.006681e-10
11555 1.006530e-10
11556 1.006379e-10
11557 1.006228e-10
11558 1.006077e-10
11559 1.005926e-10
11560 1.005775e-10
11561 1.005624e-10
11562 1.005474e-10
11563 1.005323e-10
11564 1.005172e-10
11565 1.005021e-10
11566 1.004871e-10
11567 1.004720e-10
11568 1.004569e-10
11569 1.004419e-10
11570 1.004268e-10
11571 1.004118e-10
11572 1.003967e-10
11573 1.003817e-10
11574 1.003666e-10
11575 1.003516e-10
11576 1.003366e-10
11577 1.003215e-10
11578 1.003065e-10
11579 1.002915e-10
11580 1.002765e-10
11581 1.002615e-10
11582 1.002464e-10
11583 1.002314e-10
11584 1.002164e-10
11585 1.002014e-10
11586 1.001864e-10
11587 1.001714e-10
11588 1.001564e-10
11589 1.001415e-10
11590 1.001265e-10
11591 1.001115e-10
11592 1.000965e-10
11593 1.000815e-10
11594 1.000666e-10
11595 1.000516e-10
11596 1.000366e-10
11597 1.000217e-10
11598 1.000067e-10
11599 9.999178e-11
11600 9.997683e-11
11601 9.996189e-11
11602 9.994695e-11
11603 9.993201e-11
11604 9.991707e-11
11605 9.990214e-11
11606 9.988722e-11
11607 9.987229e-11
11608 9.985737e-11
11609 9.984246e-11
11610 9.982754e-11
11611 9.981263e-11
11612 9.979773e-11
11613 9.978282e-11
11614 9.976793e-11
11615 9.975303e-11
11616 9.973814e-11
11617 9.972325e-11
11618 9.970836e-11
11619 9.969348e-11
11620 9.967861e-11
11621 9.966373e-11
11622 9.964886e-11
11623 9.963399e-11
11624 9.961890e-11
11625 9.960374e-11
11626 9.958858e-11
11627 9.957343e-11
11628 9.955828e-11
11629 9.954314e-11
11630 9.952800e-11
11631 9.951286e-11
11632 9.949773e-11
11633 9.948260e-11
11634 9.946747e-11
11635 9.945235e-11
11636 9.943723e-11
11637 9.942212e-11
11638 9.940701e-11
11639 9.939190e-11
11640 9.937679e-11
11641 9.936169e-11
11642 9.934660e-11
11643 9.933150e-11
11644 9.931641e-11
11645 9.930133e-11
11646 9.928624e-11
11647 9.927116e-11
11648 9.925609e-11
11649 9.924102e-11
11650 9.922595e-11
11651 9.921088e-11
11652 9.919582e-11
11653 9.918076e-11
11654 9.916571e-11
11655 9.915066e-11
11656 9.913561e-11
11657 9.912057e-11
11658 9.910553e-11
11659 9.909049e-11
11660 9.907546e-11
11661 9.906043e-11
11662 9.904540e-11
11663 9.903038e-11
11664 9.901536e-11
11665 9.900035e-11
11666 9.898534e-11
11667 9.897033e-11
11668 9.895532e-11
11669 9.894032e-11
11670 9.892533e-11
11671 9.891033e-11
11672 9.889534e-11
11673 9.888036e-11
11674 9.886537e-11
11675 9.885039e-11
11676 9.883542e-11
11677 9.882045e-11
11678 9.880548e-11
11679 9.879051e-11
11680 9.877555e-11
11681 9.876059e-11
11682 9.874564e-11
11683 9.873069e-11
11684 9.871574e-11
11685 9.870079e-11
11686 9.868585e-11
11687 9.867092e-11
11688 9.865598e-11
11689 9.864105e-11
11690 9.862613e-11
11691 9.861121e-11
11692 9.859629e-11
11693 9.858137e-11
11694 9.856646e-11
11695 9.855155e-11
11696 9.853665e-11
11697 9.852174e-11
11698 9.850685e-11
11699 9.849195e-11
11700 9.847706e-11
11701 9.846217e-11
11702 9.844729e-11
11703 9.843241e-11
11704 9.841753e-11
11705 9.840266e-11
11706 9.838779e-11
11707 9.837292e-11
11708 9.835806e-11
11709 9.834320e-11
11710 9.832834e-11
11711 9.831349e-11
11712 9.829864e-11
11713 9.828380e-11
11714 9.826896e-11
11715 9.825412e-11
11716 9.823928e-11
11717 9.822445e-11
11718 9.820962e-11
11719 9.819480e-11
11720 9.817998e-11
11721 9.816516e-11
11722 9.815035e-11
11723 9.813554e-11
11724 9.812073e-11
11725 9.810593e-11
11726 9.809113e-11
11727 9.807633e-11
11728 9.806154e-11
11729 9.804675e-11
11730 9.803197e-11
11731 9.801718e-11
11732 9.800240e-11
11733 9.798763e-11
11734 9.797286e-11
11735 9.795809e-11
11736 9.794332e-11
11737 9.792856e-11
11738 9.791381e-11
11739 9.789905e-11
11740 9.788430e-11
11741 9.786955e-11
11742 9.785481e-11
11743 9.784007e-11
11744 9.782533e-11
11745 9.781060e-11
11746 9.779587e-11
11747 9.778114e-11
11748 9.776642e-11
11749 9.775170e-11
11750 9.773698e-11
11751 9.772227e-11
11752 9.770756e-11
11753 9.769286e-11
11754 9.767815e-11
11755 9.766345e-11
11756 9.764876e-11
11757 9.763407e-11
11758 9.761938e-11
11759 9.760469e-11
11760 9.759001e-11
11761 9.757533e-11
11762 9.756066e-11
11763 9.754599e-11
11764 9.753132e-11
11765 9.751666e-11
11766 9.750200e-11
11767 9.748734e-11
11768 9.747268e-11
11769 9.745803e-11
11770 9.744339e-11
11771 9.742874e-11
11772 9.741410e-11
11773 9.739947e-11
11774 9.738483e-11
11775 9.737020e-11
11776 9.735558e-11
11777 9.734095e-11
11778 9.732634e-11
11779 9.731172e-11
11780 9.729711e-11
11781 9.728250e-11
11782 9.726789e-11
11783 9.725329e-11
11784 9.723869e-11
11785 9.722410e-11
11786 9.720950e-11
11787 9.719491e-11
11788 9.718033e-11
11789 9.716575e-11
11790 9.715117e-11
11791 9.713659e-11
11792 9.712202e-11
11793 9.710746e-11
11794 9.709289e-11
11795 9.707833e-11
11796 9.706377e-11
11797 9.704922e-11
11798 9.703467e-11
11799 9.702012e-11
11800 9.700557e-11
11801 9.699103e-11
11802 9.697650e-11
11803 9.696196e-11
11804 9.694743e-11
11805 9.693291e-11
11806 9.691838e-11
11807 9.690386e-11
11808 9.688934e-11
11809 9.687483e-11
11810 9.686032e-11
11811 9.684581e-11
11812 9.683131e-11
11813 9.681681e-11
11814 9.680232e-11
11815 9.678782e-11
11816 9.677333e-11
11817 9.675885e-11
11818 9.674436e-11
11819 9.672988e-11
11820 9.671541e-11
11821 9.670094e-11
11822 9.668647e-11
11823 9.667200e-11
11824 9.665754e-11
11825 9.664308e-11
11826 9.662862e-11
11827 9.661417e-11
11828 9.659972e-11
11829 9.658528e-11
11830 9.657083e-11
11831 9.655639e-11
11832 9.654196e-11
11833 9.652753e-11
11834 9.651310e-11
11835 9.649867e-11
11836 9.648425e-11
11837 9.646983e-11
11838 9.645542e-11
11839 9.644101e-11
11840 9.642660e-11
11841 9.641219e-11
11842 9.639779e-11
11843 9.638339e-11
11844 9.636900e-11
11845 9.635461e-11
11846 9.634022e-11
11847 9.632583e-11
11848 9.631145e-11
11849 9.629707e-11
11850 9.628270e-11
11851 9.626833e-11
11852 9.625396e-11
11853 9.623959e-11
11854 9.622523e-11
11855 9.621087e-11
11856 9.619652e-11
11857 9.618217e-11
11858 9.616782e-11
11859 9.615348e-11
11860 9.613913e-11
11861 9.612480e-11
11862 9.611046e-11
11863 9.609613e-11
11864 9.608180e-11
11865 9.606748e-11
11866 9.605316e-11
11867 9.603884e-11
11868 9.602453e-11
11869 9.601021e-11
11870 9.599591e-11
11871 9.598160e-11
11872 9.596730e-11
11873 9.595300e-11
11874 9.593871e-11
11875 9.592442e-11
11876 9.591013e-11
11877 9.589584e-11
11878 9.588156e-11
11879 9.586729e-11
11880 9.585301e-11
11881 9.583874e-11
11882 9.582447e-11
11883 9.581021e-11
11884 9.579595e-11
11885 9.578169e-11
11886 9.576743e-11
11887 9.575318e-11
11888 9.573893e-11
11889 9.572469e-11
11890 9.571045e-11
11891 9.569621e-11
11892 9.568198e-11
11893 9.566774e-11
11894 9.565352e-11
11895 9.563929e-11
11896 9.562507e-11
11897 9.561085e-11
11898 9.559664e-11
11899 9.558243e-11
11900 9.556822e-11
11901 9.555401e-11
11902 9.553981e-11
11903 9.552561e-11
11904 9.551142e-11
11905 9.549723e-11
11906 9.548304e-11
11907 9.546885e-11
11908 9.545467e-11
11909 9.544049e-11
11910 9.542632e-11
11911 9.541215e-11
11912 9.539798e-11
11913 9.538381e-11
11914 9.536965e-11
11915 9.535549e-11
11916 9.534134e-11
11917 9.532718e-11
11918 9.531304e-11
11919 9.529889e-11
11920 9.528475e-11
11921 9.527061e-11
11922 9.525647e-11
11923 9.524234e-11
11924 9.522821e-11
11925 9.521409e-11
11926 9.519996e-11
11927 9.518584e-11
11928 9.517173e-11
11929 9.515761e-11
11930 9.514351e-11
11931 9.512940e-11
11932 9.511530e-11
11933 9.510120e-11
11934 9.508710e-11
11935 9.507301e-11
11936 9.505892e-11
11937 9.504483e-11
11938 9.503075e-11
11939 9.501667e-11
11940 9.500259e-11
11941 9.498852e-11
11942 9.497445e-11
11943 9.496038e-11
11944 9.494632e-11
11945 9.493226e-11
11946 9.491820e-11
11947 9.490414e-11
11948 9.489009e-11
11949 9.487605e-11
11950 9.486200e-11
11951 9.484796e-11
11952 9.483392e-11
11953 9.481989e-11
11954 9.480586e-11
11955 9.479183e-11
11956 9.477781e-11
11957 9.476378e-11
11958 9.474977e-11
11959 9.473575e-11
11960 9.472174e-11
11961 9.470773e-11
11962 9.469373e-11
11963 9.467972e-11
11964 9.466573e-11
11965 9.465173e-11
11966 9.463774e-11
11967 9.462375e-11
11968 9.460976e-11
11969 9.459578e-11
11970 9.458180e-11
11971 9.456783e-11
11972 9.455385e-11
11973 9.453988e-11
11974 9.452592e-11
11975 9.451195e-11
11976 9.449799e-11
11977 9.448404e-11
11978 9.447008e-11
11979 9.445613e-11
11980 9.444219e-11
11981 9.442824e-11
11982 9.441430e-11
11983 9.440036e-11
11984 9.438643e-11
11985 9.437250e-11
11986 9.435857e-11
11987 9.434465e-11
11988 9.433073e-11
11989 9.431681e-11
11990 9.430289e-11
11991 9.428898e-11
11992 9.427507e-11
11993 9.426117e-11
11994 9.424727e-11
11995 9.423337e-11
11996 9.421947e-11
11997 9.420558e-11
11998 9.419169e-11
11999 9.417780e-11
12000 9.416392e-11
12001 9.415004e-11
12002 9.413617e-11
12003 9.412229e-11
12004 9.410842e-11
12005 9.409456e-11
12006 9.408069e-11
12007 9.406683e-11
12008 9.405298e-11
12009 9.403912e-11
12010 9.402527e-11
12011 9.401142e-11
12012 9.399758e-11
12013 9.398374e-11
12014 9.396990e-11
12015 9.395606e-11
12016 9.394223e-11
12017 9.392840e-11
12018 9.391458e-11
12019 9.390076e-11
12020 9.388694e-11
12021 9.387312e-11
12022 9.385931e-11
12023 9.384550e-11
12024 9.383169e-11
12025 9.381789e-11
12026 9.380409e-11
12027 9.379030e-11
12028 9.377650e-11
12029 9.376271e-11
12030 9.374892e-11
12031 9.373514e-11
12032 9.372136e-11
12033 9.370758e-11
12034 9.369381e-11
12035 9.368004e-11
12036 9.366627e-11
12037 9.365250e-11
12038 9.363874e-11
12039 9.362498e-11
12040 9.361123e-11
12041 9.359748e-11
12042 9.358373e-11
12043 9.356998e-11
12044 9.355624e-11
12045 9.354250e-11
12046 9.352876e-11
12047 9.351503e-11
12048 9.350130e-11
12049 9.348757e-11
12050 9.347385e-11
12051 9.346013e-11
12052 9.344641e-11
12053 9.343270e-11
12054 9.341898e-11
12055 9.340528e-11
12056 9.339157e-11
12057 9.337787e-11
12058 9.336417e-11
12059 9.335048e-11
12060 9.333678e-11
12061 9.332309e-11
12062 9.330941e-11
12063 9.329573e-11
12064 9.328205e-11
12065 9.326837e-11
12066 9.325470e-11
12067 9.324103e-11
12068 9.322736e-11
12069 9.321369e-11
12070 9.320003e-11
12071 9.318638e-11
12072 9.317272e-11
12073 9.315907e-11
12074 9.314542e-11
12075 9.313178e-11
12076 9.311813e-11
12077 9.310449e-11
12078 9.309086e-11
12079 9.307723e-11
12080 9.306360e-11
12081 9.304997e-11
12082 9.303635e-11
12083 9.302273e-11
12084 9.300911e-11
12085 9.299550e-11
12086 9.298188e-11
12087 9.296828e-11
12088 9.295467e-11
12089 9.294107e-11
12090 9.292747e-11
12091 9.291388e-11
12092 9.290028e-11
12093 9.288670e-11
12094 9.287311e-11
12095 9.285953e-11
12096 9.284595e-11
12097 9.283237e-11
12098 9.281880e-11
12099 9.280523e-11
12100 9.279166e-11
12101 9.277809e-11
12102 9.276453e-11
12103 9.275098e-11
12104 9.273742e-11
12105 9.272387e-11
12106 9.271032e-11
12107 9.269677e-11
12108 9.268323e-11
12109 9.266969e-11
12110 9.265616e-11
12111 9.264262e-11
12112 9.262909e-11
12113 9.261557e-11
12114 9.260204e-11
12115 9.258852e-11
12116 9.257500e-11
12117 9.256149e-11
12118 9.254798e-11
12119 9.253447e-11
12120 9.252096e-11
12121 9.250746e-11
12122 9.249396e-11
12123 9.248047e-11
12124 9.246697e-11
12125 9.245348e-11
12126 9.244000e-11
12127 9.242651e-11
12128 9.241303e-11
12129 9.239955e-11
12130 9.238608e-11
12131 9.237261e-11
12132 9.235914e-11
12133 9.234567e-11
12134 9.233221e-11
12135 9.231875e-11
12136 9.230529e-11
12137 9.229184e-11
12138 9.227839e-11
12139 9.226494e-11
12140 9.225150e-11
12141 9.223806e-11
12142 9.222462e-11
12143 9.221119e-11
12144 9.219776e-11
12145 9.218433e-11
12146 9.217090e-11
12147 9.215748e-11
12148 9.214406e-11
12149 9.213064e-11
12150 9.211723e-11
12151 9.210382e-11
12152 9.209041e-11
12153 9.207701e-11
12154 9.206361e-11
12155 9.205021e-11
12156 9.203681e-11
12157 9.202342e-11
12158 9.201003e-11
12159 9.199665e-11
12160 9.198327e-11
12161 9.196989e-11
12162 9.195651e-11
12163 9.194314e-11
12164 9.192976e-11
12165 9.191640e-11
12166 9.190303e-11
12167 9.188967e-11
12168 9.187631e-11
12169 9.186296e-11
12170 9.184961e-11
12171 9.183626e-11
12172 9.182291e-11
12173 9.180957e-11
12174 9.179623e-11
12175 9.178289e-11
12176 9.176955e-11
12177 9.175622e-11
12178 9.174290e-11
12179 9.172957e-11
12180 9.171625e-11
12181 9.170293e-11
12182 9.168961e-11
12183 9.167630e-11
12184 9.166299e-11
12185 9.164968e-11
12186 9.163638e-11
12187 9.162308e-11
12188 9.160978e-11
12189 9.159649e-11
12190 9.158320e-11
12191 9.156991e-11
12192 9.155662e-11
12193 9.154334e-11
12194 9.153006e-11
12195 9.151678e-11
12196 9.150351e-11
12197 9.149024e-11
12198 9.147697e-11
12199 9.146370e-11
12200 9.145044e-11
12201 9.143718e-11
12202 9.142393e-11
12203 9.141068e-11
12204 9.139743e-11
12205 9.138418e-11
12206 9.137094e-11
12207 9.135770e-11
12208 9.134446e-11
12209 9.133122e-11
12210 9.131799e-11
12211 9.130476e-11
12212 9.129154e-11
12213 9.127832e-11
12214 9.126510e-11
12215 9.125188e-11
12216 9.123867e-11
12217 9.122546e-11
12218 9.121225e-11
12219 9.119904e-11
12220 9.118584e-11
12221 9.117264e-11
12222 9.115945e-11
12223 9.114625e-11
12224 9.113307e-11
12225 9.111988e-11
12226 9.110669e-11
12227 9.109351e-11
12228 9.108034e-11
12229 9.106716e-11
12230 9.105399e-11
12231 9.104082e-11
12232 9.102766e-11
12233 9.101449e-11
12234 9.100133e-11
12235 9.098818e-11
12236 9.097502e-11
12237 9.096187e-11
12238 9.094872e-11
12239 9.093558e-11
12240 9.092244e-11
12241 9.090930e-11
12242 9.089616e-11
12243 9.088303e-11
12244 9.086990e-11
12245 9.085677e-11
12246 9.084365e-11
12247 9.083053e-11
12248 9.081741e-11
12249 9.080429e-11
12250 9.079118e-11
12251 9.077807e-11
12252 9.076496e-11
12253 9.075186e-11
12254 9.073876e-11
12255 9.072566e-11
12256 9.071257e-11
12257 9.069948e-11
12258 9.068639e-11
12259 9.067330e-11
12260 9.066022e-11
12261 9.064714e-11
12262 9.063406e-11
12263 9.062099e-11
12264 9.060792e-11
12265 9.059485e-11
12266 9.058179e-11
12267 9.056872e-11
12268 9.055567e-11
12269 9.054261e-11
12270 9.052956e-11
12271 9.051651e-11
12272 9.050346e-11
12273 9.049041e-11
12274 9.047737e-11
12275 9.046433e-11
12276 9.045130e-11
12277 9.043827e-11
12278 9.042524e-11
12279 9.041221e-11
12280 9.039919e-11
12281 9.038617e-11
12282 9.037315e-11
12283 9.036013e-11
12284 9.034712e-11
12285 9.033411e-11
12286 9.032111e-11
12287 9.030810e-11
12288 9.029510e-11
12289 9.028210e-11
12290 9.026911e-11
12291 9.025612e-11
12292 9.024313e-11
12293 9.023014e-11
12294 9.021716e-11
12295 9.020418e-11
12296 9.019120e-11
12297 9.017823e-11
12298 9.016526e-11
12299 9.015229e-11
12300 9.013933e-11
12301 9.012636e-11
12302 9.011340e-11
12303 9.010045e-11
12304 9.008749e-11
12305 9.007454e-11
12306 9.006160e-11
12307 9.004865e-11
12308 9.003571e-11
12309 9.002277e-11
12310 9.000983e-11
12311 8.999690e-11
12312 8.998397e-11
12313 8.997104e-11
12314 8.995812e-11
12315 8.994520e-11
12316 8.993228e-11
12317 8.991936e-11
12318 8.990645e-11
12319 8.989354e-11
12320 8.988063e-11
12321 8.986773e-11
12322 8.985483e-11
12323 8.984193e-11
12324 8.982904e-11
12325 8.981614e-11
12326 8.980325e-11
12327 8.979037e-11
12328 8.977748e-11
12329 8.976460e-11
12330 8.975172e-11
12331 8.973885e-11
12332 8.972598e-11
12333 8.971311e-11
12334 8.970024e-11
12335 8.968738e-11
12336 8.967452e-11
12337 8.966166e-11
12338 8.964880e-11
12339 8.963595e-11
12340 8.962310e-11
12341 8.961026e-11
12342 8.959741e-11
12343 8.958457e-11
12344 8.957173e-11
12345 8.955890e-11
12346 8.954607e-11
12347 8.953324e-11
12348 8.952041e-11
12349 8.950759e-11
12350 8.949477e-11
12351 8.948195e-11
12352 8.946914e-11
12353 8.945632e-11
12354 8.944352e-11
12355 8.943071e-11
12356 8.941791e-11
12357 8.940511e-11
12358 8.939231e-11
12359 8.937951e-11
12360 8.936672e-11
12361 8.935393e-11
12362 8.934115e-11
12363 8.932837e-11
12364 8.931559e-11
12365 8.930281e-11
12366 8.929003e-11
12367 8.927726e-11
12368 8.926449e-11
12369 8.925173e-11
12370 8.923896e-11
12371 8.922620e-11
12372 8.921345e-11
12373 8.920069e-11
12374 8.918794e-11
12375 8.917519e-11
12376 8.916245e-11
12377 8.914970e-11
12378 8.913696e-11
12379 8.912422e-11
12380 8.911149e-11
12381 8.909876e-11
12382 8.908603e-11
12383 8.907330e-11
12384 8.906058e-11
12385 8.904786e-11
12386 8.903514e-11
12387 8.902243e-11
12388 8.900972e-11
12389 8.899701e-11
12390 8.898430e-11
12391 8.897160e-11
12392 8.895890e-11
12393 8.894620e-11
12394 8.893351e-11
12395 8.892081e-11
12396 8.890812e-11
12397 8.889544e-11
12398 8.888275e-11
12399 8.887007e-11
12400 8.885740e-11
12401 8.884472e-11
12402 8.883205e-11
12403 8.881938e-11
12404 8.880671e-11
12405 8.879405e-11
12406 8.878139e-11
12407 8.876873e-11
12408 8.875608e-11
12409 8.874342e-11
12410 8.873077e-11
12411 8.871813e-11
12412 8.870548e-11
12413 8.869284e-11
12414 8.868021e-11
12415 8.866757e-11
12416 8.865494e-11
12417 8.864231e-11
12418 8.862968e-11
12419 8.861706e-11
12420 8.860444e-11
12421 8.859182e-11
12422 8.857920e-11
12423 8.856659e-11
12424 8.855398e-11
12425 8.854137e-11
12426 8.852877e-11
12427 8.851617e-11
12428 8.850357e-11
12429 8.849097e-11
12430 8.847838e-11
12431 8.846579e-11
12432 8.845320e-11
12433 8.844061e-11
12434 8.842803e-11
12435 8.841545e-11
12436 8.840288e-11
12437 8.839030e-11
12438 8.837773e-11
12439 8.836516e-11
12440 8.835260e-11
12441 8.834004e-11
12442 8.832748e-11
12443 8.831492e-11
12444 8.830237e-11
12445 8.828982e-11
12446 8.827727e-11
12447 8.826472e-11
12448 8.825218e-11
12449 8.823964e-11
12450 8.822710e-11
12451 8.821457e-11
12452 8.820204e-11
12453 8.818951e-11
12454 8.817698e-11
12455 8.816446e-11
12456 8.815194e-11
12457 8.813942e-11
12458 8.812690e-11
12459 8.811435e-11
12460 8.810159e-11
12461 8.808884e-11
12462 8.807609e-11
12463 8.806334e-11
12464 8.805060e-11
12465 8.803786e-11
12466 8.802512e-11
12467 8.801239e-11
12468 8.799965e-11
12469 8.798692e-11
12470 8.797420e-11
12471 8.796147e-11
12472 8.794875e-11
12473 8.793603e-11
12474 8.792332e-11
12475 8.791060e-11
12476 8.789789e-11
12477 8.788519e-11
12478 8.787248e-11
12479 8.785978e-11
12480 8.784708e-11
12481 8.783439e-11
12482 8.782169e-11
12483 8.780900e-11
12484 8.779632e-11
12485 8.778363e-11
12486 8.777095e-11
12487 8.775827e-11
12488 8.774560e-11
12489 8.773293e-11
12490 8.772026e-11
12491 8.770759e-11
12492 8.769492e-11
12493 8.768226e-11
12494 8.766960e-11
12495 8.765695e-11
12496 8.764430e-11
12497 8.763165e-11
12498 8.761900e-11
12499 8.760635e-11
12500 8.759371e-11
12501 8.758107e-11
12502 8.756844e-11
12503 8.755580e-11
12504 8.754317e-11
12505 8.753055e-11
12506 8.751792e-11
12507 8.750530e-11
12508 8.749268e-11
12509 8.748007e-11
12510 8.746745e-11
12511 8.745484e-11
12512 8.744223e-11
12513 8.742963e-11
12514 8.741703e-11
12515 8.740443e-11
12516 8.739183e-11
12517 8.737924e-11
12518 8.736665e-11
12519 8.735406e-11
12520 8.734148e-11
12521 8.732889e-11
12522 8.731631e-11
12523 8.730374e-11
12524 8.729116e-11
12525 8.727859e-11
12526 8.726602e-11
12527 8.725346e-11
12528 8.724090e-11
12529 8.722834e-11
12530 8.721578e-11
12531 8.720323e-11
12532 8.719067e-11
12533 8.717813e-11
12534 8.716558e-11
12535 8.715304e-11
12536 8.714050e-11
12537 8.712796e-11
12538 8.711543e-11
12539 8.710289e-11
12540 8.709037e-11
12541 8.707784e-11
12542 8.706532e-11
12543 8.705280e-11
12544 8.704028e-11
12545 8.702776e-11
12546 8.701525e-11
12547 8.700274e-11
12548 8.699024e-11
12549 8.697773e-11
12550 8.696523e-11
12551 8.695273e-11
12552 8.694024e-11
12553 8.692775e-11
12554 8.691526e-11
12555 8.690277e-11
12556 8.689028e-11
12557 8.687780e-11
12558 8.686532e-11
12559 8.685285e-11
12560 8.684038e-11
12561 8.682791e-11
12562 8.681544e-11
12563 8.680297e-11
12564 8.679051e-11
12565 8.677805e-11
12566 8.676560e-11
12567 8.675314e-11
12568 8.674069e-11
12569 8.672824e-11
12570 8.671580e-11
12571 8.670336e-11
12572 8.669092e-11
12573 8.667848e-11
12574 8.666605e-11
12575 8.665362e-11
12576 8.664119e-11
12577 8.662876e-11
12578 8.661634e-11
12579 8.660392e-11
12580 8.659150e-11
12581 8.657909e-11
12582 8.656667e-11
12583 8.655426e-11
12584 8.654186e-11
12585 8.652945e-11
12586 8.651705e-11
12587 8.650466e-11
12588 8.649226e-11
12589 8.647987e-11
12590 8.646748e-11
12591 8.645509e-11
12592 8.644271e-11
12593 8.643033e-11
12594 8.641795e-11
12595 8.640557e-11
12596 8.639320e-11
12597 8.638083e-11
12598 8.636846e-11
12599 8.635609e-11
12600 8.634373e-11
12601 8.633137e-11
12602 8.631902e-11
12603 8.630666e-11
12604 8.629431e-11
12605 8.628196e-11
12606 8.626962e-11
12607 8.625727e-11
12608 8.624493e-11
12609 8.623260e-11
12610 8.622026e-11
12611 8.620793e-11
12612 8.619560e-11
12613 8.618327e-11
12614 8.617095e-11
12615 8.615863e-11
12616 8.614631e-11
12617 8.613399e-11
12618 8.612168e-11
12619 8.610937e-11
12620 8.609706e-11
12621 8.608476e-11
12622 8.607246e-11
12623 8.606016e-11
12624 8.604786e-11
12625 8.603557e-11
12626 8.602328e-11
12627 8.601099e-11
12628 8.599870e-11
12629 8.598642e-11
12630 8.597414e-11
12631 8.596186e-11
12632 8.594959e-11
12633 8.593732e-11
12634 8.592505e-11
12635 8.591278e-11
12636 8.590052e-11
12637 8.588826e-11
12638 8.587600e-11
12639 8.586374e-11
12640 8.585149e-11
12641 8.583924e-11
12642 8.582699e-11
12643 8.581475e-11
12644 8.580250e-11
12645 8.579027e-11
12646 8.577803e-11
12647 8.576579e-11
12648 8.575356e-11
12649 8.574133e-11
12650 8.572911e-11
12651 8.571689e-11
12652 8.570467e-11
12653 8.569245e-11
12654 8.568023e-11
12655 8.566802e-11
12656 8.565581e-11
12657 8.564360e-11
12658 8.563140e-11
12659 8.561920e-11
12660 8.560700e-11
12661 8.559480e-11
12662 8.558261e-11
12663 8.557042e-11
12664 8.555823e-11
12665 8.554605e-11
12666 8.553387e-11
12667 8.552169e-11
12668 8.550951e-11
12669 8.549733e-11
12670 8.548516e-11
12671 8.547299e-11
12672 8.546083e-11
12673 8.544866e-11
12674 8.543650e-11
12675 8.542434e-11
12676 8.541219e-11
12677 8.540004e-11
12678 8.538789e-11
12679 8.537574e-11
12680 8.536359e-11
12681 8.535145e-11
12682 8.533931e-11
12683 8.532718e-11
12684 8.531504e-11
12685 8.530291e-11
12686 8.529078e-11
12687 8.527866e-11
12688 8.526653e-11
12689 8.525441e-11
12690 8.524229e-11
12691 8.523018e-11
12692 8.521807e-11
12693 8.520596e-11
12694 8.519385e-11
12695 8.518174e-11
12696 8.516964e-11
12697 8.515754e-11
12698 8.514545e-11
12699 8.513335e-11
12700 8.512126e-11
12701 8.510917e-11
12702 8.509709e-11
12703 8.508500e-11
12704 8.507292e-11
12705 8.506084e-11
12706 8.504877e-11
12707 8.503670e-11
12708 8.502463e-11
12709 8.501256e-11
12710 8.500049e-11
12711 8.498843e-11
12712 8.497637e-11
12713 8.496432e-11
12714 8.495226e-11
12715 8.494021e-11
12716 8.492816e-11
12717 8.491612e-11
12718 8.490407e-11
12719 8.489203e-11
12720 8.487999e-11
12721 8.486796e-11
12722 8.485593e-11
12723 8.484390e-11
12724 8.483187e-11
12725 8.481984e-11
12726 8.480782e-11
12727 8.479580e-11
12728 8.478379e-11
12729 8.477177e-11
12730 8.475976e-11
12731 8.474775e-11
12732 8.473575e-11
12733 8.472374e-11
12734 8.471174e-11
12735 8.469974e-11
12736 8.468775e-11
12737 8.467575e-11
12738 8.466376e-11
12739 8.465178e-11
12740 8.463979e-11
12741 8.462781e-11
12742 8.461583e-11
12743 8.460385e-11
12744 8.459188e-11
12745 8.457990e-11
12746 8.456794e-11
12747 8.455597e-11
12748 8.454400e-11
12749 8.453204e-11
12750 8.452008e-11
12751 8.450813e-11
12752 8.449617e-11
12753 8.448422e-11
12754 8.447228e-11
12755 8.446033e-11
12756 8.444839e-11
12757 8.443645e-11
12758 8.442451e-11
12759 8.441257e-11
12760 8.440064e-11
12761 8.438871e-11
12762 8.437678e-11
12763 8.436486e-11
12764 8.435294e-11
12765 8.434102e-11
12766 8.432910e-11
12767 8.431719e-11
12768 8.430528e-11
12769 8.429337e-11
12770 8.428146e-11
12771 8.426956e-11
12772 8.425766e-11
12773 8.424576e-11
12774 8.423386e-11
12775 8.422197e-11
12776 8.421008e-11
12777 8.419819e-11
12778 8.418630e-11
12779 8.417442e-11
12780 8.416254e-11
12781 8.415066e-11
12782 8.413879e-11
12783 8.412692e-11
12784 8.411505e-11
12785 8.410318e-11
12786 8.409131e-11
12787 8.407945e-11
12788 8.406759e-11
12789 8.405574e-11
12790 8.404388e-11
12791 8.403203e-11
12792 8.402018e-11
12793 8.400833e-11
12794 8.399649e-11
12795 8.398465e-11
12796 8.397281e-11
12797 8.396098e-11
12798 8.394914e-11
12799 8.393731e-11
12800 8.392548e-11
12801 8.391366e-11
12802 8.390183e-11
12803 8.389001e-11
12804 8.387820e-11
12805 8.386638e-11
12806 8.385457e-11
12807 8.384276e-11
12808 8.383095e-11
12809 8.381914e-11
12810 8.380734e-11
12811 8.379554e-11
12812 8.378375e-11
12813 8.377195e-11
12814 8.376016e-11
12815 8.374837e-11
12816 8.373658e-11
12817 8.372480e-11
12818 8.371302e-11
12819 8.370124e-11
12820 8.368946e-11
12821 8.367769e-11
12822 8.366592e-11
12823 8.365415e-11
12824 8.364238e-11
12825 8.363062e-11
12826 8.361886e-11
12827 8.360710e-11
12828 8.359534e-11
12829 8.358359e-11
12830 8.357184e-11
12831 8.356009e-11
12832 8.354834e-11
12833 8.353660e-11
12834 8.352486e-11
12835 8.351312e-11
12836 8.350139e-11
12837 8.348965e-11
12838 8.347792e-11
12839 8.346619e-11
12840 8.345447e-11
12841 8.344275e-11
12842 8.343103e-11
12843 8.341931e-11
12844 8.340759e-11
12845 8.339588e-11
12846 8.338417e-11
12847 8.337246e-11
12848 8.336076e-11
12849 8.334906e-11
12850 8.333736e-11
12851 8.332566e-11
12852 8.331397e-11
12853 8.330227e-11
12854 8.329058e-11
12855 8.327890e-11
12856 8.326721e-11
12857 8.325553e-11
12858 8.324385e-11
12859 8.323218e-11
12860 8.322050e-11
12861 8.320883e-11
12862 8.319716e-11
12863 8.318549e-11
12864 8.317383e-11
12865 8.316217e-11
12866 8.315051e-11
12867 8.313885e-11
12868 8.312720e-11
12869 8.311555e-11
12870 8.310390e-11
12871 8.309225e-11
12872 8.308061e-11
12873 8.306897e-11
12874 8.305733e-11
12875 8.304569e-11
12876 8.303406e-11
12877 8.302243e-11
12878 8.301080e-11
12879 8.299917e-11
12880 8.298755e-11
12881 8.297593e-11
12882 8.296431e-11
12883 8.295270e-11
12884 8.294108e-11
12885 8.292947e-11
12886 8.291786e-11
12887 8.290626e-11
12888 8.289466e-11
12889 8.288305e-11
12890 8.287146e-11
12891 8.285986e-11
12892 8.284827e-11
12893 8.283668e-11
12894 8.282509e-11
12895 8.281350e-11
12896 8.280192e-11
12897 8.279034e-11
12898 8.277876e-11
12899 8.276719e-11
12900 8.275561e-11
12901 8.274404e-11
12902 8.273248e-11
12903 8.272091e-11
12904 8.270935e-11
12905 8.269779e-11
12906 8.268623e-11
12907 8.267467e-11
12908 8.266312e-11
12909 8.265157e-11
12910 8.264002e-11
12911 8.262848e-11
12912 8.261693e-11
12913 8.260539e-11
12914 8.259386e-11
12915 8.258232e-11
12916 8.257079e-11
12917 8.255926e-11
12918 8.254773e-11
12919 8.253620e-11
12920 8.252468e-11
12921 8.251316e-11
12922 8.250164e-11
12923 8.249013e-11
12924 8.247862e-11
12925 8.246711e-11
12926 8.245560e-11
12927 8.244409e-11
12928 8.243259e-11
12929 8.242109e-11
12930 8.240959e-11
12931 8.239810e-11
12932 8.238660e-11
12933 8.237511e-11
12934 8.236363e-11
12935 8.235214e-11
12936 8.234066e-11
12937 8.232918e-11
12938 8.231770e-11
12939 8.230622e-11
12940 8.229475e-11
12941 8.228328e-11
12942 8.227181e-11
12943 8.226035e-11
12944 8.224888e-11
12945 8.223742e-11
12946 8.222597e-11
12947 8.221451e-11
12948 8.220306e-11
12949 8.219161e-11
12950 8.218016e-11
12951 8.216871e-11
12952 8.215727e-11
12953 8.214583e-11
12954 8.213439e-11
12955 8.212295e-11
12956 8.211152e-11
12957 8.210009e-11
12958 8.208866e-11
12959 8.207724e-11
12960 8.206581e-11
12961 8.205439e-11
12962 8.204297e-11
12963 8.203156e-11
12964 8.202014e-11
12965 8.200873e-11
12966 8.199733e-11
12967 8.198592e-11
12968 8.197452e-11
12969 8.196311e-11
12970 8.195172e-11
12971 8.194032e-11
12972 8.192893e-11
12973 8.191753e-11
12974 8.190615e-11
12975 8.189476e-11
12976 8.188338e-11
12977 8.187199e-11
12978 8.186062e-11
12979 8.184924e-11
12980 8.183786e-11
12981 8.182649e-11
12982 8.181512e-11
12983 8.180376e-11
12984 8.179239e-11
12985 8.178103e-11
12986 8.176967e-11
12987 8.175831e-11
12988 8.174696e-11
12989 8.173561e-11
12990 8.172426e-11
12991 8.171291e-11
12992 8.170157e-11
12993 8.169023e-11
12994 8.167889e-11
12995 8.166755e-11
12996 8.165621e-11
12997 8.164488e-11
12998 8.163355e-11
12999 8.162222e-11
13000 8.161090e-11
13001 8.159958e-11
13002 8.158826e-11
13003 8.157694e-11
13004 8.156562e-11
13005 8.155431e-11
13006 8.154300e-11
13007 8.153169e-11
13008 8.152039e-11
13009 8.150908e-11
13010 8.149778e-11
13011 8.148648e-11
13012 8.147519e-11
13013 8.146389e-11
13014 8.145260e-11
13015 8.144132e-11
13016 8.143003e-11
13017 8.141875e-11
13018 8.140746e-11
13019 8.139619e-11
13020 8.138491e-11
13021 8.137364e-11
13022 8.136236e-11
13023 8.135109e-11
13024 8.133983e-11
13025 8.132856e-11
13026 8.131730e-11
13027 8.130604e-11
13028 8.129479e-11
13029 8.128353e-11
13030 8.127228e-11
13031 8.126103e-11
13032 8.124978e-11
13033 8.123854e-11
13034 8.122729e-11
13035 8.121605e-11
13036 8.120482e-11
13037 8.119358e-11
13038 8.118235e-11
13039 8.117112e-11
13040 8.115989e-11
13041 8.114867e-11
13042 8.113744e-11
13043 8.112622e-11
13044 8.111500e-11
13045 8.110379e-11
13046 8.109257e-11
13047 8.108136e-11
13048 8.107015e-11
13049 8.105895e-11
13050 8.104774e-11
13051 8.103654e-11
13052 8.102534e-11
13053 8.101415e-11
13054 8.100295e-11
13055 8.099176e-11
13056 8.098057e-11
13057 8.096939e-11
13058 8.095820e-11
13059 8.094702e-11
13060 8.093584e-11
13061 8.092466e-11
13062 8.091349e-11
13063 8.090231e-11
13064 8.089114e-11
13065 8.087998e-11
13066 8.086881e-11
13067 8.085765e-11
13068 8.084649e-11
13069 8.083533e-11
13070 8.082417e-11
13071 8.081302e-11
13072 8.080187e-11
13073 8.079072e-11
13074 8.077957e-11
13075 8.076843e-11
13076 8.075729e-11
13077 8.074615e-11
13078 8.073501e-11
13079 8.072388e-11
13080 8.071275e-11
13081 8.070162e-11
13082 8.069049e-11
13083 8.067936e-11
13084 8.066824e-11
13085 8.065712e-11
13086 8.064600e-11
13087 8.063489e-11
13088 8.062378e-11
13089 8.061267e-11
13090 8.060156e-11
13091 8.059045e-11
13092 8.057935e-11
13093 8.056825e-11
13094 8.055715e-11
13095 8.054605e-11
13096 8.053496e-11
13097 8.052387e-11
13098 8.051278e-11
13099 8.050169e-11
13100 8.049061e-11
13101 8.047953e-11
13102 8.046845e-11
13103 8.045737e-11
13104 8.044629e-11
13105 8.043522e-11
13106 8.042415e-11
13107 8.041308e-11
13108 8.040202e-11
13109 8.039096e-11
13110 8.037989e-11
13111 8.036884e-11
13112 8.035778e-11
13113 8.034673e-11
13114 8.033568e-11
13115 8.032463e-11
13116 8.031358e-11
13117 8.030254e-11
13118 8.029149e-11
13119 8.028046e-11
13120 8.026942e-11
13121 8.025838e-11
13122 8.024735e-11
13123 8.023632e-11
13124 8.022529e-11
13125 8.021427e-11
13126 8.020325e-11
13127 8.019223e-11
13128 8.018121e-11
13129 8.017019e-11
13130 8.015918e-11
13131 8.014817e-11
13132 8.013716e-11
13133 8.012615e-11
13134 8.011515e-11
13135 8.010415e-11
13136 8.009315e-11
13137 8.008215e-11
13138 8.007115e-11
13139 8.006016e-11
13140 8.004917e-11
13141 8.003819e-11
13142 8.002720e-11
13143 8.001622e-11
13144 8.000524e-11
13145 7.999426e-11
13146 7.998328e-11
13147 7.997231e-11
13148 7.996134e-11
13149 7.995037e-11
13150 7.993940e-11
13151 7.992844e-11
13152 7.991748e-11
13153 7.990652e-11
13154 7.989556e-11
13155 7.988460e-11
13156 7.987365e-11
13157 7.986270e-11
13158 7.985175e-11
13159 7.984081e-11
13160 7.982986e-11
13161 7.981892e-11
13162 7.980799e-11
13163 7.979705e-11
13164 7.978612e-11
13165 7.977518e-11
13166 7.976425e-11
13167 7.975333e-11
13168 7.974240e-11
13169 7.973148e-11
13170 7.972056e-11
13171 7.970964e-11
13172 7.969873e-11
13173 7.968781e-11
13174 7.967690e-11
13175 7.966600e-11
13176 7.965509e-11
13177 7.964419e-11
13178 7.963328e-11
13179 7.962239e-11
13180 7.961149e-11
13181 7.960059e-11
13182 7.958970e-11
13183 7.957881e-11
13184 7.956793e-11
13185 7.955704e-11
13186 7.954616e-11
13187 7.953528e-11
13188 7.952440e-11
13189 7.951352e-11
13190 7.950265e-11
13191 7.949178e-11
13192 7.948091e-11
13193 7.947004e-11
13194 7.945918e-11
13195 7.944832e-11
13196 7.943746e-11
13197 7.942660e-11
13198 7.941574e-11
13199 7.940489e-11
13200 7.939404e-11
13201 7.938319e-11
13202 7.937235e-11
13203 7.936150e-11
13204 7.935066e-11
13205 7.933982e-11
13206 7.932899e-11
13207 7.931815e-11
13208 7.930732e-11
13209 7.929649e-11
13210 7.928566e-11
13211 7.927484e-11
13212 7.926401e-11
13213 7.925319e-11
13214 7.924238e-11
13215 7.923156e-11
13216 7.922075e-11
13217 7.920993e-11
13218 7.919913e-11
13219 7.918832e-11
13220 7.917751e-11
13221 7.916671e-11
13222 7.915591e-11
13223 7.914511e-11
13224 7.913432e-11
13225 7.912353e-11
13226 7.911274e-11
13227 7.910195e-11
13228 7.909116e-11
13229 7.908038e-11
13230 7.906960e-11
13231 7.905882e-11
13232 7.904804e-11
13233 7.903726e-11
13234 7.902649e-11
13235 7.901572e-11
13236 7.900495e-11
13237 7.899419e-11
13238 7.898342e-11
13239 7.897266e-11
13240 7.896190e-11
13241 7.895115e-11
13242 7.894039e-11
13243 7.892964e-11
13244 7.891889e-11
13245 7.890814e-11
13246 7.889740e-11
13247 7.888666e-11
13248 7.887592e-11
13249 7.886518e-11
13250 7.885444e-11
13251 7.884371e-11
13252 7.883298e-11
13253 7.882225e-11
13254 7.881152e-11
13255 7.880079e-11
13256 7.879007e-11
13257 7.877935e-11
13258 7.876863e-11
13259 7.875792e-11
13260 7.874721e-11
13261 7.873649e-11
13262 7.872579e-11
13263 7.871508e-11
13264 7.870437e-11
13265 7.869367e-11
13266 7.868297e-11
13267 7.867228e-11
13268 7.866158e-11
13269 7.865089e-11
13270 7.864020e-11
13271 7.862951e-11
13272 7.861882e-11
13273 7.860814e-11
13274 7.859746e-11
13275 7.858678e-11
13276 7.857610e-11
13277 7.856542e-11
13278 7.855475e-11
13279 7.854408e-11
13280 7.853341e-11
13281 7.852275e-11
13282 7.851208e-11
13283 7.850142e-11
13284 7.849076e-11
13285 7.848011e-11
13286 7.846945e-11
13287 7.845880e-11
13288 7.844815e-11
13289 7.843750e-11
13290 7.842685e-11
13291 7.841621e-11
13292 7.840557e-11
13293 7.839493e-11
13294 7.838429e-11
13295 7.837366e-11
13296 7.836303e-11
13297 7.835240e-11
13298 7.834177e-11
13299 7.833114e-11
13300 7.832052e-11
13301 7.830990e-11
13302 7.829928e-11
13303 7.828866e-11
13304 7.827805e-11
13305 7.826744e-11
13306 7.825683e-11
13307 7.824622e-11
13308 7.823562e-11
13309 7.822501e-11
13310 7.821441e-11
13311 7.820381e-11
13312 7.819322e-11
13313 7.818262e-11
13314 7.817203e-11
13315 7.816144e-11
13316 7.815085e-11
13317 7.814027e-11
13318 7.812968e-11
13319 7.811910e-11
13320 7.810852e-11
13321 7.809795e-11
13322 7.808737e-11
13323 7.807680e-11
13324 7.806623e-11
13325 7.805566e-11
13326 7.804510e-11
13327 7.803454e-11
13328 7.802398e-11
13329 7.801342e-11
13330 7.800286e-11
13331 7.799231e-11
13332 7.798175e-11
13333 7.797121e-11
13334 7.796066e-11
13335 7.795011e-11
13336 7.793957e-11
13337 7.792903e-11
13338 7.791849e-11
13339 7.790795e-11
13340 7.789742e-11
13341 7.788689e-11
13342 7.787636e-11
13343 7.786583e-11
13344 7.785530e-11
13345 7.784478e-11
13346 7.783426e-11
13347 7.782374e-11
13348 7.781323e-11
13349 7.780271e-11
13350 7.779220e-11
13351 7.778169e-11
13352 7.777118e-11
13353 7.776068e-11
13354 7.775017e-11
13355 7.773957e-11
13356 7.772887e-11
13357 7.771818e-11
13358 7.770748e-11
13359 7.769679e-11
13360 7.768609e-11
13361 7.767541e-11
13362 7.766472e-11
13363 7.765403e-11
13364 7.764335e-11
13365 7.763267e-11
13366 7.762199e-11
13367 7.761132e-11
13368 7.760065e-11
13369 7.758997e-11
13370 7.757931e-11
13371 7.756864e-11
13372 7.755798e-11
13373 7.754731e-11
13374 7.753665e-11
13375 7.752600e-11
13376 7.751534e-11
13377 7.750469e-11
13378 7.749404e-11
13379 7.748339e-11
13380 7.747274e-11
13381 7.746210e-11
13382 7.745146e-11
13383 7.744082e-11
13384 7.743018e-11
13385 7.741955e-11
13386 7.740892e-11
13387 7.739829e-11
13388 7.738766e-11
13389 7.737703e-11
13390 7.736641e-11
13391 7.735579e-11
13392 7.734517e-11
13393 7.733455e-11
13394 7.732394e-11
13395 7.731333e-11
13396 7.730272e-11
13397 7.729211e-11
13398 7.728150e-11
13399 7.727090e-11
13400 7.726030e-11
13401 7.724970e-11
13402 7.723910e-11
13403 7.722851e-11
13404 7.721792e-11
13405 7.720733e-11
13406 7.719674e-11
13407 7.718615e-11
13408 7.717557e-11
13409 7.716499e-11
13410 7.715441e-11
13411 7.714384e-11
13412 7.713326e-11
13413 7.712269e-11
13414 7.711212e-11
13415 7.710155e-11
13416 7.709099e-11
13417 7.708042e-11
13418 7.706986e-11
13419 7.705931e-11
13420 7.704875e-11
13421 7.703820e-11
13422 7.702764e-11
13423 7.701709e-11
13424 7.700655e-11
13425 7.699600e-11
13426 7.698546e-11
13427 7.697492e-11
13428 7.696438e-11
13429 7.695384e-11
13430 7.694331e-11
13431 7.693278e-11
13432 7.692225e-11
13433 7.691172e-11
13434 7.690120e-11
13435 7.689067e-11
13436 7.688015e-11
13437 7.686964e-11
13438 7.685912e-11
13439 7.684861e-11
13440 7.683809e-11
13441 7.682758e-11
13442 7.681708e-11
13443 7.680657e-11
13444 7.679607e-11
13445 7.678557e-11
13446 7.677507e-11
13447 7.676457e-11
13448 7.675408e-11
13449 7.674359e-11
13450 7.673310e-11
13451 7.672261e-11
13452 7.671213e-11
13453 7.670164e-11
13454 7.669116e-11
13455 7.668069e-11
13456 7.667021e-11
13457 7.665973e-11
13458 7.664926e-11
13459 7.663879e-11
13460 7.662833e-11
13461 7.661786e-11
13462 7.660740e-11
13463 7.659694e-11
13464 7.658648e-11
13465 7.657602e-11
13466 7.656557e-11
13467 7.655512e-11
13468 7.654467e-11
13469 7.653422e-11
13470 7.652377e-11
13471 7.651333e-11
13472 7.650289e-11
13473 7.649245e-11
13474 7.648201e-11
13475 7.647158e-11
13476 7.646115e-11
13477 7.645072e-11
13478 7.644029e-11
13479 7.642986e-11
13480 7.641944e-11
13481 7.640902e-11
13482 7.639860e-11
13483 7.638818e-11
13484 7.637777e-11
13485 7.636736e-11
13486 7.635695e-11
13487 7.634654e-11
13488 7.633613e-11
13489 7.632573e-11
13490 7.631533e-11
13491 7.630493e-11
13492 7.629453e-11
13493 7.628414e-11
13494 7.627374e-11
13495 7.626335e-11
13496 7.625297e-11
13497 7.624258e-11
13498 7.623220e-11
13499 7.622181e-11
13500 7.621143e-11
13501 7.620106e-11
13502 7.619068e-11
13503 7.618031e-11
13504 7.616994e-11
13505 7.615957e-11
13506 7.614920e-11
13507 7.613884e-11
13508 7.612848e-11
13509 7.611812e-11
13510 7.610776e-11
13511 7.609740e-11
13512 7.608705e-11
13513 7.607670e-11
13514 7.606635e-11
13515 7.605600e-11
13516 7.604566e-11
13517 7.603531e-11
13518 7.602497e-11
13519 7.601464e-11
13520 7.600430e-11
13521 7.599397e-11
13522 7.598363e-11
13523 7.597331e-11
13524 7.596298e-11
13525 7.595265e-11
13526 7.594233e-11
13527 7.593201e-11
13528 7.592169e-11
13529 7.591137e-11
13530 7.590106e-11
13531 7.589075e-11
13532 7.588044e-11
13533 7.587013e-11
13534 7.585982e-11
13535 7.584952e-11
13536 7.583922e-11
13537 7.582892e-11
13538 7.581862e-11
13539 7.580833e-11
13540 7.579803e-11
13541 7.578774e-11
13542 7.577745e-11
13543 7.576717e-11
13544 7.575688e-11
13545 7.574660e-11
13546 7.573632e-11
13547 7.572604e-11
13548 7.571577e-11
13549 7.570550e-11
13550 7.569522e-11
13551 7.568496e-11
13552 7.567469e-11
13553 7.566442e-11
13554 7.565416e-11
13555 7.564390e-11
13556 7.563364e-11
13557 7.562339e-11
13558 7.561313e-11
13559 7.560288e-11
13560 7.559263e-11
13561 7.558238e-11
13562 7.557214e-11
13563 7.556189e-11
13564 7.555165e-11
13565 7.554141e-11
13566 7.553118e-11
13567 7.552094e-11
13568 7.551071e-11
13569 7.550048e-11
13570 7.549025e-11
13571 7.548003e-11
13572 7.546980e-11
13573 7.545958e-11
13574 7.544936e-11
13575 7.543914e-11
13576 7.542893e-11
13577 7.541871e-11
13578 7.540850e-11
13579 7.539829e-11
13580 7.538809e-11
13581 7.537788e-11
13582 7.536768e-11
13583 7.535748e-11
13584 7.534728e-11
13585 7.533708e-11
13586 7.532689e-11
13587 7.531670e-11
13588 7.530651e-11
13589 7.529632e-11
13590 7.528613e-11
13591 7.527595e-11
13592 7.526577e-11
13593 7.525559e-11
13594 7.524541e-11
13595 7.523524e-11
13596 7.522506e-11
13597 7.521489e-11
13598 7.520472e-11
13599 7.519456e-11
13600 7.518439e-11
13601 7.517423e-11
13602 7.516407e-11
13603 7.515391e-11
13604 7.514376e-11
13605 7.513360e-11
13606 7.512345e-11
13607 7.511330e-11
13608 7.510315e-11
13609 7.509301e-11
13610 7.508287e-11
13611 7.507273e-11
13612 7.506259e-11
13613 7.505245e-11
13614 7.504231e-11
13615 7.503218e-11
13616 7.502205e-11
13617 7.501192e-11
13618 7.500180e-11
13619 7.499167e-11
13620 7.498155e-11
13621 7.497143e-11
13622 7.496131e-11
13623 7.495120e-11
13624 7.494108e-11
13625 7.493097e-11
13626 7.492086e-11
13627 7.491075e-11
13628 7.490065e-11
13629 7.489055e-11
13630 7.488045e-11
13631 7.487035e-11
13632 7.486025e-11
13633 7.485016e-11
13634 7.484006e-11
13635 7.482997e-11
13636 7.481988e-11
13637 7.480980e-11
13638 7.479971e-11
13639 7.478963e-11
13640 7.477955e-11
13641 7.476947e-11
13642 7.475940e-11
13643 7.474932e-11
13644 7.473925e-11
13645 7.472918e-11
13646 7.471911e-11
13647 7.470905e-11
13648 7.469899e-11
13649 7.468893e-11
13650 7.467887e-11
13651 7.466881e-11
13652 7.465875e-11
13653 7.464870e-11
13654 7.463865e-11
13655 7.462860e-11
13656 7.461856e-11
13657 7.460851e-11
13658 7.459847e-11
13659 7.458843e-11
13660 7.457839e-11
13661 7.456835e-11
13662 7.455832e-11
13663 7.454829e-11
13664 7.453826e-11
13665 7.452823e-11
13666 7.451820e-11
13667 7.450818e-11
13668 7.449816e-11
13669 7.448814e-11
13670 7.447812e-11
13671 7.446811e-11
13672 7.445809e-11
13673 7.444808e-11
13674 7.443807e-11
13675 7.442807e-11
13676 7.441806e-11
13677 7.440806e-11
13678 7.439806e-11
13679 7.438806e-11
13680 7.437806e-11
13681 7.436807e-11
13682 7.435808e-11
13683 7.434809e-11
13684 7.433810e-11
13685 7.432811e-11
13686 7.431813e-11
13687 7.430815e-11
13688 7.429817e-11
13689 7.428819e-11
13690 7.427821e-11
13691 7.426824e-11
13692 7.425827e-11
13693 7.424830e-11
13694 7.423833e-11
13695 7.422836e-11
13696 7.421840e-11
13697 7.420844e-11
13698 7.419848e-11
13699 7.418852e-11
13700 7.417857e-11
13701 7.416861e-11
13702 7.415866e-11
13703 7.414871e-11
13704 7.413877e-11
13705 7.412882e-11
13706 7.411888e-11
13707 7.410894e-11
13708 7.409900e-11
13709 7.408906e-11
13710 7.407913e-11
13711 7.406920e-11
13712 7.405927e-11
13713 7.404934e-11
13714 7.403941e-11
13715 7.402949e-11
13716 7.401956e-11
13717 7.400964e-11
13718 7.399973e-11
13719 7.398981e-11
13720 7.397990e-11
13721 7.396998e-11
13722 7.396007e-11
13723 7.395017e-11
13724 7.394026e-11
13725 7.393036e-11
13726 7.392045e-11
13727 7.391055e-11
13728 7.390066e-11
13729 7.389076e-11
13730 7.388087e-11
13731 7.387098e-11
13732 7.386109e-11
13733 7.385120e-11
13734 7.384131e-11
13735 7.383143e-11
13736 7.382155e-11
13737 7.381167e-11
13738 7.380179e-11
13739 7.379192e-11
13740 7.378204e-11
13741 7.377217e-11
13742 7.376230e-11
13743 7.375244e-11
13744 7.374257e-11
13745 7.373271e-11
13746 7.372285e-11
13747 7.371299e-11
13748 7.370313e-11
13749 7.369328e-11
13750 7.368342e-11
13751 7.367357e-11
13752 7.366372e-11
13753 7.365388e-11
13754 7.364403e-11
13755 7.363419e-11
13756 7.362435e-11
13757 7.361451e-11
13758 7.360467e-11
13759 7.359484e-11
13760 7.358501e-11
13761 7.357518e-11
13762 7.356535e-11
13763 7.355552e-11
13764 7.354570e-11
13765 7.353588e-11
13766 7.352606e-11
13767 7.351624e-11
13768 7.350642e-11
13769 7.349661e-11
13770 7.348679e-11
13771 7.347698e-11
13772 7.346718e-11
13773 7.345737e-11
13774 7.344757e-11
13775 7.343776e-11
13776 7.342796e-11
13777 7.341817e-11
13778 7.340837e-11
13779 7.339858e-11
13780 7.338878e-11
13781 7.337899e-11
13782 7.336921e-11
13783 7.335942e-11
13784 7.334964e-11
13785 7.333985e-11
13786 7.333007e-11
13787 7.332030e-11
13788 7.331052e-11
13789 7.330075e-11
13790 7.329097e-11
13791 7.328120e-11
13792 7.327144e-11
13793 7.326167e-11
13794 7.325191e-11
13795 7.324214e-11
13796 7.323238e-11
13797 7.322263e-11
13798 7.321287e-11
13799 7.320312e-11
13800 7.319337e-11
13801 7.318362e-11
13802 7.317387e-11
13803 7.316412e-11
13804 7.315438e-11
13805 7.314464e-11
13806 7.313490e-11
13807 7.312516e-11
13808 7.311542e-11
13809 7.310569e-11
13810 7.309596e-11
13811 7.308623e-11
13812 7.307650e-11
13813 7.306677e-11
13814 7.305705e-11
13815 7.304733e-11
13816 7.303761e-11
13817 7.302789e-11
13818 7.301818e-11
13819 7.300846e-11
13820 7.299875e-11
13821 7.298904e-11
13822 7.297933e-11
13823 7.296963e-11
13824 7.295992e-11
13825 7.295022e-11
13826 7.294052e-11
13827 7.293082e-11
13828 7.292113e-11
13829 7.291143e-11
13830 7.290174e-11
13831 7.289205e-11
13832 7.288236e-11
13833 7.287268e-11
13834 7.286299e-11
13835 7.285331e-11
13836 7.284363e-11
13837 7.283395e-11
13838 7.282428e-11
13839 7.281460e-11
13840 7.280493e-11
13841 7.279526e-11
13842 7.278559e-11
13843 7.277593e-11
13844 7.276626e-11
13845 7.275660e-11
13846 7.274694e-11
13847 7.273728e-11
13848 7.272763e-11
13849 7.271797e-11
13850 7.270832e-11
13851 7.269867e-11
13852 7.268902e-11
13853 7.267938e-11
13854 7.266973e-11
13855 7.266009e-11
13856 7.265045e-11
13857 7.264081e-11
13858 7.263117e-11
13859 7.262154e-11
13860 7.261191e-11
13861 7.260228e-11
13862 7.259265e-11
13863 7.258302e-11
13864 7.257340e-11
13865 7.256377e-11
13866 7.255415e-11
13867 7.254454e-11
13868 7.253492e-11
13869 7.252530e-11
13870 7.251569e-11
13871 7.250608e-11
13872 7.249647e-11
13873 7.248686e-11
13874 7.247726e-11
13875 7.246766e-11
13876 7.245806e-11
13877 7.244846e-11
13878 7.243886e-11
13879 7.242926e-11
13880 7.241967e-11
13881 7.241008e-11
13882 7.240049e-11
13883 7.239090e-11
13884 7.238132e-11
13885 7.237174e-11
13886 7.236215e-11
13887 7.235257e-11
13888 7.234300e-11
13889 7.233342e-11
13890 7.232385e-11
13891 7.231428e-11
13892 7.230471e-11
13893 7.229514e-11
13894 7.228557e-11
13895 7.227601e-11
13896 7.226645e-11
13897 7.225689e-11
13898 7.224733e-11
13899 7.223777e-11
13900 7.222822e-11
13901 7.221867e-11
13902 7.220912e-11
13903 7.219957e-11
13904 7.219002e-11
13905 7.218048e-11
13906 7.217094e-11
13907 7.216140e-11
13908 7.215186e-11
13909 7.214232e-11
13910 7.213279e-11
13911 7.212326e-11
13912 7.211373e-11
13913 7.210420e-11
13914 7.209467e-11
13915 7.208515e-11
13916 7.207562e-11
13917 7.206610e-11
13918 7.205658e-11
13919 7.204707e-11
13920 7.203755e-11
13921 7.202804e-11
13922 7.201853e-11
13923 7.200902e-11
13924 7.199951e-11
13925 7.199000e-11
13926 7.198050e-11
13927 7.197100e-11
13928 7.196150e-11
13929 7.195200e-11
13930 7.194251e-11
13931 7.193301e-11
13932 7.192352e-11
13933 7.191403e-11
13934 7.190454e-11
13935 7.189506e-11
13936 7.188557e-11
13937 7.187609e-11
13938 7.186661e-11
13939 7.185713e-11
13940 7.184766e-11
13941 7.183818e-11
13942 7.182871e-11
13943 7.181924e-11
13944 7.180977e-11
13945 7.180030e-11
13946 7.179084e-11
13947 7.178138e-11
13948 7.177191e-11
13949 7.176246e-11
13950 7.175300e-11
13951 7.174354e-11
13952 7.173409e-11
13953 7.172464e-11
13954 7.171519e-11
13955 7.170574e-11
13956 7.169630e-11
13957 7.168685e-11
13958 7.167741e-11
13959 7.166797e-11
13960 7.165853e-11
13961 7.164910e-11
13962 7.163966e-11
13963 7.163023e-11
13964 7.162080e-11
13965 7.161137e-11
13966 7.160195e-11
13967 7.159252e-11
13968 7.158310e-11
13969 7.157368e-11
13970 7.156426e-11
13971 7.155484e-11
13972 7.154543e-11
13973 7.153602e-11
13974 7.152660e-11
13975 7.151719e-11
13976 7.150779e-11
13977 7.149838e-11
13978 7.148898e-11
13979 7.147958e-11
13980 7.147018e-11
13981 7.146078e-11
13982 7.145138e-11
13983 7.144199e-11
13984 7.143260e-11
13985 7.142321e-11
13986 7.141382e-11
13987 7.140443e-11
13988 7.139505e-11
13989 7.138567e-11
13990 7.137629e-11
13991 7.136691e-11
13992 7.135753e-11
13993 7.134816e-11
13994 7.133878e-11
13995 7.132941e-11
13996 7.132004e-11
13997 7.131068e-11
13998 7.130131e-11
13999 7.129195e-11
14000 7.128259e-11
14001 7.127323e-11
14002 7.126387e-11
14003 7.125451e-11
14004 7.124516e-11
14005 7.123581e-11
14006 7.122646e-11
14007 7.121711e-11
14008 7.120776e-11
14009 7.119842e-11
14010 7.118907e-11
14011 7.117973e-11
14012 7.117040e-11
14013 7.116106e-11
14014 7.115172e-11
14015 7.114239e-11
14016 7.113306e-11
14017 7.112373e-11
14018 7.111440e-11
14019 7.110508e-11
14020 7.109575e-11
14021 7.108643e-11
14022 7.107711e-11
14023 7.106779e-11
14024 7.105848e-11
14025 7.104916e-11
14026 7.103985e-11
14027 7.103054e-11
14028 7.102123e-11
14029 7.101192e-11
14030 7.100262e-11
14031 7.099332e-11
14032 7.098402e-11
14033 7.097472e-11
14034 7.096542e-11
14035 7.095612e-11
14036 7.094683e-11
14037 7.093754e-11
14038 7.092825e-11
14039 7.091896e-11
14040 7.090968e-11
14041 7.090039e-11
14042 7.089111e-11
14043 7.088183e-11
14044 7.087255e-11
14045 7.086327e-11
14046 7.085400e-11
14047 7.084473e-11
14048 7.083545e-11
14049 7.082619e-11
14050 7.081692e-11
14051 7.080765e-11
14052 7.079839e-11
14053 7.078913e-11
14054 7.077987e-11
14055 7.077061e-11
14056 7.076135e-11
14057 7.075210e-11
14058 7.074285e-11
14059 7.073360e-11
14060 7.072435e-11
14061 7.071510e-11
14062 7.070586e-11
14063 7.069661e-11
14064 7.068737e-11
14065 7.067813e-11
14066 7.066890e-11
14067 7.065966e-11
14068 7.065043e-11
14069 7.064119e-11
14070 7.063196e-11
14071 7.062274e-11
14072 7.061351e-11
14073 7.060429e-11
14074 7.059506e-11
14075 7.058584e-11
14076 7.057662e-11
14077 7.056741e-11
14078 7.055819e-11
14079 7.054898e-11
14080 7.053977e-11
14081 7.053056e-11
14082 7.052135e-11
14083 7.051214e-11
14084 7.050294e-11
14085 7.049374e-11
14086 7.048454e-11
14087 7.047534e-11
14088 7.046614e-11
14089 7.045695e-11
14090 7.044776e-11
14091 7.043857e-11
14092 7.042938e-11
14093 7.042019e-11
14094 7.041100e-11
14095 7.040182e-11
14096 7.039264e-11
14097 7.038346e-11
14098 7.037428e-11
14099 7.036510e-11
14100 7.035593e-11
14101 7.034676e-11
14102 7.033759e-11
14103 7.032842e-11
14104 7.031925e-11
14105 7.031009e-11
14106 7.030092e-11
14107 7.029176e-11
14108 7.028260e-11
14109 7.027344e-11
14110 7.026429e-11
14111 7.025513e-11
14112 7.024598e-11
14113 7.023683e-11
14114 7.022768e-11
14115 7.021854e-11
14116 7.020939e-11
14117 7.020025e-11
14118 7.019111e-11
14119 7.018197e-11
14120 7.017283e-11
14121 7.016370e-11
14122 7.015456e-11
14123 7.014543e-11
14124 7.013630e-11
14125 7.012717e-11
14126 7.011805e-11
14127 7.010892e-11
14128 7.009980e-11
14129 7.009068e-11
14130 7.008156e-11
14131 7.007244e-11
14132 7.006333e-11
14133 7.005421e-11
14134 7.004510e-11
14135 7.003599e-11
14136 7.002688e-11
14137 7.001778e-11
14138 7.000867e-11
14139 6.999957e-11
14140 6.999047e-11
14141 6.998137e-11
14142 6.997227e-11
14143 6.996318e-11
14144 6.995408e-11
14145 6.994499e-11
14146 6.993590e-11
14147 6.992681e-11
14148 6.991773e-11
14149 6.990864e-11
14150 6.989956e-11
14151 6.989048e-11
14152 6.988140e-11
14153 6.987232e-11
14154 6.986325e-11
14155 6.985417e-11
14156 6.984510e-11
14157 6.983603e-11
14158 6.982696e-11
14159 6.981790e-11
14160 6.980883e-11
14161 6.979977e-11
14162 6.979071e-11
14163 6.978165e-11
14164 6.977259e-11
14165 6.976354e-11
14166 6.975449e-11
14167 6.974543e-11
14168 6.973638e-11
14169 6.972734e-11
14170 6.971829e-11
14171 6.970925e-11
14172 6.970020e-11
14173 6.969116e-11
14174 6.968212e-11
14175 6.967309e-11
14176 6.966405e-11
14177 6.965502e-11
14178 6.964599e-11
14179 6.963696e-11
14180 6.962793e-11
14181 6.961890e-11
14182 6.960988e-11
14183 6.960085e-11
14184 6.959183e-11
14185 6.958281e-11
14186 6.957380e-11
14187 6.956478e-11
14188 6.955577e-11
14189 6.954675e-11
14190 6.953774e-11
14191 6.952874e-11
14192 6.951973e-11
14193 6.951073e-11
14194 6.950172e-11
14195 6.949272e-11
14196 6.948372e-11
14197 6.947472e-11
14198 6.946573e-11
14199 6.945674e-11
14200 6.944774e-11
14201 6.943875e-11
14202 6.942976e-11
14203 6.942078e-11
14204 6.941179e-11
14205 6.940281e-11
14206 6.939383e-11
14207 6.938485e-11
14208 6.937587e-11
14209 6.936689e-11
14210 6.935792e-11
14211 6.934895e-11
14212 6.933998e-11
14213 6.933101e-11
14214 6.932204e-11
14215 6.931308e-11
14216 6.930411e-11
14217 6.929515e-11
14218 6.928619e-11
14219 6.927723e-11
14220 6.926828e-11
14221 6.925932e-11
14222 6.925037e-11
14223 6.924142e-11
14224 6.923247e-11
14225 6.922352e-11
14226 6.921458e-11
14227 6.920563e-11
14228 6.919669e-11
14229 6.918775e-11
14230 6.917881e-11
14231 6.916988e-11
14232 6.916094e-11
14233 6.915201e-11
14234 6.914308e-11
14235 6.913415e-11
14236 6.912522e-11
14237 6.911629e-11
14238 6.910737e-11
14239 6.909845e-11
14240 6.908953e-11
14241 6.908061e-11
14242 6.907169e-11
14243 6.906278e-11
14244 6.905386e-11
14245 6.904495e-11
14246 6.903604e-11
14247 6.902713e-11
14248 6.901823e-11
14249 6.900932e-11
14250 6.900042e-11
14251 6.899152e-11
14252 6.898262e-11
14253 6.897372e-11
14254 6.896483e-11
14255 6.895593e-11
14256 6.894704e-11
14257 6.893815e-11
14258 6.892926e-11
14259 6.892037e-11
14260 6.891149e-11
14261 6.890261e-11
14262 6.889372e-11
14263 6.888484e-11
14264 6.887597e-11
14265 6.886709e-11
14266 6.885822e-11
14267 6.884934e-11
14268 6.884047e-11
14269 6.883160e-11
14270 6.882273e-11
14271 6.881387e-11
14272 6.880501e-11
14273 6.879614e-11
14274 6.878728e-11
14275 6.877842e-11
14276 6.876957e-11
14277 6.876071e-11
14278 6.875186e-11
14279 6.874301e-11
14280 6.873416e-11
14281 6.872531e-11
14282 6.871646e-11
14283 6.870762e-11
14284 6.869878e-11
14285 6.868993e-11
14286 6.868110e-11
14287 6.867226e-11
14288 6.866342e-11
14289 6.865459e-11
14290 6.864576e-11
14291 6.863693e-11
14292 6.862810e-11
14293 6.861927e-11
14294 6.861044e-11
14295 6.860162e-11
14296 6.859280e-11
14297 6.858398e-11
14298 6.857516e-11
14299 6.856634e-11
14300 6.855753e-11
14301 6.854872e-11
14302 6.853991e-11
14303 6.853110e-11
14304 6.852229e-11
14305 6.851348e-11
14306 6.850468e-11
14307 6.849588e-11
14308 6.848707e-11
14309 6.847828e-11
14310 6.846948e-11
14311 6.846068e-11
14312 6.845189e-11
14313 6.844310e-11
14314 6.843431e-11
14315 6.842545e-11
14316 6.841650e-11
14317 6.840755e-11
14318 6.839861e-11
14319 6.838966e-11
14320 6.838072e-11
14321 6.837178e-11
14322 6.836284e-11
14323 6.835390e-11
14324 6.834496e-11
14325 6.833603e-11
14326 6.832710e-11
14327 6.831817e-11
14328 6.830924e-11
14329 6.830031e-11
14330 6.829139e-11
14331 6.828246e-11
14332 6.827354e-11
14333 6.826462e-11
14334 6.825570e-11
14335 6.824679e-11
14336 6.823787e-11
14337 6.822896e-11
14338 6.822005e-11
14339 6.821114e-11
14340 6.820223e-11
14341 6.819333e-11
14342 6.818442e-11
14343 6.817552e-11
14344 6.816662e-11
14345 6.815772e-11
14346 6.814883e-11
14347 6.813993e-11
14348 6.813104e-11
14349 6.812215e-11
14350 6.811326e-11
14351 6.810437e-11
14352 6.809548e-11
14353 6.808660e-11
14354 6.807772e-11
14355 6.806884e-11
14356 6.805996e-11
14357 6.805108e-11
14358 6.804221e-11
14359 6.803333e-11
14360 6.802446e-11
14361 6.801559e-11
14362 6.800672e-11
14363 6.799786e-11
14364 6.798899e-11
14365 6.798013e-11
14366 6.797127e-11
14367 6.796241e-11
14368 6.795355e-11
14369 6.794469e-11
14370 6.793584e-11
14371 6.792699e-11
14372 6.791814e-11
14373 6.790929e-11
14374 6.790044e-11
14375 6.789160e-11
14376 6.788275e-11
14377 6.787391e-11
14378 6.786507e-11
14379 6.785623e-11
14380 6.784740e-11
14381 6.783856e-11
14382 6.782973e-11
14383 6.782090e-11
14384 6.781207e-11
14385 6.780324e-11
14386 6.779442e-11
14387 6.778559e-11
14388 6.777677e-11
14389 6.776795e-11
14390 6.775913e-11
14391 6.775032e-11
14392 6.774150e-11
14393 6.773269e-11
14394 6.772388e-11
14395 6.771507e-11
14396 6.770626e-11
14397 6.769745e-11
14398 6.768865e-11
14399 6.767984e-11
14400 6.767104e-11
14401 6.766224e-11
14402 6.765345e-11
14403 6.764465e-11
14404 6.763586e-11
14405 6.762706e-11
14406 6.761827e-11
14407 6.760948e-11
14408 6.760070e-11
14409 6.759191e-11
14410 6.758313e-11
14411 6.757435e-11
14412 6.756557e-11
14413 6.755679e-11
14414 6.754801e-11
14415 6.753924e-11
14416 6.753046e-11
14417 6.752169e-11
14418 6.751292e-11
14419 6.750415e-11
14420 6.749539e-11
14421 6.748662e-11
14422 6.747786e-11
14423 6.746910e-11
14424 6.746034e-11
14425 6.745158e-11
14426 6.744283e-11
14427 6.743407e-11
14428 6.742532e-11
14429 6.741657e-11
14430 6.740782e-11
14431 6.739908e-11
14432 6.739033e-11
14433 6.738159e-11
14434 6.737285e-11
14435 6.736411e-11
14436 6.735537e-11
14437 6.734663e-11
14438 6.733790e-11
14439 6.732916e-11
14440 6.732043e-11
14441 6.731170e-11
14442 6.730298e-11
14443 6.729425e-11
14444 6.728553e-11
14445 6.727680e-11
14446 6.726808e-11
14447 6.725936e-11
14448 6.725065e-11
14449 6.724193e-11
14450 6.723322e-11
14451 6.722450e-11
14452 6.721579e-11
14453 6.720709e-11
14454 6.719838e-11
14455 6.718967e-11
14456 6.718097e-11
14457 6.717227e-11
14458 6.716357e-11
14459 6.715487e-11
14460 6.714617e-11
14461 6.713748e-11
14462 6.712878e-11
14463 6.712009e-11
14464 6.711140e-11
14465 6.710272e-11
14466 6.709403e-11
14467 6.708534e-11
14468 6.707666e-11
14469 6.706798e-11
14470 6.705930e-11
14471 6.705062e-11
14472 6.704195e-11
14473 6.703327e-11
14474 6.702460e-11
14475 6.701593e-11
14476 6.700726e-11
14477 6.699859e-11
14478 6.698993e-11
14479 6.698127e-11
14480 6.697260e-11
14481 6.696394e-11
14482 6.695528e-11
14483 6.694663e-11
14484 6.693797e-11
14485 6.692932e-11
14486 6.692067e-11
14487 6.691202e-11
14488 6.690337e-11
14489 6.689472e-11
14490 6.688608e-11
14491 6.687743e-11
14492 6.686879e-11
14493 6.686015e-11
14494 6.685151e-11
14495 6.684288e-11
14496 6.683424e-11
14497 6.682561e-11
14498 6.681698e-11
14499 6.680835e-11
14500 6.679972e-11
14501 6.679109e-11
14502 6.678247e-11
14503 6.677385e-11
14504 6.676523e-11
14505 6.675661e-11
14506 6.674799e-11
14507 6.673937e-11
14508 6.673076e-11
14509 6.672215e-11
14510 6.671354e-11
14511 6.670493e-11
14512 6.669632e-11
14513 6.668771e-11
14514 6.667911e-11
14515 6.667051e-11
14516 6.666191e-11
14517 6.665331e-11
14518 6.664471e-11
14519 6.663612e-11
14520 6.662752e-11
14521 6.661893e-11
14522 6.661034e-11
14523 6.660175e-11
14524 6.659316e-11
14525 6.658458e-11
14526 6.657600e-11
14527 6.656741e-11
14528 6.655883e-11
14529 6.655026e-11
14530 6.654168e-11
14531 6.653310e-11
14532 6.652453e-11
14533 6.651596e-11
14534 6.650739e-11
14535 6.649882e-11
14536 6.649025e-11
14537 6.648169e-11
14538 6.647313e-11
14539 6.646456e-11
14540 6.645600e-11
14541 6.644745e-11
14542 6.643889e-11
14543 6.643033e-11
14544 6.642178e-11
14545 6.641323e-11
14546 6.640468e-11
14547 6.639613e-11
14548 6.638759e-11
14549 6.637904e-11
14550 6.637050e-11
14551 6.636196e-11
14552 6.635342e-11
14553 6.634488e-11
14554 6.633634e-11
14555 6.632781e-11
14556 6.631928e-11
14557 6.631074e-11
14558 6.630222e-11
14559 6.629369e-11
14560 6.628516e-11
14561 6.627664e-11
14562 6.626811e-11
14563 6.625959e-11
14564 6.625107e-11
14565 6.624256e-11
14566 6.623404e-11
14567 6.622553e-11
14568 6.621701e-11
14569 6.620850e-11
14570 6.619999e-11
14571 6.619149e-11
14572 6.618298e-11
14573 6.617448e-11
14574 6.616597e-11
14575 6.615747e-11
14576 6.614897e-11
14577 6.614047e-11
14578 6.613198e-11
14579 6.612348e-11
14580 6.611499e-11
14581 6.610650e-11
14582 6.609801e-11
14583 6.608952e-11
14584 6.608104e-11
14585 6.607255e-11
14586 6.606407e-11
14587 6.605559e-11
14588 6.604711e-11
14589 6.603863e-11
14590 6.603016e-11
14591 6.602168e-11
14592 6.601321e-11
14593 6.600474e-11
14594 6.599627e-11
14595 6.598780e-11
14596 6.597934e-11
14597 6.597087e-11
14598 6.596241e-11
14599 6.595395e-11
14600 6.594549e-11
14601 6.593703e-11
14602 6.592858e-11
14603 6.592012e-11
14604 6.591167e-11
14605 6.590322e-11
14606 6.589477e-11
14607 6.588632e-11
14608 6.587788e-11
14609 6.586943e-11
14610 6.586099e-11
14611 6.585255e-11
14612 6.584411e-11
14613 6.583567e-11
14614 6.582724e-11
14615 6.581880e-11
14616 6.581037e-11
14617 6.580194e-11
14618 6.579351e-11
14619 6.578508e-11
14620 6.577666e-11
14621 6.576823e-11
14622 6.575981e-11
14623 6.575139e-11
14624 6.574297e-11
14625 6.573455e-11
14626 6.572614e-11
14627 6.571772e-11
14628 6.570931e-11
14629 6.570090e-11
14630 6.569249e-11
14631 6.568408e-11
14632 6.567567e-11
14633 6.566727e-11
14634 6.565887e-11
14635 6.565047e-11
14636 6.564207e-11
14637 6.563367e-11
14638 6.562527e-11
14639 6.561688e-11
14640 6.560849e-11
14641 6.560009e-11
14642 6.559170e-11
14643 6.558332e-11
14644 6.557493e-11
14645 6.556655e-11
14646 6.555816e-11
14647 6.554978e-11
14648 6.554140e-11
14649 6.553302e-11
14650 6.552465e-11
14651 6.551627e-11
14652 6.550790e-11
14653 6.549953e-11
14654 6.549116e-11
14655 6.548279e-11
14656 6.547442e-11
14657 6.546606e-11
14658 6.545769e-11
14659 6.544933e-11
14660 6.544097e-11
14661 6.543261e-11
14662 6.542426e-11
14663 6.541590e-11
14664 6.540755e-11
14665 6.539920e-11
14666 6.539085e-11
14667 6.538250e-11
14668 6.537415e-11
14669 6.536580e-11
14670 6.535746e-11
14671 6.534912e-11
14672 6.534078e-11
14673 6.533244e-11
14674 6.532410e-11
14675 6.531577e-11
14676 6.530743e-11
14677 6.529910e-11
14678 6.529077e-11
14679 6.528244e-11
14680 6.527411e-11
14681 6.526579e-11
14682 6.525746e-11
14683 6.524914e-11
14684 6.524082e-11
14685 6.523250e-11
14686 6.522418e-11
14687 6.521587e-11
14688 6.520755e-11
14689 6.519924e-11
14690 6.519093e-11
14691 6.518262e-11
14692 6.517431e-11
14693 6.516601e-11
14694 6.515770e-11
14695 6.514940e-11
14696 6.514110e-11
14697 6.513280e-11
14698 6.512450e-11
14699 6.511620e-11
14700 6.510791e-11
14701 6.509961e-11
14702 6.509132e-11
14703 6.508303e-11
14704 6.507474e-11
14705 6.506646e-11
14706 6.505817e-11
14707 6.504989e-11
14708 6.504161e-11
14709 6.503333e-11
14710 6.502505e-11
14711 6.501677e-11
14712 6.500849e-11
14713 6.500022e-11
14714 6.499195e-11
14715 6.498368e-11
14716 6.497541e-11
14717 6.496714e-11
14718 6.495888e-11
14719 6.495061e-11
14720 6.494235e-11
14721 6.493409e-11
14722 6.492583e-11
14723 6.491757e-11
14724 6.490931e-11
14725 6.490106e-11
14726 6.489281e-11
14727 6.488456e-11
14728 6.487631e-11
14729 6.486806e-11
14730 6.485981e-11
14731 6.485157e-11
14732 6.484332e-11
14733 6.483508e-11
14734 6.482684e-11
14735 6.481860e-11
14736 6.481037e-11
14737 6.480213e-11
14738 6.479390e-11
14739 6.478567e-11
14740 6.477743e-11
14741 6.476921e-11
14742 6.476098e-11
14743 6.475275e-11
14744 6.474453e-11
14745 6.473631e-11
14746 6.472809e-11
14747 6.471987e-11
14748 6.471165e-11
14749 6.470343e-11
14750 6.469522e-11
14751 6.468701e-11
14752 6.467879e-11
14753 6.467059e-11
14754 6.466238e-11
14755 6.465417e-11
14756 6.464597e-11
14757 6.463776e-11
14758 6.462956e-11
14759 6.462136e-11
14760 6.461316e-11
14761 6.460497e-11
14762 6.459677e-11
14763 6.458858e-11
14764 6.458039e-11
14765 6.457219e-11
14766 6.456401e-11
14767 6.455582e-11
14768 6.454763e-11
14769 6.453945e-11
14770 6.453127e-11
14771 6.452309e-11
14772 6.451491e-11
14773 6.450673e-11
14774 6.449855e-11
14775 6.449038e-11
14776 6.448221e-11
14777 6.447403e-11
14778 6.446586e-11
14779 6.445770e-11
14780 6.444953e-11
14781 6.444136e-11
14782 6.443320e-11
14783 6.442504e-11
14784 6.441688e-11
14785 6.440872e-11
14786 6.440056e-11
14787 6.439241e-11
14788 6.438425e-11
14789 6.437610e-11
14790 6.436795e-11
14791 6.435980e-11
14792 6.435165e-11
14793 6.434351e-11
14794 6.433536e-11
14795 6.432722e-11
14796 6.431908e-11
14797 6.431094e-11
14798 6.430280e-11
14799 6.429467e-11
14800 6.428653e-11
14801 6.427840e-11
14802 6.427027e-11
14803 6.426214e-11
14804 6.425401e-11
14805 6.424588e-11
14806 6.423775e-11
14807 6.422963e-11
14808 6.422151e-11
14809 6.421339e-11
14810 6.420527e-11
14811 6.419715e-11
14812 6.418903e-11
14813 6.418092e-11
14814 6.417281e-11
14815 6.416470e-11
14816 6.415659e-11
14817 6.414848e-11
14818 6.414037e-11
14819 6.413227e-11
14820 6.412416e-11
14821 6.411606e-11
14822 6.410796e-11
14823 6.409986e-11
14824 6.409177e-11
14825 6.408367e-11
14826 6.407558e-11
14827 6.406748e-11
14828 6.405939e-11
14829 6.405130e-11
14830 6.404322e-11
14831 6.403513e-11
14832 6.402704e-11
14833 6.401896e-11
14834 6.401088e-11
14835 6.400280e-11
14836 6.399472e-11
14837 6.398664e-11
14838 6.397857e-11
14839 6.397050e-11
14840 6.396242e-11
14841 6.395435e-11
14842 6.394628e-11
14843 6.393822e-11
14844 6.393015e-11
14845 6.392209e-11
14846 6.391402e-11
14847 6.390596e-11
14848 6.389790e-11
14849 6.388985e-11
14850 6.388179e-11
14851 6.387373e-11
14852 6.386568e-11
14853 6.385763e-11
14854 6.384958e-11
14855 6.384153e-11
14856 6.383348e-11
14857 6.382544e-11
14858 6.381739e-11
14859 6.380935e-11
14860 6.380131e-11
14861 6.379327e-11
14862 6.378523e-11
14863 6.377720e-11
14864 6.376916e-11
14865 6.376113e-11
14866 6.375310e-11
14867 6.374507e-11
14868 6.373704e-11
14869 6.372901e-11
14870 6.372099e-11
14871 6.371296e-11
14872 6.370494e-11
14873 6.369692e-11
14874 6.368890e-11
14875 6.368088e-11
14876 6.367287e-11
14877 6.366485e-11
14878 6.365684e-11
14879 6.364883e-11
14880 6.364082e-11
14881 6.363281e-11
14882 6.362480e-11
14883 6.361680e-11
14884 6.360879e-11
14885 6.360079e-11
14886 6.359279e-11
14887 6.358479e-11
14888 6.357679e-11
14889 6.356880e-11
14890 6.356080e-11
14891 6.355281e-11
14892 6.354482e-11
14893 6.353683e-11
14894 6.352884e-11
14895 6.352085e-11
14896 6.351287e-11
14897 6.350489e-11
14898 6.349690e-11
14899 6.348892e-11
14900 6.348094e-11
14901 6.347297e-11
14902 6.346499e-11
14903 6.345702e-11
14904 6.344904e-11
14905 6.344107e-11
14906 6.343310e-11
14907 6.342513e-11
14908 6.341717e-11
14909 6.340920e-11
14910 6.340124e-11
14911 6.339328e-11
14912 6.338531e-11
14913 6.337736e-11
14914 6.336940e-11
14915 6.336144e-11
14916 6.335349e-11
14917 6.334553e-11
14918 6.333758e-11
14919 6.332963e-11
14920 6.332168e-11
14921 6.331374e-11
14922 6.330579e-11
14923 6.329785e-11
14924 6.328991e-11
14925 6.328197e-11
14926 6.327403e-11
14927 6.326609e-11
14928 6.325815e-11
14929 6.325022e-11
14930 6.324229e-11
14931 6.323435e-11
14932 6.322642e-11
14933 6.321850e-11
14934 6.321057e-11
14935 6.320264e-11
14936 6.319472e-11
14937 6.318680e-11
14938 6.317888e-11
14939 6.317096e-11
14940 6.316304e-11
14941 6.315512e-11
14942 6.314721e-11
14943 6.313929e-11
14944 6.313138e-11
14945 6.312347e-11
14946 6.311556e-11
14947 6.310766e-11
14948 6.309975e-11
14949 6.309185e-11
14950 6.308394e-11
14951 6.307604e-11
14952 6.306814e-11
14953 6.306024e-11
14954 6.305235e-11
14955 6.304445e-11
14956 6.303656e-11
14957 6.302867e-11
14958 6.302078e-11
14959 6.301289e-11
14960 6.300500e-11
14961 6.299711e-11
14962 6.298923e-11
14963 6.298135e-11
14964 6.297347e-11
14965 6.296559e-11
14966 6.295771e-11
14967 6.294983e-11
14968 6.294196e-11
14969 6.293408e-11
14970 6.292621e-11
14971 6.291834e-11
14972 6.291047e-11
14973 6.290260e-11
14974 6.289473e-11
14975 6.288687e-11
14976 6.287901e-11
14977 6.287114e-11
14978 6.286328e-11
14979 6.285543e-11
14980 6.284757e-11
14981 6.283971e-11
14982 6.283186e-11
14983 6.282401e-11
14984 6.281615e-11
14985 6.280830e-11
14986 6.280046e-11
14987 6.279261e-11
14988 6.278476e-11
14989 6.277692e-11
14990 6.276908e-11
14991 6.276124e-11
14992 6.275340e-11
14993 6.274556e-11
14994 6.273773e-11
14995 6.272989e-11
14996 6.272206e-11
14997 6.271423e-11
14998 6.270640e-11
14999 6.269857e-11
15000 6.269074e-11
15001 6.268291e-11
15002 6.267509e-11
15003 6.266727e-11
15004 6.265945e-11
15005 6.265163e-11
15006 6.264381e-11
15007 6.263599e-11
15008 6.262818e-11
15009 6.262036e-11
15010 6.261255e-11
15011 6.260474e-11
15012 6.259693e-11
15013 6.258912e-11
15014 6.258132e-11
15015 6.257351e-11
15016 6.256571e-11
15017 6.255791e-11
15018 6.255011e-11
15019 6.254231e-11
15020 6.253451e-11
15021 6.252671e-11
15022 6.251892e-11
15023 6.251113e-11
15024 6.250334e-11
15025 6.249555e-11
15026 6.248776e-11
15027 6.247997e-11
15028 6.247218e-11
15029 6.246440e-11
15030 6.245662e-11
15031 6.244884e-11
15032 6.244106e-11
15033 6.243328e-11
15034 6.242550e-11
15035 6.241773e-11
15036 6.240996e-11
15037 6.240218e-11
15038 6.239441e-11
15039 6.238664e-11
15040 6.237888e-11
15041 6.237111e-11
15042 6.236335e-11
15043 6.235558e-11
15044 6.234782e-11
15045 6.234006e-11
15046 6.233230e-11
15047 6.232454e-11
15048 6.231679e-11
15049 6.230904e-11
15050 6.230128e-11
15051 6.229353e-11
15052 6.228578e-11
15053 6.227803e-11
15054 6.227029e-11
15055 6.226254e-11
15056 6.225480e-11
15057 6.224705e-11
15058 6.223931e-11
15059 6.223157e-11
15060 6.222384e-11
15061 6.221610e-11
15062 6.220836e-11
15063 6.220063e-11
15064 6.219290e-11
15065 6.218517e-11
15066 6.217744e-11
15067 6.216971e-11
15068 6.216199e-11
15069 6.215426e-11
15070 6.214654e-11
15071 6.213882e-11
15072 6.213110e-11
15073 6.212338e-11
15074 6.211566e-11
15075 6.210794e-11
15076 6.210023e-11
15077 6.209252e-11
15078 6.208481e-11
15079 6.207710e-11
15080 6.206939e-11
15081 6.206168e-11
15082 6.205397e-11
15083 6.204627e-11
15084 6.203857e-11
15085 6.203087e-11
15086 6.202317e-11
15087 6.201547e-11
15088 6.200777e-11
15089 6.200008e-11
15090 6.199238e-11
15091 6.198469e-11
15092 6.197700e-11
15093 6.196931e-11
15094 6.196162e-11
15095 6.195394e-11
15096 6.194625e-11
15097 6.193857e-11
15098 6.193088e-11
15099 6.192320e-11
15100 6.191552e-11
15101 6.190785e-11
15102 6.190017e-11
15103 6.189250e-11
15104 6.188482e-11
15105 6.187715e-11
15106 6.186948e-11
15107 6.186181e-11
15108 6.185414e-11
15109 6.184648e-11
15110 6.183881e-11
15111 6.183115e-11
15112 6.182349e-11
15113 6.181583e-11
15114 6.180817e-11
15115 6.180051e-11
15116 6.179286e-11
15117 6.178520e-11
15118 6.177755e-11
15119 6.176990e-11
15120 6.176225e-11
15121 6.175460e-11
15122 6.174695e-11
15123 6.173931e-11
15124 6.173166e-11
15125 6.172402e-11
15126 6.171638e-11
15127 6.170874e-11
15128 6.170110e-11
15129 6.169346e-11
15130 6.168583e-11
15131 6.167819e-11
15132 6.167056e-11
15133 6.166293e-11
15134 6.165530e-11
15135 6.164767e-11
15136 6.164004e-11
15137 6.163242e-11
15138 6.162479e-11
15139 6.161717e-11
15140 6.160955e-11
15141 6.160193e-11
15142 6.159431e-11
15143 6.158670e-11
15144 6.157908e-11
15145 6.157147e-11
15146 6.156385e-11
15147 6.155624e-11
15148 6.154863e-11
15149 6.154103e-11
15150 6.153342e-11
15151 6.152581e-11
15152 6.151821e-11
15153 6.151061e-11
15154 6.150301e-11
15155 6.149541e-11
15156 6.148781e-11
15157 6.148021e-11
15158 6.147262e-11
15159 6.146502e-11
15160 6.145743e-11
15161 6.144984e-11
15162 6.144225e-11
15163 6.143466e-11
15164 6.142708e-11
15165 6.141949e-11
15166 6.141191e-11
15167 6.140433e-11
15168 6.139675e-11
15169 6.138917e-11
15170 6.138159e-11
15171 6.137401e-11
15172 6.136644e-11
15173 6.135886e-11
15174 6.135129e-11
15175 6.134372e-11
15176 6.133615e-11
15177 6.132858e-11
15178 6.132102e-11
15179 6.131345e-11
15180 6.130589e-11
15181 6.129833e-11
15182 6.129077e-11
15183 6.128321e-11
15184 6.127565e-11
15185 6.126809e-11
15186 6.126054e-11
15187 6.125298e-11
15188 6.124543e-11
15189 6.123788e-11
15190 6.123033e-11
15191 6.122278e-11
15192 6.121524e-11
15193 6.120769e-11
15194 6.120015e-11
15195 6.119261e-11
15196 6.118507e-11
15197 6.117753e-11
15198 6.116999e-11
15199 6.116245e-11
15200 6.115492e-11
15201 6.114738e-11
15202 6.113985e-11
15203 6.113232e-11
15204 6.112479e-11
15205 6.111726e-11
15206 6.110974e-11
15207 6.110221e-11
15208 6.109469e-11
15209 6.108717e-11
15210 6.107965e-11
15211 6.107213e-11
15212 6.106461e-11
15213 6.105709e-11
15214 6.104958e-11
15215 6.104206e-11
15216 6.103455e-11
15217 6.102704e-11
15218 6.101953e-11
15219 6.101202e-11
15220 6.100452e-11
15221 6.099701e-11
15222 6.098951e-11
15223 6.098201e-11
15224 6.097451e-11
15225 6.096701e-11
15226 6.095951e-11
15227 6.095201e-11
15228 6.094452e-11
15229 6.093702e-11
15230 6.092953e-11
15231 6.092204e-11
15232 6.091455e-11
15233 6.090706e-11
15234 6.089957e-11
15235 6.089209e-11
15236 6.088460e-11
15237 6.087712e-11
15238 6.086964e-11
15239 6.086216e-11
15240 6.085468e-11
15241 6.084721e-11
15242 6.083973e-11
15243 6.083226e-11
15244 6.082478e-11
15245 6.081731e-11
15246 6.080984e-11
15247 6.080237e-11
15248 6.079491e-11
15249 6.078744e-11
15250 6.077998e-11
15251 6.077251e-11
15252 6.076505e-11
15253 6.075759e-11
15254 6.075013e-11
15255 6.074268e-11
15256 6.073522e-11
15257 6.072777e-11
15258 6.072031e-11
15259 6.071286e-11
15260 6.070541e-11
15261 6.069796e-11
15262 6.069052e-11
15263 6.068307e-11
15264 6.067563e-11
15265 6.066818e-11
15266 6.066074e-11
15267 6.065330e-11
15268 6.064586e-11
15269 6.063842e-11
15270 6.063099e-11
15271 6.062355e-11
15272 6.061612e-11
15273 6.060869e-11
15274 6.060126e-11
15275 6.059383e-11
15276 6.058640e-11
15277 6.057897e-11
15278 6.057155e-11
15279 6.056413e-11
15280 6.055670e-11
15281 6.054928e-11
15282 6.054186e-11
15283 6.053445e-11
15284 6.052703e-11
15285 6.051961e-11
15286 6.051220e-11
15287 6.050479e-11
15288 6.049738e-11
15289 6.048997e-11
15290 6.048256e-11
15291 6.047515e-11
15292 6.046775e-11
15293 6.046034e-11
15294 6.045294e-11
15295 6.044554e-11
15296 6.043814e-11
15297 6.043074e-11
15298 6.042334e-11
15299 6.041595e-11
15300 6.040855e-11
15301 6.040116e-11
15302 6.039377e-11
15303 6.038638e-11
15304 6.037899e-11
15305 6.037160e-11
15306 6.036422e-11
15307 6.035683e-11
15308 6.034945e-11
15309 6.034207e-11
15310 6.033468e-11
15311 6.032731e-11
15312 6.031993e-11
15313 6.031255e-11
15314 6.030518e-11
15315 6.029780e-11
15316 6.029043e-11
15317 6.028306e-11
15318 6.027569e-11
15319 6.026832e-11
15320 6.026096e-11
15321 6.025359e-11
15322 6.024623e-11
15323 6.023886e-11
15324 6.023150e-11
15325 6.022414e-11
15326 6.021678e-11
15327 6.020943e-11
15328 6.020207e-11
15329 6.019472e-11
15330 6.018737e-11
15331 6.018001e-11
15332 6.017266e-11
15333 6.016531e-11
15334 6.015797e-11
15335 6.015062e-11
15336 6.014328e-11
15337 6.013593e-11
15338 6.012859e-11
15339 6.012125e-11
15340 6.011391e-11
15341 6.010657e-11
15342 6.009924e-11
15343 6.009190e-11
15344 6.008453e-11
15345 6.007706e-11
15346 6.006960e-11
15347 6.006214e-11
15348 6.005468e-11
15349 6.004722e-11
15350 6.003977e-11
15351 6.003231e-11
15352 6.002486e-11
15353 6.001741e-11
15354 6.000996e-11
15355 6.000251e-11
15356 5.999506e-11
15357 5.998761e-11
15358 5.998017e-11
15359 5.997272e-11
15360 5.996528e-11
15361 5.995784e-11
15362 5.995040e-11
15363 5.994296e-11
15364 5.993553e-11
15365 5.992809e-11
15366 5.992066e-11
15367 5.991322e-11
15368 5.990579e-11
15369 5.989836e-11
15370 5.989093e-11
15371 5.988351e-11
15372 5.987608e-11
15373 5.986866e-11
15374 5.986124e-11
15375 5.985381e-11
15376 5.984639e-11
15377 5.983898e-11
15378 5.983156e-11
15379 5.982414e-11
15380 5.981673e-11
15381 5.980932e-11
15382 5.980190e-11
15383 5.979449e-11
15384 5.978709e-11
15385 5.977968e-11
15386 5.977227e-11
15387 5.976487e-11
15388 5.975747e-11
15389 5.975006e-11
15390 5.974266e-11
15391 5.973526e-11
15392 5.972787e-11
15393 5.972047e-11
15394 5.971308e-11
15395 5.970568e-11
15396 5.969829e-11
15397 5.969090e-11
15398 5.968351e-11
15399 5.967612e-11
15400 5.966874e-11
15401 5.966135e-11
15402 5.965397e-11
15403 5.964659e-11
15404 5.963921e-11
15405 5.963183e-11
15406 5.962445e-11
15407 5.961707e-11
15408 5.960970e-11
15409 5.960232e-11
15410 5.959495e-11
15411 5.958758e-11
15412 5.958021e-11
15413 5.957284e-11
15414 5.956548e-11
15415 5.955811e-11
15416 5.955075e-11
15417 5.954338e-11
15418 5.953602e-11
15419 5.952866e-11
15420 5.952130e-11
15421 5.951395e-11
15422 5.950659e-11
15423 5.949924e-11
15424 5.949188e-11
15425 5.948453e-11
15426 5.947718e-11
15427 5.946983e-11
15428 5.946248e-11
15429 5.945514e-11
15430 5.944779e-11
15431 5.944045e-11
15432 5.943311e-11
15433 5.942577e-11
15434 5.941843e-11
15435 5.941109e-11
15436 5.940376e-11
15437 5.939642e-11
15438 5.938909e-11
15439 5.938175e-11
15440 5.937442e-11
15441 5.936709e-11
15442 5.935977e-11
15443 5.935244e-11
15444 5.934511e-11
15445 5.933779e-11
15446 5.933047e-11
15447 5.932315e-11
15448 5.931583e-11
15449 5.930851e-11
15450 5.930119e-11
15451 5.929388e-11
15452 5.928656e-11
15453 5.927925e-11
15454 5.927194e-11
15455 5.926463e-11
15456 5.925732e-11
15457 5.925001e-11
15458 5.924270e-11
15459 5.923540e-11
15460 5.922810e-11
15461 5.922079e-11
15462 5.921349e-11
15463 5.920619e-11
15464 5.919890e-11
15465 5.919160e-11
15466 5.918430e-11
15467 5.917701e-11
15468 5.916972e-11
15469 5.916243e-11
15470 5.915514e-11
15471 5.914785e-11
15472 5.914056e-11
15473 5.913328e-11
15474 5.912599e-11
15475 5.911871e-11
15476 5.911143e-11
15477 5.910415e-11
15478 5.909687e-11
15479 5.908959e-11
15480 5.908232e-11
15481 5.907504e-11
15482 5.906777e-11
15483 5.906050e-11
15484 5.905323e-11
15485 5.904596e-11
15486 5.903869e-11
15487 5.903142e-11
15488 5.902416e-11
15489 5.901690e-11
15490 5.900963e-11
15491 5.900237e-11
15492 5.899511e-11
15493 5.898785e-11
15494 5.898060e-11
15495 5.897334e-11
15496 5.896609e-11
15497 5.895884e-11
15498 5.895158e-11
15499 5.894433e-11
15500 5.893709e-11
15501 5.892984e-11
15502 5.892259e-11
15503 5.891535e-11
15504 5.890810e-11
15505 5.890086e-11
15506 5.889362e-11
15507 5.888638e-11
15508 5.887914e-11
15509 5.887191e-11
15510 5.886467e-11
15511 5.885744e-11
15512 5.885021e-11
15513 5.884298e-11
15514 5.883575e-11
15515 5.882852e-11
15516 5.882129e-11
15517 5.881407e-11
15518 5.880684e-11
15519 5.879962e-11
15520 5.879240e-11
15521 5.878518e-11
15522 5.877796e-11
15523 5.877074e-11
15524 5.876352e-11
15525 5.875631e-11
15526 5.874910e-11
15527 5.874188e-11
15528 5.873467e-11
15529 5.872746e-11
15530 5.872026e-11
15531 5.871305e-11
15532 5.870584e-11
15533 5.869864e-11
15534 5.869144e-11
15535 5.868424e-11
15536 5.867704e-11
15537 5.866984e-11
15538 5.866264e-11
15539 5.865544e-11
15540 5.864825e-11
15541 5.864106e-11
15542 5.863386e-11
15543 5.862667e-11
15544 5.861948e-11
15545 5.861230e-11
15546 5.860511e-11
15547 5.859792e-11
15548 5.859074e-11
15549 5.858356e-11
15550 5.857638e-11
15551 5.856920e-11
15552 5.856202e-11
15553 5.855484e-11
15554 5.854767e-11
15555 5.854049e-11
15556 5.853332e-11
15557 5.852615e-11
15558 5.851898e-11
15559 5.851181e-11
15560 5.850464e-11
15561 5.849747e-11
15562 5.849031e-11
15563 5.848314e-11
15564 5.847598e-11
15565 5.846882e-11
15566 5.846166e-11
15567 5.845450e-11
15568 5.844735e-11
15569 5.844019e-11
15570 5.843304e-11
15571 5.842588e-11
15572 5.841873e-11
15573 5.841158e-11
15574 5.840443e-11
15575 5.839728e-11
15576 5.839014e-11
15577 5.838299e-11
15578 5.837585e-11
15579 5.836871e-11
15580 5.836156e-11
15581 5.835443e-11
15582 5.834729e-11
15583 5.834015e-11
15584 5.833301e-11
15585 5.832588e-11
15586 5.831875e-11
15587 5.831161e-11
15588 5.830448e-11
15589 5.829736e-11
15590 5.829023e-11
15591 5.828310e-11
15592 5.827598e-11
15593 5.826885e-11
15594 5.826173e-11
15595 5.825461e-11
15596 5.824749e-11
15597 5.824037e-11
15598 5.823325e-11
15599 5.822614e-11
15600 5.821902e-11
15601 5.821191e-11
15602 5.820480e-11
15603 5.819769e-11
15604 5.819058e-11
15605 5.818347e-11
15606 5.817636e-11
15607 5.816926e-11
15608 5.816216e-11
15609 5.815505e-11
15610 5.814795e-11
15611 5.814085e-11
15612 5.813375e-11
15613 5.812666e-11
15614 5.811956e-11
15615 5.811247e-11
15616 5.810537e-11
15617 5.809828e-11
15618 5.809119e-11
15619 5.808410e-11
15620 5.807701e-11
15621 5.806993e-11
15622 5.806284e-11
15623 5.805576e-11
15624 5.804867e-11
15625 5.804159e-11
15626 5.803451e-11
15627 5.802743e-11
15628 5.802036e-11
15629 5.801328e-11
15630 5.800620e-11
15631 5.799913e-11
15632 5.799206e-11
15633 5.798499e-11
15634 5.797792e-11
15635 5.797085e-11
15636 5.796378e-11
15637 5.795672e-11
15638 5.794965e-11
15639 5.794259e-11
15640 5.793553e-11
15641 5.792847e-11
15642 5.792141e-11
15643 5.791435e-11
15644 5.790729e-11
15645 5.790024e-11
15646 5.789319e-11
15647 5.788613e-11
15648 5.787908e-11
15649 5.787203e-11
15650 5.786498e-11
15651 5.785794e-11
15652 5.785089e-11
15653 5.784385e-11
15654 5.783680e-11
15655 5.782976e-11
15656 5.782272e-11
15657 5.781568e-11
15658 5.780864e-11
15659 5.780160e-11
15660 5.779457e-11
15661 5.778753e-11
15662 5.778050e-11
15663 5.777347e-11
15664 5.776644e-11
15665 5.775941e-11
15666 5.775238e-11
15667 5.774536e-11
15668 5.773833e-11
15669 5.773131e-11
15670 5.772429e-11
15671 5.771726e-11
15672 5.771024e-11
15673 5.770323e-11
15674 5.769621e-11
15675 5.768919e-11
15676 5.768218e-11
15677 5.767516e-11
15678 5.766815e-11
15679 5.766114e-11
15680 5.765413e-11
15681 5.764712e-11
15682 5.764012e-11
15683 5.763311e-11
15684 5.762611e-11
15685 5.761910e-11
15686 5.761210e-11
15687 5.760510e-11
15688 5.759810e-11
15689 5.759111e-11
15690 5.758411e-11
15691 5.757711e-11
15692 5.757012e-11
15693 5.756313e-11
15694 5.755614e-11
15695 5.754915e-11
15696 5.754216e-11
15697 5.753517e-11
15698 5.752818e-11
15699 5.752120e-11
15700 5.751422e-11
15701 5.750723e-11
15702 5.750025e-11
15703 5.749327e-11
15704 5.748629e-11
15705 5.747932e-11
15706 5.747234e-11
15707 5.746537e-11
15708 5.745839e-11
15709 5.745142e-11
15710 5.744445e-11
15711 5.743748e-11
15712 5.743051e-11
15713 5.742355e-11
15714 5.741658e-11
15715 5.740962e-11
15716 5.740265e-11
15717 5.739569e-11
15718 5.738873e-11
15719 5.738177e-11
15720 5.737481e-11
15721 5.736786e-11
15722 5.736090e-11
15723 5.735395e-11
15724 5.734700e-11
15725 5.734005e-11
15726 5.733310e-11
15727 5.732615e-11
15728 5.731920e-11
15729 5.731225e-11
15730 5.730531e-11
15731 5.729836e-11
15732 5.729142e-11
15733 5.728448e-11
15734 5.727754e-11
15735 5.727060e-11
15736 5.726367e-11
15737 5.725673e-11
15738 5.724979e-11
15739 5.724286e-11
15740 5.723593e-11
15741 5.722900e-11
15742 5.722207e-11
15743 5.721514e-11
15744 5.720821e-11
15745 5.720129e-11
15746 5.719436e-11
15747 5.718744e-11
15748 5.718052e-11
15749 5.717360e-11
15750 5.716668e-11
15751 5.715976e-11
15752 5.715284e-11
15753 5.714593e-11
15754 5.713901e-11
15755 5.713210e-11
15756 5.712519e-11
15757 5.711828e-11
15758 5.711137e-11
15759 5.710446e-11
15760 5.709756e-11
15761 5.709065e-11
15762 5.708375e-11
15763 5.707684e-11
15764 5.706994e-11
15765 5.706304e-11
15766 5.705614e-11
15767 5.704925e-11
15768 5.704235e-11
15769 5.703545e-11
15770 5.702856e-11
15771 5.702167e-11
15772 5.701478e-11
15773 5.700789e-11
15774 5.700100e-11
15775 5.699411e-11
15776 5.698722e-11
15777 5.698034e-11
15778 5.697345e-11
15779 5.696657e-11
15780 5.695969e-11
15781 5.695281e-11
15782 5.694593e-11
15783 5.693906e-11
15784 5.693218e-11
15785 5.692530e-11
15786 5.691843e-11
15787 5.691156e-11
15788 5.690469e-11
15789 5.689782e-11
15790 5.689095e-11
15791 5.688408e-11
15792 5.687722e-11
15793 5.687035e-11
15794 5.686349e-11
15795 5.685663e-11
15796 5.684976e-11
15797 5.684290e-11
15798 5.683605e-11
15799 5.682919e-11
15800 5.682233e-11
15801 5.681548e-11
15802 5.680863e-11
15803 5.680177e-11
15804 5.679492e-11
15805 5.678807e-11
15806 5.678122e-11
15807 5.677438e-11
15808 5.676753e-11
15809 5.676069e-11
15810 5.675384e-11
15811 5.674700e-11
15812 5.674016e-11
15813 5.673332e-11
15814 5.672648e-11
15815 5.671965e-11
15816 5.671281e-11
15817 5.670598e-11
15818 5.669914e-11
15819 5.669231e-11
15820 5.668548e-11
15821 5.667865e-11
15822 5.667182e-11
15823 5.666500e-11
15824 5.665817e-11
15825 5.665135e-11
15826 5.664452e-11
15827 5.663770e-11
15828 5.663088e-11
15829 5.662406e-11
15830 5.661724e-11
15831 5.661043e-11
15832 5.660361e-11
15833 5.659679e-11
15834 5.658998e-11
15835 5.658317e-11
15836 5.657636e-11
15837 5.656955e-11
15838 5.656274e-11
15839 5.655593e-11
15840 5.654913e-11
15841 5.654232e-11
15842 5.653552e-11
15843 5.652872e-11
15844 5.652192e-11
15845 5.651512e-11
15846 5.650832e-11
15847 5.650152e-11
15848 5.649473e-11
15849 5.648793e-11
15850 5.648114e-11
15851 5.647435e-11
15852 5.646756e-11
15853 5.646077e-11
15854 5.645398e-11
15855 5.644719e-11
15856 5.644041e-11
15857 5.643362e-11
15858 5.642684e-11
15859 5.642006e-11
15860 5.641328e-11
15861 5.640650e-11
15862 5.639972e-11
15863 5.639294e-11
15864 5.638617e-11
15865 5.637939e-11
15866 5.637262e-11
15867 5.636585e-11
15868 5.635908e-11
15869 5.635231e-11
15870 5.634554e-11
15871 5.633877e-11
15872 5.633200e-11
15873 5.632524e-11
15874 5.631848e-11
15875 5.631171e-11
15876 5.630495e-11
15877 5.629819e-11
15878 5.629144e-11
15879 5.628468e-11
15880 5.627792e-11
15881 5.627117e-11
15882 5.626441e-11
15883 5.625766e-11
15884 5.625091e-11
15885 5.624416e-11
15886 5.623741e-11
15887 5.623066e-11
15888 5.622392e-11
15889 5.621717e-11
15890 5.621043e-11
15891 5.620369e-11
15892 5.619695e-11
15893 5.619021e-11
15894 5.618347e-11
15895 5.617673e-11
15896 5.616999e-11
15897 5.616326e-11
15898 5.615653e-11
15899 5.614979e-11
15900 5.614306e-11
15901 5.613633e-11
15902 5.612960e-11
15903 5.612288e-11
15904 5.611615e-11
15905 5.610942e-11
15906 5.610270e-11
15907 5.609598e-11
15908 5.608926e-11
15909 5.608254e-11
15910 5.607582e-11
15911 5.606910e-11
15912 5.606238e-11
15913 5.605567e-11
15914 5.604895e-11
15915 5.604224e-11
15916 5.603553e-11
15917 5.602882e-11
15918 5.602211e-11
15919 5.601540e-11
15920 5.600869e-11
15921 5.600199e-11
15922 5.599528e-11
15923 5.598858e-11
15924 5.598188e-11
15925 5.597518e-11
15926 5.596848e-11
15927 5.596178e-11
15928 5.595508e-11
15929 5.594839e-11
15930 5.594169e-11
15931 5.593500e-11
15932 5.592831e-11
15933 5.592162e-11
15934 5.591493e-11
15935 5.590824e-11
15936 5.590155e-11
15937 5.589487e-11
15938 5.588818e-11
15939 5.588150e-11
15940 5.587481e-11
15941 5.586813e-11
15942 5.586145e-11
15943 5.585478e-11
15944 5.584810e-11
15945 5.584142e-11
15946 5.583475e-11
15947 5.582807e-11
15948 5.582140e-11
15949 5.581473e-11
15950 5.580806e-11
15951 5.580139e-11
15952 5.579472e-11
15953 5.578806e-11
15954 5.578139e-11
15955 5.577473e-11
15956 5.576806e-11
15957 5.576140e-11
15958 5.575474e-11
15959 5.574808e-11
15960 5.574142e-11
15961 5.573477e-11
15962 5.572811e-11
15963 5.572146e-11
15964 5.571480e-11
15965 5.570815e-11
15966 5.570150e-11
15967 5.569485e-11
15968 5.568820e-11
15969 5.568156e-11
15970 5.567491e-11
15971 5.566826e-11
15972 5.566162e-11
15973 5.565498e-11
15974 5.564834e-11
15975 5.564170e-11
15976 5.563506e-11
15977 5.562842e-11
15978 5.562179e-11
15979 5.561515e-11
15980 5.560852e-11
15981 5.560188e-11
15982 5.559525e-11
15983 5.558862e-11
15984 5.558199e-11
15985 5.557537e-11
15986 5.556874e-11
15987 5.556211e-11
15988 5.555549e-11
15989 5.554887e-11
15990 5.554224e-11
15991 5.553562e-11
15992 5.552900e-11
15993 5.552239e-11
15994 5.551577e-11
15995 5.550915e-11
15996 5.550254e-11
15997 5.549593e-11
15998 5.548931e-11
15999 5.548270e-11
16000 5.547609e-11
16001 5.546948e-11
16002 5.546288e-11
16003 5.545627e-11
16004 5.544967e-11
16005 5.544306e-11
16006 5.543646e-11
16007 5.542986e-11
16008 5.542326e-11
16009 5.541666e-11
16010 5.541006e-11
16011 5.540346e-11
16012 5.539687e-11
16013 5.539028e-11
16014 5.538368e-11
16015 5.537709e-11
16016 5.537050e-11
16017 5.536391e-11
16018 5.535732e-11
16019 5.535074e-11
16020 5.534415e-11
16021 5.533756e-11
16022 5.533098e-11
16023 5.532440e-11
16024 5.531782e-11
16025 5.531124e-11
16026 5.530466e-11
16027 5.529808e-11
16028 5.529151e-11
16029 5.528493e-11
16030 5.527836e-11
16031 5.527178e-11
16032 5.526521e-11
16033 5.525864e-11
16034 5.525207e-11
16035 5.524551e-11
16036 5.523894e-11
16037 5.523237e-11
16038 5.522581e-11
16039 5.521925e-11
16040 5.521268e-11
16041 5.520612e-11
16042 5.519956e-11
16043 5.519300e-11
16044 5.518645e-11
16045 5.517989e-11
16046 5.517334e-11
16047 5.516678e-11
16048 5.516023e-11
16049 5.515368e-11
16050 5.514713e-11
16051 5.514058e-11
16052 5.513403e-11
16053 5.512749e-11
16054 5.512094e-11
16055 5.511440e-11
16056 5.510785e-11
16057 5.510131e-11
16058 5.509477e-11
16059 5.508823e-11
16060 5.508169e-11
16061 5.507516e-11
16062 5.506862e-11
16063 5.506209e-11
16064 5.505555e-11
16065 5.504902e-11
16066 5.504249e-11
16067 5.503596e-11
16068 5.502943e-11
16069 5.502290e-11
16070 5.501638e-11
16071 5.500985e-11
16072 5.500333e-11
16073 5.499680e-11
16074 5.499028e-11
16075 5.498376e-11
16076 5.497724e-11
16077 5.497072e-11
16078 5.496421e-11
16079 5.495769e-11
16080 5.495118e-11
16081 5.494466e-11
16082 5.493815e-11
16083 5.493164e-11
16084 5.492513e-11
16085 5.491862e-11
16086 5.491211e-11
16087 5.490561e-11
16088 5.489910e-11
16089 5.489260e-11
16090 5.488609e-11
16091 5.487959e-11
16092 5.487309e-11
16093 5.486659e-11
16094 5.486009e-11
16095 5.485360e-11
16096 5.484710e-11
16097 5.484061e-11
16098 5.483411e-11
16099 5.482762e-11
16100 5.482113e-11
16101 5.481464e-11
16102 5.480815e-11
16103 5.480166e-11
16104 5.479518e-11
16105 5.478869e-11
16106 5.478221e-11
16107 5.477572e-11
16108 5.476924e-11
16109 5.476276e-11
16110 5.475628e-11
16111 5.474980e-11
16112 5.474333e-11
16113 5.473685e-11
16114 5.473038e-11
16115 5.472390e-11
16116 5.471743e-11
16117 5.471096e-11
16118 5.470449e-11
16119 5.469802e-11
16120 5.469155e-11
16121 5.468509e-11
16122 5.467862e-11
16123 5.467216e-11
16124 5.466569e-11
16125 5.465923e-11
16126 5.465277e-11
16127 5.464631e-11
16128 5.463985e-11
16129 5.463339e-11
16130 5.462694e-11
16131 5.462048e-11
16132 5.461403e-11
16133 5.460758e-11
16134 5.460113e-11
16135 5.459468e-11
16136 5.458823e-11
16137 5.458178e-11
16138 5.457533e-11
16139 5.456889e-11
16140 5.456244e-11
16141 5.455600e-11
16142 5.454956e-11
16143 5.454311e-11
16144 5.453667e-11
16145 5.453024e-11
16146 5.452380e-11
16147 5.451736e-11
16148 5.451093e-11
16149 5.450449e-11
16150 5.449806e-11
16151 5.449163e-11
16152 5.448520e-11
16153 5.447877e-11
16154 5.447234e-11
16155 5.446591e-11
16156 5.445949e-11
16157 5.445306e-11
16158 5.444664e-11
16159 5.444022e-11
16160 5.443379e-11
16161 5.442737e-11
16162 5.442095e-11
16163 5.441454e-11
16164 5.440812e-11
16165 5.440170e-11
16166 5.439529e-11
16167 5.438888e-11
16168 5.438246e-11
16169 5.437605e-11
16170 5.436964e-11
16171 5.436323e-11
16172 5.435683e-11
16173 5.435042e-11
16174 5.434402e-11
16175 5.433761e-11
16176 5.433121e-11
16177 5.432481e-11
16178 5.431841e-11
16179 5.431201e-11
16180 5.430561e-11
16181 5.429921e-11
16182 5.429282e-11
16183 5.428642e-11
16184 5.428003e-11
16185 5.427363e-11
16186 5.426724e-11
16187 5.426085e-11
16188 5.425446e-11
16189 5.424808e-11
16190 5.424169e-11
16191 5.423530e-11
16192 5.422892e-11
16193 5.422253e-11
16194 5.421615e-11
16195 5.420977e-11
16196 5.420339e-11
16197 5.419701e-11
16198 5.419063e-11
16199 5.418426e-11
16200 5.417788e-11
16201 5.417151e-11
16202 5.416514e-11
16203 5.415876e-11
16204 5.415239e-11
16205 5.414602e-11
16206 5.413965e-11
16207 5.413329e-11
16208 5.412692e-11
16209 5.412056e-11
16210 5.411419e-11
16211 5.410783e-11
16212 5.410147e-11
16213 5.409511e-11
16214 5.408875e-11
16215 5.408239e-11
16216 5.407603e-11
16217 5.406968e-11
16218 5.406332e-11
16219 5.405697e-11
16220 5.405061e-11
16221 5.404426e-11
16222 5.403791e-11
16223 5.403156e-11
16224 5.402522e-11
16225 5.401887e-11
16226 5.401252e-11
16227 5.400618e-11
16228 5.399984e-11
16229 5.399349e-11
16230 5.398715e-11
16231 5.398081e-11
16232 5.397447e-11
16233 5.396813e-11
16234 5.396180e-11
16235 5.395546e-11
16236 5.394913e-11
16237 5.394279e-11
16238 5.393646e-11
16239 5.393013e-11
16240 5.392380e-11
16241 5.391747e-11
16242 5.391115e-11
16243 5.390482e-11
16244 5.389849e-11
16245 5.389217e-11
16246 5.388585e-11
16247 5.387952e-11
16248 5.387320e-11
16249 5.386688e-11
16250 5.386057e-11
16251 5.385425e-11
16252 5.384793e-11
16253 5.384162e-11
16254 5.383530e-11
16255 5.382899e-11
16256 5.382268e-11
16257 5.381637e-11
16258 5.381006e-11
16259 5.380375e-11
16260 5.379744e-11
16261 5.379114e-11
16262 5.378483e-11
16263 5.377853e-11
16264 5.377222e-11
16265 5.376592e-11
16266 5.375962e-11
16267 5.375332e-11
16268 5.374702e-11
16269 5.374073e-11
16270 5.373443e-11
16271 5.372814e-11
16272 5.372184e-11
16273 5.371555e-11
16274 5.370926e-11
16275 5.370297e-11
16276 5.369668e-11
16277 5.369039e-11
16278 5.368410e-11
16279 5.367782e-11
16280 5.367153e-11
16281 5.366525e-11
16282 5.365897e-11
16283 5.365269e-11
16284 5.364641e-11
16285 5.364013e-11
16286 5.363385e-11
16287 5.362757e-11
16288 5.362130e-11
16289 5.361502e-11
16290 5.360875e-11
16291 5.360247e-11
16292 5.359620e-11
16293 5.358993e-11
16294 5.358366e-11
16295 5.357740e-11
16296 5.357113e-11
16297 5.356486e-11
16298 5.355860e-11
16299 5.355234e-11
16300 5.354607e-11
16301 5.353981e-11
16302 5.353355e-11
16303 5.352729e-11
16304 5.352103e-11
16305 5.351478e-11
16306 5.350852e-11
16307 5.350227e-11
16308 5.349601e-11
16309 5.348976e-11
16310 5.348351e-11
16311 5.347726e-11
16312 5.347101e-11
16313 5.346476e-11
16314 5.345852e-11
16315 5.345227e-11
16316 5.344603e-11
16317 5.343978e-11
16318 5.343354e-11
16319 5.342730e-11
16320 5.342106e-11
16321 5.341482e-11
16322 5.340858e-11
16323 5.340235e-11
16324 5.339611e-11
16325 5.338988e-11
16326 5.338364e-11
16327 5.337741e-11
16328 5.337118e-11
16329 5.336495e-11
16330 5.335872e-11
16331 5.335249e-11
16332 5.334626e-11
16333 5.334004e-11
16334 5.333381e-11
16335 5.332759e-11
16336 5.332137e-11
16337 5.331515e-11
16338 5.330893e-11
16339 5.330271e-11
16340 5.329649e-11
16341 5.329027e-11
16342 5.328406e-11
16343 5.327784e-11
16344 5.327163e-11
16345 5.326542e-11
16346 5.325921e-11
16347 5.325300e-11
16348 5.324679e-11
16349 5.324058e-11
16350 5.323437e-11
16351 5.322817e-11
16352 5.322196e-11
16353 5.321576e-11
16354 5.320956e-11
16355 5.320335e-11
16356 5.319715e-11
16357 5.319095e-11
16358 5.318476e-11
16359 5.317856e-11
16360 5.317236e-11
16361 5.316617e-11
16362 5.315997e-11
16363 5.315378e-11
16364 5.314759e-11
16365 5.314140e-11
16366 5.313521e-11
16367 5.312902e-11
16368 5.312284e-11
16369 5.311665e-11
16370 5.311047e-11
16371 5.310428e-11
16372 5.309810e-11
16373 5.309192e-11
16374 5.308574e-11
16375 5.307956e-11
16376 5.307338e-11
16377 5.306720e-11
16378 5.306103e-11
16379 5.305485e-11
16380 5.304868e-11
16381 5.304250e-11
16382 5.303633e-11
16383 5.303016e-11
16384 5.302399e-11
16385 5.301782e-11
16386 5.301166e-11
16387 5.300549e-11
16388 5.299932e-11
16389 5.299316e-11
16390 5.298700e-11
16391 5.298084e-11
16392 5.297468e-11
16393 5.296852e-11
16394 5.296236e-11
16395 5.295620e-11
16396 5.295004e-11
16397 5.294389e-11
16398 5.293773e-11
16399 5.293158e-11
16400 5.292543e-11
16401 5.291928e-11
16402 5.291313e-11
16403 5.290698e-11
16404 5.290083e-11
16405 5.289468e-11
16406 5.288854e-11
16407 5.288239e-11
16408 5.287625e-11
16409 5.287011e-11
16410 5.286397e-11
16411 5.285783e-11
16412 5.285169e-11
16413 5.284555e-11
16414 5.283941e-11
16415 5.283328e-11
16416 5.282714e-11
16417 5.282101e-11
16418 5.281488e-11
16419 5.280875e-11
16420 5.280262e-11
16421 5.279649e-11
16422 5.279036e-11
16423 5.278423e-11
16424 5.277811e-11
16425 5.277198e-11
16426 5.276586e-11
16427 5.275973e-11
16428 5.275361e-11
16429 5.274749e-11
16430 5.274137e-11
16431 5.273525e-11
16432 5.272914e-11
16433 5.272302e-11
16434 5.271691e-11
16435 5.271079e-11
16436 5.270468e-11
16437 5.269857e-11
16438 5.269246e-11
16439 5.268635e-11
16440 5.268024e-11
16441 5.267413e-11
16442 5.266802e-11
16443 5.266192e-11
16444 5.265581e-11
16445 5.264971e-11
16446 5.264361e-11
16447 5.263748e-11
16448 5.263128e-11
16449 5.262507e-11
16450 5.261887e-11
16451 5.261267e-11
16452 5.260647e-11
16453 5.260027e-11
16454 5.259408e-11
16455 5.258788e-11
16456 5.258168e-11
16457 5.257549e-11
16458 5.256930e-11
16459 5.256311e-11
16460 5.255691e-11
16461 5.255072e-11
16462 5.254454e-11
16463 5.253835e-11
16464 5.253216e-11
16465 5.252598e-11
16466 5.251979e-11
16467 5.251361e-11
16468 5.250743e-11
16469 5.250125e-11
16470 5.249507e-11
16471 5.248889e-11
16472 5.248271e-11
16473 5.247653e-11
16474 5.247036e-11
16475 5.246418e-11
16476 5.245801e-11
16477 5.245184e-11
16478 5.244567e-11
16479 5.243950e-11
16480 5.243333e-11
16481 5.242716e-11
16482 5.242099e-11
16483 5.241483e-11
16484 5.240866e-11
16485 5.240250e-11
16486 5.239634e-11
16487 5.239018e-11
16488 5.238402e-11
16489 5.237786e-11
16490 5.237170e-11
16491 5.236554e-11
16492 5.235939e-11
16493 5.235323e-11
16494 5.234708e-11
16495 5.234093e-11
16496 5.233478e-11
16497 5.232863e-11
16498 5.232248e-11
16499 5.231633e-11
16500 5.231018e-11
16501 5.230404e-11
16502 5.229789e-11
16503 5.229175e-11
16504 5.228561e-11
16505 5.227946e-11
16506 5.227332e-11
16507 5.226719e-11
16508 5.226105e-11
16509 5.225491e-11
16510 5.224877e-11
16511 5.224264e-11
16512 5.223651e-11
16513 5.223037e-11
16514 5.222424e-11
16515 5.221811e-11
16516 5.221198e-11
16517 5.220585e-11
16518 5.219973e-11
16519 5.219360e-11
16520 5.218747e-11
16521 5.218135e-11
16522 5.217523e-11
16523 5.216911e-11
16524 5.216299e-11
16525 5.215687e-11
16526 5.215075e-11
16527 5.214463e-11
16528 5.213851e-11
16529 5.213240e-11
16530 5.212628e-11
16531 5.212017e-11
16532 5.211406e-11
16533 5.210795e-11
16534 5.210184e-11
16535 5.209573e-11
16536 5.208962e-11
16537 5.208352e-11
16538 5.207741e-11
16539 5.207131e-11
16540 5.206520e-11
16541 5.205910e-11
16542 5.205300e-11
16543 5.204690e-11
16544 5.204080e-11
16545 5.203470e-11
16546 5.202861e-11
16547 5.202251e-11
16548 5.201642e-11
16549 5.201032e-11
16550 5.200423e-11
16551 5.199814e-11
16552 5.199205e-11
16553 5.198596e-11
16554 5.197987e-11
16555 5.197378e-11
16556 5.196770e-11
16557 5.196161e-11
16558 5.195553e-11
16559 5.194945e-11
16560 5.194336e-11
16561 5.193728e-11
16562 5.193120e-11
16563 5.192513e-11
16564 5.191905e-11
16565 5.191297e-11
16566 5.190690e-11
16567 5.190082e-11
16568 5.189475e-11
16569 5.188868e-11
16570 5.188261e-11
16571 5.187654e-11
16572 5.187047e-11
16573 5.186440e-11
16574 5.185833e-11
16575 5.185227e-11
16576 5.184620e-11
16577 5.184014e-11
16578 5.183408e-11
16579 5.182802e-11
16580 5.182196e-11
16581 5.181590e-11
16582 5.180984e-11
16583 5.180378e-11
16584 5.179773e-11
16585 5.179167e-11
16586 5.178562e-11
16587 5.177957e-11
16588 5.177352e-11
16589 5.176747e-11
16590 5.176142e-11
16591 5.175537e-11
16592 5.174932e-11
16593 5.174327e-11
16594 5.173723e-11
16595 5.173118e-11
16596 5.172514e-11
16597 5.171910e-11
16598 5.171306e-11
16599 5.170702e-11
16600 5.170098e-11
16601 5.169494e-11
16602 5.168891e-11
16603 5.168287e-11
16604 5.167684e-11
16605 5.167080e-11
16606 5.166477e-11
16607 5.165874e-11
16608 5.165271e-11
16609 5.164668e-11
16610 5.164065e-11
16611 5.163463e-11
16612 5.162860e-11
16613 5.162258e-11
16614 5.161655e-11
16615 5.161053e-11
16616 5.160451e-11
16617 5.159849e-11
16618 5.159247e-11
16619 5.158645e-11
16620 5.158043e-11
16621 5.157441e-11
16622 5.156840e-11
16623 5.156239e-11
16624 5.155637e-11
16625 5.155036e-11
16626 5.154435e-11
16627 5.153834e-11
16628 5.153233e-11
16629 5.152632e-11
16630 5.152032e-11
16631 5.151431e-11
16632 5.150831e-11
16633 5.150230e-11
16634 5.149630e-11
16635 5.149030e-11
16636 5.148430e-11
16637 5.147830e-11
16638 5.147230e-11
16639 5.146630e-11
16640 5.146031e-11
16641 5.145431e-11
16642 5.144832e-11
16643 5.144233e-11
16644 5.143633e-11
16645 5.143034e-11
16646 5.142435e-11
16647 5.141836e-11
16648 5.141238e-11
16649 5.140639e-11
16650 5.140040e-11
16651 5.139442e-11
16652 5.138844e-11
16653 5.138245e-11
16654 5.137647e-11
16655 5.137049e-11
16656 5.136451e-11
16657 5.135853e-11
16658 5.135256e-11
16659 5.134658e-11
16660 5.134061e-11
16661 5.133463e-11
16662 5.132866e-11
16663 5.132269e-11
16664 5.131672e-11
16665 5.131075e-11
16666 5.130478e-11
16667 5.129881e-11
16668 5.129284e-11
16669 5.128688e-11
16670 5.128091e-11
16671 5.127495e-11
16672 5.126899e-11
16673 5.126303e-11
16674 5.125707e-11
16675 5.125111e-11
16676 5.124515e-11
16677 5.123919e-11
16678 5.123324e-11
16679 5.122728e-11
16680 5.122133e-11
16681 5.121538e-11
16682 5.120942e-11
16683 5.120347e-11
16684 5.119752e-11
16685 5.119157e-11
16686 5.118563e-11
16687 5.117968e-11
16688 5.117373e-11
16689 5.116779e-11
16690 5.116185e-11
16691 5.115590e-11
16692 5.114996e-11
16693 5.114402e-11
16694 5.113808e-11
16695 5.113214e-11
16696 5.112621e-11
16697 5.112027e-11
16698 5.111434e-11
16699 5.110840e-11
16700 5.110247e-11
16701 5.109654e-11
16702 5.109061e-11
16703 5.108468e-11
16704 5.107875e-11
16705 5.107282e-11
16706 5.106689e-11
16707 5.106097e-11
16708 5.105504e-11
16709 5.104912e-11
16710 5.104320e-11
16711 5.103727e-11
16712 5.103135e-11
16713 5.102543e-11
16714 5.101952e-11
16715 5.101360e-11
16716 5.100768e-11
16717 5.100177e-11
16718 5.099585e-11
16719 5.098994e-11
16720 5.098403e-11
16721 5.097812e-11
16722 5.097221e-11
16723 5.096630e-11
16724 5.096039e-11
16725 5.095448e-11
16726 5.094858e-11
16727 5.094267e-11
16728 5.093677e-11
16729 5.093086e-11
16730 5.092496e-11
16731 5.091906e-11
16732 5.091316e-11
16733 5.090726e-11
16734 5.090137e-11
16735 5.089547e-11
16736 5.088957e-11
16737 5.088368e-11
16738 5.087778e-11
16739 5.087189e-11
16740 5.086600e-11
16741 5.086011e-11
16742 5.085422e-11
16743 5.084833e-11
16744 5.084245e-11
16745 5.083656e-11
16746 5.083067e-11
16747 5.082479e-11
16748 5.081891e-11
16749 5.081302e-11
16750 5.080714e-11
16751 5.080126e-11
16752 5.079538e-11
16753 5.078951e-11
16754 5.078363e-11
16755 5.077775e-11
16756 5.077188e-11
16757 5.076600e-11
16758 5.076013e-11
16759 5.075426e-11
16760 5.074839e-11
16761 5.074252e-11
16762 5.073665e-11
16763 5.073078e-11
16764 5.072492e-11
16765 5.071905e-11
16766 5.071318e-11
16767 5.070732e-11
16768 5.070146e-11
16769 5.069560e-11
16770 5.068974e-11
16771 5.068388e-11
16772 5.067802e-11
16773 5.067216e-11
16774 5.066630e-11
16775 5.066045e-11
16776 5.065459e-11
16777 5.064874e-11
16778 5.064289e-11
16779 5.063704e-11
16780 5.063119e-11
16781 5.062534e-11
16782 5.061949e-11
16783 5.061364e-11
16784 5.060780e-11
16785 5.060195e-11
16786 5.059611e-11
16787 5.059026e-11
16788 5.058442e-11
16789 5.057858e-11
16790 5.057274e-11
16791 5.056690e-11
16792 5.056106e-11
16793 5.055523e-11
16794 5.054939e-11
16795 5.054356e-11
16796 5.053772e-11
16797 5.053189e-11
16798 5.052606e-11
16799 5.052023e-11
16800 5.051440e-11
16801 5.050857e-11
16802 5.050274e-11
16803 5.049691e-11
16804 5.049109e-11
16805 5.048526e-11
16806 5.047944e-11
16807 5.047362e-11
16808 5.046779e-11
16809 5.046197e-11
16810 5.045615e-11
16811 5.045034e-11
16812 5.044452e-11
16813 5.043870e-11
16814 5.043289e-11
16815 5.042707e-11
16816 5.042126e-11
16817 5.041545e-11
16818 5.040963e-11
16819 5.040382e-11
16820 5.039801e-11
16821 5.039221e-11
16822 5.038640e-11
16823 5.038059e-11
16824 5.037479e-11
16825 5.036898e-11
16826 5.036318e-11
16827 5.035738e-11
16828 5.035157e-11
16829 5.034577e-11
16830 5.033997e-11
16831 5.033418e-11
16832 5.032838e-11
16833 5.032258e-11
16834 5.031679e-11
16835 5.031099e-11
16836 5.030520e-11
16837 5.029941e-11
16838 5.029362e-11
16839 5.028783e-11
16840 5.028204e-11
16841 5.027625e-11
16842 5.027046e-11
16843 5.026467e-11
16844 5.025889e-11
16845 5.025311e-11
16846 5.024732e-11
16847 5.024154e-11
16848 5.023576e-11
16849 5.022998e-11
16850 5.022420e-11
16851 5.021842e-11
16852 5.021264e-11
16853 5.020687e-11
16854 5.020109e-11
16855 5.019532e-11
16856 5.018955e-11
16857 5.018377e-11
16858 5.017800e-11
16859 5.017223e-11
16860 5.016646e-11
16861 5.016070e-11
16862 5.015493e-11
16863 5.014916e-11
16864 5.014340e-11
16865 5.013763e-11
16866 5.013187e-11
16867 5.012611e-11
16868 5.012035e-11
16869 5.011459e-11
16870 5.010883e-11
16871 5.010307e-11
16872 5.009731e-11
16873 5.009156e-11
16874 5.008580e-11
16875 5.008005e-11
16876 5.007429e-11
16877 5.006854e-11
16878 5.006279e-11
16879 5.005704e-11
16880 5.005129e-11
16881 5.004554e-11
16882 5.003980e-11
16883 5.003405e-11
16884 5.002831e-11
16885 5.002256e-11
16886 5.001682e-11
16887 5.001108e-11
16888 5.000534e-11
16889 4.999960e-11
16890 4.999386e-11
16891 4.998812e-11
16892 4.998238e-11
16893 4.997665e-11
16894 4.997091e-11
16895 4.996518e-11
16896 4.995944e-11
16897 4.995371e-11
16898 4.994798e-11
16899 4.994225e-11
16900 4.993652e-11
16901 4.993079e-11
16902 4.992507e-11
16903 4.991934e-11
16904 4.991362e-11
16905 4.990789e-11
16906 4.990217e-11
16907 4.989645e-11
16908 4.989073e-11
16909 4.988501e-11
16910 4.987929e-11
16911 4.987357e-11
16912 4.986785e-11
16913 4.986214e-11
16914 4.985642e-11
16915 4.985071e-11
16916 4.984499e-11
16917 4.983928e-11
16918 4.983357e-11
16919 4.982786e-11
16920 4.982215e-11
16921 4.981644e-11
16922 4.981073e-11
16923 4.980503e-11
16924 4.979932e-11
16925 4.979362e-11
16926 4.978792e-11
16927 4.978221e-11
16928 4.977651e-11
16929 4.977081e-11
16930 4.976511e-11
16931 4.975941e-11
16932 4.975372e-11
16933 4.974802e-11
16934 4.974233e-11
16935 4.973663e-11
16936 4.973094e-11
16937 4.972525e-11
16938 4.971955e-11
16939 4.971386e-11
16940 4.970817e-11
16941 4.970249e-11
16942 4.969680e-11
16943 4.969111e-11
16944 4.968543e-11
16945 4.967974e-11
16946 4.967406e-11
16947 4.966838e-11
16948 4.966270e-11
16949 4.965701e-11
16950 4.965134e-11
16951 4.964566e-11
16952 4.963998e-11
16953 4.963430e-11
16954 4.962863e-11
16955 4.962295e-11
16956 4.961728e-11
16957 4.961161e-11
16958 4.960593e-11
16959 4.960026e-11
16960 4.959459e-11
16961 4.958893e-11
16962 4.958326e-11
16963 4.957759e-11
16964 4.957192e-11
16965 4.956626e-11
16966 4.956060e-11
16967 4.955493e-11
16968 4.954927e-11
16969 4.954361e-11
16970 4.953795e-11
16971 4.953229e-11
16972 4.952663e-11
16973 4.952098e-11
16974 4.951532e-11
16975 4.950967e-11
16976 4.950401e-11
16977 4.949836e-11
16978 4.949271e-11
16979 4.948706e-11
16980 4.948141e-11
16981 4.947576e-11
16982 4.947011e-11
16983 4.946446e-11
16984 4.945882e-11
16985 4.945317e-11
16986 4.944753e-11
16987 4.944188e-11
16988 4.943624e-11
16989 4.943060e-11
16990 4.942496e-11
16991 4.941932e-11
16992 4.941368e-11
16993 4.940804e-11
16994 4.940241e-11
16995 4.939677e-11
16996 4.939114e-11
16997 4.938550e-11
16998 4.937987e-11
16999 4.937424e-11
17000 4.936861e-11
17001 4.936298e-11
17002 4.935735e-11
17003 4.935172e-11
17004 4.934610e-11
17005 4.934047e-11
17006 4.933485e-11
17007 4.932922e-11
17008 4.932360e-11
17009 4.931798e-11
17010 4.931236e-11
17011 4.930674e-11
17012 4.930112e-11
17013 4.929550e-11
17014 4.928988e-11
17015 4.928427e-11
17016 4.927865e-11
17017 4.927304e-11
17018 4.926743e-11
17019 4.926181e-11
17020 4.925620e-11
17021 4.925059e-11
17022 4.924498e-11
17023 4.923937e-11
17024 4.923377e-11
17025 4.922816e-11
17026 4.922256e-11
17027 4.921695e-11
17028 4.921135e-11
17029 4.920575e-11
17030 4.920014e-11
17031 4.919454e-11
17032 4.918894e-11
17033 4.918335e-11
17034 4.917775e-11
17035 4.917215e-11
17036 4.916656e-11
17037 4.916096e-11
17038 4.915537e-11
17039 4.914977e-11
17040 4.914418e-11
17041 4.913859e-11
17042 4.913300e-11
17043 4.912741e-11
17044 4.912182e-11
17045 4.911624e-11
17046 4.911065e-11
17047 4.910507e-11
17048 4.909948e-11
17049 4.909390e-11
17050 4.908832e-11
17051 4.908274e-11
17052 4.907716e-11
17053 4.907158e-11
17054 4.906600e-11
17055 4.906042e-11
17056 4.905484e-11
17057 4.904927e-11
17058 4.904369e-11
17059 4.903812e-11
17060 4.903255e-11
17061 4.902698e-11
17062 4.902141e-11
17063 4.901584e-11
17064 4.901027e-11
17065 4.900470e-11
17066 4.899913e-11
17067 4.899357e-11
17068 4.898800e-11
17069 4.898244e-11
17070 4.897688e-11
17071 4.897131e-11
17072 4.896575e-11
17073 4.896019e-11
17074 4.895463e-11
17075 4.894907e-11
17076 4.894352e-11
17077 4.893796e-11
17078 4.893241e-11
17079 4.892685e-11
17080 4.892130e-11
17081 4.891575e-11
17082 4.891019e-11
17083 4.890464e-11
17084 4.889909e-11
17085 4.889355e-11
17086 4.888800e-11
17087 4.888245e-11
17088 4.887690e-11
17089 4.887136e-11
17090 4.886582e-11
17091 4.886027e-11
17092 4.885473e-11
17093 4.884919e-11
17094 4.884365e-11
17095 4.883811e-11
17096 4.883257e-11
17097 4.882704e-11
17098 4.882150e-11
17099 4.881596e-11
17100 4.881043e-11
17101 4.880490e-11
17102 4.879936e-11
17103 4.879383e-11
17104 4.878830e-11
17105 4.878277e-11
17106 4.877724e-11
17107 4.877172e-11
17108 4.876619e-11
17109 4.876066e-11
17110 4.875514e-11
17111 4.874961e-11
17112 4.874409e-11
17113 4.873857e-11
17114 4.873305e-11
17115 4.872753e-11
17116 4.872201e-11
17117 4.871649e-11
17118 4.871097e-11
17119 4.870546e-11
17120 4.869994e-11
17121 4.869443e-11
17122 4.868891e-11
17123 4.868340e-11
17124 4.867789e-11
17125 4.867238e-11
17126 4.866687e-11
17127 4.866136e-11
17128 4.865585e-11
17129 4.865035e-11
17130 4.864484e-11
17131 4.863934e-11
17132 4.863383e-11
17133 4.862833e-11
17134 4.862283e-11
17135 4.861733e-11
17136 4.861182e-11
17137 4.860633e-11
17138 4.860083e-11
17139 4.859533e-11
17140 4.858983e-11
17141 4.858434e-11
17142 4.857884e-11
17143 4.857335e-11
17144 4.856786e-11
17145 4.856236e-11
17146 4.855687e-11
17147 4.855138e-11
17148 4.854590e-11
17149 4.854041e-11
17150 4.853492e-11
17151 4.852943e-11
17152 4.852395e-11
17153 4.851846e-11
17154 4.851298e-11
17155 4.850750e-11
17156 4.850202e-11
17157 4.849654e-11
17158 4.849106e-11
17159 4.848558e-11
17160 4.848010e-11
17161 4.847462e-11
17162 4.846915e-11
17163 4.846367e-11
17164 4.845820e-11
17165 4.845273e-11
17166 4.844725e-11
17167 4.844178e-11
17168 4.843631e-11
17169 4.843084e-11
17170 4.842538e-11
17171 4.841991e-11
17172 4.841444e-11
17173 4.840898e-11
17174 4.840351e-11
17175 4.839805e-11
17176 4.839259e-11
17177 4.838712e-11
17178 4.838166e-11
17179 4.837620e-11
17180 4.837074e-11
17181 4.836529e-11
17182 4.835983e-11
17183 4.835437e-11
17184 4.834892e-11
17185 4.834346e-11
17186 4.833801e-11
17187 4.833256e-11
17188 4.832711e-11
17189 4.832166e-11
17190 4.831621e-11
17191 4.831076e-11
17192 4.830531e-11
17193 4.829986e-11
17194 4.829442e-11
17195 4.828897e-11
17196 4.828353e-11
17197 4.827808e-11
17198 4.827264e-11
17199 4.826720e-11
17200 4.826176e-11
17201 4.825632e-11
17202 4.825088e-11
17203 4.824545e-11
17204 4.824001e-11
17205 4.823457e-11
17206 4.822914e-11
17207 4.822370e-11
17208 4.821827e-11
17209 4.821284e-11
17210 4.820741e-11
17211 4.820198e-11
17212 4.819655e-11
17213 4.819112e-11
17214 4.818569e-11
17215 4.818027e-11
17216 4.817484e-11
17217 4.816942e-11
17218 4.816399e-11
17219 4.815857e-11
17220 4.815315e-11
17221 4.814773e-11
17222 4.814231e-11
17223 4.813689e-11
17224 4.813147e-11
17225 4.812605e-11
17226 4.812064e-11
17227 4.811522e-11
17228 4.810981e-11
17229 4.810439e-11
17230 4.809898e-11
17231 4.809357e-11
17232 4.808816e-11
17233 4.808275e-11
17234 4.807734e-11
17235 4.807193e-11
17236 4.806653e-11
17237 4.806112e-11
17238 4.805572e-11
17239 4.805031e-11
17240 4.804491e-11
17241 4.803951e-11
17242 4.803410e-11
17243 4.802870e-11
17244 4.802330e-11
17245 4.801790e-11
17246 4.801251e-11
17247 4.800711e-11
17248 4.800171e-11
17249 4.799632e-11
17250 4.799093e-11
17251 4.798553e-11
17252 4.798014e-11
17253 4.797475e-11
17254 4.796936e-11
17255 4.796397e-11
17256 4.795858e-11
17257 4.795319e-11
17258 4.794781e-11
17259 4.794242e-11
17260 4.793703e-11
17261 4.793165e-11
17262 4.792627e-11
17263 4.792089e-11
17264 4.791550e-11
17265 4.791012e-11
17266 4.790474e-11
17267 4.789937e-11
17268 4.789399e-11
17269 4.788861e-11
17270 4.788324e-11
17271 4.787786e-11
17272 4.787249e-11
17273 4.786711e-11
17274 4.786174e-11
17275 4.785637e-11
17276 4.785100e-11
17277 4.784563e-11
17278 4.784026e-11
17279 4.783489e-11
17280 4.782953e-11
17281 4.782416e-11
17282 4.781880e-11
17283 4.781343e-11
17284 4.780807e-11
17285 4.780271e-11
17286 4.779735e-11
17287 4.779199e-11
17288 4.778663e-11
17289 4.778127e-11
17290 4.777591e-11
17291 4.777056e-11
17292 4.776520e-11
17293 4.775984e-11
17294 4.775449e-11
17295 4.774914e-11
17296 4.774379e-11
17297 4.773843e-11
17298 4.773308e-11
17299 4.772774e-11
17300 4.772239e-11
17301 4.771704e-11
17302 4.771169e-11
17303 4.770635e-11
17304 4.770100e-11
17305 4.769566e-11
17306 4.769032e-11
17307 4.768497e-11
17308 4.767963e-11
17309 4.767429e-11
17310 4.766895e-11
17311 4.766361e-11
17312 4.765828e-11
17313 4.765294e-11
17314 4.764760e-11
17315 4.764227e-11
17316 4.763694e-11
17317 4.763160e-11
17318 4.762627e-11
17319 4.762094e-11
17320 4.761561e-11
17321 4.761028e-11
17322 4.760495e-11
17323 4.759962e-11
17324 4.759430e-11
17325 4.758897e-11
17326 4.758365e-11
17327 4.757832e-11
17328 4.757300e-11
17329 4.756768e-11
17330 4.756236e-11
17331 4.755704e-11
17332 4.755172e-11
17333 4.754640e-11
17334 4.754108e-11
17335 4.753576e-11
17336 4.753045e-11
17337 4.752513e-11
17338 4.751982e-11
17339 4.751450e-11
17340 4.750919e-11
17341 4.750388e-11
17342 4.749857e-11
17343 4.749326e-11
17344 4.748795e-11
17345 4.748264e-11
17346 4.747734e-11
17347 4.747203e-11
17348 4.746673e-11
17349 4.746142e-11
17350 4.745612e-11
17351 4.745082e-11
17352 4.744552e-11
17353 4.744022e-11
17354 4.743492e-11
17355 4.742962e-11
17356 4.742432e-11
17357 4.741902e-11
17358 4.741373e-11
17359 4.740843e-11
17360 4.740314e-11
17361 4.739784e-11
17362 4.739255e-11
17363 4.738726e-11
17364 4.738197e-11
17365 4.737668e-11
17366 4.737139e-11
17367 4.736610e-11
17368 4.736081e-11
17369 4.735553e-11
17370 4.735024e-11
17371 4.734496e-11
17372 4.733967e-11
17373 4.733439e-11
17374 4.732911e-11
17375 4.732383e-11
17376 4.731855e-11
17377 4.731327e-11
17378 4.730799e-11
17379 4.730271e-11
17380 4.729744e-11
17381 4.729216e-11
17382 4.728689e-11
17383 4.728161e-11
17384 4.727634e-11
17385 4.727107e-11
17386 4.726580e-11
17387 4.726053e-11
17388 4.725526e-11
17389 4.724999e-11
17390 4.724472e-11
17391 4.723946e-11
17392 4.723419e-11
17393 4.722893e-11
17394 4.722366e-11
17395 4.721840e-11
17396 4.721314e-11
17397 4.720788e-11
17398 4.720262e-11
17399 4.719736e-11
17400 4.719210e-11
17401 4.718684e-11
17402 4.718158e-11
17403 4.717633e-11
17404 4.717107e-11
17405 4.716582e-11
17406 4.716056e-11
17407 4.715531e-11
17408 4.715006e-11
17409 4.714481e-11
17410 4.713956e-11
17411 4.713431e-11
17412 4.712906e-11
17413 4.712382e-11
17414 4.711857e-11
17415 4.711333e-11
17416 4.710808e-11
17417 4.710284e-11
17418 4.709759e-11
17419 4.709235e-11
17420 4.708711e-11
17421 4.708187e-11
17422 4.707663e-11
17423 4.707139e-11
17424 4.706616e-11
17425 4.706092e-11
17426 4.705569e-11
17427 4.705045e-11
17428 4.704522e-11
17429 4.703998e-11
17430 4.703475e-11
17431 4.702952e-11
17432 4.702429e-11
17433 4.701906e-11
17434 4.701383e-11
17435 4.700860e-11
17436 4.700338e-11
17437 4.699815e-11
17438 4.699293e-11
17439 4.698770e-11
17440 4.698248e-11
17441 4.697726e-11
17442 4.697204e-11
17443 4.696682e-11
17444 4.696160e-11
17445 4.695638e-11
17446 4.695116e-11
17447 4.694594e-11
17448 4.694073e-11
17449 4.693551e-11
17450 4.693030e-11
17451 4.692508e-11
17452 4.691987e-11
17453 4.691466e-11
17454 4.690945e-11
17455 4.690424e-11
17456 4.689903e-11
17457 4.689382e-11
17458 4.688861e-11
17459 4.688341e-11
17460 4.687820e-11
17461 4.687300e-11
17462 4.686779e-11
17463 4.686259e-11
17464 4.685739e-11
17465 4.685218e-11
17466 4.684698e-11
17467 4.684178e-11
17468 4.683659e-11
17469 4.683139e-11
17470 4.682619e-11
17471 4.682100e-11
17472 4.681580e-11
17473 4.681061e-11
17474 4.680541e-11
17475 4.680022e-11
17476 4.679503e-11
17477 4.678984e-11
17478 4.678465e-11
17479 4.677946e-11
17480 4.677427e-11
17481 4.676908e-11
17482 4.676390e-11
17483 4.675871e-11
17484 4.675353e-11
17485 4.674834e-11
17486 4.674316e-11
17487 4.673798e-11
17488 4.673280e-11
17489 4.672762e-11
17490 4.672244e-11
17491 4.671726e-11
17492 4.671208e-11
17493 4.670690e-11
17494 4.670173e-11
17495 4.669655e-11
17496 4.669138e-11
17497 4.668620e-11
17498 4.668103e-11
17499 4.667586e-11
17500 4.667069e-11
17501 4.666552e-11
17502 4.666035e-11
17503 4.665518e-11
17504 4.665002e-11
17505 4.664485e-11
17506 4.663968e-11
17507 4.663452e-11
17508 4.662935e-11
17509 4.662419e-11
17510 4.661903e-11
17511 4.661387e-11
17512 4.660871e-11
17513 4.660355e-11
17514 4.659839e-11
17515 4.659323e-11
17516 4.658807e-11
17517 4.658292e-11
17518 4.657776e-11
17519 4.657261e-11
17520 4.656746e-11
17521 4.656230e-11
17522 4.655715e-11
17523 4.655200e-11
17524 4.654685e-11
17525 4.654170e-11
17526 4.653655e-11
17527 4.653141e-11
17528 4.652626e-11
17529 4.652111e-11
17530 4.651597e-11
17531 4.651083e-11
17532 4.650568e-11
17533 4.650054e-11
17534 4.649540e-11
17535 4.649026e-11
17536 4.648512e-11
17537 4.647998e-11
17538 4.647484e-11
17539 4.646970e-11
17540 4.646457e-11
17541 4.645943e-11
17542 4.645430e-11
17543 4.644916e-11
17544 4.644403e-11
17545 4.643890e-11
17546 4.643377e-11
17547 4.642864e-11
17548 4.642351e-11
17549 4.641838e-11
17550 4.641325e-11
17551 4.640813e-11
17552 4.640300e-11
17553 4.639788e-11
17554 4.639275e-11
17555 4.638763e-11
17556 4.638251e-11
17557 4.637738e-11
17558 4.637226e-11
17559 4.636714e-11
17560 4.636202e-11
17561 4.635691e-11
17562 4.635179e-11
17563 4.634667e-11
17564 4.634156e-11
17565 4.633644e-11
17566 4.633133e-11
17567 4.632622e-11
17568 4.632110e-11
17569 4.631599e-11
17570 4.631088e-11
17571 4.630577e-11
17572 4.630066e-11
17573 4.629556e-11
17574 4.629045e-11
17575 4.628534e-11
17576 4.628024e-11
17577 4.627513e-11
17578 4.627003e-11
17579 4.626493e-11
17580 4.625982e-11
17581 4.625472e-11
17582 4.624962e-11
17583 4.624452e-11
17584 4.623942e-11
17585 4.623433e-11
17586 4.622923e-11
17587 4.622413e-11
17588 4.621904e-11
17589 4.621394e-11
17590 4.620885e-11
17591 4.620376e-11
17592 4.619867e-11
17593 4.619358e-11
17594 4.618849e-11
17595 4.618340e-11
17596 4.617831e-11
17597 4.617322e-11
17598 4.616813e-11
17599 4.616305e-11
17600 4.615796e-11
17601 4.615288e-11
17602 4.614780e-11
17603 4.614271e-11
17604 4.613763e-11
17605 4.613255e-11
17606 4.612747e-11
17607 4.612239e-11
17608 4.611732e-11
17609 4.611224e-11
17610 4.610716e-11
17611 4.610209e-11
17612 4.609701e-11
17613 4.609194e-11
17614 4.608686e-11
17615 4.608179e-11
17616 4.607672e-11
17617 4.607165e-11
17618 4.606658e-11
17619 4.606151e-11
17620 4.605644e-11
17621 4.605138e-11
17622 4.604631e-11
17623 4.604125e-11
17624 4.603618e-11
17625 4.603112e-11
17626 4.602605e-11
17627 4.602099e-11
17628 4.601593e-11
17629 4.601087e-11
17630 4.600574e-11
17631 4.600060e-11
17632 4.599546e-11
17633 4.599032e-11
17634 4.598518e-11
17635 4.598004e-11
17636 4.597490e-11
17637 4.596977e-11
17638 4.596463e-11
17639 4.595950e-11
17640 4.595436e-11
17641 4.594923e-11
17642 4.594410e-11
17643 4.593897e-11
17644 4.593384e-11
17645 4.592871e-11
17646 4.592358e-11
17647 4.591845e-11
17648 4.591333e-11
17649 4.590820e-11
17650 4.590308e-11
17651 4.589795e-11
17652 4.589283e-11
17653 4.588771e-11
17654 4.588258e-11
17655 4.587746e-11
17656 4.587234e-11
17657 4.586722e-11
17658 4.586211e-11
17659 4.585699e-11
17660 4.585187e-11
17661 4.584676e-11
17662 4.584164e-11
17663 4.583653e-11
17664 4.583142e-11
17665 4.582630e-11
17666 4.582119e-11
17667 4.581608e-11
17668 4.581097e-11
17669 4.580586e-11
17670 4.580076e-11
17671 4.579565e-11
17672 4.579054e-11
17673 4.578544e-11
17674 4.578033e-11
17675 4.577523e-11
17676 4.577013e-11
17677 4.576502e-11
17678 4.575992e-11
17679 4.575482e-11
17680 4.574972e-11
17681 4.574463e-11
17682 4.573953e-11
17683 4.573443e-11
17684 4.572934e-11
17685 4.572424e-11
17686 4.571915e-11
17687 4.571405e-11
17688 4.570896e-11
17689 4.570387e-11
17690 4.569878e-11
17691 4.569369e-11
17692 4.568860e-11
17693 4.568351e-11
17694 4.567843e-11
17695 4.567334e-11
17696 4.566825e-11
17697 4.566317e-11
17698 4.565808e-11
17699 4.565300e-11
17700 4.564792e-11
17701 4.564284e-11
17702 4.563776e-11
17703 4.563268e-11
17704 4.562760e-11
17705 4.562252e-11
17706 4.561744e-11
17707 4.561237e-11
17708 4.560729e-11
17709 4.560222e-11
17710 4.559715e-11
17711 4.559207e-11
17712 4.558700e-11
17713 4.558193e-11
17714 4.557686e-11
17715 4.557179e-11
17716 4.556672e-11
17717 4.556165e-11
17718 4.555659e-11
17719 4.555152e-11
17720 4.554646e-11
17721 4.554139e-11
17722 4.553633e-11
17723 4.553127e-11
17724 4.552620e-11
17725 4.552114e-11
17726 4.551608e-11
17727 4.551102e-11
17728 4.550597e-11
17729 4.550091e-11
17730 4.549585e-11
17731 4.549080e-11
17732 4.548574e-11
17733 4.548069e-11
17734 4.547563e-11
17735 4.547058e-11
17736 4.546553e-11
17737 4.546048e-11
17738 4.545543e-11
17739 4.545038e-11
17740 4.544533e-11
17741 4.544028e-11
17742 4.543524e-11
17743 4.543019e-11
17744 4.542515e-11
17745 4.542010e-11
17746 4.541506e-11
17747 4.541002e-11
17748 4.540498e-11
17749 4.539994e-11
17750 4.539490e-11
17751 4.538986e-11
17752 4.538482e-11
17753 4.537978e-11
17754 4.537475e-11
17755 4.536971e-11
17756 4.536468e-11
17757 4.535964e-11
17758 4.535461e-11
17759 4.534958e-11
17760 4.534455e-11
17761 4.533951e-11
17762 4.533449e-11
17763 4.532946e-11
17764 4.532443e-11
17765 4.531940e-11
17766 4.531437e-11
17767 4.530935e-11
17768 4.530432e-11
17769 4.529930e-11
17770 4.529428e-11
17771 4.528926e-11
17772 4.528424e-11
17773 4.527921e-11
17774 4.527420e-11
17775 4.526918e-11
17776 4.526416e-11
17777 4.525914e-11
17778 4.525413e-11
17779 4.524911e-11
17780 4.524410e-11
17781 4.523908e-11
17782 4.523407e-11
17783 4.522906e-11
17784 4.522405e-11
17785 4.521904e-11
17786 4.521403e-11
17787 4.520902e-11
17788 4.520401e-11
17789 4.519900e-11
17790 4.519400e-11
17791 4.518899e-11
17792 4.518399e-11
17793 4.517898e-11
17794 4.517398e-11
17795 4.516898e-11
17796 4.516398e-11
17797 4.515898e-11
17798 4.515398e-11
17799 4.514898e-11
17800 4.514398e-11
17801 4.513898e-11
17802 4.513399e-11
17803 4.512899e-11
17804 4.512400e-11
17805 4.511900e-11
17806 4.511401e-11
17807 4.510902e-11
17808 4.510403e-11
17809 4.509904e-11
17810 4.509405e-11
17811 4.508906e-11
17812 4.508407e-11
17813 4.507909e-11
17814 4.507410e-11
17815 4.506911e-11
17816 4.506413e-11
17817 4.505915e-11
17818 4.505416e-11
17819 4.504918e-11
17820 4.504420e-11
17821 4.503922e-11
17822 4.503424e-11
17823 4.502926e-11
17824 4.502428e-11
17825 4.501931e-11
17826 4.501433e-11
17827 4.500936e-11
17828 4.500438e-11
17829 4.499941e-11
17830 4.499443e-11
17831 4.498946e-11
17832 4.498449e-11
17833 4.497952e-11
17834 4.497455e-11
17835 4.496958e-11
17836 4.496461e-11
17837 4.495965e-11
17838 4.495468e-11
17839 4.494972e-11
17840 4.494475e-11
17841 4.493979e-11
17842 4.493482e-11
17843 4.492986e-11
17844 4.492490e-11
17845 4.491994e-11
17846 4.491498e-11
17847 4.491002e-11
17848 4.490506e-11
17849 4.490011e-11
17850 4.489515e-11
17851 4.489020e-11
17852 4.488524e-11
17853 4.488029e-11
17854 4.487533e-11
17855 4.487038e-11
17856 4.486543e-11
17857 4.486048e-11
17858 4.485553e-11
17859 4.485058e-11
17860 4.484563e-11
17861 4.484069e-11
17862 4.483574e-11
17863 4.483079e-11
17864 4.482585e-11
17865 4.482090e-11
17866 4.481596e-11
17867 4.481102e-11
17868 4.480608e-11
17869 4.480114e-11
17870 4.479620e-11
17871 4.479126e-11
17872 4.478632e-11
17873 4.478138e-11
17874 4.477645e-11
17875 4.477151e-11
17876 4.476658e-11
17877 4.476164e-11
17878 4.475671e-11
17879 4.475178e-11
17880 4.474684e-11
17881 4.474191e-11
17882 4.473698e-11
17883 4.473205e-11
17884 4.472713e-11
17885 4.472220e-11
17886 4.471727e-11
17887 4.471234e-11
17888 4.470742e-11
17889 4.470250e-11
17890 4.469757e-11
17891 4.469265e-11
17892 4.468773e-11
17893 4.468281e-11
17894 4.467789e-11
17895 4.467297e-11
17896 4.466805e-11
17897 4.466313e-11
17898 4.465821e-11
17899 4.465330e-11
17900 4.464838e-11
17901 4.464347e-11
17902 4.463855e-11
17903 4.463364e-11
17904 4.462873e-11
17905 4.462382e-11
17906 4.461891e-11
17907 4.461400e-11
17908 4.460909e-11
17909 4.460418e-11
17910 4.459927e-11
17911 4.459437e-11
17912 4.458946e-11
17913 4.458456e-11
17914 4.457965e-11
17915 4.457475e-11
17916 4.456985e-11
17917 4.456495e-11
17918 4.456005e-11
17919 4.455515e-11
17920 4.455025e-11
17921 4.454535e-11
17922 4.454045e-11
17923 4.453555e-11
17924 4.453066e-11
17925 4.452576e-11
17926 4.452087e-11
17927 4.451598e-11
17928 4.451108e-11
17929 4.450619e-11
17930 4.450130e-11
17931 4.449641e-11
17932 4.449152e-11
17933 4.448663e-11
17934 4.448175e-11
17935 4.447686e-11
17936 4.447197e-11
17937 4.446709e-11
17938 4.446220e-11
17939 4.445732e-11
17940 4.445244e-11
17941 4.444755e-11
17942 4.444267e-11
17943 4.443779e-11
17944 4.443291e-11
17945 4.442803e-11
17946 4.442316e-11
17947 4.441828e-11
17948 4.441340e-11
17949 4.440853e-11
17950 4.440365e-11
17951 4.439878e-11
17952 4.439391e-11
17953 4.438903e-11
17954 4.438416e-11
17955 4.437929e-11
17956 4.437442e-11
17957 4.436955e-11
17958 4.436468e-11
17959 4.435982e-11
17960 4.435495e-11
17961 4.435008e-11
17962 4.434522e-11
17963 4.434035e-11
17964 4.433549e-11
17965 4.433063e-11
17966 4.432577e-11
17967 4.432091e-11
17968 4.431605e-11
17969 4.431119e-11
17970 4.430633e-11
17971 4.430147e-11
17972 4.429661e-11
17973 4.429176e-11
17974 4.428690e-11
17975 4.428205e-11
17976 4.427719e-11
17977 4.427234e-11
17978 4.426749e-11
17979 4.426264e-11
17980 4.425778e-11
17981 4.425293e-11
17982 4.424809e-11
17983 4.424324e-11
17984 4.423839e-11
17985 4.423354e-11
17986 4.422870e-11
17987 4.422385e-11
17988 4.421901e-11
17989 4.421417e-11
17990 4.420932e-11
17991 4.420448e-11
17992 4.419964e-11
17993 4.419480e-11
17994 4.418996e-11
17995 4.418512e-11
17996 4.418028e-11
17997 4.417545e-11
17998 4.417061e-11
17999 4.416577e-11
18000 4.416094e-11
18001 4.415611e-11
18002 4.415127e-11
18003 4.414644e-11
18004 4.414161e-11
18005 4.413678e-11
18006 4.413195e-11
18007 4.412712e-11
18008 4.412229e-11
18009 4.411746e-11
18010 4.411264e-11
18011 4.410781e-11
18012 4.410299e-11
18013 4.409816e-11
18014 4.409334e-11
18015 4.408852e-11
18016 4.408369e-11
18017 4.407887e-11
18018 4.407405e-11
18019 4.406923e-11
18020 4.406441e-11
18021 4.405960e-11
18022 4.405478e-11
18023 4.404996e-11
18024 4.404515e-11
18025 4.404033e-11
18026 4.403552e-11
18027 4.403071e-11
18028 4.402589e-11
18029 4.402108e-11
18030 4.401627e-11
18031 4.401146e-11
18032 4.400665e-11
18033 4.400184e-11
18034 4.399704e-11
18035 4.399223e-11
18036 4.398742e-11
18037 4.398262e-11
18038 4.397781e-11
18039 4.397301e-11
18040 4.396821e-11
18041 4.396340e-11
18042 4.395860e-11
18043 4.395380e-11
18044 4.394900e-11
18045 4.394420e-11
18046 4.393941e-11
18047 4.393461e-11
18048 4.392981e-11
18049 4.392502e-11
18050 4.392022e-11
18051 4.391543e-11
18052 4.391063e-11
18053 4.390584e-11
18054 4.390105e-11
18055 4.389626e-11
18056 4.389147e-11
18057 4.388668e-11
18058 4.388189e-11
18059 4.387710e-11
18060 4.387232e-11
18061 4.386753e-11
18062 4.386274e-11
18063 4.385796e-11
18064 4.385318e-11
18065 4.384839e-11
18066 4.384361e-11
18067 4.383883e-11
18068 4.383405e-11
18069 4.382927e-11
18070 4.382449e-11
18071 4.381971e-11
18072 4.381493e-11
18073 4.381016e-11
18074 4.380538e-11
18075 4.380060e-11
18076 4.379583e-11
18077 4.379106e-11
18078 4.378628e-11
18079 4.378151e-11
18080 4.377674e-11
18081 4.377197e-11
18082 4.376720e-11
18083 4.376243e-11
18084 4.375766e-11
18085 4.375289e-11
18086 4.374813e-11
18087 4.374336e-11
18088 4.373860e-11
18089 4.373383e-11
18090 4.372907e-11
18091 4.372431e-11
18092 4.371954e-11
18093 4.371478e-11
18094 4.371002e-11
18095 4.370526e-11
18096 4.370050e-11
18097 4.369575e-11
18098 4.369099e-11
18099 4.368623e-11
18100 4.368148e-11
18101 4.367672e-11
18102 4.367197e-11
18103 4.366721e-11
18104 4.366246e-11
18105 4.365771e-11
18106 4.365296e-11
18107 4.364821e-11
18108 4.364346e-11
18109 4.363871e-11
18110 4.363396e-11
18111 4.362921e-11
18112 4.362447e-11
18113 4.361972e-11
18114 4.361498e-11
18115 4.361023e-11
18116 4.360549e-11
18117 4.360075e-11
18118 4.359601e-11
18119 4.359127e-11
18120 4.358653e-11
18121 4.358179e-11
18122 4.357705e-11
18123 4.357231e-11
18124 4.356757e-11
18125 4.356284e-11
18126 4.355810e-11
18127 4.355337e-11
18128 4.354863e-11
18129 4.354390e-11
18130 4.353917e-11
18131 4.353443e-11
18132 4.352970e-11
18133 4.352497e-11
18134 4.352024e-11
18135 4.351552e-11
18136 4.351079e-11
18137 4.350606e-11
18138 4.350134e-11
18139 4.349661e-11
18140 4.349189e-11
18141 4.348716e-11
18142 4.348244e-11
18143 4.347772e-11
18144 4.347299e-11
18145 4.346827e-11
18146 4.346355e-11
18147 4.345883e-11
18148 4.345412e-11
18149 4.344940e-11
18150 4.344468e-11
18151 4.343997e-11
18152 4.343525e-11
18153 4.343054e-11
18154 4.342582e-11
18155 4.342111e-11
18156 4.341640e-11
18157 4.341168e-11
18158 4.340697e-11
18159 4.340226e-11
18160 4.339755e-11
18161 4.339285e-11
18162 4.338814e-11
18163 4.338343e-11
18164 4.337873e-11
18165 4.337402e-11
18166 4.336932e-11
18167 4.336461e-11
18168 4.335991e-11
18169 4.335521e-11
18170 4.335050e-11
18171 4.334580e-11
18172 4.334110e-11
18173 4.333641e-11
18174 4.333171e-11
18175 4.332701e-11
18176 4.332231e-11
18177 4.331762e-11
18178 4.331292e-11
18179 4.330823e-11
18180 4.330353e-11
18181 4.329884e-11
18182 4.329415e-11
18183 4.328946e-11
18184 4.328476e-11
18185 4.328007e-11
18186 4.327539e-11
18187 4.327070e-11
18188 4.326601e-11
18189 4.326132e-11
18190 4.325664e-11
18191 4.325195e-11
18192 4.324727e-11
18193 4.324258e-11
18194 4.323790e-11
18195 4.323322e-11
18196 4.322854e-11
18197 4.322385e-11
18198 4.321917e-11
18199 4.321449e-11
18200 4.320982e-11
18201 4.320514e-11
18202 4.320046e-11
18203 4.319579e-11
18204 4.319111e-11
18205 4.318644e-11
18206 4.318176e-11
18207 4.317709e-11
18208 4.317242e-11
18209 4.316774e-11
18210 4.316307e-11
18211 4.315840e-11
18212 4.315373e-11
18213 4.314907e-11
18214 4.314440e-11
18215 4.313973e-11
18216 4.313506e-11
18217 4.313040e-11
18218 4.312573e-11
18219 4.312107e-11
18220 4.311641e-11
18221 4.311174e-11
18222 4.310708e-11
18223 4.310242e-11
18224 4.309776e-11
18225 4.309310e-11
18226 4.308844e-11
18227 4.308378e-11
18228 4.307913e-11
18229 4.307447e-11
18230 4.306982e-11
18231 4.306516e-11
18232 4.306051e-11
18233 4.305585e-11
18234 4.305120e-11
18235 4.304655e-11
18236 4.304190e-11
18237 4.303725e-11
18238 4.303260e-11
18239 4.302795e-11
18240 4.302330e-11
18241 4.301865e-11
18242 4.301401e-11
18243 4.300936e-11
18244 4.300471e-11
18245 4.300007e-11
18246 4.299543e-11
18247 4.299078e-11
18248 4.298614e-11
18249 4.298150e-11
18250 4.297686e-11
18251 4.297222e-11
18252 4.296758e-11
18253 4.296294e-11
18254 4.295831e-11
18255 4.295367e-11
18256 4.294903e-11
18257 4.294440e-11
18258 4.293976e-11
18259 4.293513e-11
18260 4.293050e-11
18261 4.292586e-11
18262 4.292123e-11
18263 4.291660e-11
18264 4.291197e-11
18265 4.290734e-11
18266 4.290271e-11
18267 4.289809e-11
18268 4.289346e-11
18269 4.288883e-11
18270 4.288421e-11
18271 4.287958e-11
18272 4.287496e-11
18273 4.287034e-11
18274 4.286571e-11
18275 4.286109e-11
18276 4.285647e-11
18277 4.285185e-11
18278 4.284723e-11
18279 4.284261e-11
18280 4.283799e-11
18281 4.283338e-11
18282 4.282876e-11
18283 4.282414e-11
18284 4.281953e-11
18285 4.281492e-11
18286 4.281030e-11
18287 4.280569e-11
18288 4.280108e-11
18289 4.279647e-11
18290 4.279186e-11
18291 4.278725e-11
18292 4.278264e-11
18293 4.277803e-11
18294 4.277342e-11
18295 4.276881e-11
18296 4.276421e-11
18297 4.275960e-11
18298 4.275500e-11
18299 4.275040e-11
18300 4.274579e-11
18301 4.274119e-11
18302 4.273659e-11
18303 4.273199e-11
18304 4.272739e-11
18305 4.272279e-11
18306 4.271819e-11
18307 4.271359e-11
18308 4.270900e-11
18309 4.270440e-11
18310 4.269980e-11
18311 4.269521e-11
18312 4.269061e-11
18313 4.268602e-11
18314 4.268143e-11
18315 4.267684e-11
18316 4.267225e-11
18317 4.266766e-11
18318 4.266307e-11
18319 4.265848e-11
18320 4.265389e-11
18321 4.264930e-11
18322 4.264472e-11
18323 4.264013e-11
18324 4.263554e-11
18325 4.263096e-11
18326 4.262638e-11
18327 4.262179e-11
18328 4.261721e-11
18329 4.261263e-11
18330 4.260805e-11
18331 4.260347e-11
18332 4.259889e-11
18333 4.259431e-11
18334 4.258973e-11
18335 4.258516e-11
18336 4.258058e-11
18337 4.257601e-11
18338 4.257143e-11
18339 4.256686e-11
18340 4.256228e-11
18341 4.255771e-11
18342 4.255314e-11
18343 4.254857e-11
18344 4.254400e-11
18345 4.253943e-11
18346 4.253486e-11
18347 4.253029e-11
18348 4.252572e-11
18349 4.252116e-11
18350 4.251659e-11
18351 4.251203e-11
18352 4.250746e-11
18353 4.250290e-11
18354 4.249834e-11
18355 4.249377e-11
18356 4.248921e-11
18357 4.248465e-11
18358 4.248009e-11
18359 4.247553e-11
18360 4.247097e-11
18361 4.246642e-11
18362 4.246186e-11
18363 4.245730e-11
18364 4.245275e-11
18365 4.244819e-11
18366 4.244364e-11
18367 4.243909e-11
18368 4.243453e-11
18369 4.242998e-11
18370 4.242543e-11
18371 4.242088e-11
18372 4.241633e-11
18373 4.241178e-11
18374 4.240723e-11
18375 4.240269e-11
18376 4.239814e-11
18377 4.239359e-11
18378 4.238905e-11
18379 4.238450e-11
18380 4.237996e-11
18381 4.237542e-11
18382 4.237088e-11
18383 4.236633e-11
18384 4.236179e-11
18385 4.235725e-11
18386 4.235271e-11
18387 4.234817e-11
18388 4.234364e-11
18389 4.233910e-11
18390 4.233456e-11
18391 4.233003e-11
18392 4.232549e-11
18393 4.232096e-11
18394 4.231643e-11
18395 4.231189e-11
18396 4.230736e-11
18397 4.230283e-11
18398 4.229830e-11
18399 4.229377e-11
18400 4.228924e-11
18401 4.228471e-11
18402 4.228018e-11
18403 4.227566e-11
18404 4.227113e-11
18405 4.226661e-11
18406 4.226208e-11
18407 4.225756e-11
18408 4.225303e-11
18409 4.224851e-11
18410 4.224399e-11
18411 4.223947e-11
18412 4.223495e-11
18413 4.223043e-11
18414 4.222591e-11
18415 4.222139e-11
18416 4.221687e-11
18417 4.221236e-11
18418 4.220784e-11
18419 4.220333e-11
18420 4.219881e-11
18421 4.219430e-11
18422 4.218978e-11
18423 4.218527e-11
18424 4.218076e-11
18425 4.217625e-11
18426 4.217174e-11
18427 4.216723e-11
18428 4.216272e-11
18429 4.215821e-11
18430 4.215371e-11
18431 4.214920e-11
18432 4.214469e-11
18433 4.214019e-11
18434 4.213569e-11
18435 4.213118e-11
18436 4.212668e-11
18437 4.212218e-11
18438 4.211768e-11
18439 4.211317e-11
18440 4.210867e-11
18441 4.210418e-11
18442 4.209968e-11
18443 4.209518e-11
18444 4.209068e-11
18445 4.208619e-11
18446 4.208169e-11
18447 4.207720e-11
18448 4.207270e-11
18449 4.206821e-11
18450 4.206371e-11
18451 4.205922e-11
18452 4.205473e-11
18453 4.205024e-11
18454 4.204575e-11
18455 4.204126e-11
18456 4.203677e-11
18457 4.203229e-11
18458 4.202780e-11
18459 4.202331e-11
18460 4.201883e-11
18461 4.201434e-11
18462 4.200986e-11
18463 4.200538e-11
18464 4.200089e-11
18465 4.199641e-11
18466 4.199193e-11
18467 4.198745e-11
18468 4.198297e-11
18469 4.197849e-11
18470 4.197401e-11
18471 4.196953e-11
18472 4.196506e-11
18473 4.196058e-11
18474 4.195611e-11
18475 4.195163e-11
18476 4.194716e-11
18477 4.194268e-11
18478 4.193821e-11
18479 4.193374e-11
18480 4.192927e-11
18481 4.192480e-11
18482 4.192033e-11
18483 4.191586e-11
18484 4.191139e-11
18485 4.190692e-11
18486 4.190246e-11
18487 4.189799e-11
18488 4.189353e-11
18489 4.188906e-11
18490 4.188460e-11
18491 4.188013e-11
18492 4.187567e-11
18493 4.187121e-11
18494 4.186675e-11
18495 4.186229e-11
18496 4.185783e-11
18497 4.185337e-11
18498 4.184891e-11
18499 4.184446e-11
18500 4.184000e-11
18501 4.183554e-11
18502 4.183109e-11
18503 4.182663e-11
18504 4.182218e-11
18505 4.181773e-11
18506 4.181327e-11
18507 4.180882e-11
18508 4.180437e-11
18509 4.179992e-11
18510 4.179547e-11
18511 4.179102e-11
18512 4.178657e-11
18513 4.178213e-11
18514 4.177768e-11
18515 4.177323e-11
18516 4.176879e-11
18517 4.176434e-11
18518 4.175990e-11
18519 4.175546e-11
18520 4.175101e-11
18521 4.174657e-11
18522 4.174213e-11
18523 4.173769e-11
18524 4.173325e-11
18525 4.172881e-11
18526 4.172437e-11
18527 4.171994e-11
18528 4.171550e-11
18529 4.171106e-11
18530 4.170663e-11
18531 4.170219e-11
18532 4.169776e-11
18533 4.169333e-11
18534 4.168889e-11
18535 4.168446e-11
18536 4.168003e-11
18537 4.167560e-11
18538 4.167117e-11
18539 4.166674e-11
18540 4.166231e-11
18541 4.165789e-11
18542 4.165346e-11
18543 4.164903e-11
18544 4.164461e-11
18545 4.164018e-11
18546 4.163576e-11
18547 4.163134e-11
18548 4.162691e-11
18549 4.162249e-11
18550 4.161807e-11
18551 4.161365e-11
18552 4.160923e-11
18553 4.160481e-11
18554 4.160039e-11
18555 4.159598e-11
18556 4.159156e-11
18557 4.158714e-11
18558 4.158273e-11
18559 4.157831e-11
18560 4.157390e-11
18561 4.156948e-11
18562 4.156507e-11
18563 4.156066e-11
18564 4.155625e-11
18565 4.155184e-11
18566 4.154743e-11
18567 4.154302e-11
18568 4.153861e-11
18569 4.153420e-11
18570 4.152980e-11
18571 4.152539e-11
18572 4.152098e-11
18573 4.151658e-11
18574 4.151218e-11
18575 4.150777e-11
18576 4.150337e-11
18577 4.149897e-11
18578 4.149457e-11
18579 4.149016e-11
18580 4.148576e-11
18581 4.148137e-11
18582 4.147697e-11
18583 4.147257e-11
18584 4.146817e-11
18585 4.146378e-11
18586 4.145938e-11
18587 4.145498e-11
18588 4.145059e-11
18589 4.144620e-11
18590 4.144180e-11
18591 4.143741e-11
18592 4.143302e-11
18593 4.142863e-11
18594 4.142424e-11
18595 4.141985e-11
18596 4.141546e-11
18597 4.141107e-11
18598 4.140669e-11
18599 4.140230e-11
18600 4.139791e-11
18601 4.139353e-11
18602 4.138914e-11
18603 4.138476e-11
18604 4.138038e-11
18605 4.137599e-11
18606 4.137161e-11
18607 4.136723e-11
18608 4.136285e-11
18609 4.135847e-11
18610 4.135409e-11
18611 4.134971e-11
18612 4.134534e-11
18613 4.134096e-11
18614 4.133658e-11
18615 4.133221e-11
18616 4.132783e-11
18617 4.132346e-11
18618 4.131909e-11
18619 4.131471e-11
18620 4.131034e-11
18621 4.130597e-11
18622 4.130160e-11
18623 4.129723e-11
18624 4.129286e-11
18625 4.128849e-11
18626 4.128412e-11
18627 4.127976e-11
18628 4.127539e-11
18629 4.127102e-11
18630 4.126666e-11
18631 4.126230e-11
18632 4.125793e-11
18633 4.125357e-11
18634 4.124921e-11
18635 4.124485e-11
18636 4.124048e-11
18637 4.123612e-11
18638 4.123176e-11
18639 4.122741e-11
18640 4.122305e-11
18641 4.121869e-11
18642 4.121433e-11
18643 4.120998e-11
18644 4.120562e-11
18645 4.120127e-11
18646 4.119691e-11
18647 4.119256e-11
18648 4.118821e-11
18649 4.118386e-11
18650 4.117951e-11
18651 4.117516e-11
18652 4.117081e-11
18653 4.116646e-11
18654 4.116211e-11
18655 4.115776e-11
18656 4.115341e-11
18657 4.114907e-11
18658 4.114472e-11
18659 4.114038e-11
18660 4.113603e-11
18661 4.113169e-11
18662 4.112735e-11
18663 4.112300e-11
18664 4.111866e-11
18665 4.111432e-11
18666 4.110998e-11
18667 4.110564e-11
18668 4.110130e-11
18669 4.109697e-11
18670 4.109263e-11
18671 4.108829e-11
18672 4.108396e-11
18673 4.107962e-11
18674 4.107529e-11
18675 4.107095e-11
18676 4.106662e-11
18677 4.106229e-11
18678 4.105796e-11
18679 4.105362e-11
18680 4.104929e-11
18681 4.104496e-11
18682 4.104064e-11
18683 4.103631e-11
18684 4.103198e-11
18685 4.102765e-11
18686 4.102333e-11
18687 4.101900e-11
18688 4.101468e-11
18689 4.101035e-11
18690 4.100603e-11
18691 4.100171e-11
18692 4.099738e-11
18693 4.099306e-11
18694 4.098874e-11
18695 4.098442e-11
18696 4.098010e-11
18697 4.097578e-11
18698 4.097147e-11
18699 4.096715e-11
18700 4.096283e-11
18701 4.095852e-11
18702 4.095420e-11
18703 4.094989e-11
18704 4.094557e-11
18705 4.094126e-11
18706 4.093695e-11
18707 4.093263e-11
18708 4.092832e-11
18709 4.092401e-11
18710 4.091970e-11
18711 4.091539e-11
18712 4.091109e-11
18713 4.090678e-11
18714 4.090247e-11
18715 4.089816e-11
18716 4.089386e-11
18717 4.088955e-11
18718 4.088525e-11
18719 4.088095e-11
18720 4.087664e-11
18721 4.087234e-11
18722 4.086804e-11
18723 4.086374e-11
18724 4.085944e-11
18725 4.085514e-11
18726 4.085084e-11
18727 4.084654e-11
18728 4.084224e-11
18729 4.083795e-11
18730 4.083365e-11
18731 4.082935e-11
18732 4.082506e-11
18733 4.082077e-11
18734 4.081647e-11
18735 4.081218e-11
18736 4.080789e-11
18737 4.080360e-11
18738 4.079931e-11
18739 4.079502e-11
18740 4.079073e-11
18741 4.078644e-11
18742 4.078215e-11
18743 4.077786e-11
18744 4.077358e-11
18745 4.076929e-11
18746 4.076500e-11
18747 4.076072e-11
18748 4.075644e-11
18749 4.075215e-11
18750 4.074787e-11
18751 4.074359e-11
18752 4.073931e-11
18753 4.073503e-11
18754 4.073075e-11
18755 4.072647e-11
18756 4.072219e-11
18757 4.071791e-11
18758 4.071363e-11
18759 4.070936e-11
18760 4.070508e-11
18761 4.070081e-11
18762 4.069653e-11
18763 4.069226e-11
18764 4.068799e-11
18765 4.068371e-11
18766 4.067944e-11
18767 4.067517e-11
18768 4.067090e-11
18769 4.066663e-11
18770 4.066236e-11
18771 4.065809e-11
18772 4.065383e-11
18773 4.064956e-11
18774 4.064529e-11
18775 4.064103e-11
18776 4.063676e-11
18777 4.063250e-11
18778 4.062823e-11
18779 4.062397e-11
18780 4.061971e-11
18781 4.061545e-11
18782 4.061119e-11
18783 4.060693e-11
18784 4.060267e-11
18785 4.059841e-11
18786 4.059415e-11
18787 4.058989e-11
18788 4.058564e-11
18789 4.058138e-11
18790 4.057712e-11
18791 4.057287e-11
18792 4.056862e-11
18793 4.056436e-11
18794 4.056011e-11
18795 4.055586e-11
18796 4.055161e-11
18797 4.054735e-11
18798 4.054310e-11
18799 4.053886e-11
18800 4.053461e-11
18801 4.053036e-11
18802 4.052611e-11
18803 4.052186e-11
18804 4.051762e-11
18805 4.051337e-11
18806 4.050913e-11
18807 4.050488e-11
18808 4.050064e-11
18809 4.049640e-11
18810 4.049216e-11
18811 4.048791e-11
18812 4.048367e-11
18813 4.047943e-11
18814 4.047519e-11
18815 4.047095e-11
18816 4.046672e-11
18817 4.046248e-11
18818 4.045824e-11
18819 4.045401e-11
18820 4.044977e-11
18821 4.044554e-11
18822 4.044130e-11
18823 4.043707e-11
18824 4.043284e-11
18825 4.042860e-11
18826 4.042437e-11
18827 4.042014e-11
18828 4.041591e-11
18829 4.041168e-11
18830 4.040745e-11
18831 4.040323e-11
18832 4.039900e-11
18833 4.039477e-11
18834 4.039055e-11
18835 4.038632e-11
18836 4.038210e-11
18837 4.037787e-11
18838 4.037365e-11
18839 4.036943e-11
18840 4.036520e-11
18841 4.036098e-11
18842 4.035676e-11
18843 4.035254e-11
18844 4.034832e-11
18845 4.034410e-11
18846 4.033989e-11
18847 4.033567e-11
18848 4.033145e-11
18849 4.032724e-11
18850 4.032302e-11
18851 4.031881e-11
18852 4.031459e-11
18853 4.031038e-11
18854 4.030617e-11
18855 4.030195e-11
18856 4.029774e-11
18857 4.029353e-11
18858 4.028932e-11
18859 4.028511e-11
18860 4.028090e-11
18861 4.027669e-11
18862 4.027249e-11
18863 4.026828e-11
18864 4.026407e-11
18865 4.025987e-11
18866 4.025566e-11
18867 4.025146e-11
18868 4.024726e-11
18869 4.024305e-11
18870 4.023885e-11
18871 4.023465e-11
18872 4.023045e-11
18873 4.022625e-11
18874 4.022205e-11
18875 4.021785e-11
18876 4.021365e-11
18877 4.020946e-11
18878 4.020526e-11
18879 4.020106e-11
18880 4.019687e-11
18881 4.019267e-11
18882 4.018848e-11
18883 4.018428e-11
18884 4.018009e-11
18885 4.017590e-11
18886 4.017171e-11
18887 4.016752e-11
18888 4.016333e-11
18889 4.015914e-11
18890 4.015495e-11
18891 4.015076e-11
18892 4.014657e-11
18893 4.014238e-11
18894 4.013820e-11
18895 4.013401e-11
18896 4.012983e-11
18897 4.012561e-11
18898 4.012136e-11
18899 4.011712e-11
18900 4.011287e-11
18901 4.010862e-11
18902 4.010438e-11
18903 4.010013e-11
18904 4.009589e-11
18905 4.009165e-11
18906 4.008740e-11
18907 4.008316e-11
18908 4.007892e-11
18909 4.007468e-11
18910 4.007044e-11
18911 4.006620e-11
18912 4.006196e-11
18913 4.005772e-11
18914 4.005348e-11
18915 4.004925e-11
18916 4.004501e-11
18917 4.004078e-11
18918 4.003654e-11
18919 4.003231e-11
18920 4.002807e-11
18921 4.002384e-11
18922 4.001961e-11
18923 4.001538e-11
18924 4.001115e-11
18925 4.000692e-11
18926 4.000269e-11
18927 3.999846e-11
18928 3.999423e-11
18929 3.999000e-11
18930 3.998578e-11
18931 3.998155e-11
18932 3.997732e-11
18933 3.997310e-11
18934 3.996888e-11
18935 3.996465e-11
18936 3.996043e-11
18937 3.995621e-11
18938 3.995199e-11
18939 3.994776e-11
18940 3.994354e-11
18941 3.993933e-11
18942 3.993511e-11
18943 3.993089e-11
18944 3.992667e-11
18945 3.992245e-11
18946 3.991824e-11
18947 3.991402e-11
18948 3.990981e-11
18949 3.990559e-11
18950 3.990138e-11
18951 3.989717e-11
18952 3.989296e-11
18953 3.988874e-11
18954 3.988453e-11
18955 3.988032e-11
18956 3.987611e-11
18957 3.987191e-11
18958 3.986770e-11
18959 3.986349e-11
18960 3.985928e-11
18961 3.985508e-11
18962 3.985087e-11
18963 3.984667e-11
18964 3.984246e-11
18965 3.983826e-11
18966 3.983406e-11
18967 3.982986e-11
18968 3.982565e-11
18969 3.982145e-11
18970 3.981725e-11
18971 3.981305e-11
18972 3.980886e-11
18973 3.980466e-11
18974 3.980046e-11
18975 3.979626e-11
18976 3.979207e-11
18977 3.978787e-11
18978 3.978368e-11
18979 3.977948e-11
18980 3.977529e-11
18981 3.977110e-11
18982 3.976690e-11
18983 3.976271e-11
18984 3.975852e-11
18985 3.975433e-11
18986 3.975014e-11
18987 3.974595e-11
18988 3.974177e-11
18989 3.973758e-11
18990 3.973339e-11
18991 3.972921e-11
18992 3.972502e-11
18993 3.972084e-11
18994 3.971665e-11
18995 3.971247e-11
18996 3.970829e-11
18997 3.970410e-11
18998 3.969992e-11
18999 3.969574e-11
19000 3.969156e-11
19001 3.968738e-11
19002 3.968320e-11
19003 3.967902e-11
19004 3.967485e-11
19005 3.967067e-11
19006 3.966649e-11
19007 3.966232e-11
19008 3.965814e-11
19009 3.965397e-11
19010 3.964979e-11
19011 3.964562e-11
19012 3.964145e-11
19013 3.963728e-11
19014 3.963311e-11
19015 3.962894e-11
19016 3.962477e-11
19017 3.962060e-11
19018 3.961643e-11
19019 3.961226e-11
19020 3.960810e-11
19021 3.960393e-11
19022 3.959976e-11
19023 3.959560e-11
19024 3.959143e-11
19025 3.958727e-11
19026 3.958311e-11
19027 3.957894e-11
19028 3.957478e-11
19029 3.957062e-11
19030 3.956646e-11
19031 3.956230e-11
19032 3.955814e-11
19033 3.955398e-11
19034 3.954983e-11
19035 3.954567e-11
19036 3.954151e-11
19037 3.953736e-11
19038 3.953320e-11
19039 3.952905e-11
19040 3.952489e-11
19041 3.952074e-11
19042 3.951659e-11
19043 3.951244e-11
19044 3.950828e-11
19045 3.950413e-11
19046 3.949998e-11
19047 3.949583e-11
19048 3.949169e-11
19049 3.948754e-11
19050 3.948339e-11
19051 3.947924e-11
19052 3.947510e-11
19053 3.947095e-11
19054 3.946681e-11
19055 3.946266e-11
19056 3.945852e-11
19057 3.945438e-11
19058 3.945023e-11
19059 3.944609e-11
19060 3.944195e-11
19061 3.943781e-11
19062 3.943367e-11
19063 3.942953e-11
19064 3.942540e-11
19065 3.942126e-11
19066 3.941712e-11
19067 3.941298e-11
19068 3.940885e-11
19069 3.940471e-11
19070 3.940058e-11
19071 3.939645e-11
19072 3.939231e-11
19073 3.938818e-11
19074 3.938405e-11
19075 3.937992e-11
19076 3.937579e-11
19077 3.937166e-11
19078 3.936753e-11
19079 3.936340e-11
19080 3.935927e-11
19081 3.935515e-11
19082 3.935102e-11
19083 3.934689e-11
19084 3.934277e-11
19085 3.933864e-11
19086 3.933452e-11
19087 3.933040e-11
19088 3.932627e-11
19089 3.932215e-11
19090 3.931803e-11
19091 3.931391e-11
19092 3.930979e-11
19093 3.930567e-11
19094 3.930155e-11
19095 3.929743e-11
19096 3.929332e-11
19097 3.928920e-11
19098 3.928508e-11
19099 3.928097e-11
19100 3.927685e-11
19101 3.927274e-11
19102 3.926863e-11
19103 3.926451e-11
19104 3.926040e-11
19105 3.925629e-11
19106 3.925218e-11
19107 3.924807e-11
19108 3.924396e-11
19109 3.923985e-11
19110 3.923574e-11
19111 3.923163e-11
19112 3.922752e-11
19113 3.922342e-11
19114 3.921931e-11
19115 3.921521e-11
19116 3.921110e-11
19117 3.920700e-11
19118 3.920290e-11
19119 3.919879e-11
19120 3.919469e-11
19121 3.919059e-11
19122 3.918649e-11
19123 3.918239e-11
19124 3.917829e-11
19125 3.917419e-11
19126 3.917009e-11
19127 3.916600e-11
19128 3.916190e-11
19129 3.915780e-11
19130 3.915371e-11
19131 3.914961e-11
19132 3.914552e-11
19133 3.914142e-11
19134 3.913733e-11
19135 3.913324e-11
19136 3.912915e-11
19137 3.912506e-11
19138 3.912097e-11
19139 3.911688e-11
19140 3.911279e-11
19141 3.910870e-11
19142 3.910461e-11
19143 3.910052e-11
19144 3.909644e-11
19145 3.909235e-11
19146 3.908827e-11
19147 3.908418e-11
19148 3.908010e-11
19149 3.907601e-11
19150 3.907193e-11
19151 3.906785e-11
19152 3.906377e-11
19153 3.905969e-11
19154 3.905561e-11
19155 3.905153e-11
19156 3.904745e-11
19157 3.904337e-11
19158 3.903929e-11
19159 3.903522e-11
19160 3.903114e-11
19161 3.902706e-11
19162 3.902299e-11
19163 3.901891e-11
19164 3.901484e-11
19165 3.901077e-11
19166 3.900670e-11
19167 3.900262e-11
19168 3.899855e-11
19169 3.899448e-11
19170 3.899041e-11
19171 3.898634e-11
19172 3.898227e-11
19173 3.897821e-11
19174 3.897414e-11
19175 3.897007e-11
19176 3.896601e-11
19177 3.896194e-11
19178 3.895788e-11
19179 3.895381e-11
19180 3.894975e-11
19181 3.894568e-11
19182 3.894162e-11
19183 3.893756e-11
19184 3.893350e-11
19185 3.892944e-11
19186 3.892538e-11
19187 3.892132e-11
19188 3.891726e-11
19189 3.891320e-11
19190 3.890915e-11
19191 3.890509e-11
19192 3.890103e-11
19193 3.889698e-11
19194 3.889292e-11
19195 3.888887e-11
19196 3.888482e-11
19197 3.888076e-11
19198 3.887671e-11
19199 3.887266e-11
19200 3.886861e-11
19201 3.886456e-11
19202 3.886051e-11
19203 3.885646e-11
19204 3.885241e-11
19205 3.884837e-11
19206 3.884432e-11
19207 3.884027e-11
19208 3.883623e-11
19209 3.883218e-11
19210 3.882814e-11
19211 3.882409e-11
19212 3.882005e-11
19213 3.881601e-11
19214 3.881196e-11
19215 3.880792e-11
19216 3.880388e-11
19217 3.879984e-11
19218 3.879580e-11
19219 3.879176e-11
19220 3.878773e-11
19221 3.878369e-11
19222 3.877965e-11
19223 3.877561e-11
19224 3.877158e-11
19225 3.876754e-11
19226 3.876351e-11
19227 3.875948e-11
19228 3.875544e-11
19229 3.875141e-11
19230 3.874738e-11
19231 3.874335e-11
19232 3.873932e-11
19233 3.873529e-11
19234 3.873126e-11
19235 3.872723e-11
19236 3.872320e-11
19237 3.871917e-11
19238 3.871514e-11
19239 3.871112e-11
19240 3.870709e-11
19241 3.870307e-11
19242 3.869904e-11
19243 3.869502e-11
19244 3.869100e-11
19245 3.868697e-11
19246 3.868295e-11
19247 3.867893e-11
19248 3.867491e-11
19249 3.867089e-11
19250 3.866687e-11
19251 3.866285e-11
19252 3.865883e-11
19253 3.865482e-11
19254 3.865080e-11
19255 3.864678e-11
19256 3.864277e-11
19257 3.863875e-11
19258 3.863474e-11
19259 3.863072e-11
19260 3.862671e-11
19261 3.862270e-11
19262 3.861869e-11
19263 3.861468e-11
19264 3.861067e-11
19265 3.860666e-11
19266 3.860265e-11
19267 3.859864e-11
19268 3.859463e-11
19269 3.859062e-11
19270 3.858661e-11
19271 3.858261e-11
19272 3.857860e-11
19273 3.857460e-11
19274 3.857059e-11
19275 3.856659e-11
19276 3.856259e-11
19277 3.855858e-11
19278 3.855458e-11
19279 3.855058e-11
19280 3.854658e-11
19281 3.854258e-11
19282 3.853858e-11
19283 3.853458e-11
19284 3.853058e-11
19285 3.852659e-11
19286 3.852259e-11
19287 3.851859e-11
19288 3.851460e-11
19289 3.851060e-11
19290 3.850661e-11
19291 3.850261e-11
19292 3.849862e-11
19293 3.849463e-11
19294 3.849064e-11
19295 3.848665e-11
19296 3.848265e-11
19297 3.847866e-11
19298 3.847468e-11
19299 3.847069e-11
19300 3.846670e-11
19301 3.846271e-11
19302 3.845872e-11
19303 3.845474e-11
19304 3.845075e-11
19305 3.844677e-11
19306 3.844278e-11
19307 3.843880e-11
19308 3.843481e-11
19309 3.843083e-11
19310 3.842685e-11
19311 3.842287e-11
19312 3.841889e-11
19313 3.841491e-11
19314 3.841093e-11
19315 3.840695e-11
19316 3.840297e-11
19317 3.839899e-11
19318 3.839502e-11
19319 3.839104e-11
19320 3.838706e-11
19321 3.838309e-11
19322 3.837911e-11
19323 3.837514e-11
19324 3.837117e-11
19325 3.836719e-11
19326 3.836322e-11
19327 3.835925e-11
19328 3.835528e-11
19329 3.835131e-11
19330 3.834734e-11
19331 3.834337e-11
19332 3.833940e-11
19333 3.833543e-11
19334 3.833147e-11
19335 3.832750e-11
19336 3.832353e-11
19337 3.831957e-11
19338 3.831560e-11
19339 3.831164e-11
19340 3.830768e-11
19341 3.830371e-11
19342 3.829975e-11
19343 3.829579e-11
19344 3.829183e-11
19345 3.828787e-11
19346 3.828391e-11
19347 3.827995e-11
19348 3.827599e-11
19349 3.827203e-11
19350 3.826808e-11
19351 3.826412e-11
19352 3.826016e-11
19353 3.825621e-11
19354 3.825225e-11
19355 3.824830e-11
19356 3.824434e-11
19357 3.824039e-11
19358 3.823644e-11
19359 3.823249e-11
19360 3.822854e-11
19361 3.822459e-11
19362 3.822064e-11
19363 3.821669e-11
19364 3.821274e-11
19365 3.820879e-11
19366 3.820484e-11
19367 3.820089e-11
19368 3.819695e-11
19369 3.819300e-11
19370 3.818906e-11
19371 3.818511e-11
19372 3.818117e-11
19373 3.817723e-11
19374 3.817328e-11
19375 3.816934e-11
19376 3.816540e-11
19377 3.816146e-11
19378 3.815752e-11
19379 3.815358e-11
19380 3.814964e-11
19381 3.814570e-11
19382 3.814176e-11
19383 3.813783e-11
19384 3.813389e-11
19385 3.812995e-11
19386 3.812602e-11
19387 3.812208e-11
19388 3.811815e-11
19389 3.811422e-11
19390 3.811028e-11
19391 3.810635e-11
19392 3.810242e-11
19393 3.809849e-11
19394 3.809456e-11
19395 3.809063e-11
19396 3.808670e-11
19397 3.808277e-11
19398 3.807884e-11
19399 3.807491e-11
19400 3.807099e-11
19401 3.806706e-11
19402 3.806314e-11
19403 3.805921e-11
19404 3.805529e-11
19405 3.805136e-11
19406 3.804744e-11
19407 3.804352e-11
19408 3.803959e-11
19409 3.803567e-11
19410 3.803175e-11
19411 3.802783e-11
19412 3.802391e-11
19413 3.801999e-11
19414 3.801608e-11
19415 3.801216e-11
19416 3.800824e-11
19417 3.800432e-11
19418 3.800041e-11
19419 3.799649e-11
19420 3.799258e-11
19421 3.798866e-11
19422 3.798475e-11
19423 3.798084e-11
19424 3.797693e-11
19425 3.797301e-11
19426 3.796910e-11
19427 3.796519e-11
19428 3.796128e-11
19429 3.795737e-11
19430 3.795346e-11
19431 3.794956e-11
19432 3.794565e-11
19433 3.794174e-11
19434 3.793784e-11
19435 3.793393e-11
19436 3.793002e-11
19437 3.792612e-11
19438 3.792222e-11
19439 3.791831e-11
19440 3.791441e-11
19441 3.791051e-11
19442 3.790661e-11
19443 3.790271e-11
19444 3.789881e-11
19445 3.789491e-11
19446 3.789101e-11
19447 3.788711e-11
19448 3.788321e-11
19449 3.787931e-11
19450 3.787542e-11
19451 3.787152e-11
19452 3.786763e-11
19453 3.786373e-11
19454 3.785984e-11
19455 3.785594e-11
19456 3.785205e-11
19457 3.784816e-11
19458 3.784427e-11
19459 3.784038e-11
19460 3.783648e-11
19461 3.783259e-11
19462 3.782871e-11
19463 3.782482e-11
19464 3.782093e-11
19465 3.781704e-11
19466 3.781315e-11
19467 3.780927e-11
19468 3.780538e-11
19469 3.780150e-11
19470 3.779761e-11
19471 3.779373e-11
19472 3.778984e-11
19473 3.778596e-11
19474 3.778208e-11
19475 3.777820e-11
19476 3.777432e-11
19477 3.777044e-11
19478 3.776656e-11
19479 3.776268e-11
19480 3.775880e-11
19481 3.775492e-11
19482 3.775104e-11
19483 3.774717e-11
19484 3.774329e-11
19485 3.773941e-11
19486 3.773554e-11
19487 3.773166e-11
19488 3.772779e-11
19489 3.772392e-11
19490 3.772004e-11
19491 3.771617e-11
19492 3.771230e-11
19493 3.770843e-11
19494 3.770456e-11
19495 3.770069e-11
19496 3.769682e-11
19497 3.769295e-11
19498 3.768908e-11
19499 3.768522e-11
19500 3.768135e-11
19501 3.767748e-11
19502 3.767362e-11
19503 3.766975e-11
19504 3.766589e-11
19505 3.766203e-11
19506 3.765816e-11
19507 3.765430e-11
19508 3.765044e-11
19509 3.764658e-11
19510 3.764272e-11
19511 3.763886e-11
19512 3.763500e-11
19513 3.763114e-11
19514 3.762728e-11
19515 3.762342e-11
19516 3.761956e-11
19517 3.761571e-11
19518 3.761185e-11
19519 3.760800e-11
19520 3.760414e-11
19521 3.760029e-11
19522 3.759643e-11
19523 3.759258e-11
19524 3.758873e-11
19525 3.758488e-11
19526 3.758102e-11
19527 3.757717e-11
19528 3.757332e-11
19529 3.756947e-11
19530 3.756563e-11
19531 3.756178e-11
19532 3.755793e-11
19533 3.755408e-11
19534 3.755024e-11
19535 3.754639e-11
19536 3.754254e-11
19537 3.753870e-11
19538 3.753486e-11
19539 3.753101e-11
19540 3.752717e-11
19541 3.752333e-11
19542 3.751948e-11
19543 3.751564e-11
19544 3.751180e-11
19545 3.750796e-11
19546 3.750412e-11
19547 3.750028e-11
19548 3.749645e-11
19549 3.749261e-11
19550 3.748877e-11
19551 3.748493e-11
19552 3.748110e-11
19553 3.747726e-11
19554 3.747343e-11
19555 3.746959e-11
19556 3.746576e-11
19557 3.746193e-11
19558 3.745810e-11
19559 3.745426e-11
19560 3.745043e-11
19561 3.744660e-11
19562 3.744277e-11
19563 3.743894e-11
19564 3.743511e-11
19565 3.743129e-11
19566 3.742746e-11
19567 3.742363e-11
19568 3.741980e-11
19569 3.741598e-11
19570 3.741215e-11
19571 3.740833e-11
19572 3.740450e-11
19573 3.740068e-11
19574 3.739686e-11
19575 3.739303e-11
19576 3.738921e-11
19577 3.738539e-11
19578 3.738157e-11
19579 3.737775e-11
19580 3.737393e-11
19581 3.737011e-11
19582 3.736629e-11
19583 3.736248e-11
19584 3.735866e-11
19585 3.735484e-11
19586 3.735103e-11
19587 3.734721e-11
19588 3.734340e-11
19589 3.733958e-11
19590 3.733577e-11
19591 3.733196e-11
19592 3.732814e-11
19593 3.732433e-11
19594 3.732052e-11
19595 3.731671e-11
19596 3.731290e-11
19597 3.730909e-11
19598 3.730528e-11
19599 3.730147e-11
19600 3.729766e-11
19601 3.729386e-11
19602 3.729005e-11
19603 3.728624e-11
19604 3.728244e-11
19605 3.727863e-11
19606 3.727483e-11
19607 3.727103e-11
19608 3.726722e-11
19609 3.726342e-11
19610 3.725962e-11
19611 3.725582e-11
19612 3.725202e-11
19613 3.724822e-11
19614 3.724442e-11
19615 3.724062e-11
19616 3.723682e-11
19617 3.723302e-11
19618 3.722922e-11
19619 3.722543e-11
19620 3.722163e-11
19621 3.721783e-11
19622 3.721404e-11
19623 3.721025e-11
19624 3.720645e-11
19625 3.720266e-11
19626 3.719887e-11
19627 3.719507e-11
19628 3.719128e-11
19629 3.718749e-11
19630 3.718370e-11
19631 3.717991e-11
19632 3.717612e-11
19633 3.717233e-11
19634 3.716854e-11
19635 3.716476e-11
19636 3.716097e-11
19637 3.715718e-11
19638 3.715340e-11
19639 3.714961e-11
19640 3.714583e-11
19641 3.714204e-11
19642 3.713826e-11
19643 3.713448e-11
19644 3.713070e-11
19645 3.712691e-11
19646 3.712313e-11
19647 3.711935e-11
19648 3.711557e-11
19649 3.711179e-11
19650 3.710801e-11
19651 3.710424e-11
19652 3.710046e-11
19653 3.709668e-11
19654 3.709290e-11
19655 3.708913e-11
19656 3.708535e-11
19657 3.708158e-11
19658 3.707780e-11
19659 3.707403e-11
19660 3.707026e-11
19661 3.706649e-11
19662 3.706271e-11
19663 3.705894e-11
19664 3.705517e-11
19665 3.705140e-11
19666 3.704763e-11
19667 3.704386e-11
19668 3.704009e-11
19669 3.703633e-11
19670 3.703256e-11
19671 3.702879e-11
19672 3.702503e-11
19673 3.702126e-11
19674 3.701750e-11
19675 3.701373e-11
19676 3.700997e-11
19677 3.700620e-11
19678 3.700244e-11
19679 3.699868e-11
19680 3.699492e-11
19681 3.699116e-11
19682 3.698740e-11
19683 3.698364e-11
19684 3.697988e-11
19685 3.697612e-11
19686 3.697236e-11
19687 3.696860e-11
19688 3.696485e-11
19689 3.696109e-11
19690 3.695733e-11
19691 3.695358e-11
19692 3.694982e-11
19693 3.694607e-11
19694 3.694232e-11
19695 3.693856e-11
19696 3.693481e-11
19697 3.693106e-11
19698 3.692731e-11
19699 3.692356e-11
19700 3.691981e-11
19701 3.691606e-11
19702 3.691231e-11
19703 3.690856e-11
19704 3.690481e-11
19705 3.690107e-11
19706 3.689732e-11
19707 3.689357e-11
19708 3.688983e-11
19709 3.688608e-11
19710 3.688234e-11
19711 3.687859e-11
19712 3.687485e-11
19713 3.687111e-11
19714 3.686737e-11
19715 3.686362e-11
19716 3.685988e-11
19717 3.685614e-11
19718 3.685240e-11
19719 3.684866e-11
19720 3.684492e-11
19721 3.684119e-11
19722 3.683745e-11
19723 3.683371e-11
19724 3.682998e-11
19725 3.682624e-11
19726 3.682250e-11
19727 3.681877e-11
19728 3.681504e-11
19729 3.681130e-11
19730 3.680757e-11
19731 3.680384e-11
19732 3.680010e-11
19733 3.679637e-11
19734 3.679264e-11
19735 3.678891e-11
19736 3.678518e-11
19737 3.678145e-11
19738 3.677773e-11
19739 3.677400e-11
19740 3.677027e-11
19741 3.676654e-11
19742 3.676282e-11
19743 3.675909e-11
19744 3.675537e-11
19745 3.675164e-11
19746 3.674792e-11
19747 3.674419e-11
19748 3.674047e-11
19749 3.673675e-11
19750 3.673303e-11
19751 3.672931e-11
19752 3.672559e-11
19753 3.672187e-11
19754 3.671815e-11
19755 3.671443e-11
19756 3.671071e-11
19757 3.670699e-11
19758 3.670327e-11
19759 3.669956e-11
19760 3.669584e-11
19761 3.669213e-11
19762 3.668841e-11
19763 3.668470e-11
19764 3.668098e-11
19765 3.667727e-11
19766 3.667356e-11
19767 3.666985e-11
19768 3.666613e-11
19769 3.666242e-11
19770 3.665871e-11
19771 3.665500e-11
19772 3.665129e-11
19773 3.664759e-11
19774 3.664388e-11
19775 3.664017e-11
19776 3.663646e-11
19777 3.663276e-11
19778 3.662905e-11
19779 3.662534e-11
19780 3.662164e-11
19781 3.661794e-11
19782 3.661423e-11
19783 3.661053e-11
19784 3.660683e-11
19785 3.660312e-11
19786 3.659942e-11
19787 3.659572e-11
19788 3.659202e-11
19789 3.658832e-11
19790 3.658462e-11
19791 3.658092e-11
19792 3.657723e-11
19793 3.657353e-11
19794 3.656983e-11
19795 3.656614e-11
19796 3.656244e-11
19797 3.655874e-11
19798 3.655505e-11
19799 3.655136e-11
19800 3.654766e-11
19801 3.654397e-11
19802 3.654028e-11
19803 3.653659e-11
19804 3.653289e-11
19805 3.652920e-11
19806 3.652551e-11
19807 3.652182e-11
19808 3.651813e-11
19809 3.651445e-11
19810 3.651076e-11
19811 3.650707e-11
19812 3.650338e-11
19813 3.649970e-11
19814 3.649601e-11
19815 3.649233e-11
19816 3.648864e-11
19817 3.648496e-11
19818 3.648127e-11
19819 3.647759e-11
19820 3.647391e-11
19821 3.647023e-11
19822 3.646655e-11
19823 3.646287e-11
19824 3.645919e-11
19825 3.645551e-11
19826 3.645183e-11
19827 3.644815e-11
19828 3.644447e-11
19829 3.644079e-11
19830 3.643712e-11
19831 3.643344e-11
19832 3.642976e-11
19833 3.642609e-11
19834 3.642241e-11
19835 3.641874e-11
19836 3.641507e-11
19837 3.641139e-11
19838 3.640772e-11
19839 3.640405e-11
19840 3.640038e-11
19841 3.639671e-11
19842 3.639304e-11
19843 3.638937e-11
19844 3.638570e-11
19845 3.638203e-11
19846 3.637836e-11
19847 3.637470e-11
19848 3.637103e-11
19849 3.636736e-11
19850 3.636370e-11
19851 3.636003e-11
19852 3.635637e-11
19853 3.635270e-11
19854 3.634904e-11
19855 3.634538e-11
19856 3.634171e-11
19857 3.633805e-11
19858 3.633439e-11
19859 3.633073e-11
19860 3.632707e-11
19861 3.632341e-11
19862 3.631975e-11
19863 3.631609e-11
19864 3.631243e-11
19865 3.630878e-11
19866 3.630512e-11
19867 3.630146e-11
19868 3.629781e-11
19869 3.629415e-11
19870 3.629050e-11
19871 3.628684e-11
19872 3.628319e-11
19873 3.627954e-11
19874 3.627589e-11
19875 3.627223e-11
19876 3.626858e-11
19877 3.626493e-11
19878 3.626128e-11
19879 3.625763e-11
19880 3.625398e-11
19881 3.625033e-11
19882 3.624669e-11
19883 3.624304e-11
19884 3.623939e-11
19885 3.623575e-11
19886 3.623210e-11
19887 3.622845e-11
19888 3.622481e-11
19889 3.622117e-11
19890 3.621752e-11
19891 3.621388e-11
19892 3.621024e-11
19893 3.620659e-11
19894 3.620295e-11
19895 3.619931e-11
19896 3.619567e-11
19897 3.619203e-11
19898 3.618839e-11
19899 3.618475e-11
19900 3.618112e-11
19901 3.617748e-11
19902 3.617384e-11
19903 3.617020e-11
19904 3.616657e-11
19905 3.616293e-11
19906 3.615930e-11
19907 3.615566e-11
19908 3.615203e-11
19909 3.614840e-11
19910 3.614476e-11
19911 3.614113e-11
19912 3.613750e-11
19913 3.613387e-11
19914 3.613024e-11
19915 3.612661e-11
19916 3.612298e-11
19917 3.611935e-11
19918 3.611572e-11
19919 3.611210e-11
19920 3.610847e-11
19921 3.610484e-11
19922 3.610122e-11
19923 3.609759e-11
19924 3.609396e-11
19925 3.609034e-11
19926 3.608672e-11
19927 3.608309e-11
19928 3.607947e-11
19929 3.607585e-11
19930 3.607223e-11
19931 3.606861e-11
19932 3.606498e-11
19933 3.606136e-11
19934 3.605775e-11
19935 3.605413e-11
19936 3.605051e-11
19937 3.604689e-11
19938 3.604327e-11
19939 3.603966e-11
19940 3.603604e-11
19941 3.603242e-11
19942 3.602881e-11
19943 3.602519e-11
19944 3.602158e-11
19945 3.601797e-11
19946 3.601435e-11
19947 3.601074e-11
19948 3.600713e-11
19949 3.600352e-11
19950 3.599991e-11
19951 3.599630e-11
19952 3.599269e-11
19953 3.598908e-11
19954 3.598547e-11
19955 3.598186e-11
19956 3.597825e-11
19957 3.597465e-11
19958 3.597104e-11
19959 3.596743e-11
19960 3.596383e-11
19961 3.596022e-11
19962 3.595662e-11
19963 3.595301e-11
19964 3.594941e-11
19965 3.594581e-11
19966 3.594221e-11
19967 3.593861e-11
19968 3.593500e-11
19969 3.593140e-11
19970 3.592780e-11
19971 3.592420e-11
19972 3.592061e-11
19973 3.591701e-11
19974 3.591341e-11
19975 3.590981e-11
19976 3.590622e-11
19977 3.590262e-11
19978 3.589902e-11
19979 3.589543e-11
19980 3.589183e-11
19981 3.588824e-11
19982 3.588465e-11
19983 3.588105e-11
19984 3.587746e-11
19985 3.587387e-11
19986 3.587028e-11
19987 3.586669e-11
19988 3.586310e-11
19989 3.585951e-11
19990 3.585592e-11
19991 3.585233e-11
19992 3.584874e-11
19993 3.584515e-11
19994 3.584157e-11
19995 3.583798e-11
19996 3.583439e-11
19997 3.583081e-11
19998 3.582722e-11
19999 3.582364e-11
