1 5.755820e-08
2 9.051588e-08
3 1.195574e-07
4 1.450383e-07
5 1.670704e-07
6 1.861603e-07
7 2.027609e-07
8 2.169943e-07
9 2.290727e-07
10 2.391927e-07
11 2.475304e-07
12 2.542461e-07
13 2.594843e-07
14 2.633761e-07
15 2.660772e-07
16 2.677319e-07
17 2.684245e-07
18 2.682322e-07
19 2.672495e-07
20 2.655505e-07
21 2.631860e-07
22 2.602219e-07
23 2.567523e-07
24 2.528739e-07
25 2.486649e-07
26 2.441868e-07
27 2.394950e-07
28 2.346430e-07
29 2.296793e-07
30 2.246447e-07
31 2.195737e-07
32 2.144974e-07
33 2.094451e-07
34 2.044437e-07
35 1.995180e-07
36 1.946896e-07
37 1.899776e-07
38 1.853983e-07
39 1.809652e-07
40 1.766892e-07
41 1.725787e-07
42 1.686400e-07
43 1.648771e-07
44 1.612916e-07
45 1.578830e-07
46 1.546485e-07
47 1.515839e-07
48 1.486837e-07
49 1.459413e-07
50 1.433497e-07
51 1.409012e-07
52 1.385878e-07
53 1.364013e-07
54 1.343334e-07
55 1.323753e-07
56 1.305184e-07
57 1.287540e-07
58 1.270732e-07
59 1.254671e-07
60 1.239269e-07
61 1.224438e-07
62 1.210096e-07
63 1.196163e-07
64 1.182565e-07
65 1.169237e-07
66 1.156117e-07
67 1.143151e-07
68 1.130292e-07
69 1.117496e-07
70 1.104724e-07
71 1.091942e-07
72 1.079121e-07
73 1.066235e-07
74 1.053266e-07
75 1.040200e-07
76 1.027026e-07
77 1.013741e-07
78 1.000346e-07
79 9.868456e-08
80 9.732472e-08
81 9.595622e-08
82 9.458046e-08
83 9.319907e-08
84 9.181389e-08
85 9.042695e-08
86 8.904043e-08
87 8.765663e-08
88 8.627794e-08
89 8.490677e-08
90 8.354552e-08
91 8.219655e-08
92 8.086213e-08
93 7.954441e-08
94 7.824548e-08
95 7.696728e-08
96 7.571170e-08
97 7.448048e-08
98 7.327531e-08
99 7.209769e-08
100 7.094901e-08
101 6.983059e-08
102 6.874336e-08
103 6.768800e-08
104 6.666497e-08
105 6.567455e-08
106 6.471682e-08
107 6.379165e-08
108 6.289879e-08
109 6.203778e-08
110 6.120806e-08
111 6.040893e-08
112 5.963957e-08
113 5.889907e-08
114 5.818643e-08
115 5.750057e-08
116 5.684032e-08
117 5.620448e-08
118 5.559179e-08
119 5.500096e-08
120 5.443067e-08
121 5.387958e-08
122 5.334638e-08
123 5.282974e-08
124 5.232837e-08
125 5.184101e-08
126 5.136644e-08
127 5.090348e-08
128 5.045123e-08
129 5.000824e-08
130 4.957342e-08
131 4.914583e-08
132 4.872460e-08
133 4.830895e-08
134 4.789819e-08
135 4.749135e-08
136 4.708757e-08
137 4.668669e-08
138 4.628832e-08
139 4.589213e-08
140 4.549787e-08
141 4.510407e-08
142 4.471130e-08
143 4.431980e-08
144 4.392953e-08
145 4.354050e-08
146 4.315080e-08
147 4.276231e-08
148 4.237519e-08
149 4.198959e-08
150 4.160426e-08
151 4.122007e-08
152 4.083791e-08
153 4.045795e-08
154 4.007899e-08
155 3.970215e-08
156 3.932816e-08
157 3.895714e-08
158 3.858774e-08
159 3.822187e-08
160 3.785962e-08
161 3.750042e-08
162 3.714472e-08
163 3.679318e-08
164 3.644562e-08
165 3.610190e-08
166 3.576273e-08
167 3.542807e-08
168 3.509775e-08
169 3.477224e-08
170 3.445146e-08
171 3.413554e-08
172 3.382453e-08
173 3.351834e-08
174 3.321736e-08
175 3.292126e-08
176 3.263005e-08
177 3.234414e-08
178 3.206294e-08
179 3.178678e-08
180 3.151569e-08
181 3.124908e-08
182 3.098771e-08
183 3.073091e-08
184 3.047849e-08
185 3.023121e-08
186 2.998793e-08
187 2.974931e-08
188 2.951500e-08
189 2.928449e-08
190 2.905872e-08
191 2.883645e-08
192 2.861831e-08
193 2.840392e-08
194 2.819294e-08
195 2.798598e-08
196 2.778200e-08
197 2.758181e-08
198 2.738461e-08
199 2.719061e-08
200 2.699975e-08
201 2.681161e-08
202 2.662668e-08
203 2.644416e-08
204 2.626468e-08
205 2.608753e-08
206 2.591305e-08
207 2.574091e-08
208 2.557114e-08
209 2.540368e-08
210 2.523834e-08
211 2.507524e-08
212 2.491406e-08
213 2.475501e-08
214 2.459775e-08
215 2.444245e-08
216 2.428887e-08
217 2.413705e-08
218 2.398688e-08
219 2.383831e-08
220 2.369130e-08
221 2.354576e-08
222 2.340169e-08
223 2.325896e-08
224 2.311760e-08
225 2.297749e-08
226 2.283866e-08
227 2.270096e-08
228 2.256447e-08
229 2.242902e-08
230 2.229473e-08
231 2.216136e-08
232 2.202914e-08
233 2.189772e-08
234 2.176745e-08
235 2.163786e-08
236 2.150945e-08
237 2.138161e-08
238 2.125500e-08
239 2.112883e-08
240 2.100393e-08
241 2.087943e-08
242 2.075614e-08
243 2.063338e-08
244 2.051168e-08
245 2.039066e-08
246 2.027056e-08
247 2.015130e-08
248 2.003285e-08
249 1.991538e-08
250 1.979862e-08
251 1.968296e-08
252 1.956797e-08
253 1.945411e-08
254 1.934103e-08
255 1.922900e-08
256 1.911792e-08
257 1.900782e-08
258 1.889875e-08
259 1.879069e-08
260 1.868367e-08
261 1.857774e-08
262 1.847282e-08
263 1.836908e-08
264 1.826637e-08
265 1.816478e-08
266 1.806437e-08
267 1.796492e-08
268 1.786688e-08
269 1.776974e-08
270 1.767393e-08
271 1.757919e-08
272 1.748552e-08
273 1.739320e-08
274 1.730170e-08
275 1.721173e-08
276 1.712264e-08
277 1.703472e-08
278 1.694802e-08
279 1.686207e-08
280 1.677771e-08
281 1.669408e-08
282 1.661159e-08
283 1.653020e-08
284 1.644952e-08
285 1.637029e-08
286 1.629171e-08
287 1.621415e-08
288 1.613760e-08
289 1.606167e-08
290 1.598697e-08
291 1.591291e-08
292 1.583964e-08
293 1.576730e-08
294 1.569553e-08
295 1.562467e-08
296 1.555446e-08
297 1.548485e-08
298 1.541603e-08
299 1.534775e-08
300 1.528010e-08
301 1.521305e-08
302 1.514652e-08
303 1.508055e-08
304 1.501510e-08
305 1.495014e-08
306 1.488563e-08
307 1.482161e-08
308 1.475801e-08
309 1.469482e-08
310 1.463210e-08
311 1.456970e-08
312 1.450771e-08
313 1.444618e-08
314 1.438484e-08
315 1.432396e-08
316 1.426346e-08
317 1.420318e-08
318 1.414334e-08
319 1.408382e-08
320 1.402456e-08
321 1.396573e-08
322 1.390716e-08
323 1.384890e-08
324 1.379106e-08
325 1.373345e-08
326 1.367619e-08
327 1.361934e-08
328 1.356272e-08
329 1.350648e-08
330 1.345064e-08
331 1.339507e-08
332 1.333988e-08
333 1.328508e-08
334 1.323059e-08
335 1.317649e-08
336 1.312277e-08
337 1.306943e-08
338 1.301646e-08
339 1.296386e-08
340 1.291170e-08
341 1.285990e-08
342 1.280846e-08
343 1.275752e-08
344 1.270693e-08
345 1.265668e-08
346 1.260699e-08
347 1.255763e-08
348 1.250860e-08
349 1.246015e-08
350 1.241204e-08
351 1.236425e-08
352 1.231704e-08
353 1.227018e-08
354 1.222364e-08
355 1.217763e-08
356 1.213202e-08
357 1.208670e-08
358 1.204188e-08
359 1.199748e-08
360 1.195337e-08
361 1.190967e-08
362 1.186646e-08
363 1.182351e-08
364 1.178091e-08
365 1.173882e-08
366 1.169699e-08
367 1.165543e-08
368 1.161441e-08
369 1.157365e-08
370 1.153314e-08
371 1.149306e-08
372 1.145330e-08
373 1.141378e-08
374 1.137459e-08
375 1.133576e-08
376 1.129717e-08
377 1.125883e-08
378 1.122087e-08
379 1.118313e-08
380 1.114563e-08
381 1.110844e-08
382 1.107150e-08
383 1.103478e-08
384 1.099832e-08
385 1.096212e-08
386 1.092613e-08
387 1.089036e-08
388 1.085484e-08
389 1.081954e-08
390 1.078444e-08
391 1.074955e-08
392 1.071488e-08
393 1.068041e-08
394 1.064614e-08
395 1.061207e-08
396 1.057820e-08
397 1.054451e-08
398 1.051102e-08
399 1.047771e-08
400 1.044460e-08
401 1.041167e-08
402 1.037891e-08
403 1.034634e-08
404 1.031395e-08
405 1.028173e-08
406 1.024970e-08
407 1.021784e-08
408 1.018616e-08
409 1.015465e-08
410 1.012332e-08
411 1.009216e-08
412 1.006118e-08
413 1.003037e-08
414 9.999737e-09
415 9.969269e-09
416 9.938986e-09
417 9.908880e-09
418 9.878937e-09
419 9.849156e-09
420 9.819581e-09
421 9.790170e-09
422 9.760916e-09
423 9.731831e-09
424 9.702959e-09
425 9.674240e-09
426 9.645673e-09
427 9.617295e-09
428 9.589117e-09
429 9.561086e-09
430 9.533203e-09
431 9.505531e-09
432 9.478041e-09
433 9.450693e-09
434 9.423488e-09
435 9.396516e-09
436 9.369705e-09
437 9.343031e-09
438 9.316495e-09
439 9.290210e-09
440 9.264065e-09
441 9.238053e-09
442 9.212180e-09
443 9.186556e-09
444 9.161061e-09
445 9.135694e-09
446 9.110470e-09
447 9.085480e-09
448 9.060615e-09
449 9.035872e-09
450 9.011273e-09
451 8.986893e-09
452 8.962633e-09
453 8.938492e-09
454 8.914489e-09
455 8.890694e-09
456 8.867015e-09
457 8.843450e-09
458 8.820013e-09
459 8.796775e-09
460 8.773649e-09
461 8.750633e-09
462 8.727734e-09
463 8.705025e-09
464 8.682424e-09
465 8.659931e-09
466 8.637543e-09
467 8.615334e-09
468 8.593231e-09
469 8.571232e-09
470 8.549336e-09
471 8.527595e-09
472 8.505965e-09
473 8.484436e-09
474 8.463007e-09
475 8.441711e-09
476 8.420531e-09
477 8.399449e-09
478 8.378463e-09
479 8.357594e-09
480 8.336844e-09
481 8.316188e-09
482 8.295627e-09
483 8.275166e-09
484 8.254829e-09
485 8.234584e-09
486 8.214430e-09
487 8.194367e-09
488 8.174425e-09
489 8.154577e-09
490 8.134817e-09
491 8.115145e-09
492 8.095581e-09
493 8.076118e-09
494 8.056741e-09
495 8.037450e-09
496 8.018252e-09
497 7.999167e-09
498 7.980166e-09
499 7.961248e-09
500 7.942412e-09
501 7.923691e-09
502 7.905058e-09
503 7.886507e-09
504 7.868036e-09
505 7.849660e-09
506 7.831393e-09
507 7.813203e-09
508 7.795092e-09
509 7.777058e-09
510 7.759143e-09
511 7.741312e-09
512 7.723555e-09
513 7.705874e-09
514 7.688287e-09
515 7.670808e-09
516 7.653403e-09
517 7.636071e-09
518 7.618811e-09
519 7.601668e-09
520 7.584608e-09
521 7.567620e-09
522 7.550702e-09
523 7.533864e-09
524 7.517144e-09
525 7.500493e-09
526 7.483911e-09
527 7.467396e-09
528 7.450981e-09
529 7.434660e-09
530 7.418406e-09
531 7.402217e-09
532 7.386095e-09
533 7.370087e-09
534 7.354152e-09
535 7.338281e-09
536 7.322474e-09
537 7.306738e-09
538 7.291113e-09
539 7.275550e-09
540 7.260049e-09
541 7.244610e-09
542 7.229251e-09
543 7.213985e-09
544 7.198780e-09
545 7.183635e-09
546 7.168550e-09
547 7.153549e-09
548 7.138629e-09
549 7.123767e-09
550 7.108964e-09
551 7.094217e-09
552 7.079558e-09
553 7.064968e-09
554 7.050435e-09
555 7.035958e-09
556 7.021537e-09
557 7.007201e-09
558 6.992929e-09
559 6.978711e-09
560 6.964548e-09
561 6.950438e-09
562 6.936411e-09
563 6.922443e-09
564 6.908528e-09
565 6.894665e-09
566 6.880855e-09
567 6.867124e-09
568 6.853448e-09
569 6.839824e-09
570 6.826251e-09
571 6.812728e-09
572 6.799281e-09
573 6.785888e-09
574 6.772545e-09
575 6.759251e-09
576 6.746007e-09
577 6.732833e-09
578 6.719714e-09
579 6.706643e-09
580 6.693620e-09
581 6.680645e-09
582 6.667735e-09
583 6.654882e-09
584 6.642076e-09
585 6.629316e-09
586 6.616603e-09
587 6.603949e-09
588 6.591355e-09
589 6.578807e-09
590 6.566304e-09
591 6.553846e-09
592 6.541440e-09
593 6.529099e-09
594 6.516803e-09
595 6.504550e-09
596 6.492341e-09
597 6.480175e-09
598 6.468082e-09
599 6.456032e-09
600 6.444024e-09
601 6.432059e-09
602 6.420135e-09
603 6.408275e-09
604 6.396465e-09
605 6.384696e-09
606 6.372968e-09
607 6.361281e-09
608 6.349646e-09
609 6.338070e-09
610 6.326535e-09
611 6.315039e-09
612 6.303583e-09
613 6.292166e-09
614 6.280818e-09
615 6.269509e-09
616 6.258240e-09
617 6.247009e-09
618 6.235816e-09
619 6.224676e-09
620 6.213589e-09
621 6.202539e-09
622 6.191527e-09
623 6.180551e-09
624 6.169613e-09
625 6.158740e-09
626 6.147904e-09
627 6.137104e-09
628 6.126339e-09
629 6.115611e-09
630 6.104931e-09
631 6.094301e-09
632 6.083707e-09
633 6.073147e-09
634 6.062622e-09
635 6.052133e-09
636 6.041699e-09
637 6.031303e-09
638 6.020942e-09
639 6.010614e-09
640 6.000320e-09
641 5.990065e-09
642 5.979862e-09
643 5.969691e-09
644 5.959554e-09
645 5.949450e-09
646 5.939378e-09
647 5.929351e-09
648 5.919366e-09
649 5.909413e-09
650 5.899492e-09
651 5.889603e-09
652 5.879746e-09
653 5.869936e-09
654 5.860161e-09
655 5.850418e-09
656 5.840706e-09
657 5.831025e-09
658 5.821374e-09
659 5.811773e-09
660 5.802202e-09
661 5.792662e-09
662 5.783151e-09
663 5.773671e-09
664 5.764223e-09
665 5.754819e-09
666 5.745445e-09
667 5.736101e-09
668 5.726785e-09
669 5.717499e-09
670 5.708246e-09
671 5.699034e-09
672 5.689851e-09
673 5.680696e-09
674 5.671570e-09
675 5.662471e-09
676 5.653406e-09
677 5.644380e-09
678 5.635382e-09
679 5.626411e-09
680 5.617468e-09
681 5.608552e-09
682 5.599668e-09
683 5.590822e-09
684 5.582003e-09
685 5.573211e-09
686 5.564446e-09
687 5.555707e-09
688 5.546998e-09
689 5.538327e-09
690 5.529683e-09
691 5.521064e-09
692 5.512471e-09
693 5.503904e-09
694 5.495365e-09
695 5.486864e-09
696 5.478388e-09
697 5.469938e-09
698 5.461513e-09
699 5.453113e-09
700 5.444737e-09
701 5.436401e-09
702 5.428090e-09
703 5.419803e-09
704 5.411541e-09
705 5.403303e-09
706 5.395089e-09
707 5.386909e-09
708 5.378758e-09
709 5.370630e-09
710 5.362526e-09
711 5.354445e-09
712 5.346388e-09
713 5.338361e-09
714 5.330364e-09
715 5.322390e-09
716 5.314440e-09
717 5.306512e-09
718 5.298607e-09
719 5.290727e-09
720 5.282881e-09
721 5.275057e-09
722 5.267256e-09
723 5.259477e-09
724 5.251720e-09
725 5.243986e-09
726 5.236282e-09
727 5.228604e-09
728 5.220948e-09
729 5.213313e-09
730 5.205700e-09
731 5.198109e-09
732 5.190542e-09
733 5.183006e-09
734 5.175490e-09
735 5.167996e-09
736 5.160523e-09
737 5.153070e-09
738 5.145638e-09
739 5.138237e-09
740 5.130858e-09
741 5.123500e-09
742 5.116163e-09
743 5.108845e-09
744 5.101548e-09
745 5.094274e-09
746 5.087028e-09
747 5.079803e-09
748 5.072597e-09
749 5.065411e-09
750 5.058245e-09
751 5.051098e-09
752 5.043978e-09
753 5.036881e-09
754 5.029803e-09
755 5.022744e-09
756 5.015705e-09
757 5.008685e-09
758 5.001684e-09
759 4.994712e-09
760 4.987759e-09
761 4.980824e-09
762 4.973908e-09
763 4.967011e-09
764 4.960133e-09
765 4.953275e-09
766 4.946443e-09
767 4.939629e-09
768 4.932833e-09
769 4.926056e-09
770 4.919296e-09
771 4.912555e-09
772 4.905835e-09
773 4.899138e-09
774 4.892459e-09
775 4.885798e-09
776 4.879154e-09
777 4.872528e-09
778 4.865919e-09
779 4.859333e-09
780 4.852767e-09
781 4.846219e-09
782 4.839688e-09
783 4.833173e-09
784 4.826676e-09
785 4.820196e-09
786 4.813738e-09
787 4.807300e-09
788 4.800878e-09
789 4.794472e-09
790 4.788084e-09
791 4.781712e-09
792 4.775356e-09
793 4.769022e-09
794 4.762707e-09
795 4.756407e-09
796 4.750124e-09
797 4.743857e-09
798 4.737607e-09
799 4.731372e-09
800 4.725157e-09
801 4.718961e-09
802 4.712780e-09
803 4.706616e-09
804 4.700467e-09
805 4.694333e-09
806 4.688215e-09
807 4.682116e-09
808 4.676036e-09
809 4.669970e-09
810 4.663920e-09
811 4.657886e-09
812 4.651866e-09
813 4.645862e-09
814 4.639875e-09
815 4.633906e-09
816 4.627952e-09
817 4.622013e-09
818 4.616089e-09
819 4.610180e-09
820 4.604286e-09
821 4.598407e-09
822 4.592547e-09
823 4.586701e-09
824 4.580870e-09
825 4.575054e-09
826 4.569252e-09
827 4.563464e-09
828 4.557690e-09
829 4.551935e-09
830 4.546194e-09
831 4.540468e-09
832 4.534756e-09
833 4.529058e-09
834 4.523373e-09
835 4.517703e-09
836 4.512048e-09
837 4.506410e-09
838 4.500785e-09
839 4.495174e-09
840 4.489576e-09
841 4.483992e-09
842 4.478422e-09
843 4.472865e-09
844 4.467325e-09
845 4.461799e-09
846 4.456286e-09
847 4.450786e-09
848 4.445300e-09
849 4.439826e-09
850 4.434366e-09
851 4.428921e-09
852 4.423490e-09
853 4.418073e-09
854 4.412668e-09
855 4.407276e-09
856 4.401897e-09
857 4.396531e-09
858 4.391177e-09
859 4.385839e-09
860 4.380514e-09
861 4.375201e-09
862 4.369901e-09
863 4.364614e-09
864 4.359339e-09
865 4.354076e-09
866 4.348827e-09
867 4.343591e-09
868 4.338368e-09
869 4.333157e-09
870 4.327959e-09
871 4.322772e-09
872 4.317598e-09
873 4.312436e-09
874 4.307287e-09
875 4.302151e-09
876 4.297026e-09
877 4.291914e-09
878 4.286814e-09
879 4.281725e-09
880 4.276649e-09
881 4.271584e-09
882 4.266532e-09
883 4.261492e-09
884 4.256463e-09
885 4.251447e-09
886 4.246441e-09
887 4.241448e-09
888 4.236465e-09
889 4.231495e-09
890 4.226537e-09
891 4.221590e-09
892 4.216654e-09
893 4.211730e-09
894 4.206817e-09
895 4.201915e-09
896 4.197025e-09
897 4.192145e-09
898 4.187278e-09
899 4.182421e-09
900 4.177576e-09
901 4.172741e-09
902 4.167918e-09
903 4.163105e-09
904 4.158303e-09
905 4.153513e-09
906 4.148733e-09
907 4.143964e-09
908 4.139206e-09
909 4.134458e-09
910 4.129721e-09
911 4.124995e-09
912 4.120280e-09
913 4.115575e-09
914 4.110880e-09
915 4.106196e-09
916 4.101523e-09
917 4.096859e-09
918 4.092207e-09
919 4.087564e-09
920 4.082932e-09
921 4.078310e-09
922 4.073699e-09
923 4.069097e-09
924 4.064506e-09
925 4.059925e-09
926 4.055353e-09
927 4.050792e-09
928 4.046241e-09
929 4.041700e-09
930 4.037169e-09
931 4.032647e-09
932 4.028136e-09
933 4.023634e-09
934 4.019142e-09
935 4.014660e-09
936 4.010188e-09
937 4.005725e-09
938 4.001272e-09
939 3.996828e-09
940 3.992393e-09
941 3.987969e-09
942 3.983554e-09
943 3.979148e-09
944 3.974752e-09
945 3.970366e-09
946 3.965988e-09
947 3.961620e-09
948 3.957261e-09
949 3.952911e-09
950 3.948571e-09
951 3.944240e-09
952 3.939918e-09
953 3.935605e-09
954 3.931302e-09
955 3.927007e-09
956 3.922721e-09
957 3.918444e-09
958 3.914176e-09
959 3.909917e-09
960 3.905667e-09
961 3.901426e-09
962 3.897195e-09
963 3.892971e-09
964 3.888756e-09
965 3.884550e-09
966 3.880352e-09
967 3.876164e-09
968 3.871984e-09
969 3.867813e-09
970 3.863651e-09
971 3.859498e-09
972 3.855351e-09
973 3.851214e-09
974 3.847085e-09
975 3.842964e-09
976 3.838852e-09
977 3.834749e-09
978 3.830655e-09
979 3.826569e-09
980 3.822491e-09
981 3.818420e-09
982 3.814357e-09
983 3.810303e-09
984 3.806258e-09
985 3.802221e-09
986 3.798192e-09
987 3.794171e-09
988 3.790159e-09
989 3.786154e-09
990 3.782156e-09
991 3.778167e-09
992 3.774185e-09
993 3.770212e-09
994 3.766247e-09
995 3.762290e-09
996 3.758342e-09
997 3.754401e-09
998 3.750467e-09
999 3.746540e-09
1000 3.742621e-09
1001 3.738710e-09
1002 3.734807e-09
1003 3.730913e-09
1004 3.727026e-09
1005 3.723147e-09
1006 3.719276e-09
1007 3.715410e-09
1008 3.711552e-09
1009 3.707702e-09
1010 3.703859e-09
1011 3.700025e-09
1012 3.696198e-09
1013 3.692379e-09
1014 3.688567e-09
1015 3.684763e-09
1016 3.680965e-09
1017 3.677173e-09
1018 3.673390e-09
1019 3.669614e-09
1020 3.665845e-09
1021 3.662085e-09
1022 3.658331e-09
1023 3.654586e-09
1024 3.650847e-09
1025 3.647113e-09
1026 3.643387e-09
1027 3.639668e-09
1028 3.635957e-09
1029 3.632253e-09
1030 3.628556e-09
1031 3.624866e-09
1032 3.621184e-09
1033 3.617510e-09
1034 3.613839e-09
1035 3.610176e-09
1036 3.606520e-09
1037 3.602871e-09
1038 3.599229e-09
1039 3.595595e-09
1040 3.591967e-09
1041 3.588347e-09
1042 3.584734e-09
1043 3.581125e-09
1044 3.577523e-09
1045 3.573928e-09
1046 3.570340e-09
1047 3.566759e-09
1048 3.563185e-09
1049 3.559618e-09
1050 3.556058e-09
1051 3.552504e-09
1052 3.548957e-09
1053 3.545414e-09
1054 3.541878e-09
1055 3.538349e-09
1056 3.534827e-09
1057 3.531311e-09
1058 3.527803e-09
1059 3.524301e-09
1060 3.520806e-09
1061 3.517317e-09
1062 3.513832e-09
1063 3.510354e-09
1064 3.506882e-09
1065 3.503417e-09
1066 3.499959e-09
1067 3.496508e-09
1068 3.493063e-09
1069 3.489624e-09
1070 3.486192e-09
1071 3.482765e-09
1072 3.479342e-09
1073 3.475926e-09
1074 3.472517e-09
1075 3.469114e-09
1076 3.465718e-09
1077 3.462328e-09
1078 3.458945e-09
1079 3.455568e-09
1080 3.452197e-09
1081 3.448829e-09
1082 3.445467e-09
1083 3.442112e-09
1084 3.438763e-09
1085 3.435421e-09
1086 3.432084e-09
1087 3.428755e-09
1088 3.425431e-09
1089 3.422114e-09
1090 3.418800e-09
1091 3.415492e-09
1092 3.412189e-09
1093 3.408893e-09
1094 3.405602e-09
1095 3.402318e-09
1096 3.399041e-09
1097 3.395769e-09
1098 3.392503e-09
1099 3.389244e-09
1100 3.385987e-09
1101 3.382735e-09
1102 3.379490e-09
1103 3.376251e-09
1104 3.373018e-09
1105 3.369790e-09
1106 3.366569e-09
1107 3.363354e-09
1108 3.360145e-09
1109 3.356941e-09
1110 3.353739e-09
1111 3.350544e-09
1112 3.347354e-09
1113 3.344170e-09
1114 3.340992e-09
1115 3.337820e-09
1116 3.334654e-09
1117 3.331493e-09
1118 3.328339e-09
1119 3.325189e-09
1120 3.322041e-09
1121 3.318900e-09
1122 3.315764e-09
1123 3.312634e-09
1124 3.309510e-09
1125 3.306391e-09
1126 3.303278e-09
1127 3.300171e-09
1128 3.297070e-09
1129 3.293972e-09
1130 3.290878e-09
1131 3.287789e-09
1132 3.284705e-09
1133 3.281628e-09
1134 3.278556e-09
1135 3.275489e-09
1136 3.272428e-09
1137 3.269373e-09
1138 3.266323e-09
1139 3.263277e-09
1140 3.260234e-09
1141 3.257196e-09
1142 3.254163e-09
1143 3.251136e-09
1144 3.248115e-09
1145 3.245099e-09
1146 3.242088e-09
1147 3.239083e-09
1148 3.236083e-09
1149 3.233088e-09
1150 3.230094e-09
1151 3.227106e-09
1152 3.224123e-09
1153 3.221146e-09
1154 3.218173e-09
1155 3.215207e-09
1156 3.212245e-09
1157 3.209289e-09
1158 3.206338e-09
1159 3.203392e-09
1160 3.200447e-09
1161 3.197507e-09
1162 3.194572e-09
1163 3.191642e-09
1164 3.188718e-09
1165 3.185799e-09
1166 3.182885e-09
1167 3.179976e-09
1168 3.177072e-09
1169 3.174174e-09
1170 3.171277e-09
1171 3.168384e-09
1172 3.165496e-09
1173 3.162613e-09
1174 3.159735e-09
1175 3.156862e-09
1176 3.153995e-09
1177 3.151132e-09
1178 3.148274e-09
1179 3.145422e-09
1180 3.142573e-09
1181 3.139725e-09
1182 3.136883e-09
1183 3.134045e-09
1184 3.131213e-09
1185 3.128385e-09
1186 3.125562e-09
1187 3.122745e-09
1188 3.119932e-09
1189 3.117124e-09
1190 3.114321e-09
1191 3.111519e-09
1192 3.108720e-09
1193 3.105927e-09
1194 3.103139e-09
1195 3.100355e-09
1196 3.097576e-09
1197 3.094802e-09
1198 3.092033e-09
1199 3.089268e-09
1200 3.086509e-09
1201 3.083752e-09
1202 3.080997e-09
1203 3.078247e-09
1204 3.075501e-09
1205 3.072760e-09
1206 3.070024e-09
1207 3.067293e-09
1208 3.064566e-09
1209 3.061844e-09
1210 3.059126e-09
1211 3.056413e-09
1212 3.053702e-09
1213 3.050994e-09
1214 3.048290e-09
1215 3.045591e-09
1216 3.042896e-09
1217 3.040206e-09
1218 3.037520e-09
1219 3.034839e-09
1220 3.032163e-09
1221 3.029491e-09
1222 3.026824e-09
1223 3.024157e-09
1224 3.021493e-09
1225 3.018835e-09
1226 3.016180e-09
1227 3.013531e-09
1228 3.010885e-09
1229 3.008244e-09
1230 3.005608e-09
1231 3.002976e-09
1232 3.000349e-09
1233 2.997726e-09
1234 2.995102e-09
1235 2.992483e-09
1236 2.989868e-09
1237 2.987257e-09
1238 2.984651e-09
1239 2.982049e-09
1240 2.979452e-09
1241 2.976859e-09
1242 2.974270e-09
1243 2.971685e-09
1244 2.969105e-09
1245 2.966524e-09
1246 2.963948e-09
1247 2.961375e-09
1248 2.958807e-09
1249 2.956244e-09
1250 2.953684e-09
1251 2.951129e-09
1252 2.948578e-09
1253 2.946031e-09
1254 2.943489e-09
1255 2.940950e-09
1256 2.938411e-09
1257 2.935876e-09
1258 2.933345e-09
1259 2.930819e-09
1260 2.928296e-09
1261 2.925778e-09
1262 2.923264e-09
1263 2.920754e-09
1264 2.918248e-09
1265 2.915746e-09
1266 2.913248e-09
1267 2.910751e-09
1268 2.908256e-09
1269 2.905765e-09
1270 2.903279e-09
1271 2.900796e-09
1272 2.898318e-09
1273 2.895844e-09
1274 2.893374e-09
1275 2.890908e-09
1276 2.888445e-09
1277 2.885987e-09
1278 2.883530e-09
1279 2.881075e-09
1280 2.878623e-09
1281 2.876176e-09
1282 2.873733e-09
1283 2.871293e-09
1284 2.868858e-09
1285 2.866426e-09
1286 2.863999e-09
1287 2.861575e-09
1288 2.859156e-09
1289 2.856739e-09
1290 2.854322e-09
1291 2.851909e-09
1292 2.849499e-09
1293 2.847094e-09
1294 2.844692e-09
1295 2.842295e-09
1296 2.839901e-09
1297 2.837511e-09
1298 2.835125e-09
1299 2.832743e-09
1300 2.830364e-09
1301 2.827986e-09
1302 2.825610e-09
1303 2.823237e-09
1304 2.820869e-09
1305 2.818504e-09
1306 2.816144e-09
1307 2.813786e-09
1308 2.811433e-09
1309 2.809084e-09
1310 2.806738e-09
1311 2.804396e-09
1312 2.802056e-09
1313 2.799716e-09
1314 2.797380e-09
1315 2.795048e-09
1316 2.792719e-09
1317 2.790394e-09
1318 2.788073e-09
1319 2.785755e-09
1320 2.783441e-09
1321 2.781131e-09
1322 2.778824e-09
1323 2.776521e-09
1324 2.774219e-09
1325 2.771918e-09
1326 2.769620e-09
1327 2.767327e-09
1328 2.765036e-09
1329 2.762750e-09
1330 2.760467e-09
1331 2.758188e-09
1332 2.755912e-09
1333 2.753640e-09
1334 2.751371e-09
1335 2.749106e-09
1336 2.746840e-09
1337 2.744577e-09
1338 2.742317e-09
1339 2.740061e-09
1340 2.737808e-09
1341 2.735559e-09
1342 2.733314e-09
1343 2.731072e-09
1344 2.728833e-09
1345 2.726598e-09
1346 2.724366e-09
1347 2.722138e-09
1348 2.719909e-09
1349 2.717682e-09
1350 2.715459e-09
1351 2.713239e-09
1352 2.711023e-09
1353 2.708810e-09
1354 2.706601e-09
1355 2.704395e-09
1356 2.702193e-09
1357 2.699994e-09
1358 2.697798e-09
1359 2.695606e-09
1360 2.693412e-09
1361 2.691221e-09
1362 2.689034e-09
1363 2.686850e-09
1364 2.684669e-09
1365 2.682492e-09
1366 2.680318e-09
1367 2.678147e-09
1368 2.675980e-09
1369 2.673816e-09
1370 2.671655e-09
1371 2.669498e-09
1372 2.667339e-09
1373 2.665183e-09
1374 2.663030e-09
1375 2.660881e-09
1376 2.658734e-09
1377 2.656592e-09
1378 2.654452e-09
1379 2.652316e-09
1380 2.650183e-09
1381 2.648053e-09
1382 2.645926e-09
1383 2.643803e-09
1384 2.641679e-09
1385 2.639557e-09
1386 2.637438e-09
1387 2.635322e-09
1388 2.633209e-09
1389 2.631100e-09
1390 2.628994e-09
1391 2.626891e-09
1392 2.624791e-09
1393 2.622695e-09
1394 2.620601e-09
1395 2.618511e-09
1396 2.616422e-09
1397 2.614332e-09
1398 2.612246e-09
1399 2.610163e-09
1400 2.608083e-09
1401 2.606006e-09
1402 2.603933e-09
1403 2.601862e-09
1404 2.599795e-09
1405 2.597731e-09
1406 2.595670e-09
1407 2.593612e-09
1408 2.591557e-09
1409 2.589499e-09
1410 2.587445e-09
1411 2.585394e-09
1412 2.583346e-09
1413 2.581301e-09
1414 2.579259e-09
1415 2.577220e-09
1416 2.575185e-09
1417 2.573152e-09
1418 2.571122e-09
1419 2.569095e-09
1420 2.567072e-09
1421 2.565048e-09
1422 2.563025e-09
1423 2.561005e-09
1424 2.558988e-09
1425 2.556974e-09
1426 2.554963e-09
1427 2.552955e-09
1428 2.550950e-09
1429 2.548948e-09
1430 2.546949e-09
1431 2.544953e-09
1432 2.542960e-09
1433 2.540970e-09
1434 2.538978e-09
1435 2.536988e-09
1436 2.535001e-09
1437 2.533017e-09
1438 2.531036e-09
1439 2.529058e-09
1440 2.527083e-09
1441 2.525111e-09
1442 2.523142e-09
1443 2.521175e-09
1444 2.519212e-09
1445 2.517251e-09
1446 2.515293e-09
1447 2.513333e-09
1448 2.511375e-09
1449 2.509421e-09
1450 2.507469e-09
1451 2.505520e-09
1452 2.503575e-09
1453 2.501632e-09
1454 2.499691e-09
1455 2.497754e-09
1456 2.495820e-09
1457 2.493888e-09
1458 2.491959e-09
1459 2.490031e-09
1460 2.488103e-09
1461 2.486177e-09
1462 2.484254e-09
1463 2.482333e-09
1464 2.480416e-09
1465 2.478501e-09
1466 2.476590e-09
1467 2.474680e-09
1468 2.472774e-09
1469 2.470871e-09
1470 2.468970e-09
1471 2.467072e-09
1472 2.465175e-09
1473 2.463277e-09
1474 2.461382e-09
1475 2.459489e-09
1476 2.457599e-09
1477 2.455712e-09
1478 2.453828e-09
1479 2.451947e-09
1480 2.450068e-09
1481 2.448192e-09
1482 2.446318e-09
1483 2.444448e-09
1484 2.442580e-09
1485 2.440713e-09
1486 2.438845e-09
1487 2.436980e-09
1488 2.435117e-09
1489 2.433257e-09
1490 2.431400e-09
1491 2.429545e-09
1492 2.427693e-09
1493 2.425844e-09
1494 2.423997e-09
1495 2.422153e-09
1496 2.420312e-09
1497 2.418473e-09
1498 2.416636e-09
1499 2.414798e-09
1500 2.412961e-09
1501 2.411128e-09
1502 2.409297e-09
1503 2.407468e-09
1504 2.405642e-09
1505 2.403819e-09
1506 2.401999e-09
1507 2.400181e-09
1508 2.398365e-09
1509 2.396552e-09
1510 2.394742e-09
1511 2.392934e-09
1512 2.391125e-09
1513 2.389317e-09
1514 2.387512e-09
1515 2.385709e-09
1516 2.383909e-09
1517 2.382111e-09
1518 2.380316e-09
1519 2.378523e-09
1520 2.376733e-09
1521 2.374945e-09
1522 2.373160e-09
1523 2.371378e-09
1524 2.369598e-09
1525 2.367818e-09
1526 2.366038e-09
1527 2.364260e-09
1528 2.362485e-09
1529 2.360712e-09
1530 2.358941e-09
1531 2.357173e-09
1532 2.355408e-09
1533 2.353645e-09
1534 2.351885e-09
1535 2.350127e-09
1536 2.348371e-09
1537 2.346618e-09
1538 2.344867e-09
1539 2.343115e-09
1540 2.341364e-09
1541 2.339615e-09
1542 2.337869e-09
1543 2.336125e-09
1544 2.334384e-09
1545 2.332645e-09
1546 2.330909e-09
1547 2.329175e-09
1548 2.327443e-09
1549 2.325714e-09
1550 2.323987e-09
1551 2.322263e-09
1552 2.320540e-09
1553 2.318815e-09
1554 2.317093e-09
1555 2.315372e-09
1556 2.313655e-09
1557 2.311939e-09
1558 2.310226e-09
1559 2.308516e-09
1560 2.306808e-09
1561 2.305102e-09
1562 2.303398e-09
1563 2.301697e-09
1564 2.299998e-09
1565 2.298302e-09
1566 2.296606e-09
1567 2.294908e-09
1568 2.293214e-09
1569 2.291521e-09
1570 2.289831e-09
1571 2.288144e-09
1572 2.286458e-09
1573 2.284775e-09
1574 2.283094e-09
1575 2.281416e-09
1576 2.279739e-09
1577 2.278066e-09
1578 2.276394e-09
1579 2.274725e-09
1580 2.273055e-09
1581 2.271385e-09
1582 2.269717e-09
1583 2.268052e-09
1584 2.266389e-09
1585 2.264728e-09
1586 2.263069e-09
1587 2.261413e-09
1588 2.259759e-09
1589 2.258107e-09
1590 2.256458e-09
1591 2.254810e-09
1592 2.253165e-09
1593 2.251522e-09
1594 2.249879e-09
1595 2.248236e-09
1596 2.246594e-09
1597 2.244955e-09
1598 2.243318e-09
1599 2.241684e-09
1600 2.240051e-09
1601 2.238421e-09
1602 2.236793e-09
1603 2.235167e-09
1604 2.233543e-09
1605 2.231922e-09
1606 2.230302e-09
1607 2.228685e-09
1608 2.227069e-09
1609 2.225451e-09
1610 2.223835e-09
1611 2.222222e-09
1612 2.220610e-09
1613 2.219001e-09
1614 2.217394e-09
1615 2.215789e-09
1616 2.214187e-09
1617 2.212586e-09
1618 2.210987e-09
1619 2.209391e-09
1620 2.207797e-09
1621 2.206205e-09
1622 2.204615e-09
1623 2.203022e-09
1624 2.201432e-09
1625 2.199843e-09
1626 2.198257e-09
1627 2.196672e-09
1628 2.195090e-09
1629 2.193510e-09
1630 2.191932e-09
1631 2.190356e-09
1632 2.188782e-09
1633 2.187210e-09
1634 2.185641e-09
1635 2.184073e-09
1636 2.182507e-09
1637 2.180941e-09
1638 2.179375e-09
1639 2.177810e-09
1640 2.176248e-09
1641 2.174688e-09
1642 2.173130e-09
1643 2.171574e-09
1644 2.170020e-09
1645 2.168468e-09
1646 2.166918e-09
1647 2.165370e-09
1648 2.163825e-09
1649 2.162281e-09
1650 2.160739e-09
1651 2.159199e-09
1652 2.157657e-09
1653 2.156116e-09
1654 2.154577e-09
1655 2.153041e-09
1656 2.151506e-09
1657 2.149974e-09
1658 2.148443e-09
1659 2.146915e-09
1660 2.145388e-09
1661 2.143864e-09
1662 2.142341e-09
1663 2.140821e-09
1664 2.139302e-09
1665 2.137786e-09
1666 2.136270e-09
1667 2.134752e-09
1668 2.133236e-09
1669 2.131723e-09
1670 2.130211e-09
1671 2.128702e-09
1672 2.127194e-09
1673 2.125688e-09
1674 2.124185e-09
1675 2.122683e-09
1676 2.121183e-09
1677 2.119685e-09
1678 2.118190e-09
1679 2.116696e-09
1680 2.115204e-09
1681 2.113711e-09
1682 2.112218e-09
1683 2.110727e-09
1684 2.109237e-09
1685 2.107750e-09
1686 2.106265e-09
1687 2.104781e-09
1688 2.103300e-09
1689 2.101820e-09
1690 2.100343e-09
1691 2.098867e-09
1692 2.097393e-09
1693 2.095921e-09
1694 2.094451e-09
1695 2.092983e-09
1696 2.091514e-09
1697 2.090045e-09
1698 2.088577e-09
1699 2.087112e-09
1700 2.085648e-09
1701 2.084187e-09
1702 2.082727e-09
1703 2.081269e-09
1704 2.079813e-09
1705 2.078359e-09
1706 2.076907e-09
1707 2.075456e-09
1708 2.074008e-09
1709 2.072561e-09
1710 2.071116e-09
1711 2.069670e-09
1712 2.068224e-09
1713 2.066780e-09
1714 2.065338e-09
1715 2.063897e-09
1716 2.062459e-09
1717 2.061022e-09
1718 2.059587e-09
1719 2.058154e-09
1720 2.056723e-09
1721 2.055293e-09
1722 2.053866e-09
1723 2.052440e-09
1724 2.051016e-09
1725 2.049594e-09
1726 2.048171e-09
1727 2.046748e-09
1728 2.045327e-09
1729 2.043907e-09
1730 2.042489e-09
1731 2.041073e-09
1732 2.039658e-09
1733 2.038246e-09
1734 2.036835e-09
1735 2.035426e-09
1736 2.034019e-09
1737 2.032613e-09
1738 2.031210e-09
1739 2.029808e-09
1740 2.028408e-09
1741 2.027009e-09
1742 2.025608e-09
1743 2.024208e-09
1744 2.022811e-09
1745 2.021415e-09
1746 2.020020e-09
1747 2.018628e-09
1748 2.017237e-09
1749 2.015848e-09
1750 2.014461e-09
1751 2.013075e-09
1752 2.011692e-09
1753 2.010309e-09
1754 2.008929e-09
1755 2.007551e-09
1756 2.006174e-09
1757 2.004796e-09
1758 2.003418e-09
1759 2.002042e-09
1760 2.000667e-09
1761 1.999294e-09
1762 1.997923e-09
1763 1.996553e-09
1764 1.995186e-09
1765 1.993819e-09
1766 1.992455e-09
1767 1.991092e-09
1768 1.989732e-09
1769 1.988372e-09
1770 1.987015e-09
1771 1.985659e-09
1772 1.984305e-09
1773 1.982948e-09
1774 1.981592e-09
1775 1.980238e-09
1776 1.978886e-09
1777 1.977536e-09
1778 1.976187e-09
1779 1.974840e-09
1780 1.973495e-09
1781 1.972151e-09
1782 1.970809e-09
1783 1.969469e-09
1784 1.968130e-09
1785 1.966793e-09
1786 1.965457e-09
1787 1.964124e-09
1788 1.962790e-09
1789 1.961455e-09
1790 1.960122e-09
1791 1.958790e-09
1792 1.957460e-09
1793 1.956131e-09
1794 1.954805e-09
1795 1.953479e-09
1796 1.952156e-09
1797 1.950834e-09
1798 1.949513e-09
1799 1.948195e-09
1800 1.946878e-09
1801 1.945562e-09
1802 1.944248e-09
1803 1.942936e-09
1804 1.941624e-09
1805 1.940310e-09
1806 1.938998e-09
1807 1.937688e-09
1808 1.936379e-09
1809 1.935072e-09
1810 1.933766e-09
1811 1.932463e-09
1812 1.931160e-09
1813 1.929859e-09
1814 1.928560e-09
1815 1.927263e-09
1816 1.925967e-09
1817 1.924672e-09
1818 1.923379e-09
1819 1.922088e-09
1820 1.920797e-09
1821 1.919504e-09
1822 1.918213e-09
1823 1.916924e-09
1824 1.915636e-09
1825 1.914349e-09
1826 1.913065e-09
1827 1.911781e-09
1828 1.910500e-09
1829 1.909220e-09
1830 1.907941e-09
1831 1.906664e-09
1832 1.905389e-09
1833 1.904115e-09
1834 1.902842e-09
1835 1.901572e-09
1836 1.900302e-09
1837 1.899029e-09
1838 1.897759e-09
1839 1.896490e-09
1840 1.895222e-09
1841 1.893956e-09
1842 1.892691e-09
1843 1.891428e-09
1844 1.890167e-09
1845 1.888907e-09
1846 1.887648e-09
1847 1.886391e-09
1848 1.885136e-09
1849 1.883882e-09
1850 1.882630e-09
1851 1.881379e-09
1852 1.880129e-09
1853 1.878878e-09
1854 1.877627e-09
1855 1.876378e-09
1856 1.875130e-09
1857 1.873884e-09
1858 1.872639e-09
1859 1.871395e-09
1860 1.870154e-09
1861 1.868913e-09
1862 1.867674e-09
1863 1.866437e-09
1864 1.865201e-09
1865 1.863967e-09
1866 1.862734e-09
1867 1.861502e-09
1868 1.860272e-09
1869 1.859042e-09
1870 1.857811e-09
1871 1.856581e-09
1872 1.855352e-09
1873 1.854125e-09
1874 1.852900e-09
1875 1.851676e-09
1876 1.850453e-09
1877 1.849232e-09
1878 1.848012e-09
1879 1.846794e-09
1880 1.845577e-09
1881 1.844361e-09
1882 1.843147e-09
1883 1.841935e-09
1884 1.840724e-09
1885 1.839514e-09
1886 1.838303e-09
1887 1.837092e-09
1888 1.835882e-09
1889 1.834674e-09
1890 1.833467e-09
1891 1.832262e-09
1892 1.831058e-09
1893 1.829855e-09
1894 1.828654e-09
1895 1.827454e-09
1896 1.826256e-09
1897 1.825059e-09
1898 1.823864e-09
1899 1.822670e-09
1900 1.821477e-09
1901 1.820286e-09
1902 1.819096e-09
1903 1.817903e-09
1904 1.816712e-09
1905 1.815522e-09
1906 1.814334e-09
1907 1.813147e-09
1908 1.811961e-09
1909 1.810777e-09
1910 1.809594e-09
1911 1.808412e-09
1912 1.807232e-09
1913 1.806053e-09
1914 1.804876e-09
1915 1.803700e-09
1916 1.802525e-09
1917 1.801352e-09
1918 1.800180e-09
1919 1.799009e-09
1920 1.797836e-09
1921 1.796664e-09
1922 1.795493e-09
1923 1.794324e-09
1924 1.793156e-09
1925 1.791990e-09
1926 1.790825e-09
1927 1.789661e-09
1928 1.788498e-09
1929 1.787337e-09
1930 1.786178e-09
1931 1.785019e-09
1932 1.783862e-09
1933 1.782706e-09
1934 1.781552e-09
1935 1.780399e-09
1936 1.779247e-09
1937 1.778093e-09
1938 1.776939e-09
1939 1.775788e-09
1940 1.774637e-09
1941 1.773488e-09
1942 1.772340e-09
1943 1.771194e-09
1944 1.770049e-09
1945 1.768905e-09
1946 1.767762e-09
1947 1.766621e-09
1948 1.765481e-09
1949 1.764343e-09
1950 1.763205e-09
1951 1.762070e-09
1952 1.760935e-09
1953 1.759802e-09
1954 1.758666e-09
1955 1.757531e-09
1956 1.756398e-09
1957 1.755265e-09
1958 1.754135e-09
1959 1.753005e-09
1960 1.751877e-09
1961 1.750750e-09
1962 1.749624e-09
1963 1.748500e-09
1964 1.747377e-09
1965 1.746255e-09
1966 1.745134e-09
1967 1.744015e-09
1968 1.742897e-09
1969 1.741780e-09
1970 1.740665e-09
1971 1.739549e-09
1972 1.738432e-09
1973 1.737316e-09
1974 1.736202e-09
1975 1.735089e-09
1976 1.733977e-09
1977 1.732866e-09
1978 1.731757e-09
1979 1.730649e-09
1980 1.729542e-09
1981 1.728437e-09
1982 1.727333e-09
1983 1.726230e-09
1984 1.725128e-09
1985 1.724028e-09
1986 1.722928e-09
1987 1.721830e-09
1988 1.720734e-09
1989 1.719634e-09
1990 1.718536e-09
1991 1.717439e-09
1992 1.716343e-09
1993 1.715249e-09
1994 1.714156e-09
1995 1.713064e-09
1996 1.711973e-09
1997 1.710883e-09
1998 1.709795e-09
1999 1.708708e-09
2000 1.707622e-09
2001 1.706538e-09
2002 1.705454e-09
2003 1.704372e-09
2004 1.703291e-09
2005 1.702212e-09
2006 1.701132e-09
2007 1.700050e-09
2008 1.698970e-09
2009 1.697892e-09
2010 1.696814e-09
2011 1.695738e-09
2012 1.694663e-09
2013 1.693589e-09
2014 1.692516e-09
2015 1.691444e-09
2016 1.690374e-09
2017 1.689305e-09
2018 1.688237e-09
2019 1.687171e-09
2020 1.686105e-09
2021 1.685041e-09
2022 1.683978e-09
2023 1.682916e-09
2024 1.681853e-09
2025 1.680790e-09
2026 1.679727e-09
2027 1.678666e-09
2028 1.677606e-09
2029 1.676548e-09
2030 1.675490e-09
2031 1.674434e-09
2032 1.673379e-09
2033 1.672325e-09
2034 1.671272e-09
2035 1.670221e-09
2036 1.669170e-09
2037 1.668121e-09
2038 1.667073e-09
2039 1.666026e-09
2040 1.664980e-09
2041 1.663936e-09
2042 1.662890e-09
2043 1.661844e-09
2044 1.660799e-09
2045 1.659755e-09
2046 1.658713e-09
2047 1.657671e-09
2048 1.656631e-09
2049 1.655592e-09
2050 1.654554e-09
2051 1.653517e-09
2052 1.652481e-09
2053 1.651447e-09
2054 1.650414e-09
2055 1.649381e-09
2056 1.648350e-09
2057 1.647320e-09
2058 1.646292e-09
2059 1.645264e-09
2060 1.644236e-09
2061 1.643207e-09
2062 1.642179e-09
2063 1.641152e-09
2064 1.640126e-09
2065 1.639101e-09
2066 1.638078e-09
2067 1.637055e-09
2068 1.636034e-09
2069 1.635014e-09
2070 1.633995e-09
2071 1.632977e-09
2072 1.631960e-09
2073 1.630945e-09
2074 1.629930e-09
2075 1.628917e-09
2076 1.627905e-09
2077 1.626893e-09
2078 1.625883e-09
2079 1.624870e-09
2080 1.623859e-09
2081 1.622848e-09
2082 1.621839e-09
2083 1.620830e-09
2084 1.619823e-09
2085 1.618817e-09
2086 1.617812e-09
2087 1.616808e-09
2088 1.615806e-09
2089 1.614804e-09
2090 1.613803e-09
2091 1.612804e-09
2092 1.611806e-09
2093 1.610808e-09
2094 1.609812e-09
2095 1.608817e-09
2096 1.607823e-09
2097 1.606828e-09
2098 1.605832e-09
2099 1.604838e-09
2100 1.603844e-09
2101 1.602852e-09
2102 1.601861e-09
2103 1.600871e-09
2104 1.599882e-09
2105 1.598894e-09
2106 1.597907e-09
2107 1.596921e-09
2108 1.595936e-09
2109 1.594952e-09
2110 1.593970e-09
2111 1.592988e-09
2112 1.592008e-09
2113 1.591028e-09
2114 1.590050e-09
2115 1.589073e-09
2116 1.588093e-09
2117 1.587114e-09
2118 1.586136e-09
2119 1.585160e-09
2120 1.584184e-09
2121 1.583209e-09
2122 1.582236e-09
2123 1.581263e-09
2124 1.580292e-09
2125 1.579321e-09
2126 1.578352e-09
2127 1.577384e-09
2128 1.576417e-09
2129 1.575450e-09
2130 1.574485e-09
2131 1.573521e-09
2132 1.572558e-09
2133 1.571596e-09
2134 1.570634e-09
2135 1.569671e-09
2136 1.568708e-09
2137 1.567747e-09
2138 1.566786e-09
2139 1.565827e-09
2140 1.564868e-09
2141 1.563911e-09
2142 1.562955e-09
2143 1.561999e-09
2144 1.561045e-09
2145 1.560092e-09
2146 1.559140e-09
2147 1.558189e-09
2148 1.557238e-09
2149 1.556289e-09
2150 1.555341e-09
2151 1.554394e-09
2152 1.553448e-09
2153 1.552502e-09
2154 1.551554e-09
2155 1.550607e-09
2156 1.549662e-09
2157 1.548717e-09
2158 1.547774e-09
2159 1.546831e-09
2160 1.545889e-09
2161 1.544949e-09
2162 1.544009e-09
2163 1.543071e-09
2164 1.542133e-09
2165 1.541197e-09
2166 1.540261e-09
2167 1.539326e-09
2168 1.538393e-09
2169 1.537460e-09
2170 1.536529e-09
2171 1.535598e-09
2172 1.534668e-09
2173 1.533736e-09
2174 1.532805e-09
2175 1.531874e-09
2176 1.530945e-09
2177 1.530017e-09
2178 1.529090e-09
2179 1.528164e-09
2180 1.527238e-09
2181 1.526314e-09
2182 1.525391e-09
2183 1.524469e-09
2184 1.523547e-09
2185 1.522627e-09
2186 1.521708e-09
2187 1.520789e-09
2188 1.519872e-09
2189 1.518955e-09
2190 1.518040e-09
2191 1.517126e-09
2192 1.516209e-09
2193 1.515293e-09
2194 1.514378e-09
2195 1.513464e-09
2196 1.512551e-09
2197 1.511638e-09
2198 1.510727e-09
2199 1.509817e-09
2200 1.508908e-09
2201 1.507999e-09
2202 1.507092e-09
2203 1.506186e-09
2204 1.505280e-09
2205 1.504376e-09
2206 1.503472e-09
2207 1.502569e-09
2208 1.501668e-09
2209 1.500767e-09
2210 1.499867e-09
2211 1.498967e-09
2212 1.498066e-09
2213 1.497165e-09
2214 1.496266e-09
2215 1.495368e-09
2216 1.494470e-09
2217 1.493573e-09
2218 1.492678e-09
2219 1.491783e-09
2220 1.490889e-09
2221 1.489996e-09
2222 1.489105e-09
2223 1.488214e-09
2224 1.487324e-09
2225 1.486435e-09
2226 1.485546e-09
2227 1.484659e-09
2228 1.483773e-09
2229 1.482887e-09
2230 1.482003e-09
2231 1.481117e-09
2232 1.480231e-09
2233 1.479346e-09
2234 1.478462e-09
2235 1.477578e-09
2236 1.476696e-09
2237 1.475815e-09
2238 1.474934e-09
2239 1.474055e-09
2240 1.473176e-09
2241 1.472298e-09
2242 1.471422e-09
2243 1.470546e-09
2244 1.469671e-09
2245 1.468797e-09
2246 1.467923e-09
2247 1.467051e-09
2248 1.466180e-09
2249 1.465309e-09
2250 1.464440e-09
2251 1.463568e-09
2252 1.462697e-09
2253 1.461827e-09
2254 1.460957e-09
2255 1.460089e-09
2256 1.459222e-09
2257 1.458355e-09
2258 1.457489e-09
2259 1.456625e-09
2260 1.455761e-09
2261 1.454898e-09
2262 1.454036e-09
2263 1.453174e-09
2264 1.452314e-09
2265 1.451455e-09
2266 1.450596e-09
2267 1.449738e-09
2268 1.448882e-09
2269 1.448026e-09
2270 1.447171e-09
2271 1.446313e-09
2272 1.445457e-09
2273 1.444601e-09
2274 1.443746e-09
2275 1.442893e-09
2276 1.442040e-09
2277 1.441187e-09
2278 1.440336e-09
2279 1.439486e-09
2280 1.438636e-09
2281 1.437788e-09
2282 1.436940e-09
2283 1.436093e-09
2284 1.435247e-09
2285 1.434402e-09
2286 1.433558e-09
2287 1.432714e-09
2288 1.431872e-09
2289 1.431030e-09
2290 1.430189e-09
2291 1.429346e-09
2292 1.428504e-09
2293 1.427663e-09
2294 1.426822e-09
2295 1.425982e-09
2296 1.425143e-09
2297 1.424305e-09
2298 1.423468e-09
2299 1.422632e-09
2300 1.421796e-09
2301 1.420962e-09
2302 1.420128e-09
2303 1.419295e-09
2304 1.418463e-09
2305 1.417632e-09
2306 1.416801e-09
2307 1.415972e-09
2308 1.415143e-09
2309 1.414315e-09
2310 1.413488e-09
2311 1.412661e-09
2312 1.411832e-09
2313 1.411004e-09
2314 1.410177e-09
2315 1.409351e-09
2316 1.408526e-09
2317 1.407702e-09
2318 1.406879e-09
2319 1.406056e-09
2320 1.405234e-09
2321 1.404413e-09
2322 1.403593e-09
2323 1.402774e-09
2324 1.401955e-09
2325 1.401137e-09
2326 1.400321e-09
2327 1.399505e-09
2328 1.398690e-09
2329 1.397875e-09
2330 1.397062e-09
2331 1.396249e-09
2332 1.395434e-09
2333 1.394620e-09
2334 1.393807e-09
2335 1.392994e-09
2336 1.392182e-09
2337 1.391371e-09
2338 1.390561e-09
2339 1.389752e-09
2340 1.388944e-09
2341 1.388136e-09
2342 1.387329e-09
2343 1.386523e-09
2344 1.385718e-09
2345 1.384913e-09
2346 1.384110e-09
2347 1.383307e-09
2348 1.382505e-09
2349 1.381704e-09
2350 1.380904e-09
2351 1.380104e-09
2352 1.379305e-09
2353 1.378504e-09
2354 1.377703e-09
2355 1.376904e-09
2356 1.376105e-09
2357 1.375307e-09
2358 1.374510e-09
2359 1.373714e-09
2360 1.372919e-09
2361 1.372124e-09
2362 1.371330e-09
2363 1.370537e-09
2364 1.369745e-09
2365 1.368953e-09
2366 1.368163e-09
2367 1.367373e-09
2368 1.366584e-09
2369 1.365795e-09
2370 1.365008e-09
2371 1.364221e-09
2372 1.363435e-09
2373 1.362649e-09
2374 1.361862e-09
2375 1.361075e-09
2376 1.360289e-09
2377 1.359504e-09
2378 1.358720e-09
2379 1.357936e-09
2380 1.357153e-09
2381 1.356372e-09
2382 1.355590e-09
2383 1.354810e-09
2384 1.354030e-09
2385 1.353251e-09
2386 1.352473e-09
2387 1.351696e-09
2388 1.350920e-09
2389 1.350144e-09
2390 1.349369e-09
2391 1.348595e-09
2392 1.347821e-09
2393 1.347049e-09
2394 1.346276e-09
2395 1.345502e-09
2396 1.344728e-09
2397 1.343956e-09
2398 1.343184e-09
2399 1.342413e-09
2400 1.341642e-09
2401 1.340873e-09
2402 1.340104e-09
2403 1.339336e-09
2404 1.338569e-09
2405 1.337802e-09
2406 1.337037e-09
2407 1.336272e-09
2408 1.335507e-09
2409 1.334744e-09
2410 1.333981e-09
2411 1.333219e-09
2412 1.332458e-09
2413 1.331697e-09
2414 1.330938e-09
2415 1.330179e-09
2416 1.329417e-09
2417 1.328657e-09
2418 1.327897e-09
2419 1.327138e-09
2420 1.326380e-09
2421 1.325623e-09
2422 1.324866e-09
2423 1.324110e-09
2424 1.323355e-09
2425 1.322600e-09
2426 1.321847e-09
2427 1.321094e-09
2428 1.320341e-09
2429 1.319590e-09
2430 1.318839e-09
2431 1.318089e-09
2432 1.317340e-09
2433 1.316591e-09
2434 1.315843e-09
2435 1.315096e-09
2436 1.314350e-09
2437 1.313603e-09
2438 1.312855e-09
2439 1.312108e-09
2440 1.311361e-09
2441 1.310616e-09
2442 1.309871e-09
2443 1.309127e-09
2444 1.308383e-09
2445 1.307640e-09
2446 1.306898e-09
2447 1.306157e-09
2448 1.305417e-09
2449 1.304677e-09
2450 1.303938e-09
2451 1.303199e-09
2452 1.302462e-09
2453 1.301725e-09
2454 1.300988e-09
2455 1.300253e-09
2456 1.299518e-09
2457 1.298784e-09
2458 1.298051e-09
2459 1.297315e-09
2460 1.296581e-09
2461 1.295847e-09
2462 1.295113e-09
2463 1.294380e-09
2464 1.293649e-09
2465 1.292917e-09
2466 1.292187e-09
2467 1.291457e-09
2468 1.290728e-09
2469 1.289999e-09
2470 1.289272e-09
2471 1.288545e-09
2472 1.287818e-09
2473 1.287093e-09
2474 1.286368e-09
2475 1.285644e-09
2476 1.284920e-09
2477 1.284198e-09
2478 1.283475e-09
2479 1.282754e-09
2480 1.282033e-09
2481 1.281310e-09
2482 1.280588e-09
2483 1.279867e-09
2484 1.279146e-09
2485 1.278426e-09
2486 1.277707e-09
2487 1.276988e-09
2488 1.276270e-09
2489 1.275553e-09
2490 1.274837e-09
2491 1.274121e-09
2492 1.273405e-09
2493 1.272691e-09
2494 1.271977e-09
2495 1.271264e-09
2496 1.270552e-09
2497 1.269840e-09
2498 1.269129e-09
2499 1.268419e-09
2500 1.267709e-09
2501 1.267000e-09
2502 1.266291e-09
2503 1.265581e-09
2504 1.264871e-09
2505 1.264162e-09
2506 1.263454e-09
2507 1.262746e-09
2508 1.262039e-09
2509 1.261333e-09
2510 1.260627e-09
2511 1.259922e-09
2512 1.259218e-09
2513 1.258514e-09
2514 1.257811e-09
2515 1.257109e-09
2516 1.256407e-09
2517 1.255707e-09
2518 1.255006e-09
2519 1.254307e-09
2520 1.253608e-09
2521 1.252909e-09
2522 1.252212e-09
2523 1.251515e-09
2524 1.250819e-09
2525 1.250121e-09
2526 1.249423e-09
2527 1.248726e-09
2528 1.248030e-09
2529 1.247334e-09
2530 1.246639e-09
2531 1.245945e-09
2532 1.245251e-09
2533 1.244558e-09
2534 1.243866e-09
2535 1.243174e-09
2536 1.242483e-09
2537 1.241793e-09
2538 1.241103e-09
2539 1.240414e-09
2540 1.239726e-09
2541 1.239038e-09
2542 1.238351e-09
2543 1.237664e-09
2544 1.236978e-09
2545 1.236293e-09
2546 1.235609e-09
2547 1.234924e-09
2548 1.234238e-09
2549 1.233553e-09
2550 1.232868e-09
2551 1.232184e-09
2552 1.231501e-09
2553 1.230818e-09
2554 1.230136e-09
2555 1.229455e-09
2556 1.228774e-09
2557 1.228094e-09
2558 1.227415e-09
2559 1.226736e-09
2560 1.226058e-09
2561 1.225380e-09
2562 1.224704e-09
2563 1.224027e-09
2564 1.223352e-09
2565 1.222677e-09
2566 1.222002e-09
2567 1.221329e-09
2568 1.220656e-09
2569 1.219983e-09
2570 1.219310e-09
2571 1.218636e-09
2572 1.217963e-09
2573 1.217290e-09
2574 1.216618e-09
2575 1.215947e-09
2576 1.215277e-09
2577 1.214607e-09
2578 1.213937e-09
2579 1.213269e-09
2580 1.212600e-09
2581 1.211933e-09
2582 1.211266e-09
2583 1.210600e-09
2584 1.209934e-09
2585 1.209269e-09
2586 1.208605e-09
2587 1.207941e-09
2588 1.207278e-09
2589 1.206616e-09
2590 1.205954e-09
2591 1.205293e-09
2592 1.204632e-09
2593 1.203970e-09
2594 1.203308e-09
2595 1.202647e-09
2596 1.201986e-09
2597 1.201326e-09
2598 1.200666e-09
2599 1.200007e-09
2600 1.199349e-09
2601 1.198692e-09
2602 1.198035e-09
2603 1.197378e-09
2604 1.196722e-09
2605 1.196067e-09
2606 1.195413e-09
2607 1.194759e-09
2608 1.194105e-09
2609 1.193452e-09
2610 1.192800e-09
2611 1.192149e-09
2612 1.191498e-09
2613 1.190848e-09
2614 1.190198e-09
2615 1.189549e-09
2616 1.188898e-09
2617 1.188248e-09
2618 1.187598e-09
2619 1.186949e-09
2620 1.186300e-09
2621 1.185652e-09
2622 1.185005e-09
2623 1.184358e-09
2624 1.183711e-09
2625 1.183066e-09
2626 1.182421e-09
2627 1.181776e-09
2628 1.181133e-09
2629 1.180489e-09
2630 1.179847e-09
2631 1.179205e-09
2632 1.178563e-09
2633 1.177922e-09
2634 1.177282e-09
2635 1.176642e-09
2636 1.176003e-09
2637 1.175365e-09
2638 1.174727e-09
2639 1.174088e-09
2640 1.173449e-09
2641 1.172810e-09
2642 1.172172e-09
2643 1.171535e-09
2644 1.170898e-09
2645 1.170262e-09
2646 1.169626e-09
2647 1.168991e-09
2648 1.168356e-09
2649 1.167723e-09
2650 1.167089e-09
2651 1.166456e-09
2652 1.165824e-09
2653 1.165193e-09
2654 1.164562e-09
2655 1.163931e-09
2656 1.163301e-09
2657 1.162672e-09
2658 1.162043e-09
2659 1.161415e-09
2660 1.160788e-09
2661 1.160161e-09
2662 1.159534e-09
2663 1.158906e-09
2664 1.158278e-09
2665 1.157651e-09
2666 1.157024e-09
2667 1.156399e-09
2668 1.155773e-09
2669 1.155148e-09
2670 1.154524e-09
2671 1.153900e-09
2672 1.153277e-09
2673 1.152655e-09
2674 1.152033e-09
2675 1.151412e-09
2676 1.150791e-09
2677 1.150170e-09
2678 1.149551e-09
2679 1.148932e-09
2680 1.148313e-09
2681 1.147695e-09
2682 1.147078e-09
2683 1.146461e-09
2684 1.145845e-09
2685 1.145229e-09
2686 1.144612e-09
2687 1.143995e-09
2688 1.143379e-09
2689 1.142763e-09
2690 1.142148e-09
2691 1.141533e-09
2692 1.140919e-09
2693 1.140305e-09
2694 1.139692e-09
2695 1.139080e-09
2696 1.138468e-09
2697 1.137856e-09
2698 1.137245e-09
2699 1.136635e-09
2700 1.136025e-09
2701 1.135416e-09
2702 1.134807e-09
2703 1.134199e-09
2704 1.133592e-09
2705 1.132985e-09
2706 1.132378e-09
2707 1.131772e-09
2708 1.131167e-09
2709 1.130562e-09
2710 1.129956e-09
2711 1.129350e-09
2712 1.128745e-09
2713 1.128140e-09
2714 1.127536e-09
2715 1.126932e-09
2716 1.126328e-09
2717 1.125726e-09
2718 1.125124e-09
2719 1.124522e-09
2720 1.123921e-09
2721 1.123320e-09
2722 1.122720e-09
2723 1.122121e-09
2724 1.121522e-09
2725 1.120923e-09
2726 1.120325e-09
2727 1.119728e-09
2728 1.119131e-09
2729 1.118535e-09
2730 1.117939e-09
2731 1.117344e-09
2732 1.116749e-09
2733 1.116155e-09
2734 1.115560e-09
2735 1.114965e-09
2736 1.114370e-09
2737 1.113776e-09
2738 1.113182e-09
2739 1.112589e-09
2740 1.111996e-09
2741 1.111404e-09
2742 1.110812e-09
2743 1.110221e-09
2744 1.109631e-09
2745 1.109041e-09
2746 1.108451e-09
2747 1.107862e-09
2748 1.107274e-09
2749 1.106686e-09
2750 1.106098e-09
2751 1.105512e-09
2752 1.104925e-09
2753 1.104339e-09
2754 1.103754e-09
2755 1.103169e-09
2756 1.102585e-09
2757 1.102001e-09
2758 1.101417e-09
2759 1.100833e-09
2760 1.100248e-09
2761 1.099664e-09
2762 1.099081e-09
2763 1.098498e-09
2764 1.097916e-09
2765 1.097334e-09
2766 1.096753e-09
2767 1.096172e-09
2768 1.095592e-09
2769 1.095012e-09
2770 1.094433e-09
2771 1.093854e-09
2772 1.093276e-09
2773 1.092698e-09
2774 1.092121e-09
2775 1.091544e-09
2776 1.090968e-09
2777 1.090393e-09
2778 1.089817e-09
2779 1.089243e-09
2780 1.088669e-09
2781 1.088095e-09
2782 1.087522e-09
2783 1.086948e-09
2784 1.086373e-09
2785 1.085800e-09
2786 1.085226e-09
2787 1.084654e-09
2788 1.084081e-09
2789 1.083510e-09
2790 1.082939e-09
2791 1.082368e-09
2792 1.081798e-09
2793 1.081228e-09
2794 1.080659e-09
2795 1.080090e-09
2796 1.079522e-09
2797 1.078954e-09
2798 1.078387e-09
2799 1.077820e-09
2800 1.077254e-09
2801 1.076688e-09
2802 1.076123e-09
2803 1.075559e-09
2804 1.074994e-09
2805 1.074431e-09
2806 1.073868e-09
2807 1.073305e-09
2808 1.072740e-09
2809 1.072176e-09
2810 1.071613e-09
2811 1.071050e-09
2812 1.070488e-09
2813 1.069926e-09
2814 1.069365e-09
2815 1.068804e-09
2816 1.068243e-09
2817 1.067683e-09
2818 1.067124e-09
2819 1.066565e-09
2820 1.066007e-09
2821 1.065449e-09
2822 1.064891e-09
2823 1.064334e-09
2824 1.063778e-09
2825 1.063222e-09
2826 1.062666e-09
2827 1.062111e-09
2828 1.061557e-09
2829 1.061003e-09
2830 1.060449e-09
2831 1.059896e-09
2832 1.059343e-09
2833 1.058789e-09
2834 1.058235e-09
2835 1.057682e-09
2836 1.057129e-09
2837 1.056577e-09
2838 1.056025e-09
2839 1.055474e-09
2840 1.054923e-09
2841 1.054373e-09
2842 1.053823e-09
2843 1.053274e-09
2844 1.052725e-09
2845 1.052176e-09
2846 1.051628e-09
2847 1.051081e-09
2848 1.050534e-09
2849 1.049987e-09
2850 1.049441e-09
2851 1.048896e-09
2852 1.048351e-09
2853 1.047806e-09
2854 1.047262e-09
2855 1.046718e-09
2856 1.046175e-09
2857 1.045632e-09
2858 1.045088e-09
2859 1.044544e-09
2860 1.044001e-09
2861 1.043458e-09
2862 1.042915e-09
2863 1.042373e-09
2864 1.041832e-09
2865 1.041291e-09
2866 1.040750e-09
2867 1.040210e-09
2868 1.039671e-09
2869 1.039132e-09
2870 1.038593e-09
2871 1.038055e-09
2872 1.037517e-09
2873 1.036980e-09
2874 1.036443e-09
2875 1.035906e-09
2876 1.035371e-09
2877 1.034835e-09
2878 1.034300e-09
2879 1.033766e-09
2880 1.033232e-09
2881 1.032698e-09
2882 1.032165e-09
2883 1.031631e-09
2884 1.031097e-09
2885 1.030563e-09
2886 1.030030e-09
2887 1.029497e-09
2888 1.028965e-09
2889 1.028433e-09
2890 1.027901e-09
2891 1.027370e-09
2892 1.026840e-09
2893 1.026310e-09
2894 1.025780e-09
2895 1.025251e-09
2896 1.024722e-09
2897 1.024194e-09
2898 1.023666e-09
2899 1.023139e-09
2900 1.022612e-09
2901 1.022085e-09
2902 1.021559e-09
2903 1.021034e-09
2904 1.020509e-09
2905 1.019984e-09
2906 1.019460e-09
2907 1.018936e-09
2908 1.018413e-09
2909 1.017888e-09
2910 1.017364e-09
2911 1.016840e-09
2912 1.016316e-09
2913 1.015793e-09
2914 1.015271e-09
2915 1.014749e-09
2916 1.014227e-09
2917 1.013706e-09
2918 1.013185e-09
2919 1.012665e-09
2920 1.012145e-09
2921 1.011625e-09
2922 1.011106e-09
2923 1.010588e-09
2924 1.010070e-09
2925 1.009552e-09
2926 1.009035e-09
2927 1.008518e-09
2928 1.008002e-09
2929 1.007486e-09
2930 1.006970e-09
2931 1.006455e-09
2932 1.005941e-09
2933 1.005427e-09
2934 1.004912e-09
2935 1.004397e-09
2936 1.003882e-09
2937 1.003368e-09
2938 1.002854e-09
2939 1.002341e-09
2940 1.001828e-09
2941 1.001315e-09
2942 1.000803e-09
2943 1.000291e-09
2944 9.997800e-10
2945 9.992692e-10
2946 9.987588e-10
2947 9.982488e-10
2948 9.977392e-10
2949 9.972301e-10
2950 9.967215e-10
2951 9.962132e-10
2952 9.957054e-10
2953 9.951980e-10
2954 9.946911e-10
2955 9.941845e-10
2956 9.936784e-10
2957 9.931728e-10
2958 9.926675e-10
2959 9.921627e-10
2960 9.916581e-10
2961 9.911523e-10
2962 9.906469e-10
2963 9.901419e-10
2964 9.896373e-10
2965 9.891331e-10
2966 9.886294e-10
2967 9.881261e-10
2968 9.876233e-10
2969 9.871208e-10
2970 9.866188e-10
2971 9.861172e-10
2972 9.856160e-10
2973 9.851153e-10
2974 9.846150e-10
2975 9.841151e-10
2976 9.836156e-10
2977 9.831165e-10
2978 9.826179e-10
2979 9.821197e-10
2980 9.816219e-10
2981 9.811245e-10
2982 9.806275e-10
2983 9.801310e-10
2984 9.796349e-10
2985 9.791392e-10
2986 9.786439e-10
2987 9.781475e-10
2988 9.776512e-10
2989 9.771553e-10
2990 9.766598e-10
2991 9.761648e-10
2992 9.756701e-10
2993 9.751759e-10
2994 9.746821e-10
2995 9.741887e-10
2996 9.736957e-10
2997 9.732031e-10
2998 9.727109e-10
2999 9.722192e-10
3000 9.717279e-10
3001 9.712369e-10
3002 9.707464e-10
3003 9.702563e-10
3004 9.697666e-10
3005 9.692774e-10
3006 9.687885e-10
3007 9.683000e-10
3008 9.678120e-10
3009 9.673243e-10
3010 9.668371e-10
3011 9.663503e-10
3012 9.658638e-10
3013 9.653773e-10
3014 9.648899e-10
3015 9.644029e-10
3016 9.639163e-10
3017 9.634301e-10
3018 9.629442e-10
3019 9.624589e-10
3020 9.619739e-10
3021 9.614893e-10
3022 9.610051e-10
3023 9.605213e-10
3024 9.600379e-10
3025 9.595550e-10
3026 9.590724e-10
3027 9.585902e-10
3028 9.581085e-10
3029 9.576271e-10
3030 9.571461e-10
3031 9.566656e-10
3032 9.561854e-10
3033 9.557056e-10
3034 9.552263e-10
3035 9.547473e-10
3036 9.542687e-10
3037 9.537906e-10
3038 9.533128e-10
3039 9.528354e-10
3040 9.523575e-10
3041 9.518792e-10
3042 9.514012e-10
3043 9.509236e-10
3044 9.504464e-10
3045 9.499697e-10
3046 9.494933e-10
3047 9.490173e-10
3048 9.485417e-10
3049 9.480665e-10
3050 9.475917e-10
3051 9.471173e-10
3052 9.466433e-10
3053 9.461696e-10
3054 9.456964e-10
3055 9.452235e-10
3056 9.447511e-10
3057 9.442790e-10
3058 9.438074e-10
3059 9.433361e-10
3060 9.428652e-10
3061 9.423947e-10
3062 9.419246e-10
3063 9.414548e-10
3064 9.409855e-10
3065 9.405165e-10
3066 9.400480e-10
3067 9.395789e-10
3068 9.391094e-10
3069 9.386402e-10
3070 9.381715e-10
3071 9.377031e-10
3072 9.372351e-10
3073 9.367675e-10
3074 9.363003e-10
3075 9.358335e-10
3076 9.353670e-10
3077 9.349009e-10
3078 9.344353e-10
3079 9.339700e-10
3080 9.335050e-10
3081 9.330405e-10
3082 9.325764e-10
3083 9.321126e-10
3084 9.316492e-10
3085 9.311862e-10
3086 9.307236e-10
3087 9.302613e-10
3088 9.297995e-10
3089 9.293380e-10
3090 9.288769e-10
3091 9.284161e-10
3092 9.279558e-10
3093 9.274958e-10
3094 9.270357e-10
3095 9.265748e-10
3096 9.261143e-10
3097 9.256541e-10
3098 9.251943e-10
3099 9.247349e-10
3100 9.242758e-10
3101 9.238172e-10
3102 9.233589e-10
3103 9.229009e-10
3104 9.224434e-10
3105 9.219862e-10
3106 9.215294e-10
3107 9.210730e-10
3108 9.206170e-10
3109 9.201613e-10
3110 9.197060e-10
3111 9.192511e-10
3112 9.187965e-10
3113 9.183423e-10
3114 9.178885e-10
3115 9.174350e-10
3116 9.169819e-10
3117 9.165292e-10
3118 9.160769e-10
3119 9.156249e-10
3120 9.151733e-10
3121 9.147221e-10
3122 9.142699e-10
3123 9.138177e-10
3124 9.133659e-10
3125 9.129145e-10
3126 9.124634e-10
3127 9.120127e-10
3128 9.115624e-10
3129 9.111124e-10
3130 9.106628e-10
3131 9.102136e-10
3132 9.097647e-10
3133 9.093162e-10
3134 9.088681e-10
3135 9.084203e-10
3136 9.079729e-10
3137 9.075258e-10
3138 9.070791e-10
3139 9.066328e-10
3140 9.061868e-10
3141 9.057412e-10
3142 9.052960e-10
3143 9.048511e-10
3144 9.044066e-10
3145 9.039624e-10
3146 9.035186e-10
3147 9.030752e-10
3148 9.026321e-10
3149 9.021893e-10
3150 9.017453e-10
3151 9.013016e-10
3152 9.008584e-10
3153 9.004154e-10
3154 8.999729e-10
3155 8.995307e-10
3156 8.990888e-10
3157 8.986473e-10
3158 8.982062e-10
3159 8.977654e-10
3160 8.973250e-10
3161 8.968849e-10
3162 8.964452e-10
3163 8.960058e-10
3164 8.955668e-10
3165 8.951282e-10
3166 8.946899e-10
3167 8.942519e-10
3168 8.938143e-10
3169 8.933771e-10
3170 8.929402e-10
3171 8.925037e-10
3172 8.920675e-10
3173 8.916316e-10
3174 8.911962e-10
3175 8.907610e-10
3176 8.903262e-10
3177 8.898917e-10
3178 8.894560e-10
3179 8.890207e-10
3180 8.885857e-10
3181 8.881511e-10
3182 8.877168e-10
3183 8.872829e-10
3184 8.868493e-10
3185 8.864160e-10
3186 8.859831e-10
3187 8.855506e-10
3188 8.851184e-10
3189 8.846866e-10
3190 8.842551e-10
3191 8.838239e-10
3192 8.833931e-10
3193 8.829626e-10
3194 8.825325e-10
3195 8.821027e-10
3196 8.816733e-10
3197 8.812442e-10
3198 8.808154e-10
3199 8.803870e-10
3200 8.799590e-10
3201 8.795313e-10
3202 8.791039e-10
3203 8.786768e-10
3204 8.782501e-10
3205 8.778238e-10
3206 8.773965e-10
3207 8.769692e-10
3208 8.765423e-10
3209 8.761158e-10
3210 8.756896e-10
3211 8.752637e-10
3212 8.748382e-10
3213 8.744130e-10
3214 8.739881e-10
3215 8.735636e-10
3216 8.731394e-10
3217 8.727156e-10
3218 8.722921e-10
3219 8.718689e-10
3220 8.714461e-10
3221 8.710236e-10
3222 8.706015e-10
3223 8.701796e-10
3224 8.697582e-10
3225 8.693370e-10
3226 8.689162e-10
3227 8.684957e-10
3228 8.680756e-10
3229 8.676558e-10
3230 8.672363e-10
3231 8.668171e-10
3232 8.663983e-10
3233 8.659798e-10
3234 8.655611e-10
3235 8.651418e-10
3236 8.647228e-10
3237 8.643041e-10
3238 8.638857e-10
3239 8.634677e-10
3240 8.630501e-10
3241 8.626327e-10
3242 8.622157e-10
3243 8.617990e-10
3244 8.613826e-10
3245 8.609666e-10
3246 8.605509e-10
3247 8.601355e-10
3248 8.597205e-10
3249 8.593058e-10
3250 8.588914e-10
3251 8.584773e-10
3252 8.580636e-10
3253 8.576502e-10
3254 8.572371e-10
3255 8.568244e-10
3256 8.564119e-10
3257 8.559998e-10
3258 8.555880e-10
3259 8.551766e-10
3260 8.547654e-10
3261 8.543546e-10
3262 8.539442e-10
3263 8.535330e-10
3264 8.531217e-10
3265 8.527107e-10
3266 8.523001e-10
3267 8.518897e-10
3268 8.514797e-10
3269 8.510700e-10
3270 8.506606e-10
3271 8.502515e-10
3272 8.498428e-10
3273 8.494344e-10
3274 8.490263e-10
3275 8.486185e-10
3276 8.482110e-10
3277 8.478039e-10
3278 8.473971e-10
3279 8.469906e-10
3280 8.465844e-10
3281 8.461786e-10
3282 8.457730e-10
3283 8.453678e-10
3284 8.449629e-10
3285 8.445583e-10
3286 8.441540e-10
3287 8.437501e-10
3288 8.433464e-10
3289 8.429431e-10
3290 8.425401e-10
3291 8.421374e-10
3292 8.417341e-10
3293 8.413306e-10
3294 8.409274e-10
3295 8.405245e-10
3296 8.401219e-10
3297 8.397197e-10
3298 8.393177e-10
3299 8.389161e-10
3300 8.385148e-10
3301 8.381138e-10
3302 8.377131e-10
3303 8.373128e-10
3304 8.369127e-10
3305 8.365130e-10
3306 8.361135e-10
3307 8.357144e-10
3308 8.353156e-10
3309 8.349171e-10
3310 8.345189e-10
3311 8.341210e-10
3312 8.337235e-10
3313 8.333262e-10
3314 8.329293e-10
3315 8.325326e-10
3316 8.321363e-10
3317 8.317403e-10
3318 8.313445e-10
3319 8.309491e-10
3320 8.305540e-10
3321 8.301586e-10
3322 8.297627e-10
3323 8.293671e-10
3324 8.289719e-10
3325 8.285769e-10
3326 8.281822e-10
3327 8.277878e-10
3328 8.273938e-10
3329 8.270000e-10
3330 8.266066e-10
3331 8.262134e-10
3332 8.258206e-10
3333 8.254280e-10
3334 8.250358e-10
3335 8.246439e-10
3336 8.242523e-10
3337 8.238609e-10
3338 8.234699e-10
3339 8.230792e-10
3340 8.226888e-10
3341 8.222987e-10
3342 8.219089e-10
3343 8.215194e-10
3344 8.211302e-10
3345 8.207413e-10
3346 8.203527e-10
3347 8.199644e-10
3348 8.195763e-10
3349 8.191886e-10
3350 8.188012e-10
3351 8.184129e-10
3352 8.180247e-10
3353 8.176368e-10
3354 8.172492e-10
3355 8.168619e-10
3356 8.164749e-10
3357 8.160882e-10
3358 8.157018e-10
3359 8.153157e-10
3360 8.149299e-10
3361 8.145444e-10
3362 8.141592e-10
3363 8.137743e-10
3364 8.133897e-10
3365 8.130054e-10
3366 8.126214e-10
3367 8.122376e-10
3368 8.118542e-10
3369 8.114711e-10
3370 8.110882e-10
3371 8.107057e-10
3372 8.103234e-10
3373 8.099415e-10
3374 8.095598e-10
3375 8.091784e-10
3376 8.087974e-10
3377 8.084166e-10
3378 8.080361e-10
3379 8.076559e-10
3380 8.072758e-10
3381 8.068948e-10
3382 8.065141e-10
3383 8.061337e-10
3384 8.057536e-10
3385 8.053738e-10
3386 8.049943e-10
3387 8.046151e-10
3388 8.042362e-10
3389 8.038575e-10
3390 8.034792e-10
3391 8.031011e-10
3392 8.027233e-10
3393 8.023458e-10
3394 8.019687e-10
3395 8.015917e-10
3396 8.012151e-10
3397 8.008388e-10
3398 8.004628e-10
3399 8.000870e-10
3400 7.997115e-10
3401 7.993364e-10
3402 7.989615e-10
3403 7.985868e-10
3404 7.982125e-10
3405 7.978385e-10
3406 7.974647e-10
3407 7.970913e-10
3408 7.967181e-10
3409 7.963452e-10
3410 7.959724e-10
3411 7.955988e-10
3412 7.952254e-10
3413 7.948523e-10
3414 7.944795e-10
3415 7.941070e-10
3416 7.937348e-10
3417 7.933628e-10
3418 7.929912e-10
3419 7.926198e-10
3420 7.922487e-10
3421 7.918779e-10
3422 7.915074e-10
3423 7.911371e-10
3424 7.907671e-10
3425 7.903975e-10
3426 7.900280e-10
3427 7.896589e-10
3428 7.892901e-10
3429 7.889215e-10
3430 7.885532e-10
3431 7.881852e-10
3432 7.878175e-10
3433 7.874500e-10
3434 7.870829e-10
3435 7.867160e-10
3436 7.863493e-10
3437 7.859830e-10
3438 7.856169e-10
3439 7.852512e-10
3440 7.848856e-10
3441 7.845194e-10
3442 7.841531e-10
3443 7.837872e-10
3444 7.834215e-10
3445 7.830561e-10
3446 7.826909e-10
3447 7.823261e-10
3448 7.819615e-10
3449 7.815972e-10
3450 7.812332e-10
3451 7.808694e-10
3452 7.805059e-10
3453 7.801427e-10
3454 7.797798e-10
3455 7.794171e-10
3456 7.790548e-10
3457 7.786927e-10
3458 7.783308e-10
3459 7.779693e-10
3460 7.776080e-10
3461 7.772469e-10
3462 7.768862e-10
3463 7.765257e-10
3464 7.761655e-10
3465 7.758056e-10
3466 7.754459e-10
3467 7.750865e-10
3468 7.747274e-10
3469 7.743686e-10
3470 7.740100e-10
3471 7.736513e-10
3472 7.732920e-10
3473 7.729330e-10
3474 7.725743e-10
3475 7.722158e-10
3476 7.718576e-10
3477 7.714996e-10
3478 7.711419e-10
3479 7.707845e-10
3480 7.704274e-10
3481 7.700705e-10
3482 7.697139e-10
3483 7.693575e-10
3484 7.690015e-10
3485 7.686457e-10
3486 7.682901e-10
3487 7.679349e-10
3488 7.675799e-10
3489 7.672251e-10
3490 7.668706e-10
3491 7.665164e-10
3492 7.661625e-10
3493 7.658088e-10
3494 7.654554e-10
3495 7.651022e-10
3496 7.647494e-10
3497 7.643967e-10
3498 7.640444e-10
3499 7.636923e-10
3500 7.633404e-10
3501 7.629889e-10
3502 7.626370e-10
3503 7.622848e-10
3504 7.619328e-10
3505 7.615810e-10
3506 7.612295e-10
3507 7.608783e-10
3508 7.605274e-10
3509 7.601767e-10
3510 7.598263e-10
3511 7.594761e-10
3512 7.591262e-10
3513 7.587765e-10
3514 7.584271e-10
3515 7.580780e-10
3516 7.577291e-10
3517 7.573805e-10
3518 7.570322e-10
3519 7.566841e-10
3520 7.563363e-10
3521 7.559887e-10
3522 7.556414e-10
3523 7.552943e-10
3524 7.549475e-10
3525 7.546010e-10
3526 7.542547e-10
3527 7.539087e-10
3528 7.535629e-10
3529 7.532174e-10
3530 7.528721e-10
3531 7.525271e-10
3532 7.521824e-10
3533 7.518375e-10
3534 7.514921e-10
3535 7.511469e-10
3536 7.508020e-10
3537 7.504574e-10
3538 7.501130e-10
3539 7.497688e-10
3540 7.494249e-10
3541 7.490813e-10
3542 7.487379e-10
3543 7.483948e-10
3544 7.480519e-10
3545 7.477093e-10
3546 7.473669e-10
3547 7.470248e-10
3548 7.466830e-10
3549 7.463414e-10
3550 7.460000e-10
3551 7.456589e-10
3552 7.453180e-10
3553 7.449775e-10
3554 7.446371e-10
3555 7.442970e-10
3556 7.439572e-10
3557 7.436176e-10
3558 7.432782e-10
3559 7.429391e-10
3560 7.426003e-10
3561 7.422617e-10
3562 7.419234e-10
3563 7.415853e-10
3564 7.412474e-10
3565 7.409087e-10
3566 7.405702e-10
3567 7.402320e-10
3568 7.398940e-10
3569 7.395562e-10
3570 7.392187e-10
3571 7.388814e-10
3572 7.385444e-10
3573 7.382076e-10
3574 7.378711e-10
3575 7.375348e-10
3576 7.371988e-10
3577 7.368630e-10
3578 7.365275e-10
3579 7.361922e-10
3580 7.358572e-10
3581 7.355224e-10
3582 7.351878e-10
3583 7.348535e-10
3584 7.345195e-10
3585 7.341857e-10
3586 7.338521e-10
3587 7.335188e-10
3588 7.331857e-10
3589 7.328529e-10
3590 7.325203e-10
3591 7.321879e-10
3592 7.318558e-10
3593 7.315240e-10
3594 7.311923e-10
3595 7.308610e-10
3596 7.305295e-10
3597 7.301975e-10
3598 7.298657e-10
3599 7.295342e-10
3600 7.292029e-10
3601 7.288719e-10
3602 7.285410e-10
3603 7.282105e-10
3604 7.278802e-10
3605 7.275501e-10
3606 7.272202e-10
3607 7.268906e-10
3608 7.265613e-10
3609 7.262321e-10
3610 7.259033e-10
3611 7.255746e-10
3612 7.252462e-10
3613 7.249181e-10
3614 7.245901e-10
3615 7.242624e-10
3616 7.239350e-10
3617 7.236078e-10
3618 7.232808e-10
3619 7.229541e-10
3620 7.226276e-10
3621 7.223013e-10
3622 7.219753e-10
3623 7.216496e-10
3624 7.213240e-10
3625 7.209987e-10
3626 7.206736e-10
3627 7.203488e-10
3628 7.200238e-10
3629 7.196984e-10
3630 7.193732e-10
3631 7.190482e-10
3632 7.187234e-10
3633 7.183989e-10
3634 7.180746e-10
3635 7.177506e-10
3636 7.174267e-10
3637 7.171032e-10
3638 7.167798e-10
3639 7.164567e-10
3640 7.161338e-10
3641 7.158112e-10
3642 7.154888e-10
3643 7.151666e-10
3644 7.148447e-10
3645 7.145230e-10
3646 7.142015e-10
3647 7.138803e-10
3648 7.135592e-10
3649 7.132385e-10
3650 7.129179e-10
3651 7.125976e-10
3652 7.122775e-10
3653 7.119577e-10
3654 7.116381e-10
3655 7.113187e-10
3656 7.109995e-10
3657 7.106806e-10
3658 7.103619e-10
3659 7.100434e-10
3660 7.097251e-10
3661 7.094060e-10
3662 7.090872e-10
3663 7.087686e-10
3664 7.084502e-10
3665 7.081320e-10
3666 7.078141e-10
3667 7.074964e-10
3668 7.071789e-10
3669 7.068617e-10
3670 7.065446e-10
3671 7.062279e-10
3672 7.059113e-10
3673 7.055950e-10
3674 7.052789e-10
3675 7.049630e-10
3676 7.046473e-10
3677 7.043319e-10
3678 7.040167e-10
3679 7.037018e-10
3680 7.033870e-10
3681 7.030725e-10
3682 7.027582e-10
3683 7.024442e-10
3684 7.021303e-10
3685 7.018167e-10
3686 7.015033e-10
3687 7.011902e-10
3688 7.008772e-10
3689 7.005645e-10
3690 7.002520e-10
3691 6.999398e-10
3692 6.996277e-10
3693 6.993153e-10
3694 6.990027e-10
3695 6.986903e-10
3696 6.983781e-10
3697 6.980661e-10
3698 6.977543e-10
3699 6.974428e-10
3700 6.971315e-10
3701 6.968205e-10
3702 6.965096e-10
3703 6.961990e-10
3704 6.958886e-10
3705 6.955784e-10
3706 6.952684e-10
3707 6.949587e-10
3708 6.946492e-10
3709 6.943399e-10
3710 6.940308e-10
3711 6.937219e-10
3712 6.934133e-10
3713 6.931049e-10
3714 6.927967e-10
3715 6.924887e-10
3716 6.921810e-10
3717 6.918734e-10
3718 6.915661e-10
3719 6.912590e-10
3720 6.909521e-10
3721 6.906455e-10
3722 6.903390e-10
3723 6.900328e-10
3724 6.897268e-10
3725 6.894210e-10
3726 6.891147e-10
3727 6.888083e-10
3728 6.885021e-10
3729 6.881962e-10
3730 6.878905e-10
3731 6.875850e-10
3732 6.872797e-10
3733 6.869746e-10
3734 6.866698e-10
3735 6.863652e-10
3736 6.860607e-10
3737 6.857565e-10
3738 6.854526e-10
3739 6.851488e-10
3740 6.848452e-10
3741 6.845419e-10
3742 6.842388e-10
3743 6.839359e-10
3744 6.836332e-10
3745 6.833307e-10
3746 6.830285e-10
3747 6.827264e-10
3748 6.824246e-10
3749 6.821230e-10
3750 6.818216e-10
3751 6.815204e-10
3752 6.812194e-10
3753 6.809186e-10
3754 6.806181e-10
3755 6.803177e-10
3756 6.800176e-10
3757 6.797177e-10
3758 6.794180e-10
3759 6.791179e-10
3760 6.788176e-10
3761 6.785175e-10
3762 6.782177e-10
3763 6.779180e-10
3764 6.776186e-10
3765 6.773194e-10
3766 6.770204e-10
3767 6.767216e-10
3768 6.764231e-10
3769 6.761247e-10
3770 6.758265e-10
3771 6.755286e-10
3772 6.752309e-10
3773 6.749333e-10
3774 6.746360e-10
3775 6.743389e-10
3776 6.740420e-10
3777 6.737453e-10
3778 6.734489e-10
3779 6.731526e-10
3780 6.728565e-10
3781 6.725607e-10
3782 6.722650e-10
3783 6.719696e-10
3784 6.716744e-10
3785 6.713794e-10
3786 6.710845e-10
3787 6.707899e-10
3788 6.704955e-10
3789 6.702014e-10
3790 6.699074e-10
3791 6.696136e-10
3792 6.693198e-10
3793 6.690254e-10
3794 6.687313e-10
3795 6.684374e-10
3796 6.681437e-10
3797 6.678502e-10
3798 6.675569e-10
3799 6.672638e-10
3800 6.669709e-10
3801 6.666782e-10
3802 6.663857e-10
3803 6.660935e-10
3804 6.658014e-10
3805 6.655095e-10
3806 6.652179e-10
3807 6.649264e-10
3808 6.646352e-10
3809 6.643441e-10
3810 6.640533e-10
3811 6.637627e-10
3812 6.634722e-10
3813 6.631820e-10
3814 6.628920e-10
3815 6.626021e-10
3816 6.623125e-10
3817 6.620231e-10
3818 6.617339e-10
3819 6.614449e-10
3820 6.611561e-10
3821 6.608674e-10
3822 6.605790e-10
3823 6.602908e-10
3824 6.600028e-10
3825 6.597150e-10
3826 6.594268e-10
3827 6.591385e-10
3828 6.588504e-10
3829 6.585624e-10
3830 6.582747e-10
3831 6.579871e-10
3832 6.576998e-10
3833 6.574126e-10
3834 6.571257e-10
3835 6.568390e-10
3836 6.565524e-10
3837 6.562661e-10
3838 6.559799e-10
3839 6.556940e-10
3840 6.554082e-10
3841 6.551227e-10
3842 6.548373e-10
3843 6.545522e-10
3844 6.542673e-10
3845 6.539825e-10
3846 6.536979e-10
3847 6.534136e-10
3848 6.531294e-10
3849 6.528455e-10
3850 6.525617e-10
3851 6.522781e-10
3852 6.519948e-10
3853 6.517116e-10
3854 6.514286e-10
3855 6.511458e-10
3856 6.508632e-10
3857 6.505809e-10
3858 6.502987e-10
3859 6.500167e-10
3860 6.497343e-10
3861 6.494518e-10
3862 6.491695e-10
3863 6.488873e-10
3864 6.486054e-10
3865 6.483237e-10
3866 6.480421e-10
3867 6.477608e-10
3868 6.474796e-10
3869 6.471986e-10
3870 6.469179e-10
3871 6.466373e-10
3872 6.463569e-10
3873 6.460767e-10
3874 6.457967e-10
3875 6.455169e-10
3876 6.452373e-10
3877 6.449579e-10
3878 6.446787e-10
3879 6.443997e-10
3880 6.441209e-10
3881 6.438422e-10
3882 6.435638e-10
3883 6.432855e-10
3884 6.430074e-10
3885 6.427296e-10
3886 6.424519e-10
3887 6.421744e-10
3888 6.418971e-10
3889 6.416200e-10
3890 6.413431e-10
3891 6.410664e-10
3892 6.407898e-10
3893 6.405135e-10
3894 6.402370e-10
3895 6.399602e-10
3896 6.396835e-10
3897 6.394070e-10
3898 6.391308e-10
3899 6.388547e-10
3900 6.385788e-10
3901 6.383030e-10
3902 6.380275e-10
3903 6.377522e-10
3904 6.374770e-10
3905 6.372021e-10
3906 6.369273e-10
3907 6.366527e-10
3908 6.363783e-10
3909 6.361041e-10
3910 6.358301e-10
3911 6.355563e-10
3912 6.352827e-10
3913 6.350092e-10
3914 6.347359e-10
3915 6.344629e-10
3916 6.341900e-10
3917 6.339173e-10
3918 6.336448e-10
3919 6.333724e-10
3920 6.331003e-10
3921 6.328283e-10
3922 6.325566e-10
3923 6.322850e-10
3924 6.320136e-10
3925 6.317424e-10
3926 6.314713e-10
3927 6.312005e-10
3928 6.309298e-10
3929 6.306588e-10
3930 6.303876e-10
3931 6.301166e-10
3932 6.298458e-10
3933 6.295752e-10
3934 6.293048e-10
3935 6.290346e-10
3936 6.287646e-10
3937 6.284947e-10
3938 6.282250e-10
3939 6.279555e-10
3940 6.276862e-10
3941 6.274171e-10
3942 6.271482e-10
3943 6.268794e-10
3944 6.266108e-10
3945 6.263424e-10
3946 6.260742e-10
3947 6.258062e-10
3948 6.255384e-10
3949 6.252707e-10
3950 6.250032e-10
3951 6.247359e-10
3952 6.244688e-10
3953 6.242019e-10
3954 6.239351e-10
3955 6.236686e-10
3956 6.234022e-10
3957 6.231360e-10
3958 6.228700e-10
3959 6.226041e-10
3960 6.223384e-10
3961 6.220730e-10
3962 6.218077e-10
3963 6.215425e-10
3964 6.212769e-10
3965 6.210113e-10
3966 6.207459e-10
3967 6.204806e-10
3968 6.202155e-10
3969 6.199507e-10
3970 6.196860e-10
3971 6.194214e-10
3972 6.191571e-10
3973 6.188929e-10
3974 6.186289e-10
3975 6.183651e-10
3976 6.181015e-10
3977 6.178380e-10
3978 6.175747e-10
3979 6.173117e-10
3980 6.170487e-10
3981 6.167860e-10
3982 6.165234e-10
3983 6.162610e-10
3984 6.159988e-10
3985 6.157368e-10
3986 6.154750e-10
3987 6.152133e-10
3988 6.149518e-10
3989 6.146905e-10
3990 6.144293e-10
3991 6.141683e-10
3992 6.139075e-10
3993 6.136469e-10
3994 6.133865e-10
3995 6.131262e-10
3996 6.128661e-10
3997 6.126062e-10
3998 6.123465e-10
3999 6.120864e-10
4000 6.118262e-10
4001 6.115662e-10
4002 6.113063e-10
4003 6.110466e-10
4004 6.107871e-10
4005 6.105278e-10
4006 6.102686e-10
4007 6.100096e-10
4008 6.097508e-10
4009 6.094922e-10
4010 6.092337e-10
4011 6.089754e-10
4012 6.087173e-10
4013 6.084594e-10
4014 6.082016e-10
4015 6.079440e-10
4016 6.076866e-10
4017 6.074293e-10
4018 6.071723e-10
4019 6.069154e-10
4020 6.066586e-10
4021 6.064021e-10
4022 6.061457e-10
4023 6.058895e-10
4024 6.056334e-10
4025 6.053776e-10
4026 6.051219e-10
4027 6.048663e-10
4028 6.046110e-10
4029 6.043558e-10
4030 6.041008e-10
4031 6.038460e-10
4032 6.035913e-10
4033 6.033368e-10
4034 6.030824e-10
4035 6.028274e-10
4036 6.025726e-10
4037 6.023180e-10
4038 6.020636e-10
4039 6.018093e-10
4040 6.015552e-10
4041 6.013013e-10
4042 6.010475e-10
4043 6.007939e-10
4044 6.005405e-10
4045 6.002872e-10
4046 6.000341e-10
4047 5.997812e-10
4048 5.995284e-10
4049 5.992759e-10
4050 5.990235e-10
4051 5.987712e-10
4052 5.985191e-10
4053 5.982672e-10
4054 5.980155e-10
4055 5.977639e-10
4056 5.975125e-10
4057 5.972613e-10
4058 5.970102e-10
4059 5.967593e-10
4060 5.965086e-10
4061 5.962580e-10
4062 5.960076e-10
4063 5.957574e-10
4064 5.955073e-10
4065 5.952574e-10
4066 5.950077e-10
4067 5.947581e-10
4068 5.945087e-10
4069 5.942595e-10
4070 5.940102e-10
4071 5.937605e-10
4072 5.935110e-10
4073 5.932617e-10
4074 5.930125e-10
4075 5.927635e-10
4076 5.925146e-10
4077 5.922659e-10
4078 5.920174e-10
4079 5.917691e-10
4080 5.915209e-10
4081 5.912728e-10
4082 5.910250e-10
4083 5.907773e-10
4084 5.905297e-10
4085 5.902824e-10
4086 5.900352e-10
4087 5.897881e-10
4088 5.895413e-10
4089 5.892945e-10
4090 5.890480e-10
4091 5.888016e-10
4092 5.885554e-10
4093 5.883093e-10
4094 5.880634e-10
4095 5.878177e-10
4096 5.875721e-10
4097 5.873267e-10
4098 5.870815e-10
4099 5.868364e-10
4100 5.865915e-10
4101 5.863467e-10
4102 5.861021e-10
4103 5.858577e-10
4104 5.856134e-10
4105 5.853693e-10
4106 5.851253e-10
4107 5.848807e-10
4108 5.846363e-10
4109 5.843921e-10
4110 5.841480e-10
4111 5.839041e-10
4112 5.836604e-10
4113 5.834168e-10
4114 5.831734e-10
4115 5.829301e-10
4116 5.826870e-10
4117 5.824441e-10
4118 5.822013e-10
4119 5.819587e-10
4120 5.817163e-10
4121 5.814740e-10
4122 5.812318e-10
4123 5.809898e-10
4124 5.807480e-10
4125 5.805064e-10
4126 5.802649e-10
4127 5.800235e-10
4128 5.797823e-10
4129 5.795413e-10
4130 5.793005e-10
4131 5.790598e-10
4132 5.788192e-10
4133 5.785788e-10
4134 5.783386e-10
4135 5.780985e-10
4136 5.778586e-10
4137 5.776188e-10
4138 5.773792e-10
4139 5.771398e-10
4140 5.769005e-10
4141 5.766614e-10
4142 5.764224e-10
4143 5.761831e-10
4144 5.759437e-10
4145 5.757045e-10
4146 5.754654e-10
4147 5.752265e-10
4148 5.749877e-10
4149 5.747491e-10
4150 5.745107e-10
4151 5.742724e-10
4152 5.740342e-10
4153 5.737962e-10
4154 5.735584e-10
4155 5.733207e-10
4156 5.730832e-10
4157 5.728458e-10
4158 5.726086e-10
4159 5.723716e-10
4160 5.721347e-10
4161 5.718979e-10
4162 5.716614e-10
4163 5.714249e-10
4164 5.711886e-10
4165 5.709525e-10
4166 5.707165e-10
4167 5.704807e-10
4168 5.702451e-10
4169 5.700096e-10
4170 5.697742e-10
4171 5.695390e-10
4172 5.693040e-10
4173 5.690691e-10
4174 5.688343e-10
4175 5.685997e-10
4176 5.683653e-10
4177 5.681310e-10
4178 5.678969e-10
4179 5.676629e-10
4180 5.674285e-10
4181 5.671941e-10
4182 5.669599e-10
4183 5.667258e-10
4184 5.664919e-10
4185 5.662581e-10
4186 5.660245e-10
4187 5.657910e-10
4188 5.655577e-10
4189 5.653245e-10
4190 5.650915e-10
4191 5.648586e-10
4192 5.646259e-10
4193 5.643934e-10
4194 5.641610e-10
4195 5.639287e-10
4196 5.636966e-10
4197 5.634646e-10
4198 5.632328e-10
4199 5.630012e-10
4200 5.627697e-10
4201 5.625383e-10
4202 5.623071e-10
4203 5.620761e-10
4204 5.618451e-10
4205 5.616144e-10
4206 5.613838e-10
4207 5.611533e-10
4208 5.609230e-10
4209 5.606929e-10
4210 5.604629e-10
4211 5.602330e-10
4212 5.600033e-10
4213 5.597737e-10
4214 5.595443e-10
4215 5.593150e-10
4216 5.590859e-10
4217 5.588565e-10
4218 5.586270e-10
4219 5.583976e-10
4220 5.581684e-10
4221 5.579393e-10
4222 5.577104e-10
4223 5.574816e-10
4224 5.572530e-10
4225 5.570245e-10
4226 5.567962e-10
4227 5.565680e-10
4228 5.563400e-10
4229 5.561121e-10
4230 5.558843e-10
4231 5.556568e-10
4232 5.554293e-10
4233 5.552020e-10
4234 5.549749e-10
4235 5.547478e-10
4236 5.545210e-10
4237 5.542943e-10
4238 5.540677e-10
4239 5.538413e-10
4240 5.536150e-10
4241 5.533889e-10
4242 5.531629e-10
4243 5.529371e-10
4244 5.527114e-10
4245 5.524858e-10
4246 5.522604e-10
4247 5.520352e-10
4248 5.518100e-10
4249 5.515851e-10
4250 5.513602e-10
4251 5.511356e-10
4252 5.509110e-10
4253 5.506866e-10
4254 5.504623e-10
4255 5.502375e-10
4256 5.500128e-10
4257 5.497884e-10
4258 5.495640e-10
4259 5.493398e-10
4260 5.491158e-10
4261 5.488918e-10
4262 5.486681e-10
4263 5.484445e-10
4264 5.482210e-10
4265 5.479976e-10
4266 5.477744e-10
4267 5.475514e-10
4268 5.473285e-10
4269 5.471057e-10
4270 5.468831e-10
4271 5.466606e-10
4272 5.464383e-10
4273 5.462161e-10
4274 5.459940e-10
4275 5.457721e-10
4276 5.455504e-10
4277 5.453287e-10
4278 5.451072e-10
4279 5.448859e-10
4280 5.446647e-10
4281 5.444436e-10
4282 5.442227e-10
4283 5.440019e-10
4284 5.437813e-10
4285 5.435608e-10
4286 5.433405e-10
4287 5.431202e-10
4288 5.429002e-10
4289 5.426802e-10
4290 5.424604e-10
4291 5.422408e-10
4292 5.420210e-10
4293 5.418010e-10
4294 5.415811e-10
4295 5.413614e-10
4296 5.411417e-10
4297 5.409223e-10
4298 5.407030e-10
4299 5.404838e-10
4300 5.402647e-10
4301 5.400458e-10
4302 5.398270e-10
4303 5.396084e-10
4304 5.393899e-10
4305 5.391716e-10
4306 5.389534e-10
4307 5.387353e-10
4308 5.385174e-10
4309 5.382996e-10
4310 5.380819e-10
4311 5.378644e-10
4312 5.376470e-10
4313 5.374298e-10
4314 5.372127e-10
4315 5.369957e-10
4316 5.367789e-10
4317 5.365622e-10
4318 5.363457e-10
4319 5.361292e-10
4320 5.359130e-10
4321 5.356968e-10
4322 5.354808e-10
4323 5.352650e-10
4324 5.350492e-10
4325 5.348336e-10
4326 5.346182e-10
4327 5.344029e-10
4328 5.341877e-10
4329 5.339726e-10
4330 5.337576e-10
4331 5.335421e-10
4332 5.333269e-10
4333 5.331117e-10
4334 5.328967e-10
4335 5.326819e-10
4336 5.324671e-10
4337 5.322526e-10
4338 5.320381e-10
4339 5.318238e-10
4340 5.316096e-10
4341 5.313955e-10
4342 5.311816e-10
4343 5.309679e-10
4344 5.307542e-10
4345 5.305407e-10
4346 5.303273e-10
4347 5.301141e-10
4348 5.299010e-10
4349 5.296880e-10
4350 5.294752e-10
4351 5.292625e-10
4352 5.290499e-10
4353 5.288375e-10
4354 5.286252e-10
4355 5.284130e-10
4356 5.282010e-10
4357 5.279891e-10
4358 5.277774e-10
4359 5.275657e-10
4360 5.273542e-10
4361 5.271429e-10
4362 5.269316e-10
4363 5.267206e-10
4364 5.265096e-10
4365 5.262988e-10
4366 5.260881e-10
4367 5.258775e-10
4368 5.256671e-10
4369 5.254563e-10
4370 5.252455e-10
4371 5.250348e-10
4372 5.248243e-10
4373 5.246139e-10
4374 5.244037e-10
4375 5.241935e-10
4376 5.239835e-10
4377 5.237737e-10
4378 5.235640e-10
4379 5.233544e-10
4380 5.231449e-10
4381 5.229356e-10
4382 5.227264e-10
4383 5.225173e-10
4384 5.223084e-10
4385 5.220996e-10
4386 5.218909e-10
4387 5.216823e-10
4388 5.214739e-10
4389 5.212656e-10
4390 5.210575e-10
4391 5.208495e-10
4392 5.206416e-10
4393 5.204338e-10
4394 5.202262e-10
4395 5.200187e-10
4396 5.198113e-10
4397 5.196041e-10
4398 5.193970e-10
4399 5.191900e-10
4400 5.189831e-10
4401 5.187764e-10
4402 5.185698e-10
4403 5.183634e-10
4404 5.181570e-10
4405 5.179508e-10
4406 5.177447e-10
4407 5.175388e-10
4408 5.173324e-10
4409 5.171261e-10
4410 5.169199e-10
4411 5.167139e-10
4412 5.165080e-10
4413 5.163022e-10
4414 5.160965e-10
4415 5.158910e-10
4416 5.156856e-10
4417 5.154804e-10
4418 5.152752e-10
4419 5.150702e-10
4420 5.148653e-10
4421 5.146606e-10
4422 5.144560e-10
4423 5.142515e-10
4424 5.140471e-10
4425 5.138429e-10
4426 5.136388e-10
4427 5.134348e-10
4428 5.132309e-10
4429 5.130272e-10
4430 5.128236e-10
4431 5.126201e-10
4432 5.124167e-10
4433 5.122135e-10
4434 5.120104e-10
4435 5.118074e-10
4436 5.116046e-10
4437 5.114019e-10
4438 5.111993e-10
4439 5.109968e-10
4440 5.107945e-10
4441 5.105922e-10
4442 5.103902e-10
4443 5.101882e-10
4444 5.099863e-10
4445 5.097846e-10
4446 5.095830e-10
4447 5.093811e-10
4448 5.091791e-10
4449 5.089774e-10
4450 5.087757e-10
4451 5.085741e-10
4452 5.083727e-10
4453 5.081714e-10
4454 5.079702e-10
4455 5.077692e-10
4456 5.075683e-10
4457 5.073675e-10
4458 5.071668e-10
4459 5.069662e-10
4460 5.067658e-10
4461 5.065655e-10
4462 5.063653e-10
4463 5.061653e-10
4464 5.059653e-10
4465 5.057655e-10
4466 5.055659e-10
4467 5.053663e-10
4468 5.051669e-10
4469 5.049675e-10
4470 5.047684e-10
4471 5.045693e-10
4472 5.043704e-10
4473 5.041715e-10
4474 5.039728e-10
4475 5.037743e-10
4476 5.035758e-10
4477 5.033775e-10
4478 5.031793e-10
4479 5.029812e-10
4480 5.027832e-10
4481 5.025854e-10
4482 5.023877e-10
4483 5.021901e-10
4484 5.019926e-10
4485 5.017952e-10
4486 5.015978e-10
4487 5.014001e-10
4488 5.012026e-10
4489 5.010051e-10
4490 5.008078e-10
4491 5.006106e-10
4492 5.004136e-10
4493 5.002166e-10
4494 5.000198e-10
4495 4.998231e-10
4496 4.996265e-10
4497 4.994300e-10
4498 4.992337e-10
4499 4.990375e-10
4500 4.988414e-10
4501 4.986454e-10
4502 4.984495e-10
4503 4.982538e-10
4504 4.980582e-10
4505 4.978627e-10
4506 4.976673e-10
4507 4.974720e-10
4508 4.972769e-10
4509 4.970819e-10
4510 4.968870e-10
4511 4.966922e-10
4512 4.964975e-10
4513 4.963030e-10
4514 4.961086e-10
4515 4.959143e-10
4516 4.957201e-10
4517 4.955260e-10
4518 4.953321e-10
4519 4.951383e-10
4520 4.949446e-10
4521 4.947510e-10
4522 4.945575e-10
4523 4.943641e-10
4524 4.941709e-10
4525 4.939778e-10
4526 4.937845e-10
4527 4.935911e-10
4528 4.933978e-10
4529 4.932046e-10
4530 4.930115e-10
4531 4.928186e-10
4532 4.926257e-10
4533 4.924330e-10
4534 4.922404e-10
4535 4.920479e-10
4536 4.918555e-10
4537 4.916633e-10
4538 4.914712e-10
4539 4.912792e-10
4540 4.910873e-10
4541 4.908955e-10
4542 4.907038e-10
4543 4.905123e-10
4544 4.903208e-10
4545 4.901295e-10
4546 4.899383e-10
4547 4.897473e-10
4548 4.895563e-10
4549 4.893654e-10
4550 4.891747e-10
4551 4.889841e-10
4552 4.887936e-10
4553 4.886032e-10
4554 4.884130e-10
4555 4.882228e-10
4556 4.880328e-10
4557 4.878429e-10
4558 4.876531e-10
4559 4.874634e-10
4560 4.872738e-10
4561 4.870843e-10
4562 4.868950e-10
4563 4.867058e-10
4564 4.865167e-10
4565 4.863277e-10
4566 4.861386e-10
4567 4.859493e-10
4568 4.857601e-10
4569 4.855711e-10
4570 4.853821e-10
4571 4.851933e-10
4572 4.850046e-10
4573 4.848159e-10
4574 4.846274e-10
4575 4.844391e-10
4576 4.842508e-10
4577 4.840626e-10
4578 4.838746e-10
4579 4.836867e-10
4580 4.834989e-10
4581 4.833112e-10
4582 4.831236e-10
4583 4.829361e-10
4584 4.827488e-10
4585 4.825615e-10
4586 4.823744e-10
4587 4.821874e-10
4588 4.820005e-10
4589 4.818137e-10
4590 4.816270e-10
4591 4.814404e-10
4592 4.812540e-10
4593 4.810677e-10
4594 4.808814e-10
4595 4.806953e-10
4596 4.805093e-10
4597 4.803234e-10
4598 4.801377e-10
4599 4.799520e-10
4600 4.797664e-10
4601 4.795810e-10
4602 4.793957e-10
4603 4.792105e-10
4604 4.790254e-10
4605 4.788404e-10
4606 4.786555e-10
4607 4.784703e-10
4608 4.782852e-10
4609 4.781001e-10
4610 4.779151e-10
4611 4.777303e-10
4612 4.775456e-10
4613 4.773610e-10
4614 4.771764e-10
4615 4.769921e-10
4616 4.768078e-10
4617 4.766236e-10
4618 4.764395e-10
4619 4.762556e-10
4620 4.760717e-10
4621 4.758880e-10
4622 4.757044e-10
4623 4.755209e-10
4624 4.753375e-10
4625 4.751542e-10
4626 4.749710e-10
4627 4.747880e-10
4628 4.746050e-10
4629 4.744222e-10
4630 4.742394e-10
4631 4.740568e-10
4632 4.738743e-10
4633 4.736919e-10
4634 4.735096e-10
4635 4.733274e-10
4636 4.731453e-10
4637 4.729633e-10
4638 4.727815e-10
4639 4.725997e-10
4640 4.724181e-10
4641 4.722366e-10
4642 4.720551e-10
4643 4.718738e-10
4644 4.716926e-10
4645 4.715115e-10
4646 4.713305e-10
4647 4.711496e-10
4648 4.709685e-10
4649 4.707873e-10
4650 4.706062e-10
4651 4.704253e-10
4652 4.702444e-10
4653 4.700637e-10
4654 4.698831e-10
4655 4.697026e-10
4656 4.695222e-10
4657 4.693419e-10
4658 4.691617e-10
4659 4.689816e-10
4660 4.688016e-10
4661 4.686217e-10
4662 4.684420e-10
4663 4.682623e-10
4664 4.680828e-10
4665 4.679033e-10
4666 4.677240e-10
4667 4.675448e-10
4668 4.673656e-10
4669 4.671866e-10
4670 4.670077e-10
4671 4.668289e-10
4672 4.666502e-10
4673 4.664717e-10
4674 4.662932e-10
4675 4.661148e-10
4676 4.659365e-10
4677 4.657584e-10
4678 4.655803e-10
4679 4.654024e-10
4680 4.652245e-10
4681 4.650468e-10
4682 4.648692e-10
4683 4.646917e-10
4684 4.645142e-10
4685 4.643369e-10
4686 4.641597e-10
4687 4.639826e-10
4688 4.638056e-10
4689 4.636285e-10
4690 4.634512e-10
4691 4.632740e-10
4692 4.630970e-10
4693 4.629200e-10
4694 4.627432e-10
4695 4.625664e-10
4696 4.623898e-10
4697 4.622132e-10
4698 4.620368e-10
4699 4.618605e-10
4700 4.616843e-10
4701 4.615081e-10
4702 4.613321e-10
4703 4.611562e-10
4704 4.609804e-10
4705 4.608047e-10
4706 4.606291e-10
4707 4.604536e-10
4708 4.602782e-10
4709 4.601030e-10
4710 4.599278e-10
4711 4.597527e-10
4712 4.595777e-10
4713 4.594029e-10
4714 4.592281e-10
4715 4.590534e-10
4716 4.588789e-10
4717 4.587044e-10
4718 4.585301e-10
4719 4.583558e-10
4720 4.581817e-10
4721 4.580077e-10
4722 4.578337e-10
4723 4.576599e-10
4724 4.574862e-10
4725 4.573125e-10
4726 4.571390e-10
4727 4.569656e-10
4728 4.567923e-10
4729 4.566190e-10
4730 4.564459e-10
4731 4.562725e-10
4732 4.560991e-10
4733 4.559258e-10
4734 4.557526e-10
4735 4.555796e-10
4736 4.554066e-10
4737 4.552337e-10
4738 4.550609e-10
4739 4.548883e-10
4740 4.547157e-10
4741 4.545432e-10
4742 4.543709e-10
4743 4.541986e-10
4744 4.540264e-10
4745 4.538544e-10
4746 4.536824e-10
4747 4.535106e-10
4748 4.533388e-10
4749 4.531672e-10
4750 4.529956e-10
4751 4.528242e-10
4752 4.526528e-10
4753 4.524816e-10
4754 4.523104e-10
4755 4.521394e-10
4756 4.519684e-10
4757 4.517976e-10
4758 4.516268e-10
4759 4.514562e-10
4760 4.512856e-10
4761 4.511152e-10
4762 4.509448e-10
4763 4.507746e-10
4764 4.506044e-10
4765 4.504344e-10
4766 4.502644e-10
4767 4.500946e-10
4768 4.499248e-10
4769 4.497552e-10
4770 4.495856e-10
4771 4.494162e-10
4772 4.492468e-10
4773 4.490772e-10
4774 4.489076e-10
4775 4.487381e-10
4776 4.485687e-10
4777 4.483994e-10
4778 4.482302e-10
4779 4.480610e-10
4780 4.478920e-10
4781 4.477231e-10
4782 4.475543e-10
4783 4.473856e-10
4784 4.472170e-10
4785 4.470484e-10
4786 4.468800e-10
4787 4.467117e-10
4788 4.465435e-10
4789 4.463754e-10
4790 4.462073e-10
4791 4.460394e-10
4792 4.458716e-10
4793 4.457038e-10
4794 4.455362e-10
4795 4.453687e-10
4796 4.452012e-10
4797 4.450339e-10
4798 4.448667e-10
4799 4.446995e-10
4800 4.445325e-10
4801 4.443655e-10
4802 4.441987e-10
4803 4.440319e-10
4804 4.438652e-10
4805 4.436987e-10
4806 4.435322e-10
4807 4.433659e-10
4808 4.431996e-10
4809 4.430334e-10
4810 4.428673e-10
4811 4.427014e-10
4812 4.425355e-10
4813 4.423697e-10
4814 4.422040e-10
4815 4.420382e-10
4816 4.418723e-10
4817 4.417064e-10
4818 4.415407e-10
4819 4.413750e-10
4820 4.412095e-10
4821 4.410440e-10
4822 4.408787e-10
4823 4.407134e-10
4824 4.405482e-10
4825 4.403831e-10
4826 4.402182e-10
4827 4.400533e-10
4828 4.398885e-10
4829 4.397238e-10
4830 4.395592e-10
4831 4.393947e-10
4832 4.392303e-10
4833 4.390660e-10
4834 4.389018e-10
4835 4.387377e-10
4836 4.385737e-10
4837 4.384097e-10
4838 4.382459e-10
4839 4.380822e-10
4840 4.379185e-10
4841 4.377550e-10
4842 4.375915e-10
4843 4.374282e-10
4844 4.372649e-10
4845 4.371017e-10
4846 4.369387e-10
4847 4.367757e-10
4848 4.366128e-10
4849 4.364500e-10
4850 4.362873e-10
4851 4.361247e-10
4852 4.359622e-10
4853 4.357998e-10
4854 4.356375e-10
4855 4.354753e-10
4856 4.353131e-10
4857 4.351511e-10
4858 4.349889e-10
4859 4.348266e-10
4860 4.346644e-10
4861 4.345023e-10
4862 4.343403e-10
4863 4.341784e-10
4864 4.340166e-10
4865 4.338549e-10
4866 4.336932e-10
4867 4.335317e-10
4868 4.333703e-10
4869 4.332089e-10
4870 4.330477e-10
4871 4.328865e-10
4872 4.327254e-10
4873 4.325645e-10
4874 4.324036e-10
4875 4.322428e-10
4876 4.320821e-10
4877 4.319215e-10
4878 4.317610e-10
4879 4.316006e-10
4880 4.314402e-10
4881 4.312800e-10
4882 4.311199e-10
4883 4.309598e-10
4884 4.307999e-10
4885 4.306400e-10
4886 4.304802e-10
4887 4.303205e-10
4888 4.301610e-10
4889 4.300015e-10
4890 4.298421e-10
4891 4.296827e-10
4892 4.295235e-10
4893 4.293644e-10
4894 4.292054e-10
4895 4.290464e-10
4896 4.288875e-10
4897 4.287288e-10
4898 4.285701e-10
4899 4.284115e-10
4900 4.282530e-10
4901 4.280944e-10
4902 4.279357e-10
4903 4.277771e-10
4904 4.276185e-10
4905 4.274601e-10
4906 4.273017e-10
4907 4.271434e-10
4908 4.269852e-10
4909 4.268271e-10
4910 4.266691e-10
4911 4.265112e-10
4912 4.263534e-10
4913 4.261957e-10
4914 4.260380e-10
4915 4.258805e-10
4916 4.257230e-10
4917 4.255657e-10
4918 4.254084e-10
4919 4.252512e-10
4920 4.250941e-10
4921 4.249371e-10
4922 4.247802e-10
4923 4.246234e-10
4924 4.244666e-10
4925 4.243100e-10
4926 4.241534e-10
4927 4.239969e-10
4928 4.238406e-10
4929 4.236843e-10
4930 4.235281e-10
4931 4.233720e-10
4932 4.232159e-10
4933 4.230600e-10
4934 4.229042e-10
4935 4.227484e-10
4936 4.225927e-10
4937 4.224372e-10
4938 4.222817e-10
4939 4.221263e-10
4940 4.219710e-10
4941 4.218157e-10
4942 4.216606e-10
4943 4.215056e-10
4944 4.213506e-10
4945 4.211953e-10
4946 4.210401e-10
4947 4.208850e-10
4948 4.207300e-10
4949 4.205751e-10
4950 4.204203e-10
4951 4.202655e-10
4952 4.201109e-10
4953 4.199563e-10
4954 4.198018e-10
4955 4.196474e-10
4956 4.194931e-10
4957 4.193389e-10
4958 4.191848e-10
4959 4.190307e-10
4960 4.188768e-10
4961 4.187229e-10
4962 4.185691e-10
4963 4.184154e-10
4964 4.182618e-10
4965 4.181083e-10
4966 4.179549e-10
4967 4.178015e-10
4968 4.176483e-10
4969 4.174951e-10
4970 4.173420e-10
4971 4.171890e-10
4972 4.170361e-10
4973 4.168833e-10
4974 4.167306e-10
4975 4.165779e-10
4976 4.164254e-10
4977 4.162729e-10
4978 4.161205e-10
4979 4.159682e-10
4980 4.158160e-10
4981 4.156639e-10
4982 4.155118e-10
4983 4.153599e-10
4984 4.152080e-10
4985 4.150562e-10
4986 4.149045e-10
4987 4.147529e-10
4988 4.146014e-10
4989 4.144495e-10
4990 4.142978e-10
4991 4.141461e-10
4992 4.139945e-10
4993 4.138430e-10
4994 4.136916e-10
4995 4.135403e-10
4996 4.133891e-10
4997 4.132379e-10
4998 4.130869e-10
4999 4.129359e-10
5000 4.127850e-10
5001 4.126342e-10
5002 4.124835e-10
5003 4.123328e-10
5004 4.121823e-10
5005 4.120318e-10
5006 4.118814e-10
5007 4.117311e-10
5008 4.115809e-10
5009 4.114308e-10
5010 4.112807e-10
5011 4.111308e-10
5012 4.109809e-10
5013 4.108311e-10
5014 4.106814e-10
5015 4.105318e-10
5016 4.103823e-10
5017 4.102328e-10
5018 4.100834e-10
5019 4.099342e-10
5020 4.097850e-10
5021 4.096358e-10
5022 4.094868e-10
5023 4.093379e-10
5024 4.091890e-10
5025 4.090402e-10
5026 4.088915e-10
5027 4.087429e-10
5028 4.085944e-10
5029 4.084459e-10
5030 4.082976e-10
5031 4.081493e-10
5032 4.080011e-10
5033 4.078527e-10
5034 4.077043e-10
5035 4.075560e-10
5036 4.074077e-10
5037 4.072596e-10
5038 4.071115e-10
5039 4.069635e-10
5040 4.068156e-10
5041 4.066677e-10
5042 4.065200e-10
5043 4.063723e-10
5044 4.062248e-10
5045 4.060773e-10
5046 4.059298e-10
5047 4.057825e-10
5048 4.056353e-10
5049 4.054881e-10
5050 4.053410e-10
5051 4.051940e-10
5052 4.050471e-10
5053 4.049003e-10
5054 4.047535e-10
5055 4.046068e-10
5056 4.044603e-10
5057 4.043137e-10
5058 4.041673e-10
5059 4.040210e-10
5060 4.038747e-10
5061 4.037285e-10
5062 4.035824e-10
5063 4.034364e-10
5064 4.032905e-10
5065 4.031446e-10
5066 4.029989e-10
5067 4.028532e-10
5068 4.027076e-10
5069 4.025620e-10
5070 4.024166e-10
5071 4.022712e-10
5072 4.021259e-10
5073 4.019807e-10
5074 4.018356e-10
5075 4.016906e-10
5076 4.015456e-10
5077 4.014007e-10
5078 4.012556e-10
5079 4.011105e-10
5080 4.009655e-10
5081 4.008205e-10
5082 4.006757e-10
5083 4.005309e-10
5084 4.003863e-10
5085 4.002417e-10
5086 4.000971e-10
5087 3.999527e-10
5088 3.998083e-10
5089 3.996641e-10
5090 3.995199e-10
5091 3.993757e-10
5092 3.992317e-10
5093 3.990877e-10
5094 3.989439e-10
5095 3.988001e-10
5096 3.986563e-10
5097 3.985127e-10
5098 3.983691e-10
5099 3.982257e-10
5100 3.980823e-10
5101 3.979389e-10
5102 3.977957e-10
5103 3.976525e-10
5104 3.975095e-10
5105 3.973665e-10
5106 3.972235e-10
5107 3.970807e-10
5108 3.969379e-10
5109 3.967953e-10
5110 3.966527e-10
5111 3.965101e-10
5112 3.963677e-10
5113 3.962253e-10
5114 3.960830e-10
5115 3.959408e-10
5116 3.957987e-10
5117 3.956566e-10
5118 3.955147e-10
5119 3.953728e-10
5120 3.952310e-10
5121 3.950892e-10
5122 3.949476e-10
5123 3.948057e-10
5124 3.946638e-10
5125 3.945220e-10
5126 3.943803e-10
5127 3.942387e-10
5128 3.940971e-10
5129 3.939557e-10
5130 3.938143e-10
5131 3.936730e-10
5132 3.935317e-10
5133 3.933906e-10
5134 3.932495e-10
5135 3.931085e-10
5136 3.929676e-10
5137 3.928267e-10
5138 3.926860e-10
5139 3.925453e-10
5140 3.924047e-10
5141 3.922642e-10
5142 3.921237e-10
5143 3.919833e-10
5144 3.918430e-10
5145 3.917028e-10
5146 3.915627e-10
5147 3.914226e-10
5148 3.912826e-10
5149 3.911427e-10
5150 3.910029e-10
5151 3.908631e-10
5152 3.907234e-10
5153 3.905838e-10
5154 3.904443e-10
5155 3.903048e-10
5156 3.901655e-10
5157 3.900262e-10
5158 3.898870e-10
5159 3.897478e-10
5160 3.896087e-10
5161 3.894698e-10
5162 3.893308e-10
5163 3.891920e-10
5164 3.890533e-10
5165 3.889146e-10
5166 3.887760e-10
5167 3.886374e-10
5168 3.884988e-10
5169 3.883601e-10
5170 3.882215e-10
5171 3.880829e-10
5172 3.879444e-10
5173 3.878060e-10
5174 3.876676e-10
5175 3.875293e-10
5176 3.873912e-10
5177 3.872530e-10
5178 3.871150e-10
5179 3.869770e-10
5180 3.868391e-10
5181 3.867013e-10
5182 3.865636e-10
5183 3.864259e-10
5184 3.862883e-10
5185 3.861508e-10
5186 3.860134e-10
5187 3.858760e-10
5188 3.857387e-10
5189 3.856015e-10
5190 3.854644e-10
5191 3.853273e-10
5192 3.851904e-10
5193 3.850534e-10
5194 3.849166e-10
5195 3.847798e-10
5196 3.846432e-10
5197 3.845066e-10
5198 3.843700e-10
5199 3.842336e-10
5200 3.840972e-10
5201 3.839609e-10
5202 3.838246e-10
5203 3.836885e-10
5204 3.835524e-10
5205 3.834164e-10
5206 3.832804e-10
5207 3.831446e-10
5208 3.830088e-10
5209 3.828731e-10
5210 3.827374e-10
5211 3.826018e-10
5212 3.824663e-10
5213 3.823309e-10
5214 3.821954e-10
5215 3.820598e-10
5216 3.819243e-10
5217 3.817888e-10
5218 3.816534e-10
5219 3.815181e-10
5220 3.813829e-10
5221 3.812477e-10
5222 3.811126e-10
5223 3.809776e-10
5224 3.808427e-10
5225 3.807078e-10
5226 3.805730e-10
5227 3.804383e-10
5228 3.803036e-10
5229 3.801690e-10
5230 3.800345e-10
5231 3.799001e-10
5232 3.797657e-10
5233 3.796315e-10
5234 3.794973e-10
5235 3.793631e-10
5236 3.792291e-10
5237 3.790951e-10
5238 3.789611e-10
5239 3.788273e-10
5240 3.786935e-10
5241 3.785598e-10
5242 3.784262e-10
5243 3.782926e-10
5244 3.781592e-10
5245 3.780257e-10
5246 3.778924e-10
5247 3.777591e-10
5248 3.776260e-10
5249 3.774928e-10
5250 3.773598e-10
5251 3.772268e-10
5252 3.770939e-10
5253 3.769611e-10
5254 3.768283e-10
5255 3.766956e-10
5256 3.765630e-10
5257 3.764305e-10
5258 3.762980e-10
5259 3.761656e-10
5260 3.760332e-10
5261 3.759006e-10
5262 3.757681e-10
5263 3.756357e-10
5264 3.755033e-10
5265 3.753710e-10
5266 3.752388e-10
5267 3.751066e-10
5268 3.749746e-10
5269 3.748426e-10
5270 3.747106e-10
5271 3.745788e-10
5272 3.744470e-10
5273 3.743152e-10
5274 3.741836e-10
5275 3.740520e-10
5276 3.739205e-10
5277 3.737891e-10
5278 3.736577e-10
5279 3.735264e-10
5280 3.733952e-10
5281 3.732640e-10
5282 3.731329e-10
5283 3.730019e-10
5284 3.728710e-10
5285 3.727401e-10
5286 3.726093e-10
5287 3.724786e-10
5288 3.723479e-10
5289 3.722173e-10
5290 3.720868e-10
5291 3.719564e-10
5292 3.718260e-10
5293 3.716957e-10
5294 3.715654e-10
5295 3.714353e-10
5296 3.713052e-10
5297 3.711752e-10
5298 3.710452e-10
5299 3.709153e-10
5300 3.707855e-10
5301 3.706558e-10
5302 3.705261e-10
5303 3.703965e-10
5304 3.702669e-10
5305 3.701375e-10
5306 3.700081e-10
5307 3.698786e-10
5308 3.697490e-10
5309 3.696195e-10
5310 3.694901e-10
5311 3.693607e-10
5312 3.692314e-10
5313 3.691022e-10
5314 3.689730e-10
5315 3.688440e-10
5316 3.687149e-10
5317 3.685860e-10
5318 3.684571e-10
5319 3.683283e-10
5320 3.681996e-10
5321 3.680709e-10
5322 3.679423e-10
5323 3.678138e-10
5324 3.676853e-10
5325 3.675569e-10
5326 3.674286e-10
5327 3.673003e-10
5328 3.671721e-10
5329 3.670440e-10
5330 3.669160e-10
5331 3.667880e-10
5332 3.666601e-10
5333 3.665322e-10
5334 3.664044e-10
5335 3.662767e-10
5336 3.661491e-10
5337 3.660215e-10
5338 3.658940e-10
5339 3.657666e-10
5340 3.656392e-10
5341 3.655119e-10
5342 3.653847e-10
5343 3.652575e-10
5344 3.651304e-10
5345 3.650034e-10
5346 3.648765e-10
5347 3.647496e-10
5348 3.646227e-10
5349 3.644960e-10
5350 3.643693e-10
5351 3.642427e-10
5352 3.641161e-10
5353 3.639897e-10
5354 3.638631e-10
5355 3.637365e-10
5356 3.636099e-10
5357 3.634834e-10
5358 3.633569e-10
5359 3.632305e-10
5360 3.631042e-10
5361 3.629780e-10
5362 3.628518e-10
5363 3.627257e-10
5364 3.625996e-10
5365 3.624737e-10
5366 3.623477e-10
5367 3.622219e-10
5368 3.620961e-10
5369 3.619704e-10
5370 3.618448e-10
5371 3.617192e-10
5372 3.615937e-10
5373 3.614682e-10
5374 3.613429e-10
5375 3.612175e-10
5376 3.610923e-10
5377 3.609671e-10
5378 3.608420e-10
5379 3.607170e-10
5380 3.605920e-10
5381 3.604671e-10
5382 3.603422e-10
5383 3.602175e-10
5384 3.600928e-10
5385 3.599681e-10
5386 3.598435e-10
5387 3.597190e-10
5388 3.595946e-10
5389 3.594702e-10
5390 3.593459e-10
5391 3.592216e-10
5392 3.590975e-10
5393 3.589733e-10
5394 3.588493e-10
5395 3.587253e-10
5396 3.586014e-10
5397 3.584775e-10
5398 3.583538e-10
5399 3.582300e-10
5400 3.581064e-10
5401 3.579828e-10
5402 3.578590e-10
5403 3.577353e-10
5404 3.576116e-10
5405 3.574880e-10
5406 3.573644e-10
5407 3.572409e-10
5408 3.571175e-10
5409 3.569941e-10
5410 3.568708e-10
5411 3.567476e-10
5412 3.566244e-10
5413 3.565013e-10
5414 3.563783e-10
5415 3.562553e-10
5416 3.561324e-10
5417 3.560096e-10
5418 3.558868e-10
5419 3.557641e-10
5420 3.556415e-10
5421 3.555189e-10
5422 3.553964e-10
5423 3.552739e-10
5424 3.551515e-10
5425 3.550292e-10
5426 3.549070e-10
5427 3.547848e-10
5428 3.546626e-10
5429 3.545406e-10
5430 3.544186e-10
5431 3.542967e-10
5432 3.541748e-10
5433 3.540530e-10
5434 3.539312e-10
5435 3.538096e-10
5436 3.536879e-10
5437 3.535664e-10
5438 3.534449e-10
5439 3.533235e-10
5440 3.532021e-10
5441 3.530809e-10
5442 3.529596e-10
5443 3.528385e-10
5444 3.527174e-10
5445 3.525963e-10
5446 3.524754e-10
5447 3.523544e-10
5448 3.522336e-10
5449 3.521128e-10
5450 3.519919e-10
5451 3.518709e-10
5452 3.517501e-10
5453 3.516292e-10
5454 3.515085e-10
5455 3.513878e-10
5456 3.512672e-10
5457 3.511466e-10
5458 3.510261e-10
5459 3.509057e-10
5460 3.507853e-10
5461 3.506650e-10
5462 3.505448e-10
5463 3.504246e-10
5464 3.503045e-10
5465 3.501844e-10
5466 3.500644e-10
5467 3.499445e-10
5468 3.498246e-10
5469 3.497048e-10
5470 3.495851e-10
5471 3.494654e-10
5472 3.493458e-10
5473 3.492263e-10
5474 3.491068e-10
5475 3.489874e-10
5476 3.488680e-10
5477 3.487487e-10
5478 3.486295e-10
5479 3.485103e-10
5480 3.483912e-10
5481 3.482721e-10
5482 3.481531e-10
5483 3.480342e-10
5484 3.479153e-10
5485 3.477965e-10
5486 3.476778e-10
5487 3.475591e-10
5488 3.474405e-10
5489 3.473220e-10
5490 3.472035e-10
5491 3.470851e-10
5492 3.469667e-10
5493 3.468484e-10
5494 3.467301e-10
5495 3.466120e-10
5496 3.464938e-10
5497 3.463758e-10
5498 3.462577e-10
5499 3.461395e-10
5500 3.460213e-10
5501 3.459032e-10
5502 3.457852e-10
5503 3.456673e-10
5504 3.455494e-10
5505 3.454315e-10
5506 3.453137e-10
5507 3.451960e-10
5508 3.450784e-10
5509 3.449608e-10
5510 3.448432e-10
5511 3.447258e-10
5512 3.446084e-10
5513 3.444910e-10
5514 3.443737e-10
5515 3.442565e-10
5516 3.441393e-10
5517 3.440222e-10
5518 3.439052e-10
5519 3.437882e-10
5520 3.436713e-10
5521 3.435544e-10
5522 3.434376e-10
5523 3.433209e-10
5524 3.432042e-10
5525 3.430876e-10
5526 3.429710e-10
5527 3.428545e-10
5528 3.427381e-10
5529 3.426217e-10
5530 3.425054e-10
5531 3.423891e-10
5532 3.422729e-10
5533 3.421568e-10
5534 3.420407e-10
5535 3.419247e-10
5536 3.418088e-10
5537 3.416929e-10
5538 3.415771e-10
5539 3.414613e-10
5540 3.413456e-10
5541 3.412299e-10
5542 3.411143e-10
5543 3.409988e-10
5544 3.408833e-10
5545 3.407679e-10
5546 3.406526e-10
5547 3.405371e-10
5548 3.404216e-10
5549 3.403062e-10
5550 3.401908e-10
5551 3.400755e-10
5552 3.399602e-10
5553 3.398450e-10
5554 3.397299e-10
5555 3.396148e-10
5556 3.394998e-10
5557 3.393848e-10
5558 3.392699e-10
5559 3.391551e-10
5560 3.390403e-10
5561 3.389256e-10
5562 3.388109e-10
5563 3.386963e-10
5564 3.385817e-10
5565 3.384673e-10
5566 3.383528e-10
5567 3.382385e-10
5568 3.381242e-10
5569 3.380099e-10
5570 3.378957e-10
5571 3.377816e-10
5572 3.376675e-10
5573 3.375535e-10
5574 3.374395e-10
5575 3.373256e-10
5576 3.372118e-10
5577 3.370980e-10
5578 3.369843e-10
5579 3.368706e-10
5580 3.367570e-10
5581 3.366435e-10
5582 3.365300e-10
5583 3.364166e-10
5584 3.363032e-10
5585 3.361899e-10
5586 3.360767e-10
5587 3.359635e-10
5588 3.358503e-10
5589 3.357373e-10
5590 3.356242e-10
5591 3.355113e-10
5592 3.353984e-10
5593 3.352855e-10
5594 3.351727e-10
5595 3.350600e-10
5596 3.349473e-10
5597 3.348344e-10
5598 3.347216e-10
5599 3.346089e-10
5600 3.344962e-10
5601 3.343835e-10
5602 3.342709e-10
5603 3.341584e-10
5604 3.340459e-10
5605 3.339335e-10
5606 3.338212e-10
5607 3.337089e-10
5608 3.335967e-10
5609 3.334845e-10
5610 3.333724e-10
5611 3.332603e-10
5612 3.331483e-10
5613 3.330364e-10
5614 3.329245e-10
5615 3.328126e-10
5616 3.327009e-10
5617 3.325892e-10
5618 3.324775e-10
5619 3.323659e-10
5620 3.322544e-10
5621 3.321429e-10
5622 3.320314e-10
5623 3.319201e-10
5624 3.318088e-10
5625 3.316975e-10
5626 3.315863e-10
5627 3.314752e-10
5628 3.313641e-10
5629 3.312530e-10
5630 3.311421e-10
5631 3.310311e-10
5632 3.309203e-10
5633 3.308095e-10
5634 3.306987e-10
5635 3.305881e-10
5636 3.304774e-10
5637 3.303668e-10
5638 3.302563e-10
5639 3.301459e-10
5640 3.300355e-10
5641 3.299251e-10
5642 3.298148e-10
5643 3.297046e-10
5644 3.295944e-10
5645 3.294843e-10
5646 3.293741e-10
5647 3.292638e-10
5648 3.291536e-10
5649 3.290435e-10
5650 3.289334e-10
5651 3.288233e-10
5652 3.287133e-10
5653 3.286034e-10
5654 3.284936e-10
5655 3.283837e-10
5656 3.282740e-10
5657 3.281643e-10
5658 3.280546e-10
5659 3.279450e-10
5660 3.278355e-10
5661 3.277260e-10
5662 3.276166e-10
5663 3.275072e-10
5664 3.273979e-10
5665 3.272887e-10
5666 3.271795e-10
5667 3.270703e-10
5668 3.269613e-10
5669 3.268522e-10
5670 3.267433e-10
5671 3.266343e-10
5672 3.265255e-10
5673 3.264167e-10
5674 3.263079e-10
5675 3.261992e-10
5676 3.260906e-10
5677 3.259820e-10
5678 3.258734e-10
5679 3.257650e-10
5680 3.256565e-10
5681 3.255482e-10
5682 3.254399e-10
5683 3.253316e-10
5684 3.252234e-10
5685 3.251153e-10
5686 3.250072e-10
5687 3.248991e-10
5688 3.247912e-10
5689 3.246832e-10
5690 3.245754e-10
5691 3.244675e-10
5692 3.243598e-10
5693 3.242521e-10
5694 3.241444e-10
5695 3.240368e-10
5696 3.239292e-10
5697 3.238215e-10
5698 3.237138e-10
5699 3.236062e-10
5700 3.234986e-10
5701 3.233911e-10
5702 3.232836e-10
5703 3.231762e-10
5704 3.230689e-10
5705 3.229616e-10
5706 3.228543e-10
5707 3.227471e-10
5708 3.226400e-10
5709 3.225329e-10
5710 3.224259e-10
5711 3.223189e-10
5712 3.222120e-10
5713 3.221051e-10
5714 3.219983e-10
5715 3.218916e-10
5716 3.217849e-10
5717 3.216782e-10
5718 3.215716e-10
5719 3.214651e-10
5720 3.213586e-10
5721 3.212522e-10
5722 3.211458e-10
5723 3.210395e-10
5724 3.209332e-10
5725 3.208270e-10
5726 3.207208e-10
5727 3.206147e-10
5728 3.205087e-10
5729 3.204027e-10
5730 3.202967e-10
5731 3.201908e-10
5732 3.200850e-10
5733 3.199792e-10
5734 3.198735e-10
5735 3.197678e-10
5736 3.196622e-10
5737 3.195566e-10
5738 3.194511e-10
5739 3.193456e-10
5740 3.192402e-10
5741 3.191348e-10
5742 3.190295e-10
5743 3.189243e-10
5744 3.188191e-10
5745 3.187139e-10
5746 3.186088e-10
5747 3.185036e-10
5748 3.183984e-10
5749 3.182932e-10
5750 3.181881e-10
5751 3.180830e-10
5752 3.179780e-10
5753 3.178730e-10
5754 3.177681e-10
5755 3.176633e-10
5756 3.175585e-10
5757 3.174537e-10
5758 3.173490e-10
5759 3.172444e-10
5760 3.171398e-10
5761 3.170353e-10
5762 3.169308e-10
5763 3.168263e-10
5764 3.167220e-10
5765 3.166176e-10
5766 3.165133e-10
5767 3.164091e-10
5768 3.163050e-10
5769 3.162008e-10
5770 3.160968e-10
5771 3.159928e-10
5772 3.158888e-10
5773 3.157849e-10
5774 3.156810e-10
5775 3.155772e-10
5776 3.154735e-10
5777 3.153698e-10
5778 3.152661e-10
5779 3.151625e-10
5780 3.150590e-10
5781 3.149555e-10
5782 3.148520e-10
5783 3.147486e-10
5784 3.146453e-10
5785 3.145420e-10
5786 3.144388e-10
5787 3.143356e-10
5788 3.142325e-10
5789 3.141294e-10
5790 3.140264e-10
5791 3.139234e-10
5792 3.138205e-10
5793 3.137176e-10
5794 3.136148e-10
5795 3.135120e-10
5796 3.134093e-10
5797 3.133066e-10
5798 3.132038e-10
5799 3.131010e-10
5800 3.129983e-10
5801 3.128956e-10
5802 3.127930e-10
5803 3.126904e-10
5804 3.125878e-10
5805 3.124853e-10
5806 3.123829e-10
5807 3.122805e-10
5808 3.121782e-10
5809 3.120759e-10
5810 3.119737e-10
5811 3.118715e-10
5812 3.117694e-10
5813 3.116673e-10
5814 3.115653e-10
5815 3.114633e-10
5816 3.113614e-10
5817 3.112595e-10
5818 3.111577e-10
5819 3.110559e-10
5820 3.109542e-10
5821 3.108525e-10
5822 3.107509e-10
5823 3.106493e-10
5824 3.105478e-10
5825 3.104463e-10
5826 3.103449e-10
5827 3.102436e-10
5828 3.101422e-10
5829 3.100410e-10
5830 3.099398e-10
5831 3.098386e-10
5832 3.097375e-10
5833 3.096364e-10
5834 3.095354e-10
5835 3.094344e-10
5836 3.093335e-10
5837 3.092327e-10
5838 3.091319e-10
5839 3.090311e-10
5840 3.089304e-10
5841 3.088297e-10
5842 3.087291e-10
5843 3.086285e-10
5844 3.085280e-10
5845 3.084276e-10
5846 3.083272e-10
5847 3.082268e-10
5848 3.081265e-10
5849 3.080262e-10
5850 3.079257e-10
5851 3.078254e-10
5852 3.077250e-10
5853 3.076247e-10
5854 3.075245e-10
5855 3.074243e-10
5856 3.073242e-10
5857 3.072241e-10
5858 3.071240e-10
5859 3.070241e-10
5860 3.069241e-10
5861 3.068242e-10
5862 3.067244e-10
5863 3.066246e-10
5864 3.065249e-10
5865 3.064252e-10
5866 3.063255e-10
5867 3.062259e-10
5868 3.061264e-10
5869 3.060269e-10
5870 3.059275e-10
5871 3.058281e-10
5872 3.057287e-10
5873 3.056294e-10
5874 3.055302e-10
5875 3.054310e-10
5876 3.053318e-10
5877 3.052327e-10
5878 3.051337e-10
5879 3.050347e-10
5880 3.049357e-10
5881 3.048368e-10
5882 3.047380e-10
5883 3.046392e-10
5884 3.045404e-10
5885 3.044417e-10
5886 3.043430e-10
5887 3.042444e-10
5888 3.041459e-10
5889 3.040474e-10
5890 3.039489e-10
5891 3.038505e-10
5892 3.037521e-10
5893 3.036538e-10
5894 3.035555e-10
5895 3.034573e-10
5896 3.033591e-10
5897 3.032610e-10
5898 3.031629e-10
5899 3.030649e-10
5900 3.029669e-10
5901 3.028689e-10
5902 3.027708e-10
5903 3.026728e-10
5904 3.025748e-10
5905 3.024768e-10
5906 3.023789e-10
5907 3.022811e-10
5908 3.021833e-10
5909 3.020855e-10
5910 3.019878e-10
5911 3.018901e-10
5912 3.017925e-10
5913 3.016949e-10
5914 3.015974e-10
5915 3.014999e-10
5916 3.014025e-10
5917 3.013051e-10
5918 3.012078e-10
5919 3.011105e-10
5920 3.010133e-10
5921 3.009161e-10
5922 3.008190e-10
5923 3.007219e-10
5924 3.006249e-10
5925 3.005279e-10
5926 3.004309e-10
5927 3.003340e-10
5928 3.002372e-10
5929 3.001404e-10
5930 3.000436e-10
5931 2.999469e-10
5932 2.998502e-10
5933 2.997536e-10
5934 2.996571e-10
5935 2.995605e-10
5936 2.994641e-10
5937 2.993677e-10
5938 2.992713e-10
5939 2.991749e-10
5940 2.990787e-10
5941 2.989824e-10
5942 2.988862e-10
5943 2.987901e-10
5944 2.986940e-10
5945 2.985980e-10
5946 2.985020e-10
5947 2.984060e-10
5948 2.983101e-10
5949 2.982142e-10
5950 2.981184e-10
5951 2.980227e-10
5952 2.979270e-10
5953 2.978313e-10
5954 2.977355e-10
5955 2.976397e-10
5956 2.975440e-10
5957 2.974483e-10
5958 2.973526e-10
5959 2.972570e-10
5960 2.971615e-10
5961 2.970660e-10
5962 2.969705e-10
5963 2.968751e-10
5964 2.967797e-10
5965 2.966844e-10
5966 2.965892e-10
5967 2.964939e-10
5968 2.963988e-10
5969 2.963036e-10
5970 2.962085e-10
5971 2.961135e-10
5972 2.960185e-10
5973 2.959236e-10
5974 2.958287e-10
5975 2.957338e-10
5976 2.956390e-10
5977 2.955442e-10
5978 2.954495e-10
5979 2.953549e-10
5980 2.952602e-10
5981 2.951657e-10
5982 2.950711e-10
5983 2.949767e-10
5984 2.948822e-10
5985 2.947878e-10
5986 2.946935e-10
5987 2.945992e-10
5988 2.945049e-10
5989 2.944107e-10
5990 2.943166e-10
5991 2.942224e-10
5992 2.941284e-10
5993 2.940343e-10
5994 2.939404e-10
5995 2.938464e-10
5996 2.937525e-10
5997 2.936587e-10
5998 2.935649e-10
5999 2.934712e-10
6000 2.933775e-10
6001 2.932838e-10
6002 2.931902e-10
6003 2.930966e-10
6004 2.930031e-10
6005 2.929096e-10
6006 2.928162e-10
6007 2.927226e-10
6008 2.926291e-10
6009 2.925356e-10
6010 2.924421e-10
6011 2.923487e-10
6012 2.922554e-10
6013 2.921620e-10
6014 2.920688e-10
6015 2.919755e-10
6016 2.918824e-10
6017 2.917892e-10
6018 2.916961e-10
6019 2.916031e-10
6020 2.915101e-10
6021 2.914171e-10
6022 2.913242e-10
6023 2.912314e-10
6024 2.911386e-10
6025 2.910458e-10
6026 2.909531e-10
6027 2.908604e-10
6028 2.907677e-10
6029 2.906751e-10
6030 2.905826e-10
6031 2.904901e-10
6032 2.903976e-10
6033 2.903052e-10
6034 2.902128e-10
6035 2.901205e-10
6036 2.900282e-10
6037 2.899360e-10
6038 2.898438e-10
6039 2.897517e-10
6040 2.896596e-10
6041 2.895675e-10
6042 2.894755e-10
6043 2.893835e-10
6044 2.892916e-10
6045 2.891997e-10
6046 2.891079e-10
6047 2.890161e-10
6048 2.889243e-10
6049 2.888326e-10
6050 2.887410e-10
6051 2.886494e-10
6052 2.885578e-10
6053 2.884663e-10
6054 2.883748e-10
6055 2.882833e-10
6056 2.881920e-10
6057 2.881006e-10
6058 2.880093e-10
6059 2.879180e-10
6060 2.878267e-10
6061 2.877353e-10
6062 2.876440e-10
6063 2.875527e-10
6064 2.874615e-10
6065 2.873703e-10
6066 2.872792e-10
6067 2.871881e-10
6068 2.870970e-10
6069 2.870060e-10
6070 2.869150e-10
6071 2.868241e-10
6072 2.867332e-10
6073 2.866424e-10
6074 2.865516e-10
6075 2.864608e-10
6076 2.863701e-10
6077 2.862794e-10
6078 2.861888e-10
6079 2.860982e-10
6080 2.860077e-10
6081 2.859172e-10
6082 2.858268e-10
6083 2.857364e-10
6084 2.856460e-10
6085 2.855557e-10
6086 2.854654e-10
6087 2.853752e-10
6088 2.852850e-10
6089 2.851948e-10
6090 2.851047e-10
6091 2.850147e-10
6092 2.849247e-10
6093 2.848347e-10
6094 2.847448e-10
6095 2.846549e-10
6096 2.845650e-10
6097 2.844752e-10
6098 2.843855e-10
6099 2.842958e-10
6100 2.842061e-10
6101 2.841165e-10
6102 2.840269e-10
6103 2.839373e-10
6104 2.838478e-10
6105 2.837584e-10
6106 2.836690e-10
6107 2.835796e-10
6108 2.834903e-10
6109 2.834010e-10
6110 2.833118e-10
6111 2.832226e-10
6112 2.831334e-10
6113 2.830443e-10
6114 2.829551e-10
6115 2.828659e-10
6116 2.827767e-10
6117 2.826876e-10
6118 2.825985e-10
6119 2.825094e-10
6120 2.824204e-10
6121 2.823315e-10
6122 2.822426e-10
6123 2.821537e-10
6124 2.820648e-10
6125 2.819761e-10
6126 2.818873e-10
6127 2.817986e-10
6128 2.817099e-10
6129 2.816213e-10
6130 2.815327e-10
6131 2.814442e-10
6132 2.813557e-10
6133 2.812673e-10
6134 2.811789e-10
6135 2.810905e-10
6136 2.810022e-10
6137 2.809139e-10
6138 2.808256e-10
6139 2.807374e-10
6140 2.806493e-10
6141 2.805612e-10
6142 2.804731e-10
6143 2.803851e-10
6144 2.802971e-10
6145 2.802091e-10
6146 2.801212e-10
6147 2.800334e-10
6148 2.799455e-10
6149 2.798578e-10
6150 2.797700e-10
6151 2.796823e-10
6152 2.795947e-10
6153 2.795071e-10
6154 2.794195e-10
6155 2.793320e-10
6156 2.792445e-10
6157 2.791570e-10
6158 2.790696e-10
6159 2.789823e-10
6160 2.788949e-10
6161 2.788077e-10
6162 2.787204e-10
6163 2.786332e-10
6164 2.785461e-10
6165 2.784590e-10
6166 2.783719e-10
6167 2.782849e-10
6168 2.781978e-10
6169 2.781107e-10
6170 2.780236e-10
6171 2.779365e-10
6172 2.778495e-10
6173 2.777626e-10
6174 2.776756e-10
6175 2.775888e-10
6176 2.775019e-10
6177 2.774151e-10
6178 2.773284e-10
6179 2.772416e-10
6180 2.771550e-10
6181 2.770683e-10
6182 2.769817e-10
6183 2.768952e-10
6184 2.768087e-10
6185 2.767222e-10
6186 2.766358e-10
6187 2.765494e-10
6188 2.764630e-10
6189 2.763767e-10
6190 2.762905e-10
6191 2.762042e-10
6192 2.761181e-10
6193 2.760319e-10
6194 2.759458e-10
6195 2.758597e-10
6196 2.757737e-10
6197 2.756877e-10
6198 2.756018e-10
6199 2.755159e-10
6200 2.754300e-10
6201 2.753442e-10
6202 2.752584e-10
6203 2.751727e-10
6204 2.750870e-10
6205 2.750014e-10
6206 2.749157e-10
6207 2.748302e-10
6208 2.747446e-10
6209 2.746591e-10
6210 2.745737e-10
6211 2.744883e-10
6212 2.744029e-10
6213 2.743176e-10
6214 2.742323e-10
6215 2.741470e-10
6216 2.740618e-10
6217 2.739766e-10
6218 2.738915e-10
6219 2.738064e-10
6220 2.737214e-10
6221 2.736364e-10
6222 2.735514e-10
6223 2.734663e-10
6224 2.733813e-10
6225 2.732962e-10
6226 2.732113e-10
6227 2.731263e-10
6228 2.730414e-10
6229 2.729565e-10
6230 2.728717e-10
6231 2.727869e-10
6232 2.727022e-10
6233 2.726175e-10
6234 2.725328e-10
6235 2.724482e-10
6236 2.723636e-10
6237 2.722790e-10
6238 2.721945e-10
6239 2.721101e-10
6240 2.720256e-10
6241 2.719413e-10
6242 2.718569e-10
6243 2.717726e-10
6244 2.716883e-10
6245 2.716041e-10
6246 2.715199e-10
6247 2.714358e-10
6248 2.713516e-10
6249 2.712676e-10
6250 2.711835e-10
6251 2.710995e-10
6252 2.710156e-10
6253 2.709317e-10
6254 2.708478e-10
6255 2.707640e-10
6256 2.706802e-10
6257 2.705964e-10
6258 2.705127e-10
6259 2.704290e-10
6260 2.703454e-10
6261 2.702618e-10
6262 2.701782e-10
6263 2.700947e-10
6264 2.700112e-10
6265 2.699278e-10
6266 2.698444e-10
6267 2.697610e-10
6268 2.696777e-10
6269 2.695944e-10
6270 2.695112e-10
6271 2.694279e-10
6272 2.693448e-10
6273 2.692616e-10
6274 2.691786e-10
6275 2.690955e-10
6276 2.690125e-10
6277 2.689295e-10
6278 2.688465e-10
6279 2.687635e-10
6280 2.686804e-10
6281 2.685974e-10
6282 2.685145e-10
6283 2.684316e-10
6284 2.683487e-10
6285 2.682659e-10
6286 2.681831e-10
6287 2.681003e-10
6288 2.680176e-10
6289 2.679349e-10
6290 2.678523e-10
6291 2.677697e-10
6292 2.676871e-10
6293 2.676046e-10
6294 2.675221e-10
6295 2.674396e-10
6296 2.673572e-10
6297 2.672749e-10
6298 2.671925e-10
6299 2.671102e-10
6300 2.670280e-10
6301 2.669458e-10
6302 2.668636e-10
6303 2.667814e-10
6304 2.666993e-10
6305 2.666173e-10
6306 2.665353e-10
6307 2.664533e-10
6308 2.663713e-10
6309 2.662894e-10
6310 2.662075e-10
6311 2.661257e-10
6312 2.660439e-10
6313 2.659621e-10
6314 2.658804e-10
6315 2.657987e-10
6316 2.657171e-10
6317 2.656355e-10
6318 2.655539e-10
6319 2.654724e-10
6320 2.653909e-10
6321 2.653094e-10
6322 2.652280e-10
6323 2.651466e-10
6324 2.650653e-10
6325 2.649840e-10
6326 2.649027e-10
6327 2.648215e-10
6328 2.647403e-10
6329 2.646592e-10
6330 2.645780e-10
6331 2.644970e-10
6332 2.644159e-10
6333 2.643349e-10
6334 2.642539e-10
6335 2.641728e-10
6336 2.640917e-10
6337 2.640107e-10
6338 2.639297e-10
6339 2.638488e-10
6340 2.637679e-10
6341 2.636870e-10
6342 2.636062e-10
6343 2.635254e-10
6344 2.634447e-10
6345 2.633639e-10
6346 2.632833e-10
6347 2.632026e-10
6348 2.631220e-10
6349 2.630415e-10
6350 2.629609e-10
6351 2.628804e-10
6352 2.628000e-10
6353 2.627196e-10
6354 2.626392e-10
6355 2.625588e-10
6356 2.624785e-10
6357 2.623983e-10
6358 2.623180e-10
6359 2.622378e-10
6360 2.621577e-10
6361 2.620776e-10
6362 2.619975e-10
6363 2.619174e-10
6364 2.618374e-10
6365 2.617575e-10
6366 2.616775e-10
6367 2.615976e-10
6368 2.615178e-10
6369 2.614379e-10
6370 2.613582e-10
6371 2.612784e-10
6372 2.611987e-10
6373 2.611190e-10
6374 2.610394e-10
6375 2.609598e-10
6376 2.608802e-10
6377 2.608007e-10
6378 2.607212e-10
6379 2.606417e-10
6380 2.605623e-10
6381 2.604829e-10
6382 2.604036e-10
6383 2.603243e-10
6384 2.602450e-10
6385 2.601658e-10
6386 2.600866e-10
6387 2.600074e-10
6388 2.599283e-10
6389 2.598492e-10
6390 2.597701e-10
6391 2.596909e-10
6392 2.596118e-10
6393 2.595327e-10
6394 2.594536e-10
6395 2.593746e-10
6396 2.592956e-10
6397 2.592166e-10
6398 2.591377e-10
6399 2.590588e-10
6400 2.589800e-10
6401 2.589012e-10
6402 2.588224e-10
6403 2.587437e-10
6404 2.586650e-10
6405 2.585863e-10
6406 2.585077e-10
6407 2.584291e-10
6408 2.583505e-10
6409 2.582720e-10
6410 2.581935e-10
6411 2.581151e-10
6412 2.580366e-10
6413 2.579583e-10
6414 2.578799e-10
6415 2.578016e-10
6416 2.577233e-10
6417 2.576451e-10
6418 2.575669e-10
6419 2.574888e-10
6420 2.574106e-10
6421 2.573325e-10
6422 2.572545e-10
6423 2.571765e-10
6424 2.570985e-10
6425 2.570205e-10
6426 2.569426e-10
6427 2.568648e-10
6428 2.567869e-10
6429 2.567091e-10
6430 2.566313e-10
6431 2.565536e-10
6432 2.564759e-10
6433 2.563982e-10
6434 2.563206e-10
6435 2.562430e-10
6436 2.561655e-10
6437 2.560880e-10
6438 2.560105e-10
6439 2.559330e-10
6440 2.558556e-10
6441 2.557782e-10
6442 2.557009e-10
6443 2.556236e-10
6444 2.555463e-10
6445 2.554691e-10
6446 2.553919e-10
6447 2.553146e-10
6448 2.552374e-10
6449 2.551601e-10
6450 2.550829e-10
6451 2.550057e-10
6452 2.549286e-10
6453 2.548515e-10
6454 2.547744e-10
6455 2.546974e-10
6456 2.546204e-10
6457 2.545434e-10
6458 2.544665e-10
6459 2.543896e-10
6460 2.543127e-10
6461 2.542359e-10
6462 2.541591e-10
6463 2.540823e-10
6464 2.540056e-10
6465 2.539289e-10
6466 2.538523e-10
6467 2.537757e-10
6468 2.536991e-10
6469 2.536225e-10
6470 2.535460e-10
6471 2.534696e-10
6472 2.533931e-10
6473 2.533167e-10
6474 2.532403e-10
6475 2.531640e-10
6476 2.530877e-10
6477 2.530114e-10
6478 2.529352e-10
6479 2.528590e-10
6480 2.527828e-10
6481 2.527067e-10
6482 2.526306e-10
6483 2.525546e-10
6484 2.524785e-10
6485 2.524026e-10
6486 2.523266e-10
6487 2.522507e-10
6488 2.521748e-10
6489 2.520989e-10
6490 2.520231e-10
6491 2.519473e-10
6492 2.518716e-10
6493 2.517959e-10
6494 2.517202e-10
6495 2.516446e-10
6496 2.515690e-10
6497 2.514934e-10
6498 2.514178e-10
6499 2.513423e-10
6500 2.512669e-10
6501 2.511914e-10
6502 2.511160e-10
6503 2.510406e-10
6504 2.509653e-10
6505 2.508898e-10
6506 2.508144e-10
6507 2.507390e-10
6508 2.506637e-10
6509 2.505884e-10
6510 2.505131e-10
6511 2.504378e-10
6512 2.503626e-10
6513 2.502875e-10
6514 2.502123e-10
6515 2.501372e-10
6516 2.500621e-10
6517 2.499871e-10
6518 2.499121e-10
6519 2.498371e-10
6520 2.497622e-10
6521 2.496873e-10
6522 2.496124e-10
6523 2.495376e-10
6524 2.494628e-10
6525 2.493880e-10
6526 2.493133e-10
6527 2.492386e-10
6528 2.491639e-10
6529 2.490893e-10
6530 2.490147e-10
6531 2.489401e-10
6532 2.488656e-10
6533 2.487911e-10
6534 2.487166e-10
6535 2.486422e-10
6536 2.485678e-10
6537 2.484934e-10
6538 2.484191e-10
6539 2.483448e-10
6540 2.482705e-10
6541 2.481963e-10
6542 2.481221e-10
6543 2.480479e-10
6544 2.479738e-10
6545 2.478997e-10
6546 2.478257e-10
6547 2.477516e-10
6548 2.476776e-10
6549 2.476037e-10
6550 2.475297e-10
6551 2.474558e-10
6552 2.473820e-10
6553 2.473082e-10
6554 2.472344e-10
6555 2.471606e-10
6556 2.470869e-10
6557 2.470132e-10
6558 2.469395e-10
6559 2.468659e-10
6560 2.467923e-10
6561 2.467187e-10
6562 2.466451e-10
6563 2.465715e-10
6564 2.464979e-10
6565 2.464243e-10
6566 2.463508e-10
6567 2.462773e-10
6568 2.462038e-10
6569 2.461304e-10
6570 2.460570e-10
6571 2.459836e-10
6572 2.459102e-10
6573 2.458369e-10
6574 2.457637e-10
6575 2.456904e-10
6576 2.456172e-10
6577 2.455440e-10
6578 2.454709e-10
6579 2.453978e-10
6580 2.453247e-10
6581 2.452517e-10
6582 2.451786e-10
6583 2.451057e-10
6584 2.450327e-10
6585 2.449598e-10
6586 2.448869e-10
6587 2.448141e-10
6588 2.447413e-10
6589 2.446685e-10
6590 2.445957e-10
6591 2.445230e-10
6592 2.444503e-10
6593 2.443777e-10
6594 2.443050e-10
6595 2.442325e-10
6596 2.441599e-10
6597 2.440874e-10
6598 2.440149e-10
6599 2.439424e-10
6600 2.438700e-10
6601 2.437976e-10
6602 2.437253e-10
6603 2.436529e-10
6604 2.435806e-10
6605 2.435084e-10
6606 2.434362e-10
6607 2.433640e-10
6608 2.432918e-10
6609 2.432197e-10
6610 2.431476e-10
6611 2.430755e-10
6612 2.430035e-10
6613 2.429315e-10
6614 2.428595e-10
6615 2.427875e-10
6616 2.427156e-10
6617 2.426438e-10
6618 2.425719e-10
6619 2.425001e-10
6620 2.424283e-10
6621 2.423564e-10
6622 2.422846e-10
6623 2.422127e-10
6624 2.421410e-10
6625 2.420692e-10
6626 2.419975e-10
6627 2.419258e-10
6628 2.418541e-10
6629 2.417825e-10
6630 2.417109e-10
6631 2.416393e-10
6632 2.415678e-10
6633 2.414963e-10
6634 2.414248e-10
6635 2.413534e-10
6636 2.412820e-10
6637 2.412106e-10
6638 2.411393e-10
6639 2.410680e-10
6640 2.409967e-10
6641 2.409254e-10
6642 2.408542e-10
6643 2.407831e-10
6644 2.407119e-10
6645 2.406408e-10
6646 2.405697e-10
6647 2.404986e-10
6648 2.404276e-10
6649 2.403566e-10
6650 2.402857e-10
6651 2.402147e-10
6652 2.401438e-10
6653 2.400730e-10
6654 2.400021e-10
6655 2.399313e-10
6656 2.398606e-10
6657 2.397898e-10
6658 2.397191e-10
6659 2.396484e-10
6660 2.395778e-10
6661 2.395072e-10
6662 2.394366e-10
6663 2.393661e-10
6664 2.392955e-10
6665 2.392250e-10
6666 2.391546e-10
6667 2.390842e-10
6668 2.390138e-10
6669 2.389434e-10
6670 2.388731e-10
6671 2.388028e-10
6672 2.387325e-10
6673 2.386623e-10
6674 2.385921e-10
6675 2.385219e-10
6676 2.384517e-10
6677 2.383816e-10
6678 2.383116e-10
6679 2.382415e-10
6680 2.381713e-10
6681 2.381012e-10
6682 2.380311e-10
6683 2.379610e-10
6684 2.378910e-10
6685 2.378210e-10
6686 2.377510e-10
6687 2.376811e-10
6688 2.376112e-10
6689 2.375413e-10
6690 2.374715e-10
6691 2.374017e-10
6692 2.373319e-10
6693 2.372621e-10
6694 2.371924e-10
6695 2.371227e-10
6696 2.370531e-10
6697 2.369834e-10
6698 2.369138e-10
6699 2.368443e-10
6700 2.367747e-10
6701 2.367052e-10
6702 2.366358e-10
6703 2.365663e-10
6704 2.364969e-10
6705 2.364275e-10
6706 2.363582e-10
6707 2.362889e-10
6708 2.362196e-10
6709 2.361503e-10
6710 2.360811e-10
6711 2.360119e-10
6712 2.359427e-10
6713 2.358736e-10
6714 2.358045e-10
6715 2.357354e-10
6716 2.356664e-10
6717 2.355974e-10
6718 2.355284e-10
6719 2.354594e-10
6720 2.353905e-10
6721 2.353216e-10
6722 2.352527e-10
6723 2.351839e-10
6724 2.351151e-10
6725 2.350463e-10
6726 2.349776e-10
6727 2.349089e-10
6728 2.348402e-10
6729 2.347716e-10
6730 2.347029e-10
6731 2.346344e-10
6732 2.345658e-10
6733 2.344973e-10
6734 2.344288e-10
6735 2.343603e-10
6736 2.342919e-10
6737 2.342235e-10
6738 2.341551e-10
6739 2.340866e-10
6740 2.340182e-10
6741 2.339497e-10
6742 2.338814e-10
6743 2.338130e-10
6744 2.337447e-10
6745 2.336764e-10
6746 2.336081e-10
6747 2.335399e-10
6748 2.334717e-10
6749 2.334035e-10
6750 2.333354e-10
6751 2.332672e-10
6752 2.331992e-10
6753 2.331311e-10
6754 2.330631e-10
6755 2.329951e-10
6756 2.329271e-10
6757 2.328592e-10
6758 2.327913e-10
6759 2.327234e-10
6760 2.326555e-10
6761 2.325877e-10
6762 2.325199e-10
6763 2.324522e-10
6764 2.323845e-10
6765 2.323168e-10
6766 2.322491e-10
6767 2.321815e-10
6768 2.321138e-10
6769 2.320463e-10
6770 2.319787e-10
6771 2.319112e-10
6772 2.318437e-10
6773 2.317762e-10
6774 2.317088e-10
6775 2.316414e-10
6776 2.315740e-10
6777 2.315067e-10
6778 2.314394e-10
6779 2.313721e-10
6780 2.313049e-10
6781 2.312376e-10
6782 2.311704e-10
6783 2.311033e-10
6784 2.310361e-10
6785 2.309690e-10
6786 2.309019e-10
6787 2.308349e-10
6788 2.307679e-10
6789 2.307009e-10
6790 2.306339e-10
6791 2.305670e-10
6792 2.305001e-10
6793 2.304332e-10
6794 2.303664e-10
6795 2.302996e-10
6796 2.302328e-10
6797 2.301660e-10
6798 2.300993e-10
6799 2.300325e-10
6800 2.299657e-10
6801 2.298989e-10
6802 2.298322e-10
6803 2.297655e-10
6804 2.296988e-10
6805 2.296322e-10
6806 2.295655e-10
6807 2.294989e-10
6808 2.294324e-10
6809 2.293659e-10
6810 2.292994e-10
6811 2.292329e-10
6812 2.291664e-10
6813 2.291000e-10
6814 2.290336e-10
6815 2.289673e-10
6816 2.289010e-10
6817 2.288347e-10
6818 2.287684e-10
6819 2.287021e-10
6820 2.286359e-10
6821 2.285698e-10
6822 2.285036e-10
6823 2.284375e-10
6824 2.283714e-10
6825 2.283053e-10
6826 2.282393e-10
6827 2.281733e-10
6828 2.281073e-10
6829 2.280413e-10
6830 2.279754e-10
6831 2.279095e-10
6832 2.278436e-10
6833 2.277778e-10
6834 2.277120e-10
6835 2.276462e-10
6836 2.275805e-10
6837 2.275147e-10
6838 2.274490e-10
6839 2.273834e-10
6840 2.273177e-10
6841 2.272521e-10
6842 2.271865e-10
6843 2.271210e-10
6844 2.270555e-10
6845 2.269900e-10
6846 2.269245e-10
6847 2.268591e-10
6848 2.267937e-10
6849 2.267283e-10
6850 2.266629e-10
6851 2.265976e-10
6852 2.265323e-10
6853 2.264670e-10
6854 2.264018e-10
6855 2.263366e-10
6856 2.262714e-10
6857 2.262063e-10
6858 2.261411e-10
6859 2.260759e-10
6860 2.260108e-10
6861 2.259456e-10
6862 2.258805e-10
6863 2.258153e-10
6864 2.257503e-10
6865 2.256852e-10
6866 2.256202e-10
6867 2.255552e-10
6868 2.254902e-10
6869 2.254253e-10
6870 2.253604e-10
6871 2.252955e-10
6872 2.252307e-10
6873 2.251658e-10
6874 2.251010e-10
6875 2.250363e-10
6876 2.249715e-10
6877 2.249068e-10
6878 2.248421e-10
6879 2.247775e-10
6880 2.247129e-10
6881 2.246483e-10
6882 2.245837e-10
6883 2.245191e-10
6884 2.244546e-10
6885 2.243901e-10
6886 2.243257e-10
6887 2.242612e-10
6888 2.241968e-10
6889 2.241325e-10
6890 2.240681e-10
6891 2.240038e-10
6892 2.239395e-10
6893 2.238752e-10
6894 2.238110e-10
6895 2.237468e-10
6896 2.236826e-10
6897 2.236184e-10
6898 2.235543e-10
6899 2.234902e-10
6900 2.234261e-10
6901 2.233621e-10
6902 2.232981e-10
6903 2.232341e-10
6904 2.231701e-10
6905 2.231062e-10
6906 2.230423e-10
6907 2.229784e-10
6908 2.229146e-10
6909 2.228507e-10
6910 2.227869e-10
6911 2.227232e-10
6912 2.226594e-10
6913 2.225957e-10
6914 2.225320e-10
6915 2.224684e-10
6916 2.224047e-10
6917 2.223411e-10
6918 2.222776e-10
6919 2.222140e-10
6920 2.221504e-10
6921 2.220868e-10
6922 2.220232e-10
6923 2.219597e-10
6924 2.218961e-10
6925 2.218326e-10
6926 2.217691e-10
6927 2.217057e-10
6928 2.216423e-10
6929 2.215789e-10
6930 2.215155e-10
6931 2.214522e-10
6932 2.213889e-10
6933 2.213256e-10
6934 2.212623e-10
6935 2.211991e-10
6936 2.211359e-10
6937 2.210727e-10
6938 2.210096e-10
6939 2.209465e-10
6940 2.208834e-10
6941 2.208203e-10
6942 2.207573e-10
6943 2.206942e-10
6944 2.206313e-10
6945 2.205683e-10
6946 2.205054e-10
6947 2.204425e-10
6948 2.203796e-10
6949 2.203167e-10
6950 2.202539e-10
6951 2.201911e-10
6952 2.201284e-10
6953 2.200656e-10
6954 2.200029e-10
6955 2.199402e-10
6956 2.198775e-10
6957 2.198149e-10
6958 2.197523e-10
6959 2.196897e-10
6960 2.196272e-10
6961 2.195646e-10
6962 2.195021e-10
6963 2.194397e-10
6964 2.193772e-10
6965 2.193148e-10
6966 2.192524e-10
6967 2.191900e-10
6968 2.191277e-10
6969 2.190654e-10
6970 2.190031e-10
6971 2.189408e-10
6972 2.188786e-10
6973 2.188164e-10
6974 2.187542e-10
6975 2.186921e-10
6976 2.186299e-10
6977 2.185678e-10
6978 2.185058e-10
6979 2.184437e-10
6980 2.183817e-10
6981 2.183197e-10
6982 2.182576e-10
6983 2.181955e-10
6984 2.181335e-10
6985 2.180715e-10
6986 2.180095e-10
6987 2.179476e-10
6988 2.178857e-10
6989 2.178238e-10
6990 2.177619e-10
6991 2.177000e-10
6992 2.176382e-10
6993 2.175764e-10
6994 2.175147e-10
6995 2.174529e-10
6996 2.173912e-10
6997 2.173295e-10
6998 2.172679e-10
6999 2.172062e-10
7000 2.171446e-10
7001 2.170831e-10
7002 2.170215e-10
7003 2.169600e-10
7004 2.168985e-10
7005 2.168370e-10
7006 2.167756e-10
7007 2.167141e-10
7008 2.166527e-10
7009 2.165914e-10
7010 2.165300e-10
7011 2.164687e-10
7012 2.164074e-10
7013 2.163462e-10
7014 2.162849e-10
7015 2.162237e-10
7016 2.161625e-10
7017 2.161014e-10
7018 2.160402e-10
7019 2.159791e-10
7020 2.159180e-10
7021 2.158570e-10
7022 2.157959e-10
7023 2.157349e-10
7024 2.156740e-10
7025 2.156130e-10
7026 2.155521e-10
7027 2.154912e-10
7028 2.154303e-10
7029 2.153694e-10
7030 2.153086e-10
7031 2.152478e-10
7032 2.151870e-10
7033 2.151263e-10
7034 2.150656e-10
7035 2.150049e-10
7036 2.149442e-10
7037 2.148836e-10
7038 2.148230e-10
7039 2.147624e-10
7040 2.147018e-10
7041 2.146413e-10
7042 2.145807e-10
7043 2.145202e-10
7044 2.144596e-10
7045 2.143991e-10
7046 2.143386e-10
7047 2.142781e-10
7048 2.142176e-10
7049 2.141572e-10
7050 2.140967e-10
7051 2.140363e-10
7052 2.139760e-10
7053 2.139156e-10
7054 2.138553e-10
7055 2.137950e-10
7056 2.137348e-10
7057 2.136745e-10
7058 2.136143e-10
7059 2.135541e-10
7060 2.134940e-10
7061 2.134338e-10
7062 2.133737e-10
7063 2.133136e-10
7064 2.132536e-10
7065 2.131935e-10
7066 2.131335e-10
7067 2.130735e-10
7068 2.130136e-10
7069 2.129536e-10
7070 2.128937e-10
7071 2.128338e-10
7072 2.127740e-10
7073 2.127141e-10
7074 2.126543e-10
7075 2.125946e-10
7076 2.125348e-10
7077 2.124751e-10
7078 2.124154e-10
7079 2.123557e-10
7080 2.122960e-10
7081 2.122364e-10
7082 2.121768e-10
7083 2.121172e-10
7084 2.120576e-10
7085 2.119981e-10
7086 2.119386e-10
7087 2.118791e-10
7088 2.118197e-10
7089 2.117602e-10
7090 2.117008e-10
7091 2.116414e-10
7092 2.115821e-10
7093 2.115228e-10
7094 2.114635e-10
7095 2.114042e-10
7096 2.113449e-10
7097 2.112857e-10
7098 2.112265e-10
7099 2.111673e-10
7100 2.111081e-10
7101 2.110490e-10
7102 2.109899e-10
7103 2.109308e-10
7104 2.108718e-10
7105 2.108127e-10
7106 2.107537e-10
7107 2.106946e-10
7108 2.106355e-10
7109 2.105765e-10
7110 2.105175e-10
7111 2.104585e-10
7112 2.103995e-10
7113 2.103406e-10
7114 2.102816e-10
7115 2.102228e-10
7116 2.101639e-10
7117 2.101051e-10
7118 2.100462e-10
7119 2.099875e-10
7120 2.099287e-10
7121 2.098699e-10
7122 2.098112e-10
7123 2.097525e-10
7124 2.096939e-10
7125 2.096352e-10
7126 2.095766e-10
7127 2.095180e-10
7128 2.094595e-10
7129 2.094009e-10
7130 2.093424e-10
7131 2.092839e-10
7132 2.092254e-10
7133 2.091670e-10
7134 2.091086e-10
7135 2.090502e-10
7136 2.089918e-10
7137 2.089334e-10
7138 2.088751e-10
7139 2.088168e-10
7140 2.087586e-10
7141 2.087003e-10
7142 2.086421e-10
7143 2.085839e-10
7144 2.085257e-10
7145 2.084676e-10
7146 2.084094e-10
7147 2.083513e-10
7148 2.082932e-10
7149 2.082352e-10
7150 2.081772e-10
7151 2.081192e-10
7152 2.080612e-10
7153 2.080032e-10
7154 2.079453e-10
7155 2.078874e-10
7156 2.078295e-10
7157 2.077716e-10
7158 2.077138e-10
7159 2.076560e-10
7160 2.075982e-10
7161 2.075404e-10
7162 2.074827e-10
7163 2.074250e-10
7164 2.073673e-10
7165 2.073096e-10
7166 2.072520e-10
7167 2.071943e-10
7168 2.071368e-10
7169 2.070791e-10
7170 2.070215e-10
7171 2.069638e-10
7172 2.069062e-10
7173 2.068487e-10
7174 2.067911e-10
7175 2.067336e-10
7176 2.066761e-10
7177 2.066186e-10
7178 2.065611e-10
7179 2.065037e-10
7180 2.064463e-10
7181 2.063889e-10
7182 2.063316e-10
7183 2.062742e-10
7184 2.062169e-10
7185 2.061596e-10
7186 2.061024e-10
7187 2.060451e-10
7188 2.059879e-10
7189 2.059307e-10
7190 2.058735e-10
7191 2.058164e-10
7192 2.057593e-10
7193 2.057022e-10
7194 2.056451e-10
7195 2.055880e-10
7196 2.055310e-10
7197 2.054740e-10
7198 2.054170e-10
7199 2.053601e-10
7200 2.053031e-10
7201 2.052462e-10
7202 2.051893e-10
7203 2.051325e-10
7204 2.050756e-10
7205 2.050188e-10
7206 2.049620e-10
7207 2.049053e-10
7208 2.048485e-10
7209 2.047918e-10
7210 2.047351e-10
7211 2.046784e-10
7212 2.046218e-10
7213 2.045652e-10
7214 2.045086e-10
7215 2.044520e-10
7216 2.043954e-10
7217 2.043389e-10
7218 2.042824e-10
7219 2.042259e-10
7220 2.041695e-10
7221 2.041130e-10
7222 2.040566e-10
7223 2.040002e-10
7224 2.039438e-10
7225 2.038875e-10
7226 2.038312e-10
7227 2.037749e-10
7228 2.037186e-10
7229 2.036624e-10
7230 2.036061e-10
7231 2.035499e-10
7232 2.034937e-10
7233 2.034375e-10
7234 2.033813e-10
7235 2.033251e-10
7236 2.032689e-10
7237 2.032127e-10
7238 2.031566e-10
7239 2.031005e-10
7240 2.030444e-10
7241 2.029883e-10
7242 2.029322e-10
7243 2.028762e-10
7244 2.028202e-10
7245 2.027642e-10
7246 2.027083e-10
7247 2.026524e-10
7248 2.025965e-10
7249 2.025406e-10
7250 2.024847e-10
7251 2.024289e-10
7252 2.023731e-10
7253 2.023173e-10
7254 2.022615e-10
7255 2.022057e-10
7256 2.021500e-10
7257 2.020943e-10
7258 2.020387e-10
7259 2.019830e-10
7260 2.019274e-10
7261 2.018718e-10
7262 2.018162e-10
7263 2.017606e-10
7264 2.017051e-10
7265 2.016496e-10
7266 2.015941e-10
7267 2.015386e-10
7268 2.014831e-10
7269 2.014277e-10
7270 2.013723e-10
7271 2.013169e-10
7272 2.012616e-10
7273 2.012063e-10
7274 2.011509e-10
7275 2.010957e-10
7276 2.010404e-10
7277 2.009852e-10
7278 2.009299e-10
7279 2.008747e-10
7280 2.008196e-10
7281 2.007644e-10
7282 2.007093e-10
7283 2.006542e-10
7284 2.005991e-10
7285 2.005440e-10
7286 2.004890e-10
7287 2.004340e-10
7288 2.003790e-10
7289 2.003240e-10
7290 2.002691e-10
7291 2.002142e-10
7292 2.001593e-10
7293 2.001044e-10
7294 2.000495e-10
7295 1.999947e-10
7296 1.999399e-10
7297 1.998850e-10
7298 1.998302e-10
7299 1.997753e-10
7300 1.997205e-10
7301 1.996657e-10
7302 1.996109e-10
7303 1.995562e-10
7304 1.995015e-10
7305 1.994468e-10
7306 1.993921e-10
7307 1.993374e-10
7308 1.992828e-10
7309 1.992282e-10
7310 1.991736e-10
7311 1.991190e-10
7312 1.990645e-10
7313 1.990100e-10
7314 1.989554e-10
7315 1.989010e-10
7316 1.988465e-10
7317 1.987921e-10
7318 1.987377e-10
7319 1.986833e-10
7320 1.986289e-10
7321 1.985746e-10
7322 1.985202e-10
7323 1.984659e-10
7324 1.984117e-10
7325 1.983574e-10
7326 1.983032e-10
7327 1.982490e-10
7328 1.981948e-10
7329 1.981406e-10
7330 1.980865e-10
7331 1.980323e-10
7332 1.979782e-10
7333 1.979242e-10
7334 1.978701e-10
7335 1.978161e-10
7336 1.977621e-10
7337 1.977081e-10
7338 1.976541e-10
7339 1.976002e-10
7340 1.975462e-10
7341 1.974923e-10
7342 1.974385e-10
7343 1.973846e-10
7344 1.973308e-10
7345 1.972769e-10
7346 1.972232e-10
7347 1.971694e-10
7348 1.971156e-10
7349 1.970619e-10
7350 1.970082e-10
7351 1.969545e-10
7352 1.969009e-10
7353 1.968472e-10
7354 1.967936e-10
7355 1.967400e-10
7356 1.966864e-10
7357 1.966329e-10
7358 1.965794e-10
7359 1.965259e-10
7360 1.964724e-10
7361 1.964189e-10
7362 1.963654e-10
7363 1.963119e-10
7364 1.962584e-10
7365 1.962049e-10
7366 1.961515e-10
7367 1.960981e-10
7368 1.960447e-10
7369 1.959913e-10
7370 1.959379e-10
7371 1.958846e-10
7372 1.958313e-10
7373 1.957780e-10
7374 1.957247e-10
7375 1.956715e-10
7376 1.956182e-10
7377 1.955650e-10
7378 1.955118e-10
7379 1.954587e-10
7380 1.954055e-10
7381 1.953524e-10
7382 1.952993e-10
7383 1.952462e-10
7384 1.951932e-10
7385 1.951402e-10
7386 1.950871e-10
7387 1.950341e-10
7388 1.949812e-10
7389 1.949282e-10
7390 1.948753e-10
7391 1.948224e-10
7392 1.947695e-10
7393 1.947167e-10
7394 1.946638e-10
7395 1.946110e-10
7396 1.945582e-10
7397 1.945054e-10
7398 1.944527e-10
7399 1.943999e-10
7400 1.943472e-10
7401 1.942946e-10
7402 1.942419e-10
7403 1.941892e-10
7404 1.941366e-10
7405 1.940840e-10
7406 1.940314e-10
7407 1.939789e-10
7408 1.939263e-10
7409 1.938738e-10
7410 1.938213e-10
7411 1.937688e-10
7412 1.937164e-10
7413 1.936639e-10
7414 1.936115e-10
7415 1.935591e-10
7416 1.935068e-10
7417 1.934544e-10
7418 1.934021e-10
7419 1.933498e-10
7420 1.932975e-10
7421 1.932452e-10
7422 1.931930e-10
7423 1.931408e-10
7424 1.930886e-10
7425 1.930364e-10
7426 1.929842e-10
7427 1.929321e-10
7428 1.928799e-10
7429 1.928277e-10
7430 1.927755e-10
7431 1.927234e-10
7432 1.926713e-10
7433 1.926192e-10
7434 1.925671e-10
7435 1.925150e-10
7436 1.924630e-10
7437 1.924110e-10
7438 1.923590e-10
7439 1.923070e-10
7440 1.922551e-10
7441 1.922031e-10
7442 1.921512e-10
7443 1.920993e-10
7444 1.920475e-10
7445 1.919956e-10
7446 1.919438e-10
7447 1.918920e-10
7448 1.918402e-10
7449 1.917885e-10
7450 1.917367e-10
7451 1.916850e-10
7452 1.916333e-10
7453 1.915816e-10
7454 1.915300e-10
7455 1.914783e-10
7456 1.914267e-10
7457 1.913751e-10
7458 1.913235e-10
7459 1.912720e-10
7460 1.912205e-10
7461 1.911689e-10
7462 1.911174e-10
7463 1.910660e-10
7464 1.910145e-10
7465 1.909631e-10
7466 1.909117e-10
7467 1.908603e-10
7468 1.908089e-10
7469 1.907576e-10
7470 1.907063e-10
7471 1.906550e-10
7472 1.906037e-10
7473 1.905524e-10
7474 1.905012e-10
7475 1.904500e-10
7476 1.903987e-10
7477 1.903476e-10
7478 1.902964e-10
7479 1.902453e-10
7480 1.901941e-10
7481 1.901431e-10
7482 1.900920e-10
7483 1.900409e-10
7484 1.899899e-10
7485 1.899389e-10
7486 1.898879e-10
7487 1.898369e-10
7488 1.897859e-10
7489 1.897350e-10
7490 1.896841e-10
7491 1.896332e-10
7492 1.895823e-10
7493 1.895314e-10
7494 1.894805e-10
7495 1.894296e-10
7496 1.893787e-10
7497 1.893279e-10
7498 1.892770e-10
7499 1.892262e-10
7500 1.891754e-10
7501 1.891247e-10
7502 1.890739e-10
7503 1.890232e-10
7504 1.889725e-10
7505 1.889218e-10
7506 1.888711e-10
7507 1.888204e-10
7508 1.887698e-10
7509 1.887192e-10
7510 1.886686e-10
7511 1.886180e-10
7512 1.885675e-10
7513 1.885170e-10
7514 1.884664e-10
7515 1.884160e-10
7516 1.883655e-10
7517 1.883150e-10
7518 1.882646e-10
7519 1.882142e-10
7520 1.881638e-10
7521 1.881134e-10
7522 1.880631e-10
7523 1.880128e-10
7524 1.879625e-10
7525 1.879122e-10
7526 1.878619e-10
7527 1.878117e-10
7528 1.877614e-10
7529 1.877112e-10
7530 1.876610e-10
7531 1.876109e-10
7532 1.875607e-10
7533 1.875106e-10
7534 1.874605e-10
7535 1.874104e-10
7536 1.873603e-10
7537 1.873103e-10
7538 1.872603e-10
7539 1.872102e-10
7540 1.871603e-10
7541 1.871103e-10
7542 1.870603e-10
7543 1.870104e-10
7544 1.869605e-10
7545 1.869106e-10
7546 1.868608e-10
7547 1.868109e-10
7548 1.867611e-10
7549 1.867113e-10
7550 1.866615e-10
7551 1.866117e-10
7552 1.865620e-10
7553 1.865122e-10
7554 1.864625e-10
7555 1.864128e-10
7556 1.863632e-10
7557 1.863135e-10
7558 1.862639e-10
7559 1.862143e-10
7560 1.861646e-10
7561 1.861150e-10
7562 1.860653e-10
7563 1.860157e-10
7564 1.859661e-10
7565 1.859166e-10
7566 1.858670e-10
7567 1.858175e-10
7568 1.857680e-10
7569 1.857185e-10
7570 1.856690e-10
7571 1.856195e-10
7572 1.855701e-10
7573 1.855207e-10
7574 1.854713e-10
7575 1.854219e-10
7576 1.853726e-10
7577 1.853232e-10
7578 1.852739e-10
7579 1.852246e-10
7580 1.851753e-10
7581 1.851261e-10
7582 1.850768e-10
7583 1.850276e-10
7584 1.849784e-10
7585 1.849292e-10
7586 1.848801e-10
7587 1.848309e-10
7588 1.847818e-10
7589 1.847327e-10
7590 1.846836e-10
7591 1.846346e-10
7592 1.845855e-10
7593 1.845365e-10
7594 1.844875e-10
7595 1.844385e-10
7596 1.843895e-10
7597 1.843406e-10
7598 1.842917e-10
7599 1.842428e-10
7600 1.841939e-10
7601 1.841450e-10
7602 1.840961e-10
7603 1.840473e-10
7604 1.839985e-10
7605 1.839497e-10
7606 1.839009e-10
7607 1.838522e-10
7608 1.838035e-10
7609 1.837547e-10
7610 1.837061e-10
7611 1.836574e-10
7612 1.836087e-10
7613 1.835601e-10
7614 1.835115e-10
7615 1.834629e-10
7616 1.834143e-10
7617 1.833657e-10
7618 1.833172e-10
7619 1.832687e-10
7620 1.832202e-10
7621 1.831717e-10
7622 1.831232e-10
7623 1.830748e-10
7624 1.830264e-10
7625 1.829780e-10
7626 1.829296e-10
7627 1.828811e-10
7628 1.828327e-10
7629 1.827843e-10
7630 1.827359e-10
7631 1.826875e-10
7632 1.826392e-10
7633 1.825909e-10
7634 1.825425e-10
7635 1.824943e-10
7636 1.824460e-10
7637 1.823977e-10
7638 1.823495e-10
7639 1.823013e-10
7640 1.822531e-10
7641 1.822049e-10
7642 1.821567e-10
7643 1.821086e-10
7644 1.820605e-10
7645 1.820124e-10
7646 1.819643e-10
7647 1.819162e-10
7648 1.818682e-10
7649 1.818201e-10
7650 1.817721e-10
7651 1.817241e-10
7652 1.816762e-10
7653 1.816282e-10
7654 1.815803e-10
7655 1.815324e-10
7656 1.814845e-10
7657 1.814366e-10
7658 1.813887e-10
7659 1.813409e-10
7660 1.812931e-10
7661 1.812453e-10
7662 1.811975e-10
7663 1.811497e-10
7664 1.811020e-10
7665 1.810543e-10
7666 1.810066e-10
7667 1.809589e-10
7668 1.809112e-10
7669 1.808636e-10
7670 1.808159e-10
7671 1.807683e-10
7672 1.807207e-10
7673 1.806731e-10
7674 1.806256e-10
7675 1.805780e-10
7676 1.805305e-10
7677 1.804830e-10
7678 1.804355e-10
7679 1.803881e-10
7680 1.803406e-10
7681 1.802932e-10
7682 1.802458e-10
7683 1.801984e-10
7684 1.801510e-10
7685 1.801037e-10
7686 1.800564e-10
7687 1.800090e-10
7688 1.799618e-10
7689 1.799145e-10
7690 1.798672e-10
7691 1.798200e-10
7692 1.797728e-10
7693 1.797256e-10
7694 1.796784e-10
7695 1.796311e-10
7696 1.795839e-10
7697 1.795367e-10
7698 1.794895e-10
7699 1.794423e-10
7700 1.793952e-10
7701 1.793481e-10
7702 1.793009e-10
7703 1.792539e-10
7704 1.792068e-10
7705 1.791597e-10
7706 1.791127e-10
7707 1.790657e-10
7708 1.790187e-10
7709 1.789717e-10
7710 1.789247e-10
7711 1.788778e-10
7712 1.788308e-10
7713 1.787839e-10
7714 1.787370e-10
7715 1.786902e-10
7716 1.786433e-10
7717 1.785965e-10
7718 1.785497e-10
7719 1.785029e-10
7720 1.784561e-10
7721 1.784093e-10
7722 1.783626e-10
7723 1.783158e-10
7724 1.782691e-10
7725 1.782224e-10
7726 1.781758e-10
7727 1.781291e-10
7728 1.780825e-10
7729 1.780359e-10
7730 1.779893e-10
7731 1.779427e-10
7732 1.778961e-10
7733 1.778496e-10
7734 1.778030e-10
7735 1.777565e-10
7736 1.777100e-10
7737 1.776636e-10
7738 1.776171e-10
7739 1.775707e-10
7740 1.775243e-10
7741 1.774779e-10
7742 1.774315e-10
7743 1.773851e-10
7744 1.773388e-10
7745 1.772925e-10
7746 1.772462e-10
7747 1.771999e-10
7748 1.771536e-10
7749 1.771073e-10
7750 1.770611e-10
7751 1.770149e-10
7752 1.769687e-10
7753 1.769225e-10
7754 1.768763e-10
7755 1.768302e-10
7756 1.767841e-10
7757 1.767379e-10
7758 1.766919e-10
7759 1.766458e-10
7760 1.765997e-10
7761 1.765537e-10
7762 1.765077e-10
7763 1.764616e-10
7764 1.764156e-10
7765 1.763695e-10
7766 1.763235e-10
7767 1.762775e-10
7768 1.762315e-10
7769 1.761855e-10
7770 1.761396e-10
7771 1.760937e-10
7772 1.760477e-10
7773 1.760018e-10
7774 1.759560e-10
7775 1.759101e-10
7776 1.758643e-10
7777 1.758184e-10
7778 1.757726e-10
7779 1.757268e-10
7780 1.756811e-10
7781 1.756353e-10
7782 1.755896e-10
7783 1.755438e-10
7784 1.754981e-10
7785 1.754525e-10
7786 1.754068e-10
7787 1.753611e-10
7788 1.753155e-10
7789 1.752699e-10
7790 1.752243e-10
7791 1.751787e-10
7792 1.751332e-10
7793 1.750876e-10
7794 1.750421e-10
7795 1.749966e-10
7796 1.749511e-10
7797 1.749056e-10
7798 1.748602e-10
7799 1.748147e-10
7800 1.747693e-10
7801 1.747239e-10
7802 1.746785e-10
7803 1.746332e-10
7804 1.745878e-10
7805 1.745425e-10
7806 1.744972e-10
7807 1.744519e-10
7808 1.744066e-10
7809 1.743614e-10
7810 1.743161e-10
7811 1.742709e-10
7812 1.742257e-10
7813 1.741805e-10
7814 1.741353e-10
7815 1.740902e-10
7816 1.740450e-10
7817 1.739999e-10
7818 1.739548e-10
7819 1.739097e-10
7820 1.738646e-10
7821 1.738196e-10
7822 1.737746e-10
7823 1.737296e-10
7824 1.736846e-10
7825 1.736396e-10
7826 1.735946e-10
7827 1.735497e-10
7828 1.735047e-10
7829 1.734598e-10
7830 1.734149e-10
7831 1.733701e-10
7832 1.733251e-10
7833 1.732802e-10
7834 1.732353e-10
7835 1.731905e-10
7836 1.731456e-10
7837 1.731008e-10
7838 1.730559e-10
7839 1.730111e-10
7840 1.729663e-10
7841 1.729216e-10
7842 1.728768e-10
7843 1.728321e-10
7844 1.727873e-10
7845 1.727426e-10
7846 1.726979e-10
7847 1.726533e-10
7848 1.726086e-10
7849 1.725640e-10
7850 1.725194e-10
7851 1.724748e-10
7852 1.724302e-10
7853 1.723856e-10
7854 1.723411e-10
7855 1.722965e-10
7856 1.722520e-10
7857 1.722075e-10
7858 1.721630e-10
7859 1.721186e-10
7860 1.720741e-10
7861 1.720297e-10
7862 1.719853e-10
7863 1.719409e-10
7864 1.718965e-10
7865 1.718521e-10
7866 1.718078e-10
7867 1.717635e-10
7868 1.717191e-10
7869 1.716749e-10
7870 1.716306e-10
7871 1.715863e-10
7872 1.715421e-10
7873 1.714979e-10
7874 1.714536e-10
7875 1.714095e-10
7876 1.713653e-10
7877 1.713211e-10
7878 1.712770e-10
7879 1.712329e-10
7880 1.711887e-10
7881 1.711447e-10
7882 1.711006e-10
7883 1.710565e-10
7884 1.710125e-10
7885 1.709685e-10
7886 1.709245e-10
7887 1.708805e-10
7888 1.708365e-10
7889 1.707926e-10
7890 1.707486e-10
7891 1.707047e-10
7892 1.706608e-10
7893 1.706169e-10
7894 1.705730e-10
7895 1.705292e-10
7896 1.704853e-10
7897 1.704415e-10
7898 1.703977e-10
7899 1.703539e-10
7900 1.703102e-10
7901 1.702664e-10
7902 1.702226e-10
7903 1.701788e-10
7904 1.701350e-10
7905 1.700913e-10
7906 1.700476e-10
7907 1.700038e-10
7908 1.699601e-10
7909 1.699164e-10
7910 1.698728e-10
7911 1.698291e-10
7912 1.697855e-10
7913 1.697419e-10
7914 1.696983e-10
7915 1.696547e-10
7916 1.696111e-10
7917 1.695675e-10
7918 1.695240e-10
7919 1.694805e-10
7920 1.694370e-10
7921 1.693935e-10
7922 1.693500e-10
7923 1.693066e-10
7924 1.692631e-10
7925 1.692197e-10
7926 1.691763e-10
7927 1.691329e-10
7928 1.690896e-10
7929 1.690462e-10
7930 1.690029e-10
7931 1.689595e-10
7932 1.689162e-10
7933 1.688730e-10
7934 1.688297e-10
7935 1.687864e-10
7936 1.687432e-10
7937 1.687000e-10
7938 1.686568e-10
7939 1.686136e-10
7940 1.685704e-10
7941 1.685273e-10
7942 1.684841e-10
7943 1.684410e-10
7944 1.683979e-10
7945 1.683548e-10
7946 1.683117e-10
7947 1.682687e-10
7948 1.682256e-10
7949 1.681826e-10
7950 1.681396e-10
7951 1.680966e-10
7952 1.680536e-10
7953 1.680107e-10
7954 1.679677e-10
7955 1.679248e-10
7956 1.678819e-10
7957 1.678390e-10
7958 1.677961e-10
7959 1.677533e-10
7960 1.677104e-10
7961 1.676676e-10
7962 1.676248e-10
7963 1.675820e-10
7964 1.675392e-10
7965 1.674964e-10
7966 1.674537e-10
7967 1.674110e-10
7968 1.673683e-10
7969 1.673256e-10
7970 1.672829e-10
7971 1.672402e-10
7972 1.671975e-10
7973 1.671548e-10
7974 1.671121e-10
7975 1.670695e-10
7976 1.670268e-10
7977 1.669842e-10
7978 1.669416e-10
7979 1.668990e-10
7980 1.668564e-10
7981 1.668138e-10
7982 1.667713e-10
7983 1.667287e-10
7984 1.666862e-10
7985 1.666437e-10
7986 1.666012e-10
7987 1.665587e-10
7988 1.665163e-10
7989 1.664738e-10
7990 1.664314e-10
7991 1.663890e-10
7992 1.663466e-10
7993 1.663042e-10
7994 1.662619e-10
7995 1.662195e-10
7996 1.661772e-10
7997 1.661349e-10
7998 1.660926e-10
7999 1.660503e-10
8000 1.660081e-10
8001 1.659658e-10
8002 1.659236e-10
8003 1.658814e-10
8004 1.658392e-10
8005 1.657970e-10
8006 1.657548e-10
8007 1.657127e-10
8008 1.656705e-10
8009 1.656284e-10
8010 1.655863e-10
8011 1.655442e-10
8012 1.655022e-10
8013 1.654601e-10
8014 1.654181e-10
8015 1.653760e-10
8016 1.653340e-10
8017 1.652920e-10
8018 1.652501e-10
8019 1.652081e-10
8020 1.651662e-10
8021 1.651242e-10
8022 1.650823e-10
8023 1.650404e-10
8024 1.649985e-10
8025 1.649567e-10
8026 1.649148e-10
8027 1.648730e-10
8028 1.648312e-10
8029 1.647894e-10
8030 1.647476e-10
8031 1.647058e-10
8032 1.646641e-10
8033 1.646223e-10
8034 1.645806e-10
8035 1.645389e-10
8036 1.644972e-10
8037 1.644555e-10
8038 1.644139e-10
8039 1.643722e-10
8040 1.643306e-10
8041 1.642890e-10
8042 1.642474e-10
8043 1.642058e-10
8044 1.641641e-10
8045 1.641225e-10
8046 1.640809e-10
8047 1.640393e-10
8048 1.639978e-10
8049 1.639562e-10
8050 1.639147e-10
8051 1.638732e-10
8052 1.638317e-10
8053 1.637902e-10
8054 1.637487e-10
8055 1.637072e-10
8056 1.636658e-10
8057 1.636244e-10
8058 1.635830e-10
8059 1.635416e-10
8060 1.635002e-10
8061 1.634588e-10
8062 1.634175e-10
8063 1.633762e-10
8064 1.633348e-10
8065 1.632935e-10
8066 1.632523e-10
8067 1.632110e-10
8068 1.631697e-10
8069 1.631285e-10
8070 1.630873e-10
8071 1.630461e-10
8072 1.630049e-10
8073 1.629637e-10
8074 1.629225e-10
8075 1.628814e-10
8076 1.628403e-10
8077 1.627991e-10
8078 1.627580e-10
8079 1.627170e-10
8080 1.626759e-10
8081 1.626348e-10
8082 1.625938e-10
8083 1.625528e-10
8084 1.625118e-10
8085 1.624708e-10
8086 1.624298e-10
8087 1.623889e-10
8088 1.623479e-10
8089 1.623070e-10
8090 1.622661e-10
8091 1.622252e-10
8092 1.621843e-10
8093 1.621434e-10
8094 1.621026e-10
8095 1.620617e-10
8096 1.620209e-10
8097 1.619801e-10
8098 1.619393e-10
8099 1.618985e-10
8100 1.618578e-10
8101 1.618170e-10
8102 1.617763e-10
8103 1.617356e-10
8104 1.616949e-10
8105 1.616542e-10
8106 1.616135e-10
8107 1.615729e-10
8108 1.615322e-10
8109 1.614916e-10
8110 1.614510e-10
8111 1.614104e-10
8112 1.613698e-10
8113 1.613293e-10
8114 1.612887e-10
8115 1.612481e-10
8116 1.612075e-10
8117 1.611670e-10
8118 1.611264e-10
8119 1.610859e-10
8120 1.610454e-10
8121 1.610049e-10
8122 1.609644e-10
8123 1.609239e-10
8124 1.608834e-10
8125 1.608430e-10
8126 1.608026e-10
8127 1.607622e-10
8128 1.607218e-10
8129 1.606814e-10
8130 1.606410e-10
8131 1.606007e-10
8132 1.605603e-10
8133 1.605200e-10
8134 1.604797e-10
8135 1.604394e-10
8136 1.603991e-10
8137 1.603589e-10
8138 1.603186e-10
8139 1.602784e-10
8140 1.602382e-10
8141 1.601980e-10
8142 1.601578e-10
8143 1.601176e-10
8144 1.600775e-10
8145 1.600373e-10
8146 1.599972e-10
8147 1.599571e-10
8148 1.599170e-10
8149 1.598769e-10
8150 1.598368e-10
8151 1.597968e-10
8152 1.597568e-10
8153 1.597167e-10
8154 1.596767e-10
8155 1.596367e-10
8156 1.595968e-10
8157 1.595568e-10
8158 1.595168e-10
8159 1.594769e-10
8160 1.594370e-10
8161 1.593971e-10
8162 1.593572e-10
8163 1.593173e-10
8164 1.592775e-10
8165 1.592376e-10
8166 1.591978e-10
8167 1.591580e-10
8168 1.591182e-10
8169 1.590784e-10
8170 1.590387e-10
8171 1.589989e-10
8172 1.589592e-10
8173 1.589194e-10
8174 1.588797e-10
8175 1.588400e-10
8176 1.588004e-10
8177 1.587607e-10
8178 1.587210e-10
8179 1.586814e-10
8180 1.586418e-10
8181 1.586022e-10
8182 1.585626e-10
8183 1.585230e-10
8184 1.584834e-10
8185 1.584439e-10
8186 1.584043e-10
8187 1.583648e-10
8188 1.583252e-10
8189 1.582856e-10
8190 1.582461e-10
8191 1.582066e-10
8192 1.581671e-10
8193 1.581276e-10
8194 1.580881e-10
8195 1.580487e-10
8196 1.580092e-10
8197 1.579698e-10
8198 1.579304e-10
8199 1.578910e-10
8200 1.578516e-10
8201 1.578122e-10
8202 1.577729e-10
8203 1.577335e-10
8204 1.576942e-10
8205 1.576549e-10
8206 1.576156e-10
8207 1.575763e-10
8208 1.575370e-10
8209 1.574978e-10
8210 1.574585e-10
8211 1.574193e-10
8212 1.573801e-10
8213 1.573409e-10
8214 1.573017e-10
8215 1.572625e-10
8216 1.572234e-10
8217 1.571842e-10
8218 1.571451e-10
8219 1.571060e-10
8220 1.570669e-10
8221 1.570278e-10
8222 1.569888e-10
8223 1.569497e-10
8224 1.569107e-10
8225 1.568717e-10
8226 1.568327e-10
8227 1.567937e-10
8228 1.567547e-10
8229 1.567157e-10
8230 1.566768e-10
8231 1.566378e-10
8232 1.565989e-10
8233 1.565600e-10
8234 1.565211e-10
8235 1.564822e-10
8236 1.564434e-10
8237 1.564045e-10
8238 1.563657e-10
8239 1.563268e-10
8240 1.562880e-10
8241 1.562492e-10
8242 1.562105e-10
8243 1.561717e-10
8244 1.561330e-10
8245 1.560942e-10
8246 1.560555e-10
8247 1.560168e-10
8248 1.559781e-10
8249 1.559394e-10
8250 1.559008e-10
8251 1.558621e-10
8252 1.558235e-10
8253 1.557849e-10
8254 1.557462e-10
8255 1.557077e-10
8256 1.556691e-10
8257 1.556305e-10
8258 1.555920e-10
8259 1.555534e-10
8260 1.555148e-10
8261 1.554762e-10
8262 1.554377e-10
8263 1.553991e-10
8264 1.553606e-10
8265 1.553221e-10
8266 1.552836e-10
8267 1.552451e-10
8268 1.552067e-10
8269 1.551682e-10
8270 1.551298e-10
8271 1.550914e-10
8272 1.550530e-10
8273 1.550146e-10
8274 1.549762e-10
8275 1.549378e-10
8276 1.548995e-10
8277 1.548611e-10
8278 1.548228e-10
8279 1.547845e-10
8280 1.547462e-10
8281 1.547079e-10
8282 1.546696e-10
8283 1.546314e-10
8284 1.545931e-10
8285 1.545549e-10
8286 1.545167e-10
8287 1.544785e-10
8288 1.544403e-10
8289 1.544022e-10
8290 1.543640e-10
8291 1.543259e-10
8292 1.542877e-10
8293 1.542496e-10
8294 1.542115e-10
8295 1.541734e-10
8296 1.541354e-10
8297 1.540973e-10
8298 1.540593e-10
8299 1.540212e-10
8300 1.539832e-10
8301 1.539452e-10
8302 1.539072e-10
8303 1.538693e-10
8304 1.538313e-10
8305 1.537933e-10
8306 1.537554e-10
8307 1.537175e-10
8308 1.536796e-10
8309 1.536417e-10
8310 1.536038e-10
8311 1.535660e-10
8312 1.535281e-10
8313 1.534903e-10
8314 1.534525e-10
8315 1.534147e-10
8316 1.533769e-10
8317 1.533391e-10
8318 1.533013e-10
8319 1.532636e-10
8320 1.532258e-10
8321 1.531881e-10
8322 1.531504e-10
8323 1.531127e-10
8324 1.530750e-10
8325 1.530373e-10
8326 1.529997e-10
8327 1.529621e-10
8328 1.529244e-10
8329 1.528868e-10
8330 1.528492e-10
8331 1.528116e-10
8332 1.527740e-10
8333 1.527364e-10
8334 1.526988e-10
8335 1.526612e-10
8336 1.526237e-10
8337 1.525861e-10
8338 1.525486e-10
8339 1.525110e-10
8340 1.524735e-10
8341 1.524360e-10
8342 1.523985e-10
8343 1.523610e-10
8344 1.523236e-10
8345 1.522861e-10
8346 1.522487e-10
8347 1.522113e-10
8348 1.521739e-10
8349 1.521365e-10
8350 1.520991e-10
8351 1.520617e-10
8352 1.520244e-10
8353 1.519870e-10
8354 1.519497e-10
8355 1.519124e-10
8356 1.518751e-10
8357 1.518378e-10
8358 1.518005e-10
8359 1.517633e-10
8360 1.517260e-10
8361 1.516888e-10
8362 1.516516e-10
8363 1.516144e-10
8364 1.515772e-10
8365 1.515400e-10
8366 1.515028e-10
8367 1.514657e-10
8368 1.514286e-10
8369 1.513914e-10
8370 1.513543e-10
8371 1.513172e-10
8372 1.512801e-10
8373 1.512431e-10
8374 1.512060e-10
8375 1.511690e-10
8376 1.511319e-10
8377 1.510949e-10
8378 1.510579e-10
8379 1.510209e-10
8380 1.509840e-10
8381 1.509470e-10
8382 1.509101e-10
8383 1.508731e-10
8384 1.508362e-10
8385 1.507993e-10
8386 1.507624e-10
8387 1.507255e-10
8388 1.506887e-10
8389 1.506518e-10
8390 1.506150e-10
8391 1.505781e-10
8392 1.505413e-10
8393 1.505045e-10
8394 1.504677e-10
8395 1.504310e-10
8396 1.503942e-10
8397 1.503575e-10
8398 1.503207e-10
8399 1.502840e-10
8400 1.502473e-10
8401 1.502106e-10
8402 1.501739e-10
8403 1.501373e-10
8404 1.501006e-10
8405 1.500640e-10
8406 1.500273e-10
8407 1.499907e-10
8408 1.499540e-10
8409 1.499174e-10
8410 1.498807e-10
8411 1.498441e-10
8412 1.498075e-10
8413 1.497709e-10
8414 1.497344e-10
8415 1.496978e-10
8416 1.496613e-10
8417 1.496247e-10
8418 1.495882e-10
8419 1.495517e-10
8420 1.495152e-10
8421 1.494787e-10
8422 1.494423e-10
8423 1.494058e-10
8424 1.493694e-10
8425 1.493329e-10
8426 1.492965e-10
8427 1.492601e-10
8428 1.492237e-10
8429 1.491874e-10
8430 1.491510e-10
8431 1.491146e-10
8432 1.490783e-10
8433 1.490420e-10
8434 1.490057e-10
8435 1.489694e-10
8436 1.489331e-10
8437 1.488968e-10
8438 1.488606e-10
8439 1.488243e-10
8440 1.487881e-10
8441 1.487519e-10
8442 1.487157e-10
8443 1.486795e-10
8444 1.486433e-10
8445 1.486071e-10
8446 1.485710e-10
8447 1.485349e-10
8448 1.484987e-10
8449 1.484626e-10
8450 1.484265e-10
8451 1.483904e-10
8452 1.483544e-10
8453 1.483183e-10
8454 1.482823e-10
8455 1.482462e-10
8456 1.482102e-10
8457 1.481742e-10
8458 1.481382e-10
8459 1.481022e-10
8460 1.480662e-10
8461 1.480303e-10
8462 1.479943e-10
8463 1.479584e-10
8464 1.479225e-10
8465 1.478866e-10
8466 1.478507e-10
8467 1.478148e-10
8468 1.477790e-10
8469 1.477431e-10
8470 1.477073e-10
8471 1.476714e-10
8472 1.476356e-10
8473 1.475998e-10
8474 1.475640e-10
8475 1.475283e-10
8476 1.474925e-10
8477 1.474567e-10
8478 1.474210e-10
8479 1.473853e-10
8480 1.473496e-10
8481 1.473138e-10
8482 1.472781e-10
8483 1.472424e-10
8484 1.472067e-10
8485 1.471710e-10
8486 1.471353e-10
8487 1.470996e-10
8488 1.470639e-10
8489 1.470283e-10
8490 1.469927e-10
8491 1.469570e-10
8492 1.469214e-10
8493 1.468858e-10
8494 1.468503e-10
8495 1.468147e-10
8496 1.467791e-10
8497 1.467436e-10
8498 1.467081e-10
8499 1.466725e-10
8500 1.466370e-10
8501 1.466015e-10
8502 1.465661e-10
8503 1.465306e-10
8504 1.464951e-10
8505 1.464597e-10
8506 1.464243e-10
8507 1.463888e-10
8508 1.463534e-10
8509 1.463180e-10
8510 1.462827e-10
8511 1.462473e-10
8512 1.462119e-10
8513 1.461766e-10
8514 1.461413e-10
8515 1.461060e-10
8516 1.460707e-10
8517 1.460354e-10
8518 1.460001e-10
8519 1.459648e-10
8520 1.459296e-10
8521 1.458943e-10
8522 1.458591e-10
8523 1.458239e-10
8524 1.457887e-10
8525 1.457535e-10
8526 1.457183e-10
8527 1.456832e-10
8528 1.456480e-10
8529 1.456129e-10
8530 1.455778e-10
8531 1.455426e-10
8532 1.455075e-10
8533 1.454725e-10
8534 1.454374e-10
8535 1.454023e-10
8536 1.453673e-10
8537 1.453322e-10
8538 1.452972e-10
8539 1.452622e-10
8540 1.452272e-10
8541 1.451922e-10
8542 1.451572e-10
8543 1.451223e-10
8544 1.450873e-10
8545 1.450524e-10
8546 1.450175e-10
8547 1.449825e-10
8548 1.449476e-10
8549 1.449128e-10
8550 1.448779e-10
8551 1.448430e-10
8552 1.448082e-10
8553 1.447733e-10
8554 1.447385e-10
8555 1.447037e-10
8556 1.446689e-10
8557 1.446340e-10
8558 1.445992e-10
8559 1.445644e-10
8560 1.445296e-10
8561 1.444948e-10
8562 1.444600e-10
8563 1.444253e-10
8564 1.443905e-10
8565 1.443558e-10
8566 1.443210e-10
8567 1.442863e-10
8568 1.442516e-10
8569 1.442169e-10
8570 1.441823e-10
8571 1.441476e-10
8572 1.441130e-10
8573 1.440783e-10
8574 1.440437e-10
8575 1.440091e-10
8576 1.439745e-10
8577 1.439399e-10
8578 1.439053e-10
8579 1.438707e-10
8580 1.438362e-10
8581 1.438016e-10
8582 1.437671e-10
8583 1.437326e-10
8584 1.436981e-10
8585 1.436636e-10
8586 1.436291e-10
8587 1.435947e-10
8588 1.435602e-10
8589 1.435258e-10
8590 1.434913e-10
8591 1.434569e-10
8592 1.434225e-10
8593 1.433881e-10
8594 1.433537e-10
8595 1.433194e-10
8596 1.432850e-10
8597 1.432507e-10
8598 1.432163e-10
8599 1.431820e-10
8600 1.431477e-10
8601 1.431134e-10
8602 1.430791e-10
8603 1.430449e-10
8604 1.430106e-10
8605 1.429764e-10
8606 1.429421e-10
8607 1.429079e-10
8608 1.428737e-10
8609 1.428395e-10
8610 1.428053e-10
8611 1.427711e-10
8612 1.427370e-10
8613 1.427028e-10
8614 1.426687e-10
8615 1.426346e-10
8616 1.426004e-10
8617 1.425663e-10
8618 1.425323e-10
8619 1.424982e-10
8620 1.424641e-10
8621 1.424301e-10
8622 1.423960e-10
8623 1.423620e-10
8624 1.423280e-10
8625 1.422940e-10
8626 1.422600e-10
8627 1.422260e-10
8628 1.421920e-10
8629 1.421581e-10
8630 1.421241e-10
8631 1.420902e-10
8632 1.420563e-10
8633 1.420223e-10
8634 1.419884e-10
8635 1.419544e-10
8636 1.419205e-10
8637 1.418866e-10
8638 1.418527e-10
8639 1.418188e-10
8640 1.417850e-10
8641 1.417511e-10
8642 1.417172e-10
8643 1.416834e-10
8644 1.416496e-10
8645 1.416158e-10
8646 1.415820e-10
8647 1.415482e-10
8648 1.415144e-10
8649 1.414806e-10
8650 1.414469e-10
8651 1.414132e-10
8652 1.413794e-10
8653 1.413457e-10
8654 1.413120e-10
8655 1.412783e-10
8656 1.412446e-10
8657 1.412110e-10
8658 1.411773e-10
8659 1.411437e-10
8660 1.411100e-10
8661 1.410764e-10
8662 1.410428e-10
8663 1.410092e-10
8664 1.409756e-10
8665 1.409420e-10
8666 1.409085e-10
8667 1.408749e-10
8668 1.408414e-10
8669 1.408079e-10
8670 1.407744e-10
8671 1.407409e-10
8672 1.407074e-10
8673 1.406739e-10
8674 1.406404e-10
8675 1.406070e-10
8676 1.405735e-10
8677 1.405401e-10
8678 1.405067e-10
8679 1.404733e-10
8680 1.404399e-10
8681 1.404065e-10
8682 1.403731e-10
8683 1.403397e-10
8684 1.403064e-10
8685 1.402731e-10
8686 1.402397e-10
8687 1.402064e-10
8688 1.401731e-10
8689 1.401398e-10
8690 1.401066e-10
8691 1.400733e-10
8692 1.400400e-10
8693 1.400068e-10
8694 1.399736e-10
8695 1.399403e-10
8696 1.399071e-10
8697 1.398739e-10
8698 1.398408e-10
8699 1.398076e-10
8700 1.397744e-10
8701 1.397413e-10
8702 1.397081e-10
8703 1.396750e-10
8704 1.396419e-10
8705 1.396088e-10
8706 1.395757e-10
8707 1.395426e-10
8708 1.395095e-10
8709 1.394765e-10
8710 1.394434e-10
8711 1.394103e-10
8712 1.393772e-10
8713 1.393442e-10
8714 1.393111e-10
8715 1.392781e-10
8716 1.392451e-10
8717 1.392121e-10
8718 1.391791e-10
8719 1.391461e-10
8720 1.391131e-10
8721 1.390801e-10
8722 1.390472e-10
8723 1.390142e-10
8724 1.389813e-10
8725 1.389484e-10
8726 1.389155e-10
8727 1.388826e-10
8728 1.388497e-10
8729 1.388168e-10
8730 1.387840e-10
8731 1.387511e-10
8732 1.387183e-10
8733 1.386855e-10
8734 1.386527e-10
8735 1.386199e-10
8736 1.385871e-10
8737 1.385543e-10
8738 1.385215e-10
8739 1.384888e-10
8740 1.384560e-10
8741 1.384233e-10
8742 1.383906e-10
8743 1.383579e-10
8744 1.383252e-10
8745 1.382925e-10
8746 1.382598e-10
8747 1.382271e-10
8748 1.381945e-10
8749 1.381618e-10
8750 1.381292e-10
8751 1.380966e-10
8752 1.380640e-10
8753 1.380314e-10
8754 1.379988e-10
8755 1.379662e-10
8756 1.379337e-10
8757 1.379011e-10
8758 1.378686e-10
8759 1.378361e-10
8760 1.378035e-10
8761 1.377710e-10
8762 1.377385e-10
8763 1.377061e-10
8764 1.376736e-10
8765 1.376411e-10
8766 1.376087e-10
8767 1.375763e-10
8768 1.375438e-10
8769 1.375114e-10
8770 1.374790e-10
8771 1.374466e-10
8772 1.374142e-10
8773 1.373819e-10
8774 1.373495e-10
8775 1.373172e-10
8776 1.372848e-10
8777 1.372525e-10
8778 1.372202e-10
8779 1.371879e-10
8780 1.371556e-10
8781 1.371233e-10
8782 1.370911e-10
8783 1.370588e-10
8784 1.370266e-10
8785 1.369943e-10
8786 1.369621e-10
8787 1.369299e-10
8788 1.368976e-10
8789 1.368654e-10
8790 1.368332e-10
8791 1.368009e-10
8792 1.367687e-10
8793 1.367366e-10
8794 1.367044e-10
8795 1.366722e-10
8796 1.366401e-10
8797 1.366079e-10
8798 1.365758e-10
8799 1.365437e-10
8800 1.365116e-10
8801 1.364795e-10
8802 1.364474e-10
8803 1.364153e-10
8804 1.363832e-10
8805 1.363512e-10
8806 1.363191e-10
8807 1.362871e-10
8808 1.362551e-10
8809 1.362231e-10
8810 1.361911e-10
8811 1.361591e-10
8812 1.361271e-10
8813 1.360952e-10
8814 1.360632e-10
8815 1.360313e-10
8816 1.359993e-10
8817 1.359674e-10
8818 1.359355e-10
8819 1.359036e-10
8820 1.358717e-10
8821 1.358399e-10
8822 1.358080e-10
8823 1.357761e-10
8824 1.357443e-10
8825 1.357125e-10
8826 1.356806e-10
8827 1.356488e-10
8828 1.356170e-10
8829 1.355853e-10
8830 1.355535e-10
8831 1.355217e-10
8832 1.354900e-10
8833 1.354582e-10
8834 1.354265e-10
8835 1.353948e-10
8836 1.353631e-10
8837 1.353314e-10
8838 1.352997e-10
8839 1.352680e-10
8840 1.352363e-10
8841 1.352047e-10
8842 1.351730e-10
8843 1.351414e-10
8844 1.351098e-10
8845 1.350782e-10
8846 1.350466e-10
8847 1.350150e-10
8848 1.349834e-10
8849 1.349518e-10
8850 1.349203e-10
8851 1.348887e-10
8852 1.348572e-10
8853 1.348257e-10
8854 1.347942e-10
8855 1.347627e-10
8856 1.347312e-10
8857 1.346997e-10
8858 1.346682e-10
8859 1.346368e-10
8860 1.346053e-10
8861 1.345739e-10
8862 1.345425e-10
8863 1.345111e-10
8864 1.344796e-10
8865 1.344482e-10
8866 1.344168e-10
8867 1.343854e-10
8868 1.343540e-10
8869 1.343226e-10
8870 1.342912e-10
8871 1.342598e-10
8872 1.342285e-10
8873 1.341971e-10
8874 1.341658e-10
8875 1.341345e-10
8876 1.341031e-10
8877 1.340718e-10
8878 1.340405e-10
8879 1.340093e-10
8880 1.339780e-10
8881 1.339467e-10
8882 1.339155e-10
8883 1.338842e-10
8884 1.338530e-10
8885 1.338218e-10
8886 1.337906e-10
8887 1.337594e-10
8888 1.337282e-10
8889 1.336970e-10
8890 1.336659e-10
8891 1.336347e-10
8892 1.336036e-10
8893 1.335724e-10
8894 1.335413e-10
8895 1.335102e-10
8896 1.334791e-10
8897 1.334480e-10
8898 1.334169e-10
8899 1.333859e-10
8900 1.333548e-10
8901 1.333238e-10
8902 1.332927e-10
8903 1.332617e-10
8904 1.332307e-10
8905 1.331997e-10
8906 1.331687e-10
8907 1.331377e-10
8908 1.331067e-10
8909 1.330758e-10
8910 1.330448e-10
8911 1.330139e-10
8912 1.329830e-10
8913 1.329521e-10
8914 1.329211e-10
8915 1.328902e-10
8916 1.328594e-10
8917 1.328285e-10
8918 1.327976e-10
8919 1.327668e-10
8920 1.327359e-10
8921 1.327051e-10
8922 1.326743e-10
8923 1.326435e-10
8924 1.326127e-10
8925 1.325819e-10
8926 1.325511e-10
8927 1.325203e-10
8928 1.324896e-10
8929 1.324588e-10
8930 1.324281e-10
8931 1.323973e-10
8932 1.323666e-10
8933 1.323359e-10
8934 1.323052e-10
8935 1.322745e-10
8936 1.322439e-10
8937 1.322132e-10
8938 1.321826e-10
8939 1.321519e-10
8940 1.321213e-10
8941 1.320907e-10
8942 1.320601e-10
8943 1.320294e-10
8944 1.319988e-10
8945 1.319682e-10
8946 1.319376e-10
8947 1.319070e-10
8948 1.318764e-10
8949 1.318458e-10
8950 1.318152e-10
8951 1.317847e-10
8952 1.317541e-10
8953 1.317236e-10
8954 1.316931e-10
8955 1.316625e-10
8956 1.316320e-10
8957 1.316015e-10
8958 1.315711e-10
8959 1.315406e-10
8960 1.315101e-10
8961 1.314797e-10
8962 1.314492e-10
8963 1.314188e-10
8964 1.313884e-10
8965 1.313580e-10
8966 1.313276e-10
8967 1.312972e-10
8968 1.312668e-10
8969 1.312364e-10
8970 1.312061e-10
8971 1.311757e-10
8972 1.311454e-10
8973 1.311150e-10
8974 1.310847e-10
8975 1.310544e-10
8976 1.310241e-10
8977 1.309938e-10
8978 1.309636e-10
8979 1.309333e-10
8980 1.309030e-10
8981 1.308728e-10
8982 1.308426e-10
8983 1.308123e-10
8984 1.307821e-10
8985 1.307519e-10
8986 1.307217e-10
8987 1.306915e-10
8988 1.306614e-10
8989 1.306312e-10
8990 1.306011e-10
8991 1.305709e-10
8992 1.305408e-10
8993 1.305107e-10
8994 1.304805e-10
8995 1.304504e-10
8996 1.304204e-10
8997 1.303903e-10
8998 1.303602e-10
8999 1.303301e-10
9000 1.303001e-10
9001 1.302701e-10
9002 1.302400e-10
9003 1.302100e-10
9004 1.301800e-10
9005 1.301500e-10
9006 1.301200e-10
9007 1.300900e-10
9008 1.300601e-10
9009 1.300301e-10
9010 1.300002e-10
9011 1.299702e-10
9012 1.299403e-10
9013 1.299104e-10
9014 1.298805e-10
9015 1.298506e-10
9016 1.298207e-10
9017 1.297908e-10
9018 1.297610e-10
9019 1.297311e-10
9020 1.297013e-10
9021 1.296714e-10
9022 1.296416e-10
9023 1.296118e-10
9024 1.295819e-10
9025 1.295521e-10
9026 1.295222e-10
9027 1.294924e-10
9028 1.294626e-10
9029 1.294328e-10
9030 1.294031e-10
9031 1.293733e-10
9032 1.293435e-10
9033 1.293138e-10
9034 1.292840e-10
9035 1.292543e-10
9036 1.292246e-10
9037 1.291949e-10
9038 1.291652e-10
9039 1.291355e-10
9040 1.291058e-10
9041 1.290761e-10
9042 1.290464e-10
9043 1.290168e-10
9044 1.289872e-10
9045 1.289575e-10
9046 1.289279e-10
9047 1.288983e-10
9048 1.288687e-10
9049 1.288391e-10
9050 1.288095e-10
9051 1.287799e-10
9052 1.287504e-10
9053 1.287208e-10
9054 1.286913e-10
9055 1.286618e-10
9056 1.286322e-10
9057 1.286027e-10
9058 1.285732e-10
9059 1.285437e-10
9060 1.285143e-10
9061 1.284848e-10
9062 1.284553e-10
9063 1.284259e-10
9064 1.283964e-10
9065 1.283670e-10
9066 1.283376e-10
9067 1.283082e-10
9068 1.282788e-10
9069 1.282494e-10
9070 1.282200e-10
9071 1.281906e-10
9072 1.281613e-10
9073 1.281319e-10
9074 1.281026e-10
9075 1.280732e-10
9076 1.280439e-10
9077 1.280146e-10
9078 1.279853e-10
9079 1.279560e-10
9080 1.279267e-10
9081 1.278975e-10
9082 1.278682e-10
9083 1.278390e-10
9084 1.278097e-10
9085 1.277805e-10
9086 1.277513e-10
9087 1.277220e-10
9088 1.276928e-10
9089 1.276636e-10
9090 1.276345e-10
9091 1.276053e-10
9092 1.275761e-10
9093 1.275470e-10
9094 1.275178e-10
9095 1.274887e-10
9096 1.274596e-10
9097 1.274305e-10
9098 1.274014e-10
9099 1.273723e-10
9100 1.273432e-10
9101 1.273141e-10
9102 1.272850e-10
9103 1.272560e-10
9104 1.272269e-10
9105 1.271978e-10
9106 1.271687e-10
9107 1.271397e-10
9108 1.271106e-10
9109 1.270816e-10
9110 1.270526e-10
9111 1.270236e-10
9112 1.269946e-10
9113 1.269656e-10
9114 1.269366e-10
9115 1.269076e-10
9116 1.268786e-10
9117 1.268497e-10
9118 1.268207e-10
9119 1.267918e-10
9120 1.267629e-10
9121 1.267340e-10
9122 1.267051e-10
9123 1.266762e-10
9124 1.266473e-10
9125 1.266184e-10
9126 1.265895e-10
9127 1.265607e-10
9128 1.265318e-10
9129 1.265030e-10
9130 1.264742e-10
9131 1.264453e-10
9132 1.264165e-10
9133 1.263877e-10
9134 1.263589e-10
9135 1.263302e-10
9136 1.263014e-10
9137 1.262726e-10
9138 1.262439e-10
9139 1.262151e-10
9140 1.261864e-10
9141 1.261577e-10
9142 1.261290e-10
9143 1.261003e-10
9144 1.260716e-10
9145 1.260429e-10
9146 1.260142e-10
9147 1.259855e-10
9148 1.259569e-10
9149 1.259282e-10
9150 1.258996e-10
9151 1.258710e-10
9152 1.258424e-10
9153 1.258138e-10
9154 1.257852e-10
9155 1.257566e-10
9156 1.257280e-10
9157 1.256994e-10
9158 1.256709e-10
9159 1.256423e-10
9160 1.256138e-10
9161 1.255853e-10
9162 1.255567e-10
9163 1.255282e-10
9164 1.254997e-10
9165 1.254712e-10
9166 1.254428e-10
9167 1.254143e-10
9168 1.253858e-10
9169 1.253574e-10
9170 1.253289e-10
9171 1.253005e-10
9172 1.252721e-10
9173 1.252437e-10
9174 1.252152e-10
9175 1.251869e-10
9176 1.251585e-10
9177 1.251301e-10
9178 1.251017e-10
9179 1.250734e-10
9180 1.250450e-10
9181 1.250167e-10
9182 1.249884e-10
9183 1.249600e-10
9184 1.249317e-10
9185 1.249033e-10
9186 1.248750e-10
9187 1.248467e-10
9188 1.248184e-10
9189 1.247901e-10
9190 1.247618e-10
9191 1.247335e-10
9192 1.247052e-10
9193 1.246770e-10
9194 1.246487e-10
9195 1.246205e-10
9196 1.245923e-10
9197 1.245640e-10
9198 1.245358e-10
9199 1.245076e-10
9200 1.244794e-10
9201 1.244512e-10
9202 1.244231e-10
9203 1.243949e-10
9204 1.243667e-10
9205 1.243386e-10
9206 1.243104e-10
9207 1.242823e-10
9208 1.242542e-10
9209 1.242261e-10
9210 1.241980e-10
9211 1.241699e-10
9212 1.241418e-10
9213 1.241137e-10
9214 1.240857e-10
9215 1.240576e-10
9216 1.240296e-10
9217 1.240015e-10
9218 1.239735e-10
9219 1.239455e-10
9220 1.239175e-10
9221 1.238895e-10
9222 1.238615e-10
9223 1.238335e-10
9224 1.238056e-10
9225 1.237776e-10
9226 1.237496e-10
9227 1.237217e-10
9228 1.236938e-10
9229 1.236658e-10
9230 1.236379e-10
9231 1.236100e-10
9232 1.235821e-10
9233 1.235542e-10
9234 1.235264e-10
9235 1.234985e-10
9236 1.234706e-10
9237 1.234428e-10
9238 1.234150e-10
9239 1.233871e-10
9240 1.233593e-10
9241 1.233315e-10
9242 1.233037e-10
9243 1.232759e-10
9244 1.232481e-10
9245 1.232203e-10
9246 1.231926e-10
9247 1.231648e-10
9248 1.231371e-10
9249 1.231093e-10
9250 1.230816e-10
9251 1.230539e-10
9252 1.230262e-10
9253 1.229985e-10
9254 1.229708e-10
9255 1.229431e-10
9256 1.229154e-10
9257 1.228878e-10
9258 1.228601e-10
9259 1.228325e-10
9260 1.228048e-10
9261 1.227772e-10
9262 1.227496e-10
9263 1.227220e-10
9264 1.226944e-10
9265 1.226668e-10
9266 1.226392e-10
9267 1.226115e-10
9268 1.225839e-10
9269 1.225564e-10
9270 1.225288e-10
9271 1.225012e-10
9272 1.224736e-10
9273 1.224461e-10
9274 1.224185e-10
9275 1.223910e-10
9276 1.223635e-10
9277 1.223360e-10
9278 1.223085e-10
9279 1.222810e-10
9280 1.222535e-10
9281 1.222260e-10
9282 1.221985e-10
9283 1.221711e-10
9284 1.221436e-10
9285 1.221162e-10
9286 1.220887e-10
9287 1.220613e-10
9288 1.220339e-10
9289 1.220065e-10
9290 1.219791e-10
9291 1.219517e-10
9292 1.219243e-10
9293 1.218970e-10
9294 1.218696e-10
9295 1.218422e-10
9296 1.218149e-10
9297 1.217876e-10
9298 1.217602e-10
9299 1.217329e-10
9300 1.217056e-10
9301 1.216783e-10
9302 1.216510e-10
9303 1.216238e-10
9304 1.215965e-10
9305 1.215692e-10
9306 1.215420e-10
9307 1.215147e-10
9308 1.214875e-10
9309 1.214603e-10
9310 1.214331e-10
9311 1.214058e-10
9312 1.213787e-10
9313 1.213515e-10
9314 1.213243e-10
9315 1.212971e-10
9316 1.212699e-10
9317 1.212428e-10
9318 1.212157e-10
9319 1.211885e-10
9320 1.211614e-10
9321 1.211343e-10
9322 1.211072e-10
9323 1.210801e-10
9324 1.210530e-10
9325 1.210259e-10
9326 1.209988e-10
9327 1.209718e-10
9328 1.209447e-10
9329 1.209177e-10
9330 1.208906e-10
9331 1.208636e-10
9332 1.208366e-10
9333 1.208096e-10
9334 1.207826e-10
9335 1.207556e-10
9336 1.207286e-10
9337 1.207016e-10
9338 1.206747e-10
9339 1.206477e-10
9340 1.206208e-10
9341 1.205938e-10
9342 1.205669e-10
9343 1.205400e-10
9344 1.205131e-10
9345 1.204861e-10
9346 1.204593e-10
9347 1.204324e-10
9348 1.204055e-10
9349 1.203786e-10
9350 1.203517e-10
9351 1.203248e-10
9352 1.202979e-10
9353 1.202710e-10
9354 1.202442e-10
9355 1.202173e-10
9356 1.201905e-10
9357 1.201637e-10
9358 1.201368e-10
9359 1.201100e-10
9360 1.200832e-10
9361 1.200564e-10
9362 1.200296e-10
9363 1.200029e-10
9364 1.199761e-10
9365 1.199493e-10
9366 1.199226e-10
9367 1.198958e-10
9368 1.198691e-10
9369 1.198424e-10
9370 1.198157e-10
9371 1.197889e-10
9372 1.197623e-10
9373 1.197356e-10
9374 1.197089e-10
9375 1.196822e-10
9376 1.196555e-10
9377 1.196289e-10
9378 1.196022e-10
9379 1.195756e-10
9380 1.195490e-10
9381 1.195224e-10
9382 1.194957e-10
9383 1.194691e-10
9384 1.194426e-10
9385 1.194160e-10
9386 1.193894e-10
9387 1.193628e-10
9388 1.193363e-10
9389 1.193097e-10
9390 1.192832e-10
9391 1.192566e-10
9392 1.192301e-10
9393 1.192036e-10
9394 1.191771e-10
9395 1.191506e-10
9396 1.191241e-10
9397 1.190976e-10
9398 1.190712e-10
9399 1.190447e-10
9400 1.190182e-10
9401 1.189918e-10
9402 1.189654e-10
9403 1.189389e-10
9404 1.189125e-10
9405 1.188861e-10
9406 1.188597e-10
9407 1.188333e-10
9408 1.188069e-10
9409 1.187806e-10
9410 1.187542e-10
9411 1.187278e-10
9412 1.187015e-10
9413 1.186751e-10
9414 1.186488e-10
9415 1.186225e-10
9416 1.185962e-10
9417 1.185699e-10
9418 1.185436e-10
9419 1.185173e-10
9420 1.184910e-10
9421 1.184647e-10
9422 1.184385e-10
9423 1.184122e-10
9424 1.183860e-10
9425 1.183597e-10
9426 1.183335e-10
9427 1.183073e-10
9428 1.182811e-10
9429 1.182549e-10
9430 1.182287e-10
9431 1.182024e-10
9432 1.181762e-10
9433 1.181500e-10
9434 1.181238e-10
9435 1.180976e-10
9436 1.180715e-10
9437 1.180453e-10
9438 1.180191e-10
9439 1.179930e-10
9440 1.179669e-10
9441 1.179407e-10
9442 1.179146e-10
9443 1.178885e-10
9444 1.178624e-10
9445 1.178363e-10
9446 1.178102e-10
9447 1.177841e-10
9448 1.177580e-10
9449 1.177320e-10
9450 1.177059e-10
9451 1.176799e-10
9452 1.176538e-10
9453 1.176278e-10
9454 1.176018e-10
9455 1.175757e-10
9456 1.175497e-10
9457 1.175237e-10
9458 1.174978e-10
9459 1.174718e-10
9460 1.174458e-10
9461 1.174198e-10
9462 1.173939e-10
9463 1.173679e-10
9464 1.173420e-10
9465 1.173161e-10
9466 1.172901e-10
9467 1.172642e-10
9468 1.172383e-10
9469 1.172124e-10
9470 1.171865e-10
9471 1.171607e-10
9472 1.171348e-10
9473 1.171089e-10
9474 1.170831e-10
9475 1.170572e-10
9476 1.170314e-10
9477 1.170056e-10
9478 1.169798e-10
9479 1.169539e-10
9480 1.169281e-10
9481 1.169023e-10
9482 1.168766e-10
9483 1.168508e-10
9484 1.168250e-10
9485 1.167993e-10
9486 1.167735e-10
9487 1.167478e-10
9488 1.167220e-10
9489 1.166963e-10
9490 1.166706e-10
9491 1.166449e-10
9492 1.166192e-10
9493 1.165935e-10
9494 1.165678e-10
9495 1.165421e-10
9496 1.165164e-10
9497 1.164908e-10
9498 1.164651e-10
9499 1.164395e-10
9500 1.164138e-10
9501 1.163882e-10
9502 1.163626e-10
9503 1.163370e-10
9504 1.163114e-10
9505 1.162858e-10
9506 1.162602e-10
9507 1.162346e-10
9508 1.162091e-10
9509 1.161835e-10
9510 1.161580e-10
9511 1.161324e-10
9512 1.161069e-10
9513 1.160813e-10
9514 1.160558e-10
9515 1.160303e-10
9516 1.160047e-10
9517 1.159792e-10
9518 1.159537e-10
9519 1.159282e-10
9520 1.159027e-10
9521 1.158772e-10
9522 1.158517e-10
9523 1.158262e-10
9524 1.158008e-10
9525 1.157753e-10
9526 1.157499e-10
9527 1.157244e-10
9528 1.156990e-10
9529 1.156735e-10
9530 1.156481e-10
9531 1.156227e-10
9532 1.155973e-10
9533 1.155719e-10
9534 1.155465e-10
9535 1.155212e-10
9536 1.154958e-10
9537 1.154704e-10
9538 1.154451e-10
9539 1.154197e-10
9540 1.153944e-10
9541 1.153691e-10
9542 1.153437e-10
9543 1.153184e-10
9544 1.152931e-10
9545 1.152678e-10
9546 1.152425e-10
9547 1.152173e-10
9548 1.151920e-10
9549 1.151667e-10
9550 1.151415e-10
9551 1.151162e-10
9552 1.150910e-10
9553 1.150658e-10
9554 1.150405e-10
9555 1.150153e-10
9556 1.149901e-10
9557 1.149649e-10
9558 1.149397e-10
9559 1.149146e-10
9560 1.148894e-10
9561 1.148642e-10
9562 1.148391e-10
9563 1.148139e-10
9564 1.147888e-10
9565 1.147636e-10
9566 1.147385e-10
9567 1.147134e-10
9568 1.146883e-10
9569 1.146632e-10
9570 1.146381e-10
9571 1.146130e-10
9572 1.145880e-10
9573 1.145629e-10
9574 1.145378e-10
9575 1.145128e-10
9576 1.144877e-10
9577 1.144627e-10
9578 1.144377e-10
9579 1.144127e-10
9580 1.143876e-10
9581 1.143626e-10
9582 1.143376e-10
9583 1.143127e-10
9584 1.142877e-10
9585 1.142627e-10
9586 1.142378e-10
9587 1.142128e-10
9588 1.141879e-10
9589 1.141629e-10
9590 1.141380e-10
9591 1.141131e-10
9592 1.140881e-10
9593 1.140632e-10
9594 1.140383e-10
9595 1.140135e-10
9596 1.139886e-10
9597 1.139637e-10
9598 1.139388e-10
9599 1.139140e-10
9600 1.138891e-10
9601 1.138642e-10
9602 1.138393e-10
9603 1.138145e-10
9604 1.137896e-10
9605 1.137648e-10
9606 1.137400e-10
9607 1.137151e-10
9608 1.136903e-10
9609 1.136655e-10
9610 1.136407e-10
9611 1.136159e-10
9612 1.135911e-10
9613 1.135664e-10
9614 1.135416e-10
9615 1.135168e-10
9616 1.134921e-10
9617 1.134673e-10
9618 1.134426e-10
9619 1.134179e-10
9620 1.133931e-10
9621 1.133684e-10
9622 1.133437e-10
9623 1.133190e-10
9624 1.132943e-10
9625 1.132697e-10
9626 1.132450e-10
9627 1.132203e-10
9628 1.131957e-10
9629 1.131710e-10
9630 1.131464e-10
9631 1.131217e-10
9632 1.130971e-10
9633 1.130725e-10
9634 1.130479e-10
9635 1.130233e-10
9636 1.129987e-10
9637 1.129741e-10
9638 1.129495e-10
9639 1.129250e-10
9640 1.129004e-10
9641 1.128758e-10
9642 1.128513e-10
9643 1.128268e-10
9644 1.128022e-10
9645 1.127777e-10
9646 1.127532e-10
9647 1.127287e-10
9648 1.127042e-10
9649 1.126797e-10
9650 1.126552e-10
9651 1.126307e-10
9652 1.126063e-10
9653 1.125818e-10
9654 1.125573e-10
9655 1.125329e-10
9656 1.125085e-10
9657 1.124840e-10
9658 1.124596e-10
9659 1.124352e-10
9660 1.124108e-10
9661 1.123864e-10
9662 1.123620e-10
9663 1.123376e-10
9664 1.123133e-10
9665 1.122889e-10
9666 1.122645e-10
9667 1.122402e-10
9668 1.122158e-10
9669 1.121915e-10
9670 1.121672e-10
9671 1.121429e-10
9672 1.121185e-10
9673 1.120942e-10
9674 1.120699e-10
9675 1.120457e-10
9676 1.120214e-10
9677 1.119971e-10
9678 1.119728e-10
9679 1.119486e-10
9680 1.119243e-10
9681 1.119001e-10
9682 1.118759e-10
9683 1.118516e-10
9684 1.118274e-10
9685 1.118032e-10
9686 1.117789e-10
9687 1.117547e-10
9688 1.117305e-10
9689 1.117063e-10
9690 1.116821e-10
9691 1.116579e-10
9692 1.116337e-10
9693 1.116095e-10
9694 1.115853e-10
9695 1.115612e-10
9696 1.115370e-10
9697 1.115129e-10
9698 1.114887e-10
9699 1.114646e-10
9700 1.114405e-10
9701 1.114164e-10
9702 1.113923e-10
9703 1.113682e-10
9704 1.113441e-10
9705 1.113200e-10
9706 1.112959e-10
9707 1.112718e-10
9708 1.112478e-10
9709 1.112237e-10
9710 1.111997e-10
9711 1.111756e-10
9712 1.111516e-10
9713 1.111276e-10
9714 1.111035e-10
9715 1.110795e-10
9716 1.110555e-10
9717 1.110315e-10
9718 1.110076e-10
9719 1.109836e-10
9720 1.109596e-10
9721 1.109356e-10
9722 1.109117e-10
9723 1.108877e-10
9724 1.108638e-10
9725 1.108399e-10
9726 1.108159e-10
9727 1.107920e-10
9728 1.107681e-10
9729 1.107442e-10
9730 1.107203e-10
9731 1.106964e-10
9732 1.106725e-10
9733 1.106487e-10
9734 1.106248e-10
9735 1.106010e-10
9736 1.105771e-10
9737 1.105533e-10
9738 1.105294e-10
9739 1.105056e-10
9740 1.104818e-10
9741 1.104580e-10
9742 1.104342e-10
9743 1.104104e-10
9744 1.103866e-10
9745 1.103628e-10
9746 1.103390e-10
9747 1.103153e-10
9748 1.102915e-10
9749 1.102678e-10
9750 1.102440e-10
9751 1.102203e-10
9752 1.101965e-10
9753 1.101728e-10
9754 1.101491e-10
9755 1.101254e-10
9756 1.101017e-10
9757 1.100780e-10
9758 1.100543e-10
9759 1.100307e-10
9760 1.100070e-10
9761 1.099833e-10
9762 1.099597e-10
9763 1.099360e-10
9764 1.099124e-10
9765 1.098888e-10
9766 1.098651e-10
9767 1.098415e-10
9768 1.098179e-10
9769 1.097943e-10
9770 1.097707e-10
9771 1.097471e-10
9772 1.097235e-10
9773 1.096999e-10
9774 1.096763e-10
9775 1.096527e-10
9776 1.096291e-10
9777 1.096056e-10
9778 1.095820e-10
9779 1.095585e-10
9780 1.095349e-10
9781 1.095114e-10
9782 1.094878e-10
9783 1.094643e-10
9784 1.094408e-10
9785 1.094173e-10
9786 1.093938e-10
9787 1.093703e-10
9788 1.093468e-10
9789 1.093233e-10
9790 1.092999e-10
9791 1.092764e-10
9792 1.092529e-10
9793 1.092295e-10
9794 1.092060e-10
9795 1.091826e-10
9796 1.091592e-10
9797 1.091358e-10
9798 1.091123e-10
9799 1.090889e-10
9800 1.090655e-10
9801 1.090421e-10
9802 1.090188e-10
9803 1.089954e-10
9804 1.089720e-10
9805 1.089487e-10
9806 1.089253e-10
9807 1.089020e-10
9808 1.088786e-10
9809 1.088553e-10
9810 1.088320e-10
9811 1.088086e-10
9812 1.087853e-10
9813 1.087620e-10
9814 1.087387e-10
9815 1.087154e-10
9816 1.086922e-10
9817 1.086689e-10
9818 1.086456e-10
9819 1.086224e-10
9820 1.085991e-10
9821 1.085759e-10
9822 1.085526e-10
9823 1.085294e-10
9824 1.085062e-10
9825 1.084830e-10
9826 1.084598e-10
9827 1.084366e-10
9828 1.084134e-10
9829 1.083902e-10
9830 1.083670e-10
9831 1.083438e-10
9832 1.083207e-10
9833 1.082975e-10
9834 1.082744e-10
9835 1.082512e-10
9836 1.082281e-10
9837 1.082050e-10
9838 1.081819e-10
9839 1.081588e-10
9840 1.081356e-10
9841 1.081126e-10
9842 1.080895e-10
9843 1.080664e-10
9844 1.080433e-10
9845 1.080202e-10
9846 1.079972e-10
9847 1.079741e-10
9848 1.079511e-10
9849 1.079280e-10
9850 1.079050e-10
9851 1.078820e-10
9852 1.078590e-10
9853 1.078360e-10
9854 1.078130e-10
9855 1.077900e-10
9856 1.077670e-10
9857 1.077440e-10
9858 1.077210e-10
9859 1.076980e-10
9860 1.076750e-10
9861 1.076520e-10
9862 1.076290e-10
9863 1.076061e-10
9864 1.075831e-10
9865 1.075602e-10
9866 1.075372e-10
9867 1.075143e-10
9868 1.074913e-10
9869 1.074684e-10
9870 1.074455e-10
9871 1.074226e-10
9872 1.073997e-10
9873 1.073768e-10
9874 1.073539e-10
9875 1.073310e-10
9876 1.073082e-10
9877 1.072853e-10
9878 1.072624e-10
9879 1.072396e-10
9880 1.072168e-10
9881 1.071939e-10
9882 1.071711e-10
9883 1.071483e-10
9884 1.071255e-10
9885 1.071026e-10
9886 1.070798e-10
9887 1.070571e-10
9888 1.070343e-10
9889 1.070115e-10
9890 1.069887e-10
9891 1.069660e-10
9892 1.069432e-10
9893 1.069204e-10
9894 1.068977e-10
9895 1.068750e-10
9896 1.068522e-10
9897 1.068295e-10
9898 1.068068e-10
9899 1.067841e-10
9900 1.067614e-10
9901 1.067387e-10
9902 1.067160e-10
9903 1.066933e-10
9904 1.066707e-10
9905 1.066480e-10
9906 1.066253e-10
9907 1.066027e-10
9908 1.065801e-10
9909 1.065574e-10
9910 1.065348e-10
9911 1.065122e-10
9912 1.064896e-10
9913 1.064669e-10
9914 1.064443e-10
9915 1.064218e-10
9916 1.063992e-10
9917 1.063766e-10
9918 1.063540e-10
9919 1.063314e-10
9920 1.063089e-10
9921 1.062863e-10
9922 1.062638e-10
9923 1.062413e-10
9924 1.062187e-10
9925 1.061962e-10
9926 1.061737e-10
9927 1.061512e-10
9928 1.061287e-10
9929 1.061062e-10
9930 1.060837e-10
9931 1.060612e-10
9932 1.060387e-10
9933 1.060163e-10
9934 1.059938e-10
9935 1.059714e-10
9936 1.059489e-10
9937 1.059265e-10
9938 1.059040e-10
9939 1.058816e-10
9940 1.058592e-10
9941 1.058368e-10
9942 1.058144e-10
9943 1.057920e-10
9944 1.057696e-10
9945 1.057472e-10
9946 1.057248e-10
9947 1.057024e-10
9948 1.056800e-10
9949 1.056576e-10
9950 1.056352e-10
9951 1.056129e-10
9952 1.055905e-10
9953 1.055682e-10
9954 1.055458e-10
9955 1.055235e-10
9956 1.055011e-10
9957 1.054788e-10
9958 1.054565e-10
9959 1.054342e-10
9960 1.054119e-10
9961 1.053896e-10
9962 1.053673e-10
9963 1.053450e-10
9964 1.053227e-10
9965 1.053005e-10
9966 1.052782e-10
9967 1.052559e-10
9968 1.052337e-10
9969 1.052115e-10
9970 1.051892e-10
9971 1.051670e-10
9972 1.051448e-10
9973 1.051226e-10
9974 1.051003e-10
9975 1.050781e-10
9976 1.050560e-10
9977 1.050338e-10
9978 1.050116e-10
9979 1.049894e-10
9980 1.049672e-10
9981 1.049451e-10
9982 1.049229e-10
9983 1.049008e-10
9984 1.048786e-10
9985 1.048565e-10
9986 1.048344e-10
9987 1.048123e-10
9988 1.047902e-10
9989 1.047681e-10
9990 1.047460e-10
9991 1.047239e-10
9992 1.047018e-10
9993 1.046797e-10
9994 1.046576e-10
9995 1.046356e-10
9996 1.046135e-10
9997 1.045915e-10
9998 1.045694e-10
9999 1.045474e-10
10000 1.045254e-10
10001 1.045033e-10
10002 1.044813e-10
10003 1.044593e-10
10004 1.044373e-10
10005 1.044153e-10
10006 1.043933e-10
10007 1.043714e-10
10008 1.043494e-10
10009 1.043274e-10
10010 1.043055e-10
10011 1.042835e-10
10012 1.042616e-10
10013 1.042396e-10
10014 1.042177e-10
10015 1.041958e-10
10016 1.041738e-10
10017 1.041519e-10
10018 1.041300e-10
10019 1.041081e-10
10020 1.040862e-10
10021 1.040643e-10
10022 1.040425e-10
10023 1.040206e-10
10024 1.039987e-10
10025 1.039769e-10
10026 1.039550e-10
10027 1.039332e-10
10028 1.039113e-10
10029 1.038895e-10
10030 1.038677e-10
10031 1.038459e-10
10032 1.038240e-10
10033 1.038022e-10
10034 1.037804e-10
10035 1.037586e-10
10036 1.037368e-10
10037 1.037150e-10
10038 1.036932e-10
10039 1.036714e-10
10040 1.036496e-10
10041 1.036278e-10
10042 1.036061e-10
10043 1.035843e-10
10044 1.035625e-10
10045 1.035408e-10
10046 1.035190e-10
10047 1.034973e-10
10048 1.034756e-10
10049 1.034539e-10
10050 1.034321e-10
10051 1.034104e-10
10052 1.033887e-10
10053 1.033670e-10
10054 1.033453e-10
10055 1.033237e-10
10056 1.033020e-10
10057 1.032803e-10
10058 1.032587e-10
10059 1.032370e-10
10060 1.032153e-10
10061 1.031937e-10
10062 1.031721e-10
10063 1.031504e-10
10064 1.031288e-10
10065 1.031072e-10
10066 1.030856e-10
10067 1.030640e-10
10068 1.030424e-10
10069 1.030208e-10
10070 1.029992e-10
10071 1.029777e-10
10072 1.029561e-10
10073 1.029345e-10
10074 1.029130e-10
10075 1.028914e-10
10076 1.028699e-10
10077 1.028483e-10
10078 1.028268e-10
10079 1.028053e-10
10080 1.027838e-10
10081 1.027623e-10
10082 1.027408e-10
10083 1.027193e-10
10084 1.026978e-10
10085 1.026763e-10
10086 1.026548e-10
10087 1.026334e-10
10088 1.026119e-10
10089 1.025904e-10
10090 1.025690e-10
10091 1.025475e-10
10092 1.025261e-10
10093 1.025047e-10
10094 1.024833e-10
10095 1.024618e-10
10096 1.024404e-10
10097 1.024190e-10
10098 1.023976e-10
10099 1.023762e-10
10100 1.023549e-10
10101 1.023335e-10
10102 1.023121e-10
10103 1.022908e-10
10104 1.022694e-10
10105 1.022480e-10
10106 1.022267e-10
10107 1.022054e-10
10108 1.021840e-10
10109 1.021627e-10
10110 1.021414e-10
10111 1.021201e-10
10112 1.020988e-10
10113 1.020775e-10
10114 1.020562e-10
10115 1.020349e-10
10116 1.020136e-10
10117 1.019924e-10
10118 1.019711e-10
10119 1.019498e-10
10120 1.019286e-10
10121 1.019073e-10
10122 1.018861e-10
10123 1.018648e-10
10124 1.018436e-10
10125 1.018223e-10
10126 1.018011e-10
10127 1.017799e-10
10128 1.017586e-10
10129 1.017374e-10
10130 1.017162e-10
10131 1.016950e-10
10132 1.016738e-10
10133 1.016526e-10
10134 1.016314e-10
10135 1.016102e-10
10136 1.015891e-10
10137 1.015679e-10
10138 1.015467e-10
10139 1.015256e-10
10140 1.015044e-10
10141 1.014833e-10
10142 1.014622e-10
10143 1.014410e-10
10144 1.014199e-10
10145 1.013988e-10
10146 1.013777e-10
10147 1.013566e-10
10148 1.013355e-10
10149 1.013144e-10
10150 1.012933e-10
10151 1.012723e-10
10152 1.012512e-10
10153 1.012301e-10
10154 1.012091e-10
10155 1.011880e-10
10156 1.011670e-10
10157 1.011459e-10
10158 1.011249e-10
10159 1.011039e-10
10160 1.010829e-10
10161 1.010619e-10
10162 1.010409e-10
10163 1.010199e-10
10164 1.009989e-10
10165 1.009779e-10
10166 1.009569e-10
10167 1.009359e-10
10168 1.009150e-10
10169 1.008940e-10
10170 1.008731e-10
10171 1.008521e-10
10172 1.008312e-10
10173 1.008102e-10
10174 1.007893e-10
10175 1.007684e-10
10176 1.007475e-10
10177 1.007266e-10
10178 1.007057e-10
10179 1.006848e-10
10180 1.006639e-10
10181 1.006430e-10
10182 1.006221e-10
10183 1.006012e-10
10184 1.005804e-10
10185 1.005595e-10
10186 1.005387e-10
10187 1.005178e-10
10188 1.004970e-10
10189 1.004762e-10
10190 1.004553e-10
10191 1.004345e-10
10192 1.004137e-10
10193 1.003929e-10
10194 1.003721e-10
10195 1.003513e-10
10196 1.003305e-10
10197 1.003097e-10
10198 1.002890e-10
10199 1.002682e-10
10200 1.002474e-10
10201 1.002267e-10
10202 1.002059e-10
10203 1.001852e-10
10204 1.001644e-10
10205 1.001437e-10
10206 1.001230e-10
10207 1.001023e-10
10208 1.000816e-10
10209 1.000609e-10
10210 1.000402e-10
10211 1.000195e-10
10212 9.999876e-11
10213 9.997806e-11
10214 9.995736e-11
10215 9.993667e-11
10216 9.991598e-11
10217 9.989531e-11
10218 9.987463e-11
10219 9.985397e-11
10220 9.983331e-11
10221 9.981265e-11
10222 9.979201e-11
10223 9.977137e-11
10224 9.975073e-11
10225 9.973010e-11
10226 9.970948e-11
10227 9.968887e-11
10228 9.966826e-11
10229 9.964765e-11
10230 9.962706e-11
10231 9.960647e-11
10232 9.958588e-11
10233 9.956530e-11
10234 9.954473e-11
10235 9.952417e-11
10236 9.950361e-11
10237 9.948305e-11
10238 9.946251e-11
10239 9.944197e-11
10240 9.942143e-11
10241 9.940091e-11
10242 9.938038e-11
10243 9.935987e-11
10244 9.933936e-11
10245 9.931886e-11
10246 9.929836e-11
10247 9.927787e-11
10248 9.925738e-11
10249 9.923691e-11
10250 9.921643e-11
10251 9.919597e-11
10252 9.917551e-11
10253 9.915506e-11
10254 9.913461e-11
10255 9.911417e-11
10256 9.909373e-11
10257 9.907330e-11
10258 9.905288e-11
10259 9.903247e-11
10260 9.901206e-11
10261 9.899165e-11
10262 9.897126e-11
10263 9.895086e-11
10264 9.893048e-11
10265 9.891010e-11
10266 9.888973e-11
10267 9.886936e-11
10268 9.884900e-11
10269 9.882865e-11
10270 9.880830e-11
10271 9.878796e-11
10272 9.876762e-11
10273 9.874729e-11
10274 9.872697e-11
10275 9.870665e-11
10276 9.868634e-11
10277 9.866604e-11
10278 9.864574e-11
10279 9.862544e-11
10280 9.860516e-11
10281 9.858488e-11
10282 9.856460e-11
10283 9.854434e-11
10284 9.852407e-11
10285 9.850382e-11
10286 9.848357e-11
10287 9.846333e-11
10288 9.844309e-11
10289 9.842286e-11
10290 9.840263e-11
10291 9.838241e-11
10292 9.836220e-11
10293 9.834199e-11
10294 9.832179e-11
10295 9.830160e-11
10296 9.828141e-11
10297 9.826123e-11
10298 9.824105e-11
10299 9.822088e-11
10300 9.820072e-11
10301 9.818056e-11
10302 9.816041e-11
10303 9.814024e-11
10304 9.812008e-11
10305 9.809992e-11
10306 9.807977e-11
10307 9.805963e-11
10308 9.803949e-11
10309 9.801935e-11
10310 9.799923e-11
10311 9.797911e-11
10312 9.795899e-11
10313 9.793889e-11
10314 9.791878e-11
10315 9.789869e-11
10316 9.787860e-11
10317 9.785852e-11
10318 9.783844e-11
10319 9.781837e-11
10320 9.779830e-11
10321 9.777824e-11
10322 9.775819e-11
10323 9.773814e-11
10324 9.771810e-11
10325 9.769806e-11
10326 9.767804e-11
10327 9.765801e-11
10328 9.763800e-11
10329 9.761798e-11
10330 9.759798e-11
10331 9.757798e-11
10332 9.755799e-11
10333 9.753800e-11
10334 9.751802e-11
10335 9.749805e-11
10336 9.747808e-11
10337 9.745811e-11
10338 9.743816e-11
10339 9.741821e-11
10340 9.739826e-11
10341 9.737832e-11
10342 9.735839e-11
10343 9.733846e-11
10344 9.731854e-11
10345 9.729863e-11
10346 9.727872e-11
10347 9.725882e-11
10348 9.723892e-11
10349 9.721903e-11
10350 9.719914e-11
10351 9.717927e-11
10352 9.715939e-11
10353 9.713953e-11
10354 9.711967e-11
10355 9.709981e-11
10356 9.707996e-11
10357 9.706012e-11
10358 9.704028e-11
10359 9.702045e-11
10360 9.700063e-11
10361 9.698081e-11
10362 9.696099e-11
10363 9.694119e-11
10364 9.692139e-11
10365 9.690159e-11
10366 9.688180e-11
10367 9.686202e-11
10368 9.684224e-11
10369 9.682247e-11
10370 9.680271e-11
10371 9.678295e-11
10372 9.676319e-11
10373 9.674344e-11
10374 9.672370e-11
10375 9.670397e-11
10376 9.668424e-11
10377 9.666451e-11
10378 9.664480e-11
10379 9.662508e-11
10380 9.660538e-11
10381 9.658568e-11
10382 9.656598e-11
10383 9.654629e-11
10384 9.652661e-11
10385 9.650694e-11
10386 9.648726e-11
10387 9.646760e-11
10388 9.644794e-11
10389 9.642829e-11
10390 9.640864e-11
10391 9.638900e-11
10392 9.636937e-11
10393 9.634974e-11
10394 9.633010e-11
10395 9.631046e-11
10396 9.629083e-11
10397 9.627120e-11
10398 9.625158e-11
10399 9.623196e-11
10400 9.621235e-11
10401 9.619275e-11
10402 9.617315e-11
10403 9.615355e-11
10404 9.613397e-11
10405 9.611439e-11
10406 9.609481e-11
10407 9.607524e-11
10408 9.605568e-11
10409 9.603612e-11
10410 9.601657e-11
10411 9.599702e-11
10412 9.597748e-11
10413 9.595795e-11
10414 9.593842e-11
10415 9.591890e-11
10416 9.589938e-11
10417 9.587987e-11
10418 9.586037e-11
10419 9.584087e-11
10420 9.582137e-11
10421 9.580189e-11
10422 9.578240e-11
10423 9.576293e-11
10424 9.574346e-11
10425 9.572399e-11
10426 9.570454e-11
10427 9.568508e-11
10428 9.566564e-11
10429 9.564620e-11
10430 9.562676e-11
10431 9.560733e-11
10432 9.558791e-11
10433 9.556849e-11
10434 9.554908e-11
10435 9.552967e-11
10436 9.551027e-11
10437 9.549088e-11
10438 9.547149e-11
10439 9.545211e-11
10440 9.543273e-11
10441 9.541336e-11
10442 9.539399e-11
10443 9.537463e-11
10444 9.535528e-11
10445 9.533593e-11
10446 9.531659e-11
10447 9.529725e-11
10448 9.527792e-11
10449 9.525860e-11
10450 9.523928e-11
10451 9.521996e-11
10452 9.520066e-11
10453 9.518135e-11
10454 9.516206e-11
10455 9.514277e-11
10456 9.512348e-11
10457 9.510420e-11
10458 9.508493e-11
10459 9.506566e-11
10460 9.504640e-11
10461 9.502714e-11
10462 9.500789e-11
10463 9.498865e-11
10464 9.496941e-11
10465 9.495018e-11
10466 9.493095e-11
10467 9.491173e-11
10468 9.489251e-11
10469 9.487330e-11
10470 9.485410e-11
10471 9.483490e-11
10472 9.481571e-11
10473 9.479652e-11
10474 9.477734e-11
10475 9.475816e-11
10476 9.473899e-11
10477 9.471983e-11
10478 9.470067e-11
10479 9.468152e-11
10480 9.466237e-11
10481 9.464323e-11
10482 9.462409e-11
10483 9.460496e-11
10484 9.458584e-11
10485 9.456672e-11
10486 9.454760e-11
10487 9.452847e-11
10488 9.450935e-11
10489 9.449023e-11
10490 9.447112e-11
10491 9.445202e-11
10492 9.443292e-11
10493 9.441382e-11
10494 9.439473e-11
10495 9.437565e-11
10496 9.435657e-11
10497 9.433750e-11
10498 9.431843e-11
10499 9.429937e-11
10500 9.428032e-11
10501 9.426127e-11
10502 9.424222e-11
10503 9.422318e-11
10504 9.420415e-11
10505 9.418513e-11
10506 9.416610e-11
10507 9.414709e-11
10508 9.412808e-11
10509 9.410907e-11
10510 9.409008e-11
10511 9.407108e-11
10512 9.405210e-11
10513 9.403311e-11
10514 9.401414e-11
10515 9.399517e-11
10516 9.397620e-11
10517 9.395724e-11
10518 9.393829e-11
10519 9.391934e-11
10520 9.390040e-11
10521 9.388146e-11
10522 9.386253e-11
10523 9.384361e-11
10524 9.382469e-11
10525 9.380577e-11
10526 9.378687e-11
10527 9.376796e-11
10528 9.374907e-11
10529 9.373017e-11
10530 9.371129e-11
10531 9.369241e-11
10532 9.367353e-11
10533 9.365466e-11
10534 9.363580e-11
10535 9.361694e-11
10536 9.359809e-11
10537 9.357924e-11
10538 9.356040e-11
10539 9.354156e-11
10540 9.352273e-11
10541 9.350391e-11
10542 9.348509e-11
10543 9.346628e-11
10544 9.344747e-11
10545 9.342867e-11
10546 9.340987e-11
10547 9.339108e-11
10548 9.337229e-11
10549 9.335351e-11
10550 9.333474e-11
10551 9.331597e-11
10552 9.329721e-11
10553 9.327845e-11
10554 9.325970e-11
10555 9.324095e-11
10556 9.322221e-11
10557 9.320347e-11
10558 9.318474e-11
10559 9.316602e-11
10560 9.314730e-11
10561 9.312858e-11
10562 9.310988e-11
10563 9.309117e-11
10564 9.307248e-11
10565 9.305379e-11
10566 9.303510e-11
10567 9.301642e-11
10568 9.299774e-11
10569 9.297908e-11
10570 9.296041e-11
10571 9.294175e-11
10572 9.292310e-11
10573 9.290445e-11
10574 9.288581e-11
10575 9.286717e-11
10576 9.284854e-11
10577 9.282992e-11
10578 9.281130e-11
10579 9.279268e-11
10580 9.277406e-11
10581 9.275543e-11
10582 9.273681e-11
10583 9.271820e-11
10584 9.269959e-11
10585 9.268099e-11
10586 9.266239e-11
10587 9.264380e-11
10588 9.262522e-11
10589 9.260664e-11
10590 9.258806e-11
10591 9.256949e-11
10592 9.255093e-11
10593 9.253237e-11
10594 9.251382e-11
10595 9.249527e-11
10596 9.247673e-11
10597 9.245819e-11
10598 9.243966e-11
10599 9.242114e-11
10600 9.240262e-11
10601 9.238410e-11
10602 9.236559e-11
10603 9.234709e-11
10604 9.232859e-11
10605 9.231010e-11
10606 9.229161e-11
10607 9.227313e-11
10608 9.225465e-11
10609 9.223618e-11
10610 9.221772e-11
10611 9.219926e-11
10612 9.218080e-11
10613 9.216235e-11
10614 9.214391e-11
10615 9.212547e-11
10616 9.210704e-11
10617 9.208861e-11
10618 9.207019e-11
10619 9.205177e-11
10620 9.203336e-11
10621 9.201495e-11
10622 9.199655e-11
10623 9.197816e-11
10624 9.195977e-11
10625 9.194139e-11
10626 9.192301e-11
10627 9.190463e-11
10628 9.188627e-11
10629 9.186790e-11
10630 9.184955e-11
10631 9.183119e-11
10632 9.181285e-11
10633 9.179451e-11
10634 9.177617e-11
10635 9.175784e-11
10636 9.173952e-11
10637 9.172120e-11
10638 9.170288e-11
10639 9.168457e-11
10640 9.166627e-11
10641 9.164797e-11
10642 9.162968e-11
10643 9.161139e-11
10644 9.159311e-11
10645 9.157483e-11
10646 9.155656e-11
10647 9.153830e-11
10648 9.152004e-11
10649 9.150178e-11
10650 9.148353e-11
10651 9.146529e-11
10652 9.144705e-11
10653 9.142882e-11
10654 9.141059e-11
10655 9.139237e-11
10656 9.137415e-11
10657 9.135594e-11
10658 9.133773e-11
10659 9.131953e-11
10660 9.130133e-11
10661 9.128314e-11
10662 9.126495e-11
10663 9.124677e-11
10664 9.122860e-11
10665 9.121043e-11
10666 9.119227e-11
10667 9.117411e-11
10668 9.115595e-11
10669 9.113780e-11
10670 9.111966e-11
10671 9.110152e-11
10672 9.108339e-11
10673 9.106526e-11
10674 9.104712e-11
10675 9.102899e-11
10676 9.101086e-11
10677 9.099273e-11
10678 9.097461e-11
10679 9.095649e-11
10680 9.093838e-11
10681 9.092028e-11
10682 9.090218e-11
10683 9.088409e-11
10684 9.086600e-11
10685 9.084791e-11
10686 9.082984e-11
10687 9.081176e-11
10688 9.079370e-11
10689 9.077563e-11
10690 9.075758e-11
10691 9.073952e-11
10692 9.072148e-11
10693 9.070344e-11
10694 9.068540e-11
10695 9.066737e-11
10696 9.064935e-11
10697 9.063133e-11
10698 9.061331e-11
10699 9.059530e-11
10700 9.057730e-11
10701 9.055930e-11
10702 9.054130e-11
10703 9.052332e-11
10704 9.050533e-11
10705 9.048735e-11
10706 9.046938e-11
10707 9.045141e-11
10708 9.043345e-11
10709 9.041550e-11
10710 9.039754e-11
10711 9.037960e-11
10712 9.036166e-11
10713 9.034372e-11
10714 9.032579e-11
10715 9.030786e-11
10716 9.028994e-11
10717 9.027203e-11
10718 9.025412e-11
10719 9.023621e-11
10720 9.021831e-11
10721 9.020042e-11
10722 9.018253e-11
10723 9.016465e-11
10724 9.014677e-11
10725 9.012890e-11
10726 9.011103e-11
10727 9.009316e-11
10728 9.007531e-11
10729 9.005745e-11
10730 9.003961e-11
10731 9.002176e-11
10732 9.000393e-11
10733 8.998610e-11
10734 8.996827e-11
10735 8.995045e-11
10736 8.993263e-11
10737 8.991482e-11
10738 8.989702e-11
10739 8.987921e-11
10740 8.986142e-11
10741 8.984363e-11
10742 8.982584e-11
10743 8.980806e-11
10744 8.979029e-11
10745 8.977252e-11
10746 8.975476e-11
10747 8.973700e-11
10748 8.971924e-11
10749 8.970149e-11
10750 8.968375e-11
10751 8.966601e-11
10752 8.964828e-11
10753 8.963055e-11
10754 8.961283e-11
10755 8.959511e-11
10756 8.957740e-11
10757 8.955969e-11
10758 8.954199e-11
10759 8.952429e-11
10760 8.950660e-11
10761 8.948891e-11
10762 8.947123e-11
10763 8.945355e-11
10764 8.943588e-11
10765 8.941821e-11
10766 8.940055e-11
10767 8.938289e-11
10768 8.936524e-11
10769 8.934758e-11
10770 8.932992e-11
10771 8.931226e-11
10772 8.929461e-11
10773 8.927697e-11
10774 8.925933e-11
10775 8.924169e-11
10776 8.922406e-11
10777 8.920644e-11
10778 8.918882e-11
10779 8.917120e-11
10780 8.915360e-11
10781 8.913599e-11
10782 8.911839e-11
10783 8.910080e-11
10784 8.908321e-11
10785 8.906563e-11
10786 8.904805e-11
10787 8.903048e-11
10788 8.901291e-11
10789 8.899535e-11
10790 8.897779e-11
10791 8.896024e-11
10792 8.894269e-11
10793 8.892514e-11
10794 8.890761e-11
10795 8.889008e-11
10796 8.887255e-11
10797 8.885503e-11
10798 8.883751e-11
10799 8.882000e-11
10800 8.880249e-11
10801 8.878499e-11
10802 8.876749e-11
10803 8.875000e-11
10804 8.873251e-11
10805 8.871503e-11
10806 8.869755e-11
10807 8.868008e-11
10808 8.866262e-11
10809 8.864515e-11
10810 8.862770e-11
10811 8.861025e-11
10812 8.859280e-11
10813 8.857536e-11
10814 8.855792e-11
10815 8.854049e-11
10816 8.852306e-11
10817 8.850564e-11
10818 8.848823e-11
10819 8.847082e-11
10820 8.845341e-11
10821 8.843601e-11
10822 8.841861e-11
10823 8.840122e-11
10824 8.838384e-11
10825 8.836646e-11
10826 8.834908e-11
10827 8.833171e-11
10828 8.831434e-11
10829 8.829698e-11
10830 8.827963e-11
10831 8.826228e-11
10832 8.824493e-11
10833 8.822759e-11
10834 8.821025e-11
10835 8.819292e-11
10836 8.817560e-11
10837 8.815828e-11
10838 8.814096e-11
10839 8.812365e-11
10840 8.810635e-11
10841 8.808904e-11
10842 8.807175e-11
10843 8.805446e-11
10844 8.803717e-11
10845 8.801989e-11
10846 8.800262e-11
10847 8.798534e-11
10848 8.796808e-11
10849 8.795082e-11
10850 8.793356e-11
10851 8.791631e-11
10852 8.789907e-11
10853 8.788182e-11
10854 8.786459e-11
10855 8.784736e-11
10856 8.783013e-11
10857 8.781291e-11
10858 8.779569e-11
10859 8.777848e-11
10860 8.776128e-11
10861 8.774408e-11
10862 8.772688e-11
10863 8.770969e-11
10864 8.769249e-11
10865 8.767529e-11
10866 8.765810e-11
10867 8.764091e-11
10868 8.762372e-11
10869 8.760654e-11
10870 8.758937e-11
10871 8.757220e-11
10872 8.755503e-11
10873 8.753787e-11
10874 8.752072e-11
10875 8.750357e-11
10876 8.748642e-11
10877 8.746928e-11
10878 8.745214e-11
10879 8.743501e-11
10880 8.741789e-11
10881 8.740077e-11
10882 8.738365e-11
10883 8.736654e-11
10884 8.734943e-11
10885 8.733233e-11
10886 8.731524e-11
10887 8.729815e-11
10888 8.728106e-11
10889 8.726398e-11
10890 8.724690e-11
10891 8.722983e-11
10892 8.721276e-11
10893 8.719570e-11
10894 8.717864e-11
10895 8.716159e-11
10896 8.714454e-11
10897 8.712750e-11
10898 8.711046e-11
10899 8.709343e-11
10900 8.707640e-11
10901 8.705938e-11
10902 8.704236e-11
10903 8.702535e-11
10904 8.700834e-11
10905 8.699134e-11
10906 8.697434e-11
10907 8.695735e-11
10908 8.694036e-11
10909 8.692338e-11
10910 8.690640e-11
10911 8.688942e-11
10912 8.687246e-11
10913 8.685549e-11
10914 8.683853e-11
10915 8.682158e-11
10916 8.680463e-11
10917 8.678768e-11
10918 8.677074e-11
10919 8.675381e-11
10920 8.673688e-11
10921 8.671995e-11
10922 8.670303e-11
10923 8.668612e-11
10924 8.666921e-11
10925 8.665230e-11
10926 8.663540e-11
10927 8.661850e-11
10928 8.660161e-11
10929 8.658473e-11
10930 8.656784e-11
10931 8.655097e-11
10932 8.653409e-11
10933 8.651723e-11
10934 8.650037e-11
10935 8.648351e-11
10936 8.646666e-11
10937 8.644981e-11
10938 8.643296e-11
10939 8.641613e-11
10940 8.639929e-11
10941 8.638246e-11
10942 8.636564e-11
10943 8.634882e-11
10944 8.633201e-11
10945 8.631520e-11
10946 8.629839e-11
10947 8.628159e-11
10948 8.626480e-11
10949 8.624801e-11
10950 8.623122e-11
10951 8.621444e-11
10952 8.619767e-11
10953 8.618090e-11
10954 8.616413e-11
10955 8.614737e-11
10956 8.613061e-11
10957 8.611386e-11
10958 8.609711e-11
10959 8.608037e-11
10960 8.606363e-11
10961 8.604688e-11
10962 8.603014e-11
10963 8.601340e-11
10964 8.599666e-11
10965 8.597993e-11
10966 8.596320e-11
10967 8.594648e-11
10968 8.592977e-11
10969 8.591305e-11
10970 8.589635e-11
10971 8.587964e-11
10972 8.586295e-11
10973 8.584625e-11
10974 8.582956e-11
10975 8.581288e-11
10976 8.579620e-11
10977 8.577953e-11
10978 8.576286e-11
10979 8.574619e-11
10980 8.572953e-11
10981 8.571288e-11
10982 8.569623e-11
10983 8.567958e-11
10984 8.566294e-11
10985 8.564631e-11
10986 8.562967e-11
10987 8.561305e-11
10988 8.559643e-11
10989 8.557981e-11
10990 8.556320e-11
10991 8.554659e-11
10992 8.552999e-11
10993 8.551339e-11
10994 8.549680e-11
10995 8.548021e-11
10996 8.546362e-11
10997 8.544704e-11
10998 8.543047e-11
10999 8.541390e-11
11000 8.539733e-11
11001 8.538077e-11
11002 8.536422e-11
11003 8.534767e-11
11004 8.533112e-11
11005 8.531458e-11
11006 8.529804e-11
11007 8.528151e-11
11008 8.526498e-11
11009 8.524846e-11
11010 8.523194e-11
11011 8.521543e-11
11012 8.519892e-11
11013 8.518242e-11
11014 8.516592e-11
11015 8.514942e-11
11016 8.513293e-11
11017 8.511645e-11
11018 8.509997e-11
11019 8.508349e-11
11020 8.506702e-11
11021 8.505056e-11
11022 8.503409e-11
11023 8.501764e-11
11024 8.500118e-11
11025 8.498474e-11
11026 8.496829e-11
11027 8.495186e-11
11028 8.493542e-11
11029 8.491899e-11
11030 8.490257e-11
11031 8.488615e-11
11032 8.486973e-11
11033 8.485332e-11
11034 8.483692e-11
11035 8.482052e-11
11036 8.480412e-11
11037 8.478773e-11
11038 8.477134e-11
11039 8.475496e-11
11040 8.473858e-11
11041 8.472221e-11
11042 8.470584e-11
11043 8.468948e-11
11044 8.467312e-11
11045 8.465676e-11
11046 8.464041e-11
11047 8.462407e-11
11048 8.460773e-11
11049 8.459139e-11
11050 8.457506e-11
11051 8.455873e-11
11052 8.454241e-11
11053 8.452610e-11
11054 8.450978e-11
11055 8.449347e-11
11056 8.447717e-11
11057 8.446087e-11
11058 8.444457e-11
11059 8.442826e-11
11060 8.441196e-11
11061 8.439566e-11
11062 8.437937e-11
11063 8.436308e-11
11064 8.434680e-11
11065 8.433052e-11
11066 8.431424e-11
11067 8.429797e-11
11068 8.428171e-11
11069 8.426545e-11
11070 8.424919e-11
11071 8.423294e-11
11072 8.421669e-11
11073 8.420045e-11
11074 8.418421e-11
11075 8.416798e-11
11076 8.415175e-11
11077 8.413553e-11
11078 8.411931e-11
11079 8.410309e-11
11080 8.408688e-11
11081 8.407068e-11
11082 8.405448e-11
11083 8.403828e-11
11084 8.402209e-11
11085 8.400590e-11
11086 8.398972e-11
11087 8.397354e-11
11088 8.395737e-11
11089 8.394120e-11
11090 8.392503e-11
11091 8.390887e-11
11092 8.389272e-11
11093 8.387657e-11
11094 8.386042e-11
11095 8.384428e-11
11096 8.382814e-11
11097 8.381201e-11
11098 8.379588e-11
11099 8.377976e-11
11100 8.376364e-11
11101 8.374753e-11
11102 8.373142e-11
11103 8.371531e-11
11104 8.369921e-11
11105 8.368311e-11
11106 8.366702e-11
11107 8.365094e-11
11108 8.363485e-11
11109 8.361878e-11
11110 8.360270e-11
11111 8.358663e-11
11112 8.357057e-11
11113 8.355451e-11
11114 8.353846e-11
11115 8.352240e-11
11116 8.350636e-11
11117 8.349032e-11
11118 8.347428e-11
11119 8.345825e-11
11120 8.344222e-11
11121 8.342620e-11
11122 8.341018e-11
11123 8.339416e-11
11124 8.337815e-11
11125 8.336215e-11
11126 8.334615e-11
11127 8.333015e-11
11128 8.331416e-11
11129 8.329817e-11
11130 8.328219e-11
11131 8.326621e-11
11132 8.325024e-11
11133 8.323427e-11
11134 8.321830e-11
11135 8.320234e-11
11136 8.318639e-11
11137 8.317043e-11
11138 8.315449e-11
11139 8.313854e-11
11140 8.312261e-11
11141 8.310667e-11
11142 8.309074e-11
11143 8.307482e-11
11144 8.305890e-11
11145 8.304298e-11
11146 8.302707e-11
11147 8.301117e-11
11148 8.299527e-11
11149 8.297937e-11
11150 8.296347e-11
11151 8.294759e-11
11152 8.293170e-11
11153 8.291582e-11
11154 8.289995e-11
11155 8.288408e-11
11156 8.286820e-11
11157 8.285232e-11
11158 8.283645e-11
11159 8.282058e-11
11160 8.280472e-11
11161 8.278886e-11
11162 8.277300e-11
11163 8.275715e-11
11164 8.274130e-11
11165 8.272546e-11
11166 8.270962e-11
11167 8.269379e-11
11168 8.267796e-11
11169 8.266213e-11
11170 8.264631e-11
11171 8.263049e-11
11172 8.261468e-11
11173 8.259888e-11
11174 8.258307e-11
11175 8.256728e-11
11176 8.255148e-11
11177 8.253569e-11
11178 8.251991e-11
11179 8.250413e-11
11180 8.248835e-11
11181 8.247258e-11
11182 8.245681e-11
11183 8.244105e-11
11184 8.242529e-11
11185 8.240954e-11
11186 8.239379e-11
11187 8.237804e-11
11188 8.236230e-11
11189 8.234656e-11
11190 8.233083e-11
11191 8.231510e-11
11192 8.229938e-11
11193 8.228366e-11
11194 8.226795e-11
11195 8.225224e-11
11196 8.223653e-11
11197 8.222083e-11
11198 8.220514e-11
11199 8.218944e-11
11200 8.217375e-11
11201 8.215807e-11
11202 8.214239e-11
11203 8.212672e-11
11204 8.211105e-11
11205 8.209538e-11
11206 8.207972e-11
11207 8.206406e-11
11208 8.204841e-11
11209 8.203276e-11
11210 8.201712e-11
11211 8.200148e-11
11212 8.198584e-11
11213 8.197021e-11
11214 8.195459e-11
11215 8.193896e-11
11216 8.192335e-11
11217 8.190773e-11
11218 8.189212e-11
11219 8.187652e-11
11220 8.186092e-11
11221 8.184532e-11
11222 8.182973e-11
11223 8.181414e-11
11224 8.179856e-11
11225 8.178298e-11
11226 8.176741e-11
11227 8.175184e-11
11228 8.173627e-11
11229 8.172071e-11
11230 8.170515e-11
11231 8.168960e-11
11232 8.167405e-11
11233 8.165851e-11
11234 8.164297e-11
11235 8.162744e-11
11236 8.161190e-11
11237 8.159638e-11
11238 8.158086e-11
11239 8.156534e-11
11240 8.154983e-11
11241 8.153432e-11
11242 8.151881e-11
11243 8.150331e-11
11244 8.148782e-11
11245 8.147232e-11
11246 8.145684e-11
11247 8.144135e-11
11248 8.142587e-11
11249 8.141040e-11
11250 8.139493e-11
11251 8.137946e-11
11252 8.136400e-11
11253 8.134854e-11
11254 8.133309e-11
11255 8.131764e-11
11256 8.130218e-11
11257 8.128672e-11
11258 8.127127e-11
11259 8.125582e-11
11260 8.124038e-11
11261 8.122494e-11
11262 8.120951e-11
11263 8.119408e-11
11264 8.117865e-11
11265 8.116323e-11
11266 8.114781e-11
11267 8.113240e-11
11268 8.111699e-11
11269 8.110159e-11
11270 8.108619e-11
11271 8.107079e-11
11272 8.105540e-11
11273 8.104001e-11
11274 8.102463e-11
11275 8.100925e-11
11276 8.099388e-11
11277 8.097851e-11
11278 8.096314e-11
11279 8.094778e-11
11280 8.093242e-11
11281 8.091707e-11
11282 8.090172e-11
11283 8.088638e-11
11284 8.087104e-11
11285 8.085570e-11
11286 8.084037e-11
11287 8.082504e-11
11288 8.080972e-11
11289 8.079440e-11
11290 8.077909e-11
11291 8.076378e-11
11292 8.074847e-11
11293 8.073317e-11
11294 8.071787e-11
11295 8.070258e-11
11296 8.068729e-11
11297 8.067201e-11
11298 8.065673e-11
11299 8.064145e-11
11300 8.062618e-11
11301 8.061091e-11
11302 8.059565e-11
11303 8.058039e-11
11304 8.056513e-11
11305 8.054988e-11
11306 8.053463e-11
11307 8.051939e-11
11308 8.050415e-11
11309 8.048892e-11
11310 8.047369e-11
11311 8.045847e-11
11312 8.044324e-11
11313 8.042803e-11
11314 8.041281e-11
11315 8.039761e-11
11316 8.038240e-11
11317 8.036720e-11
11318 8.035201e-11
11319 8.033681e-11
11320 8.032163e-11
11321 8.030644e-11
11322 8.029127e-11
11323 8.027609e-11
11324 8.026092e-11
11325 8.024575e-11
11326 8.023059e-11
11327 8.021543e-11
11328 8.020028e-11
11329 8.018513e-11
11330 8.016998e-11
11331 8.015484e-11
11332 8.013971e-11
11333 8.012457e-11
11334 8.010945e-11
11335 8.009432e-11
11336 8.007920e-11
11337 8.006408e-11
11338 8.004897e-11
11339 8.003387e-11
11340 8.001876e-11
11341 8.000366e-11
11342 7.998857e-11
11343 7.997348e-11
11344 7.995839e-11
11345 7.994331e-11
11346 7.992823e-11
11347 7.991316e-11
11348 7.989809e-11
11349 7.988302e-11
11350 7.986796e-11
11351 7.985290e-11
11352 7.983785e-11
11353 7.982280e-11
11354 7.980775e-11
11355 7.979271e-11
11356 7.977766e-11
11357 7.976261e-11
11358 7.974756e-11
11359 7.973252e-11
11360 7.971749e-11
11361 7.970246e-11
11362 7.968743e-11
11363 7.967241e-11
11364 7.965739e-11
11365 7.964237e-11
11366 7.962736e-11
11367 7.961236e-11
11368 7.959736e-11
11369 7.958236e-11
11370 7.956736e-11
11371 7.955237e-11
11372 7.953739e-11
11373 7.952241e-11
11374 7.950743e-11
11375 7.949246e-11
11376 7.947749e-11
11377 7.946252e-11
11378 7.944756e-11
11379 7.943261e-11
11380 7.941765e-11
11381 7.940270e-11
11382 7.938776e-11
11383 7.937282e-11
11384 7.935788e-11
11385 7.934295e-11
11386 7.932802e-11
11387 7.931310e-11
11388 7.929818e-11
11389 7.928327e-11
11390 7.926835e-11
11391 7.925345e-11
11392 7.923854e-11
11393 7.922365e-11
11394 7.920875e-11
11395 7.919386e-11
11396 7.917897e-11
11397 7.916409e-11
11398 7.914921e-11
11399 7.913434e-11
11400 7.911947e-11
11401 7.910460e-11
11402 7.908974e-11
11403 7.907488e-11
11404 7.906003e-11
11405 7.904518e-11
11406 7.903033e-11
11407 7.901549e-11
11408 7.900065e-11
11409 7.898582e-11
11410 7.897099e-11
11411 7.895617e-11
11412 7.894134e-11
11413 7.892653e-11
11414 7.891171e-11
11415 7.889691e-11
11416 7.888210e-11
11417 7.886730e-11
11418 7.885250e-11
11419 7.883771e-11
11420 7.882292e-11
11421 7.880814e-11
11422 7.879336e-11
11423 7.877858e-11
11424 7.876381e-11
11425 7.874904e-11
11426 7.873428e-11
11427 7.871952e-11
11428 7.870476e-11
11429 7.869001e-11
11430 7.867526e-11
11431 7.866052e-11
11432 7.864578e-11
11433 7.863104e-11
11434 7.861631e-11
11435 7.860158e-11
11436 7.858686e-11
11437 7.857214e-11
11438 7.855742e-11
11439 7.854271e-11
11440 7.852800e-11
11441 7.851330e-11
11442 7.849860e-11
11443 7.848391e-11
11444 7.846921e-11
11445 7.845453e-11
11446 7.843984e-11
11447 7.842516e-11
11448 7.841049e-11
11449 7.839582e-11
11450 7.838115e-11
11451 7.836649e-11
11452 7.835183e-11
11453 7.833717e-11
11454 7.832252e-11
11455 7.830788e-11
11456 7.829323e-11
11457 7.827857e-11
11458 7.826392e-11
11459 7.824928e-11
11460 7.823464e-11
11461 7.822000e-11
11462 7.820537e-11
11463 7.819074e-11
11464 7.817611e-11
11465 7.816149e-11
11466 7.814687e-11
11467 7.813226e-11
11468 7.811765e-11
11469 7.810304e-11
11470 7.808844e-11
11471 7.807384e-11
11472 7.805925e-11
11473 7.804466e-11
11474 7.803007e-11
11475 7.801549e-11
11476 7.800091e-11
11477 7.798634e-11
11478 7.797177e-11
11479 7.795721e-11
11480 7.794264e-11
11481 7.792809e-11
11482 7.791353e-11
11483 7.789898e-11
11484 7.788444e-11
11485 7.786990e-11
11486 7.785536e-11
11487 7.784082e-11
11488 7.782629e-11
11489 7.781177e-11
11490 7.779725e-11
11491 7.778273e-11
11492 7.776822e-11
11493 7.775371e-11
11494 7.773920e-11
11495 7.772470e-11
11496 7.771020e-11
11497 7.769571e-11
11498 7.768122e-11
11499 7.766673e-11
11500 7.765225e-11
11501 7.763777e-11
11502 7.762330e-11
11503 7.760883e-11
11504 7.759436e-11
11505 7.757990e-11
11506 7.756544e-11
11507 7.755098e-11
11508 7.753653e-11
11509 7.752209e-11
11510 7.750764e-11
11511 7.749321e-11
11512 7.747877e-11
11513 7.746434e-11
11514 7.744991e-11
11515 7.743549e-11
11516 7.742107e-11
11517 7.740666e-11
11518 7.739224e-11
11519 7.737784e-11
11520 7.736343e-11
11521 7.734904e-11
11522 7.733464e-11
11523 7.732025e-11
11524 7.730586e-11
11525 7.729148e-11
11526 7.727710e-11
11527 7.726272e-11
11528 7.724835e-11
11529 7.723398e-11
11530 7.721962e-11
11531 7.720526e-11
11532 7.719090e-11
11533 7.717655e-11
11534 7.716220e-11
11535 7.714786e-11
11536 7.713352e-11
11537 7.711918e-11
11538 7.710485e-11
11539 7.709052e-11
11540 7.707619e-11
11541 7.706187e-11
11542 7.704756e-11
11543 7.703324e-11
11544 7.701893e-11
11545 7.700463e-11
11546 7.699033e-11
11547 7.697603e-11
11548 7.696174e-11
11549 7.694745e-11
11550 7.693316e-11
11551 7.691888e-11
11552 7.690460e-11
11553 7.689033e-11
11554 7.687606e-11
11555 7.686179e-11
11556 7.684753e-11
11557 7.683327e-11
11558 7.681900e-11
11559 7.680474e-11
11560 7.679048e-11
11561 7.677622e-11
11562 7.676197e-11
11563 7.674772e-11
11564 7.673347e-11
11565 7.671923e-11
11566 7.670499e-11
11567 7.669076e-11
11568 7.667653e-11
11569 7.666230e-11
11570 7.664808e-11
11571 7.663386e-11
11572 7.661964e-11
11573 7.660543e-11
11574 7.659123e-11
11575 7.657702e-11
11576 7.656282e-11
11577 7.654863e-11
11578 7.653444e-11
11579 7.652025e-11
11580 7.650607e-11
11581 7.649189e-11
11582 7.647771e-11
11583 7.646354e-11
11584 7.644937e-11
11585 7.643520e-11
11586 7.642104e-11
11587 7.640689e-11
11588 7.639273e-11
11589 7.637858e-11
11590 7.636444e-11
11591 7.635030e-11
11592 7.633616e-11
11593 7.632202e-11
11594 7.630789e-11
11595 7.629377e-11
11596 7.627965e-11
11597 7.626553e-11
11598 7.625141e-11
11599 7.623730e-11
11600 7.622319e-11
11601 7.620909e-11
11602 7.619499e-11
11603 7.618090e-11
11604 7.616680e-11
11605 7.615272e-11
11606 7.613863e-11
11607 7.612455e-11
11608 7.611048e-11
11609 7.609640e-11
11610 7.608233e-11
11611 7.606827e-11
11612 7.605421e-11
11613 7.604015e-11
11614 7.602610e-11
11615 7.601205e-11
11616 7.599800e-11
11617 7.598396e-11
11618 7.596992e-11
11619 7.595588e-11
11620 7.594185e-11
11621 7.592783e-11
11622 7.591380e-11
11623 7.589978e-11
11624 7.588577e-11
11625 7.587176e-11
11626 7.585775e-11
11627 7.584374e-11
11628 7.582974e-11
11629 7.581575e-11
11630 7.580175e-11
11631 7.578777e-11
11632 7.577378e-11
11633 7.575980e-11
11634 7.574582e-11
11635 7.573185e-11
11636 7.571788e-11
11637 7.570391e-11
11638 7.568995e-11
11639 7.567599e-11
11640 7.566203e-11
11641 7.564808e-11
11642 7.563413e-11
11643 7.562019e-11
11644 7.560625e-11
11645 7.559231e-11
11646 7.557838e-11
11647 7.556445e-11
11648 7.555053e-11
11649 7.553661e-11
11650 7.552269e-11
11651 7.550878e-11
11652 7.549487e-11
11653 7.548096e-11
11654 7.546706e-11
11655 7.545316e-11
11656 7.543926e-11
11657 7.542537e-11
11658 7.541148e-11
11659 7.539760e-11
11660 7.538372e-11
11661 7.536983e-11
11662 7.535595e-11
11663 7.534206e-11
11664 7.532819e-11
11665 7.531431e-11
11666 7.530044e-11
11667 7.528657e-11
11668 7.527271e-11
11669 7.525885e-11
11670 7.524499e-11
11671 7.523114e-11
11672 7.521729e-11
11673 7.520345e-11
11674 7.518960e-11
11675 7.517577e-11
11676 7.516193e-11
11677 7.514810e-11
11678 7.513428e-11
11679 7.512045e-11
11680 7.510664e-11
11681 7.509282e-11
11682 7.507901e-11
11683 7.506520e-11
11684 7.505140e-11
11685 7.503760e-11
11686 7.502380e-11
11687 7.501001e-11
11688 7.499622e-11
11689 7.498243e-11
11690 7.496865e-11
11691 7.495487e-11
11692 7.494110e-11
11693 7.492733e-11
11694 7.491356e-11
11695 7.489980e-11
11696 7.488604e-11
11697 7.487228e-11
11698 7.485853e-11
11699 7.484478e-11
11700 7.483104e-11
11701 7.481730e-11
11702 7.480356e-11
11703 7.478983e-11
11704 7.477610e-11
11705 7.476237e-11
11706 7.474865e-11
11707 7.473493e-11
11708 7.472122e-11
11709 7.470750e-11
11710 7.469380e-11
11711 7.468009e-11
11712 7.466639e-11
11713 7.465270e-11
11714 7.463900e-11
11715 7.462531e-11
11716 7.461163e-11
11717 7.459795e-11
11718 7.458427e-11
11719 7.457059e-11
11720 7.455692e-11
11721 7.454325e-11
11722 7.452959e-11
11723 7.451593e-11
11724 7.450228e-11
11725 7.448862e-11
11726 7.447497e-11
11727 7.446133e-11
11728 7.444769e-11
11729 7.443405e-11
11730 7.442041e-11
11731 7.440678e-11
11732 7.439316e-11
11733 7.437953e-11
11734 7.436591e-11
11735 7.435230e-11
11736 7.433869e-11
11737 7.432508e-11
11738 7.431147e-11
11739 7.429787e-11
11740 7.428427e-11
11741 7.427068e-11
11742 7.425709e-11
11743 7.424350e-11
11744 7.422992e-11
11745 7.421634e-11
11746 7.420276e-11
11747 7.418919e-11
11748 7.417562e-11
11749 7.416206e-11
11750 7.414850e-11
11751 7.413494e-11
11752 7.412139e-11
11753 7.410784e-11
11754 7.409429e-11
11755 7.408075e-11
11756 7.406721e-11
11757 7.405367e-11
11758 7.404014e-11
11759 7.402661e-11
11760 7.401308e-11
11761 7.399956e-11
11762 7.398605e-11
11763 7.397253e-11
11764 7.395902e-11
11765 7.394550e-11
11766 7.393198e-11
11767 7.391847e-11
11768 7.390496e-11
11769 7.389145e-11
11770 7.387795e-11
11771 7.386445e-11
11772 7.385096e-11
11773 7.383747e-11
11774 7.382398e-11
11775 7.381049e-11
11776 7.379701e-11
11777 7.378354e-11
11778 7.377006e-11
11779 7.375659e-11
11780 7.374313e-11
11781 7.372967e-11
11782 7.371621e-11
11783 7.370275e-11
11784 7.368930e-11
11785 7.367585e-11
11786 7.366241e-11
11787 7.364897e-11
11788 7.363553e-11
11789 7.362210e-11
11790 7.360867e-11
11791 7.359524e-11
11792 7.358182e-11
11793 7.356840e-11
11794 7.355498e-11
11795 7.354157e-11
11796 7.352816e-11
11797 7.351476e-11
11798 7.350136e-11
11799 7.348796e-11
11800 7.347457e-11
11801 7.346117e-11
11802 7.344779e-11
11803 7.343440e-11
11804 7.342102e-11
11805 7.340765e-11
11806 7.339428e-11
11807 7.338091e-11
11808 7.336754e-11
11809 7.335418e-11
11810 7.334082e-11
11811 7.332747e-11
11812 7.331411e-11
11813 7.330077e-11
11814 7.328742e-11
11815 7.327408e-11
11816 7.326074e-11
11817 7.324741e-11
11818 7.323408e-11
11819 7.322075e-11
11820 7.320743e-11
11821 7.319411e-11
11822 7.318080e-11
11823 7.316748e-11
11824 7.315418e-11
11825 7.314087e-11
11826 7.312757e-11
11827 7.311427e-11
11828 7.310098e-11
11829 7.308769e-11
11830 7.307440e-11
11831 7.306111e-11
11832 7.304783e-11
11833 7.303456e-11
11834 7.302128e-11
11835 7.300801e-11
11836 7.299475e-11
11837 7.298149e-11
11838 7.296823e-11
11839 7.295497e-11
11840 7.294172e-11
11841 7.292847e-11
11842 7.291523e-11
11843 7.290198e-11
11844 7.288875e-11
11845 7.287551e-11
11846 7.286228e-11
11847 7.284905e-11
11848 7.283583e-11
11849 7.282261e-11
11850 7.280939e-11
11851 7.279618e-11
11852 7.278297e-11
11853 7.276976e-11
11854 7.275656e-11
11855 7.274336e-11
11856 7.273016e-11
11857 7.271697e-11
11858 7.270378e-11
11859 7.269060e-11
11860 7.267742e-11
11861 7.266424e-11
11862 7.265106e-11
11863 7.263789e-11
11864 7.262472e-11
11865 7.261156e-11
11866 7.259840e-11
11867 7.258524e-11
11868 7.257209e-11
11869 7.255893e-11
11870 7.254577e-11
11871 7.253261e-11
11872 7.251946e-11
11873 7.250631e-11
11874 7.249317e-11
11875 7.248002e-11
11876 7.246688e-11
11877 7.245375e-11
11878 7.244062e-11
11879 7.242749e-11
11880 7.241437e-11
11881 7.240124e-11
11882 7.238813e-11
11883 7.237501e-11
11884 7.236190e-11
11885 7.234879e-11
11886 7.233569e-11
11887 7.232259e-11
11888 7.230949e-11
11889 7.229640e-11
11890 7.228331e-11
11891 7.227022e-11
11892 7.225714e-11
11893 7.224406e-11
11894 7.223099e-11
11895 7.221791e-11
11896 7.220484e-11
11897 7.219178e-11
11898 7.217872e-11
11899 7.216566e-11
11900 7.215260e-11
11901 7.213955e-11
11902 7.212650e-11
11903 7.211346e-11
11904 7.210042e-11
11905 7.208738e-11
11906 7.207434e-11
11907 7.206131e-11
11908 7.204829e-11
11909 7.203526e-11
11910 7.202224e-11
11911 7.200922e-11
11912 7.199621e-11
11913 7.198320e-11
11914 7.197019e-11
11915 7.195719e-11
11916 7.194419e-11
11917 7.193119e-11
11918 7.191820e-11
11919 7.190521e-11
11920 7.189222e-11
11921 7.187924e-11
11922 7.186626e-11
11923 7.185329e-11
11924 7.184031e-11
11925 7.182734e-11
11926 7.181438e-11
11927 7.180142e-11
11928 7.178846e-11
11929 7.177550e-11
11930 7.176255e-11
11931 7.174960e-11
11932 7.173666e-11
11933 7.172372e-11
11934 7.171078e-11
11935 7.169784e-11
11936 7.168491e-11
11937 7.167198e-11
11938 7.165906e-11
11939 7.164614e-11
11940 7.163322e-11
11941 7.162031e-11
11942 7.160739e-11
11943 7.159449e-11
11944 7.158158e-11
11945 7.156868e-11
11946 7.155578e-11
11947 7.154289e-11
11948 7.153000e-11
11949 7.151711e-11
11950 7.150423e-11
11951 7.149135e-11
11952 7.147847e-11
11953 7.146560e-11
11954 7.145273e-11
11955 7.143986e-11
11956 7.142700e-11
11957 7.141414e-11
11958 7.140128e-11
11959 7.138843e-11
11960 7.137558e-11
11961 7.136273e-11
11962 7.134989e-11
11963 7.133705e-11
11964 7.132421e-11
11965 7.131138e-11
11966 7.129855e-11
11967 7.128573e-11
11968 7.127290e-11
11969 7.126008e-11
11970 7.124727e-11
11971 7.123445e-11
11972 7.122165e-11
11973 7.120884e-11
11974 7.119603e-11
11975 7.118322e-11
11976 7.117041e-11
11977 7.115761e-11
11978 7.114481e-11
11979 7.113201e-11
11980 7.111922e-11
11981 7.110642e-11
11982 7.109364e-11
11983 7.108085e-11
11984 7.106807e-11
11985 7.105529e-11
11986 7.104252e-11
11987 7.102975e-11
11988 7.101698e-11
11989 7.100422e-11
11990 7.099146e-11
11991 7.097870e-11
11992 7.096594e-11
11993 7.095319e-11
11994 7.094045e-11
11995 7.092770e-11
11996 7.091496e-11
11997 7.090222e-11
11998 7.088949e-11
11999 7.087676e-11
12000 7.086403e-11
12001 7.085131e-11
12002 7.083859e-11
12003 7.082587e-11
12004 7.081316e-11
12005 7.080045e-11
12006 7.078774e-11
12007 7.077504e-11
12008 7.076233e-11
12009 7.074964e-11
12010 7.073694e-11
12011 7.072425e-11
12012 7.071157e-11
12013 7.069888e-11
12014 7.068620e-11
12015 7.067352e-11
12016 7.066085e-11
12017 7.064818e-11
12018 7.063551e-11
12019 7.062285e-11
12020 7.061019e-11
12021 7.059753e-11
12022 7.058488e-11
12023 7.057223e-11
12024 7.055958e-11
12025 7.054693e-11
12026 7.053429e-11
12027 7.052166e-11
12028 7.050902e-11
12029 7.049639e-11
12030 7.048376e-11
12031 7.047114e-11
12032 7.045852e-11
12033 7.044590e-11
12034 7.043329e-11
12035 7.042068e-11
12036 7.040807e-11
12037 7.039547e-11
12038 7.038286e-11
12039 7.037027e-11
12040 7.035767e-11
12041 7.034508e-11
12042 7.033249e-11
12043 7.031991e-11
12044 7.030733e-11
12045 7.029475e-11
12046 7.028218e-11
12047 7.026960e-11
12048 7.025704e-11
12049 7.024447e-11
12050 7.023191e-11
12051 7.021935e-11
12052 7.020680e-11
12053 7.019425e-11
12054 7.018170e-11
12055 7.016915e-11
12056 7.015661e-11
12057 7.014407e-11
12058 7.013154e-11
12059 7.011901e-11
12060 7.010648e-11
12061 7.009395e-11
12062 7.008143e-11
12063 7.006891e-11
12064 7.005639e-11
12065 7.004388e-11
12066 7.003137e-11
12067 7.001887e-11
12068 7.000637e-11
12069 6.999387e-11
12070 6.998137e-11
12071 6.996888e-11
12072 6.995639e-11
12073 6.994390e-11
12074 6.993142e-11
12075 6.991894e-11
12076 6.990646e-11
12077 6.989399e-11
12078 6.988152e-11
12079 6.986905e-11
12080 6.985659e-11
12081 6.984412e-11
12082 6.983165e-11
12083 6.981919e-11
12084 6.980672e-11
12085 6.979427e-11
12086 6.978181e-11
12087 6.976936e-11
12088 6.975691e-11
12089 6.974446e-11
12090 6.973202e-11
12091 6.971958e-11
12092 6.970715e-11
12093 6.969471e-11
12094 6.968228e-11
12095 6.966986e-11
12096 6.965743e-11
12097 6.964501e-11
12098 6.963260e-11
12099 6.962018e-11
12100 6.960777e-11
12101 6.959537e-11
12102 6.958296e-11
12103 6.957056e-11
12104 6.955817e-11
12105 6.954577e-11
12106 6.953338e-11
12107 6.952100e-11
12108 6.950861e-11
12109 6.949623e-11
12110 6.948385e-11
12111 6.947148e-11
12112 6.945911e-11
12113 6.944674e-11
12114 6.943437e-11
12115 6.942201e-11
12116 6.940965e-11
12117 6.939730e-11
12118 6.938495e-11
12119 6.937260e-11
12120 6.936025e-11
12121 6.934791e-11
12122 6.933557e-11
12123 6.932324e-11
12124 6.931090e-11
12125 6.929857e-11
12126 6.928625e-11
12127 6.927392e-11
12128 6.926160e-11
12129 6.924929e-11
12130 6.923697e-11
12131 6.922466e-11
12132 6.921236e-11
12133 6.920005e-11
12134 6.918775e-11
12135 6.917546e-11
12136 6.916316e-11
12137 6.915087e-11
12138 6.913858e-11
12139 6.912630e-11
12140 6.911402e-11
12141 6.910174e-11
12142 6.908946e-11
12143 6.907719e-11
12144 6.906492e-11
12145 6.905266e-11
12146 6.904040e-11
12147 6.902814e-11
12148 6.901588e-11
12149 6.900363e-11
12150 6.899138e-11
12151 6.897913e-11
12152 6.896689e-11
12153 6.895465e-11
12154 6.894241e-11
12155 6.893018e-11
12156 6.891795e-11
12157 6.890572e-11
12158 6.889350e-11
12159 6.888128e-11
12160 6.886906e-11
12161 6.885684e-11
12162 6.884463e-11
12163 6.883242e-11
12164 6.882022e-11
12165 6.880802e-11
12166 6.879582e-11
12167 6.878362e-11
12168 6.877143e-11
12169 6.875924e-11
12170 6.874706e-11
12171 6.873487e-11
12172 6.872269e-11
12173 6.871052e-11
12174 6.869834e-11
12175 6.868617e-11
12176 6.867401e-11
12177 6.866184e-11
12178 6.864968e-11
12179 6.863752e-11
12180 6.862537e-11
12181 6.861322e-11
12182 6.860107e-11
12183 6.858892e-11
12184 6.857678e-11
12185 6.856464e-11
12186 6.855251e-11
12187 6.854037e-11
12188 6.852824e-11
12189 6.851610e-11
12190 6.850397e-11
12191 6.849183e-11
12192 6.847971e-11
12193 6.846758e-11
12194 6.845546e-11
12195 6.844334e-11
12196 6.843123e-11
12197 6.841911e-11
12198 6.840700e-11
12199 6.839490e-11
12200 6.838280e-11
12201 6.837070e-11
12202 6.835860e-11
12203 6.834651e-11
12204 6.833441e-11
12205 6.832233e-11
12206 6.831024e-11
12207 6.829816e-11
12208 6.828608e-11
12209 6.827401e-11
12210 6.826194e-11
12211 6.824987e-11
12212 6.823780e-11
12213 6.822574e-11
12214 6.821368e-11
12215 6.820163e-11
12216 6.818957e-11
12217 6.817752e-11
12218 6.816548e-11
12219 6.815343e-11
12220 6.814139e-11
12221 6.812936e-11
12222 6.811732e-11
12223 6.810529e-11
12224 6.809326e-11
12225 6.808124e-11
12226 6.806921e-11
12227 6.805720e-11
12228 6.804518e-11
12229 6.803317e-11
12230 6.802116e-11
12231 6.800915e-11
12232 6.799715e-11
12233 6.798515e-11
12234 6.797315e-11
12235 6.796116e-11
12236 6.794917e-11
12237 6.793718e-11
12238 6.792519e-11
12239 6.791321e-11
12240 6.790123e-11
12241 6.788926e-11
12242 6.787729e-11
12243 6.786532e-11
12244 6.785335e-11
12245 6.784139e-11
12246 6.782943e-11
12247 6.781747e-11
12248 6.780552e-11
12249 6.779357e-11
12250 6.778162e-11
12251 6.776968e-11
12252 6.775773e-11
12253 6.774580e-11
12254 6.773386e-11
12255 6.772193e-11
12256 6.771000e-11
12257 6.769807e-11
12258 6.768615e-11
12259 6.767423e-11
12260 6.766231e-11
12261 6.765040e-11
12262 6.763849e-11
12263 6.762658e-11
12264 6.761468e-11
12265 6.760278e-11
12266 6.759088e-11
12267 6.757898e-11
12268 6.756709e-11
12269 6.755520e-11
12270 6.754331e-11
12271 6.753143e-11
12272 6.751955e-11
12273 6.750767e-11
12274 6.749580e-11
12275 6.748393e-11
12276 6.747206e-11
12277 6.746020e-11
12278 6.744833e-11
12279 6.743648e-11
12280 6.742462e-11
12281 6.741277e-11
12282 6.740092e-11
12283 6.738907e-11
12284 6.737723e-11
12285 6.736539e-11
12286 6.735355e-11
12287 6.734172e-11
12288 6.732988e-11
12289 6.731806e-11
12290 6.730623e-11
12291 6.729441e-11
12292 6.728259e-11
12293 6.727077e-11
12294 6.725896e-11
12295 6.724715e-11
12296 6.723534e-11
12297 6.722353e-11
12298 6.721171e-11
12299 6.719990e-11
12300 6.718810e-11
12301 6.717630e-11
12302 6.716450e-11
12303 6.715270e-11
12304 6.714091e-11
12305 6.712912e-11
12306 6.711733e-11
12307 6.710554e-11
12308 6.709376e-11
12309 6.708198e-11
12310 6.707021e-11
12311 6.705844e-11
12312 6.704667e-11
12313 6.703490e-11
12314 6.702314e-11
12315 6.701138e-11
12316 6.699962e-11
12317 6.698787e-11
12318 6.697611e-11
12319 6.696437e-11
12320 6.695262e-11
12321 6.694088e-11
12322 6.692914e-11
12323 6.691740e-11
12324 6.690567e-11
12325 6.689394e-11
12326 6.688221e-11
12327 6.687049e-11
12328 6.685877e-11
12329 6.684705e-11
12330 6.683533e-11
12331 6.682362e-11
12332 6.681191e-11
12333 6.680021e-11
12334 6.678850e-11
12335 6.677680e-11
12336 6.676511e-11
12337 6.675341e-11
12338 6.674172e-11
12339 6.673003e-11
12340 6.671835e-11
12341 6.670667e-11
12342 6.669499e-11
12343 6.668331e-11
12344 6.667164e-11
12345 6.665997e-11
12346 6.664830e-11
12347 6.663663e-11
12348 6.662497e-11
12349 6.661332e-11
12350 6.660166e-11
12351 6.659001e-11
12352 6.657836e-11
12353 6.656671e-11
12354 6.655507e-11
12355 6.654343e-11
12356 6.653179e-11
12357 6.652016e-11
12358 6.650853e-11
12359 6.649690e-11
12360 6.648527e-11
12361 6.647365e-11
12362 6.646203e-11
12363 6.645041e-11
12364 6.643880e-11
12365 6.642719e-11
12366 6.641558e-11
12367 6.640398e-11
12368 6.639237e-11
12369 6.638078e-11
12370 6.636918e-11
12371 6.635759e-11
12372 6.634600e-11
12373 6.633441e-11
12374 6.632283e-11
12375 6.631125e-11
12376 6.629967e-11
12377 6.628809e-11
12378 6.627652e-11
12379 6.626495e-11
12380 6.625338e-11
12381 6.624182e-11
12382 6.623026e-11
12383 6.621870e-11
12384 6.620715e-11
12385 6.619560e-11
12386 6.618405e-11
12387 6.617250e-11
12388 6.616096e-11
12389 6.614942e-11
12390 6.613788e-11
12391 6.612635e-11
12392 6.611482e-11
12393 6.610329e-11
12394 6.609177e-11
12395 6.608024e-11
12396 6.606873e-11
12397 6.605721e-11
12398 6.604570e-11
12399 6.603419e-11
12400 6.602268e-11
12401 6.601117e-11
12402 6.599967e-11
12403 6.598817e-11
12404 6.597668e-11
12405 6.596518e-11
12406 6.595368e-11
12407 6.594219e-11
12408 6.593069e-11
12409 6.591920e-11
12410 6.590771e-11
12411 6.589623e-11
12412 6.588474e-11
12413 6.587326e-11
12414 6.586179e-11
12415 6.585031e-11
12416 6.583884e-11
12417 6.582737e-11
12418 6.581591e-11
12419 6.580445e-11
12420 6.579299e-11
12421 6.578153e-11
12422 6.577008e-11
12423 6.575863e-11
12424 6.574718e-11
12425 6.573574e-11
12426 6.572429e-11
12427 6.571285e-11
12428 6.570142e-11
12429 6.568999e-11
12430 6.567856e-11
12431 6.566713e-11
12432 6.565570e-11
12433 6.564428e-11
12434 6.563286e-11
12435 6.562145e-11
12436 6.561004e-11
12437 6.559863e-11
12438 6.558722e-11
12439 6.557581e-11
12440 6.556441e-11
12441 6.555301e-11
12442 6.554162e-11
12443 6.553023e-11
12444 6.551884e-11
12445 6.550745e-11
12446 6.549607e-11
12447 6.548469e-11
12448 6.547331e-11
12449 6.546193e-11
12450 6.545056e-11
12451 6.543919e-11
12452 6.542783e-11
12453 6.541646e-11
12454 6.540510e-11
12455 6.539374e-11
12456 6.538239e-11
12457 6.537104e-11
12458 6.535969e-11
12459 6.534834e-11
12460 6.533700e-11
12461 6.532566e-11
12462 6.531432e-11
12463 6.530299e-11
12464 6.529165e-11
12465 6.528032e-11
12466 6.526900e-11
12467 6.525768e-11
12468 6.524635e-11
12469 6.523504e-11
12470 6.522372e-11
12471 6.521241e-11
12472 6.520110e-11
12473 6.518980e-11
12474 6.517849e-11
12475 6.516719e-11
12476 6.515590e-11
12477 6.514460e-11
12478 6.513331e-11
12479 6.512202e-11
12480 6.511073e-11
12481 6.509945e-11
12482 6.508817e-11
12483 6.507689e-11
12484 6.506562e-11
12485 6.505435e-11
12486 6.504308e-11
12487 6.503181e-11
12488 6.502055e-11
12489 6.500929e-11
12490 6.499803e-11
12491 6.498678e-11
12492 6.497553e-11
12493 6.496428e-11
12494 6.495303e-11
12495 6.494179e-11
12496 6.493055e-11
12497 6.491931e-11
12498 6.490808e-11
12499 6.489684e-11
12500 6.488561e-11
12501 6.487439e-11
12502 6.486317e-11
12503 6.485195e-11
12504 6.484073e-11
12505 6.482951e-11
12506 6.481830e-11
12507 6.480709e-11
12508 6.479589e-11
12509 6.478468e-11
12510 6.477348e-11
12511 6.476228e-11
12512 6.475109e-11
12513 6.473990e-11
12514 6.472871e-11
12515 6.471752e-11
12516 6.470633e-11
12517 6.469514e-11
12518 6.468395e-11
12519 6.467276e-11
12520 6.466158e-11
12521 6.465040e-11
12522 6.463923e-11
12523 6.462805e-11
12524 6.461688e-11
12525 6.460571e-11
12526 6.459455e-11
12527 6.458338e-11
12528 6.457222e-11
12529 6.456107e-11
12530 6.454991e-11
12531 6.453876e-11
12532 6.452761e-11
12533 6.451647e-11
12534 6.450533e-11
12535 6.449419e-11
12536 6.448305e-11
12537 6.447191e-11
12538 6.446078e-11
12539 6.444965e-11
12540 6.443853e-11
12541 6.442740e-11
12542 6.441628e-11
12543 6.440517e-11
12544 6.439405e-11
12545 6.438294e-11
12546 6.437183e-11
12547 6.436072e-11
12548 6.434962e-11
12549 6.433852e-11
12550 6.432742e-11
12551 6.431633e-11
12552 6.430523e-11
12553 6.429414e-11
12554 6.428306e-11
12555 6.427197e-11
12556 6.426089e-11
12557 6.424981e-11
12558 6.423874e-11
12559 6.422767e-11
12560 6.421660e-11
12561 6.420553e-11
12562 6.419446e-11
12563 6.418340e-11
12564 6.417234e-11
12565 6.416129e-11
12566 6.415023e-11
12567 6.413918e-11
12568 6.412814e-11
12569 6.411709e-11
12570 6.410605e-11
12571 6.409501e-11
12572 6.408397e-11
12573 6.407294e-11
12574 6.406191e-11
12575 6.405088e-11
12576 6.403985e-11
12577 6.402883e-11
12578 6.401781e-11
12579 6.400679e-11
12580 6.399578e-11
12581 6.398477e-11
12582 6.397376e-11
12583 6.396275e-11
12584 6.395175e-11
12585 6.394075e-11
12586 6.392975e-11
12587 6.391876e-11
12588 6.390776e-11
12589 6.389677e-11
12590 6.388579e-11
12591 6.387480e-11
12592 6.386382e-11
12593 6.385284e-11
12594 6.384187e-11
12595 6.383090e-11
12596 6.381992e-11
12597 6.380896e-11
12598 6.379799e-11
12599 6.378703e-11
12600 6.377607e-11
12601 6.376512e-11
12602 6.375416e-11
12603 6.374321e-11
12604 6.373226e-11
12605 6.372132e-11
12606 6.371037e-11
12607 6.369943e-11
12608 6.368850e-11
12609 6.367756e-11
12610 6.366663e-11
12611 6.365570e-11
12612 6.364478e-11
12613 6.363385e-11
12614 6.362293e-11
12615 6.361201e-11
12616 6.360110e-11
12617 6.359019e-11
12618 6.357928e-11
12619 6.356837e-11
12620 6.355746e-11
12621 6.354656e-11
12622 6.353566e-11
12623 6.352477e-11
12624 6.351387e-11
12625 6.350298e-11
12626 6.349210e-11
12627 6.348120e-11
12628 6.347031e-11
12629 6.345942e-11
12630 6.344854e-11
12631 6.343765e-11
12632 6.342677e-11
12633 6.341589e-11
12634 6.340502e-11
12635 6.339414e-11
12636 6.338327e-11
12637 6.337241e-11
12638 6.336154e-11
12639 6.335068e-11
12640 6.333982e-11
12641 6.332896e-11
12642 6.331811e-11
12643 6.330726e-11
12644 6.329641e-11
12645 6.328556e-11
12646 6.327472e-11
12647 6.326388e-11
12648 6.325304e-11
12649 6.324221e-11
12650 6.323137e-11
12651 6.322054e-11
12652 6.320972e-11
12653 6.319889e-11
12654 6.318807e-11
12655 6.317725e-11
12656 6.316644e-11
12657 6.315562e-11
12658 6.314481e-11
12659 6.313400e-11
12660 6.312320e-11
12661 6.311240e-11
12662 6.310160e-11
12663 6.309080e-11
12664 6.308001e-11
12665 6.306921e-11
12666 6.305843e-11
12667 6.304764e-11
12668 6.303686e-11
12669 6.302607e-11
12670 6.301530e-11
12671 6.300452e-11
12672 6.299375e-11
12673 6.298298e-11
12674 6.297221e-11
12675 6.296145e-11
12676 6.295068e-11
12677 6.293992e-11
12678 6.292917e-11
12679 6.291841e-11
12680 6.290766e-11
12681 6.289691e-11
12682 6.288617e-11
12683 6.287542e-11
12684 6.286468e-11
12685 6.285395e-11
12686 6.284321e-11
12687 6.283248e-11
12688 6.282175e-11
12689 6.281102e-11
12690 6.280030e-11
12691 6.278957e-11
12692 6.277886e-11
12693 6.276814e-11
12694 6.275742e-11
12695 6.274671e-11
12696 6.273601e-11
12697 6.272530e-11
12698 6.271460e-11
12699 6.270390e-11
12700 6.269320e-11
12701 6.268250e-11
12702 6.267181e-11
12703 6.266112e-11
12704 6.265043e-11
12705 6.263975e-11
12706 6.262907e-11
12707 6.261839e-11
12708 6.260771e-11
12709 6.259704e-11
12710 6.258637e-11
12711 6.257570e-11
12712 6.256503e-11
12713 6.255437e-11
12714 6.254371e-11
12715 6.253305e-11
12716 6.252240e-11
12717 6.251174e-11
12718 6.250109e-11
12719 6.249045e-11
12720 6.247980e-11
12721 6.246916e-11
12722 6.245852e-11
12723 6.244788e-11
12724 6.243725e-11
12725 6.242662e-11
12726 6.241599e-11
12727 6.240536e-11
12728 6.239474e-11
12729 6.238412e-11
12730 6.237350e-11
12731 6.236288e-11
12732 6.235227e-11
12733 6.234166e-11
12734 6.233105e-11
12735 6.232045e-11
12736 6.230985e-11
12737 6.229925e-11
12738 6.228865e-11
12739 6.227805e-11
12740 6.226745e-11
12741 6.225685e-11
12742 6.224625e-11
12743 6.223566e-11
12744 6.222507e-11
12745 6.221448e-11
12746 6.220390e-11
12747 6.219332e-11
12748 6.218274e-11
12749 6.217216e-11
12750 6.216158e-11
12751 6.215101e-11
12752 6.214044e-11
12753 6.212987e-11
12754 6.211931e-11
12755 6.210875e-11
12756 6.209819e-11
12757 6.208763e-11
12758 6.207708e-11
12759 6.206653e-11
12760 6.205598e-11
12761 6.204543e-11
12762 6.203489e-11
12763 6.202435e-11
12764 6.201381e-11
12765 6.200328e-11
12766 6.199274e-11
12767 6.198221e-11
12768 6.197168e-11
12769 6.196116e-11
12770 6.195064e-11
12771 6.194012e-11
12772 6.192960e-11
12773 6.191909e-11
12774 6.190857e-11
12775 6.189806e-11
12776 6.188756e-11
12777 6.187705e-11
12778 6.186655e-11
12779 6.185605e-11
12780 6.184556e-11
12781 6.183506e-11
12782 6.182457e-11
12783 6.181408e-11
12784 6.180360e-11
12785 6.179311e-11
12786 6.178263e-11
12787 6.177216e-11
12788 6.176168e-11
12789 6.175121e-11
12790 6.174074e-11
12791 6.173027e-11
12792 6.171980e-11
12793 6.170934e-11
12794 6.169888e-11
12795 6.168842e-11
12796 6.167797e-11
12797 6.166752e-11
12798 6.165707e-11
12799 6.164662e-11
12800 6.163618e-11
12801 6.162573e-11
12802 6.161529e-11
12803 6.160486e-11
12804 6.159442e-11
12805 6.158399e-11
12806 6.157356e-11
12807 6.156314e-11
12808 6.155271e-11
12809 6.154229e-11
12810 6.153187e-11
12811 6.152146e-11
12812 6.151104e-11
12813 6.150063e-11
12814 6.149022e-11
12815 6.147982e-11
12816 6.146942e-11
12817 6.145901e-11
12818 6.144862e-11
12819 6.143822e-11
12820 6.142783e-11
12821 6.141744e-11
12822 6.140705e-11
12823 6.139666e-11
12824 6.138628e-11
12825 6.137590e-11
12826 6.136552e-11
12827 6.135515e-11
12828 6.134478e-11
12829 6.133441e-11
12830 6.132404e-11
12831 6.131368e-11
12832 6.130331e-11
12833 6.129295e-11
12834 6.128260e-11
12835 6.127224e-11
12836 6.126189e-11
12837 6.125154e-11
12838 6.124119e-11
12839 6.123085e-11
12840 6.122051e-11
12841 6.121017e-11
12842 6.119983e-11
12843 6.118950e-11
12844 6.117917e-11
12845 6.116884e-11
12846 6.115851e-11
12847 6.114819e-11
12848 6.113787e-11
12849 6.112755e-11
12850 6.111723e-11
12851 6.110692e-11
12852 6.109660e-11
12853 6.108629e-11
12854 6.107597e-11
12855 6.106566e-11
12856 6.105535e-11
12857 6.104504e-11
12858 6.103474e-11
12859 6.102443e-11
12860 6.101413e-11
12861 6.100384e-11
12862 6.099354e-11
12863 6.098325e-11
12864 6.097296e-11
12865 6.096267e-11
12866 6.095239e-11
12867 6.094211e-11
12868 6.093183e-11
12869 6.092155e-11
12870 6.091128e-11
12871 6.090100e-11
12872 6.089073e-11
12873 6.088047e-11
12874 6.087020e-11
12875 6.085994e-11
12876 6.084968e-11
12877 6.083943e-11
12878 6.082917e-11
12879 6.081892e-11
12880 6.080867e-11
12881 6.079842e-11
12882 6.078818e-11
12883 6.077794e-11
12884 6.076770e-11
12885 6.075746e-11
12886 6.074723e-11
12887 6.073700e-11
12888 6.072677e-11
12889 6.071654e-11
12890 6.070632e-11
12891 6.069610e-11
12892 6.068588e-11
12893 6.067566e-11
12894 6.066545e-11
12895 6.065524e-11
12896 6.064503e-11
12897 6.063482e-11
12898 6.062462e-11
12899 6.061441e-11
12900 6.060422e-11
12901 6.059402e-11
12902 6.058383e-11
12903 6.057363e-11
12904 6.056345e-11
12905 6.055326e-11
12906 6.054308e-11
12907 6.053289e-11
12908 6.052271e-11
12909 6.051254e-11
12910 6.050236e-11
12911 6.049219e-11
12912 6.048202e-11
12913 6.047186e-11
12914 6.046169e-11
12915 6.045153e-11
12916 6.044137e-11
12917 6.043122e-11
12918 6.042106e-11
12919 6.041091e-11
12920 6.040076e-11
12921 6.039062e-11
12922 6.038047e-11
12923 6.037033e-11
12924 6.036019e-11
12925 6.035006e-11
12926 6.033992e-11
12927 6.032979e-11
12928 6.031966e-11
12929 6.030954e-11
12930 6.029941e-11
12931 6.028929e-11
12932 6.027917e-11
12933 6.026905e-11
12934 6.025894e-11
12935 6.024883e-11
12936 6.023872e-11
12937 6.022861e-11
12938 6.021851e-11
12939 6.020841e-11
12940 6.019831e-11
12941 6.018821e-11
12942 6.017812e-11
12943 6.016803e-11
12944 6.015794e-11
12945 6.014785e-11
12946 6.013776e-11
12947 6.012768e-11
12948 6.011760e-11
12949 6.010753e-11
12950 6.009745e-11
12951 6.008738e-11
12952 6.007731e-11
12953 6.006724e-11
12954 6.005718e-11
12955 6.004712e-11
12956 6.003706e-11
12957 6.002700e-11
12958 6.001694e-11
12959 6.000689e-11
12960 5.999684e-11
12961 5.998679e-11
12962 5.997675e-11
12963 5.996671e-11
12964 5.995667e-11
12965 5.994663e-11
12966 5.993659e-11
12967 5.992655e-11
12968 5.991651e-11
12969 5.990648e-11
12970 5.989644e-11
12971 5.988641e-11
12972 5.987638e-11
12973 5.986635e-11
12974 5.985633e-11
12975 5.984631e-11
12976 5.983629e-11
12977 5.982627e-11
12978 5.981626e-11
12979 5.980625e-11
12980 5.979624e-11
12981 5.978623e-11
12982 5.977623e-11
12983 5.976622e-11
12984 5.975622e-11
12985 5.974623e-11
12986 5.973623e-11
12987 5.972624e-11
12988 5.971625e-11
12989 5.970626e-11
12990 5.969628e-11
12991 5.968629e-11
12992 5.967631e-11
12993 5.966634e-11
12994 5.965636e-11
12995 5.964639e-11
12996 5.963642e-11
12997 5.962645e-11
12998 5.961648e-11
12999 5.960652e-11
13000 5.959656e-11
13001 5.958660e-11
13002 5.957665e-11
13003 5.956669e-11
13004 5.955674e-11
13005 5.954679e-11
13006 5.953685e-11
13007 5.952690e-11
13008 5.951696e-11
13009 5.950702e-11
13010 5.949709e-11
13011 5.948715e-11
13012 5.947722e-11
13013 5.946729e-11
13014 5.945736e-11
13015 5.944744e-11
13016 5.943752e-11
13017 5.942760e-11
13018 5.941768e-11
13019 5.940777e-11
13020 5.939786e-11
13021 5.938795e-11
13022 5.937804e-11
13023 5.936813e-11
13024 5.935823e-11
13025 5.934833e-11
13026 5.933843e-11
13027 5.932854e-11
13028 5.931864e-11
13029 5.930875e-11
13030 5.929887e-11
13031 5.928898e-11
13032 5.927910e-11
13033 5.926922e-11
13034 5.925934e-11
13035 5.924946e-11
13036 5.923959e-11
13037 5.922972e-11
13038 5.921985e-11
13039 5.920998e-11
13040 5.920012e-11
13041 5.919025e-11
13042 5.918040e-11
13043 5.917054e-11
13044 5.916068e-11
13045 5.915083e-11
13046 5.914098e-11
13047 5.913113e-11
13048 5.912129e-11
13049 5.911145e-11
13050 5.910161e-11
13051 5.909177e-11
13052 5.908193e-11
13053 5.907210e-11
13054 5.906227e-11
13055 5.905244e-11
13056 5.904262e-11
13057 5.903279e-11
13058 5.902297e-11
13059 5.901315e-11
13060 5.900334e-11
13061 5.899352e-11
13062 5.898371e-11
13063 5.897390e-11
13064 5.896410e-11
13065 5.895429e-11
13066 5.894449e-11
13067 5.893469e-11
13068 5.892489e-11
13069 5.891510e-11
13070 5.890531e-11
13071 5.889552e-11
13072 5.888573e-11
13073 5.887594e-11
13074 5.886616e-11
13075 5.885638e-11
13076 5.884660e-11
13077 5.883683e-11
13078 5.882705e-11
13079 5.881728e-11
13080 5.880751e-11
13081 5.879775e-11
13082 5.878797e-11
13083 5.877820e-11
13084 5.876844e-11
13085 5.875867e-11
13086 5.874891e-11
13087 5.873915e-11
13088 5.872939e-11
13089 5.871963e-11
13090 5.870988e-11
13091 5.870013e-11
13092 5.869038e-11
13093 5.868063e-11
13094 5.867089e-11
13095 5.866115e-11
13096 5.865141e-11
13097 5.864167e-11
13098 5.863194e-11
13099 5.862221e-11
13100 5.861248e-11
13101 5.860275e-11
13102 5.859302e-11
13103 5.858330e-11
13104 5.857358e-11
13105 5.856386e-11
13106 5.855415e-11
13107 5.854443e-11
13108 5.853472e-11
13109 5.852502e-11
13110 5.851531e-11
13111 5.850561e-11
13112 5.849590e-11
13113 5.848620e-11
13114 5.847651e-11
13115 5.846681e-11
13116 5.845712e-11
13117 5.844743e-11
13118 5.843774e-11
13119 5.842806e-11
13120 5.841838e-11
13121 5.840870e-11
13122 5.839902e-11
13123 5.838934e-11
13124 5.837967e-11
13125 5.837000e-11
13126 5.836033e-11
13127 5.835066e-11
13128 5.834100e-11
13129 5.833134e-11
13130 5.832168e-11
13131 5.831202e-11
13132 5.830237e-11
13133 5.829271e-11
13134 5.828306e-11
13135 5.827342e-11
13136 5.826377e-11
13137 5.825413e-11
13138 5.824449e-11
13139 5.823485e-11
13140 5.822521e-11
13141 5.821558e-11
13142 5.820595e-11
13143 5.819632e-11
13144 5.818669e-11
13145 5.817707e-11
13146 5.816745e-11
13147 5.815783e-11
13148 5.814821e-11
13149 5.813859e-11
13150 5.812898e-11
13151 5.811937e-11
13152 5.810976e-11
13153 5.810016e-11
13154 5.809055e-11
13155 5.808095e-11
13156 5.807135e-11
13157 5.806176e-11
13158 5.805216e-11
13159 5.804257e-11
13160 5.803298e-11
13161 5.802339e-11
13162 5.801381e-11
13163 5.800423e-11
13164 5.799464e-11
13165 5.798507e-11
13166 5.797549e-11
13167 5.796592e-11
13168 5.795635e-11
13169 5.794678e-11
13170 5.793721e-11
13171 5.792765e-11
13172 5.791809e-11
13173 5.790853e-11
13174 5.789897e-11
13175 5.788941e-11
13176 5.787986e-11
13177 5.787031e-11
13178 5.786076e-11
13179 5.785122e-11
13180 5.784167e-11
13181 5.783213e-11
13182 5.782259e-11
13183 5.781306e-11
13184 5.780352e-11
13185 5.779399e-11
13186 5.778446e-11
13187 5.777493e-11
13188 5.776541e-11
13189 5.775588e-11
13190 5.774636e-11
13191 5.773685e-11
13192 5.772733e-11
13193 5.771782e-11
13194 5.770831e-11
13195 5.769880e-11
13196 5.768929e-11
13197 5.767978e-11
13198 5.767028e-11
13199 5.766077e-11
13200 5.765126e-11
13201 5.764176e-11
13202 5.763226e-11
13203 5.762276e-11
13204 5.761326e-11
13205 5.760377e-11
13206 5.759428e-11
13207 5.758479e-11
13208 5.757530e-11
13209 5.756581e-11
13210 5.755633e-11
13211 5.754685e-11
13212 5.753737e-11
13213 5.752790e-11
13214 5.751842e-11
13215 5.750895e-11
13216 5.749948e-11
13217 5.749002e-11
13218 5.748055e-11
13219 5.747109e-11
13220 5.746163e-11
13221 5.745217e-11
13222 5.744272e-11
13223 5.743326e-11
13224 5.742381e-11
13225 5.741436e-11
13226 5.740492e-11
13227 5.739547e-11
13228 5.738603e-11
13229 5.737659e-11
13230 5.736715e-11
13231 5.735772e-11
13232 5.734828e-11
13233 5.733885e-11
13234 5.732943e-11
13235 5.732000e-11
13236 5.731058e-11
13237 5.730115e-11
13238 5.729174e-11
13239 5.728232e-11
13240 5.727290e-11
13241 5.726349e-11
13242 5.725408e-11
13243 5.724467e-11
13244 5.723527e-11
13245 5.722586e-11
13246 5.721646e-11
13247 5.720706e-11
13248 5.719767e-11
13249 5.718827e-11
13250 5.717888e-11
13251 5.716949e-11
13252 5.716010e-11
13253 5.715072e-11
13254 5.714133e-11
13255 5.713195e-11
13256 5.712257e-11
13257 5.711320e-11
13258 5.710382e-11
13259 5.709445e-11
13260 5.708508e-11
13261 5.707571e-11
13262 5.706635e-11
13263 5.705699e-11
13264 5.704763e-11
13265 5.703827e-11
13266 5.702891e-11
13267 5.701956e-11
13268 5.701020e-11
13269 5.700086e-11
13270 5.699151e-11
13271 5.698216e-11
13272 5.697282e-11
13273 5.696348e-11
13274 5.695414e-11
13275 5.694480e-11
13276 5.693547e-11
13277 5.692614e-11
13278 5.691681e-11
13279 5.690748e-11
13280 5.689816e-11
13281 5.688883e-11
13282 5.687951e-11
13283 5.687020e-11
13284 5.686088e-11
13285 5.685157e-11
13286 5.684225e-11
13287 5.683295e-11
13288 5.682364e-11
13289 5.681433e-11
13290 5.680503e-11
13291 5.679573e-11
13292 5.678643e-11
13293 5.677714e-11
13294 5.676784e-11
13295 5.675855e-11
13296 5.674926e-11
13297 5.673997e-11
13298 5.673069e-11
13299 5.672141e-11
13300 5.671213e-11
13301 5.670285e-11
13302 5.669357e-11
13303 5.668430e-11
13304 5.667503e-11
13305 5.666576e-11
13306 5.665649e-11
13307 5.664722e-11
13308 5.663796e-11
13309 5.662870e-11
13310 5.661944e-11
13311 5.661019e-11
13312 5.660093e-11
13313 5.659168e-11
13314 5.658243e-11
13315 5.657318e-11
13316 5.656393e-11
13317 5.655468e-11
13318 5.654543e-11
13319 5.653618e-11
13320 5.652694e-11
13321 5.651770e-11
13322 5.650846e-11
13323 5.649922e-11
13324 5.648998e-11
13325 5.648075e-11
13326 5.647152e-11
13327 5.646229e-11
13328 5.645306e-11
13329 5.644384e-11
13330 5.643462e-11
13331 5.642540e-11
13332 5.641618e-11
13333 5.640697e-11
13334 5.639775e-11
13335 5.638854e-11
13336 5.637933e-11
13337 5.637013e-11
13338 5.636092e-11
13339 5.635172e-11
13340 5.634252e-11
13341 5.633332e-11
13342 5.632413e-11
13343 5.631493e-11
13344 5.630574e-11
13345 5.629655e-11
13346 5.628737e-11
13347 5.627818e-11
13348 5.626900e-11
13349 5.625982e-11
13350 5.625064e-11
13351 5.624146e-11
13352 5.623229e-11
13353 5.622312e-11
13354 5.621395e-11
13355 5.620478e-11
13356 5.619562e-11
13357 5.618645e-11
13358 5.617729e-11
13359 5.616813e-11
13360 5.615898e-11
13361 5.614982e-11
13362 5.614067e-11
13363 5.613152e-11
13364 5.612237e-11
13365 5.611323e-11
13366 5.610409e-11
13367 5.609494e-11
13368 5.608581e-11
13369 5.607667e-11
13370 5.606753e-11
13371 5.605840e-11
13372 5.604927e-11
13373 5.604014e-11
13374 5.603102e-11
13375 5.602189e-11
13376 5.601277e-11
13377 5.600365e-11
13378 5.599454e-11
13379 5.598542e-11
13380 5.597631e-11
13381 5.596720e-11
13382 5.595809e-11
13383 5.594898e-11
13384 5.593988e-11
13385 5.593078e-11
13386 5.592168e-11
13387 5.591258e-11
13388 5.590348e-11
13389 5.589439e-11
13390 5.588530e-11
13391 5.587621e-11
13392 5.586712e-11
13393 5.585804e-11
13394 5.584895e-11
13395 5.583987e-11
13396 5.583080e-11
13397 5.582172e-11
13398 5.581264e-11
13399 5.580357e-11
13400 5.579450e-11
13401 5.578544e-11
13402 5.577637e-11
13403 5.576731e-11
13404 5.575825e-11
13405 5.574919e-11
13406 5.574013e-11
13407 5.573108e-11
13408 5.572202e-11
13409 5.571297e-11
13410 5.570392e-11
13411 5.569488e-11
13412 5.568583e-11
13413 5.567679e-11
13414 5.566775e-11
13415 5.565871e-11
13416 5.564968e-11
13417 5.564065e-11
13418 5.563161e-11
13419 5.562259e-11
13420 5.561356e-11
13421 5.560453e-11
13422 5.559551e-11
13423 5.558649e-11
13424 5.557747e-11
13425 5.556846e-11
13426 5.555944e-11
13427 5.555043e-11
13428 5.554142e-11
13429 5.553241e-11
13430 5.552341e-11
13431 5.551440e-11
13432 5.550540e-11
13433 5.549640e-11
13434 5.548740e-11
13435 5.547840e-11
13436 5.546940e-11
13437 5.546040e-11
13438 5.545140e-11
13439 5.544241e-11
13440 5.543342e-11
13441 5.542443e-11
13442 5.541544e-11
13443 5.540645e-11
13444 5.539747e-11
13445 5.538849e-11
13446 5.537951e-11
13447 5.537053e-11
13448 5.536156e-11
13449 5.535259e-11
13450 5.534362e-11
13451 5.533465e-11
13452 5.532568e-11
13453 5.531672e-11
13454 5.530776e-11
13455 5.529880e-11
13456 5.528984e-11
13457 5.528088e-11
13458 5.527193e-11
13459 5.526298e-11
13460 5.525403e-11
13461 5.524508e-11
13462 5.523614e-11
13463 5.522719e-11
13464 5.521825e-11
13465 5.520931e-11
13466 5.520038e-11
13467 5.519144e-11
13468 5.518251e-11
13469 5.517358e-11
13470 5.516465e-11
13471 5.515573e-11
13472 5.514680e-11
13473 5.513788e-11
13474 5.512896e-11
13475 5.512004e-11
13476 5.511113e-11
13477 5.510222e-11
13478 5.509330e-11
13479 5.508439e-11
13480 5.507549e-11
13481 5.506658e-11
13482 5.505768e-11
13483 5.504878e-11
13484 5.503988e-11
13485 5.503098e-11
13486 5.502209e-11
13487 5.501320e-11
13488 5.500431e-11
13489 5.499542e-11
13490 5.498653e-11
13491 5.497765e-11
13492 5.496877e-11
13493 5.495989e-11
13494 5.495101e-11
13495 5.494213e-11
13496 5.493326e-11
13497 5.492439e-11
13498 5.491552e-11
13499 5.490665e-11
13500 5.489779e-11
13501 5.488892e-11
13502 5.488006e-11
13503 5.487120e-11
13504 5.486235e-11
13505 5.485349e-11
13506 5.484464e-11
13507 5.483579e-11
13508 5.482694e-11
13509 5.481809e-11
13510 5.480925e-11
13511 5.480041e-11
13512 5.479157e-11
13513 5.478273e-11
13514 5.477389e-11
13515 5.476506e-11
13516 5.475623e-11
13517 5.474740e-11
13518 5.473857e-11
13519 5.472974e-11
13520 5.472092e-11
13521 5.471210e-11
13522 5.470328e-11
13523 5.469446e-11
13524 5.468565e-11
13525 5.467683e-11
13526 5.466802e-11
13527 5.465921e-11
13528 5.465041e-11
13529 5.464160e-11
13530 5.463280e-11
13531 5.462400e-11
13532 5.461520e-11
13533 5.460640e-11
13534 5.459761e-11
13535 5.458882e-11
13536 5.458003e-11
13537 5.457124e-11
13538 5.456245e-11
13539 5.455367e-11
13540 5.454489e-11
13541 5.453611e-11
13542 5.452733e-11
13543 5.451855e-11
13544 5.450978e-11
13545 5.450101e-11
13546 5.449224e-11
13547 5.448347e-11
13548 5.447470e-11
13549 5.446594e-11
13550 5.445718e-11
13551 5.444842e-11
13552 5.443966e-11
13553 5.443090e-11
13554 5.442214e-11
13555 5.441338e-11
13556 5.440462e-11
13557 5.439587e-11
13558 5.438712e-11
13559 5.437837e-11
13560 5.436962e-11
13561 5.436087e-11
13562 5.435213e-11
13563 5.434339e-11
13564 5.433465e-11
13565 5.432591e-11
13566 5.431717e-11
13567 5.430844e-11
13568 5.429971e-11
13569 5.429098e-11
13570 5.428225e-11
13571 5.427352e-11
13572 5.426480e-11
13573 5.425608e-11
13574 5.424736e-11
13575 5.423864e-11
13576 5.422993e-11
13577 5.422121e-11
13578 5.421250e-11
13579 5.420379e-11
13580 5.419508e-11
13581 5.418638e-11
13582 5.417768e-11
13583 5.416898e-11
13584 5.416028e-11
13585 5.415158e-11
13586 5.414288e-11
13587 5.413419e-11
13588 5.412550e-11
13589 5.411681e-11
13590 5.410812e-11
13591 5.409944e-11
13592 5.409076e-11
13593 5.408208e-11
13594 5.407340e-11
13595 5.406472e-11
13596 5.405605e-11
13597 5.404737e-11
13598 5.403870e-11
13599 5.403003e-11
13600 5.402137e-11
13601 5.401270e-11
13602 5.400404e-11
13603 5.399538e-11
13604 5.398672e-11
13605 5.397807e-11
13606 5.396941e-11
13607 5.396076e-11
13608 5.395211e-11
13609 5.394346e-11
13610 5.393481e-11
13611 5.392617e-11
13612 5.391753e-11
13613 5.390889e-11
13614 5.390025e-11
13615 5.389161e-11
13616 5.388298e-11
13617 5.387435e-11
13618 5.386572e-11
13619 5.385709e-11
13620 5.384846e-11
13621 5.383984e-11
13622 5.383122e-11
13623 5.382260e-11
13624 5.381398e-11
13625 5.380536e-11
13626 5.379675e-11
13627 5.378814e-11
13628 5.377953e-11
13629 5.377092e-11
13630 5.376231e-11
13631 5.375371e-11
13632 5.374511e-11
13633 5.373651e-11
13634 5.372791e-11
13635 5.371931e-11
13636 5.371072e-11
13637 5.370213e-11
13638 5.369354e-11
13639 5.368495e-11
13640 5.367636e-11
13641 5.366778e-11
13642 5.365920e-11
13643 5.365062e-11
13644 5.364204e-11
13645 5.363346e-11
13646 5.362489e-11
13647 5.361632e-11
13648 5.360775e-11
13649 5.359918e-11
13650 5.359061e-11
13651 5.358205e-11
13652 5.357349e-11
13653 5.356493e-11
13654 5.355637e-11
13655 5.354781e-11
13656 5.353926e-11
13657 5.353071e-11
13658 5.352216e-11
13659 5.351361e-11
13660 5.350506e-11
13661 5.349652e-11
13662 5.348798e-11
13663 5.347944e-11
13664 5.347090e-11
13665 5.346236e-11
13666 5.345383e-11
13667 5.344530e-11
13668 5.343677e-11
13669 5.342824e-11
13670 5.341971e-11
13671 5.341119e-11
13672 5.340267e-11
13673 5.339414e-11
13674 5.338562e-11
13675 5.337709e-11
13676 5.336857e-11
13677 5.336005e-11
13678 5.335154e-11
13679 5.334302e-11
13680 5.333451e-11
13681 5.332600e-11
13682 5.331749e-11
13683 5.330898e-11
13684 5.330048e-11
13685 5.329197e-11
13686 5.328347e-11
13687 5.327497e-11
13688 5.326647e-11
13689 5.325798e-11
13690 5.324949e-11
13691 5.324099e-11
13692 5.323250e-11
13693 5.322402e-11
13694 5.321553e-11
13695 5.320705e-11
13696 5.319857e-11
13697 5.319009e-11
13698 5.318161e-11
13699 5.317313e-11
13700 5.316466e-11
13701 5.315619e-11
13702 5.314772e-11
13703 5.313925e-11
13704 5.313078e-11
13705 5.312232e-11
13706 5.311386e-11
13707 5.310540e-11
13708 5.309694e-11
13709 5.308849e-11
13710 5.308003e-11
13711 5.307158e-11
13712 5.306313e-11
13713 5.305468e-11
13714 5.304623e-11
13715 5.303779e-11
13716 5.302935e-11
13717 5.302091e-11
13718 5.301247e-11
13719 5.300403e-11
13720 5.299560e-11
13721 5.298717e-11
13722 5.297874e-11
13723 5.297031e-11
13724 5.296188e-11
13725 5.295346e-11
13726 5.294503e-11
13727 5.293661e-11
13728 5.292819e-11
13729 5.291978e-11
13730 5.291136e-11
13731 5.290295e-11
13732 5.289454e-11
13733 5.288613e-11
13734 5.287772e-11
13735 5.286932e-11
13736 5.286091e-11
13737 5.285251e-11
13738 5.284411e-11
13739 5.283572e-11
13740 5.282732e-11
13741 5.281893e-11
13742 5.281054e-11
13743 5.280215e-11
13744 5.279376e-11
13745 5.278537e-11
13746 5.277699e-11
13747 5.276861e-11
13748 5.276023e-11
13749 5.275185e-11
13750 5.274347e-11
13751 5.273510e-11
13752 5.272673e-11
13753 5.271836e-11
13754 5.270999e-11
13755 5.270162e-11
13756 5.269326e-11
13757 5.268490e-11
13758 5.267654e-11
13759 5.266818e-11
13760 5.265982e-11
13761 5.265147e-11
13762 5.264311e-11
13763 5.263476e-11
13764 5.262641e-11
13765 5.261807e-11
13766 5.260972e-11
13767 5.260138e-11
13768 5.259304e-11
13769 5.258470e-11
13770 5.257636e-11
13771 5.256803e-11
13772 5.255969e-11
13773 5.255136e-11
13774 5.254303e-11
13775 5.253470e-11
13776 5.252638e-11
13777 5.251805e-11
13778 5.250973e-11
13779 5.250141e-11
13780 5.249309e-11
13781 5.248478e-11
13782 5.247646e-11
13783 5.246815e-11
13784 5.245984e-11
13785 5.245153e-11
13786 5.244323e-11
13787 5.243492e-11
13788 5.242662e-11
13789 5.241832e-11
13790 5.241002e-11
13791 5.240172e-11
13792 5.239343e-11
13793 5.238513e-11
13794 5.237684e-11
13795 5.236855e-11
13796 5.236025e-11
13797 5.235196e-11
13798 5.234367e-11
13799 5.233538e-11
13800 5.232710e-11
13801 5.231881e-11
13802 5.231053e-11
13803 5.230225e-11
13804 5.229397e-11
13805 5.228569e-11
13806 5.227742e-11
13807 5.226915e-11
13808 5.226087e-11
13809 5.225261e-11
13810 5.224434e-11
13811 5.223607e-11
13812 5.222781e-11
13813 5.221955e-11
13814 5.221129e-11
13815 5.220303e-11
13816 5.219477e-11
13817 5.218652e-11
13818 5.217827e-11
13819 5.217002e-11
13820 5.216177e-11
13821 5.215352e-11
13822 5.214528e-11
13823 5.213704e-11
13824 5.212880e-11
13825 5.212056e-11
13826 5.211232e-11
13827 5.210409e-11
13828 5.209585e-11
13829 5.208762e-11
13830 5.207939e-11
13831 5.207117e-11
13832 5.206294e-11
13833 5.205472e-11
13834 5.204650e-11
13835 5.203828e-11
13836 5.203006e-11
13837 5.202184e-11
13838 5.201363e-11
13839 5.200542e-11
13840 5.199720e-11
13841 5.198900e-11
13842 5.198079e-11
13843 5.197259e-11
13844 5.196438e-11
13845 5.195618e-11
13846 5.194798e-11
13847 5.193979e-11
13848 5.193159e-11
13849 5.192340e-11
13850 5.191521e-11
13851 5.190702e-11
13852 5.189883e-11
13853 5.189064e-11
13854 5.188246e-11
13855 5.187428e-11
13856 5.186610e-11
13857 5.185792e-11
13858 5.184974e-11
13859 5.184157e-11
13860 5.183340e-11
13861 5.182522e-11
13862 5.181706e-11
13863 5.180889e-11
13864 5.180072e-11
13865 5.179256e-11
13866 5.178440e-11
13867 5.177624e-11
13868 5.176808e-11
13869 5.175993e-11
13870 5.175177e-11
13871 5.174362e-11
13872 5.173547e-11
13873 5.172732e-11
13874 5.171918e-11
13875 5.171103e-11
13876 5.170289e-11
13877 5.169475e-11
13878 5.168661e-11
13879 5.167847e-11
13880 5.167034e-11
13881 5.166220e-11
13882 5.165407e-11
13883 5.164594e-11
13884 5.163781e-11
13885 5.162969e-11
13886 5.162156e-11
13887 5.161344e-11
13888 5.160532e-11
13889 5.159720e-11
13890 5.158909e-11
13891 5.158097e-11
13892 5.157286e-11
13893 5.156475e-11
13894 5.155664e-11
13895 5.154853e-11
13896 5.154043e-11
13897 5.153232e-11
13898 5.152422e-11
13899 5.151612e-11
13900 5.150802e-11
13901 5.149993e-11
13902 5.149183e-11
13903 5.148374e-11
13904 5.147565e-11
13905 5.146756e-11
13906 5.145948e-11
13907 5.145139e-11
13908 5.144331e-11
13909 5.143523e-11
13910 5.142715e-11
13911 5.141907e-11
13912 5.141099e-11
13913 5.140292e-11
13914 5.139485e-11
13915 5.138678e-11
13916 5.137871e-11
13917 5.137064e-11
13918 5.136257e-11
13919 5.135450e-11
13920 5.134643e-11
13921 5.133837e-11
13922 5.133030e-11
13923 5.132224e-11
13924 5.131418e-11
13925 5.130612e-11
13926 5.129807e-11
13927 5.129001e-11
13928 5.128196e-11
13929 5.127391e-11
13930 5.126586e-11
13931 5.125781e-11
13932 5.124977e-11
13933 5.124173e-11
13934 5.123368e-11
13935 5.122565e-11
13936 5.121761e-11
13937 5.120957e-11
13938 5.120154e-11
13939 5.119350e-11
13940 5.118547e-11
13941 5.117745e-11
13942 5.116942e-11
13943 5.116139e-11
13944 5.115337e-11
13945 5.114535e-11
13946 5.113733e-11
13947 5.112931e-11
13948 5.112130e-11
13949 5.111328e-11
13950 5.110527e-11
13951 5.109726e-11
13952 5.108925e-11
13953 5.108125e-11
13954 5.107324e-11
13955 5.106524e-11
13956 5.105724e-11
13957 5.104924e-11
13958 5.104124e-11
13959 5.103324e-11
13960 5.102525e-11
13961 5.101726e-11
13962 5.100927e-11
13963 5.100128e-11
13964 5.099329e-11
13965 5.098531e-11
13966 5.097733e-11
13967 5.096934e-11
13968 5.096137e-11
13969 5.095339e-11
13970 5.094541e-11
13971 5.093744e-11
13972 5.092947e-11
13973 5.092150e-11
13974 5.091353e-11
13975 5.090556e-11
13976 5.089760e-11
13977 5.088963e-11
13978 5.088167e-11
13979 5.087371e-11
13980 5.086576e-11
13981 5.085780e-11
13982 5.084985e-11
13983 5.084189e-11
13984 5.083394e-11
13985 5.082600e-11
13986 5.081805e-11
13987 5.081010e-11
13988 5.080216e-11
13989 5.079422e-11
13990 5.078628e-11
13991 5.077834e-11
13992 5.077041e-11
13993 5.076247e-11
13994 5.075454e-11
13995 5.074661e-11
13996 5.073868e-11
13997 5.073076e-11
13998 5.072283e-11
13999 5.071491e-11
14000 5.070699e-11
14001 5.069907e-11
14002 5.069115e-11
14003 5.068323e-11
14004 5.067532e-11
14005 5.066741e-11
14006 5.065950e-11
14007 5.065159e-11
14008 5.064368e-11
14009 5.063578e-11
14010 5.062787e-11
14011 5.061997e-11
14012 5.061207e-11
14013 5.060417e-11
14014 5.059628e-11
14015 5.058838e-11
14016 5.058049e-11
14017 5.057260e-11
14018 5.056471e-11
14019 5.055682e-11
14020 5.054894e-11
14021 5.054106e-11
14022 5.053317e-11
14023 5.052529e-11
14024 5.051742e-11
14025 5.050954e-11
14026 5.050167e-11
14027 5.049379e-11
14028 5.048592e-11
14029 5.047805e-11
14030 5.047018e-11
14031 5.046232e-11
14032 5.045446e-11
14033 5.044659e-11
14034 5.043873e-11
14035 5.043087e-11
14036 5.042302e-11
14037 5.041516e-11
14038 5.040731e-11
14039 5.039946e-11
14040 5.039161e-11
14041 5.038376e-11
14042 5.037590e-11
14043 5.036805e-11
14044 5.036020e-11
14045 5.035236e-11
14046 5.034451e-11
14047 5.033667e-11
14048 5.032883e-11
14049 5.032099e-11
14050 5.031315e-11
14051 5.030531e-11
14052 5.029748e-11
14053 5.028965e-11
14054 5.028182e-11
14055 5.027399e-11
14056 5.026616e-11
14057 5.025834e-11
14058 5.025051e-11
14059 5.024269e-11
14060 5.023487e-11
14061 5.022705e-11
14062 5.021923e-11
14063 5.021142e-11
14064 5.020361e-11
14065 5.019580e-11
14066 5.018799e-11
14067 5.018018e-11
14068 5.017237e-11
14069 5.016457e-11
14070 5.015677e-11
14071 5.014897e-11
14072 5.014117e-11
14073 5.013337e-11
14074 5.012557e-11
14075 5.011778e-11
14076 5.010999e-11
14077 5.010220e-11
14078 5.009441e-11
14079 5.008662e-11
14080 5.007884e-11
14081 5.007106e-11
14082 5.006327e-11
14083 5.005550e-11
14084 5.004772e-11
14085 5.003994e-11
14086 5.003217e-11
14087 5.002439e-11
14088 5.001662e-11
14089 5.000886e-11
14090 5.000109e-11
14091 4.999332e-11
14092 4.998556e-11
14093 4.997780e-11
14094 4.997004e-11
14095 4.996228e-11
14096 4.995452e-11
14097 4.994677e-11
14098 4.993901e-11
14099 4.993126e-11
14100 4.992351e-11
14101 4.991577e-11
14102 4.990802e-11
14103 4.990027e-11
14104 4.989253e-11
14105 4.988479e-11
14106 4.987705e-11
14107 4.986931e-11
14108 4.986158e-11
14109 4.985385e-11
14110 4.984611e-11
14111 4.983838e-11
14112 4.983065e-11
14113 4.982293e-11
14114 4.981520e-11
14115 4.980748e-11
14116 4.979976e-11
14117 4.979204e-11
14118 4.978432e-11
14119 4.977660e-11
14120 4.976889e-11
14121 4.976118e-11
14122 4.975346e-11
14123 4.974575e-11
14124 4.973805e-11
14125 4.973034e-11
14126 4.972264e-11
14127 4.971493e-11
14128 4.970723e-11
14129 4.969953e-11
14130 4.969184e-11
14131 4.968414e-11
14132 4.967645e-11
14133 4.966876e-11
14134 4.966107e-11
14135 4.965338e-11
14136 4.964569e-11
14137 4.963801e-11
14138 4.963032e-11
14139 4.962264e-11
14140 4.961496e-11
14141 4.960728e-11
14142 4.959961e-11
14143 4.959193e-11
14144 4.958426e-11
14145 4.957659e-11
14146 4.956892e-11
14147 4.956125e-11
14148 4.955358e-11
14149 4.954592e-11
14150 4.953826e-11
14151 4.953060e-11
14152 4.952294e-11
14153 4.951528e-11
14154 4.950762e-11
14155 4.949997e-11
14156 4.949232e-11
14157 4.948467e-11
14158 4.947702e-11
14159 4.946937e-11
14160 4.946173e-11
14161 4.945408e-11
14162 4.944644e-11
14163 4.943880e-11
14164 4.943116e-11
14165 4.942352e-11
14166 4.941588e-11
14167 4.940824e-11
14168 4.940061e-11
14169 4.939297e-11
14170 4.938534e-11
14171 4.937770e-11
14172 4.937007e-11
14173 4.936244e-11
14174 4.935482e-11
14175 4.934719e-11
14176 4.933957e-11
14177 4.933195e-11
14178 4.932433e-11
14179 4.931671e-11
14180 4.930909e-11
14181 4.930147e-11
14182 4.929386e-11
14183 4.928625e-11
14184 4.927864e-11
14185 4.927103e-11
14186 4.926342e-11
14187 4.925582e-11
14188 4.924822e-11
14189 4.924061e-11
14190 4.923301e-11
14191 4.922542e-11
14192 4.921782e-11
14193 4.921023e-11
14194 4.920263e-11
14195 4.919504e-11
14196 4.918745e-11
14197 4.917986e-11
14198 4.917228e-11
14199 4.916469e-11
14200 4.915711e-11
14201 4.914953e-11
14202 4.914195e-11
14203 4.913437e-11
14204 4.912680e-11
14205 4.911922e-11
14206 4.911165e-11
14207 4.910408e-11
14208 4.909651e-11
14209 4.908894e-11
14210 4.908138e-11
14211 4.907381e-11
14212 4.906625e-11
14213 4.905869e-11
14214 4.905113e-11
14215 4.904357e-11
14216 4.903602e-11
14217 4.902846e-11
14218 4.902091e-11
14219 4.901336e-11
14220 4.900581e-11
14221 4.899827e-11
14222 4.899072e-11
14223 4.898318e-11
14224 4.897564e-11
14225 4.896810e-11
14226 4.896056e-11
14227 4.895302e-11
14228 4.894548e-11
14229 4.893795e-11
14230 4.893042e-11
14231 4.892289e-11
14232 4.891536e-11
14233 4.890783e-11
14234 4.890031e-11
14235 4.889279e-11
14236 4.888526e-11
14237 4.887774e-11
14238 4.887023e-11
14239 4.886271e-11
14240 4.885519e-11
14241 4.884768e-11
14242 4.884017e-11
14243 4.883266e-11
14244 4.882515e-11
14245 4.881764e-11
14246 4.881014e-11
14247 4.880264e-11
14248 4.879513e-11
14249 4.878763e-11
14250 4.878014e-11
14251 4.877264e-11
14252 4.876514e-11
14253 4.875765e-11
14254 4.875016e-11
14255 4.874267e-11
14256 4.873518e-11
14257 4.872770e-11
14258 4.872021e-11
14259 4.871273e-11
14260 4.870525e-11
14261 4.869777e-11
14262 4.869029e-11
14263 4.868281e-11
14264 4.867534e-11
14265 4.866786e-11
14266 4.866039e-11
14267 4.865292e-11
14268 4.864546e-11
14269 4.863799e-11
14270 4.863052e-11
14271 4.862306e-11
14272 4.861560e-11
14273 4.860814e-11
14274 4.860068e-11
14275 4.859323e-11
14276 4.858577e-11
14277 4.857832e-11
14278 4.857087e-11
14279 4.856342e-11
14280 4.855597e-11
14281 4.854852e-11
14282 4.854108e-11
14283 4.853364e-11
14284 4.852619e-11
14285 4.851875e-11
14286 4.851132e-11
14287 4.850388e-11
14288 4.849645e-11
14289 4.848901e-11
14290 4.848158e-11
14291 4.847415e-11
14292 4.846672e-11
14293 4.845928e-11
14294 4.845185e-11
14295 4.844442e-11
14296 4.843700e-11
14297 4.842957e-11
14298 4.842215e-11
14299 4.841473e-11
14300 4.840731e-11
14301 4.839989e-11
14302 4.839247e-11
14303 4.838505e-11
14304 4.837764e-11
14305 4.837023e-11
14306 4.836282e-11
14307 4.835541e-11
14308 4.834800e-11
14309 4.834060e-11
14310 4.833319e-11
14311 4.832579e-11
14312 4.831839e-11
14313 4.831099e-11
14314 4.830359e-11
14315 4.829620e-11
14316 4.828880e-11
14317 4.828141e-11
14318 4.827402e-11
14319 4.826663e-11
14320 4.825924e-11
14321 4.825186e-11
14322 4.824447e-11
14323 4.823709e-11
14324 4.822971e-11
14325 4.822233e-11
14326 4.821495e-11
14327 4.820758e-11
14328 4.820020e-11
14329 4.819283e-11
14330 4.818546e-11
14331 4.817809e-11
14332 4.817072e-11
14333 4.816336e-11
14334 4.815599e-11
14335 4.814863e-11
14336 4.814127e-11
14337 4.813391e-11
14338 4.812655e-11
14339 4.811919e-11
14340 4.811184e-11
14341 4.810449e-11
14342 4.809713e-11
14343 4.808978e-11
14344 4.808244e-11
14345 4.807509e-11
14346 4.806775e-11
14347 4.806040e-11
14348 4.805306e-11
14349 4.804572e-11
14350 4.803838e-11
14351 4.803105e-11
14352 4.802371e-11
14353 4.801638e-11
14354 4.800905e-11
14355 4.800172e-11
14356 4.799439e-11
14357 4.798706e-11
14358 4.797974e-11
14359 4.797241e-11
14360 4.796509e-11
14361 4.795777e-11
14362 4.795045e-11
14363 4.794313e-11
14364 4.793582e-11
14365 4.792850e-11
14366 4.792119e-11
14367 4.791388e-11
14368 4.790657e-11
14369 4.789927e-11
14370 4.789196e-11
14371 4.788466e-11
14372 4.787735e-11
14373 4.787005e-11
14374 4.786275e-11
14375 4.785546e-11
14376 4.784816e-11
14377 4.784086e-11
14378 4.783357e-11
14379 4.782628e-11
14380 4.781899e-11
14381 4.781170e-11
14382 4.780442e-11
14383 4.779713e-11
14384 4.778985e-11
14385 4.778257e-11
14386 4.777529e-11
14387 4.776801e-11
14388 4.776073e-11
14389 4.775346e-11
14390 4.774619e-11
14391 4.773891e-11
14392 4.773164e-11
14393 4.772437e-11
14394 4.771711e-11
14395 4.770984e-11
14396 4.770258e-11
14397 4.769532e-11
14398 4.768806e-11
14399 4.768080e-11
14400 4.767354e-11
14401 4.766628e-11
14402 4.765903e-11
14403 4.765178e-11
14404 4.764453e-11
14405 4.763728e-11
14406 4.763003e-11
14407 4.762278e-11
14408 4.761554e-11
14409 4.760830e-11
14410 4.760106e-11
14411 4.759382e-11
14412 4.758658e-11
14413 4.757934e-11
14414 4.757211e-11
14415 4.756487e-11
14416 4.755764e-11
14417 4.755041e-11
14418 4.754318e-11
14419 4.753595e-11
14420 4.752872e-11
14421 4.752149e-11
14422 4.751426e-11
14423 4.750704e-11
14424 4.749981e-11
14425 4.749259e-11
14426 4.748537e-11
14427 4.747815e-11
14428 4.747093e-11
14429 4.746372e-11
14430 4.745650e-11
14431 4.744929e-11
14432 4.744208e-11
14433 4.743487e-11
14434 4.742766e-11
14435 4.742045e-11
14436 4.741325e-11
14437 4.740604e-11
14438 4.739884e-11
14439 4.739164e-11
14440 4.738444e-11
14441 4.737725e-11
14442 4.737005e-11
14443 4.736286e-11
14444 4.735566e-11
14445 4.734847e-11
14446 4.734129e-11
14447 4.733410e-11
14448 4.732691e-11
14449 4.731973e-11
14450 4.731254e-11
14451 4.730536e-11
14452 4.729818e-11
14453 4.729101e-11
14454 4.728383e-11
14455 4.727665e-11
14456 4.726948e-11
14457 4.726231e-11
14458 4.725514e-11
14459 4.724797e-11
14460 4.724080e-11
14461 4.723364e-11
14462 4.722647e-11
14463 4.721931e-11
14464 4.721215e-11
14465 4.720499e-11
14466 4.719784e-11
14467 4.719068e-11
14468 4.718353e-11
14469 4.717637e-11
14470 4.716922e-11
14471 4.716207e-11
14472 4.715492e-11
14473 4.714778e-11
14474 4.714063e-11
14475 4.713349e-11
14476 4.712635e-11
14477 4.711921e-11
14478 4.711207e-11
14479 4.710493e-11
14480 4.709780e-11
14481 4.709066e-11
14482 4.708353e-11
14483 4.707640e-11
14484 4.706927e-11
14485 4.706214e-11
14486 4.705502e-11
14487 4.704789e-11
14488 4.704077e-11
14489 4.703365e-11
14490 4.702653e-11
14491 4.701941e-11
14492 4.701230e-11
14493 4.700518e-11
14494 4.699807e-11
14495 4.699096e-11
14496 4.698385e-11
14497 4.697674e-11
14498 4.696963e-11
14499 4.696252e-11
14500 4.695542e-11
14501 4.694832e-11
14502 4.694122e-11
14503 4.693412e-11
14504 4.692702e-11
14505 4.691992e-11
14506 4.691283e-11
14507 4.690574e-11
14508 4.689864e-11
14509 4.689155e-11
14510 4.688447e-11
14511 4.687738e-11
14512 4.687029e-11
14513 4.686321e-11
14514 4.685613e-11
14515 4.684905e-11
14516 4.684197e-11
14517 4.683489e-11
14518 4.682782e-11
14519 4.682074e-11
14520 4.681367e-11
14521 4.680660e-11
14522 4.679953e-11
14523 4.679246e-11
14524 4.678539e-11
14525 4.677833e-11
14526 4.677126e-11
14527 4.676420e-11
14528 4.675714e-11
14529 4.675008e-11
14530 4.674303e-11
14531 4.673597e-11
14532 4.672892e-11
14533 4.672186e-11
14534 4.671481e-11
14535 4.670776e-11
14536 4.670072e-11
14537 4.669367e-11
14538 4.668662e-11
14539 4.667958e-11
14540 4.667254e-11
14541 4.666550e-11
14542 4.665846e-11
14543 4.665142e-11
14544 4.664439e-11
14545 4.663735e-11
14546 4.663032e-11
14547 4.662328e-11
14548 4.661625e-11
14549 4.660922e-11
14550 4.660218e-11
14551 4.659516e-11
14552 4.658813e-11
14553 4.658110e-11
14554 4.657407e-11
14555 4.656705e-11
14556 4.656003e-11
14557 4.655301e-11
14558 4.654599e-11
14559 4.653897e-11
14560 4.653195e-11
14561 4.652494e-11
14562 4.651793e-11
14563 4.651092e-11
14564 4.650391e-11
14565 4.649690e-11
14566 4.648989e-11
14567 4.648288e-11
14568 4.647588e-11
14569 4.646888e-11
14570 4.646188e-11
14571 4.645488e-11
14572 4.644788e-11
14573 4.644089e-11
14574 4.643389e-11
14575 4.642690e-11
14576 4.641991e-11
14577 4.641292e-11
14578 4.640593e-11
14579 4.639894e-11
14580 4.639196e-11
14581 4.638497e-11
14582 4.637799e-11
14583 4.637101e-11
14584 4.636403e-11
14585 4.635705e-11
14586 4.635007e-11
14587 4.634310e-11
14588 4.633613e-11
14589 4.632916e-11
14590 4.632219e-11
14591 4.631522e-11
14592 4.630825e-11
14593 4.630128e-11
14594 4.629432e-11
14595 4.628736e-11
14596 4.628040e-11
14597 4.627344e-11
14598 4.626648e-11
14599 4.625952e-11
14600 4.625257e-11
14601 4.624561e-11
14602 4.623866e-11
14603 4.623171e-11
14604 4.622476e-11
14605 4.621782e-11
14606 4.621087e-11
14607 4.620393e-11
14608 4.619698e-11
14609 4.619004e-11
14610 4.618310e-11
14611 4.617616e-11
14612 4.616923e-11
14613 4.616229e-11
14614 4.615536e-11
14615 4.614843e-11
14616 4.614150e-11
14617 4.613457e-11
14618 4.612764e-11
14619 4.612071e-11
14620 4.611379e-11
14621 4.610687e-11
14622 4.609995e-11
14623 4.609303e-11
14624 4.608611e-11
14625 4.607919e-11
14626 4.607227e-11
14627 4.606536e-11
14628 4.605845e-11
14629 4.605154e-11
14630 4.604463e-11
14631 4.603772e-11
14632 4.603081e-11
14633 4.602391e-11
14634 4.601701e-11
14635 4.601010e-11
14636 4.600320e-11
14637 4.599630e-11
14638 4.598941e-11
14639 4.598251e-11
14640 4.597562e-11
14641 4.596872e-11
14642 4.596183e-11
14643 4.595494e-11
14644 4.594805e-11
14645 4.594117e-11
14646 4.593428e-11
14647 4.592740e-11
14648 4.592052e-11
14649 4.591364e-11
14650 4.590676e-11
14651 4.589988e-11
14652 4.589300e-11
14653 4.588613e-11
14654 4.587925e-11
14655 4.587238e-11
14656 4.586551e-11
14657 4.585864e-11
14658 4.585178e-11
14659 4.584491e-11
14660 4.583805e-11
14661 4.583118e-11
14662 4.582432e-11
14663 4.581746e-11
14664 4.581060e-11
14665 4.580375e-11
14666 4.579689e-11
14667 4.579004e-11
14668 4.578318e-11
14669 4.577633e-11
14670 4.576948e-11
14671 4.576264e-11
14672 4.575579e-11
14673 4.574895e-11
14674 4.574210e-11
14675 4.573526e-11
14676 4.572841e-11
14677 4.572157e-11
14678 4.571473e-11
14679 4.570789e-11
14680 4.570105e-11
14681 4.569421e-11
14682 4.568737e-11
14683 4.568054e-11
14684 4.567370e-11
14685 4.566687e-11
14686 4.566004e-11
14687 4.565321e-11
14688 4.564638e-11
14689 4.563956e-11
14690 4.563273e-11
14691 4.562591e-11
14692 4.561909e-11
14693 4.561227e-11
14694 4.560545e-11
14695 4.559863e-11
14696 4.559182e-11
14697 4.558500e-11
14698 4.557819e-11
14699 4.557138e-11
14700 4.556457e-11
14701 4.555776e-11
14702 4.555095e-11
14703 4.554415e-11
14704 4.553734e-11
14705 4.553054e-11
14706 4.552374e-11
14707 4.551694e-11
14708 4.551014e-11
14709 4.550335e-11
14710 4.549655e-11
14711 4.548976e-11
14712 4.548297e-11
14713 4.547618e-11
14714 4.546939e-11
14715 4.546260e-11
14716 4.545581e-11
14717 4.544903e-11
14718 4.544225e-11
14719 4.543546e-11
14720 4.542868e-11
14721 4.542190e-11
14722 4.541513e-11
14723 4.540835e-11
14724 4.540158e-11
14725 4.539480e-11
14726 4.538803e-11
14727 4.538126e-11
14728 4.537449e-11
14729 4.536773e-11
14730 4.536096e-11
14731 4.535420e-11
14732 4.534744e-11
14733 4.534067e-11
14734 4.533391e-11
14735 4.532716e-11
14736 4.532040e-11
14737 4.531364e-11
14738 4.530689e-11
14739 4.530014e-11
14740 4.529339e-11
14741 4.528664e-11
14742 4.527989e-11
14743 4.527314e-11
14744 4.526640e-11
14745 4.525965e-11
14746 4.525291e-11
14747 4.524617e-11
14748 4.523943e-11
14749 4.523269e-11
14750 4.522596e-11
14751 4.521922e-11
14752 4.521249e-11
14753 4.520576e-11
14754 4.519903e-11
14755 4.519230e-11
14756 4.518557e-11
14757 4.517884e-11
14758 4.517212e-11
14759 4.516540e-11
14760 4.515868e-11
14761 4.515196e-11
14762 4.514524e-11
14763 4.513852e-11
14764 4.513180e-11
14765 4.512509e-11
14766 4.511838e-11
14767 4.511166e-11
14768 4.510495e-11
14769 4.509825e-11
14770 4.509154e-11
14771 4.508483e-11
14772 4.507813e-11
14773 4.507143e-11
14774 4.506472e-11
14775 4.505802e-11
14776 4.505133e-11
14777 4.504463e-11
14778 4.503793e-11
14779 4.503124e-11
14780 4.502455e-11
14781 4.501786e-11
14782 4.501117e-11
14783 4.500448e-11
14784 4.499779e-11
14785 4.499110e-11
14786 4.498442e-11
14787 4.497774e-11
14788 4.497106e-11
14789 4.496438e-11
14790 4.495770e-11
14791 4.495102e-11
14792 4.494435e-11
14793 4.493767e-11
14794 4.493100e-11
14795 4.492433e-11
14796 4.491766e-11
14797 4.491099e-11
14798 4.490433e-11
14799 4.489766e-11
14800 4.489100e-11
14801 4.488433e-11
14802 4.487767e-11
14803 4.487101e-11
14804 4.486436e-11
14805 4.485770e-11
14806 4.485104e-11
14807 4.484438e-11
14808 4.483773e-11
14809 4.483107e-11
14810 4.482442e-11
14811 4.481776e-11
14812 4.481111e-11
14813 4.480446e-11
14814 4.479781e-11
14815 4.479117e-11
14816 4.478452e-11
14817 4.477788e-11
14818 4.477123e-11
14819 4.476459e-11
14820 4.475795e-11
14821 4.475131e-11
14822 4.474468e-11
14823 4.473804e-11
14824 4.473141e-11
14825 4.472477e-11
14826 4.471814e-11
14827 4.471151e-11
14828 4.470488e-11
14829 4.469826e-11
14830 4.469163e-11
14831 4.468501e-11
14832 4.467838e-11
14833 4.467176e-11
14834 4.466514e-11
14835 4.465852e-11
14836 4.465191e-11
14837 4.464529e-11
14838 4.463868e-11
14839 4.463207e-11
14840 4.462545e-11
14841 4.461884e-11
14842 4.461224e-11
14843 4.460563e-11
14844 4.459902e-11
14845 4.459242e-11
14846 4.458582e-11
14847 4.457921e-11
14848 4.457261e-11
14849 4.456602e-11
14850 4.455942e-11
14851 4.455282e-11
14852 4.454623e-11
14853 4.453964e-11
14854 4.453304e-11
14855 4.452645e-11
14856 4.451987e-11
14857 4.451328e-11
14858 4.450669e-11
14859 4.450011e-11
14860 4.449353e-11
14861 4.448694e-11
14862 4.448036e-11
14863 4.447379e-11
14864 4.446721e-11
14865 4.446063e-11
14866 4.445406e-11
14867 4.444749e-11
14868 4.444091e-11
14869 4.443434e-11
14870 4.442777e-11
14871 4.442121e-11
14872 4.441464e-11
14873 4.440808e-11
14874 4.440151e-11
14875 4.439495e-11
14876 4.438839e-11
14877 4.438183e-11
14878 4.437528e-11
14879 4.436872e-11
14880 4.436216e-11
14881 4.435561e-11
14882 4.434906e-11
14883 4.434251e-11
14884 4.433596e-11
14885 4.432941e-11
14886 4.432287e-11
14887 4.431632e-11
14888 4.430978e-11
14889 4.430324e-11
14890 4.429670e-11
14891 4.429016e-11
14892 4.428362e-11
14893 4.427708e-11
14894 4.427055e-11
14895 4.426401e-11
14896 4.425748e-11
14897 4.425095e-11
14898 4.424442e-11
14899 4.423789e-11
14900 4.423137e-11
14901 4.422484e-11
14902 4.421832e-11
14903 4.421180e-11
14904 4.420527e-11
14905 4.419875e-11
14906 4.419224e-11
14907 4.418572e-11
14908 4.417920e-11
14909 4.417269e-11
14910 4.416618e-11
14911 4.415967e-11
14912 4.415316e-11
14913 4.414665e-11
14914 4.414014e-11
14915 4.413364e-11
14916 4.412713e-11
14917 4.412063e-11
14918 4.411413e-11
14919 4.410763e-11
14920 4.410113e-11
14921 4.409463e-11
14922 4.408814e-11
14923 4.408164e-11
14924 4.407515e-11
14925 4.406866e-11
14926 4.406217e-11
14927 4.405568e-11
14928 4.404919e-11
14929 4.404270e-11
14930 4.403622e-11
14931 4.402974e-11
14932 4.402325e-11
14933 4.401677e-11
14934 4.401029e-11
14935 4.400382e-11
14936 4.399734e-11
14937 4.399087e-11
14938 4.398439e-11
14939 4.397791e-11
14940 4.397143e-11
14941 4.396496e-11
14942 4.395849e-11
14943 4.395202e-11
14944 4.394555e-11
14945 4.393908e-11
14946 4.393261e-11
14947 4.392615e-11
14948 4.391968e-11
14949 4.391322e-11
14950 4.390676e-11
14951 4.390030e-11
14952 4.389384e-11
14953 4.388738e-11
14954 4.388092e-11
14955 4.387447e-11
14956 4.386802e-11
14957 4.386156e-11
14958 4.385511e-11
14959 4.384866e-11
14960 4.384222e-11
14961 4.383577e-11
14962 4.382932e-11
14963 4.382288e-11
14964 4.381644e-11
14965 4.381000e-11
14966 4.380356e-11
14967 4.379712e-11
14968 4.379068e-11
14969 4.378425e-11
14970 4.377781e-11
14971 4.377138e-11
14972 4.376495e-11
14973 4.375852e-11
14974 4.375209e-11
14975 4.374566e-11
14976 4.373924e-11
14977 4.373281e-11
14978 4.372639e-11
14979 4.371997e-11
14980 4.371355e-11
14981 4.370713e-11
14982 4.370071e-11
14983 4.369430e-11
14984 4.368788e-11
14985 4.368147e-11
14986 4.367506e-11
14987 4.366864e-11
14988 4.366224e-11
14989 4.365583e-11
14990 4.364942e-11
14991 4.364302e-11
14992 4.363661e-11
14993 4.363021e-11
14994 4.362381e-11
14995 4.361741e-11
14996 4.361101e-11
14997 4.360461e-11
14998 4.359822e-11
14999 4.359182e-11
15000 4.358543e-11
15001 4.357904e-11
15002 4.357265e-11
15003 4.356626e-11
15004 4.355987e-11
15005 4.355349e-11
15006 4.354710e-11
15007 4.354072e-11
15008 4.353434e-11
15009 4.352795e-11
15010 4.352158e-11
15011 4.351520e-11
15012 4.350882e-11
15013 4.350245e-11
15014 4.349607e-11
15015 4.348970e-11
15016 4.348333e-11
15017 4.347696e-11
15018 4.347059e-11
15019 4.346422e-11
15020 4.345786e-11
15021 4.345149e-11
15022 4.344513e-11
15023 4.343877e-11
15024 4.343241e-11
15025 4.342605e-11
15026 4.341969e-11
15027 4.341333e-11
15028 4.340698e-11
15029 4.340063e-11
15030 4.339427e-11
15031 4.338792e-11
15032 4.338157e-11
15033 4.337522e-11
15034 4.336888e-11
15035 4.336253e-11
15036 4.335619e-11
15037 4.334985e-11
15038 4.334350e-11
15039 4.333716e-11
15040 4.333083e-11
15041 4.332449e-11
15042 4.331815e-11
15043 4.331182e-11
15044 4.330548e-11
15045 4.329915e-11
15046 4.329282e-11
15047 4.328649e-11
15048 4.328016e-11
15049 4.327384e-11
15050 4.326751e-11
15051 4.326119e-11
15052 4.325487e-11
15053 4.324855e-11
15054 4.324223e-11
15055 4.323591e-11
15056 4.322959e-11
15057 4.322327e-11
15058 4.321696e-11
15059 4.321065e-11
15060 4.320433e-11
15061 4.319802e-11
15062 4.319171e-11
15063 4.318541e-11
15064 4.317910e-11
15065 4.317280e-11
15066 4.316649e-11
15067 4.316019e-11
15068 4.315389e-11
15069 4.314759e-11
15070 4.314129e-11
15071 4.313499e-11
15072 4.312869e-11
15073 4.312239e-11
15074 4.311609e-11
15075 4.310979e-11
15076 4.310350e-11
15077 4.309721e-11
15078 4.309091e-11
15079 4.308462e-11
15080 4.307833e-11
15081 4.307204e-11
15082 4.306576e-11
15083 4.305947e-11
15084 4.305319e-11
15085 4.304691e-11
15086 4.304062e-11
15087 4.303434e-11
15088 4.302806e-11
15089 4.302179e-11
15090 4.301551e-11
15091 4.300924e-11
15092 4.300296e-11
15093 4.299669e-11
15094 4.299042e-11
15095 4.298415e-11
15096 4.297788e-11
15097 4.297161e-11
15098 4.296535e-11
15099 4.295909e-11
15100 4.295282e-11
15101 4.294656e-11
15102 4.294030e-11
15103 4.293404e-11
15104 4.292778e-11
15105 4.292153e-11
15106 4.291527e-11
15107 4.290902e-11
15108 4.290277e-11
15109 4.289652e-11
15110 4.289027e-11
15111 4.288402e-11
15112 4.287777e-11
15113 4.287153e-11
15114 4.286528e-11
15115 4.285904e-11
15116 4.285280e-11
15117 4.284656e-11
15118 4.284032e-11
15119 4.283408e-11
15120 4.282784e-11
15121 4.282161e-11
15122 4.281537e-11
15123 4.280914e-11
15124 4.280291e-11
15125 4.279668e-11
15126 4.279045e-11
15127 4.278422e-11
15128 4.277800e-11
15129 4.277177e-11
15130 4.276555e-11
15131 4.275933e-11
15132 4.275311e-11
15133 4.274689e-11
15134 4.274067e-11
15135 4.273446e-11
15136 4.272824e-11
15137 4.272203e-11
15138 4.271581e-11
15139 4.270960e-11
15140 4.270339e-11
15141 4.269718e-11
15142 4.269098e-11
15143 4.268477e-11
15144 4.267856e-11
15145 4.267236e-11
15146 4.266616e-11
15147 4.265996e-11
15148 4.265376e-11
15149 4.264756e-11
15150 4.264136e-11
15151 4.263517e-11
15152 4.262897e-11
15153 4.262278e-11
15154 4.261659e-11
15155 4.261040e-11
15156 4.260421e-11
15157 4.259802e-11
15158 4.259183e-11
15159 4.258565e-11
15160 4.257947e-11
15161 4.257328e-11
15162 4.256710e-11
15163 4.256092e-11
15164 4.255474e-11
15165 4.254857e-11
15166 4.254239e-11
15167 4.253621e-11
15168 4.253004e-11
15169 4.252387e-11
15170 4.251770e-11
15171 4.251153e-11
15172 4.250536e-11
15173 4.249919e-11
15174 4.249303e-11
15175 4.248686e-11
15176 4.248070e-11
15177 4.247454e-11
15178 4.246838e-11
15179 4.246222e-11
15180 4.245606e-11
15181 4.244991e-11
15182 4.244375e-11
15183 4.243760e-11
15184 4.243144e-11
15185 4.242529e-11
15186 4.241914e-11
15187 4.241299e-11
15188 4.240685e-11
15189 4.240070e-11
15190 4.239455e-11
15191 4.238841e-11
15192 4.238227e-11
15193 4.237613e-11
15194 4.236999e-11
15195 4.236385e-11
15196 4.235771e-11
15197 4.235158e-11
15198 4.234544e-11
15199 4.233931e-11
15200 4.233318e-11
15201 4.232705e-11
15202 4.232092e-11
15203 4.231479e-11
15204 4.230866e-11
15205 4.230253e-11
15206 4.229640e-11
15207 4.229028e-11
15208 4.228415e-11
15209 4.227802e-11
15210 4.227190e-11
15211 4.226578e-11
15212 4.225966e-11
15213 4.225354e-11
15214 4.224742e-11
15215 4.224130e-11
15216 4.223519e-11
15217 4.222907e-11
15218 4.222296e-11
15219 4.221685e-11
15220 4.221074e-11
15221 4.220463e-11
15222 4.219852e-11
15223 4.219242e-11
15224 4.218631e-11
15225 4.218021e-11
15226 4.217410e-11
15227 4.216800e-11
15228 4.216190e-11
15229 4.215580e-11
15230 4.214971e-11
15231 4.214361e-11
15232 4.213751e-11
15233 4.213142e-11
15234 4.212533e-11
15235 4.211924e-11
15236 4.211315e-11
15237 4.210706e-11
15238 4.210097e-11
15239 4.209488e-11
15240 4.208880e-11
15241 4.208272e-11
15242 4.207663e-11
15243 4.207055e-11
15244 4.206447e-11
15245 4.205839e-11
15246 4.205232e-11
15247 4.204624e-11
15248 4.204017e-11
15249 4.203409e-11
15250 4.202802e-11
15251 4.202195e-11
15252 4.201588e-11
15253 4.200981e-11
15254 4.200375e-11
15255 4.199768e-11
15256 4.199162e-11
15257 4.198555e-11
15258 4.197949e-11
15259 4.197343e-11
15260 4.196737e-11
15261 4.196131e-11
15262 4.195526e-11
15263 4.194920e-11
15264 4.194315e-11
15265 4.193709e-11
15266 4.193104e-11
15267 4.192499e-11
15268 4.191894e-11
15269 4.191290e-11
15270 4.190685e-11
15271 4.190080e-11
15272 4.189476e-11
15273 4.188872e-11
15274 4.188267e-11
15275 4.187663e-11
15276 4.187060e-11
15277 4.186456e-11
15278 4.185852e-11
15279 4.185249e-11
15280 4.184645e-11
15281 4.184042e-11
15282 4.183439e-11
15283 4.182836e-11
15284 4.182233e-11
15285 4.181630e-11
15286 4.181028e-11
15287 4.180425e-11
15288 4.179823e-11
15289 4.179220e-11
15290 4.178618e-11
15291 4.178016e-11
15292 4.177414e-11
15293 4.176813e-11
15294 4.176211e-11
15295 4.175610e-11
15296 4.175008e-11
15297 4.174407e-11
15298 4.173806e-11
15299 4.173205e-11
15300 4.172604e-11
15301 4.172003e-11
15302 4.171403e-11
15303 4.170802e-11
15304 4.170202e-11
15305 4.169601e-11
15306 4.169001e-11
15307 4.168401e-11
15308 4.167801e-11
15309 4.167202e-11
15310 4.166602e-11
15311 4.166003e-11
15312 4.165403e-11
15313 4.164804e-11
15314 4.164205e-11
15315 4.163606e-11
15316 4.163007e-11
15317 4.162408e-11
15318 4.161810e-11
15319 4.161211e-11
15320 4.160613e-11
15321 4.160015e-11
15322 4.159417e-11
15323 4.158819e-11
15324 4.158221e-11
15325 4.157623e-11
15326 4.157025e-11
15327 4.156428e-11
15328 4.155830e-11
15329 4.155233e-11
15330 4.154636e-11
15331 4.154039e-11
15332 4.153442e-11
15333 4.152846e-11
15334 4.152249e-11
15335 4.151652e-11
15336 4.151056e-11
15337 4.150460e-11
15338 4.149864e-11
15339 4.149268e-11
15340 4.148671e-11
15341 4.148075e-11
15342 4.147479e-11
15343 4.146883e-11
15344 4.146287e-11
15345 4.145692e-11
15346 4.145096e-11
15347 4.144501e-11
15348 4.143906e-11
15349 4.143310e-11
15350 4.142715e-11
15351 4.142120e-11
15352 4.141526e-11
15353 4.140931e-11
15354 4.140336e-11
15355 4.139742e-11
15356 4.139148e-11
15357 4.138554e-11
15358 4.137960e-11
15359 4.137366e-11
15360 4.136772e-11
15361 4.136178e-11
15362 4.135585e-11
15363 4.134991e-11
15364 4.134398e-11
15365 4.133805e-11
15366 4.133212e-11
15367 4.132619e-11
15368 4.132026e-11
15369 4.131433e-11
15370 4.130841e-11
15371 4.130248e-11
15372 4.129656e-11
15373 4.129064e-11
15374 4.128472e-11
15375 4.127880e-11
15376 4.127288e-11
15377 4.126696e-11
15378 4.126105e-11
15379 4.125513e-11
15380 4.124922e-11
15381 4.124331e-11
15382 4.123740e-11
15383 4.123149e-11
15384 4.122558e-11
15385 4.121967e-11
15386 4.121377e-11
15387 4.120786e-11
15388 4.120196e-11
15389 4.119606e-11
15390 4.119015e-11
15391 4.118425e-11
15392 4.117836e-11
15393 4.117246e-11
15394 4.116656e-11
15395 4.116067e-11
15396 4.115477e-11
15397 4.114888e-11
15398 4.114299e-11
15399 4.113710e-11
15400 4.113121e-11
15401 4.112533e-11
15402 4.111944e-11
15403 4.111355e-11
15404 4.110767e-11
15405 4.110179e-11
15406 4.109591e-11
15407 4.109003e-11
15408 4.108415e-11
15409 4.107827e-11
15410 4.107239e-11
15411 4.106652e-11
15412 4.106064e-11
15413 4.105477e-11
15414 4.104890e-11
15415 4.104303e-11
15416 4.103716e-11
15417 4.103129e-11
15418 4.102543e-11
15419 4.101956e-11
15420 4.101370e-11
15421 4.100783e-11
15422 4.100197e-11
15423 4.099611e-11
15424 4.099025e-11
15425 4.098439e-11
15426 4.097854e-11
15427 4.097268e-11
15428 4.096683e-11
15429 4.096097e-11
15430 4.095512e-11
15431 4.094927e-11
15432 4.094342e-11
15433 4.093757e-11
15434 4.093173e-11
15435 4.092588e-11
15436 4.092003e-11
15437 4.091419e-11
15438 4.090835e-11
15439 4.090251e-11
15440 4.089667e-11
15441 4.089083e-11
15442 4.088499e-11
15443 4.087916e-11
15444 4.087332e-11
15445 4.086749e-11
15446 4.086165e-11
15447 4.085582e-11
15448 4.084999e-11
15449 4.084416e-11
15450 4.083834e-11
15451 4.083251e-11
15452 4.082668e-11
15453 4.082086e-11
15454 4.081504e-11
15455 4.080921e-11
15456 4.080339e-11
15457 4.079757e-11
15458 4.079176e-11
15459 4.078594e-11
15460 4.078012e-11
15461 4.077431e-11
15462 4.076850e-11
15463 4.076268e-11
15464 4.075687e-11
15465 4.075106e-11
15466 4.074525e-11
15467 4.073945e-11
15468 4.073364e-11
15469 4.072784e-11
15470 4.072203e-11
15471 4.071623e-11
15472 4.071043e-11
15473 4.070463e-11
15474 4.069883e-11
15475 4.069303e-11
15476 4.068723e-11
15477 4.068143e-11
15478 4.067563e-11
15479 4.066984e-11
15480 4.066404e-11
15481 4.065825e-11
15482 4.065245e-11
15483 4.064666e-11
15484 4.064087e-11
15485 4.063508e-11
15486 4.062929e-11
15487 4.062351e-11
15488 4.061772e-11
15489 4.061193e-11
15490 4.060615e-11
15491 4.060037e-11
15492 4.059459e-11
15493 4.058881e-11
15494 4.058303e-11
15495 4.057725e-11
15496 4.057147e-11
15497 4.056570e-11
15498 4.055992e-11
15499 4.055415e-11
15500 4.054838e-11
15501 4.054261e-11
15502 4.053684e-11
15503 4.053107e-11
15504 4.052530e-11
15505 4.051954e-11
15506 4.051377e-11
15507 4.050801e-11
15508 4.050225e-11
15509 4.049649e-11
15510 4.049073e-11
15511 4.048497e-11
15512 4.047921e-11
15513 4.047346e-11
15514 4.046770e-11
15515 4.046195e-11
15516 4.045619e-11
15517 4.045044e-11
15518 4.044469e-11
15519 4.043894e-11
15520 4.043320e-11
15521 4.042745e-11
15522 4.042170e-11
15523 4.041596e-11
15524 4.041022e-11
15525 4.040447e-11
15526 4.039873e-11
15527 4.039299e-11
15528 4.038725e-11
15529 4.038152e-11
15530 4.037578e-11
15531 4.037005e-11
15532 4.036431e-11
15533 4.035858e-11
15534 4.035285e-11
15535 4.034712e-11
15536 4.034139e-11
15537 4.033566e-11
15538 4.032994e-11
15539 4.032421e-11
15540 4.031849e-11
15541 4.031276e-11
15542 4.030704e-11
15543 4.030132e-11
15544 4.029560e-11
15545 4.028988e-11
15546 4.028417e-11
15547 4.027845e-11
15548 4.027273e-11
15549 4.026702e-11
15550 4.026131e-11
15551 4.025560e-11
15552 4.024989e-11
15553 4.024418e-11
15554 4.023847e-11
15555 4.023276e-11
15556 4.022706e-11
15557 4.022135e-11
15558 4.021565e-11
15559 4.020995e-11
15560 4.020425e-11
15561 4.019855e-11
15562 4.019285e-11
15563 4.018715e-11
15564 4.018146e-11
15565 4.017576e-11
15566 4.017007e-11
15567 4.016438e-11
15568 4.015869e-11
15569 4.015300e-11
15570 4.014731e-11
15571 4.014162e-11
15572 4.013593e-11
15573 4.013025e-11
15574 4.012456e-11
15575 4.011888e-11
15576 4.011320e-11
15577 4.010752e-11
15578 4.010184e-11
15579 4.009616e-11
15580 4.009048e-11
15581 4.008481e-11
15582 4.007913e-11
15583 4.007346e-11
15584 4.006778e-11
15585 4.006211e-11
15586 4.005644e-11
15587 4.005077e-11
15588 4.004511e-11
15589 4.003944e-11
15590 4.003377e-11
15591 4.002811e-11
15592 4.002245e-11
15593 4.001678e-11
15594 4.001112e-11
15595 4.000546e-11
15596 3.999981e-11
15597 3.999415e-11
15598 3.998849e-11
15599 3.998284e-11
15600 3.997718e-11
15601 3.997153e-11
15602 3.996588e-11
15603 3.996023e-11
15604 3.995458e-11
15605 3.994893e-11
15606 3.994328e-11
15607 3.993764e-11
15608 3.993199e-11
15609 3.992635e-11
15610 3.992071e-11
15611 3.991507e-11
15612 3.990943e-11
15613 3.990378e-11
15614 3.989814e-11
15615 3.989250e-11
15616 3.988686e-11
15617 3.988123e-11
15618 3.987559e-11
15619 3.986995e-11
15620 3.986432e-11
15621 3.985868e-11
15622 3.985305e-11
15623 3.984742e-11
15624 3.984179e-11
15625 3.983616e-11
15626 3.983054e-11
15627 3.982491e-11
15628 3.981928e-11
15629 3.981366e-11
15630 3.980804e-11
15631 3.980241e-11
15632 3.979679e-11
15633 3.979117e-11
15634 3.978556e-11
15635 3.977994e-11
15636 3.977432e-11
15637 3.976871e-11
15638 3.976309e-11
15639 3.975748e-11
15640 3.975187e-11
15641 3.974626e-11
15642 3.974065e-11
15643 3.973504e-11
15644 3.972943e-11
15645 3.972383e-11
15646 3.971822e-11
15647 3.971262e-11
15648 3.970702e-11
15649 3.970142e-11
15650 3.969582e-11
15651 3.969022e-11
15652 3.968462e-11
15653 3.967902e-11
15654 3.967343e-11
15655 3.966783e-11
15656 3.966224e-11
15657 3.965665e-11
15658 3.965106e-11
15659 3.964547e-11
15660 3.963988e-11
15661 3.963429e-11
15662 3.962871e-11
15663 3.962312e-11
15664 3.961754e-11
15665 3.961196e-11
15666 3.960637e-11
15667 3.960079e-11
15668 3.959521e-11
15669 3.958964e-11
15670 3.958406e-11
15671 3.957848e-11
15672 3.957291e-11
15673 3.956733e-11
15674 3.956176e-11
15675 3.955619e-11
15676 3.955062e-11
15677 3.954505e-11
15678 3.953948e-11
15679 3.953392e-11
15680 3.952835e-11
15681 3.952279e-11
15682 3.951722e-11
15683 3.951166e-11
15684 3.950610e-11
15685 3.950054e-11
15686 3.949498e-11
15687 3.948942e-11
15688 3.948387e-11
15689 3.947831e-11
15690 3.947276e-11
15691 3.946720e-11
15692 3.946165e-11
15693 3.945610e-11
15694 3.945055e-11
15695 3.944500e-11
15696 3.943945e-11
15697 3.943391e-11
15698 3.942836e-11
15699 3.942282e-11
15700 3.941727e-11
15701 3.941173e-11
15702 3.940619e-11
15703 3.940065e-11
15704 3.939511e-11
15705 3.938958e-11
15706 3.938404e-11
15707 3.937851e-11
15708 3.937297e-11
15709 3.936744e-11
15710 3.936191e-11
15711 3.935638e-11
15712 3.935085e-11
15713 3.934532e-11
15714 3.933979e-11
15715 3.933427e-11
15716 3.932874e-11
15717 3.932322e-11
15718 3.931769e-11
15719 3.931217e-11
15720 3.930665e-11
15721 3.930113e-11
15722 3.929561e-11
15723 3.929010e-11
15724 3.928458e-11
15725 3.927907e-11
15726 3.927355e-11
15727 3.926804e-11
15728 3.926253e-11
15729 3.925702e-11
15730 3.925151e-11
15731 3.924600e-11
15732 3.924049e-11
15733 3.923499e-11
15734 3.922948e-11
15735 3.922398e-11
15736 3.921848e-11
15737 3.921298e-11
15738 3.920748e-11
15739 3.920198e-11
15740 3.919648e-11
15741 3.919098e-11
15742 3.918549e-11
15743 3.917999e-11
15744 3.917450e-11
15745 3.916901e-11
15746 3.916352e-11
15747 3.915803e-11
15748 3.915254e-11
15749 3.914705e-11
15750 3.914156e-11
15751 3.913608e-11
15752 3.913059e-11
15753 3.912510e-11
15754 3.911962e-11
15755 3.911413e-11
15756 3.910865e-11
15757 3.910316e-11
15758 3.909768e-11
15759 3.909220e-11
15760 3.908672e-11
15761 3.908125e-11
15762 3.907577e-11
15763 3.907029e-11
15764 3.906482e-11
15765 3.905934e-11
15766 3.905387e-11
15767 3.904840e-11
15768 3.904293e-11
15769 3.903746e-11
15770 3.903199e-11
15771 3.902653e-11
15772 3.902106e-11
15773 3.901559e-11
15774 3.901013e-11
15775 3.900467e-11
15776 3.899921e-11
15777 3.899375e-11
15778 3.898829e-11
15779 3.898283e-11
15780 3.897737e-11
15781 3.897192e-11
15782 3.896646e-11
15783 3.896101e-11
15784 3.895556e-11
15785 3.895010e-11
15786 3.894465e-11
15787 3.893920e-11
15788 3.893376e-11
15789 3.892831e-11
15790 3.892286e-11
15791 3.891742e-11
15792 3.891197e-11
15793 3.890653e-11
15794 3.890109e-11
15795 3.889565e-11
15796 3.889021e-11
15797 3.888477e-11
15798 3.887934e-11
15799 3.887390e-11
15800 3.886846e-11
15801 3.886303e-11
15802 3.885760e-11
15803 3.885217e-11
15804 3.884674e-11
15805 3.884131e-11
15806 3.883588e-11
15807 3.883045e-11
15808 3.882503e-11
15809 3.881960e-11
15810 3.881418e-11
15811 3.880875e-11
15812 3.880333e-11
15813 3.879791e-11
15814 3.879249e-11
15815 3.878707e-11
15816 3.878166e-11
15817 3.877624e-11
15818 3.877083e-11
15819 3.876541e-11
15820 3.876000e-11
15821 3.875459e-11
15822 3.874918e-11
15823 3.874377e-11
15824 3.873836e-11
15825 3.873295e-11
15826 3.872754e-11
15827 3.872214e-11
15828 3.871674e-11
15829 3.871133e-11
15830 3.870593e-11
15831 3.870053e-11
15832 3.869513e-11
15833 3.868973e-11
15834 3.868433e-11
15835 3.867894e-11
15836 3.867354e-11
15837 3.866815e-11
15838 3.866275e-11
15839 3.865736e-11
15840 3.865197e-11
15841 3.864658e-11
15842 3.864119e-11
15843 3.863581e-11
15844 3.863042e-11
15845 3.862503e-11
15846 3.861965e-11
15847 3.861427e-11
15848 3.860888e-11
15849 3.860350e-11
15850 3.859812e-11
15851 3.859274e-11
15852 3.858737e-11
15853 3.858199e-11
15854 3.857661e-11
15855 3.857124e-11
15856 3.856587e-11
15857 3.856049e-11
15858 3.855512e-11
15859 3.854975e-11
15860 3.854438e-11
15861 3.853901e-11
15862 3.853365e-11
15863 3.852828e-11
15864 3.852292e-11
15865 3.851755e-11
15866 3.851219e-11
15867 3.850683e-11
15868 3.850147e-11
15869 3.849611e-11
15870 3.849075e-11
15871 3.848539e-11
15872 3.848004e-11
15873 3.847468e-11
15874 3.846933e-11
15875 3.846397e-11
15876 3.845862e-11
15877 3.845327e-11
15878 3.844792e-11
15879 3.844257e-11
15880 3.843723e-11
15881 3.843188e-11
15882 3.842653e-11
15883 3.842119e-11
15884 3.841585e-11
15885 3.841051e-11
15886 3.840516e-11
15887 3.839982e-11
15888 3.839449e-11
15889 3.838915e-11
15890 3.838381e-11
15891 3.837848e-11
15892 3.837314e-11
15893 3.836780e-11
15894 3.836246e-11
15895 3.835713e-11
15896 3.835180e-11
15897 3.834646e-11
15898 3.834113e-11
15899 3.833580e-11
15900 3.833047e-11
15901 3.832514e-11
15902 3.831982e-11
15903 3.831449e-11
15904 3.830916e-11
15905 3.830384e-11
15906 3.829852e-11
15907 3.829320e-11
15908 3.828787e-11
15909 3.828255e-11
15910 3.827724e-11
15911 3.827192e-11
15912 3.826660e-11
15913 3.826129e-11
15914 3.825597e-11
15915 3.825066e-11
15916 3.824535e-11
15917 3.824004e-11
15918 3.823472e-11
15919 3.822942e-11
15920 3.822411e-11
15921 3.821880e-11
15922 3.821350e-11
15923 3.820819e-11
15924 3.820289e-11
15925 3.819758e-11
15926 3.819228e-11
15927 3.818698e-11
15928 3.818168e-11
15929 3.817638e-11
15930 3.817109e-11
15931 3.816579e-11
15932 3.816050e-11
15933 3.815520e-11
15934 3.814991e-11
15935 3.814462e-11
15936 3.813933e-11
15937 3.813404e-11
15938 3.812875e-11
15939 3.812346e-11
15940 3.811817e-11
15941 3.811289e-11
15942 3.810760e-11
15943 3.810232e-11
15944 3.809704e-11
15945 3.809176e-11
15946 3.808647e-11
15947 3.808120e-11
15948 3.807592e-11
15949 3.807064e-11
15950 3.806536e-11
15951 3.806009e-11
15952 3.805482e-11
15953 3.804954e-11
15954 3.804427e-11
15955 3.803900e-11
15956 3.803373e-11
15957 3.802846e-11
15958 3.802319e-11
15959 3.801793e-11
15960 3.801266e-11
15961 3.800740e-11
15962 3.800214e-11
15963 3.799687e-11
15964 3.799161e-11
15965 3.798635e-11
15966 3.798109e-11
15967 3.797583e-11
15968 3.797058e-11
15969 3.796532e-11
15970 3.796007e-11
15971 3.795481e-11
15972 3.794956e-11
15973 3.794431e-11
15974 3.793906e-11
15975 3.793381e-11
15976 3.792856e-11
15977 3.792331e-11
15978 3.791807e-11
15979 3.791282e-11
15980 3.790758e-11
15981 3.790233e-11
15982 3.789709e-11
15983 3.789185e-11
15984 3.788661e-11
15985 3.788137e-11
15986 3.787613e-11
15987 3.787090e-11
15988 3.786566e-11
15989 3.786043e-11
15990 3.785519e-11
15991 3.784996e-11
15992 3.784473e-11
15993 3.783950e-11
15994 3.783427e-11
15995 3.782904e-11
15996 3.782381e-11
15997 3.781859e-11
15998 3.781336e-11
15999 3.780814e-11
16000 3.780291e-11
16001 3.779769e-11
16002 3.779247e-11
16003 3.778725e-11
16004 3.778203e-11
16005 3.777681e-11
16006 3.777159e-11
16007 3.776638e-11
16008 3.776116e-11
16009 3.775595e-11
16010 3.775074e-11
16011 3.774553e-11
16012 3.774031e-11
16013 3.773511e-11
16014 3.772990e-11
16015 3.772469e-11
16016 3.771948e-11
16017 3.771428e-11
16018 3.770907e-11
16019 3.770387e-11
16020 3.769867e-11
16021 3.769347e-11
16022 3.768827e-11
16023 3.768307e-11
16024 3.767787e-11
16025 3.767267e-11
16026 3.766747e-11
16027 3.766228e-11
16028 3.765709e-11
16029 3.765189e-11
16030 3.764670e-11
16031 3.764151e-11
16032 3.763632e-11
16033 3.763113e-11
16034 3.762594e-11
16035 3.762075e-11
16036 3.761556e-11
16037 3.761037e-11
16038 3.760518e-11
16039 3.760000e-11
16040 3.759481e-11
16041 3.758963e-11
16042 3.758445e-11
16043 3.757926e-11
16044 3.757408e-11
16045 3.756890e-11
16046 3.756372e-11
16047 3.755855e-11
16048 3.755337e-11
16049 3.754819e-11
16050 3.754302e-11
16051 3.753785e-11
16052 3.753267e-11
16053 3.752750e-11
16054 3.752233e-11
16055 3.751716e-11
16056 3.751199e-11
16057 3.750683e-11
16058 3.750166e-11
16059 3.749649e-11
16060 3.749133e-11
16061 3.748617e-11
16062 3.748101e-11
16063 3.747584e-11
16064 3.747068e-11
16065 3.746553e-11
16066 3.746037e-11
16067 3.745521e-11
16068 3.745005e-11
16069 3.744490e-11
16070 3.743975e-11
16071 3.743459e-11
16072 3.742944e-11
16073 3.742429e-11
16074 3.741914e-11
16075 3.741399e-11
16076 3.740884e-11
16077 3.740370e-11
16078 3.739855e-11
16079 3.739341e-11
16080 3.738826e-11
16081 3.738312e-11
16082 3.737798e-11
16083 3.737284e-11
16084 3.736770e-11
16085 3.736256e-11
16086 3.735742e-11
16087 3.735229e-11
16088 3.734715e-11
16089 3.734202e-11
16090 3.733688e-11
16091 3.733175e-11
16092 3.732662e-11
16093 3.732149e-11
16094 3.731636e-11
16095 3.731123e-11
16096 3.730610e-11
16097 3.730098e-11
16098 3.729585e-11
16099 3.729073e-11
16100 3.728561e-11
16101 3.728048e-11
16102 3.727536e-11
16103 3.727024e-11
16104 3.726512e-11
16105 3.726001e-11
16106 3.725489e-11
16107 3.724977e-11
16108 3.724466e-11
16109 3.723954e-11
16110 3.723443e-11
16111 3.722932e-11
16112 3.722421e-11
16113 3.721910e-11
16114 3.721399e-11
16115 3.720888e-11
16116 3.720377e-11
16117 3.719867e-11
16118 3.719356e-11
16119 3.718846e-11
16120 3.718336e-11
16121 3.717826e-11
16122 3.717315e-11
16123 3.716805e-11
16124 3.716296e-11
16125 3.715786e-11
16126 3.715276e-11
16127 3.714767e-11
16128 3.714257e-11
16129 3.713748e-11
16130 3.713239e-11
16131 3.712729e-11
16132 3.712220e-11
16133 3.711711e-11
16134 3.711203e-11
16135 3.710694e-11
16136 3.710185e-11
16137 3.709677e-11
16138 3.709168e-11
16139 3.708660e-11
16140 3.708152e-11
16141 3.707643e-11
16142 3.707135e-11
16143 3.706627e-11
16144 3.706120e-11
16145 3.705612e-11
16146 3.705104e-11
16147 3.704597e-11
16148 3.704089e-11
16149 3.703582e-11
16150 3.703075e-11
16151 3.702567e-11
16152 3.702060e-11
16153 3.701554e-11
16154 3.701047e-11
16155 3.700540e-11
16156 3.700033e-11
16157 3.699527e-11
16158 3.699020e-11
16159 3.698514e-11
16160 3.698008e-11
16161 3.697502e-11
16162 3.696996e-11
16163 3.696490e-11
16164 3.695984e-11
16165 3.695478e-11
16166 3.694973e-11
16167 3.694467e-11
16168 3.693962e-11
16169 3.693456e-11
16170 3.692951e-11
16171 3.692446e-11
16172 3.691941e-11
16173 3.691436e-11
16174 3.690931e-11
16175 3.690426e-11
16176 3.689921e-11
16177 3.689417e-11
16178 3.688912e-11
16179 3.688407e-11
16180 3.687903e-11
16181 3.687398e-11
16182 3.686894e-11
16183 3.686390e-11
16184 3.685885e-11
16185 3.685381e-11
16186 3.684877e-11
16187 3.684374e-11
16188 3.683870e-11
16189 3.683366e-11
16190 3.682863e-11
16191 3.682359e-11
16192 3.681856e-11
16193 3.681353e-11
16194 3.680849e-11
16195 3.680346e-11
16196 3.679843e-11
16197 3.679341e-11
16198 3.678838e-11
16199 3.678335e-11
16200 3.677833e-11
16201 3.677330e-11
16202 3.676828e-11
16203 3.676326e-11
16204 3.675823e-11
16205 3.675321e-11
16206 3.674819e-11
16207 3.674318e-11
16208 3.673816e-11
16209 3.673314e-11
16210 3.672813e-11
16211 3.672311e-11
16212 3.671810e-11
16213 3.671309e-11
16214 3.670807e-11
16215 3.670306e-11
16216 3.669805e-11
16217 3.669305e-11
16218 3.668804e-11
16219 3.668303e-11
16220 3.667803e-11
16221 3.667302e-11
16222 3.666802e-11
16223 3.666301e-11
16224 3.665801e-11
16225 3.665301e-11
16226 3.664801e-11
16227 3.664301e-11
16228 3.663802e-11
16229 3.663302e-11
16230 3.662802e-11
16231 3.662303e-11
16232 3.661804e-11
16233 3.661304e-11
16234 3.660805e-11
16235 3.660306e-11
16236 3.659807e-11
16237 3.659308e-11
16238 3.658809e-11
16239 3.658311e-11
16240 3.657812e-11
16241 3.657314e-11
16242 3.656815e-11
16243 3.656317e-11
16244 3.655819e-11
16245 3.655321e-11
16246 3.654823e-11
16247 3.654325e-11
16248 3.653827e-11
16249 3.653329e-11
16250 3.652832e-11
16251 3.652334e-11
16252 3.651837e-11
16253 3.651340e-11
16254 3.650842e-11
16255 3.650345e-11
16256 3.649848e-11
16257 3.649351e-11
16258 3.648854e-11
16259 3.648358e-11
16260 3.647861e-11
16261 3.647365e-11
16262 3.646868e-11
16263 3.646372e-11
16264 3.645876e-11
16265 3.645380e-11
16266 3.644884e-11
16267 3.644388e-11
16268 3.643892e-11
16269 3.643396e-11
16270 3.642900e-11
16271 3.642405e-11
16272 3.641909e-11
16273 3.641414e-11
16274 3.640919e-11
16275 3.640424e-11
16276 3.639929e-11
16277 3.639434e-11
16278 3.638939e-11
16279 3.638444e-11
16280 3.637949e-11
16281 3.637455e-11
16282 3.636960e-11
16283 3.636466e-11
16284 3.635972e-11
16285 3.635478e-11
16286 3.634984e-11
16287 3.634490e-11
16288 3.633996e-11
16289 3.633502e-11
16290 3.633008e-11
16291 3.632515e-11
16292 3.632021e-11
16293 3.631528e-11
16294 3.631034e-11
16295 3.630541e-11
16296 3.630048e-11
16297 3.629555e-11
16298 3.629062e-11
16299 3.628569e-11
16300 3.628077e-11
16301 3.627584e-11
16302 3.627092e-11
16303 3.626599e-11
16304 3.626107e-11
16305 3.625615e-11
16306 3.625123e-11
16307 3.624631e-11
16308 3.624139e-11
16309 3.623647e-11
16310 3.623155e-11
16311 3.622663e-11
16312 3.622172e-11
16313 3.621680e-11
16314 3.621189e-11
16315 3.620698e-11
16316 3.620207e-11
16317 3.619716e-11
16318 3.619225e-11
16319 3.618734e-11
16320 3.618242e-11
16321 3.617751e-11
16322 3.617261e-11
16323 3.616770e-11
16324 3.616279e-11
16325 3.615788e-11
16326 3.615298e-11
16327 3.614808e-11
16328 3.614317e-11
16329 3.613827e-11
16330 3.613337e-11
16331 3.612847e-11
16332 3.612357e-11
16333 3.611867e-11
16334 3.611377e-11
16335 3.610888e-11
16336 3.610398e-11
16337 3.609909e-11
16338 3.609419e-11
16339 3.608930e-11
16340 3.608441e-11
16341 3.607952e-11
16342 3.607463e-11
16343 3.606974e-11
16344 3.606485e-11
16345 3.605997e-11
16346 3.605508e-11
16347 3.605020e-11
16348 3.604531e-11
16349 3.604043e-11
16350 3.603555e-11
16351 3.603067e-11
16352 3.602579e-11
16353 3.602091e-11
16354 3.601603e-11
16355 3.601115e-11
16356 3.600628e-11
16357 3.600140e-11
16358 3.599653e-11
16359 3.599165e-11
16360 3.598678e-11
16361 3.598191e-11
16362 3.597704e-11
16363 3.597217e-11
16364 3.596730e-11
16365 3.596243e-11
16366 3.595757e-11
16367 3.595270e-11
16368 3.594784e-11
16369 3.594297e-11
16370 3.593811e-11
16371 3.593325e-11
16372 3.592839e-11
16373 3.592353e-11
16374 3.591867e-11
16375 3.591381e-11
16376 3.590895e-11
16377 3.590410e-11
16378 3.589924e-11
16379 3.589439e-11
16380 3.588953e-11
16381 3.588468e-11
16382 3.587983e-11
16383 3.587498e-11
16384 3.587013e-11
16385 3.586528e-11
16386 3.586044e-11
16387 3.585559e-11
16388 3.585074e-11
16389 3.584590e-11
16390 3.584105e-11
16391 3.583621e-11
16392 3.583137e-11
16393 3.582653e-11
16394 3.582169e-11
16395 3.581685e-11
16396 3.581201e-11
16397 3.580717e-11
16398 3.580234e-11
16399 3.579750e-11
16400 3.579267e-11
16401 3.578784e-11
16402 3.578300e-11
16403 3.577817e-11
16404 3.577334e-11
16405 3.576851e-11
16406 3.576368e-11
16407 3.575886e-11
16408 3.575403e-11
16409 3.574920e-11
16410 3.574438e-11
16411 3.573955e-11
16412 3.573473e-11
16413 3.572991e-11
16414 3.572509e-11
16415 3.572027e-11
16416 3.571545e-11
16417 3.571063e-11
16418 3.570581e-11
16419 3.570100e-11
16420 3.569618e-11
16421 3.569137e-11
16422 3.568656e-11
16423 3.568174e-11
16424 3.567693e-11
16425 3.567212e-11
16426 3.566731e-11
16427 3.566250e-11
16428 3.565769e-11
16429 3.565289e-11
16430 3.564808e-11
16431 3.564328e-11
16432 3.563847e-11
16433 3.563367e-11
16434 3.562887e-11
16435 3.562407e-11
16436 3.561927e-11
16437 3.561447e-11
16438 3.560967e-11
16439 3.560487e-11
16440 3.560007e-11
16441 3.559528e-11
16442 3.559048e-11
16443 3.558569e-11
16444 3.558090e-11
16445 3.557610e-11
16446 3.557131e-11
16447 3.556652e-11
16448 3.556173e-11
16449 3.555695e-11
16450 3.555216e-11
16451 3.554737e-11
16452 3.554259e-11
16453 3.553780e-11
16454 3.553302e-11
16455 3.552824e-11
16456 3.552346e-11
16457 3.551868e-11
16458 3.551390e-11
16459 3.550912e-11
16460 3.550434e-11
16461 3.549956e-11
16462 3.549479e-11
16463 3.549001e-11
16464 3.548524e-11
16465 3.548046e-11
16466 3.547568e-11
16467 3.547091e-11
16468 3.546614e-11
16469 3.546136e-11
16470 3.545659e-11
16471 3.545182e-11
16472 3.544705e-11
16473 3.544228e-11
16474 3.543752e-11
16475 3.543275e-11
16476 3.542798e-11
16477 3.542322e-11
16478 3.541845e-11
16479 3.541369e-11
16480 3.540893e-11
16481 3.540417e-11
16482 3.539941e-11
16483 3.539465e-11
16484 3.538989e-11
16485 3.538513e-11
16486 3.538037e-11
16487 3.537562e-11
16488 3.537086e-11
16489 3.536611e-11
16490 3.536136e-11
16491 3.535661e-11
16492 3.535185e-11
16493 3.534710e-11
16494 3.534235e-11
16495 3.533761e-11
16496 3.533286e-11
16497 3.532811e-11
16498 3.532337e-11
16499 3.531862e-11
16500 3.531388e-11
16501 3.530914e-11
16502 3.530439e-11
16503 3.529965e-11
16504 3.529491e-11
16505 3.529017e-11
16506 3.528544e-11
16507 3.528070e-11
16508 3.527596e-11
16509 3.527123e-11
16510 3.526649e-11
16511 3.526176e-11
16512 3.525703e-11
16513 3.525229e-11
16514 3.524756e-11
16515 3.524283e-11
16516 3.523811e-11
16517 3.523338e-11
16518 3.522865e-11
16519 3.522392e-11
16520 3.521920e-11
16521 3.521447e-11
16522 3.520975e-11
16523 3.520503e-11
16524 3.520031e-11
16525 3.519559e-11
16526 3.519087e-11
16527 3.518615e-11
16528 3.518143e-11
16529 3.517671e-11
16530 3.517200e-11
16531 3.516728e-11
16532 3.516257e-11
16533 3.515785e-11
16534 3.515314e-11
16535 3.514843e-11
16536 3.514372e-11
16537 3.513901e-11
16538 3.513430e-11
16539 3.512959e-11
16540 3.512489e-11
16541 3.512018e-11
16542 3.511548e-11
16543 3.511077e-11
16544 3.510607e-11
16545 3.510137e-11
16546 3.509667e-11
16547 3.509196e-11
16548 3.508726e-11
16549 3.508257e-11
16550 3.507787e-11
16551 3.507317e-11
16552 3.506848e-11
16553 3.506378e-11
16554 3.505909e-11
16555 3.505439e-11
16556 3.504970e-11
16557 3.504501e-11
16558 3.504032e-11
16559 3.503563e-11
16560 3.503094e-11
16561 3.502625e-11
16562 3.502157e-11
16563 3.501688e-11
16564 3.501220e-11
16565 3.500751e-11
16566 3.500283e-11
16567 3.499815e-11
16568 3.499347e-11
16569 3.498878e-11
16570 3.498411e-11
16571 3.497943e-11
16572 3.497475e-11
16573 3.497007e-11
16574 3.496540e-11
16575 3.496072e-11
16576 3.495605e-11
16577 3.495137e-11
16578 3.494670e-11
16579 3.494203e-11
16580 3.493736e-11
16581 3.493269e-11
16582 3.492802e-11
16583 3.492335e-11
16584 3.491869e-11
16585 3.491402e-11
16586 3.490936e-11
16587 3.490469e-11
16588 3.490003e-11
16589 3.489537e-11
16590 3.489071e-11
16591 3.488604e-11
16592 3.488138e-11
16593 3.487673e-11
16594 3.487207e-11
16595 3.486741e-11
16596 3.486276e-11
16597 3.485810e-11
16598 3.485345e-11
16599 3.484879e-11
16600 3.484414e-11
16601 3.483949e-11
16602 3.483484e-11
16603 3.483019e-11
16604 3.482554e-11
16605 3.482089e-11
16606 3.481625e-11
16607 3.481160e-11
16608 3.480695e-11
16609 3.480231e-11
16610 3.479767e-11
16611 3.479302e-11
16612 3.478838e-11
16613 3.478373e-11
16614 3.477909e-11
16615 3.477445e-11
16616 3.476981e-11
16617 3.476517e-11
16618 3.476053e-11
16619 3.475589e-11
16620 3.475125e-11
16621 3.474662e-11
16622 3.474198e-11
16623 3.473735e-11
16624 3.473271e-11
16625 3.472808e-11
16626 3.472345e-11
16627 3.471882e-11
16628 3.471419e-11
16629 3.470956e-11
16630 3.470493e-11
16631 3.470030e-11
16632 3.469567e-11
16633 3.469105e-11
16634 3.468642e-11
16635 3.468180e-11
16636 3.467718e-11
16637 3.467255e-11
16638 3.466793e-11
16639 3.466331e-11
16640 3.465869e-11
16641 3.465408e-11
16642 3.464946e-11
16643 3.464484e-11
16644 3.464023e-11
16645 3.463561e-11
16646 3.463100e-11
16647 3.462638e-11
16648 3.462177e-11
16649 3.461716e-11
16650 3.461255e-11
16651 3.460794e-11
16652 3.460333e-11
16653 3.459872e-11
16654 3.459412e-11
16655 3.458951e-11
16656 3.458491e-11
16657 3.458030e-11
16658 3.457570e-11
16659 3.457110e-11
16660 3.456649e-11
16661 3.456189e-11
16662 3.455729e-11
16663 3.455269e-11
16664 3.454810e-11
16665 3.454350e-11
16666 3.453890e-11
16667 3.453431e-11
16668 3.452971e-11
16669 3.452512e-11
16670 3.452053e-11
16671 3.451594e-11
16672 3.451134e-11
16673 3.450675e-11
16674 3.450217e-11
16675 3.449758e-11
16676 3.449299e-11
16677 3.448840e-11
16678 3.448382e-11
16679 3.447923e-11
16680 3.447465e-11
16681 3.447007e-11
16682 3.446548e-11
16683 3.446090e-11
16684 3.445632e-11
16685 3.445174e-11
16686 3.444716e-11
16687 3.444259e-11
16688 3.443801e-11
16689 3.443343e-11
16690 3.442886e-11
16691 3.442428e-11
16692 3.441971e-11
16693 3.441514e-11
16694 3.441057e-11
16695 3.440600e-11
16696 3.440143e-11
16697 3.439686e-11
16698 3.439229e-11
16699 3.438772e-11
16700 3.438316e-11
16701 3.437859e-11
16702 3.437403e-11
16703 3.436946e-11
16704 3.436490e-11
16705 3.436034e-11
16706 3.435578e-11
16707 3.435122e-11
16708 3.434666e-11
16709 3.434210e-11
16710 3.433754e-11
16711 3.433299e-11
16712 3.432843e-11
16713 3.432388e-11
16714 3.431932e-11
16715 3.431477e-11
16716 3.431022e-11
16717 3.430567e-11
16718 3.430112e-11
16719 3.429657e-11
16720 3.429202e-11
16721 3.428747e-11
16722 3.428292e-11
16723 3.427838e-11
16724 3.427383e-11
16725 3.426929e-11
16726 3.426474e-11
16727 3.426020e-11
16728 3.425566e-11
16729 3.425112e-11
16730 3.424658e-11
16731 3.424204e-11
16732 3.423750e-11
16733 3.423297e-11
16734 3.422843e-11
16735 3.422389e-11
16736 3.421936e-11
16737 3.421482e-11
16738 3.421029e-11
16739 3.420576e-11
16740 3.420123e-11
16741 3.419670e-11
16742 3.419217e-11
16743 3.418764e-11
16744 3.418311e-11
16745 3.417859e-11
16746 3.417406e-11
16747 3.416953e-11
16748 3.416501e-11
16749 3.416049e-11
16750 3.415596e-11
16751 3.415144e-11
16752 3.414692e-11
16753 3.414240e-11
16754 3.413788e-11
16755 3.413337e-11
16756 3.412885e-11
16757 3.412433e-11
16758 3.411981e-11
16759 3.411530e-11
16760 3.411078e-11
16761 3.410626e-11
16762 3.410175e-11
16763 3.409724e-11
16764 3.409272e-11
16765 3.408821e-11
16766 3.408370e-11
16767 3.407919e-11
16768 3.407468e-11
16769 3.407017e-11
16770 3.406566e-11
16771 3.406115e-11
16772 3.405665e-11
16773 3.405214e-11
16774 3.404764e-11
16775 3.404313e-11
16776 3.403863e-11
16777 3.403413e-11
16778 3.402963e-11
16779 3.402513e-11
16780 3.402063e-11
16781 3.401613e-11
16782 3.401163e-11
16783 3.400714e-11
16784 3.400264e-11
16785 3.399815e-11
16786 3.399365e-11
16787 3.398916e-11
16788 3.398467e-11
16789 3.398017e-11
16790 3.397568e-11
16791 3.397119e-11
16792 3.396671e-11
16793 3.396222e-11
16794 3.395773e-11
16795 3.395324e-11
16796 3.394876e-11
16797 3.394427e-11
16798 3.393979e-11
16799 3.393531e-11
16800 3.393082e-11
16801 3.392634e-11
16802 3.392186e-11
16803 3.391738e-11
16804 3.391291e-11
16805 3.390843e-11
16806 3.390395e-11
16807 3.389947e-11
16808 3.389500e-11
16809 3.389052e-11
16810 3.388605e-11
16811 3.388158e-11
16812 3.387711e-11
16813 3.387264e-11
16814 3.386817e-11
16815 3.386370e-11
16816 3.385923e-11
16817 3.385476e-11
16818 3.385029e-11
16819 3.384583e-11
16820 3.384136e-11
16821 3.383690e-11
16822 3.383244e-11
16823 3.382797e-11
16824 3.382351e-11
16825 3.381905e-11
16826 3.381459e-11
16827 3.381013e-11
16828 3.380567e-11
16829 3.380122e-11
16830 3.379676e-11
16831 3.379231e-11
16832 3.378785e-11
16833 3.378340e-11
16834 3.377894e-11
16835 3.377449e-11
16836 3.377004e-11
16837 3.376559e-11
16838 3.376114e-11
16839 3.375669e-11
16840 3.375224e-11
16841 3.374780e-11
16842 3.374335e-11
16843 3.373891e-11
16844 3.373446e-11
16845 3.373002e-11
16846 3.372557e-11
16847 3.372113e-11
16848 3.371669e-11
16849 3.371225e-11
16850 3.370781e-11
16851 3.370337e-11
16852 3.369894e-11
16853 3.369450e-11
16854 3.369006e-11
16855 3.368563e-11
16856 3.368119e-11
16857 3.367676e-11
16858 3.367233e-11
16859 3.366790e-11
16860 3.366346e-11
16861 3.365903e-11
16862 3.365460e-11
16863 3.365018e-11
16864 3.364575e-11
16865 3.364132e-11
16866 3.363690e-11
16867 3.363247e-11
16868 3.362805e-11
16869 3.362362e-11
16870 3.361920e-11
16871 3.361478e-11
16872 3.361036e-11
16873 3.360594e-11
16874 3.360152e-11
16875 3.359710e-11
16876 3.359268e-11
16877 3.358827e-11
16878 3.358385e-11
16879 3.357944e-11
16880 3.357502e-11
16881 3.357061e-11
16882 3.356620e-11
16883 3.356179e-11
16884 3.355738e-11
16885 3.355297e-11
16886 3.354856e-11
16887 3.354415e-11
16888 3.353974e-11
16889 3.353533e-11
16890 3.353093e-11
16891 3.352652e-11
16892 3.352212e-11
16893 3.351772e-11
16894 3.351331e-11
16895 3.350891e-11
16896 3.350451e-11
16897 3.350011e-11
16898 3.349571e-11
16899 3.349132e-11
16900 3.348692e-11
16901 3.348252e-11
16902 3.347813e-11
16903 3.347373e-11
16904 3.346934e-11
16905 3.346494e-11
16906 3.346055e-11
16907 3.345616e-11
16908 3.345177e-11
16909 3.344737e-11
16910 3.344298e-11
16911 3.343859e-11
16912 3.343420e-11
16913 3.342981e-11
16914 3.342542e-11
16915 3.342104e-11
16916 3.341665e-11
16917 3.341226e-11
16918 3.340788e-11
16919 3.340349e-11
16920 3.339911e-11
16921 3.339473e-11
16922 3.339035e-11
16923 3.338597e-11
16924 3.338159e-11
16925 3.337721e-11
16926 3.337283e-11
16927 3.336845e-11
16928 3.336408e-11
16929 3.335970e-11
16930 3.335533e-11
16931 3.335095e-11
16932 3.334658e-11
16933 3.334221e-11
16934 3.333783e-11
16935 3.333346e-11
16936 3.332909e-11
16937 3.332472e-11
16938 3.332036e-11
16939 3.331599e-11
16940 3.331162e-11
16941 3.330726e-11
16942 3.330289e-11
16943 3.329853e-11
16944 3.329416e-11
16945 3.328980e-11
16946 3.328544e-11
16947 3.328108e-11
16948 3.327672e-11
16949 3.327236e-11
16950 3.326800e-11
16951 3.326364e-11
16952 3.325929e-11
16953 3.325493e-11
16954 3.325058e-11
16955 3.324622e-11
16956 3.324187e-11
16957 3.323752e-11
16958 3.323317e-11
16959 3.322881e-11
16960 3.322446e-11
16961 3.322012e-11
16962 3.321577e-11
16963 3.321142e-11
16964 3.320707e-11
16965 3.320273e-11
16966 3.319838e-11
16967 3.319404e-11
16968 3.318969e-11
16969 3.318535e-11
16970 3.318101e-11
16971 3.317667e-11
16972 3.317233e-11
16973 3.316799e-11
16974 3.316365e-11
16975 3.315931e-11
16976 3.315498e-11
16977 3.315064e-11
16978 3.314631e-11
16979 3.314197e-11
16980 3.313764e-11
16981 3.313330e-11
16982 3.312897e-11
16983 3.312464e-11
16984 3.312031e-11
16985 3.311598e-11
16986 3.311165e-11
16987 3.310733e-11
16988 3.310300e-11
16989 3.309867e-11
16990 3.309435e-11
16991 3.309002e-11
16992 3.308570e-11
16993 3.308138e-11
16994 3.307705e-11
16995 3.307273e-11
16996 3.306841e-11
16997 3.306409e-11
16998 3.305977e-11
16999 3.305546e-11
17000 3.305114e-11
17001 3.304682e-11
17002 3.304251e-11
17003 3.303819e-11
17004 3.303388e-11
17005 3.302957e-11
17006 3.302525e-11
17007 3.302094e-11
17008 3.301663e-11
17009 3.301232e-11
17010 3.300801e-11
17011 3.300370e-11
17012 3.299940e-11
17013 3.299509e-11
17014 3.299078e-11
17015 3.298648e-11
17016 3.298218e-11
17017 3.297787e-11
17018 3.297357e-11
17019 3.296927e-11
17020 3.296497e-11
17021 3.296067e-11
17022 3.295637e-11
17023 3.295207e-11
17024 3.294777e-11
17025 3.294348e-11
17026 3.293918e-11
17027 3.293488e-11
17028 3.293059e-11
17029 3.292630e-11
17030 3.292200e-11
17031 3.291771e-11
17032 3.291342e-11
17033 3.290913e-11
17034 3.290484e-11
17035 3.290055e-11
17036 3.289626e-11
17037 3.289198e-11
17038 3.288769e-11
17039 3.288341e-11
17040 3.287912e-11
17041 3.287484e-11
17042 3.287055e-11
17043 3.286627e-11
17044 3.286199e-11
17045 3.285771e-11
17046 3.285343e-11
17047 3.284915e-11
17048 3.284487e-11
17049 3.284060e-11
17050 3.283632e-11
17051 3.283204e-11
17052 3.282777e-11
17053 3.282350e-11
17054 3.281922e-11
17055 3.281495e-11
17056 3.281068e-11
17057 3.280641e-11
17058 3.280213e-11
17059 3.279786e-11
17060 3.279359e-11
17061 3.278932e-11
17062 3.278505e-11
17063 3.278078e-11
17064 3.277651e-11
17065 3.277225e-11
17066 3.276798e-11
17067 3.276372e-11
17068 3.275945e-11
17069 3.275519e-11
17070 3.275092e-11
17071 3.274666e-11
17072 3.274240e-11
17073 3.273814e-11
17074 3.273388e-11
17075 3.272962e-11
17076 3.272536e-11
17077 3.272111e-11
17078 3.271685e-11
17079 3.271259e-11
17080 3.270834e-11
17081 3.270408e-11
17082 3.269983e-11
17083 3.269558e-11
17084 3.269133e-11
17085 3.268708e-11
17086 3.268283e-11
17087 3.267858e-11
17088 3.267433e-11
17089 3.267008e-11
17090 3.266583e-11
17091 3.266159e-11
17092 3.265734e-11
17093 3.265310e-11
17094 3.264885e-11
17095 3.264461e-11
17096 3.264037e-11
17097 3.263613e-11
17098 3.263189e-11
17099 3.262765e-11
17100 3.262341e-11
17101 3.261917e-11
17102 3.261493e-11
17103 3.261070e-11
17104 3.260646e-11
17105 3.260223e-11
17106 3.259799e-11
17107 3.259376e-11
17108 3.258953e-11
17109 3.258529e-11
17110 3.258106e-11
17111 3.257683e-11
17112 3.257260e-11
17113 3.256838e-11
17114 3.256415e-11
17115 3.255992e-11
17116 3.255569e-11
17117 3.255147e-11
17118 3.254724e-11
17119 3.254302e-11
17120 3.253880e-11
17121 3.253458e-11
17122 3.253035e-11
17123 3.252613e-11
17124 3.252191e-11
17125 3.251769e-11
17126 3.251348e-11
17127 3.250926e-11
17128 3.250504e-11
17129 3.250083e-11
17130 3.249661e-11
17131 3.249240e-11
17132 3.248818e-11
17133 3.248397e-11
17134 3.247976e-11
17135 3.247555e-11
17136 3.247134e-11
17137 3.246713e-11
17138 3.246292e-11
17139 3.245871e-11
17140 3.245450e-11
17141 3.245030e-11
17142 3.244609e-11
17143 3.244189e-11
17144 3.243768e-11
17145 3.243348e-11
17146 3.242928e-11
17147 3.242508e-11
17148 3.242088e-11
17149 3.241668e-11
17150 3.241248e-11
17151 3.240828e-11
17152 3.240408e-11
17153 3.239988e-11
17154 3.239569e-11
17155 3.239149e-11
17156 3.238730e-11
17157 3.238310e-11
17158 3.237891e-11
17159 3.237472e-11
17160 3.237053e-11
17161 3.236634e-11
17162 3.236215e-11
17163 3.235796e-11
17164 3.235377e-11
17165 3.234958e-11
17166 3.234540e-11
17167 3.234121e-11
17168 3.233703e-11
17169 3.233284e-11
17170 3.232866e-11
17171 3.232448e-11
17172 3.232029e-11
17173 3.231611e-11
17174 3.231193e-11
17175 3.230775e-11
17176 3.230357e-11
17177 3.229940e-11
17178 3.229522e-11
17179 3.229104e-11
17180 3.228687e-11
17181 3.228269e-11
17182 3.227852e-11
17183 3.227434e-11
17184 3.227017e-11
17185 3.226600e-11
17186 3.226183e-11
17187 3.225766e-11
17188 3.225349e-11
17189 3.224932e-11
17190 3.224515e-11
17191 3.224099e-11
17192 3.223682e-11
17193 3.223265e-11
17194 3.222849e-11
17195 3.222433e-11
17196 3.222016e-11
17197 3.221600e-11
17198 3.221184e-11
17199 3.220768e-11
17200 3.220352e-11
17201 3.219936e-11
17202 3.219520e-11
17203 3.219104e-11
17204 3.218689e-11
17205 3.218273e-11
17206 3.217857e-11
17207 3.217442e-11
17208 3.217026e-11
17209 3.216611e-11
17210 3.216195e-11
17211 3.215780e-11
17212 3.215365e-11
17213 3.214950e-11
17214 3.214534e-11
17215 3.214119e-11
17216 3.213704e-11
17217 3.213289e-11
17218 3.212874e-11
17219 3.212460e-11
17220 3.212045e-11
17221 3.211630e-11
17222 3.211216e-11
17223 3.210801e-11
17224 3.210387e-11
17225 3.209973e-11
17226 3.209558e-11
17227 3.209144e-11
17228 3.208730e-11
17229 3.208316e-11
17230 3.207902e-11
17231 3.207489e-11
17232 3.207075e-11
17233 3.206661e-11
17234 3.206247e-11
17235 3.205834e-11
17236 3.205420e-11
17237 3.205007e-11
17238 3.204594e-11
17239 3.204181e-11
17240 3.203767e-11
17241 3.203354e-11
17242 3.202941e-11
17243 3.202528e-11
17244 3.202116e-11
17245 3.201703e-11
17246 3.201290e-11
17247 3.200878e-11
17248 3.200465e-11
17249 3.200053e-11
17250 3.199640e-11
17251 3.199228e-11
17252 3.198816e-11
17253 3.198404e-11
17254 3.197991e-11
17255 3.197579e-11
17256 3.197168e-11
17257 3.196756e-11
17258 3.196344e-11
17259 3.195932e-11
17260 3.195521e-11
17261 3.195109e-11
17262 3.194698e-11
17263 3.194286e-11
17264 3.193875e-11
17265 3.193464e-11
17266 3.193053e-11
17267 3.192642e-11
17268 3.192231e-11
17269 3.191820e-11
17270 3.191409e-11
17271 3.190998e-11
17272 3.190587e-11
17273 3.190177e-11
17274 3.189766e-11
17275 3.189356e-11
17276 3.188945e-11
17277 3.188535e-11
17278 3.188125e-11
17279 3.187715e-11
17280 3.187305e-11
17281 3.186895e-11
17282 3.186485e-11
17283 3.186075e-11
17284 3.185665e-11
17285 3.185255e-11
17286 3.184846e-11
17287 3.184436e-11
17288 3.184027e-11
17289 3.183617e-11
17290 3.183208e-11
17291 3.182799e-11
17292 3.182390e-11
17293 3.181981e-11
17294 3.181572e-11
17295 3.181163e-11
17296 3.180754e-11
17297 3.180345e-11
17298 3.179936e-11
17299 3.179528e-11
17300 3.179119e-11
17301 3.178711e-11
17302 3.178302e-11
17303 3.177894e-11
17304 3.177486e-11
17305 3.177078e-11
17306 3.176670e-11
17307 3.176262e-11
17308 3.175854e-11
17309 3.175446e-11
17310 3.175038e-11
17311 3.174630e-11
17312 3.174223e-11
17313 3.173815e-11
17314 3.173408e-11
17315 3.173000e-11
17316 3.172593e-11
17317 3.172186e-11
17318 3.171778e-11
17319 3.171371e-11
17320 3.170964e-11
17321 3.170557e-11
17322 3.170150e-11
17323 3.169744e-11
17324 3.169337e-11
17325 3.168930e-11
17326 3.168524e-11
17327 3.168117e-11
17328 3.167711e-11
17329 3.167304e-11
17330 3.166898e-11
17331 3.166492e-11
17332 3.166086e-11
17333 3.165680e-11
17334 3.165274e-11
17335 3.164868e-11
17336 3.164462e-11
17337 3.164056e-11
17338 3.163651e-11
17339 3.163245e-11
17340 3.162840e-11
17341 3.162434e-11
17342 3.162029e-11
17343 3.161624e-11
17344 3.161218e-11
17345 3.160813e-11
17346 3.160408e-11
17347 3.160003e-11
17348 3.159598e-11
17349 3.159193e-11
17350 3.158789e-11
17351 3.158384e-11
17352 3.157979e-11
17353 3.157575e-11
17354 3.157170e-11
17355 3.156766e-11
17356 3.156362e-11
17357 3.155957e-11
17358 3.155553e-11
17359 3.155149e-11
17360 3.154745e-11
17361 3.154341e-11
17362 3.153937e-11
17363 3.153533e-11
17364 3.153129e-11
17365 3.152725e-11
17366 3.152321e-11
17367 3.151918e-11
17368 3.151514e-11
17369 3.151110e-11
17370 3.150707e-11
17371 3.150303e-11
17372 3.149900e-11
17373 3.149497e-11
17374 3.149094e-11
17375 3.148691e-11
17376 3.148287e-11
17377 3.147885e-11
17378 3.147482e-11
17379 3.147079e-11
17380 3.146676e-11
17381 3.146273e-11
17382 3.145871e-11
17383 3.145468e-11
17384 3.145066e-11
17385 3.144663e-11
17386 3.144261e-11
17387 3.143859e-11
17388 3.143457e-11
17389 3.143055e-11
17390 3.142653e-11
17391 3.142251e-11
17392 3.141849e-11
17393 3.141447e-11
17394 3.141045e-11
17395 3.140644e-11
17396 3.140242e-11
17397 3.139841e-11
17398 3.139439e-11
17399 3.139038e-11
17400 3.138637e-11
17401 3.138235e-11
17402 3.137834e-11
17403 3.137433e-11
17404 3.137032e-11
17405 3.136631e-11
17406 3.136231e-11
17407 3.135830e-11
17408 3.135429e-11
17409 3.135029e-11
17410 3.134628e-11
17411 3.134228e-11
17412 3.133827e-11
17413 3.133427e-11
17414 3.133027e-11
17415 3.132627e-11
17416 3.132227e-11
17417 3.131827e-11
17418 3.131427e-11
17419 3.131027e-11
17420 3.130627e-11
17421 3.130227e-11
17422 3.129828e-11
17423 3.129428e-11
17424 3.129029e-11
17425 3.128629e-11
17426 3.128230e-11
17427 3.127831e-11
17428 3.127431e-11
17429 3.127032e-11
17430 3.126633e-11
17431 3.126234e-11
17432 3.125835e-11
17433 3.125437e-11
17434 3.125038e-11
17435 3.124639e-11
17436 3.124241e-11
17437 3.123842e-11
17438 3.123444e-11
17439 3.123045e-11
17440 3.122647e-11
17441 3.122249e-11
17442 3.121851e-11
17443 3.121452e-11
17444 3.121054e-11
17445 3.120657e-11
17446 3.120259e-11
17447 3.119861e-11
17448 3.119463e-11
17449 3.119066e-11
17450 3.118668e-11
17451 3.118270e-11
17452 3.117873e-11
17453 3.117476e-11
17454 3.117078e-11
17455 3.116681e-11
17456 3.116284e-11
17457 3.115887e-11
17458 3.115490e-11
17459 3.115093e-11
17460 3.114696e-11
17461 3.114300e-11
17462 3.113903e-11
17463 3.113506e-11
17464 3.113110e-11
17465 3.112713e-11
17466 3.112317e-11
17467 3.111921e-11
17468 3.111524e-11
17469 3.111128e-11
17470 3.110732e-11
17471 3.110336e-11
17472 3.109940e-11
17473 3.109544e-11
17474 3.109148e-11
17475 3.108753e-11
17476 3.108357e-11
17477 3.107961e-11
17478 3.107566e-11
17479 3.107170e-11
17480 3.106775e-11
17481 3.106380e-11
17482 3.105985e-11
17483 3.105589e-11
17484 3.105194e-11
17485 3.104799e-11
17486 3.104404e-11
17487 3.104009e-11
17488 3.103615e-11
17489 3.103220e-11
17490 3.102825e-11
17491 3.102431e-11
17492 3.102036e-11
17493 3.101642e-11
17494 3.101247e-11
17495 3.100853e-11
17496 3.100459e-11
17497 3.100065e-11
17498 3.099671e-11
17499 3.099277e-11
17500 3.098883e-11
17501 3.098489e-11
17502 3.098095e-11
17503 3.097702e-11
17504 3.097308e-11
17505 3.096914e-11
17506 3.096521e-11
17507 3.096128e-11
17508 3.095734e-11
17509 3.095341e-11
17510 3.094948e-11
17511 3.094555e-11
17512 3.094162e-11
17513 3.093769e-11
17514 3.093376e-11
17515 3.092983e-11
17516 3.092590e-11
17517 3.092197e-11
17518 3.091804e-11
17519 3.091411e-11
17520 3.091019e-11
17521 3.090626e-11
17522 3.090233e-11
17523 3.089841e-11
17524 3.089449e-11
17525 3.089056e-11
17526 3.088664e-11
17527 3.088272e-11
17528 3.087880e-11
17529 3.087488e-11
17530 3.087096e-11
17531 3.086704e-11
17532 3.086312e-11
17533 3.085920e-11
17534 3.085528e-11
17535 3.085137e-11
17536 3.084745e-11
17537 3.084354e-11
17538 3.083962e-11
17539 3.083571e-11
17540 3.083180e-11
17541 3.082789e-11
17542 3.082398e-11
17543 3.082007e-11
17544 3.081616e-11
17545 3.081225e-11
17546 3.080834e-11
17547 3.080443e-11
17548 3.080052e-11
17549 3.079662e-11
17550 3.079271e-11
17551 3.078881e-11
17552 3.078490e-11
17553 3.078100e-11
17554 3.077710e-11
17555 3.077320e-11
17556 3.076930e-11
17557 3.076540e-11
17558 3.076150e-11
17559 3.075760e-11
17560 3.075370e-11
17561 3.074980e-11
17562 3.074590e-11
17563 3.074201e-11
17564 3.073811e-11
17565 3.073422e-11
17566 3.073032e-11
17567 3.072643e-11
17568 3.072254e-11
17569 3.071865e-11
17570 3.071476e-11
17571 3.071087e-11
17572 3.070698e-11
17573 3.070309e-11
17574 3.069920e-11
17575 3.069531e-11
17576 3.069143e-11
17577 3.068754e-11
17578 3.068365e-11
17579 3.067977e-11
17580 3.067589e-11
17581 3.067200e-11
17582 3.066812e-11
17583 3.066424e-11
17584 3.066036e-11
17585 3.065648e-11
17586 3.065260e-11
17587 3.064872e-11
17588 3.064484e-11
17589 3.064096e-11
17590 3.063709e-11
17591 3.063321e-11
17592 3.062933e-11
17593 3.062546e-11
17594 3.062159e-11
17595 3.061771e-11
17596 3.061384e-11
17597 3.060997e-11
17598 3.060610e-11
17599 3.060223e-11
17600 3.059836e-11
17601 3.059449e-11
17602 3.059062e-11
17603 3.058675e-11
17604 3.058289e-11
17605 3.057902e-11
17606 3.057515e-11
17607 3.057129e-11
17608 3.056742e-11
17609 3.056356e-11
17610 3.055970e-11
17611 3.055584e-11
17612 3.055198e-11
17613 3.054812e-11
17614 3.054426e-11
17615 3.054040e-11
17616 3.053654e-11
17617 3.053268e-11
17618 3.052882e-11
17619 3.052497e-11
17620 3.052111e-11
17621 3.051726e-11
17622 3.051340e-11
17623 3.050955e-11
17624 3.050570e-11
17625 3.050184e-11
17626 3.049799e-11
17627 3.049414e-11
17628 3.049029e-11
17629 3.048644e-11
17630 3.048260e-11
17631 3.047875e-11
17632 3.047490e-11
17633 3.047105e-11
17634 3.046721e-11
17635 3.046336e-11
17636 3.045952e-11
17637 3.045568e-11
17638 3.045183e-11
17639 3.044799e-11
17640 3.044415e-11
17641 3.044031e-11
17642 3.043647e-11
17643 3.043263e-11
17644 3.042879e-11
17645 3.042495e-11
17646 3.042112e-11
17647 3.041728e-11
17648 3.041344e-11
17649 3.040961e-11
17650 3.040577e-11
17651 3.040194e-11
17652 3.039811e-11
17653 3.039427e-11
17654 3.039044e-11
17655 3.038661e-11
17656 3.038278e-11
17657 3.037895e-11
17658 3.037512e-11
17659 3.037130e-11
17660 3.036747e-11
17661 3.036364e-11
17662 3.035982e-11
17663 3.035599e-11
17664 3.035217e-11
17665 3.034834e-11
17666 3.034452e-11
17667 3.034070e-11
17668 3.033687e-11
17669 3.033305e-11
17670 3.032923e-11
17671 3.032541e-11
17672 3.032159e-11
17673 3.031777e-11
17674 3.031395e-11
17675 3.031013e-11
17676 3.030631e-11
17677 3.030249e-11
17678 3.029868e-11
17679 3.029486e-11
17680 3.029104e-11
17681 3.028723e-11
17682 3.028342e-11
17683 3.027960e-11
17684 3.027579e-11
17685 3.027198e-11
17686 3.026817e-11
17687 3.026435e-11
17688 3.026054e-11
17689 3.025674e-11
17690 3.025293e-11
17691 3.024912e-11
17692 3.024531e-11
17693 3.024150e-11
17694 3.023770e-11
17695 3.023389e-11
17696 3.023009e-11
17697 3.022628e-11
17698 3.022248e-11
17699 3.021868e-11
17700 3.021488e-11
17701 3.021108e-11
17702 3.020728e-11
17703 3.020348e-11
17704 3.019968e-11
17705 3.019588e-11
17706 3.019208e-11
17707 3.018828e-11
17708 3.018449e-11
17709 3.018069e-11
17710 3.017690e-11
17711 3.017310e-11
17712 3.016931e-11
17713 3.016552e-11
17714 3.016173e-11
17715 3.015793e-11
17716 3.015414e-11
17717 3.015035e-11
17718 3.014656e-11
17719 3.014277e-11
17720 3.013899e-11
17721 3.013520e-11
17722 3.013141e-11
17723 3.012763e-11
17724 3.012384e-11
17725 3.012006e-11
17726 3.011627e-11
17727 3.011249e-11
17728 3.010871e-11
17729 3.010493e-11
17730 3.010115e-11
17731 3.009737e-11
17732 3.009359e-11
17733 3.008981e-11
17734 3.008603e-11
17735 3.008225e-11
17736 3.007847e-11
17737 3.007470e-11
17738 3.007092e-11
17739 3.006715e-11
17740 3.006337e-11
17741 3.005960e-11
17742 3.005583e-11
17743 3.005205e-11
17744 3.004828e-11
17745 3.004451e-11
17746 3.004074e-11
17747 3.003697e-11
17748 3.003320e-11
17749 3.002944e-11
17750 3.002567e-11
17751 3.002190e-11
17752 3.001814e-11
17753 3.001437e-11
17754 3.001061e-11
17755 3.000684e-11
17756 3.000308e-11
17757 2.999932e-11
17758 2.999555e-11
17759 2.999179e-11
17760 2.998803e-11
17761 2.998427e-11
17762 2.998051e-11
17763 2.997676e-11
17764 2.997300e-11
17765 2.996924e-11
17766 2.996548e-11
17767 2.996173e-11
17768 2.995797e-11
17769 2.995422e-11
17770 2.995047e-11
17771 2.994671e-11
17772 2.994296e-11
17773 2.993921e-11
17774 2.993546e-11
17775 2.993171e-11
17776 2.992796e-11
17777 2.992421e-11
17778 2.992046e-11
17779 2.991671e-11
17780 2.991297e-11
17781 2.990922e-11
17782 2.990547e-11
17783 2.990173e-11
17784 2.989799e-11
17785 2.989424e-11
17786 2.989050e-11
17787 2.988676e-11
17788 2.988302e-11
17789 2.987927e-11
17790 2.987553e-11
17791 2.987180e-11
17792 2.986806e-11
17793 2.986432e-11
17794 2.986058e-11
17795 2.985684e-11
17796 2.985311e-11
17797 2.984937e-11
17798 2.984564e-11
17799 2.984190e-11
17800 2.983817e-11
17801 2.983444e-11
17802 2.983071e-11
17803 2.982698e-11
17804 2.982325e-11
17805 2.981952e-11
17806 2.981579e-11
17807 2.981206e-11
17808 2.980833e-11
17809 2.980460e-11
17810 2.980088e-11
17811 2.979715e-11
17812 2.979342e-11
17813 2.978970e-11
17814 2.978598e-11
17815 2.978225e-11
17816 2.977853e-11
17817 2.977481e-11
17818 2.977109e-11
17819 2.976737e-11
17820 2.976365e-11
17821 2.975993e-11
17822 2.975621e-11
17823 2.975249e-11
17824 2.974878e-11
17825 2.974506e-11
17826 2.974134e-11
17827 2.973763e-11
17828 2.973391e-11
17829 2.973020e-11
17830 2.972648e-11
17831 2.972277e-11
17832 2.971905e-11
17833 2.971534e-11
17834 2.971163e-11
17835 2.970792e-11
17836 2.970420e-11
17837 2.970049e-11
17838 2.969678e-11
17839 2.969308e-11
17840 2.968937e-11
17841 2.968566e-11
17842 2.968195e-11
17843 2.967825e-11
17844 2.967454e-11
17845 2.967083e-11
17846 2.966713e-11
17847 2.966343e-11
17848 2.965972e-11
17849 2.965602e-11
17850 2.965232e-11
17851 2.964862e-11
17852 2.964492e-11
17853 2.964122e-11
17854 2.963752e-11
17855 2.963382e-11
17856 2.963012e-11
17857 2.962643e-11
17858 2.962273e-11
17859 2.961903e-11
17860 2.961534e-11
17861 2.961164e-11
17862 2.960795e-11
17863 2.960426e-11
17864 2.960056e-11
17865 2.959687e-11
17866 2.959318e-11
17867 2.958949e-11
17868 2.958580e-11
17869 2.958211e-11
17870 2.957842e-11
17871 2.957474e-11
17872 2.957105e-11
17873 2.956736e-11
17874 2.956368e-11
17875 2.955999e-11
17876 2.955631e-11
17877 2.955262e-11
17878 2.954894e-11
17879 2.954526e-11
17880 2.954158e-11
17881 2.953790e-11
17882 2.953422e-11
17883 2.953054e-11
17884 2.952686e-11
17885 2.952318e-11
17886 2.951950e-11
17887 2.951582e-11
17888 2.951215e-11
17889 2.950847e-11
17890 2.950480e-11
17891 2.950112e-11
17892 2.949745e-11
17893 2.949377e-11
17894 2.949010e-11
17895 2.948643e-11
17896 2.948276e-11
17897 2.947909e-11
17898 2.947542e-11
17899 2.947175e-11
17900 2.946808e-11
17901 2.946441e-11
17902 2.946075e-11
17903 2.945708e-11
17904 2.945341e-11
17905 2.944975e-11
17906 2.944608e-11
17907 2.944242e-11
17908 2.943876e-11
17909 2.943510e-11
17910 2.943143e-11
17911 2.942777e-11
17912 2.942411e-11
17913 2.942045e-11
17914 2.941679e-11
17915 2.941313e-11
17916 2.940948e-11
17917 2.940582e-11
17918 2.940216e-11
17919 2.939851e-11
17920 2.939485e-11
17921 2.939120e-11
17922 2.938754e-11
17923 2.938389e-11
17924 2.938024e-11
17925 2.937658e-11
17926 2.937293e-11
17927 2.936928e-11
17928 2.936563e-11
17929 2.936198e-11
17930 2.935833e-11
17931 2.935469e-11
17932 2.935104e-11
17933 2.934739e-11
17934 2.934375e-11
17935 2.934010e-11
17936 2.933646e-11
17937 2.933281e-11
17938 2.932917e-11
17939 2.932553e-11
17940 2.932188e-11
17941 2.931824e-11
17942 2.931460e-11
17943 2.931096e-11
17944 2.930732e-11
17945 2.930368e-11
17946 2.930004e-11
17947 2.929641e-11
17948 2.929277e-11
17949 2.928913e-11
17950 2.928550e-11
17951 2.928186e-11
17952 2.927823e-11
17953 2.927460e-11
17954 2.927096e-11
17955 2.926733e-11
17956 2.926370e-11
17957 2.926007e-11
17958 2.925644e-11
17959 2.925281e-11
17960 2.924918e-11
17961 2.924555e-11
17962 2.924192e-11
17963 2.923829e-11
17964 2.923467e-11
17965 2.923104e-11
17966 2.922742e-11
17967 2.922379e-11
17968 2.922017e-11
17969 2.921655e-11
17970 2.921292e-11
17971 2.920930e-11
17972 2.920568e-11
17973 2.920206e-11
17974 2.919844e-11
17975 2.919482e-11
17976 2.919120e-11
17977 2.918758e-11
17978 2.918397e-11
17979 2.918035e-11
17980 2.917673e-11
17981 2.917312e-11
17982 2.916950e-11
17983 2.916589e-11
17984 2.916228e-11
17985 2.915866e-11
17986 2.915505e-11
17987 2.915144e-11
17988 2.914782e-11
17989 2.914421e-11
17990 2.914060e-11
17991 2.913699e-11
17992 2.913338e-11
17993 2.912977e-11
17994 2.912616e-11
17995 2.912255e-11
17996 2.911894e-11
17997 2.911534e-11
17998 2.911173e-11
17999 2.910813e-11
18000 2.910452e-11
18001 2.910092e-11
18002 2.909731e-11
18003 2.909371e-11
18004 2.909011e-11
18005 2.908650e-11
18006 2.908290e-11
18007 2.907930e-11
18008 2.907570e-11
18009 2.907210e-11
18010 2.906850e-11
18011 2.906491e-11
18012 2.906131e-11
18013 2.905771e-11
18014 2.905412e-11
18015 2.905052e-11
18016 2.904693e-11
18017 2.904333e-11
18018 2.903974e-11
18019 2.903615e-11
18020 2.903255e-11
18021 2.902896e-11
18022 2.902537e-11
18023 2.902178e-11
18024 2.901819e-11
18025 2.901460e-11
18026 2.901101e-11
18027 2.900743e-11
18028 2.900384e-11
18029 2.900025e-11
18030 2.899667e-11
18031 2.899308e-11
18032 2.898950e-11
18033 2.898591e-11
18034 2.898233e-11
18035 2.897875e-11
18036 2.897517e-11
18037 2.897158e-11
18038 2.896800e-11
18039 2.896442e-11
18040 2.896084e-11
18041 2.895727e-11
18042 2.895369e-11
18043 2.895011e-11
18044 2.894653e-11
18045 2.894296e-11
18046 2.893938e-11
18047 2.893581e-11
18048 2.893223e-11
18049 2.892866e-11
18050 2.892509e-11
18051 2.892151e-11
18052 2.891794e-11
18053 2.891437e-11
18054 2.891080e-11
18055 2.890723e-11
18056 2.890366e-11
18057 2.890009e-11
18058 2.889652e-11
18059 2.889296e-11
18060 2.888939e-11
18061 2.888583e-11
18062 2.888226e-11
18063 2.887870e-11
18064 2.887513e-11
18065 2.887157e-11
18066 2.886800e-11
18067 2.886444e-11
18068 2.886088e-11
18069 2.885732e-11
18070 2.885376e-11
18071 2.885020e-11
18072 2.884664e-11
18073 2.884308e-11
18074 2.883953e-11
18075 2.883597e-11
18076 2.883241e-11
18077 2.882886e-11
18078 2.882530e-11
18079 2.882175e-11
18080 2.881819e-11
18081 2.881464e-11
18082 2.881109e-11
18083 2.880754e-11
18084 2.880398e-11
18085 2.880043e-11
18086 2.879688e-11
18087 2.879333e-11
18088 2.878979e-11
18089 2.878624e-11
18090 2.878269e-11
18091 2.877914e-11
18092 2.877560e-11
18093 2.877205e-11
18094 2.876851e-11
18095 2.876496e-11
18096 2.876142e-11
18097 2.875787e-11
18098 2.875433e-11
18099 2.875079e-11
18100 2.874725e-11
18101 2.874371e-11
18102 2.874017e-11
18103 2.873663e-11
18104 2.873309e-11
18105 2.872955e-11
18106 2.872602e-11
18107 2.872248e-11
18108 2.871894e-11
18109 2.871541e-11
18110 2.871187e-11
18111 2.870834e-11
18112 2.870480e-11
18113 2.870127e-11
18114 2.869774e-11
18115 2.869421e-11
18116 2.869068e-11
18117 2.868715e-11
18118 2.868362e-11
18119 2.868009e-11
18120 2.867656e-11
18121 2.867303e-11
18122 2.866950e-11
18123 2.866598e-11
18124 2.866245e-11
18125 2.865892e-11
18126 2.865540e-11
18127 2.865188e-11
18128 2.864835e-11
18129 2.864483e-11
18130 2.864131e-11
18131 2.863778e-11
18132 2.863426e-11
18133 2.863074e-11
18134 2.862722e-11
18135 2.862370e-11
18136 2.862019e-11
18137 2.861667e-11
18138 2.861315e-11
18139 2.860963e-11
18140 2.860612e-11
18141 2.860260e-11
18142 2.859909e-11
18143 2.859557e-11
18144 2.859206e-11
18145 2.858855e-11
18146 2.858503e-11
18147 2.858152e-11
18148 2.857801e-11
18149 2.857450e-11
18150 2.857098e-11
18151 2.856747e-11
18152 2.856396e-11
18153 2.856045e-11
18154 2.855694e-11
18155 2.855343e-11
18156 2.854993e-11
18157 2.854642e-11
18158 2.854291e-11
18159 2.853941e-11
18160 2.853590e-11
18161 2.853240e-11
18162 2.852889e-11
18163 2.852539e-11
18164 2.852188e-11
18165 2.851838e-11
18166 2.851488e-11
18167 2.851138e-11
18168 2.850788e-11
18169 2.850438e-11
18170 2.850088e-11
18171 2.849738e-11
18172 2.849388e-11
18173 2.849039e-11
18174 2.848689e-11
18175 2.848339e-11
18176 2.847990e-11
18177 2.847640e-11
18178 2.847291e-11
18179 2.846941e-11
18180 2.846592e-11
18181 2.846243e-11
18182 2.845894e-11
18183 2.845545e-11
18184 2.845196e-11
18185 2.844847e-11
18186 2.844498e-11
18187 2.844149e-11
18188 2.843800e-11
18189 2.843451e-11
18190 2.843103e-11
18191 2.842754e-11
18192 2.842405e-11
18193 2.842057e-11
18194 2.841708e-11
18195 2.841360e-11
18196 2.841012e-11
18197 2.840663e-11
18198 2.840315e-11
18199 2.839967e-11
18200 2.839619e-11
18201 2.839271e-11
18202 2.838923e-11
18203 2.838575e-11
18204 2.838227e-11
18205 2.837880e-11
18206 2.837532e-11
18207 2.837184e-11
18208 2.836837e-11
18209 2.836489e-11
18210 2.836142e-11
18211 2.835794e-11
18212 2.835447e-11
18213 2.835100e-11
18214 2.834753e-11
18215 2.834405e-11
18216 2.834058e-11
18217 2.833711e-11
18218 2.833364e-11
18219 2.833018e-11
18220 2.832671e-11
18221 2.832324e-11
18222 2.831977e-11
18223 2.831631e-11
18224 2.831284e-11
18225 2.830937e-11
18226 2.830591e-11
18227 2.830245e-11
18228 2.829898e-11
18229 2.829552e-11
18230 2.829206e-11
18231 2.828860e-11
18232 2.828513e-11
18233 2.828167e-11
18234 2.827821e-11
18235 2.827476e-11
18236 2.827130e-11
18237 2.826784e-11
18238 2.826438e-11
18239 2.826093e-11
18240 2.825747e-11
18241 2.825401e-11
18242 2.825056e-11
18243 2.824710e-11
18244 2.824365e-11
18245 2.824020e-11
18246 2.823675e-11
18247 2.823329e-11
18248 2.822984e-11
18249 2.822639e-11
18250 2.822294e-11
18251 2.821949e-11
18252 2.821604e-11
18253 2.821260e-11
18254 2.820915e-11
18255 2.820570e-11
18256 2.820226e-11
18257 2.819881e-11
18258 2.819536e-11
18259 2.819192e-11
18260 2.818848e-11
18261 2.818503e-11
18262 2.818159e-11
18263 2.817815e-11
18264 2.817471e-11
18265 2.817127e-11
18266 2.816783e-11
18267 2.816439e-11
18268 2.816095e-11
18269 2.815751e-11
18270 2.815407e-11
18271 2.815063e-11
18272 2.814720e-11
18273 2.814376e-11
18274 2.814033e-11
18275 2.813689e-11
18276 2.813346e-11
18277 2.813002e-11
18278 2.812659e-11
18279 2.812316e-11
18280 2.811973e-11
18281 2.811630e-11
18282 2.811287e-11
18283 2.810944e-11
18284 2.810601e-11
18285 2.810258e-11
18286 2.809915e-11
18287 2.809572e-11
18288 2.809230e-11
18289 2.808887e-11
18290 2.808544e-11
18291 2.808202e-11
18292 2.807859e-11
18293 2.807517e-11
18294 2.807175e-11
18295 2.806832e-11
18296 2.806490e-11
18297 2.806148e-11
18298 2.805806e-11
18299 2.805464e-11
18300 2.805122e-11
18301 2.804780e-11
18302 2.804438e-11
18303 2.804097e-11
18304 2.803755e-11
18305 2.803413e-11
18306 2.803072e-11
18307 2.802730e-11
18308 2.802388e-11
18309 2.802047e-11
18310 2.801705e-11
18311 2.801364e-11
18312 2.801022e-11
18313 2.800681e-11
18314 2.800340e-11
18315 2.799998e-11
18316 2.799657e-11
18317 2.799316e-11
18318 2.798975e-11
18319 2.798634e-11
18320 2.798293e-11
18321 2.797952e-11
18322 2.797611e-11
18323 2.797271e-11
18324 2.796930e-11
18325 2.796589e-11
18326 2.796249e-11
18327 2.795908e-11
18328 2.795568e-11
18329 2.795227e-11
18330 2.794887e-11
18331 2.794547e-11
18332 2.794206e-11
18333 2.793866e-11
18334 2.793526e-11
18335 2.793186e-11
18336 2.792846e-11
18337 2.792506e-11
18338 2.792166e-11
18339 2.791827e-11
18340 2.791487e-11
18341 2.791147e-11
18342 2.790808e-11
18343 2.790468e-11
18344 2.790129e-11
18345 2.789789e-11
18346 2.789450e-11
18347 2.789110e-11
18348 2.788771e-11
18349 2.788432e-11
18350 2.788093e-11
18351 2.787754e-11
18352 2.787415e-11
18353 2.787076e-11
18354 2.786737e-11
18355 2.786398e-11
18356 2.786059e-11
18357 2.785720e-11
18358 2.785382e-11
18359 2.785043e-11
18360 2.784705e-11
18361 2.784366e-11
18362 2.784028e-11
18363 2.783689e-11
18364 2.783351e-11
18365 2.783013e-11
18366 2.782675e-11
18367 2.782336e-11
18368 2.781998e-11
18369 2.781660e-11
18370 2.781322e-11
18371 2.780985e-11
18372 2.780647e-11
18373 2.780309e-11
18374 2.779971e-11
18375 2.779634e-11
18376 2.779296e-11
18377 2.778958e-11
18378 2.778621e-11
18379 2.778284e-11
18380 2.777946e-11
18381 2.777609e-11
18382 2.777272e-11
18383 2.776934e-11
18384 2.776597e-11
18385 2.776260e-11
18386 2.775923e-11
18387 2.775586e-11
18388 2.775249e-11
18389 2.774913e-11
18390 2.774576e-11
18391 2.774239e-11
18392 2.773902e-11
18393 2.773566e-11
18394 2.773229e-11
18395 2.772893e-11
18396 2.772556e-11
18397 2.772220e-11
18398 2.771884e-11
18399 2.771548e-11
18400 2.771211e-11
18401 2.770875e-11
18402 2.770539e-11
18403 2.770203e-11
18404 2.769867e-11
18405 2.769531e-11
18406 2.769196e-11
18407 2.768860e-11
18408 2.768524e-11
18409 2.768189e-11
18410 2.767853e-11
18411 2.767517e-11
18412 2.767182e-11
18413 2.766847e-11
18414 2.766511e-11
18415 2.766176e-11
18416 2.765841e-11
18417 2.765506e-11
18418 2.765170e-11
18419 2.764835e-11
18420 2.764500e-11
18421 2.764165e-11
18422 2.763831e-11
18423 2.763496e-11
18424 2.763161e-11
18425 2.762826e-11
18426 2.762492e-11
18427 2.762157e-11
18428 2.761822e-11
18429 2.761488e-11
18430 2.761154e-11
18431 2.760819e-11
18432 2.760485e-11
18433 2.760151e-11
18434 2.759817e-11
18435 2.759482e-11
18436 2.759148e-11
18437 2.758814e-11
18438 2.758480e-11
18439 2.758147e-11
18440 2.757813e-11
18441 2.757479e-11
18442 2.757145e-11
18443 2.756812e-11
18444 2.756478e-11
18445 2.756145e-11
18446 2.755811e-11
18447 2.755478e-11
18448 2.755144e-11
18449 2.754811e-11
18450 2.754478e-11
18451 2.754145e-11
18452 2.753811e-11
18453 2.753478e-11
18454 2.753145e-11
18455 2.752812e-11
18456 2.752480e-11
18457 2.752147e-11
18458 2.751814e-11
18459 2.751481e-11
18460 2.751149e-11
18461 2.750816e-11
18462 2.750483e-11
18463 2.750151e-11
18464 2.749819e-11
18465 2.749486e-11
18466 2.749154e-11
18467 2.748822e-11
18468 2.748489e-11
18469 2.748157e-11
18470 2.747825e-11
18471 2.747493e-11
18472 2.747161e-11
18473 2.746829e-11
18474 2.746497e-11
18475 2.746165e-11
18476 2.745833e-11
18477 2.745501e-11
18478 2.745169e-11
18479 2.744837e-11
18480 2.744506e-11
18481 2.744174e-11
18482 2.743843e-11
18483 2.743511e-11
18484 2.743180e-11
18485 2.742848e-11
18486 2.742517e-11
18487 2.742186e-11
18488 2.741855e-11
18489 2.741523e-11
18490 2.741192e-11
18491 2.740861e-11
18492 2.740530e-11
18493 2.740199e-11
18494 2.739868e-11
18495 2.739538e-11
18496 2.739207e-11
18497 2.738876e-11
18498 2.738546e-11
18499 2.738215e-11
18500 2.737885e-11
18501 2.737554e-11
18502 2.737224e-11
18503 2.736893e-11
18504 2.736563e-11
18505 2.736233e-11
18506 2.735903e-11
18507 2.735573e-11
18508 2.735242e-11
18509 2.734912e-11
18510 2.734583e-11
18511 2.734253e-11
18512 2.733923e-11
18513 2.733593e-11
18514 2.733263e-11
18515 2.732934e-11
18516 2.732604e-11
18517 2.732275e-11
18518 2.731945e-11
18519 2.731616e-11
18520 2.731286e-11
18521 2.730957e-11
18522 2.730628e-11
18523 2.730299e-11
18524 2.729969e-11
18525 2.729640e-11
18526 2.729311e-11
18527 2.728982e-11
18528 2.728653e-11
18529 2.728325e-11
18530 2.727996e-11
18531 2.727667e-11
18532 2.727338e-11
18533 2.727010e-11
18534 2.726681e-11
18535 2.726353e-11
18536 2.726024e-11
18537 2.725696e-11
18538 2.725368e-11
18539 2.725039e-11
18540 2.724711e-11
18541 2.724383e-11
18542 2.724055e-11
18543 2.723727e-11
18544 2.723399e-11
18545 2.723071e-11
18546 2.722743e-11
18547 2.722415e-11
18548 2.722087e-11
18549 2.721760e-11
18550 2.721432e-11
18551 2.721105e-11
18552 2.720777e-11
18553 2.720450e-11
18554 2.720122e-11
18555 2.719795e-11
18556 2.719467e-11
18557 2.719140e-11
18558 2.718813e-11
18559 2.718486e-11
18560 2.718159e-11
18561 2.717832e-11
18562 2.717505e-11
18563 2.717178e-11
18564 2.716851e-11
18565 2.716524e-11
18566 2.716198e-11
18567 2.715871e-11
18568 2.715544e-11
18569 2.715218e-11
18570 2.714891e-11
18571 2.714565e-11
18572 2.714238e-11
18573 2.713912e-11
18574 2.713586e-11
18575 2.713260e-11
18576 2.712933e-11
18577 2.712607e-11
18578 2.712281e-11
18579 2.711955e-11
18580 2.711629e-11
18581 2.711303e-11
18582 2.710978e-11
18583 2.710652e-11
18584 2.710326e-11
18585 2.710000e-11
18586 2.709675e-11
18587 2.709349e-11
18588 2.709024e-11
18589 2.708698e-11
18590 2.708373e-11
18591 2.708048e-11
18592 2.707722e-11
18593 2.707397e-11
18594 2.707072e-11
18595 2.706747e-11
18596 2.706422e-11
18597 2.706097e-11
18598 2.705772e-11
18599 2.705447e-11
18600 2.705122e-11
18601 2.704798e-11
18602 2.704473e-11
18603 2.704148e-11
18604 2.703824e-11
18605 2.703499e-11
18606 2.703175e-11
18607 2.702850e-11
18608 2.702526e-11
18609 2.702202e-11
18610 2.701878e-11
18611 2.701553e-11
18612 2.701229e-11
18613 2.700905e-11
18614 2.700581e-11
18615 2.700257e-11
18616 2.699933e-11
18617 2.699609e-11
18618 2.699286e-11
18619 2.698962e-11
18620 2.698638e-11
18621 2.698315e-11
18622 2.697991e-11
18623 2.697668e-11
18624 2.697344e-11
18625 2.697021e-11
18626 2.696697e-11
18627 2.696374e-11
18628 2.696051e-11
18629 2.695728e-11
18630 2.695405e-11
18631 2.695081e-11
18632 2.694758e-11
18633 2.694435e-11
18634 2.694113e-11
18635 2.693790e-11
18636 2.693467e-11
18637 2.693144e-11
18638 2.692821e-11
18639 2.692498e-11
18640 2.692175e-11
18641 2.691853e-11
18642 2.691530e-11
18643 2.691207e-11
18644 2.690885e-11
18645 2.690563e-11
18646 2.690240e-11
18647 2.689918e-11
18648 2.689596e-11
18649 2.689273e-11
18650 2.688951e-11
18651 2.688629e-11
18652 2.688307e-11
18653 2.687985e-11
18654 2.687663e-11
18655 2.687341e-11
18656 2.687019e-11
18657 2.686697e-11
18658 2.686376e-11
18659 2.686054e-11
18660 2.685732e-11
18661 2.685411e-11
18662 2.685089e-11
18663 2.684768e-11
18664 2.684447e-11
18665 2.684125e-11
18666 2.683804e-11
18667 2.683483e-11
18668 2.683162e-11
18669 2.682840e-11
18670 2.682519e-11
18671 2.682198e-11
18672 2.681877e-11
18673 2.681557e-11
18674 2.681236e-11
18675 2.680915e-11
18676 2.680594e-11
18677 2.680274e-11
18678 2.679953e-11
18679 2.679632e-11
18680 2.679312e-11
18681 2.678991e-11
18682 2.678671e-11
18683 2.678351e-11
18684 2.678030e-11
18685 2.677710e-11
18686 2.677390e-11
18687 2.677070e-11
18688 2.676750e-11
18689 2.676430e-11
18690 2.676110e-11
18691 2.675790e-11
18692 2.675470e-11
18693 2.675150e-11
18694 2.674831e-11
18695 2.674511e-11
18696 2.674191e-11
18697 2.673872e-11
18698 2.673552e-11
18699 2.673233e-11
18700 2.672914e-11
18701 2.672594e-11
18702 2.672275e-11
18703 2.671956e-11
18704 2.671637e-11
18705 2.671317e-11
18706 2.670998e-11
18707 2.670679e-11
18708 2.670360e-11
18709 2.670042e-11
18710 2.669723e-11
18711 2.669404e-11
18712 2.669085e-11
18713 2.668766e-11
18714 2.668448e-11
18715 2.668129e-11
18716 2.667811e-11
18717 2.667492e-11
18718 2.667174e-11
18719 2.666856e-11
18720 2.666537e-11
18721 2.666219e-11
18722 2.665901e-11
18723 2.665583e-11
18724 2.665265e-11
18725 2.664947e-11
18726 2.664629e-11
18727 2.664311e-11
18728 2.663993e-11
18729 2.663675e-11
18730 2.663357e-11
18731 2.663040e-11
18732 2.662722e-11
18733 2.662405e-11
18734 2.662087e-11
18735 2.661770e-11
18736 2.661452e-11
18737 2.661135e-11
18738 2.660817e-11
18739 2.660500e-11
18740 2.660183e-11
18741 2.659866e-11
18742 2.659549e-11
18743 2.659232e-11
18744 2.658915e-11
18745 2.658598e-11
18746 2.658281e-11
18747 2.657964e-11
18748 2.657647e-11
18749 2.657331e-11
18750 2.657014e-11
18751 2.656697e-11
18752 2.656381e-11
18753 2.656064e-11
18754 2.655748e-11
18755 2.655432e-11
18756 2.655115e-11
18757 2.654799e-11
18758 2.654483e-11
18759 2.654167e-11
18760 2.653851e-11
18761 2.653535e-11
18762 2.653219e-11
18763 2.652903e-11
18764 2.652587e-11
18765 2.652271e-11
18766 2.651955e-11
18767 2.651639e-11
18768 2.651324e-11
18769 2.651008e-11
18770 2.650693e-11
18771 2.650377e-11
18772 2.650062e-11
18773 2.649746e-11
18774 2.649431e-11
18775 2.649116e-11
18776 2.648800e-11
18777 2.648485e-11
18778 2.648170e-11
18779 2.647855e-11
18780 2.647540e-11
18781 2.647225e-11
18782 2.646910e-11
18783 2.646595e-11
18784 2.646281e-11
18785 2.645966e-11
18786 2.645651e-11
18787 2.645336e-11
18788 2.645022e-11
18789 2.644707e-11
18790 2.644393e-11
18791 2.644078e-11
18792 2.643764e-11
18793 2.643450e-11
18794 2.643136e-11
18795 2.642821e-11
18796 2.642507e-11
18797 2.642193e-11
18798 2.641879e-11
18799 2.641565e-11
18800 2.641251e-11
18801 2.640937e-11
18802 2.640623e-11
18803 2.640309e-11
18804 2.639995e-11
18805 2.639681e-11
18806 2.639368e-11
18807 2.639054e-11
18808 2.638740e-11
18809 2.638427e-11
18810 2.638113e-11
18811 2.637800e-11
18812 2.637486e-11
18813 2.637173e-11
18814 2.636859e-11
18815 2.636546e-11
18816 2.636233e-11
18817 2.635920e-11
18818 2.635607e-11
18819 2.635293e-11
18820 2.634980e-11
18821 2.634667e-11
18822 2.634355e-11
18823 2.634042e-11
18824 2.633729e-11
18825 2.633416e-11
18826 2.633103e-11
18827 2.632791e-11
18828 2.632478e-11
18829 2.632166e-11
18830 2.631853e-11
18831 2.631541e-11
18832 2.631228e-11
18833 2.630916e-11
18834 2.630604e-11
18835 2.630292e-11
18836 2.629979e-11
18837 2.629667e-11
18838 2.629355e-11
18839 2.629043e-11
18840 2.628731e-11
18841 2.628419e-11
18842 2.628108e-11
18843 2.627796e-11
18844 2.627484e-11
18845 2.627172e-11
18846 2.626861e-11
18847 2.626549e-11
18848 2.626238e-11
18849 2.625926e-11
18850 2.625615e-11
18851 2.625303e-11
18852 2.624992e-11
18853 2.624681e-11
18854 2.624370e-11
18855 2.624059e-11
18856 2.623747e-11
18857 2.623436e-11
18858 2.623125e-11
18859 2.622815e-11
18860 2.622504e-11
18861 2.622193e-11
18862 2.621882e-11
18863 2.621571e-11
18864 2.621261e-11
18865 2.620950e-11
18866 2.620640e-11
18867 2.620329e-11
18868 2.620019e-11
18869 2.619708e-11
18870 2.619398e-11
18871 2.619088e-11
18872 2.618777e-11
18873 2.618467e-11
18874 2.618157e-11
18875 2.617847e-11
18876 2.617537e-11
18877 2.617227e-11
18878 2.616917e-11
18879 2.616607e-11
18880 2.616297e-11
18881 2.615988e-11
18882 2.615678e-11
18883 2.615368e-11
18884 2.615059e-11
18885 2.614749e-11
18886 2.614440e-11
18887 2.614130e-11
18888 2.613821e-11
18889 2.613511e-11
18890 2.613202e-11
18891 2.612893e-11
18892 2.612584e-11
18893 2.612275e-11
18894 2.611966e-11
18895 2.611657e-11
18896 2.611348e-11
18897 2.611039e-11
18898 2.610730e-11
18899 2.610421e-11
18900 2.610112e-11
18901 2.609804e-11
18902 2.609495e-11
18903 2.609186e-11
18904 2.608878e-11
18905 2.608569e-11
18906 2.608261e-11
18907 2.607952e-11
18908 2.607644e-11
18909 2.607336e-11
18910 2.607028e-11
18911 2.606719e-11
18912 2.606411e-11
18913 2.606103e-11
18914 2.605795e-11
18915 2.605487e-11
18916 2.605179e-11
18917 2.604872e-11
18918 2.604564e-11
18919 2.604256e-11
18920 2.603948e-11
18921 2.603641e-11
18922 2.603333e-11
18923 2.603026e-11
18924 2.602718e-11
18925 2.602411e-11
18926 2.602103e-11
18927 2.601796e-11
18928 2.601489e-11
18929 2.601181e-11
18930 2.600874e-11
18931 2.600567e-11
18932 2.600260e-11
18933 2.599953e-11
18934 2.599646e-11
18935 2.599339e-11
18936 2.599032e-11
18937 2.598725e-11
18938 2.598419e-11
18939 2.598112e-11
18940 2.597805e-11
18941 2.597499e-11
18942 2.597192e-11
18943 2.596886e-11
18944 2.596579e-11
18945 2.596273e-11
18946 2.595967e-11
18947 2.595660e-11
18948 2.595354e-11
18949 2.595048e-11
18950 2.594742e-11
18951 2.594436e-11
18952 2.594130e-11
18953 2.593824e-11
18954 2.593518e-11
18955 2.593212e-11
18956 2.592906e-11
18957 2.592600e-11
18958 2.592295e-11
18959 2.591989e-11
18960 2.591683e-11
18961 2.591378e-11
18962 2.591072e-11
18963 2.590767e-11
18964 2.590462e-11
18965 2.590156e-11
18966 2.589851e-11
18967 2.589546e-11
18968 2.589240e-11
18969 2.588935e-11
18970 2.588630e-11
18971 2.588324e-11
18972 2.588019e-11
18973 2.587714e-11
18974 2.587409e-11
18975 2.587104e-11
18976 2.586799e-11
18977 2.586494e-11
18978 2.586190e-11
18979 2.585885e-11
18980 2.585580e-11
18981 2.585275e-11
18982 2.584971e-11
18983 2.584666e-11
18984 2.584362e-11
18985 2.584057e-11
18986 2.583753e-11
18987 2.583449e-11
18988 2.583144e-11
18989 2.582840e-11
18990 2.582536e-11
18991 2.582232e-11
18992 2.581928e-11
18993 2.581623e-11
18994 2.581319e-11
18995 2.581016e-11
18996 2.580712e-11
18997 2.580408e-11
18998 2.580104e-11
18999 2.579800e-11
19000 2.579497e-11
19001 2.579193e-11
19002 2.578889e-11
19003 2.578586e-11
19004 2.578282e-11
19005 2.577979e-11
19006 2.577676e-11
19007 2.577372e-11
19008 2.577069e-11
19009 2.576766e-11
19010 2.576463e-11
19011 2.576160e-11
19012 2.575856e-11
19013 2.575553e-11
19014 2.575250e-11
19015 2.574948e-11
19016 2.574645e-11
19017 2.574342e-11
19018 2.574039e-11
19019 2.573736e-11
19020 2.573434e-11
19021 2.573131e-11
19022 2.572829e-11
19023 2.572526e-11
19024 2.572224e-11
19025 2.571921e-11
19026 2.571619e-11
19027 2.571317e-11
19028 2.571014e-11
19029 2.570712e-11
19030 2.570410e-11
19031 2.570108e-11
19032 2.569806e-11
19033 2.569504e-11
19034 2.569202e-11
19035 2.568900e-11
19036 2.568598e-11
19037 2.568297e-11
19038 2.567995e-11
19039 2.567693e-11
19040 2.567392e-11
19041 2.567090e-11
19042 2.566788e-11
19043 2.566487e-11
19044 2.566186e-11
19045 2.565884e-11
19046 2.565583e-11
19047 2.565282e-11
19048 2.564980e-11
19049 2.564679e-11
19050 2.564378e-11
19051 2.564077e-11
19052 2.563776e-11
19053 2.563475e-11
19054 2.563174e-11
19055 2.562873e-11
19056 2.562573e-11
19057 2.562272e-11
19058 2.561971e-11
19059 2.561670e-11
19060 2.561370e-11
19061 2.561069e-11
19062 2.560769e-11
19063 2.560468e-11
19064 2.560168e-11
19065 2.559868e-11
19066 2.559567e-11
19067 2.559267e-11
19068 2.558967e-11
19069 2.558667e-11
19070 2.558367e-11
19071 2.558067e-11
19072 2.557767e-11
19073 2.557467e-11
19074 2.557167e-11
19075 2.556867e-11
19076 2.556567e-11
19077 2.556267e-11
19078 2.555968e-11
19079 2.555668e-11
19080 2.555369e-11
19081 2.555069e-11
19082 2.554770e-11
19083 2.554470e-11
19084 2.554171e-11
19085 2.553871e-11
19086 2.553572e-11
19087 2.553273e-11
19088 2.552974e-11
19089 2.552675e-11
19090 2.552376e-11
19091 2.552076e-11
19092 2.551778e-11
19093 2.551479e-11
19094 2.551180e-11
19095 2.550881e-11
19096 2.550582e-11
19097 2.550283e-11
19098 2.549985e-11
19099 2.549686e-11
19100 2.549388e-11
19101 2.549089e-11
19102 2.548791e-11
19103 2.548492e-11
19104 2.548194e-11
19105 2.547895e-11
19106 2.547597e-11
19107 2.547299e-11
19108 2.547001e-11
19109 2.546703e-11
19110 2.546405e-11
19111 2.546107e-11
19112 2.545809e-11
19113 2.545511e-11
19114 2.545213e-11
19115 2.544915e-11
19116 2.544617e-11
19117 2.544320e-11
19118 2.544022e-11
19119 2.543724e-11
19120 2.543427e-11
19121 2.543129e-11
19122 2.542832e-11
19123 2.542534e-11
19124 2.542237e-11
19125 2.541940e-11
19126 2.541643e-11
19127 2.541345e-11
19128 2.541048e-11
19129 2.540751e-11
19130 2.540454e-11
19131 2.540157e-11
19132 2.539860e-11
19133 2.539563e-11
19134 2.539266e-11
19135 2.538969e-11
19136 2.538673e-11
19137 2.538376e-11
19138 2.538079e-11
19139 2.537782e-11
19140 2.537485e-11
19141 2.537189e-11
19142 2.536892e-11
19143 2.536596e-11
19144 2.536299e-11
19145 2.536003e-11
19146 2.535706e-11
19147 2.535410e-11
19148 2.535114e-11
19149 2.534817e-11
19150 2.534521e-11
19151 2.534225e-11
19152 2.533929e-11
19153 2.533633e-11
19154 2.533337e-11
19155 2.533041e-11
19156 2.532745e-11
19157 2.532449e-11
19158 2.532153e-11
19159 2.531858e-11
19160 2.531562e-11
19161 2.531266e-11
19162 2.530971e-11
19163 2.530675e-11
19164 2.530379e-11
19165 2.530084e-11
19166 2.529789e-11
19167 2.529493e-11
19168 2.529198e-11
19169 2.528903e-11
19170 2.528608e-11
19171 2.528312e-11
19172 2.528017e-11
19173 2.527722e-11
19174 2.527427e-11
19175 2.527132e-11
19176 2.526837e-11
19177 2.526542e-11
19178 2.526248e-11
19179 2.525953e-11
19180 2.525658e-11
19181 2.525364e-11
19182 2.525069e-11
19183 2.524774e-11
19184 2.524480e-11
19185 2.524185e-11
19186 2.523891e-11
19187 2.523597e-11
19188 2.523302e-11
19189 2.523008e-11
19190 2.522714e-11
19191 2.522420e-11
19192 2.522126e-11
19193 2.521832e-11
19194 2.521537e-11
19195 2.521244e-11
19196 2.520950e-11
19197 2.520656e-11
19198 2.520362e-11
19199 2.520068e-11
19200 2.519774e-11
19201 2.519481e-11
19202 2.519187e-11
19203 2.518894e-11
19204 2.518600e-11
19205 2.518307e-11
19206 2.518013e-11
19207 2.517720e-11
19208 2.517427e-11
19209 2.517133e-11
19210 2.516840e-11
19211 2.516547e-11
19212 2.516254e-11
19213 2.515961e-11
19214 2.515668e-11
19215 2.515375e-11
19216 2.515082e-11
19217 2.514789e-11
19218 2.514496e-11
19219 2.514203e-11
19220 2.513911e-11
19221 2.513618e-11
19222 2.513325e-11
19223 2.513033e-11
19224 2.512740e-11
19225 2.512448e-11
19226 2.512155e-11
19227 2.511863e-11
19228 2.511571e-11
19229 2.511278e-11
19230 2.510986e-11
19231 2.510694e-11
19232 2.510402e-11
19233 2.510110e-11
19234 2.509818e-11
19235 2.509526e-11
19236 2.509234e-11
19237 2.508942e-11
19238 2.508650e-11
19239 2.508358e-11
19240 2.508066e-11
19241 2.507775e-11
19242 2.507483e-11
19243 2.507191e-11
19244 2.506900e-11
19245 2.506608e-11
19246 2.506317e-11
19247 2.506026e-11
19248 2.505734e-11
19249 2.505443e-11
19250 2.505152e-11
19251 2.504860e-11
19252 2.504569e-11
19253 2.504278e-11
19254 2.503987e-11
19255 2.503696e-11
19256 2.503405e-11
19257 2.503114e-11
19258 2.502823e-11
19259 2.502533e-11
19260 2.502242e-11
19261 2.501951e-11
19262 2.501660e-11
19263 2.501370e-11
19264 2.501079e-11
19265 2.500789e-11
19266 2.500498e-11
19267 2.500208e-11
19268 2.499917e-11
19269 2.499627e-11
19270 2.499337e-11
19271 2.499047e-11
19272 2.498756e-11
19273 2.498466e-11
19274 2.498176e-11
19275 2.497886e-11
19276 2.497596e-11
19277 2.497306e-11
19278 2.497016e-11
19279 2.496727e-11
19280 2.496437e-11
19281 2.496147e-11
19282 2.495857e-11
19283 2.495568e-11
19284 2.495278e-11
19285 2.494989e-11
19286 2.494699e-11
19287 2.494410e-11
19288 2.494120e-11
19289 2.493831e-11
19290 2.493542e-11
19291 2.493252e-11
19292 2.492963e-11
19293 2.492674e-11
19294 2.492385e-11
19295 2.492096e-11
19296 2.491807e-11
19297 2.491518e-11
19298 2.491229e-11
19299 2.490940e-11
19300 2.490651e-11
19301 2.490363e-11
19302 2.490074e-11
19303 2.489785e-11
19304 2.489497e-11
19305 2.489208e-11
19306 2.488919e-11
19307 2.488631e-11
19308 2.488342e-11
19309 2.488053e-11
19310 2.487765e-11
19311 2.487477e-11
19312 2.487188e-11
19313 2.486900e-11
19314 2.486612e-11
19315 2.486323e-11
19316 2.486035e-11
19317 2.485747e-11
19318 2.485459e-11
19319 2.485171e-11
19320 2.484883e-11
19321 2.484595e-11
19322 2.484307e-11
19323 2.484019e-11
19324 2.483731e-11
19325 2.483444e-11
19326 2.483156e-11
19327 2.482868e-11
19328 2.482581e-11
19329 2.482293e-11
19330 2.482006e-11
19331 2.481718e-11
19332 2.481431e-11
19333 2.481143e-11
19334 2.480856e-11
19335 2.480569e-11
19336 2.480281e-11
19337 2.479994e-11
19338 2.479707e-11
19339 2.479420e-11
19340 2.479133e-11
19341 2.478846e-11
19342 2.478559e-11
19343 2.478272e-11
19344 2.477985e-11
19345 2.477699e-11
19346 2.477412e-11
19347 2.477125e-11
19348 2.476839e-11
19349 2.476552e-11
19350 2.476265e-11
19351 2.475979e-11
19352 2.475692e-11
19353 2.475406e-11
19354 2.475120e-11
19355 2.474833e-11
19356 2.474547e-11
19357 2.474261e-11
19358 2.473975e-11
19359 2.473689e-11
19360 2.473402e-11
19361 2.473116e-11
19362 2.472830e-11
19363 2.472545e-11
19364 2.472259e-11
19365 2.471973e-11
19366 2.471687e-11
19367 2.471401e-11
19368 2.471116e-11
19369 2.470830e-11
19370 2.470544e-11
19371 2.470259e-11
19372 2.469973e-11
19373 2.469688e-11
19374 2.469402e-11
19375 2.469117e-11
19376 2.468832e-11
19377 2.468547e-11
19378 2.468261e-11
19379 2.467976e-11
19380 2.467691e-11
19381 2.467406e-11
19382 2.467121e-11
19383 2.466836e-11
19384 2.466551e-11
19385 2.466266e-11
19386 2.465981e-11
19387 2.465697e-11
19388 2.465412e-11
19389 2.465127e-11
19390 2.464842e-11
19391 2.464558e-11
19392 2.464273e-11
19393 2.463989e-11
19394 2.463704e-11
19395 2.463420e-11
19396 2.463136e-11
19397 2.462851e-11
19398 2.462567e-11
19399 2.462283e-11
19400 2.461999e-11
19401 2.461715e-11
19402 2.461430e-11
19403 2.461146e-11
19404 2.460862e-11
19405 2.460579e-11
19406 2.460295e-11
19407 2.460011e-11
19408 2.459727e-11
19409 2.459443e-11
19410 2.459160e-11
19411 2.458876e-11
19412 2.458592e-11
19413 2.458309e-11
19414 2.458025e-11
19415 2.457742e-11
19416 2.457458e-11
19417 2.457175e-11
19418 2.456892e-11
19419 2.456609e-11
19420 2.456325e-11
19421 2.456042e-11
19422 2.455759e-11
19423 2.455476e-11
19424 2.455193e-11
19425 2.454910e-11
19426 2.454627e-11
19427 2.454344e-11
19428 2.454061e-11
19429 2.453778e-11
19430 2.453496e-11
19431 2.453213e-11
19432 2.452930e-11
19433 2.452648e-11
19434 2.452365e-11
19435 2.452083e-11
19436 2.451800e-11
19437 2.451518e-11
19438 2.451235e-11
19439 2.450953e-11
19440 2.450671e-11
19441 2.450389e-11
19442 2.450106e-11
19443 2.449824e-11
19444 2.449542e-11
19445 2.449260e-11
19446 2.448978e-11
19447 2.448696e-11
19448 2.448414e-11
19449 2.448132e-11
19450 2.447851e-11
19451 2.447569e-11
19452 2.447287e-11
19453 2.447005e-11
19454 2.446724e-11
19455 2.446442e-11
19456 2.446161e-11
19457 2.445879e-11
19458 2.445598e-11
19459 2.445316e-11
19460 2.445035e-11
19461 2.444754e-11
19462 2.444473e-11
19463 2.444191e-11
19464 2.443910e-11
19465 2.443629e-11
19466 2.443348e-11
19467 2.443067e-11
19468 2.442786e-11
19469 2.442505e-11
19470 2.442224e-11
19471 2.441943e-11
19472 2.441663e-11
19473 2.441382e-11
19474 2.441101e-11
19475 2.440821e-11
19476 2.440540e-11
19477 2.440259e-11
19478 2.439979e-11
19479 2.439698e-11
19480 2.439418e-11
19481 2.439137e-11
19482 2.438857e-11
19483 2.438576e-11
19484 2.438296e-11
19485 2.438016e-11
19486 2.437735e-11
19487 2.437455e-11
19488 2.437175e-11
19489 2.436895e-11
19490 2.436615e-11
19491 2.436335e-11
19492 2.436055e-11
19493 2.435775e-11
19494 2.435495e-11
19495 2.435215e-11
19496 2.434935e-11
19497 2.434655e-11
19498 2.434376e-11
19499 2.434096e-11
19500 2.433816e-11
19501 2.433537e-11
19502 2.433257e-11
19503 2.432978e-11
19504 2.432698e-11
19505 2.432419e-11
19506 2.432140e-11
19507 2.431860e-11
19508 2.431581e-11
19509 2.431302e-11
19510 2.431023e-11
19511 2.430744e-11
19512 2.430465e-11
19513 2.430186e-11
19514 2.429907e-11
19515 2.429628e-11
19516 2.429349e-11
19517 2.429070e-11
19518 2.428791e-11
19519 2.428513e-11
19520 2.428234e-11
19521 2.427955e-11
19522 2.427677e-11
19523 2.427398e-11
19524 2.427120e-11
19525 2.426841e-11
19526 2.426563e-11
19527 2.426284e-11
19528 2.426006e-11
19529 2.425728e-11
19530 2.425450e-11
19531 2.425171e-11
19532 2.424893e-11
19533 2.424615e-11
19534 2.424337e-11
19535 2.424059e-11
19536 2.423781e-11
19537 2.423503e-11
19538 2.423225e-11
19539 2.422948e-11
19540 2.422670e-11
19541 2.422392e-11
19542 2.422114e-11
19543 2.421837e-11
19544 2.421559e-11
19545 2.421282e-11
19546 2.421004e-11
19547 2.420727e-11
19548 2.420449e-11
19549 2.420172e-11
19550 2.419895e-11
19551 2.419617e-11
19552 2.419340e-11
19553 2.419063e-11
19554 2.418786e-11
19555 2.418509e-11
19556 2.418232e-11
19557 2.417955e-11
19558 2.417678e-11
19559 2.417401e-11
19560 2.417124e-11
19561 2.416847e-11
19562 2.416571e-11
19563 2.416294e-11
19564 2.416017e-11
19565 2.415741e-11
19566 2.415464e-11
19567 2.415188e-11
19568 2.414911e-11
19569 2.414635e-11
19570 2.414358e-11
19571 2.414082e-11
19572 2.413806e-11
19573 2.413529e-11
19574 2.413253e-11
19575 2.412977e-11
19576 2.412701e-11
19577 2.412425e-11
19578 2.412149e-11
19579 2.411873e-11
19580 2.411597e-11
19581 2.411321e-11
19582 2.411045e-11
19583 2.410769e-11
19584 2.410494e-11
19585 2.410218e-11
19586 2.409942e-11
19587 2.409667e-11
19588 2.409391e-11
19589 2.409116e-11
19590 2.408840e-11
19591 2.408565e-11
19592 2.408289e-11
19593 2.408014e-11
19594 2.407739e-11
19595 2.407463e-11
19596 2.407188e-11
19597 2.406913e-11
19598 2.406638e-11
19599 2.406363e-11
19600 2.406088e-11
19601 2.405813e-11
19602 2.405538e-11
19603 2.405263e-11
19604 2.404988e-11
19605 2.404713e-11
19606 2.404439e-11
19607 2.404164e-11
19608 2.403889e-11
19609 2.403615e-11
19610 2.403340e-11
19611 2.403066e-11
19612 2.402791e-11
19613 2.402517e-11
19614 2.402242e-11
19615 2.401968e-11
19616 2.401694e-11
19617 2.401419e-11
19618 2.401145e-11
19619 2.400871e-11
19620 2.400597e-11
19621 2.400323e-11
19622 2.400049e-11
19623 2.399775e-11
19624 2.399501e-11
19625 2.399227e-11
19626 2.398953e-11
19627 2.398679e-11
19628 2.398406e-11
19629 2.398132e-11
19630 2.397858e-11
19631 2.397585e-11
19632 2.397311e-11
19633 2.397038e-11
19634 2.396764e-11
19635 2.396491e-11
19636 2.396217e-11
19637 2.395944e-11
19638 2.395671e-11
19639 2.395397e-11
19640 2.395124e-11
19641 2.394851e-11
19642 2.394578e-11
19643 2.394305e-11
19644 2.394032e-11
19645 2.393759e-11
19646 2.393486e-11
19647 2.393213e-11
19648 2.392940e-11
19649 2.392667e-11
19650 2.392394e-11
19651 2.392122e-11
19652 2.391849e-11
19653 2.391576e-11
19654 2.391303e-11
19655 2.391031e-11
19656 2.390758e-11
19657 2.390485e-11
19658 2.390213e-11
19659 2.389940e-11
19660 2.389668e-11
19661 2.389396e-11
19662 2.389123e-11
19663 2.388851e-11
19664 2.388579e-11
19665 2.388306e-11
19666 2.388034e-11
19667 2.387762e-11
19668 2.387490e-11
19669 2.387218e-11
19670 2.386946e-11
19671 2.386674e-11
19672 2.386402e-11
19673 2.386130e-11
19674 2.385858e-11
19675 2.385587e-11
19676 2.385315e-11
19677 2.385043e-11
19678 2.384772e-11
19679 2.384500e-11
19680 2.384229e-11
19681 2.383957e-11
19682 2.383686e-11
19683 2.383414e-11
19684 2.383143e-11
19685 2.382871e-11
19686 2.382600e-11
19687 2.382329e-11
19688 2.382058e-11
19689 2.381787e-11
19690 2.381515e-11
19691 2.381244e-11
19692 2.380973e-11
19693 2.380702e-11
19694 2.380432e-11
19695 2.380161e-11
19696 2.379890e-11
19697 2.379619e-11
19698 2.379348e-11
19699 2.379078e-11
19700 2.378807e-11
19701 2.378536e-11
19702 2.378266e-11
19703 2.377995e-11
19704 2.377725e-11
19705 2.377454e-11
19706 2.377184e-11
19707 2.376914e-11
19708 2.376643e-11
19709 2.376373e-11
19710 2.376103e-11
19711 2.375833e-11
19712 2.375562e-11
19713 2.375292e-11
19714 2.375022e-11
19715 2.374752e-11
19716 2.374482e-11
19717 2.374213e-11
19718 2.373943e-11
19719 2.373673e-11
19720 2.373403e-11
19721 2.373133e-11
19722 2.372864e-11
19723 2.372594e-11
19724 2.372324e-11
19725 2.372055e-11
19726 2.371785e-11
19727 2.371516e-11
19728 2.371247e-11
19729 2.370977e-11
19730 2.370708e-11
19731 2.370439e-11
19732 2.370169e-11
19733 2.369900e-11
19734 2.369631e-11
19735 2.369362e-11
19736 2.369093e-11
19737 2.368824e-11
19738 2.368555e-11
19739 2.368286e-11
19740 2.368017e-11
19741 2.367748e-11
19742 2.367479e-11
19743 2.367211e-11
19744 2.366942e-11
19745 2.366673e-11
19746 2.366405e-11
19747 2.366136e-11
19748 2.365868e-11
19749 2.365599e-11
19750 2.365331e-11
19751 2.365062e-11
19752 2.364794e-11
19753 2.364526e-11
19754 2.364257e-11
19755 2.363989e-11
19756 2.363721e-11
19757 2.363453e-11
19758 2.363185e-11
19759 2.362917e-11
19760 2.362649e-11
19761 2.362381e-11
19762 2.362113e-11
19763 2.361845e-11
19764 2.361577e-11
19765 2.361309e-11
19766 2.361042e-11
19767 2.360774e-11
19768 2.360506e-11
19769 2.360239e-11
19770 2.359971e-11
19771 2.359704e-11
19772 2.359436e-11
19773 2.359169e-11
19774 2.358901e-11
19775 2.358634e-11
19776 2.358367e-11
19777 2.358099e-11
19778 2.357832e-11
19779 2.357565e-11
19780 2.357298e-11
19781 2.357031e-11
19782 2.356764e-11
19783 2.356497e-11
19784 2.356230e-11
19785 2.355963e-11
19786 2.355696e-11
19787 2.355429e-11
19788 2.355162e-11
19789 2.354896e-11
19790 2.354629e-11
19791 2.354362e-11
19792 2.354096e-11
19793 2.353829e-11
19794 2.353563e-11
19795 2.353296e-11
19796 2.353030e-11
19797 2.352763e-11
19798 2.352497e-11
19799 2.352231e-11
19800 2.351965e-11
19801 2.351698e-11
19802 2.351432e-11
19803 2.351166e-11
19804 2.350900e-11
19805 2.350634e-11
19806 2.350368e-11
19807 2.350102e-11
19808 2.349836e-11
19809 2.349570e-11
19810 2.349304e-11
19811 2.349039e-11
19812 2.348773e-11
19813 2.348507e-11
19814 2.348242e-11
19815 2.347976e-11
19816 2.347710e-11
19817 2.347445e-11
19818 2.347179e-11
19819 2.346914e-11
19820 2.346649e-11
19821 2.346383e-11
19822 2.346118e-11
19823 2.345853e-11
19824 2.345588e-11
19825 2.345322e-11
19826 2.345057e-11
19827 2.344792e-11
19828 2.344527e-11
19829 2.344261e-11
19830 2.343996e-11
19831 2.343731e-11
19832 2.343466e-11
19833 2.343201e-11
19834 2.342937e-11
19835 2.342672e-11
19836 2.342407e-11
19837 2.342142e-11
19838 2.341877e-11
19839 2.341613e-11
19840 2.341348e-11
19841 2.341083e-11
19842 2.340819e-11
19843 2.340554e-11
19844 2.340290e-11
19845 2.340025e-11
19846 2.339761e-11
19847 2.339497e-11
19848 2.339232e-11
19849 2.338968e-11
19850 2.338704e-11
19851 2.338440e-11
19852 2.338176e-11
19853 2.337912e-11
19854 2.337647e-11
19855 2.337383e-11
19856 2.337120e-11
19857 2.336856e-11
19858 2.336592e-11
19859 2.336328e-11
19860 2.336064e-11
19861 2.335800e-11
19862 2.335537e-11
19863 2.335273e-11
19864 2.335009e-11
19865 2.334746e-11
19866 2.334482e-11
19867 2.334219e-11
19868 2.333955e-11
19869 2.333692e-11
19870 2.333429e-11
19871 2.333165e-11
19872 2.332902e-11
19873 2.332639e-11
19874 2.332376e-11
19875 2.332113e-11
19876 2.331849e-11
19877 2.331586e-11
19878 2.331323e-11
19879 2.331060e-11
19880 2.330798e-11
19881 2.330535e-11
19882 2.330272e-11
19883 2.330009e-11
19884 2.329746e-11
19885 2.329484e-11
19886 2.329221e-11
19887 2.328958e-11
19888 2.328696e-11
19889 2.328433e-11
19890 2.328171e-11
19891 2.327908e-11
19892 2.327646e-11
19893 2.327383e-11
19894 2.327121e-11
19895 2.326859e-11
19896 2.326597e-11
19897 2.326334e-11
19898 2.326072e-11
19899 2.325810e-11
19900 2.325548e-11
19901 2.325286e-11
19902 2.325024e-11
19903 2.324762e-11
19904 2.324500e-11
19905 2.324238e-11
19906 2.323977e-11
19907 2.323715e-11
19908 2.323453e-11
19909 2.323191e-11
19910 2.322930e-11
19911 2.322668e-11
19912 2.322407e-11
19913 2.322145e-11
19914 2.321884e-11
19915 2.321622e-11
19916 2.321361e-11
19917 2.321099e-11
19918 2.320838e-11
19919 2.320577e-11
19920 2.320316e-11
19921 2.320054e-11
19922 2.319793e-11
19923 2.319532e-11
19924 2.319271e-11
19925 2.319010e-11
19926 2.318749e-11
19927 2.318488e-11
19928 2.318227e-11
19929 2.317967e-11
19930 2.317706e-11
19931 2.317445e-11
19932 2.317184e-11
19933 2.316924e-11
19934 2.316663e-11
19935 2.316403e-11
19936 2.316142e-11
19937 2.315881e-11
19938 2.315621e-11
19939 2.315361e-11
19940 2.315100e-11
19941 2.314840e-11
19942 2.314580e-11
19943 2.314319e-11
19944 2.314059e-11
19945 2.313799e-11
19946 2.313539e-11
19947 2.313279e-11
19948 2.313019e-11
19949 2.312759e-11
19950 2.312499e-11
19951 2.312239e-11
19952 2.311979e-11
19953 2.311719e-11
19954 2.311460e-11
19955 2.311200e-11
19956 2.310940e-11
19957 2.310680e-11
19958 2.310421e-11
19959 2.310161e-11
19960 2.309902e-11
19961 2.309642e-11
19962 2.309383e-11
19963 2.309123e-11
19964 2.308864e-11
19965 2.308605e-11
19966 2.308346e-11
19967 2.308086e-11
19968 2.307827e-11
19969 2.307568e-11
19970 2.307309e-11
19971 2.307050e-11
19972 2.306791e-11
19973 2.306532e-11
19974 2.306273e-11
19975 2.306014e-11
19976 2.305755e-11
19977 2.305496e-11
19978 2.305238e-11
19979 2.304979e-11
19980 2.304720e-11
19981 2.304462e-11
19982 2.304203e-11
19983 2.303944e-11
19984 2.303686e-11
19985 2.303427e-11
19986 2.303169e-11
19987 2.302911e-11
19988 2.302652e-11
19989 2.302394e-11
19990 2.302136e-11
19991 2.301877e-11
19992 2.301619e-11
19993 2.301361e-11
19994 2.301103e-11
19995 2.300845e-11
19996 2.300587e-11
19997 2.300329e-11
19998 2.300071e-11
19999 2.299813e-11
