1 2.444906e-08
2 3.028401e-08
3 3.351863e-08
4 3.550724e-08
5 3.654156e-08
6 3.700511e-08
7 3.710396e-08
8 3.691468e-08
9 3.650400e-08
10 3.594666e-08
11 3.531445e-08
12 3.461457e-08
13 3.385036e-08
14 3.304880e-08
15 3.223679e-08
16 3.142932e-08
17 3.062255e-08
18 2.981648e-08
19 2.901744e-08
20 2.823280e-08
21 2.746861e-08
22 2.672520e-08
23 2.600422e-08
24 2.530352e-08
25 2.462155e-08
26 2.395862e-08
27 2.331729e-08
28 2.269994e-08
29 2.210597e-08
30 2.153354e-08
31 2.098054e-08
32 2.044610e-08
33 1.993004e-08
34 1.943241e-08
35 1.895339e-08
36 1.849244e-08
37 1.804903e-08
38 1.762214e-08
39 1.721078e-08
40 1.681390e-08
41 1.643093e-08
42 1.606128e-08
43 1.570460e-08
44 1.536077e-08
45 1.502942e-08
46 1.471002e-08
47 1.440189e-08
48 1.410435e-08
49 1.381673e-08
50 1.353844e-08
51 1.326913e-08
52 1.300854e-08
53 1.275644e-08
54 1.251255e-08
55 1.227655e-08
56 1.204811e-08
57 1.182681e-08
58 1.161227e-08
59 1.140413e-08
60 1.120206e-08
61 1.100581e-08
62 1.081517e-08
63 1.062992e-08
64 1.044991e-08
65 1.027497e-08
66 1.010489e-08
67 9.939491e-09
68 9.778556e-09
69 9.621869e-09
70 9.469245e-09
71 9.320494e-09
72 9.175457e-09
73 9.033986e-09
74 8.895974e-09
75 8.761303e-09
76 8.629873e-09
77 8.501592e-09
78 8.376376e-09
79 8.254121e-09
80 8.134696e-09
81 8.017993e-09
82 7.903894e-09
83 7.792305e-09
84 7.683135e-09
85 7.576313e-09
86 7.471781e-09
87 7.369469e-09
88 7.269318e-09
89 7.171276e-09
90 7.075289e-09
91 6.981289e-09
92 6.889209e-09
93 6.798998e-09
94 6.710609e-09
95 6.624000e-09
96 6.539108e-09
97 6.455871e-09
98 6.374248e-09
99 6.294196e-09
100 6.215682e-09
101 6.138653e-09
102 6.063095e-09
103 5.988979e-09
104 5.916276e-09
105 5.844952e-09
106 5.774966e-09
107 5.706276e-09
108 5.638854e-09
109 5.572675e-09
110 5.507708e-09
111 5.443930e-09
112 5.381306e-09
113 5.319808e-09
114 5.259412e-09
115 5.200095e-09
116 5.141839e-09
117 5.084623e-09
118 5.028422e-09
119 4.973216e-09
120 4.918987e-09
121 4.865715e-09
122 4.813380e-09
123 4.761958e-09
124 4.711428e-09
125 4.661767e-09
126 4.612962e-09
127 4.564996e-09
128 4.517846e-09
129 4.471498e-09
130 4.425935e-09
131 4.381143e-09
132 4.337111e-09
133 4.293823e-09
134 4.251263e-09
135 4.209411e-09
136 4.168253e-09
137 4.127777e-09
138 4.087972e-09
139 4.048823e-09
140 4.010315e-09
141 3.972432e-09
142 3.935159e-09
143 3.898489e-09
144 3.862409e-09
145 3.826907e-09
146 3.791976e-09
147 3.757598e-09
148 3.723763e-09
149 3.690459e-09
150 3.657677e-09
151 3.625406e-09
152 3.593637e-09
153 3.562359e-09
154 3.531565e-09
155 3.501241e-09
156 3.471377e-09
157 3.441963e-09
158 3.412993e-09
159 3.384455e-09
160 3.356340e-09
161 3.328642e-09
162 3.301354e-09
163 3.274464e-09
164 3.247965e-09
165 3.221854e-09
166 3.196116e-09
167 3.170745e-09
168 3.145738e-09
169 3.121084e-09
170 3.096777e-09
171 3.072815e-09
172 3.049182e-09
173 3.025874e-09
174 3.002888e-09
175 2.980213e-09
176 2.957842e-09
177 2.935777e-09
178 2.914007e-09
179 2.892529e-09
180 2.871337e-09
181 2.850422e-09
182 2.829782e-09
183 2.809407e-09
184 2.789293e-09
185 2.769440e-09
186 2.749838e-09
187 2.730488e-09
188 2.711384e-09
189 2.692519e-09
190 2.673890e-09
191 2.655489e-09
192 2.637311e-09
193 2.619355e-09
194 2.601615e-09
195 2.584093e-09
196 2.566781e-09
197 2.549680e-09
198 2.532782e-09
199 2.516085e-09
200 2.499582e-09
201 2.483270e-09
202 2.467146e-09
203 2.451207e-09
204 2.435452e-09
205 2.419877e-09
206 2.404482e-09
207 2.389260e-09
208 2.374211e-09
209 2.359330e-09
210 2.344614e-09
211 2.330060e-09
212 2.315664e-09
213 2.301426e-09
214 2.287343e-09
215 2.273416e-09
216 2.259639e-09
217 2.246012e-09
218 2.232530e-09
219 2.219193e-09
220 2.205997e-09
221 2.192940e-09
222 2.180021e-09
223 2.167236e-09
224 2.154585e-09
225 2.142065e-09
226 2.129674e-09
227 2.117412e-09
228 2.105275e-09
229 2.093262e-09
230 2.081373e-09
231 2.069606e-09
232 2.057957e-09
233 2.046429e-09
234 2.035014e-09
235 2.023715e-09
236 2.012527e-09
237 2.001450e-09
238 1.990481e-09
239 1.979622e-09
240 1.968867e-09
241 1.958221e-09
242 1.947677e-09
243 1.937239e-09
244 1.926902e-09
245 1.916666e-09
246 1.906529e-09
247 1.896490e-09
248 1.886546e-09
249 1.876697e-09
250 1.866942e-09
251 1.857277e-09
252 1.847707e-09
253 1.838224e-09
254 1.828835e-09
255 1.819531e-09
256 1.810317e-09
257 1.801189e-09
258 1.792145e-09
259 1.783186e-09
260 1.774307e-09
261 1.765514e-09
262 1.756798e-09
263 1.748165e-09
264 1.739610e-09
265 1.731133e-09
266 1.722734e-09
267 1.714408e-09
268 1.706162e-09
269 1.697986e-09
270 1.689886e-09
271 1.681858e-09
272 1.673900e-09
273 1.666016e-09
274 1.658197e-09
275 1.650454e-09
276 1.642775e-09
277 1.635165e-09
278 1.627622e-09
279 1.620141e-09
280 1.612731e-09
281 1.605382e-09
282 1.598096e-09
283 1.590874e-09
284 1.583711e-09
285 1.576614e-09
286 1.569575e-09
287 1.562596e-09
288 1.555678e-09
289 1.548814e-09
290 1.542014e-09
291 1.535268e-09
292 1.528578e-09
293 1.521945e-09
294 1.515364e-09
295 1.508840e-09
296 1.502369e-09
297 1.495949e-09
298 1.489586e-09
299 1.483272e-09
300 1.477010e-09
301 1.470800e-09
302 1.464636e-09
303 1.458527e-09
304 1.452464e-09
305 1.446447e-09
306 1.440483e-09
307 1.434562e-09
308 1.428689e-09
309 1.422863e-09
310 1.417079e-09
311 1.411345e-09
312 1.405654e-09
313 1.400004e-09
314 1.394403e-09
315 1.388842e-09
316 1.383322e-09
317 1.377848e-09
318 1.372412e-09
319 1.367018e-09
320 1.361666e-09
321 1.356352e-09
322 1.351080e-09
323 1.345847e-09
324 1.340651e-09
325 1.335496e-09
326 1.330378e-09
327 1.325296e-09
328 1.320254e-09
329 1.315248e-09
330 1.310276e-09
331 1.305343e-09
332 1.300445e-09
333 1.295579e-09
334 1.290753e-09
335 1.285958e-09
336 1.281196e-09
337 1.276472e-09
338 1.271779e-09
339 1.267117e-09
340 1.262492e-09
341 1.257898e-09
342 1.253334e-09
343 1.248804e-09
344 1.244304e-09
345 1.239833e-09
346 1.235397e-09
347 1.230990e-09
348 1.226610e-09
349 1.222264e-09
350 1.217946e-09
351 1.213656e-09
352 1.209397e-09
353 1.205166e-09
354 1.200961e-09
355 1.196787e-09
356 1.192641e-09
357 1.188520e-09
358 1.184428e-09
359 1.180363e-09
360 1.176323e-09
361 1.172310e-09
362 1.168325e-09
363 1.164364e-09
364 1.160429e-09
365 1.156521e-09
366 1.152637e-09
367 1.148777e-09
368 1.144945e-09
369 1.141136e-09
370 1.137350e-09
371 1.133589e-09
372 1.129853e-09
373 1.126138e-09
374 1.122448e-09
375 1.118782e-09
376 1.115138e-09
377 1.111516e-09
378 1.107919e-09
379 1.104343e-09
380 1.100788e-09
381 1.097257e-09
382 1.093747e-09
383 1.090258e-09
384 1.086790e-09
385 1.083346e-09
386 1.079921e-09
387 1.076516e-09
388 1.073134e-09
389 1.069771e-09
390 1.066428e-09
391 1.063105e-09
392 1.059804e-09
393 1.056521e-09
394 1.053257e-09
395 1.050015e-09
396 1.046791e-09
397 1.043585e-09
398 1.040399e-09
399 1.037233e-09
400 1.034084e-09
401 1.030952e-09
402 1.027841e-09
403 1.024748e-09
404 1.021671e-09
405 1.018613e-09
406 1.015574e-09
407 1.012551e-09
408 1.009545e-09
409 1.006558e-09
410 1.003588e-09
411 1.000633e-09
412 9.976959e-10
413 9.947767e-10
414 9.918730e-10
415 9.889848e-10
416 9.861141e-10
417 9.832601e-10
418 9.804211e-10
419 9.775970e-10
420 9.747909e-10
421 9.719997e-10
422 9.692231e-10
423 9.664616e-10
424 9.637172e-10
425 9.609871e-10
426 9.582710e-10
427 9.555705e-10
428 9.528858e-10
429 9.502149e-10
430 9.475577e-10
431 9.449159e-10
432 9.422887e-10
433 9.396749e-10
434 9.370743e-10
435 9.344893e-10
436 9.319179e-10
437 9.293595e-10
438 9.268140e-10
439 9.242841e-10
440 9.217670e-10
441 9.192624e-10
442 9.167705e-10
443 9.142935e-10
444 9.118289e-10
445 9.093763e-10
446 9.069362e-10
447 9.045105e-10
448 9.020966e-10
449 8.996945e-10
450 8.973046e-10
451 8.949285e-10
452 8.925640e-10
453 8.902109e-10
454 8.878697e-10
455 8.855418e-10
456 8.832251e-10
457 8.809195e-10
458 8.786253e-10
459 8.763441e-10
460 8.740737e-10
461 8.718141e-10
462 8.695655e-10
463 8.673297e-10
464 8.651044e-10
465 8.628896e-10
466 8.606853e-10
467 8.584933e-10
468 8.563117e-10
469 8.541402e-10
470 8.519788e-10
471 8.498293e-10
472 8.476900e-10
473 8.455607e-10
474 8.434412e-10
475 8.413328e-10
476 8.392348e-10
477 8.371465e-10
478 8.350677e-10
479 8.329992e-10
480 8.309411e-10
481 8.288924e-10
482 8.268530e-10
483 8.248232e-10
484 8.228040e-10
485 8.207939e-10
486 8.187928e-10
487 8.168007e-10
488 8.148192e-10
489 8.128466e-10
490 8.108829e-10
491 8.089279e-10
492 8.069825e-10
493 8.050465e-10
494 8.031190e-10
495 8.012000e-10
496 7.992897e-10
497 7.973891e-10
498 7.954967e-10
499 7.936127e-10
500 7.917368e-10
501 7.898704e-10
502 7.880124e-10
503 7.861625e-10
504 7.843205e-10
505 7.824871e-10
506 7.806624e-10
507 7.788457e-10
508 7.770367e-10
509 7.752354e-10
510 7.734430e-10
511 7.716584e-10
512 7.698813e-10
513 7.681119e-10
514 7.663504e-10
515 7.645972e-10
516 7.628514e-10
517 7.611130e-10
518 7.593819e-10
519 7.576591e-10
520 7.559437e-10
521 7.542355e-10
522 7.525344e-10
523 7.508406e-10
524 7.491547e-10
525 7.474759e-10
526 7.458040e-10
527 7.441390e-10
528 7.424815e-10
529 7.408313e-10
530 7.391879e-10
531 7.375512e-10
532 7.359212e-10
533 7.342988e-10
534 7.326831e-10
535 7.310740e-10
536 7.294715e-10
537 7.278755e-10
538 7.262869e-10
539 7.247047e-10
540 7.231288e-10
541 7.215593e-10
542 7.199964e-10
543 7.184403e-10
544 7.168905e-10
545 7.153469e-10
546 7.138094e-10
547 7.122785e-10
548 7.107541e-10
549 7.092357e-10
550 7.077233e-10
551 7.062169e-10
552 7.047170e-10
553 7.032232e-10
554 7.017353e-10
555 7.002532e-10
556 6.987769e-10
557 6.973069e-10
558 6.958429e-10
559 6.943845e-10
560 6.929318e-10
561 6.914847e-10
562 6.900439e-10
563 6.886087e-10
564 6.871790e-10
565 6.857548e-10
566 6.843361e-10
567 6.829233e-10
568 6.815161e-10
569 6.801142e-10
570 6.787177e-10
571 6.773265e-10
572 6.759411e-10
573 6.745610e-10
574 6.731862e-10
575 6.718165e-10
576 6.704520e-10
577 6.690930e-10
578 6.677393e-10
579 6.663907e-10
580 6.650471e-10
581 6.637085e-10
582 6.623753e-10
583 6.610472e-10
584 6.597240e-10
585 6.584058e-10
586 6.570924e-10
587 6.557841e-10
588 6.544808e-10
589 6.531824e-10
590 6.518887e-10
591 6.505998e-10
592 6.493157e-10
593 6.480366e-10
594 6.467622e-10
595 6.454924e-10
596 6.442273e-10
597 6.429667e-10
598 6.417111e-10
599 6.404601e-10
600 6.392135e-10
601 6.379714e-10
602 6.367339e-10
603 6.355010e-10
604 6.342726e-10
605 6.330486e-10
606 6.318290e-10
607 6.306138e-10
608 6.294030e-10
609 6.281966e-10
610 6.269946e-10
611 6.257968e-10
612 6.246033e-10
613 6.234140e-10
614 6.222291e-10
615 6.210484e-10
616 6.198719e-10
617 6.186995e-10
618 6.175312e-10
619 6.163671e-10
620 6.152071e-10
621 6.140512e-10
622 6.128994e-10
623 6.117515e-10
624 6.106076e-10
625 6.094679e-10
626 6.083321e-10
627 6.072002e-10
628 6.060722e-10
629 6.049481e-10
630 6.038280e-10
631 6.027117e-10
632 6.015993e-10
633 6.004907e-10
634 5.993859e-10
635 5.982848e-10
636 5.971876e-10
637 5.960941e-10
638 5.950043e-10
639 5.939182e-10
640 5.928358e-10
641 5.917570e-10
642 5.906820e-10
643 5.896106e-10
644 5.885427e-10
645 5.874785e-10
646 5.864178e-10
647 5.853607e-10
648 5.843071e-10
649 5.832571e-10
650 5.822105e-10
651 5.811674e-10
652 5.801278e-10
653 5.790916e-10
654 5.780589e-10
655 5.770296e-10
656 5.760037e-10
657 5.749811e-10
658 5.739619e-10
659 5.729461e-10
660 5.719335e-10
661 5.709243e-10
662 5.699184e-10
663 5.689158e-10
664 5.679164e-10
665 5.669202e-10
666 5.659273e-10
667 5.649376e-10
668 5.639511e-10
669 5.629678e-10
670 5.619876e-10
671 5.610106e-10
672 5.600367e-10
673 5.590659e-10
674 5.580982e-10
675 5.571337e-10
676 5.561722e-10
677 5.552137e-10
678 5.542582e-10
679 5.533058e-10
680 5.523565e-10
681 5.514101e-10
682 5.504667e-10
683 5.495262e-10
684 5.485887e-10
685 5.476542e-10
686 5.467226e-10
687 5.457939e-10
688 5.448681e-10
689 5.439451e-10
690 5.430250e-10
691 5.421078e-10
692 5.411934e-10
693 5.402819e-10
694 5.393733e-10
695 5.384672e-10
696 5.375641e-10
697 5.366637e-10
698 5.357661e-10
699 5.348713e-10
700 5.339792e-10
701 5.330897e-10
702 5.322030e-10
703 5.313189e-10
704 5.304376e-10
705 5.295590e-10
706 5.286831e-10
707 5.278097e-10
708 5.269389e-10
709 5.260708e-10
710 5.252053e-10
711 5.243425e-10
712 5.234823e-10
713 5.226245e-10
714 5.217693e-10
715 5.209166e-10
716 5.200665e-10
717 5.192190e-10
718 5.183740e-10
719 5.175316e-10
720 5.166914e-10
721 5.158537e-10
722 5.150186e-10
723 5.141860e-10
724 5.133559e-10
725 5.125282e-10
726 5.117028e-10
727 5.108798e-10
728 5.100592e-10
729 5.092410e-10
730 5.084253e-10
731 5.076120e-10
732 5.068011e-10
733 5.059922e-10
734 5.051858e-10
735 5.043818e-10
736 5.035801e-10
737 5.027808e-10
738 5.019838e-10
739 5.011889e-10
740 5.003962e-10
741 4.996059e-10
742 4.988179e-10
743 4.980322e-10
744 4.972487e-10
745 4.964675e-10
746 4.956882e-10
747 4.949113e-10
748 4.941365e-10
749 4.933640e-10
750 4.925938e-10
751 4.918258e-10
752 4.910597e-10
753 4.902957e-10
754 4.895339e-10
755 4.887743e-10
756 4.880169e-10
757 4.872616e-10
758 4.865086e-10
759 4.857572e-10
760 4.850080e-10
761 4.842610e-10
762 4.835160e-10
763 4.827732e-10
764 4.820325e-10
765 4.812938e-10
766 4.805569e-10
767 4.798221e-10
768 4.790893e-10
769 4.783586e-10
770 4.776300e-10
771 4.769034e-10
772 4.761787e-10
773 4.754557e-10
774 4.747348e-10
775 4.740159e-10
776 4.732991e-10
777 4.725842e-10
778 4.718713e-10
779 4.711602e-10
780 4.704508e-10
781 4.697434e-10
782 4.690380e-10
783 4.683345e-10
784 4.676330e-10
785 4.669335e-10
786 4.662355e-10
787 4.655393e-10
788 4.648451e-10
789 4.641527e-10
790 4.634623e-10
791 4.627738e-10
792 4.620871e-10
793 4.614020e-10
794 4.607187e-10
795 4.600372e-10
796 4.593575e-10
797 4.586797e-10
798 4.580038e-10
799 4.573297e-10
800 4.566571e-10
801 4.559862e-10
802 4.553171e-10
803 4.546498e-10
804 4.539843e-10
805 4.533206e-10
806 4.526587e-10
807 4.519983e-10
808 4.513395e-10
809 4.506824e-10
810 4.500271e-10
811 4.493736e-10
812 4.487218e-10
813 4.480717e-10
814 4.474232e-10
815 4.467762e-10
816 4.461308e-10
817 4.454872e-10
818 4.448452e-10
819 4.442050e-10
820 4.435665e-10
821 4.429296e-10
822 4.422939e-10
823 4.416599e-10
824 4.410276e-10
825 4.403970e-10
826 4.397680e-10
827 4.391407e-10
828 4.385151e-10
829 4.378906e-10
830 4.372677e-10
831 4.366464e-10
832 4.360267e-10
833 4.354087e-10
834 4.347923e-10
835 4.341775e-10
836 4.335640e-10
837 4.329519e-10
838 4.323413e-10
839 4.317324e-10
840 4.311250e-10
841 4.305192e-10
842 4.299149e-10
843 4.293122e-10
844 4.287105e-10
845 4.281104e-10
846 4.275119e-10
847 4.269148e-10
848 4.263193e-10
849 4.257254e-10
850 4.251330e-10
851 4.245417e-10
852 4.239517e-10
853 4.233633e-10
854 4.227764e-10
855 4.221909e-10
856 4.216070e-10
857 4.210245e-10
858 4.204435e-10
859 4.198634e-10
860 4.192848e-10
861 4.187077e-10
862 4.181320e-10
863 4.175578e-10
864 4.169850e-10
865 4.164137e-10
866 4.158436e-10
867 4.152746e-10
868 4.147070e-10
869 4.141409e-10
870 4.135761e-10
871 4.130128e-10
872 4.124509e-10
873 4.118904e-10
874 4.113309e-10
875 4.107727e-10
876 4.102158e-10
877 4.096603e-10
878 4.091062e-10
879 4.085535e-10
880 4.080021e-10
881 4.074521e-10
882 4.069029e-10
883 4.063551e-10
884 4.058086e-10
885 4.052635e-10
886 4.047197e-10
887 4.041772e-10
888 4.036361e-10
889 4.030962e-10
890 4.025572e-10
891 4.020195e-10
892 4.014831e-10
893 4.009480e-10
894 4.004142e-10
895 3.998817e-10
896 3.993506e-10
897 3.988206e-10
898 3.982914e-10
899 3.977635e-10
900 3.972369e-10
901 3.967116e-10
902 3.961875e-10
903 3.956647e-10
904 3.951432e-10
905 3.946228e-10
906 3.941032e-10
907 3.935849e-10
908 3.930678e-10
909 3.925520e-10
910 3.920374e-10
911 3.915240e-10
912 3.910119e-10
913 3.905009e-10
914 3.899906e-10
915 3.894816e-10
916 3.889738e-10
917 3.884671e-10
918 3.879617e-10
919 3.874575e-10
920 3.869546e-10
921 3.864527e-10
922 3.859515e-10
923 3.854515e-10
924 3.849526e-10
925 3.844550e-10
926 3.839585e-10
927 3.834632e-10
928 3.829691e-10
929 3.824762e-10
930 3.819838e-10
931 3.814926e-10
932 3.810025e-10
933 3.805136e-10
934 3.800258e-10
935 3.795391e-10
936 3.790537e-10
937 3.785693e-10
938 3.780857e-10
939 3.776030e-10
940 3.771214e-10
941 3.766410e-10
942 3.761616e-10
943 3.756834e-10
944 3.752063e-10
945 3.747304e-10
946 3.742553e-10
947 3.737809e-10
948 3.733076e-10
949 3.728354e-10
950 3.723643e-10
951 3.718943e-10
952 3.714254e-10
953 3.709575e-10
954 3.704908e-10
955 3.700245e-10
956 3.695592e-10
957 3.690951e-10
958 3.686320e-10
959 3.681700e-10
960 3.677090e-10
961 3.672491e-10
962 3.667902e-10
963 3.663321e-10
964 3.658747e-10
965 3.654184e-10
966 3.649631e-10
967 3.645088e-10
968 3.640556e-10
969 3.636034e-10
970 3.631522e-10
971 3.627020e-10
972 3.622523e-10
973 3.618036e-10
974 3.613559e-10
975 3.609092e-10
976 3.604635e-10
977 3.600188e-10
978 3.595751e-10
979 3.591324e-10
980 3.586905e-10
981 3.582492e-10
982 3.578089e-10
983 3.573695e-10
984 3.569312e-10
985 3.564938e-10
986 3.560574e-10
987 3.556220e-10
988 3.551876e-10
989 3.547537e-10
990 3.543206e-10
991 3.538884e-10
992 3.534572e-10
993 3.530270e-10
994 3.525977e-10
995 3.521693e-10
996 3.517420e-10
997 3.513155e-10
998 3.508895e-10
999 3.504643e-10
1000 3.500401e-10
1001 3.496168e-10
1002 3.491944e-10
1003 3.487730e-10
1004 3.483525e-10
1005 3.479329e-10
1006 3.475143e-10
1007 3.470959e-10
1008 3.466785e-10
1009 3.462619e-10
1010 3.458463e-10
1011 3.454316e-10
1012 3.450178e-10
1013 3.446049e-10
1014 3.441929e-10
1015 3.437818e-10
1016 3.433710e-10
1017 3.429610e-10
1018 3.425520e-10
1019 3.421438e-10
1020 3.417366e-10
1021 3.413302e-10
1022 3.409247e-10
1023 3.405201e-10
1024 3.401163e-10
1025 3.397128e-10
1026 3.393102e-10
1027 3.389084e-10
1028 3.385075e-10
1029 3.381075e-10
1030 3.377083e-10
1031 3.373100e-10
1032 3.369126e-10
1033 3.365160e-10
1034 3.361196e-10
1035 3.357241e-10
1036 3.353294e-10
1037 3.349356e-10
1038 3.345426e-10
1039 3.341505e-10
1040 3.337591e-10
1041 3.333687e-10
1042 3.329790e-10
1043 3.325897e-10
1044 3.322011e-10
1045 3.318133e-10
1046 3.314264e-10
1047 3.310402e-10
1048 3.306549e-10
1049 3.302704e-10
1050 3.298867e-10
1051 3.295038e-10
1052 3.291214e-10
1053 3.287395e-10
1054 3.283584e-10
1055 3.279781e-10
1056 3.275987e-10
1057 3.272200e-10
1058 3.268421e-10
1059 3.264650e-10
1060 3.260887e-10
1061 3.257131e-10
1062 3.253377e-10
1063 3.249631e-10
1064 3.245894e-10
1065 3.242164e-10
1066 3.238441e-10
1067 3.234727e-10
1068 3.231020e-10
1069 3.227321e-10
1070 3.223630e-10
1071 3.219942e-10
1072 3.216260e-10
1073 3.212585e-10
1074 3.208918e-10
1075 3.205259e-10
1076 3.201607e-10
1077 3.197963e-10
1078 3.194326e-10
1079 3.190697e-10
1080 3.187074e-10
1081 3.183454e-10
1082 3.179841e-10
1083 3.176235e-10
1084 3.172637e-10
1085 3.169047e-10
1086 3.165463e-10
1087 3.161887e-10
1088 3.158319e-10
1089 3.154757e-10
1090 3.151200e-10
1091 3.147647e-10
1092 3.144101e-10
1093 3.140563e-10
1094 3.137032e-10
1095 3.133508e-10
1096 3.129991e-10
1097 3.126481e-10
1098 3.122979e-10
1099 3.119483e-10
1100 3.115990e-10
1101 3.112502e-10
1102 3.109022e-10
1103 3.105549e-10
1104 3.102083e-10
1105 3.098623e-10
1106 3.095171e-10
1107 3.091726e-10
1108 3.088288e-10
1109 3.084855e-10
1110 3.081425e-10
1111 3.078001e-10
1112 3.074585e-10
1113 3.071175e-10
1114 3.067772e-10
1115 3.064375e-10
1116 3.060986e-10
1117 3.057603e-10
1118 3.054228e-10
1119 3.050857e-10
1120 3.047488e-10
1121 3.044127e-10
1122 3.040772e-10
1123 3.037423e-10
1124 3.034082e-10
1125 3.030747e-10
1126 3.027418e-10
1127 3.024097e-10
1128 3.020781e-10
1129 3.017471e-10
1130 3.014163e-10
1131 3.010861e-10
1132 3.007566e-10
1133 3.004278e-10
1134 3.000996e-10
1135 2.997721e-10
1136 2.994452e-10
1137 2.991189e-10
1138 2.987933e-10
1139 2.984681e-10
1140 2.981432e-10
1141 2.978189e-10
1142 2.974952e-10
1143 2.971722e-10
1144 2.968498e-10
1145 2.965281e-10
1146 2.962070e-10
1147 2.958865e-10
1148 2.955666e-10
1149 2.952472e-10
1150 2.949280e-10
1151 2.946094e-10
1152 2.942914e-10
1153 2.939741e-10
1154 2.936573e-10
1155 2.933412e-10
1156 2.930257e-10
1157 2.927108e-10
1158 2.923965e-10
1159 2.920828e-10
1160 2.917692e-10
1161 2.914561e-10
1162 2.911437e-10
1163 2.908319e-10
1164 2.905206e-10
1165 2.902100e-10
1166 2.898999e-10
1167 2.895905e-10
1168 2.892816e-10
1169 2.889734e-10
1170 2.886653e-10
1171 2.883577e-10
1172 2.880506e-10
1173 2.877441e-10
1174 2.874382e-10
1175 2.871329e-10
1176 2.868282e-10
1177 2.865241e-10
1178 2.862205e-10
1179 2.859175e-10
1180 2.856149e-10
1181 2.853125e-10
1182 2.850107e-10
1183 2.847095e-10
1184 2.844088e-10
1185 2.841087e-10
1186 2.838091e-10
1187 2.835102e-10
1188 2.832117e-10
1189 2.829139e-10
1190 2.826166e-10
1191 2.823194e-10
1192 2.820227e-10
1193 2.817265e-10
1194 2.814309e-10
1195 2.811359e-10
1196 2.808414e-10
1197 2.805474e-10
1198 2.802541e-10
1199 2.799612e-10
1200 2.796689e-10
1201 2.793771e-10
1202 2.790853e-10
1203 2.787941e-10
1204 2.785034e-10
1205 2.782133e-10
1206 2.779237e-10
1207 2.776347e-10
1208 2.773462e-10
1209 2.770582e-10
1210 2.767708e-10
1211 2.764839e-10
1212 2.761972e-10
1213 2.759108e-10
1214 2.756250e-10
1215 2.753396e-10
1216 2.750549e-10
1217 2.747706e-10
1218 2.744869e-10
1219 2.742036e-10
1220 2.739210e-10
1221 2.736388e-10
1222 2.733571e-10
1223 2.730756e-10
1224 2.727944e-10
1225 2.725138e-10
1226 2.722336e-10
1227 2.719540e-10
1228 2.716749e-10
1229 2.713963e-10
1230 2.711183e-10
1231 2.708407e-10
1232 2.705637e-10
1233 2.702871e-10
1234 2.700105e-10
1235 2.697345e-10
1236 2.694589e-10
1237 2.691838e-10
1238 2.689092e-10
1239 2.686352e-10
1240 2.683616e-10
1241 2.680885e-10
1242 2.678159e-10
1243 2.675439e-10
1244 2.672723e-10
1245 2.670006e-10
1246 2.667295e-10
1247 2.664588e-10
1248 2.661887e-10
1249 2.659190e-10
1250 2.656498e-10
1251 2.653811e-10
1252 2.651129e-10
1253 2.648452e-10
1254 2.645780e-10
1255 2.643112e-10
1256 2.640444e-10
1257 2.637781e-10
1258 2.635122e-10
1259 2.632468e-10
1260 2.629819e-10
1261 2.627175e-10
1262 2.624535e-10
1263 2.621901e-10
1264 2.619271e-10
1265 2.616645e-10
1266 2.614025e-10
1267 2.611404e-10
1268 2.608788e-10
1269 2.606176e-10
1270 2.603568e-10
1271 2.600966e-10
1272 2.598368e-10
1273 2.595774e-10
1274 2.593186e-10
1275 2.590602e-10
1276 2.588022e-10
1277 2.585447e-10
1278 2.582874e-10
1279 2.580303e-10
1280 2.577736e-10
1281 2.575174e-10
1282 2.572616e-10
1283 2.570064e-10
1284 2.567515e-10
1285 2.564971e-10
1286 2.562432e-10
1287 2.559897e-10
1288 2.557366e-10
1289 2.554839e-10
1290 2.552312e-10
1291 2.549790e-10
1292 2.547272e-10
1293 2.544759e-10
1294 2.542250e-10
1295 2.539745e-10
1296 2.537245e-10
1297 2.534749e-10
1298 2.532257e-10
1299 2.529770e-10
1300 2.527287e-10
1301 2.524805e-10
1302 2.522325e-10
1303 2.519850e-10
1304 2.517380e-10
1305 2.514913e-10
1306 2.512451e-10
1307 2.509993e-10
1308 2.507540e-10
1309 2.505091e-10
1310 2.502646e-10
1311 2.500205e-10
1312 2.497767e-10
1313 2.495330e-10
1314 2.492897e-10
1315 2.490468e-10
1316 2.488043e-10
1317 2.485622e-10
1318 2.483206e-10
1319 2.480794e-10
1320 2.478386e-10
1321 2.475982e-10
1322 2.473582e-10
1323 2.471187e-10
1324 2.468792e-10
1325 2.466400e-10
1326 2.464011e-10
1327 2.461627e-10
1328 2.459247e-10
1329 2.456871e-10
1330 2.454499e-10
1331 2.452131e-10
1332 2.449767e-10
1333 2.447407e-10
1334 2.445052e-10
1335 2.442700e-10
1336 2.440348e-10
1337 2.437999e-10
1338 2.435655e-10
1339 2.433314e-10
1340 2.430977e-10
1341 2.428644e-10
1342 2.426316e-10
1343 2.423991e-10
1344 2.421670e-10
1345 2.419353e-10
1346 2.417040e-10
1347 2.414731e-10
1348 2.412421e-10
1349 2.410115e-10
1350 2.407813e-10
1351 2.405514e-10
1352 2.403220e-10
1353 2.400929e-10
1354 2.398642e-10
1355 2.396359e-10
1356 2.394080e-10
1357 2.391805e-10
1358 2.389534e-10
1359 2.387266e-10
1360 2.384997e-10
1361 2.382733e-10
1362 2.380471e-10
1363 2.378214e-10
1364 2.375961e-10
1365 2.373711e-10
1366 2.371465e-10
1367 2.369223e-10
1368 2.366984e-10
1369 2.364750e-10
1370 2.362519e-10
1371 2.360292e-10
1372 2.358064e-10
1373 2.355839e-10
1374 2.353618e-10
1375 2.351401e-10
1376 2.349188e-10
1377 2.346978e-10
1378 2.344772e-10
1379 2.342569e-10
1380 2.340370e-10
1381 2.338175e-10
1382 2.335983e-10
1383 2.333796e-10
1384 2.331608e-10
1385 2.329422e-10
1386 2.327240e-10
1387 2.325062e-10
1388 2.322888e-10
1389 2.320717e-10
1390 2.318549e-10
1391 2.316385e-10
1392 2.314225e-10
1393 2.312068e-10
1394 2.309915e-10
1395 2.307765e-10
1396 2.305617e-10
1397 2.303470e-10
1398 2.301326e-10
1399 2.299186e-10
1400 2.297049e-10
1401 2.294916e-10
1402 2.292786e-10
1403 2.290660e-10
1404 2.288537e-10
1405 2.286417e-10
1406 2.284302e-10
1407 2.282189e-10
1408 2.280080e-10
1409 2.277970e-10
1410 2.275863e-10
1411 2.273760e-10
1412 2.271660e-10
1413 2.269563e-10
1414 2.267470e-10
1415 2.265380e-10
1416 2.263294e-10
1417 2.261211e-10
1418 2.259132e-10
1419 2.257056e-10
1420 2.254983e-10
1421 2.252911e-10
1422 2.250840e-10
1423 2.248773e-10
1424 2.246709e-10
1425 2.244648e-10
1426 2.242591e-10
1427 2.240537e-10
1428 2.238486e-10
1429 2.236439e-10
1430 2.234395e-10
1431 2.232354e-10
1432 2.230316e-10
1433 2.228282e-10
1434 2.226247e-10
1435 2.224215e-10
1436 2.222186e-10
1437 2.220160e-10
1438 2.218137e-10
1439 2.216118e-10
1440 2.214102e-10
1441 2.212089e-10
1442 2.210080e-10
1443 2.208073e-10
1444 2.206070e-10
1445 2.204070e-10
1446 2.202073e-10
1447 2.200075e-10
1448 2.198080e-10
1449 2.196088e-10
1450 2.194099e-10
1451 2.192114e-10
1452 2.190131e-10
1453 2.188152e-10
1454 2.186176e-10
1455 2.184204e-10
1456 2.182234e-10
1457 2.180267e-10
1458 2.178304e-10
1459 2.176342e-10
1460 2.174380e-10
1461 2.172422e-10
1462 2.170466e-10
1463 2.168514e-10
1464 2.166564e-10
1465 2.164618e-10
1466 2.162675e-10
1467 2.160735e-10
1468 2.158798e-10
1469 2.156864e-10
1470 2.154933e-10
1471 2.153005e-10
1472 2.151078e-10
1473 2.149152e-10
1474 2.147229e-10
1475 2.145309e-10
1476 2.143391e-10
1477 2.141477e-10
1478 2.139566e-10
1479 2.137658e-10
1480 2.135752e-10
1481 2.133850e-10
1482 2.131951e-10
1483 2.130055e-10
1484 2.128161e-10
1485 2.126270e-10
1486 2.124378e-10
1487 2.122489e-10
1488 2.120603e-10
1489 2.118720e-10
1490 2.116840e-10
1491 2.114963e-10
1492 2.113088e-10
1493 2.111217e-10
1494 2.109349e-10
1495 2.107483e-10
1496 2.105621e-10
1497 2.103761e-10
1498 2.101904e-10
1499 2.100045e-10
1500 2.098190e-10
1501 2.096337e-10
1502 2.094488e-10
1503 2.092641e-10
1504 2.090797e-10
1505 2.088956e-10
1506 2.087118e-10
1507 2.085282e-10
1508 2.083450e-10
1509 2.081620e-10
1510 2.079793e-10
1511 2.077969e-10
1512 2.076144e-10
1513 2.074321e-10
1514 2.072501e-10
1515 2.070684e-10
1516 2.068869e-10
1517 2.067058e-10
1518 2.065249e-10
1519 2.063443e-10
1520 2.061639e-10
1521 2.059839e-10
1522 2.058041e-10
1523 2.056246e-10
1524 2.054454e-10
1525 2.052663e-10
1526 2.050871e-10
1527 2.049083e-10
1528 2.047297e-10
1529 2.045515e-10
1530 2.043734e-10
1531 2.041957e-10
1532 2.040182e-10
1533 2.038410e-10
1534 2.036641e-10
1535 2.034874e-10
1536 2.033110e-10
1537 2.031349e-10
1538 2.029590e-10
1539 2.027831e-10
1540 2.026073e-10
1541 2.024318e-10
1542 2.022566e-10
1543 2.020816e-10
1544 2.019070e-10
1545 2.017325e-10
1546 2.015584e-10
1547 2.013845e-10
1548 2.012108e-10
1549 2.010375e-10
1550 2.008643e-10
1551 2.006915e-10
1552 2.005188e-10
1553 2.003461e-10
1554 2.001736e-10
1555 2.000014e-10
1556 1.998294e-10
1557 1.996577e-10
1558 1.994862e-10
1559 1.993151e-10
1560 1.991441e-10
1561 1.989734e-10
1562 1.988030e-10
1563 1.986328e-10
1564 1.984629e-10
1565 1.982933e-10
1566 1.981237e-10
1567 1.979541e-10
1568 1.977848e-10
1569 1.976158e-10
1570 1.974470e-10
1571 1.972784e-10
1572 1.971101e-10
1573 1.969420e-10
1574 1.967742e-10
1575 1.966067e-10
1576 1.964394e-10
1577 1.962723e-10
1578 1.961055e-10
1579 1.959390e-10
1580 1.957725e-10
1581 1.956060e-10
1582 1.954398e-10
1583 1.952738e-10
1584 1.951081e-10
1585 1.949426e-10
1586 1.947773e-10
1587 1.946124e-10
1588 1.944476e-10
1589 1.942831e-10
1590 1.941188e-10
1591 1.939548e-10
1592 1.937910e-10
1593 1.936275e-10
1594 1.934640e-10
1595 1.933006e-10
1596 1.931373e-10
1597 1.929744e-10
1598 1.928116e-10
1599 1.926491e-10
1600 1.924869e-10
1601 1.923248e-10
1602 1.921631e-10
1603 1.920015e-10
1604 1.918402e-10
1605 1.916791e-10
1606 1.915183e-10
1607 1.913577e-10
1608 1.911972e-10
1609 1.910367e-10
1610 1.908764e-10
1611 1.907164e-10
1612 1.905565e-10
1613 1.903969e-10
1614 1.902376e-10
1615 1.900785e-10
1616 1.899196e-10
1617 1.897609e-10
1618 1.896025e-10
1619 1.894443e-10
1620 1.892863e-10
1621 1.891286e-10
1622 1.889710e-10
1623 1.888134e-10
1624 1.886559e-10
1625 1.884987e-10
1626 1.883417e-10
1627 1.881850e-10
1628 1.880284e-10
1629 1.878721e-10
1630 1.877161e-10
1631 1.875602e-10
1632 1.874046e-10
1633 1.872492e-10
1634 1.870940e-10
1635 1.869390e-10
1636 1.867843e-10
1637 1.866296e-10
1638 1.864749e-10
1639 1.863204e-10
1640 1.861662e-10
1641 1.860122e-10
1642 1.858584e-10
1643 1.857049e-10
1644 1.855515e-10
1645 1.853984e-10
1646 1.852455e-10
1647 1.850928e-10
1648 1.849404e-10
1649 1.847881e-10
1650 1.846361e-10
1651 1.844843e-10
1652 1.843323e-10
1653 1.841806e-10
1654 1.840290e-10
1655 1.838777e-10
1656 1.837266e-10
1657 1.835757e-10
1658 1.834250e-10
1659 1.832746e-10
1660 1.831243e-10
1661 1.829743e-10
1662 1.828245e-10
1663 1.826749e-10
1664 1.825255e-10
1665 1.823763e-10
1666 1.822272e-10
1667 1.820781e-10
1668 1.819292e-10
1669 1.817805e-10
1670 1.816320e-10
1671 1.814837e-10
1672 1.813356e-10
1673 1.811878e-10
1674 1.810401e-10
1675 1.808927e-10
1676 1.807454e-10
1677 1.805984e-10
1678 1.804516e-10
1679 1.803050e-10
1680 1.801586e-10
1681 1.800122e-10
1682 1.798658e-10
1683 1.797197e-10
1684 1.795737e-10
1685 1.794280e-10
1686 1.792824e-10
1687 1.791371e-10
1688 1.789920e-10
1689 1.788470e-10
1690 1.787023e-10
1691 1.785578e-10
1692 1.784135e-10
1693 1.782694e-10
1694 1.781254e-10
1695 1.779817e-10
1696 1.778380e-10
1697 1.776943e-10
1698 1.775509e-10
1699 1.774076e-10
1700 1.772645e-10
1701 1.771217e-10
1702 1.769790e-10
1703 1.768365e-10
1704 1.766942e-10
1705 1.765522e-10
1706 1.764103e-10
1707 1.762686e-10
1708 1.761271e-10
1709 1.759858e-10
1710 1.758447e-10
1711 1.757037e-10
1712 1.755626e-10
1713 1.754217e-10
1714 1.752811e-10
1715 1.751406e-10
1716 1.750003e-10
1717 1.748603e-10
1718 1.747204e-10
1719 1.745807e-10
1720 1.744412e-10
1721 1.743019e-10
1722 1.741628e-10
1723 1.740239e-10
1724 1.738851e-10
1725 1.737466e-10
1726 1.736081e-10
1727 1.734696e-10
1728 1.733313e-10
1729 1.731932e-10
1730 1.730553e-10
1731 1.729175e-10
1732 1.727800e-10
1733 1.726426e-10
1734 1.725054e-10
1735 1.723684e-10
1736 1.722316e-10
1737 1.720950e-10
1738 1.719586e-10
1739 1.718223e-10
1740 1.716863e-10
1741 1.715504e-10
1742 1.714144e-10
1743 1.712786e-10
1744 1.711429e-10
1745 1.710074e-10
1746 1.708722e-10
1747 1.707371e-10
1748 1.706022e-10
1749 1.704674e-10
1750 1.703329e-10
1751 1.701985e-10
1752 1.700643e-10
1753 1.699303e-10
1754 1.697965e-10
1755 1.696629e-10
1756 1.695294e-10
1757 1.693960e-10
1758 1.692625e-10
1759 1.691293e-10
1760 1.689962e-10
1761 1.688634e-10
1762 1.687307e-10
1763 1.685981e-10
1764 1.684658e-10
1765 1.683336e-10
1766 1.682016e-10
1767 1.680698e-10
1768 1.679382e-10
1769 1.678067e-10
1770 1.676755e-10
1771 1.675444e-10
1772 1.674134e-10
1773 1.672824e-10
1774 1.671515e-10
1775 1.670207e-10
1776 1.668902e-10
1777 1.667598e-10
1778 1.666296e-10
1779 1.664996e-10
1780 1.663698e-10
1781 1.662401e-10
1782 1.661106e-10
1783 1.659813e-10
1784 1.658521e-10
1785 1.657231e-10
1786 1.655943e-10
1787 1.654657e-10
1788 1.653371e-10
1789 1.652085e-10
1790 1.650801e-10
1791 1.649518e-10
1792 1.648237e-10
1793 1.646958e-10
1794 1.645680e-10
1795 1.644404e-10
1796 1.643130e-10
1797 1.641857e-10
1798 1.640587e-10
1799 1.639317e-10
1800 1.638050e-10
1801 1.636784e-10
1802 1.635520e-10
1803 1.634258e-10
1804 1.632996e-10
1805 1.631734e-10
1806 1.630473e-10
1807 1.629214e-10
1808 1.627957e-10
1809 1.626702e-10
1810 1.625448e-10
1811 1.624195e-10
1812 1.622945e-10
1813 1.621696e-10
1814 1.620449e-10
1815 1.619203e-10
1816 1.617959e-10
1817 1.616717e-10
1818 1.615476e-10
1819 1.614237e-10
1820 1.612998e-10
1821 1.611759e-10
1822 1.610522e-10
1823 1.609286e-10
1824 1.608052e-10
1825 1.606820e-10
1826 1.605589e-10
1827 1.604360e-10
1828 1.603132e-10
1829 1.601906e-10
1830 1.600682e-10
1831 1.599459e-10
1832 1.598238e-10
1833 1.597018e-10
1834 1.595800e-10
1835 1.594584e-10
1836 1.593369e-10
1837 1.592152e-10
1838 1.590938e-10
1839 1.589725e-10
1840 1.588513e-10
1841 1.587303e-10
1842 1.586095e-10
1843 1.584888e-10
1844 1.583683e-10
1845 1.582479e-10
1846 1.581277e-10
1847 1.580076e-10
1848 1.578877e-10
1849 1.577680e-10
1850 1.576484e-10
1851 1.575290e-10
1852 1.574097e-10
1853 1.572903e-10
1854 1.571711e-10
1855 1.570520e-10
1856 1.569330e-10
1857 1.568142e-10
1858 1.566955e-10
1859 1.565770e-10
1860 1.564587e-10
1861 1.563405e-10
1862 1.562225e-10
1863 1.561046e-10
1864 1.559868e-10
1865 1.558693e-10
1866 1.557518e-10
1867 1.556345e-10
1868 1.555174e-10
1869 1.554003e-10
1870 1.552832e-10
1871 1.551662e-10
1872 1.550494e-10
1873 1.549327e-10
1874 1.548162e-10
1875 1.546998e-10
1876 1.545836e-10
1877 1.544675e-10
1878 1.543516e-10
1879 1.542358e-10
1880 1.541202e-10
1881 1.540047e-10
1882 1.538894e-10
1883 1.537742e-10
1884 1.536592e-10
1885 1.535443e-10
1886 1.534293e-10
1887 1.533144e-10
1888 1.531997e-10
1889 1.530851e-10
1890 1.529706e-10
1891 1.528563e-10
1892 1.527422e-10
1893 1.526282e-10
1894 1.525143e-10
1895 1.524006e-10
1896 1.522870e-10
1897 1.521735e-10
1898 1.520603e-10
1899 1.519471e-10
1900 1.518341e-10
1901 1.517213e-10
1902 1.516085e-10
1903 1.514957e-10
1904 1.513830e-10
1905 1.512704e-10
1906 1.511580e-10
1907 1.510457e-10
1908 1.509335e-10
1909 1.508215e-10
1910 1.507097e-10
1911 1.505979e-10
1912 1.504864e-10
1913 1.503749e-10
1914 1.502636e-10
1915 1.501525e-10
1916 1.500414e-10
1917 1.499306e-10
1918 1.498198e-10
1919 1.497092e-10
1920 1.495984e-10
1921 1.494878e-10
1922 1.493774e-10
1923 1.492671e-10
1924 1.491569e-10
1925 1.490468e-10
1926 1.489369e-10
1927 1.488271e-10
1928 1.487175e-10
1929 1.486080e-10
1930 1.484987e-10
1931 1.483894e-10
1932 1.482804e-10
1933 1.481714e-10
1934 1.480626e-10
1935 1.479539e-10
1936 1.478454e-10
1937 1.477367e-10
1938 1.476281e-10
1939 1.475197e-10
1940 1.474115e-10
1941 1.473033e-10
1942 1.471953e-10
1943 1.470874e-10
1944 1.469797e-10
1945 1.468721e-10
1946 1.467646e-10
1947 1.466573e-10
1948 1.465501e-10
1949 1.464430e-10
1950 1.463361e-10
1951 1.462293e-10
1952 1.461226e-10
1953 1.460161e-10
1954 1.459095e-10
1955 1.458029e-10
1956 1.456965e-10
1957 1.455902e-10
1958 1.454841e-10
1959 1.453781e-10
1960 1.452722e-10
1961 1.451664e-10
1962 1.450608e-10
1963 1.449553e-10
1964 1.448500e-10
1965 1.447447e-10
1966 1.446396e-10
1967 1.445347e-10
1968 1.444298e-10
1969 1.443251e-10
1970 1.442205e-10
1971 1.441159e-10
1972 1.440113e-10
1973 1.439069e-10
1974 1.438025e-10
1975 1.436983e-10
1976 1.435942e-10
1977 1.434903e-10
1978 1.433865e-10
1979 1.432828e-10
1980 1.431792e-10
1981 1.430757e-10
1982 1.429724e-10
1983 1.428692e-10
1984 1.427662e-10
1985 1.426632e-10
1986 1.425604e-10
1987 1.424577e-10
1988 1.423552e-10
1989 1.422525e-10
1990 1.421499e-10
1991 1.420475e-10
1992 1.419451e-10
1993 1.418429e-10
1994 1.417409e-10
1995 1.416389e-10
1996 1.415371e-10
1997 1.414354e-10
1998 1.413338e-10
1999 1.412324e-10
2000 1.411311e-10
2001 1.410299e-10
2002 1.409288e-10
2003 1.408278e-10
2004 1.407270e-10
2005 1.406263e-10
2006 1.405256e-10
2007 1.404249e-10
2008 1.403243e-10
2009 1.402238e-10
2010 1.401234e-10
2011 1.400232e-10
2012 1.399231e-10
2013 1.398231e-10
2014 1.397232e-10
2015 1.396234e-10
2016 1.395238e-10
2017 1.394243e-10
2018 1.393249e-10
2019 1.392256e-10
2020 1.391265e-10
2021 1.390274e-10
2022 1.389285e-10
2023 1.388297e-10
2024 1.387309e-10
2025 1.386321e-10
2026 1.385334e-10
2027 1.384348e-10
2028 1.383364e-10
2029 1.382381e-10
2030 1.381398e-10
2031 1.380417e-10
2032 1.379438e-10
2033 1.378459e-10
2034 1.377481e-10
2035 1.376505e-10
2036 1.375530e-10
2037 1.374556e-10
2038 1.373583e-10
2039 1.372612e-10
2040 1.371641e-10
2041 1.370672e-10
2042 1.369702e-10
2043 1.368733e-10
2044 1.367765e-10
2045 1.366798e-10
2046 1.365832e-10
2047 1.364867e-10
2048 1.363903e-10
2049 1.362940e-10
2050 1.361979e-10
2051 1.361019e-10
2052 1.360060e-10
2053 1.359102e-10
2054 1.358145e-10
2055 1.357189e-10
2056 1.356235e-10
2057 1.355281e-10
2058 1.354329e-10
2059 1.353378e-10
2060 1.352427e-10
2061 1.351476e-10
2062 1.350525e-10
2063 1.349576e-10
2064 1.348628e-10
2065 1.347682e-10
2066 1.346736e-10
2067 1.345791e-10
2068 1.344848e-10
2069 1.343906e-10
2070 1.342964e-10
2071 1.342024e-10
2072 1.341085e-10
2073 1.340147e-10
2074 1.339211e-10
2075 1.338275e-10
2076 1.337340e-10
2077 1.336407e-10
2078 1.335474e-10
2079 1.334540e-10
2080 1.333608e-10
2081 1.332676e-10
2082 1.331746e-10
2083 1.330817e-10
2084 1.329889e-10
2085 1.328961e-10
2086 1.328035e-10
2087 1.327111e-10
2088 1.326187e-10
2089 1.325264e-10
2090 1.324342e-10
2091 1.323422e-10
2092 1.322502e-10
2093 1.321584e-10
2094 1.320666e-10
2095 1.319750e-10
2096 1.318835e-10
2097 1.317919e-10
2098 1.317004e-10
2099 1.316090e-10
2100 1.315176e-10
2101 1.314264e-10
2102 1.313353e-10
2103 1.312443e-10
2104 1.311534e-10
2105 1.310626e-10
2106 1.309719e-10
2107 1.308813e-10
2108 1.307908e-10
2109 1.307005e-10
2110 1.306102e-10
2111 1.305200e-10
2112 1.304300e-10
2113 1.303400e-10
2114 1.302502e-10
2115 1.301604e-10
2116 1.300705e-10
2117 1.299808e-10
2118 1.298911e-10
2119 1.298016e-10
2120 1.297121e-10
2121 1.296227e-10
2122 1.295335e-10
2123 1.294444e-10
2124 1.293553e-10
2125 1.292664e-10
2126 1.291775e-10
2127 1.290888e-10
2128 1.290002e-10
2129 1.289117e-10
2130 1.288232e-10
2131 1.287349e-10
2132 1.286467e-10
2133 1.285586e-10
2134 1.284705e-10
2135 1.283824e-10
2136 1.282943e-10
2137 1.282064e-10
2138 1.281185e-10
2139 1.280308e-10
2140 1.279432e-10
2141 1.278556e-10
2142 1.277682e-10
2143 1.276809e-10
2144 1.275936e-10
2145 1.275065e-10
2146 1.274195e-10
2147 1.273325e-10
2148 1.272457e-10
2149 1.271590e-10
2150 1.270723e-10
2151 1.269858e-10
2152 1.268994e-10
2153 1.268130e-10
2154 1.267265e-10
2155 1.266401e-10
2156 1.265539e-10
2157 1.264677e-10
2158 1.263816e-10
2159 1.262957e-10
2160 1.262098e-10
2161 1.261240e-10
2162 1.260383e-10
2163 1.259528e-10
2164 1.258673e-10
2165 1.257819e-10
2166 1.256966e-10
2167 1.256114e-10
2168 1.255264e-10
2169 1.254414e-10
2170 1.253565e-10
2171 1.252717e-10
2172 1.251869e-10
2173 1.251021e-10
2174 1.250174e-10
2175 1.249327e-10
2176 1.248482e-10
2177 1.247638e-10
2178 1.246794e-10
2179 1.245952e-10
2180 1.245110e-10
2181 1.244270e-10
2182 1.243430e-10
2183 1.242591e-10
2184 1.241754e-10
2185 1.240917e-10
2186 1.240081e-10
2187 1.239246e-10
2188 1.238412e-10
2189 1.237579e-10
2190 1.236747e-10
2191 1.235916e-10
2192 1.235084e-10
2193 1.234252e-10
2194 1.233422e-10
2195 1.232592e-10
2196 1.231764e-10
2197 1.230936e-10
2198 1.230109e-10
2199 1.229284e-10
2200 1.228459e-10
2201 1.227635e-10
2202 1.226812e-10
2203 1.225990e-10
2204 1.225169e-10
2205 1.224348e-10
2206 1.223529e-10
2207 1.222711e-10
2208 1.221893e-10
2209 1.221077e-10
2210 1.220261e-10
2211 1.219445e-10
2212 1.218629e-10
2213 1.217814e-10
2214 1.217000e-10
2215 1.216187e-10
2216 1.215375e-10
2217 1.214563e-10
2218 1.213753e-10
2219 1.212943e-10
2220 1.212135e-10
2221 1.211327e-10
2222 1.210520e-10
2223 1.209714e-10
2224 1.208909e-10
2225 1.208105e-10
2226 1.207302e-10
2227 1.206499e-10
2228 1.205698e-10
2229 1.204897e-10
2230 1.204098e-10
2231 1.203297e-10
2232 1.202497e-10
2233 1.201698e-10
2234 1.200900e-10
2235 1.200103e-10
2236 1.199306e-10
2237 1.198511e-10
2238 1.197716e-10
2239 1.196922e-10
2240 1.196129e-10
2241 1.195337e-10
2242 1.194546e-10
2243 1.193756e-10
2244 1.192967e-10
2245 1.192178e-10
2246 1.191390e-10
2247 1.190604e-10
2248 1.189818e-10
2249 1.189033e-10
2250 1.188248e-10
2251 1.187463e-10
2252 1.186679e-10
2253 1.185895e-10
2254 1.185112e-10
2255 1.184331e-10
2256 1.183550e-10
2257 1.182769e-10
2258 1.181990e-10
2259 1.181212e-10
2260 1.180434e-10
2261 1.179657e-10
2262 1.178881e-10
2263 1.178106e-10
2264 1.177332e-10
2265 1.176559e-10
2266 1.175787e-10
2267 1.175015e-10
2268 1.174244e-10
2269 1.173474e-10
2270 1.172705e-10
2271 1.171935e-10
2272 1.171166e-10
2273 1.170397e-10
2274 1.169629e-10
2275 1.168862e-10
2276 1.168096e-10
2277 1.167331e-10
2278 1.166567e-10
2279 1.165803e-10
2280 1.165041e-10
2281 1.164279e-10
2282 1.163518e-10
2283 1.162758e-10
2284 1.161998e-10
2285 1.161240e-10
2286 1.160482e-10
2287 1.159725e-10
2288 1.158969e-10
2289 1.158214e-10
2290 1.157460e-10
2291 1.156705e-10
2292 1.155950e-10
2293 1.155196e-10
2294 1.154443e-10
2295 1.153691e-10
2296 1.152939e-10
2297 1.152189e-10
2298 1.151439e-10
2299 1.150690e-10
2300 1.149942e-10
2301 1.149194e-10
2302 1.148448e-10
2303 1.147702e-10
2304 1.146957e-10
2305 1.146213e-10
2306 1.145470e-10
2307 1.144727e-10
2308 1.143985e-10
2309 1.143244e-10
2310 1.142504e-10
2311 1.141764e-10
2312 1.141024e-10
2313 1.140284e-10
2314 1.139545e-10
2315 1.138807e-10
2316 1.138070e-10
2317 1.137334e-10
2318 1.136598e-10
2319 1.135863e-10
2320 1.135129e-10
2321 1.134396e-10
2322 1.133663e-10
2323 1.132932e-10
2324 1.132201e-10
2325 1.131470e-10
2326 1.130741e-10
2327 1.130013e-10
2328 1.129285e-10
2329 1.128558e-10
2330 1.127832e-10
2331 1.127106e-10
2332 1.126380e-10
2333 1.125654e-10
2334 1.124929e-10
2335 1.124205e-10
2336 1.123481e-10
2337 1.122759e-10
2338 1.122037e-10
2339 1.121316e-10
2340 1.120596e-10
2341 1.119876e-10
2342 1.119157e-10
2343 1.118439e-10
2344 1.117722e-10
2345 1.117005e-10
2346 1.116290e-10
2347 1.115575e-10
2348 1.114861e-10
2349 1.114147e-10
2350 1.113434e-10
2351 1.112723e-10
2352 1.112011e-10
2353 1.111299e-10
2354 1.110587e-10
2355 1.109877e-10
2356 1.109167e-10
2357 1.108457e-10
2358 1.107749e-10
2359 1.107041e-10
2360 1.106334e-10
2361 1.105628e-10
2362 1.104923e-10
2363 1.104218e-10
2364 1.103514e-10
2365 1.102811e-10
2366 1.102108e-10
2367 1.101406e-10
2368 1.100706e-10
2369 1.100005e-10
2370 1.099306e-10
2371 1.098607e-10
2372 1.097909e-10
2373 1.097211e-10
2374 1.096513e-10
2375 1.095815e-10
2376 1.095118e-10
2377 1.094422e-10
2378 1.093727e-10
2379 1.093032e-10
2380 1.092338e-10
2381 1.091645e-10
2382 1.090953e-10
2383 1.090261e-10
2384 1.089570e-10
2385 1.088879e-10
2386 1.088190e-10
2387 1.087501e-10
2388 1.086813e-10
2389 1.086126e-10
2390 1.085439e-10
2391 1.084753e-10
2392 1.084068e-10
2393 1.083383e-10
2394 1.082699e-10
2395 1.082014e-10
2396 1.081330e-10
2397 1.080647e-10
2398 1.079964e-10
2399 1.079282e-10
2400 1.078601e-10
2401 1.077920e-10
2402 1.077240e-10
2403 1.076561e-10
2404 1.075883e-10
2405 1.075205e-10
2406 1.074528e-10
2407 1.073852e-10
2408 1.073176e-10
2409 1.072502e-10
2410 1.071827e-10
2411 1.071154e-10
2412 1.070481e-10
2413 1.069809e-10
2414 1.069138e-10
2415 1.068467e-10
2416 1.067795e-10
2417 1.067124e-10
2418 1.066454e-10
2419 1.065785e-10
2420 1.065116e-10
2421 1.064447e-10
2422 1.063780e-10
2423 1.063113e-10
2424 1.062447e-10
2425 1.061782e-10
2426 1.061117e-10
2427 1.060453e-10
2428 1.059789e-10
2429 1.059127e-10
2430 1.058465e-10
2431 1.057804e-10
2432 1.057143e-10
2433 1.056483e-10
2434 1.055824e-10
2435 1.055165e-10
2436 1.054507e-10
2437 1.053849e-10
2438 1.053191e-10
2439 1.052533e-10
2440 1.051877e-10
2441 1.051220e-10
2442 1.050565e-10
2443 1.049910e-10
2444 1.049256e-10
2445 1.048603e-10
2446 1.047950e-10
2447 1.047298e-10
2448 1.046646e-10
2449 1.045995e-10
2450 1.045345e-10
2451 1.044696e-10
2452 1.044047e-10
2453 1.043399e-10
2454 1.042752e-10
2455 1.042105e-10
2456 1.041459e-10
2457 1.040813e-10
2458 1.040168e-10
2459 1.039523e-10
2460 1.038878e-10
2461 1.038233e-10
2462 1.037589e-10
2463 1.036946e-10
2464 1.036304e-10
2465 1.035662e-10
2466 1.035021e-10
2467 1.034380e-10
2468 1.033740e-10
2469 1.033101e-10
2470 1.032463e-10
2471 1.031825e-10
2472 1.031188e-10
2473 1.030551e-10
2474 1.029915e-10
2475 1.029280e-10
2476 1.028645e-10
2477 1.028011e-10
2478 1.027378e-10
2479 1.026745e-10
2480 1.026113e-10
2481 1.025480e-10
2482 1.024848e-10
2483 1.024216e-10
2484 1.023585e-10
2485 1.022954e-10
2486 1.022325e-10
2487 1.021695e-10
2488 1.021067e-10
2489 1.020439e-10
2490 1.019812e-10
2491 1.019185e-10
2492 1.018559e-10
2493 1.017934e-10
2494 1.017309e-10
2495 1.016685e-10
2496 1.016061e-10
2497 1.015439e-10
2498 1.014816e-10
2499 1.014195e-10
2500 1.013574e-10
2501 1.012954e-10
2502 1.012334e-10
2503 1.011713e-10
2504 1.011093e-10
2505 1.010474e-10
2506 1.009855e-10
2507 1.009237e-10
2508 1.008620e-10
2509 1.008003e-10
2510 1.007386e-10
2511 1.006771e-10
2512 1.006156e-10
2513 1.005541e-10
2514 1.004928e-10
2515 1.004314e-10
2516 1.003702e-10
2517 1.003090e-10
2518 1.002479e-10
2519 1.001868e-10
2520 1.001258e-10
2521 1.000648e-10
2522 1.000039e-10
2523 9.994313e-11
2524 9.988236e-11
2525 9.982154e-11
2526 9.976074e-11
2527 9.970001e-11
2528 9.963933e-11
2529 9.957872e-11
2530 9.951816e-11
2531 9.945767e-11
2532 9.939724e-11
2533 9.933687e-11
2534 9.927656e-11
2535 9.921631e-11
2536 9.915612e-11
2537 9.909599e-11
2538 9.903592e-11
2539 9.897591e-11
2540 9.891596e-11
2541 9.885607e-11
2542 9.879624e-11
2543 9.873646e-11
2544 9.867675e-11
2545 9.861710e-11
2546 9.855751e-11
2547 9.849793e-11
2548 9.843830e-11
2549 9.837873e-11
2550 9.831923e-11
2551 9.825978e-11
2552 9.820039e-11
2553 9.814106e-11
2554 9.808179e-11
2555 9.802258e-11
2556 9.796343e-11
2557 9.790433e-11
2558 9.784530e-11
2559 9.778632e-11
2560 9.772740e-11
2561 9.766854e-11
2562 9.760974e-11
2563 9.755100e-11
2564 9.749232e-11
2565 9.743369e-11
2566 9.737512e-11
2567 9.731661e-11
2568 9.725816e-11
2569 9.719977e-11
2570 9.714132e-11
2571 9.708290e-11
2572 9.702453e-11
2573 9.696621e-11
2574 9.690796e-11
2575 9.684976e-11
2576 9.679162e-11
2577 9.673354e-11
2578 9.667551e-11
2579 9.661754e-11
2580 9.655963e-11
2581 9.650178e-11
2582 9.644398e-11
2583 9.638625e-11
2584 9.632856e-11
2585 9.627094e-11
2586 9.621337e-11
2587 9.615586e-11
2588 9.609840e-11
2589 9.604100e-11
2590 9.598366e-11
2591 9.592637e-11
2592 9.586914e-11
2593 9.581184e-11
2594 9.575457e-11
2595 9.569737e-11
2596 9.564021e-11
2597 9.558312e-11
2598 9.552608e-11
2599 9.546910e-11
2600 9.541217e-11
2601 9.535530e-11
2602 9.529848e-11
2603 9.524172e-11
2604 9.518502e-11
2605 9.512837e-11
2606 9.507177e-11
2607 9.501523e-11
2608 9.495875e-11
2609 9.490232e-11
2610 9.484595e-11
2611 9.478963e-11
2612 9.473337e-11
2613 9.467716e-11
2614 9.462101e-11
2615 9.456491e-11
2616 9.450874e-11
2617 9.445261e-11
2618 9.439653e-11
2619 9.434051e-11
2620 9.428454e-11
2621 9.422863e-11
2622 9.417277e-11
2623 9.411696e-11
2624 9.406121e-11
2625 9.400552e-11
2626 9.394988e-11
2627 9.389429e-11
2628 9.383875e-11
2629 9.378327e-11
2630 9.372785e-11
2631 9.367248e-11
2632 9.361716e-11
2633 9.356189e-11
2634 9.350668e-11
2635 9.345152e-11
2636 9.339642e-11
2637 9.334137e-11
2638 9.328637e-11
2639 9.323134e-11
2640 9.317631e-11
2641 9.312133e-11
2642 9.306640e-11
2643 9.301153e-11
2644 9.295671e-11
2645 9.290195e-11
2646 9.284724e-11
2647 9.279258e-11
2648 9.273797e-11
2649 9.268341e-11
2650 9.262891e-11
2651 9.257446e-11
2652 9.252007e-11
2653 9.246572e-11
2654 9.241143e-11
2655 9.235719e-11
2656 9.230300e-11
2657 9.224887e-11
2658 9.219479e-11
2659 9.214076e-11
2660 9.208678e-11
2661 9.203285e-11
2662 9.197895e-11
2663 9.192499e-11
2664 9.187108e-11
2665 9.181722e-11
2666 9.176342e-11
2667 9.170966e-11
2668 9.165596e-11
2669 9.160231e-11
2670 9.154871e-11
2671 9.149516e-11
2672 9.144167e-11
2673 9.138822e-11
2674 9.133483e-11
2675 9.128149e-11
2676 9.122820e-11
2677 9.117495e-11
2678 9.112176e-11
2679 9.106863e-11
2680 9.101554e-11
2681 9.096250e-11
2682 9.090951e-11
2683 9.085658e-11
2684 9.080369e-11
2685 9.075086e-11
2686 9.069800e-11
2687 9.064513e-11
2688 9.059232e-11
2689 9.053955e-11
2690 9.048683e-11
2691 9.043416e-11
2692 9.038155e-11
2693 9.032898e-11
2694 9.027646e-11
2695 9.022400e-11
2696 9.017158e-11
2697 9.011921e-11
2698 9.006690e-11
2699 9.001463e-11
2700 8.996241e-11
2701 8.991024e-11
2702 8.985812e-11
2703 8.980606e-11
2704 8.975404e-11
2705 8.970207e-11
2706 8.965014e-11
2707 8.959827e-11
2708 8.954645e-11
2709 8.949468e-11
2710 8.944286e-11
2711 8.939106e-11
2712 8.933930e-11
2713 8.928759e-11
2714 8.923593e-11
2715 8.918432e-11
2716 8.913276e-11
2717 8.908124e-11
2718 8.902978e-11
2719 8.897836e-11
2720 8.892700e-11
2721 8.887568e-11
2722 8.882441e-11
2723 8.877318e-11
2724 8.872201e-11
2725 8.867088e-11
2726 8.861981e-11
2727 8.856878e-11
2728 8.851780e-11
2729 8.846686e-11
2730 8.841598e-11
2731 8.836514e-11
2732 8.831435e-11
2733 8.826361e-11
2734 8.821284e-11
2735 8.816206e-11
2736 8.811134e-11
2737 8.806066e-11
2738 8.801003e-11
2739 8.795944e-11
2740 8.790890e-11
2741 8.785842e-11
2742 8.780797e-11
2743 8.775758e-11
2744 8.770723e-11
2745 8.765693e-11
2746 8.760668e-11
2747 8.755647e-11
2748 8.750631e-11
2749 8.745620e-11
2750 8.740614e-11
2751 8.735612e-11
2752 8.730615e-11
2753 8.725622e-11
2754 8.720635e-11
2755 8.715651e-11
2756 8.710673e-11
2757 8.705699e-11
2758 8.700726e-11
2759 8.695749e-11
2760 8.690776e-11
2761 8.685809e-11
2762 8.680845e-11
2763 8.675887e-11
2764 8.670933e-11
2765 8.665983e-11
2766 8.661039e-11
2767 8.656099e-11
2768 8.651163e-11
2769 8.646232e-11
2770 8.641306e-11
2771 8.636384e-11
2772 8.631467e-11
2773 8.626554e-11
2774 8.621646e-11
2775 8.616743e-11
2776 8.611844e-11
2777 8.606950e-11
2778 8.602060e-11
2779 8.597174e-11
2780 8.592294e-11
2781 8.587417e-11
2782 8.582546e-11
2783 8.577668e-11
2784 8.572793e-11
2785 8.567923e-11
2786 8.563057e-11
2787 8.558195e-11
2788 8.553339e-11
2789 8.548486e-11
2790 8.543638e-11
2791 8.538795e-11
2792 8.533956e-11
2793 8.529121e-11
2794 8.524291e-11
2795 8.519465e-11
2796 8.514644e-11
2797 8.509828e-11
2798 8.505015e-11
2799 8.500207e-11
2800 8.495404e-11
2801 8.490605e-11
2802 8.485811e-11
2803 8.481020e-11
2804 8.476235e-11
2805 8.471453e-11
2806 8.466677e-11
2807 8.461903e-11
2808 8.457123e-11
2809 8.452347e-11
2810 8.447576e-11
2811 8.442809e-11
2812 8.438046e-11
2813 8.433288e-11
2814 8.428534e-11
2815 8.423784e-11
2816 8.419039e-11
2817 8.414299e-11
2818 8.409562e-11
2819 8.404830e-11
2820 8.400102e-11
2821 8.395379e-11
2822 8.390660e-11
2823 8.385945e-11
2824 8.381235e-11
2825 8.376529e-11
2826 8.371827e-11
2827 8.367129e-11
2828 8.362436e-11
2829 8.357747e-11
2830 8.353062e-11
2831 8.348382e-11
2832 8.343704e-11
2833 8.339021e-11
2834 8.334341e-11
2835 8.329666e-11
2836 8.324995e-11
2837 8.320329e-11
2838 8.315667e-11
2839 8.311009e-11
2840 8.306355e-11
2841 8.301705e-11
2842 8.297060e-11
2843 8.292419e-11
2844 8.287782e-11
2845 8.283150e-11
2846 8.278521e-11
2847 8.273897e-11
2848 8.269277e-11
2849 8.264661e-11
2850 8.260050e-11
2851 8.255442e-11
2852 8.250839e-11
2853 8.246240e-11
2854 8.241645e-11
2855 8.237055e-11
2856 8.232468e-11
2857 8.227886e-11
2858 8.223296e-11
2859 8.218711e-11
2860 8.214129e-11
2861 8.209552e-11
2862 8.204979e-11
2863 8.200410e-11
2864 8.195845e-11
2865 8.191284e-11
2866 8.186728e-11
2867 8.182175e-11
2868 8.177627e-11
2869 8.173083e-11
2870 8.168543e-11
2871 8.164007e-11
2872 8.159475e-11
2873 8.154947e-11
2874 8.150423e-11
2875 8.145904e-11
2876 8.141388e-11
2877 8.136877e-11
2878 8.132369e-11
2879 8.127866e-11
2880 8.123366e-11
2881 8.118871e-11
2882 8.114380e-11
2883 8.109886e-11
2884 8.105391e-11
2885 8.100901e-11
2886 8.096415e-11
2887 8.091933e-11
2888 8.087454e-11
2889 8.082980e-11
2890 8.078510e-11
2891 8.074044e-11
2892 8.069582e-11
2893 8.065123e-11
2894 8.060669e-11
2895 8.056219e-11
2896 8.051773e-11
2897 8.047331e-11
2898 8.042893e-11
2899 8.038458e-11
2900 8.034028e-11
2901 8.029602e-11
2902 8.025179e-11
2903 8.020761e-11
2904 8.016347e-11
2905 8.011936e-11
2906 8.007530e-11
2907 8.003127e-11
2908 7.998728e-11
2909 7.994323e-11
2910 7.989921e-11
2911 7.985523e-11
2912 7.981129e-11
2913 7.976739e-11
2914 7.972353e-11
2915 7.967971e-11
2916 7.963593e-11
2917 7.959218e-11
2918 7.954848e-11
2919 7.950481e-11
2920 7.946119e-11
2921 7.941760e-11
2922 7.937405e-11
2923 7.933054e-11
2924 7.928707e-11
2925 7.924363e-11
2926 7.920024e-11
2927 7.915688e-11
2928 7.911357e-11
2929 7.907029e-11
2930 7.902705e-11
2931 7.898385e-11
2932 7.894068e-11
2933 7.889756e-11
2934 7.885445e-11
2935 7.881130e-11
2936 7.876818e-11
2937 7.872510e-11
2938 7.868206e-11
2939 7.863905e-11
2940 7.859609e-11
2941 7.855316e-11
2942 7.851027e-11
2943 7.846742e-11
2944 7.842461e-11
2945 7.838183e-11
2946 7.833909e-11
2947 7.829639e-11
2948 7.825373e-11
2949 7.821111e-11
2950 7.816852e-11
2951 7.812597e-11
2952 7.808346e-11
2953 7.804099e-11
2954 7.799855e-11
2955 7.795615e-11
2956 7.791379e-11
2957 7.787146e-11
2958 7.782918e-11
2959 7.778693e-11
2960 7.774470e-11
2961 7.770242e-11
2962 7.766018e-11
2963 7.761797e-11
2964 7.757580e-11
2965 7.753367e-11
2966 7.749157e-11
2967 7.744952e-11
2968 7.740750e-11
2969 7.736551e-11
2970 7.732356e-11
2971 7.728165e-11
2972 7.723978e-11
2973 7.719794e-11
2974 7.715614e-11
2975 7.711438e-11
2976 7.707265e-11
2977 7.703096e-11
2978 7.698931e-11
2979 7.694769e-11
2980 7.690611e-11
2981 7.686457e-11
2982 7.682306e-11
2983 7.678159e-11
2984 7.674015e-11
2985 7.669875e-11
2986 7.665739e-11
2987 7.661598e-11
2988 7.657459e-11
2989 7.653323e-11
2990 7.649191e-11
2991 7.645062e-11
2992 7.640937e-11
2993 7.636816e-11
2994 7.632698e-11
2995 7.628584e-11
2996 7.624474e-11
2997 7.620367e-11
2998 7.616263e-11
2999 7.612164e-11
3000 7.608067e-11
3001 7.603975e-11
3002 7.599886e-11
3003 7.595800e-11
3004 7.591718e-11
3005 7.587640e-11
3006 7.583565e-11
3007 7.579494e-11
3008 7.575426e-11
3009 7.571362e-11
3010 7.567301e-11
3011 7.563244e-11
3012 7.559190e-11
3013 7.555137e-11
3014 7.551080e-11
3015 7.547027e-11
3016 7.542978e-11
3017 7.538931e-11
3018 7.534889e-11
3019 7.530850e-11
3020 7.526814e-11
3021 7.522782e-11
3022 7.518753e-11
3023 7.514728e-11
3024 7.510706e-11
3025 7.506688e-11
3026 7.502674e-11
3027 7.498662e-11
3028 7.494655e-11
3029 7.490650e-11
3030 7.486649e-11
3031 7.482652e-11
3032 7.478658e-11
3033 7.474668e-11
3034 7.470681e-11
3035 7.466697e-11
3036 7.462717e-11
3037 7.458740e-11
3038 7.454767e-11
3039 7.450797e-11
3040 7.446825e-11
3041 7.442852e-11
3042 7.438883e-11
3043 7.434917e-11
3044 7.430954e-11
3045 7.426995e-11
3046 7.423039e-11
3047 7.419087e-11
3048 7.415138e-11
3049 7.411192e-11
3050 7.407250e-11
3051 7.403311e-11
3052 7.399376e-11
3053 7.395444e-11
3054 7.391515e-11
3055 7.387590e-11
3056 7.383668e-11
3057 7.379749e-11
3058 7.375834e-11
3059 7.371922e-11
3060 7.368014e-11
3061 7.364108e-11
3062 7.360207e-11
3063 7.356308e-11
3064 7.352413e-11
3065 7.348521e-11
3066 7.344633e-11
3067 7.340743e-11
3068 7.336851e-11
3069 7.332963e-11
3070 7.329078e-11
3071 7.325197e-11
3072 7.321319e-11
3073 7.317444e-11
3074 7.313572e-11
3075 7.309704e-11
3076 7.305839e-11
3077 7.301978e-11
3078 7.298119e-11
3079 7.294264e-11
3080 7.290413e-11
3081 7.286564e-11
3082 7.282719e-11
3083 7.278877e-11
3084 7.275038e-11
3085 7.271203e-11
3086 7.267371e-11
3087 7.263542e-11
3088 7.259717e-11
3089 7.255894e-11
3090 7.252075e-11
3091 7.248259e-11
3092 7.244447e-11
3093 7.240637e-11
3094 7.236829e-11
3095 7.233016e-11
3096 7.229207e-11
3097 7.225402e-11
3098 7.221599e-11
3099 7.217800e-11
3100 7.214004e-11
3101 7.210211e-11
3102 7.206421e-11
3103 7.202634e-11
3104 7.198851e-11
3105 7.195071e-11
3106 7.191294e-11
3107 7.187521e-11
3108 7.183750e-11
3109 7.179983e-11
3110 7.176219e-11
3111 7.172458e-11
3112 7.168700e-11
3113 7.164945e-11
3114 7.161194e-11
3115 7.157446e-11
3116 7.153701e-11
3117 7.149959e-11
3118 7.146220e-11
3119 7.142484e-11
3120 7.138752e-11
3121 7.135023e-11
3122 7.131289e-11
3123 7.127557e-11
3124 7.123828e-11
3125 7.120102e-11
3126 7.116380e-11
3127 7.112660e-11
3128 7.108943e-11
3129 7.105230e-11
3130 7.101520e-11
3131 7.097813e-11
3132 7.094109e-11
3133 7.090408e-11
3134 7.086710e-11
3135 7.083015e-11
3136 7.079324e-11
3137 7.075635e-11
3138 7.071950e-11
3139 7.068268e-11
3140 7.064589e-11
3141 7.060912e-11
3142 7.057239e-11
3143 7.053570e-11
3144 7.049903e-11
3145 7.046239e-11
3146 7.042578e-11
3147 7.038921e-11
3148 7.035266e-11
3149 7.031614e-11
3150 7.027957e-11
3151 7.024302e-11
3152 7.020651e-11
3153 7.017003e-11
3154 7.013357e-11
3155 7.009715e-11
3156 7.006076e-11
3157 7.002440e-11
3158 6.998807e-11
3159 6.995177e-11
3160 6.991550e-11
3161 6.987926e-11
3162 6.984305e-11
3163 6.980687e-11
3164 6.977072e-11
3165 6.973460e-11
3166 6.969851e-11
3167 6.966245e-11
3168 6.962643e-11
3169 6.959043e-11
3170 6.955446e-11
3171 6.951852e-11
3172 6.948261e-11
3173 6.944673e-11
3174 6.941088e-11
3175 6.937506e-11
3176 6.933927e-11
3177 6.930351e-11
3178 6.926769e-11
3179 6.923190e-11
3180 6.919614e-11
3181 6.916041e-11
3182 6.912472e-11
3183 6.908905e-11
3184 6.905341e-11
3185 6.901780e-11
3186 6.898222e-11
3187 6.894666e-11
3188 6.891114e-11
3189 6.887565e-11
3190 6.884019e-11
3191 6.880475e-11
3192 6.876935e-11
3193 6.873397e-11
3194 6.869863e-11
3195 6.866331e-11
3196 6.862803e-11
3197 6.859277e-11
3198 6.855754e-11
3199 6.852234e-11
3200 6.848717e-11
3201 6.845203e-11
3202 6.841691e-11
3203 6.838183e-11
3204 6.834678e-11
3205 6.831175e-11
3206 6.827668e-11
3207 6.824163e-11
3208 6.820660e-11
3209 6.817161e-11
3210 6.813664e-11
3211 6.810170e-11
3212 6.806679e-11
3213 6.803191e-11
3214 6.799706e-11
3215 6.796224e-11
3216 6.792744e-11
3217 6.789268e-11
3218 6.785794e-11
3219 6.782323e-11
3220 6.778855e-11
3221 6.775390e-11
3222 6.771927e-11
3223 6.768468e-11
3224 6.765011e-11
3225 6.761557e-11
3226 6.758106e-11
3227 6.754658e-11
3228 6.751213e-11
3229 6.747770e-11
3230 6.744331e-11
3231 6.740894e-11
3232 6.737460e-11
3233 6.734029e-11
3234 6.730597e-11
3235 6.727163e-11
3236 6.723732e-11
3237 6.720304e-11
3238 6.716878e-11
3239 6.713455e-11
3240 6.710035e-11
3241 6.706618e-11
3242 6.703204e-11
3243 6.699792e-11
3244 6.696384e-11
3245 6.692978e-11
3246 6.689574e-11
3247 6.686174e-11
3248 6.682776e-11
3249 6.679381e-11
3250 6.675989e-11
3251 6.672600e-11
3252 6.669213e-11
3253 6.665829e-11
3254 6.662448e-11
3255 6.659070e-11
3256 6.655694e-11
3257 6.652322e-11
3258 6.648952e-11
3259 6.645584e-11
3260 6.642220e-11
3261 6.638858e-11
3262 6.635499e-11
3263 6.632137e-11
3264 6.628775e-11
3265 6.625416e-11
3266 6.622060e-11
3267 6.618706e-11
3268 6.615355e-11
3269 6.612007e-11
3270 6.608661e-11
3271 6.605319e-11
3272 6.601979e-11
3273 6.598641e-11
3274 6.595307e-11
3275 6.591975e-11
3276 6.588645e-11
3277 6.585319e-11
3278 6.581995e-11
3279 6.578674e-11
3280 6.575355e-11
3281 6.572040e-11
3282 6.568726e-11
3283 6.565416e-11
3284 6.562108e-11
3285 6.558803e-11
3286 6.555501e-11
3287 6.552201e-11
3288 6.548904e-11
3289 6.545609e-11
3290 6.542318e-11
3291 6.539029e-11
3292 6.535737e-11
3293 6.532445e-11
3294 6.529156e-11
3295 6.525870e-11
3296 6.522586e-11
3297 6.519305e-11
3298 6.516026e-11
3299 6.512750e-11
3300 6.509477e-11
3301 6.506206e-11
3302 6.502938e-11
3303 6.499673e-11
3304 6.496410e-11
3305 6.493150e-11
3306 6.489893e-11
3307 6.486638e-11
3308 6.483386e-11
3309 6.480136e-11
3310 6.476889e-11
3311 6.473645e-11
3312 6.470403e-11
3313 6.467164e-11
3314 6.463927e-11
3315 6.460693e-11
3316 6.457462e-11
3317 6.454233e-11
3318 6.451007e-11
3319 6.447783e-11
3320 6.444562e-11
3321 6.441340e-11
3322 6.438117e-11
3323 6.434896e-11
3324 6.431677e-11
3325 6.428461e-11
3326 6.425248e-11
3327 6.422037e-11
3328 6.418829e-11
3329 6.415623e-11
3330 6.412420e-11
3331 6.409219e-11
3332 6.406021e-11
3333 6.402826e-11
3334 6.399633e-11
3335 6.396443e-11
3336 6.393255e-11
3337 6.390070e-11
3338 6.386887e-11
3339 6.383707e-11
3340 6.380529e-11
3341 6.377354e-11
3342 6.374182e-11
3343 6.371012e-11
3344 6.367844e-11
3345 6.364679e-11
3346 6.361517e-11
3347 6.358357e-11
3348 6.355199e-11
3349 6.352044e-11
3350 6.348892e-11
3351 6.345735e-11
3352 6.342580e-11
3353 6.339428e-11
3354 6.336278e-11
3355 6.333130e-11
3356 6.329985e-11
3357 6.326843e-11
3358 6.323703e-11
3359 6.320565e-11
3360 6.317430e-11
3361 6.314298e-11
3362 6.311167e-11
3363 6.308040e-11
3364 6.304915e-11
3365 6.301792e-11
3366 6.298672e-11
3367 6.295554e-11
3368 6.292439e-11
3369 6.289327e-11
3370 6.286216e-11
3371 6.283108e-11
3372 6.280003e-11
3373 6.276900e-11
3374 6.273800e-11
3375 6.270702e-11
3376 6.267606e-11
3377 6.264513e-11
3378 6.261422e-11
3379 6.258334e-11
3380 6.255247e-11
3381 6.252157e-11
3382 6.249068e-11
3383 6.245982e-11
3384 6.242899e-11
3385 6.239818e-11
3386 6.236739e-11
3387 6.233663e-11
3388 6.230590e-11
3389 6.227518e-11
3390 6.224449e-11
3391 6.221383e-11
3392 6.218319e-11
3393 6.215257e-11
3394 6.212198e-11
3395 6.209141e-11
3396 6.206087e-11
3397 6.203035e-11
3398 6.199985e-11
3399 6.196938e-11
3400 6.193893e-11
3401 6.190850e-11
3402 6.187810e-11
3403 6.184773e-11
3404 6.181737e-11
3405 6.178705e-11
3406 6.175674e-11
3407 6.172646e-11
3408 6.169620e-11
3409 6.166597e-11
3410 6.163575e-11
3411 6.160549e-11
3412 6.157525e-11
3413 6.154504e-11
3414 6.151485e-11
3415 6.148469e-11
3416 6.145455e-11
3417 6.142443e-11
3418 6.139434e-11
3419 6.136427e-11
3420 6.133422e-11
3421 6.130420e-11
3422 6.127420e-11
3423 6.124422e-11
3424 6.121427e-11
3425 6.118434e-11
3426 6.115443e-11
3427 6.112455e-11
3428 6.109469e-11
3429 6.106485e-11
3430 6.103504e-11
3431 6.100525e-11
3432 6.097548e-11
3433 6.094574e-11
3434 6.091602e-11
3435 6.088632e-11
3436 6.085665e-11
3437 6.082700e-11
3438 6.079737e-11
3439 6.076777e-11
3440 6.073819e-11
3441 6.070857e-11
3442 6.067896e-11
3443 6.064938e-11
3444 6.061982e-11
3445 6.059028e-11
3446 6.056077e-11
3447 6.053128e-11
3448 6.050181e-11
3449 6.047236e-11
3450 6.044294e-11
3451 6.041354e-11
3452 6.038416e-11
3453 6.035481e-11
3454 6.032548e-11
3455 6.029617e-11
3456 6.026688e-11
3457 6.023762e-11
3458 6.020838e-11
3459 6.017916e-11
3460 6.014997e-11
3461 6.012079e-11
3462 6.009164e-11
3463 6.006252e-11
3464 6.003341e-11
3465 6.000433e-11
3466 5.997527e-11
3467 5.994623e-11
3468 5.991721e-11
3469 5.988822e-11
3470 5.985925e-11
3471 5.983029e-11
3472 5.980129e-11
3473 5.977232e-11
3474 5.974337e-11
3475 5.971444e-11
3476 5.968554e-11
3477 5.965665e-11
3478 5.962779e-11
3479 5.959895e-11
3480 5.957014e-11
3481 5.954134e-11
3482 5.951257e-11
3483 5.948382e-11
3484 5.945509e-11
3485 5.942639e-11
3486 5.939771e-11
3487 5.936904e-11
3488 5.934040e-11
3489 5.931179e-11
3490 5.928319e-11
3491 5.925462e-11
3492 5.922607e-11
3493 5.919754e-11
3494 5.916903e-11
3495 5.914055e-11
3496 5.911208e-11
3497 5.908364e-11
3498 5.905522e-11
3499 5.902682e-11
3500 5.899844e-11
3501 5.897009e-11
3502 5.894173e-11
3503 5.891335e-11
3504 5.888499e-11
3505 5.885666e-11
3506 5.882834e-11
3507 5.880005e-11
3508 5.877178e-11
3509 5.874353e-11
3510 5.871531e-11
3511 5.868710e-11
3512 5.865892e-11
3513 5.863076e-11
3514 5.860262e-11
3515 5.857450e-11
3516 5.854640e-11
3517 5.851832e-11
3518 5.849027e-11
3519 5.846224e-11
3520 5.843422e-11
3521 5.840623e-11
3522 5.837826e-11
3523 5.835032e-11
3524 5.832239e-11
3525 5.829448e-11
3526 5.826660e-11
3527 5.823874e-11
3528 5.821090e-11
3529 5.818308e-11
3530 5.815528e-11
3531 5.812750e-11
3532 5.809974e-11
3533 5.807199e-11
3534 5.804421e-11
3535 5.801645e-11
3536 5.798871e-11
3537 5.796099e-11
3538 5.793330e-11
3539 5.790562e-11
3540 5.787797e-11
3541 5.785034e-11
3542 5.782272e-11
3543 5.779513e-11
3544 5.776756e-11
3545 5.774001e-11
3546 5.771249e-11
3547 5.768498e-11
3548 5.765749e-11
3549 5.763003e-11
3550 5.760258e-11
3551 5.757516e-11
3552 5.754776e-11
3553 5.752037e-11
3554 5.749301e-11
3555 5.746567e-11
3556 5.743835e-11
3557 5.741105e-11
3558 5.738377e-11
3559 5.735651e-11
3560 5.732928e-11
3561 5.730206e-11
3562 5.727486e-11
3563 5.724769e-11
3564 5.722053e-11
3565 5.719334e-11
3566 5.716616e-11
3567 5.713900e-11
3568 5.711186e-11
3569 5.708475e-11
3570 5.705765e-11
3571 5.703058e-11
3572 5.700352e-11
3573 5.697648e-11
3574 5.694947e-11
3575 5.692248e-11
3576 5.689550e-11
3577 5.686855e-11
3578 5.684161e-11
3579 5.681470e-11
3580 5.678781e-11
3581 5.676094e-11
3582 5.673408e-11
3583 5.670725e-11
3584 5.668044e-11
3585 5.665365e-11
3586 5.662688e-11
3587 5.660012e-11
3588 5.657339e-11
3589 5.654668e-11
3590 5.651999e-11
3591 5.649332e-11
3592 5.646667e-11
3593 5.644003e-11
3594 5.641342e-11
3595 5.638683e-11
3596 5.636024e-11
3597 5.633363e-11
3598 5.630703e-11
3599 5.628046e-11
3600 5.625391e-11
3601 5.622737e-11
3602 5.620086e-11
3603 5.617436e-11
3604 5.614789e-11
3605 5.612143e-11
3606 5.609500e-11
3607 5.606858e-11
3608 5.604219e-11
3609 5.601581e-11
3610 5.598945e-11
3611 5.596312e-11
3612 5.593680e-11
3613 5.591050e-11
3614 5.588423e-11
3615 5.585797e-11
3616 5.583173e-11
3617 5.580551e-11
3618 5.577931e-11
3619 5.575313e-11
3620 5.572697e-11
3621 5.570083e-11
3622 5.567471e-11
3623 5.564861e-11
3624 5.562252e-11
3625 5.559646e-11
3626 5.557042e-11
3627 5.554439e-11
3628 5.551837e-11
3629 5.549232e-11
3630 5.546630e-11
3631 5.544029e-11
3632 5.541430e-11
3633 5.538833e-11
3634 5.536238e-11
3635 5.533645e-11
3636 5.531054e-11
3637 5.528465e-11
3638 5.525878e-11
3639 5.523292e-11
3640 5.520709e-11
3641 5.518127e-11
3642 5.515548e-11
3643 5.512970e-11
3644 5.510394e-11
3645 5.507821e-11
3646 5.505249e-11
3647 5.502679e-11
3648 5.500110e-11
3649 5.497544e-11
3650 5.494980e-11
3651 5.492417e-11
3652 5.489857e-11
3653 5.487298e-11
3654 5.484742e-11
3655 5.482187e-11
3656 5.479634e-11
3657 5.477083e-11
3658 5.474533e-11
3659 5.471986e-11
3660 5.469440e-11
3661 5.466891e-11
3662 5.464343e-11
3663 5.461797e-11
3664 5.459253e-11
3665 5.456712e-11
3666 5.454171e-11
3667 5.451633e-11
3668 5.449097e-11
3669 5.446562e-11
3670 5.444030e-11
3671 5.441499e-11
3672 5.438970e-11
3673 5.436443e-11
3674 5.433918e-11
3675 5.431395e-11
3676 5.428873e-11
3677 5.426354e-11
3678 5.423836e-11
3679 5.421320e-11
3680 5.418806e-11
3681 5.416294e-11
3682 5.413784e-11
3683 5.411275e-11
3684 5.408768e-11
3685 5.406264e-11
3686 5.403761e-11
3687 5.401260e-11
3688 5.398760e-11
3689 5.396263e-11
3690 5.393767e-11
3691 5.391273e-11
3692 5.388781e-11
3693 5.386288e-11
3694 5.383794e-11
3695 5.381302e-11
3696 5.378811e-11
3697 5.376323e-11
3698 5.373836e-11
3699 5.371351e-11
3700 5.368868e-11
3701 5.366386e-11
3702 5.363907e-11
3703 5.361429e-11
3704 5.358953e-11
3705 5.356479e-11
3706 5.354007e-11
3707 5.351536e-11
3708 5.349068e-11
3709 5.346601e-11
3710 5.344136e-11
3711 5.341673e-11
3712 5.339211e-11
3713 5.336751e-11
3714 5.334294e-11
3715 5.331838e-11
3716 5.329383e-11
3717 5.326931e-11
3718 5.324480e-11
3719 5.322031e-11
3720 5.319584e-11
3721 5.317139e-11
3722 5.314695e-11
3723 5.312253e-11
3724 5.309813e-11
3725 5.307375e-11
3726 5.304934e-11
3727 5.302494e-11
3728 5.300055e-11
3729 5.297619e-11
3730 5.295184e-11
3731 5.292750e-11
3732 5.290319e-11
3733 5.287889e-11
3734 5.285461e-11
3735 5.283035e-11
3736 5.280611e-11
3737 5.278188e-11
3738 5.275767e-11
3739 5.273348e-11
3740 5.270931e-11
3741 5.268515e-11
3742 5.266101e-11
3743 5.263689e-11
3744 5.261279e-11
3745 5.258870e-11
3746 5.256463e-11
3747 5.254058e-11
3748 5.251655e-11
3749 5.249253e-11
3750 5.246853e-11
3751 5.244455e-11
3752 5.242059e-11
3753 5.239664e-11
3754 5.237271e-11
3755 5.234880e-11
3756 5.232490e-11
3757 5.230102e-11
3758 5.227716e-11
3759 5.225328e-11
3760 5.222940e-11
3761 5.220554e-11
3762 5.218169e-11
3763 5.215786e-11
3764 5.213405e-11
3765 5.211025e-11
3766 5.208648e-11
3767 5.206272e-11
3768 5.203897e-11
3769 5.201525e-11
3770 5.199154e-11
3771 5.196784e-11
3772 5.194417e-11
3773 5.192051e-11
3774 5.189687e-11
3775 5.187324e-11
3776 5.184964e-11
3777 5.182605e-11
3778 5.180247e-11
3779 5.177892e-11
3780 5.175538e-11
3781 5.173186e-11
3782 5.170835e-11
3783 5.168486e-11
3784 5.166139e-11
3785 5.163794e-11
3786 5.161450e-11
3787 5.159108e-11
3788 5.156767e-11
3789 5.154428e-11
3790 5.152091e-11
3791 5.149756e-11
3792 5.147421e-11
3793 5.145083e-11
3794 5.142748e-11
3795 5.140414e-11
3796 5.138081e-11
3797 5.135750e-11
3798 5.133421e-11
3799 5.131094e-11
3800 5.128768e-11
3801 5.126444e-11
3802 5.124122e-11
3803 5.121801e-11
3804 5.119482e-11
3805 5.117165e-11
3806 5.114849e-11
3807 5.112535e-11
3808 5.110222e-11
3809 5.107912e-11
3810 5.105602e-11
3811 5.103295e-11
3812 5.100989e-11
3813 5.098685e-11
3814 5.096382e-11
3815 5.094081e-11
3816 5.091782e-11
3817 5.089485e-11
3818 5.087189e-11
3819 5.084894e-11
3820 5.082602e-11
3821 5.080310e-11
3822 5.078021e-11
3823 5.075733e-11
3824 5.073447e-11
3825 5.071162e-11
3826 5.068876e-11
3827 5.066590e-11
3828 5.064305e-11
3829 5.062022e-11
3830 5.059740e-11
3831 5.057460e-11
3832 5.055182e-11
3833 5.052905e-11
3834 5.050630e-11
3835 5.048356e-11
3836 5.046084e-11
3837 5.043814e-11
3838 5.041545e-11
3839 5.039278e-11
3840 5.037012e-11
3841 5.034748e-11
3842 5.032486e-11
3843 5.030226e-11
3844 5.027966e-11
3845 5.025709e-11
3846 5.023453e-11
3847 5.021199e-11
3848 5.018946e-11
3849 5.016695e-11
3850 5.014446e-11
3851 5.012198e-11
3852 5.009951e-11
3853 5.007707e-11
3854 5.005463e-11
3855 5.003222e-11
3856 5.000982e-11
3857 4.998744e-11
3858 4.996507e-11
3859 4.994272e-11
3860 4.992035e-11
3861 4.989798e-11
3862 4.987562e-11
3863 4.985328e-11
3864 4.983096e-11
3865 4.980865e-11
3866 4.978636e-11
3867 4.976408e-11
3868 4.974182e-11
3869 4.971957e-11
3870 4.969734e-11
3871 4.967513e-11
3872 4.965293e-11
3873 4.963075e-11
3874 4.960858e-11
3875 4.958643e-11
3876 4.956429e-11
3877 4.954217e-11
3878 4.952007e-11
3879 4.949798e-11
3880 4.947591e-11
3881 4.945385e-11
3882 4.943180e-11
3883 4.940978e-11
3884 4.938777e-11
3885 4.936577e-11
3886 4.934379e-11
3887 4.932182e-11
3888 4.929987e-11
3889 4.927794e-11
3890 4.925602e-11
3891 4.923412e-11
3892 4.921223e-11
3893 4.919035e-11
3894 4.916848e-11
3895 4.914659e-11
3896 4.912471e-11
3897 4.910285e-11
3898 4.908101e-11
3899 4.905917e-11
3900 4.903736e-11
3901 4.901556e-11
3902 4.899377e-11
3903 4.897201e-11
3904 4.895025e-11
3905 4.892851e-11
3906 4.890679e-11
3907 4.888508e-11
3908 4.886339e-11
3909 4.884171e-11
3910 4.882004e-11
3911 4.879840e-11
3912 4.877676e-11
3913 4.875515e-11
3914 4.873354e-11
3915 4.871196e-11
3916 4.869038e-11
3917 4.866883e-11
3918 4.864728e-11
3919 4.862576e-11
3920 4.860424e-11
3921 4.858275e-11
3922 4.856126e-11
3923 4.853980e-11
3924 4.851834e-11
3925 4.849691e-11
3926 4.847548e-11
3927 4.845408e-11
3928 4.843268e-11
3929 4.841127e-11
3930 4.838986e-11
3931 4.836846e-11
3932 4.834708e-11
3933 4.832571e-11
3934 4.830436e-11
3935 4.828303e-11
3936 4.826170e-11
3937 4.824040e-11
3938 4.821910e-11
3939 4.819783e-11
3940 4.817656e-11
3941 4.815531e-11
3942 4.813408e-11
3943 4.811286e-11
3944 4.809166e-11
3945 4.807047e-11
3946 4.804929e-11
3947 4.802814e-11
3948 4.800699e-11
3949 4.798586e-11
3950 4.796474e-11
3951 4.794364e-11
3952 4.792256e-11
3953 4.790148e-11
3954 4.788043e-11
3955 4.785938e-11
3956 4.783836e-11
3957 4.781734e-11
3958 4.779634e-11
3959 4.777536e-11
3960 4.775439e-11
3961 4.773343e-11
3962 4.771249e-11
3963 4.769156e-11
3964 4.767061e-11
3965 4.764967e-11
3966 4.762874e-11
3967 4.760782e-11
3968 4.758692e-11
3969 4.756603e-11
3970 4.754516e-11
3971 4.752430e-11
3972 4.750346e-11
3973 4.748263e-11
3974 4.746181e-11
3975 4.744101e-11
3976 4.742023e-11
3977 4.739945e-11
3978 4.737870e-11
3979 4.735795e-11
3980 4.733722e-11
3981 4.731651e-11
3982 4.729581e-11
3983 4.727512e-11
3984 4.725445e-11
3985 4.723379e-11
3986 4.721315e-11
3987 4.719252e-11
3988 4.717190e-11
3989 4.715130e-11
3990 4.713071e-11
3991 4.711014e-11
3992 4.708958e-11
3993 4.706904e-11
3994 4.704851e-11
3995 4.702799e-11
3996 4.700749e-11
3997 4.698700e-11
3998 4.696653e-11
3999 4.694604e-11
4000 4.692555e-11
4001 4.690507e-11
4002 4.688460e-11
4003 4.686415e-11
4004 4.684372e-11
4005 4.682330e-11
4006 4.680289e-11
4007 4.678249e-11
4008 4.676211e-11
4009 4.674175e-11
4010 4.672140e-11
4011 4.670106e-11
4012 4.668073e-11
4013 4.666042e-11
4014 4.664013e-11
4015 4.661984e-11
4016 4.659957e-11
4017 4.657932e-11
4018 4.655908e-11
4019 4.653885e-11
4020 4.651864e-11
4021 4.649844e-11
4022 4.647825e-11
4023 4.645808e-11
4024 4.643792e-11
4025 4.641778e-11
4026 4.639765e-11
4027 4.637753e-11
4028 4.635743e-11
4029 4.633734e-11
4030 4.631726e-11
4031 4.629720e-11
4032 4.627715e-11
4033 4.625712e-11
4034 4.623709e-11
4035 4.621704e-11
4036 4.619700e-11
4037 4.617697e-11
4038 4.615696e-11
4039 4.613696e-11
4040 4.611698e-11
4041 4.609701e-11
4042 4.607705e-11
4043 4.605711e-11
4044 4.603718e-11
4045 4.601726e-11
4046 4.599736e-11
4047 4.597747e-11
4048 4.595759e-11
4049 4.593773e-11
4050 4.591788e-11
4051 4.589805e-11
4052 4.587822e-11
4053 4.585842e-11
4054 4.583862e-11
4055 4.581884e-11
4056 4.579907e-11
4057 4.577932e-11
4058 4.575957e-11
4059 4.573985e-11
4060 4.572013e-11
4061 4.570043e-11
4062 4.568074e-11
4063 4.566107e-11
4064 4.564141e-11
4065 4.562176e-11
4066 4.560212e-11
4067 4.558250e-11
4068 4.556289e-11
4069 4.554330e-11
4070 4.552371e-11
4071 4.550409e-11
4072 4.548449e-11
4073 4.546491e-11
4074 4.544534e-11
4075 4.542578e-11
4076 4.540623e-11
4077 4.538670e-11
4078 4.536718e-11
4079 4.534767e-11
4080 4.532818e-11
4081 4.530870e-11
4082 4.528923e-11
4083 4.526978e-11
4084 4.525034e-11
4085 4.523091e-11
4086 4.521149e-11
4087 4.519209e-11
4088 4.517270e-11
4089 4.515333e-11
4090 4.513397e-11
4091 4.511462e-11
4092 4.509528e-11
4093 4.507596e-11
4094 4.505665e-11
4095 4.503735e-11
4096 4.501806e-11
4097 4.499879e-11
4098 4.497953e-11
4099 4.496029e-11
4100 4.494106e-11
4101 4.492184e-11
4102 4.490263e-11
4103 4.488344e-11
4104 4.486426e-11
4105 4.484509e-11
4106 4.482593e-11
4107 4.480674e-11
4108 4.478757e-11
4109 4.476841e-11
4110 4.474927e-11
4111 4.473013e-11
4112 4.471101e-11
4113 4.469190e-11
4114 4.467281e-11
4115 4.465373e-11
4116 4.463466e-11
4117 4.461560e-11
4118 4.459656e-11
4119 4.457752e-11
4120 4.455851e-11
4121 4.453950e-11
4122 4.452051e-11
4123 4.450153e-11
4124 4.448256e-11
4125 4.446360e-11
4126 4.444466e-11
4127 4.442573e-11
4128 4.440682e-11
4129 4.438791e-11
4130 4.436902e-11
4131 4.435014e-11
4132 4.433127e-11
4133 4.431242e-11
4134 4.429358e-11
4135 4.427475e-11
4136 4.425593e-11
4137 4.423713e-11
4138 4.421834e-11
4139 4.419956e-11
4140 4.418079e-11
4141 4.416204e-11
4142 4.414330e-11
4143 4.412455e-11
4144 4.410579e-11
4145 4.408704e-11
4146 4.406831e-11
4147 4.404959e-11
4148 4.403088e-11
4149 4.401219e-11
4150 4.399350e-11
4151 4.397483e-11
4152 4.395617e-11
4153 4.393753e-11
4154 4.391890e-11
4155 4.390028e-11
4156 4.388167e-11
4157 4.386307e-11
4158 4.384449e-11
4159 4.382592e-11
4160 4.380736e-11
4161 4.378881e-11
4162 4.377028e-11
4163 4.375175e-11
4164 4.373324e-11
4165 4.371475e-11
4166 4.369626e-11
4167 4.367779e-11
4168 4.365933e-11
4169 4.364088e-11
4170 4.362244e-11
4171 4.360402e-11
4172 4.358561e-11
4173 4.356721e-11
4174 4.354882e-11
4175 4.353044e-11
4176 4.351208e-11
4177 4.349373e-11
4178 4.347539e-11
4179 4.345706e-11
4180 4.343871e-11
4181 4.342037e-11
4182 4.340204e-11
4183 4.338372e-11
4184 4.336541e-11
4185 4.334712e-11
4186 4.332884e-11
4187 4.331057e-11
4188 4.329231e-11
4189 4.327406e-11
4190 4.325583e-11
4191 4.323761e-11
4192 4.321940e-11
4193 4.320120e-11
4194 4.318301e-11
4195 4.316484e-11
4196 4.314667e-11
4197 4.312852e-11
4198 4.311039e-11
4199 4.309226e-11
4200 4.307414e-11
4201 4.305604e-11
4202 4.303795e-11
4203 4.301987e-11
4204 4.300181e-11
4205 4.298375e-11
4206 4.296571e-11
4207 4.294768e-11
4208 4.292966e-11
4209 4.291165e-11
4210 4.289365e-11
4211 4.287567e-11
4212 4.285770e-11
4213 4.283974e-11
4214 4.282179e-11
4215 4.280385e-11
4216 4.278593e-11
4217 4.276799e-11
4218 4.275005e-11
4219 4.273212e-11
4220 4.271420e-11
4221 4.269630e-11
4222 4.267840e-11
4223 4.266052e-11
4224 4.264265e-11
4225 4.262479e-11
4226 4.260694e-11
4227 4.258911e-11
4228 4.257129e-11
4229 4.255347e-11
4230 4.253567e-11
4231 4.251788e-11
4232 4.250011e-11
4233 4.248234e-11
4234 4.246459e-11
4235 4.244685e-11
4236 4.242912e-11
4237 4.241140e-11
4238 4.239369e-11
4239 4.237600e-11
4240 4.235831e-11
4241 4.234064e-11
4242 4.232298e-11
4243 4.230533e-11
4244 4.228769e-11
4245 4.227006e-11
4246 4.225245e-11
4247 4.223484e-11
4248 4.221725e-11
4249 4.219967e-11
4250 4.218210e-11
4251 4.216455e-11
4252 4.214700e-11
4253 4.212946e-11
4254 4.211193e-11
4255 4.209438e-11
4256 4.207684e-11
4257 4.205932e-11
4258 4.204180e-11
4259 4.202430e-11
4260 4.200680e-11
4261 4.198932e-11
4262 4.197185e-11
4263 4.195439e-11
4264 4.193694e-11
4265 4.191951e-11
4266 4.190208e-11
4267 4.188467e-11
4268 4.186727e-11
4269 4.184988e-11
4270 4.183250e-11
4271 4.181513e-11
4272 4.179777e-11
4273 4.178042e-11
4274 4.176309e-11
4275 4.174577e-11
4276 4.172845e-11
4277 4.171115e-11
4278 4.169386e-11
4279 4.167658e-11
4280 4.165932e-11
4281 4.164206e-11
4282 4.162482e-11
4283 4.160758e-11
4284 4.159036e-11
4285 4.157315e-11
4286 4.155595e-11
4287 4.153876e-11
4288 4.152158e-11
4289 4.150441e-11
4290 4.148726e-11
4291 4.147011e-11
4292 4.145296e-11
4293 4.143580e-11
4294 4.141865e-11
4295 4.140151e-11
4296 4.138439e-11
4297 4.136727e-11
4298 4.135017e-11
4299 4.133307e-11
4300 4.131599e-11
4301 4.129892e-11
4302 4.128186e-11
4303 4.126481e-11
4304 4.124777e-11
4305 4.123074e-11
4306 4.121373e-11
4307 4.119672e-11
4308 4.117973e-11
4309 4.116274e-11
4310 4.114577e-11
4311 4.112881e-11
4312 4.111186e-11
4313 4.109492e-11
4314 4.107799e-11
4315 4.106107e-11
4316 4.104416e-11
4317 4.102727e-11
4318 4.101038e-11
4319 4.099351e-11
4320 4.097664e-11
4321 4.095979e-11
4322 4.094295e-11
4323 4.092612e-11
4324 4.090930e-11
4325 4.089249e-11
4326 4.087569e-11
4327 4.085890e-11
4328 4.084212e-11
4329 4.082536e-11
4330 4.080859e-11
4331 4.079181e-11
4332 4.077504e-11
4333 4.075828e-11
4334 4.074153e-11
4335 4.072479e-11
4336 4.070806e-11
4337 4.069135e-11
4338 4.067464e-11
4339 4.065794e-11
4340 4.064126e-11
4341 4.062459e-11
4342 4.060792e-11
4343 4.059127e-11
4344 4.057463e-11
4345 4.055800e-11
4346 4.054138e-11
4347 4.052477e-11
4348 4.050817e-11
4349 4.049158e-11
4350 4.047500e-11
4351 4.045843e-11
4352 4.044187e-11
4353 4.042533e-11
4354 4.040879e-11
4355 4.039227e-11
4356 4.037575e-11
4357 4.035925e-11
4358 4.034275e-11
4359 4.032627e-11
4360 4.030980e-11
4361 4.029333e-11
4362 4.027688e-11
4363 4.026044e-11
4364 4.024401e-11
4365 4.022759e-11
4366 4.021118e-11
4367 4.019478e-11
4368 4.017839e-11
4369 4.016198e-11
4370 4.014558e-11
4371 4.012919e-11
4372 4.011281e-11
4373 4.009643e-11
4374 4.008007e-11
4375 4.006372e-11
4376 4.004738e-11
4377 4.003105e-11
4378 4.001473e-11
4379 3.999842e-11
4380 3.998212e-11
4381 3.996583e-11
4382 3.994955e-11
4383 3.993328e-11
4384 3.991703e-11
4385 3.990078e-11
4386 3.988454e-11
4387 3.986831e-11
4388 3.985210e-11
4389 3.983589e-11
4390 3.981970e-11
4391 3.980351e-11
4392 3.978733e-11
4393 3.977117e-11
4394 3.975501e-11
4395 3.973887e-11
4396 3.972273e-11
4397 3.970661e-11
4398 3.969050e-11
4399 3.967439e-11
4400 3.965830e-11
4401 3.964221e-11
4402 3.962614e-11
4403 3.961008e-11
4404 3.959402e-11
4405 3.957798e-11
4406 3.956195e-11
4407 3.954592e-11
4408 3.952988e-11
4409 3.951384e-11
4410 3.949781e-11
4411 3.948180e-11
4412 3.946579e-11
4413 3.944979e-11
4414 3.943381e-11
4415 3.941783e-11
4416 3.940187e-11
4417 3.938591e-11
4418 3.936996e-11
4419 3.935403e-11
4420 3.933810e-11
4421 3.932219e-11
4422 3.930628e-11
4423 3.929039e-11
4424 3.927450e-11
4425 3.925862e-11
4426 3.924276e-11
4427 3.922690e-11
4428 3.921106e-11
4429 3.919522e-11
4430 3.917940e-11
4431 3.916358e-11
4432 3.914777e-11
4433 3.913198e-11
4434 3.911619e-11
4435 3.910042e-11
4436 3.908465e-11
4437 3.906889e-11
4438 3.905315e-11
4439 3.903741e-11
4440 3.902169e-11
4441 3.900597e-11
4442 3.899026e-11
4443 3.897456e-11
4444 3.895888e-11
4445 3.894320e-11
4446 3.892753e-11
4447 3.891185e-11
4448 3.889617e-11
4449 3.888049e-11
4450 3.886483e-11
4451 3.884918e-11
4452 3.883354e-11
4453 3.881791e-11
4454 3.880228e-11
4455 3.878667e-11
4456 3.877107e-11
4457 3.875548e-11
4458 3.873989e-11
4459 3.872432e-11
4460 3.870876e-11
4461 3.869320e-11
4462 3.867766e-11
4463 3.866212e-11
4464 3.864660e-11
4465 3.863108e-11
4466 3.861558e-11
4467 3.860008e-11
4468 3.858460e-11
4469 3.856912e-11
4470 3.855365e-11
4471 3.853820e-11
4472 3.852275e-11
4473 3.850731e-11
4474 3.849188e-11
4475 3.847647e-11
4476 3.846106e-11
4477 3.844566e-11
4478 3.843027e-11
4479 3.841489e-11
4480 3.839952e-11
4481 3.838416e-11
4482 3.836881e-11
4483 3.835346e-11
4484 3.833813e-11
4485 3.832281e-11
4486 3.830749e-11
4487 3.829215e-11
4488 3.827682e-11
4489 3.826151e-11
4490 3.824620e-11
4491 3.823090e-11
4492 3.821561e-11
4493 3.820033e-11
4494 3.818506e-11
4495 3.816980e-11
4496 3.815455e-11
4497 3.813931e-11
4498 3.812408e-11
4499 3.810886e-11
4500 3.809365e-11
4501 3.807844e-11
4502 3.806325e-11
4503 3.804807e-11
4504 3.803289e-11
4505 3.801773e-11
4506 3.800257e-11
4507 3.798742e-11
4508 3.797229e-11
4509 3.795716e-11
4510 3.794204e-11
4511 3.792693e-11
4512 3.791183e-11
4513 3.789674e-11
4514 3.788166e-11
4515 3.786659e-11
4516 3.785153e-11
4517 3.783647e-11
4518 3.782143e-11
4519 3.780640e-11
4520 3.779137e-11
4521 3.777636e-11
4522 3.776135e-11
4523 3.774635e-11
4524 3.773136e-11
4525 3.771639e-11
4526 3.770140e-11
4527 3.768641e-11
4528 3.767143e-11
4529 3.765645e-11
4530 3.764149e-11
4531 3.762653e-11
4532 3.761159e-11
4533 3.759665e-11
4534 3.758172e-11
4535 3.756681e-11
4536 3.755190e-11
4537 3.753700e-11
4538 3.752211e-11
4539 3.750723e-11
4540 3.749236e-11
4541 3.747749e-11
4542 3.746264e-11
4543 3.744779e-11
4544 3.743296e-11
4545 3.741813e-11
4546 3.740332e-11
4547 3.738851e-11
4548 3.737371e-11
4549 3.735892e-11
4550 3.734414e-11
4551 3.732937e-11
4552 3.731461e-11
4553 3.729985e-11
4554 3.728511e-11
4555 3.727037e-11
4556 3.725565e-11
4557 3.724093e-11
4558 3.722622e-11
4559 3.721152e-11
4560 3.719683e-11
4561 3.718215e-11
4562 3.716748e-11
4563 3.715282e-11
4564 3.713816e-11
4565 3.712352e-11
4566 3.710887e-11
4567 3.709422e-11
4568 3.707957e-11
4569 3.706493e-11
4570 3.705030e-11
4571 3.703567e-11
4572 3.702106e-11
4573 3.700646e-11
4574 3.699186e-11
4575 3.697728e-11
4576 3.696270e-11
4577 3.694813e-11
4578 3.693357e-11
4579 3.691902e-11
4580 3.690448e-11
4581 3.688995e-11
4582 3.687542e-11
4583 3.686091e-11
4584 3.684640e-11
4585 3.683191e-11
4586 3.681742e-11
4587 3.680294e-11
4588 3.678847e-11
4589 3.677401e-11
4590 3.675955e-11
4591 3.674511e-11
4592 3.673067e-11
4593 3.671625e-11
4594 3.670183e-11
4595 3.668742e-11
4596 3.667302e-11
4597 3.665863e-11
4598 3.664425e-11
4599 3.662988e-11
4600 3.661551e-11
4601 3.660115e-11
4602 3.658681e-11
4603 3.657247e-11
4604 3.655814e-11
4605 3.654382e-11
4606 3.652951e-11
4607 3.651518e-11
4608 3.650085e-11
4609 3.648654e-11
4610 3.647223e-11
4611 3.645793e-11
4612 3.644364e-11
4613 3.642936e-11
4614 3.641509e-11
4615 3.640082e-11
4616 3.638657e-11
4617 3.637232e-11
4618 3.635808e-11
4619 3.634385e-11
4620 3.632963e-11
4621 3.631542e-11
4622 3.630122e-11
4623 3.628702e-11
4624 3.627284e-11
4625 3.625866e-11
4626 3.624449e-11
4627 3.623033e-11
4628 3.621618e-11
4629 3.620203e-11
4630 3.618790e-11
4631 3.617377e-11
4632 3.615966e-11
4633 3.614555e-11
4634 3.613145e-11
4635 3.611735e-11
4636 3.610327e-11
4637 3.608920e-11
4638 3.607513e-11
4639 3.606107e-11
4640 3.604702e-11
4641 3.603298e-11
4642 3.601895e-11
4643 3.600493e-11
4644 3.599091e-11
4645 3.597690e-11
4646 3.596290e-11
4647 3.594891e-11
4648 3.593491e-11
4649 3.592091e-11
4650 3.590691e-11
4651 3.589293e-11
4652 3.587895e-11
4653 3.586498e-11
4654 3.585102e-11
4655 3.583707e-11
4656 3.582313e-11
4657 3.580919e-11
4658 3.579527e-11
4659 3.578135e-11
4660 3.576744e-11
4661 3.575354e-11
4662 3.573965e-11
4663 3.572576e-11
4664 3.571189e-11
4665 3.569802e-11
4666 3.568416e-11
4667 3.567031e-11
4668 3.565646e-11
4669 3.564263e-11
4670 3.562880e-11
4671 3.561499e-11
4672 3.560118e-11
4673 3.558738e-11
4674 3.557358e-11
4675 3.555980e-11
4676 3.554602e-11
4677 3.553226e-11
4678 3.551850e-11
4679 3.550474e-11
4680 3.549100e-11
4681 3.547727e-11
4682 3.546354e-11
4683 3.544982e-11
4684 3.543611e-11
4685 3.542241e-11
4686 3.540872e-11
4687 3.539503e-11
4688 3.538135e-11
4689 3.536767e-11
4690 3.535398e-11
4691 3.534030e-11
4692 3.532663e-11
4693 3.531296e-11
4694 3.529931e-11
4695 3.528566e-11
4696 3.527202e-11
4697 3.525839e-11
4698 3.524476e-11
4699 3.523115e-11
4700 3.521754e-11
4701 3.520394e-11
4702 3.519035e-11
4703 3.517677e-11
4704 3.516319e-11
4705 3.514963e-11
4706 3.513607e-11
4707 3.512252e-11
4708 3.510897e-11
4709 3.509544e-11
4710 3.508191e-11
4711 3.506840e-11
4712 3.505489e-11
4713 3.504138e-11
4714 3.502789e-11
4715 3.501440e-11
4716 3.500093e-11
4717 3.498746e-11
4718 3.497399e-11
4719 3.496054e-11
4720 3.494710e-11
4721 3.493366e-11
4722 3.492023e-11
4723 3.490681e-11
4724 3.489339e-11
4725 3.487999e-11
4726 3.486659e-11
4727 3.485320e-11
4728 3.483982e-11
4729 3.482644e-11
4730 3.481308e-11
4731 3.479970e-11
4732 3.478632e-11
4733 3.477295e-11
4734 3.475959e-11
4735 3.474624e-11
4736 3.473289e-11
4737 3.471955e-11
4738 3.470622e-11
4739 3.469290e-11
4740 3.467959e-11
4741 3.466628e-11
4742 3.465298e-11
4743 3.463969e-11
4744 3.462641e-11
4745 3.461314e-11
4746 3.459987e-11
4747 3.458661e-11
4748 3.457336e-11
4749 3.456012e-11
4750 3.454688e-11
4751 3.453365e-11
4752 3.452044e-11
4753 3.450722e-11
4754 3.449402e-11
4755 3.448082e-11
4756 3.446764e-11
4757 3.445446e-11
4758 3.444128e-11
4759 3.442812e-11
4760 3.441496e-11
4761 3.440181e-11
4762 3.438867e-11
4763 3.437554e-11
4764 3.436241e-11
4765 3.434930e-11
4766 3.433619e-11
4767 3.432308e-11
4768 3.430999e-11
4769 3.429690e-11
4770 3.428382e-11
4771 3.427075e-11
4772 3.425769e-11
4773 3.424461e-11
4774 3.423153e-11
4775 3.421847e-11
4776 3.420541e-11
4777 3.419235e-11
4778 3.417931e-11
4779 3.416627e-11
4780 3.415324e-11
4781 3.414022e-11
4782 3.412721e-11
4783 3.411420e-11
4784 3.410121e-11
4785 3.408822e-11
4786 3.407523e-11
4787 3.406226e-11
4788 3.404929e-11
4789 3.403633e-11
4790 3.402338e-11
4791 3.401043e-11
4792 3.399750e-11
4793 3.398457e-11
4794 3.397165e-11
4795 3.395873e-11
4796 3.394582e-11
4797 3.393293e-11
4798 3.392003e-11
4799 3.390715e-11
4800 3.389427e-11
4801 3.388141e-11
4802 3.386854e-11
4803 3.385569e-11
4804 3.384285e-11
4805 3.383001e-11
4806 3.381718e-11
4807 3.380435e-11
4808 3.379154e-11
4809 3.377873e-11
4810 3.376593e-11
4811 3.375313e-11
4812 3.374035e-11
4813 3.372757e-11
4814 3.371480e-11
4815 3.370203e-11
4816 3.368924e-11
4817 3.367647e-11
4818 3.366370e-11
4819 3.365094e-11
4820 3.363819e-11
4821 3.362545e-11
4822 3.361271e-11
4823 3.359998e-11
4824 3.358726e-11
4825 3.357454e-11
4826 3.356184e-11
4827 3.354914e-11
4828 3.353644e-11
4829 3.352376e-11
4830 3.351108e-11
4831 3.349841e-11
4832 3.348575e-11
4833 3.347309e-11
4834 3.346045e-11
4835 3.344780e-11
4836 3.343517e-11
4837 3.342255e-11
4838 3.340993e-11
4839 3.339732e-11
4840 3.338471e-11
4841 3.337212e-11
4842 3.335953e-11
4843 3.334695e-11
4844 3.333437e-11
4845 3.332181e-11
4846 3.330925e-11
4847 3.329669e-11
4848 3.328415e-11
4849 3.327161e-11
4850 3.325908e-11
4851 3.324656e-11
4852 3.323404e-11
4853 3.322153e-11
4854 3.320903e-11
4855 3.319654e-11
4856 3.318405e-11
4857 3.317157e-11
4858 3.315908e-11
4859 3.314659e-11
4860 3.313411e-11
4861 3.312164e-11
4862 3.310917e-11
4863 3.309671e-11
4864 3.308425e-11
4865 3.307181e-11
4866 3.305937e-11
4867 3.304693e-11
4868 3.303451e-11
4869 3.302209e-11
4870 3.300968e-11
4871 3.299728e-11
4872 3.298488e-11
4873 3.297249e-11
4874 3.296011e-11
4875 3.294774e-11
4876 3.293537e-11
4877 3.292301e-11
4878 3.291066e-11
4879 3.289831e-11
4880 3.288597e-11
4881 3.287364e-11
4882 3.286132e-11
4883 3.284900e-11
4884 3.283669e-11
4885 3.282439e-11
4886 3.281209e-11
4887 3.279980e-11
4888 3.278752e-11
4889 3.277525e-11
4890 3.276298e-11
4891 3.275072e-11
4892 3.273847e-11
4893 3.272622e-11
4894 3.271398e-11
4895 3.270175e-11
4896 3.268952e-11
4897 3.267731e-11
4898 3.266510e-11
4899 3.265289e-11
4900 3.264070e-11
4901 3.262849e-11
4902 3.261629e-11
4903 3.260409e-11
4904 3.259189e-11
4905 3.257971e-11
4906 3.256753e-11
4907 3.255536e-11
4908 3.254319e-11
4909 3.253103e-11
4910 3.251888e-11
4911 3.250674e-11
4912 3.249460e-11
4913 3.248247e-11
4914 3.247035e-11
4915 3.245823e-11
4916 3.244612e-11
4917 3.243402e-11
4918 3.242193e-11
4919 3.240984e-11
4920 3.239776e-11
4921 3.238568e-11
4922 3.237362e-11
4923 3.236156e-11
4924 3.234950e-11
4925 3.233746e-11
4926 3.232542e-11
4927 3.231338e-11
4928 3.230136e-11
4929 3.228934e-11
4930 3.227733e-11
4931 3.226532e-11
4932 3.225333e-11
4933 3.224133e-11
4934 3.222935e-11
4935 3.221737e-11
4936 3.220540e-11
4937 3.219344e-11
4938 3.218148e-11
4939 3.216953e-11
4940 3.215759e-11
4941 3.214565e-11
4942 3.213372e-11
4943 3.212180e-11
4944 3.210989e-11
4945 3.209795e-11
4946 3.208603e-11
4947 3.207411e-11
4948 3.206220e-11
4949 3.205029e-11
4950 3.203839e-11
4951 3.202650e-11
4952 3.201462e-11
4953 3.200274e-11
4954 3.199087e-11
4955 3.197900e-11
4956 3.196714e-11
4957 3.195529e-11
4958 3.194345e-11
4959 3.193161e-11
4960 3.191978e-11
4961 3.190796e-11
4962 3.189614e-11
4963 3.188433e-11
4964 3.187253e-11
4965 3.186073e-11
4966 3.184894e-11
4967 3.183716e-11
4968 3.182538e-11
4969 3.181361e-11
4970 3.180185e-11
4971 3.179009e-11
4972 3.177834e-11
4973 3.176660e-11
4974 3.175486e-11
4975 3.174313e-11
4976 3.173141e-11
4977 3.171969e-11
4978 3.170798e-11
4979 3.169628e-11
4980 3.168458e-11
4981 3.167289e-11
4982 3.166121e-11
4983 3.164953e-11
4984 3.163786e-11
4985 3.162620e-11
4986 3.161454e-11
4987 3.160289e-11
4988 3.159125e-11
4989 3.157959e-11
4990 3.156794e-11
4991 3.155629e-11
4992 3.154465e-11
4993 3.153302e-11
4994 3.152139e-11
4995 3.150977e-11
4996 3.149816e-11
4997 3.148655e-11
4998 3.147495e-11
4999 3.146336e-11
5000 3.145177e-11
5001 3.144019e-11
5002 3.142861e-11
5003 3.141705e-11
5004 3.140549e-11
5005 3.139393e-11
5006 3.138238e-11
5007 3.137084e-11
5008 3.135931e-11
5009 3.134778e-11
5010 3.133626e-11
5011 3.132474e-11
5012 3.131323e-11
5013 3.130173e-11
5014 3.129024e-11
5015 3.127875e-11
5016 3.126727e-11
5017 3.125579e-11
5018 3.124432e-11
5019 3.123286e-11
5020 3.122140e-11
5021 3.120995e-11
5022 3.119851e-11
5023 3.118707e-11
5024 3.117564e-11
5025 3.116422e-11
5026 3.115280e-11
5027 3.114139e-11
5028 3.112998e-11
5029 3.111858e-11
5030 3.110719e-11
5031 3.109581e-11
5032 3.108443e-11
5033 3.107304e-11
5034 3.106165e-11
5035 3.105027e-11
5036 3.103889e-11
5037 3.102752e-11
5038 3.101616e-11
5039 3.100480e-11
5040 3.099345e-11
5041 3.098211e-11
5042 3.097077e-11
5043 3.095944e-11
5044 3.094811e-11
5045 3.093680e-11
5046 3.092548e-11
5047 3.091418e-11
5048 3.090288e-11
5049 3.089159e-11
5050 3.088030e-11
5051 3.086902e-11
5052 3.085775e-11
5053 3.084648e-11
5054 3.083522e-11
5055 3.082396e-11
5056 3.081271e-11
5057 3.080147e-11
5058 3.079024e-11
5059 3.077901e-11
5060 3.076778e-11
5061 3.075657e-11
5062 3.074536e-11
5063 3.073415e-11
5064 3.072296e-11
5065 3.071176e-11
5066 3.070058e-11
5067 3.068940e-11
5068 3.067823e-11
5069 3.066706e-11
5070 3.065590e-11
5071 3.064475e-11
5072 3.063360e-11
5073 3.062246e-11
5074 3.061132e-11
5075 3.060019e-11
5076 3.058907e-11
5077 3.057795e-11
5078 3.056682e-11
5079 3.055569e-11
5080 3.054457e-11
5081 3.053346e-11
5082 3.052235e-11
5083 3.051125e-11
5084 3.050016e-11
5085 3.048907e-11
5086 3.047799e-11
5087 3.046691e-11
5088 3.045584e-11
5089 3.044477e-11
5090 3.043372e-11
5091 3.042267e-11
5092 3.041162e-11
5093 3.040058e-11
5094 3.038955e-11
5095 3.037852e-11
5096 3.036750e-11
5097 3.035649e-11
5098 3.034548e-11
5099 3.033448e-11
5100 3.032348e-11
5101 3.031249e-11
5102 3.030151e-11
5103 3.029053e-11
5104 3.027956e-11
5105 3.026859e-11
5106 3.025763e-11
5107 3.024668e-11
5108 3.023573e-11
5109 3.022479e-11
5110 3.021386e-11
5111 3.020293e-11
5112 3.019200e-11
5113 3.018109e-11
5114 3.017018e-11
5115 3.015927e-11
5116 3.014837e-11
5117 3.013748e-11
5118 3.012659e-11
5119 3.011571e-11
5120 3.010484e-11
5121 3.009397e-11
5122 3.008311e-11
5123 3.007223e-11
5124 3.006136e-11
5125 3.005050e-11
5126 3.003964e-11
5127 3.002879e-11
5128 3.001794e-11
5129 3.000710e-11
5130 2.999626e-11
5131 2.998543e-11
5132 2.997461e-11
5133 2.996379e-11
5134 2.995298e-11
5135 2.994218e-11
5136 2.993138e-11
5137 2.992058e-11
5138 2.990980e-11
5139 2.989901e-11
5140 2.988824e-11
5141 2.987747e-11
5142 2.986671e-11
5143 2.985595e-11
5144 2.984520e-11
5145 2.983445e-11
5146 2.982371e-11
5147 2.981298e-11
5148 2.980225e-11
5149 2.979153e-11
5150 2.978082e-11
5151 2.977011e-11
5152 2.975940e-11
5153 2.974870e-11
5154 2.973801e-11
5155 2.972733e-11
5156 2.971665e-11
5157 2.970597e-11
5158 2.969530e-11
5159 2.968464e-11
5160 2.967399e-11
5161 2.966334e-11
5162 2.965269e-11
5163 2.964205e-11
5164 2.963142e-11
5165 2.962079e-11
5166 2.961017e-11
5167 2.959956e-11
5168 2.958894e-11
5169 2.957831e-11
5170 2.956769e-11
5171 2.955708e-11
5172 2.954647e-11
5173 2.953587e-11
5174 2.952528e-11
5175 2.951469e-11
5176 2.950411e-11
5177 2.949353e-11
5178 2.948296e-11
5179 2.947239e-11
5180 2.946183e-11
5181 2.945128e-11
5182 2.944073e-11
5183 2.943018e-11
5184 2.941965e-11
5185 2.940912e-11
5186 2.939859e-11
5187 2.938807e-11
5188 2.937756e-11
5189 2.936705e-11
5190 2.935655e-11
5191 2.934605e-11
5192 2.933556e-11
5193 2.932508e-11
5194 2.931460e-11
5195 2.930412e-11
5196 2.929366e-11
5197 2.928319e-11
5198 2.927274e-11
5199 2.926229e-11
5200 2.925184e-11
5201 2.924140e-11
5202 2.923097e-11
5203 2.922054e-11
5204 2.921012e-11
5205 2.919971e-11
5206 2.918930e-11
5207 2.917889e-11
5208 2.916849e-11
5209 2.915810e-11
5210 2.914771e-11
5211 2.913733e-11
5212 2.912695e-11
5213 2.911658e-11
5214 2.910621e-11
5215 2.909583e-11
5216 2.908546e-11
5217 2.907509e-11
5218 2.906473e-11
5219 2.905437e-11
5220 2.904402e-11
5221 2.903367e-11
5222 2.902333e-11
5223 2.901300e-11
5224 2.900267e-11
5225 2.899235e-11
5226 2.898203e-11
5227 2.897172e-11
5228 2.896142e-11
5229 2.895112e-11
5230 2.894082e-11
5231 2.893053e-11
5232 2.892025e-11
5233 2.890997e-11
5234 2.889970e-11
5235 2.888944e-11
5236 2.887917e-11
5237 2.886892e-11
5238 2.885867e-11
5239 2.884843e-11
5240 2.883819e-11
5241 2.882796e-11
5242 2.881773e-11
5243 2.880751e-11
5244 2.879729e-11
5245 2.878708e-11
5246 2.877688e-11
5247 2.876668e-11
5248 2.875648e-11
5249 2.874629e-11
5250 2.873611e-11
5251 2.872594e-11
5252 2.871576e-11
5253 2.870560e-11
5254 2.869544e-11
5255 2.868528e-11
5256 2.867513e-11
5257 2.866499e-11
5258 2.865485e-11
5259 2.864472e-11
5260 2.863459e-11
5261 2.862445e-11
5262 2.861431e-11
5263 2.860418e-11
5264 2.859405e-11
5265 2.858394e-11
5266 2.857382e-11
5267 2.856371e-11
5268 2.855361e-11
5269 2.854351e-11
5270 2.853342e-11
5271 2.852333e-11
5272 2.851325e-11
5273 2.850318e-11
5274 2.849311e-11
5275 2.848304e-11
5276 2.847298e-11
5277 2.846293e-11
5278 2.845288e-11
5279 2.844284e-11
5280 2.843280e-11
5281 2.842277e-11
5282 2.841274e-11
5283 2.840272e-11
5284 2.839271e-11
5285 2.838270e-11
5286 2.837269e-11
5287 2.836269e-11
5288 2.835270e-11
5289 2.834271e-11
5290 2.833273e-11
5291 2.832275e-11
5292 2.831278e-11
5293 2.830281e-11
5294 2.829285e-11
5295 2.828289e-11
5296 2.827294e-11
5297 2.826300e-11
5298 2.825306e-11
5299 2.824312e-11
5300 2.823319e-11
5301 2.822327e-11
5302 2.821335e-11
5303 2.820344e-11
5304 2.819353e-11
5305 2.818363e-11
5306 2.817373e-11
5307 2.816383e-11
5308 2.815392e-11
5309 2.814402e-11
5310 2.813413e-11
5311 2.812424e-11
5312 2.811435e-11
5313 2.810448e-11
5314 2.809460e-11
5315 2.808473e-11
5316 2.807487e-11
5317 2.806501e-11
5318 2.805516e-11
5319 2.804531e-11
5320 2.803547e-11
5321 2.802564e-11
5322 2.801581e-11
5323 2.800598e-11
5324 2.799616e-11
5325 2.798634e-11
5326 2.797653e-11
5327 2.796673e-11
5328 2.795693e-11
5329 2.794714e-11
5330 2.793735e-11
5331 2.792756e-11
5332 2.791779e-11
5333 2.790801e-11
5334 2.789824e-11
5335 2.788848e-11
5336 2.787872e-11
5337 2.786897e-11
5338 2.785923e-11
5339 2.784948e-11
5340 2.783975e-11
5341 2.783002e-11
5342 2.782029e-11
5343 2.781057e-11
5344 2.780085e-11
5345 2.779114e-11
5346 2.778144e-11
5347 2.777174e-11
5348 2.776205e-11
5349 2.775236e-11
5350 2.774267e-11
5351 2.773299e-11
5352 2.772332e-11
5353 2.771365e-11
5354 2.770398e-11
5355 2.769430e-11
5356 2.768463e-11
5357 2.767497e-11
5358 2.766530e-11
5359 2.765565e-11
5360 2.764600e-11
5361 2.763635e-11
5362 2.762671e-11
5363 2.761707e-11
5364 2.760744e-11
5365 2.759782e-11
5366 2.758820e-11
5367 2.757858e-11
5368 2.756897e-11
5369 2.755937e-11
5370 2.754977e-11
5371 2.754018e-11
5372 2.753059e-11
5373 2.752100e-11
5374 2.751142e-11
5375 2.750185e-11
5376 2.749228e-11
5377 2.748272e-11
5378 2.747316e-11
5379 2.746360e-11
5380 2.745406e-11
5381 2.744451e-11
5382 2.743497e-11
5383 2.742544e-11
5384 2.741591e-11
5385 2.740639e-11
5386 2.739687e-11
5387 2.738736e-11
5388 2.737785e-11
5389 2.736835e-11
5390 2.735885e-11
5391 2.734936e-11
5392 2.733987e-11
5393 2.733039e-11
5394 2.732091e-11
5395 2.731144e-11
5396 2.730197e-11
5397 2.729251e-11
5398 2.728305e-11
5399 2.727360e-11
5400 2.726415e-11
5401 2.725471e-11
5402 2.724526e-11
5403 2.723581e-11
5404 2.722636e-11
5405 2.721692e-11
5406 2.720749e-11
5407 2.719806e-11
5408 2.718863e-11
5409 2.717921e-11
5410 2.716980e-11
5411 2.716039e-11
5412 2.715098e-11
5413 2.714158e-11
5414 2.713219e-11
5415 2.712280e-11
5416 2.711341e-11
5417 2.710403e-11
5418 2.709466e-11
5419 2.708529e-11
5420 2.707592e-11
5421 2.706656e-11
5422 2.705721e-11
5423 2.704786e-11
5424 2.703851e-11
5425 2.702917e-11
5426 2.701983e-11
5427 2.701050e-11
5428 2.700118e-11
5429 2.699186e-11
5430 2.698254e-11
5431 2.697323e-11
5432 2.696393e-11
5433 2.695462e-11
5434 2.694533e-11
5435 2.693604e-11
5436 2.692675e-11
5437 2.691747e-11
5438 2.690819e-11
5439 2.689892e-11
5440 2.688965e-11
5441 2.688039e-11
5442 2.687114e-11
5443 2.686188e-11
5444 2.685264e-11
5445 2.684340e-11
5446 2.683416e-11
5447 2.682493e-11
5448 2.681570e-11
5449 2.680648e-11
5450 2.679724e-11
5451 2.678801e-11
5452 2.677879e-11
5453 2.676957e-11
5454 2.676035e-11
5455 2.675114e-11
5456 2.674193e-11
5457 2.673273e-11
5458 2.672354e-11
5459 2.671434e-11
5460 2.670516e-11
5461 2.669598e-11
5462 2.668680e-11
5463 2.667763e-11
5464 2.666846e-11
5465 2.665930e-11
5466 2.665014e-11
5467 2.664099e-11
5468 2.663184e-11
5469 2.662269e-11
5470 2.661356e-11
5471 2.660442e-11
5472 2.659529e-11
5473 2.658617e-11
5474 2.657705e-11
5475 2.656793e-11
5476 2.655882e-11
5477 2.654972e-11
5478 2.654062e-11
5479 2.653152e-11
5480 2.652243e-11
5481 2.651335e-11
5482 2.650427e-11
5483 2.649519e-11
5484 2.648612e-11
5485 2.647705e-11
5486 2.646799e-11
5487 2.645893e-11
5488 2.644988e-11
5489 2.644083e-11
5490 2.643179e-11
5491 2.642275e-11
5492 2.641372e-11
5493 2.640469e-11
5494 2.639566e-11
5495 2.638664e-11
5496 2.637763e-11
5497 2.636862e-11
5498 2.635961e-11
5499 2.635059e-11
5500 2.634158e-11
5501 2.633257e-11
5502 2.632357e-11
5503 2.631457e-11
5504 2.630557e-11
5505 2.629659e-11
5506 2.628760e-11
5507 2.627862e-11
5508 2.626965e-11
5509 2.626067e-11
5510 2.625171e-11
5511 2.624275e-11
5512 2.623379e-11
5513 2.622484e-11
5514 2.621589e-11
5515 2.620695e-11
5516 2.619801e-11
5517 2.618908e-11
5518 2.618015e-11
5519 2.617123e-11
5520 2.616231e-11
5521 2.615339e-11
5522 2.614448e-11
5523 2.613558e-11
5524 2.612668e-11
5525 2.611778e-11
5526 2.610889e-11
5527 2.610001e-11
5528 2.609112e-11
5529 2.608225e-11
5530 2.607337e-11
5531 2.606451e-11
5532 2.605564e-11
5533 2.604678e-11
5534 2.603793e-11
5535 2.602908e-11
5536 2.602023e-11
5537 2.601139e-11
5538 2.600256e-11
5539 2.599373e-11
5540 2.598490e-11
5541 2.597608e-11
5542 2.596726e-11
5543 2.595845e-11
5544 2.594964e-11
5545 2.594084e-11
5546 2.593204e-11
5547 2.592323e-11
5548 2.591443e-11
5549 2.590563e-11
5550 2.589683e-11
5551 2.588804e-11
5552 2.587925e-11
5553 2.587046e-11
5554 2.586168e-11
5555 2.585291e-11
5556 2.584414e-11
5557 2.583537e-11
5558 2.582661e-11
5559 2.581786e-11
5560 2.580911e-11
5561 2.580036e-11
5562 2.579162e-11
5563 2.578288e-11
5564 2.577414e-11
5565 2.576541e-11
5566 2.575669e-11
5567 2.574797e-11
5568 2.573925e-11
5569 2.573054e-11
5570 2.572184e-11
5571 2.571313e-11
5572 2.570444e-11
5573 2.569574e-11
5574 2.568706e-11
5575 2.567837e-11
5576 2.566969e-11
5577 2.566102e-11
5578 2.565235e-11
5579 2.564368e-11
5580 2.563502e-11
5581 2.562636e-11
5582 2.561771e-11
5583 2.560906e-11
5584 2.560042e-11
5585 2.559178e-11
5586 2.558314e-11
5587 2.557451e-11
5588 2.556589e-11
5589 2.555727e-11
5590 2.554865e-11
5591 2.554004e-11
5592 2.553143e-11
5593 2.552282e-11
5594 2.551422e-11
5595 2.550563e-11
5596 2.549704e-11
5597 2.548843e-11
5598 2.547984e-11
5599 2.547124e-11
5600 2.546265e-11
5601 2.545407e-11
5602 2.544549e-11
5603 2.543692e-11
5604 2.542834e-11
5605 2.541978e-11
5606 2.541122e-11
5607 2.540266e-11
5608 2.539410e-11
5609 2.538556e-11
5610 2.537701e-11
5611 2.536847e-11
5612 2.535994e-11
5613 2.535140e-11
5614 2.534288e-11
5615 2.533435e-11
5616 2.532584e-11
5617 2.531732e-11
5618 2.530881e-11
5619 2.530031e-11
5620 2.529181e-11
5621 2.528331e-11
5622 2.527482e-11
5623 2.526633e-11
5624 2.525785e-11
5625 2.524937e-11
5626 2.524089e-11
5627 2.523242e-11
5628 2.522396e-11
5629 2.521550e-11
5630 2.520704e-11
5631 2.519859e-11
5632 2.519014e-11
5633 2.518169e-11
5634 2.517325e-11
5635 2.516482e-11
5636 2.515639e-11
5637 2.514796e-11
5638 2.513954e-11
5639 2.513112e-11
5640 2.512271e-11
5641 2.511430e-11
5642 2.510589e-11
5643 2.509749e-11
5644 2.508909e-11
5645 2.508070e-11
5646 2.507231e-11
5647 2.506391e-11
5648 2.505551e-11
5649 2.504712e-11
5650 2.503873e-11
5651 2.503035e-11
5652 2.502197e-11
5653 2.501360e-11
5654 2.500523e-11
5655 2.499687e-11
5656 2.498850e-11
5657 2.498015e-11
5658 2.497180e-11
5659 2.496345e-11
5660 2.495510e-11
5661 2.494676e-11
5662 2.493843e-11
5663 2.493010e-11
5664 2.492177e-11
5665 2.491345e-11
5666 2.490513e-11
5667 2.489682e-11
5668 2.488851e-11
5669 2.488020e-11
5670 2.487190e-11
5671 2.486360e-11
5672 2.485531e-11
5673 2.484702e-11
5674 2.483874e-11
5675 2.483046e-11
5676 2.482218e-11
5677 2.481391e-11
5678 2.480564e-11
5679 2.479738e-11
5680 2.478912e-11
5681 2.478087e-11
5682 2.477262e-11
5683 2.476437e-11
5684 2.475613e-11
5685 2.474789e-11
5686 2.473965e-11
5687 2.473143e-11
5688 2.472320e-11
5689 2.471498e-11
5690 2.470676e-11
5691 2.469855e-11
5692 2.469034e-11
5693 2.468213e-11
5694 2.467393e-11
5695 2.466574e-11
5696 2.465754e-11
5697 2.464934e-11
5698 2.464114e-11
5699 2.463294e-11
5700 2.462475e-11
5701 2.461657e-11
5702 2.460838e-11
5703 2.460021e-11
5704 2.459203e-11
5705 2.458386e-11
5706 2.457570e-11
5707 2.456754e-11
5708 2.455938e-11
5709 2.455122e-11
5710 2.454308e-11
5711 2.453493e-11
5712 2.452679e-11
5713 2.451865e-11
5714 2.451052e-11
5715 2.450239e-11
5716 2.449427e-11
5717 2.448615e-11
5718 2.447803e-11
5719 2.446992e-11
5720 2.446181e-11
5721 2.445371e-11
5722 2.444561e-11
5723 2.443751e-11
5724 2.442942e-11
5725 2.442133e-11
5726 2.441325e-11
5727 2.440517e-11
5728 2.439709e-11
5729 2.438902e-11
5730 2.438096e-11
5731 2.437289e-11
5732 2.436483e-11
5733 2.435678e-11
5734 2.434873e-11
5735 2.434068e-11
5736 2.433264e-11
5737 2.432460e-11
5738 2.431657e-11
5739 2.430854e-11
5740 2.430051e-11
5741 2.429249e-11
5742 2.428447e-11
5743 2.427645e-11
5744 2.426844e-11
5745 2.426044e-11
5746 2.425244e-11
5747 2.424443e-11
5748 2.423642e-11
5749 2.422841e-11
5750 2.422041e-11
5751 2.421242e-11
5752 2.420442e-11
5753 2.419643e-11
5754 2.418845e-11
5755 2.418047e-11
5756 2.417249e-11
5757 2.416452e-11
5758 2.415655e-11
5759 2.414859e-11
5760 2.414063e-11
5761 2.413267e-11
5762 2.412472e-11
5763 2.411677e-11
5764 2.410882e-11
5765 2.410088e-11
5766 2.409295e-11
5767 2.408501e-11
5768 2.407708e-11
5769 2.406916e-11
5770 2.406124e-11
5771 2.405332e-11
5772 2.404541e-11
5773 2.403750e-11
5774 2.402960e-11
5775 2.402170e-11
5776 2.401380e-11
5777 2.400591e-11
5778 2.399802e-11
5779 2.399013e-11
5780 2.398225e-11
5781 2.397437e-11
5782 2.396650e-11
5783 2.395863e-11
5784 2.395077e-11
5785 2.394291e-11
5786 2.393505e-11
5787 2.392720e-11
5788 2.391935e-11
5789 2.391150e-11
5790 2.390366e-11
5791 2.389582e-11
5792 2.388799e-11
5793 2.388016e-11
5794 2.387233e-11
5795 2.386451e-11
5796 2.385669e-11
5797 2.384888e-11
5798 2.384106e-11
5799 2.383324e-11
5800 2.382542e-11
5801 2.381761e-11
5802 2.380980e-11
5803 2.380199e-11
5804 2.379419e-11
5805 2.378640e-11
5806 2.377860e-11
5807 2.377081e-11
5808 2.376303e-11
5809 2.375525e-11
5810 2.374747e-11
5811 2.373969e-11
5812 2.373192e-11
5813 2.372416e-11
5814 2.371640e-11
5815 2.370864e-11
5816 2.370088e-11
5817 2.369313e-11
5818 2.368539e-11
5819 2.367764e-11
5820 2.366990e-11
5821 2.366217e-11
5822 2.365444e-11
5823 2.364671e-11
5824 2.363899e-11
5825 2.363127e-11
5826 2.362355e-11
5827 2.361584e-11
5828 2.360813e-11
5829 2.360043e-11
5830 2.359273e-11
5831 2.358503e-11
5832 2.357734e-11
5833 2.356965e-11
5834 2.356196e-11
5835 2.355428e-11
5836 2.354660e-11
5837 2.353893e-11
5838 2.353126e-11
5839 2.352359e-11
5840 2.351593e-11
5841 2.350827e-11
5842 2.350062e-11
5843 2.349297e-11
5844 2.348532e-11
5845 2.347768e-11
5846 2.347004e-11
5847 2.346240e-11
5848 2.345477e-11
5849 2.344714e-11
5850 2.343950e-11
5851 2.343187e-11
5852 2.342424e-11
5853 2.341661e-11
5854 2.340899e-11
5855 2.340137e-11
5856 2.339375e-11
5857 2.338614e-11
5858 2.337853e-11
5859 2.337093e-11
5860 2.336333e-11
5861 2.335573e-11
5862 2.334814e-11
5863 2.334055e-11
5864 2.333296e-11
5865 2.332538e-11
5866 2.331780e-11
5867 2.331023e-11
5868 2.330266e-11
5869 2.329509e-11
5870 2.328753e-11
5871 2.327997e-11
5872 2.327242e-11
5873 2.326486e-11
5874 2.325732e-11
5875 2.324977e-11
5876 2.324223e-11
5877 2.323470e-11
5878 2.322716e-11
5879 2.321963e-11
5880 2.321211e-11
5881 2.320459e-11
5882 2.319707e-11
5883 2.318955e-11
5884 2.318204e-11
5885 2.317454e-11
5886 2.316703e-11
5887 2.315953e-11
5888 2.315204e-11
5889 2.314454e-11
5890 2.313706e-11
5891 2.312957e-11
5892 2.312209e-11
5893 2.311461e-11
5894 2.310714e-11
5895 2.309967e-11
5896 2.309220e-11
5897 2.308474e-11
5898 2.307728e-11
5899 2.306983e-11
5900 2.306237e-11
5901 2.305492e-11
5902 2.304747e-11
5903 2.304001e-11
5904 2.303256e-11
5905 2.302512e-11
5906 2.301767e-11
5907 2.301023e-11
5908 2.300280e-11
5909 2.299536e-11
5910 2.298794e-11
5911 2.298051e-11
5912 2.297309e-11
5913 2.296567e-11
5914 2.295826e-11
5915 2.295085e-11
5916 2.294344e-11
5917 2.293604e-11
5918 2.292864e-11
5919 2.292125e-11
5920 2.291385e-11
5921 2.290646e-11
5922 2.289908e-11
5923 2.289170e-11
5924 2.288432e-11
5925 2.287695e-11
5926 2.286958e-11
5927 2.286221e-11
5928 2.285485e-11
5929 2.284749e-11
5930 2.284013e-11
5931 2.283278e-11
5932 2.282543e-11
5933 2.281809e-11
5934 2.281075e-11
5935 2.280341e-11
5936 2.279607e-11
5937 2.278874e-11
5938 2.278142e-11
5939 2.277409e-11
5940 2.276677e-11
5941 2.275946e-11
5942 2.275215e-11
5943 2.274484e-11
5944 2.273753e-11
5945 2.273023e-11
5946 2.272293e-11
5947 2.271564e-11
5948 2.270834e-11
5949 2.270106e-11
5950 2.269377e-11
5951 2.268649e-11
5952 2.267922e-11
5953 2.267194e-11
5954 2.266466e-11
5955 2.265738e-11
5956 2.265011e-11
5957 2.264283e-11
5958 2.263557e-11
5959 2.262830e-11
5960 2.262104e-11
5961 2.261378e-11
5962 2.260653e-11
5963 2.259928e-11
5964 2.259203e-11
5965 2.258479e-11
5966 2.257754e-11
5967 2.257031e-11
5968 2.256308e-11
5969 2.255585e-11
5970 2.254862e-11
5971 2.254140e-11
5972 2.253418e-11
5973 2.252696e-11
5974 2.251975e-11
5975 2.251254e-11
5976 2.250534e-11
5977 2.249813e-11
5978 2.249094e-11
5979 2.248374e-11
5980 2.247655e-11
5981 2.246936e-11
5982 2.246218e-11
5983 2.245500e-11
5984 2.244782e-11
5985 2.244065e-11
5986 2.243348e-11
5987 2.242631e-11
5988 2.241915e-11
5989 2.241199e-11
5990 2.240483e-11
5991 2.239768e-11
5992 2.239053e-11
5993 2.238339e-11
5994 2.237624e-11
5995 2.236911e-11
5996 2.236197e-11
5997 2.235484e-11
5998 2.234771e-11
5999 2.234058e-11
6000 2.233346e-11
6001 2.232635e-11
6002 2.231923e-11
6003 2.231212e-11
6004 2.230501e-11
6005 2.229791e-11
6006 2.229081e-11
6007 2.228370e-11
6008 2.227659e-11
6009 2.226949e-11
6010 2.226239e-11
6011 2.225529e-11
6012 2.224820e-11
6013 2.224111e-11
6014 2.223403e-11
6015 2.222694e-11
6016 2.221986e-11
6017 2.221279e-11
6018 2.220572e-11
6019 2.219865e-11
6020 2.219158e-11
6021 2.218452e-11
6022 2.217746e-11
6023 2.217041e-11
6024 2.216336e-11
6025 2.215631e-11
6026 2.214926e-11
6027 2.214222e-11
6028 2.213518e-11
6029 2.212815e-11
6030 2.212112e-11
6031 2.211409e-11
6032 2.210707e-11
6033 2.210005e-11
6034 2.209303e-11
6035 2.208601e-11
6036 2.207900e-11
6037 2.207200e-11
6038 2.206499e-11
6039 2.205799e-11
6040 2.205099e-11
6041 2.204400e-11
6042 2.203701e-11
6043 2.203002e-11
6044 2.202304e-11
6045 2.201606e-11
6046 2.200908e-11
6047 2.200211e-11
6048 2.199514e-11
6049 2.198817e-11
6050 2.198121e-11
6051 2.197425e-11
6052 2.196729e-11
6053 2.196034e-11
6054 2.195339e-11
6055 2.194644e-11
6056 2.193950e-11
6057 2.193256e-11
6058 2.192562e-11
6059 2.191869e-11
6060 2.191175e-11
6061 2.190481e-11
6062 2.189787e-11
6063 2.189094e-11
6064 2.188401e-11
6065 2.187709e-11
6066 2.187016e-11
6067 2.186325e-11
6068 2.185633e-11
6069 2.184942e-11
6070 2.184251e-11
6071 2.183560e-11
6072 2.182870e-11
6073 2.182180e-11
6074 2.181491e-11
6075 2.180801e-11
6076 2.180112e-11
6077 2.179424e-11
6078 2.178736e-11
6079 2.178048e-11
6080 2.177360e-11
6081 2.176673e-11
6082 2.175986e-11
6083 2.175299e-11
6084 2.174613e-11
6085 2.173927e-11
6086 2.173241e-11
6087 2.172556e-11
6088 2.171871e-11
6089 2.171187e-11
6090 2.170502e-11
6091 2.169818e-11
6092 2.169135e-11
6093 2.168451e-11
6094 2.167768e-11
6095 2.167086e-11
6096 2.166403e-11
6097 2.165721e-11
6098 2.165040e-11
6099 2.164358e-11
6100 2.163677e-11
6101 2.162996e-11
6102 2.162316e-11
6103 2.161636e-11
6104 2.160956e-11
6105 2.160277e-11
6106 2.159598e-11
6107 2.158919e-11
6108 2.158241e-11
6109 2.157563e-11
6110 2.156885e-11
6111 2.156207e-11
6112 2.155530e-11
6113 2.154853e-11
6114 2.154176e-11
6115 2.153499e-11
6116 2.152822e-11
6117 2.152145e-11
6118 2.151469e-11
6119 2.150792e-11
6120 2.150117e-11
6121 2.149441e-11
6122 2.148766e-11
6123 2.148091e-11
6124 2.147417e-11
6125 2.146743e-11
6126 2.146069e-11
6127 2.145396e-11
6128 2.144722e-11
6129 2.144050e-11
6130 2.143377e-11
6131 2.142705e-11
6132 2.142033e-11
6133 2.141361e-11
6134 2.140690e-11
6135 2.140019e-11
6136 2.139349e-11
6137 2.138678e-11
6138 2.138008e-11
6139 2.137339e-11
6140 2.136669e-11
6141 2.136000e-11
6142 2.135332e-11
6143 2.134663e-11
6144 2.133995e-11
6145 2.133328e-11
6146 2.132660e-11
6147 2.131993e-11
6148 2.131326e-11
6149 2.130660e-11
6150 2.129994e-11
6151 2.129328e-11
6152 2.128662e-11
6153 2.127997e-11
6154 2.127332e-11
6155 2.126668e-11
6156 2.126003e-11
6157 2.125339e-11
6158 2.124676e-11
6159 2.124012e-11
6160 2.123349e-11
6161 2.122687e-11
6162 2.122024e-11
6163 2.121362e-11
6164 2.120701e-11
6165 2.120039e-11
6166 2.119378e-11
6167 2.118717e-11
6168 2.118056e-11
6169 2.117395e-11
6170 2.116734e-11
6171 2.116073e-11
6172 2.115413e-11
6173 2.114753e-11
6174 2.114093e-11
6175 2.113434e-11
6176 2.112775e-11
6177 2.112116e-11
6178 2.111457e-11
6179 2.110799e-11
6180 2.110141e-11
6181 2.109484e-11
6182 2.108826e-11
6183 2.108169e-11
6184 2.107513e-11
6185 2.106856e-11
6186 2.106200e-11
6187 2.105545e-11
6188 2.104889e-11
6189 2.104234e-11
6190 2.103579e-11
6191 2.102925e-11
6192 2.102271e-11
6193 2.101617e-11
6194 2.100963e-11
6195 2.100310e-11
6196 2.099657e-11
6197 2.099004e-11
6198 2.098352e-11
6199 2.097700e-11
6200 2.097048e-11
6201 2.096397e-11
6202 2.095746e-11
6203 2.095095e-11
6204 2.094445e-11
6205 2.093795e-11
6206 2.093145e-11
6207 2.092495e-11
6208 2.091846e-11
6209 2.091197e-11
6210 2.090548e-11
6211 2.089900e-11
6212 2.089252e-11
6213 2.088604e-11
6214 2.087957e-11
6215 2.087310e-11
6216 2.086663e-11
6217 2.086016e-11
6218 2.085370e-11
6219 2.084724e-11
6220 2.084079e-11
6221 2.083434e-11
6222 2.082789e-11
6223 2.082143e-11
6224 2.081498e-11
6225 2.080853e-11
6226 2.080208e-11
6227 2.079563e-11
6228 2.078919e-11
6229 2.078275e-11
6230 2.077631e-11
6231 2.076988e-11
6232 2.076345e-11
6233 2.075702e-11
6234 2.075059e-11
6235 2.074417e-11
6236 2.073775e-11
6237 2.073134e-11
6238 2.072493e-11
6239 2.071852e-11
6240 2.071211e-11
6241 2.070571e-11
6242 2.069931e-11
6243 2.069291e-11
6244 2.068651e-11
6245 2.068012e-11
6246 2.067373e-11
6247 2.066735e-11
6248 2.066097e-11
6249 2.065459e-11
6250 2.064821e-11
6251 2.064184e-11
6252 2.063547e-11
6253 2.062910e-11
6254 2.062273e-11
6255 2.061637e-11
6256 2.061001e-11
6257 2.060366e-11
6258 2.059730e-11
6259 2.059095e-11
6260 2.058461e-11
6261 2.057826e-11
6262 2.057192e-11
6263 2.056559e-11
6264 2.055925e-11
6265 2.055292e-11
6266 2.054659e-11
6267 2.054026e-11
6268 2.053394e-11
6269 2.052762e-11
6270 2.052130e-11
6271 2.051499e-11
6272 2.050868e-11
6273 2.050237e-11
6274 2.049606e-11
6275 2.048976e-11
6276 2.048346e-11
6277 2.047717e-11
6278 2.047087e-11
6279 2.046457e-11
6280 2.045827e-11
6281 2.045197e-11
6282 2.044568e-11
6283 2.043939e-11
6284 2.043310e-11
6285 2.042682e-11
6286 2.042054e-11
6287 2.041426e-11
6288 2.040799e-11
6289 2.040171e-11
6290 2.039544e-11
6291 2.038918e-11
6292 2.038291e-11
6293 2.037665e-11
6294 2.037040e-11
6295 2.036414e-11
6296 2.035789e-11
6297 2.035164e-11
6298 2.034539e-11
6299 2.033915e-11
6300 2.033291e-11
6301 2.032667e-11
6302 2.032044e-11
6303 2.031421e-11
6304 2.030798e-11
6305 2.030175e-11
6306 2.029553e-11
6307 2.028931e-11
6308 2.028309e-11
6309 2.027688e-11
6310 2.027067e-11
6311 2.026446e-11
6312 2.025826e-11
6313 2.025205e-11
6314 2.024585e-11
6315 2.023966e-11
6316 2.023346e-11
6317 2.022727e-11
6318 2.022108e-11
6319 2.021490e-11
6320 2.020872e-11
6321 2.020254e-11
6322 2.019636e-11
6323 2.019019e-11
6324 2.018402e-11
6325 2.017785e-11
6326 2.017168e-11
6327 2.016552e-11
6328 2.015936e-11
6329 2.015320e-11
6330 2.014705e-11
6331 2.014090e-11
6332 2.013475e-11
6333 2.012861e-11
6334 2.012246e-11
6335 2.011631e-11
6336 2.011016e-11
6337 2.010402e-11
6338 2.009787e-11
6339 2.009173e-11
6340 2.008560e-11
6341 2.007947e-11
6342 2.007334e-11
6343 2.006721e-11
6344 2.006108e-11
6345 2.005496e-11
6346 2.004884e-11
6347 2.004273e-11
6348 2.003661e-11
6349 2.003050e-11
6350 2.002440e-11
6351 2.001829e-11
6352 2.001219e-11
6353 2.000609e-11
6354 1.999999e-11
6355 1.999390e-11
6356 1.998781e-11
6357 1.998172e-11
6358 1.997564e-11
6359 1.996956e-11
6360 1.996348e-11
6361 1.995740e-11
6362 1.995133e-11
6363 1.994525e-11
6364 1.993919e-11
6365 1.993312e-11
6366 1.992706e-11
6367 1.992100e-11
6368 1.991494e-11
6369 1.990889e-11
6370 1.990284e-11
6371 1.989679e-11
6372 1.989074e-11
6373 1.988470e-11
6374 1.987866e-11
6375 1.987262e-11
6376 1.986659e-11
6377 1.986055e-11
6378 1.985452e-11
6379 1.984850e-11
6380 1.984247e-11
6381 1.983645e-11
6382 1.983044e-11
6383 1.982442e-11
6384 1.981841e-11
6385 1.981240e-11
6386 1.980639e-11
6387 1.980039e-11
6388 1.979439e-11
6389 1.978839e-11
6390 1.978239e-11
6391 1.977638e-11
6392 1.977038e-11
6393 1.976439e-11
6394 1.975839e-11
6395 1.975240e-11
6396 1.974641e-11
6397 1.974042e-11
6398 1.973444e-11
6399 1.972846e-11
6400 1.972248e-11
6401 1.971650e-11
6402 1.971053e-11
6403 1.970456e-11
6404 1.969859e-11
6405 1.969263e-11
6406 1.968666e-11
6407 1.968070e-11
6408 1.967475e-11
6409 1.966879e-11
6410 1.966284e-11
6411 1.965689e-11
6412 1.965095e-11
6413 1.964500e-11
6414 1.963906e-11
6415 1.963313e-11
6416 1.962719e-11
6417 1.962126e-11
6418 1.961533e-11
6419 1.960940e-11
6420 1.960348e-11
6421 1.959756e-11
6422 1.959164e-11
6423 1.958572e-11
6424 1.957981e-11
6425 1.957390e-11
6426 1.956799e-11
6427 1.956209e-11
6428 1.955618e-11
6429 1.955028e-11
6430 1.954439e-11
6431 1.953849e-11
6432 1.953260e-11
6433 1.952671e-11
6434 1.952083e-11
6435 1.951494e-11
6436 1.950906e-11
6437 1.950318e-11
6438 1.949731e-11
6439 1.949143e-11
6440 1.948556e-11
6441 1.947970e-11
6442 1.947383e-11
6443 1.946797e-11
6444 1.946211e-11
6445 1.945625e-11
6446 1.945040e-11
6447 1.944454e-11
6448 1.943868e-11
6449 1.943283e-11
6450 1.942698e-11
6451 1.942112e-11
6452 1.941528e-11
6453 1.940943e-11
6454 1.940359e-11
6455 1.939775e-11
6456 1.939191e-11
6457 1.938608e-11
6458 1.938024e-11
6459 1.937441e-11
6460 1.936859e-11
6461 1.936276e-11
6462 1.935694e-11
6463 1.935112e-11
6464 1.934531e-11
6465 1.933949e-11
6466 1.933368e-11
6467 1.932788e-11
6468 1.932207e-11
6469 1.931627e-11
6470 1.931047e-11
6471 1.930467e-11
6472 1.929887e-11
6473 1.929308e-11
6474 1.928729e-11
6475 1.928150e-11
6476 1.927572e-11
6477 1.926994e-11
6478 1.926416e-11
6479 1.925838e-11
6480 1.925261e-11
6481 1.924684e-11
6482 1.924107e-11
6483 1.923530e-11
6484 1.922954e-11
6485 1.922378e-11
6486 1.921802e-11
6487 1.921226e-11
6488 1.920651e-11
6489 1.920076e-11
6490 1.919501e-11
6491 1.918927e-11
6492 1.918353e-11
6493 1.917779e-11
6494 1.917205e-11
6495 1.916631e-11
6496 1.916058e-11
6497 1.915485e-11
6498 1.914912e-11
6499 1.914340e-11
6500 1.913768e-11
6501 1.913196e-11
6502 1.912624e-11
6503 1.912053e-11
6504 1.911481e-11
6505 1.910910e-11
6506 1.910338e-11
6507 1.909767e-11
6508 1.909196e-11
6509 1.908625e-11
6510 1.908054e-11
6511 1.907484e-11
6512 1.906914e-11
6513 1.906344e-11
6514 1.905775e-11
6515 1.905205e-11
6516 1.904636e-11
6517 1.904068e-11
6518 1.903499e-11
6519 1.902931e-11
6520 1.902363e-11
6521 1.901795e-11
6522 1.901228e-11
6523 1.900660e-11
6524 1.900093e-11
6525 1.899527e-11
6526 1.898960e-11
6527 1.898394e-11
6528 1.897828e-11
6529 1.897262e-11
6530 1.896697e-11
6531 1.896132e-11
6532 1.895567e-11
6533 1.895002e-11
6534 1.894438e-11
6535 1.893874e-11
6536 1.893310e-11
6537 1.892746e-11
6538 1.892183e-11
6539 1.891620e-11
6540 1.891057e-11
6541 1.890494e-11
6542 1.889932e-11
6543 1.889370e-11
6544 1.888808e-11
6545 1.888246e-11
6546 1.887685e-11
6547 1.887124e-11
6548 1.886563e-11
6549 1.886002e-11
6550 1.885442e-11
6551 1.884882e-11
6552 1.884322e-11
6553 1.883762e-11
6554 1.883203e-11
6555 1.882644e-11
6556 1.882085e-11
6557 1.881526e-11
6558 1.880968e-11
6559 1.880410e-11
6560 1.879852e-11
6561 1.879295e-11
6562 1.878737e-11
6563 1.878179e-11
6564 1.877621e-11
6565 1.877063e-11
6566 1.876506e-11
6567 1.875949e-11
6568 1.875392e-11
6569 1.874836e-11
6570 1.874280e-11
6571 1.873724e-11
6572 1.873168e-11
6573 1.872612e-11
6574 1.872057e-11
6575 1.871502e-11
6576 1.870947e-11
6577 1.870393e-11
6578 1.869838e-11
6579 1.869284e-11
6580 1.868731e-11
6581 1.868177e-11
6582 1.867624e-11
6583 1.867071e-11
6584 1.866518e-11
6585 1.865965e-11
6586 1.865413e-11
6587 1.864861e-11
6588 1.864309e-11
6589 1.863758e-11
6590 1.863206e-11
6591 1.862655e-11
6592 1.862105e-11
6593 1.861554e-11
6594 1.861004e-11
6595 1.860454e-11
6596 1.859904e-11
6597 1.859354e-11
6598 1.858805e-11
6599 1.858256e-11
6600 1.857707e-11
6601 1.857158e-11
6602 1.856610e-11
6603 1.856062e-11
6604 1.855514e-11
6605 1.854966e-11
6606 1.854419e-11
6607 1.853872e-11
6608 1.853325e-11
6609 1.852778e-11
6610 1.852232e-11
6611 1.851686e-11
6612 1.851140e-11
6613 1.850594e-11
6614 1.850049e-11
6615 1.849504e-11
6616 1.848959e-11
6617 1.848414e-11
6618 1.847869e-11
6619 1.847325e-11
6620 1.846781e-11
6621 1.846237e-11
6622 1.845692e-11
6623 1.845148e-11
6624 1.844604e-11
6625 1.844060e-11
6626 1.843517e-11
6627 1.842974e-11
6628 1.842431e-11
6629 1.841888e-11
6630 1.841346e-11
6631 1.840803e-11
6632 1.840262e-11
6633 1.839720e-11
6634 1.839178e-11
6635 1.838637e-11
6636 1.838096e-11
6637 1.837555e-11
6638 1.837015e-11
6639 1.836474e-11
6640 1.835934e-11
6641 1.835395e-11
6642 1.834855e-11
6643 1.834316e-11
6644 1.833777e-11
6645 1.833238e-11
6646 1.832699e-11
6647 1.832161e-11
6648 1.831623e-11
6649 1.831085e-11
6650 1.830547e-11
6651 1.830010e-11
6652 1.829473e-11
6653 1.828936e-11
6654 1.828399e-11
6655 1.827863e-11
6656 1.827326e-11
6657 1.826790e-11
6658 1.826255e-11
6659 1.825719e-11
6660 1.825184e-11
6661 1.824649e-11
6662 1.824114e-11
6663 1.823579e-11
6664 1.823045e-11
6665 1.822511e-11
6666 1.821977e-11
6667 1.821444e-11
6668 1.820910e-11
6669 1.820377e-11
6670 1.819844e-11
6671 1.819311e-11
6672 1.818779e-11
6673 1.818247e-11
6674 1.817715e-11
6675 1.817183e-11
6676 1.816652e-11
6677 1.816120e-11
6678 1.815589e-11
6679 1.815058e-11
6680 1.814527e-11
6681 1.813996e-11
6682 1.813465e-11
6683 1.812934e-11
6684 1.812404e-11
6685 1.811873e-11
6686 1.811343e-11
6687 1.810813e-11
6688 1.810284e-11
6689 1.809755e-11
6690 1.809225e-11
6691 1.808697e-11
6692 1.808168e-11
6693 1.807640e-11
6694 1.807111e-11
6695 1.806584e-11
6696 1.806056e-11
6697 1.805528e-11
6698 1.805001e-11
6699 1.804474e-11
6700 1.803947e-11
6701 1.803421e-11
6702 1.802895e-11
6703 1.802369e-11
6704 1.801843e-11
6705 1.801317e-11
6706 1.800792e-11
6707 1.800267e-11
6708 1.799742e-11
6709 1.799217e-11
6710 1.798693e-11
6711 1.798169e-11
6712 1.797645e-11
6713 1.797121e-11
6714 1.796597e-11
6715 1.796074e-11
6716 1.795551e-11
6717 1.795028e-11
6718 1.794506e-11
6719 1.793983e-11
6720 1.793461e-11
6721 1.792939e-11
6722 1.792417e-11
6723 1.791896e-11
6724 1.791375e-11
6725 1.790854e-11
6726 1.790333e-11
6727 1.789813e-11
6728 1.789292e-11
6729 1.788772e-11
6730 1.788252e-11
6731 1.787733e-11
6732 1.787213e-11
6733 1.786694e-11
6734 1.786175e-11
6735 1.785657e-11
6736 1.785138e-11
6737 1.784620e-11
6738 1.784102e-11
6739 1.783583e-11
6740 1.783065e-11
6741 1.782547e-11
6742 1.782029e-11
6743 1.781511e-11
6744 1.780993e-11
6745 1.780476e-11
6746 1.779959e-11
6747 1.779442e-11
6748 1.778926e-11
6749 1.778409e-11
6750 1.777893e-11
6751 1.777377e-11
6752 1.776861e-11
6753 1.776346e-11
6754 1.775831e-11
6755 1.775316e-11
6756 1.774801e-11
6757 1.774286e-11
6758 1.773772e-11
6759 1.773258e-11
6760 1.772744e-11
6761 1.772230e-11
6762 1.771717e-11
6763 1.771204e-11
6764 1.770691e-11
6765 1.770178e-11
6766 1.769665e-11
6767 1.769153e-11
6768 1.768641e-11
6769 1.768129e-11
6770 1.767617e-11
6771 1.767106e-11
6772 1.766595e-11
6773 1.766084e-11
6774 1.765573e-11
6775 1.765063e-11
6776 1.764552e-11
6777 1.764042e-11
6778 1.763532e-11
6779 1.763023e-11
6780 1.762513e-11
6781 1.762004e-11
6782 1.761495e-11
6783 1.760986e-11
6784 1.760478e-11
6785 1.759970e-11
6786 1.759461e-11
6787 1.758954e-11
6788 1.758446e-11
6789 1.757939e-11
6790 1.757431e-11
6791 1.756924e-11
6792 1.756418e-11
6793 1.755911e-11
6794 1.755405e-11
6795 1.754899e-11
6796 1.754393e-11
6797 1.753887e-11
6798 1.753382e-11
6799 1.752876e-11
6800 1.752370e-11
6801 1.751864e-11
6802 1.751359e-11
6803 1.750854e-11
6804 1.750349e-11
6805 1.749844e-11
6806 1.749339e-11
6807 1.748835e-11
6808 1.748331e-11
6809 1.747827e-11
6810 1.747324e-11
6811 1.746820e-11
6812 1.746317e-11
6813 1.745814e-11
6814 1.745311e-11
6815 1.744809e-11
6816 1.744306e-11
6817 1.743804e-11
6818 1.743303e-11
6819 1.742801e-11
6820 1.742299e-11
6821 1.741798e-11
6822 1.741297e-11
6823 1.740796e-11
6824 1.740296e-11
6825 1.739795e-11
6826 1.739295e-11
6827 1.738795e-11
6828 1.738296e-11
6829 1.737796e-11
6830 1.737297e-11
6831 1.736798e-11
6832 1.736299e-11
6833 1.735800e-11
6834 1.735302e-11
6835 1.734804e-11
6836 1.734306e-11
6837 1.733808e-11
6838 1.733311e-11
6839 1.732813e-11
6840 1.732316e-11
6841 1.731819e-11
6842 1.731323e-11
6843 1.730826e-11
6844 1.730330e-11
6845 1.729834e-11
6846 1.729338e-11
6847 1.728842e-11
6848 1.728347e-11
6849 1.727852e-11
6850 1.727357e-11
6851 1.726862e-11
6852 1.726368e-11
6853 1.725873e-11
6854 1.725379e-11
6855 1.724885e-11
6856 1.724392e-11
6857 1.723898e-11
6858 1.723405e-11
6859 1.722911e-11
6860 1.722418e-11
6861 1.721924e-11
6862 1.721431e-11
6863 1.720938e-11
6864 1.720445e-11
6865 1.719953e-11
6866 1.719460e-11
6867 1.718968e-11
6868 1.718476e-11
6869 1.717985e-11
6870 1.717493e-11
6871 1.717002e-11
6872 1.716511e-11
6873 1.716020e-11
6874 1.715529e-11
6875 1.715039e-11
6876 1.714549e-11
6877 1.714059e-11
6878 1.713569e-11
6879 1.713079e-11
6880 1.712590e-11
6881 1.712101e-11
6882 1.711612e-11
6883 1.711123e-11
6884 1.710634e-11
6885 1.710146e-11
6886 1.709658e-11
6887 1.709170e-11
6888 1.708682e-11
6889 1.708195e-11
6890 1.707708e-11
6891 1.707221e-11
6892 1.706734e-11
6893 1.706247e-11
6894 1.705761e-11
6895 1.705274e-11
6896 1.704788e-11
6897 1.704303e-11
6898 1.703817e-11
6899 1.703332e-11
6900 1.702846e-11
6901 1.702361e-11
6902 1.701877e-11
6903 1.701392e-11
6904 1.700908e-11
6905 1.700424e-11
6906 1.699940e-11
6907 1.699456e-11
6908 1.698972e-11
6909 1.698489e-11
6910 1.698006e-11
6911 1.697523e-11
6912 1.697040e-11
6913 1.696558e-11
6914 1.696076e-11
6915 1.695594e-11
6916 1.695112e-11
6917 1.694630e-11
6918 1.694149e-11
6919 1.693667e-11
6920 1.693186e-11
6921 1.692704e-11
6922 1.692223e-11
6923 1.691741e-11
6924 1.691260e-11
6925 1.690780e-11
6926 1.690299e-11
6927 1.689819e-11
6928 1.689339e-11
6929 1.688859e-11
6930 1.688379e-11
6931 1.687899e-11
6932 1.687420e-11
6933 1.686941e-11
6934 1.686462e-11
6935 1.685983e-11
6936 1.685505e-11
6937 1.685026e-11
6938 1.684548e-11
6939 1.684070e-11
6940 1.683593e-11
6941 1.683115e-11
6942 1.682638e-11
6943 1.682161e-11
6944 1.681684e-11
6945 1.681207e-11
6946 1.680731e-11
6947 1.680254e-11
6948 1.679778e-11
6949 1.679302e-11
6950 1.678827e-11
6951 1.678351e-11
6952 1.677876e-11
6953 1.677401e-11
6954 1.676926e-11
6955 1.676452e-11
6956 1.675977e-11
6957 1.675503e-11
6958 1.675029e-11
6959 1.674555e-11
6960 1.674081e-11
6961 1.673608e-11
6962 1.673135e-11
6963 1.672662e-11
6964 1.672189e-11
6965 1.671716e-11
6966 1.671244e-11
6967 1.670771e-11
6968 1.670299e-11
6969 1.669828e-11
6970 1.669356e-11
6971 1.668885e-11
6972 1.668413e-11
6973 1.667942e-11
6974 1.667472e-11
6975 1.667001e-11
6976 1.666530e-11
6977 1.666060e-11
6978 1.665590e-11
6979 1.665120e-11
6980 1.664651e-11
6981 1.664181e-11
6982 1.663711e-11
6983 1.663241e-11
6984 1.662772e-11
6985 1.662302e-11
6986 1.661833e-11
6987 1.661364e-11
6988 1.660896e-11
6989 1.660427e-11
6990 1.659959e-11
6991 1.659490e-11
6992 1.659022e-11
6993 1.658555e-11
6994 1.658087e-11
6995 1.657620e-11
6996 1.657152e-11
6997 1.656685e-11
6998 1.656219e-11
6999 1.655752e-11
7000 1.655286e-11
7001 1.654820e-11
7002 1.654354e-11
7003 1.653888e-11
7004 1.653422e-11
7005 1.652957e-11
7006 1.652492e-11
7007 1.652027e-11
7008 1.651562e-11
7009 1.651097e-11
7010 1.650633e-11
7011 1.650168e-11
7012 1.649704e-11
7013 1.649241e-11
7014 1.648777e-11
7015 1.648314e-11
7016 1.647850e-11
7017 1.647387e-11
7018 1.646924e-11
7019 1.646462e-11
7020 1.645999e-11
7021 1.645537e-11
7022 1.645075e-11
7023 1.644613e-11
7024 1.644151e-11
7025 1.643690e-11
7026 1.643229e-11
7027 1.642768e-11
7028 1.642307e-11
7029 1.641846e-11
7030 1.641386e-11
7031 1.640925e-11
7032 1.640465e-11
7033 1.640005e-11
7034 1.639546e-11
7035 1.639086e-11
7036 1.638627e-11
7037 1.638168e-11
7038 1.637709e-11
7039 1.637250e-11
7040 1.636791e-11
7041 1.636333e-11
7042 1.635875e-11
7043 1.635417e-11
7044 1.634958e-11
7045 1.634500e-11
7046 1.634042e-11
7047 1.633584e-11
7048 1.633126e-11
7049 1.632668e-11
7050 1.632211e-11
7051 1.631754e-11
7052 1.631297e-11
7053 1.630840e-11
7054 1.630383e-11
7055 1.629927e-11
7056 1.629471e-11
7057 1.629015e-11
7058 1.628559e-11
7059 1.628103e-11
7060 1.627648e-11
7061 1.627193e-11
7062 1.626738e-11
7063 1.626283e-11
7064 1.625828e-11
7065 1.625374e-11
7066 1.624919e-11
7067 1.624465e-11
7068 1.624012e-11
7069 1.623558e-11
7070 1.623104e-11
7071 1.622651e-11
7072 1.622198e-11
7073 1.621745e-11
7074 1.621292e-11
7075 1.620840e-11
7076 1.620387e-11
7077 1.619935e-11
7078 1.619483e-11
7079 1.619031e-11
7080 1.618580e-11
7081 1.618128e-11
7082 1.617677e-11
7083 1.617226e-11
7084 1.616775e-11
7085 1.616324e-11
7086 1.615874e-11
7087 1.615424e-11
7088 1.614974e-11
7089 1.614524e-11
7090 1.614074e-11
7091 1.613624e-11
7092 1.613175e-11
7093 1.612726e-11
7094 1.612277e-11
7095 1.611828e-11
7096 1.611380e-11
7097 1.610931e-11
7098 1.610483e-11
7099 1.610035e-11
7100 1.609587e-11
7101 1.609139e-11
7102 1.608692e-11
7103 1.608245e-11
7104 1.607798e-11
7105 1.607351e-11
7106 1.606904e-11
7107 1.606456e-11
7108 1.606009e-11
7109 1.605562e-11
7110 1.605116e-11
7111 1.604669e-11
7112 1.604223e-11
7113 1.603777e-11
7114 1.603331e-11
7115 1.602885e-11
7116 1.602440e-11
7117 1.601994e-11
7118 1.601549e-11
7119 1.601104e-11
7120 1.600659e-11
7121 1.600215e-11
7122 1.599770e-11
7123 1.599326e-11
7124 1.598882e-11
7125 1.598438e-11
7126 1.597994e-11
7127 1.597551e-11
7128 1.597108e-11
7129 1.596664e-11
7130 1.596221e-11
7131 1.595779e-11
7132 1.595336e-11
7133 1.594894e-11
7134 1.594452e-11
7135 1.594010e-11
7136 1.593568e-11
7137 1.593126e-11
7138 1.592685e-11
7139 1.592243e-11
7140 1.591802e-11
7141 1.591361e-11
7142 1.590921e-11
7143 1.590480e-11
7144 1.590040e-11
7145 1.589599e-11
7146 1.589159e-11
7147 1.588720e-11
7148 1.588280e-11
7149 1.587841e-11
7150 1.587401e-11
7151 1.586962e-11
7152 1.586523e-11
7153 1.586085e-11
7154 1.585646e-11
7155 1.585208e-11
7156 1.584769e-11
7157 1.584331e-11
7158 1.583894e-11
7159 1.583456e-11
7160 1.583019e-11
7161 1.582581e-11
7162 1.582144e-11
7163 1.581707e-11
7164 1.581271e-11
7165 1.580834e-11
7166 1.580398e-11
7167 1.579962e-11
7168 1.579526e-11
7169 1.579089e-11
7170 1.578653e-11
7171 1.578217e-11
7172 1.577781e-11
7173 1.577345e-11
7174 1.576910e-11
7175 1.576474e-11
7176 1.576039e-11
7177 1.575604e-11
7178 1.575169e-11
7179 1.574734e-11
7180 1.574300e-11
7181 1.573866e-11
7182 1.573431e-11
7183 1.572998e-11
7184 1.572564e-11
7185 1.572130e-11
7186 1.571697e-11
7187 1.571263e-11
7188 1.570830e-11
7189 1.570398e-11
7190 1.569965e-11
7191 1.569532e-11
7192 1.569100e-11
7193 1.568668e-11
7194 1.568236e-11
7195 1.567804e-11
7196 1.567372e-11
7197 1.566941e-11
7198 1.566510e-11
7199 1.566079e-11
7200 1.565648e-11
7201 1.565217e-11
7202 1.564786e-11
7203 1.564356e-11
7204 1.563926e-11
7205 1.563496e-11
7206 1.563066e-11
7207 1.562636e-11
7208 1.562207e-11
7209 1.561777e-11
7210 1.561348e-11
7211 1.560919e-11
7212 1.560491e-11
7213 1.560062e-11
7214 1.559634e-11
7215 1.559205e-11
7216 1.558777e-11
7217 1.558349e-11
7218 1.557922e-11
7219 1.557494e-11
7220 1.557067e-11
7221 1.556640e-11
7222 1.556213e-11
7223 1.555786e-11
7224 1.555359e-11
7225 1.554933e-11
7226 1.554506e-11
7227 1.554080e-11
7228 1.553654e-11
7229 1.553228e-11
7230 1.552803e-11
7231 1.552377e-11
7232 1.551952e-11
7233 1.551526e-11
7234 1.551101e-11
7235 1.550675e-11
7236 1.550250e-11
7237 1.549825e-11
7238 1.549400e-11
7239 1.548976e-11
7240 1.548551e-11
7241 1.548127e-11
7242 1.547703e-11
7243 1.547279e-11
7244 1.546855e-11
7245 1.546431e-11
7246 1.546008e-11
7247 1.545584e-11
7248 1.545161e-11
7249 1.544738e-11
7250 1.544316e-11
7251 1.543893e-11
7252 1.543471e-11
7253 1.543048e-11
7254 1.542626e-11
7255 1.542204e-11
7256 1.541783e-11
7257 1.541361e-11
7258 1.540940e-11
7259 1.540519e-11
7260 1.540097e-11
7261 1.539677e-11
7262 1.539256e-11
7263 1.538835e-11
7264 1.538415e-11
7265 1.537995e-11
7266 1.537575e-11
7267 1.537155e-11
7268 1.536735e-11
7269 1.536316e-11
7270 1.535897e-11
7271 1.535478e-11
7272 1.535059e-11
7273 1.534640e-11
7274 1.534221e-11
7275 1.533803e-11
7276 1.533384e-11
7277 1.532966e-11
7278 1.532548e-11
7279 1.532131e-11
7280 1.531713e-11
7281 1.531296e-11
7282 1.530878e-11
7283 1.530461e-11
7284 1.530044e-11
7285 1.529628e-11
7286 1.529211e-11
7287 1.528795e-11
7288 1.528378e-11
7289 1.527962e-11
7290 1.527547e-11
7291 1.527131e-11
7292 1.526715e-11
7293 1.526300e-11
7294 1.525885e-11
7295 1.525470e-11
7296 1.525055e-11
7297 1.524640e-11
7298 1.524225e-11
7299 1.523810e-11
7300 1.523395e-11
7301 1.522980e-11
7302 1.522566e-11
7303 1.522151e-11
7304 1.521737e-11
7305 1.521323e-11
7306 1.520909e-11
7307 1.520496e-11
7308 1.520082e-11
7309 1.519669e-11
7310 1.519256e-11
7311 1.518843e-11
7312 1.518430e-11
7313 1.518017e-11
7314 1.517605e-11
7315 1.517193e-11
7316 1.516781e-11
7317 1.516369e-11
7318 1.515957e-11
7319 1.515545e-11
7320 1.515134e-11
7321 1.514722e-11
7322 1.514311e-11
7323 1.513900e-11
7324 1.513490e-11
7325 1.513079e-11
7326 1.512669e-11
7327 1.512258e-11
7328 1.511848e-11
7329 1.511438e-11
7330 1.511029e-11
7331 1.510619e-11
7332 1.510209e-11
7333 1.509800e-11
7334 1.509391e-11
7335 1.508982e-11
7336 1.508573e-11
7337 1.508165e-11
7338 1.507756e-11
7339 1.507348e-11
7340 1.506940e-11
7341 1.506532e-11
7342 1.506124e-11
7343 1.505717e-11
7344 1.505309e-11
7345 1.504902e-11
7346 1.504495e-11
7347 1.504088e-11
7348 1.503681e-11
7349 1.503274e-11
7350 1.502868e-11
7351 1.502462e-11
7352 1.502056e-11
7353 1.501650e-11
7354 1.501244e-11
7355 1.500838e-11
7356 1.500433e-11
7357 1.500028e-11
7358 1.499622e-11
7359 1.499217e-11
7360 1.498813e-11
7361 1.498408e-11
7362 1.498003e-11
7363 1.497598e-11
7364 1.497193e-11
7365 1.496789e-11
7366 1.496384e-11
7367 1.495980e-11
7368 1.495576e-11
7369 1.495172e-11
7370 1.494768e-11
7371 1.494365e-11
7372 1.493961e-11
7373 1.493558e-11
7374 1.493155e-11
7375 1.492752e-11
7376 1.492349e-11
7377 1.491946e-11
7378 1.491544e-11
7379 1.491141e-11
7380 1.490739e-11
7381 1.490337e-11
7382 1.489935e-11
7383 1.489534e-11
7384 1.489132e-11
7385 1.488731e-11
7386 1.488330e-11
7387 1.487929e-11
7388 1.487528e-11
7389 1.487127e-11
7390 1.486727e-11
7391 1.486326e-11
7392 1.485926e-11
7393 1.485526e-11
7394 1.485126e-11
7395 1.484727e-11
7396 1.484327e-11
7397 1.483928e-11
7398 1.483528e-11
7399 1.483129e-11
7400 1.482730e-11
7401 1.482332e-11
7402 1.481933e-11
7403 1.481535e-11
7404 1.481136e-11
7405 1.480738e-11
7406 1.480340e-11
7407 1.479943e-11
7408 1.479545e-11
7409 1.479148e-11
7410 1.478750e-11
7411 1.478353e-11
7412 1.477956e-11
7413 1.477559e-11
7414 1.477163e-11
7415 1.476766e-11
7416 1.476370e-11
7417 1.475974e-11
7418 1.475578e-11
7419 1.475182e-11
7420 1.474786e-11
7421 1.474391e-11
7422 1.473995e-11
7423 1.473600e-11
7424 1.473205e-11
7425 1.472810e-11
7426 1.472415e-11
7427 1.472020e-11
7428 1.471625e-11
7429 1.471230e-11
7430 1.470836e-11
7431 1.470441e-11
7432 1.470047e-11
7433 1.469653e-11
7434 1.469259e-11
7435 1.468865e-11
7436 1.468471e-11
7437 1.468077e-11
7438 1.467684e-11
7439 1.467291e-11
7440 1.466897e-11
7441 1.466504e-11
7442 1.466112e-11
7443 1.465719e-11
7444 1.465327e-11
7445 1.464934e-11
7446 1.464542e-11
7447 1.464150e-11
7448 1.463758e-11
7449 1.463366e-11
7450 1.462975e-11
7451 1.462584e-11
7452 1.462192e-11
7453 1.461801e-11
7454 1.461410e-11
7455 1.461020e-11
7456 1.460629e-11
7457 1.460238e-11
7458 1.459848e-11
7459 1.459458e-11
7460 1.459068e-11
7461 1.458678e-11
7462 1.458289e-11
7463 1.457899e-11
7464 1.457510e-11
7465 1.457121e-11
7466 1.456732e-11
7467 1.456343e-11
7468 1.455954e-11
7469 1.455565e-11
7470 1.455177e-11
7471 1.454789e-11
7472 1.454401e-11
7473 1.454013e-11
7474 1.453625e-11
7475 1.453237e-11
7476 1.452850e-11
7477 1.452462e-11
7478 1.452075e-11
7479 1.451688e-11
7480 1.451301e-11
7481 1.450915e-11
7482 1.450528e-11
7483 1.450142e-11
7484 1.449755e-11
7485 1.449369e-11
7486 1.448983e-11
7487 1.448598e-11
7488 1.448212e-11
7489 1.447827e-11
7490 1.447441e-11
7491 1.447056e-11
7492 1.446671e-11
7493 1.446286e-11
7494 1.445901e-11
7495 1.445515e-11
7496 1.445131e-11
7497 1.444746e-11
7498 1.444361e-11
7499 1.443977e-11
7500 1.443592e-11
7501 1.443208e-11
7502 1.442824e-11
7503 1.442440e-11
7504 1.442056e-11
7505 1.441673e-11
7506 1.441289e-11
7507 1.440906e-11
7508 1.440523e-11
7509 1.440140e-11
7510 1.439757e-11
7511 1.439374e-11
7512 1.438992e-11
7513 1.438609e-11
7514 1.438227e-11
7515 1.437845e-11
7516 1.437463e-11
7517 1.437081e-11
7518 1.436700e-11
7519 1.436318e-11
7520 1.435937e-11
7521 1.435556e-11
7522 1.435175e-11
7523 1.434794e-11
7524 1.434413e-11
7525 1.434033e-11
7526 1.433652e-11
7527 1.433272e-11
7528 1.432892e-11
7529 1.432512e-11
7530 1.432132e-11
7531 1.431753e-11
7532 1.431373e-11
7533 1.430994e-11
7534 1.430615e-11
7535 1.430236e-11
7536 1.429857e-11
7537 1.429478e-11
7538 1.429099e-11
7539 1.428721e-11
7540 1.428343e-11
7541 1.427965e-11
7542 1.427587e-11
7543 1.427209e-11
7544 1.426831e-11
7545 1.426454e-11
7546 1.426076e-11
7547 1.425699e-11
7548 1.425322e-11
7549 1.424945e-11
7550 1.424568e-11
7551 1.424191e-11
7552 1.423815e-11
7553 1.423439e-11
7554 1.423062e-11
7555 1.422686e-11
7556 1.422311e-11
7557 1.421935e-11
7558 1.421559e-11
7559 1.421184e-11
7560 1.420808e-11
7561 1.420432e-11
7562 1.420057e-11
7563 1.419681e-11
7564 1.419306e-11
7565 1.418931e-11
7566 1.418556e-11
7567 1.418181e-11
7568 1.417806e-11
7569 1.417432e-11
7570 1.417058e-11
7571 1.416683e-11
7572 1.416309e-11
7573 1.415935e-11
7574 1.415562e-11
7575 1.415188e-11
7576 1.414814e-11
7577 1.414441e-11
7578 1.414068e-11
7579 1.413695e-11
7580 1.413322e-11
7581 1.412949e-11
7582 1.412577e-11
7583 1.412204e-11
7584 1.411832e-11
7585 1.411460e-11
7586 1.411088e-11
7587 1.410716e-11
7588 1.410344e-11
7589 1.409973e-11
7590 1.409601e-11
7591 1.409230e-11
7592 1.408859e-11
7593 1.408488e-11
7594 1.408117e-11
7595 1.407746e-11
7596 1.407376e-11
7597 1.407005e-11
7598 1.406635e-11
7599 1.406265e-11
7600 1.405895e-11
7601 1.405525e-11
7602 1.405156e-11
7603 1.404786e-11
7604 1.404417e-11
7605 1.404048e-11
7606 1.403678e-11
7607 1.403310e-11
7608 1.402941e-11
7609 1.402572e-11
7610 1.402204e-11
7611 1.401835e-11
7612 1.401467e-11
7613 1.401099e-11
7614 1.400731e-11
7615 1.400363e-11
7616 1.399996e-11
7617 1.399628e-11
7618 1.399261e-11
7619 1.398894e-11
7620 1.398527e-11
7621 1.398160e-11
7622 1.397793e-11
7623 1.397426e-11
7624 1.397060e-11
7625 1.396694e-11
7626 1.396327e-11
7627 1.395961e-11
7628 1.395594e-11
7629 1.395228e-11
7630 1.394862e-11
7631 1.394496e-11
7632 1.394130e-11
7633 1.393764e-11
7634 1.393399e-11
7635 1.393033e-11
7636 1.392668e-11
7637 1.392303e-11
7638 1.391938e-11
7639 1.391573e-11
7640 1.391208e-11
7641 1.390844e-11
7642 1.390479e-11
7643 1.390115e-11
7644 1.389751e-11
7645 1.389387e-11
7646 1.389023e-11
7647 1.388659e-11
7648 1.388296e-11
7649 1.387932e-11
7650 1.387569e-11
7651 1.387206e-11
7652 1.386843e-11
7653 1.386480e-11
7654 1.386117e-11
7655 1.385755e-11
7656 1.385392e-11
7657 1.385030e-11
7658 1.384668e-11
7659 1.384306e-11
7660 1.383944e-11
7661 1.383582e-11
7662 1.383221e-11
7663 1.382859e-11
7664 1.382498e-11
7665 1.382137e-11
7666 1.381776e-11
7667 1.381415e-11
7668 1.381054e-11
7669 1.380694e-11
7670 1.380333e-11
7671 1.379973e-11
7672 1.379613e-11
7673 1.379253e-11
7674 1.378893e-11
7675 1.378533e-11
7676 1.378173e-11
7677 1.377814e-11
7678 1.377455e-11
7679 1.377096e-11
7680 1.376736e-11
7681 1.376378e-11
7682 1.376019e-11
7683 1.375660e-11
7684 1.375302e-11
7685 1.374943e-11
7686 1.374585e-11
7687 1.374227e-11
7688 1.373869e-11
7689 1.373511e-11
7690 1.373154e-11
7691 1.372796e-11
7692 1.372439e-11
7693 1.372082e-11
7694 1.371725e-11
7695 1.371367e-11
7696 1.371010e-11
7697 1.370653e-11
7698 1.370296e-11
7699 1.369939e-11
7700 1.369582e-11
7701 1.369225e-11
7702 1.368869e-11
7703 1.368512e-11
7704 1.368156e-11
7705 1.367800e-11
7706 1.367444e-11
7707 1.367088e-11
7708 1.366733e-11
7709 1.366377e-11
7710 1.366022e-11
7711 1.365666e-11
7712 1.365311e-11
7713 1.364956e-11
7714 1.364602e-11
7715 1.364247e-11
7716 1.363892e-11
7717 1.363538e-11
7718 1.363184e-11
7719 1.362829e-11
7720 1.362475e-11
7721 1.362122e-11
7722 1.361768e-11
7723 1.361414e-11
7724 1.361061e-11
7725 1.360708e-11
7726 1.360354e-11
7727 1.360001e-11
7728 1.359648e-11
7729 1.359296e-11
7730 1.358943e-11
7731 1.358590e-11
7732 1.358238e-11
7733 1.357886e-11
7734 1.357534e-11
7735 1.357182e-11
7736 1.356830e-11
7737 1.356478e-11
7738 1.356127e-11
7739 1.355775e-11
7740 1.355424e-11
7741 1.355073e-11
7742 1.354722e-11
7743 1.354371e-11
7744 1.354021e-11
7745 1.353670e-11
7746 1.353319e-11
7747 1.352969e-11
7748 1.352619e-11
7749 1.352269e-11
7750 1.351919e-11
7751 1.351569e-11
7752 1.351220e-11
7753 1.350870e-11
7754 1.350521e-11
7755 1.350172e-11
7756 1.349823e-11
7757 1.349474e-11
7758 1.349125e-11
7759 1.348776e-11
7760 1.348427e-11
7761 1.348079e-11
7762 1.347731e-11
7763 1.347382e-11
7764 1.347034e-11
7765 1.346685e-11
7766 1.346337e-11
7767 1.345989e-11
7768 1.345641e-11
7769 1.345293e-11
7770 1.344946e-11
7771 1.344598e-11
7772 1.344251e-11
7773 1.343903e-11
7774 1.343556e-11
7775 1.343209e-11
7776 1.342862e-11
7777 1.342515e-11
7778 1.342169e-11
7779 1.341822e-11
7780 1.341476e-11
7781 1.341130e-11
7782 1.340783e-11
7783 1.340437e-11
7784 1.340092e-11
7785 1.339746e-11
7786 1.339400e-11
7787 1.339055e-11
7788 1.338710e-11
7789 1.338364e-11
7790 1.338019e-11
7791 1.337675e-11
7792 1.337330e-11
7793 1.336985e-11
7794 1.336641e-11
7795 1.336296e-11
7796 1.335952e-11
7797 1.335608e-11
7798 1.335264e-11
7799 1.334920e-11
7800 1.334576e-11
7801 1.334233e-11
7802 1.333889e-11
7803 1.333546e-11
7804 1.333203e-11
7805 1.332860e-11
7806 1.332517e-11
7807 1.332174e-11
7808 1.331832e-11
7809 1.331489e-11
7810 1.331147e-11
7811 1.330804e-11
7812 1.330462e-11
7813 1.330120e-11
7814 1.329778e-11
7815 1.329437e-11
7816 1.329095e-11
7817 1.328754e-11
7818 1.328412e-11
7819 1.328071e-11
7820 1.327730e-11
7821 1.327389e-11
7822 1.327048e-11
7823 1.326708e-11
7824 1.326367e-11
7825 1.326027e-11
7826 1.325686e-11
7827 1.325346e-11
7828 1.325006e-11
7829 1.324666e-11
7830 1.324327e-11
7831 1.323987e-11
7832 1.323647e-11
7833 1.323307e-11
7834 1.322968e-11
7835 1.322628e-11
7836 1.322289e-11
7837 1.321949e-11
7838 1.321610e-11
7839 1.321271e-11
7840 1.320932e-11
7841 1.320593e-11
7842 1.320254e-11
7843 1.319916e-11
7844 1.319577e-11
7845 1.319239e-11
7846 1.318901e-11
7847 1.318563e-11
7848 1.318225e-11
7849 1.317887e-11
7850 1.317550e-11
7851 1.317212e-11
7852 1.316875e-11
7853 1.316537e-11
7854 1.316200e-11
7855 1.315863e-11
7856 1.315526e-11
7857 1.315190e-11
7858 1.314853e-11
7859 1.314517e-11
7860 1.314180e-11
7861 1.313844e-11
7862 1.313508e-11
7863 1.313172e-11
7864 1.312836e-11
7865 1.312500e-11
7866 1.312165e-11
7867 1.311829e-11
7868 1.311494e-11
7869 1.311159e-11
7870 1.310824e-11
7871 1.310489e-11
7872 1.310154e-11
7873 1.309819e-11
7874 1.309485e-11
7875 1.309150e-11
7876 1.308816e-11
7877 1.308482e-11
7878 1.308148e-11
7879 1.307814e-11
7880 1.307480e-11
7881 1.307146e-11
7882 1.306813e-11
7883 1.306479e-11
7884 1.306146e-11
7885 1.305813e-11
7886 1.305480e-11
7887 1.305147e-11
7888 1.304814e-11
7889 1.304482e-11
7890 1.304149e-11
7891 1.303817e-11
7892 1.303484e-11
7893 1.303152e-11
7894 1.302820e-11
7895 1.302488e-11
7896 1.302157e-11
7897 1.301825e-11
7898 1.301494e-11
7899 1.301162e-11
7900 1.300831e-11
7901 1.300500e-11
7902 1.300168e-11
7903 1.299837e-11
7904 1.299506e-11
7905 1.299175e-11
7906 1.298844e-11
7907 1.298513e-11
7908 1.298182e-11
7909 1.297851e-11
7910 1.297521e-11
7911 1.297191e-11
7912 1.296860e-11
7913 1.296530e-11
7914 1.296200e-11
7915 1.295870e-11
7916 1.295541e-11
7917 1.295211e-11
7918 1.294882e-11
7919 1.294552e-11
7920 1.294223e-11
7921 1.293894e-11
7922 1.293565e-11
7923 1.293236e-11
7924 1.292908e-11
7925 1.292579e-11
7926 1.292250e-11
7927 1.291922e-11
7928 1.291594e-11
7929 1.291266e-11
7930 1.290938e-11
7931 1.290610e-11
7932 1.290282e-11
7933 1.289955e-11
7934 1.289627e-11
7935 1.289300e-11
7936 1.288973e-11
7937 1.288646e-11
7938 1.288319e-11
7939 1.287992e-11
7940 1.287665e-11
7941 1.287338e-11
7942 1.287012e-11
7943 1.286686e-11
7944 1.286359e-11
7945 1.286033e-11
7946 1.285707e-11
7947 1.285381e-11
7948 1.285056e-11
7949 1.284730e-11
7950 1.284405e-11
7951 1.284079e-11
7952 1.283754e-11
7953 1.283429e-11
7954 1.283104e-11
7955 1.282779e-11
7956 1.282454e-11
7957 1.282130e-11
7958 1.281805e-11
7959 1.281481e-11
7960 1.281157e-11
7961 1.280832e-11
7962 1.280508e-11
7963 1.280185e-11
7964 1.279861e-11
7965 1.279537e-11
7966 1.279214e-11
7967 1.278890e-11
7968 1.278567e-11
7969 1.278244e-11
7970 1.277921e-11
7971 1.277598e-11
7972 1.277275e-11
7973 1.276951e-11
7974 1.276628e-11
7975 1.276306e-11
7976 1.275983e-11
7977 1.275660e-11
7978 1.275338e-11
7979 1.275015e-11
7980 1.274693e-11
7981 1.274371e-11
7982 1.274049e-11
7983 1.273727e-11
7984 1.273405e-11
7985 1.273083e-11
7986 1.272762e-11
7987 1.272441e-11
7988 1.272119e-11
7989 1.271798e-11
7990 1.271477e-11
7991 1.271156e-11
7992 1.270835e-11
7993 1.270515e-11
7994 1.270194e-11
7995 1.269874e-11
7996 1.269553e-11
7997 1.269233e-11
7998 1.268913e-11
7999 1.268593e-11
8000 1.268273e-11
8001 1.267953e-11
8002 1.267634e-11
8003 1.267314e-11
8004 1.266995e-11
8005 1.266676e-11
8006 1.266357e-11
8007 1.266038e-11
8008 1.265719e-11
8009 1.265400e-11
8010 1.265081e-11
8011 1.264763e-11
8012 1.264444e-11
8013 1.264126e-11
8014 1.263808e-11
8015 1.263490e-11
8016 1.263172e-11
8017 1.262854e-11
8018 1.262536e-11
8019 1.262219e-11
8020 1.261901e-11
8021 1.261584e-11
8022 1.261267e-11
8023 1.260950e-11
8024 1.260633e-11
8025 1.260316e-11
8026 1.259999e-11
8027 1.259683e-11
8028 1.259366e-11
8029 1.259050e-11
8030 1.258733e-11
8031 1.258417e-11
8032 1.258101e-11
8033 1.257785e-11
8034 1.257470e-11
8035 1.257154e-11
8036 1.256838e-11
8037 1.256523e-11
8038 1.256208e-11
8039 1.255892e-11
8040 1.255577e-11
8041 1.255262e-11
8042 1.254948e-11
8043 1.254632e-11
8044 1.254317e-11
8045 1.254002e-11
8046 1.253688e-11
8047 1.253373e-11
8048 1.253058e-11
8049 1.252744e-11
8050 1.252430e-11
8051 1.252115e-11
8052 1.251801e-11
8053 1.251487e-11
8054 1.251173e-11
8055 1.250860e-11
8056 1.250546e-11
8057 1.250232e-11
8058 1.249919e-11
8059 1.249606e-11
8060 1.249293e-11
8061 1.248980e-11
8062 1.248667e-11
8063 1.248354e-11
8064 1.248041e-11
8065 1.247729e-11
8066 1.247416e-11
8067 1.247104e-11
8068 1.246792e-11
8069 1.246479e-11
8070 1.246167e-11
8071 1.245856e-11
8072 1.245544e-11
8073 1.245232e-11
8074 1.244921e-11
8075 1.244609e-11
8076 1.244298e-11
8077 1.243987e-11
8078 1.243676e-11
8079 1.243365e-11
8080 1.243054e-11
8081 1.242743e-11
8082 1.242433e-11
8083 1.242122e-11
8084 1.241812e-11
8085 1.241502e-11
8086 1.241191e-11
8087 1.240881e-11
8088 1.240572e-11
8089 1.240262e-11
8090 1.239952e-11
8091 1.239643e-11
8092 1.239333e-11
8093 1.239024e-11
8094 1.238715e-11
8095 1.238405e-11
8096 1.238096e-11
8097 1.237788e-11
8098 1.237479e-11
8099 1.237170e-11
8100 1.236862e-11
8101 1.236553e-11
8102 1.236245e-11
8103 1.235937e-11
8104 1.235629e-11
8105 1.235321e-11
8106 1.235013e-11
8107 1.234705e-11
8108 1.234398e-11
8109 1.234090e-11
8110 1.233783e-11
8111 1.233476e-11
8112 1.233169e-11
8113 1.232861e-11
8114 1.232554e-11
8115 1.232247e-11
8116 1.231940e-11
8117 1.231633e-11
8118 1.231326e-11
8119 1.231019e-11
8120 1.230713e-11
8121 1.230406e-11
8122 1.230100e-11
8123 1.229793e-11
8124 1.229487e-11
8125 1.229181e-11
8126 1.228875e-11
8127 1.228569e-11
8128 1.228263e-11
8129 1.227958e-11
8130 1.227652e-11
8131 1.227347e-11
8132 1.227042e-11
8133 1.226736e-11
8134 1.226431e-11
8135 1.226126e-11
8136 1.225822e-11
8137 1.225517e-11
8138 1.225212e-11
8139 1.224908e-11
8140 1.224603e-11
8141 1.224299e-11
8142 1.223995e-11
8143 1.223691e-11
8144 1.223387e-11
8145 1.223083e-11
8146 1.222779e-11
8147 1.222476e-11
8148 1.222172e-11
8149 1.221869e-11
8150 1.221566e-11
8151 1.221263e-11
8152 1.220960e-11
8153 1.220657e-11
8154 1.220354e-11
8155 1.220051e-11
8156 1.219749e-11
8157 1.219446e-11
8158 1.219144e-11
8159 1.218841e-11
8160 1.218539e-11
8161 1.218237e-11
8162 1.217935e-11
8163 1.217634e-11
8164 1.217332e-11
8165 1.217030e-11
8166 1.216729e-11
8167 1.216427e-11
8168 1.216126e-11
8169 1.215825e-11
8170 1.215524e-11
8171 1.215223e-11
8172 1.214922e-11
8173 1.214622e-11
8174 1.214321e-11
8175 1.214021e-11
8176 1.213720e-11
8177 1.213420e-11
8178 1.213120e-11
8179 1.212820e-11
8180 1.212520e-11
8181 1.212220e-11
8182 1.211920e-11
8183 1.211621e-11
8184 1.211321e-11
8185 1.211022e-11
8186 1.210723e-11
8187 1.210423e-11
8188 1.210124e-11
8189 1.209824e-11
8190 1.209525e-11
8191 1.209226e-11
8192 1.208927e-11
8193 1.208628e-11
8194 1.208329e-11
8195 1.208031e-11
8196 1.207732e-11
8197 1.207434e-11
8198 1.207135e-11
8199 1.206837e-11
8200 1.206539e-11
8201 1.206241e-11
8202 1.205943e-11
8203 1.205645e-11
8204 1.205347e-11
8205 1.205050e-11
8206 1.204752e-11
8207 1.204455e-11
8208 1.204158e-11
8209 1.203861e-11
8210 1.203564e-11
8211 1.203267e-11
8212 1.202970e-11
8213 1.202673e-11
8214 1.202377e-11
8215 1.202080e-11
8216 1.201784e-11
8217 1.201488e-11
8218 1.201191e-11
8219 1.200895e-11
8220 1.200599e-11
8221 1.200304e-11
8222 1.200008e-11
8223 1.199712e-11
8224 1.199417e-11
8225 1.199121e-11
8226 1.198826e-11
8227 1.198531e-11
8228 1.198236e-11
8229 1.197941e-11
8230 1.197646e-11
8231 1.197351e-11
8232 1.197057e-11
8233 1.196762e-11
8234 1.196468e-11
8235 1.196174e-11
8236 1.195879e-11
8237 1.195585e-11
8238 1.195291e-11
8239 1.194997e-11
8240 1.194704e-11
8241 1.194410e-11
8242 1.194116e-11
8243 1.193823e-11
8244 1.193530e-11
8245 1.193236e-11
8246 1.192943e-11
8247 1.192650e-11
8248 1.192357e-11
8249 1.192065e-11
8250 1.191772e-11
8251 1.191479e-11
8252 1.191187e-11
8253 1.190895e-11
8254 1.190602e-11
8255 1.190310e-11
8256 1.190018e-11
8257 1.189726e-11
8258 1.189434e-11
8259 1.189142e-11
8260 1.188850e-11
8261 1.188558e-11
8262 1.188267e-11
8263 1.187975e-11
8264 1.187683e-11
8265 1.187392e-11
8266 1.187100e-11
8267 1.186809e-11
8268 1.186518e-11
8269 1.186227e-11
8270 1.185936e-11
8271 1.185645e-11
8272 1.185354e-11
8273 1.185064e-11
8274 1.184773e-11
8275 1.184483e-11
8276 1.184192e-11
8277 1.183902e-11
8278 1.183612e-11
8279 1.183322e-11
8280 1.183032e-11
8281 1.182742e-11
8282 1.182453e-11
8283 1.182163e-11
8284 1.181874e-11
8285 1.181584e-11
8286 1.181295e-11
8287 1.181006e-11
8288 1.180717e-11
8289 1.180428e-11
8290 1.180139e-11
8291 1.179850e-11
8292 1.179562e-11
8293 1.179273e-11
8294 1.178985e-11
8295 1.178696e-11
8296 1.178408e-11
8297 1.178120e-11
8298 1.177832e-11
8299 1.177544e-11
8300 1.177257e-11
8301 1.176969e-11
8302 1.176681e-11
8303 1.176394e-11
8304 1.176106e-11
8305 1.175819e-11
8306 1.175532e-11
8307 1.175245e-11
8308 1.174958e-11
8309 1.174671e-11
8310 1.174384e-11
8311 1.174098e-11
8312 1.173811e-11
8313 1.173525e-11
8314 1.173239e-11
8315 1.172952e-11
8316 1.172666e-11
8317 1.172380e-11
8318 1.172094e-11
8319 1.171809e-11
8320 1.171523e-11
8321 1.171237e-11
8322 1.170952e-11
8323 1.170666e-11
8324 1.170381e-11
8325 1.170096e-11
8326 1.169811e-11
8327 1.169526e-11
8328 1.169241e-11
8329 1.168956e-11
8330 1.168672e-11
8331 1.168387e-11
8332 1.168102e-11
8333 1.167818e-11
8334 1.167533e-11
8335 1.167249e-11
8336 1.166964e-11
8337 1.166680e-11
8338 1.166396e-11
8339 1.166112e-11
8340 1.165827e-11
8341 1.165544e-11
8342 1.165260e-11
8343 1.164976e-11
8344 1.164692e-11
8345 1.164409e-11
8346 1.164126e-11
8347 1.163842e-11
8348 1.163559e-11
8349 1.163276e-11
8350 1.162993e-11
8351 1.162710e-11
8352 1.162427e-11
8353 1.162145e-11
8354 1.161862e-11
8355 1.161580e-11
8356 1.161297e-11
8357 1.161015e-11
8358 1.160733e-11
8359 1.160451e-11
8360 1.160169e-11
8361 1.159887e-11
8362 1.159605e-11
8363 1.159324e-11
8364 1.159042e-11
8365 1.158761e-11
8366 1.158479e-11
8367 1.158198e-11
8368 1.157917e-11
8369 1.157636e-11
8370 1.157355e-11
8371 1.157074e-11
8372 1.156793e-11
8373 1.156513e-11
8374 1.156232e-11
8375 1.155952e-11
8376 1.155671e-11
8377 1.155391e-11
8378 1.155111e-11
8379 1.154831e-11
8380 1.154551e-11
8381 1.154271e-11
8382 1.153991e-11
8383 1.153712e-11
8384 1.153432e-11
8385 1.153153e-11
8386 1.152874e-11
8387 1.152594e-11
8388 1.152315e-11
8389 1.152036e-11
8390 1.151757e-11
8391 1.151479e-11
8392 1.151200e-11
8393 1.150921e-11
8394 1.150643e-11
8395 1.150364e-11
8396 1.150086e-11
8397 1.149808e-11
8398 1.149530e-11
8399 1.149252e-11
8400 1.148974e-11
8401 1.148696e-11
8402 1.148418e-11
8403 1.148141e-11
8404 1.147863e-11
8405 1.147586e-11
8406 1.147308e-11
8407 1.147031e-11
8408 1.146753e-11
8409 1.146476e-11
8410 1.146198e-11
8411 1.145921e-11
8412 1.145644e-11
8413 1.145367e-11
8414 1.145090e-11
8415 1.144814e-11
8416 1.144537e-11
8417 1.144260e-11
8418 1.143984e-11
8419 1.143707e-11
8420 1.143431e-11
8421 1.143155e-11
8422 1.142879e-11
8423 1.142603e-11
8424 1.142327e-11
8425 1.142051e-11
8426 1.141775e-11
8427 1.141500e-11
8428 1.141224e-11
8429 1.140949e-11
8430 1.140674e-11
8431 1.140398e-11
8432 1.140123e-11
8433 1.139848e-11
8434 1.139573e-11
8435 1.139299e-11
8436 1.139024e-11
8437 1.138749e-11
8438 1.138475e-11
8439 1.138200e-11
8440 1.137926e-11
8441 1.137652e-11
8442 1.137378e-11
8443 1.137104e-11
8444 1.136830e-11
8445 1.136556e-11
8446 1.136282e-11
8447 1.136009e-11
8448 1.135735e-11
8449 1.135462e-11
8450 1.135188e-11
8451 1.134915e-11
8452 1.134642e-11
8453 1.134369e-11
8454 1.134096e-11
8455 1.133823e-11
8456 1.133551e-11
8457 1.133278e-11
8458 1.133005e-11
8459 1.132733e-11
8460 1.132461e-11
8461 1.132188e-11
8462 1.131916e-11
8463 1.131644e-11
8464 1.131372e-11
8465 1.131100e-11
8466 1.130829e-11
8467 1.130557e-11
8468 1.130285e-11
8469 1.130014e-11
8470 1.129743e-11
8471 1.129471e-11
8472 1.129200e-11
8473 1.128929e-11
8474 1.128658e-11
8475 1.128387e-11
8476 1.128116e-11
8477 1.127846e-11
8478 1.127575e-11
8479 1.127305e-11
8480 1.127034e-11
8481 1.126764e-11
8482 1.126493e-11
8483 1.126223e-11
8484 1.125952e-11
8485 1.125682e-11
8486 1.125412e-11
8487 1.125142e-11
8488 1.124872e-11
8489 1.124602e-11
8490 1.124332e-11
8491 1.124062e-11
8492 1.123793e-11
8493 1.123523e-11
8494 1.123254e-11
8495 1.122984e-11
8496 1.122715e-11
8497 1.122446e-11
8498 1.122177e-11
8499 1.121908e-11
8500 1.121639e-11
8501 1.121370e-11
8502 1.121102e-11
8503 1.120833e-11
8504 1.120565e-11
8505 1.120296e-11
8506 1.120028e-11
8507 1.119760e-11
8508 1.119492e-11
8509 1.119224e-11
8510 1.118956e-11
8511 1.118688e-11
8512 1.118421e-11
8513 1.118153e-11
8514 1.117885e-11
8515 1.117618e-11
8516 1.117351e-11
8517 1.117084e-11
8518 1.116816e-11
8519 1.116549e-11
8520 1.116282e-11
8521 1.116016e-11
8522 1.115749e-11
8523 1.115482e-11
8524 1.115216e-11
8525 1.114949e-11
8526 1.114683e-11
8527 1.114417e-11
8528 1.114150e-11
8529 1.113884e-11
8530 1.113618e-11
8531 1.113353e-11
8532 1.113087e-11
8533 1.112821e-11
8534 1.112555e-11
8535 1.112290e-11
8536 1.112025e-11
8537 1.111759e-11
8538 1.111494e-11
8539 1.111229e-11
8540 1.110964e-11
8541 1.110699e-11
8542 1.110434e-11
8543 1.110169e-11
8544 1.109905e-11
8545 1.109640e-11
8546 1.109376e-11
8547 1.109111e-11
8548 1.108847e-11
8549 1.108583e-11
8550 1.108319e-11
8551 1.108055e-11
8552 1.107791e-11
8553 1.107527e-11
8554 1.107263e-11
8555 1.107000e-11
8556 1.106736e-11
8557 1.106472e-11
8558 1.106208e-11
8559 1.105945e-11
8560 1.105681e-11
8561 1.105418e-11
8562 1.105155e-11
8563 1.104891e-11
8564 1.104628e-11
8565 1.104365e-11
8566 1.104102e-11
8567 1.103839e-11
8568 1.103577e-11
8569 1.103314e-11
8570 1.103051e-11
8571 1.102789e-11
8572 1.102526e-11
8573 1.102264e-11
8574 1.102002e-11
8575 1.101740e-11
8576 1.101478e-11
8577 1.101216e-11
8578 1.100954e-11
8579 1.100692e-11
8580 1.100431e-11
8581 1.100169e-11
8582 1.099908e-11
8583 1.099646e-11
8584 1.099385e-11
8585 1.099124e-11
8586 1.098863e-11
8587 1.098602e-11
8588 1.098341e-11
8589 1.098080e-11
8590 1.097819e-11
8591 1.097559e-11
8592 1.097298e-11
8593 1.097038e-11
8594 1.096777e-11
8595 1.096517e-11
8596 1.096257e-11
8597 1.095997e-11
8598 1.095737e-11
8599 1.095477e-11
8600 1.095217e-11
8601 1.094957e-11
8602 1.094698e-11
8603 1.094438e-11
8604 1.094179e-11
8605 1.093919e-11
8606 1.093660e-11
8607 1.093401e-11
8608 1.093142e-11
8609 1.092883e-11
8610 1.092624e-11
8611 1.092365e-11
8612 1.092106e-11
8613 1.091848e-11
8614 1.091589e-11
8615 1.091331e-11
8616 1.091073e-11
8617 1.090814e-11
8618 1.090556e-11
8619 1.090298e-11
8620 1.090040e-11
8621 1.089782e-11
8622 1.089524e-11
8623 1.089267e-11
8624 1.089009e-11
8625 1.088752e-11
8626 1.088494e-11
8627 1.088237e-11
8628 1.087980e-11
8629 1.087722e-11
8630 1.087465e-11
8631 1.087208e-11
8632 1.086951e-11
8633 1.086694e-11
8634 1.086437e-11
8635 1.086180e-11
8636 1.085923e-11
8637 1.085667e-11
8638 1.085410e-11
8639 1.085153e-11
8640 1.084897e-11
8641 1.084640e-11
8642 1.084384e-11
8643 1.084128e-11
8644 1.083872e-11
8645 1.083616e-11
8646 1.083360e-11
8647 1.083104e-11
8648 1.082848e-11
8649 1.082592e-11
8650 1.082337e-11
8651 1.082081e-11
8652 1.081826e-11
8653 1.081570e-11
8654 1.081315e-11
8655 1.081060e-11
8656 1.080805e-11
8657 1.080550e-11
8658 1.080295e-11
8659 1.080040e-11
8660 1.079785e-11
8661 1.079531e-11
8662 1.079276e-11
8663 1.079022e-11
8664 1.078767e-11
8665 1.078513e-11
8666 1.078259e-11
8667 1.078005e-11
8668 1.077751e-11
8669 1.077497e-11
8670 1.077243e-11
8671 1.076990e-11
8672 1.076736e-11
8673 1.076482e-11
8674 1.076229e-11
8675 1.075975e-11
8676 1.075722e-11
8677 1.075469e-11
8678 1.075216e-11
8679 1.074963e-11
8680 1.074710e-11
8681 1.074457e-11
8682 1.074204e-11
8683 1.073952e-11
8684 1.073699e-11
8685 1.073447e-11
8686 1.073194e-11
8687 1.072942e-11
8688 1.072690e-11
8689 1.072438e-11
8690 1.072186e-11
8691 1.071934e-11
8692 1.071682e-11
8693 1.071430e-11
8694 1.071178e-11
8695 1.070927e-11
8696 1.070675e-11
8697 1.070424e-11
8698 1.070172e-11
8699 1.069921e-11
8700 1.069670e-11
8701 1.069419e-11
8702 1.069168e-11
8703 1.068917e-11
8704 1.068666e-11
8705 1.068415e-11
8706 1.068165e-11
8707 1.067914e-11
8708 1.067664e-11
8709 1.067413e-11
8710 1.067163e-11
8711 1.066912e-11
8712 1.066662e-11
8713 1.066411e-11
8714 1.066161e-11
8715 1.065911e-11
8716 1.065661e-11
8717 1.065411e-11
8718 1.065161e-11
8719 1.064911e-11
8720 1.064661e-11
8721 1.064411e-11
8722 1.064162e-11
8723 1.063912e-11
8724 1.063663e-11
8725 1.063414e-11
8726 1.063164e-11
8727 1.062915e-11
8728 1.062666e-11
8729 1.062417e-11
8730 1.062168e-11
8731 1.061920e-11
8732 1.061671e-11
8733 1.061422e-11
8734 1.061174e-11
8735 1.060925e-11
8736 1.060677e-11
8737 1.060429e-11
8738 1.060180e-11
8739 1.059932e-11
8740 1.059684e-11
8741 1.059436e-11
8742 1.059189e-11
8743 1.058941e-11
8744 1.058693e-11
8745 1.058446e-11
8746 1.058198e-11
8747 1.057951e-11
8748 1.057703e-11
8749 1.057456e-11
8750 1.057209e-11
8751 1.056962e-11
8752 1.056715e-11
8753 1.056468e-11
8754 1.056221e-11
8755 1.055975e-11
8756 1.055728e-11
8757 1.055481e-11
8758 1.055235e-11
8759 1.054989e-11
8760 1.054742e-11
8761 1.054496e-11
8762 1.054250e-11
8763 1.054004e-11
8764 1.053758e-11
8765 1.053512e-11
8766 1.053266e-11
8767 1.053021e-11
8768 1.052775e-11
8769 1.052529e-11
8770 1.052284e-11
8771 1.052039e-11
8772 1.051793e-11
8773 1.051548e-11
8774 1.051303e-11
8775 1.051058e-11
8776 1.050813e-11
8777 1.050568e-11
8778 1.050324e-11
8779 1.050079e-11
8780 1.049834e-11
8781 1.049590e-11
8782 1.049345e-11
8783 1.049101e-11
8784 1.048857e-11
8785 1.048613e-11
8786 1.048368e-11
8787 1.048124e-11
8788 1.047880e-11
8789 1.047636e-11
8790 1.047392e-11
8791 1.047148e-11
8792 1.046904e-11
8793 1.046660e-11
8794 1.046416e-11
8795 1.046173e-11
8796 1.045929e-11
8797 1.045686e-11
8798 1.045442e-11
8799 1.045199e-11
8800 1.044956e-11
8801 1.044713e-11
8802 1.044470e-11
8803 1.044227e-11
8804 1.043984e-11
8805 1.043741e-11
8806 1.043498e-11
8807 1.043256e-11
8808 1.043013e-11
8809 1.042771e-11
8810 1.042528e-11
8811 1.042286e-11
8812 1.042044e-11
8813 1.041802e-11
8814 1.041560e-11
8815 1.041318e-11
8816 1.041076e-11
8817 1.040834e-11
8818 1.040592e-11
8819 1.040351e-11
8820 1.040109e-11
8821 1.039868e-11
8822 1.039626e-11
8823 1.039385e-11
8824 1.039144e-11
8825 1.038903e-11
8826 1.038662e-11
8827 1.038421e-11
8828 1.038180e-11
8829 1.037939e-11
8830 1.037698e-11
8831 1.037458e-11
8832 1.037217e-11
8833 1.036977e-11
8834 1.036736e-11
8835 1.036496e-11
8836 1.036256e-11
8837 1.036016e-11
8838 1.035775e-11
8839 1.035536e-11
8840 1.035296e-11
8841 1.035056e-11
8842 1.034816e-11
8843 1.034577e-11
8844 1.034337e-11
8845 1.034097e-11
8846 1.033858e-11
8847 1.033619e-11
8848 1.033380e-11
8849 1.033140e-11
8850 1.032901e-11
8851 1.032662e-11
8852 1.032424e-11
8853 1.032185e-11
8854 1.031946e-11
8855 1.031707e-11
8856 1.031469e-11
8857 1.031230e-11
8858 1.030992e-11
8859 1.030754e-11
8860 1.030515e-11
8861 1.030277e-11
8862 1.030039e-11
8863 1.029801e-11
8864 1.029563e-11
8865 1.029325e-11
8866 1.029087e-11
8867 1.028849e-11
8868 1.028611e-11
8869 1.028373e-11
8870 1.028136e-11
8871 1.027898e-11
8872 1.027660e-11
8873 1.027423e-11
8874 1.027186e-11
8875 1.026948e-11
8876 1.026711e-11
8877 1.026474e-11
8878 1.026237e-11
8879 1.026000e-11
8880 1.025763e-11
8881 1.025526e-11
8882 1.025289e-11
8883 1.025053e-11
8884 1.024816e-11
8885 1.024579e-11
8886 1.024343e-11
8887 1.024107e-11
8888 1.023870e-11
8889 1.023634e-11
8890 1.023398e-11
8891 1.023162e-11
8892 1.022926e-11
8893 1.022690e-11
8894 1.022455e-11
8895 1.022219e-11
8896 1.021983e-11
8897 1.021748e-11
8898 1.021512e-11
8899 1.021277e-11
8900 1.021042e-11
8901 1.020806e-11
8902 1.020571e-11
8903 1.020336e-11
8904 1.020101e-11
8905 1.019866e-11
8906 1.019632e-11
8907 1.019397e-11
8908 1.019162e-11
8909 1.018928e-11
8910 1.018693e-11
8911 1.018459e-11
8912 1.018224e-11
8913 1.017990e-11
8914 1.017756e-11
8915 1.017522e-11
8916 1.017288e-11
8917 1.017054e-11
8918 1.016820e-11
8919 1.016586e-11
8920 1.016353e-11
8921 1.016119e-11
8922 1.015886e-11
8923 1.015652e-11
8924 1.015419e-11
8925 1.015186e-11
8926 1.014952e-11
8927 1.014719e-11
8928 1.014486e-11
8929 1.014253e-11
8930 1.014020e-11
8931 1.013787e-11
8932 1.013555e-11
8933 1.013322e-11
8934 1.013090e-11
8935 1.012857e-11
8936 1.012625e-11
8937 1.012392e-11
8938 1.012160e-11
8939 1.011928e-11
8940 1.011696e-11
8941 1.011464e-11
8942 1.011232e-11
8943 1.011000e-11
8944 1.010768e-11
8945 1.010536e-11
8946 1.010304e-11
8947 1.010072e-11
8948 1.009840e-11
8949 1.009609e-11
8950 1.009377e-11
8951 1.009145e-11
8952 1.008914e-11
8953 1.008683e-11
8954 1.008451e-11
8955 1.008220e-11
8956 1.007989e-11
8957 1.007758e-11
8958 1.007527e-11
8959 1.007296e-11
8960 1.007065e-11
8961 1.006834e-11
8962 1.006604e-11
8963 1.006373e-11
8964 1.006143e-11
8965 1.005912e-11
8966 1.005682e-11
8967 1.005452e-11
8968 1.005222e-11
8969 1.004991e-11
8970 1.004761e-11
8971 1.004531e-11
8972 1.004302e-11
8973 1.004072e-11
8974 1.003842e-11
8975 1.003612e-11
8976 1.003383e-11
8977 1.003153e-11
8978 1.002924e-11
8979 1.002695e-11
8980 1.002465e-11
8981 1.002236e-11
8982 1.002007e-11
8983 1.001778e-11
8984 1.001549e-11
8985 1.001320e-11
8986 1.001092e-11
8987 1.000863e-11
8988 1.000634e-11
8989 1.000406e-11
8990 1.000177e-11
8991 9.999488e-12
8992 9.997205e-12
8993 9.994922e-12
8994 9.992641e-12
8995 9.990360e-12
8996 9.988080e-12
8997 9.985800e-12
8998 9.983522e-12
8999 9.981244e-12
9000 9.978967e-12
9001 9.976691e-12
9002 9.974415e-12
9003 9.972141e-12
9004 9.969867e-12
9005 9.967594e-12
9006 9.965321e-12
9007 9.963050e-12
9008 9.960779e-12
9009 9.958509e-12
9010 9.956240e-12
9011 9.953971e-12
9012 9.951704e-12
9013 9.949437e-12
9014 9.947170e-12
9015 9.944905e-12
9016 9.942640e-12
9017 9.940376e-12
9018 9.938113e-12
9019 9.935851e-12
9020 9.933589e-12
9021 9.931328e-12
9022 9.929068e-12
9023 9.926806e-12
9024 9.924545e-12
9025 9.922284e-12
9026 9.920024e-12
9027 9.917765e-12
9028 9.915506e-12
9029 9.913249e-12
9030 9.910992e-12
9031 9.908736e-12
9032 9.906480e-12
9033 9.904226e-12
9034 9.901972e-12
9035 9.899719e-12
9036 9.897467e-12
9037 9.895215e-12
9038 9.892964e-12
9039 9.890714e-12
9040 9.888465e-12
9041 9.886217e-12
9042 9.883969e-12
9043 9.881722e-12
9044 9.879476e-12
9045 9.877230e-12
9046 9.874986e-12
9047 9.872742e-12
9048 9.870499e-12
9049 9.868256e-12
9050 9.866015e-12
9051 9.863774e-12
9052 9.861534e-12
9053 9.859294e-12
9054 9.857055e-12
9055 9.854818e-12
9056 9.852580e-12
9057 9.850344e-12
9058 9.848109e-12
9059 9.845874e-12
9060 9.843640e-12
9061 9.841406e-12
9062 9.839174e-12
9063 9.836942e-12
9064 9.834711e-12
9065 9.832480e-12
9066 9.830251e-12
9067 9.828022e-12
9068 9.825794e-12
9069 9.823567e-12
9070 9.821340e-12
9071 9.819114e-12
9072 9.816889e-12
9073 9.814665e-12
9074 9.812441e-12
9075 9.810218e-12
9076 9.807996e-12
9077 9.805775e-12
9078 9.803554e-12
9079 9.801334e-12
9080 9.799115e-12
9081 9.796897e-12
9082 9.794679e-12
9083 9.792462e-12
9084 9.790246e-12
9085 9.788031e-12
9086 9.785816e-12
9087 9.783602e-12
9088 9.781389e-12
9089 9.779177e-12
9090 9.776965e-12
9091 9.774754e-12
9092 9.772544e-12
9093 9.770335e-12
9094 9.768126e-12
9095 9.765918e-12
9096 9.763711e-12
9097 9.761505e-12
9098 9.759299e-12
9099 9.757094e-12
9100 9.754890e-12
9101 9.752686e-12
9102 9.750483e-12
9103 9.748279e-12
9104 9.746075e-12
9105 9.743871e-12
9106 9.741669e-12
9107 9.739467e-12
9108 9.737266e-12
9109 9.735065e-12
9110 9.732866e-12
9111 9.730667e-12
9112 9.728469e-12
9113 9.726271e-12
9114 9.724075e-12
9115 9.721879e-12
9116 9.719683e-12
9117 9.717489e-12
9118 9.715295e-12
9119 9.713102e-12
9120 9.710910e-12
9121 9.708718e-12
9122 9.706527e-12
9123 9.704337e-12
9124 9.702148e-12
9125 9.699959e-12
9126 9.697772e-12
9127 9.695584e-12
9128 9.693398e-12
9129 9.691212e-12
9130 9.689027e-12
9131 9.686843e-12
9132 9.684660e-12
9133 9.682477e-12
9134 9.680295e-12
9135 9.678114e-12
9136 9.675933e-12
9137 9.673753e-12
9138 9.671574e-12
9139 9.669396e-12
9140 9.667218e-12
9141 9.665041e-12
9142 9.662865e-12
9143 9.660690e-12
9144 9.658515e-12
9145 9.656341e-12
9146 9.654168e-12
9147 9.651995e-12
9148 9.649823e-12
9149 9.647652e-12
9150 9.645482e-12
9151 9.643312e-12
9152 9.641143e-12
9153 9.638975e-12
9154 9.636807e-12
9155 9.634641e-12
9156 9.632475e-12
9157 9.630309e-12
9158 9.628145e-12
9159 9.625981e-12
9160 9.623818e-12
9161 9.621655e-12
9162 9.619494e-12
9163 9.617333e-12
9164 9.615172e-12
9165 9.613013e-12
9166 9.610854e-12
9167 9.608696e-12
9168 9.606539e-12
9169 9.604382e-12
9170 9.602226e-12
9171 9.600071e-12
9172 9.597916e-12
9173 9.595763e-12
9174 9.593610e-12
9175 9.591457e-12
9176 9.589306e-12
9177 9.587155e-12
9178 9.585005e-12
9179 9.582855e-12
9180 9.580706e-12
9181 9.578558e-12
9182 9.576411e-12
9183 9.574264e-12
9184 9.572116e-12
9185 9.569968e-12
9186 9.567821e-12
9187 9.565674e-12
9188 9.563528e-12
9189 9.561383e-12
9190 9.559239e-12
9191 9.557095e-12
9192 9.554952e-12
9193 9.552810e-12
9194 9.550669e-12
9195 9.548528e-12
9196 9.546388e-12
9197 9.544249e-12
9198 9.542110e-12
9199 9.539972e-12
9200 9.537835e-12
9201 9.535698e-12
9202 9.533563e-12
9203 9.531428e-12
9204 9.529293e-12
9205 9.527160e-12
9206 9.525027e-12
9207 9.522894e-12
9208 9.520763e-12
9209 9.518632e-12
9210 9.516502e-12
9211 9.514373e-12
9212 9.512244e-12
9213 9.510116e-12
9214 9.507989e-12
9215 9.505862e-12
9216 9.503736e-12
9217 9.501611e-12
9218 9.499487e-12
9219 9.497363e-12
9220 9.495240e-12
9221 9.493118e-12
9222 9.490996e-12
9223 9.488875e-12
9224 9.486755e-12
9225 9.484635e-12
9226 9.482516e-12
9227 9.480398e-12
9228 9.478281e-12
9229 9.476164e-12
9230 9.474048e-12
9231 9.471933e-12
9232 9.469818e-12
9233 9.467704e-12
9234 9.465591e-12
9235 9.463479e-12
9236 9.461367e-12
9237 9.459256e-12
9238 9.457145e-12
9239 9.455036e-12
9240 9.452927e-12
9241 9.450818e-12
9242 9.448711e-12
9243 9.446604e-12
9244 9.444498e-12
9245 9.442392e-12
9246 9.440287e-12
9247 9.438183e-12
9248 9.436080e-12
9249 9.433977e-12
9250 9.431875e-12
9251 9.429774e-12
9252 9.427673e-12
9253 9.425573e-12
9254 9.423474e-12
9255 9.421375e-12
9256 9.419277e-12
9257 9.417180e-12
9258 9.415084e-12
9259 9.412988e-12
9260 9.410893e-12
9261 9.408798e-12
9262 9.406705e-12
9263 9.404612e-12
9264 9.402519e-12
9265 9.400427e-12
9266 9.398333e-12
9267 9.396240e-12
9268 9.394148e-12
9269 9.392056e-12
9270 9.389966e-12
9271 9.387876e-12
9272 9.385786e-12
9273 9.383697e-12
9274 9.381609e-12
9275 9.379522e-12
9276 9.377435e-12
9277 9.375349e-12
9278 9.373264e-12
9279 9.371179e-12
9280 9.369095e-12
9281 9.367012e-12
9282 9.364930e-12
9283 9.362848e-12
9284 9.360767e-12
9285 9.358686e-12
9286 9.356606e-12
9287 9.354527e-12
9288 9.352449e-12
9289 9.350371e-12
9290 9.348294e-12
9291 9.346218e-12
9292 9.344142e-12
9293 9.342067e-12
9294 9.339993e-12
9295 9.337919e-12
9296 9.335846e-12
9297 9.333774e-12
9298 9.331702e-12
9299 9.329631e-12
9300 9.327561e-12
9301 9.325492e-12
9302 9.323423e-12
9303 9.321355e-12
9304 9.319287e-12
9305 9.317220e-12
9306 9.315154e-12
9307 9.313089e-12
9308 9.311024e-12
9309 9.308960e-12
9310 9.306897e-12
9311 9.304834e-12
9312 9.302772e-12
9313 9.300710e-12
9314 9.298650e-12
9315 9.296590e-12
9316 9.294530e-12
9317 9.292472e-12
9318 9.290414e-12
9319 9.288356e-12
9320 9.286300e-12
9321 9.284244e-12
9322 9.282189e-12
9323 9.280134e-12
9324 9.278080e-12
9325 9.276027e-12
9326 9.273974e-12
9327 9.271922e-12
9328 9.269871e-12
9329 9.267820e-12
9330 9.265771e-12
9331 9.263721e-12
9332 9.261673e-12
9333 9.259625e-12
9334 9.257578e-12
9335 9.255531e-12
9336 9.253485e-12
9337 9.251440e-12
9338 9.249396e-12
9339 9.247352e-12
9340 9.245309e-12
9341 9.243266e-12
9342 9.241224e-12
9343 9.239183e-12
9344 9.237143e-12
9345 9.235103e-12
9346 9.233064e-12
9347 9.231025e-12
9348 9.228985e-12
9349 9.226945e-12
9350 9.224906e-12
9351 9.222867e-12
9352 9.220830e-12
9353 9.218793e-12
9354 9.216756e-12
9355 9.214721e-12
9356 9.212686e-12
9357 9.210651e-12
9358 9.208618e-12
9359 9.206585e-12
9360 9.204552e-12
9361 9.202521e-12
9362 9.200490e-12
9363 9.198459e-12
9364 9.196429e-12
9365 9.194400e-12
9366 9.192372e-12
9367 9.190344e-12
9368 9.188317e-12
9369 9.186291e-12
9370 9.184265e-12
9371 9.182240e-12
9372 9.180216e-12
9373 9.178192e-12
9374 9.176169e-12
9375 9.174147e-12
9376 9.172125e-12
9377 9.170104e-12
9378 9.168083e-12
9379 9.166064e-12
9380 9.164045e-12
9381 9.162026e-12
9382 9.160008e-12
9383 9.157991e-12
9384 9.155975e-12
9385 9.153959e-12
9386 9.151944e-12
9387 9.149929e-12
9388 9.147915e-12
9389 9.145902e-12
9390 9.143890e-12
9391 9.141878e-12
9392 9.139867e-12
9393 9.137856e-12
9394 9.135846e-12
9395 9.133837e-12
9396 9.131829e-12
9397 9.129821e-12
9398 9.127813e-12
9399 9.125807e-12
9400 9.123801e-12
9401 9.121796e-12
9402 9.119791e-12
9403 9.117787e-12
9404 9.115784e-12
9405 9.113781e-12
9406 9.111779e-12
9407 9.109777e-12
9408 9.107777e-12
9409 9.105777e-12
9410 9.103777e-12
9411 9.101778e-12
9412 9.099780e-12
9413 9.097783e-12
9414 9.095786e-12
9415 9.093790e-12
9416 9.091794e-12
9417 9.089800e-12
9418 9.087805e-12
9419 9.085812e-12
9420 9.083819e-12
9421 9.081827e-12
9422 9.079835e-12
9423 9.077844e-12
9424 9.075854e-12
9425 9.073864e-12
9426 9.071875e-12
9427 9.069887e-12
9428 9.067899e-12
9429 9.065912e-12
9430 9.063925e-12
9431 9.061937e-12
9432 9.059949e-12
9433 9.057962e-12
9434 9.055976e-12
9435 9.053990e-12
9436 9.052005e-12
9437 9.050021e-12
9438 9.048037e-12
9439 9.046054e-12
9440 9.044071e-12
9441 9.042090e-12
9442 9.040108e-12
9443 9.038128e-12
9444 9.036148e-12
9445 9.034169e-12
9446 9.032190e-12
9447 9.030212e-12
9448 9.028235e-12
9449 9.026258e-12
9450 9.024282e-12
9451 9.022307e-12
9452 9.020332e-12
9453 9.018358e-12
9454 9.016385e-12
9455 9.014412e-12
9456 9.012440e-12
9457 9.010468e-12
9458 9.008497e-12
9459 9.006527e-12
9460 9.004557e-12
9461 9.002588e-12
9462 9.000620e-12
9463 8.998652e-12
9464 8.996685e-12
9465 8.994719e-12
9466 8.992753e-12
9467 8.990788e-12
9468 8.988823e-12
9469 8.986859e-12
9470 8.984896e-12
9471 8.982934e-12
9472 8.980972e-12
9473 8.979010e-12
9474 8.977050e-12
9475 8.975089e-12
9476 8.973130e-12
9477 8.971171e-12
9478 8.969213e-12
9479 8.967256e-12
9480 8.965299e-12
9481 8.963342e-12
9482 8.961387e-12
9483 8.959432e-12
9484 8.957477e-12
9485 8.955524e-12
9486 8.953571e-12
9487 8.951618e-12
9488 8.949666e-12
9489 8.947715e-12
9490 8.945764e-12
9491 8.943815e-12
9492 8.941865e-12
9493 8.939917e-12
9494 8.937968e-12
9495 8.936021e-12
9496 8.934074e-12
9497 8.932128e-12
9498 8.930183e-12
9499 8.928238e-12
9500 8.926293e-12
9501 8.924350e-12
9502 8.922407e-12
9503 8.920464e-12
9504 8.918523e-12
9505 8.916581e-12
9506 8.914641e-12
9507 8.912701e-12
9508 8.910762e-12
9509 8.908823e-12
9510 8.906885e-12
9511 8.904948e-12
9512 8.903011e-12
9513 8.901075e-12
9514 8.899139e-12
9515 8.897201e-12
9516 8.895265e-12
9517 8.893329e-12
9518 8.891393e-12
9519 8.889458e-12
9520 8.887524e-12
9521 8.885591e-12
9522 8.883658e-12
9523 8.881726e-12
9524 8.879794e-12
9525 8.877863e-12
9526 8.875933e-12
9527 8.874003e-12
9528 8.872074e-12
9529 8.870145e-12
9530 8.868217e-12
9531 8.866290e-12
9532 8.864363e-12
9533 8.862437e-12
9534 8.860512e-12
9535 8.858587e-12
9536 8.856663e-12
9537 8.854739e-12
9538 8.852816e-12
9539 8.850894e-12
9540 8.848972e-12
9541 8.847051e-12
9542 8.845130e-12
9543 8.843211e-12
9544 8.841291e-12
9545 8.839373e-12
9546 8.837455e-12
9547 8.835537e-12
9548 8.833621e-12
9549 8.831704e-12
9550 8.829789e-12
9551 8.827874e-12
9552 8.825960e-12
9553 8.824046e-12
9554 8.822133e-12
9555 8.820220e-12
9556 8.818309e-12
9557 8.816397e-12
9558 8.814487e-12
9559 8.812577e-12
9560 8.810667e-12
9561 8.808759e-12
9562 8.806850e-12
9563 8.804943e-12
9564 8.803036e-12
9565 8.801130e-12
9566 8.799224e-12
9567 8.797319e-12
9568 8.795414e-12
9569 8.793510e-12
9570 8.791607e-12
9571 8.789704e-12
9572 8.787802e-12
9573 8.785901e-12
9574 8.784000e-12
9575 8.782100e-12
9576 8.780200e-12
9577 8.778301e-12
9578 8.776403e-12
9579 8.774505e-12
9580 8.772608e-12
9581 8.770711e-12
9582 8.768815e-12
9583 8.766920e-12
9584 8.765025e-12
9585 8.763131e-12
9586 8.761238e-12
9587 8.759345e-12
9588 8.757452e-12
9589 8.755561e-12
9590 8.753669e-12
9591 8.751779e-12
9592 8.749889e-12
9593 8.748000e-12
9594 8.746111e-12
9595 8.744223e-12
9596 8.742336e-12
9597 8.740449e-12
9598 8.738562e-12
9599 8.736675e-12
9600 8.734788e-12
9601 8.732901e-12
9602 8.731015e-12
9603 8.729129e-12
9604 8.727244e-12
9605 8.725360e-12
9606 8.723476e-12
9607 8.721593e-12
9608 8.719710e-12
9609 8.717828e-12
9610 8.715947e-12
9611 8.714066e-12
9612 8.712186e-12
9613 8.710307e-12
9614 8.708428e-12
9615 8.706549e-12
9616 8.704672e-12
9617 8.702795e-12
9618 8.700918e-12
9619 8.699042e-12
9620 8.697167e-12
9621 8.695292e-12
9622 8.693418e-12
9623 8.691544e-12
9624 8.689671e-12
9625 8.687799e-12
9626 8.685927e-12
9627 8.684056e-12
9628 8.682186e-12
9629 8.680316e-12
9630 8.678446e-12
9631 8.676578e-12
9632 8.674709e-12
9633 8.672842e-12
9634 8.670975e-12
9635 8.669109e-12
9636 8.667243e-12
9637 8.665378e-12
9638 8.663513e-12
9639 8.661649e-12
9640 8.659786e-12
9641 8.657923e-12
9642 8.656061e-12
9643 8.654199e-12
9644 8.652338e-12
9645 8.650478e-12
9646 8.648618e-12
9647 8.646759e-12
9648 8.644900e-12
9649 8.643042e-12
9650 8.641184e-12
9651 8.639327e-12
9652 8.637471e-12
9653 8.635616e-12
9654 8.633760e-12
9655 8.631906e-12
9656 8.630052e-12
9657 8.628199e-12
9658 8.626346e-12
9659 8.624494e-12
9660 8.622642e-12
9661 8.620791e-12
9662 8.618941e-12
9663 8.617091e-12
9664 8.615242e-12
9665 8.613393e-12
9666 8.611545e-12
9667 8.609698e-12
9668 8.607851e-12
9669 8.606005e-12
9670 8.604159e-12
9671 8.602314e-12
9672 8.600469e-12
9673 8.598625e-12
9674 8.596782e-12
9675 8.594939e-12
9676 8.593097e-12
9677 8.591256e-12
9678 8.589415e-12
9679 8.587574e-12
9680 8.585734e-12
9681 8.583895e-12
9682 8.582057e-12
9683 8.580218e-12
9684 8.578380e-12
9685 8.576541e-12
9686 8.574702e-12
9687 8.572864e-12
9688 8.571027e-12
9689 8.569190e-12
9690 8.567354e-12
9691 8.565518e-12
9692 8.563683e-12
9693 8.561849e-12
9694 8.560015e-12
9695 8.558181e-12
9696 8.556349e-12
9697 8.554517e-12
9698 8.552685e-12
9699 8.550854e-12
9700 8.549024e-12
9701 8.547194e-12
9702 8.545365e-12
9703 8.543536e-12
9704 8.541708e-12
9705 8.539880e-12
9706 8.538053e-12
9707 8.536227e-12
9708 8.534401e-12
9709 8.532576e-12
9710 8.530752e-12
9711 8.528928e-12
9712 8.527104e-12
9713 8.525281e-12
9714 8.523459e-12
9715 8.521637e-12
9716 8.519816e-12
9717 8.517996e-12
9718 8.516176e-12
9719 8.514356e-12
9720 8.512537e-12
9721 8.510719e-12
9722 8.508901e-12
9723 8.507084e-12
9724 8.505268e-12
9725 8.503452e-12
9726 8.501636e-12
9727 8.499822e-12
9728 8.498007e-12
9729 8.496194e-12
9730 8.494381e-12
9731 8.492568e-12
9732 8.490756e-12
9733 8.488945e-12
9734 8.487134e-12
9735 8.485324e-12
9736 8.483514e-12
9737 8.481705e-12
9738 8.479897e-12
9739 8.478089e-12
9740 8.476281e-12
9741 8.474474e-12
9742 8.472668e-12
9743 8.470863e-12
9744 8.469057e-12
9745 8.467253e-12
9746 8.465449e-12
9747 8.463646e-12
9748 8.461843e-12
9749 8.460041e-12
9750 8.458239e-12
9751 8.456438e-12
9752 8.454637e-12
9753 8.452837e-12
9754 8.451038e-12
9755 8.449239e-12
9756 8.447441e-12
9757 8.445643e-12
9758 8.443846e-12
9759 8.442049e-12
9760 8.440253e-12
9761 8.438458e-12
9762 8.436663e-12
9763 8.434869e-12
9764 8.433075e-12
9765 8.431282e-12
9766 8.429489e-12
9767 8.427697e-12
9768 8.425906e-12
9769 8.424115e-12
9770 8.422324e-12
9771 8.420532e-12
9772 8.418740e-12
9773 8.416949e-12
9774 8.415159e-12
9775 8.413370e-12
9776 8.411580e-12
9777 8.409792e-12
9778 8.408004e-12
9779 8.406216e-12
9780 8.404430e-12
9781 8.402643e-12
9782 8.400858e-12
9783 8.399072e-12
9784 8.397288e-12
9785 8.395504e-12
9786 8.393720e-12
9787 8.391937e-12
9788 8.390155e-12
9789 8.388373e-12
9790 8.386592e-12
9791 8.384811e-12
9792 8.383031e-12
9793 8.381252e-12
9794 8.379473e-12
9795 8.377694e-12
9796 8.375916e-12
9797 8.374139e-12
9798 8.372362e-12
9799 8.370586e-12
9800 8.368810e-12
9801 8.367035e-12
9802 8.365261e-12
9803 8.363487e-12
9804 8.361713e-12
9805 8.359940e-12
9806 8.358168e-12
9807 8.356396e-12
9808 8.354625e-12
9809 8.352854e-12
9810 8.351084e-12
9811 8.349315e-12
9812 8.347546e-12
9813 8.345777e-12
9814 8.344010e-12
9815 8.342242e-12
9816 8.340475e-12
9817 8.338709e-12
9818 8.336944e-12
9819 8.335178e-12
9820 8.333414e-12
9821 8.331650e-12
9822 8.329887e-12
9823 8.328124e-12
9824 8.326361e-12
9825 8.324600e-12
9826 8.322838e-12
9827 8.321078e-12
9828 8.319317e-12
9829 8.317558e-12
9830 8.315799e-12
9831 8.314040e-12
9832 8.312283e-12
9833 8.310525e-12
9834 8.308768e-12
9835 8.307012e-12
9836 8.305256e-12
9837 8.303501e-12
9838 8.301747e-12
9839 8.299992e-12
9840 8.298239e-12
9841 8.296486e-12
9842 8.294734e-12
9843 8.292982e-12
9844 8.291230e-12
9845 8.289480e-12
9846 8.287729e-12
9847 8.285980e-12
9848 8.284231e-12
9849 8.282482e-12
9850 8.280734e-12
9851 8.278986e-12
9852 8.277239e-12
9853 8.275493e-12
9854 8.273747e-12
9855 8.272002e-12
9856 8.270257e-12
9857 8.268511e-12
9858 8.266766e-12
9859 8.265020e-12
9860 8.263276e-12
9861 8.261532e-12
9862 8.259788e-12
9863 8.258045e-12
9864 8.256302e-12
9865 8.254561e-12
9866 8.252819e-12
9867 8.251078e-12
9868 8.249338e-12
9869 8.247598e-12
9870 8.245859e-12
9871 8.244120e-12
9872 8.242382e-12
9873 8.240645e-12
9874 8.238907e-12
9875 8.237171e-12
9876 8.235435e-12
9877 8.233700e-12
9878 8.231965e-12
9879 8.230230e-12
9880 8.228497e-12
9881 8.226763e-12
9882 8.225031e-12
9883 8.223298e-12
9884 8.221567e-12
9885 8.219836e-12
9886 8.218105e-12
9887 8.216375e-12
9888 8.214645e-12
9889 8.212917e-12
9890 8.211188e-12
9891 8.209460e-12
9892 8.207733e-12
9893 8.206006e-12
9894 8.204280e-12
9895 8.202554e-12
9896 8.200829e-12
9897 8.199104e-12
9898 8.197380e-12
9899 8.195657e-12
9900 8.193934e-12
9901 8.192211e-12
9902 8.190489e-12
9903 8.188768e-12
9904 8.187047e-12
9905 8.185326e-12
9906 8.183607e-12
9907 8.181887e-12
9908 8.180169e-12
9909 8.178450e-12
9910 8.176733e-12
9911 8.175016e-12
9912 8.173299e-12
9913 8.171583e-12
9914 8.169867e-12
9915 8.168152e-12
9916 8.166438e-12
9917 8.164724e-12
9918 8.163010e-12
9919 8.161298e-12
9920 8.159585e-12
9921 8.157873e-12
9922 8.156162e-12
9923 8.154451e-12
9924 8.152741e-12
9925 8.151031e-12
9926 8.149322e-12
9927 8.147614e-12
9928 8.145905e-12
9929 8.144198e-12
9930 8.142491e-12
9931 8.140784e-12
9932 8.139078e-12
9933 8.137373e-12
9934 8.135668e-12
9935 8.133964e-12
9936 8.132260e-12
9937 8.130556e-12
9938 8.128854e-12
9939 8.127151e-12
9940 8.125449e-12
9941 8.123748e-12
9942 8.122048e-12
9943 8.120347e-12
9944 8.118647e-12
9945 8.116946e-12
9946 8.115246e-12
9947 8.113546e-12
9948 8.111846e-12
9949 8.110147e-12
9950 8.108449e-12
9951 8.106751e-12
9952 8.105053e-12
9953 8.103356e-12
9954 8.101660e-12
9955 8.099964e-12
9956 8.098269e-12
9957 8.096574e-12
9958 8.094879e-12
9959 8.093186e-12
9960 8.091492e-12
9961 8.089800e-12
9962 8.088108e-12
9963 8.086416e-12
9964 8.084725e-12
9965 8.083034e-12
9966 8.081344e-12
9967 8.079654e-12
9968 8.077965e-12
9969 8.076277e-12
9970 8.074589e-12
9971 8.072901e-12
9972 8.071214e-12
9973 8.069528e-12
9974 8.067842e-12
9975 8.066157e-12
9976 8.064472e-12
9977 8.062787e-12
9978 8.061104e-12
9979 8.059420e-12
9980 8.057737e-12
9981 8.056055e-12
9982 8.054373e-12
9983 8.052692e-12
9984 8.051011e-12
9985 8.049331e-12
9986 8.047652e-12
9987 8.045972e-12
9988 8.044294e-12
9989 8.042616e-12
9990 8.040938e-12
9991 8.039261e-12
9992 8.037584e-12
9993 8.035908e-12
9994 8.034233e-12
9995 8.032558e-12
9996 8.030883e-12
9997 8.029209e-12
9998 8.027536e-12
9999 8.025863e-12
10000 8.024190e-12
10001 8.022518e-12
10002 8.020847e-12
10003 8.019176e-12
10004 8.017506e-12
10005 8.015836e-12
10006 8.014167e-12
10007 8.012498e-12
10008 8.010829e-12
10009 8.009162e-12
10010 8.007494e-12
10011 8.005827e-12
10012 8.004161e-12
10013 8.002495e-12
10014 8.000830e-12
10015 7.999165e-12
10016 7.997501e-12
10017 7.995838e-12
10018 7.994174e-12
10019 7.992512e-12
10020 7.990850e-12
10021 7.989188e-12
10022 7.987527e-12
10023 7.985866e-12
10024 7.984206e-12
10025 7.982546e-12
10026 7.980887e-12
10027 7.979229e-12
10028 7.977571e-12
10029 7.975913e-12
10030 7.974256e-12
10031 7.972599e-12
10032 7.970943e-12
10033 7.969286e-12
10034 7.967629e-12
10035 7.965973e-12
10036 7.964317e-12
10037 7.962661e-12
10038 7.961007e-12
10039 7.959352e-12
10040 7.957698e-12
10041 7.956045e-12
10042 7.954392e-12
10043 7.952740e-12
10044 7.951088e-12
10045 7.949436e-12
10046 7.947785e-12
10047 7.946135e-12
10048 7.944485e-12
10049 7.942836e-12
10050 7.941187e-12
10051 7.939539e-12
10052 7.937891e-12
10053 7.936244e-12
10054 7.934597e-12
10055 7.932950e-12
10056 7.931305e-12
10057 7.929659e-12
10058 7.928015e-12
10059 7.926370e-12
10060 7.924726e-12
10061 7.923083e-12
10062 7.921440e-12
10063 7.919798e-12
10064 7.918156e-12
10065 7.916515e-12
10066 7.914874e-12
10067 7.913234e-12
10068 7.911594e-12
10069 7.909955e-12
10070 7.908316e-12
10071 7.906678e-12
10072 7.905040e-12
10073 7.903403e-12
10074 7.901766e-12
10075 7.900130e-12
10076 7.898494e-12
10077 7.896859e-12
10078 7.895224e-12
10079 7.893590e-12
10080 7.891956e-12
10081 7.890323e-12
10082 7.888690e-12
10083 7.887058e-12
10084 7.885427e-12
10085 7.883795e-12
10086 7.882165e-12
10087 7.880534e-12
10088 7.878905e-12
10089 7.877275e-12
10090 7.875647e-12
10091 7.874018e-12
10092 7.872391e-12
10093 7.870763e-12
10094 7.869137e-12
10095 7.867510e-12
10096 7.865885e-12
10097 7.864259e-12
10098 7.862635e-12
10099 7.861010e-12
10100 7.859386e-12
10101 7.857763e-12
10102 7.856140e-12
10103 7.854518e-12
10104 7.852896e-12
10105 7.851275e-12
10106 7.849654e-12
10107 7.848034e-12
10108 7.846414e-12
10109 7.844795e-12
10110 7.843176e-12
10111 7.841558e-12
10112 7.839940e-12
10113 7.838323e-12
10114 7.836706e-12
10115 7.835089e-12
10116 7.833473e-12
10117 7.831858e-12
10118 7.830243e-12
10119 7.828629e-12
10120 7.827015e-12
10121 7.825402e-12
10122 7.823787e-12
10123 7.822173e-12
10124 7.820559e-12
10125 7.818946e-12
10126 7.817333e-12
10127 7.815721e-12
10128 7.814109e-12
10129 7.812498e-12
10130 7.810887e-12
10131 7.809277e-12
10132 7.807667e-12
10133 7.806057e-12
10134 7.804448e-12
10135 7.802840e-12
10136 7.801232e-12
10137 7.799625e-12
10138 7.798018e-12
10139 7.796411e-12
10140 7.794805e-12
10141 7.793200e-12
10142 7.791595e-12
10143 7.789991e-12
10144 7.788387e-12
10145 7.786783e-12
10146 7.785180e-12
10147 7.783578e-12
10148 7.781976e-12
10149 7.780374e-12
10150 7.778773e-12
10151 7.777172e-12
10152 7.775572e-12
10153 7.773973e-12
10154 7.772374e-12
10155 7.770775e-12
10156 7.769177e-12
10157 7.767579e-12
10158 7.765982e-12
10159 7.764385e-12
10160 7.762789e-12
10161 7.761193e-12
10162 7.759598e-12
10163 7.758003e-12
10164 7.756409e-12
10165 7.754815e-12
10166 7.753222e-12
10167 7.751629e-12
10168 7.750037e-12
10169 7.748445e-12
10170 7.746854e-12
10171 7.745263e-12
10172 7.743673e-12
10173 7.742083e-12
10174 7.740493e-12
10175 7.738904e-12
10176 7.737316e-12
10177 7.735728e-12
10178 7.734140e-12
10179 7.732553e-12
10180 7.730967e-12
10181 7.729381e-12
10182 7.727795e-12
10183 7.726210e-12
10184 7.724626e-12
10185 7.723041e-12
10186 7.721458e-12
10187 7.719875e-12
10188 7.718292e-12
10189 7.716710e-12
10190 7.715128e-12
10191 7.713547e-12
10192 7.711966e-12
10193 7.710386e-12
10194 7.708806e-12
10195 7.707227e-12
10196 7.705648e-12
10197 7.704069e-12
10198 7.702491e-12
10199 7.700914e-12
10200 7.699337e-12
10201 7.697761e-12
10202 7.696185e-12
10203 7.694609e-12
10204 7.693034e-12
10205 7.691460e-12
10206 7.689885e-12
10207 7.688312e-12
10208 7.686739e-12
10209 7.685166e-12
10210 7.683594e-12
10211 7.682022e-12
10212 7.680450e-12
10213 7.678877e-12
10214 7.677305e-12
10215 7.675733e-12
10216 7.674162e-12
10217 7.672592e-12
10218 7.671021e-12
10219 7.669452e-12
10220 7.667883e-12
10221 7.666314e-12
10222 7.664746e-12
10223 7.663178e-12
10224 7.661610e-12
10225 7.660044e-12
10226 7.658477e-12
10227 7.656911e-12
10228 7.655346e-12
10229 7.653781e-12
10230 7.652216e-12
10231 7.650652e-12
10232 7.649089e-12
10233 7.647526e-12
10234 7.645963e-12
10235 7.644401e-12
10236 7.642839e-12
10237 7.641278e-12
10238 7.639717e-12
10239 7.638157e-12
10240 7.636597e-12
10241 7.635038e-12
10242 7.633479e-12
10243 7.631921e-12
10244 7.630363e-12
10245 7.628806e-12
10246 7.627249e-12
10247 7.625692e-12
10248 7.624136e-12
10249 7.622581e-12
10250 7.621025e-12
10251 7.619471e-12
10252 7.617917e-12
10253 7.616363e-12
10254 7.614810e-12
10255 7.613257e-12
10256 7.611705e-12
10257 7.610153e-12
10258 7.608602e-12
10259 7.607051e-12
10260 7.605501e-12
10261 7.603951e-12
10262 7.602401e-12
10263 7.600852e-12
10264 7.599304e-12
10265 7.597756e-12
10266 7.596208e-12
10267 7.594661e-12
10268 7.593114e-12
10269 7.591568e-12
10270 7.590022e-12
10271 7.588477e-12
10272 7.586932e-12
10273 7.585388e-12
10274 7.583844e-12
10275 7.582301e-12
10276 7.580758e-12
10277 7.579215e-12
10278 7.577673e-12
10279 7.576132e-12
10280 7.574590e-12
10281 7.573050e-12
10282 7.571510e-12
10283 7.569970e-12
10284 7.568431e-12
10285 7.566892e-12
10286 7.565354e-12
10287 7.563816e-12
10288 7.562278e-12
10289 7.560741e-12
10290 7.559205e-12
10291 7.557669e-12
10292 7.556133e-12
10293 7.554598e-12
10294 7.553064e-12
10295 7.551530e-12
10296 7.549996e-12
10297 7.548463e-12
10298 7.546930e-12
10299 7.545398e-12
10300 7.543866e-12
10301 7.542334e-12
10302 7.540803e-12
10303 7.539271e-12
10304 7.537739e-12
10305 7.536208e-12
10306 7.534677e-12
10307 7.533147e-12
10308 7.531617e-12
10309 7.530087e-12
10310 7.528558e-12
10311 7.527030e-12
10312 7.525502e-12
10313 7.523974e-12
10314 7.522447e-12
10315 7.520920e-12
10316 7.519394e-12
10317 7.517868e-12
10318 7.516343e-12
10319 7.514818e-12
10320 7.513294e-12
10321 7.511770e-12
10322 7.510246e-12
10323 7.508723e-12
10324 7.507200e-12
10325 7.505678e-12
10326 7.504157e-12
10327 7.502635e-12
10328 7.501115e-12
10329 7.499594e-12
10330 7.498074e-12
10331 7.496555e-12
10332 7.495036e-12
10333 7.493517e-12
10334 7.491999e-12
10335 7.490482e-12
10336 7.488965e-12
10337 7.487448e-12
10338 7.485932e-12
10339 7.484416e-12
10340 7.482901e-12
10341 7.481386e-12
10342 7.479871e-12
10343 7.478357e-12
10344 7.476844e-12
10345 7.475331e-12
10346 7.473818e-12
10347 7.472306e-12
10348 7.470794e-12
10349 7.469283e-12
10350 7.467772e-12
10351 7.466262e-12
10352 7.464752e-12
10353 7.463243e-12
10354 7.461734e-12
10355 7.460225e-12
10356 7.458717e-12
10357 7.457209e-12
10358 7.455702e-12
10359 7.454195e-12
10360 7.452689e-12
10361 7.451183e-12
10362 7.449678e-12
10363 7.448173e-12
10364 7.446668e-12
10365 7.445164e-12
10366 7.443661e-12
10367 7.442158e-12
10368 7.440655e-12
10369 7.439153e-12
10370 7.437651e-12
10371 7.436149e-12
10372 7.434649e-12
10373 7.433148e-12
10374 7.431648e-12
10375 7.430148e-12
10376 7.428649e-12
10377 7.427151e-12
10378 7.425652e-12
10379 7.424155e-12
10380 7.422657e-12
10381 7.421160e-12
10382 7.419664e-12
10383 7.418168e-12
10384 7.416672e-12
10385 7.415177e-12
10386 7.413683e-12
10387 7.412188e-12
10388 7.410695e-12
10389 7.409201e-12
10390 7.407708e-12
10391 7.406216e-12
10392 7.404724e-12
10393 7.403232e-12
10394 7.401741e-12
10395 7.400248e-12
10396 7.398756e-12
10397 7.397265e-12
10398 7.395774e-12
10399 7.394283e-12
10400 7.392793e-12
10401 7.391303e-12
10402 7.389814e-12
10403 7.388325e-12
10404 7.386837e-12
10405 7.385349e-12
10406 7.383862e-12
10407 7.382375e-12
10408 7.380888e-12
10409 7.379402e-12
10410 7.377916e-12
10411 7.376431e-12
10412 7.374946e-12
10413 7.373462e-12
10414 7.371978e-12
10415 7.370494e-12
10416 7.369011e-12
10417 7.367529e-12
10418 7.366046e-12
10419 7.364565e-12
10420 7.363083e-12
10421 7.361603e-12
10422 7.360122e-12
10423 7.358642e-12
10424 7.357163e-12
10425 7.355684e-12
10426 7.354205e-12
10427 7.352727e-12
10428 7.351249e-12
10429 7.349772e-12
10430 7.348295e-12
10431 7.346818e-12
10432 7.345342e-12
10433 7.343867e-12
10434 7.342392e-12
10435 7.340917e-12
10436 7.339443e-12
10437 7.337969e-12
10438 7.336495e-12
10439 7.335022e-12
10440 7.333550e-12
10441 7.332078e-12
10442 7.330606e-12
10443 7.329135e-12
10444 7.327664e-12
10445 7.326194e-12
10446 7.324724e-12
10447 7.323254e-12
10448 7.321785e-12
10449 7.320317e-12
10450 7.318849e-12
10451 7.317381e-12
10452 7.315914e-12
10453 7.314447e-12
10454 7.312980e-12
10455 7.311514e-12
10456 7.310049e-12
10457 7.308584e-12
10458 7.307119e-12
10459 7.305655e-12
10460 7.304191e-12
10461 7.302727e-12
10462 7.301264e-12
10463 7.299802e-12
10464 7.298340e-12
10465 7.296878e-12
10466 7.295417e-12
10467 7.293956e-12
10468 7.292496e-12
10469 7.291036e-12
10470 7.289576e-12
10471 7.288117e-12
10472 7.286659e-12
10473 7.285200e-12
10474 7.283743e-12
10475 7.282285e-12
10476 7.280828e-12
10477 7.279372e-12
10478 7.277916e-12
10479 7.276460e-12
10480 7.275005e-12
10481 7.273550e-12
10482 7.272096e-12
10483 7.270642e-12
10484 7.269189e-12
10485 7.267736e-12
10486 7.266283e-12
10487 7.264829e-12
10488 7.263376e-12
10489 7.261923e-12
10490 7.260470e-12
10491 7.259018e-12
10492 7.257566e-12
10493 7.256115e-12
10494 7.254664e-12
10495 7.253214e-12
10496 7.251764e-12
10497 7.250314e-12
10498 7.248865e-12
10499 7.247417e-12
10500 7.245968e-12
10501 7.244520e-12
10502 7.243073e-12
10503 7.241626e-12
10504 7.240180e-12
10505 7.238733e-12
10506 7.237288e-12
10507 7.235843e-12
10508 7.234398e-12
10509 7.232953e-12
10510 7.231509e-12
10511 7.230066e-12
10512 7.228623e-12
10513 7.227180e-12
10514 7.225738e-12
10515 7.224296e-12
10516 7.222854e-12
10517 7.221413e-12
10518 7.219973e-12
10519 7.218533e-12
10520 7.217093e-12
10521 7.215654e-12
10522 7.214215e-12
10523 7.212776e-12
10524 7.211338e-12
10525 7.209901e-12
10526 7.208463e-12
10527 7.207027e-12
10528 7.205590e-12
10529 7.204154e-12
10530 7.202719e-12
10531 7.201284e-12
10532 7.199849e-12
10533 7.198415e-12
10534 7.196981e-12
10535 7.195548e-12
10536 7.194115e-12
10537 7.192682e-12
10538 7.191250e-12
10539 7.189818e-12
10540 7.188387e-12
10541 7.186956e-12
10542 7.185526e-12
10543 7.184096e-12
10544 7.182666e-12
10545 7.181237e-12
10546 7.179808e-12
10547 7.178380e-12
10548 7.176952e-12
10549 7.175524e-12
10550 7.174097e-12
10551 7.172671e-12
10552 7.171244e-12
10553 7.169818e-12
10554 7.168393e-12
10555 7.166968e-12
10556 7.165544e-12
10557 7.164119e-12
10558 7.162696e-12
10559 7.161272e-12
10560 7.159849e-12
10561 7.158427e-12
10562 7.157005e-12
10563 7.155583e-12
10564 7.154162e-12
10565 7.152741e-12
10566 7.151321e-12
10567 7.149901e-12
10568 7.148481e-12
10569 7.147062e-12
10570 7.145643e-12
10571 7.144225e-12
10572 7.142807e-12
10573 7.141390e-12
10574 7.139973e-12
10575 7.138556e-12
10576 7.137140e-12
10577 7.135724e-12
10578 7.134308e-12
10579 7.132893e-12
10580 7.131477e-12
10581 7.130061e-12
10582 7.128646e-12
10583 7.127231e-12
10584 7.125817e-12
10585 7.124403e-12
10586 7.122989e-12
10587 7.121576e-12
10588 7.120163e-12
10589 7.118750e-12
10590 7.117338e-12
10591 7.115927e-12
10592 7.114516e-12
10593 7.113105e-12
10594 7.111694e-12
10595 7.110285e-12
10596 7.108875e-12
10597 7.107466e-12
10598 7.106057e-12
10599 7.104649e-12
10600 7.103241e-12
10601 7.101833e-12
10602 7.100426e-12
10603 7.099020e-12
10604 7.097613e-12
10605 7.096208e-12
10606 7.094802e-12
10607 7.093397e-12
10608 7.091993e-12
10609 7.090588e-12
10610 7.089185e-12
10611 7.087781e-12
10612 7.086378e-12
10613 7.084976e-12
10614 7.083574e-12
10615 7.082172e-12
10616 7.080771e-12
10617 7.079370e-12
10618 7.077969e-12
10619 7.076569e-12
10620 7.075169e-12
10621 7.073770e-12
10622 7.072371e-12
10623 7.070973e-12
10624 7.069575e-12
10625 7.068177e-12
10626 7.066780e-12
10627 7.065383e-12
10628 7.063987e-12
10629 7.062591e-12
10630 7.061195e-12
10631 7.059800e-12
10632 7.058405e-12
10633 7.057011e-12
10634 7.055617e-12
10635 7.054223e-12
10636 7.052830e-12
10637 7.051437e-12
10638 7.050045e-12
10639 7.048653e-12
10640 7.047261e-12
10641 7.045870e-12
10642 7.044479e-12
10643 7.043089e-12
10644 7.041699e-12
10645 7.040310e-12
10646 7.038920e-12
10647 7.037532e-12
10648 7.036143e-12
10649 7.034756e-12
10650 7.033368e-12
10651 7.031981e-12
10652 7.030594e-12
10653 7.029208e-12
10654 7.027822e-12
10655 7.026437e-12
10656 7.025052e-12
10657 7.023667e-12
10658 7.022283e-12
10659 7.020899e-12
10660 7.019515e-12
10661 7.018132e-12
10662 7.016750e-12
10663 7.015367e-12
10664 7.013985e-12
10665 7.012604e-12
10666 7.011223e-12
10667 7.009842e-12
10668 7.008462e-12
10669 7.007082e-12
10670 7.005703e-12
10671 7.004324e-12
10672 7.002945e-12
10673 7.001567e-12
10674 7.000187e-12
10675 6.998808e-12
10676 6.997430e-12
10677 6.996052e-12
10678 6.994674e-12
10679 6.993297e-12
10680 6.991920e-12
10681 6.990543e-12
10682 6.989167e-12
10683 6.987791e-12
10684 6.986416e-12
10685 6.985041e-12
10686 6.983666e-12
10687 6.982292e-12
10688 6.980918e-12
10689 6.979545e-12
10690 6.978172e-12
10691 6.976799e-12
10692 6.975427e-12
10693 6.974055e-12
10694 6.972684e-12
10695 6.971313e-12
10696 6.969942e-12
10697 6.968572e-12
10698 6.967202e-12
10699 6.965833e-12
10700 6.964464e-12
10701 6.963095e-12
10702 6.961727e-12
10703 6.960359e-12
10704 6.958992e-12
10705 6.957625e-12
10706 6.956258e-12
10707 6.954892e-12
10708 6.953526e-12
10709 6.952161e-12
10710 6.950796e-12
10711 6.949431e-12
10712 6.948067e-12
10713 6.946703e-12
10714 6.945340e-12
10715 6.943977e-12
10716 6.942614e-12
10717 6.941252e-12
10718 6.939890e-12
10719 6.938528e-12
10720 6.937167e-12
10721 6.935807e-12
10722 6.934446e-12
10723 6.933086e-12
10724 6.931727e-12
10725 6.930368e-12
10726 6.929009e-12
10727 6.927651e-12
10728 6.926293e-12
10729 6.924935e-12
10730 6.923578e-12
10731 6.922221e-12
10732 6.920865e-12
10733 6.919509e-12
10734 6.918153e-12
10735 6.916798e-12
10736 6.915444e-12
10737 6.914089e-12
10738 6.912735e-12
10739 6.911381e-12
10740 6.910028e-12
10741 6.908675e-12
10742 6.907323e-12
10743 6.905971e-12
10744 6.904619e-12
10745 6.903268e-12
10746 6.901917e-12
10747 6.900567e-12
10748 6.899216e-12
10749 6.897867e-12
10750 6.896517e-12
10751 6.895168e-12
10752 6.893820e-12
10753 6.892472e-12
10754 6.891124e-12
10755 6.889777e-12
10756 6.888430e-12
10757 6.887083e-12
10758 6.885737e-12
10759 6.884391e-12
10760 6.883045e-12
10761 6.881700e-12
10762 6.880356e-12
10763 6.879011e-12
10764 6.877668e-12
10765 6.876324e-12
10766 6.874981e-12
10767 6.873638e-12
10768 6.872296e-12
10769 6.870952e-12
10770 6.869609e-12
10771 6.868266e-12
10772 6.866924e-12
10773 6.865582e-12
10774 6.864241e-12
10775 6.862900e-12
10776 6.861559e-12
10777 6.860219e-12
10778 6.858879e-12
10779 6.857539e-12
10780 6.856200e-12
10781 6.854861e-12
10782 6.853523e-12
10783 6.852185e-12
10784 6.850847e-12
10785 6.849510e-12
10786 6.848173e-12
10787 6.846837e-12
10788 6.845500e-12
10789 6.844165e-12
10790 6.842829e-12
10791 6.841495e-12
10792 6.840160e-12
10793 6.838826e-12
10794 6.837492e-12
10795 6.836159e-12
10796 6.834826e-12
10797 6.833493e-12
10798 6.832161e-12
10799 6.830829e-12
10800 6.829497e-12
10801 6.828166e-12
10802 6.826835e-12
10803 6.825505e-12
10804 6.824175e-12
10805 6.822846e-12
10806 6.821516e-12
10807 6.820188e-12
10808 6.818859e-12
10809 6.817531e-12
10810 6.816203e-12
10811 6.814876e-12
10812 6.813549e-12
10813 6.812223e-12
10814 6.810897e-12
10815 6.809571e-12
10816 6.808245e-12
10817 6.806920e-12
10818 6.805596e-12
10819 6.804272e-12
10820 6.802948e-12
10821 6.801624e-12
10822 6.800301e-12
10823 6.798978e-12
10824 6.797656e-12
10825 6.796334e-12
10826 6.795013e-12
10827 6.793691e-12
10828 6.792371e-12
10829 6.791050e-12
10830 6.789730e-12
10831 6.788410e-12
10832 6.787091e-12
10833 6.785772e-12
10834 6.784454e-12
10835 6.783135e-12
10836 6.781818e-12
10837 6.780500e-12
10838 6.779183e-12
10839 6.777866e-12
10840 6.776550e-12
10841 6.775234e-12
10842 6.773919e-12
10843 6.772604e-12
10844 6.771289e-12
10845 6.769974e-12
10846 6.768660e-12
10847 6.767347e-12
10848 6.766033e-12
10849 6.764720e-12
10850 6.763408e-12
10851 6.762096e-12
10852 6.760784e-12
10853 6.759473e-12
10854 6.758162e-12
10855 6.756851e-12
10856 6.755541e-12
10857 6.754231e-12
10858 6.752921e-12
10859 6.751612e-12
10860 6.750303e-12
10861 6.748995e-12
10862 6.747687e-12
10863 6.746379e-12
10864 6.745071e-12
10865 6.743763e-12
10866 6.742455e-12
10867 6.741147e-12
10868 6.739840e-12
10869 6.738533e-12
10870 6.737227e-12
10871 6.735921e-12
10872 6.734615e-12
10873 6.733310e-12
10874 6.732005e-12
10875 6.730700e-12
10876 6.729396e-12
10877 6.728092e-12
10878 6.726789e-12
10879 6.725486e-12
10880 6.724183e-12
10881 6.722880e-12
10882 6.721578e-12
10883 6.720277e-12
10884 6.718976e-12
10885 6.717675e-12
10886 6.716374e-12
10887 6.715074e-12
10888 6.713774e-12
10889 6.712475e-12
10890 6.711176e-12
10891 6.709877e-12
10892 6.708579e-12
10893 6.707281e-12
10894 6.705984e-12
10895 6.704686e-12
10896 6.703390e-12
10897 6.702093e-12
10898 6.700797e-12
10899 6.699502e-12
10900 6.698206e-12
10901 6.696911e-12
10902 6.695617e-12
10903 6.694322e-12
10904 6.693029e-12
10905 6.691735e-12
10906 6.690442e-12
10907 6.689149e-12
10908 6.687857e-12
10909 6.686565e-12
10910 6.685273e-12
10911 6.683982e-12
10912 6.682691e-12
10913 6.681401e-12
10914 6.680111e-12
10915 6.678821e-12
10916 6.677531e-12
10917 6.676242e-12
10918 6.674954e-12
10919 6.673665e-12
10920 6.672377e-12
10921 6.671090e-12
10922 6.669802e-12
10923 6.668516e-12
10924 6.667229e-12
10925 6.665943e-12
10926 6.664657e-12
10927 6.663372e-12
10928 6.662087e-12
10929 6.660802e-12
10930 6.659518e-12
10931 6.658234e-12
10932 6.656950e-12
10933 6.655667e-12
10934 6.654384e-12
10935 6.653102e-12
10936 6.651820e-12
10937 6.650538e-12
10938 6.649257e-12
10939 6.647976e-12
10940 6.646695e-12
10941 6.645415e-12
10942 6.644135e-12
10943 6.642855e-12
10944 6.641576e-12
10945 6.640297e-12
10946 6.639019e-12
10947 6.637741e-12
10948 6.636463e-12
10949 6.635185e-12
10950 6.633908e-12
10951 6.632632e-12
10952 6.631355e-12
10953 6.630080e-12
10954 6.628804e-12
10955 6.627529e-12
10956 6.626254e-12
10957 6.624979e-12
10958 6.623705e-12
10959 6.622432e-12
10960 6.621158e-12
10961 6.619884e-12
10962 6.618610e-12
10963 6.617336e-12
10964 6.616063e-12
10965 6.614790e-12
10966 6.613517e-12
10967 6.612245e-12
10968 6.610973e-12
10969 6.609701e-12
10970 6.608430e-12
10971 6.607159e-12
10972 6.605889e-12
10973 6.604619e-12
10974 6.603349e-12
10975 6.602080e-12
10976 6.600811e-12
10977 6.599542e-12
10978 6.598274e-12
10979 6.597006e-12
10980 6.595738e-12
10981 6.594471e-12
10982 6.593204e-12
10983 6.591938e-12
10984 6.590672e-12
10985 6.589406e-12
10986 6.588141e-12
10987 6.586875e-12
10988 6.585611e-12
10989 6.584346e-12
10990 6.583082e-12
10991 6.581819e-12
10992 6.580556e-12
10993 6.579293e-12
10994 6.578030e-12
10995 6.576768e-12
10996 6.575506e-12
10997 6.574245e-12
10998 6.572983e-12
10999 6.571723e-12
11000 6.570462e-12
11001 6.569202e-12
11002 6.567943e-12
11003 6.566683e-12
11004 6.565424e-12
11005 6.564166e-12
11006 6.562907e-12
11007 6.561649e-12
11008 6.560392e-12
11009 6.559135e-12
11010 6.557878e-12
11011 6.556621e-12
11012 6.555365e-12
11013 6.554109e-12
11014 6.552854e-12
11015 6.551599e-12
11016 6.550344e-12
11017 6.549090e-12
11018 6.547836e-12
11019 6.546582e-12
11020 6.545329e-12
11021 6.544076e-12
11022 6.542823e-12
11023 6.541571e-12
11024 6.540319e-12
11025 6.539067e-12
11026 6.537816e-12
11027 6.536565e-12
11028 6.535315e-12
11029 6.534065e-12
11030 6.532815e-12
11031 6.531566e-12
11032 6.530316e-12
11033 6.529068e-12
11034 6.527819e-12
11035 6.526571e-12
11036 6.525324e-12
11037 6.524076e-12
11038 6.522829e-12
11039 6.521583e-12
11040 6.520336e-12
11041 6.519091e-12
11042 6.517845e-12
11043 6.516600e-12
11044 6.515355e-12
11045 6.514110e-12
11046 6.512866e-12
11047 6.511622e-12
11048 6.510379e-12
11049 6.509136e-12
11050 6.507893e-12
11051 6.506651e-12
11052 6.505409e-12
11053 6.504167e-12
11054 6.502926e-12
11055 6.501685e-12
11056 6.500444e-12
11057 6.499204e-12
11058 6.497963e-12
11059 6.496722e-12
11060 6.495481e-12
11061 6.494241e-12
11062 6.493001e-12
11063 6.491762e-12
11064 6.490522e-12
11065 6.489284e-12
11066 6.488045e-12
11067 6.486807e-12
11068 6.485569e-12
11069 6.484332e-12
11070 6.483095e-12
11071 6.481858e-12
11072 6.480621e-12
11073 6.479385e-12
11074 6.478150e-12
11075 6.476914e-12
11076 6.475679e-12
11077 6.474445e-12
11078 6.473210e-12
11079 6.471976e-12
11080 6.470743e-12
11081 6.469509e-12
11082 6.468276e-12
11083 6.467044e-12
11084 6.465812e-12
11085 6.464580e-12
11086 6.463348e-12
11087 6.462117e-12
11088 6.460886e-12
11089 6.459655e-12
11090 6.458425e-12
11091 6.457195e-12
11092 6.455966e-12
11093 6.454737e-12
11094 6.453508e-12
11095 6.452280e-12
11096 6.451051e-12
11097 6.449824e-12
11098 6.448596e-12
11099 6.447369e-12
11100 6.446142e-12
11101 6.444916e-12
11102 6.443690e-12
11103 6.442464e-12
11104 6.441239e-12
11105 6.440014e-12
11106 6.438789e-12
11107 6.437565e-12
11108 6.436341e-12
11109 6.435117e-12
11110 6.433894e-12
11111 6.432671e-12
11112 6.431448e-12
11113 6.430226e-12
11114 6.429004e-12
11115 6.427783e-12
11116 6.426561e-12
11117 6.425341e-12
11118 6.424120e-12
11119 6.422900e-12
11120 6.421680e-12
11121 6.420460e-12
11122 6.419241e-12
11123 6.418022e-12
11124 6.416804e-12
11125 6.415586e-12
11126 6.414368e-12
11127 6.413150e-12
11128 6.411933e-12
11129 6.410716e-12
11130 6.409500e-12
11131 6.408284e-12
11132 6.407068e-12
11133 6.405853e-12
11134 6.404637e-12
11135 6.403423e-12
11136 6.402208e-12
11137 6.400994e-12
11138 6.399780e-12
11139 6.398567e-12
11140 6.397354e-12
11141 6.396141e-12
11142 6.394929e-12
11143 6.393717e-12
11144 6.392505e-12
11145 6.391294e-12
11146 6.390083e-12
11147 6.388872e-12
11148 6.387661e-12
11149 6.386451e-12
11150 6.385242e-12
11151 6.384032e-12
11152 6.382823e-12
11153 6.381615e-12
11154 6.380406e-12
11155 6.379198e-12
11156 6.377990e-12
11157 6.376782e-12
11158 6.375573e-12
11159 6.374365e-12
11160 6.373158e-12
11161 6.371951e-12
11162 6.370744e-12
11163 6.369537e-12
11164 6.368331e-12
11165 6.367125e-12
11166 6.365919e-12
11167 6.364714e-12
11168 6.363509e-12
11169 6.362305e-12
11170 6.361100e-12
11171 6.359896e-12
11172 6.358693e-12
11173 6.357490e-12
11174 6.356287e-12
11175 6.355084e-12
11176 6.353882e-12
11177 6.352680e-12
11178 6.351479e-12
11179 6.350277e-12
11180 6.349076e-12
11181 6.347876e-12
11182 6.346676e-12
11183 6.345476e-12
11184 6.344276e-12
11185 6.343077e-12
11186 6.341878e-12
11187 6.340680e-12
11188 6.339481e-12
11189 6.338284e-12
11190 6.337086e-12
11191 6.335889e-12
11192 6.334692e-12
11193 6.333495e-12
11194 6.332299e-12
11195 6.331103e-12
11196 6.329908e-12
11197 6.328713e-12
11198 6.327518e-12
11199 6.326323e-12
11200 6.325129e-12
11201 6.323935e-12
11202 6.322742e-12
11203 6.321548e-12
11204 6.320355e-12
11205 6.319163e-12
11206 6.317971e-12
11207 6.316779e-12
11208 6.315587e-12
11209 6.314396e-12
11210 6.313205e-12
11211 6.312015e-12
11212 6.310824e-12
11213 6.309634e-12
11214 6.308445e-12
11215 6.307256e-12
11216 6.306067e-12
11217 6.304878e-12
11218 6.303690e-12
11219 6.302502e-12
11220 6.301314e-12
11221 6.300127e-12
11222 6.298940e-12
11223 6.297753e-12
11224 6.296567e-12
11225 6.295381e-12
11226 6.294196e-12
11227 6.293010e-12
11228 6.291825e-12
11229 6.290641e-12
11230 6.289456e-12
11231 6.288272e-12
11232 6.287089e-12
11233 6.285905e-12
11234 6.284722e-12
11235 6.283540e-12
11236 6.282357e-12
11237 6.281175e-12
11238 6.279994e-12
11239 6.278812e-12
11240 6.277631e-12
11241 6.276451e-12
11242 6.275270e-12
11243 6.274090e-12
11244 6.272911e-12
11245 6.271731e-12
11246 6.270552e-12
11247 6.269373e-12
11248 6.268195e-12
11249 6.267017e-12
11250 6.265839e-12
11251 6.264662e-12
11252 6.263485e-12
11253 6.262308e-12
11254 6.261131e-12
11255 6.259955e-12
11256 6.258778e-12
11257 6.257601e-12
11258 6.256425e-12
11259 6.255249e-12
11260 6.254073e-12
11261 6.252897e-12
11262 6.251722e-12
11263 6.250548e-12
11264 6.249373e-12
11265 6.248199e-12
11266 6.247025e-12
11267 6.245852e-12
11268 6.244679e-12
11269 6.243506e-12
11270 6.242333e-12
11271 6.241161e-12
11272 6.239989e-12
11273 6.238818e-12
11274 6.237647e-12
11275 6.236476e-12
11276 6.235305e-12
11277 6.234135e-12
11278 6.232965e-12
11279 6.231796e-12
11280 6.230626e-12
11281 6.229457e-12
11282 6.228289e-12
11283 6.227121e-12
11284 6.225953e-12
11285 6.224785e-12
11286 6.223618e-12
11287 6.222451e-12
11288 6.221284e-12
11289 6.220118e-12
11290 6.218952e-12
11291 6.217786e-12
11292 6.216620e-12
11293 6.215455e-12
11294 6.214291e-12
11295 6.213126e-12
11296 6.211962e-12
11297 6.210798e-12
11298 6.209635e-12
11299 6.208472e-12
11300 6.207309e-12
11301 6.206146e-12
11302 6.204984e-12
11303 6.203822e-12
11304 6.202661e-12
11305 6.201500e-12
11306 6.200339e-12
11307 6.199178e-12
11308 6.198018e-12
11309 6.196858e-12
11310 6.195698e-12
11311 6.194539e-12
11312 6.193380e-12
11313 6.192222e-12
11314 6.191063e-12
11315 6.189905e-12
11316 6.188747e-12
11317 6.187590e-12
11318 6.186433e-12
11319 6.185276e-12
11320 6.184120e-12
11321 6.182964e-12
11322 6.181808e-12
11323 6.180653e-12
11324 6.179497e-12
11325 6.178343e-12
11326 6.177188e-12
11327 6.176034e-12
11328 6.174880e-12
11329 6.173726e-12
11330 6.172573e-12
11331 6.171420e-12
11332 6.170268e-12
11333 6.169115e-12
11334 6.167963e-12
11335 6.166812e-12
11336 6.165660e-12
11337 6.164509e-12
11338 6.163359e-12
11339 6.162208e-12
11340 6.161058e-12
11341 6.159908e-12
11342 6.158759e-12
11343 6.157610e-12
11344 6.156461e-12
11345 6.155312e-12
11346 6.154164e-12
11347 6.153016e-12
11348 6.151869e-12
11349 6.150722e-12
11350 6.149575e-12
11351 6.148428e-12
11352 6.147282e-12
11353 6.146136e-12
11354 6.144990e-12
11355 6.143844e-12
11356 6.142698e-12
11357 6.141552e-12
11358 6.140407e-12
11359 6.139261e-12
11360 6.138116e-12
11361 6.136972e-12
11362 6.135827e-12
11363 6.134683e-12
11364 6.133540e-12
11365 6.132396e-12
11366 6.131253e-12
11367 6.130111e-12
11368 6.128968e-12
11369 6.127826e-12
11370 6.126684e-12
11371 6.125543e-12
11372 6.124401e-12
11373 6.123260e-12
11374 6.122120e-12
11375 6.120980e-12
11376 6.119840e-12
11377 6.118700e-12
11378 6.117561e-12
11379 6.116422e-12
11380 6.115283e-12
11381 6.114145e-12
11382 6.113007e-12
11383 6.111869e-12
11384 6.110731e-12
11385 6.109594e-12
11386 6.108457e-12
11387 6.107321e-12
11388 6.106185e-12
11389 6.105049e-12
11390 6.103913e-12
11391 6.102778e-12
11392 6.101643e-12
11393 6.100508e-12
11394 6.099374e-12
11395 6.098240e-12
11396 6.097106e-12
11397 6.095973e-12
11398 6.094840e-12
11399 6.093707e-12
11400 6.092574e-12
11401 6.091442e-12
11402 6.090310e-12
11403 6.089179e-12
11404 6.088047e-12
11405 6.086917e-12
11406 6.085786e-12
11407 6.084656e-12
11408 6.083526e-12
11409 6.082396e-12
11410 6.081266e-12
11411 6.080137e-12
11412 6.079009e-12
11413 6.077880e-12
11414 6.076752e-12
11415 6.075624e-12
11416 6.074497e-12
11417 6.073369e-12
11418 6.072242e-12
11419 6.071116e-12
11420 6.069990e-12
11421 6.068864e-12
11422 6.067738e-12
11423 6.066612e-12
11424 6.065487e-12
11425 6.064363e-12
11426 6.063238e-12
11427 6.062114e-12
11428 6.060990e-12
11429 6.059867e-12
11430 6.058743e-12
11431 6.057620e-12
11432 6.056498e-12
11433 6.055375e-12
11434 6.054253e-12
11435 6.053132e-12
11436 6.052010e-12
11437 6.050889e-12
11438 6.049768e-12
11439 6.048648e-12
11440 6.047528e-12
11441 6.046408e-12
11442 6.045288e-12
11443 6.044169e-12
11444 6.043050e-12
11445 6.041931e-12
11446 6.040813e-12
11447 6.039695e-12
11448 6.038577e-12
11449 6.037460e-12
11450 6.036343e-12
11451 6.035226e-12
11452 6.034109e-12
11453 6.032993e-12
11454 6.031877e-12
11455 6.030762e-12
11456 6.029646e-12
11457 6.028530e-12
11458 6.027414e-12
11459 6.026298e-12
11460 6.025183e-12
11461 6.024068e-12
11462 6.022954e-12
11463 6.021839e-12
11464 6.020725e-12
11465 6.019611e-12
11466 6.018498e-12
11467 6.017385e-12
11468 6.016272e-12
11469 6.015160e-12
11470 6.014047e-12
11471 6.012936e-12
11472 6.011824e-12
11473 6.010713e-12
11474 6.009602e-12
11475 6.008491e-12
11476 6.007381e-12
11477 6.006270e-12
11478 6.005161e-12
11479 6.004051e-12
11480 6.002942e-12
11481 6.001833e-12
11482 6.000724e-12
11483 5.999616e-12
11484 5.998508e-12
11485 5.997401e-12
11486 5.996293e-12
11487 5.995186e-12
11488 5.994079e-12
11489 5.992973e-12
11490 5.991867e-12
11491 5.990761e-12
11492 5.989655e-12
11493 5.988550e-12
11494 5.987445e-12
11495 5.986340e-12
11496 5.985236e-12
11497 5.984132e-12
11498 5.983028e-12
11499 5.981925e-12
11500 5.980821e-12
11501 5.979719e-12
11502 5.978616e-12
11503 5.977514e-12
11504 5.976412e-12
11505 5.975310e-12
11506 5.974209e-12
11507 5.973108e-12
11508 5.972007e-12
11509 5.970906e-12
11510 5.969806e-12
11511 5.968706e-12
11512 5.967607e-12
11513 5.966507e-12
11514 5.965408e-12
11515 5.964310e-12
11516 5.963211e-12
11517 5.962113e-12
11518 5.961015e-12
11519 5.959918e-12
11520 5.958821e-12
11521 5.957724e-12
11522 5.956627e-12
11523 5.955531e-12
11524 5.954435e-12
11525 5.953339e-12
11526 5.952244e-12
11527 5.951148e-12
11528 5.950054e-12
11529 5.948959e-12
11530 5.947865e-12
11531 5.946771e-12
11532 5.945677e-12
11533 5.944584e-12
11534 5.943491e-12
11535 5.942398e-12
11536 5.941306e-12
11537 5.940213e-12
11538 5.939121e-12
11539 5.938030e-12
11540 5.936939e-12
11541 5.935848e-12
11542 5.934757e-12
11543 5.933666e-12
11544 5.932576e-12
11545 5.931487e-12
11546 5.930397e-12
11547 5.929308e-12
11548 5.928219e-12
11549 5.927130e-12
11550 5.926042e-12
11551 5.924954e-12
11552 5.923866e-12
11553 5.922779e-12
11554 5.921692e-12
11555 5.920605e-12
11556 5.919518e-12
11557 5.918432e-12
11558 5.917345e-12
11559 5.916258e-12
11560 5.915172e-12
11561 5.914086e-12
11562 5.913000e-12
11563 5.911914e-12
11564 5.910829e-12
11565 5.909744e-12
11566 5.908659e-12
11567 5.907574e-12
11568 5.906490e-12
11569 5.905406e-12
11570 5.904323e-12
11571 5.903239e-12
11572 5.902156e-12
11573 5.901074e-12
11574 5.899991e-12
11575 5.898909e-12
11576 5.897827e-12
11577 5.896746e-12
11578 5.895665e-12
11579 5.894584e-12
11580 5.893503e-12
11581 5.892423e-12
11582 5.891343e-12
11583 5.890263e-12
11584 5.889183e-12
11585 5.888104e-12
11586 5.887025e-12
11587 5.885947e-12
11588 5.884868e-12
11589 5.883790e-12
11590 5.882712e-12
11591 5.881635e-12
11592 5.880558e-12
11593 5.879481e-12
11594 5.878404e-12
11595 5.877328e-12
11596 5.876252e-12
11597 5.875176e-12
11598 5.874101e-12
11599 5.873026e-12
11600 5.871951e-12
11601 5.870876e-12
11602 5.869802e-12
11603 5.868728e-12
11604 5.867654e-12
11605 5.866581e-12
11606 5.865508e-12
11607 5.864435e-12
11608 5.863362e-12
11609 5.862290e-12
11610 5.861218e-12
11611 5.860146e-12
11612 5.859075e-12
11613 5.858004e-12
11614 5.856933e-12
11615 5.855863e-12
11616 5.854792e-12
11617 5.853722e-12
11618 5.852653e-12
11619 5.851583e-12
11620 5.850514e-12
11621 5.849446e-12
11622 5.848377e-12
11623 5.847309e-12
11624 5.846241e-12
11625 5.845173e-12
11626 5.844106e-12
11627 5.843039e-12
11628 5.841972e-12
11629 5.840905e-12
11630 5.839839e-12
11631 5.838773e-12
11632 5.837708e-12
11633 5.836642e-12
11634 5.835577e-12
11635 5.834512e-12
11636 5.833448e-12
11637 5.832384e-12
11638 5.831320e-12
11639 5.830256e-12
11640 5.829193e-12
11641 5.828130e-12
11642 5.827067e-12
11643 5.826004e-12
11644 5.824942e-12
11645 5.823880e-12
11646 5.822819e-12
11647 5.821757e-12
11648 5.820696e-12
11649 5.819635e-12
11650 5.818575e-12
11651 5.817515e-12
11652 5.816455e-12
11653 5.815395e-12
11654 5.814336e-12
11655 5.813277e-12
11656 5.812218e-12
11657 5.811159e-12
11658 5.810101e-12
11659 5.809043e-12
11660 5.807985e-12
11661 5.806927e-12
11662 5.805869e-12
11663 5.804811e-12
11664 5.803753e-12
11665 5.802696e-12
11666 5.801639e-12
11667 5.800582e-12
11668 5.799526e-12
11669 5.798469e-12
11670 5.797414e-12
11671 5.796358e-12
11672 5.795303e-12
11673 5.794248e-12
11674 5.793193e-12
11675 5.792138e-12
11676 5.791084e-12
11677 5.790030e-12
11678 5.788976e-12
11679 5.787923e-12
11680 5.786870e-12
11681 5.785817e-12
11682 5.784765e-12
11683 5.783712e-12
11684 5.782660e-12
11685 5.781609e-12
11686 5.780557e-12
11687 5.779506e-12
11688 5.778455e-12
11689 5.777405e-12
11690 5.776355e-12
11691 5.775305e-12
11692 5.774255e-12
11693 5.773205e-12
11694 5.772156e-12
11695 5.771107e-12
11696 5.770059e-12
11697 5.769011e-12
11698 5.767962e-12
11699 5.766915e-12
11700 5.765867e-12
11701 5.764820e-12
11702 5.763773e-12
11703 5.762727e-12
11704 5.761680e-12
11705 5.760634e-12
11706 5.759588e-12
11707 5.758543e-12
11708 5.757498e-12
11709 5.756453e-12
11710 5.755408e-12
11711 5.754363e-12
11712 5.753319e-12
11713 5.752276e-12
11714 5.751232e-12
11715 5.750189e-12
11716 5.749146e-12
11717 5.748103e-12
11718 5.747060e-12
11719 5.746018e-12
11720 5.744976e-12
11721 5.743935e-12
11722 5.742893e-12
11723 5.741852e-12
11724 5.740812e-12
11725 5.739771e-12
11726 5.738731e-12
11727 5.737691e-12
11728 5.736651e-12
11729 5.735612e-12
11730 5.734573e-12
11731 5.733534e-12
11732 5.732495e-12
11733 5.731457e-12
11734 5.730419e-12
11735 5.729381e-12
11736 5.728344e-12
11737 5.727307e-12
11738 5.726270e-12
11739 5.725233e-12
11740 5.724197e-12
11741 5.723161e-12
11742 5.722125e-12
11743 5.721089e-12
11744 5.720054e-12
11745 5.719019e-12
11746 5.717984e-12
11747 5.716950e-12
11748 5.715916e-12
11749 5.714882e-12
11750 5.713848e-12
11751 5.712815e-12
11752 5.711782e-12
11753 5.710749e-12
11754 5.709717e-12
11755 5.708684e-12
11756 5.707652e-12
11757 5.706621e-12
11758 5.705589e-12
11759 5.704558e-12
11760 5.703527e-12
11761 5.702497e-12
11762 5.701466e-12
11763 5.700436e-12
11764 5.699406e-12
11765 5.698376e-12
11766 5.697345e-12
11767 5.696315e-12
11768 5.695286e-12
11769 5.694256e-12
11770 5.693227e-12
11771 5.692198e-12
11772 5.691170e-12
11773 5.690141e-12
11774 5.689113e-12
11775 5.688086e-12
11776 5.687058e-12
11777 5.686031e-12
11778 5.685004e-12
11779 5.683977e-12
11780 5.682951e-12
11781 5.681925e-12
11782 5.680899e-12
11783 5.679873e-12
11784 5.678848e-12
11785 5.677823e-12
11786 5.676798e-12
11787 5.675773e-12
11788 5.674749e-12
11789 5.673725e-12
11790 5.672701e-12
11791 5.671678e-12
11792 5.670655e-12
11793 5.669632e-12
11794 5.668609e-12
11795 5.667587e-12
11796 5.666565e-12
11797 5.665543e-12
11798 5.664521e-12
11799 5.663500e-12
11800 5.662479e-12
11801 5.661459e-12
11802 5.660438e-12
11803 5.659418e-12
11804 5.658398e-12
11805 5.657378e-12
11806 5.656359e-12
11807 5.655340e-12
11808 5.654321e-12
11809 5.653302e-12
11810 5.652284e-12
11811 5.651266e-12
11812 5.650248e-12
11813 5.649231e-12
11814 5.648214e-12
11815 5.647197e-12
11816 5.646180e-12
11817 5.645164e-12
11818 5.644148e-12
11819 5.643132e-12
11820 5.642116e-12
11821 5.641101e-12
11822 5.640086e-12
11823 5.639071e-12
11824 5.638056e-12
11825 5.637042e-12
11826 5.636028e-12
11827 5.635014e-12
11828 5.634001e-12
11829 5.632988e-12
11830 5.631975e-12
11831 5.630962e-12
11832 5.629950e-12
11833 5.628938e-12
11834 5.627926e-12
11835 5.626914e-12
11836 5.625903e-12
11837 5.624892e-12
11838 5.623881e-12
11839 5.622871e-12
11840 5.621860e-12
11841 5.620850e-12
11842 5.619841e-12
11843 5.618831e-12
11844 5.617822e-12
11845 5.616813e-12
11846 5.615804e-12
11847 5.614796e-12
11848 5.613788e-12
11849 5.612780e-12
11850 5.611772e-12
11851 5.610765e-12
11852 5.609758e-12
11853 5.608751e-12
11854 5.607745e-12
11855 5.606739e-12
11856 5.605733e-12
11857 5.604727e-12
11858 5.603721e-12
11859 5.602716e-12
11860 5.601711e-12
11861 5.600707e-12
11862 5.599702e-12
11863 5.598698e-12
11864 5.597694e-12
11865 5.596691e-12
11866 5.595687e-12
11867 5.594684e-12
11868 5.593681e-12
11869 5.592678e-12
11870 5.591675e-12
11871 5.590672e-12
11872 5.589669e-12
11873 5.588667e-12
11874 5.587664e-12
11875 5.586662e-12
11876 5.585661e-12
11877 5.584659e-12
11878 5.583658e-12
11879 5.582657e-12
11880 5.581657e-12
11881 5.580656e-12
11882 5.579656e-12
11883 5.578656e-12
11884 5.577657e-12
11885 5.576657e-12
11886 5.575658e-12
11887 5.574659e-12
11888 5.573661e-12
11889 5.572663e-12
11890 5.571665e-12
11891 5.570667e-12
11892 5.569669e-12
11893 5.568672e-12
11894 5.567675e-12
11895 5.566679e-12
11896 5.565682e-12
11897 5.564686e-12
11898 5.563690e-12
11899 5.562694e-12
11900 5.561699e-12
11901 5.560704e-12
11902 5.559709e-12
11903 5.558714e-12
11904 5.557720e-12
11905 5.556726e-12
11906 5.555732e-12
11907 5.554739e-12
11908 5.553745e-12
11909 5.552752e-12
11910 5.551760e-12
11911 5.550767e-12
11912 5.549775e-12
11913 5.548783e-12
11914 5.547791e-12
11915 5.546800e-12
11916 5.545808e-12
11917 5.544817e-12
11918 5.543827e-12
11919 5.542836e-12
11920 5.541846e-12
11921 5.540856e-12
11922 5.539867e-12
11923 5.538877e-12
11924 5.537888e-12
11925 5.536899e-12
11926 5.535911e-12
11927 5.534922e-12
11928 5.533934e-12
11929 5.532946e-12
11930 5.531959e-12
11931 5.530971e-12
11932 5.529984e-12
11933 5.528998e-12
11934 5.528011e-12
11935 5.527025e-12
11936 5.526039e-12
11937 5.525053e-12
11938 5.524068e-12
11939 5.523082e-12
11940 5.522097e-12
11941 5.521113e-12
11942 5.520128e-12
11943 5.519144e-12
11944 5.518160e-12
11945 5.517176e-12
11946 5.516193e-12
11947 5.515210e-12
11948 5.514227e-12
11949 5.513244e-12
11950 5.512262e-12
11951 5.511279e-12
11952 5.510298e-12
11953 5.509316e-12
11954 5.508335e-12
11955 5.507353e-12
11956 5.506373e-12
11957 5.505392e-12
11958 5.504412e-12
11959 5.503432e-12
11960 5.502452e-12
11961 5.501472e-12
11962 5.500493e-12
11963 5.499514e-12
11964 5.498535e-12
11965 5.497556e-12
11966 5.496578e-12
11967 5.495600e-12
11968 5.494622e-12
11969 5.493645e-12
11970 5.492667e-12
11971 5.491690e-12
11972 5.490714e-12
11973 5.489737e-12
11974 5.488760e-12
11975 5.487783e-12
11976 5.486807e-12
11977 5.485830e-12
11978 5.484854e-12
11979 5.483878e-12
11980 5.482902e-12
11981 5.481927e-12
11982 5.480952e-12
11983 5.479977e-12
11984 5.479002e-12
11985 5.478028e-12
11986 5.477054e-12
11987 5.476080e-12
11988 5.475106e-12
11989 5.474133e-12
11990 5.473160e-12
11991 5.472187e-12
11992 5.471214e-12
11993 5.470242e-12
11994 5.469270e-12
11995 5.468298e-12
11996 5.467326e-12
11997 5.466355e-12
11998 5.465384e-12
11999 5.464413e-12
12000 5.463442e-12
12001 5.462472e-12
12002 5.461502e-12
12003 5.460532e-12
12004 5.459562e-12
12005 5.458593e-12
12006 5.457624e-12
12007 5.456655e-12
12008 5.455686e-12
12009 5.454718e-12
12010 5.453750e-12
12011 5.452782e-12
12012 5.451815e-12
12013 5.450847e-12
12014 5.449880e-12
12015 5.448913e-12
12016 5.447947e-12
12017 5.446981e-12
12018 5.446015e-12
12019 5.445049e-12
12020 5.444083e-12
12021 5.443118e-12
12022 5.442153e-12
12023 5.441188e-12
12024 5.440223e-12
12025 5.439259e-12
12026 5.438295e-12
12027 5.437331e-12
12028 5.436368e-12
12029 5.435404e-12
12030 5.434441e-12
12031 5.433479e-12
12032 5.432516e-12
12033 5.431554e-12
12034 5.430592e-12
12035 5.429630e-12
12036 5.428668e-12
12037 5.427707e-12
12038 5.426746e-12
12039 5.425785e-12
12040 5.424825e-12
12041 5.423864e-12
12042 5.422904e-12
12043 5.421945e-12
12044 5.420985e-12
12045 5.420026e-12
12046 5.419067e-12
12047 5.418108e-12
12048 5.417149e-12
12049 5.416191e-12
12050 5.415233e-12
12051 5.414275e-12
12052 5.413318e-12
12053 5.412360e-12
12054 5.411403e-12
12055 5.410447e-12
12056 5.409490e-12
12057 5.408534e-12
12058 5.407578e-12
12059 5.406622e-12
12060 5.405666e-12
12061 5.404711e-12
12062 5.403756e-12
12063 5.402801e-12
12064 5.401846e-12
12065 5.400892e-12
12066 5.399938e-12
12067 5.398984e-12
12068 5.398031e-12
12069 5.397077e-12
12070 5.396124e-12
12071 5.395171e-12
12072 5.394219e-12
12073 5.393267e-12
12074 5.392314e-12
12075 5.391363e-12
12076 5.390411e-12
12077 5.389460e-12
12078 5.388508e-12
12079 5.387558e-12
12080 5.386607e-12
12081 5.385656e-12
12082 5.384705e-12
12083 5.383754e-12
12084 5.382803e-12
12085 5.381853e-12
12086 5.380903e-12
12087 5.379953e-12
12088 5.379004e-12
12089 5.378054e-12
12090 5.377105e-12
12091 5.376156e-12
12092 5.375208e-12
12093 5.374259e-12
12094 5.373311e-12
12095 5.372363e-12
12096 5.371416e-12
12097 5.370468e-12
12098 5.369521e-12
12099 5.368574e-12
12100 5.367628e-12
12101 5.366681e-12
12102 5.365735e-12
12103 5.364789e-12
12104 5.363844e-12
12105 5.362898e-12
12106 5.361953e-12
12107 5.361008e-12
12108 5.360064e-12
12109 5.359119e-12
12110 5.358175e-12
12111 5.357231e-12
12112 5.356287e-12
12113 5.355344e-12
12114 5.354401e-12
12115 5.353458e-12
12116 5.352515e-12
12117 5.351573e-12
12118 5.350630e-12
12119 5.349688e-12
12120 5.348747e-12
12121 5.347805e-12
12122 5.346864e-12
12123 5.345923e-12
12124 5.344982e-12
12125 5.344042e-12
12126 5.343101e-12
12127 5.342161e-12
12128 5.341222e-12
12129 5.340282e-12
12130 5.339343e-12
12131 5.338404e-12
12132 5.337465e-12
12133 5.336526e-12
12134 5.335588e-12
12135 5.334650e-12
12136 5.333712e-12
12137 5.332774e-12
12138 5.331837e-12
12139 5.330900e-12
12140 5.329963e-12
12141 5.329026e-12
12142 5.328090e-12
12143 5.327154e-12
12144 5.326218e-12
12145 5.325282e-12
12146 5.324347e-12
12147 5.323412e-12
12148 5.322477e-12
12149 5.321542e-12
12150 5.320607e-12
12151 5.319673e-12
12152 5.318739e-12
12153 5.317805e-12
12154 5.316872e-12
12155 5.315939e-12
12156 5.315006e-12
12157 5.314073e-12
12158 5.313140e-12
12159 5.312208e-12
12160 5.311276e-12
12161 5.310344e-12
12162 5.309413e-12
12163 5.308481e-12
12164 5.307550e-12
12165 5.306619e-12
12166 5.305689e-12
12167 5.304758e-12
12168 5.303828e-12
12169 5.302898e-12
12170 5.301969e-12
12171 5.301039e-12
12172 5.300110e-12
12173 5.299181e-12
12174 5.298252e-12
12175 5.297324e-12
12176 5.296396e-12
12177 5.295468e-12
12178 5.294540e-12
12179 5.293612e-12
12180 5.292685e-12
12181 5.291758e-12
12182 5.290831e-12
12183 5.289905e-12
12184 5.288978e-12
12185 5.288052e-12
12186 5.287126e-12
12187 5.286201e-12
12188 5.285275e-12
12189 5.284349e-12
12190 5.283423e-12
12191 5.282497e-12
12192 5.281572e-12
12193 5.280647e-12
12194 5.279722e-12
12195 5.278798e-12
12196 5.277873e-12
12197 5.276949e-12
12198 5.276025e-12
12199 5.275102e-12
12200 5.274178e-12
12201 5.273255e-12
12202 5.272332e-12
12203 5.271409e-12
12204 5.270487e-12
12205 5.269565e-12
12206 5.268643e-12
12207 5.267721e-12
12208 5.266799e-12
12209 5.265878e-12
12210 5.264957e-12
12211 5.264036e-12
12212 5.263116e-12
12213 5.262195e-12
12214 5.261275e-12
12215 5.260355e-12
12216 5.259436e-12
12217 5.258516e-12
12218 5.257597e-12
12219 5.256678e-12
12220 5.255760e-12
12221 5.254841e-12
12222 5.253923e-12
12223 5.253005e-12
12224 5.252087e-12
12225 5.251170e-12
12226 5.250253e-12
12227 5.249336e-12
12228 5.248419e-12
12229 5.247502e-12
12230 5.246586e-12
12231 5.245670e-12
12232 5.244754e-12
12233 5.243838e-12
12234 5.242923e-12
12235 5.242008e-12
12236 5.241093e-12
12237 5.240178e-12
12238 5.239264e-12
12239 5.238350e-12
12240 5.237436e-12
12241 5.236522e-12
12242 5.235608e-12
12243 5.234695e-12
12244 5.233782e-12
12245 5.232869e-12
12246 5.231957e-12
12247 5.231044e-12
12248 5.230132e-12
12249 5.229220e-12
12250 5.228309e-12
12251 5.227397e-12
12252 5.226486e-12
12253 5.225575e-12
12254 5.224664e-12
12255 5.223754e-12
12256 5.222844e-12
12257 5.221934e-12
12258 5.221024e-12
12259 5.220114e-12
12260 5.219205e-12
12261 5.218296e-12
12262 5.217387e-12
12263 5.216478e-12
12264 5.215570e-12
12265 5.214662e-12
12266 5.213754e-12
12267 5.212846e-12
12268 5.211939e-12
12269 5.211032e-12
12270 5.210125e-12
12271 5.209218e-12
12272 5.208311e-12
12273 5.207405e-12
12274 5.206499e-12
12275 5.205593e-12
12276 5.204688e-12
12277 5.203782e-12
12278 5.202877e-12
12279 5.201972e-12
12280 5.201067e-12
12281 5.200163e-12
12282 5.199259e-12
12283 5.198355e-12
12284 5.197451e-12
12285 5.196548e-12
12286 5.195644e-12
12287 5.194741e-12
12288 5.193838e-12
12289 5.192936e-12
12290 5.192033e-12
12291 5.191131e-12
12292 5.190229e-12
12293 5.189328e-12
12294 5.188426e-12
12295 5.187525e-12
12296 5.186624e-12
12297 5.185722e-12
12298 5.184821e-12
12299 5.183919e-12
12300 5.183018e-12
12301 5.182118e-12
12302 5.181217e-12
12303 5.180317e-12
12304 5.179417e-12
12305 5.178517e-12
12306 5.177618e-12
12307 5.176718e-12
12308 5.175819e-12
12309 5.174920e-12
12310 5.174022e-12
12311 5.173123e-12
12312 5.172225e-12
12313 5.171327e-12
12314 5.170430e-12
12315 5.169532e-12
12316 5.168635e-12
12317 5.167738e-12
12318 5.166841e-12
12319 5.165944e-12
12320 5.165048e-12
12321 5.164152e-12
12322 5.163256e-12
12323 5.162360e-12
12324 5.161465e-12
12325 5.160570e-12
12326 5.159675e-12
12327 5.158780e-12
12328 5.157885e-12
12329 5.156991e-12
12330 5.156097e-12
12331 5.155203e-12
12332 5.154309e-12
12333 5.153416e-12
12334 5.152523e-12
12335 5.151630e-12
12336 5.150737e-12
12337 5.149845e-12
12338 5.148953e-12
12339 5.148061e-12
12340 5.147169e-12
12341 5.146277e-12
12342 5.145386e-12
12343 5.144495e-12
12344 5.143604e-12
12345 5.142713e-12
12346 5.141823e-12
12347 5.140932e-12
12348 5.140042e-12
12349 5.139153e-12
12350 5.138263e-12
12351 5.137374e-12
12352 5.136485e-12
12353 5.135596e-12
12354 5.134707e-12
12355 5.133819e-12
12356 5.132931e-12
12357 5.132043e-12
12358 5.131155e-12
12359 5.130267e-12
12360 5.129380e-12
12361 5.128493e-12
12362 5.127606e-12
12363 5.126720e-12
12364 5.125833e-12
12365 5.124947e-12
12366 5.124061e-12
12367 5.123176e-12
12368 5.122290e-12
12369 5.121405e-12
12370 5.120520e-12
12371 5.119635e-12
12372 5.118750e-12
12373 5.117866e-12
12374 5.116982e-12
12375 5.116098e-12
12376 5.115214e-12
12377 5.114331e-12
12378 5.113448e-12
12379 5.112565e-12
12380 5.111682e-12
12381 5.110799e-12
12382 5.109917e-12
12383 5.109035e-12
12384 5.108153e-12
12385 5.107271e-12
12386 5.106390e-12
12387 5.105508e-12
12388 5.104627e-12
12389 5.103747e-12
12390 5.102866e-12
12391 5.101986e-12
12392 5.101106e-12
12393 5.100226e-12
12394 5.099346e-12
12395 5.098467e-12
12396 5.097587e-12
12397 5.096708e-12
12398 5.095830e-12
12399 5.094951e-12
12400 5.094073e-12
12401 5.093195e-12
12402 5.092317e-12
12403 5.091439e-12
12404 5.090562e-12
12405 5.089684e-12
12406 5.088806e-12
12407 5.087929e-12
12408 5.087051e-12
12409 5.086174e-12
12410 5.085297e-12
12411 5.084421e-12
12412 5.083544e-12
12413 5.082668e-12
12414 5.081792e-12
12415 5.080916e-12
12416 5.080040e-12
12417 5.079165e-12
12418 5.078290e-12
12419 5.077415e-12
12420 5.076540e-12
12421 5.075666e-12
12422 5.074791e-12
12423 5.073917e-12
12424 5.073043e-12
12425 5.072170e-12
12426 5.071296e-12
12427 5.070423e-12
12428 5.069550e-12
12429 5.068677e-12
12430 5.067805e-12
12431 5.066933e-12
12432 5.066061e-12
12433 5.065189e-12
12434 5.064317e-12
12435 5.063446e-12
12436 5.062574e-12
12437 5.061703e-12
12438 5.060833e-12
12439 5.059962e-12
12440 5.059092e-12
12441 5.058222e-12
12442 5.057352e-12
12443 5.056482e-12
12444 5.055613e-12
12445 5.054744e-12
12446 5.053875e-12
12447 5.053006e-12
12448 5.052137e-12
12449 5.051269e-12
12450 5.050401e-12
12451 5.049533e-12
12452 5.048665e-12
12453 5.047798e-12
12454 5.046930e-12
12455 5.046063e-12
12456 5.045197e-12
12457 5.044330e-12
12458 5.043464e-12
12459 5.042597e-12
12460 5.041731e-12
12461 5.040866e-12
12462 5.040000e-12
12463 5.039135e-12
12464 5.038270e-12
12465 5.037405e-12
12466 5.036540e-12
12467 5.035676e-12
12468 5.034812e-12
12469 5.033948e-12
12470 5.033084e-12
12471 5.032220e-12
12472 5.031357e-12
12473 5.030494e-12
12474 5.029631e-12
12475 5.028768e-12
12476 5.027906e-12
12477 5.027044e-12
12478 5.026182e-12
12479 5.025320e-12
12480 5.024458e-12
12481 5.023597e-12
12482 5.022736e-12
12483 5.021875e-12
12484 5.021014e-12
12485 5.020154e-12
12486 5.019293e-12
12487 5.018433e-12
12488 5.017573e-12
12489 5.016714e-12
12490 5.015854e-12
12491 5.014995e-12
12492 5.014136e-12
12493 5.013277e-12
12494 5.012419e-12
12495 5.011560e-12
12496 5.010702e-12
12497 5.009844e-12
12498 5.008987e-12
12499 5.008129e-12
12500 5.007272e-12
12501 5.006415e-12
12502 5.005558e-12
12503 5.004701e-12
12504 5.003845e-12
12505 5.002989e-12
12506 5.002133e-12
12507 5.001277e-12
12508 5.000421e-12
12509 4.999566e-12
12510 4.998711e-12
12511 4.997856e-12
12512 4.997001e-12
12513 4.996147e-12
12514 4.995293e-12
12515 4.994439e-12
12516 4.993584e-12
12517 4.992730e-12
12518 4.991875e-12
12519 4.991021e-12
12520 4.990168e-12
12521 4.989314e-12
12522 4.988461e-12
12523 4.987608e-12
12524 4.986755e-12
12525 4.985902e-12
12526 4.985049e-12
12527 4.984197e-12
12528 4.983345e-12
12529 4.982493e-12
12530 4.981642e-12
12531 4.980790e-12
12532 4.979939e-12
12533 4.979088e-12
12534 4.978237e-12
12535 4.977387e-12
12536 4.976536e-12
12537 4.975686e-12
12538 4.974836e-12
12539 4.973986e-12
12540 4.973137e-12
12541 4.972288e-12
12542 4.971438e-12
12543 4.970590e-12
12544 4.969741e-12
12545 4.968893e-12
12546 4.968044e-12
12547 4.967196e-12
12548 4.966348e-12
12549 4.965501e-12
12550 4.964653e-12
12551 4.963806e-12
12552 4.962959e-12
12553 4.962113e-12
12554 4.961266e-12
12555 4.960420e-12
12556 4.959574e-12
12557 4.958728e-12
12558 4.957882e-12
12559 4.957037e-12
12560 4.956191e-12
12561 4.955346e-12
12562 4.954501e-12
12563 4.953657e-12
12564 4.952812e-12
12565 4.951968e-12
12566 4.951124e-12
12567 4.950280e-12
12568 4.949437e-12
12569 4.948593e-12
12570 4.947750e-12
12571 4.946907e-12
12572 4.946065e-12
12573 4.945222e-12
12574 4.944380e-12
12575 4.943538e-12
12576 4.942696e-12
12577 4.941854e-12
12578 4.941013e-12
12579 4.940171e-12
12580 4.939330e-12
12581 4.938489e-12
12582 4.937649e-12
12583 4.936808e-12
12584 4.935968e-12
12585 4.935128e-12
12586 4.934288e-12
12587 4.933449e-12
12588 4.932609e-12
12589 4.931770e-12
12590 4.930931e-12
12591 4.930092e-12
12592 4.929254e-12
12593 4.928416e-12
12594 4.927578e-12
12595 4.926740e-12
12596 4.925902e-12
12597 4.925064e-12
12598 4.924227e-12
12599 4.923390e-12
12600 4.922553e-12
12601 4.921717e-12
12602 4.920880e-12
12603 4.920044e-12
12604 4.919208e-12
12605 4.918372e-12
12606 4.917536e-12
12607 4.916701e-12
12608 4.915866e-12
12609 4.915031e-12
12610 4.914196e-12
12611 4.913361e-12
12612 4.912527e-12
12613 4.911693e-12
12614 4.910859e-12
12615 4.910025e-12
12616 4.909192e-12
12617 4.908358e-12
12618 4.907525e-12
12619 4.906692e-12
12620 4.905860e-12
12621 4.905027e-12
12622 4.904195e-12
12623 4.903363e-12
12624 4.902531e-12
12625 4.901699e-12
12626 4.900868e-12
12627 4.900036e-12
12628 4.899204e-12
12629 4.898372e-12
12630 4.897541e-12
12631 4.896710e-12
12632 4.895879e-12
12633 4.895048e-12
12634 4.894217e-12
12635 4.893387e-12
12636 4.892557e-12
12637 4.891727e-12
12638 4.890897e-12
12639 4.890068e-12
12640 4.889238e-12
12641 4.888409e-12
12642 4.887580e-12
12643 4.886752e-12
12644 4.885923e-12
12645 4.885095e-12
12646 4.884267e-12
12647 4.883439e-12
12648 4.882611e-12
12649 4.881784e-12
12650 4.880956e-12
12651 4.880129e-12
12652 4.879302e-12
12653 4.878476e-12
12654 4.877649e-12
12655 4.876823e-12
12656 4.875997e-12
12657 4.875171e-12
12658 4.874345e-12
12659 4.873520e-12
12660 4.872695e-12
12661 4.871870e-12
12662 4.871045e-12
12663 4.870220e-12
12664 4.869396e-12
12665 4.868572e-12
12666 4.867748e-12
12667 4.866924e-12
12668 4.866100e-12
12669 4.865277e-12
12670 4.864454e-12
12671 4.863631e-12
12672 4.862808e-12
12673 4.861985e-12
12674 4.861163e-12
12675 4.860341e-12
12676 4.859519e-12
12677 4.858697e-12
12678 4.857875e-12
12679 4.857054e-12
12680 4.856233e-12
12681 4.855412e-12
12682 4.854591e-12
12683 4.853771e-12
12684 4.852950e-12
12685 4.852130e-12
12686 4.851310e-12
12687 4.850491e-12
12688 4.849671e-12
12689 4.848852e-12
12690 4.848033e-12
12691 4.847214e-12
12692 4.846395e-12
12693 4.845577e-12
12694 4.844758e-12
12695 4.843940e-12
12696 4.843122e-12
12697 4.842305e-12
12698 4.841487e-12
12699 4.840670e-12
12700 4.839853e-12
12701 4.839036e-12
12702 4.838219e-12
12703 4.837403e-12
12704 4.836586e-12
12705 4.835770e-12
12706 4.834954e-12
12707 4.834139e-12
12708 4.833323e-12
12709 4.832508e-12
12710 4.831693e-12
12711 4.830878e-12
12712 4.830063e-12
12713 4.829249e-12
12714 4.828435e-12
12715 4.827621e-12
12716 4.826807e-12
12717 4.825993e-12
12718 4.825180e-12
12719 4.824366e-12
12720 4.823553e-12
12721 4.822741e-12
12722 4.821928e-12
12723 4.821115e-12
12724 4.820303e-12
12725 4.819491e-12
12726 4.818679e-12
12727 4.817868e-12
12728 4.817056e-12
12729 4.816245e-12
12730 4.815434e-12
12731 4.814623e-12
12732 4.813812e-12
12733 4.813002e-12
12734 4.812192e-12
12735 4.811382e-12
12736 4.810572e-12
12737 4.809762e-12
12738 4.808953e-12
12739 4.808143e-12
12740 4.807333e-12
12741 4.806524e-12
12742 4.805714e-12
12743 4.804905e-12
12744 4.804096e-12
12745 4.803287e-12
12746 4.802479e-12
12747 4.801670e-12
12748 4.800862e-12
12749 4.800054e-12
12750 4.799246e-12
12751 4.798439e-12
12752 4.797631e-12
12753 4.796824e-12
12754 4.796017e-12
12755 4.795210e-12
12756 4.794404e-12
12757 4.793597e-12
12758 4.792791e-12
12759 4.791985e-12
12760 4.791179e-12
12761 4.790374e-12
12762 4.789568e-12
12763 4.788763e-12
12764 4.787958e-12
12765 4.787153e-12
12766 4.786349e-12
12767 4.785544e-12
12768 4.784740e-12
12769 4.783936e-12
12770 4.783132e-12
12771 4.782328e-12
12772 4.781525e-12
12773 4.780722e-12
12774 4.779919e-12
12775 4.779116e-12
12776 4.778313e-12
12777 4.777511e-12
12778 4.776709e-12
12779 4.775906e-12
12780 4.775105e-12
12781 4.774303e-12
12782 4.773502e-12
12783 4.772700e-12
12784 4.771899e-12
12785 4.771098e-12
12786 4.770298e-12
12787 4.769497e-12
12788 4.768697e-12
12789 4.767897e-12
12790 4.767097e-12
12791 4.766297e-12
12792 4.765498e-12
12793 4.764699e-12
12794 4.763899e-12
12795 4.763101e-12
12796 4.762302e-12
12797 4.761503e-12
12798 4.760705e-12
12799 4.759907e-12
12800 4.759109e-12
12801 4.758311e-12
12802 4.757514e-12
12803 4.756716e-12
12804 4.755919e-12
12805 4.755122e-12
12806 4.754326e-12
12807 4.753529e-12
12808 4.752733e-12
12809 4.751937e-12
12810 4.751141e-12
12811 4.750345e-12
12812 4.749549e-12
12813 4.748754e-12
12814 4.747959e-12
12815 4.747164e-12
12816 4.746369e-12
12817 4.745574e-12
12818 4.744780e-12
12819 4.743986e-12
12820 4.743192e-12
12821 4.742398e-12
12822 4.741604e-12
12823 4.740811e-12
12824 4.740018e-12
12825 4.739225e-12
12826 4.738432e-12
12827 4.737639e-12
12828 4.736847e-12
12829 4.736054e-12
12830 4.735262e-12
12831 4.734471e-12
12832 4.733679e-12
12833 4.732887e-12
12834 4.732096e-12
12835 4.731305e-12
12836 4.730514e-12
12837 4.729723e-12
12838 4.728933e-12
12839 4.728143e-12
12840 4.727353e-12
12841 4.726563e-12
12842 4.725773e-12
12843 4.724983e-12
12844 4.724194e-12
12845 4.723405e-12
12846 4.722616e-12
12847 4.721827e-12
12848 4.721038e-12
12849 4.720250e-12
12850 4.719462e-12
12851 4.718674e-12
12852 4.717886e-12
12853 4.717098e-12
12854 4.716309e-12
12855 4.715521e-12
12856 4.714734e-12
12857 4.713946e-12
12858 4.713159e-12
12859 4.712372e-12
12860 4.711585e-12
12861 4.710798e-12
12862 4.710011e-12
12863 4.709225e-12
12864 4.708439e-12
12865 4.707653e-12
12866 4.706867e-12
12867 4.706081e-12
12868 4.705296e-12
12869 4.704510e-12
12870 4.703725e-12
12871 4.702941e-12
12872 4.702156e-12
12873 4.701371e-12
12874 4.700587e-12
12875 4.699803e-12
12876 4.699019e-12
12877 4.698235e-12
12878 4.697452e-12
12879 4.696668e-12
12880 4.695885e-12
12881 4.695102e-12
12882 4.694320e-12
12883 4.693537e-12
12884 4.692755e-12
12885 4.691973e-12
12886 4.691191e-12
12887 4.690409e-12
12888 4.689627e-12
12889 4.688846e-12
12890 4.688064e-12
12891 4.687283e-12
12892 4.686503e-12
12893 4.685722e-12
12894 4.684941e-12
12895 4.684161e-12
12896 4.683381e-12
12897 4.682601e-12
12898 4.681821e-12
12899 4.681042e-12
12900 4.680263e-12
12901 4.679484e-12
12902 4.678705e-12
12903 4.677926e-12
12904 4.677147e-12
12905 4.676369e-12
12906 4.675591e-12
12907 4.674813e-12
12908 4.674035e-12
12909 4.673257e-12
12910 4.672480e-12
12911 4.671703e-12
12912 4.670926e-12
12913 4.670149e-12
12914 4.669372e-12
12915 4.668596e-12
12916 4.667819e-12
12917 4.667043e-12
12918 4.666267e-12
12919 4.665492e-12
12920 4.664716e-12
12921 4.663941e-12
12922 4.663166e-12
12923 4.662391e-12
12924 4.661616e-12
12925 4.660841e-12
12926 4.660067e-12
12927 4.659293e-12
12928 4.658519e-12
12929 4.657745e-12
12930 4.656971e-12
12931 4.656198e-12
12932 4.655424e-12
12933 4.654651e-12
12934 4.653878e-12
12935 4.653106e-12
12936 4.652333e-12
12937 4.651561e-12
12938 4.650789e-12
12939 4.650017e-12
12940 4.649245e-12
12941 4.648473e-12
12942 4.647702e-12
12943 4.646931e-12
12944 4.646160e-12
12945 4.645389e-12
12946 4.644618e-12
12947 4.643848e-12
12948 4.643078e-12
12949 4.642307e-12
12950 4.641538e-12
12951 4.640768e-12
12952 4.639998e-12
12953 4.639229e-12
12954 4.638460e-12
12955 4.637691e-12
12956 4.636922e-12
12957 4.636154e-12
12958 4.635385e-12
12959 4.634617e-12
12960 4.633849e-12
12961 4.633081e-12
12962 4.632313e-12
12963 4.631546e-12
12964 4.630779e-12
12965 4.630012e-12
12966 4.629245e-12
12967 4.628477e-12
12968 4.627710e-12
12969 4.626943e-12
12970 4.626176e-12
12971 4.625409e-12
12972 4.624643e-12
12973 4.623877e-12
12974 4.623110e-12
12975 4.622345e-12
12976 4.621579e-12
12977 4.620813e-12
12978 4.620048e-12
12979 4.619283e-12
12980 4.618518e-12
12981 4.617753e-12
12982 4.616988e-12
12983 4.616224e-12
12984 4.615460e-12
12985 4.614696e-12
12986 4.613932e-12
12987 4.613168e-12
12988 4.612404e-12
12989 4.611641e-12
12990 4.610878e-12
12991 4.610115e-12
12992 4.609352e-12
12993 4.608590e-12
12994 4.607827e-12
12995 4.607065e-12
12996 4.606303e-12
12997 4.605541e-12
12998 4.604779e-12
12999 4.604018e-12
13000 4.603257e-12
13001 4.602496e-12
13002 4.601735e-12
13003 4.600974e-12
13004 4.600213e-12
13005 4.599453e-12
13006 4.598693e-12
13007 4.597933e-12
13008 4.597173e-12
13009 4.596413e-12
13010 4.595654e-12
13011 4.594895e-12
13012 4.594136e-12
13013 4.593377e-12
13014 4.592618e-12
13015 4.591859e-12
13016 4.591101e-12
13017 4.590343e-12
13018 4.589585e-12
13019 4.588827e-12
13020 4.588069e-12
13021 4.587312e-12
13022 4.586555e-12
13023 4.585798e-12
13024 4.585041e-12
13025 4.584284e-12
13026 4.583528e-12
13027 4.582771e-12
13028 4.582015e-12
13029 4.581259e-12
13030 4.580503e-12
13031 4.579748e-12
13032 4.578992e-12
13033 4.578237e-12
13034 4.577482e-12
13035 4.576727e-12
13036 4.575972e-12
13037 4.575218e-12
13038 4.574464e-12
13039 4.573709e-12
13040 4.572955e-12
13041 4.572202e-12
13042 4.571448e-12
13043 4.570695e-12
13044 4.569941e-12
13045 4.569188e-12
13046 4.568436e-12
13047 4.567683e-12
13048 4.566930e-12
13049 4.566178e-12
13050 4.565426e-12
13051 4.564674e-12
13052 4.563922e-12
13053 4.563171e-12
13054 4.562419e-12
13055 4.561668e-12
13056 4.560917e-12
13057 4.560166e-12
13058 4.559415e-12
13059 4.558665e-12
13060 4.557914e-12
13061 4.557164e-12
13062 4.556414e-12
13063 4.555664e-12
13064 4.554915e-12
13065 4.554165e-12
13066 4.553416e-12
13067 4.552667e-12
13068 4.551918e-12
13069 4.551170e-12
13070 4.550421e-12
13071 4.549673e-12
13072 4.548924e-12
13073 4.548176e-12
13074 4.547429e-12
13075 4.546681e-12
13076 4.545934e-12
13077 4.545186e-12
13078 4.544439e-12
13079 4.543692e-12
13080 4.542946e-12
13081 4.542199e-12
13082 4.541452e-12
13083 4.540705e-12
13084 4.539959e-12
13085 4.539212e-12
13086 4.538466e-12
13087 4.537720e-12
13088 4.536974e-12
13089 4.536228e-12
13090 4.535482e-12
13091 4.534737e-12
13092 4.533992e-12
13093 4.533246e-12
13094 4.532502e-12
13095 4.531757e-12
13096 4.531012e-12
13097 4.530268e-12
13098 4.529524e-12
13099 4.528780e-12
13100 4.528036e-12
13101 4.527292e-12
13102 4.526549e-12
13103 4.525806e-12
13104 4.525063e-12
13105 4.524320e-12
13106 4.523577e-12
13107 4.522834e-12
13108 4.522092e-12
13109 4.521350e-12
13110 4.520608e-12
13111 4.519866e-12
13112 4.519124e-12
13113 4.518383e-12
13114 4.517642e-12
13115 4.516900e-12
13116 4.516159e-12
13117 4.515419e-12
13118 4.514678e-12
13119 4.513938e-12
13120 4.513197e-12
13121 4.512457e-12
13122 4.511718e-12
13123 4.510978e-12
13124 4.510238e-12
13125 4.509499e-12
13126 4.508760e-12
13127 4.508021e-12
13128 4.507282e-12
13129 4.506543e-12
13130 4.505805e-12
13131 4.505067e-12
13132 4.504328e-12
13133 4.503591e-12
13134 4.502853e-12
13135 4.502115e-12
13136 4.501378e-12
13137 4.500641e-12
13138 4.499904e-12
13139 4.499167e-12
13140 4.498430e-12
13141 4.497693e-12
13142 4.496957e-12
13143 4.496221e-12
13144 4.495485e-12
13145 4.494749e-12
13146 4.494014e-12
13147 4.493278e-12
13148 4.492543e-12
13149 4.491808e-12
13150 4.491073e-12
13151 4.490338e-12
13152 4.489603e-12
13153 4.488869e-12
13154 4.488135e-12
13155 4.487401e-12
13156 4.486667e-12
13157 4.485933e-12
13158 4.485200e-12
13159 4.484466e-12
13160 4.483733e-12
13161 4.483000e-12
13162 4.482267e-12
13163 4.481535e-12
13164 4.480802e-12
13165 4.480070e-12
13166 4.479338e-12
13167 4.478606e-12
13168 4.477874e-12
13169 4.477142e-12
13170 4.476411e-12
13171 4.475680e-12
13172 4.474949e-12
13173 4.474218e-12
13174 4.473487e-12
13175 4.472757e-12
13176 4.472026e-12
13177 4.471296e-12
13178 4.470566e-12
13179 4.469836e-12
13180 4.469107e-12
13181 4.468377e-12
13182 4.467648e-12
13183 4.466919e-12
13184 4.466190e-12
13185 4.465461e-12
13186 4.464732e-12
13187 4.464004e-12
13188 4.463275e-12
13189 4.462547e-12
13190 4.461819e-12
13191 4.461092e-12
13192 4.460364e-12
13193 4.459637e-12
13194 4.458909e-12
13195 4.458182e-12
13196 4.457456e-12
13197 4.456729e-12
13198 4.456002e-12
13199 4.455275e-12
13200 4.454548e-12
13201 4.453821e-12
13202 4.453095e-12
13203 4.452368e-12
13204 4.451642e-12
13205 4.450916e-12
13206 4.450191e-12
13207 4.449465e-12
13208 4.448739e-12
13209 4.448014e-12
13210 4.447289e-12
13211 4.446564e-12
13212 4.445839e-12
13213 4.445115e-12
13214 4.444390e-12
13215 4.443666e-12
13216 4.442942e-12
13217 4.442218e-12
13218 4.441494e-12
13219 4.440771e-12
13220 4.440048e-12
13221 4.439324e-12
13222 4.438601e-12
13223 4.437878e-12
13224 4.437156e-12
13225 4.436433e-12
13226 4.435711e-12
13227 4.434989e-12
13228 4.434267e-12
13229 4.433545e-12
13230 4.432823e-12
13231 4.432102e-12
13232 4.431380e-12
13233 4.430659e-12
13234 4.429938e-12
13235 4.429218e-12
13236 4.428497e-12
13237 4.427777e-12
13238 4.427056e-12
13239 4.426336e-12
13240 4.425616e-12
13241 4.424896e-12
13242 4.424177e-12
13243 4.423457e-12
13244 4.422738e-12
13245 4.422019e-12
13246 4.421300e-12
13247 4.420581e-12
13248 4.419863e-12
13249 4.419145e-12
13250 4.418426e-12
13251 4.417708e-12
13252 4.416990e-12
13253 4.416273e-12
13254 4.415555e-12
13255 4.414838e-12
13256 4.414121e-12
13257 4.413404e-12
13258 4.412687e-12
13259 4.411970e-12
13260 4.411253e-12
13261 4.410537e-12
13262 4.409821e-12
13263 4.409105e-12
13264 4.408389e-12
13265 4.407673e-12
13266 4.406958e-12
13267 4.406243e-12
13268 4.405527e-12
13269 4.404812e-12
13270 4.404098e-12
13271 4.403383e-12
13272 4.402669e-12
13273 4.401954e-12
13274 4.401240e-12
13275 4.400526e-12
13276 4.399812e-12
13277 4.399099e-12
13278 4.398385e-12
13279 4.397672e-12
13280 4.396959e-12
13281 4.396246e-12
13282 4.395533e-12
13283 4.394821e-12
13284 4.394108e-12
13285 4.393396e-12
13286 4.392684e-12
13287 4.391972e-12
13288 4.391260e-12
13289 4.390548e-12
13290 4.389837e-12
13291 4.389126e-12
13292 4.388415e-12
13293 4.387704e-12
13294 4.386993e-12
13295 4.386282e-12
13296 4.385572e-12
13297 4.384862e-12
13298 4.384152e-12
13299 4.383442e-12
13300 4.382732e-12
13301 4.382022e-12
13302 4.381313e-12
13303 4.380604e-12
13304 4.379895e-12
13305 4.379186e-12
13306 4.378477e-12
13307 4.377769e-12
13308 4.377060e-12
13309 4.376352e-12
13310 4.375644e-12
13311 4.374936e-12
13312 4.374228e-12
13313 4.373521e-12
13314 4.372813e-12
13315 4.372106e-12
13316 4.371398e-12
13317 4.370690e-12
13318 4.369983e-12
13319 4.369276e-12
13320 4.368569e-12
13321 4.367862e-12
13322 4.367155e-12
13323 4.366449e-12
13324 4.365743e-12
13325 4.365036e-12
13326 4.364330e-12
13327 4.363625e-12
13328 4.362919e-12
13329 4.362213e-12
13330 4.361508e-12
13331 4.360803e-12
13332 4.360098e-12
13333 4.359393e-12
13334 4.358688e-12
13335 4.357984e-12
13336 4.357280e-12
13337 4.356575e-12
13338 4.355871e-12
13339 4.355168e-12
13340 4.354464e-12
13341 4.353760e-12
13342 4.353057e-12
13343 4.352354e-12
13344 4.351651e-12
13345 4.350948e-12
13346 4.350245e-12
13347 4.349543e-12
13348 4.348841e-12
13349 4.348138e-12
13350 4.347436e-12
13351 4.346734e-12
13352 4.346033e-12
13353 4.345331e-12
13354 4.344630e-12
13355 4.343929e-12
13356 4.343228e-12
13357 4.342527e-12
13358 4.341826e-12
13359 4.341126e-12
13360 4.340425e-12
13361 4.339725e-12
13362 4.339025e-12
13363 4.338325e-12
13364 4.337626e-12
13365 4.336926e-12
13366 4.336227e-12
13367 4.335528e-12
13368 4.334829e-12
13369 4.334130e-12
13370 4.333431e-12
13371 4.332732e-12
13372 4.332034e-12
13373 4.331336e-12
13374 4.330638e-12
13375 4.329940e-12
13376 4.329242e-12
13377 4.328545e-12
13378 4.327847e-12
13379 4.327150e-12
13380 4.326453e-12
13381 4.325756e-12
13382 4.325059e-12
13383 4.324363e-12
13384 4.323666e-12
13385 4.322970e-12
13386 4.322274e-12
13387 4.321578e-12
13388 4.320883e-12
13389 4.320187e-12
13390 4.319492e-12
13391 4.318796e-12
13392 4.318101e-12
13393 4.317406e-12
13394 4.316712e-12
13395 4.316017e-12
13396 4.315323e-12
13397 4.314628e-12
13398 4.313934e-12
13399 4.313240e-12
13400 4.312546e-12
13401 4.311853e-12
13402 4.311159e-12
13403 4.310466e-12
13404 4.309773e-12
13405 4.309080e-12
13406 4.308387e-12
13407 4.307695e-12
13408 4.307002e-12
13409 4.306310e-12
13410 4.305618e-12
13411 4.304926e-12
13412 4.304234e-12
13413 4.303542e-12
13414 4.302851e-12
13415 4.302159e-12
13416 4.301468e-12
13417 4.300777e-12
13418 4.300086e-12
13419 4.299396e-12
13420 4.298705e-12
13421 4.298015e-12
13422 4.297325e-12
13423 4.296635e-12
13424 4.295945e-12
13425 4.295255e-12
13426 4.294565e-12
13427 4.293876e-12
13428 4.293187e-12
13429 4.292498e-12
13430 4.291809e-12
13431 4.291120e-12
13432 4.290432e-12
13433 4.289743e-12
13434 4.289054e-12
13435 4.288365e-12
13436 4.287677e-12
13437 4.286989e-12
13438 4.286300e-12
13439 4.285612e-12
13440 4.284924e-12
13441 4.284237e-12
13442 4.283549e-12
13443 4.282862e-12
13444 4.282175e-12
13445 4.281487e-12
13446 4.280801e-12
13447 4.280114e-12
13448 4.279427e-12
13449 4.278741e-12
13450 4.278055e-12
13451 4.277368e-12
13452 4.276683e-12
13453 4.275997e-12
13454 4.275311e-12
13455 4.274626e-12
13456 4.273940e-12
13457 4.273255e-12
13458 4.272570e-12
13459 4.271885e-12
13460 4.271201e-12
13461 4.270516e-12
13462 4.269832e-12
13463 4.269148e-12
13464 4.268464e-12
13465 4.267780e-12
13466 4.267096e-12
13467 4.266413e-12
13468 4.265729e-12
13469 4.265046e-12
13470 4.264363e-12
13471 4.263680e-12
13472 4.262997e-12
13473 4.262315e-12
13474 4.261632e-12
13475 4.260950e-12
13476 4.260268e-12
13477 4.259586e-12
13478 4.258904e-12
13479 4.258223e-12
13480 4.257541e-12
13481 4.256860e-12
13482 4.256179e-12
13483 4.255498e-12
13484 4.254817e-12
13485 4.254136e-12
13486 4.253456e-12
13487 4.252776e-12
13488 4.252095e-12
13489 4.251415e-12
13490 4.250735e-12
13491 4.250056e-12
13492 4.249376e-12
13493 4.248697e-12
13494 4.248018e-12
13495 4.247339e-12
13496 4.246660e-12
13497 4.245981e-12
13498 4.245302e-12
13499 4.244624e-12
13500 4.243946e-12
13501 4.243267e-12
13502 4.242589e-12
13503 4.241912e-12
13504 4.241234e-12
13505 4.240557e-12
13506 4.239879e-12
13507 4.239202e-12
13508 4.238525e-12
13509 4.237848e-12
13510 4.237172e-12
13511 4.236495e-12
13512 4.235819e-12
13513 4.235142e-12
13514 4.234466e-12
13515 4.233790e-12
13516 4.233115e-12
13517 4.232439e-12
13518 4.231764e-12
13519 4.231088e-12
13520 4.230413e-12
13521 4.229738e-12
13522 4.229064e-12
13523 4.228389e-12
13524 4.227714e-12
13525 4.227040e-12
13526 4.226366e-12
13527 4.225692e-12
13528 4.225018e-12
13529 4.224344e-12
13530 4.223671e-12
13531 4.222998e-12
13532 4.222324e-12
13533 4.221651e-12
13534 4.220978e-12
13535 4.220306e-12
13536 4.219633e-12
13537 4.218961e-12
13538 4.218288e-12
13539 4.217616e-12
13540 4.216944e-12
13541 4.216272e-12
13542 4.215601e-12
13543 4.214929e-12
13544 4.214258e-12
13545 4.213587e-12
13546 4.212916e-12
13547 4.212245e-12
13548 4.211574e-12
13549 4.210904e-12
13550 4.210233e-12
13551 4.209563e-12
13552 4.208893e-12
13553 4.208222e-12
13554 4.207552e-12
13555 4.206882e-12
13556 4.206212e-12
13557 4.205542e-12
13558 4.204872e-12
13559 4.204203e-12
13560 4.203533e-12
13561 4.202864e-12
13562 4.202195e-12
13563 4.201526e-12
13564 4.200857e-12
13565 4.200188e-12
13566 4.199520e-12
13567 4.198852e-12
13568 4.198183e-12
13569 4.197515e-12
13570 4.196847e-12
13571 4.196180e-12
13572 4.195512e-12
13573 4.194845e-12
13574 4.194178e-12
13575 4.193510e-12
13576 4.192844e-12
13577 4.192177e-12
13578 4.191510e-12
13579 4.190844e-12
13580 4.190177e-12
13581 4.189511e-12
13582 4.188845e-12
13583 4.188179e-12
13584 4.187514e-12
13585 4.186848e-12
13586 4.186183e-12
13587 4.185518e-12
13588 4.184852e-12
13589 4.184188e-12
13590 4.183523e-12
13591 4.182858e-12
13592 4.182194e-12
13593 4.181529e-12
13594 4.180865e-12
13595 4.180201e-12
13596 4.179537e-12
13597 4.178874e-12
13598 4.178210e-12
13599 4.177547e-12
13600 4.176884e-12
13601 4.176221e-12
13602 4.175558e-12
13603 4.174895e-12
13604 4.174232e-12
13605 4.173570e-12
13606 4.172908e-12
13607 4.172245e-12
13608 4.171583e-12
13609 4.170922e-12
13610 4.170260e-12
13611 4.169598e-12
13612 4.168937e-12
13613 4.168276e-12
13614 4.167615e-12
13615 4.166954e-12
13616 4.166293e-12
13617 4.165632e-12
13618 4.164972e-12
13619 4.164312e-12
13620 4.163652e-12
13621 4.162992e-12
13622 4.162332e-12
13623 4.161672e-12
13624 4.161012e-12
13625 4.160353e-12
13626 4.159694e-12
13627 4.159035e-12
13628 4.158376e-12
13629 4.157717e-12
13630 4.157058e-12
13631 4.156400e-12
13632 4.155742e-12
13633 4.155084e-12
13634 4.154426e-12
13635 4.153768e-12
13636 4.153110e-12
13637 4.152452e-12
13638 4.151795e-12
13639 4.151138e-12
13640 4.150481e-12
13641 4.149824e-12
13642 4.149167e-12
13643 4.148510e-12
13644 4.147854e-12
13645 4.147197e-12
13646 4.146541e-12
13647 4.145885e-12
13648 4.145229e-12
13649 4.144574e-12
13650 4.143918e-12
13651 4.143263e-12
13652 4.142607e-12
13653 4.141952e-12
13654 4.141297e-12
13655 4.140642e-12
13656 4.139988e-12
13657 4.139333e-12
13658 4.138679e-12
13659 4.138025e-12
13660 4.137371e-12
13661 4.136717e-12
13662 4.136063e-12
13663 4.135409e-12
13664 4.134756e-12
13665 4.134103e-12
13666 4.133449e-12
13667 4.132796e-12
13668 4.132144e-12
13669 4.131491e-12
13670 4.130838e-12
13671 4.130186e-12
13672 4.129534e-12
13673 4.128881e-12
13674 4.128229e-12
13675 4.127576e-12
13676 4.126924e-12
13677 4.126272e-12
13678 4.125620e-12
13679 4.124969e-12
13680 4.124317e-12
13681 4.123666e-12
13682 4.123014e-12
13683 4.122363e-12
13684 4.121712e-12
13685 4.121061e-12
13686 4.120411e-12
13687 4.119760e-12
13688 4.119110e-12
13689 4.118459e-12
13690 4.117809e-12
13691 4.117159e-12
13692 4.116509e-12
13693 4.115860e-12
13694 4.115210e-12
13695 4.114561e-12
13696 4.113912e-12
13697 4.113263e-12
13698 4.112614e-12
13699 4.111965e-12
13700 4.111316e-12
13701 4.110668e-12
13702 4.110020e-12
13703 4.109372e-12
13704 4.108724e-12
13705 4.108076e-12
13706 4.107428e-12
13707 4.106780e-12
13708 4.106133e-12
13709 4.105486e-12
13710 4.104839e-12
13711 4.104192e-12
13712 4.103545e-12
13713 4.102898e-12
13714 4.102252e-12
13715 4.101605e-12
13716 4.100959e-12
13717 4.100313e-12
13718 4.099667e-12
13719 4.099021e-12
13720 4.098376e-12
13721 4.097730e-12
13722 4.097085e-12
13723 4.096440e-12
13724 4.095795e-12
13725 4.095150e-12
13726 4.094505e-12
13727 4.093861e-12
13728 4.093216e-12
13729 4.092572e-12
13730 4.091928e-12
13731 4.091284e-12
13732 4.090640e-12
13733 4.089996e-12
13734 4.089353e-12
13735 4.088709e-12
13736 4.088066e-12
13737 4.087423e-12
13738 4.086780e-12
13739 4.086137e-12
13740 4.085495e-12
13741 4.084852e-12
13742 4.084210e-12
13743 4.083568e-12
13744 4.082926e-12
13745 4.082284e-12
13746 4.081642e-12
13747 4.081000e-12
13748 4.080359e-12
13749 4.079718e-12
13750 4.079076e-12
13751 4.078435e-12
13752 4.077794e-12
13753 4.077154e-12
13754 4.076513e-12
13755 4.075873e-12
13756 4.075232e-12
13757 4.074592e-12
13758 4.073952e-12
13759 4.073312e-12
13760 4.072673e-12
13761 4.072033e-12
13762 4.071394e-12
13763 4.070755e-12
13764 4.070115e-12
13765 4.069476e-12
13766 4.068838e-12
13767 4.068199e-12
13768 4.067560e-12
13769 4.066922e-12
13770 4.066284e-12
13771 4.065646e-12
13772 4.065008e-12
13773 4.064370e-12
13774 4.063732e-12
13775 4.063095e-12
13776 4.062457e-12
13777 4.061820e-12
13778 4.061183e-12
13779 4.060546e-12
13780 4.059910e-12
13781 4.059273e-12
13782 4.058636e-12
13783 4.058000e-12
13784 4.057364e-12
13785 4.056728e-12
13786 4.056092e-12
13787 4.055456e-12
13788 4.054821e-12
13789 4.054185e-12
13790 4.053550e-12
13791 4.052915e-12
13792 4.052280e-12
13793 4.051645e-12
13794 4.051010e-12
13795 4.050375e-12
13796 4.049740e-12
13797 4.049105e-12
13798 4.048470e-12
13799 4.047836e-12
13800 4.047201e-12
13801 4.046567e-12
13802 4.045933e-12
13803 4.045299e-12
13804 4.044665e-12
13805 4.044032e-12
13806 4.043398e-12
13807 4.042765e-12
13808 4.042132e-12
13809 4.041498e-12
13810 4.040866e-12
13811 4.040233e-12
13812 4.039600e-12
13813 4.038968e-12
13814 4.038335e-12
13815 4.037703e-12
13816 4.037071e-12
13817 4.036439e-12
13818 4.035807e-12
13819 4.035176e-12
13820 4.034544e-12
13821 4.033913e-12
13822 4.033281e-12
13823 4.032650e-12
13824 4.032019e-12
13825 4.031389e-12
13826 4.030758e-12
13827 4.030128e-12
13828 4.029497e-12
13829 4.028867e-12
13830 4.028237e-12
13831 4.027607e-12
13832 4.026977e-12
13833 4.026348e-12
13834 4.025718e-12
13835 4.025089e-12
13836 4.024460e-12
13837 4.023831e-12
13838 4.023202e-12
13839 4.022573e-12
13840 4.021944e-12
13841 4.021316e-12
13842 4.020688e-12
13843 4.020059e-12
13844 4.019431e-12
13845 4.018803e-12
13846 4.018176e-12
13847 4.017548e-12
13848 4.016921e-12
13849 4.016293e-12
13850 4.015666e-12
13851 4.015039e-12
13852 4.014412e-12
13853 4.013785e-12
13854 4.013159e-12
13855 4.012532e-12
13856 4.011906e-12
13857 4.011280e-12
13858 4.010654e-12
13859 4.010028e-12
13860 4.009402e-12
13861 4.008777e-12
13862 4.008151e-12
13863 4.007526e-12
13864 4.006901e-12
13865 4.006276e-12
13866 4.005651e-12
13867 4.005026e-12
13868 4.004401e-12
13869 4.003777e-12
13870 4.003153e-12
13871 4.002528e-12
13872 4.001904e-12
13873 4.001280e-12
13874 4.000657e-12
13875 4.000033e-12
13876 3.999410e-12
13877 3.998786e-12
13878 3.998163e-12
13879 3.997540e-12
13880 3.996917e-12
13881 3.996294e-12
13882 3.995672e-12
13883 3.995049e-12
13884 3.994427e-12
13885 3.993805e-12
13886 3.993183e-12
13887 3.992561e-12
13888 3.991939e-12
13889 3.991317e-12
13890 3.990696e-12
13891 3.990075e-12
13892 3.989453e-12
13893 3.988832e-12
13894 3.988211e-12
13895 3.987591e-12
13896 3.986970e-12
13897 3.986349e-12
13898 3.985729e-12
13899 3.985109e-12
13900 3.984489e-12
13901 3.983869e-12
13902 3.983249e-12
13903 3.982629e-12
13904 3.982010e-12
13905 3.981391e-12
13906 3.980771e-12
13907 3.980152e-12
13908 3.979533e-12
13909 3.978915e-12
13910 3.978296e-12
13911 3.977677e-12
13912 3.977059e-12
13913 3.976441e-12
13914 3.975823e-12
13915 3.975205e-12
13916 3.974587e-12
13917 3.973969e-12
13918 3.973351e-12
13919 3.972733e-12
13920 3.972115e-12
13921 3.971498e-12
13922 3.970880e-12
13923 3.970263e-12
13924 3.969645e-12
13925 3.969028e-12
13926 3.968411e-12
13927 3.967795e-12
13928 3.967178e-12
13929 3.966561e-12
13930 3.965945e-12
13931 3.965329e-12
13932 3.964713e-12
13933 3.964097e-12
13934 3.963481e-12
13935 3.962865e-12
13936 3.962250e-12
13937 3.961634e-12
13938 3.961019e-12
13939 3.960404e-12
13940 3.959789e-12
13941 3.959174e-12
13942 3.958560e-12
13943 3.957945e-12
13944 3.957331e-12
13945 3.956716e-12
13946 3.956102e-12
13947 3.955488e-12
13948 3.954874e-12
13949 3.954261e-12
13950 3.953647e-12
13951 3.953034e-12
13952 3.952420e-12
13953 3.951807e-12
13954 3.951194e-12
13955 3.950581e-12
13956 3.949968e-12
13957 3.949356e-12
13958 3.948743e-12
13959 3.948131e-12
13960 3.947519e-12
13961 3.946907e-12
13962 3.946295e-12
13963 3.945683e-12
13964 3.945071e-12
13965 3.944460e-12
13966 3.943849e-12
13967 3.943237e-12
13968 3.942626e-12
13969 3.942015e-12
13970 3.941404e-12
13971 3.940794e-12
13972 3.940183e-12
13973 3.939573e-12
13974 3.938963e-12
13975 3.938353e-12
13976 3.937743e-12
13977 3.937133e-12
13978 3.936523e-12
13979 3.935913e-12
13980 3.935304e-12
13981 3.934695e-12
13982 3.934086e-12
13983 3.933477e-12
13984 3.932868e-12
13985 3.932259e-12
13986 3.931650e-12
13987 3.931042e-12
13988 3.930434e-12
13989 3.929825e-12
13990 3.929217e-12
13991 3.928609e-12
13992 3.928002e-12
13993 3.927394e-12
13994 3.926787e-12
13995 3.926179e-12
13996 3.925572e-12
13997 3.924965e-12
13998 3.924358e-12
13999 3.923751e-12
14000 3.923144e-12
14001 3.922538e-12
14002 3.921931e-12
14003 3.921325e-12
14004 3.920719e-12
14005 3.920113e-12
14006 3.919507e-12
14007 3.918902e-12
14008 3.918296e-12
14009 3.917691e-12
14010 3.917085e-12
14011 3.916480e-12
14012 3.915875e-12
14013 3.915270e-12
14014 3.914665e-12
14015 3.914061e-12
14016 3.913456e-12
14017 3.912852e-12
14018 3.912248e-12
14019 3.911644e-12
14020 3.911040e-12
14021 3.910436e-12
14022 3.909832e-12
14023 3.909229e-12
14024 3.908625e-12
14025 3.908022e-12
14026 3.907419e-12
14027 3.906816e-12
14028 3.906213e-12
14029 3.905610e-12
14030 3.905008e-12
14031 3.904405e-12
14032 3.903803e-12
14033 3.903201e-12
14034 3.902599e-12
14035 3.901997e-12
14036 3.901395e-12
14037 3.900794e-12
14038 3.900192e-12
14039 3.899591e-12
14040 3.898989e-12
14041 3.898388e-12
14042 3.897786e-12
14043 3.897185e-12
14044 3.896584e-12
14045 3.895983e-12
14046 3.895382e-12
14047 3.894781e-12
14048 3.894181e-12
14049 3.893580e-12
14050 3.892980e-12
14051 3.892380e-12
14052 3.891779e-12
14053 3.891179e-12
14054 3.890580e-12
14055 3.889980e-12
14056 3.889380e-12
14057 3.888781e-12
14058 3.888182e-12
14059 3.887583e-12
14060 3.886984e-12
14061 3.886385e-12
14062 3.885786e-12
14063 3.885187e-12
14064 3.884589e-12
14065 3.883990e-12
14066 3.883392e-12
14067 3.882794e-12
14068 3.882196e-12
14069 3.881598e-12
14070 3.881001e-12
14071 3.880403e-12
14072 3.879806e-12
14073 3.879209e-12
14074 3.878611e-12
14075 3.878014e-12
14076 3.877418e-12
14077 3.876821e-12
14078 3.876224e-12
14079 3.875628e-12
14080 3.875031e-12
14081 3.874435e-12
14082 3.873839e-12
14083 3.873243e-12
14084 3.872648e-12
14085 3.872052e-12
14086 3.871456e-12
14087 3.870861e-12
14088 3.870266e-12
14089 3.869671e-12
14090 3.869076e-12
14091 3.868481e-12
14092 3.867886e-12
14093 3.867291e-12
14094 3.866697e-12
14095 3.866103e-12
14096 3.865508e-12
14097 3.864914e-12
14098 3.864321e-12
14099 3.863727e-12
14100 3.863133e-12
14101 3.862540e-12
14102 3.861946e-12
14103 3.861353e-12
14104 3.860760e-12
14105 3.860167e-12
14106 3.859574e-12
14107 3.858981e-12
14108 3.858389e-12
14109 3.857796e-12
14110 3.857204e-12
14111 3.856612e-12
14112 3.856020e-12
14113 3.855428e-12
14114 3.854836e-12
14115 3.854244e-12
14116 3.853653e-12
14117 3.853061e-12
14118 3.852470e-12
14119 3.851879e-12
14120 3.851288e-12
14121 3.850697e-12
14122 3.850106e-12
14123 3.849516e-12
14124 3.848925e-12
14125 3.848335e-12
14126 3.847745e-12
14127 3.847155e-12
14128 3.846565e-12
14129 3.845975e-12
14130 3.845385e-12
14131 3.844796e-12
14132 3.844206e-12
14133 3.843617e-12
14134 3.843028e-12
14135 3.842439e-12
14136 3.841850e-12
14137 3.841261e-12
14138 3.840673e-12
14139 3.840084e-12
14140 3.839496e-12
14141 3.838908e-12
14142 3.838320e-12
14143 3.837732e-12
14144 3.837144e-12
14145 3.836556e-12
14146 3.835969e-12
14147 3.835381e-12
14148 3.834794e-12
14149 3.834207e-12
14150 3.833620e-12
14151 3.833033e-12
14152 3.832446e-12
14153 3.831859e-12
14154 3.831273e-12
14155 3.830686e-12
14156 3.830100e-12
14157 3.829514e-12
14158 3.828928e-12
14159 3.828342e-12
14160 3.827757e-12
14161 3.827171e-12
14162 3.826585e-12
14163 3.826000e-12
14164 3.825415e-12
14165 3.824830e-12
14166 3.824244e-12
14167 3.823659e-12
14168 3.823074e-12
14169 3.822489e-12
14170 3.821904e-12
14171 3.821319e-12
14172 3.820735e-12
14173 3.820150e-12
14174 3.819566e-12
14175 3.818982e-12
14176 3.818397e-12
14177 3.817813e-12
14178 3.817230e-12
14179 3.816646e-12
14180 3.816062e-12
14181 3.815479e-12
14182 3.814895e-12
14183 3.814312e-12
14184 3.813729e-12
14185 3.813146e-12
14186 3.812563e-12
14187 3.811981e-12
14188 3.811398e-12
14189 3.810816e-12
14190 3.810234e-12
14191 3.809651e-12
14192 3.809069e-12
14193 3.808487e-12
14194 3.807906e-12
14195 3.807324e-12
14196 3.806743e-12
14197 3.806161e-12
14198 3.805580e-12
14199 3.804999e-12
14200 3.804418e-12
14201 3.803837e-12
14202 3.803256e-12
14203 3.802676e-12
14204 3.802095e-12
14205 3.801515e-12
14206 3.800935e-12
14207 3.800354e-12
14208 3.799775e-12
14209 3.799195e-12
14210 3.798615e-12
14211 3.798035e-12
14212 3.797456e-12
14213 3.796877e-12
14214 3.796298e-12
14215 3.795718e-12
14216 3.795140e-12
14217 3.794561e-12
14218 3.793982e-12
14219 3.793404e-12
14220 3.792825e-12
14221 3.792247e-12
14222 3.791669e-12
14223 3.791091e-12
14224 3.790513e-12
14225 3.789935e-12
14226 3.789357e-12
14227 3.788780e-12
14228 3.788203e-12
14229 3.787625e-12
14230 3.787048e-12
14231 3.786471e-12
14232 3.785894e-12
14233 3.785318e-12
14234 3.784741e-12
14235 3.784165e-12
14236 3.783588e-12
14237 3.783012e-12
14238 3.782436e-12
14239 3.781860e-12
14240 3.781284e-12
14241 3.780708e-12
14242 3.780133e-12
14243 3.779557e-12
14244 3.778982e-12
14245 3.778407e-12
14246 3.777832e-12
14247 3.777257e-12
14248 3.776682e-12
14249 3.776107e-12
14250 3.775533e-12
14251 3.774958e-12
14252 3.774384e-12
14253 3.773810e-12
14254 3.773236e-12
14255 3.772662e-12
14256 3.772088e-12
14257 3.771514e-12
14258 3.770941e-12
14259 3.770367e-12
14260 3.769794e-12
14261 3.769221e-12
14262 3.768648e-12
14263 3.768075e-12
14264 3.767502e-12
14265 3.766930e-12
14266 3.766357e-12
14267 3.765785e-12
14268 3.765213e-12
14269 3.764640e-12
14270 3.764068e-12
14271 3.763497e-12
14272 3.762925e-12
14273 3.762353e-12
14274 3.761782e-12
14275 3.761210e-12
14276 3.760639e-12
14277 3.760068e-12
14278 3.759497e-12
14279 3.758926e-12
14280 3.758355e-12
14281 3.757785e-12
14282 3.757214e-12
14283 3.756644e-12
14284 3.756074e-12
14285 3.755504e-12
14286 3.754934e-12
14287 3.754364e-12
14288 3.753794e-12
14289 3.753224e-12
14290 3.752655e-12
14291 3.752085e-12
14292 3.751516e-12
14293 3.750946e-12
14294 3.750377e-12
14295 3.749807e-12
14296 3.749238e-12
14297 3.748669e-12
14298 3.748100e-12
14299 3.747531e-12
14300 3.746963e-12
14301 3.746394e-12
14302 3.745826e-12
14303 3.745257e-12
14304 3.744689e-12
14305 3.744121e-12
14306 3.743553e-12
14307 3.742986e-12
14308 3.742418e-12
14309 3.741850e-12
14310 3.741283e-12
14311 3.740716e-12
14312 3.740148e-12
14313 3.739581e-12
14314 3.739014e-12
14315 3.738448e-12
14316 3.737881e-12
14317 3.737314e-12
14318 3.736748e-12
14319 3.736182e-12
14320 3.735616e-12
14321 3.735050e-12
14322 3.734484e-12
14323 3.733918e-12
14324 3.733352e-12
14325 3.732787e-12
14326 3.732221e-12
14327 3.731656e-12
14328 3.731091e-12
14329 3.730526e-12
14330 3.729961e-12
14331 3.729396e-12
14332 3.728831e-12
14333 3.728267e-12
14334 3.727702e-12
14335 3.727138e-12
14336 3.726574e-12
14337 3.726010e-12
14338 3.725446e-12
14339 3.724882e-12
14340 3.724319e-12
14341 3.723755e-12
14342 3.723192e-12
14343 3.722628e-12
14344 3.722065e-12
14345 3.721502e-12
14346 3.720939e-12
14347 3.720376e-12
14348 3.719814e-12
14349 3.719251e-12
14350 3.718689e-12
14351 3.718126e-12
14352 3.717564e-12
14353 3.717002e-12
14354 3.716440e-12
14355 3.715879e-12
14356 3.715317e-12
14357 3.714755e-12
14358 3.714194e-12
14359 3.713633e-12
14360 3.713071e-12
14361 3.712510e-12
14362 3.711949e-12
14363 3.711389e-12
14364 3.710828e-12
14365 3.710267e-12
14366 3.709707e-12
14367 3.709147e-12
14368 3.708586e-12
14369 3.708026e-12
14370 3.707466e-12
14371 3.706907e-12
14372 3.706347e-12
14373 3.705787e-12
14374 3.705228e-12
14375 3.704669e-12
14376 3.704109e-12
14377 3.703550e-12
14378 3.702991e-12
14379 3.702432e-12
14380 3.701874e-12
14381 3.701315e-12
14382 3.700757e-12
14383 3.700198e-12
14384 3.699640e-12
14385 3.699082e-12
14386 3.698524e-12
14387 3.697966e-12
14388 3.697408e-12
14389 3.696851e-12
14390 3.696293e-12
14391 3.695736e-12
14392 3.695179e-12
14393 3.694622e-12
14394 3.694065e-12
14395 3.693508e-12
14396 3.692951e-12
14397 3.692394e-12
14398 3.691838e-12
14399 3.691282e-12
14400 3.690725e-12
14401 3.690169e-12
14402 3.689613e-12
14403 3.689057e-12
14404 3.688502e-12
14405 3.687946e-12
14406 3.687390e-12
14407 3.686835e-12
14408 3.686280e-12
14409 3.685725e-12
14410 3.685170e-12
14411 3.684615e-12
14412 3.684060e-12
14413 3.683505e-12
14414 3.682951e-12
14415 3.682396e-12
14416 3.681842e-12
14417 3.681288e-12
14418 3.680734e-12
14419 3.680179e-12
14420 3.679625e-12
14421 3.679071e-12
14422 3.678517e-12
14423 3.677963e-12
14424 3.677409e-12
14425 3.676855e-12
14426 3.676302e-12
14427 3.675749e-12
14428 3.675195e-12
14429 3.674642e-12
14430 3.674089e-12
14431 3.673536e-12
14432 3.672983e-12
14433 3.672431e-12
14434 3.671878e-12
14435 3.671326e-12
14436 3.670773e-12
14437 3.670221e-12
14438 3.669669e-12
14439 3.669117e-12
14440 3.668565e-12
14441 3.668014e-12
14442 3.667462e-12
14443 3.666911e-12
14444 3.666359e-12
14445 3.665808e-12
14446 3.665257e-12
14447 3.664706e-12
14448 3.664155e-12
14449 3.663604e-12
14450 3.663054e-12
14451 3.662503e-12
14452 3.661953e-12
14453 3.661403e-12
14454 3.660852e-12
14455 3.660302e-12
14456 3.659752e-12
14457 3.659203e-12
14458 3.658653e-12
14459 3.658104e-12
14460 3.657554e-12
14461 3.657005e-12
14462 3.656456e-12
14463 3.655907e-12
14464 3.655358e-12
14465 3.654809e-12
14466 3.654260e-12
14467 3.653712e-12
14468 3.653163e-12
14469 3.652615e-12
14470 3.652067e-12
14471 3.651519e-12
14472 3.650971e-12
14473 3.650423e-12
14474 3.649875e-12
14475 3.649327e-12
14476 3.648780e-12
14477 3.648233e-12
14478 3.647685e-12
14479 3.647138e-12
14480 3.646591e-12
14481 3.646044e-12
14482 3.645498e-12
14483 3.644951e-12
14484 3.644404e-12
14485 3.643858e-12
14486 3.643312e-12
14487 3.642765e-12
14488 3.642219e-12
14489 3.641673e-12
14490 3.641128e-12
14491 3.640582e-12
14492 3.640036e-12
14493 3.639491e-12
14494 3.638946e-12
14495 3.638400e-12
14496 3.637855e-12
14497 3.637310e-12
14498 3.636765e-12
14499 3.636221e-12
14500 3.635676e-12
14501 3.635132e-12
14502 3.634587e-12
14503 3.634043e-12
14504 3.633499e-12
14505 3.632955e-12
14506 3.632411e-12
14507 3.631867e-12
14508 3.631323e-12
14509 3.630780e-12
14510 3.630237e-12
14511 3.629693e-12
14512 3.629150e-12
14513 3.628607e-12
14514 3.628064e-12
14515 3.627521e-12
14516 3.626978e-12
14517 3.626436e-12
14518 3.625893e-12
14519 3.625351e-12
14520 3.624809e-12
14521 3.624267e-12
14522 3.623725e-12
14523 3.623183e-12
14524 3.622641e-12
14525 3.622099e-12
14526 3.621558e-12
14527 3.621016e-12
14528 3.620475e-12
14529 3.619934e-12
14530 3.619393e-12
14531 3.618852e-12
14532 3.618311e-12
14533 3.617770e-12
14534 3.617230e-12
14535 3.616689e-12
14536 3.616149e-12
14537 3.615609e-12
14538 3.615069e-12
14539 3.614529e-12
14540 3.613989e-12
14541 3.613449e-12
14542 3.612909e-12
14543 3.612370e-12
14544 3.611830e-12
14545 3.611291e-12
14546 3.610752e-12
14547 3.610212e-12
14548 3.609673e-12
14549 3.609134e-12
14550 3.608595e-12
14551 3.608056e-12
14552 3.607517e-12
14553 3.606978e-12
14554 3.606439e-12
14555 3.605901e-12
14556 3.605362e-12
14557 3.604824e-12
14558 3.604286e-12
14559 3.603748e-12
14560 3.603210e-12
14561 3.602672e-12
14562 3.602134e-12
14563 3.601597e-12
14564 3.601059e-12
14565 3.600522e-12
14566 3.599984e-12
14567 3.599447e-12
14568 3.598910e-12
14569 3.598373e-12
14570 3.597837e-12
14571 3.597300e-12
14572 3.596763e-12
14573 3.596227e-12
14574 3.595691e-12
14575 3.595154e-12
14576 3.594618e-12
14577 3.594082e-12
14578 3.593546e-12
14579 3.593011e-12
14580 3.592475e-12
14581 3.591940e-12
14582 3.591404e-12
14583 3.590869e-12
14584 3.590334e-12
14585 3.589799e-12
14586 3.589264e-12
14587 3.588729e-12
14588 3.588194e-12
14589 3.587660e-12
14590 3.587125e-12
14591 3.586591e-12
14592 3.586057e-12
14593 3.585523e-12
14594 3.584989e-12
14595 3.584455e-12
14596 3.583921e-12
14597 3.583387e-12
14598 3.582854e-12
14599 3.582320e-12
14600 3.581787e-12
14601 3.581254e-12
14602 3.580721e-12
14603 3.580188e-12
14604 3.579655e-12
14605 3.579122e-12
14606 3.578590e-12
14607 3.578057e-12
14608 3.577525e-12
14609 3.576993e-12
14610 3.576460e-12
14611 3.575928e-12
14612 3.575397e-12
14613 3.574865e-12
14614 3.574333e-12
14615 3.573801e-12
14616 3.573270e-12
14617 3.572739e-12
14618 3.572207e-12
14619 3.571676e-12
14620 3.571145e-12
14621 3.570615e-12
14622 3.570084e-12
14623 3.569553e-12
14624 3.569023e-12
14625 3.568492e-12
14626 3.567962e-12
14627 3.567432e-12
14628 3.566902e-12
14629 3.566372e-12
14630 3.565842e-12
14631 3.565312e-12
14632 3.564783e-12
14633 3.564253e-12
14634 3.563724e-12
14635 3.563194e-12
14636 3.562665e-12
14637 3.562136e-12
14638 3.561607e-12
14639 3.561079e-12
14640 3.560550e-12
14641 3.560021e-12
14642 3.559493e-12
14643 3.558964e-12
14644 3.558436e-12
14645 3.557908e-12
14646 3.557380e-12
14647 3.556852e-12
14648 3.556324e-12
14649 3.555797e-12
14650 3.555269e-12
14651 3.554742e-12
14652 3.554215e-12
14653 3.553687e-12
14654 3.553160e-12
14655 3.552633e-12
14656 3.552106e-12
14657 3.551580e-12
14658 3.551053e-12
14659 3.550527e-12
14660 3.550000e-12
14661 3.549474e-12
14662 3.548948e-12
14663 3.548422e-12
14664 3.547896e-12
14665 3.547370e-12
14666 3.546844e-12
14667 3.546318e-12
14668 3.545793e-12
14669 3.545268e-12
14670 3.544742e-12
14671 3.544217e-12
14672 3.543692e-12
14673 3.543167e-12
14674 3.542642e-12
14675 3.542118e-12
14676 3.541593e-12
14677 3.541068e-12
14678 3.540543e-12
14679 3.540018e-12
14680 3.539494e-12
14681 3.538969e-12
14682 3.538445e-12
14683 3.537921e-12
14684 3.537397e-12
14685 3.536873e-12
14686 3.536349e-12
14687 3.535825e-12
14688 3.535302e-12
14689 3.534778e-12
14690 3.534255e-12
14691 3.533731e-12
14692 3.533208e-12
14693 3.532685e-12
14694 3.532162e-12
14695 3.531639e-12
14696 3.531117e-12
14697 3.530594e-12
14698 3.530071e-12
14699 3.529549e-12
14700 3.529027e-12
14701 3.528505e-12
14702 3.527983e-12
14703 3.527461e-12
14704 3.526939e-12
14705 3.526417e-12
14706 3.525895e-12
14707 3.525374e-12
14708 3.524853e-12
14709 3.524331e-12
14710 3.523810e-12
14711 3.523289e-12
14712 3.522768e-12
14713 3.522247e-12
14714 3.521727e-12
14715 3.521206e-12
14716 3.520686e-12
14717 3.520165e-12
14718 3.519645e-12
14719 3.519125e-12
14720 3.518605e-12
14721 3.518085e-12
14722 3.517565e-12
14723 3.517045e-12
14724 3.516526e-12
14725 3.516006e-12
14726 3.515487e-12
14727 3.514968e-12
14728 3.514449e-12
14729 3.513930e-12
14730 3.513411e-12
14731 3.512892e-12
14732 3.512373e-12
14733 3.511855e-12
14734 3.511336e-12
14735 3.510818e-12
14736 3.510300e-12
14737 3.509781e-12
14738 3.509263e-12
14739 3.508745e-12
14740 3.508228e-12
14741 3.507710e-12
14742 3.507192e-12
14743 3.506675e-12
14744 3.506158e-12
14745 3.505640e-12
14746 3.505123e-12
14747 3.504606e-12
14748 3.504089e-12
14749 3.503573e-12
14750 3.503056e-12
14751 3.502539e-12
14752 3.502023e-12
14753 3.501506e-12
14754 3.500990e-12
14755 3.500474e-12
14756 3.499958e-12
14757 3.499442e-12
14758 3.498926e-12
14759 3.498411e-12
14760 3.497895e-12
14761 3.497380e-12
14762 3.496864e-12
14763 3.496349e-12
14764 3.495834e-12
14765 3.495319e-12
14766 3.494804e-12
14767 3.494289e-12
14768 3.493775e-12
14769 3.493260e-12
14770 3.492746e-12
14771 3.492231e-12
14772 3.491717e-12
14773 3.491203e-12
14774 3.490689e-12
14775 3.490175e-12
14776 3.489661e-12
14777 3.489147e-12
14778 3.488634e-12
14779 3.488120e-12
14780 3.487607e-12
14781 3.487094e-12
14782 3.486581e-12
14783 3.486068e-12
14784 3.485555e-12
14785 3.485042e-12
14786 3.484529e-12
14787 3.484017e-12
14788 3.483504e-12
14789 3.482992e-12
14790 3.482480e-12
14791 3.481967e-12
14792 3.481455e-12
14793 3.480943e-12
14794 3.480432e-12
14795 3.479920e-12
14796 3.479408e-12
14797 3.478897e-12
14798 3.478385e-12
14799 3.477874e-12
14800 3.477363e-12
14801 3.476852e-12
14802 3.476341e-12
14803 3.475830e-12
14804 3.475319e-12
14805 3.474809e-12
14806 3.474298e-12
14807 3.473787e-12
14808 3.473277e-12
14809 3.472766e-12
14810 3.472256e-12
14811 3.471745e-12
14812 3.471235e-12
14813 3.470725e-12
14814 3.470215e-12
14815 3.469705e-12
14816 3.469195e-12
14817 3.468685e-12
14818 3.468176e-12
14819 3.467666e-12
14820 3.467157e-12
14821 3.466648e-12
14822 3.466139e-12
14823 3.465630e-12
14824 3.465121e-12
14825 3.464612e-12
14826 3.464103e-12
14827 3.463594e-12
14828 3.463086e-12
14829 3.462578e-12
14830 3.462069e-12
14831 3.461561e-12
14832 3.461053e-12
14833 3.460545e-12
14834 3.460037e-12
14835 3.459529e-12
14836 3.459022e-12
14837 3.458514e-12
14838 3.458007e-12
14839 3.457500e-12
14840 3.456992e-12
14841 3.456485e-12
14842 3.455978e-12
14843 3.455472e-12
14844 3.454965e-12
14845 3.454458e-12
14846 3.453952e-12
14847 3.453445e-12
14848 3.452939e-12
14849 3.452433e-12
14850 3.451926e-12
14851 3.451420e-12
14852 3.450915e-12
14853 3.450409e-12
14854 3.449903e-12
14855 3.449398e-12
14856 3.448892e-12
14857 3.448387e-12
14858 3.447882e-12
14859 3.447376e-12
14860 3.446871e-12
14861 3.446366e-12
14862 3.445862e-12
14863 3.445357e-12
14864 3.444852e-12
14865 3.444348e-12
14866 3.443843e-12
14867 3.443339e-12
14868 3.442835e-12
14869 3.442331e-12
14870 3.441827e-12
14871 3.441323e-12
14872 3.440819e-12
14873 3.440316e-12
14874 3.439812e-12
14875 3.439309e-12
14876 3.438806e-12
14877 3.438302e-12
14878 3.437799e-12
14879 3.437296e-12
14880 3.436793e-12
14881 3.436291e-12
14882 3.435788e-12
14883 3.435285e-12
14884 3.434783e-12
14885 3.434281e-12
14886 3.433778e-12
14887 3.433276e-12
14888 3.432774e-12
14889 3.432272e-12
14890 3.431771e-12
14891 3.431269e-12
14892 3.430767e-12
14893 3.430266e-12
14894 3.429764e-12
14895 3.429263e-12
14896 3.428762e-12
14897 3.428261e-12
14898 3.427760e-12
14899 3.427259e-12
14900 3.426758e-12
14901 3.426258e-12
14902 3.425757e-12
14903 3.425257e-12
14904 3.424757e-12
14905 3.424256e-12
14906 3.423756e-12
14907 3.423256e-12
14908 3.422756e-12
14909 3.422257e-12
14910 3.421757e-12
14911 3.421257e-12
14912 3.420758e-12
14913 3.420259e-12
14914 3.419759e-12
14915 3.419260e-12
14916 3.418761e-12
14917 3.418262e-12
14918 3.417764e-12
14919 3.417265e-12
14920 3.416766e-12
14921 3.416268e-12
14922 3.415769e-12
14923 3.415271e-12
14924 3.414773e-12
14925 3.414275e-12
14926 3.413777e-12
14927 3.413279e-12
14928 3.412781e-12
14929 3.412284e-12
14930 3.411786e-12
14931 3.411289e-12
14932 3.410791e-12
14933 3.410294e-12
14934 3.409797e-12
14935 3.409300e-12
14936 3.408803e-12
14937 3.408306e-12
14938 3.407809e-12
14939 3.407312e-12
14940 3.406815e-12
14941 3.406318e-12
14942 3.405822e-12
14943 3.405325e-12
14944 3.404829e-12
14945 3.404332e-12
14946 3.403836e-12
14947 3.403340e-12
14948 3.402844e-12
14949 3.402348e-12
14950 3.401852e-12
14951 3.401357e-12
14952 3.400861e-12
14953 3.400365e-12
14954 3.399870e-12
14955 3.399375e-12
14956 3.398880e-12
14957 3.398385e-12
14958 3.397890e-12
14959 3.397395e-12
14960 3.396900e-12
14961 3.396405e-12
14962 3.395911e-12
14963 3.395416e-12
14964 3.394922e-12
14965 3.394428e-12
14966 3.393934e-12
14967 3.393440e-12
14968 3.392946e-12
14969 3.392452e-12
14970 3.391958e-12
14971 3.391464e-12
14972 3.390971e-12
14973 3.390478e-12
14974 3.389984e-12
14975 3.389491e-12
14976 3.388998e-12
14977 3.388505e-12
14978 3.388012e-12
14979 3.387519e-12
14980 3.387027e-12
14981 3.386534e-12
14982 3.386042e-12
14983 3.385549e-12
14984 3.385057e-12
14985 3.384565e-12
14986 3.384073e-12
14987 3.383581e-12
14988 3.383089e-12
14989 3.382597e-12
14990 3.382106e-12
14991 3.381614e-12
14992 3.381123e-12
14993 3.380632e-12
14994 3.380140e-12
14995 3.379649e-12
14996 3.379158e-12
14997 3.378667e-12
14998 3.378177e-12
14999 3.377686e-12
15000 3.377195e-12
15001 3.376705e-12
15002 3.376214e-12
15003 3.375724e-12
15004 3.375234e-12
15005 3.374744e-12
15006 3.374254e-12
15007 3.373764e-12
15008 3.373274e-12
15009 3.372785e-12
15010 3.372295e-12
15011 3.371806e-12
15012 3.371316e-12
15013 3.370827e-12
15014 3.370338e-12
15015 3.369849e-12
15016 3.369360e-12
15017 3.368871e-12
15018 3.368383e-12
15019 3.367894e-12
15020 3.367405e-12
15021 3.366917e-12
15022 3.366429e-12
15023 3.365941e-12
15024 3.365452e-12
15025 3.364964e-12
15026 3.364477e-12
15027 3.363989e-12
15028 3.363501e-12
15029 3.363014e-12
15030 3.362526e-12
15031 3.362039e-12
15032 3.361551e-12
15033 3.361064e-12
15034 3.360577e-12
15035 3.360090e-12
15036 3.359603e-12
15037 3.359117e-12
15038 3.358630e-12
15039 3.358143e-12
15040 3.357657e-12
15041 3.357171e-12
15042 3.356684e-12
15043 3.356198e-12
15044 3.355712e-12
15045 3.355226e-12
15046 3.354740e-12
15047 3.354255e-12
15048 3.353769e-12
15049 3.353284e-12
15050 3.352798e-12
15051 3.352313e-12
15052 3.351828e-12
15053 3.351342e-12
15054 3.350857e-12
15055 3.350373e-12
15056 3.349888e-12
15057 3.349403e-12
15058 3.348918e-12
15059 3.348434e-12
15060 3.347950e-12
15061 3.347465e-12
15062 3.346981e-12
15063 3.346497e-12
15064 3.346013e-12
15065 3.345529e-12
15066 3.345045e-12
15067 3.344562e-12
15068 3.344078e-12
15069 3.343595e-12
15070 3.343111e-12
15071 3.342627e-12
15072 3.342144e-12
15073 3.341660e-12
15074 3.341177e-12
15075 3.340694e-12
15076 3.340211e-12
15077 3.339728e-12
15078 3.339245e-12
15079 3.338762e-12
15080 3.338279e-12
15081 3.337797e-12
15082 3.337314e-12
15083 3.336832e-12
15084 3.336349e-12
15085 3.335867e-12
15086 3.335385e-12
15087 3.334903e-12
15088 3.334421e-12
15089 3.333939e-12
15090 3.333458e-12
15091 3.332976e-12
15092 3.332494e-12
15093 3.332013e-12
15094 3.331532e-12
15095 3.331051e-12
15096 3.330569e-12
15097 3.330088e-12
15098 3.329608e-12
15099 3.329127e-12
15100 3.328646e-12
15101 3.328165e-12
15102 3.327685e-12
15103 3.327205e-12
15104 3.326724e-12
15105 3.326244e-12
15106 3.325764e-12
15107 3.325284e-12
15108 3.324804e-12
15109 3.324324e-12
15110 3.323845e-12
15111 3.323365e-12
15112 3.322886e-12
15113 3.322406e-12
15114 3.321927e-12
15115 3.321448e-12
15116 3.320969e-12
15117 3.320490e-12
15118 3.320011e-12
15119 3.319532e-12
15120 3.319053e-12
15121 3.318575e-12
15122 3.318096e-12
15123 3.317618e-12
15124 3.317140e-12
15125 3.316661e-12
15126 3.316183e-12
15127 3.315705e-12
15128 3.315228e-12
15129 3.314750e-12
15130 3.314272e-12
15131 3.313794e-12
15132 3.313317e-12
15133 3.312840e-12
15134 3.312362e-12
15135 3.311885e-12
15136 3.311408e-12
15137 3.310931e-12
15138 3.310454e-12
15139 3.309978e-12
15140 3.309501e-12
15141 3.309024e-12
15142 3.308548e-12
15143 3.308071e-12
15144 3.307595e-12
15145 3.307119e-12
15146 3.306643e-12
15147 3.306167e-12
15148 3.305691e-12
15149 3.305215e-12
15150 3.304740e-12
15151 3.304264e-12
15152 3.303789e-12
15153 3.303313e-12
15154 3.302838e-12
15155 3.302363e-12
15156 3.301888e-12
15157 3.301413e-12
15158 3.300938e-12
15159 3.300463e-12
15160 3.299988e-12
15161 3.299514e-12
15162 3.299039e-12
15163 3.298565e-12
15164 3.298091e-12
15165 3.297617e-12
15166 3.297143e-12
15167 3.296669e-12
15168 3.296195e-12
15169 3.295721e-12
15170 3.295247e-12
15171 3.294774e-12
15172 3.294300e-12
15173 3.293827e-12
15174 3.293353e-12
15175 3.292880e-12
15176 3.292407e-12
15177 3.291934e-12
15178 3.291461e-12
15179 3.290989e-12
15180 3.290516e-12
15181 3.290043e-12
15182 3.289571e-12
15183 3.289098e-12
15184 3.288626e-12
15185 3.288154e-12
15186 3.287682e-12
15187 3.287210e-12
15188 3.286738e-12
15189 3.286266e-12
15190 3.285794e-12
15191 3.285323e-12
15192 3.284851e-12
15193 3.284380e-12
15194 3.283909e-12
15195 3.283437e-12
15196 3.282966e-12
15197 3.282495e-12
15198 3.282024e-12
15199 3.281554e-12
15200 3.281083e-12
15201 3.280612e-12
15202 3.280142e-12
15203 3.279671e-12
15204 3.279201e-12
15205 3.278730e-12
15206 3.278260e-12
15207 3.277789e-12
15208 3.277319e-12
15209 3.276849e-12
15210 3.276379e-12
15211 3.275909e-12
15212 3.275439e-12
15213 3.274969e-12
15214 3.274500e-12
15215 3.274030e-12
15216 3.273560e-12
15217 3.273091e-12
15218 3.272622e-12
15219 3.272153e-12
15220 3.271683e-12
15221 3.271214e-12
15222 3.270746e-12
15223 3.270277e-12
15224 3.269808e-12
15225 3.269339e-12
15226 3.268871e-12
15227 3.268402e-12
15228 3.267934e-12
15229 3.267466e-12
15230 3.266998e-12
15231 3.266530e-12
15232 3.266062e-12
15233 3.265594e-12
15234 3.265126e-12
15235 3.264659e-12
15236 3.264191e-12
15237 3.263724e-12
15238 3.263256e-12
15239 3.262789e-12
15240 3.262322e-12
15241 3.261855e-12
15242 3.261388e-12
15243 3.260921e-12
15244 3.260454e-12
15245 3.259988e-12
15246 3.259521e-12
15247 3.259055e-12
15248 3.258588e-12
15249 3.258122e-12
15250 3.257656e-12
15251 3.257190e-12
15252 3.256724e-12
15253 3.256258e-12
15254 3.255792e-12
15255 3.255326e-12
15256 3.254861e-12
15257 3.254395e-12
15258 3.253930e-12
15259 3.253465e-12
15260 3.252999e-12
15261 3.252534e-12
15262 3.252069e-12
15263 3.251604e-12
15264 3.251140e-12
15265 3.250675e-12
15266 3.250210e-12
15267 3.249746e-12
15268 3.249281e-12
15269 3.248817e-12
15270 3.248353e-12
15271 3.247889e-12
15272 3.247425e-12
15273 3.246961e-12
15274 3.246497e-12
15275 3.246033e-12
15276 3.245569e-12
15277 3.245106e-12
15278 3.244642e-12
15279 3.244179e-12
15280 3.243716e-12
15281 3.243253e-12
15282 3.242789e-12
15283 3.242326e-12
15284 3.241864e-12
15285 3.241401e-12
15286 3.240938e-12
15287 3.240476e-12
15288 3.240013e-12
15289 3.239551e-12
15290 3.239088e-12
15291 3.238626e-12
15292 3.238164e-12
15293 3.237702e-12
15294 3.237240e-12
15295 3.236778e-12
15296 3.236317e-12
15297 3.235855e-12
15298 3.235393e-12
15299 3.234932e-12
15300 3.234471e-12
15301 3.234009e-12
15302 3.233548e-12
15303 3.233087e-12
15304 3.232626e-12
15305 3.232165e-12
15306 3.231705e-12
15307 3.231244e-12
15308 3.230783e-12
15309 3.230323e-12
15310 3.229862e-12
15311 3.229402e-12
15312 3.228942e-12
15313 3.228482e-12
15314 3.228022e-12
15315 3.227562e-12
15316 3.227102e-12
15317 3.226642e-12
15318 3.226183e-12
15319 3.225723e-12
15320 3.225264e-12
15321 3.224804e-12
15322 3.224345e-12
15323 3.223886e-12
15324 3.223427e-12
15325 3.222968e-12
15326 3.222509e-12
15327 3.222050e-12
15328 3.221592e-12
15329 3.221133e-12
15330 3.220675e-12
15331 3.220216e-12
15332 3.219758e-12
15333 3.219300e-12
15334 3.218842e-12
15335 3.218384e-12
15336 3.217926e-12
15337 3.217468e-12
15338 3.217010e-12
15339 3.216553e-12
15340 3.216095e-12
15341 3.215637e-12
15342 3.215179e-12
15343 3.214722e-12
15344 3.214264e-12
15345 3.213807e-12
15346 3.213350e-12
15347 3.212892e-12
15348 3.212435e-12
15349 3.211978e-12
15350 3.211521e-12
15351 3.211064e-12
15352 3.210608e-12
15353 3.210151e-12
15354 3.209694e-12
15355 3.209238e-12
15356 3.208782e-12
15357 3.208325e-12
15358 3.207869e-12
15359 3.207413e-12
15360 3.206957e-12
15361 3.206501e-12
15362 3.206046e-12
15363 3.205590e-12
15364 3.205134e-12
15365 3.204679e-12
15366 3.204223e-12
15367 3.203768e-12
15368 3.203313e-12
15369 3.202858e-12
15370 3.202403e-12
15371 3.201948e-12
15372 3.201493e-12
15373 3.201038e-12
15374 3.200583e-12
15375 3.200129e-12
15376 3.199674e-12
15377 3.199220e-12
15378 3.198766e-12
15379 3.198312e-12
15380 3.197857e-12
15381 3.197403e-12
15382 3.196950e-12
15383 3.196496e-12
15384 3.196042e-12
15385 3.195588e-12
15386 3.195135e-12
15387 3.194681e-12
15388 3.194228e-12
15389 3.193775e-12
15390 3.193322e-12
15391 3.192869e-12
15392 3.192416e-12
15393 3.191963e-12
15394 3.191510e-12
15395 3.191057e-12
15396 3.190605e-12
15397 3.190152e-12
15398 3.189700e-12
15399 3.189248e-12
15400 3.188795e-12
15401 3.188343e-12
15402 3.187891e-12
15403 3.187439e-12
15404 3.186987e-12
15405 3.186536e-12
15406 3.186084e-12
15407 3.185632e-12
15408 3.185181e-12
15409 3.184730e-12
15410 3.184278e-12
15411 3.183827e-12
15412 3.183376e-12
15413 3.182925e-12
15414 3.182474e-12
15415 3.182023e-12
15416 3.181573e-12
15417 3.181122e-12
15418 3.180671e-12
15419 3.180221e-12
15420 3.179771e-12
15421 3.179320e-12
15422 3.178870e-12
15423 3.178420e-12
15424 3.177970e-12
15425 3.177520e-12
15426 3.177070e-12
15427 3.176621e-12
15428 3.176171e-12
15429 3.175722e-12
15430 3.175272e-12
15431 3.174823e-12
15432 3.174374e-12
15433 3.173925e-12
15434 3.173475e-12
15435 3.173026e-12
15436 3.172578e-12
15437 3.172129e-12
15438 3.171680e-12
15439 3.171232e-12
15440 3.170783e-12
15441 3.170335e-12
15442 3.169886e-12
15443 3.169438e-12
15444 3.168990e-12
15445 3.168542e-12
15446 3.168094e-12
15447 3.167646e-12
15448 3.167198e-12
15449 3.166751e-12
15450 3.166303e-12
15451 3.165856e-12
15452 3.165408e-12
15453 3.164961e-12
15454 3.164514e-12
15455 3.164067e-12
15456 3.163620e-12
15457 3.163173e-12
15458 3.162726e-12
15459 3.162279e-12
15460 3.161833e-12
15461 3.161386e-12
15462 3.160939e-12
15463 3.160493e-12
15464 3.160047e-12
15465 3.159601e-12
15466 3.159155e-12
15467 3.158709e-12
15468 3.158263e-12
15469 3.157817e-12
15470 3.157371e-12
15471 3.156925e-12
15472 3.156480e-12
15473 3.156034e-12
15474 3.155589e-12
15475 3.155144e-12
15476 3.154698e-12
15477 3.154253e-12
15478 3.153807e-12
15479 3.153362e-12
15480 3.152917e-12
15481 3.152472e-12
15482 3.152027e-12
15483 3.151582e-12
15484 3.151137e-12
15485 3.150693e-12
15486 3.150248e-12
15487 3.149804e-12
15488 3.149359e-12
15489 3.148915e-12
15490 3.148471e-12
15491 3.148026e-12
15492 3.147582e-12
15493 3.147138e-12
15494 3.146695e-12
15495 3.146251e-12
15496 3.145807e-12
15497 3.145363e-12
15498 3.144920e-12
15499 3.144477e-12
15500 3.144033e-12
15501 3.143590e-12
15502 3.143147e-12
15503 3.142704e-12
15504 3.142261e-12
15505 3.141818e-12
15506 3.141375e-12
15507 3.140933e-12
15508 3.140490e-12
15509 3.140047e-12
15510 3.139605e-12
15511 3.139163e-12
15512 3.138720e-12
15513 3.138278e-12
15514 3.137836e-12
15515 3.137394e-12
15516 3.136952e-12
15517 3.136511e-12
15518 3.136069e-12
15519 3.135627e-12
15520 3.135186e-12
15521 3.134744e-12
15522 3.134303e-12
15523 3.133862e-12
15524 3.133421e-12
15525 3.132980e-12
15526 3.132539e-12
15527 3.132098e-12
15528 3.131657e-12
15529 3.131216e-12
15530 3.130776e-12
15531 3.130335e-12
15532 3.129895e-12
15533 3.129455e-12
15534 3.129014e-12
15535 3.128574e-12
15536 3.128134e-12
15537 3.127694e-12
15538 3.127254e-12
15539 3.126814e-12
15540 3.126375e-12
15541 3.125935e-12
15542 3.125496e-12
15543 3.125056e-12
15544 3.124617e-12
15545 3.124178e-12
15546 3.123738e-12
15547 3.123299e-12
15548 3.122860e-12
15549 3.122421e-12
15550 3.121983e-12
15551 3.121544e-12
15552 3.121105e-12
15553 3.120667e-12
15554 3.120228e-12
15555 3.119790e-12
15556 3.119352e-12
15557 3.118914e-12
15558 3.118476e-12
15559 3.118038e-12
15560 3.117600e-12
15561 3.117162e-12
15562 3.116724e-12
15563 3.116286e-12
15564 3.115849e-12
15565 3.115411e-12
15566 3.114974e-12
15567 3.114537e-12
15568 3.114100e-12
15569 3.113663e-12
15570 3.113226e-12
15571 3.112789e-12
15572 3.112352e-12
15573 3.111915e-12
15574 3.111478e-12
15575 3.111042e-12
15576 3.110605e-12
15577 3.110169e-12
15578 3.109733e-12
15579 3.109297e-12
15580 3.108860e-12
15581 3.108424e-12
15582 3.107988e-12
15583 3.107553e-12
15584 3.107117e-12
15585 3.106681e-12
15586 3.106246e-12
15587 3.105810e-12
15588 3.105375e-12
15589 3.104939e-12
15590 3.104504e-12
15591 3.104069e-12
15592 3.103634e-12
15593 3.103199e-12
15594 3.102764e-12
15595 3.102329e-12
15596 3.101895e-12
15597 3.101460e-12
15598 3.101026e-12
15599 3.100591e-12
15600 3.100157e-12
15601 3.099723e-12
15602 3.099288e-12
15603 3.098854e-12
15604 3.098420e-12
15605 3.097986e-12
15606 3.097553e-12
15607 3.097119e-12
15608 3.096685e-12
15609 3.096252e-12
15610 3.095818e-12
15611 3.095385e-12
15612 3.094952e-12
15613 3.094518e-12
15614 3.094085e-12
15615 3.093652e-12
15616 3.093218e-12
15617 3.092785e-12
15618 3.092352e-12
15619 3.091919e-12
15620 3.091486e-12
15621 3.091053e-12
15622 3.090621e-12
15623 3.090188e-12
15624 3.089756e-12
15625 3.089323e-12
15626 3.088891e-12
15627 3.088459e-12
15628 3.088026e-12
15629 3.087594e-12
15630 3.087162e-12
15631 3.086730e-12
15632 3.086299e-12
15633 3.085867e-12
15634 3.085435e-12
15635 3.085004e-12
15636 3.084572e-12
15637 3.084141e-12
15638 3.083709e-12
15639 3.083278e-12
15640 3.082847e-12
15641 3.082416e-12
15642 3.081985e-12
15643 3.081554e-12
15644 3.081123e-12
15645 3.080693e-12
15646 3.080262e-12
15647 3.079832e-12
15648 3.079401e-12
15649 3.078971e-12
15650 3.078541e-12
15651 3.078110e-12
15652 3.077680e-12
15653 3.077250e-12
15654 3.076821e-12
15655 3.076391e-12
15656 3.075961e-12
15657 3.075531e-12
15658 3.075102e-12
15659 3.074672e-12
15660 3.074243e-12
15661 3.073814e-12
15662 3.073385e-12
15663 3.072955e-12
15664 3.072526e-12
15665 3.072097e-12
15666 3.071669e-12
15667 3.071240e-12
15668 3.070811e-12
15669 3.070383e-12
15670 3.069954e-12
15671 3.069526e-12
15672 3.069097e-12
15673 3.068669e-12
15674 3.068241e-12
15675 3.067813e-12
15676 3.067385e-12
15677 3.066957e-12
15678 3.066529e-12
15679 3.066101e-12
15680 3.065674e-12
15681 3.065246e-12
15682 3.064819e-12
15683 3.064392e-12
15684 3.063964e-12
15685 3.063537e-12
15686 3.063110e-12
15687 3.062683e-12
15688 3.062256e-12
15689 3.061829e-12
15690 3.061402e-12
15691 3.060976e-12
15692 3.060549e-12
15693 3.060123e-12
15694 3.059696e-12
15695 3.059270e-12
15696 3.058844e-12
15697 3.058417e-12
15698 3.057991e-12
15699 3.057565e-12
15700 3.057140e-12
15701 3.056714e-12
15702 3.056288e-12
15703 3.055862e-12
15704 3.055437e-12
15705 3.055011e-12
15706 3.054586e-12
15707 3.054161e-12
15708 3.053735e-12
15709 3.053310e-12
15710 3.052885e-12
15711 3.052460e-12
15712 3.052035e-12
15713 3.051611e-12
15714 3.051186e-12
15715 3.050761e-12
15716 3.050337e-12
15717 3.049912e-12
15718 3.049488e-12
15719 3.049064e-12
15720 3.048640e-12
15721 3.048216e-12
15722 3.047792e-12
15723 3.047368e-12
15724 3.046944e-12
15725 3.046520e-12
15726 3.046096e-12
15727 3.045673e-12
15728 3.045249e-12
15729 3.044826e-12
15730 3.044403e-12
15731 3.043980e-12
15732 3.043556e-12
15733 3.043133e-12
15734 3.042710e-12
15735 3.042287e-12
15736 3.041865e-12
15737 3.041442e-12
15738 3.041019e-12
15739 3.040597e-12
15740 3.040174e-12
15741 3.039752e-12
15742 3.039330e-12
15743 3.038907e-12
15744 3.038485e-12
15745 3.038063e-12
15746 3.037641e-12
15747 3.037220e-12
15748 3.036798e-12
15749 3.036376e-12
15750 3.035954e-12
15751 3.035533e-12
15752 3.035111e-12
15753 3.034690e-12
15754 3.034268e-12
15755 3.033847e-12
15756 3.033425e-12
15757 3.033004e-12
15758 3.032583e-12
15759 3.032161e-12
15760 3.031740e-12
15761 3.031319e-12
15762 3.030899e-12
15763 3.030478e-12
15764 3.030057e-12
15765 3.029636e-12
15766 3.029216e-12
15767 3.028795e-12
15768 3.028375e-12
15769 3.027955e-12
15770 3.027534e-12
15771 3.027114e-12
15772 3.026694e-12
15773 3.026274e-12
15774 3.025855e-12
15775 3.025435e-12
15776 3.025015e-12
15777 3.024595e-12
15778 3.024176e-12
15779 3.023756e-12
15780 3.023337e-12
15781 3.022918e-12
15782 3.022499e-12
15783 3.022080e-12
15784 3.021661e-12
15785 3.021242e-12
15786 3.020823e-12
15787 3.020404e-12
15788 3.019985e-12
15789 3.019567e-12
15790 3.019148e-12
15791 3.018730e-12
15792 3.018311e-12
15793 3.017893e-12
15794 3.017475e-12
15795 3.017057e-12
15796 3.016639e-12
15797 3.016221e-12
15798 3.015803e-12
15799 3.015385e-12
15800 3.014968e-12
15801 3.014550e-12
15802 3.014133e-12
15803 3.013715e-12
15804 3.013298e-12
15805 3.012881e-12
15806 3.012463e-12
15807 3.012046e-12
15808 3.011629e-12
15809 3.011212e-12
15810 3.010796e-12
15811 3.010379e-12
15812 3.009962e-12
15813 3.009546e-12
15814 3.009129e-12
15815 3.008713e-12
15816 3.008296e-12
15817 3.007880e-12
15818 3.007464e-12
15819 3.007048e-12
15820 3.006632e-12
15821 3.006216e-12
15822 3.005800e-12
15823 3.005385e-12
15824 3.004969e-12
15825 3.004553e-12
15826 3.004138e-12
15827 3.003722e-12
15828 3.003307e-12
15829 3.002892e-12
15830 3.002477e-12
15831 3.002062e-12
15832 3.001647e-12
15833 3.001232e-12
15834 3.000817e-12
15835 3.000402e-12
15836 2.999988e-12
15837 2.999573e-12
15838 2.999159e-12
15839 2.998744e-12
15840 2.998330e-12
15841 2.997916e-12
15842 2.997501e-12
15843 2.997087e-12
15844 2.996673e-12
15845 2.996259e-12
15846 2.995846e-12
15847 2.995432e-12
15848 2.995018e-12
15849 2.994605e-12
15850 2.994191e-12
15851 2.993778e-12
15852 2.993365e-12
15853 2.992951e-12
15854 2.992538e-12
15855 2.992125e-12
15856 2.991712e-12
15857 2.991299e-12
15858 2.990886e-12
15859 2.990474e-12
15860 2.990061e-12
15861 2.989648e-12
15862 2.989236e-12
15863 2.988824e-12
15864 2.988411e-12
15865 2.987999e-12
15866 2.987587e-12
15867 2.987175e-12
15868 2.986763e-12
15869 2.986351e-12
15870 2.985939e-12
15871 2.985527e-12
15872 2.985116e-12
15873 2.984704e-12
15874 2.984293e-12
15875 2.983881e-12
15876 2.983470e-12
15877 2.983059e-12
15878 2.982647e-12
15879 2.982236e-12
15880 2.981825e-12
15881 2.981414e-12
15882 2.981004e-12
15883 2.980593e-12
15884 2.980182e-12
15885 2.979772e-12
15886 2.979361e-12
15887 2.978951e-12
15888 2.978540e-12
15889 2.978130e-12
15890 2.977720e-12
15891 2.977310e-12
15892 2.976900e-12
15893 2.976489e-12
15894 2.976079e-12
15895 2.975669e-12
15896 2.975259e-12
15897 2.974849e-12
15898 2.974439e-12
15899 2.974030e-12
15900 2.973620e-12
15901 2.973211e-12
15902 2.972801e-12
15903 2.972392e-12
15904 2.971982e-12
15905 2.971573e-12
15906 2.971164e-12
15907 2.970755e-12
15908 2.970346e-12
15909 2.969937e-12
15910 2.969528e-12
15911 2.969119e-12
15912 2.968711e-12
15913 2.968302e-12
15914 2.967894e-12
15915 2.967485e-12
15916 2.967077e-12
15917 2.966669e-12
15918 2.966260e-12
15919 2.965852e-12
15920 2.965444e-12
15921 2.965036e-12
15922 2.964629e-12
15923 2.964221e-12
15924 2.963813e-12
15925 2.963406e-12
15926 2.962998e-12
15927 2.962591e-12
15928 2.962183e-12
15929 2.961776e-12
15930 2.961369e-12
15931 2.960962e-12
15932 2.960555e-12
15933 2.960148e-12
15934 2.959741e-12
15935 2.959334e-12
15936 2.958927e-12
15937 2.958521e-12
15938 2.958114e-12
15939 2.957708e-12
15940 2.957301e-12
15941 2.956895e-12
15942 2.956489e-12
15943 2.956083e-12
15944 2.955677e-12
15945 2.955271e-12
15946 2.954865e-12
15947 2.954459e-12
15948 2.954053e-12
15949 2.953648e-12
15950 2.953242e-12
15951 2.952837e-12
15952 2.952431e-12
15953 2.952026e-12
15954 2.951621e-12
15955 2.951215e-12
15956 2.950810e-12
15957 2.950405e-12
15958 2.950000e-12
15959 2.949596e-12
15960 2.949191e-12
15961 2.948786e-12
15962 2.948382e-12
15963 2.947977e-12
15964 2.947573e-12
15965 2.947168e-12
15966 2.946764e-12
15967 2.946360e-12
15968 2.945956e-12
15969 2.945552e-12
15970 2.945148e-12
15971 2.944744e-12
15972 2.944340e-12
15973 2.943936e-12
15974 2.943533e-12
15975 2.943129e-12
15976 2.942726e-12
15977 2.942322e-12
15978 2.941919e-12
15979 2.941516e-12
15980 2.941113e-12
15981 2.940710e-12
15982 2.940307e-12
15983 2.939904e-12
15984 2.939501e-12
15985 2.939098e-12
15986 2.938696e-12
15987 2.938293e-12
15988 2.937891e-12
15989 2.937488e-12
15990 2.937086e-12
15991 2.936684e-12
15992 2.936281e-12
15993 2.935879e-12
15994 2.935477e-12
15995 2.935075e-12
15996 2.934673e-12
15997 2.934272e-12
15998 2.933870e-12
15999 2.933468e-12
16000 2.933067e-12
16001 2.932665e-12
16002 2.932264e-12
16003 2.931863e-12
16004 2.931461e-12
16005 2.931060e-12
16006 2.930659e-12
16007 2.930258e-12
16008 2.929857e-12
16009 2.929457e-12
16010 2.929056e-12
16011 2.928655e-12
16012 2.928255e-12
16013 2.927854e-12
16014 2.927454e-12
16015 2.927053e-12
16016 2.926653e-12
16017 2.926253e-12
16018 2.925853e-12
16019 2.925453e-12
16020 2.925053e-12
16021 2.924653e-12
16022 2.924253e-12
16023 2.923854e-12
16024 2.923454e-12
16025 2.923054e-12
16026 2.922655e-12
16027 2.922256e-12
16028 2.921856e-12
16029 2.921457e-12
16030 2.921058e-12
16031 2.920659e-12
16032 2.920260e-12
16033 2.919861e-12
16034 2.919462e-12
16035 2.919063e-12
16036 2.918664e-12
16037 2.918265e-12
16038 2.917866e-12
16039 2.917467e-12
16040 2.917069e-12
16041 2.916670e-12
16042 2.916272e-12
16043 2.915873e-12
16044 2.915475e-12
16045 2.915077e-12
16046 2.914678e-12
16047 2.914280e-12
16048 2.913882e-12
16049 2.913484e-12
16050 2.913087e-12
16051 2.912689e-12
16052 2.912291e-12
16053 2.911894e-12
16054 2.911496e-12
16055 2.911099e-12
16056 2.910701e-12
16057 2.910304e-12
16058 2.909907e-12
16059 2.909510e-12
16060 2.909113e-12
16061 2.908716e-12
16062 2.908319e-12
16063 2.907922e-12
16064 2.907525e-12
16065 2.907128e-12
16066 2.906732e-12
16067 2.906335e-12
16068 2.905939e-12
16069 2.905543e-12
16070 2.905146e-12
16071 2.904750e-12
16072 2.904354e-12
16073 2.903958e-12
16074 2.903562e-12
16075 2.903166e-12
16076 2.902770e-12
16077 2.902375e-12
16078 2.901979e-12
16079 2.901583e-12
16080 2.901188e-12
16081 2.900793e-12
16082 2.900397e-12
16083 2.900002e-12
16084 2.899607e-12
16085 2.899212e-12
16086 2.898817e-12
16087 2.898422e-12
16088 2.898027e-12
16089 2.897632e-12
16090 2.897238e-12
16091 2.896843e-12
16092 2.896448e-12
16093 2.896054e-12
16094 2.895660e-12
16095 2.895265e-12
16096 2.894871e-12
16097 2.894477e-12
16098 2.894083e-12
16099 2.893689e-12
16100 2.893295e-12
16101 2.892901e-12
16102 2.892507e-12
16103 2.892114e-12
16104 2.891720e-12
16105 2.891326e-12
16106 2.890933e-12
16107 2.890540e-12
16108 2.890146e-12
16109 2.889753e-12
16110 2.889360e-12
16111 2.888967e-12
16112 2.888574e-12
16113 2.888181e-12
16114 2.887788e-12
16115 2.887396e-12
16116 2.887003e-12
16117 2.886610e-12
16118 2.886218e-12
16119 2.885825e-12
16120 2.885433e-12
16121 2.885041e-12
16122 2.884649e-12
16123 2.884256e-12
16124 2.883864e-12
16125 2.883472e-12
16126 2.883080e-12
16127 2.882689e-12
16128 2.882297e-12
16129 2.881905e-12
16130 2.881514e-12
16131 2.881122e-12
16132 2.880731e-12
16133 2.880339e-12
16134 2.879948e-12
16135 2.879557e-12
16136 2.879166e-12
16137 2.878775e-12
16138 2.878384e-12
16139 2.877993e-12
16140 2.877602e-12
16141 2.877211e-12
16142 2.876821e-12
16143 2.876430e-12
16144 2.876040e-12
16145 2.875649e-12
16146 2.875259e-12
16147 2.874869e-12
16148 2.874478e-12
16149 2.874088e-12
16150 2.873698e-12
16151 2.873308e-12
16152 2.872919e-12
16153 2.872529e-12
16154 2.872139e-12
16155 2.871749e-12
16156 2.871360e-12
16157 2.870970e-12
16158 2.870581e-12
16159 2.870192e-12
16160 2.869802e-12
16161 2.869413e-12
16162 2.869024e-12
16163 2.868635e-12
16164 2.868246e-12
16165 2.867857e-12
16166 2.867468e-12
16167 2.867080e-12
16168 2.866691e-12
16169 2.866302e-12
16170 2.865914e-12
16171 2.865525e-12
16172 2.865137e-12
16173 2.864749e-12
16174 2.864361e-12
16175 2.863972e-12
16176 2.863584e-12
16177 2.863196e-12
16178 2.862808e-12
16179 2.862420e-12
16180 2.862032e-12
16181 2.861644e-12
16182 2.861256e-12
16183 2.860868e-12
16184 2.860480e-12
16185 2.860093e-12
16186 2.859705e-12
16187 2.859318e-12
16188 2.858930e-12
16189 2.858543e-12
16190 2.858156e-12
16191 2.857769e-12
16192 2.857381e-12
16193 2.856994e-12
16194 2.856608e-12
16195 2.856221e-12
16196 2.855834e-12
16197 2.855447e-12
16198 2.855061e-12
16199 2.854674e-12
16200 2.854288e-12
16201 2.853901e-12
16202 2.853515e-12
16203 2.853129e-12
16204 2.852742e-12
16205 2.852356e-12
16206 2.851970e-12
16207 2.851584e-12
16208 2.851198e-12
16209 2.850813e-12
16210 2.850427e-12
16211 2.850041e-12
16212 2.849656e-12
16213 2.849270e-12
16214 2.848885e-12
16215 2.848499e-12
16216 2.848114e-12
16217 2.847729e-12
16218 2.847344e-12
16219 2.846959e-12
16220 2.846574e-12
16221 2.846189e-12
16222 2.845804e-12
16223 2.845419e-12
16224 2.845035e-12
16225 2.844650e-12
16226 2.844266e-12
16227 2.843881e-12
16228 2.843497e-12
16229 2.843113e-12
16230 2.842728e-12
16231 2.842344e-12
16232 2.841960e-12
16233 2.841576e-12
16234 2.841192e-12
16235 2.840809e-12
16236 2.840425e-12
16237 2.840041e-12
16238 2.839658e-12
16239 2.839274e-12
16240 2.838891e-12
16241 2.838507e-12
16242 2.838124e-12
16243 2.837741e-12
16244 2.837358e-12
16245 2.836975e-12
16246 2.836592e-12
16247 2.836209e-12
16248 2.835826e-12
16249 2.835443e-12
16250 2.835060e-12
16251 2.834678e-12
16252 2.834295e-12
16253 2.833913e-12
16254 2.833530e-12
16255 2.833148e-12
16256 2.832766e-12
16257 2.832384e-12
16258 2.832001e-12
16259 2.831619e-12
16260 2.831237e-12
16261 2.830856e-12
16262 2.830474e-12
16263 2.830092e-12
16264 2.829710e-12
16265 2.829329e-12
16266 2.828947e-12
16267 2.828566e-12
16268 2.828185e-12
16269 2.827803e-12
16270 2.827422e-12
16271 2.827041e-12
16272 2.826660e-12
16273 2.826279e-12
16274 2.825898e-12
16275 2.825517e-12
16276 2.825137e-12
16277 2.824756e-12
16278 2.824375e-12
16279 2.823995e-12
16280 2.823614e-12
16281 2.823234e-12
16282 2.822854e-12
16283 2.822473e-12
16284 2.822093e-12
16285 2.821713e-12
16286 2.821333e-12
16287 2.820953e-12
16288 2.820573e-12
16289 2.820194e-12
16290 2.819814e-12
16291 2.819434e-12
16292 2.819055e-12
16293 2.818675e-12
16294 2.818296e-12
16295 2.817917e-12
16296 2.817537e-12
16297 2.817158e-12
16298 2.816779e-12
16299 2.816400e-12
16300 2.816021e-12
16301 2.815642e-12
16302 2.815263e-12
16303 2.814885e-12
16304 2.814506e-12
16305 2.814127e-12
16306 2.813749e-12
16307 2.813370e-12
16308 2.812992e-12
16309 2.812614e-12
16310 2.812236e-12
16311 2.811857e-12
16312 2.811479e-12
16313 2.811101e-12
16314 2.810723e-12
16315 2.810346e-12
16316 2.809968e-12
16317 2.809590e-12
16318 2.809212e-12
16319 2.808835e-12
16320 2.808457e-12
16321 2.808079e-12
16322 2.807702e-12
16323 2.807324e-12
16324 2.806947e-12
16325 2.806569e-12
16326 2.806192e-12
16327 2.805815e-12
16328 2.805438e-12
16329 2.805061e-12
16330 2.804684e-12
16331 2.804307e-12
16332 2.803930e-12
16333 2.803553e-12
16334 2.803176e-12
16335 2.802800e-12
16336 2.802423e-12
16337 2.802047e-12
16338 2.801670e-12
16339 2.801294e-12
16340 2.800918e-12
16341 2.800541e-12
16342 2.800165e-12
16343 2.799789e-12
16344 2.799413e-12
16345 2.799037e-12
16346 2.798662e-12
16347 2.798286e-12
16348 2.797910e-12
16349 2.797535e-12
16350 2.797159e-12
16351 2.796784e-12
16352 2.796408e-12
16353 2.796033e-12
16354 2.795658e-12
16355 2.795282e-12
16356 2.794907e-12
16357 2.794532e-12
16358 2.794157e-12
16359 2.793783e-12
16360 2.793408e-12
16361 2.793033e-12
16362 2.792658e-12
16363 2.792284e-12
16364 2.791909e-12
16365 2.791535e-12
16366 2.791160e-12
16367 2.790786e-12
16368 2.790412e-12
16369 2.790038e-12
16370 2.789664e-12
16371 2.789290e-12
16372 2.788916e-12
16373 2.788542e-12
16374 2.788168e-12
16375 2.787794e-12
16376 2.787421e-12
16377 2.787047e-12
16378 2.786674e-12
16379 2.786300e-12
16380 2.785927e-12
16381 2.785554e-12
16382 2.785181e-12
16383 2.784807e-12
16384 2.784434e-12
16385 2.784061e-12
16386 2.783689e-12
16387 2.783316e-12
16388 2.782943e-12
16389 2.782570e-12
16390 2.782198e-12
16391 2.781825e-12
16392 2.781453e-12
16393 2.781080e-12
16394 2.780708e-12
16395 2.780336e-12
16396 2.779963e-12
16397 2.779591e-12
16398 2.779219e-12
16399 2.778847e-12
16400 2.778475e-12
16401 2.778104e-12
16402 2.777732e-12
16403 2.777360e-12
16404 2.776989e-12
16405 2.776617e-12
16406 2.776246e-12
16407 2.775874e-12
16408 2.775503e-12
16409 2.775132e-12
16410 2.774761e-12
16411 2.774389e-12
16412 2.774018e-12
16413 2.773648e-12
16414 2.773277e-12
16415 2.772906e-12
16416 2.772535e-12
16417 2.772164e-12
16418 2.771794e-12
16419 2.771423e-12
16420 2.771053e-12
16421 2.770683e-12
16422 2.770312e-12
16423 2.769942e-12
16424 2.769572e-12
16425 2.769202e-12
16426 2.768832e-12
16427 2.768462e-12
16428 2.768092e-12
16429 2.767722e-12
16430 2.767352e-12
16431 2.766983e-12
16432 2.766613e-12
16433 2.766244e-12
16434 2.765874e-12
16435 2.765505e-12
16436 2.765136e-12
16437 2.764766e-12
16438 2.764397e-12
16439 2.764028e-12
16440 2.763659e-12
16441 2.763290e-12
16442 2.762921e-12
16443 2.762553e-12
16444 2.762184e-12
16445 2.761815e-12
16446 2.761447e-12
16447 2.761078e-12
16448 2.760710e-12
16449 2.760341e-12
16450 2.759973e-12
16451 2.759605e-12
16452 2.759237e-12
16453 2.758869e-12
16454 2.758501e-12
16455 2.758133e-12
16456 2.757765e-12
16457 2.757397e-12
16458 2.757029e-12
16459 2.756662e-12
16460 2.756294e-12
16461 2.755927e-12
16462 2.755559e-12
16463 2.755192e-12
16464 2.754824e-12
16465 2.754457e-12
16466 2.754089e-12
16467 2.753722e-12
16468 2.753355e-12
16469 2.752988e-12
16470 2.752621e-12
16471 2.752254e-12
16472 2.751887e-12
16473 2.751520e-12
16474 2.751153e-12
16475 2.750786e-12
16476 2.750419e-12
16477 2.750053e-12
16478 2.749686e-12
16479 2.749320e-12
16480 2.748953e-12
16481 2.748587e-12
16482 2.748221e-12
16483 2.747855e-12
16484 2.747488e-12
16485 2.747122e-12
16486 2.746756e-12
16487 2.746390e-12
16488 2.746025e-12
16489 2.745659e-12
16490 2.745293e-12
16491 2.744928e-12
16492 2.744562e-12
16493 2.744197e-12
16494 2.743831e-12
16495 2.743466e-12
16496 2.743100e-12
16497 2.742735e-12
16498 2.742370e-12
16499 2.742005e-12
16500 2.741640e-12
16501 2.741275e-12
16502 2.740910e-12
16503 2.740546e-12
16504 2.740181e-12
16505 2.739816e-12
16506 2.739452e-12
16507 2.739087e-12
16508 2.738723e-12
16509 2.738358e-12
16510 2.737994e-12
16511 2.737630e-12
16512 2.737266e-12
16513 2.736902e-12
16514 2.736538e-12
16515 2.736174e-12
16516 2.735810e-12
16517 2.735446e-12
16518 2.735082e-12
16519 2.734719e-12
16520 2.734355e-12
16521 2.733992e-12
16522 2.733628e-12
16523 2.733265e-12
16524 2.732902e-12
16525 2.732538e-12
16526 2.732175e-12
16527 2.731812e-12
16528 2.731449e-12
16529 2.731086e-12
16530 2.730723e-12
16531 2.730360e-12
16532 2.729998e-12
16533 2.729635e-12
16534 2.729272e-12
16535 2.728910e-12
16536 2.728547e-12
16537 2.728185e-12
16538 2.727823e-12
16539 2.727461e-12
16540 2.727098e-12
16541 2.726736e-12
16542 2.726374e-12
16543 2.726012e-12
16544 2.725650e-12
16545 2.725289e-12
16546 2.724927e-12
16547 2.724565e-12
16548 2.724203e-12
16549 2.723842e-12
16550 2.723480e-12
16551 2.723119e-12
16552 2.722758e-12
16553 2.722396e-12
16554 2.722035e-12
16555 2.721674e-12
16556 2.721313e-12
16557 2.720952e-12
16558 2.720591e-12
16559 2.720230e-12
16560 2.719870e-12
16561 2.719509e-12
16562 2.719148e-12
16563 2.718788e-12
16564 2.718427e-12
16565 2.718067e-12
16566 2.717706e-12
16567 2.717346e-12
16568 2.716986e-12
16569 2.716626e-12
16570 2.716266e-12
16571 2.715906e-12
16572 2.715546e-12
16573 2.715186e-12
16574 2.714826e-12
16575 2.714466e-12
16576 2.714107e-12
16577 2.713747e-12
16578 2.713387e-12
16579 2.713028e-12
16580 2.712669e-12
16581 2.712309e-12
16582 2.711950e-12
16583 2.711591e-12
16584 2.711232e-12
16585 2.710873e-12
16586 2.710514e-12
16587 2.710155e-12
16588 2.709796e-12
16589 2.709437e-12
16590 2.709078e-12
16591 2.708720e-12
16592 2.708361e-12
16593 2.708003e-12
16594 2.707644e-12
16595 2.707286e-12
16596 2.706928e-12
16597 2.706570e-12
16598 2.706211e-12
16599 2.705853e-12
16600 2.705495e-12
16601 2.705137e-12
16602 2.704780e-12
16603 2.704422e-12
16604 2.704064e-12
16605 2.703706e-12
16606 2.703349e-12
16607 2.702991e-12
16608 2.702634e-12
16609 2.702276e-12
16610 2.701919e-12
16611 2.701561e-12
16612 2.701204e-12
16613 2.700847e-12
16614 2.700489e-12
16615 2.700132e-12
16616 2.699775e-12
16617 2.699418e-12
16618 2.699061e-12
16619 2.698704e-12
16620 2.698347e-12
16621 2.697990e-12
16622 2.697634e-12
16623 2.697277e-12
16624 2.696920e-12
16625 2.696564e-12
16626 2.696207e-12
16627 2.695851e-12
16628 2.695495e-12
16629 2.695138e-12
16630 2.694782e-12
16631 2.694426e-12
16632 2.694070e-12
16633 2.693714e-12
16634 2.693358e-12
16635 2.693002e-12
16636 2.692646e-12
16637 2.692291e-12
16638 2.691935e-12
16639 2.691579e-12
16640 2.691224e-12
16641 2.690868e-12
16642 2.690513e-12
16643 2.690158e-12
16644 2.689803e-12
16645 2.689447e-12
16646 2.689092e-12
16647 2.688737e-12
16648 2.688382e-12
16649 2.688027e-12
16650 2.687673e-12
16651 2.687318e-12
16652 2.686963e-12
16653 2.686609e-12
16654 2.686254e-12
16655 2.685899e-12
16656 2.685545e-12
16657 2.685191e-12
16658 2.684836e-12
16659 2.684482e-12
16660 2.684128e-12
16661 2.683774e-12
16662 2.683420e-12
16663 2.683066e-12
16664 2.682712e-12
16665 2.682358e-12
16666 2.682005e-12
16667 2.681651e-12
16668 2.681297e-12
16669 2.680944e-12
16670 2.680590e-12
16671 2.680237e-12
16672 2.679884e-12
16673 2.679530e-12
16674 2.679177e-12
16675 2.678824e-12
16676 2.678471e-12
16677 2.678118e-12
16678 2.677765e-12
16679 2.677412e-12
16680 2.677059e-12
16681 2.676707e-12
16682 2.676354e-12
16683 2.676001e-12
16684 2.675649e-12
16685 2.675297e-12
16686 2.674944e-12
16687 2.674592e-12
16688 2.674240e-12
16689 2.673887e-12
16690 2.673535e-12
16691 2.673183e-12
16692 2.672831e-12
16693 2.672479e-12
16694 2.672127e-12
16695 2.671776e-12
16696 2.671424e-12
16697 2.671072e-12
16698 2.670721e-12
16699 2.670369e-12
16700 2.670018e-12
16701 2.669666e-12
16702 2.669315e-12
16703 2.668964e-12
16704 2.668613e-12
16705 2.668262e-12
16706 2.667911e-12
16707 2.667560e-12
16708 2.667209e-12
16709 2.666858e-12
16710 2.666507e-12
16711 2.666156e-12
16712 2.665806e-12
16713 2.665455e-12
16714 2.665105e-12
16715 2.664754e-12
16716 2.664404e-12
16717 2.664054e-12
16718 2.663703e-12
16719 2.663353e-12
16720 2.663003e-12
16721 2.662653e-12
16722 2.662303e-12
16723 2.661953e-12
16724 2.661603e-12
16725 2.661254e-12
16726 2.660904e-12
16727 2.660554e-12
16728 2.660205e-12
16729 2.659855e-12
16730 2.659506e-12
16731 2.659157e-12
16732 2.658807e-12
16733 2.658458e-12
16734 2.658109e-12
16735 2.657760e-12
16736 2.657411e-12
16737 2.657062e-12
16738 2.656713e-12
16739 2.656364e-12
16740 2.656015e-12
16741 2.655667e-12
16742 2.655318e-12
16743 2.654969e-12
16744 2.654621e-12
16745 2.654272e-12
16746 2.653924e-12
16747 2.653576e-12
16748 2.653228e-12
16749 2.652879e-12
16750 2.652531e-12
16751 2.652183e-12
16752 2.651835e-12
16753 2.651487e-12
16754 2.651140e-12
16755 2.650792e-12
16756 2.650444e-12
16757 2.650097e-12
16758 2.649749e-12
16759 2.649401e-12
16760 2.649053e-12
16761 2.648706e-12
16762 2.648358e-12
16763 2.648011e-12
16764 2.647663e-12
16765 2.647316e-12
16766 2.646969e-12
16767 2.646622e-12
16768 2.646274e-12
16769 2.645927e-12
16770 2.645580e-12
16771 2.645233e-12
16772 2.644886e-12
16773 2.644540e-12
16774 2.644193e-12
16775 2.643846e-12
16776 2.643500e-12
16777 2.643153e-12
16778 2.642807e-12
16779 2.642460e-12
16780 2.642114e-12
16781 2.641768e-12
16782 2.641421e-12
16783 2.641075e-12
16784 2.640729e-12
16785 2.640383e-12
16786 2.640037e-12
16787 2.639691e-12
16788 2.639345e-12
16789 2.639000e-12
16790 2.638654e-12
16791 2.638308e-12
16792 2.637963e-12
16793 2.637617e-12
16794 2.637272e-12
16795 2.636927e-12
16796 2.636581e-12
16797 2.636236e-12
16798 2.635891e-12
16799 2.635546e-12
16800 2.635201e-12
16801 2.634856e-12
16802 2.634511e-12
16803 2.634166e-12
16804 2.633821e-12
16805 2.633477e-12
16806 2.633132e-12
16807 2.632787e-12
16808 2.632443e-12
16809 2.632099e-12
16810 2.631754e-12
16811 2.631410e-12
16812 2.631066e-12
16813 2.630721e-12
16814 2.630377e-12
16815 2.630033e-12
16816 2.629689e-12
16817 2.629345e-12
16818 2.629002e-12
16819 2.628658e-12
16820 2.628314e-12
16821 2.627970e-12
16822 2.627627e-12
16823 2.627283e-12
16824 2.626940e-12
16825 2.626596e-12
16826 2.626253e-12
16827 2.625910e-12
16828 2.625567e-12
16829 2.625224e-12
16830 2.624880e-12
16831 2.624537e-12
16832 2.624195e-12
16833 2.623852e-12
16834 2.623509e-12
16835 2.623166e-12
16836 2.622823e-12
16837 2.622481e-12
16838 2.622138e-12
16839 2.621796e-12
16840 2.621453e-12
16841 2.621111e-12
16842 2.620769e-12
16843 2.620427e-12
16844 2.620084e-12
16845 2.619742e-12
16846 2.619400e-12
16847 2.619058e-12
16848 2.618716e-12
16849 2.618375e-12
16850 2.618033e-12
16851 2.617691e-12
16852 2.617350e-12
16853 2.617008e-12
16854 2.616666e-12
16855 2.616325e-12
16856 2.615984e-12
16857 2.615642e-12
16858 2.615301e-12
16859 2.614960e-12
16860 2.614619e-12
16861 2.614278e-12
16862 2.613937e-12
16863 2.613596e-12
16864 2.613255e-12
16865 2.612914e-12
16866 2.612573e-12
16867 2.612233e-12
16868 2.611892e-12
16869 2.611552e-12
16870 2.611211e-12
16871 2.610871e-12
16872 2.610530e-12
16873 2.610190e-12
16874 2.609850e-12
16875 2.609510e-12
16876 2.609170e-12
16877 2.608830e-12
16878 2.608490e-12
16879 2.608150e-12
16880 2.607810e-12
16881 2.607470e-12
16882 2.607131e-12
16883 2.606791e-12
16884 2.606451e-12
16885 2.606112e-12
16886 2.605772e-12
16887 2.605433e-12
16888 2.605094e-12
16889 2.604755e-12
16890 2.604415e-12
16891 2.604076e-12
16892 2.603737e-12
16893 2.603398e-12
16894 2.603059e-12
16895 2.602720e-12
16896 2.602382e-12
16897 2.602043e-12
16898 2.601704e-12
16899 2.601366e-12
16900 2.601027e-12
16901 2.600689e-12
16902 2.600350e-12
16903 2.600012e-12
16904 2.599674e-12
16905 2.599335e-12
16906 2.598997e-12
16907 2.598659e-12
16908 2.598321e-12
16909 2.597982e-12
16910 2.597644e-12
16911 2.597306e-12
16912 2.596968e-12
16913 2.596630e-12
16914 2.596292e-12
16915 2.595955e-12
16916 2.595617e-12
16917 2.595279e-12
16918 2.594942e-12
16919 2.594604e-12
16920 2.594267e-12
16921 2.593929e-12
16922 2.593592e-12
16923 2.593254e-12
16924 2.592917e-12
16925 2.592580e-12
16926 2.592243e-12
16927 2.591906e-12
16928 2.591569e-12
16929 2.591232e-12
16930 2.590895e-12
16931 2.590558e-12
16932 2.590222e-12
16933 2.589885e-12
16934 2.589548e-12
16935 2.589212e-12
16936 2.588875e-12
16937 2.588539e-12
16938 2.588203e-12
16939 2.587866e-12
16940 2.587530e-12
16941 2.587194e-12
16942 2.586858e-12
16943 2.586522e-12
16944 2.586186e-12
16945 2.585850e-12
16946 2.585514e-12
16947 2.585178e-12
16948 2.584843e-12
16949 2.584507e-12
16950 2.584172e-12
16951 2.583836e-12
16952 2.583501e-12
16953 2.583165e-12
16954 2.582830e-12
16955 2.582495e-12
16956 2.582159e-12
16957 2.581824e-12
16958 2.581489e-12
16959 2.581154e-12
16960 2.580819e-12
16961 2.580484e-12
16962 2.580150e-12
16963 2.579815e-12
16964 2.579480e-12
16965 2.579145e-12
16966 2.578811e-12
16967 2.578476e-12
16968 2.578142e-12
16969 2.577808e-12
16970 2.577473e-12
16971 2.577139e-12
16972 2.576805e-12
16973 2.576471e-12
16974 2.576137e-12
16975 2.575803e-12
16976 2.575469e-12
16977 2.575135e-12
16978 2.574801e-12
16979 2.574467e-12
16980 2.574134e-12
16981 2.573800e-12
16982 2.573466e-12
16983 2.573133e-12
16984 2.572799e-12
16985 2.572466e-12
16986 2.572133e-12
16987 2.571800e-12
16988 2.571466e-12
16989 2.571133e-12
16990 2.570800e-12
16991 2.570467e-12
16992 2.570134e-12
16993 2.569801e-12
16994 2.569469e-12
16995 2.569136e-12
16996 2.568803e-12
16997 2.568471e-12
16998 2.568138e-12
16999 2.567805e-12
17000 2.567473e-12
17001 2.567141e-12
17002 2.566808e-12
17003 2.566476e-12
17004 2.566144e-12
17005 2.565812e-12
17006 2.565480e-12
17007 2.565148e-12
17008 2.564816e-12
17009 2.564484e-12
17010 2.564152e-12
17011 2.563820e-12
17012 2.563489e-12
17013 2.563157e-12
17014 2.562826e-12
17015 2.562494e-12
17016 2.562163e-12
17017 2.561831e-12
17018 2.561500e-12
17019 2.561169e-12
17020 2.560838e-12
17021 2.560506e-12
17022 2.560175e-12
17023 2.559844e-12
17024 2.559513e-12
17025 2.559183e-12
17026 2.558852e-12
17027 2.558521e-12
17028 2.558190e-12
17029 2.557860e-12
17030 2.557529e-12
17031 2.557199e-12
17032 2.556868e-12
17033 2.556538e-12
17034 2.556208e-12
17035 2.555877e-12
17036 2.555547e-12
17037 2.555217e-12
17038 2.554887e-12
17039 2.554557e-12
17040 2.554227e-12
17041 2.553897e-12
17042 2.553567e-12
17043 2.553238e-12
17044 2.552908e-12
17045 2.552578e-12
17046 2.552249e-12
17047 2.551919e-12
17048 2.551590e-12
17049 2.551260e-12
17050 2.550931e-12
17051 2.550602e-12
17052 2.550273e-12
17053 2.549943e-12
17054 2.549614e-12
17055 2.549285e-12
17056 2.548956e-12
17057 2.548627e-12
17058 2.548298e-12
17059 2.547969e-12
17060 2.547640e-12
17061 2.547311e-12
17062 2.546983e-12
17063 2.546654e-12
17064 2.546325e-12
17065 2.545997e-12
17066 2.545668e-12
17067 2.545340e-12
17068 2.545011e-12
17069 2.544683e-12
17070 2.544355e-12
17071 2.544026e-12
17072 2.543698e-12
17073 2.543370e-12
17074 2.543042e-12
17075 2.542714e-12
17076 2.542386e-12
17077 2.542058e-12
17078 2.541730e-12
17079 2.541403e-12
17080 2.541075e-12
17081 2.540747e-12
17082 2.540420e-12
17083 2.540092e-12
17084 2.539765e-12
17085 2.539437e-12
17086 2.539110e-12
17087 2.538783e-12
17088 2.538456e-12
17089 2.538128e-12
17090 2.537801e-12
17091 2.537474e-12
17092 2.537147e-12
17093 2.536820e-12
17094 2.536494e-12
17095 2.536167e-12
17096 2.535840e-12
17097 2.535513e-12
17098 2.535187e-12
17099 2.534860e-12
17100 2.534534e-12
17101 2.534207e-12
17102 2.533881e-12
17103 2.533555e-12
17104 2.533229e-12
17105 2.532902e-12
17106 2.532576e-12
17107 2.532250e-12
17108 2.531924e-12
17109 2.531598e-12
17110 2.531273e-12
17111 2.530947e-12
17112 2.530621e-12
17113 2.530295e-12
17114 2.529970e-12
17115 2.529644e-12
17116 2.529319e-12
17117 2.528993e-12
17118 2.528668e-12
17119 2.528343e-12
17120 2.528017e-12
17121 2.527692e-12
17122 2.527367e-12
17123 2.527042e-12
17124 2.526717e-12
17125 2.526392e-12
17126 2.526067e-12
17127 2.525742e-12
17128 2.525418e-12
17129 2.525093e-12
17130 2.524768e-12
17131 2.524444e-12
17132 2.524119e-12
17133 2.523795e-12
17134 2.523470e-12
17135 2.523146e-12
17136 2.522822e-12
17137 2.522498e-12
17138 2.522173e-12
17139 2.521849e-12
17140 2.521525e-12
17141 2.521201e-12
17142 2.520877e-12
17143 2.520554e-12
17144 2.520230e-12
17145 2.519906e-12
17146 2.519582e-12
17147 2.519259e-12
17148 2.518935e-12
17149 2.518612e-12
17150 2.518288e-12
17151 2.517965e-12
17152 2.517642e-12
17153 2.517318e-12
17154 2.516995e-12
17155 2.516672e-12
17156 2.516349e-12
17157 2.516026e-12
17158 2.515703e-12
17159 2.515380e-12
17160 2.515057e-12
17161 2.514735e-12
17162 2.514412e-12
17163 2.514089e-12
17164 2.513767e-12
17165 2.513444e-12
17166 2.513122e-12
17167 2.512799e-12
17168 2.512477e-12
17169 2.512155e-12
17170 2.511832e-12
17171 2.511510e-12
17172 2.511188e-12
17173 2.510866e-12
17174 2.510544e-12
17175 2.510222e-12
17176 2.509900e-12
17177 2.509579e-12
17178 2.509257e-12
17179 2.508935e-12
17180 2.508613e-12
17181 2.508292e-12
17182 2.507970e-12
17183 2.507649e-12
17184 2.507328e-12
17185 2.507006e-12
17186 2.506685e-12
17187 2.506364e-12
17188 2.506043e-12
17189 2.505722e-12
17190 2.505401e-12
17191 2.505080e-12
17192 2.504759e-12
17193 2.504438e-12
17194 2.504117e-12
17195 2.503796e-12
17196 2.503476e-12
17197 2.503155e-12
17198 2.502835e-12
17199 2.502514e-12
17200 2.502194e-12
17201 2.501873e-12
17202 2.501553e-12
17203 2.501233e-12
17204 2.500912e-12
17205 2.500592e-12
17206 2.500272e-12
17207 2.499952e-12
17208 2.499632e-12
17209 2.499312e-12
17210 2.498992e-12
17211 2.498672e-12
17212 2.498352e-12
17213 2.498032e-12
17214 2.497713e-12
17215 2.497393e-12
17216 2.497073e-12
17217 2.496754e-12
17218 2.496434e-12
17219 2.496114e-12
17220 2.495795e-12
17221 2.495476e-12
17222 2.495156e-12
17223 2.494837e-12
17224 2.494518e-12
17225 2.494199e-12
17226 2.493880e-12
17227 2.493561e-12
17228 2.493242e-12
17229 2.492923e-12
17230 2.492604e-12
17231 2.492285e-12
17232 2.491966e-12
17233 2.491648e-12
17234 2.491329e-12
17235 2.491010e-12
17236 2.490692e-12
17237 2.490373e-12
17238 2.490055e-12
17239 2.489737e-12
17240 2.489419e-12
17241 2.489100e-12
17242 2.488782e-12
17243 2.488464e-12
17244 2.488146e-12
17245 2.487828e-12
17246 2.487510e-12
17247 2.487192e-12
17248 2.486875e-12
17249 2.486557e-12
17250 2.486239e-12
17251 2.485922e-12
17252 2.485604e-12
17253 2.485286e-12
17254 2.484969e-12
17255 2.484652e-12
17256 2.484334e-12
17257 2.484017e-12
17258 2.483700e-12
17259 2.483383e-12
17260 2.483066e-12
17261 2.482749e-12
17262 2.482432e-12
17263 2.482115e-12
17264 2.481798e-12
17265 2.481481e-12
17266 2.481164e-12
17267 2.480848e-12
17268 2.480531e-12
17269 2.480215e-12
17270 2.479898e-12
17271 2.479582e-12
17272 2.479265e-12
17273 2.478949e-12
17274 2.478633e-12
17275 2.478317e-12
17276 2.478000e-12
17277 2.477684e-12
17278 2.477368e-12
17279 2.477052e-12
17280 2.476736e-12
17281 2.476421e-12
17282 2.476105e-12
17283 2.475789e-12
17284 2.475473e-12
17285 2.475158e-12
17286 2.474842e-12
17287 2.474527e-12
17288 2.474211e-12
17289 2.473896e-12
17290 2.473581e-12
17291 2.473265e-12
17292 2.472950e-12
17293 2.472635e-12
17294 2.472320e-12
17295 2.472005e-12
17296 2.471690e-12
17297 2.471375e-12
17298 2.471060e-12
17299 2.470745e-12
17300 2.470431e-12
17301 2.470116e-12
17302 2.469801e-12
17303 2.469487e-12
17304 2.469172e-12
17305 2.468858e-12
17306 2.468543e-12
17307 2.468229e-12
17308 2.467915e-12
17309 2.467600e-12
17310 2.467286e-12
17311 2.466972e-12
17312 2.466658e-12
17313 2.466344e-12
17314 2.466030e-12
17315 2.465716e-12
17316 2.465403e-12
17317 2.465089e-12
17318 2.464775e-12
17319 2.464462e-12
17320 2.464148e-12
17321 2.463834e-12
17322 2.463521e-12
17323 2.463208e-12
17324 2.462894e-12
17325 2.462581e-12
17326 2.462268e-12
17327 2.461955e-12
17328 2.461641e-12
17329 2.461328e-12
17330 2.461015e-12
17331 2.460702e-12
17332 2.460390e-12
17333 2.460077e-12
17334 2.459764e-12
17335 2.459451e-12
17336 2.459139e-12
17337 2.458826e-12
17338 2.458514e-12
17339 2.458201e-12
17340 2.457889e-12
17341 2.457576e-12
17342 2.457264e-12
17343 2.456952e-12
17344 2.456640e-12
17345 2.456327e-12
17346 2.456015e-12
17347 2.455703e-12
17348 2.455391e-12
17349 2.455079e-12
17350 2.454768e-12
17351 2.454456e-12
17352 2.454144e-12
17353 2.453832e-12
17354 2.453521e-12
17355 2.453209e-12
17356 2.452898e-12
17357 2.452586e-12
17358 2.452275e-12
17359 2.451964e-12
17360 2.451652e-12
17361 2.451341e-12
17362 2.451030e-12
17363 2.450718e-12
17364 2.450407e-12
17365 2.450096e-12
17366 2.449785e-12
17367 2.449474e-12
17368 2.449163e-12
17369 2.448852e-12
17370 2.448541e-12
17371 2.448230e-12
17372 2.447919e-12
17373 2.447609e-12
17374 2.447298e-12
17375 2.446987e-12
17376 2.446677e-12
17377 2.446366e-12
17378 2.446056e-12
17379 2.445745e-12
17380 2.445435e-12
17381 2.445125e-12
17382 2.444815e-12
17383 2.444504e-12
17384 2.444194e-12
17385 2.443884e-12
17386 2.443574e-12
17387 2.443264e-12
17388 2.442955e-12
17389 2.442645e-12
17390 2.442335e-12
17391 2.442025e-12
17392 2.441716e-12
17393 2.441406e-12
17394 2.441097e-12
17395 2.440787e-12
17396 2.440478e-12
17397 2.440168e-12
17398 2.439859e-12
17399 2.439550e-12
17400 2.439241e-12
17401 2.438932e-12
17402 2.438622e-12
17403 2.438313e-12
17404 2.438004e-12
17405 2.437696e-12
17406 2.437387e-12
17407 2.437078e-12
17408 2.436769e-12
17409 2.436461e-12
17410 2.436152e-12
17411 2.435843e-12
17412 2.435535e-12
17413 2.435226e-12
17414 2.434918e-12
17415 2.434610e-12
17416 2.434301e-12
17417 2.433993e-12
17418 2.433685e-12
17419 2.433377e-12
17420 2.433069e-12
17421 2.432761e-12
17422 2.432453e-12
17423 2.432145e-12
17424 2.431837e-12
17425 2.431530e-12
17426 2.431222e-12
17427 2.430914e-12
17428 2.430607e-12
17429 2.430299e-12
17430 2.429992e-12
17431 2.429684e-12
17432 2.429377e-12
17433 2.429070e-12
17434 2.428762e-12
17435 2.428455e-12
17436 2.428148e-12
17437 2.427841e-12
17438 2.427534e-12
17439 2.427227e-12
17440 2.426920e-12
17441 2.426613e-12
17442 2.426306e-12
17443 2.426000e-12
17444 2.425693e-12
17445 2.425386e-12
17446 2.425080e-12
17447 2.424773e-12
17448 2.424467e-12
17449 2.424160e-12
17450 2.423854e-12
17451 2.423548e-12
17452 2.423241e-12
17453 2.422935e-12
17454 2.422629e-12
17455 2.422323e-12
17456 2.422017e-12
17457 2.421711e-12
17458 2.421405e-12
17459 2.421099e-12
17460 2.420793e-12
17461 2.420488e-12
17462 2.420182e-12
17463 2.419876e-12
17464 2.419571e-12
17465 2.419265e-12
17466 2.418960e-12
17467 2.418654e-12
17468 2.418349e-12
17469 2.418044e-12
17470 2.417739e-12
17471 2.417433e-12
17472 2.417128e-12
17473 2.416823e-12
17474 2.416518e-12
17475 2.416213e-12
17476 2.415908e-12
17477 2.415604e-12
17478 2.415299e-12
17479 2.414994e-12
17480 2.414689e-12
17481 2.414385e-12
17482 2.414080e-12
17483 2.413776e-12
17484 2.413471e-12
17485 2.413167e-12
17486 2.412863e-12
17487 2.412558e-12
17488 2.412254e-12
17489 2.411950e-12
17490 2.411646e-12
17491 2.411342e-12
17492 2.411038e-12
17493 2.410734e-12
17494 2.410430e-12
17495 2.410126e-12
17496 2.409822e-12
17497 2.409519e-12
17498 2.409215e-12
17499 2.408911e-12
17500 2.408608e-12
17501 2.408304e-12
17502 2.408001e-12
17503 2.407697e-12
17504 2.407394e-12
17505 2.407091e-12
17506 2.406788e-12
17507 2.406484e-12
17508 2.406181e-12
17509 2.405878e-12
17510 2.405575e-12
17511 2.405272e-12
17512 2.404969e-12
17513 2.404667e-12
17514 2.404364e-12
17515 2.404061e-12
17516 2.403758e-12
17517 2.403455e-12
17518 2.403153e-12
17519 2.402850e-12
17520 2.402547e-12
17521 2.402245e-12
17522 2.401942e-12
17523 2.401640e-12
17524 2.401337e-12
17525 2.401035e-12
17526 2.400733e-12
17527 2.400430e-12
17528 2.400128e-12
17529 2.399826e-12
17530 2.399524e-12
17531 2.399222e-12
17532 2.398920e-12
17533 2.398618e-12
17534 2.398316e-12
17535 2.398014e-12
17536 2.397713e-12
17537 2.397411e-12
17538 2.397109e-12
17539 2.396808e-12
17540 2.396506e-12
17541 2.396205e-12
17542 2.395903e-12
17543 2.395602e-12
17544 2.395301e-12
17545 2.394999e-12
17546 2.394698e-12
17547 2.394397e-12
17548 2.394096e-12
17549 2.393795e-12
17550 2.393494e-12
17551 2.393193e-12
17552 2.392892e-12
17553 2.392591e-12
17554 2.392290e-12
17555 2.391990e-12
17556 2.391689e-12
17557 2.391388e-12
17558 2.391088e-12
17559 2.390787e-12
17560 2.390487e-12
17561 2.390187e-12
17562 2.389886e-12
17563 2.389586e-12
17564 2.389286e-12
17565 2.388986e-12
17566 2.388685e-12
17567 2.388385e-12
17568 2.388085e-12
17569 2.387785e-12
17570 2.387486e-12
17571 2.387186e-12
17572 2.386886e-12
17573 2.386586e-12
17574 2.386287e-12
17575 2.385987e-12
17576 2.385687e-12
17577 2.385388e-12
17578 2.385088e-12
17579 2.384789e-12
17580 2.384490e-12
17581 2.384190e-12
17582 2.383891e-12
17583 2.383592e-12
17584 2.383293e-12
17585 2.382994e-12
17586 2.382695e-12
17587 2.382396e-12
17588 2.382097e-12
17589 2.381798e-12
17590 2.381499e-12
17591 2.381201e-12
17592 2.380902e-12
17593 2.380603e-12
17594 2.380305e-12
17595 2.380006e-12
17596 2.379708e-12
17597 2.379409e-12
17598 2.379111e-12
17599 2.378813e-12
17600 2.378514e-12
17601 2.378216e-12
17602 2.377918e-12
17603 2.377620e-12
17604 2.377322e-12
17605 2.377024e-12
17606 2.376726e-12
17607 2.376428e-12
17608 2.376130e-12
17609 2.375832e-12
17610 2.375535e-12
17611 2.375237e-12
17612 2.374939e-12
17613 2.374642e-12
17614 2.374344e-12
17615 2.374047e-12
17616 2.373750e-12
17617 2.373452e-12
17618 2.373155e-12
17619 2.372858e-12
17620 2.372561e-12
17621 2.372264e-12
17622 2.371966e-12
17623 2.371669e-12
17624 2.371372e-12
17625 2.371076e-12
17626 2.370779e-12
17627 2.370482e-12
17628 2.370185e-12
17629 2.369889e-12
17630 2.369592e-12
17631 2.369295e-12
17632 2.368999e-12
17633 2.368702e-12
17634 2.368406e-12
17635 2.368110e-12
17636 2.367813e-12
17637 2.367517e-12
17638 2.367221e-12
17639 2.366925e-12
17640 2.366629e-12
17641 2.366333e-12
17642 2.366037e-12
17643 2.365741e-12
17644 2.365445e-12
17645 2.365149e-12
17646 2.364853e-12
17647 2.364557e-12
17648 2.364262e-12
17649 2.363966e-12
17650 2.363671e-12
17651 2.363375e-12
17652 2.363080e-12
17653 2.362784e-12
17654 2.362489e-12
17655 2.362194e-12
17656 2.361898e-12
17657 2.361603e-12
17658 2.361308e-12
17659 2.361013e-12
17660 2.360718e-12
17661 2.360423e-12
17662 2.360128e-12
17663 2.359833e-12
17664 2.359539e-12
17665 2.359244e-12
17666 2.358949e-12
17667 2.358654e-12
17668 2.358360e-12
17669 2.358065e-12
17670 2.357771e-12
17671 2.357476e-12
17672 2.357182e-12
17673 2.356887e-12
17674 2.356593e-12
17675 2.356298e-12
17676 2.356004e-12
17677 2.355710e-12
17678 2.355416e-12
17679 2.355121e-12
17680 2.354827e-12
17681 2.354533e-12
17682 2.354239e-12
17683 2.353945e-12
17684 2.353651e-12
17685 2.353357e-12
17686 2.353064e-12
17687 2.352770e-12
17688 2.352476e-12
17689 2.352182e-12
17690 2.351889e-12
17691 2.351595e-12
17692 2.351302e-12
17693 2.351008e-12
17694 2.350715e-12
17695 2.350422e-12
17696 2.350128e-12
17697 2.349835e-12
17698 2.349542e-12
17699 2.349249e-12
17700 2.348956e-12
17701 2.348663e-12
17702 2.348370e-12
17703 2.348077e-12
17704 2.347784e-12
17705 2.347491e-12
17706 2.347198e-12
17707 2.346906e-12
17708 2.346613e-12
17709 2.346320e-12
17710 2.346028e-12
17711 2.345735e-12
17712 2.345443e-12
17713 2.345151e-12
17714 2.344858e-12
17715 2.344566e-12
17716 2.344274e-12
17717 2.343982e-12
17718 2.343690e-12
17719 2.343397e-12
17720 2.343105e-12
17721 2.342813e-12
17722 2.342522e-12
17723 2.342230e-12
17724 2.341938e-12
17725 2.341646e-12
17726 2.341354e-12
17727 2.341063e-12
17728 2.340771e-12
17729 2.340480e-12
17730 2.340188e-12
17731 2.339897e-12
17732 2.339605e-12
17733 2.339314e-12
17734 2.339023e-12
17735 2.338732e-12
17736 2.338440e-12
17737 2.338149e-12
17738 2.337858e-12
17739 2.337567e-12
17740 2.337276e-12
17741 2.336985e-12
17742 2.336695e-12
17743 2.336404e-12
17744 2.336113e-12
17745 2.335822e-12
17746 2.335532e-12
17747 2.335241e-12
17748 2.334951e-12
17749 2.334660e-12
17750 2.334370e-12
17751 2.334079e-12
17752 2.333789e-12
17753 2.333499e-12
17754 2.333208e-12
17755 2.332918e-12
17756 2.332628e-12
17757 2.332338e-12
17758 2.332048e-12
17759 2.331758e-12
17760 2.331468e-12
17761 2.331178e-12
17762 2.330889e-12
17763 2.330599e-12
17764 2.330309e-12
17765 2.330019e-12
17766 2.329730e-12
17767 2.329440e-12
17768 2.329151e-12
17769 2.328861e-12
17770 2.328572e-12
17771 2.328283e-12
17772 2.327993e-12
17773 2.327704e-12
17774 2.327415e-12
17775 2.327126e-12
17776 2.326837e-12
17777 2.326548e-12
17778 2.326259e-12
17779 2.325970e-12
17780 2.325681e-12
17781 2.325392e-12
17782 2.325103e-12
17783 2.324815e-12
17784 2.324526e-12
17785 2.324238e-12
17786 2.323949e-12
17787 2.323660e-12
17788 2.323372e-12
17789 2.323084e-12
17790 2.322795e-12
17791 2.322507e-12
17792 2.322219e-12
17793 2.321931e-12
17794 2.321642e-12
17795 2.321354e-12
17796 2.321066e-12
17797 2.320778e-12
17798 2.320490e-12
17799 2.320203e-12
17800 2.319915e-12
17801 2.319627e-12
17802 2.319339e-12
17803 2.319052e-12
17804 2.318764e-12
17805 2.318476e-12
17806 2.318189e-12
17807 2.317901e-12
17808 2.317614e-12
17809 2.317327e-12
17810 2.317039e-12
17811 2.316752e-12
17812 2.316465e-12
17813 2.316178e-12
17814 2.315891e-12
17815 2.315604e-12
17816 2.315317e-12
17817 2.315030e-12
17818 2.314743e-12
17819 2.314456e-12
17820 2.314169e-12
17821 2.313882e-12
17822 2.313596e-12
17823 2.313309e-12
17824 2.313023e-12
17825 2.312736e-12
17826 2.312450e-12
17827 2.312163e-12
17828 2.311877e-12
17829 2.311590e-12
17830 2.311304e-12
17831 2.311017e-12
17832 2.310731e-12
17833 2.310445e-12
17834 2.310158e-12
17835 2.309872e-12
17836 2.309586e-12
17837 2.309300e-12
17838 2.309014e-12
17839 2.308728e-12
17840 2.308442e-12
17841 2.308156e-12
17842 2.307870e-12
17843 2.307585e-12
17844 2.307299e-12
17845 2.307013e-12
17846 2.306727e-12
17847 2.306442e-12
17848 2.306156e-12
17849 2.305871e-12
17850 2.305585e-12
17851 2.305300e-12
17852 2.305015e-12
17853 2.304730e-12
17854 2.304444e-12
17855 2.304159e-12
17856 2.303874e-12
17857 2.303589e-12
17858 2.303304e-12
17859 2.303019e-12
17860 2.302734e-12
17861 2.302449e-12
17862 2.302164e-12
17863 2.301880e-12
17864 2.301595e-12
17865 2.301310e-12
17866 2.301026e-12
17867 2.300741e-12
17868 2.300457e-12
17869 2.300172e-12
17870 2.299888e-12
17871 2.299603e-12
17872 2.299319e-12
17873 2.299035e-12
17874 2.298751e-12
17875 2.298467e-12
17876 2.298182e-12
17877 2.297898e-12
17878 2.297614e-12
17879 2.297330e-12
17880 2.297047e-12
17881 2.296763e-12
17882 2.296479e-12
17883 2.296195e-12
17884 2.295912e-12
17885 2.295628e-12
17886 2.295344e-12
17887 2.295061e-12
17888 2.294777e-12
17889 2.294494e-12
17890 2.294210e-12
17891 2.293927e-12
17892 2.293644e-12
17893 2.293361e-12
17894 2.293077e-12
17895 2.292794e-12
17896 2.292511e-12
17897 2.292228e-12
17898 2.291945e-12
17899 2.291662e-12
17900 2.291379e-12
17901 2.291097e-12
17902 2.290814e-12
17903 2.290531e-12
17904 2.290248e-12
17905 2.289966e-12
17906 2.289683e-12
17907 2.289401e-12
17908 2.289118e-12
17909 2.288836e-12
17910 2.288554e-12
17911 2.288271e-12
17912 2.287989e-12
17913 2.287707e-12
17914 2.287425e-12
17915 2.287142e-12
17916 2.286860e-12
17917 2.286578e-12
17918 2.286296e-12
17919 2.286014e-12
17920 2.285733e-12
17921 2.285451e-12
17922 2.285169e-12
17923 2.284887e-12
17924 2.284606e-12
17925 2.284324e-12
17926 2.284043e-12
17927 2.283761e-12
17928 2.283480e-12
17929 2.283198e-12
17930 2.282917e-12
17931 2.282635e-12
17932 2.282354e-12
17933 2.282073e-12
17934 2.281792e-12
17935 2.281511e-12
17936 2.281230e-12
17937 2.280949e-12
17938 2.280668e-12
17939 2.280387e-12
17940 2.280106e-12
17941 2.279825e-12
17942 2.279544e-12
17943 2.279264e-12
17944 2.278983e-12
17945 2.278702e-12
17946 2.278422e-12
17947 2.278141e-12
17948 2.277861e-12
17949 2.277581e-12
17950 2.277300e-12
17951 2.277020e-12
17952 2.276740e-12
17953 2.276459e-12
17954 2.276179e-12
17955 2.275899e-12
17956 2.275619e-12
17957 2.275339e-12
17958 2.275059e-12
17959 2.274779e-12
17960 2.274499e-12
17961 2.274220e-12
17962 2.273940e-12
17963 2.273660e-12
17964 2.273381e-12
17965 2.273101e-12
17966 2.272821e-12
17967 2.272542e-12
17968 2.272262e-12
17969 2.271983e-12
17970 2.271704e-12
17971 2.271424e-12
17972 2.271145e-12
17973 2.270866e-12
17974 2.270587e-12
17975 2.270308e-12
17976 2.270029e-12
17977 2.269750e-12
17978 2.269471e-12
17979 2.269192e-12
17980 2.268913e-12
17981 2.268634e-12
17982 2.268355e-12
17983 2.268077e-12
17984 2.267798e-12
17985 2.267519e-12
17986 2.267241e-12
17987 2.266962e-12
17988 2.266684e-12
17989 2.266405e-12
17990 2.266126e-12
17991 2.265848e-12
17992 2.265570e-12
17993 2.265291e-12
17994 2.265013e-12
17995 2.264735e-12
17996 2.264456e-12
17997 2.264178e-12
17998 2.263900e-12
17999 2.263622e-12
18000 2.263344e-12
18001 2.263066e-12
18002 2.262788e-12
18003 2.262510e-12
18004 2.262232e-12
18005 2.261955e-12
18006 2.261677e-12
18007 2.261399e-12
18008 2.261122e-12
18009 2.260844e-12
18010 2.260567e-12
18011 2.260289e-12
18012 2.260012e-12
18013 2.259734e-12
18014 2.259457e-12
18015 2.259180e-12
18016 2.258902e-12
18017 2.258625e-12
18018 2.258348e-12
18019 2.258071e-12
18020 2.257794e-12
18021 2.257517e-12
18022 2.257240e-12
18023 2.256963e-12
18024 2.256686e-12
18025 2.256410e-12
18026 2.256133e-12
18027 2.255856e-12
18028 2.255579e-12
18029 2.255303e-12
18030 2.255026e-12
18031 2.254750e-12
18032 2.254473e-12
18033 2.254197e-12
18034 2.253921e-12
18035 2.253644e-12
18036 2.253368e-12
18037 2.253092e-12
18038 2.252816e-12
18039 2.252540e-12
18040 2.252264e-12
18041 2.251988e-12
18042 2.251712e-12
18043 2.251436e-12
18044 2.251160e-12
18045 2.250884e-12
18046 2.250608e-12
18047 2.250333e-12
18048 2.250057e-12
18049 2.249781e-12
18050 2.249506e-12
18051 2.249230e-12
18052 2.248955e-12
18053 2.248680e-12
18054 2.248404e-12
18055 2.248129e-12
18056 2.247854e-12
18057 2.247578e-12
18058 2.247303e-12
18059 2.247028e-12
18060 2.246753e-12
18061 2.246478e-12
18062 2.246203e-12
18063 2.245928e-12
18064 2.245653e-12
18065 2.245378e-12
18066 2.245104e-12
18067 2.244829e-12
18068 2.244554e-12
18069 2.244280e-12
18070 2.244005e-12
18071 2.243731e-12
18072 2.243456e-12
18073 2.243182e-12
18074 2.242907e-12
18075 2.242633e-12
18076 2.242359e-12
18077 2.242084e-12
18078 2.241810e-12
18079 2.241536e-12
18080 2.241262e-12
18081 2.240988e-12
18082 2.240714e-12
18083 2.240440e-12
18084 2.240166e-12
18085 2.239892e-12
18086 2.239618e-12
18087 2.239345e-12
18088 2.239071e-12
18089 2.238797e-12
18090 2.238524e-12
18091 2.238250e-12
18092 2.237977e-12
18093 2.237703e-12
18094 2.237430e-12
18095 2.237156e-12
18096 2.236883e-12
18097 2.236610e-12
18098 2.236337e-12
18099 2.236063e-12
18100 2.235790e-12
18101 2.235517e-12
18102 2.235244e-12
18103 2.234971e-12
18104 2.234698e-12
18105 2.234425e-12
18106 2.234153e-12
18107 2.233880e-12
18108 2.233607e-12
18109 2.233334e-12
18110 2.233062e-12
18111 2.232789e-12
18112 2.232517e-12
18113 2.232244e-12
18114 2.231972e-12
18115 2.231699e-12
18116 2.231427e-12
18117 2.231155e-12
18118 2.230882e-12
18119 2.230610e-12
18120 2.230338e-12
18121 2.230066e-12
18122 2.229794e-12
18123 2.229522e-12
18124 2.229250e-12
18125 2.228978e-12
18126 2.228706e-12
18127 2.228434e-12
18128 2.228163e-12
18129 2.227891e-12
18130 2.227619e-12
18131 2.227348e-12
18132 2.227076e-12
18133 2.226804e-12
18134 2.226533e-12
18135 2.226262e-12
18136 2.225990e-12
18137 2.225719e-12
18138 2.225448e-12
18139 2.225176e-12
18140 2.224905e-12
18141 2.224634e-12
18142 2.224363e-12
18143 2.224092e-12
18144 2.223821e-12
18145 2.223550e-12
18146 2.223279e-12
18147 2.223008e-12
18148 2.222737e-12
18149 2.222466e-12
18150 2.222195e-12
18151 2.221924e-12
18152 2.221654e-12
18153 2.221383e-12
18154 2.221112e-12
18155 2.220841e-12
18156 2.220571e-12
18157 2.220300e-12
18158 2.220030e-12
18159 2.219759e-12
18160 2.219489e-12
18161 2.219219e-12
18162 2.218948e-12
18163 2.218678e-12
18164 2.218408e-12
18165 2.218138e-12
18166 2.217868e-12
18167 2.217598e-12
18168 2.217328e-12
18169 2.217058e-12
18170 2.216788e-12
18171 2.216518e-12
18172 2.216248e-12
18173 2.215978e-12
18174 2.215708e-12
18175 2.215439e-12
18176 2.215169e-12
18177 2.214900e-12
18178 2.214630e-12
18179 2.214361e-12
18180 2.214091e-12
18181 2.213822e-12
18182 2.213552e-12
18183 2.213283e-12
18184 2.213014e-12
18185 2.212745e-12
18186 2.212475e-12
18187 2.212206e-12
18188 2.211937e-12
18189 2.211668e-12
18190 2.211399e-12
18191 2.211130e-12
18192 2.210861e-12
18193 2.210593e-12
18194 2.210324e-12
18195 2.210055e-12
18196 2.209786e-12
18197 2.209518e-12
18198 2.209249e-12
18199 2.208981e-12
18200 2.208712e-12
18201 2.208444e-12
18202 2.208175e-12
18203 2.207907e-12
18204 2.207639e-12
18205 2.207370e-12
18206 2.207102e-12
18207 2.206834e-12
18208 2.206566e-12
18209 2.206298e-12
18210 2.206030e-12
18211 2.205762e-12
18212 2.205494e-12
18213 2.205226e-12
18214 2.204958e-12
18215 2.204690e-12
18216 2.204423e-12
18217 2.204155e-12
18218 2.203887e-12
18219 2.203620e-12
18220 2.203352e-12
18221 2.203085e-12
18222 2.202817e-12
18223 2.202550e-12
18224 2.202282e-12
18225 2.202015e-12
18226 2.201748e-12
18227 2.201481e-12
18228 2.201213e-12
18229 2.200946e-12
18230 2.200679e-12
18231 2.200412e-12
18232 2.200145e-12
18233 2.199878e-12
18234 2.199611e-12
18235 2.199345e-12
18236 2.199078e-12
18237 2.198811e-12
18238 2.198544e-12
18239 2.198278e-12
18240 2.198011e-12
18241 2.197745e-12
18242 2.197478e-12
18243 2.197212e-12
18244 2.196945e-12
18245 2.196679e-12
18246 2.196412e-12
18247 2.196146e-12
18248 2.195880e-12
18249 2.195614e-12
18250 2.195348e-12
18251 2.195082e-12
18252 2.194815e-12
18253 2.194549e-12
18254 2.194284e-12
18255 2.194018e-12
18256 2.193752e-12
18257 2.193486e-12
18258 2.193220e-12
18259 2.192954e-12
18260 2.192689e-12
18261 2.192423e-12
18262 2.192158e-12
18263 2.191892e-12
18264 2.191627e-12
18265 2.191361e-12
18266 2.191096e-12
18267 2.190830e-12
18268 2.190565e-12
18269 2.190300e-12
18270 2.190035e-12
18271 2.189769e-12
18272 2.189504e-12
18273 2.189239e-12
18274 2.188974e-12
18275 2.188709e-12
18276 2.188444e-12
18277 2.188180e-12
18278 2.187915e-12
18279 2.187650e-12
18280 2.187385e-12
18281 2.187120e-12
18282 2.186856e-12
18283 2.186591e-12
18284 2.186327e-12
18285 2.186062e-12
18286 2.185798e-12
18287 2.185533e-12
18288 2.185269e-12
18289 2.185005e-12
18290 2.184740e-12
18291 2.184476e-12
18292 2.184212e-12
18293 2.183948e-12
18294 2.183684e-12
18295 2.183420e-12
18296 2.183156e-12
18297 2.182892e-12
18298 2.182628e-12
18299 2.182364e-12
18300 2.182100e-12
18301 2.181836e-12
18302 2.181573e-12
18303 2.181309e-12
18304 2.181045e-12
18305 2.180782e-12
18306 2.180518e-12
18307 2.180255e-12
18308 2.179991e-12
18309 2.179728e-12
18310 2.179464e-12
18311 2.179201e-12
18312 2.178937e-12
18313 2.178674e-12
18314 2.178411e-12
18315 2.178147e-12
18316 2.177884e-12
18317 2.177621e-12
18318 2.177358e-12
18319 2.177095e-12
18320 2.176832e-12
18321 2.176569e-12
18322 2.176306e-12
18323 2.176043e-12
18324 2.175780e-12
18325 2.175517e-12
18326 2.175254e-12
18327 2.174991e-12
18328 2.174729e-12
18329 2.174466e-12
18330 2.174204e-12
18331 2.173941e-12
18332 2.173679e-12
18333 2.173416e-12
18334 2.173154e-12
18335 2.172891e-12
18336 2.172629e-12
18337 2.172367e-12
18338 2.172105e-12
18339 2.171842e-12
18340 2.171580e-12
18341 2.171318e-12
18342 2.171056e-12
18343 2.170794e-12
18344 2.170532e-12
18345 2.170270e-12
18346 2.170008e-12
18347 2.169747e-12
18348 2.169485e-12
18349 2.169223e-12
18350 2.168961e-12
18351 2.168700e-12
18352 2.168438e-12
18353 2.168177e-12
18354 2.167915e-12
18355 2.167654e-12
18356 2.167392e-12
18357 2.167131e-12
18358 2.166870e-12
18359 2.166609e-12
18360 2.166347e-12
18361 2.166086e-12
18362 2.165825e-12
18363 2.165564e-12
18364 2.165303e-12
18365 2.165042e-12
18366 2.164781e-12
18367 2.164520e-12
18368 2.164259e-12
18369 2.163998e-12
18370 2.163738e-12
18371 2.163477e-12
18372 2.163216e-12
18373 2.162956e-12
18374 2.162695e-12
18375 2.162435e-12
18376 2.162174e-12
18377 2.161914e-12
18378 2.161653e-12
18379 2.161393e-12
18380 2.161133e-12
18381 2.160872e-12
18382 2.160612e-12
18383 2.160352e-12
18384 2.160092e-12
18385 2.159832e-12
18386 2.159572e-12
18387 2.159312e-12
18388 2.159052e-12
18389 2.158792e-12
18390 2.158532e-12
18391 2.158272e-12
18392 2.158013e-12
18393 2.157753e-12
18394 2.157493e-12
18395 2.157234e-12
18396 2.156974e-12
18397 2.156715e-12
18398 2.156455e-12
18399 2.156196e-12
18400 2.155936e-12
18401 2.155677e-12
18402 2.155418e-12
18403 2.155158e-12
18404 2.154899e-12
18405 2.154640e-12
18406 2.154381e-12
18407 2.154122e-12
18408 2.153863e-12
18409 2.153604e-12
18410 2.153345e-12
18411 2.153086e-12
18412 2.152827e-12
18413 2.152568e-12
18414 2.152310e-12
18415 2.152051e-12
18416 2.151792e-12
18417 2.151534e-12
18418 2.151275e-12
18419 2.151016e-12
18420 2.150758e-12
18421 2.150499e-12
18422 2.150241e-12
18423 2.149983e-12
18424 2.149724e-12
18425 2.149466e-12
18426 2.149208e-12
18427 2.148950e-12
18428 2.148692e-12
18429 2.148434e-12
18430 2.148176e-12
18431 2.147918e-12
18432 2.147660e-12
18433 2.147402e-12
18434 2.147144e-12
18435 2.146886e-12
18436 2.146628e-12
18437 2.146371e-12
18438 2.146113e-12
18439 2.145855e-12
18440 2.145598e-12
18441 2.145340e-12
18442 2.145083e-12
18443 2.144825e-12
18444 2.144568e-12
18445 2.144310e-12
18446 2.144053e-12
18447 2.143796e-12
18448 2.143539e-12
18449 2.143281e-12
18450 2.143024e-12
18451 2.142767e-12
18452 2.142510e-12
18453 2.142253e-12
18454 2.141996e-12
18455 2.141739e-12
18456 2.141482e-12
18457 2.141226e-12
18458 2.140969e-12
18459 2.140712e-12
18460 2.140455e-12
18461 2.140199e-12
18462 2.139942e-12
18463 2.139686e-12
18464 2.139429e-12
18465 2.139173e-12
18466 2.138916e-12
18467 2.138660e-12
18468 2.138403e-12
18469 2.138147e-12
18470 2.137891e-12
18471 2.137634e-12
18472 2.137378e-12
18473 2.137122e-12
18474 2.136866e-12
18475 2.136609e-12
18476 2.136353e-12
18477 2.136097e-12
18478 2.135841e-12
18479 2.135585e-12
18480 2.135329e-12
18481 2.135073e-12
18482 2.134817e-12
18483 2.134562e-12
18484 2.134306e-12
18485 2.134050e-12
18486 2.133794e-12
18487 2.133539e-12
18488 2.133283e-12
18489 2.133028e-12
18490 2.132772e-12
18491 2.132517e-12
18492 2.132261e-12
18493 2.132006e-12
18494 2.131751e-12
18495 2.131495e-12
18496 2.131240e-12
18497 2.130985e-12
18498 2.130730e-12
18499 2.130475e-12
18500 2.130219e-12
18501 2.129964e-12
18502 2.129709e-12
18503 2.129455e-12
18504 2.129200e-12
18505 2.128945e-12
18506 2.128690e-12
18507 2.128435e-12
18508 2.128181e-12
18509 2.127926e-12
18510 2.127671e-12
18511 2.127417e-12
18512 2.127162e-12
18513 2.126908e-12
18514 2.126653e-12
18515 2.126399e-12
18516 2.126144e-12
18517 2.125890e-12
18518 2.125636e-12
18519 2.125382e-12
18520 2.125127e-12
18521 2.124873e-12
18522 2.124619e-12
18523 2.124365e-12
18524 2.124111e-12
18525 2.123857e-12
18526 2.123603e-12
18527 2.123349e-12
18528 2.123096e-12
18529 2.122842e-12
18530 2.122588e-12
18531 2.122334e-12
18532 2.122081e-12
18533 2.121827e-12
18534 2.121574e-12
18535 2.121320e-12
18536 2.121067e-12
18537 2.120813e-12
18538 2.120560e-12
18539 2.120306e-12
18540 2.120053e-12
18541 2.119800e-12
18542 2.119547e-12
18543 2.119293e-12
18544 2.119040e-12
18545 2.118787e-12
18546 2.118534e-12
18547 2.118281e-12
18548 2.118028e-12
18549 2.117775e-12
18550 2.117522e-12
18551 2.117270e-12
18552 2.117017e-12
18553 2.116764e-12
18554 2.116511e-12
18555 2.116259e-12
18556 2.116006e-12
18557 2.115754e-12
18558 2.115501e-12
18559 2.115249e-12
18560 2.114996e-12
18561 2.114744e-12
18562 2.114491e-12
18563 2.114239e-12
18564 2.113987e-12
18565 2.113735e-12
18566 2.113483e-12
18567 2.113230e-12
18568 2.112978e-12
18569 2.112726e-12
18570 2.112474e-12
18571 2.112222e-12
18572 2.111971e-12
18573 2.111719e-12
18574 2.111467e-12
18575 2.111215e-12
18576 2.110963e-12
18577 2.110712e-12
18578 2.110460e-12
18579 2.110208e-12
18580 2.109957e-12
18581 2.109705e-12
18582 2.109454e-12
18583 2.109202e-12
18584 2.108951e-12
18585 2.108700e-12
18586 2.108448e-12
18587 2.108197e-12
18588 2.107946e-12
18589 2.107695e-12
18590 2.107444e-12
18591 2.107193e-12
18592 2.106942e-12
18593 2.106691e-12
18594 2.106440e-12
18595 2.106189e-12
18596 2.105938e-12
18597 2.105687e-12
18598 2.105436e-12
18599 2.105186e-12
18600 2.104935e-12
18601 2.104684e-12
18602 2.104434e-12
18603 2.104183e-12
18604 2.103933e-12
18605 2.103682e-12
18606 2.103432e-12
18607 2.103181e-12
18608 2.102931e-12
18609 2.102681e-12
18610 2.102430e-12
18611 2.102180e-12
18612 2.101930e-12
18613 2.101680e-12
18614 2.101430e-12
18615 2.101180e-12
18616 2.100930e-12
18617 2.100680e-12
18618 2.100430e-12
18619 2.100180e-12
18620 2.099930e-12
18621 2.099681e-12
18622 2.099431e-12
18623 2.099181e-12
18624 2.098932e-12
18625 2.098682e-12
18626 2.098432e-12
18627 2.098183e-12
18628 2.097933e-12
18629 2.097684e-12
18630 2.097435e-12
18631 2.097185e-12
18632 2.096936e-12
18633 2.096687e-12
18634 2.096437e-12
18635 2.096188e-12
18636 2.095939e-12
18637 2.095690e-12
18638 2.095440e-12
18639 2.095191e-12
18640 2.094942e-12
18641 2.094693e-12
18642 2.094444e-12
18643 2.094195e-12
18644 2.093946e-12
18645 2.093697e-12
18646 2.093448e-12
18647 2.093199e-12
18648 2.092951e-12
18649 2.092702e-12
18650 2.092453e-12
18651 2.092205e-12
18652 2.091956e-12
18653 2.091708e-12
18654 2.091459e-12
18655 2.091211e-12
18656 2.090962e-12
18657 2.090714e-12
18658 2.090465e-12
18659 2.090217e-12
18660 2.089969e-12
18661 2.089721e-12
18662 2.089473e-12
18663 2.089224e-12
18664 2.088976e-12
18665 2.088728e-12
18666 2.088480e-12
18667 2.088232e-12
18668 2.087984e-12
18669 2.087737e-12
18670 2.087489e-12
18671 2.087241e-12
18672 2.086993e-12
18673 2.086745e-12
18674 2.086498e-12
18675 2.086250e-12
18676 2.086003e-12
18677 2.085755e-12
18678 2.085508e-12
18679 2.085260e-12
18680 2.085013e-12
18681 2.084765e-12
18682 2.084518e-12
18683 2.084271e-12
18684 2.084024e-12
18685 2.083776e-12
18686 2.083529e-12
18687 2.083282e-12
18688 2.083035e-12
18689 2.082788e-12
18690 2.082541e-12
18691 2.082294e-12
18692 2.082047e-12
18693 2.081801e-12
18694 2.081554e-12
18695 2.081307e-12
18696 2.081060e-12
18697 2.080814e-12
18698 2.080567e-12
18699 2.080320e-12
18700 2.080074e-12
18701 2.079827e-12
18702 2.079581e-12
18703 2.079334e-12
18704 2.079088e-12
18705 2.078842e-12
18706 2.078595e-12
18707 2.078349e-12
18708 2.078103e-12
18709 2.077857e-12
18710 2.077611e-12
18711 2.077365e-12
18712 2.077119e-12
18713 2.076873e-12
18714 2.076627e-12
18715 2.076381e-12
18716 2.076135e-12
18717 2.075889e-12
18718 2.075643e-12
18719 2.075397e-12
18720 2.075152e-12
18721 2.074906e-12
18722 2.074660e-12
18723 2.074415e-12
18724 2.074169e-12
18725 2.073924e-12
18726 2.073678e-12
18727 2.073433e-12
18728 2.073188e-12
18729 2.072942e-12
18730 2.072697e-12
18731 2.072452e-12
18732 2.072207e-12
18733 2.071961e-12
18734 2.071716e-12
18735 2.071471e-12
18736 2.071226e-12
18737 2.070981e-12
18738 2.070736e-12
18739 2.070491e-12
18740 2.070247e-12
18741 2.070002e-12
18742 2.069757e-12
18743 2.069512e-12
18744 2.069268e-12
18745 2.069023e-12
18746 2.068778e-12
18747 2.068534e-12
18748 2.068289e-12
18749 2.068045e-12
18750 2.067800e-12
18751 2.067556e-12
18752 2.067312e-12
18753 2.067067e-12
18754 2.066823e-12
18755 2.066579e-12
18756 2.066335e-12
18757 2.066090e-12
18758 2.065846e-12
18759 2.065602e-12
18760 2.065358e-12
18761 2.065114e-12
18762 2.064870e-12
18763 2.064626e-12
18764 2.064383e-12
18765 2.064139e-12
18766 2.063895e-12
18767 2.063651e-12
18768 2.063408e-12
18769 2.063164e-12
18770 2.062920e-12
18771 2.062677e-12
18772 2.062433e-12
18773 2.062190e-12
18774 2.061946e-12
18775 2.061703e-12
18776 2.061460e-12
18777 2.061216e-12
18778 2.060973e-12
18779 2.060730e-12
18780 2.060487e-12
18781 2.060243e-12
18782 2.060000e-12
18783 2.059757e-12
18784 2.059514e-12
18785 2.059271e-12
18786 2.059028e-12
18787 2.058785e-12
18788 2.058543e-12
18789 2.058300e-12
18790 2.058057e-12
18791 2.057814e-12
18792 2.057572e-12
18793 2.057329e-12
18794 2.057086e-12
18795 2.056844e-12
18796 2.056601e-12
18797 2.056359e-12
18798 2.056116e-12
18799 2.055874e-12
18800 2.055631e-12
18801 2.055389e-12
18802 2.055147e-12
18803 2.054904e-12
18804 2.054662e-12
18805 2.054420e-12
18806 2.054177e-12
18807 2.053935e-12
18808 2.053693e-12
18809 2.053451e-12
18810 2.053209e-12
18811 2.052967e-12
18812 2.052725e-12
18813 2.052483e-12
18814 2.052241e-12
18815 2.051999e-12
18816 2.051757e-12
18817 2.051515e-12
18818 2.051274e-12
18819 2.051032e-12
18820 2.050790e-12
18821 2.050549e-12
18822 2.050307e-12
18823 2.050065e-12
18824 2.049824e-12
18825 2.049582e-12
18826 2.049341e-12
18827 2.049100e-12
18828 2.048858e-12
18829 2.048617e-12
18830 2.048376e-12
18831 2.048135e-12
18832 2.047893e-12
18833 2.047652e-12
18834 2.047411e-12
18835 2.047170e-12
18836 2.046929e-12
18837 2.046688e-12
18838 2.046447e-12
18839 2.046206e-12
18840 2.045965e-12
18841 2.045725e-12
18842 2.045484e-12
18843 2.045243e-12
18844 2.045002e-12
18845 2.044762e-12
18846 2.044521e-12
18847 2.044281e-12
18848 2.044040e-12
18849 2.043800e-12
18850 2.043559e-12
18851 2.043319e-12
18852 2.043078e-12
18853 2.042838e-12
18854 2.042598e-12
18855 2.042358e-12
18856 2.042117e-12
18857 2.041877e-12
18858 2.041637e-12
18859 2.041397e-12
18860 2.041157e-12
18861 2.040917e-12
18862 2.040677e-12
18863 2.040437e-12
18864 2.040197e-12
18865 2.039958e-12
18866 2.039718e-12
18867 2.039478e-12
18868 2.039238e-12
18869 2.038999e-12
18870 2.038759e-12
18871 2.038520e-12
18872 2.038280e-12
18873 2.038040e-12
18874 2.037801e-12
18875 2.037562e-12
18876 2.037322e-12
18877 2.037083e-12
18878 2.036844e-12
18879 2.036604e-12
18880 2.036365e-12
18881 2.036126e-12
18882 2.035887e-12
18883 2.035648e-12
18884 2.035409e-12
18885 2.035170e-12
18886 2.034931e-12
18887 2.034692e-12
18888 2.034453e-12
18889 2.034214e-12
18890 2.033975e-12
18891 2.033737e-12
18892 2.033498e-12
18893 2.033259e-12
18894 2.033021e-12
18895 2.032782e-12
18896 2.032543e-12
18897 2.032305e-12
18898 2.032066e-12
18899 2.031828e-12
18900 2.031590e-12
18901 2.031351e-12
18902 2.031113e-12
18903 2.030875e-12
18904 2.030636e-12
18905 2.030398e-12
18906 2.030160e-12
18907 2.029922e-12
18908 2.029684e-12
18909 2.029446e-12
18910 2.029208e-12
18911 2.028970e-12
18912 2.028732e-12
18913 2.028494e-12
18914 2.028256e-12
18915 2.028018e-12
18916 2.027781e-12
18917 2.027543e-12
18918 2.027305e-12
18919 2.027068e-12
18920 2.026830e-12
18921 2.026593e-12
18922 2.026355e-12
18923 2.026118e-12
18924 2.025880e-12
18925 2.025643e-12
18926 2.025405e-12
18927 2.025168e-12
18928 2.024931e-12
18929 2.024694e-12
18930 2.024457e-12
18931 2.024219e-12
18932 2.023982e-12
18933 2.023745e-12
18934 2.023508e-12
18935 2.023271e-12
18936 2.023034e-12
18937 2.022797e-12
18938 2.022561e-12
18939 2.022324e-12
18940 2.022087e-12
18941 2.021850e-12
18942 2.021613e-12
18943 2.021377e-12
18944 2.021140e-12
18945 2.020904e-12
18946 2.020667e-12
18947 2.020431e-12
18948 2.020194e-12
18949 2.019958e-12
18950 2.019721e-12
18951 2.019485e-12
18952 2.019249e-12
18953 2.019012e-12
18954 2.018776e-12
18955 2.018540e-12
18956 2.018304e-12
18957 2.018068e-12
18958 2.017832e-12
18959 2.017596e-12
18960 2.017360e-12
18961 2.017124e-12
18962 2.016888e-12
18963 2.016652e-12
18964 2.016416e-12
18965 2.016180e-12
18966 2.015945e-12
18967 2.015709e-12
18968 2.015473e-12
18969 2.015237e-12
18970 2.015002e-12
18971 2.014766e-12
18972 2.014530e-12
18973 2.014295e-12
18974 2.014059e-12
18975 2.013824e-12
18976 2.013588e-12
18977 2.013353e-12
18978 2.013117e-12
18979 2.012882e-12
18980 2.012647e-12
18981 2.012411e-12
18982 2.012176e-12
18983 2.011941e-12
18984 2.011706e-12
18985 2.011471e-12
18986 2.011236e-12
18987 2.011001e-12
18988 2.010766e-12
18989 2.010531e-12
18990 2.010296e-12
18991 2.010061e-12
18992 2.009826e-12
18993 2.009591e-12
18994 2.009356e-12
18995 2.009122e-12
18996 2.008887e-12
18997 2.008652e-12
18998 2.008418e-12
18999 2.008183e-12
19000 2.007949e-12
19001 2.007714e-12
19002 2.007480e-12
19003 2.007245e-12
19004 2.007011e-12
19005 2.006777e-12
19006 2.006542e-12
19007 2.006308e-12
19008 2.006074e-12
19009 2.005840e-12
19010 2.005606e-12
19011 2.005372e-12
19012 2.005138e-12
19013 2.004904e-12
19014 2.004670e-12
19015 2.004436e-12
19016 2.004202e-12
19017 2.003968e-12
19018 2.003734e-12
19019 2.003500e-12
19020 2.003267e-12
19021 2.003033e-12
19022 2.002799e-12
19023 2.002566e-12
19024 2.002332e-12
19025 2.002099e-12
19026 2.001865e-12
19027 2.001632e-12
19028 2.001398e-12
19029 2.001165e-12
19030 2.000932e-12
19031 2.000698e-12
19032 2.000465e-12
19033 2.000232e-12
19034 1.999999e-12
19035 1.999766e-12
19036 1.999532e-12
19037 1.999299e-12
19038 1.999066e-12
19039 1.998833e-12
19040 1.998600e-12
19041 1.998368e-12
19042 1.998135e-12
19043 1.997902e-12
19044 1.997669e-12
19045 1.997436e-12
19046 1.997204e-12
19047 1.996971e-12
19048 1.996738e-12
19049 1.996506e-12
19050 1.996273e-12
19051 1.996041e-12
19052 1.995808e-12
19053 1.995576e-12
19054 1.995343e-12
19055 1.995111e-12
19056 1.994879e-12
19057 1.994647e-12
19058 1.994414e-12
19059 1.994182e-12
19060 1.993950e-12
19061 1.993718e-12
19062 1.993486e-12
19063 1.993254e-12
19064 1.993022e-12
19065 1.992790e-12
19066 1.992558e-12
19067 1.992326e-12
19068 1.992094e-12
19069 1.991862e-12
19070 1.991631e-12
19071 1.991399e-12
19072 1.991167e-12
19073 1.990936e-12
19074 1.990704e-12
19075 1.990472e-12
19076 1.990241e-12
19077 1.990009e-12
19078 1.989778e-12
19079 1.989547e-12
19080 1.989315e-12
19081 1.989084e-12
19082 1.988853e-12
19083 1.988621e-12
19084 1.988390e-12
19085 1.988159e-12
19086 1.987928e-12
19087 1.987697e-12
19088 1.987466e-12
19089 1.987235e-12
19090 1.987004e-12
19091 1.986773e-12
19092 1.986542e-12
19093 1.986311e-12
19094 1.986080e-12
19095 1.985849e-12
19096 1.985619e-12
19097 1.985388e-12
19098 1.985157e-12
19099 1.984927e-12
19100 1.984696e-12
19101 1.984465e-12
19102 1.984235e-12
19103 1.984004e-12
19104 1.983774e-12
19105 1.983544e-12
19106 1.983313e-12
19107 1.983083e-12
19108 1.982853e-12
19109 1.982622e-12
19110 1.982392e-12
19111 1.982162e-12
19112 1.981932e-12
19113 1.981702e-12
19114 1.981472e-12
19115 1.981242e-12
19116 1.981012e-12
19117 1.980782e-12
19118 1.980552e-12
19119 1.980322e-12
19120 1.980092e-12
19121 1.979863e-12
19122 1.979633e-12
19123 1.979403e-12
19124 1.979173e-12
19125 1.978944e-12
19126 1.978714e-12
19127 1.978485e-12
19128 1.978255e-12
19129 1.978026e-12
19130 1.977796e-12
19131 1.977567e-12
19132 1.977338e-12
19133 1.977108e-12
19134 1.976879e-12
19135 1.976650e-12
19136 1.976420e-12
19137 1.976191e-12
19138 1.975962e-12
19139 1.975733e-12
19140 1.975503e-12
19141 1.975274e-12
19142 1.975045e-12
19143 1.974816e-12
19144 1.974587e-12
19145 1.974358e-12
19146 1.974129e-12
19147 1.973900e-12
19148 1.973671e-12
19149 1.973443e-12
19150 1.973214e-12
19151 1.972985e-12
19152 1.972756e-12
19153 1.972528e-12
19154 1.972299e-12
19155 1.972070e-12
19156 1.971842e-12
19157 1.971613e-12
19158 1.971385e-12
19159 1.971156e-12
19160 1.970928e-12
19161 1.970700e-12
19162 1.970471e-12
19163 1.970243e-12
19164 1.970015e-12
19165 1.969786e-12
19166 1.969558e-12
19167 1.969330e-12
19168 1.969102e-12
19169 1.968874e-12
19170 1.968646e-12
19171 1.968418e-12
19172 1.968190e-12
19173 1.967962e-12
19174 1.967734e-12
19175 1.967506e-12
19176 1.967279e-12
19177 1.967051e-12
19178 1.966823e-12
19179 1.966596e-12
19180 1.966368e-12
19181 1.966140e-12
19182 1.965913e-12
19183 1.965685e-12
19184 1.965458e-12
19185 1.965230e-12
19186 1.965003e-12
19187 1.964775e-12
19188 1.964548e-12
19189 1.964321e-12
19190 1.964094e-12
19191 1.963866e-12
19192 1.963639e-12
19193 1.963412e-12
19194 1.963185e-12
19195 1.962958e-12
19196 1.962731e-12
19197 1.962504e-12
19198 1.962277e-12
19199 1.962050e-12
19200 1.961823e-12
19201 1.961596e-12
19202 1.961369e-12
19203 1.961143e-12
19204 1.960916e-12
19205 1.960689e-12
19206 1.960463e-12
19207 1.960236e-12
19208 1.960009e-12
19209 1.959783e-12
19210 1.959556e-12
19211 1.959330e-12
19212 1.959103e-12
19213 1.958877e-12
19214 1.958651e-12
19215 1.958424e-12
19216 1.958198e-12
19217 1.957972e-12
19218 1.957746e-12
19219 1.957520e-12
19220 1.957293e-12
19221 1.957067e-12
19222 1.956841e-12
19223 1.956615e-12
19224 1.956389e-12
19225 1.956163e-12
19226 1.955938e-12
19227 1.955712e-12
19228 1.955486e-12
19229 1.955260e-12
19230 1.955034e-12
19231 1.954809e-12
19232 1.954583e-12
19233 1.954357e-12
19234 1.954132e-12
19235 1.953906e-12
19236 1.953681e-12
19237 1.953455e-12
19238 1.953230e-12
19239 1.953004e-12
19240 1.952779e-12
19241 1.952554e-12
19242 1.952328e-12
19243 1.952103e-12
19244 1.951878e-12
19245 1.951653e-12
19246 1.951428e-12
19247 1.951203e-12
19248 1.950977e-12
19249 1.950752e-12
19250 1.950527e-12
19251 1.950303e-12
19252 1.950078e-12
19253 1.949853e-12
19254 1.949628e-12
19255 1.949403e-12
19256 1.949178e-12
19257 1.948954e-12
19258 1.948729e-12
19259 1.948504e-12
19260 1.948280e-12
19261 1.948055e-12
19262 1.947831e-12
19263 1.947606e-12
19264 1.947382e-12
19265 1.947157e-12
19266 1.946933e-12
19267 1.946708e-12
19268 1.946484e-12
19269 1.946260e-12
19270 1.946036e-12
19271 1.945811e-12
19272 1.945587e-12
19273 1.945363e-12
19274 1.945139e-12
19275 1.944915e-12
19276 1.944691e-12
19277 1.944467e-12
19278 1.944243e-12
19279 1.944019e-12
19280 1.943795e-12
19281 1.943572e-12
19282 1.943348e-12
19283 1.943124e-12
19284 1.942900e-12
19285 1.942677e-12
19286 1.942453e-12
19287 1.942229e-12
19288 1.942006e-12
19289 1.941782e-12
19290 1.941559e-12
19291 1.941335e-12
19292 1.941112e-12
19293 1.940889e-12
19294 1.940665e-12
19295 1.940442e-12
19296 1.940219e-12
19297 1.939995e-12
19298 1.939772e-12
19299 1.939549e-12
19300 1.939326e-12
19301 1.939103e-12
19302 1.938880e-12
19303 1.938657e-12
19304 1.938434e-12
19305 1.938211e-12
19306 1.937988e-12
19307 1.937765e-12
19308 1.937542e-12
19309 1.937319e-12
19310 1.937096e-12
19311 1.936873e-12
19312 1.936651e-12
19313 1.936428e-12
19314 1.936205e-12
19315 1.935982e-12
19316 1.935760e-12
19317 1.935537e-12
19318 1.935315e-12
19319 1.935092e-12
19320 1.934870e-12
19321 1.934647e-12
19322 1.934425e-12
19323 1.934202e-12
19324 1.933980e-12
19325 1.933758e-12
19326 1.933535e-12
19327 1.933313e-12
19328 1.933091e-12
19329 1.932869e-12
19330 1.932647e-12
19331 1.932424e-12
19332 1.932202e-12
19333 1.931980e-12
19334 1.931758e-12
19335 1.931536e-12
19336 1.931315e-12
19337 1.931093e-12
19338 1.930871e-12
19339 1.930649e-12
19340 1.930427e-12
19341 1.930206e-12
19342 1.929984e-12
19343 1.929762e-12
19344 1.929541e-12
19345 1.929319e-12
19346 1.929097e-12
19347 1.928876e-12
19348 1.928655e-12
19349 1.928433e-12
19350 1.928212e-12
19351 1.927990e-12
19352 1.927769e-12
19353 1.927548e-12
19354 1.927327e-12
19355 1.927105e-12
19356 1.926884e-12
19357 1.926663e-12
19358 1.926442e-12
19359 1.926221e-12
19360 1.926000e-12
19361 1.925779e-12
19362 1.925558e-12
19363 1.925337e-12
19364 1.925116e-12
19365 1.924895e-12
19366 1.924674e-12
19367 1.924454e-12
19368 1.924233e-12
19369 1.924012e-12
19370 1.923792e-12
19371 1.923571e-12
19372 1.923350e-12
19373 1.923130e-12
19374 1.922909e-12
19375 1.922689e-12
19376 1.922468e-12
19377 1.922248e-12
19378 1.922028e-12
19379 1.921807e-12
19380 1.921587e-12
19381 1.921367e-12
19382 1.921147e-12
19383 1.920926e-12
19384 1.920706e-12
19385 1.920486e-12
19386 1.920266e-12
19387 1.920046e-12
19388 1.919826e-12
19389 1.919606e-12
19390 1.919386e-12
19391 1.919166e-12
19392 1.918946e-12
19393 1.918727e-12
19394 1.918507e-12
19395 1.918287e-12
19396 1.918067e-12
19397 1.917848e-12
19398 1.917628e-12
19399 1.917409e-12
19400 1.917189e-12
19401 1.916969e-12
19402 1.916750e-12
19403 1.916531e-12
19404 1.916311e-12
19405 1.916092e-12
19406 1.915872e-12
19407 1.915653e-12
19408 1.915434e-12
19409 1.915215e-12
19410 1.914995e-12
19411 1.914776e-12
19412 1.914557e-12
19413 1.914338e-12
19414 1.914119e-12
19415 1.913900e-12
19416 1.913681e-12
19417 1.913462e-12
19418 1.913243e-12
19419 1.913024e-12
19420 1.912805e-12
19421 1.912587e-12
19422 1.912368e-12
19423 1.912149e-12
19424 1.911931e-12
19425 1.911712e-12
19426 1.911493e-12
19427 1.911275e-12
19428 1.911056e-12
19429 1.910838e-12
19430 1.910619e-12
19431 1.910401e-12
19432 1.910182e-12
19433 1.909964e-12
19434 1.909746e-12
19435 1.909527e-12
19436 1.909309e-12
19437 1.909091e-12
19438 1.908873e-12
19439 1.908655e-12
19440 1.908436e-12
19441 1.908218e-12
19442 1.908000e-12
19443 1.907782e-12
19444 1.907564e-12
19445 1.907346e-12
19446 1.907129e-12
19447 1.906911e-12
19448 1.906693e-12
19449 1.906475e-12
19450 1.906257e-12
19451 1.906040e-12
19452 1.905822e-12
19453 1.905604e-12
19454 1.905387e-12
19455 1.905169e-12
19456 1.904952e-12
19457 1.904734e-12
19458 1.904517e-12
19459 1.904299e-12
19460 1.904082e-12
19461 1.903865e-12
19462 1.903647e-12
19463 1.903430e-12
19464 1.903213e-12
19465 1.902996e-12
19466 1.902778e-12
19467 1.902561e-12
19468 1.902344e-12
19469 1.902127e-12
19470 1.901910e-12
19471 1.901693e-12
19472 1.901476e-12
19473 1.901259e-12
19474 1.901042e-12
19475 1.900825e-12
19476 1.900609e-12
19477 1.900392e-12
19478 1.900175e-12
19479 1.899958e-12
19480 1.899741e-12
19481 1.899525e-12
19482 1.899308e-12
19483 1.899091e-12
19484 1.898875e-12
19485 1.898658e-12
19486 1.898441e-12
19487 1.898225e-12
19488 1.898008e-12
19489 1.897792e-12
19490 1.897575e-12
19491 1.897359e-12
19492 1.897143e-12
19493 1.896926e-12
19494 1.896710e-12
19495 1.896494e-12
19496 1.896278e-12
19497 1.896061e-12
19498 1.895845e-12
19499 1.895629e-12
19500 1.895413e-12
19501 1.895197e-12
19502 1.894981e-12
19503 1.894765e-12
19504 1.894549e-12
19505 1.894333e-12
19506 1.894117e-12
19507 1.893901e-12
19508 1.893686e-12
19509 1.893470e-12
19510 1.893254e-12
19511 1.893039e-12
19512 1.892823e-12
19513 1.892607e-12
19514 1.892392e-12
19515 1.892176e-12
19516 1.891961e-12
19517 1.891745e-12
19518 1.891530e-12
19519 1.891314e-12
19520 1.891099e-12
19521 1.890884e-12
19522 1.890668e-12
19523 1.890453e-12
19524 1.890238e-12
19525 1.890023e-12
19526 1.889808e-12
19527 1.889592e-12
19528 1.889377e-12
19529 1.889162e-12
19530 1.888947e-12
19531 1.888732e-12
19532 1.888517e-12
19533 1.888303e-12
19534 1.888088e-12
19535 1.887873e-12
19536 1.887658e-12
19537 1.887443e-12
19538 1.887229e-12
19539 1.887014e-12
19540 1.886799e-12
19541 1.886585e-12
19542 1.886370e-12
19543 1.886155e-12
19544 1.885941e-12
19545 1.885726e-12
19546 1.885512e-12
19547 1.885298e-12
19548 1.885083e-12
19549 1.884869e-12
19550 1.884655e-12
19551 1.884440e-12
19552 1.884226e-12
19553 1.884012e-12
19554 1.883798e-12
19555 1.883584e-12
19556 1.883370e-12
19557 1.883156e-12
19558 1.882942e-12
19559 1.882728e-12
19560 1.882514e-12
19561 1.882300e-12
19562 1.882086e-12
19563 1.881872e-12
19564 1.881658e-12
19565 1.881444e-12
19566 1.881231e-12
19567 1.881017e-12
19568 1.880803e-12
19569 1.880590e-12
19570 1.880376e-12
19571 1.880162e-12
19572 1.879949e-12
19573 1.879735e-12
19574 1.879522e-12
19575 1.879309e-12
19576 1.879095e-12
19577 1.878882e-12
19578 1.878669e-12
19579 1.878455e-12
19580 1.878242e-12
19581 1.878029e-12
19582 1.877816e-12
19583 1.877603e-12
19584 1.877389e-12
19585 1.877176e-12
19586 1.876963e-12
19587 1.876750e-12
19588 1.876537e-12
19589 1.876324e-12
19590 1.876112e-12
19591 1.875899e-12
19592 1.875686e-12
19593 1.875473e-12
19594 1.875260e-12
19595 1.875048e-12
19596 1.874835e-12
19597 1.874622e-12
19598 1.874410e-12
19599 1.874197e-12
19600 1.873985e-12
19601 1.873772e-12
19602 1.873560e-12
19603 1.873347e-12
19604 1.873135e-12
19605 1.872922e-12
19606 1.872710e-12
19607 1.872498e-12
19608 1.872285e-12
19609 1.872073e-12
19610 1.871861e-12
19611 1.871649e-12
19612 1.871437e-12
19613 1.871225e-12
19614 1.871013e-12
19615 1.870801e-12
19616 1.870589e-12
19617 1.870377e-12
19618 1.870165e-12
19619 1.869953e-12
19620 1.869741e-12
19621 1.869529e-12
19622 1.869317e-12
19623 1.869106e-12
19624 1.868894e-12
19625 1.868682e-12
19626 1.868471e-12
19627 1.868259e-12
19628 1.868048e-12
19629 1.867836e-12
19630 1.867624e-12
19631 1.867413e-12
19632 1.867202e-12
19633 1.866990e-12
19634 1.866779e-12
19635 1.866568e-12
19636 1.866356e-12
19637 1.866145e-12
19638 1.865934e-12
19639 1.865723e-12
19640 1.865511e-12
19641 1.865300e-12
19642 1.865089e-12
19643 1.864878e-12
19644 1.864667e-12
19645 1.864456e-12
19646 1.864245e-12
19647 1.864034e-12
19648 1.863823e-12
19649 1.863613e-12
19650 1.863402e-12
19651 1.863191e-12
19652 1.862980e-12
19653 1.862769e-12
19654 1.862558e-12
19655 1.862348e-12
19656 1.862137e-12
19657 1.861926e-12
19658 1.861716e-12
19659 1.861505e-12
19660 1.861294e-12
19661 1.861084e-12
19662 1.860873e-12
19663 1.860663e-12
19664 1.860452e-12
19665 1.860242e-12
19666 1.860032e-12
19667 1.859821e-12
19668 1.859611e-12
19669 1.859401e-12
19670 1.859191e-12
19671 1.858980e-12
19672 1.858770e-12
19673 1.858560e-12
19674 1.858350e-12
19675 1.858140e-12
19676 1.857930e-12
19677 1.857720e-12
19678 1.857510e-12
19679 1.857300e-12
19680 1.857090e-12
19681 1.856880e-12
19682 1.856670e-12
19683 1.856461e-12
19684 1.856251e-12
19685 1.856041e-12
19686 1.855831e-12
19687 1.855622e-12
19688 1.855412e-12
19689 1.855203e-12
19690 1.854993e-12
19691 1.854784e-12
19692 1.854574e-12
19693 1.854365e-12
19694 1.854155e-12
19695 1.853946e-12
19696 1.853737e-12
19697 1.853527e-12
19698 1.853318e-12
19699 1.853109e-12
19700 1.852900e-12
19701 1.852690e-12
19702 1.852481e-12
19703 1.852272e-12
19704 1.852063e-12
19705 1.851854e-12
19706 1.851645e-12
19707 1.851436e-12
19708 1.851227e-12
19709 1.851018e-12
19710 1.850809e-12
19711 1.850601e-12
19712 1.850392e-12
19713 1.850183e-12
19714 1.849974e-12
19715 1.849766e-12
19716 1.849557e-12
19717 1.849348e-12
19718 1.849140e-12
19719 1.848931e-12
19720 1.848723e-12
19721 1.848514e-12
19722 1.848306e-12
19723 1.848097e-12
19724 1.847889e-12
19725 1.847681e-12
19726 1.847472e-12
19727 1.847264e-12
19728 1.847056e-12
19729 1.846848e-12
19730 1.846639e-12
19731 1.846431e-12
19732 1.846223e-12
19733 1.846015e-12
19734 1.845807e-12
19735 1.845599e-12
19736 1.845391e-12
19737 1.845183e-12
19738 1.844975e-12
19739 1.844767e-12
19740 1.844559e-12
19741 1.844352e-12
19742 1.844144e-12
19743 1.843936e-12
19744 1.843728e-12
19745 1.843521e-12
19746 1.843313e-12
19747 1.843105e-12
19748 1.842898e-12
19749 1.842690e-12
19750 1.842483e-12
19751 1.842275e-12
19752 1.842068e-12
19753 1.841861e-12
19754 1.841653e-12
19755 1.841446e-12
19756 1.841239e-12
19757 1.841031e-12
19758 1.840824e-12
19759 1.840617e-12
19760 1.840410e-12
19761 1.840203e-12
19762 1.839996e-12
19763 1.839788e-12
19764 1.839581e-12
19765 1.839374e-12
19766 1.839167e-12
19767 1.838961e-12
19768 1.838754e-12
19769 1.838547e-12
19770 1.838340e-12
19771 1.838133e-12
19772 1.837926e-12
19773 1.837720e-12
19774 1.837513e-12
19775 1.837306e-12
19776 1.837100e-12
19777 1.836893e-12
19778 1.836687e-12
19779 1.836480e-12
19780 1.836274e-12
19781 1.836067e-12
19782 1.835861e-12
19783 1.835654e-12
19784 1.835448e-12
19785 1.835242e-12
19786 1.835035e-12
19787 1.834829e-12
19788 1.834623e-12
19789 1.834417e-12
19790 1.834211e-12
19791 1.834004e-12
19792 1.833798e-12
19793 1.833592e-12
19794 1.833386e-12
19795 1.833180e-12
19796 1.832974e-12
19797 1.832768e-12
19798 1.832563e-12
19799 1.832357e-12
19800 1.832151e-12
19801 1.831945e-12
19802 1.831739e-12
19803 1.831534e-12
19804 1.831328e-12
19805 1.831122e-12
19806 1.830917e-12
19807 1.830711e-12
19808 1.830506e-12
19809 1.830300e-12
19810 1.830095e-12
19811 1.829889e-12
19812 1.829684e-12
19813 1.829478e-12
19814 1.829273e-12
19815 1.829068e-12
19816 1.828862e-12
19817 1.828657e-12
19818 1.828452e-12
19819 1.828247e-12
19820 1.828042e-12
19821 1.827837e-12
19822 1.827631e-12
19823 1.827426e-12
19824 1.827221e-12
19825 1.827016e-12
19826 1.826811e-12
19827 1.826606e-12
19828 1.826401e-12
19829 1.826196e-12
19830 1.825991e-12
19831 1.825786e-12
19832 1.825582e-12
19833 1.825377e-12
19834 1.825172e-12
19835 1.824967e-12
19836 1.824762e-12
19837 1.824558e-12
19838 1.824353e-12
19839 1.824148e-12
19840 1.823944e-12
19841 1.823739e-12
19842 1.823535e-12
19843 1.823330e-12
19844 1.823126e-12
19845 1.822921e-12
19846 1.822717e-12
19847 1.822513e-12
19848 1.822308e-12
19849 1.822104e-12
19850 1.821900e-12
19851 1.821695e-12
19852 1.821491e-12
19853 1.821287e-12
19854 1.821083e-12
19855 1.820879e-12
19856 1.820675e-12
19857 1.820471e-12
19858 1.820267e-12
19859 1.820063e-12
19860 1.819859e-12
19861 1.819655e-12
19862 1.819451e-12
19863 1.819247e-12
19864 1.819044e-12
19865 1.818840e-12
19866 1.818636e-12
19867 1.818432e-12
19868 1.818229e-12
19869 1.818025e-12
19870 1.817821e-12
19871 1.817618e-12
19872 1.817414e-12
19873 1.817211e-12
19874 1.817007e-12
19875 1.816804e-12
19876 1.816601e-12
19877 1.816397e-12
19878 1.816194e-12
19879 1.815990e-12
19880 1.815787e-12
19881 1.815584e-12
19882 1.815381e-12
19883 1.815178e-12
19884 1.814974e-12
19885 1.814771e-12
19886 1.814568e-12
19887 1.814365e-12
19888 1.814162e-12
19889 1.813959e-12
19890 1.813756e-12
19891 1.813553e-12
19892 1.813351e-12
19893 1.813148e-12
19894 1.812945e-12
19895 1.812742e-12
19896 1.812539e-12
19897 1.812337e-12
19898 1.812134e-12
19899 1.811931e-12
19900 1.811729e-12
19901 1.811526e-12
19902 1.811324e-12
19903 1.811121e-12
19904 1.810919e-12
19905 1.810716e-12
19906 1.810514e-12
19907 1.810311e-12
19908 1.810109e-12
19909 1.809907e-12
19910 1.809704e-12
19911 1.809502e-12
19912 1.809300e-12
19913 1.809098e-12
19914 1.808896e-12
19915 1.808693e-12
19916 1.808491e-12
19917 1.808289e-12
19918 1.808087e-12
19919 1.807885e-12
19920 1.807683e-12
19921 1.807481e-12
19922 1.807280e-12
19923 1.807078e-12
19924 1.806876e-12
19925 1.806674e-12
19926 1.806472e-12
19927 1.806271e-12
19928 1.806069e-12
19929 1.805867e-12
19930 1.805666e-12
19931 1.805464e-12
19932 1.805262e-12
19933 1.805061e-12
19934 1.804859e-12
19935 1.804658e-12
19936 1.804457e-12
19937 1.804255e-12
19938 1.804054e-12
19939 1.803852e-12
19940 1.803651e-12
19941 1.803450e-12
19942 1.803249e-12
19943 1.803047e-12
19944 1.802846e-12
19945 1.802645e-12
19946 1.802444e-12
19947 1.802243e-12
19948 1.802042e-12
19949 1.801841e-12
19950 1.801640e-12
19951 1.801439e-12
19952 1.801238e-12
19953 1.801037e-12
19954 1.800836e-12
19955 1.800635e-12
19956 1.800435e-12
19957 1.800234e-12
19958 1.800033e-12
19959 1.799832e-12
19960 1.799632e-12
19961 1.799431e-12
19962 1.799231e-12
19963 1.799030e-12
19964 1.798830e-12
19965 1.798629e-12
19966 1.798429e-12
19967 1.798228e-12
19968 1.798028e-12
19969 1.797827e-12
19970 1.797627e-12
19971 1.797427e-12
19972 1.797227e-12
19973 1.797026e-12
19974 1.796826e-12
19975 1.796626e-12
19976 1.796426e-12
19977 1.796226e-12
19978 1.796026e-12
19979 1.795826e-12
19980 1.795626e-12
19981 1.795426e-12
19982 1.795226e-12
19983 1.795026e-12
19984 1.794826e-12
19985 1.794626e-12
19986 1.794426e-12
19987 1.794226e-12
19988 1.794027e-12
19989 1.793827e-12
19990 1.793627e-12
19991 1.793428e-12
19992 1.793228e-12
19993 1.793028e-12
19994 1.792829e-12
19995 1.792629e-12
19996 1.792430e-12
19997 1.792230e-12
19998 1.792031e-12
19999 1.791832e-12
