1 3.935836e-07
2 5.915702e-07
3 7.472495e-07
4 8.682044e-07
5 9.606968e-07
6 1.029019e-06
7 1.076968e-06
8 1.107917e-06
9 1.124449e-06
10 1.128946e-06
11 1.123587e-06
12 1.110389e-06
13 1.091048e-06
14 1.066934e-06
15 1.039265e-06
16 1.009153e-06
17 9.775558e-07
18 9.452609e-07
19 9.129087e-07
20 8.810247e-07
21 8.500152e-07
22 8.201586e-07
23 7.916225e-07
24 7.644946e-07
25 7.388117e-07
26 7.145774e-07
27 6.917687e-07
28 6.703378e-07
29 6.502147e-07
30 6.313127e-07
31 6.135344e-07
32 5.967769e-07
33 5.809381e-07
34 5.659225e-07
35 5.516440e-07
36 5.380272e-07
37 5.250073e-07
38 5.125284e-07
39 5.005430e-07
40 4.890106e-07
41 4.778964e-07
42 4.671706e-07
43 4.568072e-07
44 4.467834e-07
45 4.370791e-07
46 4.276762e-07
47 4.185577e-07
48 4.097073e-07
49 4.011089e-07
50 3.927467e-07
51 3.846052e-07
52 3.766691e-07
53 3.689241e-07
54 3.613565e-07
55 3.539538e-07
56 3.467049e-07
57 3.396002e-07
58 3.326317e-07
59 3.257934e-07
60 3.190812e-07
61 3.124927e-07
62 3.060274e-07
63 2.996864e-07
64 2.934720e-07
65 2.873878e-07
66 2.814379e-07
67 2.756270e-07
68 2.699595e-07
69 2.644400e-07
70 2.590727e-07
71 2.538611e-07
72 2.488080e-07
73 2.439154e-07
74 2.391841e-07
75 2.346141e-07
76 2.302042e-07
77 2.259521e-07
78 2.218547e-07
79 2.179079e-07
80 2.141070e-07
81 2.104466e-07
82 2.069209e-07
83 2.035236e-07
84 2.002485e-07
85 1.970889e-07
86 1.940385e-07
87 1.910908e-07
88 1.882397e-07
89 1.854791e-07
90 1.828034e-07
91 1.802072e-07
92 1.776854e-07
93 1.752333e-07
94 1.728466e-07
95 1.705210e-07
96 1.682528e-07
97 1.660385e-07
98 1.638749e-07
99 1.617588e-07
100 1.596875e-07
101 1.576581e-07
102 1.556682e-07
103 1.537158e-07
104 1.517986e-07
105 1.499147e-07
106 1.480622e-07
107 1.462395e-07
108 1.444452e-07
109 1.426777e-07
110 1.409361e-07
111 1.392192e-07
112 1.375263e-07
113 1.358566e-07
114 1.342098e-07
115 1.325855e-07
116 1.309835e-07
117 1.294038e-07
118 1.278466e-07
119 1.263120e-07
120 1.248003e-07
121 1.233119e-07
122 1.218473e-07
123 1.204069e-07
124 1.189911e-07
125 1.176003e-07
126 1.162351e-07
127 1.148956e-07
128 1.135823e-07
129 1.122958e-07
130 1.110360e-07
131 1.098031e-07
132 1.085969e-07
133 1.074174e-07
134 1.062642e-07
135 1.051378e-07
136 1.040379e-07
137 1.029634e-07
138 1.019136e-07
139 1.008880e-07
140 9.988572e-08
141 9.890761e-08
142 9.795175e-08
143 9.701695e-08
144 9.610236e-08
145 9.520721e-08
146 9.433214e-08
147 9.347467e-08
148 9.263396e-08
149 9.180929e-08
150 9.100057e-08
151 9.020648e-08
152 8.942602e-08
153 8.865861e-08
154 8.790388e-08
155 8.716087e-08
156 8.642900e-08
157 8.570790e-08
158 8.499678e-08
159 8.429536e-08
160 8.360339e-08
161 8.292021e-08
162 8.224547e-08
163 8.157928e-08
164 8.092125e-08
165 8.027068e-08
166 7.962811e-08
167 7.899336e-08
168 7.836551e-08
169 7.774538e-08
170 7.713282e-08
171 7.652705e-08
172 7.592884e-08
173 7.533803e-08
174 7.475418e-08
175 7.417781e-08
176 7.360870e-08
177 7.304683e-08
178 7.249232e-08
179 7.194509e-08
180 7.140526e-08
181 7.087262e-08
182 7.034745e-08
183 6.982954e-08
184 6.931871e-08
185 6.881552e-08
186 6.831919e-08
187 6.783020e-08
188 6.734835e-08
189 6.687312e-08
190 6.640549e-08
191 6.594420e-08
192 6.548995e-08
193 6.504233e-08
194 6.460093e-08
195 6.416654e-08
196 6.373783e-08
197 6.331589e-08
198 6.289964e-08
199 6.248937e-08
200 6.208502e-08
201 6.168594e-08
202 6.129290e-08
203 6.090465e-08
204 6.052221e-08
205 6.014444e-08
206 5.977188e-08
207 5.940402e-08
208 5.904088e-08
209 5.868240e-08
210 5.832821e-08
211 5.797859e-08
212 5.763293e-08
213 5.729172e-08
214 5.695420e-08
215 5.662094e-08
216 5.629124e-08
217 5.596551e-08
218 5.564326e-08
219 5.532475e-08
220 5.500963e-08
221 5.469806e-08
222 5.438978e-08
223 5.408490e-08
224 5.378322e-08
225 5.348481e-08
226 5.318950e-08
227 5.289736e-08
228 5.260824e-08
229 5.232220e-08
230 5.203909e-08
231 5.175900e-08
232 5.148175e-08
233 5.120748e-08
234 5.093594e-08
235 5.066735e-08
236 5.040139e-08
237 5.013838e-08
238 4.987788e-08
239 4.962033e-08
240 4.936518e-08
241 4.911296e-08
242 4.886310e-08
243 4.861605e-08
244 4.837137e-08
245 4.812936e-08
246 4.788977e-08
247 4.765268e-08
248 4.741806e-08
249 4.718576e-08
250 4.695602e-08
251 4.672837e-08
252 4.650339e-08
253 4.628037e-08
254 4.605994e-08
255 4.584151e-08
256 4.562542e-08
257 4.541147e-08
258 4.519959e-08
259 4.498999e-08
260 4.478220e-08
261 4.457683e-08
262 4.437318e-08
263 4.417174e-08
264 4.397215e-08
265 4.377448e-08
266 4.357883e-08
267 4.338482e-08
268 4.319297e-08
269 4.300269e-08
270 4.281436e-08
271 4.262773e-08
272 4.244277e-08
273 4.225968e-08
274 4.207804e-08
275 4.189831e-08
276 4.172006e-08
277 4.154344e-08
278 4.136847e-08
279 4.119486e-08
280 4.102307e-08
281 4.085260e-08
282 4.068368e-08
283 4.051627e-08
284 4.035015e-08
285 4.018570e-08
286 4.002250e-08
287 3.986072e-08
288 3.970037e-08
289 3.954122e-08
290 3.938362e-08
291 3.922721e-08
292 3.907211e-08
293 3.891838e-08
294 3.876578e-08
295 3.861458e-08
296 3.846457e-08
297 3.831571e-08
298 3.816822e-08
299 3.802180e-08
300 3.787662e-08
301 3.773265e-08
302 3.758970e-08
303 3.744808e-08
304 3.730751e-08
305 3.716800e-08
306 3.702975e-08
307 3.689248e-08
308 3.675633e-08
309 3.662132e-08
310 3.648723e-08
311 3.635435e-08
312 3.622246e-08
313 3.609147e-08
314 3.596174e-08
315 3.583289e-08
316 3.570498e-08
317 3.557822e-08
318 3.545230e-08
319 3.532737e-08
320 3.520348e-08
321 3.508041e-08
322 3.495836e-08
323 3.483725e-08
324 3.471694e-08
325 3.459766e-08
326 3.447925e-08
327 3.436160e-08
328 3.424500e-08
329 3.412919e-08
330 3.401412e-08
331 3.390009e-08
332 3.378681e-08
333 3.367424e-08
334 3.356269e-08
335 3.345183e-08
336 3.334169e-08
337 3.323251e-08
338 3.312401e-08
339 3.301621e-08
340 3.290933e-08
341 3.280310e-08
342 3.269755e-08
343 3.259288e-08
344 3.248886e-08
345 3.238547e-08
346 3.228296e-08
347 3.218106e-08
348 3.207978e-08
349 3.197933e-08
350 3.187950e-08
351 3.178026e-08
352 3.168180e-08
353 3.158396e-08
354 3.148670e-08
355 3.139018e-08
356 3.129427e-08
357 3.119893e-08
358 3.110427e-08
359 3.101024e-08
360 3.091676e-08
361 3.082390e-08
362 3.073170e-08
363 3.064003e-08
364 3.054892e-08
365 3.045849e-08
366 3.036858e-08
367 3.027917e-08
368 3.019046e-08
369 3.010226e-08
370 3.001455e-08
371 2.992746e-08
372 2.984092e-08
373 2.975486e-08
374 2.966936e-08
375 2.958443e-08
376 2.949998e-08
377 2.941601e-08
378 2.933266e-08
379 2.924976e-08
380 2.916732e-08
381 2.908546e-08
382 2.900409e-08
383 2.892316e-08
384 2.884272e-08
385 2.876283e-08
386 2.868336e-08
387 2.860432e-08
388 2.852586e-08
389 2.844782e-08
390 2.837020e-08
391 2.829306e-08
392 2.821641e-08
393 2.814016e-08
394 2.806432e-08
395 2.798902e-08
396 2.791410e-08
397 2.783958e-08
398 2.776552e-08
399 2.769191e-08
400 2.761868e-08
401 2.754583e-08
402 2.747348e-08
403 2.740150e-08
404 2.732989e-08
405 2.725870e-08
406 2.718794e-08
407 2.711753e-08
408 2.704748e-08
409 2.697789e-08
410 2.690867e-08
411 2.683978e-08
412 2.677127e-08
413 2.670319e-08
414 2.663544e-08
415 2.656803e-08
416 2.650101e-08
417 2.643437e-08
418 2.636806e-08
419 2.630206e-08
420 2.623649e-08
421 2.617124e-08
422 2.610630e-08
423 2.604170e-08
424 2.597749e-08
425 2.591359e-08
426 2.585000e-08
427 2.578675e-08
428 2.572385e-08
429 2.566126e-08
430 2.559896e-08
431 2.553701e-08
432 2.547539e-08
433 2.541406e-08
434 2.535302e-08
435 2.529233e-08
436 2.523194e-08
437 2.517183e-08
438 2.511200e-08
439 2.505253e-08
440 2.499333e-08
441 2.493441e-08
442 2.487577e-08
443 2.481746e-08
444 2.475942e-08
445 2.470165e-08
446 2.464415e-08
447 2.458698e-08
448 2.453006e-08
449 2.447340e-08
450 2.441701e-08
451 2.436093e-08
452 2.430510e-08
453 2.424952e-08
454 2.419421e-08
455 2.413919e-08
456 2.408441e-08
457 2.402988e-08
458 2.397560e-08
459 2.392161e-08
460 2.386786e-08
461 2.381434e-08
462 2.376106e-08
463 2.370807e-08
464 2.365531e-08
465 2.360278e-08
466 2.355047e-08
467 2.349845e-08
468 2.344664e-08
469 2.339507e-08
470 2.334371e-08
471 2.329262e-08
472 2.324175e-08
473 2.319110e-08
474 2.314066e-08
475 2.309047e-08
476 2.304051e-08
477 2.299076e-08
478 2.294121e-08
479 2.289190e-08
480 2.284281e-08
481 2.279393e-08
482 2.274526e-08
483 2.269680e-08
484 2.264856e-08
485 2.260053e-08
486 2.255270e-08
487 2.250507e-08
488 2.245766e-08
489 2.241045e-08
490 2.236343e-08
491 2.231662e-08
492 2.227000e-08
493 2.222359e-08
494 2.217737e-08
495 2.213134e-08
496 2.208551e-08
497 2.203987e-08
498 2.199443e-08
499 2.194917e-08
500 2.190409e-08
501 2.185921e-08
502 2.181451e-08
503 2.177000e-08
504 2.172566e-08
505 2.168151e-08
506 2.163754e-08
507 2.159375e-08
508 2.155014e-08
509 2.150670e-08
510 2.146344e-08
511 2.142036e-08
512 2.137744e-08
513 2.133470e-08
514 2.129213e-08
515 2.124973e-08
516 2.120750e-08
517 2.116544e-08
518 2.112354e-08
519 2.108181e-08
520 2.104025e-08
521 2.099884e-08
522 2.095760e-08
523 2.091652e-08
524 2.087560e-08
525 2.083484e-08
526 2.079424e-08
527 2.075379e-08
528 2.071350e-08
529 2.067337e-08
530 2.063339e-08
531 2.059356e-08
532 2.055389e-08
533 2.051436e-08
534 2.047499e-08
535 2.043576e-08
536 2.039669e-08
537 2.035776e-08
538 2.031898e-08
539 2.028034e-08
540 2.024184e-08
541 2.020350e-08
542 2.016529e-08
543 2.012722e-08
544 2.008930e-08
545 2.005152e-08
546 2.001387e-08
547 1.997637e-08
548 1.993900e-08
549 1.990176e-08
550 1.986467e-08
551 1.982771e-08
552 1.979088e-08
553 1.975419e-08
554 1.971762e-08
555 1.968120e-08
556 1.964490e-08
557 1.960873e-08
558 1.957269e-08
559 1.953678e-08
560 1.950100e-08
561 1.946534e-08
562 1.942981e-08
563 1.939440e-08
564 1.935912e-08
565 1.932397e-08
566 1.928894e-08
567 1.925403e-08
568 1.921924e-08
569 1.918457e-08
570 1.915002e-08
571 1.911560e-08
572 1.908129e-08
573 1.904710e-08
574 1.901302e-08
575 1.897907e-08
576 1.894524e-08
577 1.891151e-08
578 1.887790e-08
579 1.884440e-08
580 1.881102e-08
581 1.877776e-08
582 1.874460e-08
583 1.871155e-08
584 1.867861e-08
585 1.864579e-08
586 1.861309e-08
587 1.858048e-08
588 1.854798e-08
589 1.851559e-08
590 1.848331e-08
591 1.845114e-08
592 1.841907e-08
593 1.838710e-08
594 1.835524e-08
595 1.832348e-08
596 1.829184e-08
597 1.826030e-08
598 1.822885e-08
599 1.819750e-08
600 1.816625e-08
601 1.813512e-08
602 1.810409e-08
603 1.807314e-08
604 1.804229e-08
605 1.801155e-08
606 1.798090e-08
607 1.795036e-08
608 1.791992e-08
609 1.788955e-08
610 1.785929e-08
611 1.782913e-08
612 1.779907e-08
613 1.776910e-08
614 1.773921e-08
615 1.770942e-08
616 1.767973e-08
617 1.765013e-08
618 1.762063e-08
619 1.759121e-08
620 1.756188e-08
621 1.753264e-08
622 1.750349e-08
623 1.747444e-08
624 1.744549e-08
625 1.741660e-08
626 1.738780e-08
627 1.735910e-08
628 1.733049e-08
629 1.730197e-08
630 1.727353e-08
631 1.724516e-08
632 1.721688e-08
633 1.718870e-08
634 1.716061e-08
635 1.713260e-08
636 1.710466e-08
637 1.707680e-08
638 1.704903e-08
639 1.702135e-08
640 1.699376e-08
641 1.696624e-08
642 1.693879e-08
643 1.691142e-08
644 1.688415e-08
645 1.685695e-08
646 1.682985e-08
647 1.680281e-08
648 1.677583e-08
649 1.674895e-08
650 1.672214e-08
651 1.669542e-08
652 1.666879e-08
653 1.664221e-08
654 1.661570e-08
655 1.658928e-08
656 1.656294e-08
657 1.653668e-08
658 1.651050e-08
659 1.648436e-08
660 1.645831e-08
661 1.643234e-08
662 1.640644e-08
663 1.638063e-08
664 1.635489e-08
665 1.632920e-08
666 1.630358e-08
667 1.627805e-08
668 1.625259e-08
669 1.622721e-08
670 1.620190e-08
671 1.617663e-08
672 1.615145e-08
673 1.612634e-08
674 1.610130e-08
675 1.607634e-08
676 1.605145e-08
677 1.602660e-08
678 1.600182e-08
679 1.597713e-08
680 1.595250e-08
681 1.592795e-08
682 1.590346e-08
683 1.587902e-08
684 1.585465e-08
685 1.583035e-08
686 1.580612e-08
687 1.578197e-08
688 1.575788e-08
689 1.573383e-08
690 1.570985e-08
691 1.568594e-08
692 1.566210e-08
693 1.563834e-08
694 1.561464e-08
695 1.559097e-08
696 1.556737e-08
697 1.554384e-08
698 1.552038e-08
699 1.549699e-08
700 1.547366e-08
701 1.545037e-08
702 1.542714e-08
703 1.540398e-08
704 1.538089e-08
705 1.535786e-08
706 1.533490e-08
707 1.531198e-08
708 1.528911e-08
709 1.526630e-08
710 1.524357e-08
711 1.522090e-08
712 1.519829e-08
713 1.517573e-08
714 1.515321e-08
715 1.513076e-08
716 1.510837e-08
717 1.508604e-08
718 1.506378e-08
719 1.504158e-08
720 1.501940e-08
721 1.499729e-08
722 1.497523e-08
723 1.495325e-08
724 1.493132e-08
725 1.490946e-08
726 1.488762e-08
727 1.486584e-08
728 1.484411e-08
729 1.482245e-08
730 1.480085e-08
731 1.477931e-08
732 1.475782e-08
733 1.473636e-08
734 1.471496e-08
735 1.469361e-08
736 1.467233e-08
737 1.465111e-08
738 1.462995e-08
739 1.460880e-08
740 1.458771e-08
741 1.456668e-08
742 1.454571e-08
743 1.452480e-08
744 1.450394e-08
745 1.448313e-08
746 1.446234e-08
747 1.444161e-08
748 1.442094e-08
749 1.440033e-08
750 1.437977e-08
751 1.435927e-08
752 1.433880e-08
753 1.431836e-08
754 1.429799e-08
755 1.427766e-08
756 1.425740e-08
757 1.423719e-08
758 1.421703e-08
759 1.419689e-08
760 1.417680e-08
761 1.415676e-08
762 1.413678e-08
763 1.411685e-08
764 1.409698e-08
765 1.407715e-08
766 1.405733e-08
767 1.403757e-08
768 1.401787e-08
769 1.399822e-08
770 1.397862e-08
771 1.395907e-08
772 1.393956e-08
773 1.392007e-08
774 1.390064e-08
775 1.388125e-08
776 1.386192e-08
777 1.384264e-08
778 1.382342e-08
779 1.380421e-08
780 1.378504e-08
781 1.376592e-08
782 1.374685e-08
783 1.372783e-08
784 1.370886e-08
785 1.368995e-08
786 1.367105e-08
787 1.365218e-08
788 1.363337e-08
789 1.361460e-08
790 1.359589e-08
791 1.357722e-08
792 1.355860e-08
793 1.354000e-08
794 1.352144e-08
795 1.350292e-08
796 1.348445e-08
797 1.346603e-08
798 1.344766e-08
799 1.342934e-08
800 1.341103e-08
801 1.339276e-08
802 1.337453e-08
803 1.335635e-08
804 1.333822e-08
805 1.332013e-08
806 1.330209e-08
807 1.328407e-08
808 1.326608e-08
809 1.324814e-08
810 1.323024e-08
811 1.321238e-08
812 1.319458e-08
813 1.317682e-08
814 1.315908e-08
815 1.314137e-08
816 1.312370e-08
817 1.310607e-08
818 1.308849e-08
819 1.307095e-08
820 1.305346e-08
821 1.303601e-08
822 1.301856e-08
823 1.300116e-08
824 1.298380e-08
825 1.296648e-08
826 1.294921e-08
827 1.293198e-08
828 1.291480e-08
829 1.289762e-08
830 1.288047e-08
831 1.286337e-08
832 1.284632e-08
833 1.282930e-08
834 1.281233e-08
835 1.279540e-08
836 1.277850e-08
837 1.276161e-08
838 1.274476e-08
839 1.272795e-08
840 1.271119e-08
841 1.269447e-08
842 1.267779e-08
843 1.266115e-08
844 1.264450e-08
845 1.262790e-08
846 1.261134e-08
847 1.259483e-08
848 1.257835e-08
849 1.256191e-08
850 1.254552e-08
851 1.252913e-08
852 1.251277e-08
853 1.249645e-08
854 1.248017e-08
855 1.246393e-08
856 1.244773e-08
857 1.243157e-08
858 1.241545e-08
859 1.239932e-08
860 1.238323e-08
861 1.236719e-08
862 1.235118e-08
863 1.233521e-08
864 1.231928e-08
865 1.230339e-08
866 1.228752e-08
867 1.227166e-08
868 1.225584e-08
869 1.224005e-08
870 1.222431e-08
871 1.220860e-08
872 1.219293e-08
873 1.217731e-08
874 1.216168e-08
875 1.214608e-08
876 1.213052e-08
877 1.211499e-08
878 1.209951e-08
879 1.208406e-08
880 1.206864e-08
881 1.205327e-08
882 1.203789e-08
883 1.202254e-08
884 1.200723e-08
885 1.199196e-08
886 1.197672e-08
887 1.196152e-08
888 1.194635e-08
889 1.193122e-08
890 1.191608e-08
891 1.190098e-08
892 1.188592e-08
893 1.187089e-08
894 1.185589e-08
895 1.184094e-08
896 1.182601e-08
897 1.181112e-08
898 1.179622e-08
899 1.178136e-08
900 1.176653e-08
901 1.175174e-08
902 1.173698e-08
903 1.172226e-08
904 1.170758e-08
905 1.169291e-08
906 1.167825e-08
907 1.166362e-08
908 1.164903e-08
909 1.163447e-08
910 1.161994e-08
911 1.160545e-08
912 1.159099e-08
913 1.157656e-08
914 1.156212e-08
915 1.154772e-08
916 1.153335e-08
917 1.151902e-08
918 1.150472e-08
919 1.149045e-08
920 1.147622e-08
921 1.146201e-08
922 1.144780e-08
923 1.143362e-08
924 1.141947e-08
925 1.140536e-08
926 1.139127e-08
927 1.137723e-08
928 1.136321e-08
929 1.134922e-08
930 1.133523e-08
931 1.132127e-08
932 1.130733e-08
933 1.129343e-08
934 1.127957e-08
935 1.126573e-08
936 1.125192e-08
937 1.123815e-08
938 1.122438e-08
939 1.121063e-08
940 1.119690e-08
941 1.118321e-08
942 1.116955e-08
943 1.115592e-08
944 1.114233e-08
945 1.112876e-08
946 1.111521e-08
947 1.110166e-08
948 1.108814e-08
949 1.107465e-08
950 1.106119e-08
951 1.104777e-08
952 1.103437e-08
953 1.102100e-08
954 1.100767e-08
955 1.099432e-08
956 1.098100e-08
957 1.096771e-08
958 1.095445e-08
959 1.094122e-08
960 1.092802e-08
961 1.091485e-08
962 1.090171e-08
963 1.088858e-08
964 1.087546e-08
965 1.086236e-08
966 1.084930e-08
967 1.083626e-08
968 1.082325e-08
969 1.081027e-08
970 1.079732e-08
971 1.078440e-08
972 1.077147e-08
973 1.075856e-08
974 1.074568e-08
975 1.073283e-08
976 1.072001e-08
977 1.070722e-08
978 1.069446e-08
979 1.068172e-08
980 1.066900e-08
981 1.065628e-08
982 1.064358e-08
983 1.063092e-08
984 1.061828e-08
985 1.060567e-08
986 1.059309e-08
987 1.058053e-08
988 1.056801e-08
989 1.055548e-08
990 1.054297e-08
991 1.053048e-08
992 1.051802e-08
993 1.050559e-08
994 1.049318e-08
995 1.048080e-08
996 1.046845e-08
997 1.045613e-08
998 1.044380e-08
999 1.043148e-08
1000 1.041920e-08
1001 1.040694e-08
1002 1.039471e-08
1003 1.038250e-08
1004 1.037032e-08
1005 1.035817e-08
1006 1.034604e-08
1007 1.033390e-08
1008 1.032179e-08
1009 1.030970e-08
1010 1.029763e-08
1011 1.028560e-08
1012 1.027358e-08
1013 1.026160e-08
1014 1.024964e-08
1015 1.023770e-08
1016 1.022576e-08
1017 1.021383e-08
1018 1.020193e-08
1019 1.019006e-08
1020 1.017821e-08
1021 1.016639e-08
1022 1.015459e-08
1023 1.014282e-08
1024 1.013108e-08
1025 1.011931e-08
1026 1.010758e-08
1027 1.009587e-08
1028 1.008418e-08
1029 1.007252e-08
1030 1.006088e-08
1031 1.004927e-08
1032 1.003768e-08
1033 1.002612e-08
1034 1.001454e-08
1035 1.000299e-08
1036 9.991456e-09
1037 9.979950e-09
1038 9.968468e-09
1039 9.957011e-09
1040 9.945578e-09
1041 9.934169e-09
1042 9.922784e-09
1043 9.911394e-09
1044 9.900017e-09
1045 9.888663e-09
1046 9.877334e-09
1047 9.866029e-09
1048 9.854747e-09
1049 9.843489e-09
1050 9.832254e-09
1051 9.821043e-09
1052 9.809837e-09
1053 9.798633e-09
1054 9.787453e-09
1055 9.776296e-09
1056 9.765162e-09
1057 9.754051e-09
1058 9.742964e-09
1059 9.731899e-09
1060 9.720858e-09
1061 9.709835e-09
1062 9.698800e-09
1063 9.687788e-09
1064 9.676799e-09
1065 9.665833e-09
1066 9.654889e-09
1067 9.643968e-09
1068 9.633070e-09
1069 9.622194e-09
1070 9.611340e-09
1071 9.600482e-09
1072 9.589635e-09
1073 9.578810e-09
1074 9.568007e-09
1075 9.557226e-09
1076 9.546468e-09
1077 9.535731e-09
1078 9.525017e-09
1079 9.514325e-09
1080 9.503647e-09
1081 9.492960e-09
1082 9.482295e-09
1083 9.471652e-09
1084 9.461030e-09
1085 9.450430e-09
1086 9.439852e-09
1087 9.429295e-09
1088 9.418760e-09
1089 9.408246e-09
1090 9.397732e-09
1091 9.387223e-09
1092 9.376735e-09
1093 9.366269e-09
1094 9.355824e-09
1095 9.345400e-09
1096 9.334997e-09
1097 9.324615e-09
1098 9.314255e-09
1099 9.303915e-09
1100 9.293562e-09
1101 9.283226e-09
1102 9.272912e-09
1103 9.262618e-09
1104 9.252345e-09
1105 9.242093e-09
1106 9.231861e-09
1107 9.221650e-09
1108 9.211459e-09
1109 9.201283e-09
1110 9.191096e-09
1111 9.180930e-09
1112 9.170784e-09
1113 9.160658e-09
1114 9.150552e-09
1115 9.140467e-09
1116 9.130402e-09
1117 9.120357e-09
1118 9.110331e-09
1119 9.100316e-09
1120 9.090294e-09
1121 9.080292e-09
1122 9.070310e-09
1123 9.060348e-09
1124 9.050406e-09
1125 9.040483e-09
1126 9.030580e-09
1127 9.020697e-09
1128 9.010833e-09
1129 9.000976e-09
1130 8.991115e-09
1131 8.981274e-09
1132 8.971452e-09
1133 8.961650e-09
1134 8.951867e-09
1135 8.942103e-09
1136 8.932358e-09
1137 8.922633e-09
1138 8.912926e-09
1139 8.903228e-09
1140 8.893524e-09
1141 8.883839e-09
1142 8.874173e-09
1143 8.864526e-09
1144 8.854898e-09
1145 8.845289e-09
1146 8.835699e-09
1147 8.826127e-09
1148 8.816574e-09
1149 8.807033e-09
1150 8.797482e-09
1151 8.787950e-09
1152 8.778436e-09
1153 8.768941e-09
1154 8.759464e-09
1155 8.750006e-09
1156 8.740566e-09
1157 8.731145e-09
1158 8.721742e-09
1159 8.712357e-09
1160 8.702955e-09
1161 8.693572e-09
1162 8.684206e-09
1163 8.674859e-09
1164 8.665530e-09
1165 8.656219e-09
1166 8.646926e-09
1167 8.637651e-09
1168 8.628394e-09
1169 8.619155e-09
1170 8.609909e-09
1171 8.600671e-09
1172 8.591451e-09
1173 8.582248e-09
1174 8.573063e-09
1175 8.563896e-09
1176 8.554746e-09
1177 8.545614e-09
1178 8.536499e-09
1179 8.527402e-09
1180 8.518312e-09
1181 8.509215e-09
1182 8.500136e-09
1183 8.491075e-09
1184 8.482030e-09
1185 8.473003e-09
1186 8.463993e-09
1187 8.455001e-09
1188 8.446025e-09
1189 8.437067e-09
1190 8.428125e-09
1191 8.419173e-09
1192 8.410232e-09
1193 8.401308e-09
1194 8.392401e-09
1195 8.383510e-09
1196 8.374637e-09
1197 8.365780e-09
1198 8.356941e-09
1199 8.348118e-09
1200 8.339311e-09
1201 8.330513e-09
1202 8.321706e-09
1203 8.312917e-09
1204 8.304144e-09
1205 8.295387e-09
1206 8.286647e-09
1207 8.277924e-09
1208 8.269216e-09
1209 8.260526e-09
1210 8.251851e-09
1211 8.243193e-09
1212 8.234531e-09
1213 8.225873e-09
1214 8.217231e-09
1215 8.208605e-09
1216 8.199995e-09
1217 8.191401e-09
1218 8.182824e-09
1219 8.174262e-09
1220 8.165716e-09
1221 8.157186e-09
1222 8.148672e-09
1223 8.140148e-09
1224 8.131633e-09
1225 8.123135e-09
1226 8.114652e-09
1227 8.106185e-09
1228 8.097734e-09
1229 8.089299e-09
1230 8.080879e-09
1231 8.072475e-09
1232 8.064086e-09
1233 8.055713e-09
1234 8.047324e-09
1235 8.038950e-09
1236 8.030592e-09
1237 8.022249e-09
1238 8.013921e-09
1239 8.005609e-09
1240 7.997312e-09
1241 7.989031e-09
1242 7.980764e-09
1243 7.972513e-09
1244 7.964277e-09
1245 7.956025e-09
1246 7.947788e-09
1247 7.939566e-09
1248 7.931359e-09
1249 7.923167e-09
1250 7.914991e-09
1251 7.906829e-09
1252 7.898682e-09
1253 7.890550e-09
1254 7.882433e-09
1255 7.874331e-09
1256 7.866214e-09
1257 7.858111e-09
1258 7.850022e-09
1259 7.841948e-09
1260 7.833889e-09
1261 7.825844e-09
1262 7.817815e-09
1263 7.809799e-09
1264 7.801799e-09
1265 7.793812e-09
1266 7.785841e-09
1267 7.777859e-09
1268 7.769885e-09
1269 7.761927e-09
1270 7.753982e-09
1271 7.746053e-09
1272 7.738137e-09
1273 7.730236e-09
1274 7.722349e-09
1275 7.714476e-09
1276 7.706617e-09
1277 7.698773e-09
1278 7.690926e-09
1279 7.683080e-09
1280 7.675248e-09
1281 7.667430e-09
1282 7.659626e-09
1283 7.651836e-09
1284 7.644061e-09
1285 7.636299e-09
1286 7.628551e-09
1287 7.620817e-09
1288 7.613097e-09
1289 7.605384e-09
1290 7.597662e-09
1291 7.589954e-09
1292 7.582259e-09
1293 7.574579e-09
1294 7.566912e-09
1295 7.559259e-09
1296 7.551619e-09
1297 7.543993e-09
1298 7.536380e-09
1299 7.528782e-09
1300 7.521196e-09
1301 7.513602e-09
1302 7.506015e-09
1303 7.498441e-09
1304 7.490880e-09
1305 7.483333e-09
1306 7.475799e-09
1307 7.468279e-09
1308 7.460772e-09
1309 7.453278e-09
1310 7.445798e-09
1311 7.438330e-09
1312 7.430870e-09
1313 7.423401e-09
1314 7.415944e-09
1315 7.408501e-09
1316 7.401071e-09
1317 7.393654e-09
1318 7.386250e-09
1319 7.378859e-09
1320 7.371481e-09
1321 7.364117e-09
1322 7.356765e-09
1323 7.349425e-09
1324 7.342083e-09
1325 7.334742e-09
1326 7.327413e-09
1327 7.320098e-09
1328 7.312795e-09
1329 7.305505e-09
1330 7.298227e-09
1331 7.290963e-09
1332 7.283711e-09
1333 7.276471e-09
1334 7.269245e-09
1335 7.262030e-09
1336 7.254807e-09
1337 7.247590e-09
1338 7.240386e-09
1339 7.233194e-09
1340 7.226015e-09
1341 7.218849e-09
1342 7.211695e-09
1343 7.204553e-09
1344 7.197424e-09
1345 7.190307e-09
1346 7.183202e-09
1347 7.176110e-09
1348 7.169004e-09
1349 7.161909e-09
1350 7.154827e-09
1351 7.147756e-09
1352 7.140698e-09
1353 7.133652e-09
1354 7.126618e-09
1355 7.119596e-09
1356 7.112587e-09
1357 7.105589e-09
1358 7.098603e-09
1359 7.091630e-09
1360 7.084642e-09
1361 7.077666e-09
1362 7.070702e-09
1363 7.063749e-09
1364 7.056809e-09
1365 7.049880e-09
1366 7.042964e-09
1367 7.036059e-09
1368 7.029166e-09
1369 7.022284e-09
1370 7.015415e-09
1371 7.008557e-09
1372 7.001688e-09
1373 6.994827e-09
1374 6.987978e-09
1375 6.981141e-09
1376 6.974315e-09
1377 6.967501e-09
1378 6.960699e-09
1379 6.953908e-09
1380 6.947129e-09
1381 6.940361e-09
1382 6.933605e-09
1383 6.926860e-09
1384 6.920108e-09
1385 6.913361e-09
1386 6.906624e-09
1387 6.899900e-09
1388 6.893186e-09
1389 6.886484e-09
1390 6.879793e-09
1391 6.873114e-09
1392 6.866445e-09
1393 6.859788e-09
1394 6.853143e-09
1395 6.846508e-09
1396 6.839874e-09
1397 6.833236e-09
1398 6.826610e-09
1399 6.819995e-09
1400 6.813391e-09
1401 6.806798e-09
1402 6.800216e-09
1403 6.793645e-09
1404 6.787085e-09
1405 6.780536e-09
1406 6.773998e-09
1407 6.767471e-09
1408 6.760954e-09
1409 6.754424e-09
1410 6.747905e-09
1411 6.741397e-09
1412 6.734900e-09
1413 6.728413e-09
1414 6.721937e-09
1415 6.715472e-09
1416 6.709018e-09
1417 6.702575e-09
1418 6.696142e-09
1419 6.689720e-09
1420 6.683309e-09
1421 6.676896e-09
1422 6.670481e-09
1423 6.664078e-09
1424 6.657684e-09
1425 6.651302e-09
1426 6.644930e-09
1427 6.638568e-09
1428 6.632218e-09
1429 6.625877e-09
1430 6.619547e-09
1431 6.613228e-09
1432 6.606919e-09
1433 6.600620e-09
1434 6.594311e-09
1435 6.588009e-09
1436 6.581717e-09
1437 6.575436e-09
1438 6.569166e-09
1439 6.562905e-09
1440 6.556655e-09
1441 6.550415e-09
1442 6.544186e-09
1443 6.537967e-09
1444 6.531758e-09
1445 6.525559e-09
1446 6.519366e-09
1447 6.513164e-09
1448 6.506972e-09
1449 6.500790e-09
1450 6.494618e-09
1451 6.488457e-09
1452 6.482305e-09
1453 6.476163e-09
1454 6.470032e-09
1455 6.463911e-09
1456 6.457799e-09
1457 6.451698e-09
1458 6.445606e-09
1459 6.439517e-09
1460 6.433422e-09
1461 6.427337e-09
1462 6.421262e-09
1463 6.415197e-09
1464 6.409141e-09
1465 6.403096e-09
1466 6.397060e-09
1467 6.391034e-09
1468 6.385018e-09
1469 6.379012e-09
1470 6.373015e-09
1471 6.367028e-09
1472 6.361042e-09
1473 6.355052e-09
1474 6.349071e-09
1475 6.343100e-09
1476 6.337139e-09
1477 6.331187e-09
1478 6.325245e-09
1479 6.319313e-09
1480 6.313390e-09
1481 6.307476e-09
1482 6.301572e-09
1483 6.295678e-09
1484 6.289793e-09
1485 6.283911e-09
1486 6.278023e-09
1487 6.272144e-09
1488 6.266274e-09
1489 6.260414e-09
1490 6.254563e-09
1491 6.248722e-09
1492 6.242890e-09
1493 6.237068e-09
1494 6.231254e-09
1495 6.225450e-09
1496 6.219656e-09
1497 6.213870e-09
1498 6.208092e-09
1499 6.202303e-09
1500 6.196523e-09
1501 6.190753e-09
1502 6.184992e-09
1503 6.179240e-09
1504 6.173497e-09
1505 6.167763e-09
1506 6.162038e-09
1507 6.156323e-09
1508 6.150616e-09
1509 6.144919e-09
1510 6.139231e-09
1511 6.133551e-09
1512 6.127864e-09
1513 6.122181e-09
1514 6.116507e-09
1515 6.110842e-09
1516 6.105186e-09
1517 6.099540e-09
1518 6.093902e-09
1519 6.088273e-09
1520 6.082652e-09
1521 6.077041e-09
1522 6.071439e-09
1523 6.065845e-09
1524 6.060260e-09
1525 6.054677e-09
1526 6.049088e-09
1527 6.043509e-09
1528 6.037938e-09
1529 6.032376e-09
1530 6.026823e-09
1531 6.021278e-09
1532 6.015742e-09
1533 6.010215e-09
1534 6.004697e-09
1535 5.999187e-09
1536 5.993686e-09
1537 5.988193e-09
1538 5.982709e-09
1539 5.977217e-09
1540 5.971730e-09
1541 5.966251e-09
1542 5.960780e-09
1543 5.955318e-09
1544 5.949865e-09
1545 5.944420e-09
1546 5.938984e-09
1547 5.933556e-09
1548 5.928137e-09
1549 5.922726e-09
1550 5.917324e-09
1551 5.911930e-09
1552 5.906541e-09
1553 5.901143e-09
1554 5.895754e-09
1555 5.890373e-09
1556 5.885001e-09
1557 5.879636e-09
1558 5.874281e-09
1559 5.868933e-09
1560 5.863594e-09
1561 5.858263e-09
1562 5.852940e-09
1563 5.847626e-09
1564 5.842319e-09
1565 5.837021e-09
1566 5.831724e-09
1567 5.826422e-09
1568 5.821129e-09
1569 5.815843e-09
1570 5.810566e-09
1571 5.805297e-09
1572 5.800036e-09
1573 5.794783e-09
1574 5.789539e-09
1575 5.784302e-09
1576 5.779074e-09
1577 5.773853e-09
1578 5.768640e-09
1579 5.763436e-09
1580 5.758230e-09
1581 5.753022e-09
1582 5.747822e-09
1583 5.742630e-09
1584 5.737446e-09
1585 5.732269e-09
1586 5.727101e-09
1587 5.721940e-09
1588 5.716788e-09
1589 5.711643e-09
1590 5.706506e-09
1591 5.701377e-09
1592 5.696256e-09
1593 5.691143e-09
1594 5.686029e-09
1595 5.680912e-09
1596 5.675803e-09
1597 5.670702e-09
1598 5.665608e-09
1599 5.660522e-09
1600 5.655444e-09
1601 5.650373e-09
1602 5.645311e-09
1603 5.640256e-09
1604 5.635208e-09
1605 5.630169e-09
1606 5.625137e-09
1607 5.620112e-09
1608 5.615090e-09
1609 5.610062e-09
1610 5.605042e-09
1611 5.600029e-09
1612 5.595024e-09
1613 5.590026e-09
1614 5.585036e-09
1615 5.580053e-09
1616 5.575078e-09
1617 5.570111e-09
1618 5.565151e-09
1619 5.560198e-09
1620 5.555253e-09
1621 5.550315e-09
1622 5.545385e-09
1623 5.540444e-09
1624 5.535510e-09
1625 5.530584e-09
1626 5.525664e-09
1627 5.520753e-09
1628 5.515848e-09
1629 5.510952e-09
1630 5.506062e-09
1631 5.501180e-09
1632 5.496305e-09
1633 5.491437e-09
1634 5.486577e-09
1635 5.481724e-09
1636 5.476878e-09
1637 5.472029e-09
1638 5.467179e-09
1639 5.462337e-09
1640 5.457502e-09
1641 5.452674e-09
1642 5.447854e-09
1643 5.443041e-09
1644 5.438234e-09
1645 5.433435e-09
1646 5.428643e-09
1647 5.423859e-09
1648 5.419081e-09
1649 5.414311e-09
1650 5.409547e-09
1651 5.404790e-09
1652 5.400023e-09
1653 5.395263e-09
1654 5.390510e-09
1655 5.385764e-09
1656 5.381026e-09
1657 5.376294e-09
1658 5.371569e-09
1659 5.366851e-09
1660 5.362140e-09
1661 5.357437e-09
1662 5.352740e-09
1663 5.348050e-09
1664 5.343367e-09
1665 5.338691e-09
1666 5.334015e-09
1667 5.329335e-09
1668 5.324663e-09
1669 5.319997e-09
1670 5.315338e-09
1671 5.310685e-09
1672 5.306040e-09
1673 5.301402e-09
1674 5.296770e-09
1675 5.292145e-09
1676 5.287527e-09
1677 5.282916e-09
1678 5.278311e-09
1679 5.273713e-09
1680 5.269122e-09
1681 5.264528e-09
1682 5.259934e-09
1683 5.255346e-09
1684 5.250765e-09
1685 5.246190e-09
1686 5.241623e-09
1687 5.237061e-09
1688 5.232507e-09
1689 5.227959e-09
1690 5.223418e-09
1691 5.218884e-09
1692 5.214356e-09
1693 5.209834e-09
1694 5.205320e-09
1695 5.200812e-09
1696 5.196300e-09
1697 5.191788e-09
1698 5.187283e-09
1699 5.182784e-09
1700 5.178292e-09
1701 5.173807e-09
1702 5.169328e-09
1703 5.164855e-09
1704 5.160389e-09
1705 5.155930e-09
1706 5.151477e-09
1707 5.147030e-09
1708 5.142590e-09
1709 5.138156e-09
1710 5.133729e-09
1711 5.129299e-09
1712 5.124868e-09
1713 5.120443e-09
1714 5.116025e-09
1715 5.111614e-09
1716 5.107208e-09
1717 5.102809e-09
1718 5.098417e-09
1719 5.094031e-09
1720 5.089651e-09
1721 5.085277e-09
1722 5.080910e-09
1723 5.076549e-09
1724 5.072194e-09
1725 5.067845e-09
1726 5.063497e-09
1727 5.059145e-09
1728 5.054799e-09
1729 5.050460e-09
1730 5.046127e-09
1731 5.041799e-09
1732 5.037479e-09
1733 5.033164e-09
1734 5.028855e-09
1735 5.024553e-09
1736 5.020257e-09
1737 5.015967e-09
1738 5.011683e-09
1739 5.007405e-09
1740 5.003133e-09
1741 4.998867e-09
1742 4.994592e-09
1743 4.990323e-09
1744 4.986060e-09
1745 4.981803e-09
1746 4.977552e-09
1747 4.973308e-09
1748 4.969069e-09
1749 4.964836e-09
1750 4.960609e-09
1751 4.956389e-09
1752 4.952174e-09
1753 4.947965e-09
1754 4.943763e-09
1755 4.939566e-09
1756 4.935375e-09
1757 4.931182e-09
1758 4.926987e-09
1759 4.922799e-09
1760 4.918617e-09
1761 4.914440e-09
1762 4.910270e-09
1763 4.906105e-09
1764 4.901946e-09
1765 4.897794e-09
1766 4.893647e-09
1767 4.889506e-09
1768 4.885370e-09
1769 4.881241e-09
1770 4.877117e-09
1771 4.872999e-09
1772 4.868887e-09
1773 4.864767e-09
1774 4.860651e-09
1775 4.856542e-09
1776 4.852438e-09
1777 4.848340e-09
1778 4.844247e-09
1779 4.840161e-09
1780 4.836080e-09
1781 4.832005e-09
1782 4.827935e-09
1783 4.823872e-09
1784 4.819814e-09
1785 4.815762e-09
1786 4.811715e-09
1787 4.807674e-09
1788 4.803635e-09
1789 4.799591e-09
1790 4.795552e-09
1791 4.791519e-09
1792 4.787492e-09
1793 4.783470e-09
1794 4.779454e-09
1795 4.775444e-09
1796 4.771439e-09
1797 4.767439e-09
1798 4.763446e-09
1799 4.759457e-09
1800 4.755475e-09
1801 4.751498e-09
1802 4.747526e-09
1803 4.743560e-09
1804 4.739594e-09
1805 4.735625e-09
1806 4.731661e-09
1807 4.727703e-09
1808 4.723750e-09
1809 4.719802e-09
1810 4.715861e-09
1811 4.711924e-09
1812 4.707993e-09
1813 4.704068e-09
1814 4.700147e-09
1815 4.696233e-09
1816 4.692323e-09
1817 4.688420e-09
1818 4.684521e-09
1819 4.680628e-09
1820 4.676736e-09
1821 4.672839e-09
1822 4.668948e-09
1823 4.665063e-09
1824 4.661182e-09
1825 4.657308e-09
1826 4.653438e-09
1827 4.649574e-09
1828 4.645715e-09
1829 4.641861e-09
1830 4.638013e-09
1831 4.634170e-09
1832 4.630332e-09
1833 4.626499e-09
1834 4.622672e-09
1835 4.618850e-09
1836 4.615031e-09
1837 4.611206e-09
1838 4.607386e-09
1839 4.603571e-09
1840 4.599762e-09
1841 4.595958e-09
1842 4.592158e-09
1843 4.588365e-09
1844 4.584576e-09
1845 4.580792e-09
1846 4.577014e-09
1847 4.573241e-09
1848 4.569473e-09
1849 4.565710e-09
1850 4.561952e-09
1851 4.558199e-09
1852 4.554452e-09
1853 4.550698e-09
1854 4.546947e-09
1855 4.543202e-09
1856 4.539461e-09
1857 4.535726e-09
1858 4.531995e-09
1859 4.528270e-09
1860 4.524550e-09
1861 4.520834e-09
1862 4.517124e-09
1863 4.513419e-09
1864 4.509719e-09
1865 4.506024e-09
1866 4.502334e-09
1867 4.498649e-09
1868 4.494969e-09
1869 4.491289e-09
1870 4.487605e-09
1871 4.483927e-09
1872 4.480254e-09
1873 4.476585e-09
1874 4.472922e-09
1875 4.469264e-09
1876 4.465610e-09
1877 4.461962e-09
1878 4.458318e-09
1879 4.454679e-09
1880 4.451046e-09
1881 4.447417e-09
1882 4.443793e-09
1883 4.440173e-09
1884 4.436559e-09
1885 4.432950e-09
1886 4.429335e-09
1887 4.425723e-09
1888 4.422115e-09
1889 4.418512e-09
1890 4.414914e-09
1891 4.411321e-09
1892 4.407732e-09
1893 4.404149e-09
1894 4.400570e-09
1895 4.396996e-09
1896 4.393427e-09
1897 4.389863e-09
1898 4.386303e-09
1899 4.382748e-09
1900 4.379198e-09
1901 4.375653e-09
1902 4.372112e-09
1903 4.368563e-09
1904 4.365020e-09
1905 4.361481e-09
1906 4.357946e-09
1907 4.354417e-09
1908 4.350892e-09
1909 4.347372e-09
1910 4.343856e-09
1911 4.340346e-09
1912 4.336839e-09
1913 4.333338e-09
1914 4.329841e-09
1915 4.326349e-09
1916 4.322862e-09
1917 4.319379e-09
1918 4.315901e-09
1919 4.312425e-09
1920 4.308944e-09
1921 4.305467e-09
1922 4.301995e-09
1923 4.298528e-09
1924 4.295065e-09
1925 4.291607e-09
1926 4.288153e-09
1927 4.284704e-09
1928 4.281259e-09
1929 4.277819e-09
1930 4.274384e-09
1931 4.270953e-09
1932 4.267527e-09
1933 4.264105e-09
1934 4.260687e-09
1935 4.257274e-09
1936 4.253865e-09
1937 4.250449e-09
1938 4.247038e-09
1939 4.243631e-09
1940 4.240229e-09
1941 4.236831e-09
1942 4.233437e-09
1943 4.230048e-09
1944 4.226664e-09
1945 4.223284e-09
1946 4.219908e-09
1947 4.216537e-09
1948 4.213170e-09
1949 4.209808e-09
1950 4.206450e-09
1951 4.203097e-09
1952 4.199747e-09
1953 4.196403e-09
1954 4.193052e-09
1955 4.189704e-09
1956 4.186361e-09
1957 4.183022e-09
1958 4.179687e-09
1959 4.176357e-09
1960 4.173031e-09
1961 4.169710e-09
1962 4.166393e-09
1963 4.163080e-09
1964 4.159771e-09
1965 4.156467e-09
1966 4.153167e-09
1967 4.149871e-09
1968 4.146580e-09
1969 4.143293e-09
1970 4.140010e-09
1971 4.136726e-09
1972 4.133440e-09
1973 4.130159e-09
1974 4.126881e-09
1975 4.123609e-09
1976 4.120340e-09
1977 4.117076e-09
1978 4.113815e-09
1979 4.110559e-09
1980 4.107308e-09
1981 4.104060e-09
1982 4.100817e-09
1983 4.097578e-09
1984 4.094343e-09
1985 4.091112e-09
1986 4.087886e-09
1987 4.084663e-09
1988 4.081445e-09
1989 4.078220e-09
1990 4.074999e-09
1991 4.071782e-09
1992 4.068569e-09
1993 4.065360e-09
1994 4.062156e-09
1995 4.058956e-09
1996 4.055759e-09
1997 4.052567e-09
1998 4.049379e-09
1999 4.046196e-09
2000 4.043016e-09
2001 4.039840e-09
2002 4.036668e-09
2003 4.033501e-09
2004 4.030337e-09
2005 4.027178e-09
2006 4.024019e-09
2007 4.020856e-09
2008 4.017698e-09
2009 4.014544e-09
2010 4.011394e-09
2011 4.008248e-09
2012 4.005106e-09
2013 4.001968e-09
2014 3.998834e-09
2015 3.995704e-09
2016 3.992578e-09
2017 3.989456e-09
2018 3.986339e-09
2019 3.983225e-09
2020 3.980115e-09
2021 3.977008e-09
2022 3.973906e-09
2023 3.970808e-09
2024 3.967708e-09
2025 3.964607e-09
2026 3.961511e-09
2027 3.958418e-09
2028 3.955329e-09
2029 3.952243e-09
2030 3.949162e-09
2031 3.946085e-09
2032 3.943012e-09
2033 3.939942e-09
2034 3.936877e-09
2035 3.933815e-09
2036 3.930757e-09
2037 3.927703e-09
2038 3.924653e-09
2039 3.921607e-09
2040 3.918565e-09
2041 3.915527e-09
2042 3.912486e-09
2043 3.909445e-09
2044 3.906408e-09
2045 3.903374e-09
2046 3.900345e-09
2047 3.897319e-09
2048 3.894297e-09
2049 3.891279e-09
2050 3.888264e-09
2051 3.885254e-09
2052 3.882247e-09
2053 3.879244e-09
2054 3.876245e-09
2055 3.873250e-09
2056 3.870258e-09
2057 3.867270e-09
2058 3.864286e-09
2059 3.861306e-09
2060 3.858325e-09
2061 3.855342e-09
2062 3.852363e-09
2063 3.849387e-09
2064 3.846416e-09
2065 3.843448e-09
2066 3.840483e-09
2067 3.837523e-09
2068 3.834566e-09
2069 3.831613e-09
2070 3.828663e-09
2071 3.825718e-09
2072 3.822776e-09
2073 3.819837e-09
2074 3.816903e-09
2075 3.813972e-09
2076 3.811044e-09
2077 3.808120e-09
2078 3.805199e-09
2079 3.802273e-09
2080 3.799350e-09
2081 3.796431e-09
2082 3.793516e-09
2083 3.790604e-09
2084 3.787696e-09
2085 3.784792e-09
2086 3.781891e-09
2087 3.778994e-09
2088 3.776100e-09
2089 3.773210e-09
2090 3.770324e-09
2091 3.767441e-09
2092 3.764562e-09
2093 3.761686e-09
2094 3.758814e-09
2095 3.755945e-09
2096 3.753080e-09
2097 3.750212e-09
2098 3.747345e-09
2099 3.744481e-09
2100 3.741620e-09
2101 3.738764e-09
2102 3.735910e-09
2103 3.733060e-09
2104 3.730214e-09
2105 3.727371e-09
2106 3.724532e-09
2107 3.721697e-09
2108 3.718864e-09
2109 3.716036e-09
2110 3.713210e-09
2111 3.710389e-09
2112 3.707570e-09
2113 3.704756e-09
2114 3.701944e-09
2115 3.699136e-09
2116 3.696322e-09
2117 3.693512e-09
2118 3.690705e-09
2119 3.687902e-09
2120 3.685102e-09
2121 3.682305e-09
2122 3.679512e-09
2123 3.676722e-09
2124 3.673936e-09
2125 3.671153e-09
2126 3.668374e-09
2127 3.665598e-09
2128 3.662826e-09
2129 3.660056e-09
2130 3.657291e-09
2131 3.654528e-09
2132 3.651769e-09
2133 3.649014e-09
2134 3.646259e-09
2135 3.643501e-09
2136 3.640746e-09
2137 3.637995e-09
2138 3.635247e-09
2139 3.632503e-09
2140 3.629761e-09
2141 3.627023e-09
2142 3.624289e-09
2143 3.621558e-09
2144 3.618830e-09
2145 3.616105e-09
2146 3.613384e-09
2147 3.610666e-09
2148 3.607952e-09
2149 3.605240e-09
2150 3.602532e-09
2151 3.599828e-09
2152 3.597126e-09
2153 3.594425e-09
2154 3.591722e-09
2155 3.589021e-09
2156 3.586324e-09
2157 3.583630e-09
2158 3.580939e-09
2159 3.578252e-09
2160 3.575568e-09
2161 3.572887e-09
2162 3.570209e-09
2163 3.567535e-09
2164 3.564864e-09
2165 3.562196e-09
2166 3.559531e-09
2167 3.556869e-09
2168 3.554211e-09
2169 3.551556e-09
2170 3.548904e-09
2171 3.546256e-09
2172 3.543609e-09
2173 3.540958e-09
2174 3.538310e-09
2175 3.535665e-09
2176 3.533024e-09
2177 3.530386e-09
2178 3.527751e-09
2179 3.525119e-09
2180 3.522490e-09
2181 3.519865e-09
2182 3.517242e-09
2183 3.514623e-09
2184 3.512007e-09
2185 3.509394e-09
2186 3.506785e-09
2187 3.504178e-09
2188 3.501574e-09
2189 3.498974e-09
2190 3.496377e-09
2191 3.493783e-09
2192 3.491184e-09
2193 3.488588e-09
2194 3.485994e-09
2195 3.483404e-09
2196 3.480817e-09
2197 3.478233e-09
2198 3.475652e-09
2199 3.473075e-09
2200 3.470500e-09
2201 3.467928e-09
2202 3.465360e-09
2203 3.462794e-09
2204 3.460232e-09
2205 3.457672e-09
2206 3.455116e-09
2207 3.452563e-09
2208 3.450012e-09
2209 3.447465e-09
2210 3.444921e-09
2211 3.442376e-09
2212 3.439830e-09
2213 3.437287e-09
2214 3.434746e-09
2215 3.432209e-09
2216 3.429675e-09
2217 3.427144e-09
2218 3.424615e-09
2219 3.422090e-09
2220 3.419568e-09
2221 3.417049e-09
2222 3.414532e-09
2223 3.412019e-09
2224 3.409509e-09
2225 3.407001e-09
2226 3.404497e-09
2227 3.401996e-09
2228 3.399497e-09
2229 3.397002e-09
2230 3.394509e-09
2231 3.392013e-09
2232 3.389519e-09
2233 3.387027e-09
2234 3.384538e-09
2235 3.382052e-09
2236 3.379569e-09
2237 3.377089e-09
2238 3.374612e-09
2239 3.372138e-09
2240 3.369667e-09
2241 3.367198e-09
2242 3.364733e-09
2243 3.362271e-09
2244 3.359811e-09
2245 3.357354e-09
2246 3.354900e-09
2247 3.352449e-09
2248 3.350001e-09
2249 3.347556e-09
2250 3.345114e-09
2251 3.342667e-09
2252 3.340222e-09
2253 3.337781e-09
2254 3.335342e-09
2255 3.332906e-09
2256 3.330473e-09
2257 3.328043e-09
2258 3.325616e-09
2259 3.323192e-09
2260 3.320770e-09
2261 3.318351e-09
2262 3.315935e-09
2263 3.313522e-09
2264 3.311112e-09
2265 3.308705e-09
2266 3.306300e-09
2267 3.303898e-09
2268 3.301499e-09
2269 3.299103e-09
2270 3.296709e-09
2271 3.294311e-09
2272 3.291916e-09
2273 3.289523e-09
2274 3.287133e-09
2275 3.284746e-09
2276 3.282362e-09
2277 3.279980e-09
2278 3.277602e-09
2279 3.275225e-09
2280 3.272852e-09
2281 3.270482e-09
2282 3.268114e-09
2283 3.265749e-09
2284 3.263387e-09
2285 3.261027e-09
2286 3.258670e-09
2287 3.256316e-09
2288 3.253965e-09
2289 3.251616e-09
2290 3.249271e-09
2291 3.246922e-09
2292 3.244574e-09
2293 3.242229e-09
2294 3.239886e-09
2295 3.237546e-09
2296 3.235209e-09
2297 3.232875e-09
2298 3.230543e-09
2299 3.228214e-09
2300 3.225888e-09
2301 3.223565e-09
2302 3.221244e-09
2303 3.218926e-09
2304 3.216610e-09
2305 3.214297e-09
2306 3.211987e-09
2307 3.209680e-09
2308 3.207375e-09
2309 3.205073e-09
2310 3.202773e-09
2311 3.200473e-09
2312 3.198171e-09
2313 3.195872e-09
2314 3.193576e-09
2315 3.191283e-09
2316 3.188992e-09
2317 3.186703e-09
2318 3.184418e-09
2319 3.182135e-09
2320 3.179854e-09
2321 3.177576e-09
2322 3.175301e-09
2323 3.173028e-09
2324 3.170758e-09
2325 3.168491e-09
2326 3.166226e-09
2327 3.163964e-09
2328 3.161704e-09
2329 3.159447e-09
2330 3.157193e-09
2331 3.154941e-09
2332 3.152685e-09
2333 3.150431e-09
2334 3.148180e-09
2335 3.145931e-09
2336 3.143685e-09
2337 3.141442e-09
2338 3.139201e-09
2339 3.136962e-09
2340 3.134727e-09
2341 3.132493e-09
2342 3.130263e-09
2343 3.128034e-09
2344 3.125809e-09
2345 3.123585e-09
2346 3.121365e-09
2347 3.119147e-09
2348 3.116931e-09
2349 3.114718e-09
2350 3.112507e-09
2351 3.110299e-09
2352 3.108092e-09
2353 3.105883e-09
2354 3.103675e-09
2355 3.101470e-09
2356 3.099268e-09
2357 3.097068e-09
2358 3.094871e-09
2359 3.092676e-09
2360 3.090483e-09
2361 3.088293e-09
2362 3.086106e-09
2363 3.083921e-09
2364 3.081738e-09
2365 3.079558e-09
2366 3.077381e-09
2367 3.075205e-09
2368 3.073033e-09
2369 3.070862e-09
2370 3.068695e-09
2371 3.066529e-09
2372 3.064366e-09
2373 3.062204e-09
2374 3.060039e-09
2375 3.057877e-09
2376 3.055717e-09
2377 3.053560e-09
2378 3.051405e-09
2379 3.049252e-09
2380 3.047102e-09
2381 3.044954e-09
2382 3.042809e-09
2383 3.040666e-09
2384 3.038526e-09
2385 3.036387e-09
2386 3.034252e-09
2387 3.032119e-09
2388 3.029988e-09
2389 3.027859e-09
2390 3.025733e-09
2391 3.023609e-09
2392 3.021488e-09
2393 3.019369e-09
2394 3.017251e-09
2395 3.015130e-09
2396 3.013012e-09
2397 3.010896e-09
2398 3.008782e-09
2399 3.006671e-09
2400 3.004562e-09
2401 3.002455e-09
2402 3.000351e-09
2403 2.998249e-09
2404 2.996150e-09
2405 2.994053e-09
2406 2.991958e-09
2407 2.989865e-09
2408 2.987775e-09
2409 2.985687e-09
2410 2.983602e-09
2411 2.981519e-09
2412 2.979438e-09
2413 2.977359e-09
2414 2.975283e-09
2415 2.973209e-09
2416 2.971131e-09
2417 2.969055e-09
2418 2.966982e-09
2419 2.964911e-09
2420 2.962842e-09
2421 2.960776e-09
2422 2.958712e-09
2423 2.956650e-09
2424 2.954590e-09
2425 2.952533e-09
2426 2.950478e-09
2427 2.948425e-09
2428 2.946375e-09
2429 2.944327e-09
2430 2.942281e-09
2431 2.940237e-09
2432 2.938196e-09
2433 2.936156e-09
2434 2.934119e-09
2435 2.932085e-09
2436 2.930052e-09
2437 2.928019e-09
2438 2.925985e-09
2439 2.923953e-09
2440 2.921924e-09
2441 2.919896e-09
2442 2.917871e-09
2443 2.915848e-09
2444 2.913828e-09
2445 2.911809e-09
2446 2.909793e-09
2447 2.907779e-09
2448 2.905767e-09
2449 2.903758e-09
2450 2.901750e-09
2451 2.899745e-09
2452 2.897742e-09
2453 2.895741e-09
2454 2.893743e-09
2455 2.891746e-09
2456 2.889752e-09
2457 2.887760e-09
2458 2.885771e-09
2459 2.883778e-09
2460 2.881786e-09
2461 2.879797e-09
2462 2.877810e-09
2463 2.875825e-09
2464 2.873842e-09
2465 2.871862e-09
2466 2.869883e-09
2467 2.867907e-09
2468 2.865933e-09
2469 2.863961e-09
2470 2.861992e-09
2471 2.860024e-09
2472 2.858059e-09
2473 2.856095e-09
2474 2.854134e-09
2475 2.852175e-09
2476 2.850218e-09
2477 2.848263e-09
2478 2.846311e-09
2479 2.844360e-09
2480 2.842412e-09
2481 2.840460e-09
2482 2.838510e-09
2483 2.836562e-09
2484 2.834616e-09
2485 2.832673e-09
2486 2.830731e-09
2487 2.828792e-09
2488 2.826854e-09
2489 2.824919e-09
2490 2.822986e-09
2491 2.821055e-09
2492 2.819126e-09
2493 2.817200e-09
2494 2.815275e-09
2495 2.813352e-09
2496 2.811432e-09
2497 2.809513e-09
2498 2.807597e-09
2499 2.805683e-09
2500 2.803770e-09
2501 2.801860e-09
2502 2.799952e-09
2503 2.798041e-09
2504 2.796131e-09
2505 2.794223e-09
2506 2.792318e-09
2507 2.790414e-09
2508 2.788513e-09
2509 2.786614e-09
2510 2.784716e-09
2511 2.782821e-09
2512 2.780928e-09
2513 2.779037e-09
2514 2.777148e-09
2515 2.775261e-09
2516 2.773376e-09
2517 2.771493e-09
2518 2.769612e-09
2519 2.767733e-09
2520 2.765856e-09
2521 2.763981e-09
2522 2.762108e-09
2523 2.760237e-09
2524 2.758368e-09
2525 2.756497e-09
2526 2.754626e-09
2527 2.752758e-09
2528 2.750892e-09
2529 2.749027e-09
2530 2.747165e-09
2531 2.745304e-09
2532 2.743446e-09
2533 2.741590e-09
2534 2.739735e-09
2535 2.737883e-09
2536 2.736032e-09
2537 2.734184e-09
2538 2.732337e-09
2539 2.730493e-09
2540 2.728650e-09
2541 2.726810e-09
2542 2.724971e-09
2543 2.723134e-09
2544 2.721300e-09
2545 2.719467e-09
2546 2.717636e-09
2547 2.715806e-09
2548 2.713973e-09
2549 2.712143e-09
2550 2.710315e-09
2551 2.708488e-09
2552 2.706664e-09
2553 2.704841e-09
2554 2.703021e-09
2555 2.701202e-09
2556 2.699385e-09
2557 2.697571e-09
2558 2.695758e-09
2559 2.693947e-09
2560 2.692138e-09
2561 2.690331e-09
2562 2.688526e-09
2563 2.686722e-09
2564 2.684921e-09
2565 2.683122e-09
2566 2.681324e-09
2567 2.679529e-09
2568 2.677735e-09
2569 2.675943e-09
2570 2.674150e-09
2571 2.672356e-09
2572 2.670565e-09
2573 2.668776e-09
2574 2.666988e-09
2575 2.665202e-09
2576 2.663419e-09
2577 2.661637e-09
2578 2.659857e-09
2579 2.658079e-09
2580 2.656302e-09
2581 2.654528e-09
2582 2.652756e-09
2583 2.650985e-09
2584 2.649216e-09
2585 2.647449e-09
2586 2.645684e-09
2587 2.643921e-09
2588 2.642160e-09
2589 2.640401e-09
2590 2.638643e-09
2591 2.636887e-09
2592 2.635133e-09
2593 2.633377e-09
2594 2.631621e-09
2595 2.629868e-09
2596 2.628116e-09
2597 2.626367e-09
2598 2.624619e-09
2599 2.622873e-09
2600 2.621128e-09
2601 2.619386e-09
2602 2.617645e-09
2603 2.615907e-09
2604 2.614170e-09
2605 2.612435e-09
2606 2.610701e-09
2607 2.608970e-09
2608 2.607240e-09
2609 2.605512e-09
2610 2.603786e-09
2611 2.602062e-09
2612 2.600339e-09
2613 2.598619e-09
2614 2.596900e-09
2615 2.595183e-09
2616 2.593463e-09
2617 2.591745e-09
2618 2.590028e-09
2619 2.588313e-09
2620 2.586600e-09
2621 2.584889e-09
2622 2.583180e-09
2623 2.581472e-09
2624 2.579766e-09
2625 2.578062e-09
2626 2.576360e-09
2627 2.574659e-09
2628 2.572960e-09
2629 2.571263e-09
2630 2.569568e-09
2631 2.567874e-09
2632 2.566183e-09
2633 2.564493e-09
2634 2.562804e-09
2635 2.561118e-09
2636 2.559433e-09
2637 2.557750e-09
2638 2.556069e-09
2639 2.554386e-09
2640 2.552704e-09
2641 2.551023e-09
2642 2.549344e-09
2643 2.547667e-09
2644 2.545991e-09
2645 2.544317e-09
2646 2.542645e-09
2647 2.540975e-09
2648 2.539306e-09
2649 2.537639e-09
2650 2.535974e-09
2651 2.534310e-09
2652 2.532649e-09
2653 2.530989e-09
2654 2.529330e-09
2655 2.527674e-09
2656 2.526019e-09
2657 2.524365e-09
2658 2.522714e-09
2659 2.521064e-09
2660 2.519416e-09
2661 2.517769e-09
2662 2.516124e-09
2663 2.514476e-09
2664 2.512830e-09
2665 2.511186e-09
2666 2.509543e-09
2667 2.507902e-09
2668 2.506263e-09
2669 2.504626e-09
2670 2.502990e-09
2671 2.501356e-09
2672 2.499723e-09
2673 2.498092e-09
2674 2.496463e-09
2675 2.494836e-09
2676 2.493210e-09
2677 2.491586e-09
2678 2.489963e-09
2679 2.488342e-09
2680 2.486723e-09
2681 2.485106e-09
2682 2.483490e-09
2683 2.481876e-09
2684 2.480263e-09
2685 2.478652e-09
2686 2.477041e-09
2687 2.475428e-09
2688 2.473818e-09
2689 2.472209e-09
2690 2.470602e-09
2691 2.468996e-09
2692 2.467392e-09
2693 2.465790e-09
2694 2.464190e-09
2695 2.462591e-09
2696 2.460993e-09
2697 2.459397e-09
2698 2.457803e-09
2699 2.456211e-09
2700 2.454620e-09
2701 2.453031e-09
2702 2.451443e-09
2703 2.449857e-09
2704 2.448273e-09
2705 2.446690e-09
2706 2.445109e-09
2707 2.443529e-09
2708 2.441951e-09
2709 2.440375e-09
2710 2.438797e-09
2711 2.437219e-09
2712 2.435643e-09
2713 2.434069e-09
2714 2.432496e-09
2715 2.430925e-09
2716 2.429356e-09
2717 2.427788e-09
2718 2.426221e-09
2719 2.424656e-09
2720 2.423093e-09
2721 2.421531e-09
2722 2.419971e-09
2723 2.418413e-09
2724 2.416856e-09
2725 2.415301e-09
2726 2.413747e-09
2727 2.412195e-09
2728 2.410644e-09
2729 2.409095e-09
2730 2.407547e-09
2731 2.406001e-09
2732 2.404457e-09
2733 2.402914e-09
2734 2.401370e-09
2735 2.399826e-09
2736 2.398284e-09
2737 2.396743e-09
2738 2.395204e-09
2739 2.393666e-09
2740 2.392130e-09
2741 2.390595e-09
2742 2.389062e-09
2743 2.387530e-09
2744 2.386000e-09
2745 2.384472e-09
2746 2.382945e-09
2747 2.381419e-09
2748 2.379895e-09
2749 2.378373e-09
2750 2.376852e-09
2751 2.375333e-09
2752 2.373815e-09
2753 2.372299e-09
2754 2.370784e-09
2755 2.369271e-09
2756 2.367759e-09
2757 2.366249e-09
2758 2.364739e-09
2759 2.363227e-09
2760 2.361718e-09
2761 2.360209e-09
2762 2.358702e-09
2763 2.357197e-09
2764 2.355693e-09
2765 2.354191e-09
2766 2.352690e-09
2767 2.351191e-09
2768 2.349693e-09
2769 2.348197e-09
2770 2.346702e-09
2771 2.345209e-09
2772 2.343717e-09
2773 2.342226e-09
2774 2.340738e-09
2775 2.339250e-09
2776 2.337764e-09
2777 2.336280e-09
2778 2.334797e-09
2779 2.333315e-09
2780 2.331835e-09
2781 2.330357e-09
2782 2.328880e-09
2783 2.327401e-09
2784 2.325923e-09
2785 2.324446e-09
2786 2.322971e-09
2787 2.321497e-09
2788 2.320025e-09
2789 2.318554e-09
2790 2.317085e-09
2791 2.315617e-09
2792 2.314150e-09
2793 2.312685e-09
2794 2.311222e-09
2795 2.309760e-09
2796 2.308299e-09
2797 2.306840e-09
2798 2.305382e-09
2799 2.303926e-09
2800 2.302471e-09
2801 2.301018e-09
2802 2.299566e-09
2803 2.298115e-09
2804 2.296666e-09
2805 2.295218e-09
2806 2.293772e-09
2807 2.292327e-09
2808 2.290879e-09
2809 2.289433e-09
2810 2.287989e-09
2811 2.286546e-09
2812 2.285104e-09
2813 2.283664e-09
2814 2.282225e-09
2815 2.280788e-09
2816 2.279352e-09
2817 2.277917e-09
2818 2.276484e-09
2819 2.275053e-09
2820 2.273622e-09
2821 2.272193e-09
2822 2.270766e-09
2823 2.269340e-09
2824 2.267915e-09
2825 2.266492e-09
2826 2.265070e-09
2827 2.263649e-09
2828 2.262230e-09
2829 2.260813e-09
2830 2.259396e-09
2831 2.257981e-09
2832 2.256567e-09
2833 2.255151e-09
2834 2.253737e-09
2835 2.252323e-09
2836 2.250912e-09
2837 2.249501e-09
2838 2.248092e-09
2839 2.246685e-09
2840 2.245278e-09
2841 2.243873e-09
2842 2.242470e-09
2843 2.241068e-09
2844 2.239667e-09
2845 2.238267e-09
2846 2.236869e-09
2847 2.235473e-09
2848 2.234077e-09
2849 2.232683e-09
2850 2.231291e-09
2851 2.229899e-09
2852 2.228509e-09
2853 2.227121e-09
2854 2.225734e-09
2855 2.224348e-09
2856 2.222963e-09
2857 2.221580e-09
2858 2.220195e-09
2859 2.218811e-09
2860 2.217428e-09
2861 2.216046e-09
2862 2.214666e-09
2863 2.213287e-09
2864 2.211910e-09
2865 2.210534e-09
2866 2.209159e-09
2867 2.207786e-09
2868 2.206414e-09
2869 2.205043e-09
2870 2.203673e-09
2871 2.202305e-09
2872 2.200939e-09
2873 2.199573e-09
2874 2.198209e-09
2875 2.196846e-09
2876 2.195485e-09
2877 2.194125e-09
2878 2.192766e-09
2879 2.191408e-09
2880 2.190052e-09
2881 2.188697e-09
2882 2.187343e-09
2883 2.185989e-09
2884 2.184634e-09
2885 2.183281e-09
2886 2.181929e-09
2887 2.180578e-09
2888 2.179229e-09
2889 2.177881e-09
2890 2.176534e-09
2891 2.175189e-09
2892 2.173845e-09
2893 2.172502e-09
2894 2.171160e-09
2895 2.169820e-09
2896 2.168481e-09
2897 2.167143e-09
2898 2.165807e-09
2899 2.164472e-09
2900 2.163138e-09
2901 2.161805e-09
2902 2.160474e-09
2903 2.159144e-09
2904 2.157815e-09
2905 2.156488e-09
2906 2.155162e-09
2907 2.153837e-09
2908 2.152513e-09
2909 2.151187e-09
2910 2.149863e-09
2911 2.148540e-09
2912 2.147218e-09
2913 2.145897e-09
2914 2.144577e-09
2915 2.143259e-09
2916 2.141942e-09
2917 2.140626e-09
2918 2.139312e-09
2919 2.137999e-09
2920 2.136687e-09
2921 2.135376e-09
2922 2.134067e-09
2923 2.132759e-09
2924 2.131452e-09
2925 2.130146e-09
2926 2.128842e-09
2927 2.127538e-09
2928 2.126236e-09
2929 2.124936e-09
2930 2.123636e-09
2931 2.122338e-09
2932 2.121041e-09
2933 2.119745e-09
2934 2.118450e-09
2935 2.117154e-09
2936 2.115858e-09
2937 2.114564e-09
2938 2.113271e-09
2939 2.111979e-09
2940 2.110689e-09
2941 2.109400e-09
2942 2.108112e-09
2943 2.106825e-09
2944 2.105539e-09
2945 2.104255e-09
2946 2.102972e-09
2947 2.101690e-09
2948 2.100409e-09
2949 2.099130e-09
2950 2.097851e-09
2951 2.096574e-09
2952 2.095298e-09
2953 2.094024e-09
2954 2.092750e-09
2955 2.091478e-09
2956 2.090207e-09
2957 2.088937e-09
2958 2.087668e-09
2959 2.086401e-09
2960 2.085134e-09
2961 2.083866e-09
2962 2.082599e-09
2963 2.081333e-09
2964 2.080068e-09
2965 2.078805e-09
2966 2.077543e-09
2967 2.076281e-09
2968 2.075021e-09
2969 2.073763e-09
2970 2.072505e-09
2971 2.071249e-09
2972 2.069994e-09
2973 2.068740e-09
2974 2.067487e-09
2975 2.066235e-09
2976 2.064985e-09
2977 2.063735e-09
2978 2.062487e-09
2979 2.061240e-09
2980 2.059994e-09
2981 2.058750e-09
2982 2.057506e-09
2983 2.056264e-09
2984 2.055023e-09
2985 2.053783e-09
2986 2.052544e-09
2987 2.051304e-09
2988 2.050065e-09
2989 2.048826e-09
2990 2.047589e-09
2991 2.046353e-09
2992 2.045118e-09
2993 2.043884e-09
2994 2.042651e-09
2995 2.041420e-09
2996 2.040189e-09
2997 2.038960e-09
2998 2.037732e-09
2999 2.036505e-09
3000 2.035280e-09
3001 2.034055e-09
3002 2.032831e-09
3003 2.031609e-09
3004 2.030388e-09
3005 2.029168e-09
3006 2.027949e-09
3007 2.026731e-09
3008 2.025515e-09
3009 2.024299e-09
3010 2.023085e-09
3011 2.021872e-09
3012 2.020660e-09
3013 2.019448e-09
3014 2.018235e-09
3015 2.017023e-09
3016 2.015812e-09
3017 2.014603e-09
3018 2.013394e-09
3019 2.012187e-09
3020 2.010981e-09
3021 2.009776e-09
3022 2.008572e-09
3023 2.007369e-09
3024 2.006168e-09
3025 2.004967e-09
3026 2.003768e-09
3027 2.002569e-09
3028 2.001372e-09
3029 2.000176e-09
3030 1.998981e-09
3031 1.997787e-09
3032 1.996595e-09
3033 1.995403e-09
3034 1.994212e-09
3035 1.993023e-09
3036 1.991835e-09
3037 1.990647e-09
3038 1.989461e-09
3039 1.988276e-09
3040 1.987091e-09
3041 1.985905e-09
3042 1.984720e-09
3043 1.983536e-09
3044 1.982354e-09
3045 1.981172e-09
3046 1.979992e-09
3047 1.978813e-09
3048 1.977634e-09
3049 1.976457e-09
3050 1.975281e-09
3051 1.974106e-09
3052 1.972933e-09
3053 1.971760e-09
3054 1.970588e-09
3055 1.969418e-09
3056 1.968248e-09
3057 1.967080e-09
3058 1.965912e-09
3059 1.964746e-09
3060 1.963581e-09
3061 1.962416e-09
3062 1.961253e-09
3063 1.960091e-09
3064 1.958930e-09
3065 1.957771e-09
3066 1.956612e-09
3067 1.955453e-09
3068 1.954293e-09
3069 1.953134e-09
3070 1.951977e-09
3071 1.950821e-09
3072 1.949665e-09
3073 1.948511e-09
3074 1.947358e-09
3075 1.946206e-09
3076 1.945055e-09
3077 1.943905e-09
3078 1.942756e-09
3079 1.941608e-09
3080 1.940461e-09
3081 1.939315e-09
3082 1.938170e-09
3083 1.937026e-09
3084 1.935884e-09
3085 1.934742e-09
3086 1.933602e-09
3087 1.932462e-09
3088 1.931323e-09
3089 1.930186e-09
3090 1.929050e-09
3091 1.927914e-09
3092 1.926780e-09
3093 1.925646e-09
3094 1.924513e-09
3095 1.923379e-09
3096 1.922246e-09
3097 1.921114e-09
3098 1.919983e-09
3099 1.918853e-09
3100 1.917724e-09
3101 1.916597e-09
3102 1.915470e-09
3103 1.914344e-09
3104 1.913219e-09
3105 1.912095e-09
3106 1.910973e-09
3107 1.909851e-09
3108 1.908730e-09
3109 1.907610e-09
3110 1.906492e-09
3111 1.905374e-09
3112 1.904257e-09
3113 1.903142e-09
3114 1.902027e-09
3115 1.900914e-09
3116 1.899801e-09
3117 1.898689e-09
3118 1.897579e-09
3119 1.896469e-09
3120 1.895361e-09
3121 1.894253e-09
3122 1.893144e-09
3123 1.892036e-09
3124 1.890929e-09
3125 1.889822e-09
3126 1.888717e-09
3127 1.887613e-09
3128 1.886510e-09
3129 1.885407e-09
3130 1.884306e-09
3131 1.883206e-09
3132 1.882106e-09
3133 1.881008e-09
3134 1.879911e-09
3135 1.878814e-09
3136 1.877719e-09
3137 1.876625e-09
3138 1.875531e-09
3139 1.874439e-09
3140 1.873348e-09
3141 1.872257e-09
3142 1.871168e-09
3143 1.870079e-09
3144 1.868992e-09
3145 1.867905e-09
3146 1.866820e-09
3147 1.865735e-09
3148 1.864652e-09
3149 1.863569e-09
3150 1.862485e-09
3151 1.861401e-09
3152 1.860319e-09
3153 1.859238e-09
3154 1.858157e-09
3155 1.857078e-09
3156 1.856000e-09
3157 1.854922e-09
3158 1.853846e-09
3159 1.852770e-09
3160 1.851696e-09
3161 1.850622e-09
3162 1.849549e-09
3163 1.848478e-09
3164 1.847407e-09
3165 1.846337e-09
3166 1.845269e-09
3167 1.844201e-09
3168 1.843134e-09
3169 1.842068e-09
3170 1.841003e-09
3171 1.839939e-09
3172 1.838876e-09
3173 1.837814e-09
3174 1.836752e-09
3175 1.835692e-09
3176 1.834633e-09
3177 1.833574e-09
3178 1.832514e-09
3179 1.831455e-09
3180 1.830397e-09
3181 1.829340e-09
3182 1.828284e-09
3183 1.827229e-09
3184 1.826175e-09
3185 1.825121e-09
3186 1.824069e-09
3187 1.823017e-09
3188 1.821967e-09
3189 1.820917e-09
3190 1.819869e-09
3191 1.818821e-09
3192 1.817774e-09
3193 1.816728e-09
3194 1.815683e-09
3195 1.814639e-09
3196 1.813596e-09
3197 1.812554e-09
3198 1.811513e-09
3199 1.810472e-09
3200 1.809433e-09
3201 1.808394e-09
3202 1.807357e-09
3203 1.806320e-09
3204 1.805285e-09
3205 1.804250e-09
3206 1.803214e-09
3207 1.802178e-09
3208 1.801144e-09
3209 1.800110e-09
3210 1.799078e-09
3211 1.798046e-09
3212 1.797015e-09
3213 1.795985e-09
3214 1.794956e-09
3215 1.793928e-09
3216 1.792901e-09
3217 1.791874e-09
3218 1.790849e-09
3219 1.789824e-09
3220 1.788801e-09
3221 1.787778e-09
3222 1.786756e-09
3223 1.785735e-09
3224 1.784715e-09
3225 1.783696e-09
3226 1.782678e-09
3227 1.781661e-09
3228 1.780644e-09
3229 1.779629e-09
3230 1.778614e-09
3231 1.777601e-09
3232 1.776588e-09
3233 1.775576e-09
3234 1.774564e-09
3235 1.773551e-09
3236 1.772540e-09
3237 1.771529e-09
3238 1.770519e-09
3239 1.769510e-09
3240 1.768502e-09
3241 1.767495e-09
3242 1.766488e-09
3243 1.765483e-09
3244 1.764478e-09
3245 1.763475e-09
3246 1.762472e-09
3247 1.761470e-09
3248 1.760469e-09
3249 1.759469e-09
3250 1.758469e-09
3251 1.757471e-09
3252 1.756473e-09
3253 1.755477e-09
3254 1.754481e-09
3255 1.753486e-09
3256 1.752492e-09
3257 1.751498e-09
3258 1.750506e-09
3259 1.749515e-09
3260 1.748524e-09
3261 1.747534e-09
3262 1.746545e-09
3263 1.745556e-09
3264 1.744566e-09
3265 1.743578e-09
3266 1.742590e-09
3267 1.741603e-09
3268 1.740617e-09
3269 1.739632e-09
3270 1.738648e-09
3271 1.737664e-09
3272 1.736682e-09
3273 1.735700e-09
3274 1.734719e-09
3275 1.733739e-09
3276 1.732760e-09
3277 1.731782e-09
3278 1.730804e-09
3279 1.729827e-09
3280 1.728852e-09
3281 1.727877e-09
3282 1.726903e-09
3283 1.725929e-09
3284 1.724957e-09
3285 1.723986e-09
3286 1.723015e-09
3287 1.722045e-09
3288 1.721076e-09
3289 1.720108e-09
3290 1.719140e-09
3291 1.718174e-09
3292 1.717207e-09
3293 1.716240e-09
3294 1.715273e-09
3295 1.714308e-09
3296 1.713343e-09
3297 1.712380e-09
3298 1.711417e-09
3299 1.710455e-09
3300 1.709494e-09
3301 1.708533e-09
3302 1.707574e-09
3303 1.706615e-09
3304 1.705657e-09
3305 1.704700e-09
3306 1.703744e-09
3307 1.702788e-09
3308 1.701834e-09
3309 1.700880e-09
3310 1.699927e-09
3311 1.698975e-09
3312 1.698023e-09
3313 1.697073e-09
3314 1.696123e-09
3315 1.695174e-09
3316 1.694226e-09
3317 1.693279e-09
3318 1.692333e-09
3319 1.691387e-09
3320 1.690442e-09
3321 1.689497e-09
3322 1.688552e-09
3323 1.687608e-09
3324 1.686664e-09
3325 1.685721e-09
3326 1.684779e-09
3327 1.683838e-09
3328 1.682897e-09
3329 1.681957e-09
3330 1.681019e-09
3331 1.680080e-09
3332 1.679143e-09
3333 1.678207e-09
3334 1.677271e-09
3335 1.676336e-09
3336 1.675402e-09
3337 1.674469e-09
3338 1.673537e-09
3339 1.672605e-09
3340 1.671674e-09
3341 1.670744e-09
3342 1.669815e-09
3343 1.668886e-09
3344 1.667959e-09
3345 1.667032e-09
3346 1.666106e-09
3347 1.665180e-09
3348 1.664256e-09
3349 1.663332e-09
3350 1.662409e-09
3351 1.661485e-09
3352 1.660562e-09
3353 1.659639e-09
3354 1.658717e-09
3355 1.657796e-09
3356 1.656876e-09
3357 1.655956e-09
3358 1.655038e-09
3359 1.654120e-09
3360 1.653203e-09
3361 1.652286e-09
3362 1.651371e-09
3363 1.650456e-09
3364 1.649542e-09
3365 1.648628e-09
3366 1.647716e-09
3367 1.646804e-09
3368 1.645893e-09
3369 1.644983e-09
3370 1.644074e-09
3371 1.643165e-09
3372 1.642257e-09
3373 1.641350e-09
3374 1.640444e-09
3375 1.639538e-09
3376 1.638634e-09
3377 1.637730e-09
3378 1.636826e-09
3379 1.635924e-09
3380 1.635022e-09
3381 1.634119e-09
3382 1.633217e-09
3383 1.632315e-09
3384 1.631414e-09
3385 1.630514e-09
3386 1.629615e-09
3387 1.628717e-09
3388 1.627819e-09
3389 1.626922e-09
3390 1.626026e-09
3391 1.625131e-09
3392 1.624236e-09
3393 1.623342e-09
3394 1.622449e-09
3395 1.621557e-09
3396 1.620665e-09
3397 1.619774e-09
3398 1.618884e-09
3399 1.617995e-09
3400 1.617106e-09
3401 1.616219e-09
3402 1.615332e-09
3403 1.614445e-09
3404 1.613560e-09
3405 1.612675e-09
3406 1.611791e-09
3407 1.610907e-09
3408 1.610025e-09
3409 1.609143e-09
3410 1.608261e-09
3411 1.607379e-09
3412 1.606497e-09
3413 1.605616e-09
3414 1.604736e-09
3415 1.603857e-09
3416 1.602978e-09
3417 1.602100e-09
3418 1.601223e-09
3419 1.600347e-09
3420 1.599471e-09
3421 1.598596e-09
3422 1.597722e-09
3423 1.596848e-09
3424 1.595975e-09
3425 1.595103e-09
3426 1.594232e-09
3427 1.593361e-09
3428 1.592492e-09
3429 1.591622e-09
3430 1.590754e-09
3431 1.589886e-09
3432 1.589019e-09
3433 1.588153e-09
3434 1.587288e-09
3435 1.586423e-09
3436 1.585559e-09
3437 1.584695e-09
3438 1.583833e-09
3439 1.582971e-09
3440 1.582110e-09
3441 1.581248e-09
3442 1.580386e-09
3443 1.579525e-09
3444 1.578665e-09
3445 1.577805e-09
3446 1.576947e-09
3447 1.576089e-09
3448 1.575231e-09
3449 1.574375e-09
3450 1.573519e-09
3451 1.572664e-09
3452 1.571809e-09
3453 1.570955e-09
3454 1.570102e-09
3455 1.569250e-09
3456 1.568398e-09
3457 1.567547e-09
3458 1.566697e-09
3459 1.565847e-09
3460 1.564999e-09
3461 1.564150e-09
3462 1.563303e-09
3463 1.562456e-09
3464 1.561610e-09
3465 1.560765e-09
3466 1.559920e-09
3467 1.559077e-09
3468 1.558233e-09
3469 1.557391e-09
3470 1.556549e-09
3471 1.555707e-09
3472 1.554865e-09
3473 1.554024e-09
3474 1.553183e-09
3475 1.552343e-09
3476 1.551503e-09
3477 1.550664e-09
3478 1.549826e-09
3479 1.548989e-09
3480 1.548152e-09
3481 1.547316e-09
3482 1.546481e-09
3483 1.545646e-09
3484 1.544812e-09
3485 1.543979e-09
3486 1.543146e-09
3487 1.542315e-09
3488 1.541483e-09
3489 1.540653e-09
3490 1.539823e-09
3491 1.538994e-09
3492 1.538166e-09
3493 1.537338e-09
3494 1.536511e-09
3495 1.535684e-09
3496 1.534859e-09
3497 1.534034e-09
3498 1.533209e-09
3499 1.532386e-09
3500 1.531563e-09
3501 1.530740e-09
3502 1.529918e-09
3503 1.529095e-09
3504 1.528273e-09
3505 1.527452e-09
3506 1.526631e-09
3507 1.525811e-09
3508 1.524991e-09
3509 1.524173e-09
3510 1.523355e-09
3511 1.522537e-09
3512 1.521720e-09
3513 1.520904e-09
3514 1.520089e-09
3515 1.519274e-09
3516 1.518460e-09
3517 1.517647e-09
3518 1.516834e-09
3519 1.516022e-09
3520 1.515211e-09
3521 1.514400e-09
3522 1.513590e-09
3523 1.512781e-09
3524 1.511972e-09
3525 1.511164e-09
3526 1.510357e-09
3527 1.509550e-09
3528 1.508744e-09
3529 1.507939e-09
3530 1.507134e-09
3531 1.506330e-09
3532 1.505526e-09
3533 1.504723e-09
3534 1.503919e-09
3535 1.503116e-09
3536 1.502313e-09
3537 1.501512e-09
3538 1.500710e-09
3539 1.499910e-09
3540 1.499110e-09
3541 1.498311e-09
3542 1.497512e-09
3543 1.496714e-09
3544 1.495917e-09
3545 1.495120e-09
3546 1.494324e-09
3547 1.493529e-09
3548 1.492734e-09
3549 1.491940e-09
3550 1.491146e-09
3551 1.490353e-09
3552 1.489561e-09
3553 1.488770e-09
3554 1.487979e-09
3555 1.487189e-09
3556 1.486399e-09
3557 1.485610e-09
3558 1.484822e-09
3559 1.484034e-09
3560 1.483247e-09
3561 1.482461e-09
3562 1.481675e-09
3563 1.480890e-09
3564 1.480106e-09
3565 1.479320e-09
3566 1.478535e-09
3567 1.477751e-09
3568 1.476968e-09
3569 1.476185e-09
3570 1.475402e-09
3571 1.474621e-09
3572 1.473839e-09
3573 1.473059e-09
3574 1.472279e-09
3575 1.471500e-09
3576 1.470721e-09
3577 1.469944e-09
3578 1.469166e-09
3579 1.468390e-09
3580 1.467614e-09
3581 1.466838e-09
3582 1.466063e-09
3583 1.465289e-09
3584 1.464516e-09
3585 1.463743e-09
3586 1.462971e-09
3587 1.462199e-09
3588 1.461428e-09
3589 1.460657e-09
3590 1.459888e-09
3591 1.459119e-09
3592 1.458350e-09
3593 1.457582e-09
3594 1.456815e-09
3595 1.456048e-09
3596 1.455281e-09
3597 1.454514e-09
3598 1.453748e-09
3599 1.452982e-09
3600 1.452217e-09
3601 1.451452e-09
3602 1.450688e-09
3603 1.449925e-09
3604 1.449162e-09
3605 1.448400e-09
3606 1.447638e-09
3607 1.446877e-09
3608 1.446117e-09
3609 1.445357e-09
3610 1.444598e-09
3611 1.443840e-09
3612 1.443082e-09
3613 1.442324e-09
3614 1.441568e-09
3615 1.440812e-09
3616 1.440056e-09
3617 1.439301e-09
3618 1.438547e-09
3619 1.437793e-09
3620 1.437040e-09
3621 1.436288e-09
3622 1.435536e-09
3623 1.434785e-09
3624 1.434034e-09
3625 1.433284e-09
3626 1.432535e-09
3627 1.431786e-09
3628 1.431037e-09
3629 1.430288e-09
3630 1.429539e-09
3631 1.428791e-09
3632 1.428044e-09
3633 1.427297e-09
3634 1.426550e-09
3635 1.425805e-09
3636 1.425060e-09
3637 1.424315e-09
3638 1.423571e-09
3639 1.422828e-09
3640 1.422085e-09
3641 1.421343e-09
3642 1.420602e-09
3643 1.419861e-09
3644 1.419121e-09
3645 1.418381e-09
3646 1.417642e-09
3647 1.416903e-09
3648 1.416165e-09
3649 1.415428e-09
3650 1.414691e-09
3651 1.413955e-09
3652 1.413219e-09
3653 1.412484e-09
3654 1.411750e-09
3655 1.411016e-09
3656 1.410282e-09
3657 1.409550e-09
3658 1.408818e-09
3659 1.408086e-09
3660 1.407355e-09
3661 1.406623e-09
3662 1.405892e-09
3663 1.405161e-09
3664 1.404431e-09
3665 1.403701e-09
3666 1.402972e-09
3667 1.402244e-09
3668 1.401516e-09
3669 1.400788e-09
3670 1.400062e-09
3671 1.399336e-09
3672 1.398610e-09
3673 1.397885e-09
3674 1.397161e-09
3675 1.396437e-09
3676 1.395713e-09
3677 1.394991e-09
3678 1.394269e-09
3679 1.393547e-09
3680 1.392826e-09
3681 1.392106e-09
3682 1.391386e-09
3683 1.390666e-09
3684 1.389948e-09
3685 1.389229e-09
3686 1.388512e-09
3687 1.387795e-09
3688 1.387078e-09
3689 1.386362e-09
3690 1.385647e-09
3691 1.384932e-09
3692 1.384218e-09
3693 1.383504e-09
3694 1.382789e-09
3695 1.382075e-09
3696 1.381362e-09
3697 1.380649e-09
3698 1.379936e-09
3699 1.379225e-09
3700 1.378513e-09
3701 1.377803e-09
3702 1.377093e-09
3703 1.376383e-09
3704 1.375674e-09
3705 1.374966e-09
3706 1.374258e-09
3707 1.373551e-09
3708 1.372844e-09
3709 1.372138e-09
3710 1.371432e-09
3711 1.370727e-09
3712 1.370022e-09
3713 1.369318e-09
3714 1.368615e-09
3715 1.367912e-09
3716 1.367210e-09
3717 1.366508e-09
3718 1.365807e-09
3719 1.365106e-09
3720 1.364406e-09
3721 1.363706e-09
3722 1.363007e-09
3723 1.362309e-09
3724 1.361611e-09
3725 1.360913e-09
3726 1.360215e-09
3727 1.359518e-09
3728 1.358821e-09
3729 1.358124e-09
3730 1.357428e-09
3731 1.356732e-09
3732 1.356037e-09
3733 1.355343e-09
3734 1.354649e-09
3735 1.353955e-09
3736 1.353262e-09
3737 1.352570e-09
3738 1.351878e-09
3739 1.351187e-09
3740 1.350496e-09
3741 1.349806e-09
3742 1.349117e-09
3743 1.348427e-09
3744 1.347739e-09
3745 1.347051e-09
3746 1.346363e-09
3747 1.345676e-09
3748 1.344990e-09
3749 1.344304e-09
3750 1.343619e-09
3751 1.342934e-09
3752 1.342250e-09
3753 1.341566e-09
3754 1.340883e-09
3755 1.340200e-09
3756 1.339518e-09
3757 1.338836e-09
3758 1.338155e-09
3759 1.337474e-09
3760 1.336792e-09
3761 1.336111e-09
3762 1.335431e-09
3763 1.334751e-09
3764 1.334072e-09
3765 1.333393e-09
3766 1.332715e-09
3767 1.332037e-09
3768 1.331360e-09
3769 1.330683e-09
3770 1.330007e-09
3771 1.329331e-09
3772 1.328656e-09
3773 1.327981e-09
3774 1.327307e-09
3775 1.326634e-09
3776 1.325961e-09
3777 1.325288e-09
3778 1.324616e-09
3779 1.323944e-09
3780 1.323273e-09
3781 1.322603e-09
3782 1.321933e-09
3783 1.321264e-09
3784 1.320595e-09
3785 1.319926e-09
3786 1.319258e-09
3787 1.318591e-09
3788 1.317924e-09
3789 1.317258e-09
3790 1.316592e-09
3791 1.315927e-09
3792 1.315262e-09
3793 1.314596e-09
3794 1.313931e-09
3795 1.313266e-09
3796 1.312602e-09
3797 1.311939e-09
3798 1.311275e-09
3799 1.310613e-09
3800 1.309951e-09
3801 1.309289e-09
3802 1.308628e-09
3803 1.307968e-09
3804 1.307308e-09
3805 1.306648e-09
3806 1.305989e-09
3807 1.305331e-09
3808 1.304673e-09
3809 1.304015e-09
3810 1.303358e-09
3811 1.302702e-09
3812 1.302046e-09
3813 1.301390e-09
3814 1.300735e-09
3815 1.300081e-09
3816 1.299427e-09
3817 1.298773e-09
3818 1.298120e-09
3819 1.297468e-09
3820 1.296816e-09
3821 1.296164e-09
3822 1.295513e-09
3823 1.294863e-09
3824 1.294213e-09
3825 1.293563e-09
3826 1.292914e-09
3827 1.292264e-09
3828 1.291614e-09
3829 1.290966e-09
3830 1.290317e-09
3831 1.289670e-09
3832 1.289022e-09
3833 1.288375e-09
3834 1.287729e-09
3835 1.287083e-09
3836 1.286438e-09
3837 1.285793e-09
3838 1.285149e-09
3839 1.284505e-09
3840 1.283861e-09
3841 1.283218e-09
3842 1.282576e-09
3843 1.281934e-09
3844 1.281293e-09
3845 1.280652e-09
3846 1.280011e-09
3847 1.279371e-09
3848 1.278732e-09
3849 1.278093e-09
3850 1.277454e-09
3851 1.276816e-09
3852 1.276179e-09
3853 1.275542e-09
3854 1.274905e-09
3855 1.274269e-09
3856 1.273633e-09
3857 1.272998e-09
3858 1.272364e-09
3859 1.271729e-09
3860 1.271095e-09
3861 1.270461e-09
3862 1.269827e-09
3863 1.269193e-09
3864 1.268560e-09
3865 1.267927e-09
3866 1.267295e-09
3867 1.266664e-09
3868 1.266033e-09
3869 1.265402e-09
3870 1.264772e-09
3871 1.264142e-09
3872 1.263513e-09
3873 1.262884e-09
3874 1.262256e-09
3875 1.261628e-09
3876 1.261001e-09
3877 1.260374e-09
3878 1.259748e-09
3879 1.259122e-09
3880 1.258497e-09
3881 1.257872e-09
3882 1.257247e-09
3883 1.256623e-09
3884 1.256000e-09
3885 1.255377e-09
3886 1.254754e-09
3887 1.254132e-09
3888 1.253510e-09
3889 1.252889e-09
3890 1.252268e-09
3891 1.251648e-09
3892 1.251028e-09
3893 1.250409e-09
3894 1.249790e-09
3895 1.249170e-09
3896 1.248551e-09
3897 1.247932e-09
3898 1.247314e-09
3899 1.246697e-09
3900 1.246079e-09
3901 1.245462e-09
3902 1.244846e-09
3903 1.244230e-09
3904 1.243615e-09
3905 1.243000e-09
3906 1.242385e-09
3907 1.241771e-09
3908 1.241158e-09
3909 1.240545e-09
3910 1.239932e-09
3911 1.239320e-09
3912 1.238708e-09
3913 1.238097e-09
3914 1.237486e-09
3915 1.236876e-09
3916 1.236266e-09
3917 1.235656e-09
3918 1.235047e-09
3919 1.234439e-09
3920 1.233831e-09
3921 1.233223e-09
3922 1.232616e-09
3923 1.232009e-09
3924 1.231403e-09
3925 1.230797e-09
3926 1.230192e-09
3927 1.229587e-09
3928 1.228982e-09
3929 1.228378e-09
3930 1.227773e-09
3931 1.227169e-09
3932 1.226565e-09
3933 1.225961e-09
3934 1.225359e-09
3935 1.224756e-09
3936 1.224154e-09
3937 1.223552e-09
3938 1.222951e-09
3939 1.222351e-09
3940 1.221750e-09
3941 1.221151e-09
3942 1.220551e-09
3943 1.219952e-09
3944 1.219354e-09
3945 1.218756e-09
3946 1.218158e-09
3947 1.217561e-09
3948 1.216965e-09
3949 1.216368e-09
3950 1.215773e-09
3951 1.215177e-09
3952 1.214582e-09
3953 1.213988e-09
3954 1.213394e-09
3955 1.212800e-09
3956 1.212207e-09
3957 1.211615e-09
3958 1.211022e-09
3959 1.210431e-09
3960 1.209839e-09
3961 1.209248e-09
3962 1.208658e-09
3963 1.208068e-09
3964 1.207477e-09
3965 1.206887e-09
3966 1.206297e-09
3967 1.205707e-09
3968 1.205118e-09
3969 1.204530e-09
3970 1.203942e-09
3971 1.203354e-09
3972 1.202767e-09
3973 1.202180e-09
3974 1.201594e-09
3975 1.201008e-09
3976 1.200422e-09
3977 1.199837e-09
3978 1.199252e-09
3979 1.198668e-09
3980 1.198084e-09
3981 1.197501e-09
3982 1.196918e-09
3983 1.196335e-09
3984 1.195753e-09
3985 1.195172e-09
3986 1.194591e-09
3987 1.194010e-09
3988 1.193429e-09
3989 1.192849e-09
3990 1.192270e-09
3991 1.191691e-09
3992 1.191112e-09
3993 1.190534e-09
3994 1.189956e-09
3995 1.189379e-09
3996 1.188802e-09
3997 1.188225e-09
3998 1.187649e-09
3999 1.187073e-09
4000 1.186496e-09
4001 1.185921e-09
4002 1.185345e-09
4003 1.184770e-09
4004 1.184195e-09
4005 1.183621e-09
4006 1.183047e-09
4007 1.182474e-09
4008 1.181901e-09
4009 1.181328e-09
4010 1.180756e-09
4011 1.180184e-09
4012 1.179613e-09
4013 1.179042e-09
4014 1.178472e-09
4015 1.177902e-09
4016 1.177332e-09
4017 1.176763e-09
4018 1.176194e-09
4019 1.175626e-09
4020 1.175058e-09
4021 1.174490e-09
4022 1.173923e-09
4023 1.173356e-09
4024 1.172790e-09
4025 1.172224e-09
4026 1.171659e-09
4027 1.171094e-09
4028 1.170529e-09
4029 1.169965e-09
4030 1.169401e-09
4031 1.168838e-09
4032 1.168275e-09
4033 1.167712e-09
4034 1.167150e-09
4035 1.166587e-09
4036 1.166024e-09
4037 1.165462e-09
4038 1.164901e-09
4039 1.164340e-09
4040 1.163779e-09
4041 1.163219e-09
4042 1.162659e-09
4043 1.162099e-09
4044 1.161540e-09
4045 1.160981e-09
4046 1.160423e-09
4047 1.159865e-09
4048 1.159307e-09
4049 1.158750e-09
4050 1.158194e-09
4051 1.157637e-09
4052 1.157081e-09
4053 1.156526e-09
4054 1.155971e-09
4055 1.155416e-09
4056 1.154862e-09
4057 1.154308e-09
4058 1.153754e-09
4059 1.153201e-09
4060 1.152649e-09
4061 1.152096e-09
4062 1.151545e-09
4063 1.150993e-09
4064 1.150442e-09
4065 1.149891e-09
4066 1.149341e-09
4067 1.148791e-09
4068 1.148242e-09
4069 1.147693e-09
4070 1.147144e-09
4071 1.146594e-09
4072 1.146045e-09
4073 1.145497e-09
4074 1.144949e-09
4075 1.144401e-09
4076 1.143854e-09
4077 1.143307e-09
4078 1.142760e-09
4079 1.142214e-09
4080 1.141668e-09
4081 1.141123e-09
4082 1.140578e-09
4083 1.140034e-09
4084 1.139489e-09
4085 1.138946e-09
4086 1.138402e-09
4087 1.137859e-09
4088 1.137317e-09
4089 1.136774e-09
4090 1.136233e-09
4091 1.135691e-09
4092 1.135150e-09
4093 1.134610e-09
4094 1.134069e-09
4095 1.133529e-09
4096 1.132990e-09
4097 1.132451e-09
4098 1.131912e-09
4099 1.131374e-09
4100 1.130836e-09
4101 1.130298e-09
4102 1.129761e-09
4103 1.129224e-09
4104 1.128688e-09
4105 1.128152e-09
4106 1.127616e-09
4107 1.127080e-09
4108 1.126544e-09
4109 1.126009e-09
4110 1.125474e-09
4111 1.124939e-09
4112 1.124405e-09
4113 1.123871e-09
4114 1.123337e-09
4115 1.122804e-09
4116 1.122272e-09
4117 1.121739e-09
4118 1.121207e-09
4119 1.120676e-09
4120 1.120144e-09
4121 1.119613e-09
4122 1.119083e-09
4123 1.118553e-09
4124 1.118023e-09
4125 1.117494e-09
4126 1.116965e-09
4127 1.116436e-09
4128 1.115908e-09
4129 1.115380e-09
4130 1.114853e-09
4131 1.114326e-09
4132 1.113799e-09
4133 1.113273e-09
4134 1.112747e-09
4135 1.112221e-09
4136 1.111696e-09
4137 1.111171e-09
4138 1.110647e-09
4139 1.110123e-09
4140 1.109599e-09
4141 1.109076e-09
4142 1.108553e-09
4143 1.108030e-09
4144 1.107507e-09
4145 1.106984e-09
4146 1.106461e-09
4147 1.105939e-09
4148 1.105418e-09
4149 1.104896e-09
4150 1.104375e-09
4151 1.103855e-09
4152 1.103335e-09
4153 1.102815e-09
4154 1.102295e-09
4155 1.101776e-09
4156 1.101258e-09
4157 1.100739e-09
4158 1.100221e-09
4159 1.099704e-09
4160 1.099187e-09
4161 1.098670e-09
4162 1.098153e-09
4163 1.097637e-09
4164 1.097121e-09
4165 1.096606e-09
4166 1.096091e-09
4167 1.095576e-09
4168 1.095062e-09
4169 1.094548e-09
4170 1.094035e-09
4171 1.093521e-09
4172 1.093008e-09
4173 1.092496e-09
4174 1.091984e-09
4175 1.091472e-09
4176 1.090961e-09
4177 1.090450e-09
4178 1.089939e-09
4179 1.089429e-09
4180 1.088918e-09
4181 1.088408e-09
4182 1.087897e-09
4183 1.087388e-09
4184 1.086878e-09
4185 1.086369e-09
4186 1.085860e-09
4187 1.085352e-09
4188 1.084844e-09
4189 1.084337e-09
4190 1.083829e-09
4191 1.083322e-09
4192 1.082816e-09
4193 1.082310e-09
4194 1.081804e-09
4195 1.081298e-09
4196 1.080793e-09
4197 1.080288e-09
4198 1.079784e-09
4199 1.079280e-09
4200 1.078776e-09
4201 1.078273e-09
4202 1.077770e-09
4203 1.077267e-09
4204 1.076765e-09
4205 1.076263e-09
4206 1.075762e-09
4207 1.075260e-09
4208 1.074759e-09
4209 1.074259e-09
4210 1.073759e-09
4211 1.073259e-09
4212 1.072760e-09
4213 1.072260e-09
4214 1.071762e-09
4215 1.071263e-09
4216 1.070765e-09
4217 1.070267e-09
4218 1.069769e-09
4219 1.069271e-09
4220 1.068773e-09
4221 1.068276e-09
4222 1.067779e-09
4223 1.067283e-09
4224 1.066786e-09
4225 1.066291e-09
4226 1.065795e-09
4227 1.065300e-09
4228 1.064805e-09
4229 1.064311e-09
4230 1.063817e-09
4231 1.063323e-09
4232 1.062830e-09
4233 1.062337e-09
4234 1.061844e-09
4235 1.061352e-09
4236 1.060860e-09
4237 1.060368e-09
4238 1.059877e-09
4239 1.059386e-09
4240 1.058895e-09
4241 1.058405e-09
4242 1.057915e-09
4243 1.057425e-09
4244 1.056936e-09
4245 1.056447e-09
4246 1.055959e-09
4247 1.055470e-09
4248 1.054982e-09
4249 1.054495e-09
4250 1.054008e-09
4251 1.053521e-09
4252 1.053034e-09
4253 1.052548e-09
4254 1.052062e-09
4255 1.051576e-09
4256 1.051090e-09
4257 1.050604e-09
4258 1.050119e-09
4259 1.049634e-09
4260 1.049149e-09
4261 1.048664e-09
4262 1.048180e-09
4263 1.047697e-09
4264 1.047213e-09
4265 1.046730e-09
4266 1.046248e-09
4267 1.045765e-09
4268 1.045283e-09
4269 1.044802e-09
4270 1.044320e-09
4271 1.043839e-09
4272 1.043359e-09
4273 1.042878e-09
4274 1.042398e-09
4275 1.041919e-09
4276 1.041440e-09
4277 1.040961e-09
4278 1.040482e-09
4279 1.040004e-09
4280 1.039526e-09
4281 1.039048e-09
4282 1.038571e-09
4283 1.038094e-09
4284 1.037617e-09
4285 1.037141e-09
4286 1.036664e-09
4287 1.036189e-09
4288 1.035713e-09
4289 1.035238e-09
4290 1.034764e-09
4291 1.034289e-09
4292 1.033815e-09
4293 1.033340e-09
4294 1.032866e-09
4295 1.032392e-09
4296 1.031919e-09
4297 1.031446e-09
4298 1.030973e-09
4299 1.030500e-09
4300 1.030028e-09
4301 1.029556e-09
4302 1.029084e-09
4303 1.028613e-09
4304 1.028142e-09
4305 1.027671e-09
4306 1.027201e-09
4307 1.026731e-09
4308 1.026261e-09
4309 1.025792e-09
4310 1.025323e-09
4311 1.024854e-09
4312 1.024386e-09
4313 1.023918e-09
4314 1.023450e-09
4315 1.022983e-09
4316 1.022516e-09
4317 1.022049e-09
4318 1.021583e-09
4319 1.021117e-09
4320 1.020651e-09
4321 1.020185e-09
4322 1.019720e-09
4323 1.019255e-09
4324 1.018791e-09
4325 1.018327e-09
4326 1.017863e-09
4327 1.017399e-09
4328 1.016936e-09
4329 1.016473e-09
4330 1.016010e-09
4331 1.015547e-09
4332 1.015084e-09
4333 1.014622e-09
4334 1.014160e-09
4335 1.013698e-09
4336 1.013236e-09
4337 1.012775e-09
4338 1.012314e-09
4339 1.011854e-09
4340 1.011394e-09
4341 1.010934e-09
4342 1.010474e-09
4343 1.010015e-09
4344 1.009556e-09
4345 1.009097e-09
4346 1.008639e-09
4347 1.008181e-09
4348 1.007723e-09
4349 1.007266e-09
4350 1.006809e-09
4351 1.006352e-09
4352 1.005895e-09
4353 1.005439e-09
4354 1.004983e-09
4355 1.004528e-09
4356 1.004072e-09
4357 1.003618e-09
4358 1.003163e-09
4359 1.002709e-09
4360 1.002255e-09
4361 1.001801e-09
4362 1.001348e-09
4363 1.000895e-09
4364 1.000442e-09
4365 9.999894e-10
4366 9.995372e-10
4367 9.990854e-10
4368 9.986339e-10
4369 9.981820e-10
4370 9.977304e-10
4371 9.972790e-10
4372 9.968279e-10
4373 9.963772e-10
4374 9.959267e-10
4375 9.954766e-10
4376 9.950267e-10
4377 9.945772e-10
4378 9.941280e-10
4379 9.936791e-10
4380 9.932304e-10
4381 9.927821e-10
4382 9.923341e-10
4383 9.918864e-10
4384 9.914390e-10
4385 9.909919e-10
4386 9.905451e-10
4387 9.900986e-10
4388 9.896525e-10
4389 9.892066e-10
4390 9.887610e-10
4391 9.883157e-10
4392 9.878707e-10
4393 9.874261e-10
4394 9.869817e-10
4395 9.865376e-10
4396 9.860938e-10
4397 9.856504e-10
4398 9.852072e-10
4399 9.847643e-10
4400 9.843218e-10
4401 9.838795e-10
4402 9.834375e-10
4403 9.829958e-10
4404 9.825545e-10
4405 9.821134e-10
4406 9.816726e-10
4407 9.812321e-10
4408 9.807912e-10
4409 9.803505e-10
4410 9.799102e-10
4411 9.794702e-10
4412 9.790304e-10
4413 9.785910e-10
4414 9.781518e-10
4415 9.777130e-10
4416 9.772744e-10
4417 9.768361e-10
4418 9.763982e-10
4419 9.759605e-10
4420 9.755231e-10
4421 9.750861e-10
4422 9.746493e-10
4423 9.742128e-10
4424 9.737766e-10
4425 9.733407e-10
4426 9.729051e-10
4427 9.724697e-10
4428 9.720347e-10
4429 9.716000e-10
4430 9.711655e-10
4431 9.707314e-10
4432 9.702975e-10
4433 9.698640e-10
4434 9.694307e-10
4435 9.689977e-10
4436 9.685650e-10
4437 9.681326e-10
4438 9.677005e-10
4439 9.672687e-10
4440 9.668372e-10
4441 9.664059e-10
4442 9.659750e-10
4443 9.655443e-10
4444 9.651140e-10
4445 9.646839e-10
4446 9.642541e-10
4447 9.638240e-10
4448 9.633940e-10
4449 9.629644e-10
4450 9.625350e-10
4451 9.621059e-10
4452 9.616771e-10
4453 9.612486e-10
4454 9.608204e-10
4455 9.603925e-10
4456 9.599648e-10
4457 9.595375e-10
4458 9.591104e-10
4459 9.586836e-10
4460 9.582571e-10
4461 9.578309e-10
4462 9.574049e-10
4463 9.569793e-10
4464 9.565539e-10
4465 9.561289e-10
4466 9.557041e-10
4467 9.552796e-10
4468 9.548553e-10
4469 9.544314e-10
4470 9.540077e-10
4471 9.535844e-10
4472 9.531613e-10
4473 9.527384e-10
4474 9.523159e-10
4475 9.518937e-10
4476 9.514717e-10
4477 9.510500e-10
4478 9.506286e-10
4479 9.502075e-10
4480 9.497866e-10
4481 9.493661e-10
4482 9.489458e-10
4483 9.485258e-10
4484 9.481061e-10
4485 9.476866e-10
4486 9.472672e-10
4487 9.468476e-10
4488 9.464283e-10
4489 9.460093e-10
4490 9.455905e-10
4491 9.451721e-10
4492 9.447539e-10
4493 9.443359e-10
4494 9.439183e-10
4495 9.435009e-10
4496 9.430839e-10
4497 9.426671e-10
4498 9.422505e-10
4499 9.418343e-10
4500 9.414183e-10
4501 9.410026e-10
4502 9.405872e-10
4503 9.401720e-10
4504 9.397571e-10
4505 9.393425e-10
4506 9.389282e-10
4507 9.385142e-10
4508 9.381004e-10
4509 9.376869e-10
4510 9.372737e-10
4511 9.368607e-10
4512 9.364480e-10
4513 9.360356e-10
4514 9.356235e-10
4515 9.352116e-10
4516 9.348000e-10
4517 9.343887e-10
4518 9.339777e-10
4519 9.335669e-10
4520 9.331564e-10
4521 9.327462e-10
4522 9.323362e-10
4523 9.319265e-10
4524 9.315171e-10
4525 9.311080e-10
4526 9.306987e-10
4527 9.302895e-10
4528 9.298804e-10
4529 9.294717e-10
4530 9.290632e-10
4531 9.286550e-10
4532 9.282471e-10
4533 9.278394e-10
4534 9.274320e-10
4535 9.270249e-10
4536 9.266180e-10
4537 9.262114e-10
4538 9.258051e-10
4539 9.253991e-10
4540 9.249933e-10
4541 9.245877e-10
4542 9.241825e-10
4543 9.237775e-10
4544 9.233728e-10
4545 9.229683e-10
4546 9.225641e-10
4547 9.221602e-10
4548 9.217566e-10
4549 9.213532e-10
4550 9.209500e-10
4551 9.205472e-10
4552 9.201446e-10
4553 9.197422e-10
4554 9.193402e-10
4555 9.189384e-10
4556 9.185368e-10
4557 9.181355e-10
4558 9.177345e-10
4559 9.173338e-10
4560 9.169333e-10
4561 9.165331e-10
4562 9.161331e-10
4563 9.157334e-10
4564 9.153340e-10
4565 9.149348e-10
4566 9.145357e-10
4567 9.141364e-10
4568 9.137373e-10
4569 9.133385e-10
4570 9.129400e-10
4571 9.125417e-10
4572 9.121437e-10
4573 9.117460e-10
4574 9.113485e-10
4575 9.109513e-10
4576 9.105543e-10
4577 9.101576e-10
4578 9.097612e-10
4579 9.093650e-10
4580 9.089691e-10
4581 9.085734e-10
4582 9.081780e-10
4583 9.077828e-10
4584 9.073879e-10
4585 9.069933e-10
4586 9.065989e-10
4587 9.062048e-10
4588 9.058110e-10
4589 9.054173e-10
4590 9.050240e-10
4591 9.046309e-10
4592 9.042381e-10
4593 9.038455e-10
4594 9.034532e-10
4595 9.030611e-10
4596 9.026693e-10
4597 9.022777e-10
4598 9.018864e-10
4599 9.014954e-10
4600 9.011046e-10
4601 9.007141e-10
4602 9.003238e-10
4603 8.999337e-10
4604 8.995440e-10
4605 8.991544e-10
4606 8.987652e-10
4607 8.983757e-10
4608 8.979863e-10
4609 8.975971e-10
4610 8.972083e-10
4611 8.968196e-10
4612 8.964312e-10
4613 8.960431e-10
4614 8.956552e-10
4615 8.952676e-10
4616 8.948802e-10
4617 8.944931e-10
4618 8.941062e-10
4619 8.937196e-10
4620 8.933332e-10
4621 8.929471e-10
4622 8.925612e-10
4623 8.921756e-10
4624 8.917902e-10
4625 8.914051e-10
4626 8.910202e-10
4627 8.906356e-10
4628 8.902512e-10
4629 8.898671e-10
4630 8.894832e-10
4631 8.890996e-10
4632 8.887162e-10
4633 8.883331e-10
4634 8.879502e-10
4635 8.875676e-10
4636 8.871852e-10
4637 8.868030e-10
4638 8.864212e-10
4639 8.860395e-10
4640 8.856581e-10
4641 8.852769e-10
4642 8.848960e-10
4643 8.845154e-10
4644 8.841350e-10
4645 8.837548e-10
4646 8.833749e-10
4647 8.829952e-10
4648 8.826152e-10
4649 8.822354e-10
4650 8.818559e-10
4651 8.814766e-10
4652 8.810975e-10
4653 8.807187e-10
4654 8.803401e-10
4655 8.799618e-10
4656 8.795837e-10
4657 8.792058e-10
4658 8.788282e-10
4659 8.784509e-10
4660 8.780737e-10
4661 8.776969e-10
4662 8.773202e-10
4663 8.769438e-10
4664 8.765677e-10
4665 8.761918e-10
4666 8.758161e-10
4667 8.754407e-10
4668 8.750655e-10
4669 8.746906e-10
4670 8.743159e-10
4671 8.739414e-10
4672 8.735672e-10
4673 8.731932e-10
4674 8.728195e-10
4675 8.724460e-10
4676 8.720727e-10
4677 8.716997e-10
4678 8.713269e-10
4679 8.709544e-10
4680 8.705821e-10
4681 8.702100e-10
4682 8.698382e-10
4683 8.694666e-10
4684 8.690953e-10
4685 8.687241e-10
4686 8.683533e-10
4687 8.679826e-10
4688 8.676122e-10
4689 8.672418e-10
4690 8.668712e-10
4691 8.665010e-10
4692 8.661309e-10
4693 8.657611e-10
4694 8.653916e-10
4695 8.650222e-10
4696 8.646531e-10
4697 8.642843e-10
4698 8.639157e-10
4699 8.635473e-10
4700 8.631791e-10
4701 8.628112e-10
4702 8.624435e-10
4703 8.620761e-10
4704 8.617089e-10
4705 8.613419e-10
4706 8.609751e-10
4707 8.606086e-10
4708 8.602424e-10
4709 8.598763e-10
4710 8.595105e-10
4711 8.591449e-10
4712 8.587796e-10
4713 8.584145e-10
4714 8.580496e-10
4715 8.576850e-10
4716 8.573205e-10
4717 8.569564e-10
4718 8.565924e-10
4719 8.562287e-10
4720 8.558652e-10
4721 8.555020e-10
4722 8.551389e-10
4723 8.547761e-10
4724 8.544136e-10
4725 8.540513e-10
4726 8.536892e-10
4727 8.533273e-10
4728 8.529656e-10
4729 8.526042e-10
4730 8.522431e-10
4731 8.518816e-10
4732 8.515203e-10
4733 8.511593e-10
4734 8.507984e-10
4735 8.504378e-10
4736 8.500774e-10
4737 8.497173e-10
4738 8.493574e-10
4739 8.489977e-10
4740 8.486382e-10
4741 8.482790e-10
4742 8.479200e-10
4743 8.475612e-10
4744 8.472027e-10
4745 8.468443e-10
4746 8.464862e-10
4747 8.461284e-10
4748 8.457707e-10
4749 8.454133e-10
4750 8.450561e-10
4751 8.446992e-10
4752 8.443424e-10
4753 8.439859e-10
4754 8.436296e-10
4755 8.432736e-10
4756 8.429177e-10
4757 8.425621e-10
4758 8.422067e-10
4759 8.418516e-10
4760 8.414966e-10
4761 8.411419e-10
4762 8.407874e-10
4763 8.404332e-10
4764 8.400791e-10
4765 8.397253e-10
4766 8.393717e-10
4767 8.390183e-10
4768 8.386652e-10
4769 8.383123e-10
4770 8.379595e-10
4771 8.376071e-10
4772 8.372548e-10
4773 8.369023e-10
4774 8.365499e-10
4775 8.361978e-10
4776 8.358459e-10
4777 8.354942e-10
4778 8.351427e-10
4779 8.347914e-10
4780 8.344404e-10
4781 8.340896e-10
4782 8.337390e-10
4783 8.333886e-10
4784 8.330385e-10
4785 8.326885e-10
4786 8.323388e-10
4787 8.319893e-10
4788 8.316400e-10
4789 8.312910e-10
4790 8.309422e-10
4791 8.305935e-10
4792 8.302451e-10
4793 8.298970e-10
4794 8.295490e-10
4795 8.292013e-10
4796 8.288537e-10
4797 8.285064e-10
4798 8.281593e-10
4799 8.278125e-10
4800 8.274658e-10
4801 8.271194e-10
4802 8.267732e-10
4803 8.264272e-10
4804 8.260814e-10
4805 8.257358e-10
4806 8.253905e-10
4807 8.250453e-10
4808 8.247004e-10
4809 8.243557e-10
4810 8.240112e-10
4811 8.236670e-10
4812 8.233229e-10
4813 8.229791e-10
4814 8.226354e-10
4815 8.222918e-10
4816 8.219481e-10
4817 8.216046e-10
4818 8.212613e-10
4819 8.209182e-10
4820 8.205753e-10
4821 8.202327e-10
4822 8.198902e-10
4823 8.195480e-10
4824 8.192060e-10
4825 8.188642e-10
4826 8.185226e-10
4827 8.181812e-10
4828 8.178401e-10
4829 8.174991e-10
4830 8.171584e-10
4831 8.168179e-10
4832 8.164776e-10
4833 8.161375e-10
4834 8.157976e-10
4835 8.154579e-10
4836 8.151184e-10
4837 8.147792e-10
4838 8.144402e-10
4839 8.141013e-10
4840 8.137627e-10
4841 8.134243e-10
4842 8.130861e-10
4843 8.127481e-10
4844 8.124104e-10
4845 8.120728e-10
4846 8.117354e-10
4847 8.113983e-10
4848 8.110614e-10
4849 8.107246e-10
4850 8.103881e-10
4851 8.100518e-10
4852 8.097157e-10
4853 8.093798e-10
4854 8.090441e-10
4855 8.087087e-10
4856 8.083734e-10
4857 8.080384e-10
4858 8.077032e-10
4859 8.073680e-10
4860 8.070331e-10
4861 8.066983e-10
4862 8.063638e-10
4863 8.060295e-10
4864 8.056954e-10
4865 8.053614e-10
4866 8.050277e-10
4867 8.046943e-10
4868 8.043610e-10
4869 8.040279e-10
4870 8.036950e-10
4871 8.033623e-10
4872 8.030299e-10
4873 8.026976e-10
4874 8.023656e-10
4875 8.020337e-10
4876 8.017021e-10
4877 8.013706e-10
4878 8.010394e-10
4879 8.007084e-10
4880 8.003776e-10
4881 8.000470e-10
4882 7.997165e-10
4883 7.993863e-10
4884 7.990563e-10
4885 7.987265e-10
4886 7.983969e-10
4887 7.980675e-10
4888 7.977383e-10
4889 7.974094e-10
4890 7.970806e-10
4891 7.967520e-10
4892 7.964236e-10
4893 7.960954e-10
4894 7.957675e-10
4895 7.954397e-10
4896 7.951121e-10
4897 7.947847e-10
4898 7.944576e-10
4899 7.941306e-10
4900 7.938038e-10
4901 7.934770e-10
4902 7.931502e-10
4903 7.928235e-10
4904 7.924971e-10
4905 7.921708e-10
4906 7.918448e-10
4907 7.915189e-10
4908 7.911932e-10
4909 7.908678e-10
4910 7.905425e-10
4911 7.902175e-10
4912 7.898926e-10
4913 7.895680e-10
4914 7.892435e-10
4915 7.889193e-10
4916 7.885952e-10
4917 7.882714e-10
4918 7.879477e-10
4919 7.876243e-10
4920 7.873010e-10
4921 7.869779e-10
4922 7.866551e-10
4923 7.863324e-10
4924 7.860099e-10
4925 7.856877e-10
4926 7.853656e-10
4927 7.850437e-10
4928 7.847220e-10
4929 7.844006e-10
4930 7.840793e-10
4931 7.837582e-10
4932 7.834373e-10
4933 7.831166e-10
4934 7.827961e-10
4935 7.824758e-10
4936 7.821557e-10
4937 7.818358e-10
4938 7.815161e-10
4939 7.811966e-10
4940 7.808772e-10
4941 7.805581e-10
4942 7.802392e-10
4943 7.799204e-10
4944 7.796019e-10
4945 7.792831e-10
4946 7.789644e-10
4947 7.786460e-10
4948 7.783278e-10
4949 7.780097e-10
4950 7.776919e-10
4951 7.773742e-10
4952 7.770567e-10
4953 7.767395e-10
4954 7.764224e-10
4955 7.761055e-10
4956 7.757888e-10
4957 7.754723e-10
4958 7.751560e-10
4959 7.748399e-10
4960 7.745240e-10
4961 7.742082e-10
4962 7.738927e-10
4963 7.735773e-10
4964 7.732622e-10
4965 7.729472e-10
4966 7.726325e-10
4967 7.723179e-10
4968 7.720035e-10
4969 7.716893e-10
4970 7.713753e-10
4971 7.710615e-10
4972 7.707479e-10
4973 7.704344e-10
4974 7.701212e-10
4975 7.698081e-10
4976 7.694953e-10
4977 7.691826e-10
4978 7.688701e-10
4979 7.685578e-10
4980 7.682457e-10
4981 7.679338e-10
4982 7.676221e-10
4983 7.673106e-10
4984 7.669992e-10
4985 7.666881e-10
4986 7.663771e-10
4987 7.660663e-10
4988 7.657557e-10
4989 7.654448e-10
4990 7.651342e-10
4991 7.648237e-10
4992 7.645134e-10
4993 7.642033e-10
4994 7.638933e-10
4995 7.635836e-10
4996 7.632741e-10
4997 7.629647e-10
4998 7.626555e-10
4999 7.623465e-10
5000 7.620377e-10
5001 7.617291e-10
5002 7.614207e-10
5003 7.611125e-10
5004 7.608044e-10
5005 7.604965e-10
5006 7.601889e-10
5007 7.598814e-10
5008 7.595741e-10
5009 7.592669e-10
5010 7.589600e-10
5011 7.586532e-10
5012 7.583467e-10
5013 7.580403e-10
5014 7.577341e-10
5015 7.574281e-10
5016 7.571222e-10
5017 7.568166e-10
5018 7.565111e-10
5019 7.562059e-10
5020 7.559008e-10
5021 7.555959e-10
5022 7.552911e-10
5023 7.549866e-10
5024 7.546822e-10
5025 7.543781e-10
5026 7.540741e-10
5027 7.537703e-10
5028 7.534666e-10
5029 7.531632e-10
5030 7.528599e-10
5031 7.525569e-10
5032 7.522540e-10
5033 7.519509e-10
5034 7.516480e-10
5035 7.513452e-10
5036 7.510425e-10
5037 7.507401e-10
5038 7.504379e-10
5039 7.501358e-10
5040 7.498339e-10
5041 7.495322e-10
5042 7.492307e-10
5043 7.489293e-10
5044 7.486282e-10
5045 7.483272e-10
5046 7.480264e-10
5047 7.477258e-10
5048 7.474253e-10
5049 7.471251e-10
5050 7.468250e-10
5051 7.465251e-10
5052 7.462254e-10
5053 7.459259e-10
5054 7.456265e-10
5055 7.453273e-10
5056 7.450283e-10
5057 7.447295e-10
5058 7.444308e-10
5059 7.441324e-10
5060 7.438341e-10
5061 7.435360e-10
5062 7.432381e-10
5063 7.429403e-10
5064 7.426427e-10
5065 7.423453e-10
5066 7.420481e-10
5067 7.417511e-10
5068 7.414542e-10
5069 7.411575e-10
5070 7.408610e-10
5071 7.405647e-10
5072 7.402685e-10
5073 7.399726e-10
5074 7.396768e-10
5075 7.393811e-10
5076 7.390857e-10
5077 7.387904e-10
5078 7.384949e-10
5079 7.381995e-10
5080 7.379044e-10
5081 7.376094e-10
5082 7.373146e-10
5083 7.370199e-10
5084 7.367254e-10
5085 7.364312e-10
5086 7.361370e-10
5087 7.358431e-10
5088 7.355493e-10
5089 7.352557e-10
5090 7.349623e-10
5091 7.346691e-10
5092 7.343760e-10
5093 7.340831e-10
5094 7.337904e-10
5095 7.334978e-10
5096 7.332055e-10
5097 7.329133e-10
5098 7.326213e-10
5099 7.323294e-10
5100 7.320377e-10
5101 7.317462e-10
5102 7.314549e-10
5103 7.311637e-10
5104 7.308728e-10
5105 7.305819e-10
5106 7.302913e-10
5107 7.300008e-10
5108 7.297105e-10
5109 7.294204e-10
5110 7.291305e-10
5111 7.288407e-10
5112 7.285511e-10
5113 7.282617e-10
5114 7.279724e-10
5115 7.276833e-10
5116 7.273944e-10
5117 7.271056e-10
5118 7.268171e-10
5119 7.265287e-10
5120 7.262404e-10
5121 7.259524e-10
5122 7.256645e-10
5123 7.253764e-10
5124 7.250884e-10
5125 7.248006e-10
5126 7.245130e-10
5127 7.242255e-10
5128 7.239382e-10
5129 7.236511e-10
5130 7.233641e-10
5131 7.230774e-10
5132 7.227908e-10
5133 7.225043e-10
5134 7.222181e-10
5135 7.219320e-10
5136 7.216460e-10
5137 7.213603e-10
5138 7.210747e-10
5139 7.207892e-10
5140 7.205040e-10
5141 7.202189e-10
5142 7.199340e-10
5143 7.196492e-10
5144 7.193646e-10
5145 7.190802e-10
5146 7.187960e-10
5147 7.185119e-10
5148 7.182280e-10
5149 7.179442e-10
5150 7.176607e-10
5151 7.173772e-10
5152 7.170940e-10
5153 7.168109e-10
5154 7.165280e-10
5155 7.162453e-10
5156 7.159627e-10
5157 7.156803e-10
5158 7.153980e-10
5159 7.151159e-10
5160 7.148340e-10
5161 7.145523e-10
5162 7.142707e-10
5163 7.139893e-10
5164 7.137080e-10
5165 7.134269e-10
5166 7.131460e-10
5167 7.128653e-10
5168 7.125845e-10
5169 7.123037e-10
5170 7.120230e-10
5171 7.117425e-10
5172 7.114622e-10
5173 7.111820e-10
5174 7.109020e-10
5175 7.106222e-10
5176 7.103425e-10
5177 7.100630e-10
5178 7.097836e-10
5179 7.095045e-10
5180 7.092254e-10
5181 7.089466e-10
5182 7.086679e-10
5183 7.083894e-10
5184 7.081110e-10
5185 7.078328e-10
5186 7.075547e-10
5187 7.072769e-10
5188 7.069991e-10
5189 7.067216e-10
5190 7.064442e-10
5191 7.061670e-10
5192 7.058899e-10
5193 7.056130e-10
5194 7.053363e-10
5195 7.050597e-10
5196 7.047833e-10
5197 7.045070e-10
5198 7.042309e-10
5199 7.039550e-10
5200 7.036792e-10
5201 7.034036e-10
5202 7.031281e-10
5203 7.028529e-10
5204 7.025777e-10
5205 7.023028e-10
5206 7.020279e-10
5207 7.017533e-10
5208 7.014788e-10
5209 7.012045e-10
5210 7.009303e-10
5211 7.006563e-10
5212 7.003825e-10
5213 7.001088e-10
5214 6.998350e-10
5215 6.995613e-10
5216 6.992877e-10
5217 6.990143e-10
5218 6.987410e-10
5219 6.984679e-10
5220 6.981949e-10
5221 6.979221e-10
5222 6.976495e-10
5223 6.973770e-10
5224 6.971046e-10
5225 6.968325e-10
5226 6.965605e-10
5227 6.962886e-10
5228 6.960169e-10
5229 6.957454e-10
5230 6.954740e-10
5231 6.952028e-10
5232 6.949317e-10
5233 6.946608e-10
5234 6.943901e-10
5235 6.941195e-10
5236 6.938491e-10
5237 6.935788e-10
5238 6.933087e-10
5239 6.930387e-10
5240 6.927689e-10
5241 6.924993e-10
5242 6.922298e-10
5243 6.919604e-10
5244 6.916913e-10
5245 6.914222e-10
5246 6.911534e-10
5247 6.908847e-10
5248 6.906161e-10
5249 6.903477e-10
5250 6.900794e-10
5251 6.898114e-10
5252 6.895434e-10
5253 6.892756e-10
5254 6.890080e-10
5255 6.887406e-10
5256 6.884732e-10
5257 6.882061e-10
5258 6.879391e-10
5259 6.876722e-10
5260 6.874055e-10
5261 6.871385e-10
5262 6.868718e-10
5263 6.866052e-10
5264 6.863387e-10
5265 6.860724e-10
5266 6.858063e-10
5267 6.855403e-10
5268 6.852744e-10
5269 6.850088e-10
5270 6.847432e-10
5271 6.844778e-10
5272 6.842126e-10
5273 6.839475e-10
5274 6.836826e-10
5275 6.834179e-10
5276 6.831533e-10
5277 6.828888e-10
5278 6.826245e-10
5279 6.823603e-10
5280 6.820963e-10
5281 6.818325e-10
5282 6.815688e-10
5283 6.813052e-10
5284 6.810418e-10
5285 6.807786e-10
5286 6.805155e-10
5287 6.802526e-10
5288 6.799898e-10
5289 6.797271e-10
5290 6.794646e-10
5291 6.792023e-10
5292 6.789401e-10
5293 6.786781e-10
5294 6.784162e-10
5295 6.781545e-10
5296 6.778929e-10
5297 6.776314e-10
5298 6.773702e-10
5299 6.771090e-10
5300 6.768480e-10
5301 6.765872e-10
5302 6.763265e-10
5303 6.760660e-10
5304 6.758056e-10
5305 6.755454e-10
5306 6.752853e-10
5307 6.750252e-10
5308 6.747650e-10
5309 6.745050e-10
5310 6.742452e-10
5311 6.739855e-10
5312 6.737259e-10
5313 6.734665e-10
5314 6.732073e-10
5315 6.729482e-10
5316 6.726892e-10
5317 6.724304e-10
5318 6.721718e-10
5319 6.719132e-10
5320 6.716549e-10
5321 6.713967e-10
5322 6.711386e-10
5323 6.708807e-10
5324 6.706229e-10
5325 6.703653e-10
5326 6.701078e-10
5327 6.698505e-10
5328 6.695933e-10
5329 6.693362e-10
5330 6.690794e-10
5331 6.688226e-10
5332 6.685660e-10
5333 6.683096e-10
5334 6.680533e-10
5335 6.677971e-10
5336 6.675411e-10
5337 6.672852e-10
5338 6.670295e-10
5339 6.667739e-10
5340 6.665185e-10
5341 6.662632e-10
5342 6.660081e-10
5343 6.657531e-10
5344 6.654982e-10
5345 6.652435e-10
5346 6.649890e-10
5347 6.647346e-10
5348 6.644803e-10
5349 6.642262e-10
5350 6.639722e-10
5351 6.637184e-10
5352 6.634647e-10
5353 6.632112e-10
5354 6.629577e-10
5355 6.627041e-10
5356 6.624506e-10
5357 6.621973e-10
5358 6.619441e-10
5359 6.616911e-10
5360 6.614382e-10
5361 6.611855e-10
5362 6.609329e-10
5363 6.606804e-10
5364 6.604281e-10
5365 6.601760e-10
5366 6.599239e-10
5367 6.596721e-10
5368 6.594203e-10
5369 6.591687e-10
5370 6.589173e-10
5371 6.586660e-10
5372 6.584148e-10
5373 6.581638e-10
5374 6.579129e-10
5375 6.576622e-10
5376 6.574116e-10
5377 6.571612e-10
5378 6.569108e-10
5379 6.566607e-10
5380 6.564107e-10
5381 6.561608e-10
5382 6.559110e-10
5383 6.556614e-10
5384 6.554120e-10
5385 6.551626e-10
5386 6.549135e-10
5387 6.546644e-10
5388 6.544155e-10
5389 6.541668e-10
5390 6.539182e-10
5391 6.536697e-10
5392 6.534214e-10
5393 6.531732e-10
5394 6.529251e-10
5395 6.526772e-10
5396 6.524294e-10
5397 6.521818e-10
5398 6.519343e-10
5399 6.516870e-10
5400 6.514398e-10
5401 6.511927e-10
5402 6.509455e-10
5403 6.506984e-10
5404 6.504514e-10
5405 6.502045e-10
5406 6.499578e-10
5407 6.497113e-10
5408 6.494648e-10
5409 6.492185e-10
5410 6.489724e-10
5411 6.487264e-10
5412 6.484805e-10
5413 6.482347e-10
5414 6.479891e-10
5415 6.477437e-10
5416 6.474984e-10
5417 6.472532e-10
5418 6.470081e-10
5419 6.467632e-10
5420 6.465184e-10
5421 6.462738e-10
5422 6.460293e-10
5423 6.457850e-10
5424 6.455407e-10
5425 6.452967e-10
5426 6.450527e-10
5427 6.448089e-10
5428 6.445652e-10
5429 6.443217e-10
5430 6.440783e-10
5431 6.438350e-10
5432 6.435919e-10
5433 6.433489e-10
5434 6.431061e-10
5435 6.428634e-10
5436 6.426208e-10
5437 6.423783e-10
5438 6.421360e-10
5439 6.418939e-10
5440 6.416518e-10
5441 6.414099e-10
5442 6.411682e-10
5443 6.409265e-10
5444 6.406850e-10
5445 6.404437e-10
5446 6.402025e-10
5447 6.399614e-10
5448 6.397204e-10
5449 6.394796e-10
5450 6.392387e-10
5451 6.389978e-10
5452 6.387571e-10
5453 6.385165e-10
5454 6.382760e-10
5455 6.380357e-10
5456 6.377955e-10
5457 6.375554e-10
5458 6.373155e-10
5459 6.370757e-10
5460 6.368361e-10
5461 6.365965e-10
5462 6.363571e-10
5463 6.361179e-10
5464 6.358788e-10
5465 6.356398e-10
5466 6.354009e-10
5467 6.351622e-10
5468 6.349236e-10
5469 6.346851e-10
5470 6.344468e-10
5471 6.342086e-10
5472 6.339706e-10
5473 6.337326e-10
5474 6.334949e-10
5475 6.332572e-10
5476 6.330197e-10
5477 6.327823e-10
5478 6.325450e-10
5479 6.323079e-10
5480 6.320709e-10
5481 6.318340e-10
5482 6.315973e-10
5483 6.313607e-10
5484 6.311242e-10
5485 6.308879e-10
5486 6.306517e-10
5487 6.304156e-10
5488 6.301797e-10
5489 6.299438e-10
5490 6.297082e-10
5491 6.294726e-10
5492 6.292372e-10
5493 6.290019e-10
5494 6.287667e-10
5495 6.285317e-10
5496 6.282968e-10
5497 6.280621e-10
5498 6.278273e-10
5499 6.275925e-10
5500 6.273578e-10
5501 6.271233e-10
5502 6.268888e-10
5503 6.266545e-10
5504 6.264204e-10
5505 6.261863e-10
5506 6.259524e-10
5507 6.257187e-10
5508 6.254850e-10
5509 6.252515e-10
5510 6.250181e-10
5511 6.247849e-10
5512 6.245517e-10
5513 6.243187e-10
5514 6.240859e-10
5515 6.238531e-10
5516 6.236205e-10
5517 6.233880e-10
5518 6.231557e-10
5519 6.229234e-10
5520 6.226914e-10
5521 6.224594e-10
5522 6.222275e-10
5523 6.219958e-10
5524 6.217643e-10
5525 6.215328e-10
5526 6.213015e-10
5527 6.210703e-10
5528 6.208392e-10
5529 6.206083e-10
5530 6.203774e-10
5531 6.201468e-10
5532 6.199162e-10
5533 6.196858e-10
5534 6.194555e-10
5535 6.192253e-10
5536 6.189952e-10
5537 6.187653e-10
5538 6.185355e-10
5539 6.183058e-10
5540 6.180763e-10
5541 6.178469e-10
5542 6.176176e-10
5543 6.173884e-10
5544 6.171594e-10
5545 6.169305e-10
5546 6.167017e-10
5547 6.164729e-10
5548 6.162440e-10
5549 6.160153e-10
5550 6.157868e-10
5551 6.155583e-10
5552 6.153300e-10
5553 6.151018e-10
5554 6.148737e-10
5555 6.146457e-10
5556 6.144179e-10
5557 6.141902e-10
5558 6.139626e-10
5559 6.137352e-10
5560 6.135079e-10
5561 6.132807e-10
5562 6.130536e-10
5563 6.128266e-10
5564 6.125998e-10
5565 6.123731e-10
5566 6.121465e-10
5567 6.119201e-10
5568 6.116938e-10
5569 6.114676e-10
5570 6.112415e-10
5571 6.110155e-10
5572 6.107897e-10
5573 6.105640e-10
5574 6.103384e-10
5575 6.101129e-10
5576 6.098876e-10
5577 6.096624e-10
5578 6.094373e-10
5579 6.092123e-10
5580 6.089875e-10
5581 6.087628e-10
5582 6.085382e-10
5583 6.083137e-10
5584 6.080894e-10
5585 6.078651e-10
5586 6.076410e-10
5587 6.074171e-10
5588 6.071932e-10
5589 6.069695e-10
5590 6.067458e-10
5591 6.065224e-10
5592 6.062990e-10
5593 6.060757e-10
5594 6.058526e-10
5595 6.056296e-10
5596 6.054067e-10
5597 6.051836e-10
5598 6.049607e-10
5599 6.047379e-10
5600 6.045152e-10
5601 6.042926e-10
5602 6.040702e-10
5603 6.038479e-10
5604 6.036257e-10
5605 6.034036e-10
5606 6.031817e-10
5607 6.029598e-10
5608 6.027381e-10
5609 6.025165e-10
5610 6.022951e-10
5611 6.020737e-10
5612 6.018525e-10
5613 6.016314e-10
5614 6.014104e-10
5615 6.011895e-10
5616 6.009688e-10
5617 6.007482e-10
5618 6.005277e-10
5619 6.003073e-10
5620 6.000870e-10
5621 5.998669e-10
5622 5.996468e-10
5623 5.994269e-10
5624 5.992072e-10
5625 5.989875e-10
5626 5.987679e-10
5627 5.985485e-10
5628 5.983292e-10
5629 5.981100e-10
5630 5.978910e-10
5631 5.976720e-10
5632 5.974532e-10
5633 5.972345e-10
5634 5.970159e-10
5635 5.967974e-10
5636 5.965790e-10
5637 5.963608e-10
5638 5.961427e-10
5639 5.959247e-10
5640 5.957068e-10
5641 5.954891e-10
5642 5.952714e-10
5643 5.950539e-10
5644 5.948365e-10
5645 5.946192e-10
5646 5.944019e-10
5647 5.941845e-10
5648 5.939673e-10
5649 5.937502e-10
5650 5.935332e-10
5651 5.933164e-10
5652 5.930996e-10
5653 5.928830e-10
5654 5.926665e-10
5655 5.924501e-10
5656 5.922338e-10
5657 5.920177e-10
5658 5.918016e-10
5659 5.915857e-10
5660 5.913699e-10
5661 5.911542e-10
5662 5.909386e-10
5663 5.907232e-10
5664 5.905078e-10
5665 5.902926e-10
5666 5.900775e-10
5667 5.898625e-10
5668 5.896476e-10
5669 5.894329e-10
5670 5.892182e-10
5671 5.890037e-10
5672 5.887893e-10
5673 5.885750e-10
5674 5.883608e-10
5675 5.881468e-10
5676 5.879328e-10
5677 5.877190e-10
5678 5.875053e-10
5679 5.872917e-10
5680 5.870782e-10
5681 5.868648e-10
5682 5.866516e-10
5683 5.864384e-10
5684 5.862254e-10
5685 5.860125e-10
5686 5.857997e-10
5687 5.855870e-10
5688 5.853744e-10
5689 5.851620e-10
5690 5.849496e-10
5691 5.847374e-10
5692 5.845253e-10
5693 5.843133e-10
5694 5.841014e-10
5695 5.838897e-10
5696 5.836779e-10
5697 5.834661e-10
5698 5.832544e-10
5699 5.830428e-10
5700 5.828314e-10
5701 5.826200e-10
5702 5.824088e-10
5703 5.821976e-10
5704 5.819866e-10
5705 5.817757e-10
5706 5.815649e-10
5707 5.813543e-10
5708 5.811437e-10
5709 5.809333e-10
5710 5.807229e-10
5711 5.805127e-10
5712 5.803026e-10
5713 5.800926e-10
5714 5.798827e-10
5715 5.796730e-10
5716 5.794633e-10
5717 5.792538e-10
5718 5.790443e-10
5719 5.788350e-10
5720 5.786258e-10
5721 5.784167e-10
5722 5.782077e-10
5723 5.779989e-10
5724 5.777901e-10
5725 5.775814e-10
5726 5.773729e-10
5727 5.771645e-10
5728 5.769562e-10
5729 5.767480e-10
5730 5.765399e-10
5731 5.763319e-10
5732 5.761240e-10
5733 5.759163e-10
5734 5.757086e-10
5735 5.755011e-10
5736 5.752937e-10
5737 5.750864e-10
5738 5.748792e-10
5739 5.746721e-10
5740 5.744651e-10
5741 5.742582e-10
5742 5.740515e-10
5743 5.738448e-10
5744 5.736383e-10
5745 5.734319e-10
5746 5.732256e-10
5747 5.730192e-10
5748 5.728128e-10
5749 5.726066e-10
5750 5.724004e-10
5751 5.721944e-10
5752 5.719885e-10
5753 5.717827e-10
5754 5.715770e-10
5755 5.713714e-10
5756 5.711659e-10
5757 5.709605e-10
5758 5.707553e-10
5759 5.705501e-10
5760 5.703451e-10
5761 5.701402e-10
5762 5.699354e-10
5763 5.697306e-10
5764 5.695260e-10
5765 5.693215e-10
5766 5.691172e-10
5767 5.689129e-10
5768 5.687087e-10
5769 5.685047e-10
5770 5.683007e-10
5771 5.680969e-10
5772 5.678931e-10
5773 5.676895e-10
5774 5.674860e-10
5775 5.672826e-10
5776 5.670793e-10
5777 5.668761e-10
5778 5.666730e-10
5779 5.664700e-10
5780 5.662672e-10
5781 5.660644e-10
5782 5.658618e-10
5783 5.656592e-10
5784 5.654568e-10
5785 5.652544e-10
5786 5.650522e-10
5787 5.648501e-10
5788 5.646481e-10
5789 5.644462e-10
5790 5.642444e-10
5791 5.640427e-10
5792 5.638411e-10
5793 5.636397e-10
5794 5.634383e-10
5795 5.632370e-10
5796 5.630359e-10
5797 5.628348e-10
5798 5.626337e-10
5799 5.624326e-10
5800 5.622317e-10
5801 5.620308e-10
5802 5.618300e-10
5803 5.616294e-10
5804 5.614288e-10
5805 5.612284e-10
5806 5.610280e-10
5807 5.608278e-10
5808 5.606277e-10
5809 5.604276e-10
5810 5.602277e-10
5811 5.600279e-10
5812 5.598282e-10
5813 5.596286e-10
5814 5.594291e-10
5815 5.592297e-10
5816 5.590304e-10
5817 5.588313e-10
5818 5.586322e-10
5819 5.584332e-10
5820 5.582344e-10
5821 5.580356e-10
5822 5.578369e-10
5823 5.576384e-10
5824 5.574400e-10
5825 5.572416e-10
5826 5.570434e-10
5827 5.568453e-10
5828 5.566472e-10
5829 5.564493e-10
5830 5.562515e-10
5831 5.560538e-10
5832 5.558562e-10
5833 5.556587e-10
5834 5.554613e-10
5835 5.552640e-10
5836 5.550668e-10
5837 5.548697e-10
5838 5.546727e-10
5839 5.544758e-10
5840 5.542790e-10
5841 5.540824e-10
5842 5.538858e-10
5843 5.536893e-10
5844 5.534930e-10
5845 5.532967e-10
5846 5.531006e-10
5847 5.529045e-10
5848 5.527085e-10
5849 5.525127e-10
5850 5.523167e-10
5851 5.521208e-10
5852 5.519250e-10
5853 5.517293e-10
5854 5.515337e-10
5855 5.513383e-10
5856 5.511429e-10
5857 5.509476e-10
5858 5.507525e-10
5859 5.505574e-10
5860 5.503624e-10
5861 5.501676e-10
5862 5.499728e-10
5863 5.497782e-10
5864 5.495836e-10
5865 5.493892e-10
5866 5.491948e-10
5867 5.490006e-10
5868 5.488064e-10
5869 5.486124e-10
5870 5.484185e-10
5871 5.482246e-10
5872 5.480309e-10
5873 5.478372e-10
5874 5.476437e-10
5875 5.474503e-10
5876 5.472569e-10
5877 5.470637e-10
5878 5.468706e-10
5879 5.466776e-10
5880 5.464846e-10
5881 5.462918e-10
5882 5.460991e-10
5883 5.459064e-10
5884 5.457139e-10
5885 5.455215e-10
5886 5.453292e-10
5887 5.451370e-10
5888 5.449448e-10
5889 5.447528e-10
5890 5.445609e-10
5891 5.443691e-10
5892 5.441773e-10
5893 5.439857e-10
5894 5.437942e-10
5895 5.436028e-10
5896 5.434115e-10
5897 5.432202e-10
5898 5.430291e-10
5899 5.428381e-10
5900 5.426472e-10
5901 5.424563e-10
5902 5.422653e-10
5903 5.420745e-10
5904 5.418837e-10
5905 5.416931e-10
5906 5.415025e-10
5907 5.413120e-10
5908 5.411217e-10
5909 5.409314e-10
5910 5.407412e-10
5911 5.405512e-10
5912 5.403612e-10
5913 5.401714e-10
5914 5.399816e-10
5915 5.397919e-10
5916 5.396023e-10
5917 5.394129e-10
5918 5.392235e-10
5919 5.390342e-10
5920 5.388451e-10
5921 5.386560e-10
5922 5.384670e-10
5923 5.382781e-10
5924 5.380893e-10
5925 5.379006e-10
5926 5.377121e-10
5927 5.375236e-10
5928 5.373352e-10
5929 5.371469e-10
5930 5.369587e-10
5931 5.367706e-10
5932 5.365826e-10
5933 5.363947e-10
5934 5.362069e-10
5935 5.360192e-10
5936 5.358316e-10
5937 5.356441e-10
5938 5.354566e-10
5939 5.352693e-10
5940 5.350821e-10
5941 5.348950e-10
5942 5.347079e-10
5943 5.345210e-10
5944 5.343342e-10
5945 5.341474e-10
5946 5.339608e-10
5947 5.337742e-10
5948 5.335878e-10
5949 5.334014e-10
5950 5.332152e-10
5951 5.330290e-10
5952 5.328430e-10
5953 5.326570e-10
5954 5.324710e-10
5955 5.322850e-10
5956 5.320991e-10
5957 5.319133e-10
5958 5.317275e-10
5959 5.315419e-10
5960 5.313564e-10
5961 5.311710e-10
5962 5.309857e-10
5963 5.308004e-10
5964 5.306153e-10
5965 5.304303e-10
5966 5.302453e-10
5967 5.300605e-10
5968 5.298757e-10
5969 5.296910e-10
5970 5.295065e-10
5971 5.293220e-10
5972 5.291376e-10
5973 5.289534e-10
5974 5.287692e-10
5975 5.285851e-10
5976 5.284011e-10
5977 5.282172e-10
5978 5.280334e-10
5979 5.278497e-10
5980 5.276661e-10
5981 5.274826e-10
5982 5.272991e-10
5983 5.271158e-10
5984 5.269326e-10
5985 5.267494e-10
5986 5.265664e-10
5987 5.263834e-10
5988 5.262006e-10
5989 5.260178e-10
5990 5.258351e-10
5991 5.256526e-10
5992 5.254701e-10
5993 5.252877e-10
5994 5.251054e-10
5995 5.249232e-10
5996 5.247411e-10
5997 5.245591e-10
5998 5.243771e-10
5999 5.241953e-10
6000 5.240136e-10
6001 5.238319e-10
6002 5.236504e-10
6003 5.234689e-10
6004 5.232876e-10
6005 5.231063e-10
6006 5.229251e-10
6007 5.227439e-10
6008 5.225627e-10
6009 5.223815e-10
6010 5.222005e-10
6011 5.220196e-10
6012 5.218388e-10
6013 5.216580e-10
6014 5.214774e-10
6015 5.212968e-10
6016 5.211163e-10
6017 5.209360e-10
6018 5.207557e-10
6019 5.205755e-10
6020 5.203954e-10
6021 5.202154e-10
6022 5.200355e-10
6023 5.198557e-10
6024 5.196759e-10
6025 5.194963e-10
6026 5.193168e-10
6027 5.191373e-10
6028 5.189580e-10
6029 5.187787e-10
6030 5.185995e-10
6031 5.184204e-10
6032 5.182414e-10
6033 5.180625e-10
6034 5.178837e-10
6035 5.177050e-10
6036 5.175264e-10
6037 5.173478e-10
6038 5.171694e-10
6039 5.169911e-10
6040 5.168128e-10
6041 5.166346e-10
6042 5.164565e-10
6043 5.162785e-10
6044 5.161006e-10
6045 5.159228e-10
6046 5.157451e-10
6047 5.155675e-10
6048 5.153900e-10
6049 5.152125e-10
6050 5.150352e-10
6051 5.148579e-10
6052 5.146807e-10
6053 5.145036e-10
6054 5.143266e-10
6055 5.141497e-10
6056 5.139729e-10
6057 5.137962e-10
6058 5.136196e-10
6059 5.134430e-10
6060 5.132664e-10
6061 5.130899e-10
6062 5.129134e-10
6063 5.127370e-10
6064 5.125607e-10
6065 5.123845e-10
6066 5.122083e-10
6067 5.120323e-10
6068 5.118564e-10
6069 5.116805e-10
6070 5.115047e-10
6071 5.113291e-10
6072 5.111535e-10
6073 5.109780e-10
6074 5.108026e-10
6075 5.106272e-10
6076 5.104520e-10
6077 5.102769e-10
6078 5.101018e-10
6079 5.099268e-10
6080 5.097520e-10
6081 5.095772e-10
6082 5.094025e-10
6083 5.092279e-10
6084 5.090533e-10
6085 5.088789e-10
6086 5.087046e-10
6087 5.085303e-10
6088 5.083561e-10
6089 5.081821e-10
6090 5.080081e-10
6091 5.078342e-10
6092 5.076604e-10
6093 5.074866e-10
6094 5.073130e-10
6095 5.071394e-10
6096 5.069660e-10
6097 5.067926e-10
6098 5.066193e-10
6099 5.064461e-10
6100 5.062730e-10
6101 5.061000e-10
6102 5.059270e-10
6103 5.057542e-10
6104 5.055814e-10
6105 5.054087e-10
6106 5.052361e-10
6107 5.050636e-10
6108 5.048912e-10
6109 5.047189e-10
6110 5.045467e-10
6111 5.043745e-10
6112 5.042024e-10
6113 5.040305e-10
6114 5.038584e-10
6115 5.036864e-10
6116 5.035145e-10
6117 5.033427e-10
6118 5.031709e-10
6119 5.029992e-10
6120 5.028277e-10
6121 5.026562e-10
6122 5.024848e-10
6123 5.023135e-10
6124 5.021422e-10
6125 5.019711e-10
6126 5.018000e-10
6127 5.016291e-10
6128 5.014582e-10
6129 5.012874e-10
6130 5.011167e-10
6131 5.009461e-10
6132 5.007755e-10
6133 5.006051e-10
6134 5.004347e-10
6135 5.002644e-10
6136 5.000942e-10
6137 4.999241e-10
6138 4.997541e-10
6139 4.995841e-10
6140 4.994143e-10
6141 4.992445e-10
6142 4.990748e-10
6143 4.989052e-10
6144 4.987357e-10
6145 4.985663e-10
6146 4.983970e-10
6147 4.982277e-10
6148 4.980585e-10
6149 4.978894e-10
6150 4.977204e-10
6151 4.975515e-10
6152 4.973827e-10
6153 4.972139e-10
6154 4.970453e-10
6155 4.968767e-10
6156 4.967082e-10
6157 4.965398e-10
6158 4.963715e-10
6159 4.962032e-10
6160 4.960351e-10
6161 4.958670e-10
6162 4.956990e-10
6163 4.955311e-10
6164 4.953633e-10
6165 4.951955e-10
6166 4.950279e-10
6167 4.948603e-10
6168 4.946928e-10
6169 4.945252e-10
6170 4.943577e-10
6171 4.941902e-10
6172 4.940229e-10
6173 4.938556e-10
6174 4.936885e-10
6175 4.935214e-10
6176 4.933544e-10
6177 4.931874e-10
6178 4.930206e-10
6179 4.928538e-10
6180 4.926872e-10
6181 4.925206e-10
6182 4.923541e-10
6183 4.921876e-10
6184 4.920213e-10
6185 4.918550e-10
6186 4.916889e-10
6187 4.915228e-10
6188 4.913568e-10
6189 4.911908e-10
6190 4.910250e-10
6191 4.908592e-10
6192 4.906936e-10
6193 4.905280e-10
6194 4.903624e-10
6195 4.901970e-10
6196 4.900317e-10
6197 4.898664e-10
6198 4.897012e-10
6199 4.895361e-10
6200 4.893711e-10
6201 4.892062e-10
6202 4.890413e-10
6203 4.888765e-10
6204 4.887118e-10
6205 4.885472e-10
6206 4.883827e-10
6207 4.882183e-10
6208 4.880539e-10
6209 4.878896e-10
6210 4.877254e-10
6211 4.875613e-10
6212 4.873973e-10
6213 4.872333e-10
6214 4.870695e-10
6215 4.869057e-10
6216 4.867420e-10
6217 4.865783e-10
6218 4.864148e-10
6219 4.862513e-10
6220 4.860879e-10
6221 4.859246e-10
6222 4.857614e-10
6223 4.855982e-10
6224 4.854349e-10
6225 4.852717e-10
6226 4.851087e-10
6227 4.849457e-10
6228 4.847827e-10
6229 4.846199e-10
6230 4.844571e-10
6231 4.842945e-10
6232 4.841319e-10
6233 4.839693e-10
6234 4.838069e-10
6235 4.836445e-10
6236 4.834823e-10
6237 4.833201e-10
6238 4.831580e-10
6239 4.829959e-10
6240 4.828340e-10
6241 4.826721e-10
6242 4.825103e-10
6243 4.823486e-10
6244 4.821869e-10
6245 4.820254e-10
6246 4.818639e-10
6247 4.817025e-10
6248 4.815412e-10
6249 4.813800e-10
6250 4.812188e-10
6251 4.810577e-10
6252 4.808967e-10
6253 4.807358e-10
6254 4.805750e-10
6255 4.804142e-10
6256 4.802536e-10
6257 4.800930e-10
6258 4.799324e-10
6259 4.797720e-10
6260 4.796116e-10
6261 4.794514e-10
6262 4.792912e-10
6263 4.791310e-10
6264 4.789710e-10
6265 4.788110e-10
6266 4.786511e-10
6267 4.784913e-10
6268 4.783316e-10
6269 4.781720e-10
6270 4.780124e-10
6271 4.778529e-10
6272 4.776935e-10
6273 4.775342e-10
6274 4.773749e-10
6275 4.772157e-10
6276 4.770566e-10
6277 4.768976e-10
6278 4.767386e-10
6279 4.765796e-10
6280 4.764206e-10
6281 4.762617e-10
6282 4.761029e-10
6283 4.759442e-10
6284 4.757855e-10
6285 4.756269e-10
6286 4.754684e-10
6287 4.753100e-10
6288 4.751517e-10
6289 4.749934e-10
6290 4.748352e-10
6291 4.746771e-10
6292 4.745191e-10
6293 4.743611e-10
6294 4.742033e-10
6295 4.740455e-10
6296 4.738878e-10
6297 4.737301e-10
6298 4.735725e-10
6299 4.734151e-10
6300 4.732577e-10
6301 4.731003e-10
6302 4.729431e-10
6303 4.727859e-10
6304 4.726288e-10
6305 4.724718e-10
6306 4.723148e-10
6307 4.721580e-10
6308 4.720012e-10
6309 4.718444e-10
6310 4.716878e-10
6311 4.715312e-10
6312 4.713748e-10
6313 4.712184e-10
6314 4.710620e-10
6315 4.709058e-10
6316 4.707496e-10
6317 4.705935e-10
6318 4.704375e-10
6319 4.702815e-10
6320 4.701256e-10
6321 4.699698e-10
6322 4.698141e-10
6323 4.696585e-10
6324 4.695029e-10
6325 4.693474e-10
6326 4.691920e-10
6327 4.690367e-10
6328 4.688814e-10
6329 4.687262e-10
6330 4.685711e-10
6331 4.684161e-10
6332 4.682611e-10
6333 4.681062e-10
6334 4.679513e-10
6335 4.677964e-10
6336 4.676416e-10
6337 4.674868e-10
6338 4.673322e-10
6339 4.671776e-10
6340 4.670230e-10
6341 4.668686e-10
6342 4.667142e-10
6343 4.665599e-10
6344 4.664057e-10
6345 4.662515e-10
6346 4.660974e-10
6347 4.659434e-10
6348 4.657895e-10
6349 4.656357e-10
6350 4.654819e-10
6351 4.653282e-10
6352 4.651746e-10
6353 4.650210e-10
6354 4.648675e-10
6355 4.647141e-10
6356 4.645608e-10
6357 4.644076e-10
6358 4.642544e-10
6359 4.641013e-10
6360 4.639483e-10
6361 4.637953e-10
6362 4.636424e-10
6363 4.634896e-10
6364 4.633369e-10
6365 4.631842e-10
6366 4.630316e-10
6367 4.628791e-10
6368 4.627267e-10
6369 4.625744e-10
6370 4.624221e-10
6371 4.622699e-10
6372 4.621177e-10
6373 4.619657e-10
6374 4.618137e-10
6375 4.616618e-10
6376 4.615099e-10
6377 4.613581e-10
6378 4.612064e-10
6379 4.610548e-10
6380 4.609033e-10
6381 4.607518e-10
6382 4.606004e-10
6383 4.604491e-10
6384 4.602978e-10
6385 4.601466e-10
6386 4.599955e-10
6387 4.598445e-10
6388 4.596936e-10
6389 4.595427e-10
6390 4.593918e-10
6391 4.592409e-10
6392 4.590901e-10
6393 4.589393e-10
6394 4.587886e-10
6395 4.586380e-10
6396 4.584875e-10
6397 4.583370e-10
6398 4.581866e-10
6399 4.580363e-10
6400 4.578860e-10
6401 4.577358e-10
6402 4.575857e-10
6403 4.574357e-10
6404 4.572857e-10
6405 4.571359e-10
6406 4.569860e-10
6407 4.568363e-10
6408 4.566866e-10
6409 4.565370e-10
6410 4.563875e-10
6411 4.562381e-10
6412 4.560887e-10
6413 4.559394e-10
6414 4.557901e-10
6415 4.556410e-10
6416 4.554919e-10
6417 4.553429e-10
6418 4.551939e-10
6419 4.550450e-10
6420 4.548962e-10
6421 4.547475e-10
6422 4.545988e-10
6423 4.544502e-10
6424 4.543017e-10
6425 4.541533e-10
6426 4.540049e-10
6427 4.538566e-10
6428 4.537084e-10
6429 4.535602e-10
6430 4.534121e-10
6431 4.532641e-10
6432 4.531162e-10
6433 4.529683e-10
6434 4.528205e-10
6435 4.526728e-10
6436 4.525251e-10
6437 4.523775e-10
6438 4.522300e-10
6439 4.520825e-10
6440 4.519352e-10
6441 4.517879e-10
6442 4.516406e-10
6443 4.514935e-10
6444 4.513464e-10
6445 4.511993e-10
6446 4.510524e-10
6447 4.509054e-10
6448 4.507585e-10
6449 4.506116e-10
6450 4.504647e-10
6451 4.503180e-10
6452 4.501713e-10
6453 4.500247e-10
6454 4.498781e-10
6455 4.497316e-10
6456 4.495852e-10
6457 4.494389e-10
6458 4.492926e-10
6459 4.491464e-10
6460 4.490003e-10
6461 4.488542e-10
6462 4.487083e-10
6463 4.485623e-10
6464 4.484165e-10
6465 4.482707e-10
6466 4.481250e-10
6467 4.479794e-10
6468 4.478338e-10
6469 4.476883e-10
6470 4.475429e-10
6471 4.473975e-10
6472 4.472522e-10
6473 4.471070e-10
6474 4.469619e-10
6475 4.468168e-10
6476 4.466718e-10
6477 4.465269e-10
6478 4.463820e-10
6479 4.462372e-10
6480 4.460924e-10
6481 4.459478e-10
6482 4.458032e-10
6483 4.456587e-10
6484 4.455142e-10
6485 4.453698e-10
6486 4.452255e-10
6487 4.450813e-10
6488 4.449371e-10
6489 4.447930e-10
6490 4.446489e-10
6491 4.445050e-10
6492 4.443611e-10
6493 4.442172e-10
6494 4.440735e-10
6495 4.439298e-10
6496 4.437861e-10
6497 4.436426e-10
6498 4.434991e-10
6499 4.433557e-10
6500 4.432123e-10
6501 4.430690e-10
6502 4.429258e-10
6503 4.427826e-10
6504 4.426395e-10
6505 4.424964e-10
6506 4.423533e-10
6507 4.422102e-10
6508 4.420673e-10
6509 4.419244e-10
6510 4.417815e-10
6511 4.416388e-10
6512 4.414961e-10
6513 4.413535e-10
6514 4.412109e-10
6515 4.410684e-10
6516 4.409260e-10
6517 4.407837e-10
6518 4.406414e-10
6519 4.404992e-10
6520 4.403570e-10
6521 4.402149e-10
6522 4.400729e-10
6523 4.399310e-10
6524 4.397891e-10
6525 4.396473e-10
6526 4.395055e-10
6527 4.393639e-10
6528 4.392223e-10
6529 4.390807e-10
6530 4.389392e-10
6531 4.387978e-10
6532 4.386565e-10
6533 4.385152e-10
6534 4.383740e-10
6535 4.382329e-10
6536 4.380918e-10
6537 4.379508e-10
6538 4.378099e-10
6539 4.376690e-10
6540 4.375282e-10
6541 4.373875e-10
6542 4.372468e-10
6543 4.371062e-10
6544 4.369657e-10
6545 4.368252e-10
6546 4.366848e-10
6547 4.365444e-10
6548 4.364042e-10
6549 4.362640e-10
6550 4.361238e-10
6551 4.359838e-10
6552 4.358438e-10
6553 4.357038e-10
6554 4.355640e-10
6555 4.354241e-10
6556 4.352844e-10
6557 4.351447e-10
6558 4.350051e-10
6559 4.348656e-10
6560 4.347261e-10
6561 4.345867e-10
6562 4.344473e-10
6563 4.343079e-10
6564 4.341685e-10
6565 4.340292e-10
6566 4.338900e-10
6567 4.337508e-10
6568 4.336117e-10
6569 4.334727e-10
6570 4.333337e-10
6571 4.331948e-10
6572 4.330560e-10
6573 4.329172e-10
6574 4.327785e-10
6575 4.326399e-10
6576 4.325013e-10
6577 4.323628e-10
6578 4.322244e-10
6579 4.320860e-10
6580 4.319477e-10
6581 4.318094e-10
6582 4.316713e-10
6583 4.315331e-10
6584 4.313951e-10
6585 4.312571e-10
6586 4.311192e-10
6587 4.309813e-10
6588 4.308435e-10
6589 4.307058e-10
6590 4.305682e-10
6591 4.304306e-10
6592 4.302930e-10
6593 4.301556e-10
6594 4.300182e-10
6595 4.298808e-10
6596 4.297436e-10
6597 4.296064e-10
6598 4.294692e-10
6599 4.293321e-10
6600 4.291951e-10
6601 4.290582e-10
6602 4.289213e-10
6603 4.287845e-10
6604 4.286477e-10
6605 4.285110e-10
6606 4.283744e-10
6607 4.282378e-10
6608 4.281013e-10
6609 4.279649e-10
6610 4.278285e-10
6611 4.276922e-10
6612 4.275560e-10
6613 4.274198e-10
6614 4.272837e-10
6615 4.271477e-10
6616 4.270117e-10
6617 4.268757e-10
6618 4.267399e-10
6619 4.266041e-10
6620 4.264683e-10
6621 4.263325e-10
6622 4.261968e-10
6623 4.260611e-10
6624 4.259255e-10
6625 4.257899e-10
6626 4.256544e-10
6627 4.255190e-10
6628 4.253836e-10
6629 4.252483e-10
6630 4.251131e-10
6631 4.249779e-10
6632 4.248428e-10
6633 4.247078e-10
6634 4.245728e-10
6635 4.244379e-10
6636 4.243030e-10
6637 4.241682e-10
6638 4.240335e-10
6639 4.238988e-10
6640 4.237642e-10
6641 4.236297e-10
6642 4.234952e-10
6643 4.233608e-10
6644 4.232264e-10
6645 4.230921e-10
6646 4.229579e-10
6647 4.228237e-10
6648 4.226896e-10
6649 4.225556e-10
6650 4.224216e-10
6651 4.222877e-10
6652 4.221538e-10
6653 4.220200e-10
6654 4.218863e-10
6655 4.217526e-10
6656 4.216190e-10
6657 4.214855e-10
6658 4.213520e-10
6659 4.212186e-10
6660 4.210852e-10
6661 4.209520e-10
6662 4.208187e-10
6663 4.206856e-10
6664 4.205525e-10
6665 4.204194e-10
6666 4.202864e-10
6667 4.201535e-10
6668 4.200207e-10
6669 4.198879e-10
6670 4.197551e-10
6671 4.196225e-10
6672 4.194898e-10
6673 4.193573e-10
6674 4.192248e-10
6675 4.190924e-10
6676 4.189600e-10
6677 4.188277e-10
6678 4.186955e-10
6679 4.185633e-10
6680 4.184310e-10
6681 4.182988e-10
6682 4.181667e-10
6683 4.180346e-10
6684 4.179026e-10
6685 4.177706e-10
6686 4.176388e-10
6687 4.175069e-10
6688 4.173752e-10
6689 4.172435e-10
6690 4.171118e-10
6691 4.169803e-10
6692 4.168487e-10
6693 4.167173e-10
6694 4.165859e-10
6695 4.164545e-10
6696 4.163233e-10
6697 4.161921e-10
6698 4.160609e-10
6699 4.159298e-10
6700 4.157988e-10
6701 4.156678e-10
6702 4.155369e-10
6703 4.154061e-10
6704 4.152753e-10
6705 4.151445e-10
6706 4.150139e-10
6707 4.148833e-10
6708 4.147527e-10
6709 4.146222e-10
6710 4.144918e-10
6711 4.143614e-10
6712 4.142311e-10
6713 4.141009e-10
6714 4.139707e-10
6715 4.138406e-10
6716 4.137105e-10
6717 4.135805e-10
6718 4.134506e-10
6719 4.133207e-10
6720 4.131909e-10
6721 4.130611e-10
6722 4.129314e-10
6723 4.128018e-10
6724 4.126722e-10
6725 4.125427e-10
6726 4.124132e-10
6727 4.122838e-10
6728 4.121545e-10
6729 4.120252e-10
6730 4.118960e-10
6731 4.117668e-10
6732 4.116377e-10
6733 4.115087e-10
6734 4.113797e-10
6735 4.112508e-10
6736 4.111219e-10
6737 4.109931e-10
6738 4.108643e-10
6739 4.107355e-10
6740 4.106068e-10
6741 4.104781e-10
6742 4.103494e-10
6743 4.102208e-10
6744 4.100923e-10
6745 4.099639e-10
6746 4.098354e-10
6747 4.097071e-10
6748 4.095788e-10
6749 4.094506e-10
6750 4.093224e-10
6751 4.091943e-10
6752 4.090663e-10
6753 4.089383e-10
6754 4.088103e-10
6755 4.086825e-10
6756 4.085547e-10
6757 4.084269e-10
6758 4.082992e-10
6759 4.081716e-10
6760 4.080440e-10
6761 4.079165e-10
6762 4.077890e-10
6763 4.076616e-10
6764 4.075343e-10
6765 4.074070e-10
6766 4.072798e-10
6767 4.071526e-10
6768 4.070255e-10
6769 4.068984e-10
6770 4.067714e-10
6771 4.066445e-10
6772 4.065176e-10
6773 4.063908e-10
6774 4.062641e-10
6775 4.061374e-10
6776 4.060107e-10
6777 4.058841e-10
6778 4.057576e-10
6779 4.056311e-10
6780 4.055047e-10
6781 4.053784e-10
6782 4.052521e-10
6783 4.051258e-10
6784 4.049997e-10
6785 4.048735e-10
6786 4.047475e-10
6787 4.046215e-10
6788 4.044955e-10
6789 4.043696e-10
6790 4.042438e-10
6791 4.041180e-10
6792 4.039923e-10
6793 4.038667e-10
6794 4.037411e-10
6795 4.036155e-10
6796 4.034900e-10
6797 4.033646e-10
6798 4.032392e-10
6799 4.031138e-10
6800 4.029884e-10
6801 4.028631e-10
6802 4.027378e-10
6803 4.026126e-10
6804 4.024874e-10
6805 4.023623e-10
6806 4.022373e-10
6807 4.021123e-10
6808 4.019874e-10
6809 4.018625e-10
6810 4.017377e-10
6811 4.016129e-10
6812 4.014882e-10
6813 4.013636e-10
6814 4.012390e-10
6815 4.011145e-10
6816 4.009900e-10
6817 4.008656e-10
6818 4.007412e-10
6819 4.006169e-10
6820 4.004927e-10
6821 4.003685e-10
6822 4.002444e-10
6823 4.001203e-10
6824 3.999963e-10
6825 3.998723e-10
6826 3.997484e-10
6827 3.996246e-10
6828 3.995008e-10
6829 3.993771e-10
6830 3.992534e-10
6831 3.991298e-10
6832 3.990062e-10
6833 3.988827e-10
6834 3.987592e-10
6835 3.986359e-10
6836 3.985125e-10
6837 3.983892e-10
6838 3.982660e-10
6839 3.981428e-10
6840 3.980197e-10
6841 3.978967e-10
6842 3.977737e-10
6843 3.976507e-10
6844 3.975278e-10
6845 3.974050e-10
6846 3.972822e-10
6847 3.971595e-10
6848 3.970368e-10
6849 3.969142e-10
6850 3.967917e-10
6851 3.966692e-10
6852 3.965467e-10
6853 3.964243e-10
6854 3.963020e-10
6855 3.961797e-10
6856 3.960575e-10
6857 3.959353e-10
6858 3.958132e-10
6859 3.956911e-10
6860 3.955689e-10
6861 3.954469e-10
6862 3.953249e-10
6863 3.952029e-10
6864 3.950810e-10
6865 3.949592e-10
6866 3.948374e-10
6867 3.947156e-10
6868 3.945939e-10
6869 3.944723e-10
6870 3.943507e-10
6871 3.942292e-10
6872 3.941078e-10
6873 3.939864e-10
6874 3.938650e-10
6875 3.937437e-10
6876 3.936225e-10
6877 3.935013e-10
6878 3.933802e-10
6879 3.932591e-10
6880 3.931381e-10
6881 3.930171e-10
6882 3.928962e-10
6883 3.927753e-10
6884 3.926545e-10
6885 3.925338e-10
6886 3.924131e-10
6887 3.922925e-10
6888 3.921719e-10
6889 3.920514e-10
6890 3.919309e-10
6891 3.918105e-10
6892 3.916901e-10
6893 3.915698e-10
6894 3.914495e-10
6895 3.913293e-10
6896 3.912092e-10
6897 3.910891e-10
6898 3.909690e-10
6899 3.908491e-10
6900 3.907291e-10
6901 3.906093e-10
6902 3.904894e-10
6903 3.903697e-10
6904 3.902500e-10
6905 3.901303e-10
6906 3.900107e-10
6907 3.898911e-10
6908 3.897716e-10
6909 3.896522e-10
6910 3.895328e-10
6911 3.894135e-10
6912 3.892942e-10
6913 3.891750e-10
6914 3.890558e-10
6915 3.889367e-10
6916 3.888176e-10
6917 3.886986e-10
6918 3.885796e-10
6919 3.884607e-10
6920 3.883418e-10
6921 3.882229e-10
6922 3.881040e-10
6923 3.879852e-10
6924 3.878664e-10
6925 3.877477e-10
6926 3.876291e-10
6927 3.875105e-10
6928 3.873919e-10
6929 3.872734e-10
6930 3.871550e-10
6931 3.870366e-10
6932 3.869183e-10
6933 3.868000e-10
6934 3.866818e-10
6935 3.865636e-10
6936 3.864455e-10
6937 3.863274e-10
6938 3.862094e-10
6939 3.860914e-10
6940 3.859735e-10
6941 3.858557e-10
6942 3.857379e-10
6943 3.856201e-10
6944 3.855024e-10
6945 3.853848e-10
6946 3.852672e-10
6947 3.851497e-10
6948 3.850322e-10
6949 3.849148e-10
6950 3.847974e-10
6951 3.846801e-10
6952 3.845628e-10
6953 3.844456e-10
6954 3.843284e-10
6955 3.842113e-10
6956 3.840942e-10
6957 3.839772e-10
6958 3.838603e-10
6959 3.837434e-10
6960 3.836265e-10
6961 3.835097e-10
6962 3.833930e-10
6963 3.832763e-10
6964 3.831596e-10
6965 3.830430e-10
6966 3.829265e-10
6967 3.828100e-10
6968 3.826936e-10
6969 3.825772e-10
6970 3.824609e-10
6971 3.823446e-10
6972 3.822284e-10
6973 3.821122e-10
6974 3.819961e-10
6975 3.818800e-10
6976 3.817640e-10
6977 3.816480e-10
6978 3.815321e-10
6979 3.814162e-10
6980 3.813004e-10
6981 3.811846e-10
6982 3.810688e-10
6983 3.809530e-10
6984 3.808373e-10
6985 3.807216e-10
6986 3.806060e-10
6987 3.804905e-10
6988 3.803749e-10
6989 3.802595e-10
6990 3.801441e-10
6991 3.800287e-10
6992 3.799134e-10
6993 3.797982e-10
6994 3.796830e-10
6995 3.795678e-10
6996 3.794527e-10
6997 3.793377e-10
6998 3.792227e-10
6999 3.791077e-10
7000 3.789928e-10
7001 3.788780e-10
7002 3.787632e-10
7003 3.786484e-10
7004 3.785337e-10
7005 3.784191e-10
7006 3.783045e-10
7007 3.781900e-10
7008 3.780755e-10
7009 3.779611e-10
7010 3.778467e-10
7011 3.777323e-10
7012 3.776181e-10
7013 3.775038e-10
7014 3.773896e-10
7015 3.772755e-10
7016 3.771614e-10
7017 3.770474e-10
7018 3.769334e-10
7019 3.768195e-10
7020 3.767056e-10
7021 3.765918e-10
7022 3.764780e-10
7023 3.763643e-10
7024 3.762506e-10
7025 3.761370e-10
7026 3.760234e-10
7027 3.759099e-10
7028 3.757964e-10
7029 3.756830e-10
7030 3.755696e-10
7031 3.754563e-10
7032 3.753430e-10
7033 3.752298e-10
7034 3.751167e-10
7035 3.750035e-10
7036 3.748905e-10
7037 3.747774e-10
7038 3.746645e-10
7039 3.745516e-10
7040 3.744387e-10
7041 3.743259e-10
7042 3.742131e-10
7043 3.741003e-10
7044 3.739876e-10
7045 3.738748e-10
7046 3.737622e-10
7047 3.736495e-10
7048 3.735369e-10
7049 3.734244e-10
7050 3.733119e-10
7051 3.731995e-10
7052 3.730871e-10
7053 3.729748e-10
7054 3.728625e-10
7055 3.727503e-10
7056 3.726381e-10
7057 3.725260e-10
7058 3.724139e-10
7059 3.723018e-10
7060 3.721899e-10
7061 3.720779e-10
7062 3.719660e-10
7063 3.718542e-10
7064 3.717424e-10
7065 3.716307e-10
7066 3.715190e-10
7067 3.714074e-10
7068 3.712958e-10
7069 3.711842e-10
7070 3.710727e-10
7071 3.709613e-10
7072 3.708499e-10
7073 3.707386e-10
7074 3.706273e-10
7075 3.705160e-10
7076 3.704048e-10
7077 3.702937e-10
7078 3.701826e-10
7079 3.700715e-10
7080 3.699605e-10
7081 3.698496e-10
7082 3.697387e-10
7083 3.696278e-10
7084 3.695170e-10
7085 3.694063e-10
7086 3.692956e-10
7087 3.691849e-10
7088 3.690743e-10
7089 3.689638e-10
7090 3.688532e-10
7091 3.687428e-10
7092 3.686324e-10
7093 3.685220e-10
7094 3.684117e-10
7095 3.683014e-10
7096 3.681912e-10
7097 3.680810e-10
7098 3.679709e-10
7099 3.678608e-10
7100 3.677508e-10
7101 3.676408e-10
7102 3.675309e-10
7103 3.674210e-10
7104 3.673112e-10
7105 3.672014e-10
7106 3.670916e-10
7107 3.669818e-10
7108 3.668721e-10
7109 3.667624e-10
7110 3.666527e-10
7111 3.665431e-10
7112 3.664336e-10
7113 3.663241e-10
7114 3.662146e-10
7115 3.661052e-10
7116 3.659958e-10
7117 3.658865e-10
7118 3.657773e-10
7119 3.656680e-10
7120 3.655589e-10
7121 3.654498e-10
7122 3.653407e-10
7123 3.652317e-10
7124 3.651227e-10
7125 3.650138e-10
7126 3.649049e-10
7127 3.647960e-10
7128 3.646873e-10
7129 3.645785e-10
7130 3.644698e-10
7131 3.643612e-10
7132 3.642526e-10
7133 3.641440e-10
7134 3.640355e-10
7135 3.639271e-10
7136 3.638187e-10
7137 3.637103e-10
7138 3.636020e-10
7139 3.634938e-10
7140 3.633855e-10
7141 3.632774e-10
7142 3.631693e-10
7143 3.630612e-10
7144 3.629532e-10
7145 3.628452e-10
7146 3.627372e-10
7147 3.626294e-10
7148 3.625215e-10
7149 3.624137e-10
7150 3.623060e-10
7151 3.621983e-10
7152 3.620907e-10
7153 3.619831e-10
7154 3.618755e-10
7155 3.617680e-10
7156 3.616605e-10
7157 3.615531e-10
7158 3.614457e-10
7159 3.613384e-10
7160 3.612312e-10
7161 3.611239e-10
7162 3.610168e-10
7163 3.609096e-10
7164 3.608025e-10
7165 3.606955e-10
7166 3.605885e-10
7167 3.604816e-10
7168 3.603747e-10
7169 3.602677e-10
7170 3.601608e-10
7171 3.600540e-10
7172 3.599472e-10
7173 3.598404e-10
7174 3.597337e-10
7175 3.596270e-10
7176 3.595204e-10
7177 3.594138e-10
7178 3.593072e-10
7179 3.592008e-10
7180 3.590943e-10
7181 3.589879e-10
7182 3.588816e-10
7183 3.587753e-10
7184 3.586690e-10
7185 3.585628e-10
7186 3.584566e-10
7187 3.583505e-10
7188 3.582444e-10
7189 3.581384e-10
7190 3.580324e-10
7191 3.579265e-10
7192 3.578206e-10
7193 3.577147e-10
7194 3.576090e-10
7195 3.575032e-10
7196 3.573975e-10
7197 3.572918e-10
7198 3.571862e-10
7199 3.570807e-10
7200 3.569751e-10
7201 3.568697e-10
7202 3.567642e-10
7203 3.566588e-10
7204 3.565535e-10
7205 3.564482e-10
7206 3.563430e-10
7207 3.562378e-10
7208 3.561326e-10
7209 3.560275e-10
7210 3.559224e-10
7211 3.558174e-10
7212 3.557124e-10
7213 3.556075e-10
7214 3.555026e-10
7215 3.553978e-10
7216 3.552930e-10
7217 3.551883e-10
7218 3.550836e-10
7219 3.549789e-10
7220 3.548743e-10
7221 3.547697e-10
7222 3.546652e-10
7223 3.545607e-10
7224 3.544563e-10
7225 3.543519e-10
7226 3.542476e-10
7227 3.541433e-10
7228 3.540390e-10
7229 3.539348e-10
7230 3.538307e-10
7231 3.537266e-10
7232 3.536225e-10
7233 3.535184e-10
7234 3.534143e-10
7235 3.533103e-10
7236 3.532063e-10
7237 3.531024e-10
7238 3.529985e-10
7239 3.528946e-10
7240 3.527908e-10
7241 3.526870e-10
7242 3.525833e-10
7243 3.524796e-10
7244 3.523760e-10
7245 3.522724e-10
7246 3.521689e-10
7247 3.520654e-10
7248 3.519620e-10
7249 3.518586e-10
7250 3.517552e-10
7251 3.516519e-10
7252 3.515486e-10
7253 3.514454e-10
7254 3.513422e-10
7255 3.512391e-10
7256 3.511360e-10
7257 3.510329e-10
7258 3.509299e-10
7259 3.508270e-10
7260 3.507240e-10
7261 3.506212e-10
7262 3.505183e-10
7263 3.504156e-10
7264 3.503128e-10
7265 3.502101e-10
7266 3.501075e-10
7267 3.500049e-10
7268 3.499023e-10
7269 3.497998e-10
7270 3.496973e-10
7271 3.495949e-10
7272 3.494925e-10
7273 3.493902e-10
7274 3.492879e-10
7275 3.491856e-10
7276 3.490834e-10
7277 3.489813e-10
7278 3.488791e-10
7279 3.487771e-10
7280 3.486750e-10
7281 3.485730e-10
7282 3.484711e-10
7283 3.483692e-10
7284 3.482673e-10
7285 3.481655e-10
7286 3.480638e-10
7287 3.479620e-10
7288 3.478604e-10
7289 3.477587e-10
7290 3.476571e-10
7291 3.475556e-10
7292 3.474541e-10
7293 3.473526e-10
7294 3.472512e-10
7295 3.471498e-10
7296 3.470485e-10
7297 3.469471e-10
7298 3.468458e-10
7299 3.467445e-10
7300 3.466432e-10
7301 3.465420e-10
7302 3.464408e-10
7303 3.463397e-10
7304 3.462386e-10
7305 3.461376e-10
7306 3.460366e-10
7307 3.459356e-10
7308 3.458347e-10
7309 3.457339e-10
7310 3.456331e-10
7311 3.455323e-10
7312 3.454315e-10
7313 3.453308e-10
7314 3.452302e-10
7315 3.451296e-10
7316 3.450290e-10
7317 3.449285e-10
7318 3.448280e-10
7319 3.447276e-10
7320 3.446272e-10
7321 3.445269e-10
7322 3.444266e-10
7323 3.443263e-10
7324 3.442261e-10
7325 3.441259e-10
7326 3.440258e-10
7327 3.439257e-10
7328 3.438256e-10
7329 3.437256e-10
7330 3.436257e-10
7331 3.435257e-10
7332 3.434259e-10
7333 3.433260e-10
7334 3.432262e-10
7335 3.431265e-10
7336 3.430268e-10
7337 3.429271e-10
7338 3.428275e-10
7339 3.427279e-10
7340 3.426284e-10
7341 3.425289e-10
7342 3.424294e-10
7343 3.423300e-10
7344 3.422306e-10
7345 3.421313e-10
7346 3.420320e-10
7347 3.419328e-10
7348 3.418336e-10
7349 3.417344e-10
7350 3.416353e-10
7351 3.415363e-10
7352 3.414372e-10
7353 3.413382e-10
7354 3.412393e-10
7355 3.411404e-10
7356 3.410415e-10
7357 3.409427e-10
7358 3.408439e-10
7359 3.407452e-10
7360 3.406465e-10
7361 3.405479e-10
7362 3.404492e-10
7363 3.403505e-10
7364 3.402519e-10
7365 3.401533e-10
7366 3.400548e-10
7367 3.399563e-10
7368 3.398579e-10
7369 3.397595e-10
7370 3.396611e-10
7371 3.395628e-10
7372 3.394645e-10
7373 3.393663e-10
7374 3.392681e-10
7375 3.391699e-10
7376 3.390718e-10
7377 3.389737e-10
7378 3.388757e-10
7379 3.387777e-10
7380 3.386797e-10
7381 3.385818e-10
7382 3.384840e-10
7383 3.383862e-10
7384 3.382884e-10
7385 3.381906e-10
7386 3.380929e-10
7387 3.379953e-10
7388 3.378977e-10
7389 3.378001e-10
7390 3.377026e-10
7391 3.376051e-10
7392 3.375076e-10
7393 3.374102e-10
7394 3.373128e-10
7395 3.372155e-10
7396 3.371182e-10
7397 3.370210e-10
7398 3.369238e-10
7399 3.368266e-10
7400 3.367295e-10
7401 3.366324e-10
7402 3.365354e-10
7403 3.364384e-10
7404 3.363414e-10
7405 3.362445e-10
7406 3.361476e-10
7407 3.360508e-10
7408 3.359540e-10
7409 3.358573e-10
7410 3.357606e-10
7411 3.356639e-10
7412 3.355673e-10
7413 3.354707e-10
7414 3.353741e-10
7415 3.352776e-10
7416 3.351811e-10
7417 3.350847e-10
7418 3.349883e-10
7419 3.348920e-10
7420 3.347957e-10
7421 3.346994e-10
7422 3.346032e-10
7423 3.345070e-10
7424 3.344109e-10
7425 3.343148e-10
7426 3.342187e-10
7427 3.341227e-10
7428 3.340266e-10
7429 3.339306e-10
7430 3.338346e-10
7431 3.337387e-10
7432 3.336428e-10
7433 3.335469e-10
7434 3.334511e-10
7435 3.333553e-10
7436 3.332595e-10
7437 3.331638e-10
7438 3.330682e-10
7439 3.329726e-10
7440 3.328770e-10
7441 3.327814e-10
7442 3.326859e-10
7443 3.325905e-10
7444 3.324951e-10
7445 3.323997e-10
7446 3.323043e-10
7447 3.322090e-10
7448 3.321138e-10
7449 3.320186e-10
7450 3.319234e-10
7451 3.318282e-10
7452 3.317331e-10
7453 3.316381e-10
7454 3.315431e-10
7455 3.314481e-10
7456 3.313531e-10
7457 3.312582e-10
7458 3.311634e-10
7459 3.310686e-10
7460 3.309738e-10
7461 3.308790e-10
7462 3.307843e-10
7463 3.306897e-10
7464 3.305951e-10
7465 3.305005e-10
7466 3.304059e-10
7467 3.303114e-10
7468 3.302170e-10
7469 3.301226e-10
7470 3.300282e-10
7471 3.299338e-10
7472 3.298395e-10
7473 3.297453e-10
7474 3.296510e-10
7475 3.295569e-10
7476 3.294627e-10
7477 3.293686e-10
7478 3.292745e-10
7479 3.291805e-10
7480 3.290865e-10
7481 3.289926e-10
7482 3.288987e-10
7483 3.288048e-10
7484 3.287110e-10
7485 3.286172e-10
7486 3.285234e-10
7487 3.284297e-10
7488 3.283361e-10
7489 3.282424e-10
7490 3.281488e-10
7491 3.280553e-10
7492 3.279618e-10
7493 3.278682e-10
7494 3.277747e-10
7495 3.276812e-10
7496 3.275878e-10
7497 3.274944e-10
7498 3.274010e-10
7499 3.273077e-10
7500 3.272144e-10
7501 3.271212e-10
7502 3.270279e-10
7503 3.269348e-10
7504 3.268416e-10
7505 3.267485e-10
7506 3.266555e-10
7507 3.265625e-10
7508 3.264695e-10
7509 3.263766e-10
7510 3.262837e-10
7511 3.261908e-10
7512 3.260980e-10
7513 3.260052e-10
7514 3.259125e-10
7515 3.258197e-10
7516 3.257271e-10
7517 3.256345e-10
7518 3.255419e-10
7519 3.254493e-10
7520 3.253568e-10
7521 3.252643e-10
7522 3.251719e-10
7523 3.250795e-10
7524 3.249871e-10
7525 3.248948e-10
7526 3.248025e-10
7527 3.247103e-10
7528 3.246181e-10
7529 3.245259e-10
7530 3.244338e-10
7531 3.243417e-10
7532 3.242497e-10
7533 3.241577e-10
7534 3.240657e-10
7535 3.239737e-10
7536 3.238818e-10
7537 3.237900e-10
7538 3.236982e-10
7539 3.236064e-10
7540 3.235146e-10
7541 3.234229e-10
7542 3.233313e-10
7543 3.232396e-10
7544 3.231481e-10
7545 3.230565e-10
7546 3.229650e-10
7547 3.228735e-10
7548 3.227821e-10
7549 3.226907e-10
7550 3.225993e-10
7551 3.225080e-10
7552 3.224167e-10
7553 3.223254e-10
7554 3.222342e-10
7555 3.221431e-10
7556 3.220519e-10
7557 3.219608e-10
7558 3.218698e-10
7559 3.217787e-10
7560 3.216877e-10
7561 3.215967e-10
7562 3.215057e-10
7563 3.214147e-10
7564 3.213238e-10
7565 3.212329e-10
7566 3.211421e-10
7567 3.210513e-10
7568 3.209605e-10
7569 3.208698e-10
7570 3.207791e-10
7571 3.206884e-10
7572 3.205978e-10
7573 3.205072e-10
7574 3.204167e-10
7575 3.203262e-10
7576 3.202357e-10
7577 3.201453e-10
7578 3.200549e-10
7579 3.199646e-10
7580 3.198743e-10
7581 3.197840e-10
7582 3.196937e-10
7583 3.196035e-10
7584 3.195134e-10
7585 3.194233e-10
7586 3.193332e-10
7587 3.192431e-10
7588 3.191531e-10
7589 3.190631e-10
7590 3.189732e-10
7591 3.188833e-10
7592 3.187934e-10
7593 3.187036e-10
7594 3.186138e-10
7595 3.185240e-10
7596 3.184343e-10
7597 3.183446e-10
7598 3.182550e-10
7599 3.181654e-10
7600 3.180758e-10
7601 3.179863e-10
7602 3.178968e-10
7603 3.178073e-10
7604 3.177179e-10
7605 3.176285e-10
7606 3.175392e-10
7607 3.174498e-10
7608 3.173606e-10
7609 3.172713e-10
7610 3.171821e-10
7611 3.170930e-10
7612 3.170038e-10
7613 3.169148e-10
7614 3.168257e-10
7615 3.167367e-10
7616 3.166477e-10
7617 3.165588e-10
7618 3.164699e-10
7619 3.163810e-10
7620 3.162921e-10
7621 3.162033e-10
7622 3.161146e-10
7623 3.160259e-10
7624 3.159372e-10
7625 3.158485e-10
7626 3.157599e-10
7627 3.156713e-10
7628 3.155827e-10
7629 3.154941e-10
7630 3.154055e-10
7631 3.153170e-10
7632 3.152285e-10
7633 3.151401e-10
7634 3.150517e-10
7635 3.149633e-10
7636 3.148750e-10
7637 3.147867e-10
7638 3.146985e-10
7639 3.146102e-10
7640 3.145220e-10
7641 3.144339e-10
7642 3.143458e-10
7643 3.142577e-10
7644 3.141697e-10
7645 3.140817e-10
7646 3.139937e-10
7647 3.139058e-10
7648 3.138179e-10
7649 3.137300e-10
7650 3.136422e-10
7651 3.135544e-10
7652 3.134667e-10
7653 3.133789e-10
7654 3.132913e-10
7655 3.132036e-10
7656 3.131160e-10
7657 3.130284e-10
7658 3.129409e-10
7659 3.128534e-10
7660 3.127660e-10
7661 3.126785e-10
7662 3.125911e-10
7663 3.125038e-10
7664 3.124165e-10
7665 3.123292e-10
7666 3.122419e-10
7667 3.121547e-10
7668 3.120675e-10
7669 3.119804e-10
7670 3.118933e-10
7671 3.118062e-10
7672 3.117192e-10
7673 3.116322e-10
7674 3.115452e-10
7675 3.114583e-10
7676 3.113714e-10
7677 3.112846e-10
7678 3.111977e-10
7679 3.111110e-10
7680 3.110242e-10
7681 3.109375e-10
7682 3.108508e-10
7683 3.107642e-10
7684 3.106776e-10
7685 3.105910e-10
7686 3.105045e-10
7687 3.104180e-10
7688 3.103315e-10
7689 3.102451e-10
7690 3.101587e-10
7691 3.100723e-10
7692 3.099860e-10
7693 3.098997e-10
7694 3.098134e-10
7695 3.097271e-10
7696 3.096409e-10
7697 3.095547e-10
7698 3.094685e-10
7699 3.093823e-10
7700 3.092962e-10
7701 3.092101e-10
7702 3.091241e-10
7703 3.090380e-10
7704 3.089521e-10
7705 3.088661e-10
7706 3.087802e-10
7707 3.086943e-10
7708 3.086085e-10
7709 3.085227e-10
7710 3.084369e-10
7711 3.083512e-10
7712 3.082655e-10
7713 3.081798e-10
7714 3.080942e-10
7715 3.080086e-10
7716 3.079231e-10
7717 3.078375e-10
7718 3.077520e-10
7719 3.076666e-10
7720 3.075812e-10
7721 3.074958e-10
7722 3.074104e-10
7723 3.073251e-10
7724 3.072398e-10
7725 3.071546e-10
7726 3.070694e-10
7727 3.069842e-10
7728 3.068991e-10
7729 3.068140e-10
7730 3.067289e-10
7731 3.066438e-10
7732 3.065588e-10
7733 3.064739e-10
7734 3.063889e-10
7735 3.063040e-10
7736 3.062192e-10
7737 3.061343e-10
7738 3.060495e-10
7739 3.059648e-10
7740 3.058801e-10
7741 3.057954e-10
7742 3.057107e-10
7743 3.056261e-10
7744 3.055415e-10
7745 3.054569e-10
7746 3.053724e-10
7747 3.052879e-10
7748 3.052035e-10
7749 3.051191e-10
7750 3.050347e-10
7751 3.049503e-10
7752 3.048660e-10
7753 3.047817e-10
7754 3.046975e-10
7755 3.046133e-10
7756 3.045291e-10
7757 3.044449e-10
7758 3.043608e-10
7759 3.042767e-10
7760 3.041927e-10
7761 3.041087e-10
7762 3.040247e-10
7763 3.039407e-10
7764 3.038568e-10
7765 3.037728e-10
7766 3.036889e-10
7767 3.036050e-10
7768 3.035212e-10
7769 3.034374e-10
7770 3.033536e-10
7771 3.032698e-10
7772 3.031861e-10
7773 3.031025e-10
7774 3.030188e-10
7775 3.029352e-10
7776 3.028516e-10
7777 3.027681e-10
7778 3.026846e-10
7779 3.026011e-10
7780 3.025177e-10
7781 3.024343e-10
7782 3.023509e-10
7783 3.022676e-10
7784 3.021843e-10
7785 3.021010e-10
7786 3.020178e-10
7787 3.019346e-10
7788 3.018514e-10
7789 3.017683e-10
7790 3.016852e-10
7791 3.016021e-10
7792 3.015191e-10
7793 3.014361e-10
7794 3.013531e-10
7795 3.012702e-10
7796 3.011873e-10
7797 3.011044e-10
7798 3.010216e-10
7799 3.009387e-10
7800 3.008560e-10
7801 3.007732e-10
7802 3.006905e-10
7803 3.006079e-10
7804 3.005252e-10
7805 3.004426e-10
7806 3.003601e-10
7807 3.002775e-10
7808 3.001950e-10
7809 3.001126e-10
7810 3.000301e-10
7811 2.999477e-10
7812 2.998654e-10
7813 2.997830e-10
7814 2.997007e-10
7815 2.996185e-10
7816 2.995362e-10
7817 2.994540e-10
7818 2.993719e-10
7819 2.992897e-10
7820 2.992076e-10
7821 2.991256e-10
7822 2.990435e-10
7823 2.989615e-10
7824 2.988795e-10
7825 2.987976e-10
7826 2.987157e-10
7827 2.986338e-10
7828 2.985520e-10
7829 2.984702e-10
7830 2.983884e-10
7831 2.983067e-10
7832 2.982249e-10
7833 2.981432e-10
7834 2.980615e-10
7835 2.979798e-10
7836 2.978981e-10
7837 2.978165e-10
7838 2.977349e-10
7839 2.976534e-10
7840 2.975719e-10
7841 2.974904e-10
7842 2.974089e-10
7843 2.973275e-10
7844 2.972461e-10
7845 2.971648e-10
7846 2.970835e-10
7847 2.970022e-10
7848 2.969209e-10
7849 2.968397e-10
7850 2.967585e-10
7851 2.966774e-10
7852 2.965962e-10
7853 2.965151e-10
7854 2.964341e-10
7855 2.963530e-10
7856 2.962721e-10
7857 2.961911e-10
7858 2.961102e-10
7859 2.960293e-10
7860 2.959484e-10
7861 2.958676e-10
7862 2.957868e-10
7863 2.957060e-10
7864 2.956253e-10
7865 2.955446e-10
7866 2.954639e-10
7867 2.953833e-10
7868 2.953026e-10
7869 2.952221e-10
7870 2.951415e-10
7871 2.950610e-10
7872 2.949805e-10
7873 2.949001e-10
7874 2.948197e-10
7875 2.947393e-10
7876 2.946590e-10
7877 2.945786e-10
7878 2.944984e-10
7879 2.944181e-10
7880 2.943379e-10
7881 2.942577e-10
7882 2.941775e-10
7883 2.940974e-10
7884 2.940173e-10
7885 2.939373e-10
7886 2.938572e-10
7887 2.937772e-10
7888 2.936973e-10
7889 2.936173e-10
7890 2.935374e-10
7891 2.934576e-10
7892 2.933777e-10
7893 2.932979e-10
7894 2.932181e-10
7895 2.931384e-10
7896 2.930587e-10
7897 2.929790e-10
7898 2.928994e-10
7899 2.928198e-10
7900 2.927402e-10
7901 2.926606e-10
7902 2.925810e-10
7903 2.925015e-10
7904 2.924219e-10
7905 2.923424e-10
7906 2.922630e-10
7907 2.921836e-10
7908 2.921042e-10
7909 2.920248e-10
7910 2.919455e-10
7911 2.918662e-10
7912 2.917869e-10
7913 2.917076e-10
7914 2.916284e-10
7915 2.915493e-10
7916 2.914701e-10
7917 2.913910e-10
7918 2.913119e-10
7919 2.912329e-10
7920 2.911539e-10
7921 2.910749e-10
7922 2.909959e-10
7923 2.909170e-10
7924 2.908381e-10
7925 2.907592e-10
7926 2.906804e-10
7927 2.906016e-10
7928 2.905228e-10
7929 2.904441e-10
7930 2.903654e-10
7931 2.902867e-10
7932 2.902081e-10
7933 2.901294e-10
7934 2.900509e-10
7935 2.899723e-10
7936 2.898938e-10
7937 2.898153e-10
7938 2.897369e-10
7939 2.896584e-10
7940 2.895800e-10
7941 2.895017e-10
7942 2.894233e-10
7943 2.893450e-10
7944 2.892668e-10
7945 2.891885e-10
7946 2.891103e-10
7947 2.890321e-10
7948 2.889540e-10
7949 2.888759e-10
7950 2.887978e-10
7951 2.887197e-10
7952 2.886417e-10
7953 2.885637e-10
7954 2.884858e-10
7955 2.884078e-10
7956 2.883299e-10
7957 2.882521e-10
7958 2.881742e-10
7959 2.880964e-10
7960 2.880187e-10
7961 2.879409e-10
7962 2.878632e-10
7963 2.877855e-10
7964 2.877079e-10
7965 2.876302e-10
7966 2.875526e-10
7967 2.874751e-10
7968 2.873976e-10
7969 2.873201e-10
7970 2.872426e-10
7971 2.871652e-10
7972 2.870877e-10
7973 2.870102e-10
7974 2.869328e-10
7975 2.868554e-10
7976 2.867781e-10
7977 2.867008e-10
7978 2.866235e-10
7979 2.865462e-10
7980 2.864690e-10
7981 2.863918e-10
7982 2.863146e-10
7983 2.862375e-10
7984 2.861604e-10
7985 2.860833e-10
7986 2.860063e-10
7987 2.859293e-10
7988 2.858523e-10
7989 2.857753e-10
7990 2.856984e-10
7991 2.856215e-10
7992 2.855446e-10
7993 2.854678e-10
7994 2.853910e-10
7995 2.853142e-10
7996 2.852375e-10
7997 2.851608e-10
7998 2.850841e-10
7999 2.850074e-10
8000 2.849308e-10
8001 2.848542e-10
8002 2.847777e-10
8003 2.847011e-10
8004 2.846246e-10
8005 2.845482e-10
8006 2.844717e-10
8007 2.843953e-10
8008 2.843189e-10
8009 2.842426e-10
8010 2.841663e-10
8011 2.840900e-10
8012 2.840137e-10
8013 2.839375e-10
8014 2.838613e-10
8015 2.837851e-10
8016 2.837090e-10
8017 2.836328e-10
8018 2.835568e-10
8019 2.834807e-10
8020 2.834047e-10
8021 2.833287e-10
8022 2.832527e-10
8023 2.831768e-10
8024 2.831009e-10
8025 2.830250e-10
8026 2.829492e-10
8027 2.828734e-10
8028 2.827976e-10
8029 2.827218e-10
8030 2.826461e-10
8031 2.825704e-10
8032 2.824948e-10
8033 2.824191e-10
8034 2.823435e-10
8035 2.822680e-10
8036 2.821924e-10
8037 2.821169e-10
8038 2.820414e-10
8039 2.819659e-10
8040 2.818905e-10
8041 2.818151e-10
8042 2.817398e-10
8043 2.816644e-10
8044 2.815890e-10
8045 2.815136e-10
8046 2.814383e-10
8047 2.813630e-10
8048 2.812878e-10
8049 2.812126e-10
8050 2.811374e-10
8051 2.810622e-10
8052 2.809871e-10
8053 2.809120e-10
8054 2.808369e-10
8055 2.807618e-10
8056 2.806868e-10
8057 2.806118e-10
8058 2.805369e-10
8059 2.804619e-10
8060 2.803870e-10
8061 2.803122e-10
8062 2.802373e-10
8063 2.801625e-10
8064 2.800877e-10
8065 2.800130e-10
8066 2.799382e-10
8067 2.798636e-10
8068 2.797889e-10
8069 2.797142e-10
8070 2.796396e-10
8071 2.795651e-10
8072 2.794905e-10
8073 2.794160e-10
8074 2.793415e-10
8075 2.792670e-10
8076 2.791926e-10
8077 2.791182e-10
8078 2.790438e-10
8079 2.789695e-10
8080 2.788952e-10
8081 2.788209e-10
8082 2.787466e-10
8083 2.786724e-10
8084 2.785982e-10
8085 2.785240e-10
8086 2.784499e-10
8087 2.783757e-10
8088 2.783017e-10
8089 2.782276e-10
8090 2.781536e-10
8091 2.780796e-10
8092 2.780056e-10
8093 2.779317e-10
8094 2.778577e-10
8095 2.777839e-10
8096 2.777100e-10
8097 2.776362e-10
8098 2.775624e-10
8099 2.774886e-10
8100 2.774149e-10
8101 2.773412e-10
8102 2.772675e-10
8103 2.771938e-10
8104 2.771202e-10
8105 2.770466e-10
8106 2.769730e-10
8107 2.768995e-10
8108 2.768260e-10
8109 2.767525e-10
8110 2.766790e-10
8111 2.766056e-10
8112 2.765322e-10
8113 2.764588e-10
8114 2.763855e-10
8115 2.763121e-10
8116 2.762387e-10
8117 2.761654e-10
8118 2.760921e-10
8119 2.760189e-10
8120 2.759457e-10
8121 2.758725e-10
8122 2.757993e-10
8123 2.757261e-10
8124 2.756530e-10
8125 2.755799e-10
8126 2.755069e-10
8127 2.754338e-10
8128 2.753608e-10
8129 2.752879e-10
8130 2.752149e-10
8131 2.751420e-10
8132 2.750691e-10
8133 2.749962e-10
8134 2.749234e-10
8135 2.748506e-10
8136 2.747778e-10
8137 2.747051e-10
8138 2.746324e-10
8139 2.745597e-10
8140 2.744870e-10
8141 2.744144e-10
8142 2.743418e-10
8143 2.742692e-10
8144 2.741966e-10
8145 2.741241e-10
8146 2.740516e-10
8147 2.739791e-10
8148 2.739067e-10
8149 2.738343e-10
8150 2.737619e-10
8151 2.736896e-10
8152 2.736172e-10
8153 2.735449e-10
8154 2.734727e-10
8155 2.734004e-10
8156 2.733282e-10
8157 2.732560e-10
8158 2.731839e-10
8159 2.731117e-10
8160 2.730396e-10
8161 2.729675e-10
8162 2.728955e-10
8163 2.728235e-10
8164 2.727515e-10
8165 2.726795e-10
8166 2.726076e-10
8167 2.725357e-10
8168 2.724638e-10
8169 2.723919e-10
8170 2.723201e-10
8171 2.722483e-10
8172 2.721765e-10
8173 2.721048e-10
8174 2.720331e-10
8175 2.719614e-10
8176 2.718897e-10
8177 2.718181e-10
8178 2.717465e-10
8179 2.716749e-10
8180 2.716034e-10
8181 2.715319e-10
8182 2.714604e-10
8183 2.713889e-10
8184 2.713175e-10
8185 2.712460e-10
8186 2.711746e-10
8187 2.711032e-10
8188 2.710318e-10
8189 2.709605e-10
8190 2.708891e-10
8191 2.708178e-10
8192 2.707466e-10
8193 2.706753e-10
8194 2.706041e-10
8195 2.705329e-10
8196 2.704617e-10
8197 2.703906e-10
8198 2.703195e-10
8199 2.702484e-10
8200 2.701773e-10
8201 2.701063e-10
8202 2.700353e-10
8203 2.699643e-10
8204 2.698934e-10
8205 2.698225e-10
8206 2.697516e-10
8207 2.696807e-10
8208 2.696099e-10
8209 2.695390e-10
8210 2.694683e-10
8211 2.693975e-10
8212 2.693268e-10
8213 2.692561e-10
8214 2.691854e-10
8215 2.691147e-10
8216 2.690441e-10
8217 2.689735e-10
8218 2.689030e-10
8219 2.688324e-10
8220 2.687619e-10
8221 2.686914e-10
8222 2.686210e-10
8223 2.685505e-10
8224 2.684801e-10
8225 2.684097e-10
8226 2.683394e-10
8227 2.682691e-10
8228 2.681988e-10
8229 2.681285e-10
8230 2.680583e-10
8231 2.679880e-10
8232 2.679179e-10
8233 2.678477e-10
8234 2.677776e-10
8235 2.677074e-10
8236 2.676374e-10
8237 2.675673e-10
8238 2.674973e-10
8239 2.674273e-10
8240 2.673573e-10
8241 2.672874e-10
8242 2.672174e-10
8243 2.671475e-10
8244 2.670777e-10
8245 2.670078e-10
8246 2.669380e-10
8247 2.668682e-10
8248 2.667985e-10
8249 2.667287e-10
8250 2.666590e-10
8251 2.665893e-10
8252 2.665197e-10
8253 2.664501e-10
8254 2.663805e-10
8255 2.663109e-10
8256 2.662413e-10
8257 2.661718e-10
8258 2.661023e-10
8259 2.660328e-10
8260 2.659633e-10
8261 2.658939e-10
8262 2.658244e-10
8263 2.657550e-10
8264 2.656856e-10
8265 2.656162e-10
8266 2.655469e-10
8267 2.654776e-10
8268 2.654083e-10
8269 2.653390e-10
8270 2.652698e-10
8271 2.652006e-10
8272 2.651314e-10
8273 2.650623e-10
8274 2.649931e-10
8275 2.649240e-10
8276 2.648550e-10
8277 2.647859e-10
8278 2.647169e-10
8279 2.646479e-10
8280 2.645789e-10
8281 2.645100e-10
8282 2.644411e-10
8283 2.643722e-10
8284 2.643033e-10
8285 2.642345e-10
8286 2.641657e-10
8287 2.640969e-10
8288 2.640281e-10
8289 2.639594e-10
8290 2.638907e-10
8291 2.638220e-10
8292 2.637534e-10
8293 2.636847e-10
8294 2.636161e-10
8295 2.635476e-10
8296 2.634790e-10
8297 2.634105e-10
8298 2.633420e-10
8299 2.632735e-10
8300 2.632051e-10
8301 2.631367e-10
8302 2.630683e-10
8303 2.629999e-10
8304 2.629316e-10
8305 2.628632e-10
8306 2.627950e-10
8307 2.627267e-10
8308 2.626585e-10
8309 2.625902e-10
8310 2.625221e-10
8311 2.624539e-10
8312 2.623858e-10
8313 2.623177e-10
8314 2.622496e-10
8315 2.621815e-10
8316 2.621135e-10
8317 2.620455e-10
8318 2.619775e-10
8319 2.619096e-10
8320 2.618416e-10
8321 2.617737e-10
8322 2.617059e-10
8323 2.616380e-10
8324 2.615702e-10
8325 2.615024e-10
8326 2.614346e-10
8327 2.613669e-10
8328 2.612991e-10
8329 2.612314e-10
8330 2.611638e-10
8331 2.610961e-10
8332 2.610285e-10
8333 2.609608e-10
8334 2.608932e-10
8335 2.608256e-10
8336 2.607581e-10
8337 2.606905e-10
8338 2.606230e-10
8339 2.605555e-10
8340 2.604880e-10
8341 2.604206e-10
8342 2.603532e-10
8343 2.602858e-10
8344 2.602184e-10
8345 2.601511e-10
8346 2.600838e-10
8347 2.600165e-10
8348 2.599492e-10
8349 2.598820e-10
8350 2.598148e-10
8351 2.597476e-10
8352 2.596804e-10
8353 2.596133e-10
8354 2.595462e-10
8355 2.594791e-10
8356 2.594120e-10
8357 2.593450e-10
8358 2.592780e-10
8359 2.592110e-10
8360 2.591440e-10
8361 2.590771e-10
8362 2.590102e-10
8363 2.589433e-10
8364 2.588765e-10
8365 2.588096e-10
8366 2.587428e-10
8367 2.586760e-10
8368 2.586093e-10
8369 2.585426e-10
8370 2.584758e-10
8371 2.584092e-10
8372 2.583425e-10
8373 2.582759e-10
8374 2.582093e-10
8375 2.581427e-10
8376 2.580761e-10
8377 2.580096e-10
8378 2.579431e-10
8379 2.578766e-10
8380 2.578102e-10
8381 2.577437e-10
8382 2.576773e-10
8383 2.576110e-10
8384 2.575446e-10
8385 2.574783e-10
8386 2.574120e-10
8387 2.573457e-10
8388 2.572794e-10
8389 2.572132e-10
8390 2.571470e-10
8391 2.570808e-10
8392 2.570147e-10
8393 2.569485e-10
8394 2.568824e-10
8395 2.568163e-10
8396 2.567503e-10
8397 2.566843e-10
8398 2.566182e-10
8399 2.565523e-10
8400 2.564863e-10
8401 2.564204e-10
8402 2.563545e-10
8403 2.562886e-10
8404 2.562227e-10
8405 2.561569e-10
8406 2.560911e-10
8407 2.560252e-10
8408 2.559594e-10
8409 2.558936e-10
8410 2.558279e-10
8411 2.557621e-10
8412 2.556964e-10
8413 2.556307e-10
8414 2.555651e-10
8415 2.554995e-10
8416 2.554338e-10
8417 2.553683e-10
8418 2.553027e-10
8419 2.552371e-10
8420 2.551716e-10
8421 2.551061e-10
8422 2.550407e-10
8423 2.549752e-10
8424 2.549098e-10
8425 2.548444e-10
8426 2.547791e-10
8427 2.547137e-10
8428 2.546484e-10
8429 2.545831e-10
8430 2.545178e-10
8431 2.544526e-10
8432 2.543874e-10
8433 2.543222e-10
8434 2.542570e-10
8435 2.541919e-10
8436 2.541267e-10
8437 2.540617e-10
8438 2.539966e-10
8439 2.539315e-10
8440 2.538665e-10
8441 2.538015e-10
8442 2.537365e-10
8443 2.536716e-10
8444 2.536067e-10
8445 2.535417e-10
8446 2.534769e-10
8447 2.534120e-10
8448 2.533472e-10
8449 2.532824e-10
8450 2.532176e-10
8451 2.531528e-10
8452 2.530881e-10
8453 2.530234e-10
8454 2.529587e-10
8455 2.528941e-10
8456 2.528294e-10
8457 2.527648e-10
8458 2.527002e-10
8459 2.526357e-10
8460 2.525711e-10
8461 2.525066e-10
8462 2.524421e-10
8463 2.523776e-10
8464 2.523132e-10
8465 2.522488e-10
8466 2.521844e-10
8467 2.521200e-10
8468 2.520557e-10
8469 2.519913e-10
8470 2.519270e-10
8471 2.518628e-10
8472 2.517985e-10
8473 2.517343e-10
8474 2.516701e-10
8475 2.516059e-10
8476 2.515418e-10
8477 2.514776e-10
8478 2.514135e-10
8479 2.513494e-10
8480 2.512854e-10
8481 2.512213e-10
8482 2.511572e-10
8483 2.510932e-10
8484 2.510292e-10
8485 2.509652e-10
8486 2.509012e-10
8487 2.508373e-10
8488 2.507734e-10
8489 2.507095e-10
8490 2.506456e-10
8491 2.505818e-10
8492 2.505179e-10
8493 2.504541e-10
8494 2.503904e-10
8495 2.503266e-10
8496 2.502629e-10
8497 2.501992e-10
8498 2.501355e-10
8499 2.500718e-10
8500 2.500082e-10
8501 2.499446e-10
8502 2.498810e-10
8503 2.498174e-10
8504 2.497539e-10
8505 2.496904e-10
8506 2.496269e-10
8507 2.495634e-10
8508 2.495000e-10
8509 2.494366e-10
8510 2.493732e-10
8511 2.493098e-10
8512 2.492464e-10
8513 2.491831e-10
8514 2.491198e-10
8515 2.490565e-10
8516 2.489933e-10
8517 2.489300e-10
8518 2.488668e-10
8519 2.488036e-10
8520 2.487405e-10
8521 2.486773e-10
8522 2.486142e-10
8523 2.485511e-10
8524 2.484881e-10
8525 2.484250e-10
8526 2.483620e-10
8527 2.482990e-10
8528 2.482360e-10
8529 2.481731e-10
8530 2.481101e-10
8531 2.480472e-10
8532 2.479844e-10
8533 2.479215e-10
8534 2.478587e-10
8535 2.477959e-10
8536 2.477331e-10
8537 2.476703e-10
8538 2.476076e-10
8539 2.475448e-10
8540 2.474821e-10
8541 2.474195e-10
8542 2.473568e-10
8543 2.472942e-10
8544 2.472316e-10
8545 2.471690e-10
8546 2.471065e-10
8547 2.470439e-10
8548 2.469814e-10
8549 2.469189e-10
8550 2.468565e-10
8551 2.467940e-10
8552 2.467316e-10
8553 2.466692e-10
8554 2.466068e-10
8555 2.465445e-10
8556 2.464821e-10
8557 2.464198e-10
8558 2.463575e-10
8559 2.462952e-10
8560 2.462329e-10
8561 2.461706e-10
8562 2.461084e-10
8563 2.460462e-10
8564 2.459840e-10
8565 2.459218e-10
8566 2.458597e-10
8567 2.457976e-10
8568 2.457355e-10
8569 2.456734e-10
8570 2.456113e-10
8571 2.455493e-10
8572 2.454873e-10
8573 2.454253e-10
8574 2.453633e-10
8575 2.453014e-10
8576 2.452395e-10
8577 2.451776e-10
8578 2.451157e-10
8579 2.450539e-10
8580 2.449921e-10
8581 2.449303e-10
8582 2.448685e-10
8583 2.448067e-10
8584 2.447450e-10
8585 2.446833e-10
8586 2.446216e-10
8587 2.445599e-10
8588 2.444983e-10
8589 2.444367e-10
8590 2.443751e-10
8591 2.443135e-10
8592 2.442520e-10
8593 2.441904e-10
8594 2.441289e-10
8595 2.440675e-10
8596 2.440060e-10
8597 2.439446e-10
8598 2.438831e-10
8599 2.438217e-10
8600 2.437604e-10
8601 2.436990e-10
8602 2.436377e-10
8603 2.435764e-10
8604 2.435151e-10
8605 2.434539e-10
8606 2.433926e-10
8607 2.433314e-10
8608 2.432702e-10
8609 2.432091e-10
8610 2.431479e-10
8611 2.430868e-10
8612 2.430257e-10
8613 2.429646e-10
8614 2.429036e-10
8615 2.428425e-10
8616 2.427815e-10
8617 2.427205e-10
8618 2.426596e-10
8619 2.425986e-10
8620 2.425377e-10
8621 2.424768e-10
8622 2.424159e-10
8623 2.423551e-10
8624 2.422943e-10
8625 2.422335e-10
8626 2.421727e-10
8627 2.421119e-10
8628 2.420512e-10
8629 2.419904e-10
8630 2.419298e-10
8631 2.418691e-10
8632 2.418084e-10
8633 2.417477e-10
8634 2.416871e-10
8635 2.416264e-10
8636 2.415658e-10
8637 2.415053e-10
8638 2.414447e-10
8639 2.413841e-10
8640 2.413236e-10
8641 2.412631e-10
8642 2.412026e-10
8643 2.411422e-10
8644 2.410818e-10
8645 2.410214e-10
8646 2.409610e-10
8647 2.409006e-10
8648 2.408403e-10
8649 2.407799e-10
8650 2.407196e-10
8651 2.406594e-10
8652 2.405991e-10
8653 2.405389e-10
8654 2.404787e-10
8655 2.404185e-10
8656 2.403583e-10
8657 2.402982e-10
8658 2.402380e-10
8659 2.401779e-10
8660 2.401179e-10
8661 2.400578e-10
8662 2.399978e-10
8663 2.399377e-10
8664 2.398778e-10
8665 2.398178e-10
8666 2.397578e-10
8667 2.396979e-10
8668 2.396380e-10
8669 2.395781e-10
8670 2.395183e-10
8671 2.394584e-10
8672 2.393986e-10
8673 2.393388e-10
8674 2.392790e-10
8675 2.392193e-10
8676 2.391596e-10
8677 2.390999e-10
8678 2.390402e-10
8679 2.389805e-10
8680 2.389209e-10
8681 2.388612e-10
8682 2.388017e-10
8683 2.387421e-10
8684 2.386825e-10
8685 2.386230e-10
8686 2.385635e-10
8687 2.385040e-10
8688 2.384445e-10
8689 2.383851e-10
8690 2.383256e-10
8691 2.382662e-10
8692 2.382069e-10
8693 2.381475e-10
8694 2.380882e-10
8695 2.380288e-10
8696 2.379696e-10
8697 2.379103e-10
8698 2.378510e-10
8699 2.377918e-10
8700 2.377326e-10
8701 2.376734e-10
8702 2.376142e-10
8703 2.375551e-10
8704 2.374960e-10
8705 2.374369e-10
8706 2.373778e-10
8707 2.373187e-10
8708 2.372597e-10
8709 2.372006e-10
8710 2.371416e-10
8711 2.370826e-10
8712 2.370236e-10
8713 2.369646e-10
8714 2.369057e-10
8715 2.368467e-10
8716 2.367878e-10
8717 2.367289e-10
8718 2.366701e-10
8719 2.366112e-10
8720 2.365524e-10
8721 2.364936e-10
8722 2.364348e-10
8723 2.363761e-10
8724 2.363173e-10
8725 2.362586e-10
8726 2.361999e-10
8727 2.361412e-10
8728 2.360826e-10
8729 2.360239e-10
8730 2.359653e-10
8731 2.359067e-10
8732 2.358482e-10
8733 2.357896e-10
8734 2.357311e-10
8735 2.356726e-10
8736 2.356141e-10
8737 2.355557e-10
8738 2.354972e-10
8739 2.354388e-10
8740 2.353804e-10
8741 2.353220e-10
8742 2.352637e-10
8743 2.352053e-10
8744 2.351470e-10
8745 2.350887e-10
8746 2.350304e-10
8747 2.349722e-10
8748 2.349140e-10
8749 2.348558e-10
8750 2.347976e-10
8751 2.347394e-10
8752 2.346813e-10
8753 2.346231e-10
8754 2.345650e-10
8755 2.345069e-10
8756 2.344489e-10
8757 2.343908e-10
8758 2.343328e-10
8759 2.342748e-10
8760 2.342169e-10
8761 2.341589e-10
8762 2.341010e-10
8763 2.340430e-10
8764 2.339852e-10
8765 2.339273e-10
8766 2.338694e-10
8767 2.338116e-10
8768 2.337538e-10
8769 2.336960e-10
8770 2.336382e-10
8771 2.335805e-10
8772 2.335228e-10
8773 2.334651e-10
8774 2.334074e-10
8775 2.333497e-10
8776 2.332921e-10
8777 2.332344e-10
8778 2.331768e-10
8779 2.331193e-10
8780 2.330617e-10
8781 2.330042e-10
8782 2.329466e-10
8783 2.328891e-10
8784 2.328317e-10
8785 2.327742e-10
8786 2.327168e-10
8787 2.326593e-10
8788 2.326019e-10
8789 2.325444e-10
8790 2.324871e-10
8791 2.324297e-10
8792 2.323723e-10
8793 2.323150e-10
8794 2.322577e-10
8795 2.322004e-10
8796 2.321431e-10
8797 2.320859e-10
8798 2.320286e-10
8799 2.319714e-10
8800 2.319142e-10
8801 2.318571e-10
8802 2.317999e-10
8803 2.317428e-10
8804 2.316857e-10
8805 2.316286e-10
8806 2.315715e-10
8807 2.315145e-10
8808 2.314575e-10
8809 2.314005e-10
8810 2.313435e-10
8811 2.312865e-10
8812 2.312296e-10
8813 2.311726e-10
8814 2.311157e-10
8815 2.310589e-10
8816 2.310020e-10
8817 2.309452e-10
8818 2.308883e-10
8819 2.308315e-10
8820 2.307748e-10
8821 2.307180e-10
8822 2.306613e-10
8823 2.306046e-10
8824 2.305479e-10
8825 2.304912e-10
8826 2.304345e-10
8827 2.303779e-10
8828 2.303213e-10
8829 2.302647e-10
8830 2.302081e-10
8831 2.301515e-10
8832 2.300950e-10
8833 2.300385e-10
8834 2.299820e-10
8835 2.299255e-10
8836 2.298691e-10
8837 2.298126e-10
8838 2.297562e-10
8839 2.296998e-10
8840 2.296435e-10
8841 2.295871e-10
8842 2.295308e-10
8843 2.294745e-10
8844 2.294182e-10
8845 2.293619e-10
8846 2.293056e-10
8847 2.292494e-10
8848 2.291932e-10
8849 2.291370e-10
8850 2.290808e-10
8851 2.290247e-10
8852 2.289686e-10
8853 2.289125e-10
8854 2.288564e-10
8855 2.288003e-10
8856 2.287442e-10
8857 2.286882e-10
8858 2.286322e-10
8859 2.285762e-10
8860 2.285202e-10
8861 2.284643e-10
8862 2.284084e-10
8863 2.283524e-10
8864 2.282965e-10
8865 2.282406e-10
8866 2.281847e-10
8867 2.281289e-10
8868 2.280730e-10
8869 2.280172e-10
8870 2.279614e-10
8871 2.279056e-10
8872 2.278498e-10
8873 2.277941e-10
8874 2.277383e-10
8875 2.276826e-10
8876 2.276269e-10
8877 2.275713e-10
8878 2.275156e-10
8879 2.274600e-10
8880 2.274044e-10
8881 2.273488e-10
8882 2.272932e-10
8883 2.272376e-10
8884 2.271821e-10
8885 2.271266e-10
8886 2.270711e-10
8887 2.270156e-10
8888 2.269602e-10
8889 2.269047e-10
8890 2.268493e-10
8891 2.267939e-10
8892 2.267385e-10
8893 2.266832e-10
8894 2.266279e-10
8895 2.265725e-10
8896 2.265172e-10
8897 2.264620e-10
8898 2.264067e-10
8899 2.263515e-10
8900 2.262963e-10
8901 2.262411e-10
8902 2.261859e-10
8903 2.261307e-10
8904 2.260756e-10
8905 2.260205e-10
8906 2.259654e-10
8907 2.259103e-10
8908 2.258552e-10
8909 2.258002e-10
8910 2.257452e-10
8911 2.256902e-10
8912 2.256352e-10
8913 2.255802e-10
8914 2.255253e-10
8915 2.254704e-10
8916 2.254155e-10
8917 2.253606e-10
8918 2.253057e-10
8919 2.252509e-10
8920 2.251960e-10
8921 2.251412e-10
8922 2.250864e-10
8923 2.250317e-10
8924 2.249769e-10
8925 2.249222e-10
8926 2.248675e-10
8927 2.248128e-10
8928 2.247581e-10
8929 2.247035e-10
8930 2.246488e-10
8931 2.245942e-10
8932 2.245396e-10
8933 2.244851e-10
8934 2.244305e-10
8935 2.243760e-10
8936 2.243215e-10
8937 2.242670e-10
8938 2.242125e-10
8939 2.241580e-10
8940 2.241036e-10
8941 2.240492e-10
8942 2.239948e-10
8943 2.239404e-10
8944 2.238860e-10
8945 2.238316e-10
8946 2.237772e-10
8947 2.237229e-10
8948 2.236686e-10
8949 2.236143e-10
8950 2.235600e-10
8951 2.235057e-10
8952 2.234515e-10
8953 2.233973e-10
8954 2.233430e-10
8955 2.232889e-10
8956 2.232347e-10
8957 2.231805e-10
8958 2.231264e-10
8959 2.230723e-10
8960 2.230182e-10
8961 2.229641e-10
8962 2.229101e-10
8963 2.228560e-10
8964 2.228020e-10
8965 2.227480e-10
8966 2.226941e-10
8967 2.226401e-10
8968 2.225862e-10
8969 2.225322e-10
8970 2.224783e-10
8971 2.224245e-10
8972 2.223706e-10
8973 2.223167e-10
8974 2.222629e-10
8975 2.222091e-10
8976 2.221553e-10
8977 2.221016e-10
8978 2.220478e-10
8979 2.219941e-10
8980 2.219404e-10
8981 2.218867e-10
8982 2.218330e-10
8983 2.217793e-10
8984 2.217257e-10
8985 2.216721e-10
8986 2.216185e-10
8987 2.215649e-10
8988 2.215114e-10
8989 2.214578e-10
8990 2.214043e-10
8991 2.213508e-10
8992 2.212973e-10
8993 2.212438e-10
8994 2.211904e-10
8995 2.211370e-10
8996 2.210836e-10
8997 2.210302e-10
8998 2.209768e-10
8999 2.209235e-10
9000 2.208701e-10
9001 2.208168e-10
9002 2.207635e-10
9003 2.207102e-10
9004 2.206570e-10
9005 2.206037e-10
9006 2.205505e-10
9007 2.204973e-10
9008 2.204441e-10
9009 2.203910e-10
9010 2.203378e-10
9011 2.202847e-10
9012 2.202316e-10
9013 2.201785e-10
9014 2.201254e-10
9015 2.200724e-10
9016 2.200193e-10
9017 2.199663e-10
9018 2.199133e-10
9019 2.198604e-10
9020 2.198074e-10
9021 2.197545e-10
9022 2.197015e-10
9023 2.196486e-10
9024 2.195957e-10
9025 2.195428e-10
9026 2.194899e-10
9027 2.194370e-10
9028 2.193842e-10
9029 2.193313e-10
9030 2.192785e-10
9031 2.192257e-10
9032 2.191730e-10
9033 2.191202e-10
9034 2.190675e-10
9035 2.190147e-10
9036 2.189620e-10
9037 2.189094e-10
9038 2.188567e-10
9039 2.188041e-10
9040 2.187514e-10
9041 2.186988e-10
9042 2.186462e-10
9043 2.185937e-10
9044 2.185411e-10
9045 2.184886e-10
9046 2.184361e-10
9047 2.183836e-10
9048 2.183311e-10
9049 2.182786e-10
9050 2.182262e-10
9051 2.181738e-10
9052 2.181214e-10
9053 2.180690e-10
9054 2.180166e-10
9055 2.179643e-10
9056 2.179119e-10
9057 2.178596e-10
9058 2.178073e-10
9059 2.177550e-10
9060 2.177028e-10
9061 2.176505e-10
9062 2.175983e-10
9063 2.175461e-10
9064 2.174939e-10
9065 2.174418e-10
9066 2.173896e-10
9067 2.173375e-10
9068 2.172854e-10
9069 2.172333e-10
9070 2.171812e-10
9071 2.171291e-10
9072 2.170771e-10
9073 2.170251e-10
9074 2.169731e-10
9075 2.169211e-10
9076 2.168691e-10
9077 2.168172e-10
9078 2.167653e-10
9079 2.167133e-10
9080 2.166615e-10
9081 2.166096e-10
9082 2.165577e-10
9083 2.165059e-10
9084 2.164541e-10
9085 2.164023e-10
9086 2.163505e-10
9087 2.162987e-10
9088 2.162470e-10
9089 2.161952e-10
9090 2.161435e-10
9091 2.160918e-10
9092 2.160401e-10
9093 2.159885e-10
9094 2.159368e-10
9095 2.158852e-10
9096 2.158336e-10
9097 2.157820e-10
9098 2.157305e-10
9099 2.156789e-10
9100 2.156274e-10
9101 2.155759e-10
9102 2.155244e-10
9103 2.154729e-10
9104 2.154214e-10
9105 2.153699e-10
9106 2.153184e-10
9107 2.152670e-10
9108 2.152156e-10
9109 2.151642e-10
9110 2.151128e-10
9111 2.150614e-10
9112 2.150100e-10
9113 2.149587e-10
9114 2.149074e-10
9115 2.148561e-10
9116 2.148048e-10
9117 2.147535e-10
9118 2.147023e-10
9119 2.146511e-10
9120 2.145999e-10
9121 2.145487e-10
9122 2.144975e-10
9123 2.144463e-10
9124 2.143952e-10
9125 2.143441e-10
9126 2.142930e-10
9127 2.142419e-10
9128 2.141908e-10
9129 2.141398e-10
9130 2.140887e-10
9131 2.140377e-10
9132 2.139867e-10
9133 2.139357e-10
9134 2.138848e-10
9135 2.138338e-10
9136 2.137829e-10
9137 2.137320e-10
9138 2.136811e-10
9139 2.136302e-10
9140 2.135794e-10
9141 2.135285e-10
9142 2.134777e-10
9143 2.134269e-10
9144 2.133761e-10
9145 2.133254e-10
9146 2.132746e-10
9147 2.132239e-10
9148 2.131732e-10
9149 2.131225e-10
9150 2.130718e-10
9151 2.130211e-10
9152 2.129705e-10
9153 2.129199e-10
9154 2.128692e-10
9155 2.128187e-10
9156 2.127681e-10
9157 2.127175e-10
9158 2.126670e-10
9159 2.126165e-10
9160 2.125660e-10
9161 2.125155e-10
9162 2.124650e-10
9163 2.124146e-10
9164 2.123641e-10
9165 2.123137e-10
9166 2.122633e-10
9167 2.122129e-10
9168 2.121626e-10
9169 2.121122e-10
9170 2.120619e-10
9171 2.120116e-10
9172 2.119613e-10
9173 2.119110e-10
9174 2.118607e-10
9175 2.118105e-10
9176 2.117603e-10
9177 2.117101e-10
9178 2.116599e-10
9179 2.116097e-10
9180 2.115596e-10
9181 2.115094e-10
9182 2.114593e-10
9183 2.114092e-10
9184 2.113591e-10
9185 2.113090e-10
9186 2.112589e-10
9187 2.112088e-10
9188 2.111588e-10
9189 2.111087e-10
9190 2.110587e-10
9191 2.110087e-10
9192 2.109587e-10
9193 2.109088e-10
9194 2.108588e-10
9195 2.108089e-10
9196 2.107590e-10
9197 2.107091e-10
9198 2.106592e-10
9199 2.106093e-10
9200 2.105595e-10
9201 2.105097e-10
9202 2.104598e-10
9203 2.104101e-10
9204 2.103603e-10
9205 2.103105e-10
9206 2.102608e-10
9207 2.102111e-10
9208 2.101613e-10
9209 2.101117e-10
9210 2.100620e-10
9211 2.100123e-10
9212 2.099627e-10
9213 2.099131e-10
9214 2.098635e-10
9215 2.098139e-10
9216 2.097643e-10
9217 2.097148e-10
9218 2.096652e-10
9219 2.096157e-10
9220 2.095662e-10
9221 2.095167e-10
9222 2.094672e-10
9223 2.094178e-10
9224 2.093684e-10
9225 2.093189e-10
9226 2.092695e-10
9227 2.092202e-10
9228 2.091708e-10
9229 2.091214e-10
9230 2.090721e-10
9231 2.090228e-10
9232 2.089735e-10
9233 2.089242e-10
9234 2.088750e-10
9235 2.088257e-10
9236 2.087765e-10
9237 2.087273e-10
9238 2.086781e-10
9239 2.086289e-10
9240 2.085797e-10
9241 2.085306e-10
9242 2.084815e-10
9243 2.084323e-10
9244 2.083833e-10
9245 2.083342e-10
9246 2.082851e-10
9247 2.082361e-10
9248 2.081870e-10
9249 2.081380e-10
9250 2.080890e-10
9251 2.080401e-10
9252 2.079911e-10
9253 2.079422e-10
9254 2.078932e-10
9255 2.078443e-10
9256 2.077954e-10
9257 2.077466e-10
9258 2.076977e-10
9259 2.076489e-10
9260 2.076000e-10
9261 2.075512e-10
9262 2.075024e-10
9263 2.074537e-10
9264 2.074049e-10
9265 2.073561e-10
9266 2.073074e-10
9267 2.072586e-10
9268 2.072099e-10
9269 2.071612e-10
9270 2.071125e-10
9271 2.070638e-10
9272 2.070152e-10
9273 2.069665e-10
9274 2.069179e-10
9275 2.068693e-10
9276 2.068207e-10
9277 2.067721e-10
9278 2.067236e-10
9279 2.066750e-10
9280 2.066265e-10
9281 2.065780e-10
9282 2.065295e-10
9283 2.064810e-10
9284 2.064326e-10
9285 2.063841e-10
9286 2.063357e-10
9287 2.062873e-10
9288 2.062389e-10
9289 2.061905e-10
9290 2.061422e-10
9291 2.060938e-10
9292 2.060455e-10
9293 2.059972e-10
9294 2.059489e-10
9295 2.059006e-10
9296 2.058523e-10
9297 2.058041e-10
9298 2.057559e-10
9299 2.057077e-10
9300 2.056595e-10
9301 2.056113e-10
9302 2.055631e-10
9303 2.055150e-10
9304 2.054669e-10
9305 2.054187e-10
9306 2.053706e-10
9307 2.053226e-10
9308 2.052745e-10
9309 2.052265e-10
9310 2.051784e-10
9311 2.051304e-10
9312 2.050824e-10
9313 2.050344e-10
9314 2.049865e-10
9315 2.049385e-10
9316 2.048906e-10
9317 2.048427e-10
9318 2.047948e-10
9319 2.047469e-10
9320 2.046990e-10
9321 2.046512e-10
9322 2.046033e-10
9323 2.045555e-10
9324 2.045077e-10
9325 2.044599e-10
9326 2.044122e-10
9327 2.043644e-10
9328 2.043167e-10
9329 2.042690e-10
9330 2.042213e-10
9331 2.041736e-10
9332 2.041259e-10
9333 2.040782e-10
9334 2.040306e-10
9335 2.039830e-10
9336 2.039354e-10
9337 2.038878e-10
9338 2.038402e-10
9339 2.037926e-10
9340 2.037451e-10
9341 2.036976e-10
9342 2.036501e-10
9343 2.036026e-10
9344 2.035551e-10
9345 2.035076e-10
9346 2.034602e-10
9347 2.034128e-10
9348 2.033653e-10
9349 2.033179e-10
9350 2.032705e-10
9351 2.032231e-10
9352 2.031757e-10
9353 2.031283e-10
9354 2.030810e-10
9355 2.030337e-10
9356 2.029863e-10
9357 2.029390e-10
9358 2.028918e-10
9359 2.028445e-10
9360 2.027972e-10
9361 2.027500e-10
9362 2.027028e-10
9363 2.026556e-10
9364 2.026084e-10
9365 2.025612e-10
9366 2.025141e-10
9367 2.024669e-10
9368 2.024198e-10
9369 2.023727e-10
9370 2.023256e-10
9371 2.022785e-10
9372 2.022315e-10
9373 2.021844e-10
9374 2.021374e-10
9375 2.020904e-10
9376 2.020434e-10
9377 2.019964e-10
9378 2.019494e-10
9379 2.019025e-10
9380 2.018556e-10
9381 2.018086e-10
9382 2.017617e-10
9383 2.017149e-10
9384 2.016680e-10
9385 2.016211e-10
9386 2.015743e-10
9387 2.015275e-10
9388 2.014807e-10
9389 2.014339e-10
9390 2.013871e-10
9391 2.013404e-10
9392 2.012936e-10
9393 2.012469e-10
9394 2.012002e-10
9395 2.011535e-10
9396 2.011068e-10
9397 2.010601e-10
9398 2.010135e-10
9399 2.009669e-10
9400 2.009202e-10
9401 2.008737e-10
9402 2.008271e-10
9403 2.007805e-10
9404 2.007339e-10
9405 2.006874e-10
9406 2.006409e-10
9407 2.005944e-10
9408 2.005479e-10
9409 2.005014e-10
9410 2.004550e-10
9411 2.004085e-10
9412 2.003621e-10
9413 2.003157e-10
9414 2.002693e-10
9415 2.002229e-10
9416 2.001765e-10
9417 2.001302e-10
9418 2.000839e-10
9419 2.000375e-10
9420 1.999912e-10
9421 1.999450e-10
9422 1.998987e-10
9423 1.998524e-10
9424 1.998062e-10
9425 1.997600e-10
9426 1.997138e-10
9427 1.996676e-10
9428 1.996214e-10
9429 1.995752e-10
9430 1.995291e-10
9431 1.994829e-10
9432 1.994368e-10
9433 1.993907e-10
9434 1.993445e-10
9435 1.992984e-10
9436 1.992524e-10
9437 1.992063e-10
9438 1.991602e-10
9439 1.991142e-10
9440 1.990682e-10
9441 1.990222e-10
9442 1.989762e-10
9443 1.989302e-10
9444 1.988842e-10
9445 1.988383e-10
9446 1.987924e-10
9447 1.987465e-10
9448 1.987006e-10
9449 1.986547e-10
9450 1.986088e-10
9451 1.985630e-10
9452 1.985171e-10
9453 1.984713e-10
9454 1.984255e-10
9455 1.983797e-10
9456 1.983339e-10
9457 1.982882e-10
9458 1.982424e-10
9459 1.981967e-10
9460 1.981510e-10
9461 1.981053e-10
9462 1.980596e-10
9463 1.980140e-10
9464 1.979683e-10
9465 1.979227e-10
9466 1.978771e-10
9467 1.978314e-10
9468 1.977859e-10
9469 1.977403e-10
9470 1.976947e-10
9471 1.976492e-10
9472 1.976037e-10
9473 1.975581e-10
9474 1.975126e-10
9475 1.974672e-10
9476 1.974217e-10
9477 1.973762e-10
9478 1.973308e-10
9479 1.972854e-10
9480 1.972400e-10
9481 1.971946e-10
9482 1.971492e-10
9483 1.971038e-10
9484 1.970585e-10
9485 1.970132e-10
9486 1.969679e-10
9487 1.969226e-10
9488 1.968773e-10
9489 1.968320e-10
9490 1.967868e-10
9491 1.967415e-10
9492 1.966963e-10
9493 1.966511e-10
9494 1.966059e-10
9495 1.965607e-10
9496 1.965155e-10
9497 1.964704e-10
9498 1.964253e-10
9499 1.963801e-10
9500 1.963350e-10
9501 1.962900e-10
9502 1.962449e-10
9503 1.961998e-10
9504 1.961548e-10
9505 1.961098e-10
9506 1.960647e-10
9507 1.960197e-10
9508 1.959748e-10
9509 1.959298e-10
9510 1.958848e-10
9511 1.958399e-10
9512 1.957950e-10
9513 1.957501e-10
9514 1.957052e-10
9515 1.956603e-10
9516 1.956154e-10
9517 1.955705e-10
9518 1.955256e-10
9519 1.954808e-10
9520 1.954360e-10
9521 1.953911e-10
9522 1.953463e-10
9523 1.953016e-10
9524 1.952568e-10
9525 1.952120e-10
9526 1.951673e-10
9527 1.951226e-10
9528 1.950778e-10
9529 1.950332e-10
9530 1.949885e-10
9531 1.949438e-10
9532 1.948991e-10
9533 1.948545e-10
9534 1.948099e-10
9535 1.947653e-10
9536 1.947207e-10
9537 1.946761e-10
9538 1.946315e-10
9539 1.945870e-10
9540 1.945425e-10
9541 1.944979e-10
9542 1.944534e-10
9543 1.944090e-10
9544 1.943645e-10
9545 1.943200e-10
9546 1.942756e-10
9547 1.942311e-10
9548 1.941867e-10
9549 1.941423e-10
9550 1.940979e-10
9551 1.940536e-10
9552 1.940092e-10
9553 1.939649e-10
9554 1.939206e-10
9555 1.938762e-10
9556 1.938319e-10
9557 1.937877e-10
9558 1.937434e-10
9559 1.936991e-10
9560 1.936549e-10
9561 1.936107e-10
9562 1.935665e-10
9563 1.935223e-10
9564 1.934781e-10
9565 1.934339e-10
9566 1.933898e-10
9567 1.933457e-10
9568 1.933015e-10
9569 1.932574e-10
9570 1.932133e-10
9571 1.931693e-10
9572 1.931252e-10
9573 1.930812e-10
9574 1.930371e-10
9575 1.929931e-10
9576 1.929491e-10
9577 1.929051e-10
9578 1.928611e-10
9579 1.928172e-10
9580 1.927732e-10
9581 1.927293e-10
9582 1.926854e-10
9583 1.926415e-10
9584 1.925976e-10
9585 1.925537e-10
9586 1.925099e-10
9587 1.924660e-10
9588 1.924222e-10
9589 1.923784e-10
9590 1.923346e-10
9591 1.922908e-10
9592 1.922470e-10
9593 1.922033e-10
9594 1.921596e-10
9595 1.921158e-10
9596 1.920721e-10
9597 1.920284e-10
9598 1.919847e-10
9599 1.919410e-10
9600 1.918974e-10
9601 1.918537e-10
9602 1.918100e-10
9603 1.917664e-10
9604 1.917228e-10
9605 1.916792e-10
9606 1.916356e-10
9607 1.915920e-10
9608 1.915484e-10
9609 1.915049e-10
9610 1.914613e-10
9611 1.914178e-10
9612 1.913743e-10
9613 1.913308e-10
9614 1.912873e-10
9615 1.912439e-10
9616 1.912004e-10
9617 1.911570e-10
9618 1.911136e-10
9619 1.910701e-10
9620 1.910267e-10
9621 1.909834e-10
9622 1.909400e-10
9623 1.908967e-10
9624 1.908533e-10
9625 1.908100e-10
9626 1.907667e-10
9627 1.907234e-10
9628 1.906801e-10
9629 1.906369e-10
9630 1.905936e-10
9631 1.905504e-10
9632 1.905071e-10
9633 1.904639e-10
9634 1.904207e-10
9635 1.903776e-10
9636 1.903344e-10
9637 1.902912e-10
9638 1.902481e-10
9639 1.902050e-10
9640 1.901619e-10
9641 1.901188e-10
9642 1.900757e-10
9643 1.900326e-10
9644 1.899896e-10
9645 1.899466e-10
9646 1.899035e-10
9647 1.898605e-10
9648 1.898175e-10
9649 1.897746e-10
9650 1.897316e-10
9651 1.896886e-10
9652 1.896457e-10
9653 1.896028e-10
9654 1.895599e-10
9655 1.895170e-10
9656 1.894741e-10
9657 1.894312e-10
9658 1.893884e-10
9659 1.893455e-10
9660 1.893027e-10
9661 1.892599e-10
9662 1.892171e-10
9663 1.891743e-10
9664 1.891316e-10
9665 1.890888e-10
9666 1.890461e-10
9667 1.890033e-10
9668 1.889606e-10
9669 1.889179e-10
9670 1.888752e-10
9671 1.888326e-10
9672 1.887899e-10
9673 1.887473e-10
9674 1.887047e-10
9675 1.886620e-10
9676 1.886194e-10
9677 1.885769e-10
9678 1.885343e-10
9679 1.884917e-10
9680 1.884492e-10
9681 1.884067e-10
9682 1.883641e-10
9683 1.883216e-10
9684 1.882791e-10
9685 1.882366e-10
9686 1.881941e-10
9687 1.881517e-10
9688 1.881092e-10
9689 1.880668e-10
9690 1.880243e-10
9691 1.879819e-10
9692 1.879395e-10
9693 1.878971e-10
9694 1.878548e-10
9695 1.878124e-10
9696 1.877700e-10
9697 1.877277e-10
9698 1.876854e-10
9699 1.876431e-10
9700 1.876008e-10
9701 1.875585e-10
9702 1.875163e-10
9703 1.874740e-10
9704 1.874318e-10
9705 1.873895e-10
9706 1.873473e-10
9707 1.873051e-10
9708 1.872630e-10
9709 1.872208e-10
9710 1.871786e-10
9711 1.871365e-10
9712 1.870944e-10
9713 1.870523e-10
9714 1.870102e-10
9715 1.869681e-10
9716 1.869260e-10
9717 1.868840e-10
9718 1.868419e-10
9719 1.867999e-10
9720 1.867579e-10
9721 1.867159e-10
9722 1.866739e-10
9723 1.866319e-10
9724 1.865899e-10
9725 1.865480e-10
9726 1.865061e-10
9727 1.864641e-10
9728 1.864222e-10
9729 1.863803e-10
9730 1.863385e-10
9731 1.862966e-10
9732 1.862548e-10
9733 1.862129e-10
9734 1.861711e-10
9735 1.861293e-10
9736 1.860875e-10
9737 1.860457e-10
9738 1.860039e-10
9739 1.859622e-10
9740 1.859204e-10
9741 1.858787e-10
9742 1.858370e-10
9743 1.857953e-10
9744 1.857536e-10
9745 1.857119e-10
9746 1.856703e-10
9747 1.856286e-10
9748 1.855870e-10
9749 1.855454e-10
9750 1.855038e-10
9751 1.854622e-10
9752 1.854206e-10
9753 1.853790e-10
9754 1.853375e-10
9755 1.852960e-10
9756 1.852544e-10
9757 1.852129e-10
9758 1.851714e-10
9759 1.851300e-10
9760 1.850885e-10
9761 1.850470e-10
9762 1.850056e-10
9763 1.849642e-10
9764 1.849227e-10
9765 1.848813e-10
9766 1.848400e-10
9767 1.847986e-10
9768 1.847572e-10
9769 1.847159e-10
9770 1.846745e-10
9771 1.846332e-10
9772 1.845918e-10
9773 1.845505e-10
9774 1.845092e-10
9775 1.844679e-10
9776 1.844266e-10
9777 1.843854e-10
9778 1.843441e-10
9779 1.843029e-10
9780 1.842617e-10
9781 1.842204e-10
9782 1.841792e-10
9783 1.841381e-10
9784 1.840969e-10
9785 1.840557e-10
9786 1.840146e-10
9787 1.839734e-10
9788 1.839323e-10
9789 1.838912e-10
9790 1.838501e-10
9791 1.838091e-10
9792 1.837680e-10
9793 1.837269e-10
9794 1.836859e-10
9795 1.836449e-10
9796 1.836039e-10
9797 1.835629e-10
9798 1.835219e-10
9799 1.834809e-10
9800 1.834399e-10
9801 1.833990e-10
9802 1.833581e-10
9803 1.833171e-10
9804 1.832762e-10
9805 1.832354e-10
9806 1.831945e-10
9807 1.831536e-10
9808 1.831128e-10
9809 1.830719e-10
9810 1.830311e-10
9811 1.829903e-10
9812 1.829495e-10
9813 1.829087e-10
9814 1.828679e-10
9815 1.828272e-10
9816 1.827864e-10
9817 1.827457e-10
9818 1.827050e-10
9819 1.826643e-10
9820 1.826236e-10
9821 1.825829e-10
9822 1.825422e-10
9823 1.825016e-10
9824 1.824609e-10
9825 1.824203e-10
9826 1.823797e-10
9827 1.823391e-10
9828 1.822985e-10
9829 1.822579e-10
9830 1.822174e-10
9831 1.821768e-10
9832 1.821363e-10
9833 1.820958e-10
9834 1.820552e-10
9835 1.820147e-10
9836 1.819743e-10
9837 1.819338e-10
9838 1.818933e-10
9839 1.818529e-10
9840 1.818125e-10
9841 1.817720e-10
9842 1.817316e-10
9843 1.816913e-10
9844 1.816509e-10
9845 1.816105e-10
9846 1.815702e-10
9847 1.815298e-10
9848 1.814895e-10
9849 1.814492e-10
9850 1.814089e-10
9851 1.813686e-10
9852 1.813283e-10
9853 1.812881e-10
9854 1.812478e-10
9855 1.812076e-10
9856 1.811674e-10
9857 1.811271e-10
9858 1.810869e-10
9859 1.810467e-10
9860 1.810065e-10
9861 1.809663e-10
9862 1.809262e-10
9863 1.808860e-10
9864 1.808459e-10
9865 1.808057e-10
9866 1.807656e-10
9867 1.807255e-10
9868 1.806854e-10
9869 1.806453e-10
9870 1.806053e-10
9871 1.805652e-10
9872 1.805252e-10
9873 1.804852e-10
9874 1.804451e-10
9875 1.804051e-10
9876 1.803651e-10
9877 1.803252e-10
9878 1.802852e-10
9879 1.802453e-10
9880 1.802053e-10
9881 1.801654e-10
9882 1.801255e-10
9883 1.800856e-10
9884 1.800457e-10
9885 1.800058e-10
9886 1.799660e-10
9887 1.799261e-10
9888 1.798863e-10
9889 1.798465e-10
9890 1.798067e-10
9891 1.797669e-10
9892 1.797271e-10
9893 1.796873e-10
9894 1.796476e-10
9895 1.796078e-10
9896 1.795681e-10
9897 1.795284e-10
9898 1.794887e-10
9899 1.794490e-10
9900 1.794093e-10
9901 1.793696e-10
9902 1.793300e-10
9903 1.792903e-10
9904 1.792507e-10
9905 1.792111e-10
9906 1.791715e-10
9907 1.791319e-10
9908 1.790923e-10
9909 1.790528e-10
9910 1.790132e-10
9911 1.789737e-10
9912 1.789341e-10
9913 1.788946e-10
9914 1.788551e-10
9915 1.788156e-10
9916 1.787762e-10
9917 1.787367e-10
9918 1.786973e-10
9919 1.786578e-10
9920 1.786184e-10
9921 1.785790e-10
9922 1.785396e-10
9923 1.785002e-10
9924 1.784608e-10
9925 1.784215e-10
9926 1.783821e-10
9927 1.783428e-10
9928 1.783034e-10
9929 1.782641e-10
9930 1.782248e-10
9931 1.781856e-10
9932 1.781463e-10
9933 1.781070e-10
9934 1.780678e-10
9935 1.780285e-10
9936 1.779893e-10
9937 1.779501e-10
9938 1.779109e-10
9939 1.778717e-10
9940 1.778325e-10
9941 1.777934e-10
9942 1.777542e-10
9943 1.777151e-10
9944 1.776760e-10
9945 1.776368e-10
9946 1.775977e-10
9947 1.775586e-10
9948 1.775195e-10
9949 1.774804e-10
9950 1.774414e-10
9951 1.774023e-10
9952 1.773633e-10
9953 1.773242e-10
9954 1.772852e-10
9955 1.772462e-10
9956 1.772072e-10
9957 1.771682e-10
9958 1.771292e-10
9959 1.770903e-10
9960 1.770513e-10
9961 1.770124e-10
9962 1.769735e-10
9963 1.769346e-10
9964 1.768957e-10
9965 1.768568e-10
9966 1.768179e-10
9967 1.767790e-10
9968 1.767402e-10
9969 1.767014e-10
9970 1.766625e-10
9971 1.766237e-10
9972 1.765849e-10
9973 1.765462e-10
9974 1.765074e-10
9975 1.764686e-10
9976 1.764299e-10
9977 1.763911e-10
9978 1.763524e-10
9979 1.763137e-10
9980 1.762750e-10
9981 1.762363e-10
9982 1.761976e-10
9983 1.761590e-10
9984 1.761203e-10
9985 1.760817e-10
9986 1.760431e-10
9987 1.760045e-10
9988 1.759659e-10
9989 1.759273e-10
9990 1.758887e-10
9991 1.758501e-10
9992 1.758116e-10
9993 1.757730e-10
9994 1.757345e-10
9995 1.756960e-10
9996 1.756575e-10
9997 1.756190e-10
9998 1.755805e-10
9999 1.755421e-10
10000 1.755036e-10
10001 1.754652e-10
10002 1.754268e-10
10003 1.753883e-10
10004 1.753499e-10
10005 1.753116e-10
10006 1.752732e-10
10007 1.752348e-10
10008 1.751965e-10
10009 1.751581e-10
10010 1.751198e-10
10011 1.750815e-10
10012 1.750432e-10
10013 1.750049e-10
10014 1.749666e-10
10015 1.749283e-10
10016 1.748901e-10
10017 1.748518e-10
10018 1.748136e-10
10019 1.747754e-10
10020 1.747372e-10
10021 1.746990e-10
10022 1.746608e-10
10023 1.746226e-10
10024 1.745844e-10
10025 1.745463e-10
10026 1.745082e-10
10027 1.744700e-10
10028 1.744319e-10
10029 1.743938e-10
10030 1.743557e-10
10031 1.743177e-10
10032 1.742796e-10
10033 1.742415e-10
10034 1.742035e-10
10035 1.741654e-10
10036 1.741274e-10
10037 1.740894e-10
10038 1.740514e-10
10039 1.740134e-10
10040 1.739754e-10
10041 1.739374e-10
10042 1.738994e-10
10043 1.738615e-10
10044 1.738235e-10
10045 1.737856e-10
10046 1.737477e-10
10047 1.737098e-10
10048 1.736719e-10
10049 1.736340e-10
10050 1.735961e-10
10051 1.735583e-10
10052 1.735204e-10
10053 1.734826e-10
10054 1.734448e-10
10055 1.734070e-10
10056 1.733692e-10
10057 1.733314e-10
10058 1.732936e-10
10059 1.732559e-10
10060 1.732181e-10
10061 1.731804e-10
10062 1.731427e-10
10063 1.731049e-10
10064 1.730672e-10
10065 1.730296e-10
10066 1.729919e-10
10067 1.729542e-10
10068 1.729166e-10
10069 1.728789e-10
10070 1.728413e-10
10071 1.728037e-10
10072 1.727661e-10
10073 1.727285e-10
10074 1.726909e-10
10075 1.726533e-10
10076 1.726158e-10
10077 1.725782e-10
10078 1.725407e-10
10079 1.725032e-10
10080 1.724657e-10
10081 1.724282e-10
10082 1.723907e-10
10083 1.723532e-10
10084 1.723157e-10
10085 1.722783e-10
10086 1.722408e-10
10087 1.722034e-10
10088 1.721660e-10
10089 1.721286e-10
10090 1.720912e-10
10091 1.720538e-10
10092 1.720165e-10
10093 1.719791e-10
10094 1.719418e-10
10095 1.719044e-10
10096 1.718671e-10
10097 1.718298e-10
10098 1.717925e-10
10099 1.717552e-10
10100 1.717179e-10
10101 1.716807e-10
10102 1.716434e-10
10103 1.716062e-10
10104 1.715690e-10
10105 1.715317e-10
10106 1.714945e-10
10107 1.714574e-10
10108 1.714202e-10
10109 1.713830e-10
10110 1.713459e-10
10111 1.713087e-10
10112 1.712716e-10
10113 1.712345e-10
10114 1.711973e-10
10115 1.711602e-10
10116 1.711232e-10
10117 1.710861e-10
10118 1.710490e-10
10119 1.710120e-10
10120 1.709749e-10
10121 1.709379e-10
10122 1.709009e-10
10123 1.708639e-10
10124 1.708268e-10
10125 1.707898e-10
10126 1.707528e-10
10127 1.707159e-10
10128 1.706789e-10
10129 1.706419e-10
10130 1.706050e-10
10131 1.705681e-10
10132 1.705311e-10
10133 1.704942e-10
10134 1.704573e-10
10135 1.704204e-10
10136 1.703836e-10
10137 1.703467e-10
10138 1.703098e-10
10139 1.702730e-10
10140 1.702362e-10
10141 1.701994e-10
10142 1.701626e-10
10143 1.701258e-10
10144 1.700890e-10
10145 1.700522e-10
10146 1.700154e-10
10147 1.699787e-10
10148 1.699420e-10
10149 1.699052e-10
10150 1.698685e-10
10151 1.698318e-10
10152 1.697951e-10
10153 1.697585e-10
10154 1.697218e-10
10155 1.696851e-10
10156 1.696485e-10
10157 1.696119e-10
10158 1.695752e-10
10159 1.695386e-10
10160 1.695020e-10
10161 1.694654e-10
10162 1.694289e-10
10163 1.693923e-10
10164 1.693558e-10
10165 1.693192e-10
10166 1.692827e-10
10167 1.692462e-10
10168 1.692097e-10
10169 1.691732e-10
10170 1.691367e-10
10171 1.691002e-10
10172 1.690637e-10
10173 1.690273e-10
10174 1.689909e-10
10175 1.689544e-10
10176 1.689180e-10
10177 1.688816e-10
10178 1.688452e-10
10179 1.688088e-10
10180 1.687725e-10
10181 1.687361e-10
10182 1.686998e-10
10183 1.686634e-10
10184 1.686271e-10
10185 1.685908e-10
10186 1.685545e-10
10187 1.685182e-10
10188 1.684819e-10
10189 1.684457e-10
10190 1.684094e-10
10191 1.683732e-10
10192 1.683369e-10
10193 1.683007e-10
10194 1.682645e-10
10195 1.682283e-10
10196 1.681921e-10
10197 1.681560e-10
10198 1.681198e-10
10199 1.680836e-10
10200 1.680475e-10
10201 1.680114e-10
10202 1.679752e-10
10203 1.679391e-10
10204 1.679030e-10
10205 1.678670e-10
10206 1.678309e-10
10207 1.677948e-10
10208 1.677588e-10
10209 1.677227e-10
10210 1.676867e-10
10211 1.676507e-10
10212 1.676147e-10
10213 1.675786e-10
10214 1.675426e-10
10215 1.675066e-10
10216 1.674707e-10
10217 1.674347e-10
10218 1.673987e-10
10219 1.673628e-10
10220 1.673268e-10
10221 1.672909e-10
10222 1.672550e-10
10223 1.672191e-10
10224 1.671832e-10
10225 1.671473e-10
10226 1.671114e-10
10227 1.670756e-10
10228 1.670397e-10
10229 1.670039e-10
10230 1.669681e-10
10231 1.669323e-10
10232 1.668965e-10
10233 1.668607e-10
10234 1.668249e-10
10235 1.667891e-10
10236 1.667534e-10
10237 1.667176e-10
10238 1.666819e-10
10239 1.666461e-10
10240 1.666104e-10
10241 1.665747e-10
10242 1.665390e-10
10243 1.665033e-10
10244 1.664677e-10
10245 1.664320e-10
10246 1.663964e-10
10247 1.663607e-10
10248 1.663251e-10
10249 1.662895e-10
10250 1.662539e-10
10251 1.662183e-10
10252 1.661827e-10
10253 1.661472e-10
10254 1.661116e-10
10255 1.660760e-10
10256 1.660405e-10
10257 1.660050e-10
10258 1.659695e-10
10259 1.659340e-10
10260 1.658985e-10
10261 1.658630e-10
10262 1.658275e-10
10263 1.657921e-10
10264 1.657566e-10
10265 1.657212e-10
10266 1.656857e-10
10267 1.656503e-10
10268 1.656149e-10
10269 1.655795e-10
10270 1.655442e-10
10271 1.655088e-10
10272 1.654734e-10
10273 1.654381e-10
10274 1.654027e-10
10275 1.653674e-10
10276 1.653321e-10
10277 1.652968e-10
10278 1.652615e-10
10279 1.652262e-10
10280 1.651909e-10
10281 1.651557e-10
10282 1.651204e-10
10283 1.650852e-10
10284 1.650500e-10
10285 1.650147e-10
10286 1.649795e-10
10287 1.649443e-10
10288 1.649091e-10
10289 1.648740e-10
10290 1.648388e-10
10291 1.648037e-10
10292 1.647685e-10
10293 1.647334e-10
10294 1.646983e-10
10295 1.646632e-10
10296 1.646281e-10
10297 1.645930e-10
10298 1.645579e-10
10299 1.645228e-10
10300 1.644878e-10
10301 1.644527e-10
10302 1.644177e-10
10303 1.643827e-10
10304 1.643476e-10
10305 1.643126e-10
10306 1.642776e-10
10307 1.642426e-10
10308 1.642076e-10
10309 1.641726e-10
10310 1.641377e-10
10311 1.641027e-10
10312 1.640678e-10
10313 1.640328e-10
10314 1.639979e-10
10315 1.639630e-10
10316 1.639281e-10
10317 1.638932e-10
10318 1.638583e-10
10319 1.638235e-10
10320 1.637886e-10
10321 1.637537e-10
10322 1.637189e-10
10323 1.636841e-10
10324 1.636493e-10
10325 1.636145e-10
10326 1.635797e-10
10327 1.635449e-10
10328 1.635101e-10
10329 1.634754e-10
10330 1.634406e-10
10331 1.634059e-10
10332 1.633711e-10
10333 1.633364e-10
10334 1.633017e-10
10335 1.632670e-10
10336 1.632323e-10
10337 1.631976e-10
10338 1.631630e-10
10339 1.631283e-10
10340 1.630937e-10
10341 1.630591e-10
10342 1.630244e-10
10343 1.629898e-10
10344 1.629552e-10
10345 1.629206e-10
10346 1.628860e-10
10347 1.628515e-10
10348 1.628169e-10
10349 1.627824e-10
10350 1.627478e-10
10351 1.627133e-10
10352 1.626788e-10
10353 1.626443e-10
10354 1.626098e-10
10355 1.625753e-10
10356 1.625408e-10
10357 1.625064e-10
10358 1.624719e-10
10359 1.624375e-10
10360 1.624031e-10
10361 1.623686e-10
10362 1.623342e-10
10363 1.622998e-10
10364 1.622654e-10
10365 1.622311e-10
10366 1.621967e-10
10367 1.621623e-10
10368 1.621280e-10
10369 1.620937e-10
10370 1.620593e-10
10371 1.620250e-10
10372 1.619907e-10
10373 1.619564e-10
10374 1.619221e-10
10375 1.618879e-10
10376 1.618536e-10
10377 1.618194e-10
10378 1.617851e-10
10379 1.617509e-10
10380 1.617167e-10
10381 1.616825e-10
10382 1.616483e-10
10383 1.616141e-10
10384 1.615799e-10
10385 1.615457e-10
10386 1.615116e-10
10387 1.614774e-10
10388 1.614433e-10
10389 1.614092e-10
10390 1.613751e-10
10391 1.613410e-10
10392 1.613069e-10
10393 1.612728e-10
10394 1.612387e-10
10395 1.612046e-10
10396 1.611706e-10
10397 1.611365e-10
10398 1.611024e-10
10399 1.610684e-10
10400 1.610344e-10
10401 1.610004e-10
10402 1.609664e-10
10403 1.609324e-10
10404 1.608984e-10
10405 1.608644e-10
10406 1.608304e-10
10407 1.607965e-10
10408 1.607625e-10
10409 1.607286e-10
10410 1.606947e-10
10411 1.606607e-10
10412 1.606268e-10
10413 1.605929e-10
10414 1.605591e-10
10415 1.605252e-10
10416 1.604913e-10
10417 1.604575e-10
10418 1.604236e-10
10419 1.603898e-10
10420 1.603560e-10
10421 1.603222e-10
10422 1.602884e-10
10423 1.602546e-10
10424 1.602208e-10
10425 1.601870e-10
10426 1.601533e-10
10427 1.601195e-10
10428 1.600858e-10
10429 1.600521e-10
10430 1.600183e-10
10431 1.599846e-10
10432 1.599509e-10
10433 1.599173e-10
10434 1.598836e-10
10435 1.598499e-10
10436 1.598163e-10
10437 1.597826e-10
10438 1.597490e-10
10439 1.597154e-10
10440 1.596817e-10
10441 1.596481e-10
10442 1.596145e-10
10443 1.595810e-10
10444 1.595474e-10
10445 1.595138e-10
10446 1.594803e-10
10447 1.594467e-10
10448 1.594132e-10
10449 1.593797e-10
10450 1.593462e-10
10451 1.593127e-10
10452 1.592792e-10
10453 1.592457e-10
10454 1.592122e-10
10455 1.591788e-10
10456 1.591453e-10
10457 1.591119e-10
10458 1.590784e-10
10459 1.590450e-10
10460 1.590116e-10
10461 1.589782e-10
10462 1.589448e-10
10463 1.589115e-10
10464 1.588781e-10
10465 1.588447e-10
10466 1.588114e-10
10467 1.587780e-10
10468 1.587447e-10
10469 1.587114e-10
10470 1.586781e-10
10471 1.586448e-10
10472 1.586115e-10
10473 1.585782e-10
10474 1.585450e-10
10475 1.585117e-10
10476 1.584785e-10
10477 1.584452e-10
10478 1.584120e-10
10479 1.583788e-10
10480 1.583456e-10
10481 1.583124e-10
10482 1.582792e-10
10483 1.582460e-10
10484 1.582129e-10
10485 1.581797e-10
10486 1.581466e-10
10487 1.581134e-10
10488 1.580803e-10
10489 1.580471e-10
10490 1.580140e-10
10491 1.579809e-10
10492 1.579478e-10
10493 1.579147e-10
10494 1.578816e-10
10495 1.578485e-10
10496 1.578155e-10
10497 1.577824e-10
10498 1.577494e-10
10499 1.577163e-10
10500 1.576833e-10
10501 1.576503e-10
10502 1.576173e-10
10503 1.575843e-10
10504 1.575513e-10
10505 1.575183e-10
10506 1.574854e-10
10507 1.574524e-10
10508 1.574195e-10
10509 1.573866e-10
10510 1.573536e-10
10511 1.573207e-10
10512 1.572878e-10
10513 1.572549e-10
10514 1.572220e-10
10515 1.571892e-10
10516 1.571563e-10
10517 1.571234e-10
10518 1.570906e-10
10519 1.570578e-10
10520 1.570249e-10
10521 1.569921e-10
10522 1.569593e-10
10523 1.569265e-10
10524 1.568938e-10
10525 1.568610e-10
10526 1.568282e-10
10527 1.567955e-10
10528 1.567627e-10
10529 1.567300e-10
10530 1.566973e-10
10531 1.566646e-10
10532 1.566319e-10
10533 1.565992e-10
10534 1.565665e-10
10535 1.565338e-10
10536 1.565011e-10
10537 1.564685e-10
10538 1.564358e-10
10539 1.564032e-10
10540 1.563706e-10
10541 1.563380e-10
10542 1.563054e-10
10543 1.562728e-10
10544 1.562402e-10
10545 1.562076e-10
10546 1.561750e-10
10547 1.561425e-10
10548 1.561099e-10
10549 1.560774e-10
10550 1.560449e-10
10551 1.560124e-10
10552 1.559799e-10
10553 1.559474e-10
10554 1.559149e-10
10555 1.558824e-10
10556 1.558499e-10
10557 1.558175e-10
10558 1.557850e-10
10559 1.557526e-10
10560 1.557202e-10
10561 1.556878e-10
10562 1.556553e-10
10563 1.556230e-10
10564 1.555906e-10
10565 1.555582e-10
10566 1.555258e-10
10567 1.554935e-10
10568 1.554611e-10
10569 1.554288e-10
10570 1.553964e-10
10571 1.553641e-10
10572 1.553318e-10
10573 1.552995e-10
10574 1.552672e-10
10575 1.552349e-10
10576 1.552027e-10
10577 1.551704e-10
10578 1.551382e-10
10579 1.551059e-10
10580 1.550737e-10
10581 1.550414e-10
10582 1.550092e-10
10583 1.549770e-10
10584 1.549448e-10
10585 1.549126e-10
10586 1.548804e-10
10587 1.548482e-10
10588 1.548160e-10
10589 1.547839e-10
10590 1.547517e-10
10591 1.547196e-10
10592 1.546874e-10
10593 1.546553e-10
10594 1.546232e-10
10595 1.545911e-10
10596 1.545590e-10
10597 1.545269e-10
10598 1.544948e-10
10599 1.544628e-10
10600 1.544307e-10
10601 1.543987e-10
10602 1.543666e-10
10603 1.543346e-10
10604 1.543026e-10
10605 1.542706e-10
10606 1.542386e-10
10607 1.542066e-10
10608 1.541746e-10
10609 1.541426e-10
10610 1.541107e-10
10611 1.540787e-10
10612 1.540468e-10
10613 1.540149e-10
10614 1.539829e-10
10615 1.539510e-10
10616 1.539191e-10
10617 1.538872e-10
10618 1.538554e-10
10619 1.538235e-10
10620 1.537916e-10
10621 1.537598e-10
10622 1.537279e-10
10623 1.536961e-10
10624 1.536643e-10
10625 1.536325e-10
10626 1.536006e-10
10627 1.535689e-10
10628 1.535371e-10
10629 1.535053e-10
10630 1.534735e-10
10631 1.534418e-10
10632 1.534100e-10
10633 1.533783e-10
10634 1.533465e-10
10635 1.533148e-10
10636 1.532831e-10
10637 1.532514e-10
10638 1.532197e-10
10639 1.531880e-10
10640 1.531564e-10
10641 1.531247e-10
10642 1.530931e-10
10643 1.530614e-10
10644 1.530298e-10
10645 1.529982e-10
10646 1.529665e-10
10647 1.529349e-10
10648 1.529033e-10
10649 1.528718e-10
10650 1.528402e-10
10651 1.528086e-10
10652 1.527771e-10
10653 1.527455e-10
10654 1.527140e-10
10655 1.526824e-10
10656 1.526509e-10
10657 1.526194e-10
10658 1.525879e-10
10659 1.525564e-10
10660 1.525249e-10
10661 1.524935e-10
10662 1.524620e-10
10663 1.524305e-10
10664 1.523991e-10
10665 1.523677e-10
10666 1.523362e-10
10667 1.523048e-10
10668 1.522734e-10
10669 1.522420e-10
10670 1.522106e-10
10671 1.521793e-10
10672 1.521479e-10
10673 1.521165e-10
10674 1.520852e-10
10675 1.520538e-10
10676 1.520225e-10
10677 1.519911e-10
10678 1.519598e-10
10679 1.519285e-10
10680 1.518971e-10
10681 1.518658e-10
10682 1.518346e-10
10683 1.518033e-10
10684 1.517720e-10
10685 1.517407e-10
10686 1.517095e-10
10687 1.516782e-10
10688 1.516470e-10
10689 1.516158e-10
10690 1.515845e-10
10691 1.515533e-10
10692 1.515221e-10
10693 1.514909e-10
10694 1.514598e-10
10695 1.514286e-10
10696 1.513974e-10
10697 1.513663e-10
10698 1.513351e-10
10699 1.513040e-10
10700 1.512729e-10
10701 1.512418e-10
10702 1.512107e-10
10703 1.511796e-10
10704 1.511485e-10
10705 1.511174e-10
10706 1.510863e-10
10707 1.510553e-10
10708 1.510242e-10
10709 1.509932e-10
10710 1.509621e-10
10711 1.509311e-10
10712 1.509001e-10
10713 1.508691e-10
10714 1.508381e-10
10715 1.508071e-10
10716 1.507761e-10
10717 1.507452e-10
10718 1.507142e-10
10719 1.506833e-10
10720 1.506523e-10
10721 1.506214e-10
10722 1.505905e-10
10723 1.505596e-10
10724 1.505287e-10
10725 1.504978e-10
10726 1.504669e-10
10727 1.504360e-10
10728 1.504051e-10
10729 1.503743e-10
10730 1.503434e-10
10731 1.503126e-10
10732 1.502818e-10
10733 1.502510e-10
10734 1.502201e-10
10735 1.501893e-10
10736 1.501585e-10
10737 1.501278e-10
10738 1.500970e-10
10739 1.500662e-10
10740 1.500355e-10
10741 1.500047e-10
10742 1.499740e-10
10743 1.499433e-10
10744 1.499125e-10
10745 1.498818e-10
10746 1.498511e-10
10747 1.498204e-10
10748 1.497898e-10
10749 1.497591e-10
10750 1.497284e-10
10751 1.496978e-10
10752 1.496671e-10
10753 1.496365e-10
10754 1.496059e-10
10755 1.495752e-10
10756 1.495446e-10
10757 1.495140e-10
10758 1.494834e-10
10759 1.494529e-10
10760 1.494223e-10
10761 1.493917e-10
10762 1.493612e-10
10763 1.493306e-10
10764 1.493001e-10
10765 1.492696e-10
10766 1.492390e-10
10767 1.492085e-10
10768 1.491780e-10
10769 1.491475e-10
10770 1.491170e-10
10771 1.490865e-10
10772 1.490560e-10
10773 1.490256e-10
10774 1.489951e-10
10775 1.489647e-10
10776 1.489342e-10
10777 1.489038e-10
10778 1.488734e-10
10779 1.488429e-10
10780 1.488125e-10
10781 1.487821e-10
10782 1.487517e-10
10783 1.487214e-10
10784 1.486910e-10
10785 1.486606e-10
10786 1.486303e-10
10787 1.485999e-10
10788 1.485696e-10
10789 1.485393e-10
10790 1.485089e-10
10791 1.484786e-10
10792 1.484483e-10
10793 1.484180e-10
10794 1.483877e-10
10795 1.483575e-10
10796 1.483272e-10
10797 1.482970e-10
10798 1.482667e-10
10799 1.482365e-10
10800 1.482062e-10
10801 1.481760e-10
10802 1.481458e-10
10803 1.481156e-10
10804 1.480854e-10
10805 1.480552e-10
10806 1.480251e-10
10807 1.479949e-10
10808 1.479647e-10
10809 1.479346e-10
10810 1.479044e-10
10811 1.478743e-10
10812 1.478442e-10
10813 1.478141e-10
10814 1.477840e-10
10815 1.477539e-10
10816 1.477238e-10
10817 1.476937e-10
10818 1.476636e-10
10819 1.476336e-10
10820 1.476035e-10
10821 1.475735e-10
10822 1.475435e-10
10823 1.475134e-10
10824 1.474834e-10
10825 1.474534e-10
10826 1.474234e-10
10827 1.473934e-10
10828 1.473635e-10
10829 1.473335e-10
10830 1.473035e-10
10831 1.472736e-10
10832 1.472436e-10
10833 1.472137e-10
10834 1.471838e-10
10835 1.471538e-10
10836 1.471239e-10
10837 1.470940e-10
10838 1.470641e-10
10839 1.470343e-10
10840 1.470044e-10
10841 1.469745e-10
10842 1.469447e-10
10843 1.469148e-10
10844 1.468850e-10
10845 1.468552e-10
10846 1.468253e-10
10847 1.467955e-10
10848 1.467657e-10
10849 1.467359e-10
10850 1.467061e-10
10851 1.466764e-10
10852 1.466466e-10
10853 1.466168e-10
10854 1.465871e-10
10855 1.465574e-10
10856 1.465276e-10
10857 1.464979e-10
10858 1.464682e-10
10859 1.464385e-10
10860 1.464088e-10
10861 1.463791e-10
10862 1.463494e-10
10863 1.463197e-10
10864 1.462901e-10
10865 1.462604e-10
10866 1.462307e-10
10867 1.462011e-10
10868 1.461714e-10
10869 1.461418e-10
10870 1.461122e-10
10871 1.460826e-10
10872 1.460530e-10
10873 1.460233e-10
10874 1.459938e-10
10875 1.459642e-10
10876 1.459346e-10
10877 1.459050e-10
10878 1.458755e-10
10879 1.458459e-10
10880 1.458164e-10
10881 1.457869e-10
10882 1.457573e-10
10883 1.457278e-10
10884 1.456983e-10
10885 1.456688e-10
10886 1.456393e-10
10887 1.456099e-10
10888 1.455804e-10
10889 1.455509e-10
10890 1.455215e-10
10891 1.454920e-10
10892 1.454626e-10
10893 1.454332e-10
10894 1.454037e-10
10895 1.453743e-10
10896 1.453449e-10
10897 1.453155e-10
10898 1.452862e-10
10899 1.452568e-10
10900 1.452274e-10
10901 1.451981e-10
10902 1.451687e-10
10903 1.451394e-10
10904 1.451100e-10
10905 1.450807e-10
10906 1.450514e-10
10907 1.450221e-10
10908 1.449928e-10
10909 1.449635e-10
10910 1.449342e-10
10911 1.449050e-10
10912 1.448757e-10
10913 1.448464e-10
10914 1.448172e-10
10915 1.447880e-10
10916 1.447587e-10
10917 1.447295e-10
10918 1.447003e-10
10919 1.446711e-10
10920 1.446419e-10
10921 1.446127e-10
10922 1.445835e-10
10923 1.445544e-10
10924 1.445252e-10
10925 1.444961e-10
10926 1.444669e-10
10927 1.444378e-10
10928 1.444087e-10
10929 1.443795e-10
10930 1.443504e-10
10931 1.443213e-10
10932 1.442922e-10
10933 1.442632e-10
10934 1.442341e-10
10935 1.442050e-10
10936 1.441760e-10
10937 1.441469e-10
10938 1.441179e-10
10939 1.440888e-10
10940 1.440598e-10
10941 1.440308e-10
10942 1.440018e-10
10943 1.439728e-10
10944 1.439438e-10
10945 1.439148e-10
10946 1.438858e-10
10947 1.438569e-10
10948 1.438279e-10
10949 1.437990e-10
10950 1.437700e-10
10951 1.437411e-10
10952 1.437122e-10
10953 1.436833e-10
10954 1.436544e-10
10955 1.436255e-10
10956 1.435966e-10
10957 1.435677e-10
10958 1.435388e-10
10959 1.435100e-10
10960 1.434811e-10
10961 1.434523e-10
10962 1.434234e-10
10963 1.433946e-10
10964 1.433657e-10
10965 1.433369e-10
10966 1.433081e-10
10967 1.432793e-10
10968 1.432505e-10
10969 1.432217e-10
10970 1.431929e-10
10971 1.431641e-10
10972 1.431353e-10
10973 1.431066e-10
10974 1.430778e-10
10975 1.430491e-10
10976 1.430203e-10
10977 1.429916e-10
10978 1.429629e-10
10979 1.429342e-10
10980 1.429055e-10
10981 1.428768e-10
10982 1.428481e-10
10983 1.428194e-10
10984 1.427908e-10
10985 1.427621e-10
10986 1.427334e-10
10987 1.427048e-10
10988 1.426762e-10
10989 1.426475e-10
10990 1.426189e-10
10991 1.425903e-10
10992 1.425617e-10
10993 1.425331e-10
10994 1.425045e-10
10995 1.424759e-10
10996 1.424474e-10
10997 1.424188e-10
10998 1.423903e-10
10999 1.423617e-10
11000 1.423332e-10
11001 1.423047e-10
11002 1.422761e-10
11003 1.422476e-10
11004 1.422191e-10
11005 1.421906e-10
11006 1.421622e-10
11007 1.421337e-10
11008 1.421052e-10
11009 1.420767e-10
11010 1.420483e-10
11011 1.420198e-10
11012 1.419914e-10
11013 1.419630e-10
11014 1.419346e-10
11015 1.419062e-10
11016 1.418778e-10
11017 1.418494e-10
11018 1.418210e-10
11019 1.417926e-10
11020 1.417642e-10
11021 1.417359e-10
11022 1.417075e-10
11023 1.416792e-10
11024 1.416508e-10
11025 1.416225e-10
11026 1.415942e-10
11027 1.415659e-10
11028 1.415376e-10
11029 1.415093e-10
11030 1.414810e-10
11031 1.414527e-10
11032 1.414244e-10
11033 1.413962e-10
11034 1.413679e-10
11035 1.413397e-10
11036 1.413114e-10
11037 1.412832e-10
11038 1.412550e-10
11039 1.412268e-10
11040 1.411986e-10
11041 1.411704e-10
11042 1.411422e-10
11043 1.411140e-10
11044 1.410858e-10
11045 1.410577e-10
11046 1.410295e-10
11047 1.410013e-10
11048 1.409732e-10
11049 1.409451e-10
11050 1.409170e-10
11051 1.408888e-10
11052 1.408607e-10
11053 1.408326e-10
11054 1.408045e-10
11055 1.407765e-10
11056 1.407484e-10
11057 1.407203e-10
11058 1.406922e-10
11059 1.406642e-10
11060 1.406361e-10
11061 1.406081e-10
11062 1.405800e-10
11063 1.405520e-10
11064 1.405240e-10
11065 1.404960e-10
11066 1.404679e-10
11067 1.404399e-10
11068 1.404120e-10
11069 1.403840e-10
11070 1.403560e-10
11071 1.403280e-10
11072 1.403001e-10
11073 1.402721e-10
11074 1.402442e-10
11075 1.402162e-10
11076 1.401883e-10
11077 1.401604e-10
11078 1.401325e-10
11079 1.401046e-10
11080 1.400767e-10
11081 1.400488e-10
11082 1.400209e-10
11083 1.399930e-10
11084 1.399652e-10
11085 1.399373e-10
11086 1.399095e-10
11087 1.398816e-10
11088 1.398538e-10
11089 1.398260e-10
11090 1.397982e-10
11091 1.397704e-10
11092 1.397426e-10
11093 1.397148e-10
11094 1.396870e-10
11095 1.396592e-10
11096 1.396314e-10
11097 1.396037e-10
11098 1.395759e-10
11099 1.395482e-10
11100 1.395205e-10
11101 1.394927e-10
11102 1.394650e-10
11103 1.394373e-10
11104 1.394096e-10
11105 1.393819e-10
11106 1.393542e-10
11107 1.393265e-10
11108 1.392989e-10
11109 1.392712e-10
11110 1.392435e-10
11111 1.392159e-10
11112 1.391883e-10
11113 1.391606e-10
11114 1.391330e-10
11115 1.391054e-10
11116 1.390778e-10
11117 1.390502e-10
11118 1.390226e-10
11119 1.389950e-10
11120 1.389674e-10
11121 1.389399e-10
11122 1.389123e-10
11123 1.388848e-10
11124 1.388572e-10
11125 1.388297e-10
11126 1.388021e-10
11127 1.387746e-10
11128 1.387471e-10
11129 1.387196e-10
11130 1.386921e-10
11131 1.386646e-10
11132 1.386372e-10
11133 1.386097e-10
11134 1.385822e-10
11135 1.385548e-10
11136 1.385273e-10
11137 1.384999e-10
11138 1.384724e-10
11139 1.384450e-10
11140 1.384176e-10
11141 1.383902e-10
11142 1.383628e-10
11143 1.383354e-10
11144 1.383080e-10
11145 1.382806e-10
11146 1.382533e-10
11147 1.382259e-10
11148 1.381985e-10
11149 1.381712e-10
11150 1.381439e-10
11151 1.381165e-10
11152 1.380892e-10
11153 1.380619e-10
11154 1.380346e-10
11155 1.380073e-10
11156 1.379800e-10
11157 1.379527e-10
11158 1.379254e-10
11159 1.378981e-10
11160 1.378708e-10
11161 1.378436e-10
11162 1.378163e-10
11163 1.377891e-10
11164 1.377618e-10
11165 1.377346e-10
11166 1.377074e-10
11167 1.376801e-10
11168 1.376529e-10
11169 1.376257e-10
11170 1.375985e-10
11171 1.375713e-10
11172 1.375442e-10
11173 1.375170e-10
11174 1.374898e-10
11175 1.374627e-10
11176 1.374355e-10
11177 1.374084e-10
11178 1.373812e-10
11179 1.373541e-10
11180 1.373270e-10
11181 1.372999e-10
11182 1.372728e-10
11183 1.372457e-10
11184 1.372186e-10
11185 1.371915e-10
11186 1.371645e-10
11187 1.371374e-10
11188 1.371103e-10
11189 1.370833e-10
11190 1.370562e-10
11191 1.370292e-10
11192 1.370022e-10
11193 1.369752e-10
11194 1.369482e-10
11195 1.369212e-10
11196 1.368942e-10
11197 1.368672e-10
11198 1.368402e-10
11199 1.368132e-10
11200 1.367863e-10
11201 1.367593e-10
11202 1.367324e-10
11203 1.367054e-10
11204 1.366785e-10
11205 1.366516e-10
11206 1.366246e-10
11207 1.365977e-10
11208 1.365708e-10
11209 1.365439e-10
11210 1.365171e-10
11211 1.364902e-10
11212 1.364633e-10
11213 1.364364e-10
11214 1.364096e-10
11215 1.363827e-10
11216 1.363559e-10
11217 1.363291e-10
11218 1.363022e-10
11219 1.362754e-10
11220 1.362486e-10
11221 1.362218e-10
11222 1.361950e-10
11223 1.361682e-10
11224 1.361415e-10
11225 1.361147e-10
11226 1.360879e-10
11227 1.360612e-10
11228 1.360344e-10
11229 1.360077e-10
11230 1.359809e-10
11231 1.359542e-10
11232 1.359275e-10
11233 1.359008e-10
11234 1.358741e-10
11235 1.358474e-10
11236 1.358207e-10
11237 1.357940e-10
11238 1.357674e-10
11239 1.357407e-10
11240 1.357140e-10
11241 1.356874e-10
11242 1.356607e-10
11243 1.356341e-10
11244 1.356075e-10
11245 1.355809e-10
11246 1.355543e-10
11247 1.355276e-10
11248 1.355011e-10
11249 1.354745e-10
11250 1.354479e-10
11251 1.354213e-10
11252 1.353947e-10
11253 1.353682e-10
11254 1.353416e-10
11255 1.353151e-10
11256 1.352885e-10
11257 1.352620e-10
11258 1.352355e-10
11259 1.352089e-10
11260 1.351824e-10
11261 1.351559e-10
11262 1.351294e-10
11263 1.351029e-10
11264 1.350764e-10
11265 1.350499e-10
11266 1.350235e-10
11267 1.349970e-10
11268 1.349705e-10
11269 1.349441e-10
11270 1.349176e-10
11271 1.348912e-10
11272 1.348648e-10
11273 1.348383e-10
11274 1.348119e-10
11275 1.347855e-10
11276 1.347591e-10
11277 1.347327e-10
11278 1.347064e-10
11279 1.346800e-10
11280 1.346536e-10
11281 1.346272e-10
11282 1.346009e-10
11283 1.345745e-10
11284 1.345482e-10
11285 1.345219e-10
11286 1.344956e-10
11287 1.344692e-10
11288 1.344429e-10
11289 1.344166e-10
11290 1.343903e-10
11291 1.343640e-10
11292 1.343378e-10
11293 1.343115e-10
11294 1.342852e-10
11295 1.342590e-10
11296 1.342327e-10
11297 1.342065e-10
11298 1.341802e-10
11299 1.341540e-10
11300 1.341278e-10
11301 1.341016e-10
11302 1.340754e-10
11303 1.340492e-10
11304 1.340230e-10
11305 1.339968e-10
11306 1.339706e-10
11307 1.339445e-10
11308 1.339183e-10
11309 1.338922e-10
11310 1.338660e-10
11311 1.338399e-10
11312 1.338137e-10
11313 1.337876e-10
11314 1.337615e-10
11315 1.337354e-10
11316 1.337093e-10
11317 1.336832e-10
11318 1.336571e-10
11319 1.336310e-10
11320 1.336050e-10
11321 1.335789e-10
11322 1.335529e-10
11323 1.335268e-10
11324 1.335008e-10
11325 1.334747e-10
11326 1.334487e-10
11327 1.334227e-10
11328 1.333967e-10
11329 1.333707e-10
11330 1.333447e-10
11331 1.333187e-10
11332 1.332927e-10
11333 1.332667e-10
11334 1.332408e-10
11335 1.332148e-10
11336 1.331888e-10
11337 1.331629e-10
11338 1.331370e-10
11339 1.331110e-10
11340 1.330851e-10
11341 1.330592e-10
11342 1.330333e-10
11343 1.330074e-10
11344 1.329815e-10
11345 1.329556e-10
11346 1.329297e-10
11347 1.329038e-10
11348 1.328780e-10
11349 1.328521e-10
11350 1.328263e-10
11351 1.328004e-10
11352 1.327746e-10
11353 1.327488e-10
11354 1.327229e-10
11355 1.326971e-10
11356 1.326713e-10
11357 1.326455e-10
11358 1.326197e-10
11359 1.325939e-10
11360 1.325681e-10
11361 1.325423e-10
11362 1.325165e-10
11363 1.324908e-10
11364 1.324650e-10
11365 1.324392e-10
11366 1.324135e-10
11367 1.323877e-10
11368 1.323620e-10
11369 1.323363e-10
11370 1.323106e-10
11371 1.322849e-10
11372 1.322592e-10
11373 1.322335e-10
11374 1.322078e-10
11375 1.321821e-10
11376 1.321564e-10
11377 1.321307e-10
11378 1.321051e-10
11379 1.320794e-10
11380 1.320538e-10
11381 1.320281e-10
11382 1.320025e-10
11383 1.319769e-10
11384 1.319513e-10
11385 1.319257e-10
11386 1.319001e-10
11387 1.318745e-10
11388 1.318489e-10
11389 1.318233e-10
11390 1.317977e-10
11391 1.317721e-10
11392 1.317466e-10
11393 1.317210e-10
11394 1.316955e-10
11395 1.316700e-10
11396 1.316444e-10
11397 1.316189e-10
11398 1.315934e-10
11399 1.315679e-10
11400 1.315424e-10
11401 1.315169e-10
11402 1.314914e-10
11403 1.314659e-10
11404 1.314404e-10
11405 1.314150e-10
11406 1.313895e-10
11407 1.313641e-10
11408 1.313386e-10
11409 1.313132e-10
11410 1.312877e-10
11411 1.312623e-10
11412 1.312369e-10
11413 1.312115e-10
11414 1.311861e-10
11415 1.311607e-10
11416 1.311353e-10
11417 1.311099e-10
11418 1.310846e-10
11419 1.310592e-10
11420 1.310338e-10
11421 1.310085e-10
11422 1.309831e-10
11423 1.309578e-10
11424 1.309325e-10
11425 1.309071e-10
11426 1.308818e-10
11427 1.308565e-10
11428 1.308312e-10
11429 1.308059e-10
11430 1.307806e-10
11431 1.307554e-10
11432 1.307301e-10
11433 1.307048e-10
11434 1.306796e-10
11435 1.306543e-10
11436 1.306291e-10
11437 1.306038e-10
11438 1.305786e-10
11439 1.305534e-10
11440 1.305281e-10
11441 1.305029e-10
11442 1.304777e-10
11443 1.304525e-10
11444 1.304273e-10
11445 1.304022e-10
11446 1.303770e-10
11447 1.303518e-10
11448 1.303267e-10
11449 1.303015e-10
11450 1.302764e-10
11451 1.302512e-10
11452 1.302261e-10
11453 1.302010e-10
11454 1.301758e-10
11455 1.301507e-10
11456 1.301256e-10
11457 1.301005e-10
11458 1.300754e-10
11459 1.300503e-10
11460 1.300252e-10
11461 1.300001e-10
11462 1.299751e-10
11463 1.299500e-10
11464 1.299249e-10
11465 1.298999e-10
11466 1.298748e-10
11467 1.298498e-10
11468 1.298248e-10
11469 1.297997e-10
11470 1.297747e-10
11471 1.297497e-10
11472 1.297247e-10
11473 1.296997e-10
11474 1.296747e-10
11475 1.296497e-10
11476 1.296248e-10
11477 1.295998e-10
11478 1.295748e-10
11479 1.295499e-10
11480 1.295249e-10
11481 1.295000e-10
11482 1.294750e-10
11483 1.294501e-10
11484 1.294252e-10
11485 1.294003e-10
11486 1.293754e-10
11487 1.293505e-10
11488 1.293256e-10
11489 1.293007e-10
11490 1.292758e-10
11491 1.292509e-10
11492 1.292261e-10
11493 1.292012e-10
11494 1.291764e-10
11495 1.291515e-10
11496 1.291267e-10
11497 1.291018e-10
11498 1.290770e-10
11499 1.290522e-10
11500 1.290274e-10
11501 1.290026e-10
11502 1.289778e-10
11503 1.289530e-10
11504 1.289282e-10
11505 1.289034e-10
11506 1.288787e-10
11507 1.288539e-10
11508 1.288292e-10
11509 1.288044e-10
11510 1.287797e-10
11511 1.287549e-10
11512 1.287302e-10
11513 1.287055e-10
11514 1.286808e-10
11515 1.286561e-10
11516 1.286314e-10
11517 1.286067e-10
11518 1.285820e-10
11519 1.285573e-10
11520 1.285326e-10
11521 1.285080e-10
11522 1.284833e-10
11523 1.284587e-10
11524 1.284340e-10
11525 1.284094e-10
11526 1.283847e-10
11527 1.283601e-10
11528 1.283355e-10
11529 1.283109e-10
11530 1.282863e-10
11531 1.282617e-10
11532 1.282371e-10
11533 1.282125e-10
11534 1.281879e-10
11535 1.281634e-10
11536 1.281388e-10
11537 1.281143e-10
11538 1.280897e-10
11539 1.280652e-10
11540 1.280406e-10
11541 1.280161e-10
11542 1.279916e-10
11543 1.279671e-10
11544 1.279426e-10
11545 1.279181e-10
11546 1.278936e-10
11547 1.278691e-10
11548 1.278446e-10
11549 1.278201e-10
11550 1.277957e-10
11551 1.277712e-10
11552 1.277467e-10
11553 1.277223e-10
11554 1.276979e-10
11555 1.276734e-10
11556 1.276490e-10
11557 1.276246e-10
11558 1.276002e-10
11559 1.275757e-10
11560 1.275513e-10
11561 1.275269e-10
11562 1.275025e-10
11563 1.274781e-10
11564 1.274538e-10
11565 1.274294e-10
11566 1.274050e-10
11567 1.273806e-10
11568 1.273563e-10
11569 1.273319e-10
11570 1.273076e-10
11571 1.272832e-10
11572 1.272589e-10
11573 1.272346e-10
11574 1.272103e-10
11575 1.271860e-10
11576 1.271617e-10
11577 1.271374e-10
11578 1.271131e-10
11579 1.270888e-10
11580 1.270645e-10
11581 1.270402e-10
11582 1.270160e-10
11583 1.269917e-10
11584 1.269675e-10
11585 1.269432e-10
11586 1.269190e-10
11587 1.268948e-10
11588 1.268705e-10
11589 1.268463e-10
11590 1.268221e-10
11591 1.267979e-10
11592 1.267737e-10
11593 1.267495e-10
11594 1.267253e-10
11595 1.267012e-10
11596 1.266770e-10
11597 1.266528e-10
11598 1.266287e-10
11599 1.266045e-10
11600 1.265804e-10
11601 1.265563e-10
11602 1.265321e-10
11603 1.265080e-10
11604 1.264839e-10
11605 1.264598e-10
11606 1.264357e-10
11607 1.264116e-10
11608 1.263875e-10
11609 1.263634e-10
11610 1.263393e-10
11611 1.263153e-10
11612 1.262912e-10
11613 1.262671e-10
11614 1.262431e-10
11615 1.262191e-10
11616 1.261950e-10
11617 1.261710e-10
11618 1.261470e-10
11619 1.261230e-10
11620 1.260989e-10
11621 1.260749e-10
11622 1.260509e-10
11623 1.260270e-10
11624 1.260030e-10
11625 1.259790e-10
11626 1.259550e-10
11627 1.259311e-10
11628 1.259071e-10
11629 1.258832e-10
11630 1.258592e-10
11631 1.258353e-10
11632 1.258113e-10
11633 1.257874e-10
11634 1.257635e-10
11635 1.257396e-10
11636 1.257157e-10
11637 1.256918e-10
11638 1.256679e-10
11639 1.256440e-10
11640 1.256201e-10
11641 1.255963e-10
11642 1.255724e-10
11643 1.255486e-10
11644 1.255247e-10
11645 1.255009e-10
11646 1.254770e-10
11647 1.254532e-10
11648 1.254294e-10
11649 1.254056e-10
11650 1.253817e-10
11651 1.253579e-10
11652 1.253341e-10
11653 1.253103e-10
11654 1.252866e-10
11655 1.252628e-10
11656 1.252390e-10
11657 1.252152e-10
11658 1.251915e-10
11659 1.251677e-10
11660 1.251440e-10
11661 1.251202e-10
11662 1.250965e-10
11663 1.250728e-10
11664 1.250490e-10
11665 1.250253e-10
11666 1.250016e-10
11667 1.249779e-10
11668 1.249542e-10
11669 1.249305e-10
11670 1.249068e-10
11671 1.248831e-10
11672 1.248594e-10
11673 1.248357e-10
11674 1.248121e-10
11675 1.247884e-10
11676 1.247648e-10
11677 1.247411e-10
11678 1.247175e-10
11679 1.246938e-10
11680 1.246702e-10
11681 1.246466e-10
11682 1.246230e-10
11683 1.245994e-10
11684 1.245758e-10
11685 1.245522e-10
11686 1.245286e-10
11687 1.245050e-10
11688 1.244814e-10
11689 1.244578e-10
11690 1.244343e-10
11691 1.244107e-10
11692 1.243872e-10
11693 1.243636e-10
11694 1.243401e-10
11695 1.243166e-10
11696 1.242930e-10
11697 1.242695e-10
11698 1.242460e-10
11699 1.242225e-10
11700 1.241990e-10
11701 1.241755e-10
11702 1.241520e-10
11703 1.241286e-10
11704 1.241051e-10
11705 1.240816e-10
11706 1.240582e-10
11707 1.240347e-10
11708 1.240113e-10
11709 1.239878e-10
11710 1.239644e-10
11711 1.239410e-10
11712 1.239175e-10
11713 1.238941e-10
11714 1.238707e-10
11715 1.238473e-10
11716 1.238239e-10
11717 1.238005e-10
11718 1.237772e-10
11719 1.237538e-10
11720 1.237304e-10
11721 1.237070e-10
11722 1.236837e-10
11723 1.236603e-10
11724 1.236370e-10
11725 1.236137e-10
11726 1.235903e-10
11727 1.235670e-10
11728 1.235437e-10
11729 1.235204e-10
11730 1.234971e-10
11731 1.234738e-10
11732 1.234505e-10
11733 1.234272e-10
11734 1.234039e-10
11735 1.233806e-10
11736 1.233574e-10
11737 1.233341e-10
11738 1.233109e-10
11739 1.232876e-10
11740 1.232644e-10
11741 1.232411e-10
11742 1.232179e-10
11743 1.231947e-10
11744 1.231715e-10
11745 1.231483e-10
11746 1.231250e-10
11747 1.231019e-10
11748 1.230787e-10
11749 1.230555e-10
11750 1.230323e-10
11751 1.230091e-10
11752 1.229860e-10
11753 1.229628e-10
11754 1.229396e-10
11755 1.229165e-10
11756 1.228934e-10
11757 1.228702e-10
11758 1.228471e-10
11759 1.228240e-10
11760 1.228009e-10
11761 1.227778e-10
11762 1.227547e-10
11763 1.227316e-10
11764 1.227085e-10
11765 1.226854e-10
11766 1.226623e-10
11767 1.226392e-10
11768 1.226161e-10
11769 1.225931e-10
11770 1.225700e-10
11771 1.225469e-10
11772 1.225239e-10
11773 1.225008e-10
11774 1.224778e-10
11775 1.224548e-10
11776 1.224317e-10
11777 1.224087e-10
11778 1.223857e-10
11779 1.223627e-10
11780 1.223397e-10
11781 1.223167e-10
11782 1.222937e-10
11783 1.222707e-10
11784 1.222478e-10
11785 1.222248e-10
11786 1.222018e-10
11787 1.221789e-10
11788 1.221559e-10
11789 1.221330e-10
11790 1.221100e-10
11791 1.220871e-10
11792 1.220642e-10
11793 1.220413e-10
11794 1.220183e-10
11795 1.219954e-10
11796 1.219725e-10
11797 1.219496e-10
11798 1.219268e-10
11799 1.219039e-10
11800 1.218810e-10
11801 1.218581e-10
11802 1.218353e-10
11803 1.218124e-10
11804 1.217896e-10
11805 1.217667e-10
11806 1.217439e-10
11807 1.217210e-10
11808 1.216982e-10
11809 1.216754e-10
11810 1.216526e-10
11811 1.216298e-10
11812 1.216070e-10
11813 1.215842e-10
11814 1.215614e-10
11815 1.215386e-10
11816 1.215158e-10
11817 1.214931e-10
11818 1.214703e-10
11819 1.214475e-10
11820 1.214248e-10
11821 1.214020e-10
11822 1.213793e-10
11823 1.213566e-10
11824 1.213338e-10
11825 1.213111e-10
11826 1.212884e-10
11827 1.212657e-10
11828 1.212430e-10
11829 1.212203e-10
11830 1.211976e-10
11831 1.211749e-10
11832 1.211523e-10
11833 1.211296e-10
11834 1.211069e-10
11835 1.210843e-10
11836 1.210616e-10
11837 1.210390e-10
11838 1.210163e-10
11839 1.209937e-10
11840 1.209711e-10
11841 1.209484e-10
11842 1.209258e-10
11843 1.209032e-10
11844 1.208806e-10
11845 1.208580e-10
11846 1.208354e-10
11847 1.208128e-10
11848 1.207903e-10
11849 1.207677e-10
11850 1.207451e-10
11851 1.207226e-10
11852 1.207000e-10
11853 1.206774e-10
11854 1.206549e-10
11855 1.206324e-10
11856 1.206098e-10
11857 1.205873e-10
11858 1.205648e-10
11859 1.205423e-10
11860 1.205198e-10
11861 1.204973e-10
11862 1.204748e-10
11863 1.204523e-10
11864 1.204298e-10
11865 1.204073e-10
11866 1.203849e-10
11867 1.203624e-10
11868 1.203400e-10
11869 1.203175e-10
11870 1.202950e-10
11871 1.202726e-10
11872 1.202501e-10
11873 1.202277e-10
11874 1.202053e-10
11875 1.201828e-10
11876 1.201604e-10
11877 1.201380e-10
11878 1.201156e-10
11879 1.200932e-10
11880 1.200708e-10
11881 1.200484e-10
11882 1.200260e-10
11883 1.200037e-10
11884 1.199813e-10
11885 1.199589e-10
11886 1.199366e-10
11887 1.199142e-10
11888 1.198919e-10
11889 1.198695e-10
11890 1.198472e-10
11891 1.198249e-10
11892 1.198025e-10
11893 1.197802e-10
11894 1.197579e-10
11895 1.197356e-10
11896 1.197133e-10
11897 1.196910e-10
11898 1.196687e-10
11899 1.196464e-10
11900 1.196242e-10
11901 1.196019e-10
11902 1.195796e-10
11903 1.195574e-10
11904 1.195351e-10
11905 1.195129e-10
11906 1.194906e-10
11907 1.194684e-10
11908 1.194462e-10
11909 1.194240e-10
11910 1.194018e-10
11911 1.193795e-10
11912 1.193573e-10
11913 1.193351e-10
11914 1.193130e-10
11915 1.192908e-10
11916 1.192686e-10
11917 1.192464e-10
11918 1.192243e-10
11919 1.192021e-10
11920 1.191799e-10
11921 1.191578e-10
11922 1.191356e-10
11923 1.191135e-10
11924 1.190914e-10
11925 1.190693e-10
11926 1.190471e-10
11927 1.190250e-10
11928 1.190029e-10
11929 1.189808e-10
11930 1.189587e-10
11931 1.189366e-10
11932 1.189145e-10
11933 1.188925e-10
11934 1.188704e-10
11935 1.188483e-10
11936 1.188263e-10
11937 1.188042e-10
11938 1.187822e-10
11939 1.187601e-10
11940 1.187381e-10
11941 1.187161e-10
11942 1.186940e-10
11943 1.186720e-10
11944 1.186500e-10
11945 1.186280e-10
11946 1.186060e-10
11947 1.185840e-10
11948 1.185620e-10
11949 1.185400e-10
11950 1.185181e-10
11951 1.184961e-10
11952 1.184741e-10
11953 1.184522e-10
11954 1.184302e-10
11955 1.184083e-10
11956 1.183863e-10
11957 1.183644e-10
11958 1.183425e-10
11959 1.183205e-10
11960 1.182986e-10
11961 1.182767e-10
11962 1.182548e-10
11963 1.182329e-10
11964 1.182110e-10
11965 1.181891e-10
11966 1.181672e-10
11967 1.181454e-10
11968 1.181235e-10
11969 1.181016e-10
11970 1.180798e-10
11971 1.180579e-10
11972 1.180361e-10
11973 1.180142e-10
11974 1.179924e-10
11975 1.179706e-10
11976 1.179487e-10
11977 1.179269e-10
11978 1.179051e-10
11979 1.178833e-10
11980 1.178614e-10
11981 1.178396e-10
11982 1.178178e-10
11983 1.177960e-10
11984 1.177743e-10
11985 1.177525e-10
11986 1.177307e-10
11987 1.177089e-10
11988 1.176872e-10
11989 1.176654e-10
11990 1.176437e-10
11991 1.176219e-10
11992 1.176002e-10
11993 1.175784e-10
11994 1.175567e-10
11995 1.175350e-10
11996 1.175133e-10
11997 1.174916e-10
11998 1.174699e-10
11999 1.174482e-10
12000 1.174265e-10
12001 1.174048e-10
12002 1.173831e-10
12003 1.173614e-10
12004 1.173397e-10
12005 1.173181e-10
12006 1.172964e-10
12007 1.172748e-10
12008 1.172531e-10
12009 1.172315e-10
12010 1.172098e-10
12011 1.171882e-10
12012 1.171666e-10
12013 1.171450e-10
12014 1.171234e-10
12015 1.171017e-10
12016 1.170801e-10
12017 1.170585e-10
12018 1.170370e-10
12019 1.170154e-10
12020 1.169938e-10
12021 1.169722e-10
12022 1.169507e-10
12023 1.169291e-10
12024 1.169075e-10
12025 1.168860e-10
12026 1.168644e-10
12027 1.168429e-10
12028 1.168214e-10
12029 1.167999e-10
12030 1.167783e-10
12031 1.167568e-10
12032 1.167353e-10
12033 1.167138e-10
12034 1.166923e-10
12035 1.166708e-10
12036 1.166493e-10
12037 1.166278e-10
12038 1.166064e-10
12039 1.165849e-10
12040 1.165634e-10
12041 1.165420e-10
12042 1.165205e-10
12043 1.164991e-10
12044 1.164776e-10
12045 1.164562e-10
12046 1.164348e-10
12047 1.164134e-10
12048 1.163919e-10
12049 1.163705e-10
12050 1.163491e-10
12051 1.163277e-10
12052 1.163063e-10
12053 1.162849e-10
12054 1.162636e-10
12055 1.162422e-10
12056 1.162208e-10
12057 1.161994e-10
12058 1.161781e-10
12059 1.161567e-10
12060 1.161354e-10
12061 1.161140e-10
12062 1.160927e-10
12063 1.160714e-10
12064 1.160500e-10
12065 1.160287e-10
12066 1.160074e-10
12067 1.159861e-10
12068 1.159648e-10
12069 1.159435e-10
12070 1.159222e-10
12071 1.159009e-10
12072 1.158796e-10
12073 1.158584e-10
12074 1.158371e-10
12075 1.158158e-10
12076 1.157946e-10
12077 1.157733e-10
12078 1.157521e-10
12079 1.157308e-10
12080 1.157096e-10
12081 1.156884e-10
12082 1.156671e-10
12083 1.156459e-10
12084 1.156247e-10
12085 1.156035e-10
12086 1.155822e-10
12087 1.155610e-10
12088 1.155398e-10
12089 1.155186e-10
12090 1.154975e-10
12091 1.154763e-10
12092 1.154551e-10
12093 1.154339e-10
12094 1.154128e-10
12095 1.153916e-10
12096 1.153704e-10
12097 1.153493e-10
12098 1.153281e-10
12099 1.153070e-10
12100 1.152859e-10
12101 1.152647e-10
12102 1.152436e-10
12103 1.152225e-10
12104 1.152014e-10
12105 1.151803e-10
12106 1.151592e-10
12107 1.151381e-10
12108 1.151170e-10
12109 1.150959e-10
12110 1.150748e-10
12111 1.150538e-10
12112 1.150327e-10
12113 1.150117e-10
12114 1.149906e-10
12115 1.149695e-10
12116 1.149485e-10
12117 1.149275e-10
12118 1.149064e-10
12119 1.148854e-10
12120 1.148644e-10
12121 1.148434e-10
12122 1.148224e-10
12123 1.148014e-10
12124 1.147804e-10
12125 1.147594e-10
12126 1.147384e-10
12127 1.147174e-10
12128 1.146964e-10
12129 1.146754e-10
12130 1.146545e-10
12131 1.146335e-10
12132 1.146126e-10
12133 1.145916e-10
12134 1.145707e-10
12135 1.145497e-10
12136 1.145288e-10
12137 1.145079e-10
12138 1.144870e-10
12139 1.144660e-10
12140 1.144451e-10
12141 1.144242e-10
12142 1.144033e-10
12143 1.143824e-10
12144 1.143616e-10
12145 1.143407e-10
12146 1.143198e-10
12147 1.142989e-10
12148 1.142781e-10
12149 1.142572e-10
12150 1.142363e-10
12151 1.142155e-10
12152 1.141947e-10
12153 1.141738e-10
12154 1.141530e-10
12155 1.141322e-10
12156 1.141113e-10
12157 1.140905e-10
12158 1.140697e-10
12159 1.140489e-10
12160 1.140281e-10
12161 1.140073e-10
12162 1.139865e-10
12163 1.139657e-10
12164 1.139450e-10
12165 1.139242e-10
12166 1.139034e-10
12167 1.138827e-10
12168 1.138619e-10
12169 1.138412e-10
12170 1.138204e-10
12171 1.137997e-10
12172 1.137789e-10
12173 1.137582e-10
12174 1.137375e-10
12175 1.137168e-10
12176 1.136961e-10
12177 1.136754e-10
12178 1.136547e-10
12179 1.136340e-10
12180 1.136133e-10
12181 1.135926e-10
12182 1.135719e-10
12183 1.135512e-10
12184 1.135306e-10
12185 1.135099e-10
12186 1.134892e-10
12187 1.134686e-10
12188 1.134479e-10
12189 1.134273e-10
12190 1.134066e-10
12191 1.133860e-10
12192 1.133654e-10
12193 1.133447e-10
12194 1.133241e-10
12195 1.133035e-10
12196 1.132829e-10
12197 1.132623e-10
12198 1.132417e-10
12199 1.132211e-10
12200 1.132005e-10
12201 1.131799e-10
12202 1.131593e-10
12203 1.131388e-10
12204 1.131182e-10
12205 1.130976e-10
12206 1.130771e-10
12207 1.130565e-10
12208 1.130360e-10
12209 1.130154e-10
12210 1.129949e-10
12211 1.129744e-10
12212 1.129538e-10
12213 1.129333e-10
12214 1.129128e-10
12215 1.128923e-10
12216 1.128718e-10
12217 1.128513e-10
12218 1.128308e-10
12219 1.128103e-10
12220 1.127898e-10
12221 1.127693e-10
12222 1.127489e-10
12223 1.127284e-10
12224 1.127079e-10
12225 1.126875e-10
12226 1.126670e-10
12227 1.126466e-10
12228 1.126262e-10
12229 1.126057e-10
12230 1.125853e-10
12231 1.125649e-10
12232 1.125445e-10
12233 1.125240e-10
12234 1.125036e-10
12235 1.124832e-10
12236 1.124628e-10
12237 1.124424e-10
12238 1.124221e-10
12239 1.124017e-10
12240 1.123813e-10
12241 1.123609e-10
12242 1.123406e-10
12243 1.123202e-10
12244 1.122999e-10
12245 1.122795e-10
12246 1.122592e-10
12247 1.122388e-10
12248 1.122185e-10
12249 1.121982e-10
12250 1.121778e-10
12251 1.121575e-10
12252 1.121372e-10
12253 1.121169e-10
12254 1.120966e-10
12255 1.120763e-10
12256 1.120560e-10
12257 1.120357e-10
12258 1.120155e-10
12259 1.119952e-10
12260 1.119749e-10
12261 1.119547e-10
12262 1.119344e-10
12263 1.119142e-10
12264 1.118939e-10
12265 1.118737e-10
12266 1.118534e-10
12267 1.118332e-10
12268 1.118130e-10
12269 1.117928e-10
12270 1.117725e-10
12271 1.117523e-10
12272 1.117321e-10
12273 1.117119e-10
12274 1.116917e-10
12275 1.116715e-10
12276 1.116514e-10
12277 1.116312e-10
12278 1.116110e-10
12279 1.115908e-10
12280 1.115707e-10
12281 1.115505e-10
12282 1.115304e-10
12283 1.115102e-10
12284 1.114901e-10
12285 1.114699e-10
12286 1.114498e-10
12287 1.114297e-10
12288 1.114096e-10
12289 1.113895e-10
12290 1.113694e-10
12291 1.113492e-10
12292 1.113291e-10
12293 1.113091e-10
12294 1.112890e-10
12295 1.112689e-10
12296 1.112488e-10
12297 1.112287e-10
12298 1.112086e-10
12299 1.111886e-10
12300 1.111685e-10
12301 1.111484e-10
12302 1.111284e-10
12303 1.111083e-10
12304 1.110883e-10
12305 1.110683e-10
12306 1.110482e-10
12307 1.110282e-10
12308 1.110082e-10
12309 1.109881e-10
12310 1.109681e-10
12311 1.109481e-10
12312 1.109281e-10
12313 1.109081e-10
12314 1.108881e-10
12315 1.108681e-10
12316 1.108482e-10
12317 1.108282e-10
12318 1.108082e-10
12319 1.107882e-10
12320 1.107683e-10
12321 1.107483e-10
12322 1.107284e-10
12323 1.107084e-10
12324 1.106885e-10
12325 1.106685e-10
12326 1.106486e-10
12327 1.106287e-10
12328 1.106088e-10
12329 1.105889e-10
12330 1.105689e-10
12331 1.105490e-10
12332 1.105291e-10
12333 1.105093e-10
12334 1.104894e-10
12335 1.104695e-10
12336 1.104496e-10
12337 1.104297e-10
12338 1.104099e-10
12339 1.103900e-10
12340 1.103701e-10
12341 1.103503e-10
12342 1.103304e-10
12343 1.103106e-10
12344 1.102908e-10
12345 1.102709e-10
12346 1.102511e-10
12347 1.102313e-10
12348 1.102115e-10
12349 1.101917e-10
12350 1.101718e-10
12351 1.101520e-10
12352 1.101322e-10
12353 1.101125e-10
12354 1.100927e-10
12355 1.100729e-10
12356 1.100531e-10
12357 1.100333e-10
12358 1.100136e-10
12359 1.099938e-10
12360 1.099741e-10
12361 1.099543e-10
12362 1.099346e-10
12363 1.099148e-10
12364 1.098951e-10
12365 1.098754e-10
12366 1.098557e-10
12367 1.098359e-10
12368 1.098162e-10
12369 1.097965e-10
12370 1.097768e-10
12371 1.097571e-10
12372 1.097374e-10
12373 1.097177e-10
12374 1.096980e-10
12375 1.096784e-10
12376 1.096587e-10
12377 1.096390e-10
12378 1.096194e-10
12379 1.095997e-10
12380 1.095801e-10
12381 1.095604e-10
12382 1.095408e-10
12383 1.095211e-10
12384 1.095015e-10
12385 1.094819e-10
12386 1.094623e-10
12387 1.094426e-10
12388 1.094230e-10
12389 1.094034e-10
12390 1.093838e-10
12391 1.093642e-10
12392 1.093446e-10
12393 1.093251e-10
12394 1.093055e-10
12395 1.092859e-10
12396 1.092663e-10
12397 1.092468e-10
12398 1.092272e-10
12399 1.092076e-10
12400 1.091881e-10
12401 1.091685e-10
12402 1.091490e-10
12403 1.091295e-10
12404 1.091099e-10
12405 1.090904e-10
12406 1.090709e-10
12407 1.090514e-10
12408 1.090318e-10
12409 1.090123e-10
12410 1.089928e-10
12411 1.089733e-10
12412 1.089538e-10
12413 1.089343e-10
12414 1.089148e-10
12415 1.088954e-10
12416 1.088759e-10
12417 1.088564e-10
12418 1.088369e-10
12419 1.088175e-10
12420 1.087980e-10
12421 1.087786e-10
12422 1.087591e-10
12423 1.087397e-10
12424 1.087202e-10
12425 1.087008e-10
12426 1.086814e-10
12427 1.086620e-10
12428 1.086425e-10
12429 1.086231e-10
12430 1.086037e-10
12431 1.085843e-10
12432 1.085649e-10
12433 1.085455e-10
12434 1.085261e-10
12435 1.085068e-10
12436 1.084874e-10
12437 1.084680e-10
12438 1.084486e-10
12439 1.084293e-10
12440 1.084099e-10
12441 1.083906e-10
12442 1.083712e-10
12443 1.083519e-10
12444 1.083325e-10
12445 1.083132e-10
12446 1.082939e-10
12447 1.082746e-10
12448 1.082552e-10
12449 1.082359e-10
12450 1.082166e-10
12451 1.081973e-10
12452 1.081780e-10
12453 1.081587e-10
12454 1.081394e-10
12455 1.081202e-10
12456 1.081009e-10
12457 1.080816e-10
12458 1.080623e-10
12459 1.080431e-10
12460 1.080238e-10
12461 1.080046e-10
12462 1.079853e-10
12463 1.079661e-10
12464 1.079468e-10
12465 1.079276e-10
12466 1.079084e-10
12467 1.078892e-10
12468 1.078699e-10
12469 1.078507e-10
12470 1.078315e-10
12471 1.078123e-10
12472 1.077931e-10
12473 1.077739e-10
12474 1.077547e-10
12475 1.077356e-10
12476 1.077164e-10
12477 1.076972e-10
12478 1.076780e-10
12479 1.076589e-10
12480 1.076397e-10
12481 1.076206e-10
12482 1.076014e-10
12483 1.075823e-10
12484 1.075631e-10
12485 1.075440e-10
12486 1.075249e-10
12487 1.075057e-10
12488 1.074866e-10
12489 1.074675e-10
12490 1.074484e-10
12491 1.074293e-10
12492 1.074102e-10
12493 1.073911e-10
12494 1.073720e-10
12495 1.073529e-10
12496 1.073338e-10
12497 1.073148e-10
12498 1.072957e-10
12499 1.072766e-10
12500 1.072576e-10
12501 1.072385e-10
12502 1.072195e-10
12503 1.072004e-10
12504 1.071814e-10
12505 1.071624e-10
12506 1.071433e-10
12507 1.071243e-10
12508 1.071053e-10
12509 1.070863e-10
12510 1.070673e-10
12511 1.070482e-10
12512 1.070292e-10
12513 1.070102e-10
12514 1.069913e-10
12515 1.069723e-10
12516 1.069533e-10
12517 1.069343e-10
12518 1.069153e-10
12519 1.068963e-10
12520 1.068774e-10
12521 1.068584e-10
12522 1.068394e-10
12523 1.068205e-10
12524 1.068015e-10
12525 1.067826e-10
12526 1.067636e-10
12527 1.067447e-10
12528 1.067258e-10
12529 1.067069e-10
12530 1.066879e-10
12531 1.066690e-10
12532 1.066501e-10
12533 1.066312e-10
12534 1.066123e-10
12535 1.065934e-10
12536 1.065745e-10
12537 1.065556e-10
12538 1.065367e-10
12539 1.065179e-10
12540 1.064990e-10
12541 1.064801e-10
12542 1.064612e-10
12543 1.064424e-10
12544 1.064235e-10
12545 1.064047e-10
12546 1.063858e-10
12547 1.063670e-10
12548 1.063482e-10
12549 1.063293e-10
12550 1.063105e-10
12551 1.062917e-10
12552 1.062729e-10
12553 1.062541e-10
12554 1.062353e-10
12555 1.062165e-10
12556 1.061977e-10
12557 1.061789e-10
12558 1.061601e-10
12559 1.061413e-10
12560 1.061225e-10
12561 1.061038e-10
12562 1.060850e-10
12563 1.060662e-10
12564 1.060475e-10
12565 1.060287e-10
12566 1.060100e-10
12567 1.059912e-10
12568 1.059725e-10
12569 1.059537e-10
12570 1.059350e-10
12571 1.059163e-10
12572 1.058976e-10
12573 1.058789e-10
12574 1.058602e-10
12575 1.058414e-10
12576 1.058227e-10
12577 1.058041e-10
12578 1.057854e-10
12579 1.057667e-10
12580 1.057480e-10
12581 1.057293e-10
12582 1.057107e-10
12583 1.056920e-10
12584 1.056733e-10
12585 1.056547e-10
12586 1.056360e-10
12587 1.056174e-10
12588 1.055987e-10
12589 1.055801e-10
12590 1.055615e-10
12591 1.055428e-10
12592 1.055242e-10
12593 1.055056e-10
12594 1.054870e-10
12595 1.054684e-10
12596 1.054498e-10
12597 1.054312e-10
12598 1.054126e-10
12599 1.053940e-10
12600 1.053754e-10
12601 1.053568e-10
12602 1.053382e-10
12603 1.053197e-10
12604 1.053011e-10
12605 1.052825e-10
12606 1.052640e-10
12607 1.052454e-10
12608 1.052269e-10
12609 1.052083e-10
12610 1.051898e-10
12611 1.051713e-10
12612 1.051527e-10
12613 1.051342e-10
12614 1.051157e-10
12615 1.050972e-10
12616 1.050787e-10
12617 1.050602e-10
12618 1.050417e-10
12619 1.050232e-10
12620 1.050047e-10
12621 1.049862e-10
12622 1.049677e-10
12623 1.049492e-10
12624 1.049308e-10
12625 1.049123e-10
12626 1.048938e-10
12627 1.048754e-10
12628 1.048569e-10
12629 1.048384e-10
12630 1.048200e-10
12631 1.048015e-10
12632 1.047831e-10
12633 1.047647e-10
12634 1.047462e-10
12635 1.047278e-10
12636 1.047094e-10
12637 1.046910e-10
12638 1.046725e-10
12639 1.046541e-10
12640 1.046357e-10
12641 1.046173e-10
12642 1.045989e-10
12643 1.045805e-10
12644 1.045622e-10
12645 1.045438e-10
12646 1.045254e-10
12647 1.045070e-10
12648 1.044887e-10
12649 1.044703e-10
12650 1.044519e-10
12651 1.044336e-10
12652 1.044152e-10
12653 1.043969e-10
12654 1.043785e-10
12655 1.043602e-10
12656 1.043419e-10
12657 1.043236e-10
12658 1.043052e-10
12659 1.042869e-10
12660 1.042686e-10
12661 1.042503e-10
12662 1.042320e-10
12663 1.042137e-10
12664 1.041954e-10
12665 1.041771e-10
12666 1.041588e-10
12667 1.041406e-10
12668 1.041223e-10
12669 1.041040e-10
12670 1.040857e-10
12671 1.040675e-10
12672 1.040492e-10
12673 1.040310e-10
12674 1.040127e-10
12675 1.039945e-10
12676 1.039763e-10
12677 1.039580e-10
12678 1.039398e-10
12679 1.039216e-10
12680 1.039034e-10
12681 1.038851e-10
12682 1.038669e-10
12683 1.038487e-10
12684 1.038305e-10
12685 1.038123e-10
12686 1.037941e-10
12687 1.037760e-10
12688 1.037578e-10
12689 1.037396e-10
12690 1.037214e-10
12691 1.037033e-10
12692 1.036851e-10
12693 1.036669e-10
12694 1.036488e-10
12695 1.036306e-10
12696 1.036125e-10
12697 1.035943e-10
12698 1.035762e-10
12699 1.035581e-10
12700 1.035400e-10
12701 1.035218e-10
12702 1.035037e-10
12703 1.034856e-10
12704 1.034675e-10
12705 1.034494e-10
12706 1.034313e-10
12707 1.034132e-10
12708 1.033951e-10
12709 1.033770e-10
12710 1.033589e-10
12711 1.033409e-10
12712 1.033228e-10
12713 1.033047e-10
12714 1.032867e-10
12715 1.032686e-10
12716 1.032506e-10
12717 1.032325e-10
12718 1.032145e-10
12719 1.031964e-10
12720 1.031784e-10
12721 1.031604e-10
12722 1.031423e-10
12723 1.031243e-10
12724 1.031063e-10
12725 1.030883e-10
12726 1.030703e-10
12727 1.030523e-10
12728 1.030343e-10
12729 1.030163e-10
12730 1.029983e-10
12731 1.029803e-10
12732 1.029623e-10
12733 1.029444e-10
12734 1.029264e-10
12735 1.029084e-10
12736 1.028905e-10
12737 1.028725e-10
12738 1.028545e-10
12739 1.028366e-10
12740 1.028186e-10
12741 1.028007e-10
12742 1.027828e-10
12743 1.027648e-10
12744 1.027469e-10
12745 1.027289e-10
12746 1.027110e-10
12747 1.026931e-10
12748 1.026752e-10
12749 1.026573e-10
12750 1.026394e-10
12751 1.026215e-10
12752 1.026036e-10
12753 1.025857e-10
12754 1.025678e-10
12755 1.025499e-10
12756 1.025320e-10
12757 1.025142e-10
12758 1.024963e-10
12759 1.024784e-10
12760 1.024606e-10
12761 1.024427e-10
12762 1.024248e-10
12763 1.024070e-10
12764 1.023892e-10
12765 1.023713e-10
12766 1.023535e-10
12767 1.023357e-10
12768 1.023178e-10
12769 1.023000e-10
12770 1.022822e-10
12771 1.022644e-10
12772 1.022466e-10
12773 1.022288e-10
12774 1.022110e-10
12775 1.021932e-10
12776 1.021754e-10
12777 1.021576e-10
12778 1.021398e-10
12779 1.021220e-10
12780 1.021043e-10
12781 1.020865e-10
12782 1.020687e-10
12783 1.020510e-10
12784 1.020332e-10
12785 1.020155e-10
12786 1.019977e-10
12787 1.019800e-10
12788 1.019623e-10
12789 1.019445e-10
12790 1.019268e-10
12791 1.019091e-10
12792 1.018914e-10
12793 1.018737e-10
12794 1.018559e-10
12795 1.018382e-10
12796 1.018205e-10
12797 1.018028e-10
12798 1.017852e-10
12799 1.017675e-10
12800 1.017498e-10
12801 1.017321e-10
12802 1.017144e-10
12803 1.016968e-10
12804 1.016791e-10
12805 1.016614e-10
12806 1.016438e-10
12807 1.016261e-10
12808 1.016085e-10
12809 1.015909e-10
12810 1.015732e-10
12811 1.015556e-10
12812 1.015380e-10
12813 1.015203e-10
12814 1.015027e-10
12815 1.014851e-10
12816 1.014675e-10
12817 1.014499e-10
12818 1.014323e-10
12819 1.014147e-10
12820 1.013971e-10
12821 1.013795e-10
12822 1.013619e-10
12823 1.013443e-10
12824 1.013268e-10
12825 1.013092e-10
12826 1.012916e-10
12827 1.012741e-10
12828 1.012565e-10
12829 1.012389e-10
12830 1.012214e-10
12831 1.012039e-10
12832 1.011863e-10
12833 1.011688e-10
12834 1.011512e-10
12835 1.011337e-10
12836 1.011162e-10
12837 1.010987e-10
12838 1.010812e-10
12839 1.010637e-10
12840 1.010461e-10
12841 1.010286e-10
12842 1.010112e-10
12843 1.009937e-10
12844 1.009762e-10
12845 1.009587e-10
12846 1.009412e-10
12847 1.009237e-10
12848 1.009063e-10
12849 1.008888e-10
12850 1.008713e-10
12851 1.008539e-10
12852 1.008364e-10
12853 1.008190e-10
12854 1.008015e-10
12855 1.007841e-10
12856 1.007666e-10
12857 1.007492e-10
12858 1.007318e-10
12859 1.007143e-10
12860 1.006969e-10
12861 1.006795e-10
12862 1.006621e-10
12863 1.006447e-10
12864 1.006272e-10
12865 1.006098e-10
12866 1.005924e-10
12867 1.005750e-10
12868 1.005577e-10
12869 1.005403e-10
12870 1.005229e-10
12871 1.005055e-10
12872 1.004881e-10
12873 1.004708e-10
12874 1.004534e-10
12875 1.004360e-10
12876 1.004187e-10
12877 1.004013e-10
12878 1.003840e-10
12879 1.003667e-10
12880 1.003493e-10
12881 1.003320e-10
12882 1.003147e-10
12883 1.002973e-10
12884 1.002800e-10
12885 1.002627e-10
12886 1.002454e-10
12887 1.002281e-10
12888 1.002108e-10
12889 1.001935e-10
12890 1.001762e-10
12891 1.001589e-10
12892 1.001416e-10
12893 1.001243e-10
12894 1.001070e-10
12895 1.000898e-10
12896 1.000725e-10
12897 1.000552e-10
12898 1.000380e-10
12899 1.000207e-10
12900 1.000035e-10
12901 9.998621e-11
12902 9.996897e-11
12903 9.995173e-11
12904 9.993450e-11
12905 9.991727e-11
12906 9.990004e-11
12907 9.988282e-11
12908 9.986560e-11
12909 9.984839e-11
12910 9.983118e-11
12911 9.981398e-11
12912 9.979678e-11
12913 9.977958e-11
12914 9.976239e-11
12915 9.974520e-11
12916 9.972802e-11
12917 9.971084e-11
12918 9.969367e-11
12919 9.967650e-11
12920 9.965933e-11
12921 9.964217e-11
12922 9.962501e-11
12923 9.960786e-11
12924 9.959071e-11
12925 9.957357e-11
12926 9.955643e-11
12927 9.953929e-11
12928 9.952216e-11
12929 9.950504e-11
12930 9.948791e-11
12931 9.947079e-11
12932 9.945368e-11
12933 9.943657e-11
12934 9.941946e-11
12935 9.940236e-11
12936 9.938527e-11
12937 9.936817e-11
12938 9.935108e-11
12939 9.933400e-11
12940 9.931692e-11
12941 9.929984e-11
12942 9.928277e-11
12943 9.926570e-11
12944 9.924864e-11
12945 9.923158e-11
12946 9.921453e-11
12947 9.919748e-11
12948 9.918043e-11
12949 9.916339e-11
12950 9.914635e-11
12951 9.912932e-11
12952 9.911229e-11
12953 9.909526e-11
12954 9.907824e-11
12955 9.906123e-11
12956 9.904421e-11
12957 9.902721e-11
12958 9.901020e-11
12959 9.899320e-11
12960 9.897621e-11
12961 9.895922e-11
12962 9.894223e-11
12963 9.892525e-11
12964 9.890827e-11
12965 9.889129e-11
12966 9.887432e-11
12967 9.885735e-11
12968 9.884038e-11
12969 9.882341e-11
12970 9.880645e-11
12971 9.878950e-11
12972 9.877255e-11
12973 9.875560e-11
12974 9.873865e-11
12975 9.872171e-11
12976 9.870478e-11
12977 9.868785e-11
12978 9.867092e-11
12979 9.865400e-11
12980 9.863708e-11
12981 9.862016e-11
12982 9.860325e-11
12983 9.858635e-11
12984 9.856945e-11
12985 9.855255e-11
12986 9.853565e-11
12987 9.851877e-11
12988 9.850188e-11
12989 9.848500e-11
12990 9.846812e-11
12991 9.845125e-11
12992 9.843438e-11
12993 9.841752e-11
12994 9.840066e-11
12995 9.838380e-11
12996 9.836695e-11
12997 9.835010e-11
12998 9.833326e-11
12999 9.831642e-11
13000 9.829959e-11
13001 9.828276e-11
13002 9.826593e-11
13003 9.824911e-11
13004 9.823229e-11
13005 9.821548e-11
13006 9.819867e-11
13007 9.818186e-11
13008 9.816506e-11
13009 9.814826e-11
13010 9.813147e-11
13011 9.811468e-11
13012 9.809789e-11
13013 9.808111e-11
13014 9.806434e-11
13015 9.804757e-11
13016 9.803080e-11
13017 9.801403e-11
13018 9.799727e-11
13019 9.798052e-11
13020 9.796377e-11
13021 9.794702e-11
13022 9.793028e-11
13023 9.791354e-11
13024 9.789680e-11
13025 9.788007e-11
13026 9.786334e-11
13027 9.784662e-11
13028 9.782990e-11
13029 9.781319e-11
13030 9.779648e-11
13031 9.777977e-11
13032 9.776307e-11
13033 9.774637e-11
13034 9.772968e-11
13035 9.771299e-11
13036 9.769631e-11
13037 9.767962e-11
13038 9.766295e-11
13039 9.764628e-11
13040 9.762961e-11
13041 9.761294e-11
13042 9.759628e-11
13043 9.757962e-11
13044 9.756297e-11
13045 9.754632e-11
13046 9.752968e-11
13047 9.751304e-11
13048 9.749640e-11
13049 9.747977e-11
13050 9.746315e-11
13051 9.744652e-11
13052 9.742990e-11
13053 9.741329e-11
13054 9.739668e-11
13055 9.738007e-11
13056 9.736347e-11
13057 9.734687e-11
13058 9.733027e-11
13059 9.731368e-11
13060 9.729710e-11
13061 9.728051e-11
13062 9.726393e-11
13063 9.724736e-11
13064 9.723079e-11
13065 9.721422e-11
13066 9.719766e-11
13067 9.718110e-11
13068 9.716455e-11
13069 9.714800e-11
13070 9.713146e-11
13071 9.711491e-11
13072 9.709838e-11
13073 9.708184e-11
13074 9.706531e-11
13075 9.704879e-11
13076 9.703227e-11
13077 9.701575e-11
13078 9.699924e-11
13079 9.698273e-11
13080 9.696622e-11
13081 9.694972e-11
13082 9.693322e-11
13083 9.691672e-11
13084 9.690022e-11
13085 9.688373e-11
13086 9.686724e-11
13087 9.685076e-11
13088 9.683428e-11
13089 9.681780e-11
13090 9.680133e-11
13091 9.678486e-11
13092 9.676840e-11
13093 9.675194e-11
13094 9.673549e-11
13095 9.671904e-11
13096 9.670259e-11
13097 9.668614e-11
13098 9.666971e-11
13099 9.665327e-11
13100 9.663684e-11
13101 9.662041e-11
13102 9.660399e-11
13103 9.658757e-11
13104 9.657116e-11
13105 9.655475e-11
13106 9.653834e-11
13107 9.652194e-11
13108 9.650554e-11
13109 9.648914e-11
13110 9.647275e-11
13111 9.645637e-11
13112 9.643998e-11
13113 9.642360e-11
13114 9.640723e-11
13115 9.639086e-11
13116 9.637449e-11
13117 9.635813e-11
13118 9.634177e-11
13119 9.632542e-11
13120 9.630907e-11
13121 9.629272e-11
13122 9.627638e-11
13123 9.626004e-11
13124 9.624371e-11
13125 9.622738e-11
13126 9.621105e-11
13127 9.619473e-11
13128 9.617841e-11
13129 9.616210e-11
13130 9.614579e-11
13131 9.612948e-11
13132 9.611318e-11
13133 9.609688e-11
13134 9.608059e-11
13135 9.606429e-11
13136 9.604801e-11
13137 9.603173e-11
13138 9.601545e-11
13139 9.599917e-11
13140 9.598290e-11
13141 9.596664e-11
13142 9.595038e-11
13143 9.593412e-11
13144 9.591786e-11
13145 9.590161e-11
13146 9.588537e-11
13147 9.586913e-11
13148 9.585289e-11
13149 9.583665e-11
13150 9.582042e-11
13151 9.580420e-11
13152 9.578797e-11
13153 9.577176e-11
13154 9.575554e-11
13155 9.573933e-11
13156 9.572312e-11
13157 9.570692e-11
13158 9.569072e-11
13159 9.567453e-11
13160 9.565834e-11
13161 9.564215e-11
13162 9.562597e-11
13163 9.560979e-11
13164 9.559362e-11
13165 9.557745e-11
13166 9.556128e-11
13167 9.554512e-11
13168 9.552896e-11
13169 9.551280e-11
13170 9.549665e-11
13171 9.548051e-11
13172 9.546436e-11
13173 9.544822e-11
13174 9.543209e-11
13175 9.541596e-11
13176 9.539983e-11
13177 9.538371e-11
13178 9.536759e-11
13179 9.535147e-11
13180 9.533536e-11
13181 9.531925e-11
13182 9.530315e-11
13183 9.528705e-11
13184 9.527096e-11
13185 9.525486e-11
13186 9.523878e-11
13187 9.522269e-11
13188 9.520661e-11
13189 9.519054e-11
13190 9.517447e-11
13191 9.515840e-11
13192 9.514233e-11
13193 9.512627e-11
13194 9.511022e-11
13195 9.509416e-11
13196 9.507812e-11
13197 9.506207e-11
13198 9.504603e-11
13199 9.502998e-11
13200 9.501394e-11
13201 9.499791e-11
13202 9.498187e-11
13203 9.496585e-11
13204 9.494982e-11
13205 9.493380e-11
13206 9.491779e-11
13207 9.490177e-11
13208 9.488577e-11
13209 9.486976e-11
13210 9.485376e-11
13211 9.483776e-11
13212 9.482177e-11
13213 9.480578e-11
13214 9.478980e-11
13215 9.477382e-11
13216 9.475784e-11
13217 9.474187e-11
13218 9.472590e-11
13219 9.470993e-11
13220 9.469397e-11
13221 9.467801e-11
13222 9.466206e-11
13223 9.464611e-11
13224 9.463016e-11
13225 9.461422e-11
13226 9.459828e-11
13227 9.458235e-11
13228 9.456642e-11
13229 9.455049e-11
13230 9.453457e-11
13231 9.451865e-11
13232 9.450274e-11
13233 9.448682e-11
13234 9.447092e-11
13235 9.445501e-11
13236 9.443911e-11
13237 9.442322e-11
13238 9.440733e-11
13239 9.439144e-11
13240 9.437556e-11
13241 9.435968e-11
13242 9.434380e-11
13243 9.432793e-11
13244 9.431206e-11
13245 9.429619e-11
13246 9.428033e-11
13247 9.426448e-11
13248 9.424862e-11
13249 9.423278e-11
13250 9.421693e-11
13251 9.420109e-11
13252 9.418525e-11
13253 9.416942e-11
13254 9.415359e-11
13255 9.413776e-11
13256 9.412194e-11
13257 9.410612e-11
13258 9.409031e-11
13259 9.407450e-11
13260 9.405869e-11
13261 9.404289e-11
13262 9.402709e-11
13263 9.401129e-11
13264 9.399550e-11
13265 9.397972e-11
13266 9.396393e-11
13267 9.394815e-11
13268 9.393238e-11
13269 9.391660e-11
13270 9.390084e-11
13271 9.388507e-11
13272 9.386931e-11
13273 9.385355e-11
13274 9.383780e-11
13275 9.382205e-11
13276 9.380631e-11
13277 9.379057e-11
13278 9.377483e-11
13279 9.375910e-11
13280 9.374337e-11
13281 9.372764e-11
13282 9.371192e-11
13283 9.369620e-11
13284 9.368048e-11
13285 9.366477e-11
13286 9.364907e-11
13287 9.363336e-11
13288 9.361766e-11
13289 9.360197e-11
13290 9.358628e-11
13291 9.357059e-11
13292 9.355490e-11
13293 9.353922e-11
13294 9.352355e-11
13295 9.350787e-11
13296 9.349221e-11
13297 9.347654e-11
13298 9.346088e-11
13299 9.344522e-11
13300 9.342957e-11
13301 9.341392e-11
13302 9.339827e-11
13303 9.338263e-11
13304 9.336699e-11
13305 9.335136e-11
13306 9.333573e-11
13307 9.332010e-11
13308 9.330448e-11
13309 9.328886e-11
13310 9.327324e-11
13311 9.325763e-11
13312 9.324202e-11
13313 9.322642e-11
13314 9.321082e-11
13315 9.319522e-11
13316 9.317962e-11
13317 9.316402e-11
13318 9.314843e-11
13319 9.313284e-11
13320 9.311725e-11
13321 9.310167e-11
13322 9.308610e-11
13323 9.307052e-11
13324 9.305495e-11
13325 9.303939e-11
13326 9.302383e-11
13327 9.300827e-11
13328 9.299271e-11
13329 9.297716e-11
13330 9.296161e-11
13331 9.294607e-11
13332 9.293053e-11
13333 9.291500e-11
13334 9.289946e-11
13335 9.288394e-11
13336 9.286841e-11
13337 9.285289e-11
13338 9.283737e-11
13339 9.282186e-11
13340 9.280635e-11
13341 9.279085e-11
13342 9.277534e-11
13343 9.275985e-11
13344 9.274435e-11
13345 9.272886e-11
13346 9.271337e-11
13347 9.269789e-11
13348 9.268241e-11
13349 9.266694e-11
13350 9.265146e-11
13351 9.263600e-11
13352 9.262053e-11
13353 9.260507e-11
13354 9.258961e-11
13355 9.257416e-11
13356 9.255871e-11
13357 9.254327e-11
13358 9.252782e-11
13359 9.251239e-11
13360 9.249695e-11
13361 9.248152e-11
13362 9.246609e-11
13363 9.245067e-11
13364 9.243525e-11
13365 9.241983e-11
13366 9.240442e-11
13367 9.238901e-11
13368 9.237361e-11
13369 9.235821e-11
13370 9.234281e-11
13371 9.232742e-11
13372 9.231203e-11
13373 9.229664e-11
13374 9.228126e-11
13375 9.226588e-11
13376 9.225051e-11
13377 9.223513e-11
13378 9.221977e-11
13379 9.220440e-11
13380 9.218904e-11
13381 9.217369e-11
13382 9.215833e-11
13383 9.214298e-11
13384 9.212764e-11
13385 9.211230e-11
13386 9.209696e-11
13387 9.208163e-11
13388 9.206629e-11
13389 9.205097e-11
13390 9.203564e-11
13391 9.202033e-11
13392 9.200501e-11
13393 9.198970e-11
13394 9.197439e-11
13395 9.195908e-11
13396 9.194378e-11
13397 9.192849e-11
13398 9.191319e-11
13399 9.189790e-11
13400 9.188262e-11
13401 9.186733e-11
13402 9.185205e-11
13403 9.183678e-11
13404 9.182151e-11
13405 9.180624e-11
13406 9.179098e-11
13407 9.177572e-11
13408 9.176046e-11
13409 9.174521e-11
13410 9.172996e-11
13411 9.171471e-11
13412 9.169947e-11
13413 9.168423e-11
13414 9.166900e-11
13415 9.165376e-11
13416 9.163854e-11
13417 9.162331e-11
13418 9.160809e-11
13419 9.159288e-11
13420 9.157766e-11
13421 9.156245e-11
13422 9.154725e-11
13423 9.153205e-11
13424 9.151685e-11
13425 9.150165e-11
13426 9.148646e-11
13427 9.147128e-11
13428 9.145609e-11
13429 9.144091e-11
13430 9.142574e-11
13431 9.141056e-11
13432 9.139540e-11
13433 9.138023e-11
13434 9.136506e-11
13435 9.134990e-11
13436 9.133473e-11
13437 9.131958e-11
13438 9.130442e-11
13439 9.128927e-11
13440 9.127413e-11
13441 9.125898e-11
13442 9.124385e-11
13443 9.122871e-11
13444 9.121358e-11
13445 9.119845e-11
13446 9.118333e-11
13447 9.116820e-11
13448 9.115309e-11
13449 9.113797e-11
13450 9.112286e-11
13451 9.110776e-11
13452 9.109266e-11
13453 9.107756e-11
13454 9.106246e-11
13455 9.104737e-11
13456 9.103228e-11
13457 9.101720e-11
13458 9.100211e-11
13459 9.098704e-11
13460 9.097196e-11
13461 9.095689e-11
13462 9.094183e-11
13463 9.092676e-11
13464 9.091170e-11
13465 9.089665e-11
13466 9.088160e-11
13467 9.086655e-11
13468 9.085150e-11
13469 9.083646e-11
13470 9.082142e-11
13471 9.080639e-11
13472 9.079136e-11
13473 9.077633e-11
13474 9.076131e-11
13475 9.074629e-11
13476 9.073127e-11
13477 9.071626e-11
13478 9.070125e-11
13479 9.068625e-11
13480 9.067125e-11
13481 9.065625e-11
13482 9.064125e-11
13483 9.062626e-11
13484 9.061128e-11
13485 9.059629e-11
13486 9.058131e-11
13487 9.056634e-11
13488 9.055136e-11
13489 9.053639e-11
13490 9.052143e-11
13491 9.050647e-11
13492 9.049151e-11
13493 9.047655e-11
13494 9.046160e-11
13495 9.044665e-11
13496 9.043171e-11
13497 9.041677e-11
13498 9.040183e-11
13499 9.038690e-11
13500 9.037197e-11
13501 9.035704e-11
13502 9.034212e-11
13503 9.032720e-11
13504 9.031228e-11
13505 9.029737e-11
13506 9.028246e-11
13507 9.026756e-11
13508 9.025266e-11
13509 9.023776e-11
13510 9.022286e-11
13511 9.020797e-11
13512 9.019309e-11
13513 9.017820e-11
13514 9.016332e-11
13515 9.014845e-11
13516 9.013357e-11
13517 9.011870e-11
13518 9.010384e-11
13519 9.008898e-11
13520 9.007412e-11
13521 9.005926e-11
13522 9.004441e-11
13523 9.002956e-11
13524 9.001472e-11
13525 8.999988e-11
13526 8.998504e-11
13527 8.997020e-11
13528 8.995537e-11
13529 8.994055e-11
13530 8.992572e-11
13531 8.991090e-11
13532 8.989609e-11
13533 8.988128e-11
13534 8.986647e-11
13535 8.985166e-11
13536 8.983686e-11
13537 8.982206e-11
13538 8.980727e-11
13539 8.979247e-11
13540 8.977769e-11
13541 8.976290e-11
13542 8.974812e-11
13543 8.973334e-11
13544 8.971857e-11
13545 8.970380e-11
13546 8.968903e-11
13547 8.967427e-11
13548 8.965951e-11
13549 8.964475e-11
13550 8.963000e-11
13551 8.961525e-11
13552 8.960051e-11
13553 8.958576e-11
13554 8.957101e-11
13555 8.955627e-11
13556 8.954153e-11
13557 8.952680e-11
13558 8.951207e-11
13559 8.949734e-11
13560 8.948262e-11
13561 8.946790e-11
13562 8.945318e-11
13563 8.943847e-11
13564 8.942376e-11
13565 8.940905e-11
13566 8.939435e-11
13567 8.937965e-11
13568 8.936495e-11
13569 8.935026e-11
13570 8.933557e-11
13571 8.932089e-11
13572 8.930620e-11
13573 8.929152e-11
13574 8.927685e-11
13575 8.926218e-11
13576 8.924751e-11
13577 8.923285e-11
13578 8.921819e-11
13579 8.920353e-11
13580 8.918887e-11
13581 8.917422e-11
13582 8.915958e-11
13583 8.914493e-11
13584 8.913029e-11
13585 8.911566e-11
13586 8.910102e-11
13587 8.908639e-11
13588 8.907177e-11
13589 8.905715e-11
13590 8.904253e-11
13591 8.902791e-11
13592 8.901330e-11
13593 8.899869e-11
13594 8.898408e-11
13595 8.896948e-11
13596 8.895488e-11
13597 8.894029e-11
13598 8.892570e-11
13599 8.891111e-11
13600 8.889653e-11
13601 8.888195e-11
13602 8.886737e-11
13603 8.885279e-11
13604 8.883822e-11
13605 8.882366e-11
13606 8.880909e-11
13607 8.879453e-11
13608 8.877998e-11
13609 8.876542e-11
13610 8.875087e-11
13611 8.873633e-11
13612 8.872178e-11
13613 8.870724e-11
13614 8.869271e-11
13615 8.867818e-11
13616 8.866365e-11
13617 8.864912e-11
13618 8.863460e-11
13619 8.862008e-11
13620 8.860556e-11
13621 8.859105e-11
13622 8.857654e-11
13623 8.856204e-11
13624 8.854754e-11
13625 8.853304e-11
13626 8.851854e-11
13627 8.850405e-11
13628 8.848957e-11
13629 8.847508e-11
13630 8.846060e-11
13631 8.844612e-11
13632 8.843165e-11
13633 8.841718e-11
13634 8.840271e-11
13635 8.838825e-11
13636 8.837379e-11
13637 8.835933e-11
13638 8.834488e-11
13639 8.833043e-11
13640 8.831598e-11
13641 8.830154e-11
13642 8.828710e-11
13643 8.827266e-11
13644 8.825823e-11
13645 8.824380e-11
13646 8.822937e-11
13647 8.821495e-11
13648 8.820053e-11
13649 8.818611e-11
13650 8.817170e-11
13651 8.815729e-11
13652 8.814289e-11
13653 8.812848e-11
13654 8.811408e-11
13655 8.809969e-11
13656 8.808530e-11
13657 8.807091e-11
13658 8.805652e-11
13659 8.804214e-11
13660 8.802776e-11
13661 8.801339e-11
13662 8.799902e-11
13663 8.798465e-11
13664 8.797028e-11
13665 8.795592e-11
13666 8.794156e-11
13667 8.792721e-11
13668 8.791286e-11
13669 8.789851e-11
13670 8.788417e-11
13671 8.786982e-11
13672 8.785549e-11
13673 8.784115e-11
13674 8.782681e-11
13675 8.781248e-11
13676 8.779815e-11
13677 8.778382e-11
13678 8.776950e-11
13679 8.775518e-11
13680 8.774086e-11
13681 8.772655e-11
13682 8.771224e-11
13683 8.769793e-11
13684 8.768363e-11
13685 8.766933e-11
13686 8.765503e-11
13687 8.764074e-11
13688 8.762645e-11
13689 8.761216e-11
13690 8.759788e-11
13691 8.758360e-11
13692 8.756933e-11
13693 8.755505e-11
13694 8.754078e-11
13695 8.752652e-11
13696 8.751225e-11
13697 8.749799e-11
13698 8.748374e-11
13699 8.746949e-11
13700 8.745524e-11
13701 8.744099e-11
13702 8.742675e-11
13703 8.741251e-11
13704 8.739827e-11
13705 8.738404e-11
13706 8.736981e-11
13707 8.735559e-11
13708 8.734136e-11
13709 8.732715e-11
13710 8.731293e-11
13711 8.729872e-11
13712 8.728451e-11
13713 8.727030e-11
13714 8.725610e-11
13715 8.724190e-11
13716 8.722771e-11
13717 8.721351e-11
13718 8.719933e-11
13719 8.718514e-11
13720 8.717096e-11
13721 8.715678e-11
13722 8.714260e-11
13723 8.712843e-11
13724 8.711426e-11
13725 8.710010e-11
13726 8.708593e-11
13727 8.707178e-11
13728 8.705762e-11
13729 8.704347e-11
13730 8.702932e-11
13731 8.701517e-11
13732 8.700103e-11
13733 8.698689e-11
13734 8.697276e-11
13735 8.695863e-11
13736 8.694450e-11
13737 8.693037e-11
13738 8.691625e-11
13739 8.690213e-11
13740 8.688801e-11
13741 8.687390e-11
13742 8.685979e-11
13743 8.684569e-11
13744 8.683158e-11
13745 8.681749e-11
13746 8.680339e-11
13747 8.678930e-11
13748 8.677521e-11
13749 8.676112e-11
13750 8.674704e-11
13751 8.673296e-11
13752 8.671889e-11
13753 8.670481e-11
13754 8.669074e-11
13755 8.667668e-11
13756 8.666262e-11
13757 8.664856e-11
13758 8.663450e-11
13759 8.662045e-11
13760 8.660640e-11
13761 8.659235e-11
13762 8.657831e-11
13763 8.656427e-11
13764 8.655023e-11
13765 8.653620e-11
13766 8.652217e-11
13767 8.650815e-11
13768 8.649412e-11
13769 8.648010e-11
13770 8.646609e-11
13771 8.645207e-11
13772 8.643806e-11
13773 8.642406e-11
13774 8.641005e-11
13775 8.639605e-11
13776 8.638206e-11
13777 8.636806e-11
13778 8.635407e-11
13779 8.634009e-11
13780 8.632610e-11
13781 8.631212e-11
13782 8.629815e-11
13783 8.628417e-11
13784 8.627020e-11
13785 8.625623e-11
13786 8.624227e-11
13787 8.622831e-11
13788 8.621435e-11
13789 8.620040e-11
13790 8.618645e-11
13791 8.617250e-11
13792 8.615856e-11
13793 8.614461e-11
13794 8.613068e-11
13795 8.611674e-11
13796 8.610280e-11
13797 8.608887e-11
13798 8.607493e-11
13799 8.606101e-11
13800 8.604708e-11
13801 8.603316e-11
13802 8.601925e-11
13803 8.600533e-11
13804 8.599142e-11
13805 8.597751e-11
13806 8.596361e-11
13807 8.594971e-11
13808 8.593581e-11
13809 8.592191e-11
13810 8.590802e-11
13811 8.589414e-11
13812 8.588025e-11
13813 8.586637e-11
13814 8.585249e-11
13815 8.583861e-11
13816 8.582474e-11
13817 8.581087e-11
13818 8.579701e-11
13819 8.578315e-11
13820 8.576929e-11
13821 8.575543e-11
13822 8.574158e-11
13823 8.572773e-11
13824 8.571388e-11
13825 8.570004e-11
13826 8.568620e-11
13827 8.567237e-11
13828 8.565853e-11
13829 8.564470e-11
13830 8.563088e-11
13831 8.561705e-11
13832 8.560323e-11
13833 8.558942e-11
13834 8.557560e-11
13835 8.556179e-11
13836 8.554799e-11
13837 8.553418e-11
13838 8.552038e-11
13839 8.550658e-11
13840 8.549279e-11
13841 8.547900e-11
13842 8.546521e-11
13843 8.545143e-11
13844 8.543764e-11
13845 8.542387e-11
13846 8.541009e-11
13847 8.539632e-11
13848 8.538255e-11
13849 8.536879e-11
13850 8.535502e-11
13851 8.534126e-11
13852 8.532751e-11
13853 8.531376e-11
13854 8.530001e-11
13855 8.528626e-11
13856 8.527252e-11
13857 8.525878e-11
13858 8.524504e-11
13859 8.523131e-11
13860 8.521758e-11
13861 8.520385e-11
13862 8.519013e-11
13863 8.517641e-11
13864 8.516269e-11
13865 8.514898e-11
13866 8.513527e-11
13867 8.512156e-11
13868 8.510785e-11
13869 8.509415e-11
13870 8.508045e-11
13871 8.506676e-11
13872 8.505307e-11
13873 8.503938e-11
13874 8.502569e-11
13875 8.501201e-11
13876 8.499833e-11
13877 8.498466e-11
13878 8.497098e-11
13879 8.495732e-11
13880 8.494365e-11
13881 8.492999e-11
13882 8.491633e-11
13883 8.490267e-11
13884 8.488902e-11
13885 8.487537e-11
13886 8.486172e-11
13887 8.484808e-11
13888 8.483443e-11
13889 8.482080e-11
13890 8.480716e-11
13891 8.479353e-11
13892 8.477990e-11
13893 8.476628e-11
13894 8.475266e-11
13895 8.473904e-11
13896 8.472542e-11
13897 8.471181e-11
13898 8.469820e-11
13899 8.468460e-11
13900 8.467099e-11
13901 8.465739e-11
13902 8.464380e-11
13903 8.463020e-11
13904 8.461661e-11
13905 8.460303e-11
13906 8.458944e-11
13907 8.457586e-11
13908 8.456229e-11
13909 8.454871e-11
13910 8.453514e-11
13911 8.452157e-11
13912 8.450801e-11
13913 8.449445e-11
13914 8.448089e-11
13915 8.446733e-11
13916 8.445378e-11
13917 8.444023e-11
13918 8.442668e-11
13919 8.441313e-11
13920 8.439958e-11
13921 8.438604e-11
13922 8.437250e-11
13923 8.435897e-11
13924 8.434543e-11
13925 8.433190e-11
13926 8.431838e-11
13927 8.430485e-11
13928 8.429133e-11
13929 8.427782e-11
13930 8.426430e-11
13931 8.425079e-11
13932 8.423729e-11
13933 8.422378e-11
13934 8.421028e-11
13935 8.419678e-11
13936 8.418329e-11
13937 8.416980e-11
13938 8.415631e-11
13939 8.414282e-11
13940 8.412934e-11
13941 8.411586e-11
13942 8.410238e-11
13943 8.408891e-11
13944 8.407544e-11
13945 8.406197e-11
13946 8.404851e-11
13947 8.403505e-11
13948 8.402159e-11
13949 8.400814e-11
13950 8.399469e-11
13951 8.398124e-11
13952 8.396779e-11
13953 8.395435e-11
13954 8.394091e-11
13955 8.392748e-11
13956 8.391404e-11
13957 8.390061e-11
13958 8.388719e-11
13959 8.387377e-11
13960 8.386035e-11
13961 8.384693e-11
13962 8.383351e-11
13963 8.382010e-11
13964 8.380670e-11
13965 8.379329e-11
13966 8.377989e-11
13967 8.376649e-11
13968 8.375310e-11
13969 8.373970e-11
13970 8.372632e-11
13971 8.371293e-11
13972 8.369955e-11
13973 8.368617e-11
13974 8.367279e-11
13975 8.365942e-11
13976 8.364605e-11
13977 8.363268e-11
13978 8.361931e-11
13979 8.360595e-11
13980 8.359260e-11
13981 8.357924e-11
13982 8.356589e-11
13983 8.355254e-11
13984 8.353919e-11
13985 8.352585e-11
13986 8.351251e-11
13987 8.349918e-11
13988 8.348584e-11
13989 8.347251e-11
13990 8.345918e-11
13991 8.344586e-11
13992 8.343254e-11
13993 8.341922e-11
13994 8.340591e-11
13995 8.339259e-11
13996 8.337929e-11
13997 8.336598e-11
13998 8.335268e-11
13999 8.333938e-11
14000 8.332608e-11
14001 8.331279e-11
14002 8.329950e-11
14003 8.328621e-11
14004 8.327293e-11
14005 8.325965e-11
14006 8.324637e-11
14007 8.323309e-11
14008 8.321982e-11
14009 8.320655e-11
14010 8.319329e-11
14011 8.318002e-11
14012 8.316676e-11
14013 8.315351e-11
14014 8.314025e-11
14015 8.312700e-11
14016 8.311375e-11
14017 8.310051e-11
14018 8.308727e-11
14019 8.307403e-11
14020 8.306080e-11
14021 8.304756e-11
14022 8.303433e-11
14023 8.302111e-11
14024 8.300789e-11
14025 8.299467e-11
14026 8.298145e-11
14027 8.296823e-11
14028 8.295502e-11
14029 8.294182e-11
14030 8.292861e-11
14031 8.291541e-11
14032 8.290221e-11
14033 8.288902e-11
14034 8.287582e-11
14035 8.286263e-11
14036 8.284945e-11
14037 8.283626e-11
14038 8.282308e-11
14039 8.280991e-11
14040 8.279673e-11
14041 8.278355e-11
14042 8.277038e-11
14043 8.275721e-11
14044 8.274404e-11
14045 8.273088e-11
14046 8.271772e-11
14047 8.270456e-11
14048 8.269140e-11
14049 8.267825e-11
14050 8.266510e-11
14051 8.265196e-11
14052 8.263881e-11
14053 8.262567e-11
14054 8.261253e-11
14055 8.259940e-11
14056 8.258627e-11
14057 8.257314e-11
14058 8.256002e-11
14059 8.254689e-11
14060 8.253377e-11
14061 8.252066e-11
14062 8.250754e-11
14063 8.249443e-11
14064 8.248133e-11
14065 8.246822e-11
14066 8.245512e-11
14067 8.244202e-11
14068 8.242893e-11
14069 8.241584e-11
14070 8.240275e-11
14071 8.238966e-11
14072 8.237658e-11
14073 8.236350e-11
14074 8.235042e-11
14075 8.233735e-11
14076 8.232428e-11
14077 8.231121e-11
14078 8.229814e-11
14079 8.228508e-11
14080 8.227202e-11
14081 8.225897e-11
14082 8.224591e-11
14083 8.223286e-11
14084 8.221982e-11
14085 8.220677e-11
14086 8.219373e-11
14087 8.218069e-11
14088 8.216766e-11
14089 8.215463e-11
14090 8.214160e-11
14091 8.212857e-11
14092 8.211555e-11
14093 8.210253e-11
14094 8.208951e-11
14095 8.207650e-11
14096 8.206349e-11
14097 8.205048e-11
14098 8.203747e-11
14099 8.202447e-11
14100 8.201147e-11
14101 8.199848e-11
14102 8.198548e-11
14103 8.197249e-11
14104 8.195951e-11
14105 8.194652e-11
14106 8.193354e-11
14107 8.192056e-11
14108 8.190759e-11
14109 8.189461e-11
14110 8.188164e-11
14111 8.186868e-11
14112 8.185572e-11
14113 8.184275e-11
14114 8.182980e-11
14115 8.181684e-11
14116 8.180389e-11
14117 8.179094e-11
14118 8.177800e-11
14119 8.176505e-11
14120 8.175211e-11
14121 8.173918e-11
14122 8.172624e-11
14123 8.171331e-11
14124 8.170039e-11
14125 8.168746e-11
14126 8.167454e-11
14127 8.166162e-11
14128 8.164870e-11
14129 8.163579e-11
14130 8.162288e-11
14131 8.160997e-11
14132 8.159707e-11
14133 8.158417e-11
14134 8.157127e-11
14135 8.155837e-11
14136 8.154548e-11
14137 8.153259e-11
14138 8.151971e-11
14139 8.150682e-11
14140 8.149394e-11
14141 8.148106e-11
14142 8.146819e-11
14143 8.145532e-11
14144 8.144245e-11
14145 8.142958e-11
14146 8.141672e-11
14147 8.140386e-11
14148 8.139100e-11
14149 8.137815e-11
14150 8.136530e-11
14151 8.135245e-11
14152 8.133960e-11
14153 8.132676e-11
14154 8.131392e-11
14155 8.130109e-11
14156 8.128825e-11
14157 8.127542e-11
14158 8.126259e-11
14159 8.124977e-11
14160 8.123695e-11
14161 8.122413e-11
14162 8.121131e-11
14163 8.119850e-11
14164 8.118569e-11
14165 8.117288e-11
14166 8.116007e-11
14167 8.114727e-11
14168 8.113446e-11
14169 8.112166e-11
14170 8.110886e-11
14171 8.109607e-11
14172 8.108328e-11
14173 8.107049e-11
14174 8.105770e-11
14175 8.104492e-11
14176 8.103214e-11
14177 8.101936e-11
14178 8.100659e-11
14179 8.099382e-11
14180 8.098105e-11
14181 8.096828e-11
14182 8.095552e-11
14183 8.094276e-11
14184 8.093000e-11
14185 8.091725e-11
14186 8.090450e-11
14187 8.089175e-11
14188 8.087900e-11
14189 8.086626e-11
14190 8.085352e-11
14191 8.084079e-11
14192 8.082805e-11
14193 8.081532e-11
14194 8.080259e-11
14195 8.078987e-11
14196 8.077715e-11
14197 8.076443e-11
14198 8.075171e-11
14199 8.073900e-11
14200 8.072629e-11
14201 8.071358e-11
14202 8.070088e-11
14203 8.068817e-11
14204 8.067548e-11
14205 8.066278e-11
14206 8.065009e-11
14207 8.063740e-11
14208 8.062471e-11
14209 8.061202e-11
14210 8.059934e-11
14211 8.058666e-11
14212 8.057399e-11
14213 8.056132e-11
14214 8.054865e-11
14215 8.053598e-11
14216 8.052331e-11
14217 8.051065e-11
14218 8.049799e-11
14219 8.048534e-11
14220 8.047269e-11
14221 8.046004e-11
14222 8.044739e-11
14223 8.043475e-11
14224 8.042210e-11
14225 8.040947e-11
14226 8.039683e-11
14227 8.038420e-11
14228 8.037157e-11
14229 8.035894e-11
14230 8.034632e-11
14231 8.033370e-11
14232 8.032108e-11
14233 8.030846e-11
14234 8.029585e-11
14235 8.028324e-11
14236 8.027063e-11
14237 8.025803e-11
14238 8.024543e-11
14239 8.023283e-11
14240 8.022024e-11
14241 8.020764e-11
14242 8.019505e-11
14243 8.018247e-11
14244 8.016988e-11
14245 8.015730e-11
14246 8.014472e-11
14247 8.013215e-11
14248 8.011958e-11
14249 8.010701e-11
14250 8.009444e-11
14251 8.008188e-11
14252 8.006932e-11
14253 8.005676e-11
14254 8.004420e-11
14255 8.003165e-11
14256 8.001910e-11
14257 8.000655e-11
14258 7.999401e-11
14259 7.998147e-11
14260 7.996893e-11
14261 7.995640e-11
14262 7.994386e-11
14263 7.993133e-11
14264 7.991881e-11
14265 7.990628e-11
14266 7.989376e-11
14267 7.988124e-11
14268 7.986873e-11
14269 7.985622e-11
14270 7.984371e-11
14271 7.983120e-11
14272 7.981869e-11
14273 7.980619e-11
14274 7.979369e-11
14275 7.978120e-11
14276 7.976871e-11
14277 7.975622e-11
14278 7.974373e-11
14279 7.973124e-11
14280 7.971876e-11
14281 7.970628e-11
14282 7.969381e-11
14283 7.968134e-11
14284 7.966887e-11
14285 7.965640e-11
14286 7.964393e-11
14287 7.963147e-11
14288 7.961901e-11
14289 7.960656e-11
14290 7.959410e-11
14291 7.958165e-11
14292 7.956920e-11
14293 7.955675e-11
14294 7.954430e-11
14295 7.953186e-11
14296 7.951942e-11
14297 7.950698e-11
14298 7.949454e-11
14299 7.948211e-11
14300 7.946968e-11
14301 7.945725e-11
14302 7.944483e-11
14303 7.943241e-11
14304 7.941999e-11
14305 7.940757e-11
14306 7.939516e-11
14307 7.938275e-11
14308 7.937034e-11
14309 7.935794e-11
14310 7.934554e-11
14311 7.933314e-11
14312 7.932074e-11
14313 7.930835e-11
14314 7.929596e-11
14315 7.928357e-11
14316 7.927118e-11
14317 7.925880e-11
14318 7.924642e-11
14319 7.923404e-11
14320 7.922167e-11
14321 7.920930e-11
14322 7.919693e-11
14323 7.918457e-11
14324 7.917220e-11
14325 7.915984e-11
14326 7.914749e-11
14327 7.913513e-11
14328 7.912278e-11
14329 7.911043e-11
14330 7.909809e-11
14331 7.908574e-11
14332 7.907340e-11
14333 7.906106e-11
14334 7.904873e-11
14335 7.903640e-11
14336 7.902407e-11
14337 7.901174e-11
14338 7.899942e-11
14339 7.898710e-11
14340 7.897478e-11
14341 7.896246e-11
14342 7.895015e-11
14343 7.893784e-11
14344 7.892553e-11
14345 7.891323e-11
14346 7.890093e-11
14347 7.888863e-11
14348 7.887633e-11
14349 7.886404e-11
14350 7.885175e-11
14351 7.883946e-11
14352 7.882718e-11
14353 7.881490e-11
14354 7.880262e-11
14355 7.879034e-11
14356 7.877807e-11
14357 7.876580e-11
14358 7.875353e-11
14359 7.874126e-11
14360 7.872900e-11
14361 7.871674e-11
14362 7.870448e-11
14363 7.869223e-11
14364 7.867998e-11
14365 7.866773e-11
14366 7.865548e-11
14367 7.864324e-11
14368 7.863100e-11
14369 7.861876e-11
14370 7.860652e-11
14371 7.859429e-11
14372 7.858206e-11
14373 7.856984e-11
14374 7.855761e-11
14375 7.854539e-11
14376 7.853317e-11
14377 7.852096e-11
14378 7.850874e-11
14379 7.849653e-11
14380 7.848432e-11
14381 7.847212e-11
14382 7.845992e-11
14383 7.844772e-11
14384 7.843552e-11
14385 7.842333e-11
14386 7.841114e-11
14387 7.839895e-11
14388 7.838676e-11
14389 7.837458e-11
14390 7.836240e-11
14391 7.835022e-11
14392 7.833805e-11
14393 7.832588e-11
14394 7.831371e-11
14395 7.830154e-11
14396 7.828938e-11
14397 7.827722e-11
14398 7.826506e-11
14399 7.825290e-11
14400 7.824075e-11
14401 7.822860e-11
14402 7.821645e-11
14403 7.820431e-11
14404 7.819217e-11
14405 7.818003e-11
14406 7.816789e-11
14407 7.815576e-11
14408 7.814363e-11
14409 7.813150e-11
14410 7.811937e-11
14411 7.810725e-11
14412 7.809513e-11
14413 7.808301e-11
14414 7.807090e-11
14415 7.805878e-11
14416 7.804668e-11
14417 7.803457e-11
14418 7.802246e-11
14419 7.801036e-11
14420 7.799826e-11
14421 7.798615e-11
14422 7.797406e-11
14423 7.796196e-11
14424 7.794987e-11
14425 7.793778e-11
14426 7.792569e-11
14427 7.791361e-11
14428 7.790153e-11
14429 7.788945e-11
14430 7.787737e-11
14431 7.786530e-11
14432 7.785323e-11
14433 7.784116e-11
14434 7.782910e-11
14435 7.781703e-11
14436 7.780498e-11
14437 7.779292e-11
14438 7.778086e-11
14439 7.776881e-11
14440 7.775676e-11
14441 7.774472e-11
14442 7.773267e-11
14443 7.772063e-11
14444 7.770859e-11
14445 7.769656e-11
14446 7.768453e-11
14447 7.767250e-11
14448 7.766047e-11
14449 7.764845e-11
14450 7.763642e-11
14451 7.762440e-11
14452 7.761239e-11
14453 7.760037e-11
14454 7.758836e-11
14455 7.757635e-11
14456 7.756435e-11
14457 7.755235e-11
14458 7.754034e-11
14459 7.752835e-11
14460 7.751635e-11
14461 7.750436e-11
14462 7.749237e-11
14463 7.748038e-11
14464 7.746840e-11
14465 7.745642e-11
14466 7.744444e-11
14467 7.743246e-11
14468 7.742049e-11
14469 7.740852e-11
14470 7.739655e-11
14471 7.738458e-11
14472 7.737262e-11
14473 7.736066e-11
14474 7.734870e-11
14475 7.733675e-11
14476 7.732480e-11
14477 7.731285e-11
14478 7.730090e-11
14479 7.728896e-11
14480 7.727701e-11
14481 7.726508e-11
14482 7.725314e-11
14483 7.724121e-11
14484 7.722928e-11
14485 7.721735e-11
14486 7.720542e-11
14487 7.719350e-11
14488 7.718158e-11
14489 7.716966e-11
14490 7.715775e-11
14491 7.714584e-11
14492 7.713393e-11
14493 7.712202e-11
14494 7.711011e-11
14495 7.709821e-11
14496 7.708631e-11
14497 7.707442e-11
14498 7.706252e-11
14499 7.705063e-11
14500 7.703875e-11
14501 7.702686e-11
14502 7.701498e-11
14503 7.700310e-11
14504 7.699122e-11
14505 7.697934e-11
14506 7.696747e-11
14507 7.695560e-11
14508 7.694374e-11
14509 7.693187e-11
14510 7.692001e-11
14511 7.690815e-11
14512 7.689629e-11
14513 7.688444e-11
14514 7.687259e-11
14515 7.686074e-11
14516 7.684889e-11
14517 7.683705e-11
14518 7.682521e-11
14519 7.681337e-11
14520 7.680154e-11
14521 7.678971e-11
14522 7.677788e-11
14523 7.676605e-11
14524 7.675422e-11
14525 7.674240e-11
14526 7.673058e-11
14527 7.671876e-11
14528 7.670695e-11
14529 7.669514e-11
14530 7.668333e-11
14531 7.667152e-11
14532 7.665972e-11
14533 7.664792e-11
14534 7.663612e-11
14535 7.662432e-11
14536 7.661253e-11
14537 7.660074e-11
14538 7.658895e-11
14539 7.657717e-11
14540 7.656539e-11
14541 7.655361e-11
14542 7.654183e-11
14543 7.653005e-11
14544 7.651828e-11
14545 7.650651e-11
14546 7.649474e-11
14547 7.648297e-11
14548 7.647121e-11
14549 7.645944e-11
14550 7.644768e-11
14551 7.643593e-11
14552 7.642417e-11
14553 7.641242e-11
14554 7.640067e-11
14555 7.638892e-11
14556 7.637717e-11
14557 7.636543e-11
14558 7.635369e-11
14559 7.634195e-11
14560 7.633022e-11
14561 7.631849e-11
14562 7.630676e-11
14563 7.629503e-11
14564 7.628330e-11
14565 7.627158e-11
14566 7.625986e-11
14567 7.624815e-11
14568 7.623643e-11
14569 7.622472e-11
14570 7.621301e-11
14571 7.620131e-11
14572 7.618960e-11
14573 7.617790e-11
14574 7.616620e-11
14575 7.615451e-11
14576 7.614281e-11
14577 7.613112e-11
14578 7.611944e-11
14579 7.610775e-11
14580 7.609607e-11
14581 7.608439e-11
14582 7.607271e-11
14583 7.606103e-11
14584 7.604936e-11
14585 7.603769e-11
14586 7.602602e-11
14587 7.601436e-11
14588 7.600270e-11
14589 7.599104e-11
14590 7.597938e-11
14591 7.596773e-11
14592 7.595608e-11
14593 7.594443e-11
14594 7.593278e-11
14595 7.592114e-11
14596 7.590949e-11
14597 7.589786e-11
14598 7.588622e-11
14599 7.587459e-11
14600 7.586295e-11
14601 7.585133e-11
14602 7.583970e-11
14603 7.582808e-11
14604 7.581646e-11
14605 7.580484e-11
14606 7.579322e-11
14607 7.578161e-11
14608 7.577000e-11
14609 7.575839e-11
14610 7.574679e-11
14611 7.573518e-11
14612 7.572358e-11
14613 7.571198e-11
14614 7.570039e-11
14615 7.568880e-11
14616 7.567721e-11
14617 7.566562e-11
14618 7.565404e-11
14619 7.564245e-11
14620 7.563087e-11
14621 7.561930e-11
14622 7.560772e-11
14623 7.559615e-11
14624 7.558458e-11
14625 7.557301e-11
14626 7.556145e-11
14627 7.554989e-11
14628 7.553833e-11
14629 7.552677e-11
14630 7.551522e-11
14631 7.550367e-11
14632 7.549212e-11
14633 7.548057e-11
14634 7.546903e-11
14635 7.545749e-11
14636 7.544595e-11
14637 7.543441e-11
14638 7.542288e-11
14639 7.541135e-11
14640 7.539982e-11
14641 7.538829e-11
14642 7.537677e-11
14643 7.536525e-11
14644 7.535373e-11
14645 7.534221e-11
14646 7.533070e-11
14647 7.531919e-11
14648 7.530768e-11
14649 7.529618e-11
14650 7.528467e-11
14651 7.527317e-11
14652 7.526167e-11
14653 7.525018e-11
14654 7.523869e-11
14655 7.522720e-11
14656 7.521571e-11
14657 7.520422e-11
14658 7.519274e-11
14659 7.518126e-11
14660 7.516978e-11
14661 7.515831e-11
14662 7.514684e-11
14663 7.513537e-11
14664 7.512390e-11
14665 7.511243e-11
14666 7.510097e-11
14667 7.508951e-11
14668 7.507805e-11
14669 7.506660e-11
14670 7.505515e-11
14671 7.504370e-11
14672 7.503225e-11
14673 7.502080e-11
14674 7.500936e-11
14675 7.499792e-11
14676 7.498648e-11
14677 7.497504e-11
14678 7.496361e-11
14679 7.495217e-11
14680 7.494074e-11
14681 7.492931e-11
14682 7.491788e-11
14683 7.490646e-11
14684 7.489504e-11
14685 7.488362e-11
14686 7.487220e-11
14687 7.486079e-11
14688 7.484938e-11
14689 7.483797e-11
14690 7.482656e-11
14691 7.481516e-11
14692 7.480376e-11
14693 7.479236e-11
14694 7.478096e-11
14695 7.476957e-11
14696 7.475818e-11
14697 7.474679e-11
14698 7.473540e-11
14699 7.472402e-11
14700 7.471264e-11
14701 7.470126e-11
14702 7.468988e-11
14703 7.467851e-11
14704 7.466714e-11
14705 7.465577e-11
14706 7.464441e-11
14707 7.463304e-11
14708 7.462168e-11
14709 7.461032e-11
14710 7.459897e-11
14711 7.458761e-11
14712 7.457626e-11
14713 7.456491e-11
14714 7.455357e-11
14715 7.454222e-11
14716 7.453088e-11
14717 7.451954e-11
14718 7.450821e-11
14719 7.449687e-11
14720 7.448554e-11
14721 7.447421e-11
14722 7.446289e-11
14723 7.445156e-11
14724 7.444024e-11
14725 7.442892e-11
14726 7.441761e-11
14727 7.440629e-11
14728 7.439498e-11
14729 7.438367e-11
14730 7.437237e-11
14731 7.436106e-11
14732 7.434976e-11
14733 7.433846e-11
14734 7.432717e-11
14735 7.431587e-11
14736 7.430458e-11
14737 7.429329e-11
14738 7.428201e-11
14739 7.427072e-11
14740 7.425944e-11
14741 7.424816e-11
14742 7.423689e-11
14743 7.422561e-11
14744 7.421434e-11
14745 7.420307e-11
14746 7.419181e-11
14747 7.418054e-11
14748 7.416928e-11
14749 7.415802e-11
14750 7.414676e-11
14751 7.413551e-11
14752 7.412426e-11
14753 7.411301e-11
14754 7.410176e-11
14755 7.409052e-11
14756 7.407928e-11
14757 7.406804e-11
14758 7.405680e-11
14759 7.404557e-11
14760 7.403433e-11
14761 7.402310e-11
14762 7.401188e-11
14763 7.400065e-11
14764 7.398943e-11
14765 7.397821e-11
14766 7.396699e-11
14767 7.395578e-11
14768 7.394457e-11
14769 7.393336e-11
14770 7.392215e-11
14771 7.391094e-11
14772 7.389974e-11
14773 7.388854e-11
14774 7.387734e-11
14775 7.386615e-11
14776 7.385496e-11
14777 7.384377e-11
14778 7.383258e-11
14779 7.382139e-11
14780 7.381021e-11
14781 7.379903e-11
14782 7.378785e-11
14783 7.377668e-11
14784 7.376550e-11
14785 7.375433e-11
14786 7.374317e-11
14787 7.373200e-11
14788 7.372084e-11
14789 7.370968e-11
14790 7.369852e-11
14791 7.368736e-11
14792 7.367621e-11
14793 7.366506e-11
14794 7.365391e-11
14795 7.364276e-11
14796 7.363162e-11
14797 7.362048e-11
14798 7.360934e-11
14799 7.359820e-11
14800 7.358707e-11
14801 7.357594e-11
14802 7.356481e-11
14803 7.355368e-11
14804 7.354256e-11
14805 7.353143e-11
14806 7.352031e-11
14807 7.350919e-11
14808 7.349807e-11
14809 7.348696e-11
14810 7.347584e-11
14811 7.346473e-11
14812 7.345362e-11
14813 7.344252e-11
14814 7.343141e-11
14815 7.342031e-11
14816 7.340921e-11
14817 7.339811e-11
14818 7.338702e-11
14819 7.337593e-11
14820 7.336484e-11
14821 7.335375e-11
14822 7.334267e-11
14823 7.333158e-11
14824 7.332050e-11
14825 7.330943e-11
14826 7.329835e-11
14827 7.328728e-11
14828 7.327621e-11
14829 7.326514e-11
14830 7.325408e-11
14831 7.324301e-11
14832 7.323195e-11
14833 7.322090e-11
14834 7.320984e-11
14835 7.319879e-11
14836 7.318774e-11
14837 7.317669e-11
14838 7.316564e-11
14839 7.315460e-11
14840 7.314356e-11
14841 7.313252e-11
14842 7.312148e-11
14843 7.311045e-11
14844 7.309942e-11
14845 7.308839e-11
14846 7.307736e-11
14847 7.306634e-11
14848 7.305531e-11
14849 7.304429e-11
14850 7.303328e-11
14851 7.302226e-11
14852 7.301125e-11
14853 7.300024e-11
14854 7.298923e-11
14855 7.297823e-11
14856 7.296722e-11
14857 7.295622e-11
14858 7.294523e-11
14859 7.293423e-11
14860 7.292324e-11
14861 7.291225e-11
14862 7.290126e-11
14863 7.289027e-11
14864 7.287929e-11
14865 7.286831e-11
14866 7.285733e-11
14867 7.284635e-11
14868 7.283538e-11
14869 7.282441e-11
14870 7.281344e-11
14871 7.280247e-11
14872 7.279151e-11
14873 7.278055e-11
14874 7.276959e-11
14875 7.275863e-11
14876 7.274767e-11
14877 7.273672e-11
14878 7.272577e-11
14879 7.271482e-11
14880 7.270388e-11
14881 7.269294e-11
14882 7.268199e-11
14883 7.267106e-11
14884 7.266012e-11
14885 7.264919e-11
14886 7.263826e-11
14887 7.262733e-11
14888 7.261640e-11
14889 7.260548e-11
14890 7.259456e-11
14891 7.258364e-11
14892 7.257272e-11
14893 7.256181e-11
14894 7.255089e-11
14895 7.253998e-11
14896 7.252908e-11
14897 7.251817e-11
14898 7.250727e-11
14899 7.249637e-11
14900 7.248547e-11
14901 7.247458e-11
14902 7.246368e-11
14903 7.245279e-11
14904 7.244190e-11
14905 7.243102e-11
14906 7.242013e-11
14907 7.240925e-11
14908 7.239837e-11
14909 7.238750e-11
14910 7.237662e-11
14911 7.236575e-11
14912 7.235488e-11
14913 7.234402e-11
14914 7.233315e-11
14915 7.232229e-11
14916 7.231143e-11
14917 7.230057e-11
14918 7.228972e-11
14919 7.227886e-11
14920 7.226801e-11
14921 7.225716e-11
14922 7.224632e-11
14923 7.223548e-11
14924 7.222463e-11
14925 7.221380e-11
14926 7.220296e-11
14927 7.219213e-11
14928 7.218129e-11
14929 7.217046e-11
14930 7.215964e-11
14931 7.214881e-11
14932 7.213799e-11
14933 7.212717e-11
14934 7.211635e-11
14935 7.210554e-11
14936 7.209472e-11
14937 7.208391e-11
14938 7.207310e-11
14939 7.206229e-11
14940 7.205148e-11
14941 7.204068e-11
14942 7.202988e-11
14943 7.201908e-11
14944 7.200828e-11
14945 7.199748e-11
14946 7.198669e-11
14947 7.197590e-11
14948 7.196511e-11
14949 7.195432e-11
14950 7.194354e-11
14951 7.193276e-11
14952 7.192198e-11
14953 7.191120e-11
14954 7.190042e-11
14955 7.188965e-11
14956 7.187888e-11
14957 7.186811e-11
14958 7.185735e-11
14959 7.184658e-11
14960 7.183582e-11
14961 7.182507e-11
14962 7.181431e-11
14963 7.180356e-11
14964 7.179280e-11
14965 7.178205e-11
14966 7.177131e-11
14967 7.176056e-11
14968 7.174982e-11
14969 7.173908e-11
14970 7.172834e-11
14971 7.171761e-11
14972 7.170688e-11
14973 7.169615e-11
14974 7.168542e-11
14975 7.167469e-11
14976 7.166397e-11
14977 7.165325e-11
14978 7.164253e-11
14979 7.163181e-11
14980 7.162110e-11
14981 7.161038e-11
14982 7.159967e-11
14983 7.158897e-11
14984 7.157826e-11
14985 7.156756e-11
14986 7.155686e-11
14987 7.154616e-11
14988 7.153547e-11
14989 7.152477e-11
14990 7.151408e-11
14991 7.150339e-11
14992 7.149271e-11
14993 7.148202e-11
14994 7.147134e-11
14995 7.146066e-11
14996 7.144998e-11
14997 7.143931e-11
14998 7.142863e-11
14999 7.141796e-11
15000 7.140730e-11
15001 7.139663e-11
15002 7.138597e-11
15003 7.137531e-11
15004 7.136465e-11
15005 7.135399e-11
15006 7.134334e-11
15007 7.133268e-11
15008 7.132203e-11
15009 7.131139e-11
15010 7.130074e-11
15011 7.129010e-11
15012 7.127946e-11
15013 7.126882e-11
15014 7.125818e-11
15015 7.124755e-11
15016 7.123692e-11
15017 7.122629e-11
15018 7.121566e-11
15019 7.120504e-11
15020 7.119442e-11
15021 7.118380e-11
15022 7.117318e-11
15023 7.116256e-11
15024 7.115195e-11
15025 7.114134e-11
15026 7.113073e-11
15027 7.112013e-11
15028 7.110952e-11
15029 7.109892e-11
15030 7.108832e-11
15031 7.107772e-11
15032 7.106713e-11
15033 7.105654e-11
15034 7.104595e-11
15035 7.103536e-11
15036 7.102477e-11
15037 7.101419e-11
15038 7.100361e-11
15039 7.099303e-11
15040 7.098246e-11
15041 7.097188e-11
15042 7.096131e-11
15043 7.095074e-11
15044 7.094017e-11
15045 7.092961e-11
15046 7.091904e-11
15047 7.090848e-11
15048 7.089793e-11
15049 7.088737e-11
15050 7.087682e-11
15051 7.086626e-11
15052 7.085572e-11
15053 7.084517e-11
15054 7.083462e-11
15055 7.082408e-11
15056 7.081354e-11
15057 7.080300e-11
15058 7.079247e-11
15059 7.078194e-11
15060 7.077140e-11
15061 7.076088e-11
15062 7.075035e-11
15063 7.073983e-11
15064 7.072930e-11
15065 7.071878e-11
15066 7.070827e-11
15067 7.069775e-11
15068 7.068724e-11
15069 7.067673e-11
15070 7.066622e-11
15071 7.065571e-11
15072 7.064520e-11
15073 7.063470e-11
15074 7.062419e-11
15075 7.061369e-11
15076 7.060319e-11
15077 7.059270e-11
15078 7.058220e-11
15079 7.057171e-11
15080 7.056122e-11
15081 7.055073e-11
15082 7.054025e-11
15083 7.052976e-11
15084 7.051928e-11
15085 7.050881e-11
15086 7.049833e-11
15087 7.048786e-11
15088 7.047738e-11
15089 7.046691e-11
15090 7.045645e-11
15091 7.044598e-11
15092 7.043552e-11
15093 7.042506e-11
15094 7.041460e-11
15095 7.040415e-11
15096 7.039369e-11
15097 7.038324e-11
15098 7.037279e-11
15099 7.036234e-11
15100 7.035190e-11
15101 7.034146e-11
15102 7.033102e-11
15103 7.032058e-11
15104 7.031014e-11
15105 7.029971e-11
15106 7.028928e-11
15107 7.027885e-11
15108 7.026842e-11
15109 7.025800e-11
15110 7.024758e-11
15111 7.023716e-11
15112 7.022674e-11
15113 7.021632e-11
15114 7.020591e-11
15115 7.019550e-11
15116 7.018509e-11
15117 7.017468e-11
15118 7.016428e-11
15119 7.015388e-11
15120 7.014348e-11
15121 7.013308e-11
15122 7.012268e-11
15123 7.011229e-11
15124 7.010190e-11
15125 7.009151e-11
15126 7.008112e-11
15127 7.007074e-11
15128 7.006036e-11
15129 7.004998e-11
15130 7.003960e-11
15131 7.002922e-11
15132 7.001885e-11
15133 7.000848e-11
15134 6.999811e-11
15135 6.998774e-11
15136 6.997738e-11
15137 6.996702e-11
15138 6.995666e-11
15139 6.994630e-11
15140 6.993595e-11
15141 6.992559e-11
15142 6.991524e-11
15143 6.990489e-11
15144 6.989455e-11
15145 6.988420e-11
15146 6.987386e-11
15147 6.986352e-11
15148 6.985318e-11
15149 6.984285e-11
15150 6.983251e-11
15151 6.982218e-11
15152 6.981185e-11
15153 6.980153e-11
15154 6.979120e-11
15155 6.978088e-11
15156 6.977056e-11
15157 6.976024e-11
15158 6.974992e-11
15159 6.973961e-11
15160 6.972930e-11
15161 6.971899e-11
15162 6.970868e-11
15163 6.969838e-11
15164 6.968808e-11
15165 6.967778e-11
15166 6.966748e-11
15167 6.965718e-11
15168 6.964689e-11
15169 6.963660e-11
15170 6.962631e-11
15171 6.961602e-11
15172 6.960574e-11
15173 6.959545e-11
15174 6.958517e-11
15175 6.957490e-11
15176 6.956462e-11
15177 6.955435e-11
15178 6.954407e-11
15179 6.953380e-11
15180 6.952354e-11
15181 6.951327e-11
15182 6.950301e-11
15183 6.949275e-11
15184 6.948249e-11
15185 6.947223e-11
15186 6.946198e-11
15187 6.945173e-11
15188 6.944148e-11
15189 6.943123e-11
15190 6.942098e-11
15191 6.941074e-11
15192 6.940050e-11
15193 6.939026e-11
15194 6.938003e-11
15195 6.936979e-11
15196 6.935956e-11
15197 6.934933e-11
15198 6.933910e-11
15199 6.932887e-11
15200 6.931865e-11
15201 6.930843e-11
15202 6.929821e-11
15203 6.928799e-11
15204 6.927778e-11
15205 6.926756e-11
15206 6.925735e-11
15207 6.924713e-11
15208 6.923692e-11
15209 6.922672e-11
15210 6.921651e-11
15211 6.920631e-11
15212 6.919611e-11
15213 6.918591e-11
15214 6.917571e-11
15215 6.916552e-11
15216 6.915532e-11
15217 6.914513e-11
15218 6.913495e-11
15219 6.912476e-11
15220 6.911458e-11
15221 6.910439e-11
15222 6.909421e-11
15223 6.908404e-11
15224 6.907386e-11
15225 6.906369e-11
15226 6.905352e-11
15227 6.904335e-11
15228 6.903318e-11
15229 6.902302e-11
15230 6.901286e-11
15231 6.900270e-11
15232 6.899254e-11
15233 6.898238e-11
15234 6.897223e-11
15235 6.896208e-11
15236 6.895193e-11
15237 6.894178e-11
15238 6.893164e-11
15239 6.892150e-11
15240 6.891135e-11
15241 6.890122e-11
15242 6.889108e-11
15243 6.888095e-11
15244 6.887081e-11
15245 6.886068e-11
15246 6.885056e-11
15247 6.884043e-11
15248 6.883031e-11
15249 6.882019e-11
15250 6.881007e-11
15251 6.879995e-11
15252 6.878984e-11
15253 6.877972e-11
15254 6.876961e-11
15255 6.875951e-11
15256 6.874940e-11
15257 6.873930e-11
15258 6.872919e-11
15259 6.871909e-11
15260 6.870900e-11
15261 6.869890e-11
15262 6.868881e-11
15263 6.867872e-11
15264 6.866863e-11
15265 6.865854e-11
15266 6.864846e-11
15267 6.863837e-11
15268 6.862829e-11
15269 6.861822e-11
15270 6.860814e-11
15271 6.859807e-11
15272 6.858799e-11
15273 6.857792e-11
15274 6.856786e-11
15275 6.855779e-11
15276 6.854773e-11
15277 6.853767e-11
15278 6.852761e-11
15279 6.851755e-11
15280 6.850750e-11
15281 6.849744e-11
15282 6.848739e-11
15283 6.847735e-11
15284 6.846730e-11
15285 6.845726e-11
15286 6.844721e-11
15287 6.843717e-11
15288 6.842714e-11
15289 6.841710e-11
15290 6.840707e-11
15291 6.839704e-11
15292 6.838701e-11
15293 6.837698e-11
15294 6.836695e-11
15295 6.835693e-11
15296 6.834691e-11
15297 6.833689e-11
15298 6.832688e-11
15299 6.831686e-11
15300 6.830685e-11
15301 6.829684e-11
15302 6.828683e-11
15303 6.827683e-11
15304 6.826682e-11
15305 6.825682e-11
15306 6.824682e-11
15307 6.823682e-11
15308 6.822683e-11
15309 6.821684e-11
15310 6.820685e-11
15311 6.819686e-11
15312 6.818687e-11
15313 6.817689e-11
15314 6.816690e-11
15315 6.815692e-11
15316 6.814694e-11
15317 6.813697e-11
15318 6.812699e-11
15319 6.811702e-11
15320 6.810705e-11
15321 6.809708e-11
15322 6.808712e-11
15323 6.807716e-11
15324 6.806719e-11
15325 6.805723e-11
15326 6.804728e-11
15327 6.803732e-11
15328 6.802737e-11
15329 6.801742e-11
15330 6.800747e-11
15331 6.799752e-11
15332 6.798758e-11
15333 6.797764e-11
15334 6.796770e-11
15335 6.795776e-11
15336 6.794782e-11
15337 6.793789e-11
15338 6.792796e-11
15339 6.791802e-11
15340 6.790809e-11
15341 6.789816e-11
15342 6.788824e-11
15343 6.787831e-11
15344 6.786839e-11
15345 6.785847e-11
15346 6.784855e-11
15347 6.783863e-11
15348 6.782872e-11
15349 6.781881e-11
15350 6.780890e-11
15351 6.779899e-11
15352 6.778908e-11
15353 6.777918e-11
15354 6.776927e-11
15355 6.775938e-11
15356 6.774948e-11
15357 6.773958e-11
15358 6.772969e-11
15359 6.771980e-11
15360 6.770991e-11
15361 6.770002e-11
15362 6.769013e-11
15363 6.768025e-11
15364 6.767037e-11
15365 6.766049e-11
15366 6.765061e-11
15367 6.764074e-11
15368 6.763087e-11
15369 6.762100e-11
15370 6.761113e-11
15371 6.760126e-11
15372 6.759140e-11
15373 6.758153e-11
15374 6.757167e-11
15375 6.756182e-11
15376 6.755196e-11
15377 6.754211e-11
15378 6.753225e-11
15379 6.752240e-11
15380 6.751256e-11
15381 6.750271e-11
15382 6.749287e-11
15383 6.748302e-11
15384 6.747319e-11
15385 6.746335e-11
15386 6.745351e-11
15387 6.744368e-11
15388 6.743385e-11
15389 6.742402e-11
15390 6.741419e-11
15391 6.740437e-11
15392 6.739454e-11
15393 6.738472e-11
15394 6.737490e-11
15395 6.736509e-11
15396 6.735527e-11
15397 6.734546e-11
15398 6.733565e-11
15399 6.732584e-11
15400 6.731604e-11
15401 6.730623e-11
15402 6.729643e-11
15403 6.728663e-11
15404 6.727683e-11
15405 6.726703e-11
15406 6.725724e-11
15407 6.724745e-11
15408 6.723766e-11
15409 6.722787e-11
15410 6.721809e-11
15411 6.720830e-11
15412 6.719852e-11
15413 6.718874e-11
15414 6.717896e-11
15415 6.716919e-11
15416 6.715941e-11
15417 6.714964e-11
15418 6.713987e-11
15419 6.713011e-11
15420 6.712034e-11
15421 6.711058e-11
15422 6.710082e-11
15423 6.709106e-11
15424 6.708130e-11
15425 6.707155e-11
15426 6.706179e-11
15427 6.705204e-11
15428 6.704229e-11
15429 6.703255e-11
15430 6.702280e-11
15431 6.701306e-11
15432 6.700332e-11
15433 6.699358e-11
15434 6.698384e-11
15435 6.697411e-11
15436 6.696438e-11
15437 6.695465e-11
15438 6.694492e-11
15439 6.693519e-11
15440 6.692547e-11
15441 6.691575e-11
15442 6.690603e-11
15443 6.689631e-11
15444 6.688659e-11
15445 6.687688e-11
15446 6.686717e-11
15447 6.685746e-11
15448 6.684775e-11
15449 6.683804e-11
15450 6.682834e-11
15451 6.681864e-11
15452 6.680894e-11
15453 6.679924e-11
15454 6.678954e-11
15455 6.677985e-11
15456 6.677016e-11
15457 6.676047e-11
15458 6.675078e-11
15459 6.674109e-11
15460 6.673141e-11
15461 6.672173e-11
15462 6.671205e-11
15463 6.670237e-11
15464 6.669270e-11
15465 6.668302e-11
15466 6.667335e-11
15467 6.666368e-11
15468 6.665402e-11
15469 6.664435e-11
15470 6.663469e-11
15471 6.662503e-11
15472 6.661537e-11
15473 6.660571e-11
15474 6.659606e-11
15475 6.658640e-11
15476 6.657675e-11
15477 6.656710e-11
15478 6.655745e-11
15479 6.654780e-11
15480 6.653815e-11
15481 6.652851e-11
15482 6.651886e-11
15483 6.650922e-11
15484 6.649958e-11
15485 6.648995e-11
15486 6.648031e-11
15487 6.647068e-11
15488 6.646105e-11
15489 6.645142e-11
15490 6.644180e-11
15491 6.643217e-11
15492 6.642255e-11
15493 6.641293e-11
15494 6.640331e-11
15495 6.639370e-11
15496 6.638408e-11
15497 6.637447e-11
15498 6.636486e-11
15499 6.635525e-11
15500 6.634565e-11
15501 6.633604e-11
15502 6.632644e-11
15503 6.631684e-11
15504 6.630724e-11
15505 6.629765e-11
15506 6.628805e-11
15507 6.627846e-11
15508 6.626887e-11
15509 6.625928e-11
15510 6.624970e-11
15511 6.624011e-11
15512 6.623053e-11
15513 6.622095e-11
15514 6.621137e-11
15515 6.620180e-11
15516 6.619222e-11
15517 6.618265e-11
15518 6.617308e-11
15519 6.616351e-11
15520 6.615395e-11
15521 6.614438e-11
15522 6.613482e-11
15523 6.612526e-11
15524 6.611570e-11
15525 6.610615e-11
15526 6.609659e-11
15527 6.608704e-11
15528 6.607749e-11
15529 6.606794e-11
15530 6.605840e-11
15531 6.604885e-11
15532 6.603931e-11
15533 6.602977e-11
15534 6.602023e-11
15535 6.601070e-11
15536 6.600116e-11
15537 6.599163e-11
15538 6.598210e-11
15539 6.597257e-11
15540 6.596305e-11
15541 6.595352e-11
15542 6.594400e-11
15543 6.593448e-11
15544 6.592496e-11
15545 6.591544e-11
15546 6.590593e-11
15547 6.589642e-11
15548 6.588691e-11
15549 6.587740e-11
15550 6.586789e-11
15551 6.585839e-11
15552 6.584889e-11
15553 6.583939e-11
15554 6.582989e-11
15555 6.582039e-11
15556 6.581090e-11
15557 6.580141e-11
15558 6.579192e-11
15559 6.578243e-11
15560 6.577294e-11
15561 6.576346e-11
15562 6.575397e-11
15563 6.574449e-11
15564 6.573501e-11
15565 6.572554e-11
15566 6.571606e-11
15567 6.570659e-11
15568 6.569712e-11
15569 6.568765e-11
15570 6.567818e-11
15571 6.566872e-11
15572 6.565926e-11
15573 6.564980e-11
15574 6.564034e-11
15575 6.563088e-11
15576 6.562143e-11
15577 6.561197e-11
15578 6.560252e-11
15579 6.559307e-11
15580 6.558363e-11
15581 6.557418e-11
15582 6.556474e-11
15583 6.555530e-11
15584 6.554586e-11
15585 6.553642e-11
15586 6.552699e-11
15587 6.551755e-11
15588 6.550812e-11
15589 6.549869e-11
15590 6.548926e-11
15591 6.547984e-11
15592 6.547042e-11
15593 6.546099e-11
15594 6.545157e-11
15595 6.544216e-11
15596 6.543274e-11
15597 6.542333e-11
15598 6.541392e-11
15599 6.540451e-11
15600 6.539510e-11
15601 6.538569e-11
15602 6.537629e-11
15603 6.536689e-11
15604 6.535749e-11
15605 6.534809e-11
15606 6.533869e-11
15607 6.532930e-11
15608 6.531991e-11
15609 6.531052e-11
15610 6.530113e-11
15611 6.529174e-11
15612 6.528236e-11
15613 6.527297e-11
15614 6.526359e-11
15615 6.525421e-11
15616 6.524483e-11
15617 6.523545e-11
15618 6.522607e-11
15619 6.521670e-11
15620 6.520733e-11
15621 6.519796e-11
15622 6.518859e-11
15623 6.517922e-11
15624 6.516986e-11
15625 6.516050e-11
15626 6.515114e-11
15627 6.514178e-11
15628 6.513242e-11
15629 6.512307e-11
15630 6.511372e-11
15631 6.510436e-11
15632 6.509502e-11
15633 6.508567e-11
15634 6.507632e-11
15635 6.506698e-11
15636 6.505764e-11
15637 6.504830e-11
15638 6.503896e-11
15639 6.502963e-11
15640 6.502030e-11
15641 6.501097e-11
15642 6.500164e-11
15643 6.499231e-11
15644 6.498298e-11
15645 6.497366e-11
15646 6.496434e-11
15647 6.495502e-11
15648 6.494570e-11
15649 6.493638e-11
15650 6.492707e-11
15651 6.491776e-11
15652 6.490845e-11
15653 6.489914e-11
15654 6.488983e-11
15655 6.488053e-11
15656 6.487123e-11
15657 6.486193e-11
15658 6.485263e-11
15659 6.484333e-11
15660 6.483404e-11
15661 6.482475e-11
15662 6.481545e-11
15663 6.480617e-11
15664 6.479688e-11
15665 6.478759e-11
15666 6.477831e-11
15667 6.476903e-11
15668 6.475975e-11
15669 6.475047e-11
15670 6.474120e-11
15671 6.473193e-11
15672 6.472265e-11
15673 6.471338e-11
15674 6.470412e-11
15675 6.469485e-11
15676 6.468559e-11
15677 6.467632e-11
15678 6.466706e-11
15679 6.465781e-11
15680 6.464855e-11
15681 6.463930e-11
15682 6.463004e-11
15683 6.462079e-11
15684 6.461155e-11
15685 6.460230e-11
15686 6.459305e-11
15687 6.458381e-11
15688 6.457457e-11
15689 6.456533e-11
15690 6.455609e-11
15691 6.454686e-11
15692 6.453763e-11
15693 6.452839e-11
15694 6.451917e-11
15695 6.450994e-11
15696 6.450071e-11
15697 6.449149e-11
15698 6.448227e-11
15699 6.447305e-11
15700 6.446383e-11
15701 6.445461e-11
15702 6.444540e-11
15703 6.443619e-11
15704 6.442698e-11
15705 6.441777e-11
15706 6.440856e-11
15707 6.439936e-11
15708 6.439015e-11
15709 6.438095e-11
15710 6.437175e-11
15711 6.436256e-11
15712 6.435336e-11
15713 6.434417e-11
15714 6.433498e-11
15715 6.432579e-11
15716 6.431660e-11
15717 6.430741e-11
15718 6.429823e-11
15719 6.428905e-11
15720 6.427987e-11
15721 6.427069e-11
15722 6.426151e-11
15723 6.425234e-11
15724 6.424317e-11
15725 6.423400e-11
15726 6.422483e-11
15727 6.421566e-11
15728 6.420650e-11
15729 6.419733e-11
15730 6.418817e-11
15731 6.417901e-11
15732 6.416986e-11
15733 6.416070e-11
15734 6.415155e-11
15735 6.414240e-11
15736 6.413325e-11
15737 6.412410e-11
15738 6.411495e-11
15739 6.410581e-11
15740 6.409667e-11
15741 6.408753e-11
15742 6.407839e-11
15743 6.406925e-11
15744 6.406012e-11
15745 6.405098e-11
15746 6.404185e-11
15747 6.403272e-11
15748 6.402360e-11
15749 6.401447e-11
15750 6.400535e-11
15751 6.399623e-11
15752 6.398711e-11
15753 6.397798e-11
15754 6.396887e-11
15755 6.395975e-11
15756 6.395063e-11
15757 6.394152e-11
15758 6.393241e-11
15759 6.392330e-11
15760 6.391419e-11
15761 6.390509e-11
15762 6.389598e-11
15763 6.388688e-11
15764 6.387778e-11
15765 6.386868e-11
15766 6.385958e-11
15767 6.385049e-11
15768 6.384140e-11
15769 6.383231e-11
15770 6.382322e-11
15771 6.381413e-11
15772 6.380504e-11
15773 6.379596e-11
15774 6.378688e-11
15775 6.377780e-11
15776 6.376872e-11
15777 6.375965e-11
15778 6.375057e-11
15779 6.374150e-11
15780 6.373243e-11
15781 6.372336e-11
15782 6.371429e-11
15783 6.370523e-11
15784 6.369617e-11
15785 6.368711e-11
15786 6.367805e-11
15787 6.366899e-11
15788 6.365993e-11
15789 6.365088e-11
15790 6.364183e-11
15791 6.363278e-11
15792 6.362373e-11
15793 6.361468e-11
15794 6.360564e-11
15795 6.359660e-11
15796 6.358756e-11
15797 6.357852e-11
15798 6.356948e-11
15799 6.356045e-11
15800 6.355141e-11
15801 6.354238e-11
15802 6.353335e-11
15803 6.352433e-11
15804 6.351530e-11
15805 6.350628e-11
15806 6.349725e-11
15807 6.348823e-11
15808 6.347922e-11
15809 6.347020e-11
15810 6.346118e-11
15811 6.345217e-11
15812 6.344316e-11
15813 6.343415e-11
15814 6.342514e-11
15815 6.341614e-11
15816 6.340714e-11
15817 6.339813e-11
15818 6.338913e-11
15819 6.338014e-11
15820 6.337114e-11
15821 6.336215e-11
15822 6.335315e-11
15823 6.334416e-11
15824 6.333517e-11
15825 6.332619e-11
15826 6.331720e-11
15827 6.330822e-11
15828 6.329924e-11
15829 6.329026e-11
15830 6.328128e-11
15831 6.327231e-11
15832 6.326333e-11
15833 6.325436e-11
15834 6.324539e-11
15835 6.323642e-11
15836 6.322745e-11
15837 6.321849e-11
15838 6.320953e-11
15839 6.320056e-11
15840 6.319161e-11
15841 6.318265e-11
15842 6.317369e-11
15843 6.316474e-11
15844 6.315579e-11
15845 6.314684e-11
15846 6.313789e-11
15847 6.312894e-11
15848 6.312000e-11
15849 6.311105e-11
15850 6.310211e-11
15851 6.309317e-11
15852 6.308424e-11
15853 6.307530e-11
15854 6.306637e-11
15855 6.305744e-11
15856 6.304851e-11
15857 6.303958e-11
15858 6.303065e-11
15859 6.302173e-11
15860 6.301280e-11
15861 6.300388e-11
15862 6.299496e-11
15863 6.298605e-11
15864 6.297713e-11
15865 6.296822e-11
15866 6.295931e-11
15867 6.295040e-11
15868 6.294149e-11
15869 6.293258e-11
15870 6.292368e-11
15871 6.291478e-11
15872 6.290587e-11
15873 6.289698e-11
15874 6.288808e-11
15875 6.287918e-11
15876 6.287029e-11
15877 6.286140e-11
15878 6.285251e-11
15879 6.284362e-11
15880 6.283473e-11
15881 6.282585e-11
15882 6.281697e-11
15883 6.280809e-11
15884 6.279921e-11
15885 6.279033e-11
15886 6.278145e-11
15887 6.277258e-11
15888 6.276371e-11
15889 6.275484e-11
15890 6.274597e-11
15891 6.273710e-11
15892 6.272824e-11
15893 6.271937e-11
15894 6.271051e-11
15895 6.270165e-11
15896 6.269279e-11
15897 6.268393e-11
15898 6.267507e-11
15899 6.266622e-11
15900 6.265736e-11
15901 6.264851e-11
15902 6.263966e-11
15903 6.263081e-11
15904 6.262197e-11
15905 6.261312e-11
15906 6.260428e-11
15907 6.259544e-11
15908 6.258660e-11
15909 6.257777e-11
15910 6.256893e-11
15911 6.256010e-11
15912 6.255127e-11
15913 6.254244e-11
15914 6.253361e-11
15915 6.252478e-11
15916 6.251596e-11
15917 6.250714e-11
15918 6.249832e-11
15919 6.248950e-11
15920 6.248068e-11
15921 6.247186e-11
15922 6.246305e-11
15923 6.245424e-11
15924 6.244543e-11
15925 6.243662e-11
15926 6.242782e-11
15927 6.241901e-11
15928 6.241021e-11
15929 6.240141e-11
15930 6.239261e-11
15931 6.238381e-11
15932 6.237502e-11
15933 6.236622e-11
15934 6.235743e-11
15935 6.234864e-11
15936 6.233985e-11
15937 6.233107e-11
15938 6.232228e-11
15939 6.231350e-11
15940 6.230472e-11
15941 6.229594e-11
15942 6.228716e-11
15943 6.227838e-11
15944 6.226961e-11
15945 6.226084e-11
15946 6.225207e-11
15947 6.224330e-11
15948 6.223453e-11
15949 6.222577e-11
15950 6.221700e-11
15951 6.220824e-11
15952 6.219948e-11
15953 6.219072e-11
15954 6.218197e-11
15955 6.217321e-11
15956 6.216446e-11
15957 6.215571e-11
15958 6.214696e-11
15959 6.213821e-11
15960 6.212947e-11
15961 6.212072e-11
15962 6.211198e-11
15963 6.210324e-11
15964 6.209450e-11
15965 6.208577e-11
15966 6.207703e-11
15967 6.206830e-11
15968 6.205957e-11
15969 6.205084e-11
15970 6.204211e-11
15971 6.203339e-11
15972 6.202466e-11
15973 6.201594e-11
15974 6.200722e-11
15975 6.199850e-11
15976 6.198978e-11
15977 6.198107e-11
15978 6.197235e-11
15979 6.196364e-11
15980 6.195493e-11
15981 6.194622e-11
15982 6.193752e-11
15983 6.192881e-11
15984 6.192011e-11
15985 6.191141e-11
15986 6.190271e-11
15987 6.189401e-11
15988 6.188532e-11
15989 6.187662e-11
15990 6.186793e-11
15991 6.185924e-11
15992 6.185055e-11
15993 6.184186e-11
15994 6.183318e-11
15995 6.182449e-11
15996 6.181581e-11
15997 6.180713e-11
15998 6.179845e-11
15999 6.178978e-11
16000 6.178110e-11
16001 6.177243e-11
16002 6.176376e-11
16003 6.175509e-11
16004 6.174642e-11
16005 6.173776e-11
16006 6.172909e-11
16007 6.172043e-11
16008 6.171177e-11
16009 6.170311e-11
16010 6.169445e-11
16011 6.168580e-11
16012 6.167714e-11
16013 6.166849e-11
16014 6.165984e-11
16015 6.165119e-11
16016 6.164255e-11
16017 6.163390e-11
16018 6.162526e-11
16019 6.161662e-11
16020 6.160798e-11
16021 6.159934e-11
16022 6.159070e-11
16023 6.158207e-11
16024 6.157344e-11
16025 6.156481e-11
16026 6.155618e-11
16027 6.154755e-11
16028 6.153892e-11
16029 6.153030e-11
16030 6.152168e-11
16031 6.151306e-11
16032 6.150444e-11
16033 6.149582e-11
16034 6.148720e-11
16035 6.147859e-11
16036 6.146997e-11
16037 6.146136e-11
16038 6.145275e-11
16039 6.144414e-11
16040 6.143553e-11
16041 6.142692e-11
16042 6.141832e-11
16043 6.140972e-11
16044 6.140112e-11
16045 6.139252e-11
16046 6.138392e-11
16047 6.137533e-11
16048 6.136673e-11
16049 6.135814e-11
16050 6.134955e-11
16051 6.134096e-11
16052 6.133238e-11
16053 6.132379e-11
16054 6.131521e-11
16055 6.130663e-11
16056 6.129805e-11
16057 6.128947e-11
16058 6.128089e-11
16059 6.127232e-11
16060 6.126374e-11
16061 6.125517e-11
16062 6.124660e-11
16063 6.123804e-11
16064 6.122947e-11
16065 6.122091e-11
16066 6.121234e-11
16067 6.120378e-11
16068 6.119522e-11
16069 6.118667e-11
16070 6.117811e-11
16071 6.116956e-11
16072 6.116100e-11
16073 6.115245e-11
16074 6.114391e-11
16075 6.113536e-11
16076 6.112681e-11
16077 6.111827e-11
16078 6.110973e-11
16079 6.110119e-11
16080 6.109265e-11
16081 6.108411e-11
16082 6.107558e-11
16083 6.106705e-11
16084 6.105851e-11
16085 6.104999e-11
16086 6.104146e-11
16087 6.103293e-11
16088 6.102441e-11
16089 6.101588e-11
16090 6.100736e-11
16091 6.099884e-11
16092 6.099033e-11
16093 6.098181e-11
16094 6.097330e-11
16095 6.096478e-11
16096 6.095627e-11
16097 6.094776e-11
16098 6.093926e-11
16099 6.093075e-11
16100 6.092225e-11
16101 6.091374e-11
16102 6.090524e-11
16103 6.089675e-11
16104 6.088825e-11
16105 6.087975e-11
16106 6.087126e-11
16107 6.086277e-11
16108 6.085428e-11
16109 6.084579e-11
16110 6.083730e-11
16111 6.082882e-11
16112 6.082033e-11
16113 6.081185e-11
16114 6.080337e-11
16115 6.079489e-11
16116 6.078642e-11
16117 6.077794e-11
16118 6.076947e-11
16119 6.076100e-11
16120 6.075253e-11
16121 6.074406e-11
16122 6.073559e-11
16123 6.072713e-11
16124 6.071867e-11
16125 6.071021e-11
16126 6.070175e-11
16127 6.069329e-11
16128 6.068483e-11
16129 6.067638e-11
16130 6.066793e-11
16131 6.065948e-11
16132 6.065103e-11
16133 6.064258e-11
16134 6.063413e-11
16135 6.062569e-11
16136 6.061725e-11
16137 6.060881e-11
16138 6.060037e-11
16139 6.059193e-11
16140 6.058349e-11
16141 6.057506e-11
16142 6.056663e-11
16143 6.055820e-11
16144 6.054977e-11
16145 6.054134e-11
16146 6.053292e-11
16147 6.052449e-11
16148 6.051607e-11
16149 6.050765e-11
16150 6.049923e-11
16151 6.049081e-11
16152 6.048240e-11
16153 6.047398e-11
16154 6.046557e-11
16155 6.045716e-11
16156 6.044875e-11
16157 6.044035e-11
16158 6.043194e-11
16159 6.042354e-11
16160 6.041514e-11
16161 6.040674e-11
16162 6.039834e-11
16163 6.038994e-11
16164 6.038155e-11
16165 6.037315e-11
16166 6.036476e-11
16167 6.035637e-11
16168 6.034798e-11
16169 6.033960e-11
16170 6.033121e-11
16171 6.032283e-11
16172 6.031445e-11
16173 6.030607e-11
16174 6.029769e-11
16175 6.028931e-11
16176 6.028093e-11
16177 6.027256e-11
16178 6.026418e-11
16179 6.025581e-11
16180 6.024744e-11
16181 6.023907e-11
16182 6.023070e-11
16183 6.022234e-11
16184 6.021397e-11
16185 6.020561e-11
16186 6.019725e-11
16187 6.018889e-11
16188 6.018053e-11
16189 6.017218e-11
16190 6.016382e-11
16191 6.015547e-11
16192 6.014712e-11
16193 6.013877e-11
16194 6.013042e-11
16195 6.012208e-11
16196 6.011373e-11
16197 6.010539e-11
16198 6.009705e-11
16199 6.008871e-11
16200 6.008037e-11
16201 6.007204e-11
16202 6.006371e-11
16203 6.005537e-11
16204 6.004704e-11
16205 6.003871e-11
16206 6.003039e-11
16207 6.002206e-11
16208 6.001374e-11
16209 6.000541e-11
16210 5.999709e-11
16211 5.998877e-11
16212 5.998046e-11
16213 5.997214e-11
16214 5.996383e-11
16215 5.995551e-11
16216 5.994720e-11
16217 5.993889e-11
16218 5.993059e-11
16219 5.992228e-11
16220 5.991398e-11
16221 5.990568e-11
16222 5.989737e-11
16223 5.988908e-11
16224 5.988078e-11
16225 5.987248e-11
16226 5.986419e-11
16227 5.985590e-11
16228 5.984760e-11
16229 5.983932e-11
16230 5.983103e-11
16231 5.982274e-11
16232 5.981446e-11
16233 5.980618e-11
16234 5.979790e-11
16235 5.978962e-11
16236 5.978134e-11
16237 5.977306e-11
16238 5.976479e-11
16239 5.975652e-11
16240 5.974825e-11
16241 5.973998e-11
16242 5.973171e-11
16243 5.972344e-11
16244 5.971518e-11
16245 5.970692e-11
16246 5.969865e-11
16247 5.969040e-11
16248 5.968214e-11
16249 5.967388e-11
16250 5.966563e-11
16251 5.965737e-11
16252 5.964912e-11
16253 5.964087e-11
16254 5.963263e-11
16255 5.962438e-11
16256 5.961614e-11
16257 5.960789e-11
16258 5.959965e-11
16259 5.959141e-11
16260 5.958317e-11
16261 5.957494e-11
16262 5.956670e-11
16263 5.955847e-11
16264 5.955024e-11
16265 5.954201e-11
16266 5.953378e-11
16267 5.952556e-11
16268 5.951733e-11
16269 5.950911e-11
16270 5.950089e-11
16271 5.949267e-11
16272 5.948445e-11
16273 5.947623e-11
16274 5.946802e-11
16275 5.945980e-11
16276 5.945159e-11
16277 5.944338e-11
16278 5.943517e-11
16279 5.942697e-11
16280 5.941876e-11
16281 5.941056e-11
16282 5.940236e-11
16283 5.939416e-11
16284 5.938596e-11
16285 5.937776e-11
16286 5.936957e-11
16287 5.936137e-11
16288 5.935318e-11
16289 5.934499e-11
16290 5.933680e-11
16291 5.932861e-11
16292 5.932043e-11
16293 5.931225e-11
16294 5.930406e-11
16295 5.929588e-11
16296 5.928770e-11
16297 5.927953e-11
16298 5.927135e-11
16299 5.926318e-11
16300 5.925500e-11
16301 5.924683e-11
16302 5.923866e-11
16303 5.923050e-11
16304 5.922233e-11
16305 5.921417e-11
16306 5.920600e-11
16307 5.919784e-11
16308 5.918968e-11
16309 5.918153e-11
16310 5.917337e-11
16311 5.916522e-11
16312 5.915706e-11
16313 5.914891e-11
16314 5.914076e-11
16315 5.913261e-11
16316 5.912447e-11
16317 5.911632e-11
16318 5.910818e-11
16319 5.910004e-11
16320 5.909189e-11
16321 5.908375e-11
16322 5.907561e-11
16323 5.906747e-11
16324 5.905934e-11
16325 5.905120e-11
16326 5.904307e-11
16327 5.903494e-11
16328 5.902681e-11
16329 5.901868e-11
16330 5.901056e-11
16331 5.900243e-11
16332 5.899431e-11
16333 5.898619e-11
16334 5.897807e-11
16335 5.896995e-11
16336 5.896183e-11
16337 5.895372e-11
16338 5.894560e-11
16339 5.893749e-11
16340 5.892938e-11
16341 5.892127e-11
16342 5.891316e-11
16343 5.890506e-11
16344 5.889696e-11
16345 5.888885e-11
16346 5.888075e-11
16347 5.887265e-11
16348 5.886456e-11
16349 5.885646e-11
16350 5.884837e-11
16351 5.884027e-11
16352 5.883218e-11
16353 5.882409e-11
16354 5.881601e-11
16355 5.880792e-11
16356 5.879983e-11
16357 5.879175e-11
16358 5.878367e-11
16359 5.877559e-11
16360 5.876751e-11
16361 5.875944e-11
16362 5.875136e-11
16363 5.874329e-11
16364 5.873522e-11
16365 5.872715e-11
16366 5.871908e-11
16367 5.871101e-11
16368 5.870295e-11
16369 5.869488e-11
16370 5.868682e-11
16371 5.867876e-11
16372 5.867070e-11
16373 5.866264e-11
16374 5.865459e-11
16375 5.864653e-11
16376 5.863848e-11
16377 5.863043e-11
16378 5.862238e-11
16379 5.861433e-11
16380 5.860629e-11
16381 5.859824e-11
16382 5.859020e-11
16383 5.858216e-11
16384 5.857412e-11
16385 5.856608e-11
16386 5.855804e-11
16387 5.855001e-11
16388 5.854197e-11
16389 5.853394e-11
16390 5.852591e-11
16391 5.851788e-11
16392 5.850986e-11
16393 5.850183e-11
16394 5.849381e-11
16395 5.848579e-11
16396 5.847777e-11
16397 5.846975e-11
16398 5.846173e-11
16399 5.845371e-11
16400 5.844570e-11
16401 5.843769e-11
16402 5.842967e-11
16403 5.842167e-11
16404 5.841366e-11
16405 5.840565e-11
16406 5.839765e-11
16407 5.838964e-11
16408 5.838164e-11
16409 5.837364e-11
16410 5.836564e-11
16411 5.835765e-11
16412 5.834965e-11
16413 5.834166e-11
16414 5.833367e-11
16415 5.832567e-11
16416 5.831769e-11
16417 5.830970e-11
16418 5.830171e-11
16419 5.829373e-11
16420 5.828575e-11
16421 5.827776e-11
16422 5.826979e-11
16423 5.826181e-11
16424 5.825383e-11
16425 5.824586e-11
16426 5.823788e-11
16427 5.822991e-11
16428 5.822194e-11
16429 5.821397e-11
16430 5.820601e-11
16431 5.819804e-11
16432 5.819008e-11
16433 5.818212e-11
16434 5.817415e-11
16435 5.816620e-11
16436 5.815824e-11
16437 5.815028e-11
16438 5.814233e-11
16439 5.813438e-11
16440 5.812642e-11
16441 5.811847e-11
16442 5.811053e-11
16443 5.810258e-11
16444 5.809464e-11
16445 5.808669e-11
16446 5.807875e-11
16447 5.807081e-11
16448 5.806287e-11
16449 5.805493e-11
16450 5.804700e-11
16451 5.803907e-11
16452 5.803113e-11
16453 5.802320e-11
16454 5.801527e-11
16455 5.800735e-11
16456 5.799942e-11
16457 5.799150e-11
16458 5.798357e-11
16459 5.797565e-11
16460 5.796773e-11
16461 5.795981e-11
16462 5.795190e-11
16463 5.794398e-11
16464 5.793607e-11
16465 5.792815e-11
16466 5.792024e-11
16467 5.791233e-11
16468 5.790442e-11
16469 5.789651e-11
16470 5.788860e-11
16471 5.788070e-11
16472 5.787279e-11
16473 5.786489e-11
16474 5.785699e-11
16475 5.784909e-11
16476 5.784119e-11
16477 5.783330e-11
16478 5.782540e-11
16479 5.781751e-11
16480 5.780962e-11
16481 5.780173e-11
16482 5.779384e-11
16483 5.778596e-11
16484 5.777807e-11
16485 5.777019e-11
16486 5.776231e-11
16487 5.775443e-11
16488 5.774655e-11
16489 5.773867e-11
16490 5.773079e-11
16491 5.772292e-11
16492 5.771505e-11
16493 5.770718e-11
16494 5.769931e-11
16495 5.769144e-11
16496 5.768357e-11
16497 5.767571e-11
16498 5.766784e-11
16499 5.765998e-11
16500 5.765212e-11
16501 5.764426e-11
16502 5.763641e-11
16503 5.762855e-11
16504 5.762070e-11
16505 5.761285e-11
16506 5.760499e-11
16507 5.759715e-11
16508 5.758930e-11
16509 5.758145e-11
16510 5.757361e-11
16511 5.756576e-11
16512 5.755792e-11
16513 5.755008e-11
16514 5.754224e-11
16515 5.753441e-11
16516 5.752657e-11
16517 5.751874e-11
16518 5.751090e-11
16519 5.750307e-11
16520 5.749524e-11
16521 5.748742e-11
16522 5.747959e-11
16523 5.747177e-11
16524 5.746394e-11
16525 5.745612e-11
16526 5.744830e-11
16527 5.744048e-11
16528 5.743267e-11
16529 5.742485e-11
16530 5.741704e-11
16531 5.740922e-11
16532 5.740141e-11
16533 5.739360e-11
16534 5.738580e-11
16535 5.737799e-11
16536 5.737019e-11
16537 5.736238e-11
16538 5.735458e-11
16539 5.734678e-11
16540 5.733898e-11
16541 5.733119e-11
16542 5.732339e-11
16543 5.731560e-11
16544 5.730780e-11
16545 5.730001e-11
16546 5.729222e-11
16547 5.728444e-11
16548 5.727665e-11
16549 5.726886e-11
16550 5.726108e-11
16551 5.725330e-11
16552 5.724552e-11
16553 5.723774e-11
16554 5.722996e-11
16555 5.722219e-11
16556 5.721441e-11
16557 5.720664e-11
16558 5.719887e-11
16559 5.719110e-11
16560 5.718333e-11
16561 5.717557e-11
16562 5.716780e-11
16563 5.716004e-11
16564 5.715228e-11
16565 5.714452e-11
16566 5.713676e-11
16567 5.712900e-11
16568 5.712124e-11
16569 5.711349e-11
16570 5.710574e-11
16571 5.709799e-11
16572 5.709024e-11
16573 5.708249e-11
16574 5.707474e-11
16575 5.706700e-11
16576 5.705925e-11
16577 5.705151e-11
16578 5.704377e-11
16579 5.703603e-11
16580 5.702829e-11
16581 5.702056e-11
16582 5.701282e-11
16583 5.700509e-11
16584 5.699736e-11
16585 5.698963e-11
16586 5.698190e-11
16587 5.697417e-11
16588 5.696645e-11
16589 5.695872e-11
16590 5.695100e-11
16591 5.694328e-11
16592 5.693556e-11
16593 5.692784e-11
16594 5.692013e-11
16595 5.691241e-11
16596 5.690470e-11
16597 5.689699e-11
16598 5.688928e-11
16599 5.688157e-11
16600 5.687386e-11
16601 5.686615e-11
16602 5.685845e-11
16603 5.685075e-11
16604 5.684305e-11
16605 5.683535e-11
16606 5.682765e-11
16607 5.681995e-11
16608 5.681226e-11
16609 5.680456e-11
16610 5.679687e-11
16611 5.678917e-11
16612 5.678148e-11
16613 5.677379e-11
16614 5.676610e-11
16615 5.675842e-11
16616 5.675073e-11
16617 5.674305e-11
16618 5.673536e-11
16619 5.672768e-11
16620 5.672000e-11
16621 5.671233e-11
16622 5.670465e-11
16623 5.669697e-11
16624 5.668930e-11
16625 5.668163e-11
16626 5.667396e-11
16627 5.666629e-11
16628 5.665862e-11
16629 5.665095e-11
16630 5.664329e-11
16631 5.663563e-11
16632 5.662796e-11
16633 5.662030e-11
16634 5.661264e-11
16635 5.660499e-11
16636 5.659733e-11
16637 5.658968e-11
16638 5.658202e-11
16639 5.657437e-11
16640 5.656672e-11
16641 5.655908e-11
16642 5.655143e-11
16643 5.654378e-11
16644 5.653614e-11
16645 5.652850e-11
16646 5.652086e-11
16647 5.651322e-11
16648 5.650558e-11
16649 5.649794e-11
16650 5.649031e-11
16651 5.648268e-11
16652 5.647504e-11
16653 5.646741e-11
16654 5.645978e-11
16655 5.645216e-11
16656 5.644453e-11
16657 5.643691e-11
16658 5.642928e-11
16659 5.642166e-11
16660 5.641404e-11
16661 5.640642e-11
16662 5.639881e-11
16663 5.639119e-11
16664 5.638358e-11
16665 5.637596e-11
16666 5.636835e-11
16667 5.636074e-11
16668 5.635314e-11
16669 5.634553e-11
16670 5.633792e-11
16671 5.633032e-11
16672 5.632272e-11
16673 5.631512e-11
16674 5.630752e-11
16675 5.629992e-11
16676 5.629232e-11
16677 5.628473e-11
16678 5.627714e-11
16679 5.626954e-11
16680 5.626195e-11
16681 5.625437e-11
16682 5.624678e-11
16683 5.623919e-11
16684 5.623161e-11
16685 5.622403e-11
16686 5.621644e-11
16687 5.620886e-11
16688 5.620129e-11
16689 5.619371e-11
16690 5.618613e-11
16691 5.617856e-11
16692 5.617099e-11
16693 5.616342e-11
16694 5.615585e-11
16695 5.614828e-11
16696 5.614071e-11
16697 5.613315e-11
16698 5.612558e-11
16699 5.611802e-11
16700 5.611046e-11
16701 5.610290e-11
16702 5.609534e-11
16703 5.608779e-11
16704 5.608023e-11
16705 5.607268e-11
16706 5.606513e-11
16707 5.605757e-11
16708 5.605003e-11
16709 5.604248e-11
16710 5.603493e-11
16711 5.602739e-11
16712 5.601984e-11
16713 5.601230e-11
16714 5.600476e-11
16715 5.599722e-11
16716 5.598969e-11
16717 5.598215e-11
16718 5.597462e-11
16719 5.596708e-11
16720 5.595955e-11
16721 5.595202e-11
16722 5.594449e-11
16723 5.593697e-11
16724 5.592944e-11
16725 5.592192e-11
16726 5.591439e-11
16727 5.590687e-11
16728 5.589935e-11
16729 5.589183e-11
16730 5.588432e-11
16731 5.587680e-11
16732 5.586929e-11
16733 5.586178e-11
16734 5.585427e-11
16735 5.584676e-11
16736 5.583925e-11
16737 5.583174e-11
16738 5.582424e-11
16739 5.581673e-11
16740 5.580923e-11
16741 5.580173e-11
16742 5.579423e-11
16743 5.578673e-11
16744 5.577924e-11
16745 5.577174e-11
16746 5.576425e-11
16747 5.575676e-11
16748 5.574926e-11
16749 5.574178e-11
16750 5.573429e-11
16751 5.572680e-11
16752 5.571932e-11
16753 5.571183e-11
16754 5.570435e-11
16755 5.569687e-11
16756 5.568939e-11
16757 5.568191e-11
16758 5.567444e-11
16759 5.566696e-11
16760 5.565948e-11
16761 5.565201e-11
16762 5.564454e-11
16763 5.563707e-11
16764 5.562960e-11
16765 5.562213e-11
16766 5.561466e-11
16767 5.560720e-11
16768 5.559973e-11
16769 5.559227e-11
16770 5.558481e-11
16771 5.557735e-11
16772 5.556989e-11
16773 5.556243e-11
16774 5.555498e-11
16775 5.554752e-11
16776 5.554007e-11
16777 5.553262e-11
16778 5.552517e-11
16779 5.551772e-11
16780 5.551028e-11
16781 5.550283e-11
16782 5.549539e-11
16783 5.548795e-11
16784 5.548050e-11
16785 5.547307e-11
16786 5.546563e-11
16787 5.545819e-11
16788 5.545076e-11
16789 5.544332e-11
16790 5.543589e-11
16791 5.542846e-11
16792 5.542103e-11
16793 5.541360e-11
16794 5.540617e-11
16795 5.539875e-11
16796 5.539133e-11
16797 5.538390e-11
16798 5.537648e-11
16799 5.536906e-11
16800 5.536165e-11
16801 5.535423e-11
16802 5.534681e-11
16803 5.533940e-11
16804 5.533199e-11
16805 5.532458e-11
16806 5.531717e-11
16807 5.530976e-11
16808 5.530236e-11
16809 5.529495e-11
16810 5.528755e-11
16811 5.528014e-11
16812 5.527274e-11
16813 5.526534e-11
16814 5.525795e-11
16815 5.525055e-11
16816 5.524316e-11
16817 5.523576e-11
16818 5.522837e-11
16819 5.522098e-11
16820 5.521359e-11
16821 5.520620e-11
16822 5.519882e-11
16823 5.519143e-11
16824 5.518405e-11
16825 5.517667e-11
16826 5.516928e-11
16827 5.516191e-11
16828 5.515453e-11
16829 5.514715e-11
16830 5.513978e-11
16831 5.513240e-11
16832 5.512503e-11
16833 5.511766e-11
16834 5.511029e-11
16835 5.510292e-11
16836 5.509556e-11
16837 5.508819e-11
16838 5.508083e-11
16839 5.507347e-11
16840 5.506610e-11
16841 5.505875e-11
16842 5.505139e-11
16843 5.504403e-11
16844 5.503668e-11
16845 5.502932e-11
16846 5.502197e-11
16847 5.501462e-11
16848 5.500727e-11
16849 5.499992e-11
16850 5.499258e-11
16851 5.498523e-11
16852 5.497789e-11
16853 5.497054e-11
16854 5.496320e-11
16855 5.495586e-11
16856 5.494853e-11
16857 5.494119e-11
16858 5.493385e-11
16859 5.492652e-11
16860 5.491919e-11
16861 5.491186e-11
16862 5.490453e-11
16863 5.489720e-11
16864 5.488987e-11
16865 5.488255e-11
16866 5.487522e-11
16867 5.486790e-11
16868 5.486058e-11
16869 5.485326e-11
16870 5.484594e-11
16871 5.483863e-11
16872 5.483131e-11
16873 5.482400e-11
16874 5.481668e-11
16875 5.480937e-11
16876 5.480206e-11
16877 5.479475e-11
16878 5.478745e-11
16879 5.478014e-11
16880 5.477284e-11
16881 5.476553e-11
16882 5.475823e-11
16883 5.475093e-11
16884 5.474363e-11
16885 5.473634e-11
16886 5.472904e-11
16887 5.472175e-11
16888 5.471445e-11
16889 5.470716e-11
16890 5.469987e-11
16891 5.469258e-11
16892 5.468530e-11
16893 5.467801e-11
16894 5.467073e-11
16895 5.466344e-11
16896 5.465616e-11
16897 5.464888e-11
16898 5.464160e-11
16899 5.463432e-11
16900 5.462705e-11
16901 5.461977e-11
16902 5.461250e-11
16903 5.460523e-11
16904 5.459796e-11
16905 5.459069e-11
16906 5.458342e-11
16907 5.457615e-11
16908 5.456889e-11
16909 5.456162e-11
16910 5.455435e-11
16911 5.454709e-11
16912 5.453983e-11
16913 5.453257e-11
16914 5.452531e-11
16915 5.451805e-11
16916 5.451080e-11
16917 5.450354e-11
16918 5.449629e-11
16919 5.448904e-11
16920 5.448179e-11
16921 5.447454e-11
16922 5.446729e-11
16923 5.446004e-11
16924 5.445280e-11
16925 5.444556e-11
16926 5.443831e-11
16927 5.443107e-11
16928 5.442383e-11
16929 5.441660e-11
16930 5.440936e-11
16931 5.440212e-11
16932 5.439489e-11
16933 5.438766e-11
16934 5.438043e-11
16935 5.437320e-11
16936 5.436597e-11
16937 5.435874e-11
16938 5.435152e-11
16939 5.434429e-11
16940 5.433707e-11
16941 5.432985e-11
16942 5.432263e-11
16943 5.431541e-11
16944 5.430819e-11
16945 5.430098e-11
16946 5.429376e-11
16947 5.428655e-11
16948 5.427934e-11
16949 5.427213e-11
16950 5.426492e-11
16951 5.425771e-11
16952 5.425051e-11
16953 5.424330e-11
16954 5.423610e-11
16955 5.422890e-11
16956 5.422169e-11
16957 5.421450e-11
16958 5.420730e-11
16959 5.420010e-11
16960 5.419291e-11
16961 5.418571e-11
16962 5.417852e-11
16963 5.417133e-11
16964 5.416414e-11
16965 5.415695e-11
16966 5.414976e-11
16967 5.414258e-11
16968 5.413540e-11
16969 5.412821e-11
16970 5.412103e-11
16971 5.411385e-11
16972 5.410667e-11
16973 5.409950e-11
16974 5.409232e-11
16975 5.408515e-11
16976 5.407797e-11
16977 5.407080e-11
16978 5.406363e-11
16979 5.405646e-11
16980 5.404929e-11
16981 5.404213e-11
16982 5.403496e-11
16983 5.402780e-11
16984 5.402064e-11
16985 5.401348e-11
16986 5.400632e-11
16987 5.399916e-11
16988 5.399200e-11
16989 5.398485e-11
16990 5.397769e-11
16991 5.397054e-11
16992 5.396339e-11
16993 5.395624e-11
16994 5.394909e-11
16995 5.394195e-11
16996 5.393480e-11
16997 5.392766e-11
16998 5.392051e-11
16999 5.391337e-11
17000 5.390623e-11
17001 5.389909e-11
17002 5.389196e-11
17003 5.388482e-11
17004 5.387769e-11
17005 5.387055e-11
17006 5.386342e-11
17007 5.385629e-11
17008 5.384916e-11
17009 5.384203e-11
17010 5.383491e-11
17011 5.382778e-11
17012 5.382066e-11
17013 5.381353e-11
17014 5.380641e-11
17015 5.379929e-11
17016 5.379218e-11
17017 5.378506e-11
17018 5.377794e-11
17019 5.377083e-11
17020 5.376372e-11
17021 5.375660e-11
17022 5.374949e-11
17023 5.374239e-11
17024 5.373528e-11
17025 5.372817e-11
17026 5.372107e-11
17027 5.371396e-11
17028 5.370686e-11
17029 5.369976e-11
17030 5.369266e-11
17031 5.368556e-11
17032 5.367847e-11
17033 5.367137e-11
17034 5.366428e-11
17035 5.365719e-11
17036 5.365009e-11
17037 5.364300e-11
17038 5.363592e-11
17039 5.362883e-11
17040 5.362174e-11
17041 5.361466e-11
17042 5.360758e-11
17043 5.360049e-11
17044 5.359341e-11
17045 5.358633e-11
17046 5.357926e-11
17047 5.357218e-11
17048 5.356511e-11
17049 5.355803e-11
17050 5.355096e-11
17051 5.354389e-11
17052 5.353682e-11
17053 5.352975e-11
17054 5.352268e-11
17055 5.351562e-11
17056 5.350855e-11
17057 5.350149e-11
17058 5.349443e-11
17059 5.348736e-11
17060 5.348030e-11
17061 5.347324e-11
17062 5.346618e-11
17063 5.345913e-11
17064 5.345207e-11
17065 5.344502e-11
17066 5.343796e-11
17067 5.343091e-11
17068 5.342386e-11
17069 5.341681e-11
17070 5.340977e-11
17071 5.340272e-11
17072 5.339567e-11
17073 5.338863e-11
17074 5.338159e-11
17075 5.337455e-11
17076 5.336751e-11
17077 5.336047e-11
17078 5.335343e-11
17079 5.334640e-11
17080 5.333936e-11
17081 5.333233e-11
17082 5.332530e-11
17083 5.331827e-11
17084 5.331124e-11
17085 5.330421e-11
17086 5.329719e-11
17087 5.329016e-11
17088 5.328314e-11
17089 5.327612e-11
17090 5.326910e-11
17091 5.326208e-11
17092 5.325506e-11
17093 5.324804e-11
17094 5.324103e-11
17095 5.323401e-11
17096 5.322700e-11
17097 5.321999e-11
17098 5.321298e-11
17099 5.320597e-11
17100 5.319896e-11
17101 5.319196e-11
17102 5.318495e-11
17103 5.317795e-11
17104 5.317095e-11
17105 5.316394e-11
17106 5.315694e-11
17107 5.314995e-11
17108 5.314295e-11
17109 5.313595e-11
17110 5.312896e-11
17111 5.312197e-11
17112 5.311498e-11
17113 5.310799e-11
17114 5.310100e-11
17115 5.309401e-11
17116 5.308702e-11
17117 5.308004e-11
17118 5.307306e-11
17119 5.306607e-11
17120 5.305909e-11
17121 5.305211e-11
17122 5.304513e-11
17123 5.303816e-11
17124 5.303118e-11
17125 5.302421e-11
17126 5.301723e-11
17127 5.301026e-11
17128 5.300329e-11
17129 5.299632e-11
17130 5.298936e-11
17131 5.298239e-11
17132 5.297543e-11
17133 5.296846e-11
17134 5.296150e-11
17135 5.295454e-11
17136 5.294758e-11
17137 5.294062e-11
17138 5.293366e-11
17139 5.292671e-11
17140 5.291975e-11
17141 5.291280e-11
17142 5.290585e-11
17143 5.289890e-11
17144 5.289195e-11
17145 5.288500e-11
17146 5.287805e-11
17147 5.287111e-11
17148 5.286417e-11
17149 5.285722e-11
17150 5.285028e-11
17151 5.284334e-11
17152 5.283640e-11
17153 5.282947e-11
17154 5.282253e-11
17155 5.281560e-11
17156 5.280866e-11
17157 5.280173e-11
17158 5.279480e-11
17159 5.278787e-11
17160 5.278094e-11
17161 5.277402e-11
17162 5.276709e-11
17163 5.276017e-11
17164 5.275324e-11
17165 5.274632e-11
17166 5.273940e-11
17167 5.273248e-11
17168 5.272556e-11
17169 5.271865e-11
17170 5.271173e-11
17171 5.270482e-11
17172 5.269791e-11
17173 5.269100e-11
17174 5.268409e-11
17175 5.267718e-11
17176 5.267027e-11
17177 5.266337e-11
17178 5.265646e-11
17179 5.264956e-11
17180 5.264266e-11
17181 5.263576e-11
17182 5.262886e-11
17183 5.262196e-11
17184 5.261506e-11
17185 5.260817e-11
17186 5.260127e-11
17187 5.259438e-11
17188 5.258749e-11
17189 5.258060e-11
17190 5.257371e-11
17191 5.256682e-11
17192 5.255994e-11
17193 5.255305e-11
17194 5.254617e-11
17195 5.253928e-11
17196 5.253240e-11
17197 5.252552e-11
17198 5.251865e-11
17199 5.251177e-11
17200 5.250489e-11
17201 5.249802e-11
17202 5.249114e-11
17203 5.248427e-11
17204 5.247740e-11
17205 5.247053e-11
17206 5.246366e-11
17207 5.245680e-11
17208 5.244993e-11
17209 5.244307e-11
17210 5.243620e-11
17211 5.242934e-11
17212 5.242248e-11
17213 5.241561e-11
17214 5.240875e-11
17215 5.240190e-11
17216 5.239504e-11
17217 5.238818e-11
17218 5.238133e-11
17219 5.237447e-11
17220 5.236762e-11
17221 5.236077e-11
17222 5.235392e-11
17223 5.234707e-11
17224 5.234023e-11
17225 5.233338e-11
17226 5.232654e-11
17227 5.231970e-11
17228 5.231285e-11
17229 5.230601e-11
17230 5.229917e-11
17231 5.229234e-11
17232 5.228550e-11
17233 5.227866e-11
17234 5.227183e-11
17235 5.226500e-11
17236 5.225817e-11
17237 5.225134e-11
17238 5.224451e-11
17239 5.223768e-11
17240 5.223085e-11
17241 5.222403e-11
17242 5.221721e-11
17243 5.221038e-11
17244 5.220356e-11
17245 5.219674e-11
17246 5.218992e-11
17247 5.218311e-11
17248 5.217629e-11
17249 5.216948e-11
17250 5.216266e-11
17251 5.215585e-11
17252 5.214904e-11
17253 5.214223e-11
17254 5.213542e-11
17255 5.212862e-11
17256 5.212181e-11
17257 5.211501e-11
17258 5.210820e-11
17259 5.210140e-11
17260 5.209460e-11
17261 5.208780e-11
17262 5.208100e-11
17263 5.207421e-11
17264 5.206741e-11
17265 5.206062e-11
17266 5.205383e-11
17267 5.204703e-11
17268 5.204024e-11
17269 5.203345e-11
17270 5.202667e-11
17271 5.201988e-11
17272 5.201310e-11
17273 5.200631e-11
17274 5.199953e-11
17275 5.199275e-11
17276 5.198597e-11
17277 5.197919e-11
17278 5.197241e-11
17279 5.196564e-11
17280 5.195886e-11
17281 5.195209e-11
17282 5.194531e-11
17283 5.193854e-11
17284 5.193177e-11
17285 5.192501e-11
17286 5.191824e-11
17287 5.191147e-11
17288 5.190471e-11
17289 5.189794e-11
17290 5.189118e-11
17291 5.188442e-11
17292 5.187766e-11
17293 5.187090e-11
17294 5.186415e-11
17295 5.185739e-11
17296 5.185064e-11
17297 5.184388e-11
17298 5.183713e-11
17299 5.183038e-11
17300 5.182363e-11
17301 5.181688e-11
17302 5.181014e-11
17303 5.180339e-11
17304 5.179665e-11
17305 5.178990e-11
17306 5.178316e-11
17307 5.177642e-11
17308 5.176968e-11
17309 5.176294e-11
17310 5.175621e-11
17311 5.174947e-11
17312 5.174274e-11
17313 5.173600e-11
17314 5.172927e-11
17315 5.172254e-11
17316 5.171581e-11
17317 5.170908e-11
17318 5.170236e-11
17319 5.169563e-11
17320 5.168891e-11
17321 5.168218e-11
17322 5.167546e-11
17323 5.166874e-11
17324 5.166202e-11
17325 5.165531e-11
17326 5.164859e-11
17327 5.164187e-11
17328 5.163516e-11
17329 5.162845e-11
17330 5.162174e-11
17331 5.161503e-11
17332 5.160832e-11
17333 5.160161e-11
17334 5.159490e-11
17335 5.158820e-11
17336 5.158149e-11
17337 5.157479e-11
17338 5.156809e-11
17339 5.156139e-11
17340 5.155469e-11
17341 5.154799e-11
17342 5.154130e-11
17343 5.153460e-11
17344 5.152791e-11
17345 5.152121e-11
17346 5.151452e-11
17347 5.150783e-11
17348 5.150114e-11
17349 5.149446e-11
17350 5.148777e-11
17351 5.148108e-11
17352 5.147440e-11
17353 5.146772e-11
17354 5.146104e-11
17355 5.145436e-11
17356 5.144768e-11
17357 5.144100e-11
17358 5.143432e-11
17359 5.142765e-11
17360 5.142097e-11
17361 5.141430e-11
17362 5.140763e-11
17363 5.140096e-11
17364 5.139428e-11
17365 5.138761e-11
17366 5.138095e-11
17367 5.137428e-11
17368 5.136761e-11
17369 5.136095e-11
17370 5.135429e-11
17371 5.134762e-11
17372 5.134096e-11
17373 5.133430e-11
17374 5.132764e-11
17375 5.132099e-11
17376 5.131433e-11
17377 5.130768e-11
17378 5.130102e-11
17379 5.129437e-11
17380 5.128772e-11
17381 5.128107e-11
17382 5.127442e-11
17383 5.126777e-11
17384 5.126113e-11
17385 5.125448e-11
17386 5.124784e-11
17387 5.124120e-11
17388 5.123456e-11
17389 5.122792e-11
17390 5.122128e-11
17391 5.121464e-11
17392 5.120801e-11
17393 5.120137e-11
17394 5.119474e-11
17395 5.118811e-11
17396 5.118147e-11
17397 5.117484e-11
17398 5.116822e-11
17399 5.116159e-11
17400 5.115496e-11
17401 5.114834e-11
17402 5.114171e-11
17403 5.113509e-11
17404 5.112847e-11
17405 5.112185e-11
17406 5.111523e-11
17407 5.110861e-11
17408 5.110200e-11
17409 5.109538e-11
17410 5.108877e-11
17411 5.108216e-11
17412 5.107555e-11
17413 5.106894e-11
17414 5.106233e-11
17415 5.105572e-11
17416 5.104911e-11
17417 5.104251e-11
17418 5.103590e-11
17419 5.102930e-11
17420 5.102270e-11
17421 5.101610e-11
17422 5.100950e-11
17423 5.100290e-11
17424 5.099631e-11
17425 5.098971e-11
17426 5.098312e-11
17427 5.097652e-11
17428 5.096993e-11
17429 5.096334e-11
17430 5.095675e-11
17431 5.095017e-11
17432 5.094358e-11
17433 5.093699e-11
17434 5.093041e-11
17435 5.092383e-11
17436 5.091725e-11
17437 5.091066e-11
17438 5.090409e-11
17439 5.089751e-11
17440 5.089093e-11
17441 5.088436e-11
17442 5.087778e-11
17443 5.087121e-11
17444 5.086464e-11
17445 5.085807e-11
17446 5.085150e-11
17447 5.084493e-11
17448 5.083836e-11
17449 5.083179e-11
17450 5.082523e-11
17451 5.081867e-11
17452 5.081211e-11
17453 5.080554e-11
17454 5.079898e-11
17455 5.079243e-11
17456 5.078587e-11
17457 5.077931e-11
17458 5.077276e-11
17459 5.076620e-11
17460 5.075965e-11
17461 5.075310e-11
17462 5.074655e-11
17463 5.074000e-11
17464 5.073346e-11
17465 5.072691e-11
17466 5.072036e-11
17467 5.071382e-11
17468 5.070728e-11
17469 5.070074e-11
17470 5.069420e-11
17471 5.068766e-11
17472 5.068112e-11
17473 5.067458e-11
17474 5.066805e-11
17475 5.066151e-11
17476 5.065498e-11
17477 5.064845e-11
17478 5.064192e-11
17479 5.063539e-11
17480 5.062886e-11
17481 5.062234e-11
17482 5.061581e-11
17483 5.060929e-11
17484 5.060276e-11
17485 5.059624e-11
17486 5.058972e-11
17487 5.058320e-11
17488 5.057668e-11
17489 5.057017e-11
17490 5.056365e-11
17491 5.055714e-11
17492 5.055062e-11
17493 5.054411e-11
17494 5.053760e-11
17495 5.053109e-11
17496 5.052458e-11
17497 5.051807e-11
17498 5.051157e-11
17499 5.050506e-11
17500 5.049856e-11
17501 5.049206e-11
17502 5.048555e-11
17503 5.047905e-11
17504 5.047256e-11
17505 5.046606e-11
17506 5.045956e-11
17507 5.045307e-11
17508 5.044657e-11
17509 5.044008e-11
17510 5.043359e-11
17511 5.042710e-11
17512 5.042061e-11
17513 5.041412e-11
17514 5.040763e-11
17515 5.040115e-11
17516 5.039466e-11
17517 5.038818e-11
17518 5.038169e-11
17519 5.037521e-11
17520 5.036873e-11
17521 5.036225e-11
17522 5.035577e-11
17523 5.034929e-11
17524 5.034281e-11
17525 5.033634e-11
17526 5.032986e-11
17527 5.032339e-11
17528 5.031692e-11
17529 5.031045e-11
17530 5.030398e-11
17531 5.029751e-11
17532 5.029104e-11
17533 5.028458e-11
17534 5.027811e-11
17535 5.027165e-11
17536 5.026519e-11
17537 5.025873e-11
17538 5.025227e-11
17539 5.024581e-11
17540 5.023935e-11
17541 5.023289e-11
17542 5.022644e-11
17543 5.021998e-11
17544 5.021353e-11
17545 5.020708e-11
17546 5.020063e-11
17547 5.019418e-11
17548 5.018773e-11
17549 5.018129e-11
17550 5.017484e-11
17551 5.016840e-11
17552 5.016195e-11
17553 5.015551e-11
17554 5.014907e-11
17555 5.014263e-11
17556 5.013619e-11
17557 5.012976e-11
17558 5.012332e-11
17559 5.011688e-11
17560 5.011045e-11
17561 5.010402e-11
17562 5.009759e-11
17563 5.009116e-11
17564 5.008473e-11
17565 5.007830e-11
17566 5.007187e-11
17567 5.006545e-11
17568 5.005902e-11
17569 5.005260e-11
17570 5.004618e-11
17571 5.003976e-11
17572 5.003334e-11
17573 5.002692e-11
17574 5.002051e-11
17575 5.001409e-11
17576 5.000767e-11
17577 5.000126e-11
17578 4.999485e-11
17579 4.998844e-11
17580 4.998203e-11
17581 4.997562e-11
17582 4.996921e-11
17583 4.996281e-11
17584 4.995640e-11
17585 4.995000e-11
17586 4.994359e-11
17587 4.993719e-11
17588 4.993079e-11
17589 4.992439e-11
17590 4.991800e-11
17591 4.991160e-11
17592 4.990520e-11
17593 4.989881e-11
17594 4.989242e-11
17595 4.988602e-11
17596 4.987963e-11
17597 4.987324e-11
17598 4.986685e-11
17599 4.986047e-11
17600 4.985408e-11
17601 4.984770e-11
17602 4.984131e-11
17603 4.983493e-11
17604 4.982855e-11
17605 4.982217e-11
17606 4.981579e-11
17607 4.980941e-11
17608 4.980303e-11
17609 4.979666e-11
17610 4.979028e-11
17611 4.978391e-11
17612 4.977754e-11
17613 4.977117e-11
17614 4.976480e-11
17615 4.975843e-11
17616 4.975206e-11
17617 4.974570e-11
17618 4.973933e-11
17619 4.973297e-11
17620 4.972661e-11
17621 4.972024e-11
17622 4.971388e-11
17623 4.970752e-11
17624 4.970117e-11
17625 4.969481e-11
17626 4.968845e-11
17627 4.968210e-11
17628 4.967575e-11
17629 4.966940e-11
17630 4.966304e-11
17631 4.965669e-11
17632 4.965035e-11
17633 4.964400e-11
17634 4.963765e-11
17635 4.963131e-11
17636 4.962496e-11
17637 4.961862e-11
17638 4.961228e-11
17639 4.960594e-11
17640 4.959960e-11
17641 4.959326e-11
17642 4.958693e-11
17643 4.958059e-11
17644 4.957426e-11
17645 4.956792e-11
17646 4.956159e-11
17647 4.955526e-11
17648 4.954893e-11
17649 4.954260e-11
17650 4.953627e-11
17651 4.952995e-11
17652 4.952362e-11
17653 4.951730e-11
17654 4.951098e-11
17655 4.950465e-11
17656 4.949833e-11
17657 4.949201e-11
17658 4.948570e-11
17659 4.947938e-11
17660 4.947306e-11
17661 4.946675e-11
17662 4.946043e-11
17663 4.945412e-11
17664 4.944781e-11
17665 4.944150e-11
17666 4.943519e-11
17667 4.942888e-11
17668 4.942258e-11
17669 4.941627e-11
17670 4.940997e-11
17671 4.940366e-11
17672 4.939736e-11
17673 4.939106e-11
17674 4.938476e-11
17675 4.937846e-11
17676 4.937216e-11
17677 4.936586e-11
17678 4.935956e-11
17679 4.935327e-11
17680 4.934697e-11
17681 4.934068e-11
17682 4.933439e-11
17683 4.932810e-11
17684 4.932181e-11
17685 4.931552e-11
17686 4.930923e-11
17687 4.930294e-11
17688 4.929666e-11
17689 4.929037e-11
17690 4.928409e-11
17691 4.927781e-11
17692 4.927153e-11
17693 4.926525e-11
17694 4.925897e-11
17695 4.925269e-11
17696 4.924642e-11
17697 4.924014e-11
17698 4.923387e-11
17699 4.922760e-11
17700 4.922133e-11
17701 4.921506e-11
17702 4.920879e-11
17703 4.920252e-11
17704 4.919625e-11
17705 4.918999e-11
17706 4.918372e-11
17707 4.917746e-11
17708 4.917120e-11
17709 4.916494e-11
17710 4.915868e-11
17711 4.915242e-11
17712 4.914616e-11
17713 4.913990e-11
17714 4.913365e-11
17715 4.912739e-11
17716 4.912114e-11
17717 4.911489e-11
17718 4.910864e-11
17719 4.910239e-11
17720 4.909614e-11
17721 4.908989e-11
17722 4.908365e-11
17723 4.907740e-11
17724 4.907116e-11
17725 4.906492e-11
17726 4.905868e-11
17727 4.905244e-11
17728 4.904620e-11
17729 4.903996e-11
17730 4.903372e-11
17731 4.902749e-11
17732 4.902125e-11
17733 4.901502e-11
17734 4.900879e-11
17735 4.900255e-11
17736 4.899632e-11
17737 4.899010e-11
17738 4.898387e-11
17739 4.897764e-11
17740 4.897142e-11
17741 4.896519e-11
17742 4.895897e-11
17743 4.895275e-11
17744 4.894653e-11
17745 4.894031e-11
17746 4.893409e-11
17747 4.892787e-11
17748 4.892165e-11
17749 4.891544e-11
17750 4.890922e-11
17751 4.890301e-11
17752 4.889680e-11
17753 4.889059e-11
17754 4.888438e-11
17755 4.887817e-11
17756 4.887196e-11
17757 4.886576e-11
17758 4.885955e-11
17759 4.885335e-11
17760 4.884715e-11
17761 4.884094e-11
17762 4.883474e-11
17763 4.882855e-11
17764 4.882235e-11
17765 4.881615e-11
17766 4.880995e-11
17767 4.880376e-11
17768 4.879757e-11
17769 4.879137e-11
17770 4.878518e-11
17771 4.877899e-11
17772 4.877280e-11
17773 4.876662e-11
17774 4.876043e-11
17775 4.875424e-11
17776 4.874806e-11
17777 4.874188e-11
17778 4.873569e-11
17779 4.872951e-11
17780 4.872333e-11
17781 4.871715e-11
17782 4.871098e-11
17783 4.870480e-11
17784 4.869862e-11
17785 4.869245e-11
17786 4.868628e-11
17787 4.868010e-11
17788 4.867393e-11
17789 4.866776e-11
17790 4.866159e-11
17791 4.865543e-11
17792 4.864926e-11
17793 4.864310e-11
17794 4.863693e-11
17795 4.863077e-11
17796 4.862461e-11
17797 4.861845e-11
17798 4.861229e-11
17799 4.860613e-11
17800 4.859997e-11
17801 4.859381e-11
17802 4.858766e-11
17803 4.858150e-11
17804 4.857535e-11
17805 4.856920e-11
17806 4.856305e-11
17807 4.855690e-11
17808 4.855075e-11
17809 4.854460e-11
17810 4.853846e-11
17811 4.853231e-11
17812 4.852617e-11
17813 4.852003e-11
17814 4.851388e-11
17815 4.850774e-11
17816 4.850160e-11
17817 4.849547e-11
17818 4.848933e-11
17819 4.848319e-11
17820 4.847706e-11
17821 4.847092e-11
17822 4.846479e-11
17823 4.845866e-11
17824 4.845253e-11
17825 4.844640e-11
17826 4.844027e-11
17827 4.843415e-11
17828 4.842802e-11
17829 4.842189e-11
17830 4.841577e-11
17831 4.840964e-11
17832 4.840352e-11
17833 4.839740e-11
17834 4.839128e-11
17835 4.838516e-11
17836 4.837904e-11
17837 4.837292e-11
17838 4.836680e-11
17839 4.836069e-11
17840 4.835457e-11
17841 4.834846e-11
17842 4.834235e-11
17843 4.833624e-11
17844 4.833013e-11
17845 4.832402e-11
17846 4.831791e-11
17847 4.831180e-11
17848 4.830570e-11
17849 4.829959e-11
17850 4.829349e-11
17851 4.828739e-11
17852 4.828129e-11
17853 4.827519e-11
17854 4.826909e-11
17855 4.826299e-11
17856 4.825689e-11
17857 4.825080e-11
17858 4.824470e-11
17859 4.823861e-11
17860 4.823252e-11
17861 4.822643e-11
17862 4.822034e-11
17863 4.821425e-11
17864 4.820816e-11
17865 4.820208e-11
17866 4.819599e-11
17867 4.818991e-11
17868 4.818382e-11
17869 4.817774e-11
17870 4.817166e-11
17871 4.816558e-11
17872 4.815950e-11
17873 4.815342e-11
17874 4.814735e-11
17875 4.814127e-11
17876 4.813520e-11
17877 4.812912e-11
17878 4.812305e-11
17879 4.811698e-11
17880 4.811091e-11
17881 4.810484e-11
17882 4.809877e-11
17883 4.809271e-11
17884 4.808664e-11
17885 4.808058e-11
17886 4.807451e-11
17887 4.806845e-11
17888 4.806239e-11
17889 4.805633e-11
17890 4.805027e-11
17891 4.804421e-11
17892 4.803816e-11
17893 4.803210e-11
17894 4.802605e-11
17895 4.801999e-11
17896 4.801394e-11
17897 4.800789e-11
17898 4.800184e-11
17899 4.799579e-11
17900 4.798974e-11
17901 4.798370e-11
17902 4.797765e-11
17903 4.797161e-11
17904 4.796556e-11
17905 4.795952e-11
17906 4.795348e-11
17907 4.794744e-11
17908 4.794140e-11
17909 4.793536e-11
17910 4.792932e-11
17911 4.792329e-11
17912 4.791725e-11
17913 4.791122e-11
17914 4.790519e-11
17915 4.789916e-11
17916 4.789313e-11
17917 4.788710e-11
17918 4.788107e-11
17919 4.787504e-11
17920 4.786902e-11
17921 4.786299e-11
17922 4.785697e-11
17923 4.785094e-11
17924 4.784492e-11
17925 4.783890e-11
17926 4.783288e-11
17927 4.782686e-11
17928 4.782085e-11
17929 4.781483e-11
17930 4.780882e-11
17931 4.780280e-11
17932 4.779679e-11
17933 4.779078e-11
17934 4.778477e-11
17935 4.777876e-11
17936 4.777275e-11
17937 4.776674e-11
17938 4.776074e-11
17939 4.775473e-11
17940 4.774873e-11
17941 4.774272e-11
17942 4.773672e-11
17943 4.773072e-11
17944 4.772472e-11
17945 4.771872e-11
17946 4.771272e-11
17947 4.770673e-11
17948 4.770073e-11
17949 4.769474e-11
17950 4.768875e-11
17951 4.768275e-11
17952 4.767676e-11
17953 4.767077e-11
17954 4.766478e-11
17955 4.765880e-11
17956 4.765281e-11
17957 4.764682e-11
17958 4.764084e-11
17959 4.763486e-11
17960 4.762887e-11
17961 4.762289e-11
17962 4.761691e-11
17963 4.761093e-11
17964 4.760495e-11
17965 4.759898e-11
17966 4.759300e-11
17967 4.758703e-11
17968 4.758105e-11
17969 4.757508e-11
17970 4.756911e-11
17971 4.756314e-11
17972 4.755717e-11
17973 4.755120e-11
17974 4.754523e-11
17975 4.753927e-11
17976 4.753330e-11
17977 4.752734e-11
17978 4.752138e-11
17979 4.751541e-11
17980 4.750945e-11
17981 4.750349e-11
17982 4.749753e-11
17983 4.749158e-11
17984 4.748562e-11
17985 4.747967e-11
17986 4.747371e-11
17987 4.746776e-11
17988 4.746180e-11
17989 4.745585e-11
17990 4.744990e-11
17991 4.744395e-11
17992 4.743800e-11
17993 4.743205e-11
17994 4.742610e-11
17995 4.742016e-11
17996 4.741421e-11
17997 4.740827e-11
17998 4.740232e-11
17999 4.739638e-11
18000 4.739044e-11
18001 4.738450e-11
18002 4.737856e-11
18003 4.737262e-11
18004 4.736669e-11
18005 4.736075e-11
18006 4.735482e-11
18007 4.734888e-11
18008 4.734295e-11
18009 4.733702e-11
18010 4.733109e-11
18011 4.732516e-11
18012 4.731923e-11
18013 4.731331e-11
18014 4.730738e-11
18015 4.730146e-11
18016 4.729553e-11
18017 4.728961e-11
18018 4.728369e-11
18019 4.727777e-11
18020 4.727185e-11
18021 4.726593e-11
18022 4.726001e-11
18023 4.725410e-11
18024 4.724818e-11
18025 4.724227e-11
18026 4.723635e-11
18027 4.723044e-11
18028 4.722453e-11
18029 4.721862e-11
18030 4.721271e-11
18031 4.720680e-11
18032 4.720090e-11
18033 4.719499e-11
18034 4.718909e-11
18035 4.718318e-11
18036 4.717728e-11
18037 4.717138e-11
18038 4.716548e-11
18039 4.715958e-11
18040 4.715368e-11
18041 4.714779e-11
18042 4.714189e-11
18043 4.713599e-11
18044 4.713010e-11
18045 4.712421e-11
18046 4.711832e-11
18047 4.711243e-11
18048 4.710654e-11
18049 4.710065e-11
18050 4.709476e-11
18051 4.708887e-11
18052 4.708299e-11
18053 4.707710e-11
18054 4.707122e-11
18055 4.706534e-11
18056 4.705946e-11
18057 4.705358e-11
18058 4.704770e-11
18059 4.704182e-11
18060 4.703594e-11
18061 4.703007e-11
18062 4.702419e-11
18063 4.701832e-11
18064 4.701245e-11
18065 4.700657e-11
18066 4.700070e-11
18067 4.699483e-11
18068 4.698897e-11
18069 4.698310e-11
18070 4.697723e-11
18071 4.697137e-11
18072 4.696550e-11
18073 4.695964e-11
18074 4.695378e-11
18075 4.694792e-11
18076 4.694206e-11
18077 4.693620e-11
18078 4.693034e-11
18079 4.692448e-11
18080 4.691863e-11
18081 4.691277e-11
18082 4.690692e-11
18083 4.690107e-11
18084 4.689521e-11
18085 4.688936e-11
18086 4.688352e-11
18087 4.687767e-11
18088 4.687182e-11
18089 4.686597e-11
18090 4.686013e-11
18091 4.685428e-11
18092 4.684844e-11
18093 4.684260e-11
18094 4.683676e-11
18095 4.683092e-11
18096 4.682508e-11
18097 4.681924e-11
18098 4.681340e-11
18099 4.680757e-11
18100 4.680173e-11
18101 4.679590e-11
18102 4.679007e-11
18103 4.678424e-11
18104 4.677841e-11
18105 4.677258e-11
18106 4.676675e-11
18107 4.676092e-11
18108 4.675509e-11
18109 4.674927e-11
18110 4.674344e-11
18111 4.673762e-11
18112 4.673180e-11
18113 4.672598e-11
18114 4.672016e-11
18115 4.671434e-11
18116 4.670852e-11
18117 4.670270e-11
18118 4.669689e-11
18119 4.669107e-11
18120 4.668526e-11
18121 4.667945e-11
18122 4.667364e-11
18123 4.666782e-11
18124 4.666202e-11
18125 4.665621e-11
18126 4.665040e-11
18127 4.664459e-11
18128 4.663879e-11
18129 4.663298e-11
18130 4.662718e-11
18131 4.662138e-11
18132 4.661558e-11
18133 4.660978e-11
18134 4.660398e-11
18135 4.659818e-11
18136 4.659238e-11
18137 4.658659e-11
18138 4.658079e-11
18139 4.657500e-11
18140 4.656920e-11
18141 4.656341e-11
18142 4.655762e-11
18143 4.655183e-11
18144 4.654604e-11
18145 4.654025e-11
18146 4.653447e-11
18147 4.652868e-11
18148 4.652289e-11
18149 4.651711e-11
18150 4.651132e-11
18151 4.650554e-11
18152 4.649976e-11
18153 4.649398e-11
18154 4.648820e-11
18155 4.648242e-11
18156 4.647664e-11
18157 4.647086e-11
18158 4.646509e-11
18159 4.645931e-11
18160 4.645354e-11
18161 4.644777e-11
18162 4.644200e-11
18163 4.643622e-11
18164 4.643045e-11
18165 4.642469e-11
18166 4.641892e-11
18167 4.641315e-11
18168 4.640739e-11
18169 4.640162e-11
18170 4.639586e-11
18171 4.639010e-11
18172 4.638433e-11
18173 4.637857e-11
18174 4.637281e-11
18175 4.636706e-11
18176 4.636130e-11
18177 4.635554e-11
18178 4.634979e-11
18179 4.634403e-11
18180 4.633828e-11
18181 4.633253e-11
18182 4.632678e-11
18183 4.632103e-11
18184 4.631528e-11
18185 4.630953e-11
18186 4.630378e-11
18187 4.629804e-11
18188 4.629229e-11
18189 4.628655e-11
18190 4.628081e-11
18191 4.627506e-11
18192 4.626932e-11
18193 4.626358e-11
18194 4.625784e-11
18195 4.625211e-11
18196 4.624637e-11
18197 4.624063e-11
18198 4.623490e-11
18199 4.622917e-11
18200 4.622343e-11
18201 4.621770e-11
18202 4.621197e-11
18203 4.620624e-11
18204 4.620051e-11
18205 4.619479e-11
18206 4.618906e-11
18207 4.618333e-11
18208 4.617761e-11
18209 4.617189e-11
18210 4.616616e-11
18211 4.616044e-11
18212 4.615472e-11
18213 4.614900e-11
18214 4.614328e-11
18215 4.613757e-11
18216 4.613185e-11
18217 4.612614e-11
18218 4.612042e-11
18219 4.611471e-11
18220 4.610900e-11
18221 4.610329e-11
18222 4.609758e-11
18223 4.609187e-11
18224 4.608616e-11
18225 4.608045e-11
18226 4.607475e-11
18227 4.606904e-11
18228 4.606334e-11
18229 4.605763e-11
18230 4.605193e-11
18231 4.604623e-11
18232 4.604053e-11
18233 4.603483e-11
18234 4.602913e-11
18235 4.602344e-11
18236 4.601774e-11
18237 4.601205e-11
18238 4.600635e-11
18239 4.600066e-11
18240 4.599497e-11
18241 4.598928e-11
18242 4.598359e-11
18243 4.597790e-11
18244 4.597221e-11
18245 4.596652e-11
18246 4.596084e-11
18247 4.595515e-11
18248 4.594947e-11
18249 4.594379e-11
18250 4.593811e-11
18251 4.593243e-11
18252 4.592675e-11
18253 4.592107e-11
18254 4.591539e-11
18255 4.590971e-11
18256 4.590404e-11
18257 4.589836e-11
18258 4.589269e-11
18259 4.588702e-11
18260 4.588135e-11
18261 4.587568e-11
18262 4.587001e-11
18263 4.586434e-11
18264 4.585867e-11
18265 4.585300e-11
18266 4.584734e-11
18267 4.584167e-11
18268 4.583601e-11
18269 4.583035e-11
18270 4.582469e-11
18271 4.581903e-11
18272 4.581337e-11
18273 4.580771e-11
18274 4.580205e-11
18275 4.579640e-11
18276 4.579074e-11
18277 4.578509e-11
18278 4.577943e-11
18279 4.577378e-11
18280 4.576813e-11
18281 4.576248e-11
18282 4.575683e-11
18283 4.575118e-11
18284 4.574553e-11
18285 4.573989e-11
18286 4.573424e-11
18287 4.572860e-11
18288 4.572295e-11
18289 4.571731e-11
18290 4.571167e-11
18291 4.570603e-11
18292 4.570039e-11
18293 4.569475e-11
18294 4.568912e-11
18295 4.568348e-11
18296 4.567785e-11
18297 4.567221e-11
18298 4.566658e-11
18299 4.566095e-11
18300 4.565531e-11
18301 4.564968e-11
18302 4.564406e-11
18303 4.563843e-11
18304 4.563280e-11
18305 4.562717e-11
18306 4.562155e-11
18307 4.561592e-11
18308 4.561030e-11
18309 4.560468e-11
18310 4.559905e-11
18311 4.559343e-11
18312 4.558781e-11
18313 4.558219e-11
18314 4.557657e-11
18315 4.557095e-11
18316 4.556534e-11
18317 4.555972e-11
18318 4.555411e-11
18319 4.554849e-11
18320 4.554288e-11
18321 4.553727e-11
18322 4.553166e-11
18323 4.552605e-11
18324 4.552044e-11
18325 4.551483e-11
18326 4.550922e-11
18327 4.550362e-11
18328 4.549801e-11
18329 4.549241e-11
18330 4.548681e-11
18331 4.548120e-11
18332 4.547560e-11
18333 4.547000e-11
18334 4.546441e-11
18335 4.545881e-11
18336 4.545321e-11
18337 4.544761e-11
18338 4.544202e-11
18339 4.543643e-11
18340 4.543083e-11
18341 4.542524e-11
18342 4.541965e-11
18343 4.541406e-11
18344 4.540847e-11
18345 4.540288e-11
18346 4.539730e-11
18347 4.539171e-11
18348 4.538613e-11
18349 4.538054e-11
18350 4.537496e-11
18351 4.536938e-11
18352 4.536380e-11
18353 4.535822e-11
18354 4.535264e-11
18355 4.534706e-11
18356 4.534148e-11
18357 4.533591e-11
18358 4.533033e-11
18359 4.532476e-11
18360 4.531918e-11
18361 4.531361e-11
18362 4.530804e-11
18363 4.530247e-11
18364 4.529690e-11
18365 4.529133e-11
18366 4.528577e-11
18367 4.528020e-11
18368 4.527463e-11
18369 4.526907e-11
18370 4.526351e-11
18371 4.525795e-11
18372 4.525238e-11
18373 4.524682e-11
18374 4.524126e-11
18375 4.523571e-11
18376 4.523015e-11
18377 4.522459e-11
18378 4.521904e-11
18379 4.521348e-11
18380 4.520793e-11
18381 4.520238e-11
18382 4.519683e-11
18383 4.519128e-11
18384 4.518573e-11
18385 4.518018e-11
18386 4.517463e-11
18387 4.516908e-11
18388 4.516354e-11
18389 4.515799e-11
18390 4.515245e-11
18391 4.514691e-11
18392 4.514137e-11
18393 4.513583e-11
18394 4.513029e-11
18395 4.512475e-11
18396 4.511921e-11
18397 4.511367e-11
18398 4.510814e-11
18399 4.510260e-11
18400 4.509707e-11
18401 4.509154e-11
18402 4.508601e-11
18403 4.508047e-11
18404 4.507494e-11
18405 4.506942e-11
18406 4.506389e-11
18407 4.505836e-11
18408 4.505284e-11
18409 4.504731e-11
18410 4.504179e-11
18411 4.503626e-11
18412 4.503074e-11
18413 4.502522e-11
18414 4.501970e-11
18415 4.501418e-11
18416 4.500866e-11
18417 4.500315e-11
18418 4.499763e-11
18419 4.499212e-11
18420 4.498660e-11
18421 4.498109e-11
18422 4.497558e-11
18423 4.497007e-11
18424 4.496455e-11
18425 4.495905e-11
18426 4.495354e-11
18427 4.494803e-11
18428 4.494252e-11
18429 4.493702e-11
18430 4.493151e-11
18431 4.492601e-11
18432 4.492051e-11
18433 4.491501e-11
18434 4.490951e-11
18435 4.490401e-11
18436 4.489851e-11
18437 4.489301e-11
18438 4.488751e-11
18439 4.488202e-11
18440 4.487652e-11
18441 4.487103e-11
18442 4.486554e-11
18443 4.486005e-11
18444 4.485455e-11
18445 4.484906e-11
18446 4.484358e-11
18447 4.483809e-11
18448 4.483260e-11
18449 4.482711e-11
18450 4.482163e-11
18451 4.481615e-11
18452 4.481066e-11
18453 4.480518e-11
18454 4.479970e-11
18455 4.479422e-11
18456 4.478874e-11
18457 4.478326e-11
18458 4.477778e-11
18459 4.477231e-11
18460 4.476683e-11
18461 4.476136e-11
18462 4.475589e-11
18463 4.475041e-11
18464 4.474494e-11
18465 4.473947e-11
18466 4.473400e-11
18467 4.472853e-11
18468 4.472307e-11
18469 4.471760e-11
18470 4.471213e-11
18471 4.470667e-11
18472 4.470120e-11
18473 4.469574e-11
18474 4.469027e-11
18475 4.468481e-11
18476 4.467935e-11
18477 4.467389e-11
18478 4.466843e-11
18479 4.466297e-11
18480 4.465751e-11
18481 4.465206e-11
18482 4.464660e-11
18483 4.464115e-11
18484 4.463569e-11
18485 4.463024e-11
18486 4.462479e-11
18487 4.461934e-11
18488 4.461389e-11
18489 4.460844e-11
18490 4.460299e-11
18491 4.459754e-11
18492 4.459210e-11
18493 4.458665e-11
18494 4.458121e-11
18495 4.457577e-11
18496 4.457032e-11
18497 4.456488e-11
18498 4.455944e-11
18499 4.455400e-11
18500 4.454856e-11
18501 4.454313e-11
18502 4.453769e-11
18503 4.453225e-11
18504 4.452682e-11
18505 4.452139e-11
18506 4.451595e-11
18507 4.451052e-11
18508 4.450509e-11
18509 4.449966e-11
18510 4.449423e-11
18511 4.448881e-11
18512 4.448338e-11
18513 4.447795e-11
18514 4.447253e-11
18515 4.446710e-11
18516 4.446168e-11
18517 4.445626e-11
18518 4.445084e-11
18519 4.444542e-11
18520 4.444000e-11
18521 4.443458e-11
18522 4.442916e-11
18523 4.442375e-11
18524 4.441833e-11
18525 4.441292e-11
18526 4.440750e-11
18527 4.440209e-11
18528 4.439668e-11
18529 4.439127e-11
18530 4.438586e-11
18531 4.438045e-11
18532 4.437504e-11
18533 4.436963e-11
18534 4.436423e-11
18535 4.435882e-11
18536 4.435342e-11
18537 4.434802e-11
18538 4.434261e-11
18539 4.433721e-11
18540 4.433181e-11
18541 4.432641e-11
18542 4.432101e-11
18543 4.431562e-11
18544 4.431022e-11
18545 4.430483e-11
18546 4.429943e-11
18547 4.429404e-11
18548 4.428864e-11
18549 4.428325e-11
18550 4.427786e-11
18551 4.427247e-11
18552 4.426708e-11
18553 4.426170e-11
18554 4.425631e-11
18555 4.425092e-11
18556 4.424554e-11
18557 4.424015e-11
18558 4.423477e-11
18559 4.422939e-11
18560 4.422401e-11
18561 4.421863e-11
18562 4.421325e-11
18563 4.420787e-11
18564 4.420249e-11
18565 4.419711e-11
18566 4.419174e-11
18567 4.418636e-11
18568 4.418099e-11
18569 4.417562e-11
18570 4.417025e-11
18571 4.416488e-11
18572 4.415951e-11
18573 4.415414e-11
18574 4.414877e-11
18575 4.414340e-11
18576 4.413803e-11
18577 4.413267e-11
18578 4.412731e-11
18579 4.412194e-11
18580 4.411658e-11
18581 4.411122e-11
18582 4.410586e-11
18583 4.410050e-11
18584 4.409514e-11
18585 4.408978e-11
18586 4.408442e-11
18587 4.407907e-11
18588 4.407371e-11
18589 4.406836e-11
18590 4.406301e-11
18591 4.405765e-11
18592 4.405230e-11
18593 4.404695e-11
18594 4.404160e-11
18595 4.403626e-11
18596 4.403091e-11
18597 4.402556e-11
18598 4.402022e-11
18599 4.401487e-11
18600 4.400953e-11
18601 4.400418e-11
18602 4.399884e-11
18603 4.399350e-11
18604 4.398816e-11
18605 4.398282e-11
18606 4.397749e-11
18607 4.397215e-11
18608 4.396681e-11
18609 4.396148e-11
18610 4.395614e-11
18611 4.395081e-11
18612 4.394548e-11
18613 4.394015e-11
18614 4.393481e-11
18615 4.392948e-11
18616 4.392416e-11
18617 4.391883e-11
18618 4.391350e-11
18619 4.390818e-11
18620 4.390285e-11
18621 4.389753e-11
18622 4.389220e-11
18623 4.388688e-11
18624 4.388156e-11
18625 4.387624e-11
18626 4.387092e-11
18627 4.386560e-11
18628 4.386028e-11
18629 4.385497e-11
18630 4.384965e-11
18631 4.384434e-11
18632 4.383902e-11
18633 4.383371e-11
18634 4.382840e-11
18635 4.382309e-11
18636 4.381777e-11
18637 4.381246e-11
18638 4.380715e-11
18639 4.380184e-11
18640 4.379654e-11
18641 4.379123e-11
18642 4.378592e-11
18643 4.378062e-11
18644 4.377531e-11
18645 4.377001e-11
18646 4.376471e-11
18647 4.375941e-11
18648 4.375411e-11
18649 4.374881e-11
18650 4.374351e-11
18651 4.373821e-11
18652 4.373291e-11
18653 4.372762e-11
18654 4.372232e-11
18655 4.371703e-11
18656 4.371174e-11
18657 4.370644e-11
18658 4.370115e-11
18659 4.369586e-11
18660 4.369057e-11
18661 4.368529e-11
18662 4.368000e-11
18663 4.367471e-11
18664 4.366943e-11
18665 4.366414e-11
18666 4.365886e-11
18667 4.365357e-11
18668 4.364829e-11
18669 4.364301e-11
18670 4.363773e-11
18671 4.363245e-11
18672 4.362717e-11
18673 4.362190e-11
18674 4.361662e-11
18675 4.361134e-11
18676 4.360607e-11
18677 4.360080e-11
18678 4.359552e-11
18679 4.359025e-11
18680 4.358498e-11
18681 4.357971e-11
18682 4.357444e-11
18683 4.356917e-11
18684 4.356391e-11
18685 4.355864e-11
18686 4.355337e-11
18687 4.354811e-11
18688 4.354285e-11
18689 4.353758e-11
18690 4.353232e-11
18691 4.352706e-11
18692 4.352180e-11
18693 4.351654e-11
18694 4.351128e-11
18695 4.350603e-11
18696 4.350077e-11
18697 4.349551e-11
18698 4.349026e-11
18699 4.348501e-11
18700 4.347975e-11
18701 4.347450e-11
18702 4.346925e-11
18703 4.346400e-11
18704 4.345875e-11
18705 4.345351e-11
18706 4.344826e-11
18707 4.344301e-11
18708 4.343777e-11
18709 4.343252e-11
18710 4.342728e-11
18711 4.342204e-11
18712 4.341679e-11
18713 4.341155e-11
18714 4.340631e-11
18715 4.340108e-11
18716 4.339584e-11
18717 4.339060e-11
18718 4.338536e-11
18719 4.338013e-11
18720 4.337489e-11
18721 4.336966e-11
18722 4.336443e-11
18723 4.335920e-11
18724 4.335397e-11
18725 4.334874e-11
18726 4.334351e-11
18727 4.333828e-11
18728 4.333305e-11
18729 4.332783e-11
18730 4.332260e-11
18731 4.331738e-11
18732 4.331215e-11
18733 4.330693e-11
18734 4.330171e-11
18735 4.329649e-11
18736 4.329127e-11
18737 4.328605e-11
18738 4.328083e-11
18739 4.327562e-11
18740 4.327040e-11
18741 4.326518e-11
18742 4.325997e-11
18743 4.325476e-11
18744 4.324954e-11
18745 4.324433e-11
18746 4.323912e-11
18747 4.323391e-11
18748 4.322870e-11
18749 4.322350e-11
18750 4.321829e-11
18751 4.321308e-11
18752 4.320788e-11
18753 4.320267e-11
18754 4.319747e-11
18755 4.319227e-11
18756 4.318706e-11
18757 4.318186e-11
18758 4.317666e-11
18759 4.317147e-11
18760 4.316627e-11
18761 4.316107e-11
18762 4.315587e-11
18763 4.315068e-11
18764 4.314548e-11
18765 4.314029e-11
18766 4.313510e-11
18767 4.312991e-11
18768 4.312472e-11
18769 4.311953e-11
18770 4.311434e-11
18771 4.310915e-11
18772 4.310396e-11
18773 4.309877e-11
18774 4.309359e-11
18775 4.308840e-11
18776 4.308322e-11
18777 4.307804e-11
18778 4.307286e-11
18779 4.306768e-11
18780 4.306250e-11
18781 4.305732e-11
18782 4.305214e-11
18783 4.304696e-11
18784 4.304178e-11
18785 4.303661e-11
18786 4.303143e-11
18787 4.302626e-11
18788 4.302109e-11
18789 4.301592e-11
18790 4.301075e-11
18791 4.300558e-11
18792 4.300041e-11
18793 4.299524e-11
18794 4.299007e-11
18795 4.298490e-11
18796 4.297974e-11
18797 4.297457e-11
18798 4.296941e-11
18799 4.296425e-11
18800 4.295908e-11
18801 4.295392e-11
18802 4.294876e-11
18803 4.294360e-11
18804 4.293844e-11
18805 4.293328e-11
18806 4.292812e-11
18807 4.292296e-11
18808 4.291781e-11
18809 4.291265e-11
18810 4.290750e-11
18811 4.290234e-11
18812 4.289719e-11
18813 4.289204e-11
18814 4.288689e-11
18815 4.288174e-11
18816 4.287659e-11
18817 4.287144e-11
18818 4.286629e-11
18819 4.286115e-11
18820 4.285600e-11
18821 4.285086e-11
18822 4.284571e-11
18823 4.284057e-11
18824 4.283543e-11
18825 4.283029e-11
18826 4.282515e-11
18827 4.282001e-11
18828 4.281487e-11
18829 4.280973e-11
18830 4.280459e-11
18831 4.279946e-11
18832 4.279432e-11
18833 4.278919e-11
18834 4.278406e-11
18835 4.277892e-11
18836 4.277379e-11
18837 4.276866e-11
18838 4.276353e-11
18839 4.275840e-11
18840 4.275328e-11
18841 4.274815e-11
18842 4.274302e-11
18843 4.273790e-11
18844 4.273277e-11
18845 4.272765e-11
18846 4.272253e-11
18847 4.271741e-11
18848 4.271228e-11
18849 4.270716e-11
18850 4.270205e-11
18851 4.269693e-11
18852 4.269181e-11
18853 4.268669e-11
18854 4.268158e-11
18855 4.267646e-11
18856 4.267135e-11
18857 4.266624e-11
18858 4.266113e-11
18859 4.265601e-11
18860 4.265090e-11
18861 4.264579e-11
18862 4.264069e-11
18863 4.263558e-11
18864 4.263047e-11
18865 4.262537e-11
18866 4.262026e-11
18867 4.261516e-11
18868 4.261005e-11
18869 4.260495e-11
18870 4.259985e-11
18871 4.259475e-11
18872 4.258965e-11
18873 4.258455e-11
18874 4.257945e-11
18875 4.257436e-11
18876 4.256926e-11
18877 4.256417e-11
18878 4.255907e-11
18879 4.255398e-11
18880 4.254889e-11
18881 4.254379e-11
18882 4.253870e-11
18883 4.253361e-11
18884 4.252853e-11
18885 4.252344e-11
18886 4.251835e-11
18887 4.251326e-11
18888 4.250818e-11
18889 4.250309e-11
18890 4.249801e-11
18891 4.249293e-11
18892 4.248784e-11
18893 4.248276e-11
18894 4.247768e-11
18895 4.247260e-11
18896 4.246753e-11
18897 4.246245e-11
18898 4.245737e-11
18899 4.245230e-11
18900 4.244722e-11
18901 4.244215e-11
18902 4.243707e-11
18903 4.243200e-11
18904 4.242693e-11
18905 4.242186e-11
18906 4.241679e-11
18907 4.241172e-11
18908 4.240665e-11
18909 4.240159e-11
18910 4.239652e-11
18911 4.239145e-11
18912 4.238639e-11
18913 4.238133e-11
18914 4.237626e-11
18915 4.237120e-11
18916 4.236614e-11
18917 4.236108e-11
18918 4.235602e-11
18919 4.235096e-11
18920 4.234590e-11
18921 4.234085e-11
18922 4.233579e-11
18923 4.233074e-11
18924 4.232568e-11
18925 4.232063e-11
18926 4.231558e-11
18927 4.231053e-11
18928 4.230548e-11
18929 4.230043e-11
18930 4.229538e-11
18931 4.229033e-11
18932 4.228528e-11
18933 4.228024e-11
18934 4.227519e-11
18935 4.227015e-11
18936 4.226510e-11
18937 4.226006e-11
18938 4.225502e-11
18939 4.224998e-11
18940 4.224494e-11
18941 4.223990e-11
18942 4.223486e-11
18943 4.222982e-11
18944 4.222479e-11
18945 4.221975e-11
18946 4.221471e-11
18947 4.220968e-11
18948 4.220465e-11
18949 4.219961e-11
18950 4.219458e-11
18951 4.218955e-11
18952 4.218452e-11
18953 4.217949e-11
18954 4.217447e-11
18955 4.216944e-11
18956 4.216441e-11
18957 4.215939e-11
18958 4.215436e-11
18959 4.214934e-11
18960 4.214432e-11
18961 4.213929e-11
18962 4.213427e-11
18963 4.212925e-11
18964 4.212423e-11
18965 4.211922e-11
18966 4.211420e-11
18967 4.210918e-11
18968 4.210416e-11
18969 4.209915e-11
18970 4.209413e-11
18971 4.208912e-11
18972 4.208410e-11
18973 4.207909e-11
18974 4.207408e-11
18975 4.206907e-11
18976 4.206406e-11
18977 4.205905e-11
18978 4.205404e-11
18979 4.204903e-11
18980 4.204402e-11
18981 4.203902e-11
18982 4.203401e-11
18983 4.202901e-11
18984 4.202400e-11
18985 4.201900e-11
18986 4.201400e-11
18987 4.200900e-11
18988 4.200400e-11
18989 4.199900e-11
18990 4.199400e-11
18991 4.198900e-11
18992 4.198401e-11
18993 4.197901e-11
18994 4.197402e-11
18995 4.196902e-11
18996 4.196403e-11
18997 4.195904e-11
18998 4.195404e-11
18999 4.194905e-11
19000 4.194406e-11
19001 4.193908e-11
19002 4.193409e-11
19003 4.192910e-11
19004 4.192411e-11
19005 4.191913e-11
19006 4.191414e-11
19007 4.190916e-11
19008 4.190418e-11
19009 4.189919e-11
19010 4.189421e-11
19011 4.188923e-11
19012 4.188425e-11
19013 4.187927e-11
19014 4.187430e-11
19015 4.186932e-11
19016 4.186434e-11
19017 4.185937e-11
19018 4.185439e-11
19019 4.184942e-11
19020 4.184445e-11
19021 4.183948e-11
19022 4.183451e-11
19023 4.182953e-11
19024 4.182457e-11
19025 4.181960e-11
19026 4.181463e-11
19027 4.180966e-11
19028 4.180470e-11
19029 4.179973e-11
19030 4.179477e-11
19031 4.178980e-11
19032 4.178484e-11
19033 4.177988e-11
19034 4.177492e-11
19035 4.176996e-11
19036 4.176500e-11
19037 4.176004e-11
19038 4.175508e-11
19039 4.175013e-11
19040 4.174517e-11
19041 4.174022e-11
19042 4.173526e-11
19043 4.173031e-11
19044 4.172536e-11
19045 4.172041e-11
19046 4.171546e-11
19047 4.171051e-11
19048 4.170556e-11
19049 4.170061e-11
19050 4.169566e-11
19051 4.169072e-11
19052 4.168577e-11
19053 4.168083e-11
19054 4.167588e-11
19055 4.167094e-11
19056 4.166600e-11
19057 4.166106e-11
19058 4.165612e-11
19059 4.165118e-11
19060 4.164624e-11
19061 4.164130e-11
19062 4.163636e-11
19063 4.163143e-11
19064 4.162649e-11
19065 4.162156e-11
19066 4.161662e-11
19067 4.161169e-11
19068 4.160676e-11
19069 4.160183e-11
19070 4.159690e-11
19071 4.159197e-11
19072 4.158704e-11
19073 4.158211e-11
19074 4.157718e-11
19075 4.157226e-11
19076 4.156733e-11
19077 4.156241e-11
19078 4.155748e-11
19079 4.155256e-11
19080 4.154764e-11
19081 4.154272e-11
19082 4.153780e-11
19083 4.153288e-11
19084 4.152796e-11
19085 4.152304e-11
19086 4.151813e-11
19087 4.151321e-11
19088 4.150829e-11
19089 4.150338e-11
19090 4.149847e-11
19091 4.149355e-11
19092 4.148864e-11
19093 4.148373e-11
19094 4.147882e-11
19095 4.147391e-11
19096 4.146900e-11
19097 4.146410e-11
19098 4.145919e-11
19099 4.145428e-11
19100 4.144938e-11
19101 4.144447e-11
19102 4.143957e-11
19103 4.143467e-11
19104 4.142977e-11
19105 4.142486e-11
19106 4.141996e-11
19107 4.141507e-11
19108 4.141017e-11
19109 4.140527e-11
19110 4.140037e-11
19111 4.139548e-11
19112 4.139058e-11
19113 4.138569e-11
19114 4.138079e-11
19115 4.137590e-11
19116 4.137101e-11
19117 4.136612e-11
19118 4.136123e-11
19119 4.135634e-11
19120 4.135145e-11
19121 4.134656e-11
19122 4.134168e-11
19123 4.133679e-11
19124 4.133191e-11
19125 4.132702e-11
19126 4.132214e-11
19127 4.131726e-11
19128 4.131237e-11
19129 4.130749e-11
19130 4.130261e-11
19131 4.129773e-11
19132 4.129285e-11
19133 4.128798e-11
19134 4.128310e-11
19135 4.127822e-11
19136 4.127335e-11
19137 4.126847e-11
19138 4.126360e-11
19139 4.125872e-11
19140 4.125385e-11
19141 4.124898e-11
19142 4.124411e-11
19143 4.123924e-11
19144 4.123437e-11
19145 4.122950e-11
19146 4.122463e-11
19147 4.121976e-11
19148 4.121490e-11
19149 4.121003e-11
19150 4.120517e-11
19151 4.120030e-11
19152 4.119544e-11
19153 4.119058e-11
19154 4.118571e-11
19155 4.118085e-11
19156 4.117599e-11
19157 4.117114e-11
19158 4.116628e-11
19159 4.116142e-11
19160 4.115656e-11
19161 4.115171e-11
19162 4.114685e-11
19163 4.114200e-11
19164 4.113715e-11
19165 4.113229e-11
19166 4.112744e-11
19167 4.112259e-11
19168 4.111774e-11
19169 4.111289e-11
19170 4.110804e-11
19171 4.110320e-11
19172 4.109835e-11
19173 4.109350e-11
19174 4.108866e-11
19175 4.108381e-11
19176 4.107897e-11
19177 4.107413e-11
19178 4.106929e-11
19179 4.106445e-11
19180 4.105961e-11
19181 4.105477e-11
19182 4.104993e-11
19183 4.104509e-11
19184 4.104025e-11
19185 4.103542e-11
19186 4.103058e-11
19187 4.102575e-11
19188 4.102092e-11
19189 4.101608e-11
19190 4.101125e-11
19191 4.100642e-11
19192 4.100159e-11
19193 4.099676e-11
19194 4.099193e-11
19195 4.098710e-11
19196 4.098228e-11
19197 4.097745e-11
19198 4.097263e-11
19199 4.096780e-11
19200 4.096298e-11
19201 4.095816e-11
19202 4.095333e-11
19203 4.094851e-11
19204 4.094369e-11
19205 4.093887e-11
19206 4.093405e-11
19207 4.092924e-11
19208 4.092442e-11
19209 4.091960e-11
19210 4.091479e-11
19211 4.090997e-11
19212 4.090516e-11
19213 4.090035e-11
19214 4.089553e-11
19215 4.089072e-11
19216 4.088591e-11
19217 4.088110e-11
19218 4.087629e-11
19219 4.087149e-11
19220 4.086668e-11
19221 4.086187e-11
19222 4.085707e-11
19223 4.085226e-11
19224 4.084746e-11
19225 4.084265e-11
19226 4.083785e-11
19227 4.083305e-11
19228 4.082825e-11
19229 4.082345e-11
19230 4.081865e-11
19231 4.081385e-11
19232 4.080905e-11
19233 4.080426e-11
19234 4.079946e-11
19235 4.079467e-11
19236 4.078987e-11
19237 4.078508e-11
19238 4.078029e-11
19239 4.077549e-11
19240 4.077070e-11
19241 4.076591e-11
19242 4.076112e-11
19243 4.075634e-11
19244 4.075155e-11
19245 4.074676e-11
19246 4.074198e-11
19247 4.073719e-11
19248 4.073241e-11
19249 4.072762e-11
19250 4.072284e-11
19251 4.071806e-11
19252 4.071328e-11
19253 4.070850e-11
19254 4.070372e-11
19255 4.069894e-11
19256 4.069416e-11
19257 4.068938e-11
19258 4.068460e-11
19259 4.067983e-11
19260 4.067505e-11
19261 4.067028e-11
19262 4.066551e-11
19263 4.066074e-11
19264 4.065596e-11
19265 4.065119e-11
19266 4.064642e-11
19267 4.064165e-11
19268 4.063689e-11
19269 4.063212e-11
19270 4.062735e-11
19271 4.062259e-11
19272 4.061782e-11
19273 4.061306e-11
19274 4.060829e-11
19275 4.060353e-11
19276 4.059877e-11
19277 4.059401e-11
19278 4.058925e-11
19279 4.058449e-11
19280 4.057973e-11
19281 4.057497e-11
19282 4.057021e-11
19283 4.056546e-11
19284 4.056070e-11
19285 4.055595e-11
19286 4.055119e-11
19287 4.054644e-11
19288 4.054169e-11
19289 4.053694e-11
19290 4.053219e-11
19291 4.052744e-11
19292 4.052269e-11
19293 4.051794e-11
19294 4.051319e-11
19295 4.050845e-11
19296 4.050370e-11
19297 4.049895e-11
19298 4.049421e-11
19299 4.048947e-11
19300 4.048472e-11
19301 4.047998e-11
19302 4.047524e-11
19303 4.047050e-11
19304 4.046576e-11
19305 4.046102e-11
19306 4.045628e-11
19307 4.045155e-11
19308 4.044681e-11
19309 4.044207e-11
19310 4.043734e-11
19311 4.043260e-11
19312 4.042787e-11
19313 4.042313e-11
19314 4.041840e-11
19315 4.041367e-11
19316 4.040894e-11
19317 4.040421e-11
19318 4.039948e-11
19319 4.039475e-11
19320 4.039002e-11
19321 4.038529e-11
19322 4.038057e-11
19323 4.037584e-11
19324 4.037112e-11
19325 4.036639e-11
19326 4.036167e-11
19327 4.035695e-11
19328 4.035223e-11
19329 4.034751e-11
19330 4.034279e-11
19331 4.033807e-11
19332 4.033335e-11
19333 4.032863e-11
19334 4.032392e-11
19335 4.031920e-11
19336 4.031448e-11
19337 4.030977e-11
19338 4.030506e-11
19339 4.030034e-11
19340 4.029563e-11
19341 4.029092e-11
19342 4.028621e-11
19343 4.028150e-11
19344 4.027679e-11
19345 4.027208e-11
19346 4.026738e-11
19347 4.026267e-11
19348 4.025797e-11
19349 4.025326e-11
19350 4.024856e-11
19351 4.024385e-11
19352 4.023915e-11
19353 4.023445e-11
19354 4.022975e-11
19355 4.022505e-11
19356 4.022035e-11
19357 4.021565e-11
19358 4.021095e-11
19359 4.020626e-11
19360 4.020156e-11
19361 4.019687e-11
19362 4.019217e-11
19363 4.018748e-11
19364 4.018278e-11
19365 4.017809e-11
19366 4.017340e-11
19367 4.016871e-11
19368 4.016402e-11
19369 4.015933e-11
19370 4.015464e-11
19371 4.014996e-11
19372 4.014527e-11
19373 4.014058e-11
19374 4.013590e-11
19375 4.013121e-11
19376 4.012653e-11
19377 4.012185e-11
19378 4.011717e-11
19379 4.011249e-11
19380 4.010781e-11
19381 4.010313e-11
19382 4.009845e-11
19383 4.009377e-11
19384 4.008909e-11
19385 4.008442e-11
19386 4.007974e-11
19387 4.007507e-11
19388 4.007039e-11
19389 4.006572e-11
19390 4.006105e-11
19391 4.005637e-11
19392 4.005170e-11
19393 4.004703e-11
19394 4.004236e-11
19395 4.003770e-11
19396 4.003303e-11
19397 4.002836e-11
19398 4.002369e-11
19399 4.001903e-11
19400 4.001436e-11
19401 4.000970e-11
19402 4.000504e-11
19403 4.000038e-11
19404 3.999571e-11
19405 3.999105e-11
19406 3.998639e-11
19407 3.998173e-11
19408 3.997708e-11
19409 3.997242e-11
19410 3.996776e-11
19411 3.996311e-11
19412 3.995845e-11
19413 3.995380e-11
19414 3.994914e-11
19415 3.994449e-11
19416 3.993984e-11
19417 3.993519e-11
19418 3.993054e-11
19419 3.992589e-11
19420 3.992124e-11
19421 3.991659e-11
19422 3.991194e-11
19423 3.990730e-11
19424 3.990265e-11
19425 3.989801e-11
19426 3.989336e-11
19427 3.988872e-11
19428 3.988407e-11
19429 3.987943e-11
19430 3.987479e-11
19431 3.987015e-11
19432 3.986551e-11
19433 3.986087e-11
19434 3.985624e-11
19435 3.985160e-11
19436 3.984696e-11
19437 3.984233e-11
19438 3.983769e-11
19439 3.983306e-11
19440 3.982842e-11
19441 3.982379e-11
19442 3.981916e-11
19443 3.981453e-11
19444 3.980990e-11
19445 3.980527e-11
19446 3.980064e-11
19447 3.979601e-11
19448 3.979138e-11
19449 3.978676e-11
19450 3.978213e-11
19451 3.977751e-11
19452 3.977288e-11
19453 3.976826e-11
19454 3.976364e-11
19455 3.975902e-11
19456 3.975440e-11
19457 3.974978e-11
19458 3.974516e-11
19459 3.974054e-11
19460 3.973592e-11
19461 3.973130e-11
19462 3.972669e-11
19463 3.972207e-11
19464 3.971746e-11
19465 3.971284e-11
19466 3.970823e-11
19467 3.970362e-11
19468 3.969901e-11
19469 3.969439e-11
19470 3.968978e-11
19471 3.968518e-11
19472 3.968057e-11
19473 3.967596e-11
19474 3.967135e-11
19475 3.966675e-11
19476 3.966214e-11
19477 3.965753e-11
19478 3.965293e-11
19479 3.964833e-11
19480 3.964372e-11
19481 3.963912e-11
19482 3.963452e-11
19483 3.962992e-11
19484 3.962531e-11
19485 3.962072e-11
19486 3.961612e-11
19487 3.961152e-11
19488 3.960692e-11
19489 3.960232e-11
19490 3.959773e-11
19491 3.959313e-11
19492 3.958854e-11
19493 3.958395e-11
19494 3.957935e-11
19495 3.957476e-11
19496 3.957017e-11
19497 3.956558e-11
19498 3.956099e-11
19499 3.955640e-11
19500 3.955181e-11
19501 3.954722e-11
19502 3.954264e-11
19503 3.953805e-11
19504 3.953347e-11
19505 3.952888e-11
19506 3.952430e-11
19507 3.951972e-11
19508 3.951513e-11
19509 3.951055e-11
19510 3.950597e-11
19511 3.950139e-11
19512 3.949681e-11
19513 3.949223e-11
19514 3.948766e-11
19515 3.948308e-11
19516 3.947850e-11
19517 3.947393e-11
19518 3.946936e-11
19519 3.946478e-11
19520 3.946021e-11
19521 3.945564e-11
19522 3.945107e-11
19523 3.944649e-11
19524 3.944192e-11
19525 3.943736e-11
19526 3.943279e-11
19527 3.942822e-11
19528 3.942365e-11
19529 3.941909e-11
19530 3.941452e-11
19531 3.940996e-11
19532 3.940539e-11
19533 3.940083e-11
19534 3.939627e-11
19535 3.939171e-11
19536 3.938715e-11
19537 3.938259e-11
19538 3.937803e-11
19539 3.937347e-11
19540 3.936891e-11
19541 3.936435e-11
19542 3.935980e-11
19543 3.935524e-11
19544 3.935069e-11
19545 3.934613e-11
19546 3.934158e-11
19547 3.933703e-11
19548 3.933248e-11
19549 3.932793e-11
19550 3.932338e-11
19551 3.931883e-11
19552 3.931428e-11
19553 3.930973e-11
19554 3.930518e-11
19555 3.930064e-11
19556 3.929609e-11
19557 3.929155e-11
19558 3.928700e-11
19559 3.928246e-11
19560 3.927792e-11
19561 3.927338e-11
19562 3.926884e-11
19563 3.926430e-11
19564 3.925976e-11
19565 3.925522e-11
19566 3.925068e-11
19567 3.924614e-11
19568 3.924161e-11
19569 3.923707e-11
19570 3.923254e-11
19571 3.922800e-11
19572 3.922347e-11
19573 3.921894e-11
19574 3.921440e-11
19575 3.920987e-11
19576 3.920534e-11
19577 3.920081e-11
19578 3.919628e-11
19579 3.919176e-11
19580 3.918723e-11
19581 3.918270e-11
19582 3.917818e-11
19583 3.917365e-11
19584 3.916913e-11
19585 3.916460e-11
19586 3.916008e-11
19587 3.915556e-11
19588 3.915104e-11
19589 3.914652e-11
19590 3.914200e-11
19591 3.913748e-11
19592 3.913296e-11
19593 3.912844e-11
19594 3.912392e-11
19595 3.911941e-11
19596 3.911489e-11
19597 3.911038e-11
19598 3.910587e-11
19599 3.910135e-11
19600 3.909684e-11
19601 3.909233e-11
19602 3.908782e-11
19603 3.908331e-11
19604 3.907880e-11
19605 3.907429e-11
19606 3.906978e-11
19607 3.906527e-11
19608 3.906077e-11
19609 3.905626e-11
19610 3.905176e-11
19611 3.904725e-11
19612 3.904275e-11
19613 3.903825e-11
19614 3.903375e-11
19615 3.902925e-11
19616 3.902475e-11
19617 3.902025e-11
19618 3.901575e-11
19619 3.901125e-11
19620 3.900675e-11
19621 3.900226e-11
19622 3.899776e-11
19623 3.899326e-11
19624 3.898877e-11
19625 3.898428e-11
19626 3.897978e-11
19627 3.897529e-11
19628 3.897080e-11
19629 3.896631e-11
19630 3.896182e-11
19631 3.895733e-11
19632 3.895284e-11
19633 3.894835e-11
19634 3.894387e-11
19635 3.893938e-11
19636 3.893490e-11
19637 3.893041e-11
19638 3.892593e-11
19639 3.892145e-11
19640 3.891696e-11
19641 3.891248e-11
19642 3.890800e-11
19643 3.890352e-11
19644 3.889904e-11
19645 3.889456e-11
19646 3.889008e-11
19647 3.888561e-11
19648 3.888113e-11
19649 3.887665e-11
19650 3.887218e-11
19651 3.886770e-11
19652 3.886323e-11
19653 3.885876e-11
19654 3.885428e-11
19655 3.884981e-11
19656 3.884534e-11
19657 3.884087e-11
19658 3.883640e-11
19659 3.883193e-11
19660 3.882746e-11
19661 3.882299e-11
19662 3.881852e-11
19663 3.881406e-11
19664 3.880959e-11
19665 3.880513e-11
19666 3.880066e-11
19667 3.879620e-11
19668 3.879174e-11
19669 3.878727e-11
19670 3.878281e-11
19671 3.877835e-11
19672 3.877389e-11
19673 3.876943e-11
19674 3.876498e-11
19675 3.876052e-11
19676 3.875606e-11
19677 3.875160e-11
19678 3.874715e-11
19679 3.874270e-11
19680 3.873824e-11
19681 3.873379e-11
19682 3.872934e-11
19683 3.872488e-11
19684 3.872043e-11
19685 3.871598e-11
19686 3.871153e-11
19687 3.870708e-11
19688 3.870264e-11
19689 3.869819e-11
19690 3.869374e-11
19691 3.868930e-11
19692 3.868485e-11
19693 3.868041e-11
19694 3.867596e-11
19695 3.867152e-11
19696 3.866708e-11
19697 3.866264e-11
19698 3.865820e-11
19699 3.865376e-11
19700 3.864932e-11
19701 3.864488e-11
19702 3.864044e-11
19703 3.863601e-11
19704 3.863157e-11
19705 3.862713e-11
19706 3.862270e-11
19707 3.861827e-11
19708 3.861383e-11
19709 3.860940e-11
19710 3.860497e-11
19711 3.860054e-11
19712 3.859611e-11
19713 3.859168e-11
19714 3.858725e-11
19715 3.858282e-11
19716 3.857839e-11
19717 3.857397e-11
19718 3.856954e-11
19719 3.856511e-11
19720 3.856069e-11
19721 3.855627e-11
19722 3.855184e-11
19723 3.854742e-11
19724 3.854300e-11
19725 3.853858e-11
19726 3.853416e-11
19727 3.852974e-11
19728 3.852532e-11
19729 3.852090e-11
19730 3.851649e-11
19731 3.851207e-11
19732 3.850765e-11
19733 3.850324e-11
19734 3.849882e-11
19735 3.849441e-11
19736 3.849000e-11
19737 3.848559e-11
19738 3.848117e-11
19739 3.847676e-11
19740 3.847235e-11
19741 3.846795e-11
19742 3.846354e-11
19743 3.845913e-11
19744 3.845472e-11
19745 3.845032e-11
19746 3.844591e-11
19747 3.844151e-11
19748 3.843710e-11
19749 3.843270e-11
19750 3.842830e-11
19751 3.842389e-11
19752 3.841949e-11
19753 3.841509e-11
19754 3.841069e-11
19755 3.840629e-11
19756 3.840190e-11
19757 3.839750e-11
19758 3.839310e-11
19759 3.838871e-11
19760 3.838431e-11
19761 3.837992e-11
19762 3.837552e-11
19763 3.837113e-11
19764 3.836674e-11
19765 3.836234e-11
19766 3.835795e-11
19767 3.835356e-11
19768 3.834917e-11
19769 3.834478e-11
19770 3.834040e-11
19771 3.833601e-11
19772 3.833162e-11
19773 3.832724e-11
19774 3.832285e-11
19775 3.831847e-11
19776 3.831408e-11
19777 3.830970e-11
19778 3.830532e-11
19779 3.830094e-11
19780 3.829656e-11
19781 3.829218e-11
19782 3.828780e-11
19783 3.828342e-11
19784 3.827904e-11
19785 3.827466e-11
19786 3.827029e-11
19787 3.826591e-11
19788 3.826154e-11
19789 3.825716e-11
19790 3.825279e-11
19791 3.824841e-11
19792 3.824404e-11
19793 3.823967e-11
19794 3.823530e-11
19795 3.823093e-11
19796 3.822656e-11
19797 3.822219e-11
19798 3.821782e-11
19799 3.821346e-11
19800 3.820909e-11
19801 3.820473e-11
19802 3.820036e-11
19803 3.819600e-11
19804 3.819163e-11
19805 3.818727e-11
19806 3.818291e-11
19807 3.817855e-11
19808 3.817419e-11
19809 3.816983e-11
19810 3.816547e-11
19811 3.816111e-11
19812 3.815675e-11
19813 3.815239e-11
19814 3.814804e-11
19815 3.814368e-11
19816 3.813933e-11
19817 3.813497e-11
19818 3.813062e-11
19819 3.812627e-11
19820 3.812191e-11
19821 3.811756e-11
19822 3.811321e-11
19823 3.810886e-11
19824 3.810451e-11
19825 3.810016e-11
19826 3.809581e-11
19827 3.809147e-11
19828 3.808712e-11
19829 3.808277e-11
19830 3.807843e-11
19831 3.807408e-11
19832 3.806974e-11
19833 3.806539e-11
19834 3.806105e-11
19835 3.805671e-11
19836 3.805236e-11
19837 3.804802e-11
19838 3.804368e-11
19839 3.803934e-11
19840 3.803501e-11
19841 3.803067e-11
19842 3.802633e-11
19843 3.802199e-11
19844 3.801766e-11
19845 3.801332e-11
19846 3.800899e-11
19847 3.800465e-11
19848 3.800032e-11
19849 3.799599e-11
19850 3.799166e-11
19851 3.798732e-11
19852 3.798299e-11
19853 3.797866e-11
19854 3.797434e-11
19855 3.797001e-11
19856 3.796568e-11
19857 3.796135e-11
19858 3.795703e-11
19859 3.795270e-11
19860 3.794838e-11
19861 3.794405e-11
19862 3.793973e-11
19863 3.793541e-11
19864 3.793109e-11
19865 3.792677e-11
19866 3.792244e-11
19867 3.791813e-11
19868 3.791381e-11
19869 3.790949e-11
19870 3.790517e-11
19871 3.790085e-11
19872 3.789654e-11
19873 3.789222e-11
19874 3.788791e-11
19875 3.788359e-11
19876 3.787928e-11
19877 3.787497e-11
19878 3.787066e-11
19879 3.786634e-11
19880 3.786203e-11
19881 3.785772e-11
19882 3.785342e-11
19883 3.784911e-11
19884 3.784480e-11
19885 3.784049e-11
19886 3.783619e-11
19887 3.783188e-11
19888 3.782758e-11
19889 3.782327e-11
19890 3.781897e-11
19891 3.781467e-11
19892 3.781036e-11
19893 3.780606e-11
19894 3.780176e-11
19895 3.779746e-11
19896 3.779316e-11
19897 3.778886e-11
19898 3.778457e-11
19899 3.778027e-11
19900 3.777597e-11
19901 3.777168e-11
19902 3.776738e-11
19903 3.776309e-11
19904 3.775880e-11
19905 3.775450e-11
19906 3.775021e-11
19907 3.774592e-11
19908 3.774163e-11
19909 3.773734e-11
19910 3.773305e-11
19911 3.772876e-11
19912 3.772447e-11
19913 3.772019e-11
19914 3.771590e-11
19915 3.771161e-11
19916 3.770733e-11
19917 3.770304e-11
19918 3.769876e-11
19919 3.769448e-11
19920 3.769020e-11
19921 3.768591e-11
19922 3.768163e-11
19923 3.767735e-11
19924 3.767307e-11
19925 3.766879e-11
19926 3.766452e-11
19927 3.766024e-11
19928 3.765596e-11
19929 3.765169e-11
19930 3.764741e-11
19931 3.764314e-11
19932 3.763886e-11
19933 3.763459e-11
19934 3.763032e-11
19935 3.762605e-11
19936 3.762177e-11
19937 3.761750e-11
19938 3.761323e-11
19939 3.760897e-11
19940 3.760470e-11
19941 3.760043e-11
19942 3.759616e-11
19943 3.759190e-11
19944 3.758763e-11
19945 3.758337e-11
19946 3.757910e-11
19947 3.757484e-11
19948 3.757058e-11
19949 3.756631e-11
19950 3.756205e-11
19951 3.755779e-11
19952 3.755353e-11
19953 3.754927e-11
19954 3.754501e-11
19955 3.754076e-11
19956 3.753650e-11
19957 3.753224e-11
19958 3.752799e-11
19959 3.752373e-11
19960 3.751948e-11
19961 3.751522e-11
19962 3.751097e-11
19963 3.750672e-11
19964 3.750247e-11
19965 3.749822e-11
19966 3.749397e-11
19967 3.748972e-11
19968 3.748547e-11
19969 3.748122e-11
19970 3.747697e-11
19971 3.747273e-11
19972 3.746848e-11
19973 3.746424e-11
19974 3.745999e-11
19975 3.745575e-11
19976 3.745150e-11
19977 3.744726e-11
19978 3.744302e-11
19979 3.743878e-11
19980 3.743454e-11
19981 3.743030e-11
19982 3.742606e-11
19983 3.742182e-11
19984 3.741758e-11
19985 3.741335e-11
19986 3.740911e-11
19987 3.740487e-11
19988 3.740064e-11
19989 3.739641e-11
19990 3.739217e-11
19991 3.738794e-11
19992 3.738371e-11
19993 3.737948e-11
19994 3.737524e-11
19995 3.737101e-11
19996 3.736678e-11
19997 3.736256e-11
19998 3.735833e-11
19999 3.735410e-11
