1 -1.852770e-06
2 -1.745981e-06
3 -1.443129e-06
4 -1.042084e-06
5 -7.285345e-07
6 -5.000940e-07
7 -3.391079e-07
8 -2.275888e-07
9 -1.516800e-07
10 -1.007079e-07
11 -6.557996e-08
12 -4.182536e-08
13 -2.650607e-08
14 -1.439371e-08
15 -3.320959e-09
16 2.679383e-09
17 6.093724e-10
18 -5.379279e-09
19 -8.101216e-09
20 -4.897742e-09
21 9.591251e-10
22 4.848268e-09
23 5.022049e-09
24 2.908756e-09
25 8.549898e-10
26 1.410321e-10
27 6.139403e-10
28 1.469105e-09
29 2.085767e-09
30 2.314742e-09
31 2.308756e-09
32 2.249977e-09
33 2.210477e-09
34 2.173381e-09
35 2.115123e-09
36 2.047387e-09
37 1.998485e-09
38 1.979797e-09
39 1.978140e-09
40 1.972652e-09
41 1.951743e-09
42 1.915978e-09
43 1.872363e-09
44 1.828858e-09
45 1.790896e-09
46 1.759725e-09
47 1.733314e-09
48 1.708788e-09
49 1.684229e-09
50 1.659210e-09
51 1.634415e-09
52 1.610419e-09
53 1.586726e-09
54 1.562150e-09
55 1.536373e-09
56 1.510722e-09
57 1.487182e-09
58 1.466806e-09
59 1.449117e-09
60 1.432682e-09
61 1.416135e-09
62 1.398889e-09
63 1.381346e-09
64 1.364444e-09
65 1.348876e-09
66 1.334572e-09
67 1.320845e-09
68 1.307057e-09
69 1.293157e-09
70 1.279571e-09
71 1.266648e-09
72 1.254252e-09
73 1.241914e-09
74 1.229344e-09
75 1.216780e-09
76 1.204800e-09
77 1.193707e-09
78 1.183068e-09
79 1.171908e-09
80 1.159473e-09
81 1.145919e-09
82 1.132258e-09
83 1.119594e-09
84 1.108272e-09
85 1.097622e-09
86 1.086500e-09
87 1.074120e-09
88 1.060544e-09
89 1.046546e-09
90 1.033048e-09
91 1.020522e-09
92 1.008754e-09
93 9.970671e-10
94 9.848037e-10
95 9.717206e-10
96 9.580814e-10
97 9.444271e-10
98 9.311969e-10
99 9.185174e-10
100 9.062182e-10
101 8.940095e-10
102 8.817007e-10
103 8.692628e-10
104 8.568090e-10
105 8.444904e-10
106 8.324134e-10
107 8.206235e-10
108 8.091031e-10
109 7.978282e-10
110 7.867660e-10
111 7.759128e-10
112 7.652671e-10
113 7.548544e-10
114 7.446947e-10
115 7.348223e-10
116 7.252491e-10
117 7.159806e-10
118 7.069925e-10
119 6.982713e-10
120 6.898038e-10
121 6.815976e-10
122 6.736693e-10
123 6.660306e-10
124 6.586783e-10
125 6.515874e-10
126 6.447406e-10
127 6.381730e-10
128 6.317231e-10
129 6.255667e-10
130 6.196450e-10
131 6.139542e-10
132 6.084669e-10
133 6.031596e-10
134 5.980530e-10
135 5.930272e-10
136 5.881908e-10
137 5.835039e-10
138 5.789566e-10
139 5.745397e-10
140 5.702456e-10
141 5.660138e-10
142 5.618796e-10
143 5.578164e-10
144 5.538169e-10
145 5.498693e-10
146 5.459768e-10
147 5.421120e-10
148 5.382746e-10
149 5.344331e-10
150 5.306444e-10
151 5.268425e-10
152 5.230419e-10
153 5.192076e-10
154 5.154261e-10
155 5.116070e-10
156 5.077372e-10
157 5.039211e-10
158 5.000516e-10
159 4.961615e-10
160 4.922093e-10
161 4.883130e-10
162 4.843599e-10
163 4.803487e-10
164 4.763949e-10
165 4.723844e-10
166 4.683169e-10
167 4.643085e-10
168 4.602459e-10
169 4.561419e-10
170 4.520983e-10
171 4.480213e-10
172 4.439150e-10
173 4.398698e-10
174 4.358006e-10
175 4.317153e-10
176 4.276913e-10
177 4.236602e-10
178 4.196370e-10
179 4.156743e-10
180 4.117249e-10
181 4.078022e-10
182 4.039382e-10
183 4.001011e-10
184 3.963210e-10
185 3.925795e-10
186 3.888919e-10
187 3.852585e-10
188 3.816917e-10
189 3.781765e-10
190 3.747275e-10
191 3.713545e-10
192 3.680292e-10
193 3.647920e-10
194 3.615999e-10
195 3.584896e-10
196 3.554680e-10
197 3.524870e-10
198 3.496088e-10
199 3.467683e-10
200 3.438521e-10
201 3.409748e-10
202 3.383603e-10
203 3.358173e-10
204 3.333672e-10
205 3.309658e-10
206 3.286409e-10
207 3.263737e-10
208 3.241677e-10
209 3.220262e-10
210 3.199320e-10
211 3.179065e-10
212 3.159162e-10
213 3.139959e-10
214 3.121022e-10
215 3.102748e-10
216 3.084716e-10
217 3.067231e-10
218 3.049995e-10
219 3.033207e-10
220 3.016660e-10
221 3.000474e-10
222 2.984508e-10
223 2.968829e-10
224 2.953342e-10
225 2.938076e-10
226 2.922970e-10
227 2.908031e-10
228 2.893220e-10
229 2.878526e-10
230 2.863934e-10
231 2.849410e-10
232 2.834971e-10
233 2.820548e-10
234 2.806204e-10
235 2.791820e-10
236 2.777526e-10
237 2.763130e-10
238 2.748848e-10
239 2.734400e-10
240 2.720088e-10
241 2.705577e-10
242 2.691185e-10
243 2.676623e-10
244 2.662132e-10
245 2.647522e-10
246 2.632924e-10
247 2.618274e-10
248 2.603570e-10
249 2.588895e-10
250 2.574101e-10
251 2.559417e-10
252 2.544555e-10
253 2.529838e-10
254 2.514981e-10
255 2.500226e-10
256 2.485434e-10
257 2.470675e-10
258 2.455971e-10
259 2.441246e-10
260 2.426653e-10
261 2.412005e-10
262 2.397500e-10
263 2.383015e-10
264 2.368630e-10
265 2.354338e-10
266 2.340118e-10
267 2.326032e-10
268 2.312019e-10
269 2.298142e-10
270 2.284384e-10
271 2.270752e-10
272 2.257256e-10
273 2.243905e-10
274 2.230680e-10
275 2.217635e-10
276 2.204720e-10
277 2.191969e-10
278 2.179390e-10
279 2.166927e-10
280 2.154704e-10
281 2.142594e-10
282 2.130671e-10
283 2.118928e-10
284 2.107294e-10
285 2.095925e-10
286 2.084658e-10
287 2.073576e-10
288 2.062679e-10
289 2.051877e-10
290 2.041336e-10
291 2.030894e-10
292 2.020608e-10
293 2.010516e-10
294 2.000508e-10
295 1.990714e-10
296 1.981035e-10
297 1.971462e-10
298 1.962091e-10
299 1.952796e-10
300 1.943647e-10
301 1.934633e-10
302 1.925690e-10
303 1.916917e-10
304 1.908225e-10
305 1.899620e-10
306 1.891155e-10
307 1.882756e-10
308 1.874455e-10
309 1.866254e-10
310 1.858115e-10
311 1.850073e-10
312 1.842103e-10
313 1.834193e-10
314 1.826365e-10
315 1.818595e-10
316 1.810883e-10
317 1.803227e-10
318 1.795628e-10
319 1.788077e-10
320 1.780570e-10
321 1.773117e-10
322 1.765700e-10
323 1.758322e-10
324 1.750998e-10
325 1.743695e-10
326 1.736433e-10
327 1.729223e-10
328 1.722022e-10
329 1.714865e-10
330 1.707759e-10
331 1.700653e-10
332 1.693596e-10
333 1.686588e-10
334 1.679579e-10
335 1.672619e-10
336 1.665707e-10
337 1.658801e-10
338 1.651943e-10
339 1.645132e-10
340 1.638335e-10
341 1.631585e-10
342 1.624881e-10
343 1.618198e-10
344 1.611562e-10
345 1.604971e-10
346 1.598409e-10
347 1.591892e-10
348 1.585421e-10
349 1.578987e-10
350 1.572597e-10
351 1.566252e-10
352 1.559954e-10
353 1.553701e-10
354 1.547490e-10
355 1.541336e-10
356 1.535227e-10
357 1.529160e-10
358 1.523151e-10
359 1.517194e-10
360 1.511277e-10
361 1.505415e-10
362 1.499613e-10
363 1.493849e-10
364 1.488132e-10
365 1.482485e-10
366 1.476875e-10
367 1.471302e-10
368 1.465808e-10
369 1.460351e-10
370 1.454929e-10
371 1.449575e-10
372 1.444267e-10
373 1.438993e-10
374 1.433771e-10
375 1.428607e-10
376 1.423474e-10
377 1.418378e-10
378 1.413347e-10
379 1.408347e-10
380 1.403378e-10
381 1.398461e-10
382 1.393582e-10
383 1.388733e-10
384 1.383921e-10
385 1.379152e-10
386 1.374411e-10
387 1.369698e-10
388 1.365026e-10
389 1.360382e-10
390 1.355765e-10
391 1.351177e-10
392 1.346618e-10
393 1.342086e-10
394 1.337580e-10
395 1.333095e-10
396 1.328636e-10
397 1.324203e-10
398 1.319788e-10
399 1.315393e-10
400 1.311023e-10
401 1.306678e-10
402 1.302338e-10
403 1.298023e-10
404 1.293733e-10
405 1.289457e-10
406 1.285191e-10
407 1.280951e-10
408 1.276734e-10
409 1.272519e-10
410 1.268324e-10
411 1.264154e-10
412 1.260001e-10
413 1.255852e-10
414 1.251727e-10
415 1.247625e-10
416 1.243533e-10
417 1.239456e-10
418 1.235401e-10
419 1.231370e-10
420 1.227345e-10
421 1.223342e-10
422 1.219361e-10
423 1.215400e-10
424 1.211454e-10
425 1.207529e-10
426 1.203626e-10
427 1.199744e-10
428 1.195882e-10
429 1.192041e-10
430 1.188222e-10
431 1.184428e-10
432 1.180658e-10
433 1.176908e-10
434 1.173178e-10
435 1.169482e-10
436 1.165808e-10
437 1.162155e-10
438 1.158521e-10
439 1.154929e-10
440 1.151357e-10
441 1.147805e-10
442 1.144273e-10
443 1.140788e-10
444 1.137321e-10
445 1.133872e-10
446 1.130446e-10
447 1.127067e-10
448 1.123706e-10
449 1.120363e-10
450 1.117042e-10
451 1.113770e-10
452 1.110513e-10
453 1.107274e-10
454 1.104058e-10
455 1.100889e-10
456 1.097735e-10
457 1.094598e-10
458 1.091482e-10
459 1.088412e-10
460 1.085357e-10
461 1.082318e-10
462 1.079296e-10
463 1.076319e-10
464 1.073357e-10
465 1.070409e-10
466 1.067476e-10
467 1.064583e-10
468 1.061705e-10
469 1.058841e-10
470 1.055991e-10
471 1.053172e-10
472 1.050370e-10
473 1.047582e-10
474 1.044806e-10
475 1.042054e-10
476 1.039320e-10
477 1.036598e-10
478 1.033890e-10
479 1.031197e-10
480 1.028522e-10
481 1.025860e-10
482 1.023210e-10
483 1.020573e-10
484 1.017950e-10
485 1.015339e-10
486 1.012740e-10
487 1.010153e-10
488 1.007576e-10
489 1.005010e-10
490 1.002457e-10
491 9.999143e-11
492 9.973799e-11
493 9.948544e-11
494 9.923403e-11
495 9.898377e-11
496 9.873447e-11
497 9.848562e-11
498 9.823789e-11
499 9.799128e-11
500 9.774579e-11
501 9.750066e-11
502 9.725645e-11
503 9.701334e-11
504 9.677132e-11
505 9.653008e-11
506 9.628937e-11
507 9.604973e-11
508 9.581116e-11
509 9.557366e-11
510 9.533660e-11
511 9.510052e-11
512 9.486548e-11
513 9.463147e-11
514 9.439834e-11
515 9.416594e-11
516 9.393457e-11
517 9.370421e-11
518 9.347486e-11
519 9.324638e-11
520 9.301886e-11
521 9.279233e-11
522 9.256679e-11
523 9.234225e-11
524 9.211878e-11
525 9.189627e-11
526 9.167473e-11
527 9.145414e-11
528 9.123472e-11
529 9.101643e-11
530 9.079907e-11
531 9.058264e-11
532 9.036713e-11
533 9.015312e-11
534 8.994012e-11
535 8.972802e-11
536 8.951681e-11
537 8.930660e-11
538 8.909807e-11
539 8.889040e-11
540 8.868360e-11
541 8.847767e-11
542 8.827295e-11
543 8.806974e-11
544 8.786738e-11
545 8.766584e-11
546 8.746514e-11
547 8.726584e-11
548 8.706785e-11
549 8.687066e-11
550 8.667428e-11
551 8.647870e-11
552 8.628464e-11
553 8.609170e-11
554 8.589954e-11
555 8.570815e-11
556 8.551754e-11
557 8.532849e-11
558 8.514042e-11
559 8.495310e-11
560 8.476653e-11
561 8.458069e-11
562 8.439641e-11
563 8.421300e-11
564 8.403031e-11
565 8.384834e-11
566 8.366709e-11
567 8.348729e-11
568 8.330831e-11
569 8.313003e-11
570 8.295244e-11
571 8.277555e-11
572 8.259996e-11
573 8.242518e-11
574 8.225107e-11
575 8.207763e-11
576 8.190486e-11
577 8.173325e-11
578 8.156245e-11
579 8.139230e-11
580 8.122280e-11
581 8.105395e-11
582 8.088610e-11
583 8.071911e-11
584 8.055274e-11
585 8.038700e-11
586 8.022189e-11
587 8.005764e-11
588 7.989429e-11
589 7.973156e-11
590 7.956942e-11
591 7.940790e-11
592 7.924709e-11
593 7.908724e-11
594 7.892798e-11
595 7.876931e-11
596 7.861122e-11
597 7.845372e-11
598 7.829722e-11
599 7.814130e-11
600 7.798594e-11
601 7.783115e-11
602 7.767693e-11
603 7.752353e-11
604 7.737081e-11
605 7.721864e-11
606 7.706702e-11
607 7.691595e-11
608 7.676554e-11
609 7.661590e-11
610 7.646679e-11
611 7.631821e-11
612 7.617017e-11
613 7.602265e-11
614 7.587595e-11
615 7.572979e-11
616 7.558414e-11
617 7.543901e-11
618 7.529440e-11
619 7.515042e-11
620 7.500709e-11
621 7.486427e-11
622 7.472194e-11
623 7.458011e-11
624 7.443878e-11
625 7.429820e-11
626 7.415811e-11
627 7.401850e-11
628 7.387938e-11
629 7.374074e-11
630 7.360270e-11
631 7.346527e-11
632 7.332832e-11
633 7.319184e-11
634 7.305583e-11
635 7.292029e-11
636 7.278544e-11
637 7.265109e-11
638 7.251719e-11
639 7.238376e-11
640 7.225077e-11
641 7.211831e-11
642 7.198650e-11
643 7.185514e-11
644 7.172422e-11
645 7.159375e-11
646 7.146371e-11
647 7.133426e-11
648 7.120537e-11
649 7.107691e-11
650 7.094888e-11
651 7.082128e-11
652 7.069410e-11
653 7.056755e-11
654 7.044149e-11
655 7.031583e-11
656 7.019060e-11
657 7.006578e-11
658 6.994137e-11
659 6.981763e-11
660 6.969430e-11
661 6.957137e-11
662 6.944885e-11
663 6.932673e-11
664 6.920504e-11
665 6.908398e-11
666 6.896332e-11
667 6.884305e-11
668 6.872317e-11
669 6.860368e-11
670 6.848464e-11
671 6.836620e-11
672 6.824815e-11
673 6.813047e-11
674 6.801317e-11
675 6.789624e-11
676 6.777978e-11
677 6.766390e-11
678 6.754839e-11
679 6.743325e-11
680 6.731847e-11
681 6.720405e-11
682 6.709009e-11
683 6.697670e-11
684 6.686367e-11
685 6.675100e-11
686 6.663868e-11
687 6.652671e-11
688 6.641517e-11
689 6.630420e-11
690 6.619359e-11
691 6.608331e-11
692 6.597338e-11
693 6.586379e-11
694 6.575458e-11
695 6.564598e-11
696 6.553771e-11
697 6.542977e-11
698 6.532217e-11
699 6.521490e-11
700 6.510795e-11
701 6.500163e-11
702 6.489563e-11
703 6.478996e-11
704 6.468462e-11
705 6.457959e-11
706 6.447488e-11
707 6.437071e-11
708 6.426692e-11
709 6.416344e-11
710 6.406027e-11
711 6.395742e-11
712 6.385487e-11
713 6.375276e-11
714 6.365109e-11
715 6.354973e-11
716 6.344867e-11
717 6.334791e-11
718 6.324745e-11
719 6.314733e-11
720 6.304771e-11
721 6.294838e-11
722 6.284935e-11
723 6.275061e-11
724 6.265216e-11
725 6.255400e-11
726 6.245629e-11
727 6.235892e-11
728 6.226184e-11
729 6.216504e-11
730 6.206852e-11
731 6.197228e-11
732 6.187639e-11
733 6.178091e-11
734 6.168570e-11
735 6.159077e-11
736 6.149611e-11
737 6.140173e-11
738 6.130762e-11
739 6.121392e-11
740 6.112053e-11
741 6.102740e-11
742 6.093454e-11
743 6.084195e-11
744 6.074962e-11
745 6.065760e-11
746 6.056595e-11
747 6.047457e-11
748 6.038345e-11
749 6.029259e-11
750 6.020199e-11
751 6.011164e-11
752 6.002165e-11
753 5.993197e-11
754 5.984254e-11
755 5.975336e-11
756 5.966444e-11
757 5.957576e-11
758 5.948734e-11
759 5.939930e-11
760 5.931153e-11
761 5.922399e-11
762 5.913670e-11
763 5.904965e-11
764 5.896285e-11
765 5.887632e-11
766 5.879014e-11
767 5.870421e-11
768 5.861851e-11
769 5.853304e-11
770 5.844782e-11
771 5.836282e-11
772 5.827813e-11
773 5.819376e-11
774 5.810961e-11
775 5.802570e-11
776 5.794202e-11
777 5.785856e-11
778 5.777533e-11
779 5.769242e-11
780 5.760980e-11
781 5.752741e-11
782 5.744523e-11
783 5.736328e-11
784 5.728156e-11
785 5.720005e-11
786 5.711887e-11
787 5.703797e-11
788 5.695728e-11
789 5.687681e-11
790 5.679656e-11
791 5.671652e-11
792 5.663669e-11
793 5.655720e-11
794 5.647797e-11
795 5.639895e-11
796 5.632014e-11
797 5.624154e-11
798 5.616315e-11
799 5.608497e-11
800 5.600710e-11
801 5.592950e-11
802 5.585211e-11
803 5.577491e-11
804 5.569792e-11
805 5.562114e-11
806 5.554455e-11
807 5.546825e-11
808 5.539223e-11
809 5.531641e-11
810 5.524079e-11
811 5.516536e-11
812 5.509013e-11
813 5.501509e-11
814 5.494031e-11
815 5.486582e-11
816 5.479153e-11
817 5.471743e-11
818 5.464352e-11
819 5.456980e-11
820 5.449627e-11
821 5.442295e-11
822 5.434995e-11
823 5.427714e-11
824 5.420452e-11
825 5.413208e-11
826 5.405983e-11
827 5.398775e-11
828 5.391587e-11
829 5.384429e-11
830 5.377292e-11
831 5.370172e-11
832 5.363071e-11
833 5.355987e-11
834 5.348921e-11
835 5.341873e-11
836 5.334850e-11
837 5.327851e-11
838 5.320870e-11
839 5.313906e-11
840 5.306959e-11
841 5.300030e-11
842 5.293118e-11
843 5.286224e-11
844 5.279359e-11
845 5.272510e-11
846 5.265679e-11
847 5.258864e-11
848 5.252066e-11
849 5.245285e-11
850 5.238521e-11
851 5.231780e-11
852 5.225059e-11
853 5.218356e-11
854 5.211668e-11
855 5.204997e-11
856 5.198342e-11
857 5.191704e-11
858 5.185082e-11
859 5.178485e-11
860 5.171905e-11
861 5.165340e-11
862 5.158792e-11
863 5.152259e-11
864 5.145742e-11
865 5.139241e-11
866 5.132759e-11
867 5.126298e-11
868 5.119853e-11
869 5.113423e-11
870 5.107008e-11
871 5.100609e-11
872 5.094225e-11
873 5.087857e-11
874 5.081509e-11
875 5.075179e-11
876 5.068864e-11
877 5.062564e-11
878 5.056279e-11
879 5.050009e-11
880 5.043754e-11
881 5.037513e-11
882 5.031295e-11
883 5.025092e-11
884 5.018903e-11
885 5.012729e-11
886 5.006570e-11
887 5.000425e-11
888 4.994295e-11
889 4.988180e-11
890 4.982085e-11
891 4.976005e-11
892 4.969939e-11
893 4.963888e-11
894 4.957850e-11
895 4.951827e-11
896 4.945818e-11
897 4.939824e-11
898 4.933849e-11
899 4.927889e-11
900 4.921942e-11
901 4.916009e-11
902 4.910090e-11
903 4.904184e-11
904 4.898292e-11
905 4.892416e-11
906 4.886558e-11
907 4.880713e-11
908 4.874882e-11
909 4.869064e-11
910 4.863260e-11
911 4.857469e-11
912 4.851691e-11
913 4.845928e-11
914 4.840183e-11
915 4.834451e-11
916 4.828733e-11
917 4.823027e-11
918 4.817334e-11
919 4.811655e-11
920 4.805988e-11
921 4.800335e-11
922 4.794700e-11
923 4.789079e-11
924 4.783470e-11
925 4.777873e-11
926 4.772289e-11
927 4.766718e-11
928 4.761159e-11
929 4.755613e-11
930 4.750086e-11
931 4.744571e-11
932 4.739069e-11
933 4.733578e-11
934 4.728101e-11
935 4.722635e-11
936 4.717181e-11
937 4.711740e-11
938 4.706315e-11
939 4.700904e-11
940 4.695505e-11
941 4.690118e-11
942 4.684743e-11
943 4.679379e-11
944 4.674028e-11
945 4.668688e-11
946 4.663362e-11
947 4.658052e-11
948 4.652753e-11
949 4.647465e-11
950 4.642190e-11
951 4.636925e-11
952 4.631673e-11
953 4.626431e-11
954 4.621201e-11
955 4.615988e-11
956 4.610786e-11
957 4.605595e-11
958 4.600415e-11
959 4.595247e-11
960 4.590090e-11
961 4.584944e-11
962 4.579809e-11
963 4.574687e-11
964 4.569579e-11
965 4.564482e-11
966 4.559395e-11
967 4.554320e-11
968 4.549256e-11
969 4.544202e-11
970 4.539159e-11
971 4.534127e-11
972 4.529109e-11
973 4.524103e-11
974 4.519107e-11
975 4.514122e-11
976 4.509147e-11
977 4.504183e-11
978 4.499229e-11
979 4.494286e-11
980 4.489354e-11
981 4.484436e-11
982 4.479527e-11
983 4.474629e-11
984 4.469742e-11
985 4.464864e-11
986 4.459997e-11
987 4.455140e-11
988 4.450293e-11
989 4.445458e-11
990 4.440635e-11
991 4.435822e-11
992 4.431018e-11
993 4.426225e-11
994 4.421442e-11
995 4.416668e-11
996 4.411905e-11
997 4.407151e-11
998 4.402410e-11
999 4.397678e-11
1000 4.392957e-11
1001 4.388245e-11
1002 4.383543e-11
1003 4.378851e-11
1004 4.374168e-11
1005 4.369495e-11
1006 4.364832e-11
1007 4.360180e-11
1008 4.355538e-11
1009 4.350905e-11
1010 4.346282e-11
1011 4.341668e-11
1012 4.337064e-11
1013 4.332469e-11
1014 4.327883e-11
1015 4.323307e-11
1016 4.318742e-11
1017 4.314186e-11
1018 4.309640e-11
1019 4.305102e-11
1020 4.300574e-11
1021 4.296055e-11
1022 4.291546e-11
1023 4.287045e-11
1024 4.282554e-11
1025 4.278073e-11
1026 4.273601e-11
1027 4.269138e-11
1028 4.264684e-11
1029 4.260239e-11
1030 4.255803e-11
1031 4.251376e-11
1032 4.246958e-11
1033 4.242548e-11
1034 4.238149e-11
1035 4.233759e-11
1036 4.229377e-11
1037 4.225004e-11
1038 4.220640e-11
1039 4.216285e-11
1040 4.211938e-11
1041 4.207600e-11
1042 4.203271e-11
1043 4.198951e-11
1044 4.194640e-11
1045 4.190337e-11
1046 4.186043e-11
1047 4.181758e-11
1048 4.177481e-11
1049 4.173212e-11
1050 4.168952e-11
1051 4.164701e-11
1052 4.160458e-11
1053 4.156224e-11
1054 4.151998e-11
1055 4.147781e-11
1056 4.143572e-11
1057 4.139371e-11
1058 4.135178e-11
1059 4.130994e-11
1060 4.126817e-11
1061 4.122649e-11
1062 4.118490e-11
1063 4.114339e-11
1064 4.110196e-11
1065 4.106061e-11
1066 4.101933e-11
1067 4.097814e-11
1068 4.093703e-11
1069 4.089600e-11
1070 4.085505e-11
1071 4.081418e-11
1072 4.077339e-11
1073 4.073268e-11
1074 4.069204e-11
1075 4.065149e-11
1076 4.061101e-11
1077 4.057061e-11
1078 4.053029e-11
1079 4.049005e-11
1080 4.044988e-11
1081 4.040979e-11
1082 4.036977e-11
1083 4.032984e-11
1084 4.028997e-11
1085 4.025019e-11
1086 4.021048e-11
1087 4.017085e-11
1088 4.013129e-11
1089 4.009181e-11
1090 4.005240e-11
1091 4.001306e-11
1092 3.997380e-11
1093 3.993461e-11
1094 3.989550e-11
1095 3.985646e-11
1096 3.981749e-11
1097 3.977860e-11
1098 3.973978e-11
1099 3.970104e-11
1100 3.966236e-11
1101 3.962375e-11
1102 3.958522e-11
1103 3.954676e-11
1104 3.950837e-11
1105 3.947006e-11
1106 3.943181e-11
1107 3.939364e-11
1108 3.935554e-11
1109 3.931751e-11
1110 3.927954e-11
1111 3.924165e-11
1112 3.920382e-11
1113 3.916607e-11
1114 3.912838e-11
1115 3.909077e-11
1116 3.905322e-11
1117 3.901575e-11
1118 3.897834e-11
1119 3.894100e-11
1120 3.890373e-11
1121 3.886652e-11
1122 3.882938e-11
1123 3.879231e-11
1124 3.875531e-11
1125 3.871838e-11
1126 3.868151e-11
1127 3.864471e-11
1128 3.860798e-11
1129 3.857132e-11
1130 3.853471e-11
1131 3.849817e-11
1132 3.846170e-11
1133 3.842529e-11
1134 3.838896e-11
1135 3.835268e-11
1136 3.831648e-11
1137 3.828034e-11
1138 3.824426e-11
1139 3.820825e-11
1140 3.817229e-11
1141 3.813640e-11
1142 3.810058e-11
1143 3.806482e-11
1144 3.802912e-11
1145 3.799349e-11
1146 3.795793e-11
1147 3.792243e-11
1148 3.788699e-11
1149 3.785161e-11
1150 3.781629e-11
1151 3.778103e-11
1152 3.774583e-11
1153 3.771070e-11
1154 3.767563e-11
1155 3.764062e-11
1156 3.760568e-11
1157 3.757080e-11
1158 3.753598e-11
1159 3.750122e-11
1160 3.746651e-11
1161 3.743186e-11
1162 3.739728e-11
1163 3.736275e-11
1164 3.732829e-11
1165 3.729389e-11
1166 3.725955e-11
1167 3.722527e-11
1168 3.719105e-11
1169 3.715689e-11
1170 3.712278e-11
1171 3.708873e-11
1172 3.705474e-11
1173 3.702080e-11
1174 3.698693e-11
1175 3.695312e-11
1176 3.691936e-11
1177 3.688567e-11
1178 3.685204e-11
1179 3.681846e-11
1180 3.678494e-11
1181 3.675146e-11
1182 3.671805e-11
1183 3.668469e-11
1184 3.665139e-11
1185 3.661815e-11
1186 3.658497e-11
1187 3.655184e-11
1188 3.651878e-11
1189 3.648577e-11
1190 3.645281e-11
1191 3.641990e-11
1192 3.638705e-11
1193 3.635425e-11
1194 3.632151e-11
1195 3.628882e-11
1196 3.625619e-11
1197 3.622362e-11
1198 3.619111e-11
1199 3.615865e-11
1200 3.612624e-11
1201 3.609389e-11
1202 3.606158e-11
1203 3.602932e-11
1204 3.599712e-11
1205 3.596498e-11
1206 3.593289e-11
1207 3.590086e-11
1208 3.586888e-11
1209 3.583695e-11
1210 3.580508e-11
1211 3.577327e-11
1212 3.574150e-11
1213 3.570977e-11
1214 3.567810e-11
1215 3.564648e-11
1216 3.561491e-11
1217 3.558340e-11
1218 3.555194e-11
1219 3.552054e-11
1220 3.548919e-11
1221 3.545789e-11
1222 3.542665e-11
1223 3.539544e-11
1224 3.536428e-11
1225 3.533317e-11
1226 3.530211e-11
1227 3.527111e-11
1228 3.524016e-11
1229 3.520926e-11
1230 3.517842e-11
1231 3.514762e-11
1232 3.511688e-11
1233 3.508619e-11
1234 3.505553e-11
1235 3.502492e-11
1236 3.499436e-11
1237 3.496385e-11
1238 3.493339e-11
1239 3.490299e-11
1240 3.487263e-11
1241 3.484233e-11
1242 3.481207e-11
1243 3.478187e-11
1244 3.475172e-11
1245 3.472159e-11
1246 3.469151e-11
1247 3.466149e-11
1248 3.463151e-11
1249 3.460158e-11
1250 3.457171e-11
1251 3.454188e-11
1252 3.451210e-11
1253 3.448237e-11
1254 3.445269e-11
1255 3.442306e-11
1256 3.439346e-11
1257 3.436390e-11
1258 3.433439e-11
1259 3.430493e-11
1260 3.427551e-11
1261 3.424615e-11
1262 3.421683e-11
1263 3.418757e-11
1264 3.415835e-11
1265 3.412918e-11
1266 3.410005e-11
1267 3.407096e-11
1268 3.404190e-11
1269 3.401289e-11
1270 3.398393e-11
1271 3.395502e-11
1272 3.392616e-11
1273 3.389734e-11
1274 3.386857e-11
1275 3.383984e-11
1276 3.381117e-11
1277 3.378253e-11
1278 3.375393e-11
1279 3.372537e-11
1280 3.369685e-11
1281 3.366838e-11
1282 3.363995e-11
1283 3.361157e-11
1284 3.358323e-11
1285 3.355494e-11
1286 3.352670e-11
1287 3.349850e-11
1288 3.347035e-11
1289 3.344224e-11
1290 3.341415e-11
1291 3.338610e-11
1292 3.335810e-11
1293 3.333015e-11
1294 3.330224e-11
1295 3.327437e-11
1296 3.324655e-11
1297 3.321878e-11
1298 3.319105e-11
1299 3.316336e-11
1300 3.313572e-11
1301 3.310809e-11
1302 3.308051e-11
1303 3.305297e-11
1304 3.302547e-11
1305 3.299802e-11
1306 3.297061e-11
1307 3.294325e-11
1308 3.291593e-11
1309 3.288865e-11
1310 3.286141e-11
1311 3.283422e-11
1312 3.280707e-11
1313 3.277993e-11
1314 3.275284e-11
1315 3.272579e-11
1316 3.269878e-11
1317 3.267182e-11
1318 3.264489e-11
1319 3.261801e-11
1320 3.259118e-11
1321 3.256438e-11
1322 3.253763e-11
1323 3.251092e-11
1324 3.248423e-11
1325 3.245758e-11
1326 3.243096e-11
1327 3.240438e-11
1328 3.237785e-11
1329 3.235136e-11
1330 3.232491e-11
1331 3.229850e-11
1332 3.227213e-11
1333 3.224581e-11
1334 3.221952e-11
1335 3.219328e-11
1336 3.216705e-11
1337 3.214086e-11
1338 3.211470e-11
1339 3.208859e-11
1340 3.206252e-11
1341 3.203649e-11
1342 3.201049e-11
1343 3.198454e-11
1344 3.195863e-11
1345 3.193276e-11
1346 3.190693e-11
1347 3.188114e-11
1348 3.185536e-11
1349 3.182962e-11
1350 3.180391e-11
1351 3.177825e-11
1352 3.175262e-11
1353 3.172704e-11
1354 3.170149e-11
1355 3.167598e-11
1356 3.165052e-11
1357 3.162509e-11
1358 3.159970e-11
1359 3.157435e-11
1360 3.154900e-11
1361 3.152370e-11
1362 3.149843e-11
1363 3.147320e-11
1364 3.144801e-11
1365 3.142286e-11
1366 3.139774e-11
1367 3.137267e-11
1368 3.134763e-11
1369 3.132263e-11
1370 3.129767e-11
1371 3.127275e-11
1372 3.124783e-11
1373 3.122295e-11
1374 3.119811e-11
1375 3.117330e-11
1376 3.114853e-11
1377 3.112380e-11
1378 3.109911e-11
1379 3.107445e-11
1380 3.104983e-11
1381 3.102525e-11
1382 3.100071e-11
1383 3.097620e-11
1384 3.095170e-11
1385 3.092724e-11
1386 3.090280e-11
1387 3.087841e-11
1388 3.085405e-11
1389 3.082973e-11
1390 3.080544e-11
1391 3.078119e-11
1392 3.075698e-11
1393 3.073281e-11
1394 3.070867e-11
1395 3.068457e-11
1396 3.066048e-11
1397 3.063641e-11
1398 3.061238e-11
1399 3.058839e-11
1400 3.056443e-11
1401 3.054050e-11
1402 3.051662e-11
1403 3.049276e-11
1404 3.046895e-11
1405 3.044517e-11
1406 3.042142e-11
1407 3.039771e-11
1408 3.037403e-11
1409 3.035036e-11
1410 3.032671e-11
1411 3.030311e-11
1412 3.027954e-11
1413 3.025600e-11
1414 3.023250e-11
1415 3.020903e-11
1416 3.018560e-11
1417 3.016220e-11
1418 3.013884e-11
1419 3.011551e-11
1420 3.009221e-11
1421 3.006893e-11
1422 3.004567e-11
1423 3.002244e-11
1424 2.999925e-11
1425 2.997609e-11
1426 2.995296e-11
1427 2.992987e-11
1428 2.990681e-11
1429 2.988378e-11
1430 2.986079e-11
1431 2.983784e-11
1432 2.981491e-11
1433 2.979202e-11
1434 2.976913e-11
1435 2.974627e-11
1436 2.972344e-11
1437 2.970065e-11
1438 2.967789e-11
1439 2.965516e-11
1440 2.963246e-11
1441 2.960980e-11
1442 2.958717e-11
1443 2.956458e-11
1444 2.954201e-11
1445 2.951948e-11
1446 2.949698e-11
1447 2.947448e-11
1448 2.945201e-11
1449 2.942957e-11
1450 2.940716e-11
1451 2.938479e-11
1452 2.936245e-11
1453 2.934014e-11
1454 2.931786e-11
1455 2.929562e-11
1456 2.927341e-11
1457 2.925123e-11
1458 2.922908e-11
1459 2.920695e-11
1460 2.918483e-11
1461 2.916274e-11
1462 2.914068e-11
1463 2.911865e-11
1464 2.909665e-11
1465 2.907469e-11
1466 2.905275e-11
1467 2.903085e-11
1468 2.900898e-11
1469 2.898714e-11
1470 2.896533e-11
1471 2.894356e-11
1472 2.892180e-11
1473 2.890004e-11
1474 2.887832e-11
1475 2.885663e-11
1476 2.883497e-11
1477 2.881334e-11
1478 2.879174e-11
1479 2.877017e-11
1480 2.874863e-11
1481 2.872712e-11
1482 2.870565e-11
1483 2.868420e-11
1484 2.866279e-11
1485 2.864139e-11
1486 2.862000e-11
1487 2.859863e-11
1488 2.857730e-11
1489 2.855599e-11
1490 2.853472e-11
1491 2.851347e-11
1492 2.849226e-11
1493 2.847108e-11
1494 2.844992e-11
1495 2.842880e-11
1496 2.840770e-11
1497 2.838664e-11
1498 2.836560e-11
1499 2.834455e-11
1500 2.832354e-11
1501 2.830255e-11
1502 2.828159e-11
1503 2.826067e-11
1504 2.823977e-11
1505 2.821890e-11
1506 2.819806e-11
1507 2.817725e-11
1508 2.815647e-11
1509 2.813572e-11
1510 2.811499e-11
1511 2.809430e-11
1512 2.807360e-11
1513 2.805292e-11
1514 2.803227e-11
1515 2.801165e-11
1516 2.799106e-11
1517 2.797050e-11
1518 2.794997e-11
1519 2.792946e-11
1520 2.790899e-11
1521 2.788854e-11
1522 2.786812e-11
1523 2.784773e-11
1524 2.782736e-11
1525 2.780701e-11
1526 2.778667e-11
1527 2.776635e-11
1528 2.774606e-11
1529 2.772579e-11
1530 2.770556e-11
1531 2.768535e-11
1532 2.766517e-11
1533 2.764502e-11
1534 2.762490e-11
1535 2.760480e-11
1536 2.758473e-11
1537 2.756469e-11
1538 2.754468e-11
1539 2.752466e-11
1540 2.750466e-11
1541 2.748469e-11
1542 2.746474e-11
1543 2.744483e-11
1544 2.742494e-11
1545 2.740507e-11
1546 2.738524e-11
1547 2.736543e-11
1548 2.734565e-11
1549 2.732590e-11
1550 2.730617e-11
1551 2.728647e-11
1552 2.726679e-11
1553 2.724710e-11
1554 2.722744e-11
1555 2.720781e-11
1556 2.718820e-11
1557 2.716862e-11
1558 2.714907e-11
1559 2.712954e-11
1560 2.711004e-11
1561 2.709056e-11
1562 2.707112e-11
1563 2.705169e-11
1564 2.703230e-11
1565 2.701293e-11
1566 2.699357e-11
1567 2.697421e-11
1568 2.695488e-11
1569 2.693558e-11
1570 2.691630e-11
1571 2.689704e-11
1572 2.687782e-11
1573 2.685862e-11
1574 2.683944e-11
1575 2.682029e-11
1576 2.680117e-11
1577 2.678207e-11
1578 2.676299e-11
1579 2.674395e-11
1580 2.672491e-11
1581 2.670587e-11
1582 2.668686e-11
1583 2.666787e-11
1584 2.664891e-11
1585 2.662998e-11
1586 2.661107e-11
1587 2.659218e-11
1588 2.657332e-11
1589 2.655449e-11
1590 2.653568e-11
1591 2.651689e-11
1592 2.649813e-11
1593 2.647940e-11
1594 2.646067e-11
1595 2.644195e-11
1596 2.642325e-11
1597 2.640457e-11
1598 2.638592e-11
1599 2.636729e-11
1600 2.634869e-11
1601 2.633012e-11
1602 2.631156e-11
1603 2.629304e-11
1604 2.627453e-11
1605 2.625606e-11
1606 2.623760e-11
1607 2.621917e-11
1608 2.620076e-11
1609 2.618233e-11
1610 2.616394e-11
1611 2.614556e-11
1612 2.612721e-11
1613 2.610889e-11
1614 2.609058e-11
1615 2.607231e-11
1616 2.605405e-11
1617 2.603583e-11
1618 2.601762e-11
1619 2.599944e-11
1620 2.598128e-11
1621 2.596315e-11
1622 2.594504e-11
1623 2.592691e-11
1624 2.590881e-11
1625 2.589073e-11
1626 2.587267e-11
1627 2.585464e-11
1628 2.583663e-11
1629 2.581865e-11
1630 2.580068e-11
1631 2.578275e-11
1632 2.576483e-11
1633 2.574694e-11
1634 2.572907e-11
1635 2.571123e-11
1636 2.569341e-11
1637 2.567558e-11
1638 2.565777e-11
1639 2.563997e-11
1640 2.562220e-11
1641 2.560445e-11
1642 2.558673e-11
1643 2.556903e-11
1644 2.555135e-11
1645 2.553369e-11
1646 2.551606e-11
1647 2.549845e-11
1648 2.548086e-11
1649 2.546330e-11
1650 2.544576e-11
1651 2.542824e-11
1652 2.541070e-11
1653 2.539318e-11
1654 2.537569e-11
1655 2.535822e-11
1656 2.534077e-11
1657 2.532335e-11
1658 2.530594e-11
1659 2.528856e-11
1660 2.527121e-11
1661 2.525387e-11
1662 2.523656e-11
1663 2.521927e-11
1664 2.520200e-11
1665 2.518475e-11
1666 2.516751e-11
1667 2.515027e-11
1668 2.513304e-11
1669 2.511584e-11
1670 2.509867e-11
1671 2.508151e-11
1672 2.506438e-11
1673 2.504726e-11
1674 2.503017e-11
1675 2.501310e-11
1676 2.499606e-11
1677 2.497903e-11
1678 2.496203e-11
1679 2.494505e-11
1680 2.492809e-11
1681 2.491113e-11
1682 2.489417e-11
1683 2.487723e-11
1684 2.486032e-11
1685 2.484342e-11
1686 2.482655e-11
1687 2.480970e-11
1688 2.479287e-11
1689 2.477606e-11
1690 2.475927e-11
1691 2.474251e-11
1692 2.472576e-11
1693 2.470904e-11
1694 2.469234e-11
1695 2.467566e-11
1696 2.465897e-11
1697 2.464229e-11
1698 2.462563e-11
1699 2.460899e-11
1700 2.459237e-11
1701 2.457578e-11
1702 2.455920e-11
1703 2.454265e-11
1704 2.452611e-11
1705 2.450960e-11
1706 2.449311e-11
1707 2.447664e-11
1708 2.446019e-11
1709 2.444376e-11
1710 2.442735e-11
1711 2.441093e-11
1712 2.439452e-11
1713 2.437813e-11
1714 2.436177e-11
1715 2.434542e-11
1716 2.432909e-11
1717 2.431278e-11
1718 2.429649e-11
1719 2.428023e-11
1720 2.426398e-11
1721 2.424775e-11
1722 2.423155e-11
1723 2.421536e-11
1724 2.419920e-11
1725 2.418305e-11
1726 2.416691e-11
1727 2.415076e-11
1728 2.413464e-11
1729 2.411853e-11
1730 2.410244e-11
1731 2.408638e-11
1732 2.407033e-11
1733 2.405430e-11
1734 2.403830e-11
1735 2.402231e-11
1736 2.400634e-11
1737 2.399040e-11
1738 2.397447e-11
1739 2.395856e-11
1740 2.394267e-11
1741 2.392680e-11
1742 2.391091e-11
1743 2.389504e-11
1744 2.387919e-11
1745 2.386336e-11
1746 2.384754e-11
1747 2.383175e-11
1748 2.381598e-11
1749 2.380022e-11
1750 2.378449e-11
1751 2.376878e-11
1752 2.375308e-11
1753 2.373740e-11
1754 2.372175e-11
1755 2.370611e-11
1756 2.369049e-11
1757 2.367487e-11
1758 2.365924e-11
1759 2.364364e-11
1760 2.362806e-11
1761 2.361249e-11
1762 2.359695e-11
1763 2.358142e-11
1764 2.356591e-11
1765 2.355043e-11
1766 2.353496e-11
1767 2.351951e-11
1768 2.350407e-11
1769 2.348866e-11
1770 2.347327e-11
1771 2.345789e-11
1772 2.344254e-11
1773 2.342716e-11
1774 2.341180e-11
1775 2.339646e-11
1776 2.338113e-11
1777 2.336583e-11
1778 2.335054e-11
1779 2.333527e-11
1780 2.332003e-11
1781 2.330480e-11
1782 2.328958e-11
1783 2.327439e-11
1784 2.325922e-11
1785 2.324406e-11
1786 2.322892e-11
1787 2.321380e-11
1788 2.319869e-11
1789 2.318357e-11
1790 2.316846e-11
1791 2.315337e-11
1792 2.313830e-11
1793 2.312325e-11
1794 2.310822e-11
1795 2.309320e-11
1796 2.307821e-11
1797 2.306323e-11
1798 2.304827e-11
1799 2.303332e-11
1800 2.301840e-11
1801 2.300349e-11
1802 2.298860e-11
1803 2.297373e-11
1804 2.295886e-11
1805 2.294399e-11
1806 2.292913e-11
1807 2.291429e-11
1808 2.289946e-11
1809 2.288466e-11
1810 2.286987e-11
1811 2.285510e-11
1812 2.284035e-11
1813 2.282561e-11
1814 2.281090e-11
1815 2.279620e-11
1816 2.278152e-11
1817 2.276685e-11
1818 2.275220e-11
1819 2.273758e-11
1820 2.272295e-11
1821 2.270832e-11
1822 2.269370e-11
1823 2.267910e-11
1824 2.266451e-11
1825 2.264995e-11
1826 2.263540e-11
1827 2.262087e-11
1828 2.260635e-11
1829 2.259186e-11
1830 2.257738e-11
1831 2.256292e-11
1832 2.254847e-11
1833 2.253404e-11
1834 2.251963e-11
1835 2.250524e-11
1836 2.249086e-11
1837 2.247645e-11
1838 2.246207e-11
1839 2.244771e-11
1840 2.243336e-11
1841 2.241902e-11
1842 2.240471e-11
1843 2.239041e-11
1844 2.237613e-11
1845 2.236186e-11
1846 2.234761e-11
1847 2.233338e-11
1848 2.231917e-11
1849 2.230497e-11
1850 2.229079e-11
1851 2.227662e-11
1852 2.226248e-11
1853 2.224831e-11
1854 2.223416e-11
1855 2.222002e-11
1856 2.220590e-11
1857 2.219179e-11
1858 2.217770e-11
1859 2.216363e-11
1860 2.214957e-11
1861 2.213553e-11
1862 2.212151e-11
1863 2.210751e-11
1864 2.209352e-11
1865 2.207954e-11
1866 2.206558e-11
1867 2.205164e-11
1868 2.203772e-11
1869 2.202379e-11
1870 2.200986e-11
1871 2.199595e-11
1872 2.198205e-11
1873 2.196816e-11
1874 2.195429e-11
1875 2.194044e-11
1876 2.192661e-11
1877 2.191279e-11
1878 2.189898e-11
1879 2.188520e-11
1880 2.187142e-11
1881 2.185767e-11
1882 2.184393e-11
1883 2.183021e-11
1884 2.181650e-11
1885 2.180281e-11
1886 2.178910e-11
1887 2.177540e-11
1888 2.176172e-11
1889 2.174805e-11
1890 2.173439e-11
1891 2.172076e-11
1892 2.170714e-11
1893 2.169353e-11
1894 2.167994e-11
1895 2.166637e-11
1896 2.165281e-11
1897 2.163927e-11
1898 2.162574e-11
1899 2.161223e-11
1900 2.159873e-11
1901 2.158525e-11
1902 2.157179e-11
1903 2.155830e-11
1904 2.154482e-11
1905 2.153137e-11
1906 2.151792e-11
1907 2.150450e-11
1908 2.149108e-11
1909 2.147769e-11
1910 2.146431e-11
1911 2.145094e-11
1912 2.143759e-11
1913 2.142425e-11
1914 2.141093e-11
1915 2.139763e-11
1916 2.138434e-11
1917 2.137107e-11
1918 2.135781e-11
1919 2.134456e-11
1920 2.133129e-11
1921 2.131804e-11
1922 2.130480e-11
1923 2.129157e-11
1924 2.127837e-11
1925 2.126517e-11
1926 2.125200e-11
1927 2.123883e-11
1928 2.122568e-11
1929 2.121255e-11
1930 2.119943e-11
1931 2.118633e-11
1932 2.117324e-11
1933 2.116017e-11
1934 2.114711e-11
1935 2.113407e-11
1936 2.112103e-11
1937 2.110798e-11
1938 2.109494e-11
1939 2.108192e-11
1940 2.106891e-11
1941 2.105591e-11
1942 2.104293e-11
1943 2.102997e-11
1944 2.101702e-11
1945 2.100408e-11
1946 2.099116e-11
1947 2.097825e-11
1948 2.096536e-11
1949 2.095248e-11
1950 2.093962e-11
1951 2.092677e-11
1952 2.091394e-11
1953 2.090112e-11
1954 2.088828e-11
1955 2.087545e-11
1956 2.086263e-11
1957 2.084983e-11
1958 2.083705e-11
1959 2.082427e-11
1960 2.081152e-11
1961 2.079877e-11
1962 2.078604e-11
1963 2.077333e-11
1964 2.076063e-11
1965 2.074794e-11
1966 2.073527e-11
1967 2.072261e-11
1968 2.070997e-11
1969 2.069734e-11
1970 2.068472e-11
1971 2.067210e-11
1972 2.065947e-11
1973 2.064686e-11
1974 2.063426e-11
1975 2.062168e-11
1976 2.060911e-11
1977 2.059655e-11
1978 2.058401e-11
1979 2.057148e-11
1980 2.055897e-11
1981 2.054647e-11
1982 2.053398e-11
1983 2.052151e-11
1984 2.050905e-11
1985 2.049661e-11
1986 2.048418e-11
1987 2.047176e-11
1988 2.045936e-11
1989 2.044693e-11
1990 2.043451e-11
1991 2.042211e-11
1992 2.040973e-11
1993 2.039736e-11
1994 2.038500e-11
1995 2.037265e-11
1996 2.036032e-11
1997 2.034800e-11
1998 2.033570e-11
1999 2.032341e-11
2000 2.031113e-11
2001 2.029886e-11
2002 2.028661e-11
2003 2.027438e-11
2004 2.026215e-11
2005 2.024994e-11
2006 2.023773e-11
2007 2.022551e-11
2008 2.021331e-11
2009 2.020111e-11
2010 2.018893e-11
2011 2.017676e-11
2012 2.016461e-11
2013 2.015247e-11
2014 2.014034e-11
2015 2.012823e-11
2016 2.011613e-11
2017 2.010404e-11
2018 2.009197e-11
2019 2.007990e-11
2020 2.006786e-11
2021 2.005582e-11
2022 2.004380e-11
2023 2.003179e-11
2024 2.001978e-11
2025 2.000776e-11
2026 1.999575e-11
2027 1.998376e-11
2028 1.997178e-11
2029 1.995981e-11
2030 1.994786e-11
2031 1.993592e-11
2032 1.992399e-11
2033 1.991207e-11
2034 1.990017e-11
2035 1.988828e-11
2036 1.987640e-11
2037 1.986454e-11
2038 1.985269e-11
2039 1.984085e-11
2040 1.982903e-11
2041 1.981722e-11
2042 1.980540e-11
2043 1.979357e-11
2044 1.978176e-11
2045 1.976996e-11
2046 1.975818e-11
2047 1.974641e-11
2048 1.973465e-11
2049 1.972290e-11
2050 1.971117e-11
2051 1.969945e-11
2052 1.968774e-11
2053 1.967604e-11
2054 1.966436e-11
2055 1.965269e-11
2056 1.964103e-11
2057 1.962938e-11
2058 1.961775e-11
2059 1.960613e-11
2060 1.959450e-11
2061 1.958287e-11
2062 1.957125e-11
2063 1.955964e-11
2064 1.954805e-11
2065 1.953647e-11
2066 1.952490e-11
2067 1.951334e-11
2068 1.950179e-11
2069 1.949026e-11
2070 1.947874e-11
2071 1.946723e-11
2072 1.945574e-11
2073 1.944425e-11
2074 1.943278e-11
2075 1.942132e-11
2076 1.940988e-11
2077 1.939844e-11
2078 1.938702e-11
2079 1.937557e-11
2080 1.936414e-11
2081 1.935271e-11
2082 1.934130e-11
2083 1.932991e-11
2084 1.931852e-11
2085 1.930715e-11
2086 1.929579e-11
2087 1.928444e-11
2088 1.927310e-11
2089 1.926178e-11
2090 1.925046e-11
2091 1.923916e-11
2092 1.922788e-11
2093 1.921660e-11
2094 1.920533e-11
2095 1.919408e-11
2096 1.918284e-11
2097 1.917159e-11
2098 1.916033e-11
2099 1.914909e-11
2100 1.913786e-11
2101 1.912665e-11
2102 1.911544e-11
2103 1.910425e-11
2104 1.909307e-11
2105 1.908190e-11
2106 1.907074e-11
2107 1.905959e-11
2108 1.904846e-11
2109 1.903734e-11
2110 1.902623e-11
2111 1.901513e-11
2112 1.900404e-11
2113 1.899296e-11
2114 1.898190e-11
2115 1.897085e-11
2116 1.895977e-11
2117 1.894870e-11
2118 1.893765e-11
2119 1.892661e-11
2120 1.891558e-11
2121 1.890456e-11
2122 1.889355e-11
2123 1.888256e-11
2124 1.887158e-11
2125 1.886060e-11
2126 1.884964e-11
2127 1.883869e-11
2128 1.882776e-11
2129 1.881683e-11
2130 1.880592e-11
2131 1.879501e-11
2132 1.878412e-11
2133 1.877324e-11
2134 1.876236e-11
2135 1.875147e-11
2136 1.874059e-11
2137 1.872972e-11
2138 1.871886e-11
2139 1.870801e-11
2140 1.869718e-11
2141 1.868635e-11
2142 1.867554e-11
2143 1.866474e-11
2144 1.865395e-11
2145 1.864317e-11
2146 1.863240e-11
2147 1.862164e-11
2148 1.861089e-11
2149 1.860016e-11
2150 1.858944e-11
2151 1.857872e-11
2152 1.856802e-11
2153 1.855732e-11
2154 1.854661e-11
2155 1.853590e-11
2156 1.852521e-11
2157 1.851453e-11
2158 1.850386e-11
2159 1.849320e-11
2160 1.848256e-11
2161 1.847192e-11
2162 1.846129e-11
2163 1.845068e-11
2164 1.844008e-11
2165 1.842948e-11
2166 1.841890e-11
2167 1.840833e-11
2168 1.839777e-11
2169 1.838722e-11
2170 1.837668e-11
2171 1.836616e-11
2172 1.835564e-11
2173 1.834510e-11
2174 1.833457e-11
2175 1.832405e-11
2176 1.831354e-11
2177 1.830304e-11
2178 1.829256e-11
2179 1.828208e-11
2180 1.827162e-11
2181 1.826117e-11
2182 1.825072e-11
2183 1.824029e-11
2184 1.822987e-11
2185 1.821946e-11
2186 1.820906e-11
2187 1.819867e-11
2188 1.818829e-11
2189 1.817792e-11
2190 1.816757e-11
2191 1.815722e-11
2192 1.814686e-11
2193 1.813650e-11
2194 1.812615e-11
2195 1.811581e-11
2196 1.810548e-11
2197 1.809516e-11
2198 1.808486e-11
2199 1.807456e-11
2200 1.806427e-11
2201 1.805400e-11
2202 1.804373e-11
2203 1.803348e-11
2204 1.802324e-11
2205 1.801300e-11
2206 1.800278e-11
2207 1.799257e-11
2208 1.798237e-11
2209 1.797218e-11
2210 1.796199e-11
2211 1.795181e-11
2212 1.794162e-11
2213 1.793143e-11
2214 1.792126e-11
2215 1.791109e-11
2216 1.790094e-11
2217 1.789080e-11
2218 1.788067e-11
2219 1.787054e-11
2220 1.786043e-11
2221 1.785033e-11
2222 1.784024e-11
2223 1.783016e-11
2224 1.782009e-11
2225 1.781003e-11
2226 1.779998e-11
2227 1.778994e-11
2228 1.777991e-11
2229 1.776989e-11
2230 1.775988e-11
2231 1.774985e-11
2232 1.773983e-11
2233 1.772981e-11
2234 1.771981e-11
2235 1.770982e-11
2236 1.769984e-11
2237 1.768986e-11
2238 1.767990e-11
2239 1.766995e-11
2240 1.766000e-11
2241 1.765007e-11
2242 1.764015e-11
2243 1.763024e-11
2244 1.762033e-11
2245 1.761044e-11
2246 1.760056e-11
2247 1.759069e-11
2248 1.758082e-11
2249 1.757097e-11
2250 1.756113e-11
2251 1.755126e-11
2252 1.754141e-11
2253 1.753156e-11
2254 1.752172e-11
2255 1.751190e-11
2256 1.750208e-11
2257 1.749227e-11
2258 1.748248e-11
2259 1.747269e-11
2260 1.746291e-11
2261 1.745314e-11
2262 1.744338e-11
2263 1.743364e-11
2264 1.742390e-11
2265 1.741417e-11
2266 1.740445e-11
2267 1.739474e-11
2268 1.738504e-11
2269 1.737535e-11
2270 1.736567e-11
2271 1.735597e-11
2272 1.734627e-11
2273 1.733659e-11
2274 1.732691e-11
2275 1.731725e-11
2276 1.730759e-11
2277 1.729795e-11
2278 1.728831e-11
2279 1.727868e-11
2280 1.726907e-11
2281 1.725946e-11
2282 1.724986e-11
2283 1.724027e-11
2284 1.723069e-11
2285 1.722113e-11
2286 1.721157e-11
2287 1.720201e-11
2288 1.719247e-11
2289 1.718294e-11
2290 1.717342e-11
2291 1.716388e-11
2292 1.715435e-11
2293 1.714482e-11
2294 1.713530e-11
2295 1.712580e-11
2296 1.711630e-11
2297 1.710681e-11
2298 1.709733e-11
2299 1.708786e-11
2300 1.707840e-11
2301 1.706895e-11
2302 1.705951e-11
2303 1.705007e-11
2304 1.704065e-11
2305 1.703124e-11
2306 1.702183e-11
2307 1.701244e-11
2308 1.700305e-11
2309 1.699367e-11
2310 1.698431e-11
2311 1.697493e-11
2312 1.696555e-11
2313 1.695618e-11
2314 1.694682e-11
2315 1.693746e-11
2316 1.692812e-11
2317 1.691878e-11
2318 1.690946e-11
2319 1.690014e-11
2320 1.689083e-11
2321 1.688153e-11
2322 1.687224e-11
2323 1.686296e-11
2324 1.685369e-11
2325 1.684443e-11
2326 1.683517e-11
2327 1.682593e-11
2328 1.681670e-11
2329 1.680747e-11
2330 1.679825e-11
2331 1.678904e-11
2332 1.677982e-11
2333 1.677059e-11
2334 1.676138e-11
2335 1.675218e-11
2336 1.674298e-11
2337 1.673380e-11
2338 1.672462e-11
2339 1.671545e-11
2340 1.670629e-11
2341 1.669714e-11
2342 1.668800e-11
2343 1.667887e-11
2344 1.666974e-11
2345 1.666063e-11
2346 1.665152e-11
2347 1.664243e-11
2348 1.663334e-11
2349 1.662426e-11
2350 1.661519e-11
2351 1.660613e-11
2352 1.659707e-11
2353 1.658799e-11
2354 1.657893e-11
2355 1.656987e-11
2356 1.656082e-11
2357 1.655178e-11
2358 1.654275e-11
2359 1.653372e-11
2360 1.652471e-11
2361 1.651570e-11
2362 1.650671e-11
2363 1.649772e-11
2364 1.648874e-11
2365 1.647977e-11
2366 1.647081e-11
2367 1.646186e-11
2368 1.645291e-11
2369 1.644397e-11
2370 1.643505e-11
2371 1.642613e-11
2372 1.641722e-11
2373 1.640831e-11
2374 1.639938e-11
2375 1.639047e-11
2376 1.638156e-11
2377 1.637266e-11
2378 1.636377e-11
2379 1.635489e-11
2380 1.634602e-11
2381 1.633716e-11
2382 1.632830e-11
2383 1.631945e-11
2384 1.631061e-11
2385 1.630178e-11
2386 1.629296e-11
2387 1.628415e-11
2388 1.627535e-11
2389 1.626655e-11
2390 1.625776e-11
2391 1.624898e-11
2392 1.624021e-11
2393 1.623145e-11
2394 1.622269e-11
2395 1.621391e-11
2396 1.620514e-11
2397 1.619638e-11
2398 1.618763e-11
2399 1.617889e-11
2400 1.617016e-11
2401 1.616143e-11
2402 1.615271e-11
2403 1.614400e-11
2404 1.613530e-11
2405 1.612661e-11
2406 1.611792e-11
2407 1.610925e-11
2408 1.610058e-11
2409 1.609192e-11
2410 1.608327e-11
2411 1.607463e-11
2412 1.606599e-11
2413 1.605736e-11
2414 1.604875e-11
2415 1.604014e-11
2416 1.603150e-11
2417 1.602288e-11
2418 1.601426e-11
2419 1.600566e-11
2420 1.599706e-11
2421 1.598846e-11
2422 1.597988e-11
2423 1.597131e-11
2424 1.596274e-11
2425 1.595418e-11
2426 1.594563e-11
2427 1.593709e-11
2428 1.592855e-11
2429 1.592003e-11
2430 1.591151e-11
2431 1.590300e-11
2432 1.589449e-11
2433 1.588600e-11
2434 1.587751e-11
2435 1.586904e-11
2436 1.586057e-11
2437 1.585209e-11
2438 1.584360e-11
2439 1.583513e-11
2440 1.582666e-11
2441 1.581820e-11
2442 1.580975e-11
2443 1.580130e-11
2444 1.579287e-11
2445 1.578444e-11
2446 1.577602e-11
2447 1.576761e-11
2448 1.575920e-11
2449 1.575080e-11
2450 1.574242e-11
2451 1.573404e-11
2452 1.572566e-11
2453 1.571730e-11
2454 1.570894e-11
2455 1.570059e-11
2456 1.569225e-11
2457 1.568392e-11
2458 1.567559e-11
2459 1.566725e-11
2460 1.565891e-11
2461 1.565057e-11
2462 1.564225e-11
2463 1.563393e-11
2464 1.562563e-11
2465 1.561733e-11
2466 1.560903e-11
2467 1.560075e-11
2468 1.559247e-11
2469 1.558420e-11
2470 1.557594e-11
2471 1.556768e-11
2472 1.555944e-11
2473 1.555120e-11
2474 1.554297e-11
2475 1.553474e-11
2476 1.552653e-11
2477 1.551832e-11
2478 1.551012e-11
2479 1.550193e-11
2480 1.549374e-11
2481 1.548554e-11
2482 1.547734e-11
2483 1.546915e-11
2484 1.546096e-11
2485 1.545279e-11
2486 1.544462e-11
2487 1.543646e-11
2488 1.542830e-11
2489 1.542016e-11
2490 1.541202e-11
2491 1.540389e-11
2492 1.539577e-11
2493 1.538765e-11
2494 1.537954e-11
2495 1.537144e-11
2496 1.536335e-11
2497 1.535526e-11
2498 1.534719e-11
2499 1.533912e-11
2500 1.533105e-11
2501 1.532300e-11
2502 1.531495e-11
2503 1.530688e-11
2504 1.529882e-11
2505 1.529076e-11
2506 1.528272e-11
2507 1.527468e-11
2508 1.526665e-11
2509 1.525862e-11
2510 1.525060e-11
2511 1.524259e-11
2512 1.523459e-11
2513 1.522660e-11
2514 1.521861e-11
2515 1.521063e-11
2516 1.520266e-11
2517 1.519469e-11
2518 1.518673e-11
2519 1.517878e-11
2520 1.517084e-11
2521 1.516290e-11
2522 1.515497e-11
2523 1.514705e-11
2524 1.513914e-11
2525 1.513121e-11
2526 1.512328e-11
2527 1.511536e-11
2528 1.510745e-11
2529 1.509954e-11
2530 1.509164e-11
2531 1.508375e-11
2532 1.507586e-11
2533 1.506799e-11
2534 1.506012e-11
2535 1.505225e-11
2536 1.504440e-11
2537 1.503655e-11
2538 1.502871e-11
2539 1.502087e-11
2540 1.501305e-11
2541 1.500523e-11
2542 1.499741e-11
2543 1.498961e-11
2544 1.498181e-11
2545 1.497402e-11
2546 1.496624e-11
2547 1.495845e-11
2548 1.495065e-11
2549 1.494286e-11
2550 1.493508e-11
2551 1.492730e-11
2552 1.491953e-11
2553 1.491177e-11
2554 1.490401e-11
2555 1.489627e-11
2556 1.488852e-11
2557 1.488079e-11
2558 1.487306e-11
2559 1.486534e-11
2560 1.485763e-11
2561 1.484992e-11
2562 1.484223e-11
2563 1.483453e-11
2564 1.482685e-11
2565 1.481917e-11
2566 1.481150e-11
2567 1.480384e-11
2568 1.479618e-11
2569 1.478853e-11
2570 1.478087e-11
2571 1.477320e-11
2572 1.476555e-11
2573 1.475790e-11
2574 1.475025e-11
2575 1.474262e-11
2576 1.473499e-11
2577 1.472737e-11
2578 1.471975e-11
2579 1.471214e-11
2580 1.470454e-11
2581 1.469695e-11
2582 1.468936e-11
2583 1.468178e-11
2584 1.467420e-11
2585 1.466664e-11
2586 1.465908e-11
2587 1.465152e-11
2588 1.464398e-11
2589 1.463644e-11
2590 1.462890e-11
2591 1.462138e-11
2592 1.461386e-11
2593 1.460632e-11
2594 1.459879e-11
2595 1.459126e-11
2596 1.458374e-11
2597 1.457623e-11
2598 1.456872e-11
2599 1.456122e-11
2600 1.455373e-11
2601 1.454624e-11
2602 1.453876e-11
2603 1.453129e-11
2604 1.452383e-11
2605 1.451637e-11
2606 1.450892e-11
2607 1.450147e-11
2608 1.449403e-11
2609 1.448660e-11
2610 1.447917e-11
2611 1.447175e-11
2612 1.446434e-11
2613 1.445694e-11
2614 1.444954e-11
2615 1.444214e-11
2616 1.443474e-11
2617 1.442733e-11
2618 1.441993e-11
2619 1.441254e-11
2620 1.440515e-11
2621 1.439777e-11
2622 1.439040e-11
2623 1.438303e-11
2624 1.437567e-11
2625 1.436832e-11
2626 1.436098e-11
2627 1.435364e-11
2628 1.434630e-11
2629 1.433897e-11
2630 1.433165e-11
2631 1.432434e-11
2632 1.431703e-11
2633 1.430973e-11
2634 1.430244e-11
2635 1.429515e-11
2636 1.428787e-11
2637 1.428059e-11
2638 1.427333e-11
2639 1.426605e-11
2640 1.425877e-11
2641 1.425149e-11
2642 1.424422e-11
2643 1.423696e-11
2644 1.422970e-11
2645 1.422245e-11
2646 1.421521e-11
2647 1.420797e-11
2648 1.420074e-11
2649 1.419352e-11
2650 1.418630e-11
2651 1.417909e-11
2652 1.417189e-11
2653 1.416469e-11
2654 1.415750e-11
2655 1.415031e-11
2656 1.414313e-11
2657 1.413596e-11
2658 1.412879e-11
2659 1.412163e-11
2660 1.411448e-11
2661 1.410733e-11
2662 1.410018e-11
2663 1.409302e-11
2664 1.408587e-11
2665 1.407872e-11
2666 1.407158e-11
2667 1.406444e-11
2668 1.405731e-11
2669 1.405019e-11
2670 1.404307e-11
2671 1.403596e-11
2672 1.402886e-11
2673 1.402176e-11
2674 1.401467e-11
2675 1.400759e-11
2676 1.400051e-11
2677 1.399343e-11
2678 1.398637e-11
2679 1.397931e-11
2680 1.397225e-11
2681 1.396520e-11
2682 1.395816e-11
2683 1.395112e-11
2684 1.394410e-11
2685 1.393707e-11
2686 1.393004e-11
2687 1.392300e-11
2688 1.391597e-11
2689 1.390895e-11
2690 1.390193e-11
2691 1.389492e-11
2692 1.388791e-11
2693 1.388091e-11
2694 1.387392e-11
2695 1.386693e-11
2696 1.385995e-11
2697 1.385298e-11
2698 1.384601e-11
2699 1.383904e-11
2700 1.383209e-11
2701 1.382514e-11
2702 1.381819e-11
2703 1.381125e-11
2704 1.380432e-11
2705 1.379739e-11
2706 1.379047e-11
2707 1.378356e-11
2708 1.377665e-11
2709 1.376974e-11
2710 1.376283e-11
2711 1.375592e-11
2712 1.374901e-11
2713 1.374210e-11
2714 1.373520e-11
2715 1.372831e-11
2716 1.372143e-11
2717 1.371455e-11
2718 1.370767e-11
2719 1.370081e-11
2720 1.369394e-11
2721 1.368709e-11
2722 1.368024e-11
2723 1.367339e-11
2724 1.366656e-11
2725 1.365972e-11
2726 1.365290e-11
2727 1.364608e-11
2728 1.363926e-11
2729 1.363246e-11
2730 1.362565e-11
2731 1.361886e-11
2732 1.361207e-11
2733 1.360528e-11
2734 1.359849e-11
2735 1.359169e-11
2736 1.358490e-11
2737 1.357811e-11
2738 1.357133e-11
2739 1.356456e-11
2740 1.355779e-11
2741 1.355103e-11
2742 1.354427e-11
2743 1.353752e-11
2744 1.353077e-11
2745 1.352403e-11
2746 1.351730e-11
2747 1.351057e-11
2748 1.350385e-11
2749 1.349713e-11
2750 1.349042e-11
2751 1.348372e-11
2752 1.347702e-11
2753 1.347033e-11
2754 1.346364e-11
2755 1.345696e-11
2756 1.345028e-11
2757 1.344361e-11
2758 1.343694e-11
2759 1.343026e-11
2760 1.342358e-11
2761 1.341691e-11
2762 1.341024e-11
2763 1.340358e-11
2764 1.339693e-11
2765 1.339028e-11
2766 1.338364e-11
2767 1.337700e-11
2768 1.337037e-11
2769 1.336374e-11
2770 1.335712e-11
2771 1.335051e-11
2772 1.334390e-11
2773 1.333730e-11
2774 1.333070e-11
2775 1.332411e-11
2776 1.331752e-11
2777 1.331094e-11
2778 1.330437e-11
2779 1.329780e-11
2780 1.329123e-11
2781 1.328467e-11
2782 1.327812e-11
2783 1.327155e-11
2784 1.326499e-11
2785 1.325843e-11
2786 1.325188e-11
2787 1.324533e-11
2788 1.323878e-11
2789 1.323225e-11
2790 1.322572e-11
2791 1.321919e-11
2792 1.321267e-11
2793 1.320615e-11
2794 1.319964e-11
2795 1.319314e-11
2796 1.318664e-11
2797 1.318015e-11
2798 1.317366e-11
2799 1.316718e-11
2800 1.316070e-11
2801 1.315423e-11
2802 1.314777e-11
2803 1.314131e-11
2804 1.313485e-11
2805 1.312840e-11
2806 1.312196e-11
2807 1.311552e-11
2808 1.310906e-11
2809 1.310261e-11
2810 1.309617e-11
2811 1.308973e-11
2812 1.308329e-11
2813 1.307687e-11
2814 1.307044e-11
2815 1.306402e-11
2816 1.305761e-11
2817 1.305120e-11
2818 1.304480e-11
2819 1.303841e-11
2820 1.303202e-11
2821 1.302563e-11
2822 1.301925e-11
2823 1.301288e-11
2824 1.300651e-11
2825 1.300014e-11
2826 1.299378e-11
2827 1.298743e-11
2828 1.298108e-11
2829 1.297474e-11
2830 1.296840e-11
2831 1.296207e-11
2832 1.295574e-11
2833 1.294940e-11
2834 1.294306e-11
2835 1.293672e-11
2836 1.293040e-11
2837 1.292407e-11
2838 1.291776e-11
2839 1.291144e-11
2840 1.290514e-11
2841 1.289883e-11
2842 1.289254e-11
2843 1.288625e-11
2844 1.287996e-11
2845 1.287368e-11
2846 1.286741e-11
2847 1.286114e-11
2848 1.285487e-11
2849 1.284861e-11
2850 1.284236e-11
2851 1.283611e-11
2852 1.282986e-11
2853 1.282363e-11
2854 1.281739e-11
2855 1.281116e-11
2856 1.280494e-11
2857 1.279872e-11
2858 1.279249e-11
2859 1.278626e-11
2860 1.278003e-11
2861 1.277381e-11
2862 1.276760e-11
2863 1.276139e-11
2864 1.275519e-11
2865 1.274899e-11
2866 1.274279e-11
2867 1.273661e-11
2868 1.273042e-11
2869 1.272424e-11
2870 1.271807e-11
2871 1.271190e-11
2872 1.270574e-11
2873 1.269958e-11
2874 1.269343e-11
2875 1.268728e-11
2876 1.268114e-11
2877 1.267500e-11
2878 1.266887e-11
2879 1.266274e-11
2880 1.265662e-11
2881 1.265051e-11
2882 1.264439e-11
2883 1.263827e-11
2884 1.263215e-11
2885 1.262603e-11
2886 1.261992e-11
2887 1.261381e-11
2888 1.260770e-11
2889 1.260161e-11
2890 1.259551e-11
2891 1.258942e-11
2892 1.258334e-11
2893 1.257726e-11
2894 1.257119e-11
2895 1.256512e-11
2896 1.255906e-11
2897 1.255300e-11
2898 1.254695e-11
2899 1.254090e-11
2900 1.253486e-11
2901 1.252882e-11
2902 1.252278e-11
2903 1.251676e-11
2904 1.251073e-11
2905 1.250471e-11
2906 1.249870e-11
2907 1.249269e-11
2908 1.248669e-11
2909 1.248067e-11
2910 1.247465e-11
2911 1.246864e-11
2912 1.246264e-11
2913 1.245664e-11
2914 1.245064e-11
2915 1.244465e-11
2916 1.243866e-11
2917 1.243268e-11
2918 1.242671e-11
2919 1.242074e-11
2920 1.241477e-11
2921 1.240881e-11
2922 1.240285e-11
2923 1.239690e-11
2924 1.239096e-11
2925 1.238501e-11
2926 1.237908e-11
2927 1.237315e-11
2928 1.236722e-11
2929 1.236130e-11
2930 1.235538e-11
2931 1.234947e-11
2932 1.234356e-11
2933 1.233766e-11
2934 1.233176e-11
2935 1.232584e-11
2936 1.231993e-11
2937 1.231403e-11
2938 1.230813e-11
2939 1.230223e-11
2940 1.229634e-11
2941 1.229046e-11
2942 1.228457e-11
2943 1.227870e-11
2944 1.227283e-11
2945 1.226696e-11
2946 1.226110e-11
2947 1.225524e-11
2948 1.224939e-11
2949 1.224354e-11
2950 1.223770e-11
2951 1.223186e-11
2952 1.222603e-11
2953 1.222020e-11
2954 1.221438e-11
2955 1.220856e-11
2956 1.220275e-11
2957 1.219694e-11
2958 1.219113e-11
2959 1.218533e-11
2960 1.217954e-11
2961 1.217373e-11
2962 1.216792e-11
2963 1.216212e-11
2964 1.215632e-11
2965 1.215053e-11
2966 1.214474e-11
2967 1.213896e-11
2968 1.213318e-11
2969 1.212740e-11
2970 1.212163e-11
2971 1.211587e-11
2972 1.211011e-11
2973 1.210436e-11
2974 1.209861e-11
2975 1.209286e-11
2976 1.208712e-11
2977 1.208138e-11
2978 1.207565e-11
2979 1.206992e-11
2980 1.206420e-11
2981 1.205848e-11
2982 1.205277e-11
2983 1.204706e-11
2984 1.204136e-11
2985 1.203566e-11
2986 1.202996e-11
2987 1.202426e-11
2988 1.201855e-11
2989 1.201285e-11
2990 1.200715e-11
2991 1.200146e-11
2992 1.199577e-11
2993 1.199009e-11
2994 1.198441e-11
2995 1.197874e-11
2996 1.197307e-11
2997 1.196740e-11
2998 1.196174e-11
2999 1.195608e-11
3000 1.195043e-11
3001 1.194479e-11
3002 1.193914e-11
3003 1.193351e-11
3004 1.192787e-11
3005 1.192225e-11
3006 1.191662e-11
3007 1.191100e-11
3008 1.190539e-11
3009 1.189978e-11
3010 1.189417e-11
3011 1.188857e-11
3012 1.188297e-11
3013 1.187737e-11
3014 1.187177e-11
3015 1.186616e-11
3016 1.186056e-11
3017 1.185497e-11
3018 1.184938e-11
3019 1.184379e-11
3020 1.183821e-11
3021 1.183263e-11
3022 1.182706e-11
3023 1.182149e-11
3024 1.181593e-11
3025 1.181037e-11
3026 1.180482e-11
3027 1.179927e-11
3028 1.179372e-11
3029 1.178818e-11
3030 1.178264e-11
3031 1.177711e-11
3032 1.177158e-11
3033 1.176606e-11
3034 1.176054e-11
3035 1.175502e-11
3036 1.174951e-11
3037 1.174401e-11
3038 1.173851e-11
3039 1.173301e-11
3040 1.172750e-11
3041 1.172200e-11
3042 1.171649e-11
3043 1.171099e-11
3044 1.170550e-11
3045 1.170001e-11
3046 1.169452e-11
3047 1.168904e-11
3048 1.168356e-11
3049 1.167809e-11
3050 1.167262e-11
3051 1.166715e-11
3052 1.166169e-11
3053 1.165624e-11
3054 1.165078e-11
3055 1.164534e-11
3056 1.163989e-11
3057 1.163446e-11
3058 1.162902e-11
3059 1.162359e-11
3060 1.161816e-11
3061 1.161274e-11
3062 1.160733e-11
3063 1.160191e-11
3064 1.159650e-11
3065 1.159110e-11
3066 1.158570e-11
3067 1.158029e-11
3068 1.157488e-11
3069 1.156948e-11
3070 1.156407e-11
3071 1.155868e-11
3072 1.155328e-11
3073 1.154789e-11
3074 1.154251e-11
3075 1.153713e-11
3076 1.153175e-11
3077 1.152638e-11
3078 1.152101e-11
3079 1.151564e-11
3080 1.151028e-11
3081 1.150493e-11
3082 1.149958e-11
3083 1.149423e-11
3084 1.148889e-11
3085 1.148355e-11
3086 1.147821e-11
3087 1.147288e-11
3088 1.146755e-11
3089 1.146223e-11
3090 1.145692e-11
3091 1.145160e-11
3092 1.144629e-11
3093 1.144099e-11
3094 1.143568e-11
3095 1.143036e-11
3096 1.142505e-11
3097 1.141974e-11
3098 1.141444e-11
3099 1.140914e-11
3100 1.140385e-11
3101 1.139855e-11
3102 1.139327e-11
3103 1.138798e-11
3104 1.138271e-11
3105 1.137743e-11
3106 1.137216e-11
3107 1.136689e-11
3108 1.136163e-11
3109 1.135637e-11
3110 1.135112e-11
3111 1.134587e-11
3112 1.134062e-11
3113 1.133538e-11
3114 1.133015e-11
3115 1.132491e-11
3116 1.131968e-11
3117 1.131446e-11
3118 1.130924e-11
3119 1.130402e-11
3120 1.129881e-11
3121 1.129360e-11
3122 1.128838e-11
3123 1.128316e-11
3124 1.127794e-11
3125 1.127273e-11
3126 1.126752e-11
3127 1.126232e-11
3128 1.125712e-11
3129 1.125193e-11
3130 1.124673e-11
3131 1.124155e-11
3132 1.123636e-11
3133 1.123118e-11
3134 1.122601e-11
3135 1.122084e-11
3136 1.121567e-11
3137 1.121051e-11
3138 1.120535e-11
3139 1.120019e-11
3140 1.119504e-11
3141 1.118990e-11
3142 1.118475e-11
3143 1.117962e-11
3144 1.117448e-11
3145 1.116935e-11
3146 1.116422e-11
3147 1.115910e-11
3148 1.115398e-11
3149 1.114886e-11
3150 1.114374e-11
3151 1.113861e-11
3152 1.113349e-11
3153 1.112837e-11
3154 1.112326e-11
3155 1.111815e-11
3156 1.111304e-11
3157 1.110794e-11
3158 1.110284e-11
3159 1.109775e-11
3160 1.109266e-11
3161 1.108757e-11
3162 1.108249e-11
3163 1.107741e-11
3164 1.107234e-11
3165 1.106727e-11
3166 1.106220e-11
3167 1.105714e-11
3168 1.105208e-11
3169 1.104703e-11
3170 1.104197e-11
3171 1.103693e-11
3172 1.103189e-11
3173 1.102685e-11
3174 1.102181e-11
3175 1.101678e-11
3176 1.101175e-11
3177 1.100673e-11
3178 1.100169e-11
3179 1.099666e-11
3180 1.099163e-11
3181 1.098660e-11
3182 1.098158e-11
3183 1.097656e-11
3184 1.097154e-11
3185 1.096653e-11
3186 1.096153e-11
3187 1.095652e-11
3188 1.095152e-11
3189 1.094653e-11
3190 1.094154e-11
3191 1.093655e-11
3192 1.093157e-11
3193 1.092659e-11
3194 1.092161e-11
3195 1.091664e-11
3196 1.091167e-11
3197 1.090671e-11
3198 1.090174e-11
3199 1.089679e-11
3200 1.089183e-11
3201 1.088688e-11
3202 1.088194e-11
3203 1.087700e-11
3204 1.087206e-11
3205 1.086713e-11
3206 1.086218e-11
3207 1.085723e-11
3208 1.085229e-11
3209 1.084736e-11
3210 1.084242e-11
3211 1.083749e-11
3212 1.083257e-11
3213 1.082765e-11
3214 1.082273e-11
3215 1.081781e-11
3216 1.081290e-11
3217 1.080800e-11
3218 1.080309e-11
3219 1.079819e-11
3220 1.079330e-11
3221 1.078841e-11
3222 1.078352e-11
3223 1.077863e-11
3224 1.077375e-11
3225 1.076888e-11
3226 1.076400e-11
3227 1.075913e-11
3228 1.075427e-11
3229 1.074941e-11
3230 1.074455e-11
3231 1.073969e-11
3232 1.073484e-11
3233 1.072999e-11
3234 1.072514e-11
3235 1.072029e-11
3236 1.071543e-11
3237 1.071058e-11
3238 1.070574e-11
3239 1.070089e-11
3240 1.069605e-11
3241 1.069122e-11
3242 1.068639e-11
3243 1.068156e-11
3244 1.067674e-11
3245 1.067191e-11
3246 1.066710e-11
3247 1.066228e-11
3248 1.065747e-11
3249 1.065267e-11
3250 1.064787e-11
3251 1.064307e-11
3252 1.063827e-11
3253 1.063348e-11
3254 1.062869e-11
3255 1.062391e-11
3256 1.061913e-11
3257 1.061435e-11
3258 1.060958e-11
3259 1.060481e-11
3260 1.060004e-11
3261 1.059528e-11
3262 1.059052e-11
3263 1.058575e-11
3264 1.058099e-11
3265 1.057622e-11
3266 1.057146e-11
3267 1.056670e-11
3268 1.056195e-11
3269 1.055719e-11
3270 1.055245e-11
3271 1.054770e-11
3272 1.054296e-11
3273 1.053823e-11
3274 1.053349e-11
3275 1.052876e-11
3276 1.052404e-11
3277 1.051932e-11
3278 1.051460e-11
3279 1.050988e-11
3280 1.050517e-11
3281 1.050046e-11
3282 1.049576e-11
3283 1.049106e-11
3284 1.048636e-11
3285 1.048167e-11
3286 1.047697e-11
3287 1.047229e-11
3288 1.046760e-11
3289 1.046292e-11
3290 1.045825e-11
3291 1.045358e-11
3292 1.044890e-11
3293 1.044421e-11
3294 1.043953e-11
3295 1.043486e-11
3296 1.043019e-11
3297 1.042552e-11
3298 1.042085e-11
3299 1.041619e-11
3300 1.041153e-11
3301 1.040688e-11
3302 1.040223e-11
3303 1.039758e-11
3304 1.039293e-11
3305 1.038829e-11
3306 1.038366e-11
3307 1.037902e-11
3308 1.037439e-11
3309 1.036977e-11
3310 1.036514e-11
3311 1.036052e-11
3312 1.035591e-11
3313 1.035129e-11
3314 1.034668e-11
3315 1.034208e-11
3316 1.033747e-11
3317 1.033288e-11
3318 1.032828e-11
3319 1.032369e-11
3320 1.031910e-11
3321 1.031451e-11
3322 1.030991e-11
3323 1.030531e-11
3324 1.030072e-11
3325 1.029613e-11
3326 1.029155e-11
3327 1.028697e-11
3328 1.028239e-11
3329 1.027781e-11
3330 1.027324e-11
3331 1.026867e-11
3332 1.026411e-11
3333 1.025955e-11
3334 1.025499e-11
3335 1.025044e-11
3336 1.024589e-11
3337 1.024134e-11
3338 1.023679e-11
3339 1.023225e-11
3340 1.022772e-11
3341 1.022318e-11
3342 1.021865e-11
3343 1.021412e-11
3344 1.020960e-11
3345 1.020508e-11
3346 1.020056e-11
3347 1.019605e-11
3348 1.019154e-11
3349 1.018703e-11
3350 1.018253e-11
3351 1.017801e-11
3352 1.017350e-11
3353 1.016899e-11
3354 1.016448e-11
3355 1.015998e-11
3356 1.015548e-11
3357 1.015098e-11
3358 1.014649e-11
3359 1.014200e-11
3360 1.013751e-11
3361 1.013303e-11
3362 1.012855e-11
3363 1.012407e-11
3364 1.011960e-11
3365 1.011513e-11
3366 1.011066e-11
3367 1.010620e-11
3368 1.010174e-11
3369 1.009728e-11
3370 1.009283e-11
3371 1.008838e-11
3372 1.008393e-11
3373 1.007949e-11
3374 1.007505e-11
3375 1.007061e-11
3376 1.006618e-11
3377 1.006175e-11
3378 1.005732e-11
3379 1.005289e-11
3380 1.004847e-11
3381 1.004404e-11
3382 1.003961e-11
3383 1.003518e-11
3384 1.003076e-11
3385 1.002634e-11
3386 1.002192e-11
3387 1.001750e-11
3388 1.001309e-11
3389 1.000869e-11
3390 1.000428e-11
3391 9.999881e-12
3392 9.995484e-12
3393 9.991089e-12
3394 9.986698e-12
3395 9.982310e-12
3396 9.977925e-12
3397 9.973543e-12
3398 9.969165e-12
3399 9.964790e-12
3400 9.960418e-12
3401 9.956049e-12
3402 9.951683e-12
3403 9.947321e-12
3404 9.942962e-12
3405 9.938606e-12
3406 9.934253e-12
3407 9.929903e-12
3408 9.925557e-12
3409 9.921214e-12
3410 9.916872e-12
3411 9.912519e-12
3412 9.908170e-12
3413 9.903824e-12
3414 9.899481e-12
3415 9.895141e-12
3416 9.890805e-12
3417 9.886471e-12
3418 9.882141e-12
3419 9.877814e-12
3420 9.873490e-12
3421 9.869169e-12
3422 9.864852e-12
3423 9.860537e-12
3424 9.856226e-12
3425 9.851918e-12
3426 9.847613e-12
3427 9.843311e-12
3428 9.839012e-12
3429 9.834717e-12
3430 9.830424e-12
3431 9.826135e-12
3432 9.821849e-12
3433 9.817565e-12
3434 9.813285e-12
3435 9.809008e-12
3436 9.804735e-12
3437 9.800464e-12
3438 9.796196e-12
3439 9.791932e-12
3440 9.787671e-12
3441 9.783400e-12
3442 9.779129e-12
3443 9.774862e-12
3444 9.770598e-12
3445 9.766337e-12
3446 9.762079e-12
3447 9.757824e-12
3448 9.753572e-12
3449 9.749323e-12
3450 9.745078e-12
3451 9.740835e-12
3452 9.736596e-12
3453 9.732359e-12
3454 9.728126e-12
3455 9.723896e-12
3456 9.719669e-12
3457 9.715444e-12
3458 9.711223e-12
3459 9.707005e-12
3460 9.702790e-12
3461 9.698578e-12
3462 9.694369e-12
3463 9.690164e-12
3464 9.685961e-12
3465 9.681761e-12
3466 9.677564e-12
3467 9.673370e-12
3468 9.669180e-12
3469 9.664992e-12
3470 9.660807e-12
3471 9.656622e-12
3472 9.652428e-12
3473 9.648238e-12
3474 9.644051e-12
3475 9.639866e-12
3476 9.635685e-12
3477 9.631506e-12
3478 9.627331e-12
3479 9.623159e-12
3480 9.618989e-12
3481 9.614823e-12
3482 9.610660e-12
3483 9.606499e-12
3484 9.602342e-12
3485 9.598188e-12
3486 9.594036e-12
3487 9.589888e-12
3488 9.585742e-12
3489 9.581600e-12
3490 9.577460e-12
3491 9.573324e-12
3492 9.569190e-12
3493 9.565060e-12
3494 9.560932e-12
3495 9.556808e-12
3496 9.552686e-12
3497 9.548567e-12
3498 9.544452e-12
3499 9.540339e-12
3500 9.536229e-12
3501 9.532122e-12
3502 9.528012e-12
3503 9.523896e-12
3504 9.519784e-12
3505 9.515674e-12
3506 9.511567e-12
3507 9.507464e-12
3508 9.503363e-12
3509 9.499265e-12
3510 9.495170e-12
3511 9.491078e-12
3512 9.486989e-12
3513 9.482903e-12
3514 9.478819e-12
3515 9.474739e-12
3516 9.470662e-12
3517 9.466587e-12
3518 9.462515e-12
3519 9.458447e-12
3520 9.454381e-12
3521 9.450318e-12
3522 9.446258e-12
3523 9.442201e-12
3524 9.438147e-12
3525 9.434095e-12
3526 9.430047e-12
3527 9.426001e-12
3528 9.421959e-12
3529 9.417919e-12
3530 9.413882e-12
3531 9.409848e-12
3532 9.405817e-12
3533 9.401784e-12
3534 9.397744e-12
3535 9.393708e-12
3536 9.389674e-12
3537 9.385643e-12
3538 9.381615e-12
3539 9.377589e-12
3540 9.373567e-12
3541 9.369547e-12
3542 9.365531e-12
3543 9.361517e-12
3544 9.357506e-12
3545 9.353497e-12
3546 9.349492e-12
3547 9.345490e-12
3548 9.341490e-12
3549 9.337493e-12
3550 9.333499e-12
3551 9.329508e-12
3552 9.325520e-12
3553 9.321534e-12
3554 9.317552e-12
3555 9.313572e-12
3556 9.309595e-12
3557 9.305621e-12
3558 9.301649e-12
3559 9.297681e-12
3560 9.293715e-12
3561 9.289752e-12
3562 9.285792e-12
3563 9.281835e-12
3564 9.277880e-12
3565 9.273915e-12
3566 9.269952e-12
3567 9.265992e-12
3568 9.262035e-12
3569 9.258081e-12
3570 9.254129e-12
3571 9.250180e-12
3572 9.246234e-12
3573 9.242291e-12
3574 9.238350e-12
3575 9.234412e-12
3576 9.230477e-12
3577 9.226545e-12
3578 9.222616e-12
3579 9.218689e-12
3580 9.214765e-12
3581 9.210844e-12
3582 9.206926e-12
3583 9.203010e-12
3584 9.199097e-12
3585 9.195187e-12
3586 9.191280e-12
3587 9.187375e-12
3588 9.183473e-12
3589 9.179574e-12
3590 9.175678e-12
3591 9.171784e-12
3592 9.167893e-12
3593 9.164005e-12
3594 9.160120e-12
3595 9.156237e-12
3596 9.152354e-12
3597 9.148463e-12
3598 9.144575e-12
3599 9.140689e-12
3600 9.136807e-12
3601 9.132927e-12
3602 9.129049e-12
3603 9.125175e-12
3604 9.121303e-12
3605 9.117434e-12
3606 9.113568e-12
3607 9.109704e-12
3608 9.105843e-12
3609 9.101985e-12
3610 9.098129e-12
3611 9.094277e-12
3612 9.090426e-12
3613 9.086579e-12
3614 9.082734e-12
3615 9.078892e-12
3616 9.075053e-12
3617 9.071216e-12
3618 9.067382e-12
3619 9.063551e-12
3620 9.059722e-12
3621 9.055896e-12
3622 9.052073e-12
3623 9.048252e-12
3624 9.044434e-12
3625 9.040619e-12
3626 9.036807e-12
3627 9.032997e-12
3628 9.029185e-12
3629 9.025367e-12
3630 9.021552e-12
3631 9.017739e-12
3632 9.013929e-12
3633 9.010122e-12
3634 9.006317e-12
3635 9.002515e-12
3636 8.998716e-12
3637 8.994919e-12
3638 8.991125e-12
3639 8.987333e-12
3640 8.983545e-12
3641 8.979758e-12
3642 8.975975e-12
3643 8.972194e-12
3644 8.968416e-12
3645 8.964640e-12
3646 8.960867e-12
3647 8.957097e-12
3648 8.953329e-12
3649 8.949564e-12
3650 8.945801e-12
3651 8.942041e-12
3652 8.938284e-12
3653 8.934529e-12
3654 8.930777e-12
3655 8.927028e-12
3656 8.923281e-12
3657 8.919536e-12
3658 8.915795e-12
3659 8.912056e-12
3660 8.908318e-12
3661 8.904571e-12
3662 8.900827e-12
3663 8.897085e-12
3664 8.893346e-12
3665 8.889609e-12
3666 8.885875e-12
3667 8.882144e-12
3668 8.878415e-12
3669 8.874688e-12
3670 8.870965e-12
3671 8.867244e-12
3672 8.863525e-12
3673 8.859809e-12
3674 8.856096e-12
3675 8.852385e-12
3676 8.848677e-12
3677 8.844971e-12
3678 8.841268e-12
3679 8.837567e-12
3680 8.833869e-12
3681 8.830174e-12
3682 8.826481e-12
3683 8.822790e-12
3684 8.819103e-12
3685 8.815417e-12
3686 8.811735e-12
3687 8.808054e-12
3688 8.804377e-12
3689 8.800702e-12
3690 8.797029e-12
3691 8.793359e-12
3692 8.789691e-12
3693 8.786019e-12
3694 8.782344e-12
3695 8.778671e-12
3696 8.775001e-12
3697 8.771333e-12
3698 8.767668e-12
3699 8.764005e-12
3700 8.760345e-12
3701 8.756688e-12
3702 8.753033e-12
3703 8.749380e-12
3704 8.745730e-12
3705 8.742082e-12
3706 8.738437e-12
3707 8.734795e-12
3708 8.731155e-12
3709 8.727517e-12
3710 8.723882e-12
3711 8.720250e-12
3712 8.716620e-12
3713 8.712992e-12
3714 8.709367e-12
3715 8.705744e-12
3716 8.702124e-12
3717 8.698507e-12
3718 8.694891e-12
3719 8.691279e-12
3720 8.687668e-12
3721 8.684061e-12
3722 8.680455e-12
3723 8.676853e-12
3724 8.673252e-12
3725 8.669654e-12
3726 8.666049e-12
3727 8.662444e-12
3728 8.658841e-12
3729 8.655241e-12
3730 8.651642e-12
3731 8.648047e-12
3732 8.644454e-12
3733 8.640863e-12
3734 8.637275e-12
3735 8.633689e-12
3736 8.630106e-12
3737 8.626525e-12
3738 8.622947e-12
3739 8.619371e-12
3740 8.615797e-12
3741 8.612226e-12
3742 8.608657e-12
3743 8.605091e-12
3744 8.601527e-12
3745 8.597966e-12
3746 8.594407e-12
3747 8.590850e-12
3748 8.587296e-12
3749 8.583745e-12
3750 8.580195e-12
3751 8.576648e-12
3752 8.573104e-12
3753 8.569562e-12
3754 8.566022e-12
3755 8.562485e-12
3756 8.558950e-12
3757 8.555418e-12
3758 8.551888e-12
3759 8.548352e-12
3760 8.544815e-12
3761 8.541280e-12
3762 8.537747e-12
3763 8.534217e-12
3764 8.530689e-12
3765 8.527164e-12
3766 8.523640e-12
3767 8.520120e-12
3768 8.516602e-12
3769 8.513086e-12
3770 8.509572e-12
3771 8.506061e-12
3772 8.502553e-12
3773 8.499046e-12
3774 8.495542e-12
3775 8.492041e-12
3776 8.488541e-12
3777 8.485045e-12
3778 8.481550e-12
3779 8.478058e-12
3780 8.474568e-12
3781 8.471081e-12
3782 8.467596e-12
3783 8.464113e-12
3784 8.460633e-12
3785 8.457155e-12
3786 8.453679e-12
3787 8.450206e-12
3788 8.446735e-12
3789 8.443266e-12
3790 8.439800e-12
3791 8.436336e-12
3792 8.432871e-12
3793 8.429400e-12
3794 8.425931e-12
3795 8.422465e-12
3796 8.419001e-12
3797 8.415539e-12
3798 8.412079e-12
3799 8.408622e-12
3800 8.405168e-12
3801 8.401715e-12
3802 8.398265e-12
3803 8.394817e-12
3804 8.391372e-12
3805 8.387928e-12
3806 8.384488e-12
3807 8.381049e-12
3808 8.377613e-12
3809 8.374179e-12
3810 8.370747e-12
3811 8.367318e-12
3812 8.363891e-12
3813 8.360466e-12
3814 8.357044e-12
3815 8.353624e-12
3816 8.350206e-12
3817 8.346790e-12
3818 8.343377e-12
3819 8.339966e-12
3820 8.336558e-12
3821 8.333151e-12
3822 8.329747e-12
3823 8.326345e-12
3824 8.322946e-12
3825 8.319549e-12
3826 8.316147e-12
3827 8.312743e-12
3828 8.309341e-12
3829 8.305941e-12
3830 8.302543e-12
3831 8.299148e-12
3832 8.295755e-12
3833 8.292365e-12
3834 8.288976e-12
3835 8.285590e-12
3836 8.282206e-12
3837 8.278825e-12
3838 8.275445e-12
3839 8.272068e-12
3840 8.268694e-12
3841 8.265321e-12
3842 8.261951e-12
3843 8.258583e-12
3844 8.255217e-12
3845 8.251853e-12
3846 8.248492e-12
3847 8.245133e-12
3848 8.241776e-12
3849 8.238422e-12
3850 8.235069e-12
3851 8.231719e-12
3852 8.228371e-12
3853 8.225026e-12
3854 8.221682e-12
3855 8.218341e-12
3856 8.215002e-12
3857 8.211665e-12
3858 8.208331e-12
3859 8.204999e-12
3860 8.201662e-12
3861 8.198323e-12
3862 8.194986e-12
3863 8.191651e-12
3864 8.188318e-12
3865 8.184988e-12
3866 8.181660e-12
3867 8.178334e-12
3868 8.175010e-12
3869 8.171689e-12
3870 8.168369e-12
3871 8.165052e-12
3872 8.161738e-12
3873 8.158425e-12
3874 8.155114e-12
3875 8.151806e-12
3876 8.148500e-12
3877 8.145196e-12
3878 8.141895e-12
3879 8.138595e-12
3880 8.135298e-12
3881 8.132003e-12
3882 8.128710e-12
3883 8.125419e-12
3884 8.122130e-12
3885 8.118844e-12
3886 8.115560e-12
3887 8.112278e-12
3888 8.108998e-12
3889 8.105720e-12
3890 8.102445e-12
3891 8.099171e-12
3892 8.095900e-12
3893 8.092631e-12
3894 8.089361e-12
3895 8.086085e-12
3896 8.082811e-12
3897 8.079540e-12
3898 8.076270e-12
3899 8.073003e-12
3900 8.069738e-12
3901 8.066475e-12
3902 8.063215e-12
3903 8.059956e-12
3904 8.056700e-12
3905 8.053445e-12
3906 8.050193e-12
3907 8.046943e-12
3908 8.043696e-12
3909 8.040450e-12
3910 8.037206e-12
3911 8.033965e-12
3912 8.030726e-12
3913 8.027489e-12
3914 8.024254e-12
3915 8.021021e-12
3916 8.017790e-12
3917 8.014562e-12
3918 8.011335e-12
3919 8.008111e-12
3920 8.004889e-12
3921 8.001668e-12
3922 7.998450e-12
3923 7.995235e-12
3924 7.992021e-12
3925 7.988809e-12
3926 7.985600e-12
3927 7.982392e-12
3928 7.979187e-12
3929 7.975976e-12
3930 7.972764e-12
3931 7.969554e-12
3932 7.966346e-12
3933 7.963141e-12
3934 7.959937e-12
3935 7.956736e-12
3936 7.953536e-12
3937 7.950339e-12
3938 7.947144e-12
3939 7.943951e-12
3940 7.940760e-12
3941 7.937571e-12
3942 7.934385e-12
3943 7.931200e-12
3944 7.928017e-12
3945 7.924837e-12
3946 7.921658e-12
3947 7.918482e-12
3948 7.915308e-12
3949 7.912136e-12
3950 7.908966e-12
3951 7.905798e-12
3952 7.902632e-12
3953 7.899468e-12
3954 7.896306e-12
3955 7.893146e-12
3956 7.889988e-12
3957 7.886833e-12
3958 7.883679e-12
3959 7.880528e-12
3960 7.877378e-12
3961 7.874231e-12
3962 7.871085e-12
3963 7.867942e-12
3964 7.864792e-12
3965 7.861643e-12
3966 7.858495e-12
3967 7.855349e-12
3968 7.852206e-12
3969 7.849064e-12
3970 7.845925e-12
3971 7.842787e-12
3972 7.839652e-12
3973 7.836518e-12
3974 7.833387e-12
3975 7.830258e-12
3976 7.827130e-12
3977 7.824005e-12
3978 7.820882e-12
3979 7.817761e-12
3980 7.814642e-12
3981 7.811525e-12
3982 7.808410e-12
3983 7.805296e-12
3984 7.802185e-12
3985 7.799076e-12
3986 7.795969e-12
3987 7.792864e-12
3988 7.789762e-12
3989 7.786661e-12
3990 7.783562e-12
3991 7.780465e-12
3992 7.777370e-12
3993 7.774277e-12
3994 7.771186e-12
3995 7.768097e-12
3996 7.765010e-12
3997 7.761925e-12
3998 7.758842e-12
3999 7.755755e-12
4000 7.752666e-12
4001 7.749579e-12
4002 7.746494e-12
4003 7.743410e-12
4004 7.740329e-12
4005 7.737250e-12
4006 7.734173e-12
4007 7.731097e-12
4008 7.728024e-12
4009 7.724953e-12
4010 7.721884e-12
4011 7.718816e-12
4012 7.715751e-12
4013 7.712688e-12
4014 7.709626e-12
4015 7.706567e-12
4016 7.703510e-12
4017 7.700454e-12
4018 7.697401e-12
4019 7.694349e-12
4020 7.691300e-12
4021 7.688252e-12
4022 7.685207e-12
4023 7.682163e-12
4024 7.679121e-12
4025 7.676082e-12
4026 7.673044e-12
4027 7.670008e-12
4028 7.666974e-12
4029 7.663942e-12
4030 7.660913e-12
4031 7.657885e-12
4032 7.654859e-12
4033 7.651834e-12
4034 7.648811e-12
4035 7.645781e-12
4036 7.642753e-12
4037 7.639727e-12
4038 7.636702e-12
4039 7.633680e-12
4040 7.630659e-12
4041 7.627641e-12
4042 7.624624e-12
4043 7.621609e-12
4044 7.618597e-12
4045 7.615586e-12
4046 7.612577e-12
4047 7.609570e-12
4048 7.606565e-12
4049 7.603562e-12
4050 7.600561e-12
4051 7.597561e-12
4052 7.594564e-12
4053 7.591569e-12
4054 7.588575e-12
4055 7.585584e-12
4056 7.582594e-12
4057 7.579606e-12
4058 7.576621e-12
4059 7.573637e-12
4060 7.570655e-12
4061 7.567675e-12
4062 7.564696e-12
4063 7.561720e-12
4064 7.558746e-12
4065 7.555773e-12
4066 7.552803e-12
4067 7.549834e-12
4068 7.546867e-12
4069 7.543902e-12
4070 7.540937e-12
4071 7.537966e-12
4072 7.534997e-12
4073 7.532030e-12
4074 7.529065e-12
4075 7.526102e-12
4076 7.523140e-12
4077 7.520181e-12
4078 7.517223e-12
4079 7.514267e-12
4080 7.511313e-12
4081 7.508361e-12
4082 7.505411e-12
4083 7.502463e-12
4084 7.499517e-12
4085 7.496572e-12
4086 7.493630e-12
4087 7.490689e-12
4088 7.487750e-12
4089 7.484813e-12
4090 7.481878e-12
4091 7.478945e-12
4092 7.476013e-12
4093 7.473084e-12
4094 7.470156e-12
4095 7.467231e-12
4096 7.464307e-12
4097 7.461385e-12
4098 7.458464e-12
4099 7.455546e-12
4100 7.452630e-12
4101 7.449715e-12
4102 7.446802e-12
4103 7.443891e-12
4104 7.440982e-12
4105 7.438075e-12
4106 7.435169e-12
4107 7.432256e-12
4108 7.429344e-12
4109 7.426435e-12
4110 7.423527e-12
4111 7.420622e-12
4112 7.417718e-12
4113 7.414816e-12
4114 7.411915e-12
4115 7.409017e-12
4116 7.406121e-12
4117 7.403226e-12
4118 7.400333e-12
4119 7.397442e-12
4120 7.394553e-12
4121 7.391665e-12
4122 7.388780e-12
4123 7.385896e-12
4124 7.383014e-12
4125 7.380134e-12
4126 7.377256e-12
4127 7.374380e-12
4128 7.371505e-12
4129 7.368632e-12
4130 7.365761e-12
4131 7.362892e-12
4132 7.360025e-12
4133 7.357159e-12
4134 7.354295e-12
4135 7.351433e-12
4136 7.348573e-12
4137 7.345715e-12
4138 7.342859e-12
4139 7.340004e-12
4140 7.337151e-12
4141 7.334300e-12
4142 7.331450e-12
4143 7.328597e-12
4144 7.325742e-12
4145 7.322889e-12
4146 7.320037e-12
4147 7.317188e-12
4148 7.314340e-12
4149 7.311494e-12
4150 7.308650e-12
4151 7.305807e-12
4152 7.302966e-12
4153 7.300128e-12
4154 7.297290e-12
4155 7.294455e-12
4156 7.291621e-12
4157 7.288790e-12
4158 7.285960e-12
4159 7.283132e-12
4160 7.280305e-12
4161 7.277480e-12
4162 7.274658e-12
4163 7.271836e-12
4164 7.269017e-12
4165 7.266199e-12
4166 7.263384e-12
4167 7.260570e-12
4168 7.257757e-12
4169 7.254947e-12
4170 7.252138e-12
4171 7.249331e-12
4172 7.246526e-12
4173 7.243722e-12
4174 7.240921e-12
4175 7.238121e-12
4176 7.235323e-12
4177 7.232526e-12
4178 7.229731e-12
4179 7.226938e-12
4180 7.224140e-12
4181 7.221341e-12
4182 7.218545e-12
4183 7.215750e-12
4184 7.212956e-12
4185 7.210165e-12
4186 7.207375e-12
4187 7.204587e-12
4188 7.201800e-12
4189 7.199016e-12
4190 7.196233e-12
4191 7.193452e-12
4192 7.190673e-12
4193 7.187895e-12
4194 7.185119e-12
4195 7.182345e-12
4196 7.179573e-12
4197 7.176802e-12
4198 7.174033e-12
4199 7.171266e-12
4200 7.168500e-12
4201 7.165736e-12
4202 7.162974e-12
4203 7.160214e-12
4204 7.157455e-12
4205 7.154698e-12
4206 7.151943e-12
4207 7.149190e-12
4208 7.146438e-12
4209 7.143688e-12
4210 7.140940e-12
4211 7.138193e-12
4212 7.135448e-12
4213 7.132705e-12
4214 7.129963e-12
4215 7.127224e-12
4216 7.124486e-12
4217 7.121743e-12
4218 7.119000e-12
4219 7.116258e-12
4220 7.113518e-12
4221 7.110779e-12
4222 7.108042e-12
4223 7.105307e-12
4224 7.102574e-12
4225 7.099842e-12
4226 7.097112e-12
4227 7.094384e-12
4228 7.091658e-12
4229 7.088933e-12
4230 7.086210e-12
4231 7.083488e-12
4232 7.080768e-12
4233 7.078050e-12
4234 7.075334e-12
4235 7.072619e-12
4236 7.069906e-12
4237 7.067195e-12
4238 7.064485e-12
4239 7.061777e-12
4240 7.059071e-12
4241 7.056366e-12
4242 7.053663e-12
4243 7.050962e-12
4244 7.048262e-12
4245 7.045564e-12
4246 7.042868e-12
4247 7.040173e-12
4248 7.037480e-12
4249 7.034789e-12
4250 7.032099e-12
4251 7.029411e-12
4252 7.026725e-12
4253 7.024040e-12
4254 7.021355e-12
4255 7.018665e-12
4256 7.015977e-12
4257 7.013290e-12
4258 7.010605e-12
4259 7.007922e-12
4260 7.005240e-12
4261 7.002560e-12
4262 6.999882e-12
4263 6.997205e-12
4264 6.994530e-12
4265 6.991856e-12
4266 6.989184e-12
4267 6.986514e-12
4268 6.983846e-12
4269 6.981179e-12
4270 6.978514e-12
4271 6.975850e-12
4272 6.973188e-12
4273 6.970528e-12
4274 6.967869e-12
4275 6.965212e-12
4276 6.962557e-12
4277 6.959903e-12
4278 6.957251e-12
4279 6.954600e-12
4280 6.951951e-12
4281 6.949304e-12
4282 6.946659e-12
4283 6.944015e-12
4284 6.941372e-12
4285 6.938731e-12
4286 6.936092e-12
4287 6.933455e-12
4288 6.930819e-12
4289 6.928185e-12
4290 6.925552e-12
4291 6.922921e-12
4292 6.920288e-12
4293 6.917652e-12
4294 6.915017e-12
4295 6.912384e-12
4296 6.909753e-12
4297 6.907123e-12
4298 6.904495e-12
4299 6.901868e-12
4300 6.899243e-12
4301 6.896620e-12
4302 6.893998e-12
4303 6.891378e-12
4304 6.888759e-12
4305 6.886142e-12
4306 6.883527e-12
4307 6.880913e-12
4308 6.878301e-12
4309 6.875691e-12
4310 6.873082e-12
4311 6.870474e-12
4312 6.867869e-12
4313 6.865264e-12
4314 6.862662e-12
4315 6.860061e-12
4316 6.857462e-12
4317 6.854864e-12
4318 6.852267e-12
4319 6.849673e-12
4320 6.847080e-12
4321 6.844488e-12
4322 6.841898e-12
4323 6.839310e-12
4324 6.836723e-12
4325 6.834138e-12
4326 6.831555e-12
4327 6.828973e-12
4328 6.826392e-12
4329 6.823813e-12
4330 6.821234e-12
4331 6.818650e-12
4332 6.816067e-12
4333 6.813487e-12
4334 6.810907e-12
4335 6.808330e-12
4336 6.805754e-12
4337 6.803179e-12
4338 6.800606e-12
4339 6.798035e-12
4340 6.795465e-12
4341 6.792897e-12
4342 6.790330e-12
4343 6.787765e-12
4344 6.785201e-12
4345 6.782639e-12
4346 6.780079e-12
4347 6.777520e-12
4348 6.774963e-12
4349 6.772407e-12
4350 6.769853e-12
4351 6.767300e-12
4352 6.764749e-12
4353 6.762199e-12
4354 6.759651e-12
4355 6.757105e-12
4356 6.754560e-12
4357 6.752016e-12
4358 6.749475e-12
4359 6.746934e-12
4360 6.744395e-12
4361 6.741858e-12
4362 6.739322e-12
4363 6.736788e-12
4364 6.734256e-12
4365 6.731724e-12
4366 6.729195e-12
4367 6.726667e-12
4368 6.724140e-12
4369 6.721609e-12
4370 6.719077e-12
4371 6.716547e-12
4372 6.714019e-12
4373 6.711492e-12
4374 6.708967e-12
4375 6.706443e-12
4376 6.703920e-12
4377 6.701400e-12
4378 6.698880e-12
4379 6.696363e-12
4380 6.693846e-12
4381 6.691332e-12
4382 6.688819e-12
4383 6.686307e-12
4384 6.683797e-12
4385 6.681288e-12
4386 6.678781e-12
4387 6.676275e-12
4388 6.673771e-12
4389 6.671269e-12
4390 6.668768e-12
4391 6.666268e-12
4392 6.663770e-12
4393 6.661274e-12
4394 6.658778e-12
4395 6.656285e-12
4396 6.653793e-12
4397 6.651302e-12
4398 6.648813e-12
4399 6.646326e-12
4400 6.643840e-12
4401 6.641355e-12
4402 6.638872e-12
4403 6.636390e-12
4404 6.633910e-12
4405 6.631432e-12
4406 6.628955e-12
4407 6.626479e-12
4408 6.623997e-12
4409 6.621517e-12
4410 6.619038e-12
4411 6.616560e-12
4412 6.614084e-12
4413 6.611610e-12
4414 6.609137e-12
4415 6.606665e-12
4416 6.604195e-12
4417 6.601727e-12
4418 6.599260e-12
4419 6.596794e-12
4420 6.594330e-12
4421 6.591867e-12
4422 6.589406e-12
4423 6.586946e-12
4424 6.584488e-12
4425 6.582031e-12
4426 6.579576e-12
4427 6.577122e-12
4428 6.574670e-12
4429 6.572219e-12
4430 6.569770e-12
4431 6.567322e-12
4432 6.564875e-12
4433 6.562430e-12
4434 6.559987e-12
4435 6.557545e-12
4436 6.555104e-12
4437 6.552665e-12
4438 6.550227e-12
4439 6.547791e-12
4440 6.545356e-12
4441 6.542923e-12
4442 6.540491e-12
4443 6.538061e-12
4444 6.535632e-12
4445 6.533204e-12
4446 6.530778e-12
4447 6.528347e-12
4448 6.525916e-12
4449 6.523487e-12
4450 6.521059e-12
4451 6.518632e-12
4452 6.516207e-12
4453 6.513784e-12
4454 6.511362e-12
4455 6.508941e-12
4456 6.506522e-12
4457 6.504104e-12
4458 6.501688e-12
4459 6.499273e-12
4460 6.496859e-12
4461 6.494447e-12
4462 6.492037e-12
4463 6.489628e-12
4464 6.487220e-12
4465 6.484814e-12
4466 6.482409e-12
4467 6.480005e-12
4468 6.477604e-12
4469 6.475203e-12
4470 6.472804e-12
4471 6.470406e-12
4472 6.468010e-12
4473 6.465615e-12
4474 6.463222e-12
4475 6.460830e-12
4476 6.458439e-12
4477 6.456050e-12
4478 6.453662e-12
4479 6.451276e-12
4480 6.448891e-12
4481 6.446507e-12
4482 6.444125e-12
4483 6.441744e-12
4484 6.439365e-12
4485 6.436987e-12
4486 6.434608e-12
4487 6.432226e-12
4488 6.429845e-12
4489 6.427465e-12
4490 6.425087e-12
4491 6.422710e-12
4492 6.420335e-12
4493 6.417961e-12
4494 6.415588e-12
4495 6.413217e-12
4496 6.410847e-12
4497 6.408479e-12
4498 6.406112e-12
4499 6.403746e-12
4500 6.401382e-12
4501 6.399019e-12
4502 6.396658e-12
4503 6.394298e-12
4504 6.391939e-12
4505 6.389582e-12
4506 6.387226e-12
4507 6.384872e-12
4508 6.382519e-12
4509 6.380167e-12
4510 6.377817e-12
4511 6.375468e-12
4512 6.373120e-12
4513 6.370774e-12
4514 6.368430e-12
4515 6.366086e-12
4516 6.363744e-12
4517 6.361404e-12
4518 6.359065e-12
4519 6.356727e-12
4520 6.354390e-12
4521 6.352055e-12
4522 6.349722e-12
4523 6.347389e-12
4524 6.345058e-12
4525 6.342729e-12
4526 6.340397e-12
4527 6.338063e-12
4528 6.335730e-12
4529 6.333399e-12
4530 6.331069e-12
4531 6.328740e-12
4532 6.326413e-12
4533 6.324087e-12
4534 6.321763e-12
4535 6.319440e-12
4536 6.317118e-12
4537 6.314798e-12
4538 6.312479e-12
4539 6.310161e-12
4540 6.307845e-12
4541 6.305530e-12
4542 6.303217e-12
4543 6.300904e-12
4544 6.298594e-12
4545 6.296284e-12
4546 6.293976e-12
4547 6.291669e-12
4548 6.289364e-12
4549 6.287060e-12
4550 6.284757e-12
4551 6.282456e-12
4552 6.280156e-12
4553 6.277857e-12
4554 6.275560e-12
4555 6.273264e-12
4556 6.270969e-12
4557 6.268676e-12
4558 6.266384e-12
4559 6.264093e-12
4560 6.261804e-12
4561 6.259516e-12
4562 6.257230e-12
4563 6.254944e-12
4564 6.252660e-12
4565 6.250378e-12
4566 6.248094e-12
4567 6.245808e-12
4568 6.243522e-12
4569 6.241238e-12
4570 6.238955e-12
4571 6.236673e-12
4572 6.234393e-12
4573 6.232114e-12
4574 6.229836e-12
4575 6.227560e-12
4576 6.225285e-12
4577 6.223012e-12
4578 6.220739e-12
4579 6.218468e-12
4580 6.216199e-12
4581 6.213931e-12
4582 6.211664e-12
4583 6.209398e-12
4584 6.207134e-12
4585 6.204871e-12
4586 6.202609e-12
4587 6.200348e-12
4588 6.198089e-12
4589 6.195832e-12
4590 6.193575e-12
4591 6.191320e-12
4592 6.189066e-12
4593 6.186814e-12
4594 6.184563e-12
4595 6.182313e-12
4596 6.180064e-12
4597 6.177817e-12
4598 6.175571e-12
4599 6.173326e-12
4600 6.171083e-12
4601 6.168841e-12
4602 6.166600e-12
4603 6.164361e-12
4604 6.162123e-12
4605 6.159886e-12
4606 6.157650e-12
4607 6.155411e-12
4608 6.153171e-12
4609 6.150933e-12
4610 6.148695e-12
4611 6.146460e-12
4612 6.144225e-12
4613 6.141992e-12
4614 6.139760e-12
4615 6.137529e-12
4616 6.135300e-12
4617 6.133071e-12
4618 6.130845e-12
4619 6.128619e-12
4620 6.126395e-12
4621 6.124172e-12
4622 6.121950e-12
4623 6.119730e-12
4624 6.117511e-12
4625 6.115293e-12
4626 6.113076e-12
4627 6.110861e-12
4628 6.108647e-12
4629 6.106434e-12
4630 6.104223e-12
4631 6.102013e-12
4632 6.099804e-12
4633 6.097597e-12
4634 6.095390e-12
4635 6.093185e-12
4636 6.090981e-12
4637 6.088779e-12
4638 6.086578e-12
4639 6.084378e-12
4640 6.082179e-12
4641 6.079982e-12
4642 6.077786e-12
4643 6.075591e-12
4644 6.073397e-12
4645 6.071205e-12
4646 6.069014e-12
4647 6.066824e-12
4648 6.064630e-12
4649 6.062436e-12
4650 6.060243e-12
4651 6.058052e-12
4652 6.055862e-12
4653 6.053673e-12
4654 6.051485e-12
4655 6.049299e-12
4656 6.047114e-12
4657 6.044930e-12
4658 6.042747e-12
4659 6.040566e-12
4660 6.038386e-12
4661 6.036207e-12
4662 6.034030e-12
4663 6.031853e-12
4664 6.029678e-12
4665 6.027504e-12
4666 6.025332e-12
4667 6.023161e-12
4668 6.020991e-12
4669 6.018822e-12
4670 6.016654e-12
4671 6.014488e-12
4672 6.012323e-12
4673 6.010159e-12
4674 6.007996e-12
4675 6.005835e-12
4676 6.003675e-12
4677 6.001516e-12
4678 5.999358e-12
4679 5.997202e-12
4680 5.995047e-12
4681 5.992893e-12
4682 5.990740e-12
4683 5.988589e-12
4684 5.986438e-12
4685 5.984289e-12
4686 5.982142e-12
4687 5.979995e-12
4688 5.977850e-12
4689 5.975702e-12
4690 5.973553e-12
4691 5.971405e-12
4692 5.969258e-12
4693 5.967112e-12
4694 5.964968e-12
4695 5.962825e-12
4696 5.960683e-12
4697 5.958542e-12
4698 5.956402e-12
4699 5.954264e-12
4700 5.952127e-12
4701 5.949991e-12
4702 5.947857e-12
4703 5.945723e-12
4704 5.943591e-12
4705 5.941460e-12
4706 5.939330e-12
4707 5.937202e-12
4708 5.935074e-12
4709 5.932948e-12
4710 5.930823e-12
4711 5.928700e-12
4712 5.926577e-12
4713 5.924456e-12
4714 5.922336e-12
4715 5.920217e-12
4716 5.918099e-12
4717 5.915983e-12
4718 5.913868e-12
4719 5.911754e-12
4720 5.909641e-12
4721 5.907529e-12
4722 5.905419e-12
4723 5.903310e-12
4724 5.901202e-12
4725 5.899095e-12
4726 5.896989e-12
4727 5.894885e-12
4728 5.892782e-12
4729 5.890680e-12
4730 5.888579e-12
4731 5.886474e-12
4732 5.884369e-12
4733 5.882265e-12
4734 5.880163e-12
4735 5.878062e-12
4736 5.875962e-12
4737 5.873863e-12
4738 5.871765e-12
4739 5.869669e-12
4740 5.867574e-12
4741 5.865480e-12
4742 5.863387e-12
4743 5.861295e-12
4744 5.859205e-12
4745 5.857116e-12
4746 5.855028e-12
4747 5.852941e-12
4748 5.850855e-12
4749 5.848771e-12
4750 5.846687e-12
4751 5.844605e-12
4752 5.842524e-12
4753 5.840444e-12
4754 5.838366e-12
4755 5.836288e-12
4756 5.834212e-12
4757 5.832137e-12
4758 5.830063e-12
4759 5.827990e-12
4760 5.825919e-12
4761 5.823848e-12
4762 5.821779e-12
4763 5.819711e-12
4764 5.817644e-12
4765 5.815578e-12
4766 5.813514e-12
4767 5.811450e-12
4768 5.809388e-12
4769 5.807327e-12
4770 5.805267e-12
4771 5.803208e-12
4772 5.801151e-12
4773 5.799089e-12
4774 5.797028e-12
4775 5.794968e-12
4776 5.792909e-12
4777 5.790851e-12
4778 5.788794e-12
4779 5.786738e-12
4780 5.784684e-12
4781 5.782631e-12
4782 5.780579e-12
4783 5.778528e-12
4784 5.776478e-12
4785 5.774429e-12
4786 5.772382e-12
4787 5.770336e-12
4788 5.768290e-12
4789 5.766246e-12
4790 5.764203e-12
4791 5.762162e-12
4792 5.760121e-12
4793 5.758082e-12
4794 5.756044e-12
4795 5.754006e-12
4796 5.751970e-12
4797 5.749936e-12
4798 5.747902e-12
4799 5.745869e-12
4800 5.743838e-12
4801 5.741808e-12
4802 5.739779e-12
4803 5.737751e-12
4804 5.735724e-12
4805 5.733698e-12
4806 5.731674e-12
4807 5.729650e-12
4808 5.727628e-12
4809 5.725607e-12
4810 5.723587e-12
4811 5.721568e-12
4812 5.719550e-12
4813 5.717533e-12
4814 5.715518e-12
4815 5.713501e-12
4816 5.711482e-12
4817 5.709464e-12
4818 5.707447e-12
4819 5.705431e-12
4820 5.703416e-12
4821 5.701403e-12
4822 5.699390e-12
4823 5.697379e-12
4824 5.695369e-12
4825 5.693360e-12
4826 5.691352e-12
4827 5.689345e-12
4828 5.687339e-12
4829 5.685335e-12
4830 5.683331e-12
4831 5.681329e-12
4832 5.679328e-12
4833 5.677328e-12
4834 5.675329e-12
4835 5.673331e-12
4836 5.671334e-12
4837 5.669339e-12
4838 5.667344e-12
4839 5.665351e-12
4840 5.663358e-12
4841 5.661367e-12
4842 5.659377e-12
4843 5.657388e-12
4844 5.655401e-12
4845 5.653414e-12
4846 5.651428e-12
4847 5.649444e-12
4848 5.647460e-12
4849 5.645478e-12
4850 5.643497e-12
4851 5.641517e-12
4852 5.639538e-12
4853 5.637560e-12
4854 5.635583e-12
4855 5.633608e-12
4856 5.631633e-12
4857 5.629660e-12
4858 5.627683e-12
4859 5.625706e-12
4860 5.623730e-12
4861 5.621755e-12
4862 5.619782e-12
4863 5.617809e-12
4864 5.615837e-12
4865 5.613867e-12
4866 5.611897e-12
4867 5.609929e-12
4868 5.607962e-12
4869 5.605996e-12
4870 5.604031e-12
4871 5.602067e-12
4872 5.600104e-12
4873 5.598142e-12
4874 5.596182e-12
4875 5.594222e-12
4876 5.592264e-12
4877 5.590306e-12
4878 5.588350e-12
4879 5.586395e-12
4880 5.584441e-12
4881 5.582488e-12
4882 5.580536e-12
4883 5.578585e-12
4884 5.576635e-12
4885 5.574686e-12
4886 5.572739e-12
4887 5.570792e-12
4888 5.568847e-12
4889 5.566902e-12
4890 5.564959e-12
4891 5.563017e-12
4892 5.561076e-12
4893 5.559136e-12
4894 5.557197e-12
4895 5.555259e-12
4896 5.553322e-12
4897 5.551386e-12
4898 5.549451e-12
4899 5.547517e-12
4900 5.545585e-12
4901 5.543650e-12
4902 5.541714e-12
4903 5.539779e-12
4904 5.537845e-12
4905 5.535912e-12
4906 5.533981e-12
4907 5.532050e-12
4908 5.530120e-12
4909 5.528192e-12
4910 5.526264e-12
4911 5.524338e-12
4912 5.522412e-12
4913 5.520488e-12
4914 5.518564e-12
4915 5.516642e-12
4916 5.514721e-12
4917 5.512801e-12
4918 5.510882e-12
4919 5.508964e-12
4920 5.507047e-12
4921 5.505131e-12
4922 5.503216e-12
4923 5.501302e-12
4924 5.499390e-12
4925 5.497478e-12
4926 5.495567e-12
4927 5.493658e-12
4928 5.491749e-12
4929 5.489842e-12
4930 5.487935e-12
4931 5.486030e-12
4932 5.484126e-12
4933 5.482222e-12
4934 5.480320e-12
4935 5.478419e-12
4936 5.476519e-12
4937 5.474620e-12
4938 5.472722e-12
4939 5.470825e-12
4940 5.468929e-12
4941 5.467034e-12
4942 5.465140e-12
4943 5.463247e-12
4944 5.461355e-12
4945 5.459459e-12
4946 5.457564e-12
4947 5.455670e-12
4948 5.453776e-12
4949 5.451884e-12
4950 5.449993e-12
4951 5.448103e-12
4952 5.446214e-12
4953 5.444326e-12
4954 5.442439e-12
4955 5.440554e-12
4956 5.438669e-12
4957 5.436785e-12
4958 5.434902e-12
4959 5.433020e-12
4960 5.431140e-12
4961 5.429260e-12
4962 5.427381e-12
4963 5.425504e-12
4964 5.423627e-12
4965 5.421752e-12
4966 5.419877e-12
4967 5.418003e-12
4968 5.416131e-12
4969 5.414259e-12
4970 5.412389e-12
4971 5.410520e-12
4972 5.408651e-12
4973 5.406784e-12
4974 5.404917e-12
4975 5.403052e-12
4976 5.401188e-12
4977 5.399324e-12
4978 5.397462e-12
4979 5.395601e-12
4980 5.393741e-12
4981 5.391881e-12
4982 5.390023e-12
4983 5.388166e-12
4984 5.386310e-12
4985 5.384454e-12
4986 5.382600e-12
4987 5.380747e-12
4988 5.378895e-12
4989 5.377038e-12
4990 5.375183e-12
4991 5.373328e-12
4992 5.371475e-12
4993 5.369622e-12
4994 5.367771e-12
4995 5.365921e-12
4996 5.364071e-12
4997 5.362223e-12
4998 5.360375e-12
4999 5.358529e-12
5000 5.356683e-12
5001 5.354839e-12
5002 5.352996e-12
5003 5.351153e-12
5004 5.349312e-12
5005 5.347472e-12
5006 5.345632e-12
5007 5.343794e-12
5008 5.341956e-12
5009 5.340120e-12
5010 5.338285e-12
5011 5.336450e-12
5012 5.334617e-12
5013 5.332785e-12
5014 5.330953e-12
5015 5.329123e-12
5016 5.327293e-12
5017 5.325465e-12
5018 5.323637e-12
5019 5.321811e-12
5020 5.319986e-12
5021 5.318161e-12
5022 5.316338e-12
5023 5.314515e-12
5024 5.312694e-12
5025 5.310873e-12
5026 5.309054e-12
5027 5.307235e-12
5028 5.305418e-12
5029 5.303601e-12
5030 5.301785e-12
5031 5.299971e-12
5032 5.298157e-12
5033 5.296341e-12
5034 5.294524e-12
5035 5.292708e-12
5036 5.290893e-12
5037 5.289079e-12
5038 5.287266e-12
5039 5.285454e-12
5040 5.283644e-12
5041 5.281834e-12
5042 5.280025e-12
5043 5.278217e-12
5044 5.276410e-12
5045 5.274603e-12
5046 5.272798e-12
5047 5.270994e-12
5048 5.269191e-12
5049 5.267389e-12
5050 5.265588e-12
5051 5.263788e-12
5052 5.261988e-12
5053 5.260190e-12
5054 5.258393e-12
5055 5.256596e-12
5056 5.254801e-12
5057 5.253007e-12
5058 5.251213e-12
5059 5.249421e-12
5060 5.247629e-12
5061 5.245839e-12
5062 5.244049e-12
5063 5.242261e-12
5064 5.240473e-12
5065 5.238686e-12
5066 5.236901e-12
5067 5.235116e-12
5068 5.233332e-12
5069 5.231549e-12
5070 5.229767e-12
5071 5.227987e-12
5072 5.226207e-12
5073 5.224428e-12
5074 5.222650e-12
5075 5.220872e-12
5076 5.219096e-12
5077 5.217321e-12
5078 5.215542e-12
5079 5.213763e-12
5080 5.211986e-12
5081 5.210210e-12
5082 5.208434e-12
5083 5.206660e-12
5084 5.204886e-12
5085 5.203114e-12
5086 5.201342e-12
5087 5.199571e-12
5088 5.197802e-12
5089 5.196033e-12
5090 5.194265e-12
5091 5.192498e-12
5092 5.190732e-12
5093 5.188967e-12
5094 5.187203e-12
5095 5.185440e-12
5096 5.183678e-12
5097 5.181917e-12
5098 5.180156e-12
5099 5.178397e-12
5100 5.176639e-12
5101 5.174881e-12
5102 5.173125e-12
5103 5.171369e-12
5104 5.169615e-12
5105 5.167861e-12
5106 5.166108e-12
5107 5.164357e-12
5108 5.162606e-12
5109 5.160856e-12
5110 5.159107e-12
5111 5.157359e-12
5112 5.155612e-12
5113 5.153865e-12
5114 5.152120e-12
5115 5.150376e-12
5116 5.148632e-12
5117 5.146890e-12
5118 5.145148e-12
5119 5.143408e-12
5120 5.141668e-12
5121 5.139929e-12
5122 5.138192e-12
5123 5.136450e-12
5124 5.134709e-12
5125 5.132969e-12
5126 5.131230e-12
5127 5.129492e-12
5128 5.127755e-12
5129 5.126019e-12
5130 5.124284e-12
5131 5.122549e-12
5132 5.120816e-12
5133 5.119083e-12
5134 5.117352e-12
5135 5.115621e-12
5136 5.113891e-12
5137 5.112163e-12
5138 5.110435e-12
5139 5.108708e-12
5140 5.106982e-12
5141 5.105256e-12
5142 5.103532e-12
5143 5.101809e-12
5144 5.100087e-12
5145 5.098365e-12
5146 5.096645e-12
5147 5.094925e-12
5148 5.093206e-12
5149 5.091488e-12
5150 5.089771e-12
5151 5.088055e-12
5152 5.086340e-12
5153 5.084626e-12
5154 5.082913e-12
5155 5.081201e-12
5156 5.079489e-12
5157 5.077779e-12
5158 5.076069e-12
5159 5.074360e-12
5160 5.072652e-12
5161 5.070945e-12
5162 5.069239e-12
5163 5.067534e-12
5164 5.065830e-12
5165 5.064127e-12
5166 5.062425e-12
5167 5.060723e-12
5168 5.059020e-12
5169 5.057316e-12
5170 5.055612e-12
5171 5.053910e-12
5172 5.052208e-12
5173 5.050507e-12
5174 5.048807e-12
5175 5.047108e-12
5176 5.045410e-12
5177 5.043713e-12
5178 5.042017e-12
5179 5.040321e-12
5180 5.038627e-12
5181 5.036933e-12
5182 5.035240e-12
5183 5.033548e-12
5184 5.031857e-12
5185 5.030167e-12
5186 5.028478e-12
5187 5.026790e-12
5188 5.025102e-12
5189 5.023416e-12
5190 5.021730e-12
5191 5.020046e-12
5192 5.018362e-12
5193 5.016679e-12
5194 5.014997e-12
5195 5.013316e-12
5196 5.011635e-12
5197 5.009956e-12
5198 5.008278e-12
5199 5.006600e-12
5200 5.004923e-12
5201 5.003247e-12
5202 5.001572e-12
5203 4.999898e-12
5204 4.998225e-12
5205 4.996553e-12
5206 4.994881e-12
5207 4.993211e-12
5208 4.991541e-12
5209 4.989872e-12
5210 4.988204e-12
5211 4.986537e-12
5212 4.984871e-12
5213 4.983206e-12
5214 4.981539e-12
5215 4.979871e-12
5216 4.978204e-12
5217 4.976537e-12
5218 4.974872e-12
5219 4.973207e-12
5220 4.971543e-12
5221 4.969880e-12
5222 4.968218e-12
5223 4.966557e-12
5224 4.964897e-12
5225 4.963238e-12
5226 4.961579e-12
5227 4.959921e-12
5228 4.958265e-12
5229 4.956609e-12
5230 4.954954e-12
5231 4.953299e-12
5232 4.951646e-12
5233 4.949994e-12
5234 4.948342e-12
5235 4.946691e-12
5236 4.945041e-12
5237 4.943392e-12
5238 4.941744e-12
5239 4.940097e-12
5240 4.938451e-12
5241 4.936805e-12
5242 4.935160e-12
5243 4.933517e-12
5244 4.931874e-12
5245 4.930232e-12
5246 4.928590e-12
5247 4.926950e-12
5248 4.925310e-12
5249 4.923672e-12
5250 4.922034e-12
5251 4.920397e-12
5252 4.918761e-12
5253 4.917126e-12
5254 4.915491e-12
5255 4.913858e-12
5256 4.912225e-12
5257 4.910593e-12
5258 4.908962e-12
5259 4.907332e-12
5260 4.905702e-12
5261 4.904069e-12
5262 4.902437e-12
5263 4.900806e-12
5264 4.899176e-12
5265 4.897546e-12
5266 4.895918e-12
5267 4.894290e-12
5268 4.892663e-12
5269 4.891037e-12
5270 4.889412e-12
5271 4.887787e-12
5272 4.886164e-12
5273 4.884541e-12
5274 4.882919e-12
5275 4.881298e-12
5276 4.879678e-12
5277 4.878059e-12
5278 4.876440e-12
5279 4.874823e-12
5280 4.873206e-12
5281 4.871590e-12
5282 4.869975e-12
5283 4.868360e-12
5284 4.866747e-12
5285 4.865134e-12
5286 4.863523e-12
5287 4.861912e-12
5288 4.860302e-12
5289 4.858692e-12
5290 4.857084e-12
5291 4.855477e-12
5292 4.853870e-12
5293 4.852264e-12
5294 4.850659e-12
5295 4.849055e-12
5296 4.847451e-12
5297 4.845849e-12
5298 4.844247e-12
5299 4.842646e-12
5300 4.841046e-12
5301 4.839447e-12
5302 4.837848e-12
5303 4.836251e-12
5304 4.834654e-12
5305 4.833058e-12
5306 4.831463e-12
5307 4.829867e-12
5308 4.828269e-12
5309 4.826672e-12
5310 4.825076e-12
5311 4.823481e-12
5312 4.821886e-12
5313 4.820293e-12
5314 4.818700e-12
5315 4.817108e-12
5316 4.815517e-12
5317 4.813926e-12
5318 4.812337e-12
5319 4.810748e-12
5320 4.809160e-12
5321 4.807573e-12
5322 4.805987e-12
5323 4.804401e-12
5324 4.802817e-12
5325 4.801233e-12
5326 4.799650e-12
5327 4.798068e-12
5328 4.796487e-12
5329 4.794906e-12
5330 4.793326e-12
5331 4.791748e-12
5332 4.790170e-12
5333 4.788592e-12
5334 4.787016e-12
5335 4.785440e-12
5336 4.783866e-12
5337 4.782292e-12
5338 4.780718e-12
5339 4.779146e-12
5340 4.777574e-12
5341 4.776004e-12
5342 4.774434e-12
5343 4.772865e-12
5344 4.771296e-12
5345 4.769729e-12
5346 4.768162e-12
5347 4.766596e-12
5348 4.765031e-12
5349 4.763467e-12
5350 4.761904e-12
5351 4.760341e-12
5352 4.758779e-12
5353 4.757218e-12
5354 4.755657e-12
5355 4.754093e-12
5356 4.752530e-12
5357 4.750968e-12
5358 4.749407e-12
5359 4.747846e-12
5360 4.746287e-12
5361 4.744728e-12
5362 4.743170e-12
5363 4.741612e-12
5364 4.740056e-12
5365 4.738500e-12
5366 4.736945e-12
5367 4.735391e-12
5368 4.733838e-12
5369 4.732286e-12
5370 4.730734e-12
5371 4.729183e-12
5372 4.727633e-12
5373 4.726084e-12
5374 4.724535e-12
5375 4.722988e-12
5376 4.721441e-12
5377 4.719895e-12
5378 4.718350e-12
5379 4.716805e-12
5380 4.715261e-12
5381 4.713718e-12
5382 4.712176e-12
5383 4.710635e-12
5384 4.709094e-12
5385 4.707555e-12
5386 4.706016e-12
5387 4.704478e-12
5388 4.702940e-12
5389 4.701404e-12
5390 4.699868e-12
5391 4.698333e-12
5392 4.696799e-12
5393 4.695265e-12
5394 4.693732e-12
5395 4.692201e-12
5396 4.690669e-12
5397 4.689139e-12
5398 4.687610e-12
5399 4.686081e-12
5400 4.684553e-12
5401 4.683026e-12
5402 4.681496e-12
5403 4.679967e-12
5404 4.678438e-12
5405 4.676909e-12
5406 4.675382e-12
5407 4.673855e-12
5408 4.672330e-12
5409 4.670804e-12
5410 4.669280e-12
5411 4.667757e-12
5412 4.666234e-12
5413 4.664712e-12
5414 4.663191e-12
5415 4.661671e-12
5416 4.660151e-12
5417 4.658632e-12
5418 4.657114e-12
5419 4.655597e-12
5420 4.654080e-12
5421 4.652564e-12
5422 4.651050e-12
5423 4.649535e-12
5424 4.648022e-12
5425 4.646509e-12
5426 4.644997e-12
5427 4.643486e-12
5428 4.641976e-12
5429 4.640466e-12
5430 4.638958e-12
5431 4.637450e-12
5432 4.635942e-12
5433 4.634436e-12
5434 4.632930e-12
5435 4.631425e-12
5436 4.629921e-12
5437 4.628418e-12
5438 4.626915e-12
5439 4.625413e-12
5440 4.623912e-12
5441 4.622411e-12
5442 4.620912e-12
5443 4.619413e-12
5444 4.617915e-12
5445 4.616418e-12
5446 4.614921e-12
5447 4.613425e-12
5448 4.611930e-12
5449 4.610436e-12
5450 4.608939e-12
5451 4.607443e-12
5452 4.605946e-12
5453 4.604451e-12
5454 4.602957e-12
5455 4.601463e-12
5456 4.599970e-12
5457 4.598478e-12
5458 4.596986e-12
5459 4.595496e-12
5460 4.594006e-12
5461 4.592516e-12
5462 4.591028e-12
5463 4.589540e-12
5464 4.588053e-12
5465 4.586567e-12
5466 4.585082e-12
5467 4.583597e-12
5468 4.582113e-12
5469 4.580630e-12
5470 4.579148e-12
5471 4.577666e-12
5472 4.576185e-12
5473 4.574705e-12
5474 4.573225e-12
5475 4.571747e-12
5476 4.570269e-12
5477 4.568792e-12
5478 4.567315e-12
5479 4.565840e-12
5480 4.564365e-12
5481 4.562891e-12
5482 4.561417e-12
5483 4.559944e-12
5484 4.558472e-12
5485 4.557001e-12
5486 4.555531e-12
5487 4.554061e-12
5488 4.552592e-12
5489 4.551124e-12
5490 4.549656e-12
5491 4.548190e-12
5492 4.546724e-12
5493 4.545258e-12
5494 4.543794e-12
5495 4.542330e-12
5496 4.540867e-12
5497 4.539404e-12
5498 4.537942e-12
5499 4.536477e-12
5500 4.535013e-12
5501 4.533550e-12
5502 4.532087e-12
5503 4.530625e-12
5504 4.529164e-12
5505 4.527704e-12
5506 4.526244e-12
5507 4.524785e-12
5508 4.523327e-12
5509 4.521870e-12
5510 4.520413e-12
5511 4.518957e-12
5512 4.517502e-12
5513 4.516048e-12
5514 4.514594e-12
5515 4.513141e-12
5516 4.511689e-12
5517 4.510237e-12
5518 4.508787e-12
5519 4.507336e-12
5520 4.505887e-12
5521 4.504439e-12
5522 4.502991e-12
5523 4.501543e-12
5524 4.500097e-12
5525 4.498651e-12
5526 4.497206e-12
5527 4.495762e-12
5528 4.494319e-12
5529 4.492876e-12
5530 4.491434e-12
5531 4.489992e-12
5532 4.488552e-12
5533 4.487112e-12
5534 4.485673e-12
5535 4.484234e-12
5536 4.482797e-12
5537 4.481360e-12
5538 4.479923e-12
5539 4.478488e-12
5540 4.477053e-12
5541 4.475619e-12
5542 4.474185e-12
5543 4.472753e-12
5544 4.471321e-12
5545 4.469889e-12
5546 4.468459e-12
5547 4.467027e-12
5548 4.465594e-12
5549 4.464162e-12
5550 4.462730e-12
5551 4.461300e-12
5552 4.459870e-12
5553 4.458440e-12
5554 4.457012e-12
5555 4.455584e-12
5556 4.454157e-12
5557 4.452730e-12
5558 4.451305e-12
5559 4.449880e-12
5560 4.448455e-12
5561 4.447032e-12
5562 4.445609e-12
5563 4.444187e-12
5564 4.442765e-12
5565 4.441344e-12
5566 4.439924e-12
5567 4.438505e-12
5568 4.437086e-12
5569 4.435668e-12
5570 4.434251e-12
5571 4.432835e-12
5572 4.431419e-12
5573 4.430004e-12
5574 4.428589e-12
5575 4.427176e-12
5576 4.425763e-12
5577 4.424350e-12
5578 4.422939e-12
5579 4.421528e-12
5580 4.420118e-12
5581 4.418708e-12
5582 4.417299e-12
5583 4.415891e-12
5584 4.414484e-12
5585 4.413077e-12
5586 4.411671e-12
5587 4.410266e-12
5588 4.408862e-12
5589 4.407458e-12
5590 4.406055e-12
5591 4.404652e-12
5592 4.403250e-12
5593 4.401849e-12
5594 4.400449e-12
5595 4.399049e-12
5596 4.397649e-12
5597 4.396247e-12
5598 4.394846e-12
5599 4.393446e-12
5600 4.392046e-12
5601 4.390647e-12
5602 4.389248e-12
5603 4.387850e-12
5604 4.386453e-12
5605 4.385057e-12
5606 4.383661e-12
5607 4.382266e-12
5608 4.380872e-12
5609 4.379478e-12
5610 4.378085e-12
5611 4.376693e-12
5612 4.375301e-12
5613 4.373911e-12
5614 4.372520e-12
5615 4.371131e-12
5616 4.369742e-12
5617 4.368354e-12
5618 4.366967e-12
5619 4.365580e-12
5620 4.364194e-12
5621 4.362808e-12
5622 4.361424e-12
5623 4.360040e-12
5624 4.358657e-12
5625 4.357274e-12
5626 4.355892e-12
5627 4.354511e-12
5628 4.353130e-12
5629 4.351750e-12
5630 4.350371e-12
5631 4.348993e-12
5632 4.347615e-12
5633 4.346238e-12
5634 4.344861e-12
5635 4.343485e-12
5636 4.342110e-12
5637 4.340736e-12
5638 4.339362e-12
5639 4.337989e-12
5640 4.336617e-12
5641 4.335245e-12
5642 4.333874e-12
5643 4.332503e-12
5644 4.331134e-12
5645 4.329765e-12
5646 4.328395e-12
5647 4.327023e-12
5648 4.325653e-12
5649 4.324283e-12
5650 4.322914e-12
5651 4.321545e-12
5652 4.320177e-12
5653 4.318810e-12
5654 4.317444e-12
5655 4.316078e-12
5656 4.314713e-12
5657 4.313348e-12
5658 4.311984e-12
5659 4.310621e-12
5660 4.309259e-12
5661 4.307897e-12
5662 4.306536e-12
5663 4.305175e-12
5664 4.303816e-12
5665 4.302457e-12
5666 4.301098e-12
5667 4.299740e-12
5668 4.298383e-12
5669 4.297027e-12
5670 4.295671e-12
5671 4.294316e-12
5672 4.292962e-12
5673 4.291608e-12
5674 4.290255e-12
5675 4.288902e-12
5676 4.287550e-12
5677 4.286199e-12
5678 4.284849e-12
5679 4.283499e-12
5680 4.282150e-12
5681 4.280802e-12
5682 4.279454e-12
5683 4.278107e-12
5684 4.276760e-12
5685 4.275414e-12
5686 4.274069e-12
5687 4.272725e-12
5688 4.271381e-12
5689 4.270038e-12
5690 4.268695e-12
5691 4.267353e-12
5692 4.266012e-12
5693 4.264672e-12
5694 4.263332e-12
5695 4.261992e-12
5696 4.260653e-12
5697 4.259311e-12
5698 4.257971e-12
5699 4.256631e-12
5700 4.255291e-12
5701 4.253952e-12
5702 4.252614e-12
5703 4.251277e-12
5704 4.249940e-12
5705 4.248604e-12
5706 4.247268e-12
5707 4.245934e-12
5708 4.244599e-12
5709 4.243266e-12
5710 4.241933e-12
5711 4.240601e-12
5712 4.239269e-12
5713 4.237938e-12
5714 4.236608e-12
5715 4.235279e-12
5716 4.233950e-12
5717 4.232621e-12
5718 4.231294e-12
5719 4.229967e-12
5720 4.228640e-12
5721 4.227315e-12
5722 4.225989e-12
5723 4.224665e-12
5724 4.223341e-12
5725 4.222018e-12
5726 4.220696e-12
5727 4.219374e-12
5728 4.218053e-12
5729 4.216732e-12
5730 4.215412e-12
5731 4.214093e-12
5732 4.212774e-12
5733 4.211456e-12
5734 4.210139e-12
5735 4.208822e-12
5736 4.207506e-12
5737 4.206191e-12
5738 4.204876e-12
5739 4.203562e-12
5740 4.202248e-12
5741 4.200936e-12
5742 4.199623e-12
5743 4.198312e-12
5744 4.197001e-12
5745 4.195691e-12
5746 4.194381e-12
5747 4.193069e-12
5748 4.191758e-12
5749 4.190447e-12
5750 4.189136e-12
5751 4.187826e-12
5752 4.186517e-12
5753 4.185209e-12
5754 4.183901e-12
5755 4.182593e-12
5756 4.181287e-12
5757 4.179981e-12
5758 4.178675e-12
5759 4.177371e-12
5760 4.176066e-12
5761 4.174763e-12
5762 4.173460e-12
5763 4.172158e-12
5764 4.170856e-12
5765 4.169555e-12
5766 4.168255e-12
5767 4.166955e-12
5768 4.165656e-12
5769 4.164358e-12
5770 4.163060e-12
5771 4.161763e-12
5772 4.160466e-12
5773 4.159170e-12
5774 4.157875e-12
5775 4.156581e-12
5776 4.155287e-12
5777 4.153993e-12
5778 4.152700e-12
5779 4.151408e-12
5780 4.150117e-12
5781 4.148826e-12
5782 4.147536e-12
5783 4.146246e-12
5784 4.144957e-12
5785 4.143668e-12
5786 4.142381e-12
5787 4.141094e-12
5788 4.139807e-12
5789 4.138521e-12
5790 4.137236e-12
5791 4.135951e-12
5792 4.134667e-12
5793 4.133384e-12
5794 4.132101e-12
5795 4.130819e-12
5796 4.129537e-12
5797 4.128256e-12
5798 4.126974e-12
5799 4.125691e-12
5800 4.124408e-12
5801 4.123127e-12
5802 4.121845e-12
5803 4.120565e-12
5804 4.119285e-12
5805 4.118006e-12
5806 4.116727e-12
5807 4.115449e-12
5808 4.114172e-12
5809 4.112895e-12
5810 4.111619e-12
5811 4.110343e-12
5812 4.109068e-12
5813 4.107794e-12
5814 4.106520e-12
5815 4.105247e-12
5816 4.103975e-12
5817 4.102703e-12
5818 4.101432e-12
5819 4.100161e-12
5820 4.098891e-12
5821 4.097621e-12
5822 4.096353e-12
5823 4.095084e-12
5824 4.093817e-12
5825 4.092550e-12
5826 4.091283e-12
5827 4.090018e-12
5828 4.088753e-12
5829 4.087488e-12
5830 4.086224e-12
5831 4.084961e-12
5832 4.083698e-12
5833 4.082436e-12
5834 4.081174e-12
5835 4.079914e-12
5836 4.078653e-12
5837 4.077394e-12
5838 4.076134e-12
5839 4.074876e-12
5840 4.073618e-12
5841 4.072361e-12
5842 4.071104e-12
5843 4.069848e-12
5844 4.068593e-12
5845 4.067338e-12
5846 4.066083e-12
5847 4.064830e-12
5848 4.063577e-12
5849 4.062324e-12
5850 4.061069e-12
5851 4.059814e-12
5852 4.058560e-12
5853 4.057307e-12
5854 4.056055e-12
5855 4.054803e-12
5856 4.053551e-12
5857 4.052300e-12
5858 4.051050e-12
5859 4.049800e-12
5860 4.048551e-12
5861 4.047303e-12
5862 4.046055e-12
5863 4.044808e-12
5864 4.043561e-12
5865 4.042315e-12
5866 4.041070e-12
5867 4.039825e-12
5868 4.038581e-12
5869 4.037337e-12
5870 4.036094e-12
5871 4.034852e-12
5872 4.033610e-12
5873 4.032369e-12
5874 4.031128e-12
5875 4.029888e-12
5876 4.028648e-12
5877 4.027409e-12
5878 4.026171e-12
5879 4.024933e-12
5880 4.023696e-12
5881 4.022460e-12
5882 4.021224e-12
5883 4.019988e-12
5884 4.018754e-12
5885 4.017519e-12
5886 4.016286e-12
5887 4.015053e-12
5888 4.013820e-12
5889 4.012589e-12
5890 4.011357e-12
5891 4.010127e-12
5892 4.008897e-12
5893 4.007667e-12
5894 4.006438e-12
5895 4.005210e-12
5896 4.003982e-12
5897 4.002755e-12
5898 4.001528e-12
5899 4.000303e-12
5900 3.999077e-12
5901 3.997852e-12
5902 3.996624e-12
5903 3.995398e-12
5904 3.994172e-12
5905 3.992946e-12
5906 3.991721e-12
5907 3.990497e-12
5908 3.989273e-12
5909 3.988050e-12
5910 3.986827e-12
5911 3.985605e-12
5912 3.984384e-12
5913 3.983163e-12
5914 3.981942e-12
5915 3.980723e-12
5916 3.979503e-12
5917 3.978285e-12
5918 3.977067e-12
5919 3.975850e-12
5920 3.974633e-12
5921 3.973416e-12
5922 3.972201e-12
5923 3.970986e-12
5924 3.969771e-12
5925 3.968557e-12
5926 3.967344e-12
5927 3.966131e-12
5928 3.964919e-12
5929 3.963707e-12
5930 3.962496e-12
5931 3.961286e-12
5932 3.960076e-12
5933 3.958866e-12
5934 3.957658e-12
5935 3.956449e-12
5936 3.955242e-12
5937 3.954035e-12
5938 3.952828e-12
5939 3.951622e-12
5940 3.950417e-12
5941 3.949212e-12
5942 3.948008e-12
5943 3.946804e-12
5944 3.945601e-12
5945 3.944399e-12
5946 3.943197e-12
5947 3.941996e-12
5948 3.940795e-12
5949 3.939595e-12
5950 3.938395e-12
5951 3.937196e-12
5952 3.935997e-12
5953 3.934799e-12
5954 3.933600e-12
5955 3.932400e-12
5956 3.931201e-12
5957 3.930002e-12
5958 3.928804e-12
5959 3.927606e-12
5960 3.926409e-12
5961 3.925213e-12
5962 3.924017e-12
5963 3.922822e-12
5964 3.921627e-12
5965 3.920433e-12
5966 3.919239e-12
5967 3.918046e-12
5968 3.916854e-12
5969 3.915662e-12
5970 3.914471e-12
5971 3.913280e-12
5972 3.912090e-12
5973 3.910900e-12
5974 3.909711e-12
5975 3.908522e-12
5976 3.907335e-12
5977 3.906147e-12
5978 3.904960e-12
5979 3.903774e-12
5980 3.902588e-12
5981 3.901403e-12
5982 3.900219e-12
5983 3.899034e-12
5984 3.897851e-12
5985 3.896668e-12
5986 3.895486e-12
5987 3.894304e-12
5988 3.893123e-12
5989 3.891942e-12
5990 3.890762e-12
5991 3.889582e-12
5992 3.888403e-12
5993 3.887225e-12
5994 3.886047e-12
5995 3.884869e-12
5996 3.883692e-12
5997 3.882516e-12
5998 3.881340e-12
5999 3.880165e-12
6000 3.878991e-12
6001 3.877817e-12
6002 3.876643e-12
6003 3.875470e-12
6004 3.874298e-12
6005 3.873126e-12
6006 3.871954e-12
6007 3.870781e-12
6008 3.869608e-12
6009 3.868435e-12
6010 3.867263e-12
6011 3.866092e-12
6012 3.864921e-12
6013 3.863751e-12
6014 3.862581e-12
6015 3.861412e-12
6016 3.860243e-12
6017 3.859075e-12
6018 3.857907e-12
6019 3.856740e-12
6020 3.855573e-12
6021 3.854407e-12
6022 3.853242e-12
6023 3.852077e-12
6024 3.850913e-12
6025 3.849749e-12
6026 3.848586e-12
6027 3.847423e-12
6028 3.846261e-12
6029 3.845099e-12
6030 3.843938e-12
6031 3.842778e-12
6032 3.841618e-12
6033 3.840458e-12
6034 3.839299e-12
6035 3.838141e-12
6036 3.836983e-12
6037 3.835826e-12
6038 3.834669e-12
6039 3.833513e-12
6040 3.832357e-12
6041 3.831202e-12
6042 3.830047e-12
6043 3.828893e-12
6044 3.827740e-12
6045 3.826587e-12
6046 3.825435e-12
6047 3.824283e-12
6048 3.823131e-12
6049 3.821980e-12
6050 3.820830e-12
6051 3.819680e-12
6052 3.818531e-12
6053 3.817383e-12
6054 3.816234e-12
6055 3.815087e-12
6056 3.813940e-12
6057 3.812793e-12
6058 3.811647e-12
6059 3.810502e-12
6060 3.809355e-12
6061 3.808208e-12
6062 3.807061e-12
6063 3.805915e-12
6064 3.804770e-12
6065 3.803625e-12
6066 3.802480e-12
6067 3.801336e-12
6068 3.800193e-12
6069 3.799050e-12
6070 3.797907e-12
6071 3.796765e-12
6072 3.795624e-12
6073 3.794483e-12
6074 3.793343e-12
6075 3.792203e-12
6076 3.791064e-12
6077 3.789925e-12
6078 3.788787e-12
6079 3.787650e-12
6080 3.786512e-12
6081 3.785376e-12
6082 3.784240e-12
6083 3.783104e-12
6084 3.781969e-12
6085 3.780835e-12
6086 3.779701e-12
6087 3.778567e-12
6088 3.777435e-12
6089 3.776302e-12
6090 3.775170e-12
6091 3.774039e-12
6092 3.772908e-12
6093 3.771778e-12
6094 3.770648e-12
6095 3.769519e-12
6096 3.768390e-12
6097 3.767262e-12
6098 3.766135e-12
6099 3.765007e-12
6100 3.763881e-12
6101 3.762755e-12
6102 3.761629e-12
6103 3.760504e-12
6104 3.759380e-12
6105 3.758256e-12
6106 3.757132e-12
6107 3.756009e-12
6108 3.754887e-12
6109 3.753765e-12
6110 3.752644e-12
6111 3.751523e-12
6112 3.750402e-12
6113 3.749282e-12
6114 3.748161e-12
6115 3.747040e-12
6116 3.745919e-12
6117 3.744798e-12
6118 3.743678e-12
6119 3.742559e-12
6120 3.741440e-12
6121 3.740321e-12
6122 3.739203e-12
6123 3.738086e-12
6124 3.736969e-12
6125 3.735853e-12
6126 3.734737e-12
6127 3.733622e-12
6128 3.732507e-12
6129 3.731393e-12
6130 3.730279e-12
6131 3.729166e-12
6132 3.728053e-12
6133 3.726941e-12
6134 3.725829e-12
6135 3.724718e-12
6136 3.723607e-12
6137 3.722497e-12
6138 3.721387e-12
6139 3.720278e-12
6140 3.719169e-12
6141 3.718061e-12
6142 3.716953e-12
6143 3.715846e-12
6144 3.714740e-12
6145 3.713634e-12
6146 3.712528e-12
6147 3.711423e-12
6148 3.710318e-12
6149 3.709214e-12
6150 3.708111e-12
6151 3.707008e-12
6152 3.705905e-12
6153 3.704803e-12
6154 3.703702e-12
6155 3.702601e-12
6156 3.701500e-12
6157 3.700400e-12
6158 3.699301e-12
6159 3.698202e-12
6160 3.697103e-12
6161 3.696005e-12
6162 3.694908e-12
6163 3.693811e-12
6164 3.692714e-12
6165 3.691618e-12
6166 3.690523e-12
6167 3.689428e-12
6168 3.688332e-12
6169 3.687236e-12
6170 3.686140e-12
6171 3.685044e-12
6172 3.683949e-12
6173 3.682854e-12
6174 3.681760e-12
6175 3.680667e-12
6176 3.679573e-12
6177 3.678481e-12
6178 3.677389e-12
6179 3.676297e-12
6180 3.675206e-12
6181 3.674116e-12
6182 3.673026e-12
6183 3.671936e-12
6184 3.670847e-12
6185 3.669758e-12
6186 3.668670e-12
6187 3.667583e-12
6188 3.666496e-12
6189 3.665409e-12
6190 3.664323e-12
6191 3.663237e-12
6192 3.662152e-12
6193 3.661068e-12
6194 3.659983e-12
6195 3.658900e-12
6196 3.657817e-12
6197 3.656734e-12
6198 3.655652e-12
6199 3.654570e-12
6200 3.653489e-12
6201 3.652409e-12
6202 3.651328e-12
6203 3.650249e-12
6204 3.649170e-12
6205 3.648091e-12
6206 3.647013e-12
6207 3.645935e-12
6208 3.644858e-12
6209 3.643781e-12
6210 3.642705e-12
6211 3.641629e-12
6212 3.640554e-12
6213 3.639479e-12
6214 3.638405e-12
6215 3.637331e-12
6216 3.636258e-12
6217 3.635185e-12
6218 3.634113e-12
6219 3.633041e-12
6220 3.631970e-12
6221 3.630899e-12
6222 3.629829e-12
6223 3.628757e-12
6224 3.627685e-12
6225 3.626614e-12
6226 3.625543e-12
6227 3.624473e-12
6228 3.623403e-12
6229 3.622333e-12
6230 3.621264e-12
6231 3.620196e-12
6232 3.619128e-12
6233 3.618060e-12
6234 3.616993e-12
6235 3.615927e-12
6236 3.614861e-12
6237 3.613795e-12
6238 3.612730e-12
6239 3.611665e-12
6240 3.610601e-12
6241 3.609537e-12
6242 3.608474e-12
6243 3.607412e-12
6244 3.606349e-12
6245 3.605288e-12
6246 3.604226e-12
6247 3.603166e-12
6248 3.602105e-12
6249 3.601046e-12
6250 3.599986e-12
6251 3.598927e-12
6252 3.597869e-12
6253 3.596811e-12
6254 3.595754e-12
6255 3.594697e-12
6256 3.593641e-12
6257 3.592585e-12
6258 3.591529e-12
6259 3.590474e-12
6260 3.589420e-12
6261 3.588366e-12
6262 3.587312e-12
6263 3.586259e-12
6264 3.585206e-12
6265 3.584154e-12
6266 3.583103e-12
6267 3.582051e-12
6268 3.581001e-12
6269 3.579951e-12
6270 3.578901e-12
6271 3.577852e-12
6272 3.576803e-12
6273 3.575754e-12
6274 3.574707e-12
6275 3.573659e-12
6276 3.572612e-12
6277 3.571566e-12
6278 3.570519e-12
6279 3.569471e-12
6280 3.568424e-12
6281 3.567377e-12
6282 3.566330e-12
6283 3.565284e-12
6284 3.564239e-12
6285 3.563193e-12
6286 3.562149e-12
6287 3.561105e-12
6288 3.560061e-12
6289 3.559018e-12
6290 3.557975e-12
6291 3.556933e-12
6292 3.555891e-12
6293 3.554849e-12
6294 3.553809e-12
6295 3.552768e-12
6296 3.551728e-12
6297 3.550689e-12
6298 3.549650e-12
6299 3.548611e-12
6300 3.547573e-12
6301 3.546536e-12
6302 3.545499e-12
6303 3.544462e-12
6304 3.543426e-12
6305 3.542390e-12
6306 3.541355e-12
6307 3.540320e-12
6308 3.539286e-12
6309 3.538252e-12
6310 3.537218e-12
6311 3.536185e-12
6312 3.535153e-12
6313 3.534121e-12
6314 3.533090e-12
6315 3.532058e-12
6316 3.531028e-12
6317 3.529998e-12
6318 3.528968e-12
6319 3.527939e-12
6320 3.526910e-12
6321 3.525882e-12
6322 3.524854e-12
6323 3.523827e-12
6324 3.522800e-12
6325 3.521773e-12
6326 3.520747e-12
6327 3.519722e-12
6328 3.518697e-12
6329 3.517672e-12
6330 3.516648e-12
6331 3.515624e-12
6332 3.514601e-12
6333 3.513578e-12
6334 3.512555e-12
6335 3.511531e-12
6336 3.510507e-12
6337 3.509484e-12
6338 3.508461e-12
6339 3.507438e-12
6340 3.506416e-12
6341 3.505395e-12
6342 3.504374e-12
6343 3.503353e-12
6344 3.502333e-12
6345 3.501313e-12
6346 3.500294e-12
6347 3.499276e-12
6348 3.498257e-12
6349 3.497239e-12
6350 3.496222e-12
6351 3.495205e-12
6352 3.494189e-12
6353 3.493173e-12
6354 3.492157e-12
6355 3.491142e-12
6356 3.490127e-12
6357 3.489113e-12
6358 3.488100e-12
6359 3.487086e-12
6360 3.486073e-12
6361 3.485061e-12
6362 3.484049e-12
6363 3.483038e-12
6364 3.482027e-12
6365 3.481016e-12
6366 3.480006e-12
6367 3.478996e-12
6368 3.477987e-12
6369 3.476978e-12
6370 3.475970e-12
6371 3.474962e-12
6372 3.473955e-12
6373 3.472948e-12
6374 3.471942e-12
6375 3.470935e-12
6376 3.469930e-12
6377 3.468925e-12
6378 3.467920e-12
6379 3.466916e-12
6380 3.465912e-12
6381 3.464909e-12
6382 3.463906e-12
6383 3.462903e-12
6384 3.461901e-12
6385 3.460900e-12
6386 3.459899e-12
6387 3.458898e-12
6388 3.457898e-12
6389 3.456898e-12
6390 3.455898e-12
6391 3.454897e-12
6392 3.453896e-12
6393 3.452896e-12
6394 3.451896e-12
6395 3.450896e-12
6396 3.449897e-12
6397 3.448899e-12
6398 3.447901e-12
6399 3.446903e-12
6400 3.445906e-12
6401 3.444909e-12
6402 3.443913e-12
6403 3.442917e-12
6404 3.441921e-12
6405 3.440926e-12
6406 3.439932e-12
6407 3.438938e-12
6408 3.437944e-12
6409 3.436951e-12
6410 3.435958e-12
6411 3.434966e-12
6412 3.433974e-12
6413 3.432982e-12
6414 3.431991e-12
6415 3.431001e-12
6416 3.430011e-12
6417 3.429021e-12
6418 3.428032e-12
6419 3.427043e-12
6420 3.426054e-12
6421 3.425066e-12
6422 3.424079e-12
6423 3.423092e-12
6424 3.422105e-12
6425 3.421119e-12
6426 3.420133e-12
6427 3.419148e-12
6428 3.418163e-12
6429 3.417179e-12
6430 3.416195e-12
6431 3.415211e-12
6432 3.414228e-12
6433 3.413245e-12
6434 3.412263e-12
6435 3.411281e-12
6436 3.410300e-12
6437 3.409319e-12
6438 3.408338e-12
6439 3.407358e-12
6440 3.406379e-12
6441 3.405399e-12
6442 3.404421e-12
6443 3.403442e-12
6444 3.402464e-12
6445 3.401487e-12
6446 3.400510e-12
6447 3.399532e-12
6448 3.398554e-12
6449 3.397576e-12
6450 3.396598e-12
6451 3.395621e-12
6452 3.394644e-12
6453 3.393668e-12
6454 3.392692e-12
6455 3.391717e-12
6456 3.390742e-12
6457 3.389767e-12
6458 3.388793e-12
6459 3.387819e-12
6460 3.386846e-12
6461 3.385873e-12
6462 3.384901e-12
6463 3.383929e-12
6464 3.382957e-12
6465 3.381986e-12
6466 3.381015e-12
6467 3.380045e-12
6468 3.379075e-12
6469 3.378106e-12
6470 3.377137e-12
6471 3.376168e-12
6472 3.375200e-12
6473 3.374232e-12
6474 3.373265e-12
6475 3.372298e-12
6476 3.371332e-12
6477 3.370366e-12
6478 3.369400e-12
6479 3.368435e-12
6480 3.367470e-12
6481 3.366506e-12
6482 3.365542e-12
6483 3.364579e-12
6484 3.363616e-12
6485 3.362653e-12
6486 3.361691e-12
6487 3.360729e-12
6488 3.359768e-12
6489 3.358807e-12
6490 3.357847e-12
6491 3.356887e-12
6492 3.355927e-12
6493 3.354968e-12
6494 3.354009e-12
6495 3.353051e-12
6496 3.352093e-12
6497 3.351135e-12
6498 3.350178e-12
6499 3.349221e-12
6500 3.348265e-12
6501 3.347309e-12
6502 3.346354e-12
6503 3.345399e-12
6504 3.344444e-12
6505 3.343487e-12
6506 3.342531e-12
6507 3.341576e-12
6508 3.340621e-12
6509 3.339666e-12
6510 3.338712e-12
6511 3.337758e-12
6512 3.336805e-12
6513 3.335852e-12
6514 3.334899e-12
6515 3.333947e-12
6516 3.332995e-12
6517 3.332044e-12
6518 3.331093e-12
6519 3.330142e-12
6520 3.329192e-12
6521 3.328243e-12
6522 3.327293e-12
6523 3.326345e-12
6524 3.325396e-12
6525 3.324448e-12
6526 3.323501e-12
6527 3.322553e-12
6528 3.321607e-12
6529 3.320660e-12
6530 3.319714e-12
6531 3.318769e-12
6532 3.317824e-12
6533 3.316879e-12
6534 3.315935e-12
6535 3.314991e-12
6536 3.314048e-12
6537 3.313105e-12
6538 3.312162e-12
6539 3.311220e-12
6540 3.310278e-12
6541 3.309337e-12
6542 3.308396e-12
6543 3.307455e-12
6544 3.306515e-12
6545 3.305575e-12
6546 3.304636e-12
6547 3.303697e-12
6548 3.302758e-12
6549 3.301820e-12
6550 3.300883e-12
6551 3.299945e-12
6552 3.299009e-12
6553 3.298072e-12
6554 3.297136e-12
6555 3.296200e-12
6556 3.295265e-12
6557 3.294330e-12
6558 3.293396e-12
6559 3.292462e-12
6560 3.291528e-12
6561 3.290595e-12
6562 3.289661e-12
6563 3.288727e-12
6564 3.287793e-12
6565 3.286859e-12
6566 3.285926e-12
6567 3.284993e-12
6568 3.284060e-12
6569 3.283128e-12
6570 3.282197e-12
6571 3.281265e-12
6572 3.280335e-12
6573 3.279404e-12
6574 3.278474e-12
6575 3.277545e-12
6576 3.276615e-12
6577 3.275686e-12
6578 3.274758e-12
6579 3.273830e-12
6580 3.272902e-12
6581 3.271975e-12
6582 3.271048e-12
6583 3.270122e-12
6584 3.269196e-12
6585 3.268270e-12
6586 3.267345e-12
6587 3.266420e-12
6588 3.265496e-12
6589 3.264572e-12
6590 3.263648e-12
6591 3.262725e-12
6592 3.261803e-12
6593 3.260880e-12
6594 3.259958e-12
6595 3.259037e-12
6596 3.258115e-12
6597 3.257195e-12
6598 3.256274e-12
6599 3.255354e-12
6600 3.254435e-12
6601 3.253516e-12
6602 3.252597e-12
6603 3.251678e-12
6604 3.250760e-12
6605 3.249843e-12
6606 3.248926e-12
6607 3.248009e-12
6608 3.247092e-12
6609 3.246176e-12
6610 3.245261e-12
6611 3.244346e-12
6612 3.243431e-12
6613 3.242516e-12
6614 3.241602e-12
6615 3.240689e-12
6616 3.239776e-12
6617 3.238863e-12
6618 3.237950e-12
6619 3.237038e-12
6620 3.236126e-12
6621 3.235213e-12
6622 3.234300e-12
6623 3.233388e-12
6624 3.232475e-12
6625 3.231564e-12
6626 3.230652e-12
6627 3.229741e-12
6628 3.228831e-12
6629 3.227921e-12
6630 3.227011e-12
6631 3.226102e-12
6632 3.225193e-12
6633 3.224284e-12
6634 3.223376e-12
6635 3.222468e-12
6636 3.221561e-12
6637 3.220654e-12
6638 3.219747e-12
6639 3.218841e-12
6640 3.217935e-12
6641 3.217030e-12
6642 3.216124e-12
6643 3.215220e-12
6644 3.214316e-12
6645 3.213412e-12
6646 3.212508e-12
6647 3.211605e-12
6648 3.210702e-12
6649 3.209800e-12
6650 3.208898e-12
6651 3.207997e-12
6652 3.207095e-12
6653 3.206195e-12
6654 3.205294e-12
6655 3.204394e-12
6656 3.203495e-12
6657 3.202595e-12
6658 3.201697e-12
6659 3.200798e-12
6660 3.199900e-12
6661 3.199002e-12
6662 3.198105e-12
6663 3.197208e-12
6664 3.196312e-12
6665 3.195416e-12
6666 3.194520e-12
6667 3.193625e-12
6668 3.192730e-12
6669 3.191835e-12
6670 3.190941e-12
6671 3.190047e-12
6672 3.189154e-12
6673 3.188261e-12
6674 3.187368e-12
6675 3.186476e-12
6676 3.185584e-12
6677 3.184692e-12
6678 3.183801e-12
6679 3.182910e-12
6680 3.182017e-12
6681 3.181125e-12
6682 3.180234e-12
6683 3.179343e-12
6684 3.178452e-12
6685 3.177561e-12
6686 3.176671e-12
6687 3.175782e-12
6688 3.174892e-12
6689 3.174003e-12
6690 3.173115e-12
6691 3.172227e-12
6692 3.171339e-12
6693 3.170452e-12
6694 3.169565e-12
6695 3.168678e-12
6696 3.167792e-12
6697 3.166906e-12
6698 3.166020e-12
6699 3.165135e-12
6700 3.164250e-12
6701 3.163366e-12
6702 3.162482e-12
6703 3.161599e-12
6704 3.160715e-12
6705 3.159833e-12
6706 3.158950e-12
6707 3.158068e-12
6708 3.157186e-12
6709 3.156305e-12
6710 3.155424e-12
6711 3.154543e-12
6712 3.153663e-12
6713 3.152783e-12
6714 3.151904e-12
6715 3.151025e-12
6716 3.150146e-12
6717 3.149268e-12
6718 3.148390e-12
6719 3.147512e-12
6720 3.146635e-12
6721 3.145758e-12
6722 3.144882e-12
6723 3.144006e-12
6724 3.143130e-12
6725 3.142255e-12
6726 3.141380e-12
6727 3.140505e-12
6728 3.139631e-12
6729 3.138757e-12
6730 3.137884e-12
6731 3.137011e-12
6732 3.136138e-12
6733 3.135266e-12
6734 3.134394e-12
6735 3.133522e-12
6736 3.132651e-12
6737 3.131780e-12
6738 3.130910e-12
6739 3.130038e-12
6740 3.129166e-12
6741 3.128295e-12
6742 3.127424e-12
6743 3.126553e-12
6744 3.125683e-12
6745 3.124813e-12
6746 3.123944e-12
6747 3.123075e-12
6748 3.122206e-12
6749 3.121338e-12
6750 3.120470e-12
6751 3.119602e-12
6752 3.118735e-12
6753 3.117868e-12
6754 3.117002e-12
6755 3.116136e-12
6756 3.115270e-12
6757 3.114405e-12
6758 3.113540e-12
6759 3.112675e-12
6760 3.111811e-12
6761 3.110947e-12
6762 3.110083e-12
6763 3.109220e-12
6764 3.108357e-12
6765 3.107495e-12
6766 3.106633e-12
6767 3.105771e-12
6768 3.104910e-12
6769 3.104049e-12
6770 3.103188e-12
6771 3.102328e-12
6772 3.101468e-12
6773 3.100609e-12
6774 3.099750e-12
6775 3.098891e-12
6776 3.098032e-12
6777 3.097174e-12
6778 3.096317e-12
6779 3.095459e-12
6780 3.094602e-12
6781 3.093746e-12
6782 3.092890e-12
6783 3.092034e-12
6784 3.091178e-12
6785 3.090323e-12
6786 3.089468e-12
6787 3.088614e-12
6788 3.087760e-12
6789 3.086906e-12
6790 3.086053e-12
6791 3.085200e-12
6792 3.084347e-12
6793 3.083495e-12
6794 3.082643e-12
6795 3.081792e-12
6796 3.080941e-12
6797 3.080090e-12
6798 3.079239e-12
6799 3.078387e-12
6800 3.077536e-12
6801 3.076684e-12
6802 3.075833e-12
6803 3.074983e-12
6804 3.074133e-12
6805 3.073283e-12
6806 3.072434e-12
6807 3.071584e-12
6808 3.070736e-12
6809 3.069887e-12
6810 3.069039e-12
6811 3.068192e-12
6812 3.067344e-12
6813 3.066498e-12
6814 3.065651e-12
6815 3.064805e-12
6816 3.063959e-12
6817 3.063113e-12
6818 3.062268e-12
6819 3.061424e-12
6820 3.060579e-12
6821 3.059735e-12
6822 3.058891e-12
6823 3.058048e-12
6824 3.057205e-12
6825 3.056362e-12
6826 3.055520e-12
6827 3.054678e-12
6828 3.053837e-12
6829 3.052995e-12
6830 3.052154e-12
6831 3.051314e-12
6832 3.050474e-12
6833 3.049634e-12
6834 3.048795e-12
6835 3.047955e-12
6836 3.047117e-12
6837 3.046278e-12
6838 3.045440e-12
6839 3.044603e-12
6840 3.043765e-12
6841 3.042928e-12
6842 3.042092e-12
6843 3.041255e-12
6844 3.040420e-12
6845 3.039584e-12
6846 3.038749e-12
6847 3.037914e-12
6848 3.037079e-12
6849 3.036245e-12
6850 3.035411e-12
6851 3.034578e-12
6852 3.033745e-12
6853 3.032912e-12
6854 3.032080e-12
6855 3.031248e-12
6856 3.030416e-12
6857 3.029585e-12
6858 3.028754e-12
6859 3.027922e-12
6860 3.027090e-12
6861 3.026258e-12
6862 3.025426e-12
6863 3.024595e-12
6864 3.023764e-12
6865 3.022934e-12
6866 3.022104e-12
6867 3.021274e-12
6868 3.020445e-12
6869 3.019616e-12
6870 3.018787e-12
6871 3.017959e-12
6872 3.017131e-12
6873 3.016304e-12
6874 3.015476e-12
6875 3.014649e-12
6876 3.013823e-12
6877 3.012997e-12
6878 3.012171e-12
6879 3.011345e-12
6880 3.010520e-12
6881 3.009695e-12
6882 3.008871e-12
6883 3.008047e-12
6884 3.007223e-12
6885 3.006399e-12
6886 3.005576e-12
6887 3.004754e-12
6888 3.003931e-12
6889 3.003109e-12
6890 3.002287e-12
6891 3.001466e-12
6892 3.000645e-12
6893 2.999824e-12
6894 2.999004e-12
6895 2.998184e-12
6896 2.997364e-12
6897 2.996545e-12
6898 2.995726e-12
6899 2.994907e-12
6900 2.994089e-12
6901 2.993271e-12
6902 2.992454e-12
6903 2.991636e-12
6904 2.990819e-12
6905 2.990003e-12
6906 2.989187e-12
6907 2.988371e-12
6908 2.987555e-12
6909 2.986740e-12
6910 2.985925e-12
6911 2.985111e-12
6912 2.984296e-12
6913 2.983483e-12
6914 2.982669e-12
6915 2.981856e-12
6916 2.981043e-12
6917 2.980230e-12
6918 2.979418e-12
6919 2.978607e-12
6920 2.977794e-12
6921 2.976981e-12
6922 2.976168e-12
6923 2.975356e-12
6924 2.974544e-12
6925 2.973732e-12
6926 2.972921e-12
6927 2.972110e-12
6928 2.971300e-12
6929 2.970490e-12
6930 2.969680e-12
6931 2.968870e-12
6932 2.968061e-12
6933 2.967252e-12
6934 2.966444e-12
6935 2.965636e-12
6936 2.964828e-12
6937 2.964020e-12
6938 2.963213e-12
6939 2.962406e-12
6940 2.961600e-12
6941 2.960794e-12
6942 2.959988e-12
6943 2.959182e-12
6944 2.958377e-12
6945 2.957572e-12
6946 2.956768e-12
6947 2.955964e-12
6948 2.955160e-12
6949 2.954356e-12
6950 2.953553e-12
6951 2.952750e-12
6952 2.951948e-12
6953 2.951146e-12
6954 2.950344e-12
6955 2.949543e-12
6956 2.948741e-12
6957 2.947941e-12
6958 2.947140e-12
6959 2.946340e-12
6960 2.945540e-12
6961 2.944741e-12
6962 2.943942e-12
6963 2.943143e-12
6964 2.942344e-12
6965 2.941546e-12
6966 2.940748e-12
6967 2.939951e-12
6968 2.939154e-12
6969 2.938357e-12
6970 2.937560e-12
6971 2.936764e-12
6972 2.935968e-12
6973 2.935173e-12
6974 2.934378e-12
6975 2.933583e-12
6976 2.932788e-12
6977 2.931994e-12
6978 2.931200e-12
6979 2.930407e-12
6980 2.929613e-12
6981 2.928820e-12
6982 2.928026e-12
6983 2.927232e-12
6984 2.926438e-12
6985 2.925645e-12
6986 2.924852e-12
6987 2.924059e-12
6988 2.923267e-12
6989 2.922475e-12
6990 2.921683e-12
6991 2.920892e-12
6992 2.920101e-12
6993 2.919310e-12
6994 2.918520e-12
6995 2.917730e-12
6996 2.916940e-12
6997 2.916151e-12
6998 2.915362e-12
6999 2.914573e-12
7000 2.913785e-12
7001 2.912997e-12
7002 2.912209e-12
7003 2.911422e-12
7004 2.910635e-12
7005 2.909848e-12
7006 2.909062e-12
7007 2.908276e-12
7008 2.907490e-12
7009 2.906704e-12
7010 2.905919e-12
7011 2.905134e-12
7012 2.904350e-12
7013 2.903566e-12
7014 2.902782e-12
7015 2.901999e-12
7016 2.901215e-12
7017 2.900433e-12
7018 2.899650e-12
7019 2.898868e-12
7020 2.898086e-12
7021 2.897304e-12
7022 2.896523e-12
7023 2.895742e-12
7024 2.894962e-12
7025 2.894181e-12
7026 2.893401e-12
7027 2.892622e-12
7028 2.891842e-12
7029 2.891063e-12
7030 2.890285e-12
7031 2.889506e-12
7032 2.888728e-12
7033 2.887951e-12
7034 2.887173e-12
7035 2.886396e-12
7036 2.885619e-12
7037 2.884843e-12
7038 2.884067e-12
7039 2.883291e-12
7040 2.882516e-12
7041 2.881740e-12
7042 2.880966e-12
7043 2.880191e-12
7044 2.879415e-12
7045 2.878639e-12
7046 2.877864e-12
7047 2.877089e-12
7048 2.876315e-12
7049 2.875540e-12
7050 2.874766e-12
7051 2.873993e-12
7052 2.873219e-12
7053 2.872446e-12
7054 2.871674e-12
7055 2.870901e-12
7056 2.870129e-12
7057 2.869358e-12
7058 2.868586e-12
7059 2.867815e-12
7060 2.867044e-12
7061 2.866274e-12
7062 2.865504e-12
7063 2.864734e-12
7064 2.863964e-12
7065 2.863195e-12
7066 2.862426e-12
7067 2.861658e-12
7068 2.860890e-12
7069 2.860122e-12
7070 2.859354e-12
7071 2.858587e-12
7072 2.857820e-12
7073 2.857053e-12
7074 2.856287e-12
7075 2.855521e-12
7076 2.854755e-12
7077 2.853989e-12
7078 2.853224e-12
7079 2.852460e-12
7080 2.851695e-12
7081 2.850931e-12
7082 2.850167e-12
7083 2.849403e-12
7084 2.848640e-12
7085 2.847877e-12
7086 2.847115e-12
7087 2.846352e-12
7088 2.845590e-12
7089 2.844829e-12
7090 2.844067e-12
7091 2.843306e-12
7092 2.842546e-12
7093 2.841785e-12
7094 2.841025e-12
7095 2.840265e-12
7096 2.839506e-12
7097 2.838747e-12
7098 2.837988e-12
7099 2.837229e-12
7100 2.836471e-12
7101 2.835713e-12
7102 2.834955e-12
7103 2.834198e-12
7104 2.833441e-12
7105 2.832684e-12
7106 2.831927e-12
7107 2.831169e-12
7108 2.830412e-12
7109 2.829654e-12
7110 2.828898e-12
7111 2.828141e-12
7112 2.827385e-12
7113 2.826629e-12
7114 2.825874e-12
7115 2.825118e-12
7116 2.824364e-12
7117 2.823609e-12
7118 2.822855e-12
7119 2.822101e-12
7120 2.821347e-12
7121 2.820594e-12
7122 2.819840e-12
7123 2.819088e-12
7124 2.818335e-12
7125 2.817583e-12
7126 2.816831e-12
7127 2.816080e-12
7128 2.815328e-12
7129 2.814578e-12
7130 2.813827e-12
7131 2.813077e-12
7132 2.812327e-12
7133 2.811577e-12
7134 2.810827e-12
7135 2.810078e-12
7136 2.809330e-12
7137 2.808581e-12
7138 2.807833e-12
7139 2.807085e-12
7140 2.806337e-12
7141 2.805590e-12
7142 2.804843e-12
7143 2.804096e-12
7144 2.803350e-12
7145 2.802604e-12
7146 2.801858e-12
7147 2.801113e-12
7148 2.800368e-12
7149 2.799623e-12
7150 2.798878e-12
7151 2.798134e-12
7152 2.797390e-12
7153 2.796646e-12
7154 2.795903e-12
7155 2.795160e-12
7156 2.794417e-12
7157 2.793675e-12
7158 2.792933e-12
7159 2.792191e-12
7160 2.791449e-12
7161 2.790708e-12
7162 2.789967e-12
7163 2.789226e-12
7164 2.788486e-12
7165 2.787746e-12
7166 2.787006e-12
7167 2.786267e-12
7168 2.785528e-12
7169 2.784788e-12
7170 2.784048e-12
7171 2.783308e-12
7172 2.782569e-12
7173 2.781829e-12
7174 2.781091e-12
7175 2.780352e-12
7176 2.779614e-12
7177 2.778876e-12
7178 2.778138e-12
7179 2.777400e-12
7180 2.776663e-12
7181 2.775927e-12
7182 2.775190e-12
7183 2.774454e-12
7184 2.773718e-12
7185 2.772982e-12
7186 2.772247e-12
7187 2.771512e-12
7188 2.770777e-12
7189 2.770043e-12
7190 2.769309e-12
7191 2.768575e-12
7192 2.767841e-12
7193 2.767108e-12
7194 2.766375e-12
7195 2.765643e-12
7196 2.764910e-12
7197 2.764178e-12
7198 2.763446e-12
7199 2.762715e-12
7200 2.761984e-12
7201 2.761253e-12
7202 2.760522e-12
7203 2.759792e-12
7204 2.759062e-12
7205 2.758332e-12
7206 2.757603e-12
7207 2.756874e-12
7208 2.756145e-12
7209 2.755416e-12
7210 2.754688e-12
7211 2.753960e-12
7212 2.753233e-12
7213 2.752505e-12
7214 2.751778e-12
7215 2.751051e-12
7216 2.750325e-12
7217 2.749599e-12
7218 2.748873e-12
7219 2.748147e-12
7220 2.747422e-12
7221 2.746697e-12
7222 2.745972e-12
7223 2.745248e-12
7224 2.744524e-12
7225 2.743800e-12
7226 2.743076e-12
7227 2.742353e-12
7228 2.741630e-12
7229 2.740907e-12
7230 2.740185e-12
7231 2.739463e-12
7232 2.738741e-12
7233 2.738018e-12
7234 2.737295e-12
7235 2.736573e-12
7236 2.735851e-12
7237 2.735129e-12
7238 2.734407e-12
7239 2.733686e-12
7240 2.732965e-12
7241 2.732244e-12
7242 2.731524e-12
7243 2.730804e-12
7244 2.730084e-12
7245 2.729365e-12
7246 2.728645e-12
7247 2.727926e-12
7248 2.727208e-12
7249 2.726489e-12
7250 2.725771e-12
7251 2.725053e-12
7252 2.724336e-12
7253 2.723619e-12
7254 2.722902e-12
7255 2.722185e-12
7256 2.721469e-12
7257 2.720752e-12
7258 2.720037e-12
7259 2.719321e-12
7260 2.718606e-12
7261 2.717891e-12
7262 2.717176e-12
7263 2.716462e-12
7264 2.715748e-12
7265 2.715034e-12
7266 2.714321e-12
7267 2.713607e-12
7268 2.712894e-12
7269 2.712182e-12
7270 2.711469e-12
7271 2.710757e-12
7272 2.710045e-12
7273 2.709334e-12
7274 2.708623e-12
7275 2.707912e-12
7276 2.707201e-12
7277 2.706491e-12
7278 2.705781e-12
7279 2.705071e-12
7280 2.704361e-12
7281 2.703652e-12
7282 2.702943e-12
7283 2.702234e-12
7284 2.701526e-12
7285 2.700818e-12
7286 2.700110e-12
7287 2.699402e-12
7288 2.698695e-12
7289 2.697988e-12
7290 2.697282e-12
7291 2.696575e-12
7292 2.695869e-12
7293 2.695163e-12
7294 2.694458e-12
7295 2.693752e-12
7296 2.693047e-12
7297 2.692342e-12
7298 2.691636e-12
7299 2.690930e-12
7300 2.690225e-12
7301 2.689520e-12
7302 2.688815e-12
7303 2.688110e-12
7304 2.687406e-12
7305 2.686702e-12
7306 2.685999e-12
7307 2.685295e-12
7308 2.684592e-12
7309 2.683889e-12
7310 2.683187e-12
7311 2.682484e-12
7312 2.681782e-12
7313 2.681081e-12
7314 2.680379e-12
7315 2.679678e-12
7316 2.678977e-12
7317 2.678277e-12
7318 2.677576e-12
7319 2.676876e-12
7320 2.676177e-12
7321 2.675477e-12
7322 2.674778e-12
7323 2.674079e-12
7324 2.673381e-12
7325 2.672682e-12
7326 2.671984e-12
7327 2.671286e-12
7328 2.670589e-12
7329 2.669892e-12
7330 2.669195e-12
7331 2.668498e-12
7332 2.667801e-12
7333 2.667105e-12
7334 2.666409e-12
7335 2.665714e-12
7336 2.665019e-12
7337 2.664324e-12
7338 2.663629e-12
7339 2.662934e-12
7340 2.662240e-12
7341 2.661546e-12
7342 2.660853e-12
7343 2.660159e-12
7344 2.659466e-12
7345 2.658773e-12
7346 2.658081e-12
7347 2.657388e-12
7348 2.656696e-12
7349 2.656005e-12
7350 2.655313e-12
7351 2.654622e-12
7352 2.653931e-12
7353 2.653241e-12
7354 2.652550e-12
7355 2.651860e-12
7356 2.651170e-12
7357 2.650481e-12
7358 2.649791e-12
7359 2.649102e-12
7360 2.648414e-12
7361 2.647725e-12
7362 2.647036e-12
7363 2.646347e-12
7364 2.645658e-12
7365 2.644969e-12
7366 2.644280e-12
7367 2.643592e-12
7368 2.642904e-12
7369 2.642216e-12
7370 2.641529e-12
7371 2.640842e-12
7372 2.640155e-12
7373 2.639468e-12
7374 2.638782e-12
7375 2.638096e-12
7376 2.637410e-12
7377 2.636725e-12
7378 2.636040e-12
7379 2.635355e-12
7380 2.634670e-12
7381 2.633985e-12
7382 2.633301e-12
7383 2.632617e-12
7384 2.631934e-12
7385 2.631251e-12
7386 2.630567e-12
7387 2.629885e-12
7388 2.629202e-12
7389 2.628520e-12
7390 2.627838e-12
7391 2.627156e-12
7392 2.626475e-12
7393 2.625793e-12
7394 2.625113e-12
7395 2.624432e-12
7396 2.623752e-12
7397 2.623071e-12
7398 2.622392e-12
7399 2.621712e-12
7400 2.621033e-12
7401 2.620354e-12
7402 2.619675e-12
7403 2.618996e-12
7404 2.618318e-12
7405 2.617640e-12
7406 2.616962e-12
7407 2.616285e-12
7408 2.615608e-12
7409 2.614931e-12
7410 2.614254e-12
7411 2.613578e-12
7412 2.612902e-12
7413 2.612226e-12
7414 2.611550e-12
7415 2.610875e-12
7416 2.610200e-12
7417 2.609525e-12
7418 2.608851e-12
7419 2.608177e-12
7420 2.607503e-12
7421 2.606829e-12
7422 2.606155e-12
7423 2.605482e-12
7424 2.604809e-12
7425 2.604137e-12
7426 2.603464e-12
7427 2.602792e-12
7428 2.602118e-12
7429 2.601445e-12
7430 2.600773e-12
7431 2.600100e-12
7432 2.599428e-12
7433 2.598756e-12
7434 2.598084e-12
7435 2.597413e-12
7436 2.596742e-12
7437 2.596071e-12
7438 2.595401e-12
7439 2.594730e-12
7440 2.594060e-12
7441 2.593390e-12
7442 2.592721e-12
7443 2.592052e-12
7444 2.591383e-12
7445 2.590714e-12
7446 2.590045e-12
7447 2.589377e-12
7448 2.588709e-12
7449 2.588041e-12
7450 2.587374e-12
7451 2.586707e-12
7452 2.586040e-12
7453 2.585373e-12
7454 2.584707e-12
7455 2.584041e-12
7456 2.583375e-12
7457 2.582709e-12
7458 2.582044e-12
7459 2.581379e-12
7460 2.580714e-12
7461 2.580049e-12
7462 2.579385e-12
7463 2.578721e-12
7464 2.578057e-12
7465 2.577394e-12
7466 2.576730e-12
7467 2.576067e-12
7468 2.575405e-12
7469 2.574742e-12
7470 2.574080e-12
7471 2.573418e-12
7472 2.572756e-12
7473 2.572095e-12
7474 2.571434e-12
7475 2.570773e-12
7476 2.570112e-12
7477 2.569452e-12
7478 2.568791e-12
7479 2.568131e-12
7480 2.567472e-12
7481 2.566812e-12
7482 2.566153e-12
7483 2.565494e-12
7484 2.564836e-12
7485 2.564177e-12
7486 2.563519e-12
7487 2.562861e-12
7488 2.562204e-12
7489 2.561547e-12
7490 2.560889e-12
7491 2.560233e-12
7492 2.559576e-12
7493 2.558919e-12
7494 2.558262e-12
7495 2.557605e-12
7496 2.556948e-12
7497 2.556291e-12
7498 2.555635e-12
7499 2.554979e-12
7500 2.554323e-12
7501 2.553667e-12
7502 2.553012e-12
7503 2.552357e-12
7504 2.551702e-12
7505 2.551047e-12
7506 2.550393e-12
7507 2.549739e-12
7508 2.549085e-12
7509 2.548432e-12
7510 2.547778e-12
7511 2.547125e-12
7512 2.546473e-12
7513 2.545820e-12
7514 2.545168e-12
7515 2.544516e-12
7516 2.543864e-12
7517 2.543213e-12
7518 2.542561e-12
7519 2.541910e-12
7520 2.541259e-12
7521 2.540609e-12
7522 2.539959e-12
7523 2.539309e-12
7524 2.538659e-12
7525 2.538010e-12
7526 2.537360e-12
7527 2.536711e-12
7528 2.536063e-12
7529 2.535414e-12
7530 2.534766e-12
7531 2.534118e-12
7532 2.533470e-12
7533 2.532823e-12
7534 2.532175e-12
7535 2.531528e-12
7536 2.530882e-12
7537 2.530235e-12
7538 2.529589e-12
7539 2.528943e-12
7540 2.528297e-12
7541 2.527652e-12
7542 2.527007e-12
7543 2.526362e-12
7544 2.525717e-12
7545 2.525073e-12
7546 2.524428e-12
7547 2.523784e-12
7548 2.523141e-12
7549 2.522497e-12
7550 2.521854e-12
7551 2.521211e-12
7552 2.520568e-12
7553 2.519926e-12
7554 2.519284e-12
7555 2.518642e-12
7556 2.518000e-12
7557 2.517358e-12
7558 2.516717e-12
7559 2.516076e-12
7560 2.515434e-12
7561 2.514793e-12
7562 2.514151e-12
7563 2.513510e-12
7564 2.512869e-12
7565 2.512228e-12
7566 2.511587e-12
7567 2.510947e-12
7568 2.510307e-12
7569 2.509667e-12
7570 2.509028e-12
7571 2.508389e-12
7572 2.507749e-12
7573 2.507111e-12
7574 2.506472e-12
7575 2.505834e-12
7576 2.505196e-12
7577 2.504558e-12
7578 2.503920e-12
7579 2.503283e-12
7580 2.502646e-12
7581 2.502009e-12
7582 2.501373e-12
7583 2.500736e-12
7584 2.500100e-12
7585 2.499464e-12
7586 2.498829e-12
7587 2.498193e-12
7588 2.497558e-12
7589 2.496923e-12
7590 2.496289e-12
7591 2.495654e-12
7592 2.495020e-12
7593 2.494386e-12
7594 2.493753e-12
7595 2.493119e-12
7596 2.492486e-12
7597 2.491853e-12
7598 2.491221e-12
7599 2.490588e-12
7600 2.489956e-12
7601 2.489324e-12
7602 2.488693e-12
7603 2.488061e-12
7604 2.487430e-12
7605 2.486799e-12
7606 2.486168e-12
7607 2.485538e-12
7608 2.484908e-12
7609 2.484278e-12
7610 2.483648e-12
7611 2.483018e-12
7612 2.482389e-12
7613 2.481760e-12
7614 2.481131e-12
7615 2.480503e-12
7616 2.479875e-12
7617 2.479246e-12
7618 2.478619e-12
7619 2.477991e-12
7620 2.477364e-12
7621 2.476737e-12
7622 2.476110e-12
7623 2.475483e-12
7624 2.474857e-12
7625 2.474231e-12
7626 2.473605e-12
7627 2.472978e-12
7628 2.472352e-12
7629 2.471725e-12
7630 2.471099e-12
7631 2.470473e-12
7632 2.469848e-12
7633 2.469222e-12
7634 2.468597e-12
7635 2.467972e-12
7636 2.467347e-12
7637 2.466723e-12
7638 2.466099e-12
7639 2.465475e-12
7640 2.464851e-12
7641 2.464227e-12
7642 2.463604e-12
7643 2.462981e-12
7644 2.462358e-12
7645 2.461736e-12
7646 2.461113e-12
7647 2.460491e-12
7648 2.459869e-12
7649 2.459248e-12
7650 2.458626e-12
7651 2.458005e-12
7652 2.457384e-12
7653 2.456764e-12
7654 2.456143e-12
7655 2.455523e-12
7656 2.454903e-12
7657 2.454284e-12
7658 2.453664e-12
7659 2.453045e-12
7660 2.452426e-12
7661 2.451807e-12
7662 2.451189e-12
7663 2.450570e-12
7664 2.449952e-12
7665 2.449334e-12
7666 2.448717e-12
7667 2.448100e-12
7668 2.447482e-12
7669 2.446866e-12
7670 2.446249e-12
7671 2.445633e-12
7672 2.445016e-12
7673 2.444400e-12
7674 2.443785e-12
7675 2.443169e-12
7676 2.442554e-12
7677 2.441939e-12
7678 2.441324e-12
7679 2.440710e-12
7680 2.440096e-12
7681 2.439482e-12
7682 2.438868e-12
7683 2.438254e-12
7684 2.437641e-12
7685 2.437028e-12
7686 2.436415e-12
7687 2.435802e-12
7688 2.435190e-12
7689 2.434578e-12
7690 2.433966e-12
7691 2.433354e-12
7692 2.432743e-12
7693 2.432131e-12
7694 2.431520e-12
7695 2.430908e-12
7696 2.430297e-12
7697 2.429685e-12
7698 2.429074e-12
7699 2.428463e-12
7700 2.427852e-12
7701 2.427241e-12
7702 2.426631e-12
7703 2.426021e-12
7704 2.425411e-12
7705 2.424802e-12
7706 2.424192e-12
7707 2.423583e-12
7708 2.422974e-12
7709 2.422365e-12
7710 2.421757e-12
7711 2.421149e-12
7712 2.420541e-12
7713 2.419933e-12
7714 2.419325e-12
7715 2.418718e-12
7716 2.418111e-12
7717 2.417504e-12
7718 2.416897e-12
7719 2.416291e-12
7720 2.415685e-12
7721 2.415079e-12
7722 2.414473e-12
7723 2.413868e-12
7724 2.413262e-12
7725 2.412657e-12
7726 2.412053e-12
7727 2.411448e-12
7728 2.410844e-12
7729 2.410240e-12
7730 2.409636e-12
7731 2.409032e-12
7732 2.408429e-12
7733 2.407825e-12
7734 2.407222e-12
7735 2.406620e-12
7736 2.406017e-12
7737 2.405415e-12
7738 2.404813e-12
7739 2.404211e-12
7740 2.403610e-12
7741 2.403008e-12
7742 2.402407e-12
7743 2.401806e-12
7744 2.401205e-12
7745 2.400605e-12
7746 2.400005e-12
7747 2.399405e-12
7748 2.398805e-12
7749 2.398206e-12
7750 2.397606e-12
7751 2.397007e-12
7752 2.396408e-12
7753 2.395810e-12
7754 2.395211e-12
7755 2.394613e-12
7756 2.394015e-12
7757 2.393417e-12
7758 2.392820e-12
7759 2.392223e-12
7760 2.391626e-12
7761 2.391029e-12
7762 2.390432e-12
7763 2.389835e-12
7764 2.389238e-12
7765 2.388641e-12
7766 2.388044e-12
7767 2.387447e-12
7768 2.386851e-12
7769 2.386255e-12
7770 2.385659e-12
7771 2.385063e-12
7772 2.384468e-12
7773 2.383872e-12
7774 2.383277e-12
7775 2.382682e-12
7776 2.382088e-12
7777 2.381494e-12
7778 2.380899e-12
7779 2.380305e-12
7780 2.379712e-12
7781 2.379118e-12
7782 2.378525e-12
7783 2.377932e-12
7784 2.377339e-12
7785 2.376747e-12
7786 2.376154e-12
7787 2.375562e-12
7788 2.374970e-12
7789 2.374379e-12
7790 2.373787e-12
7791 2.373196e-12
7792 2.372605e-12
7793 2.372014e-12
7794 2.371424e-12
7795 2.370833e-12
7796 2.370243e-12
7797 2.369653e-12
7798 2.369063e-12
7799 2.368474e-12
7800 2.367885e-12
7801 2.367296e-12
7802 2.366707e-12
7803 2.366118e-12
7804 2.365530e-12
7805 2.364942e-12
7806 2.364354e-12
7807 2.363766e-12
7808 2.363179e-12
7809 2.362592e-12
7810 2.362005e-12
7811 2.361418e-12
7812 2.360831e-12
7813 2.360245e-12
7814 2.359659e-12
7815 2.359073e-12
7816 2.358487e-12
7817 2.357902e-12
7818 2.357317e-12
7819 2.356731e-12
7820 2.356147e-12
7821 2.355562e-12
7822 2.354978e-12
7823 2.354394e-12
7824 2.353810e-12
7825 2.353226e-12
7826 2.352642e-12
7827 2.352059e-12
7828 2.351476e-12
7829 2.350893e-12
7830 2.350311e-12
7831 2.349728e-12
7832 2.349145e-12
7833 2.348562e-12
7834 2.347979e-12
7835 2.347397e-12
7836 2.346814e-12
7837 2.346232e-12
7838 2.345650e-12
7839 2.345068e-12
7840 2.344487e-12
7841 2.343905e-12
7842 2.343324e-12
7843 2.342743e-12
7844 2.342163e-12
7845 2.341582e-12
7846 2.341002e-12
7847 2.340422e-12
7848 2.339842e-12
7849 2.339263e-12
7850 2.338683e-12
7851 2.338104e-12
7852 2.337525e-12
7853 2.336946e-12
7854 2.336368e-12
7855 2.335790e-12
7856 2.335211e-12
7857 2.334634e-12
7858 2.334056e-12
7859 2.333479e-12
7860 2.332901e-12
7861 2.332324e-12
7862 2.331748e-12
7863 2.331171e-12
7864 2.330595e-12
7865 2.330019e-12
7866 2.329443e-12
7867 2.328867e-12
7868 2.328291e-12
7869 2.327716e-12
7870 2.327141e-12
7871 2.326566e-12
7872 2.325992e-12
7873 2.325417e-12
7874 2.324843e-12
7875 2.324269e-12
7876 2.323695e-12
7877 2.323122e-12
7878 2.322548e-12
7879 2.321975e-12
7880 2.321402e-12
7881 2.320830e-12
7882 2.320257e-12
7883 2.319685e-12
7884 2.319113e-12
7885 2.318541e-12
7886 2.317969e-12
7887 2.317398e-12
7888 2.316827e-12
7889 2.316256e-12
7890 2.315685e-12
7891 2.315115e-12
7892 2.314544e-12
7893 2.313974e-12
7894 2.313404e-12
7895 2.312834e-12
7896 2.312265e-12
7897 2.311696e-12
7898 2.311127e-12
7899 2.310558e-12
7900 2.309989e-12
7901 2.309421e-12
7902 2.308851e-12
7903 2.308282e-12
7904 2.307713e-12
7905 2.307145e-12
7906 2.306576e-12
7907 2.306008e-12
7908 2.305440e-12
7909 2.304872e-12
7910 2.304304e-12
7911 2.303737e-12
7912 2.303170e-12
7913 2.302603e-12
7914 2.302036e-12
7915 2.301469e-12
7916 2.300903e-12
7917 2.300337e-12
7918 2.299771e-12
7919 2.299205e-12
7920 2.298640e-12
7921 2.298074e-12
7922 2.297509e-12
7923 2.296944e-12
7924 2.296380e-12
7925 2.295815e-12
7926 2.295251e-12
7927 2.294687e-12
7928 2.294123e-12
7929 2.293560e-12
7930 2.292996e-12
7931 2.292433e-12
7932 2.291870e-12
7933 2.291307e-12
7934 2.290745e-12
7935 2.290182e-12
7936 2.289620e-12
7937 2.289058e-12
7938 2.288496e-12
7939 2.287935e-12
7940 2.287374e-12
7941 2.286813e-12
7942 2.286252e-12
7943 2.285691e-12
7944 2.285130e-12
7945 2.284570e-12
7946 2.284010e-12
7947 2.283450e-12
7948 2.282891e-12
7949 2.282331e-12
7950 2.281772e-12
7951 2.281213e-12
7952 2.280654e-12
7953 2.280095e-12
7954 2.279537e-12
7955 2.278979e-12
7956 2.278421e-12
7957 2.277863e-12
7958 2.277305e-12
7959 2.276748e-12
7960 2.276191e-12
7961 2.275634e-12
7962 2.275077e-12
7963 2.274521e-12
7964 2.273964e-12
7965 2.273408e-12
7966 2.272852e-12
7967 2.272296e-12
7968 2.271741e-12
7969 2.271186e-12
7970 2.270630e-12
7971 2.270076e-12
7972 2.269520e-12
7973 2.268964e-12
7974 2.268409e-12
7975 2.267854e-12
7976 2.267299e-12
7977 2.266744e-12
7978 2.266190e-12
7979 2.265635e-12
7980 2.265081e-12
7981 2.264527e-12
7982 2.263974e-12
7983 2.263420e-12
7984 2.262867e-12
7985 2.262314e-12
7986 2.261761e-12
7987 2.261208e-12
7988 2.260656e-12
7989 2.260103e-12
7990 2.259551e-12
7991 2.258999e-12
7992 2.258448e-12
7993 2.257896e-12
7994 2.257345e-12
7995 2.256794e-12
7996 2.256243e-12
7997 2.255693e-12
7998 2.255142e-12
7999 2.254592e-12
8000 2.254042e-12
8001 2.253492e-12
8002 2.252942e-12
8003 2.252393e-12
8004 2.251844e-12
8005 2.251295e-12
8006 2.250746e-12
8007 2.250197e-12
8008 2.249649e-12
8009 2.249101e-12
8010 2.248553e-12
8011 2.248005e-12
8012 2.247457e-12
8013 2.246910e-12
8014 2.246363e-12
8015 2.245816e-12
8016 2.245269e-12
8017 2.244722e-12
8018 2.244176e-12
8019 2.243630e-12
8020 2.243084e-12
8021 2.242538e-12
8022 2.241992e-12
8023 2.241447e-12
8024 2.240902e-12
8025 2.240357e-12
8026 2.239812e-12
8027 2.239267e-12
8028 2.238723e-12
8029 2.238179e-12
8030 2.237635e-12
8031 2.237091e-12
8032 2.236547e-12
8033 2.236004e-12
8034 2.235461e-12
8035 2.234918e-12
8036 2.234375e-12
8037 2.233832e-12
8038 2.233290e-12
8039 2.232748e-12
8040 2.232206e-12
8041 2.231664e-12
8042 2.231122e-12
8043 2.230580e-12
8044 2.230038e-12
8045 2.229496e-12
8046 2.228954e-12
8047 2.228412e-12
8048 2.227871e-12
8049 2.227329e-12
8050 2.226788e-12
8051 2.226248e-12
8052 2.225707e-12
8053 2.225166e-12
8054 2.224626e-12
8055 2.224086e-12
8056 2.223546e-12
8057 2.223007e-12
8058 2.222467e-12
8059 2.221928e-12
8060 2.221389e-12
8061 2.220850e-12
8062 2.220311e-12
8063 2.219773e-12
8064 2.219235e-12
8065 2.218697e-12
8066 2.218159e-12
8067 2.217621e-12
8068 2.217084e-12
8069 2.216546e-12
8070 2.216009e-12
8071 2.215472e-12
8072 2.214936e-12
8073 2.214399e-12
8074 2.213863e-12
8075 2.213327e-12
8076 2.212791e-12
8077 2.212255e-12
8078 2.211720e-12
8079 2.211184e-12
8080 2.210649e-12
8081 2.210114e-12
8082 2.209580e-12
8083 2.209045e-12
8084 2.208511e-12
8085 2.207977e-12
8086 2.207443e-12
8087 2.206909e-12
8088 2.206375e-12
8089 2.205842e-12
8090 2.205309e-12
8091 2.204776e-12
8092 2.204243e-12
8093 2.203711e-12
8094 2.203178e-12
8095 2.202646e-12
8096 2.202114e-12
8097 2.201582e-12
8098 2.201051e-12
8099 2.200519e-12
8100 2.199988e-12
8101 2.199457e-12
8102 2.198926e-12
8103 2.198396e-12
8104 2.197865e-12
8105 2.197335e-12
8106 2.196805e-12
8107 2.196275e-12
8108 2.195745e-12
8109 2.195216e-12
8110 2.194686e-12
8111 2.194157e-12
8112 2.193628e-12
8113 2.193100e-12
8114 2.192571e-12
8115 2.192041e-12
8116 2.191512e-12
8117 2.190983e-12
8118 2.190455e-12
8119 2.189926e-12
8120 2.189398e-12
8121 2.188869e-12
8122 2.188342e-12
8123 2.187814e-12
8124 2.187286e-12
8125 2.186759e-12
8126 2.186232e-12
8127 2.185705e-12
8128 2.185178e-12
8129 2.184651e-12
8130 2.184125e-12
8131 2.183598e-12
8132 2.183072e-12
8133 2.182547e-12
8134 2.182021e-12
8135 2.181495e-12
8136 2.180970e-12
8137 2.180445e-12
8138 2.179920e-12
8139 2.179395e-12
8140 2.178871e-12
8141 2.178347e-12
8142 2.177822e-12
8143 2.177299e-12
8144 2.176775e-12
8145 2.176251e-12
8146 2.175728e-12
8147 2.175205e-12
8148 2.174682e-12
8149 2.174159e-12
8150 2.173636e-12
8151 2.173114e-12
8152 2.172592e-12
8153 2.172070e-12
8154 2.171548e-12
8155 2.171026e-12
8156 2.170505e-12
8157 2.169983e-12
8158 2.169462e-12
8159 2.168941e-12
8160 2.168421e-12
8161 2.167900e-12
8162 2.167380e-12
8163 2.166860e-12
8164 2.166340e-12
8165 2.165820e-12
8166 2.165300e-12
8167 2.164781e-12
8168 2.164262e-12
8169 2.163743e-12
8170 2.163224e-12
8171 2.162705e-12
8172 2.162187e-12
8173 2.161668e-12
8174 2.161150e-12
8175 2.160632e-12
8176 2.160115e-12
8177 2.159597e-12
8178 2.159080e-12
8179 2.158563e-12
8180 2.158046e-12
8181 2.157529e-12
8182 2.157012e-12
8183 2.156496e-12
8184 2.155980e-12
8185 2.155464e-12
8186 2.154947e-12
8187 2.154431e-12
8188 2.153914e-12
8189 2.153398e-12
8190 2.152882e-12
8191 2.152366e-12
8192 2.151850e-12
8193 2.151335e-12
8194 2.150820e-12
8195 2.150304e-12
8196 2.149790e-12
8197 2.149275e-12
8198 2.148760e-12
8199 2.148246e-12
8200 2.147732e-12
8201 2.147218e-12
8202 2.146704e-12
8203 2.146190e-12
8204 2.145677e-12
8205 2.145163e-12
8206 2.144650e-12
8207 2.144138e-12
8208 2.143625e-12
8209 2.143112e-12
8210 2.142600e-12
8211 2.142088e-12
8212 2.141576e-12
8213 2.141064e-12
8214 2.140552e-12
8215 2.140041e-12
8216 2.139530e-12
8217 2.139019e-12
8218 2.138508e-12
8219 2.137997e-12
8220 2.137487e-12
8221 2.136976e-12
8222 2.136466e-12
8223 2.135956e-12
8224 2.135447e-12
8225 2.134937e-12
8226 2.134428e-12
8227 2.133918e-12
8228 2.133409e-12
8229 2.132901e-12
8230 2.132392e-12
8231 2.131883e-12
8232 2.131375e-12
8233 2.130867e-12
8234 2.130359e-12
8235 2.129851e-12
8236 2.129344e-12
8237 2.128836e-12
8238 2.128329e-12
8239 2.127822e-12
8240 2.127315e-12
8241 2.126809e-12
8242 2.126302e-12
8243 2.125796e-12
8244 2.125290e-12
8245 2.124784e-12
8246 2.124278e-12
8247 2.123773e-12
8248 2.123267e-12
8249 2.122762e-12
8250 2.122257e-12
8251 2.121752e-12
8252 2.121248e-12
8253 2.120743e-12
8254 2.120239e-12
8255 2.119735e-12
8256 2.119231e-12
8257 2.118727e-12
8258 2.118224e-12
8259 2.117719e-12
8260 2.117215e-12
8261 2.116711e-12
8262 2.116208e-12
8263 2.115704e-12
8264 2.115201e-12
8265 2.114697e-12
8266 2.114194e-12
8267 2.113691e-12
8268 2.113189e-12
8269 2.112686e-12
8270 2.112184e-12
8271 2.111682e-12
8272 2.111180e-12
8273 2.110678e-12
8274 2.110176e-12
8275 2.109675e-12
8276 2.109174e-12
8277 2.108673e-12
8278 2.108172e-12
8279 2.107671e-12
8280 2.107171e-12
8281 2.106670e-12
8282 2.106170e-12
8283 2.105670e-12
8284 2.105170e-12
8285 2.104671e-12
8286 2.104171e-12
8287 2.103672e-12
8288 2.103173e-12
8289 2.102674e-12
8290 2.102175e-12
8291 2.101677e-12
8292 2.101178e-12
8293 2.100680e-12
8294 2.100182e-12
8295 2.099684e-12
8296 2.099187e-12
8297 2.098689e-12
8298 2.098192e-12
8299 2.097695e-12
8300 2.097198e-12
8301 2.096701e-12
8302 2.096204e-12
8303 2.095708e-12
8304 2.095212e-12
8305 2.094716e-12
8306 2.094220e-12
8307 2.093724e-12
8308 2.093228e-12
8309 2.092733e-12
8310 2.092238e-12
8311 2.091743e-12
8312 2.091248e-12
8313 2.090753e-12
8314 2.090259e-12
8315 2.089765e-12
8316 2.089270e-12
8317 2.088776e-12
8318 2.088283e-12
8319 2.087789e-12
8320 2.087296e-12
8321 2.086802e-12
8322 2.086309e-12
8323 2.085817e-12
8324 2.085324e-12
8325 2.084831e-12
8326 2.084339e-12
8327 2.083847e-12
8328 2.083355e-12
8329 2.082863e-12
8330 2.082371e-12
8331 2.081880e-12
8332 2.081388e-12
8333 2.080896e-12
8334 2.080404e-12
8335 2.079912e-12
8336 2.079421e-12
8337 2.078930e-12
8338 2.078438e-12
8339 2.077947e-12
8340 2.077457e-12
8341 2.076966e-12
8342 2.076475e-12
8343 2.075985e-12
8344 2.075495e-12
8345 2.075005e-12
8346 2.074515e-12
8347 2.074026e-12
8348 2.073536e-12
8349 2.073047e-12
8350 2.072558e-12
8351 2.072069e-12
8352 2.071580e-12
8353 2.071092e-12
8354 2.070604e-12
8355 2.070115e-12
8356 2.069627e-12
8357 2.069139e-12
8358 2.068652e-12
8359 2.068164e-12
8360 2.067677e-12
8361 2.067190e-12
8362 2.066703e-12
8363 2.066216e-12
8364 2.065729e-12
8365 2.065243e-12
8366 2.064757e-12
8367 2.064270e-12
8368 2.063785e-12
8369 2.063299e-12
8370 2.062813e-12
8371 2.062328e-12
8372 2.061842e-12
8373 2.061357e-12
8374 2.060872e-12
8375 2.060388e-12
8376 2.059903e-12
8377 2.059419e-12
8378 2.058934e-12
8379 2.058450e-12
8380 2.057967e-12
8381 2.057483e-12
8382 2.056999e-12
8383 2.056516e-12
8384 2.056033e-12
8385 2.055550e-12
8386 2.055067e-12
8387 2.054584e-12
8388 2.054102e-12
8389 2.053619e-12
8390 2.053137e-12
8391 2.052655e-12
8392 2.052173e-12
8393 2.051692e-12
8394 2.051210e-12
8395 2.050729e-12
8396 2.050248e-12
8397 2.049767e-12
8398 2.049286e-12
8399 2.048805e-12
8400 2.048325e-12
8401 2.047844e-12
8402 2.047364e-12
8403 2.046884e-12
8404 2.046405e-12
8405 2.045925e-12
8406 2.045445e-12
8407 2.044965e-12
8408 2.044485e-12
8409 2.044005e-12
8410 2.043526e-12
8411 2.043046e-12
8412 2.042567e-12
8413 2.042088e-12
8414 2.041609e-12
8415 2.041130e-12
8416 2.040651e-12
8417 2.040173e-12
8418 2.039694e-12
8419 2.039216e-12
8420 2.038738e-12
8421 2.038261e-12
8422 2.037783e-12
8423 2.037306e-12
8424 2.036828e-12
8425 2.036351e-12
8426 2.035874e-12
8427 2.035397e-12
8428 2.034921e-12
8429 2.034444e-12
8430 2.033968e-12
8431 2.033492e-12
8432 2.033016e-12
8433 2.032540e-12
8434 2.032065e-12
8435 2.031589e-12
8436 2.031114e-12
8437 2.030639e-12
8438 2.030164e-12
8439 2.029689e-12
8440 2.029215e-12
8441 2.028740e-12
8442 2.028266e-12
8443 2.027792e-12
8444 2.027318e-12
8445 2.026844e-12
8446 2.026371e-12
8447 2.025897e-12
8448 2.025424e-12
8449 2.024951e-12
8450 2.024478e-12
8451 2.024005e-12
8452 2.023533e-12
8453 2.023060e-12
8454 2.022588e-12
8455 2.022116e-12
8456 2.021644e-12
8457 2.021172e-12
8458 2.020701e-12
8459 2.020229e-12
8460 2.019758e-12
8461 2.019287e-12
8462 2.018816e-12
8463 2.018345e-12
8464 2.017875e-12
8465 2.017404e-12
8466 2.016934e-12
8467 2.016464e-12
8468 2.015994e-12
8469 2.015524e-12
8470 2.015054e-12
8471 2.014585e-12
8472 2.014116e-12
8473 2.013647e-12
8474 2.013178e-12
8475 2.012709e-12
8476 2.012240e-12
8477 2.011772e-12
8478 2.011303e-12
8479 2.010835e-12
8480 2.010367e-12
8481 2.009899e-12
8482 2.009430e-12
8483 2.008962e-12
8484 2.008494e-12
8485 2.008026e-12
8486 2.007558e-12
8487 2.007091e-12
8488 2.006623e-12
8489 2.006156e-12
8490 2.005689e-12
8491 2.005222e-12
8492 2.004755e-12
8493 2.004288e-12
8494 2.003822e-12
8495 2.003355e-12
8496 2.002889e-12
8497 2.002423e-12
8498 2.001957e-12
8499 2.001491e-12
8500 2.001026e-12
8501 2.000561e-12
8502 2.000095e-12
8503 1.999630e-12
8504 1.999165e-12
8505 1.998701e-12
8506 1.998236e-12
8507 1.997772e-12
8508 1.997308e-12
8509 1.996844e-12
8510 1.996380e-12
8511 1.995916e-12
8512 1.995452e-12
8513 1.994989e-12
8514 1.994526e-12
8515 1.994063e-12
8516 1.993600e-12
8517 1.993137e-12
8518 1.992674e-12
8519 1.992212e-12
8520 1.991750e-12
8521 1.991287e-12
8522 1.990825e-12
8523 1.990364e-12
8524 1.989902e-12
8525 1.989441e-12
8526 1.988979e-12
8527 1.988518e-12
8528 1.988057e-12
8529 1.987596e-12
8530 1.987136e-12
8531 1.986675e-12
8532 1.986215e-12
8533 1.985755e-12
8534 1.985295e-12
8535 1.984835e-12
8536 1.984375e-12
8537 1.983915e-12
8538 1.983456e-12
8539 1.982997e-12
8540 1.982538e-12
8541 1.982079e-12
8542 1.981620e-12
8543 1.981161e-12
8544 1.980703e-12
8545 1.980245e-12
8546 1.979787e-12
8547 1.979329e-12
8548 1.978871e-12
8549 1.978413e-12
8550 1.977956e-12
8551 1.977499e-12
8552 1.977041e-12
8553 1.976584e-12
8554 1.976128e-12
8555 1.975671e-12
8556 1.975214e-12
8557 1.974757e-12
8558 1.974300e-12
8559 1.973843e-12
8560 1.973386e-12
8561 1.972930e-12
8562 1.972473e-12
8563 1.972017e-12
8564 1.971561e-12
8565 1.971105e-12
8566 1.970650e-12
8567 1.970194e-12
8568 1.969739e-12
8569 1.969283e-12
8570 1.968828e-12
8571 1.968373e-12
8572 1.967918e-12
8573 1.967464e-12
8574 1.967009e-12
8575 1.966555e-12
8576 1.966101e-12
8577 1.965647e-12
8578 1.965193e-12
8579 1.964739e-12
8580 1.964286e-12
8581 1.963832e-12
8582 1.963379e-12
8583 1.962926e-12
8584 1.962473e-12
8585 1.962021e-12
8586 1.961568e-12
8587 1.961116e-12
8588 1.960663e-12
8589 1.960211e-12
8590 1.959759e-12
8591 1.959307e-12
8592 1.958856e-12
8593 1.958404e-12
8594 1.957953e-12
8595 1.957502e-12
8596 1.957051e-12
8597 1.956600e-12
8598 1.956149e-12
8599 1.955699e-12
8600 1.955248e-12
8601 1.954798e-12
8602 1.954348e-12
8603 1.953898e-12
8604 1.953448e-12
8605 1.952999e-12
8606 1.952549e-12
8607 1.952100e-12
8608 1.951651e-12
8609 1.951202e-12
8610 1.950753e-12
8611 1.950304e-12
8612 1.949856e-12
8613 1.949407e-12
8614 1.948959e-12
8615 1.948511e-12
8616 1.948063e-12
8617 1.947616e-12
8618 1.947168e-12
8619 1.946720e-12
8620 1.946273e-12
8621 1.945826e-12
8622 1.945379e-12
8623 1.944932e-12
8624 1.944486e-12
8625 1.944039e-12
8626 1.943593e-12
8627 1.943147e-12
8628 1.942701e-12
8629 1.942255e-12
8630 1.941809e-12
8631 1.941363e-12
8632 1.940918e-12
8633 1.940472e-12
8634 1.940026e-12
8635 1.939580e-12
8636 1.939134e-12
8637 1.938689e-12
8638 1.938244e-12
8639 1.937798e-12
8640 1.937353e-12
8641 1.936909e-12
8642 1.936464e-12
8643 1.936019e-12
8644 1.935575e-12
8645 1.935131e-12
8646 1.934687e-12
8647 1.934243e-12
8648 1.933799e-12
8649 1.933355e-12
8650 1.932912e-12
8651 1.932469e-12
8652 1.932026e-12
8653 1.931583e-12
8654 1.931140e-12
8655 1.930697e-12
8656 1.930255e-12
8657 1.929812e-12
8658 1.929370e-12
8659 1.928928e-12
8660 1.928486e-12
8661 1.928044e-12
8662 1.927603e-12
8663 1.927161e-12
8664 1.926720e-12
8665 1.926279e-12
8666 1.925838e-12
8667 1.925397e-12
8668 1.924956e-12
8669 1.924515e-12
8670 1.924075e-12
8671 1.923635e-12
8672 1.923195e-12
8673 1.922755e-12
8674 1.922315e-12
8675 1.921875e-12
8676 1.921436e-12
8677 1.920996e-12
8678 1.920557e-12
8679 1.920118e-12
8680 1.919679e-12
8681 1.919241e-12
8682 1.918802e-12
8683 1.918364e-12
8684 1.917925e-12
8685 1.917487e-12
8686 1.917049e-12
8687 1.916611e-12
8688 1.916174e-12
8689 1.915736e-12
8690 1.915299e-12
8691 1.914861e-12
8692 1.914424e-12
8693 1.913987e-12
8694 1.913551e-12
8695 1.913114e-12
8696 1.912678e-12
8697 1.912241e-12
8698 1.911805e-12
8699 1.911369e-12
8700 1.910933e-12
8701 1.910497e-12
8702 1.910062e-12
8703 1.909626e-12
8704 1.909191e-12
8705 1.908756e-12
8706 1.908321e-12
8707 1.907886e-12
8708 1.907451e-12
8709 1.907016e-12
8710 1.906581e-12
8711 1.906146e-12
8712 1.905711e-12
8713 1.905277e-12
8714 1.904842e-12
8715 1.904408e-12
8716 1.903973e-12
8717 1.903539e-12
8718 1.903105e-12
8719 1.902671e-12
8720 1.902238e-12
8721 1.901804e-12
8722 1.901371e-12
8723 1.900938e-12
8724 1.900505e-12
8725 1.900072e-12
8726 1.899639e-12
8727 1.899206e-12
8728 1.898774e-12
8729 1.898341e-12
8730 1.897909e-12
8731 1.897477e-12
8732 1.897045e-12
8733 1.896614e-12
8734 1.896182e-12
8735 1.895751e-12
8736 1.895319e-12
8737 1.894888e-12
8738 1.894457e-12
8739 1.894026e-12
8740 1.893596e-12
8741 1.893165e-12
8742 1.892735e-12
8743 1.892304e-12
8744 1.891874e-12
8745 1.891444e-12
8746 1.891014e-12
8747 1.890585e-12
8748 1.890155e-12
8749 1.889726e-12
8750 1.889297e-12
8751 1.888867e-12
8752 1.888439e-12
8753 1.888010e-12
8754 1.887581e-12
8755 1.887153e-12
8756 1.886724e-12
8757 1.886296e-12
8758 1.885868e-12
8759 1.885440e-12
8760 1.885012e-12
8761 1.884585e-12
8762 1.884157e-12
8763 1.883730e-12
8764 1.883303e-12
8765 1.882876e-12
8766 1.882449e-12
8767 1.882022e-12
8768 1.881595e-12
8769 1.881169e-12
8770 1.880742e-12
8771 1.880316e-12
8772 1.879890e-12
8773 1.879464e-12
8774 1.879039e-12
8775 1.878613e-12
8776 1.878188e-12
8777 1.877762e-12
8778 1.877337e-12
8779 1.876912e-12
8780 1.876487e-12
8781 1.876063e-12
8782 1.875638e-12
8783 1.875214e-12
8784 1.874789e-12
8785 1.874365e-12
8786 1.873941e-12
8787 1.873516e-12
8788 1.873092e-12
8789 1.872667e-12
8790 1.872243e-12
8791 1.871819e-12
8792 1.871395e-12
8793 1.870972e-12
8794 1.870548e-12
8795 1.870125e-12
8796 1.869701e-12
8797 1.869278e-12
8798 1.868855e-12
8799 1.868432e-12
8800 1.868010e-12
8801 1.867587e-12
8802 1.867165e-12
8803 1.866742e-12
8804 1.866320e-12
8805 1.865898e-12
8806 1.865476e-12
8807 1.865055e-12
8808 1.864633e-12
8809 1.864212e-12
8810 1.863790e-12
8811 1.863369e-12
8812 1.862948e-12
8813 1.862527e-12
8814 1.862107e-12
8815 1.861686e-12
8816 1.861266e-12
8817 1.860845e-12
8818 1.860425e-12
8819 1.860005e-12
8820 1.859585e-12
8821 1.859166e-12
8822 1.858746e-12
8823 1.858327e-12
8824 1.857907e-12
8825 1.857488e-12
8826 1.857069e-12
8827 1.856650e-12
8828 1.856231e-12
8829 1.855813e-12
8830 1.855394e-12
8831 1.854976e-12
8832 1.854558e-12
8833 1.854140e-12
8834 1.853722e-12
8835 1.853304e-12
8836 1.852887e-12
8837 1.852469e-12
8838 1.852052e-12
8839 1.851635e-12
8840 1.851218e-12
8841 1.850801e-12
8842 1.850384e-12
8843 1.849968e-12
8844 1.849551e-12
8845 1.849135e-12
8846 1.848719e-12
8847 1.848303e-12
8848 1.847887e-12
8849 1.847471e-12
8850 1.847055e-12
8851 1.846640e-12
8852 1.846225e-12
8853 1.845809e-12
8854 1.845394e-12
8855 1.844979e-12
8856 1.844565e-12
8857 1.844150e-12
8858 1.843735e-12
8859 1.843321e-12
8860 1.842907e-12
8861 1.842493e-12
8862 1.842079e-12
8863 1.841665e-12
8864 1.841251e-12
8865 1.840837e-12
8866 1.840423e-12
8867 1.840009e-12
8868 1.839595e-12
8869 1.839181e-12
8870 1.838768e-12
8871 1.838355e-12
8872 1.837941e-12
8873 1.837528e-12
8874 1.837115e-12
8875 1.836702e-12
8876 1.836290e-12
8877 1.835877e-12
8878 1.835465e-12
8879 1.835052e-12
8880 1.834640e-12
8881 1.834228e-12
8882 1.833816e-12
8883 1.833405e-12
8884 1.832993e-12
8885 1.832582e-12
8886 1.832170e-12
8887 1.831759e-12
8888 1.831348e-12
8889 1.830937e-12
8890 1.830527e-12
8891 1.830116e-12
8892 1.829705e-12
8893 1.829295e-12
8894 1.828885e-12
8895 1.828475e-12
8896 1.828065e-12
8897 1.827655e-12
8898 1.827246e-12
8899 1.826836e-12
8900 1.826427e-12
8901 1.826017e-12
8902 1.825608e-12
8903 1.825199e-12
8904 1.824791e-12
8905 1.824382e-12
8906 1.823973e-12
8907 1.823565e-12
8908 1.823157e-12
8909 1.822748e-12
8910 1.822341e-12
8911 1.821933e-12
8912 1.821525e-12
8913 1.821117e-12
8914 1.820710e-12
8915 1.820303e-12
8916 1.819895e-12
8917 1.819488e-12
8918 1.819081e-12
8919 1.818675e-12
8920 1.818268e-12
8921 1.817862e-12
8922 1.817455e-12
8923 1.817049e-12
8924 1.816643e-12
8925 1.816237e-12
8926 1.815831e-12
8927 1.815426e-12
8928 1.815020e-12
8929 1.814615e-12
8930 1.814209e-12
8931 1.813804e-12
8932 1.813399e-12
8933 1.812994e-12
8934 1.812590e-12
8935 1.812185e-12
8936 1.811781e-12
8937 1.811376e-12
8938 1.810972e-12
8939 1.810568e-12
8940 1.810164e-12
8941 1.809760e-12
8942 1.809357e-12
8943 1.808953e-12
8944 1.808549e-12
8945 1.808145e-12
8946 1.807741e-12
8947 1.807337e-12
8948 1.806934e-12
8949 1.806531e-12
8950 1.806127e-12
8951 1.805724e-12
8952 1.805321e-12
8953 1.804918e-12
8954 1.804516e-12
8955 1.804113e-12
8956 1.803711e-12
8957 1.803308e-12
8958 1.802906e-12
8959 1.802504e-12
8960 1.802102e-12
8961 1.801701e-12
8962 1.801299e-12
8963 1.800897e-12
8964 1.800496e-12
8965 1.800095e-12
8966 1.799694e-12
8967 1.799293e-12
8968 1.798892e-12
8969 1.798491e-12
8970 1.798091e-12
8971 1.797690e-12
8972 1.797290e-12
8973 1.796890e-12
8974 1.796490e-12
8975 1.796090e-12
8976 1.795690e-12
8977 1.795291e-12
8978 1.794891e-12
8979 1.794492e-12
8980 1.794093e-12
8981 1.793693e-12
8982 1.793294e-12
8983 1.792896e-12
8984 1.792497e-12
8985 1.792098e-12
8986 1.791700e-12
8987 1.791302e-12
8988 1.790904e-12
8989 1.790506e-12
8990 1.790108e-12
8991 1.789710e-12
8992 1.789312e-12
8993 1.788915e-12
8994 1.788517e-12
8995 1.788120e-12
8996 1.787723e-12
8997 1.787326e-12
8998 1.786929e-12
8999 1.786533e-12
9000 1.786136e-12
9001 1.785740e-12
9002 1.785343e-12
9003 1.784947e-12
9004 1.784551e-12
9005 1.784155e-12
9006 1.783759e-12
9007 1.783364e-12
9008 1.782968e-12
9009 1.782573e-12
9010 1.782178e-12
9011 1.781783e-12
9012 1.781388e-12
9013 1.780993e-12
9014 1.780598e-12
9015 1.780203e-12
9016 1.779809e-12
9017 1.779415e-12
9018 1.779020e-12
9019 1.778626e-12
9020 1.778232e-12
9021 1.777839e-12
9022 1.777445e-12
9023 1.777051e-12
9024 1.776657e-12
9025 1.776263e-12
9026 1.775869e-12
9027 1.775475e-12
9028 1.775082e-12
9029 1.774688e-12
9030 1.774295e-12
9031 1.773902e-12
9032 1.773509e-12
9033 1.773116e-12
9034 1.772723e-12
9035 1.772330e-12
9036 1.771938e-12
9037 1.771546e-12
9038 1.771153e-12
9039 1.770761e-12
9040 1.770369e-12
9041 1.769977e-12
9042 1.769586e-12
9043 1.769194e-12
9044 1.768803e-12
9045 1.768411e-12
9046 1.768020e-12
9047 1.767629e-12
9048 1.767238e-12
9049 1.766847e-12
9050 1.766456e-12
9051 1.766066e-12
9052 1.765676e-12
9053 1.765285e-12
9054 1.764895e-12
9055 1.764505e-12
9056 1.764115e-12
9057 1.763725e-12
9058 1.763336e-12
9059 1.762946e-12
9060 1.762557e-12
9061 1.762167e-12
9062 1.761778e-12
9063 1.761389e-12
9064 1.761000e-12
9065 1.760612e-12
9066 1.760223e-12
9067 1.759835e-12
9068 1.759446e-12
9069 1.759058e-12
9070 1.758670e-12
9071 1.758282e-12
9072 1.757894e-12
9073 1.757506e-12
9074 1.757119e-12
9075 1.756731e-12
9076 1.756344e-12
9077 1.755957e-12
9078 1.755570e-12
9079 1.755183e-12
9080 1.754796e-12
9081 1.754409e-12
9082 1.754023e-12
9083 1.753636e-12
9084 1.753250e-12
9085 1.752864e-12
9086 1.752478e-12
9087 1.752092e-12
9088 1.751706e-12
9089 1.751320e-12
9090 1.750935e-12
9091 1.750549e-12
9092 1.750164e-12
9093 1.749779e-12
9094 1.749394e-12
9095 1.749009e-12
9096 1.748624e-12
9097 1.748239e-12
9098 1.747855e-12
9099 1.747470e-12
9100 1.747086e-12
9101 1.746702e-12
9102 1.746318e-12
9103 1.745933e-12
9104 1.745549e-12
9105 1.745165e-12
9106 1.744781e-12
9107 1.744397e-12
9108 1.744013e-12
9109 1.743629e-12
9110 1.743245e-12
9111 1.742862e-12
9112 1.742478e-12
9113 1.742095e-12
9114 1.741712e-12
9115 1.741329e-12
9116 1.740946e-12
9117 1.740563e-12
9118 1.740181e-12
9119 1.739798e-12
9120 1.739416e-12
9121 1.739033e-12
9122 1.738651e-12
9123 1.738269e-12
9124 1.737887e-12
9125 1.737506e-12
9126 1.737124e-12
9127 1.736742e-12
9128 1.736361e-12
9129 1.735980e-12
9130 1.735599e-12
9131 1.735218e-12
9132 1.734837e-12
9133 1.734456e-12
9134 1.734075e-12
9135 1.733695e-12
9136 1.733314e-12
9137 1.732934e-12
9138 1.732554e-12
9139 1.732174e-12
9140 1.731794e-12
9141 1.731414e-12
9142 1.731035e-12
9143 1.730655e-12
9144 1.730276e-12
9145 1.729897e-12
9146 1.729518e-12
9147 1.729139e-12
9148 1.728760e-12
9149 1.728381e-12
9150 1.728002e-12
9151 1.727624e-12
9152 1.727245e-12
9153 1.726867e-12
9154 1.726489e-12
9155 1.726111e-12
9156 1.725733e-12
9157 1.725355e-12
9158 1.724978e-12
9159 1.724600e-12
9160 1.724223e-12
9161 1.723845e-12
9162 1.723468e-12
9163 1.723091e-12
9164 1.722714e-12
9165 1.722338e-12
9166 1.721961e-12
9167 1.721584e-12
9168 1.721208e-12
9169 1.720832e-12
9170 1.720456e-12
9171 1.720079e-12
9172 1.719704e-12
9173 1.719328e-12
9174 1.718952e-12
9175 1.718577e-12
9176 1.718201e-12
9177 1.717826e-12
9178 1.717451e-12
9179 1.717076e-12
9180 1.716701e-12
9181 1.716326e-12
9182 1.715951e-12
9183 1.715577e-12
9184 1.715202e-12
9185 1.714827e-12
9186 1.714452e-12
9187 1.714077e-12
9188 1.713703e-12
9189 1.713328e-12
9190 1.712954e-12
9191 1.712580e-12
9192 1.712205e-12
9193 1.711832e-12
9194 1.711458e-12
9195 1.711084e-12
9196 1.710710e-12
9197 1.710337e-12
9198 1.709964e-12
9199 1.709590e-12
9200 1.709217e-12
9201 1.708844e-12
9202 1.708471e-12
9203 1.708099e-12
9204 1.707726e-12
9205 1.707354e-12
9206 1.706981e-12
9207 1.706609e-12
9208 1.706237e-12
9209 1.705865e-12
9210 1.705493e-12
9211 1.705121e-12
9212 1.704749e-12
9213 1.704378e-12
9214 1.704007e-12
9215 1.703635e-12
9216 1.703264e-12
9217 1.702893e-12
9218 1.702522e-12
9219 1.702151e-12
9220 1.701781e-12
9221 1.701410e-12
9222 1.701040e-12
9223 1.700669e-12
9224 1.700299e-12
9225 1.699929e-12
9226 1.699559e-12
9227 1.699189e-12
9228 1.698820e-12
9229 1.698450e-12
9230 1.698081e-12
9231 1.697711e-12
9232 1.697342e-12
9233 1.696973e-12
9234 1.696604e-12
9235 1.696235e-12
9236 1.695866e-12
9237 1.695498e-12
9238 1.695129e-12
9239 1.694761e-12
9240 1.694393e-12
9241 1.694024e-12
9242 1.693656e-12
9243 1.693288e-12
9244 1.692921e-12
9245 1.692553e-12
9246 1.692185e-12
9247 1.691818e-12
9248 1.691451e-12
9249 1.691084e-12
9250 1.690716e-12
9251 1.690350e-12
9252 1.689983e-12
9253 1.689616e-12
9254 1.689249e-12
9255 1.688883e-12
9256 1.688517e-12
9257 1.688150e-12
9258 1.687784e-12
9259 1.687418e-12
9260 1.687052e-12
9261 1.686687e-12
9262 1.686321e-12
9263 1.685955e-12
9264 1.685590e-12
9265 1.685224e-12
9266 1.684859e-12
9267 1.684493e-12
9268 1.684128e-12
9269 1.683762e-12
9270 1.683397e-12
9271 1.683032e-12
9272 1.682667e-12
9273 1.682302e-12
9274 1.681937e-12
9275 1.681572e-12
9276 1.681208e-12
9277 1.680843e-12
9278 1.680479e-12
9279 1.680115e-12
9280 1.679750e-12
9281 1.679386e-12
9282 1.679023e-12
9283 1.678659e-12
9284 1.678295e-12
9285 1.677932e-12
9286 1.677568e-12
9287 1.677205e-12
9288 1.676842e-12
9289 1.676479e-12
9290 1.676116e-12
9291 1.675753e-12
9292 1.675390e-12
9293 1.675028e-12
9294 1.674665e-12
9295 1.674303e-12
9296 1.673941e-12
9297 1.673579e-12
9298 1.673217e-12
9299 1.672855e-12
9300 1.672493e-12
9301 1.672131e-12
9302 1.671770e-12
9303 1.671408e-12
9304 1.671047e-12
9305 1.670686e-12
9306 1.670325e-12
9307 1.669964e-12
9308 1.669603e-12
9309 1.669243e-12
9310 1.668882e-12
9311 1.668521e-12
9312 1.668161e-12
9313 1.667801e-12
9314 1.667441e-12
9315 1.667081e-12
9316 1.666721e-12
9317 1.666361e-12
9318 1.666001e-12
9319 1.665642e-12
9320 1.665283e-12
9321 1.664923e-12
9322 1.664564e-12
9323 1.664205e-12
9324 1.663846e-12
9325 1.663487e-12
9326 1.663128e-12
9327 1.662770e-12
9328 1.662411e-12
9329 1.662053e-12
9330 1.661695e-12
9331 1.661337e-12
9332 1.660978e-12
9333 1.660621e-12
9334 1.660263e-12
9335 1.659905e-12
9336 1.659548e-12
9337 1.659190e-12
9338 1.658833e-12
9339 1.658476e-12
9340 1.658118e-12
9341 1.657761e-12
9342 1.657405e-12
9343 1.657048e-12
9344 1.656691e-12
9345 1.656335e-12
9346 1.655978e-12
9347 1.655622e-12
9348 1.655265e-12
9349 1.654908e-12
9350 1.654552e-12
9351 1.654195e-12
9352 1.653839e-12
9353 1.653483e-12
9354 1.653127e-12
9355 1.652771e-12
9356 1.652415e-12
9357 1.652059e-12
9358 1.651704e-12
9359 1.651348e-12
9360 1.650993e-12
9361 1.650637e-12
9362 1.650282e-12
9363 1.649927e-12
9364 1.649572e-12
9365 1.649217e-12
9366 1.648863e-12
9367 1.648508e-12
9368 1.648154e-12
9369 1.647799e-12
9370 1.647445e-12
9371 1.647091e-12
9372 1.646737e-12
9373 1.646383e-12
9374 1.646029e-12
9375 1.645676e-12
9376 1.645322e-12
9377 1.644969e-12
9378 1.644615e-12
9379 1.644262e-12
9380 1.643909e-12
9381 1.643556e-12
9382 1.643203e-12
9383 1.642850e-12
9384 1.642498e-12
9385 1.642145e-12
9386 1.641793e-12
9387 1.641440e-12
9388 1.641088e-12
9389 1.640736e-12
9390 1.640384e-12
9391 1.640032e-12
9392 1.639680e-12
9393 1.639329e-12
9394 1.638977e-12
9395 1.638626e-12
9396 1.638274e-12
9397 1.637923e-12
9398 1.637572e-12
9399 1.637221e-12
9400 1.636870e-12
9401 1.636520e-12
9402 1.636169e-12
9403 1.635819e-12
9404 1.635468e-12
9405 1.635118e-12
9406 1.634768e-12
9407 1.634418e-12
9408 1.634068e-12
9409 1.633718e-12
9410 1.633368e-12
9411 1.633018e-12
9412 1.632669e-12
9413 1.632320e-12
9414 1.631970e-12
9415 1.631621e-12
9416 1.631272e-12
9417 1.630923e-12
9418 1.630574e-12
9419 1.630226e-12
9420 1.629877e-12
9421 1.629528e-12
9422 1.629180e-12
9423 1.628832e-12
9424 1.628484e-12
9425 1.628136e-12
9426 1.627788e-12
9427 1.627440e-12
9428 1.627092e-12
9429 1.626744e-12
9430 1.626397e-12
9431 1.626049e-12
9432 1.625701e-12
9433 1.625353e-12
9434 1.625006e-12
9435 1.624658e-12
9436 1.624311e-12
9437 1.623964e-12
9438 1.623616e-12
9439 1.623269e-12
9440 1.622922e-12
9441 1.622576e-12
9442 1.622229e-12
9443 1.621882e-12
9444 1.621536e-12
9445 1.621189e-12
9446 1.620843e-12
9447 1.620497e-12
9448 1.620151e-12
9449 1.619805e-12
9450 1.619459e-12
9451 1.619113e-12
9452 1.618768e-12
9453 1.618422e-12
9454 1.618077e-12
9455 1.617731e-12
9456 1.617386e-12
9457 1.617041e-12
9458 1.616696e-12
9459 1.616351e-12
9460 1.616007e-12
9461 1.615662e-12
9462 1.615318e-12
9463 1.614973e-12
9464 1.614629e-12
9465 1.614285e-12
9466 1.613941e-12
9467 1.613597e-12
9468 1.613253e-12
9469 1.612909e-12
9470 1.612565e-12
9471 1.612222e-12
9472 1.611878e-12
9473 1.611535e-12
9474 1.611192e-12
9475 1.610849e-12
9476 1.610506e-12
9477 1.610163e-12
9478 1.609820e-12
9479 1.609477e-12
9480 1.609135e-12
9481 1.608792e-12
9482 1.608450e-12
9483 1.608108e-12
9484 1.607766e-12
9485 1.607424e-12
9486 1.607082e-12
9487 1.606740e-12
9488 1.606398e-12
9489 1.606057e-12
9490 1.605715e-12
9491 1.605374e-12
9492 1.605033e-12
9493 1.604692e-12
9494 1.604351e-12
9495 1.604010e-12
9496 1.603669e-12
9497 1.603328e-12
9498 1.602988e-12
9499 1.602647e-12
9500 1.602307e-12
9501 1.601967e-12
9502 1.601626e-12
9503 1.601286e-12
9504 1.600946e-12
9505 1.600607e-12
9506 1.600267e-12
9507 1.599927e-12
9508 1.599588e-12
9509 1.599248e-12
9510 1.598909e-12
9511 1.598570e-12
9512 1.598231e-12
9513 1.597892e-12
9514 1.597553e-12
9515 1.597213e-12
9516 1.596874e-12
9517 1.596535e-12
9518 1.596196e-12
9519 1.595857e-12
9520 1.595518e-12
9521 1.595180e-12
9522 1.594841e-12
9523 1.594503e-12
9524 1.594164e-12
9525 1.593826e-12
9526 1.593488e-12
9527 1.593150e-12
9528 1.592812e-12
9529 1.592474e-12
9530 1.592137e-12
9531 1.591799e-12
9532 1.591462e-12
9533 1.591124e-12
9534 1.590787e-12
9535 1.590450e-12
9536 1.590113e-12
9537 1.589776e-12
9538 1.589439e-12
9539 1.589102e-12
9540 1.588766e-12
9541 1.588429e-12
9542 1.588093e-12
9543 1.587756e-12
9544 1.587420e-12
9545 1.587084e-12
9546 1.586748e-12
9547 1.586412e-12
9548 1.586077e-12
9549 1.585741e-12
9550 1.585405e-12
9551 1.585070e-12
9552 1.584735e-12
9553 1.584399e-12
9554 1.584064e-12
9555 1.583729e-12
9556 1.583394e-12
9557 1.583059e-12
9558 1.582725e-12
9559 1.582390e-12
9560 1.582056e-12
9561 1.581721e-12
9562 1.581387e-12
9563 1.581053e-12
9564 1.580719e-12
9565 1.580385e-12
9566 1.580051e-12
9567 1.579717e-12
9568 1.579383e-12
9569 1.579050e-12
9570 1.578716e-12
9571 1.578383e-12
9572 1.578050e-12
9573 1.577717e-12
9574 1.577384e-12
9575 1.577051e-12
9576 1.576718e-12
9577 1.576385e-12
9578 1.576053e-12
9579 1.575720e-12
9580 1.575388e-12
9581 1.575055e-12
9582 1.574723e-12
9583 1.574391e-12
9584 1.574059e-12
9585 1.573727e-12
9586 1.573396e-12
9587 1.573064e-12
9588 1.572732e-12
9589 1.572401e-12
9590 1.572070e-12
9591 1.571738e-12
9592 1.571407e-12
9593 1.571076e-12
9594 1.570745e-12
9595 1.570414e-12
9596 1.570084e-12
9597 1.569753e-12
9598 1.569422e-12
9599 1.569092e-12
9600 1.568761e-12
9601 1.568430e-12
9602 1.568099e-12
9603 1.567769e-12
9604 1.567439e-12
9605 1.567108e-12
9606 1.566778e-12
9607 1.566448e-12
9608 1.566118e-12
9609 1.565788e-12
9610 1.565458e-12
9611 1.565129e-12
9612 1.564799e-12
9613 1.564470e-12
9614 1.564140e-12
9615 1.563811e-12
9616 1.563482e-12
9617 1.563153e-12
9618 1.562824e-12
9619 1.562495e-12
9620 1.562166e-12
9621 1.561837e-12
9622 1.561509e-12
9623 1.561180e-12
9624 1.560852e-12
9625 1.560524e-12
9626 1.560196e-12
9627 1.559868e-12
9628 1.559540e-12
9629 1.559212e-12
9630 1.558884e-12
9631 1.558557e-12
9632 1.558229e-12
9633 1.557902e-12
9634 1.557574e-12
9635 1.557247e-12
9636 1.556920e-12
9637 1.556593e-12
9638 1.556266e-12
9639 1.555939e-12
9640 1.555613e-12
9641 1.555286e-12
9642 1.554960e-12
9643 1.554633e-12
9644 1.554307e-12
9645 1.553981e-12
9646 1.553655e-12
9647 1.553329e-12
9648 1.553003e-12
9649 1.552677e-12
9650 1.552351e-12
9651 1.552026e-12
9652 1.551700e-12
9653 1.551375e-12
9654 1.551050e-12
9655 1.550724e-12
9656 1.550399e-12
9657 1.550074e-12
9658 1.549750e-12
9659 1.549425e-12
9660 1.549100e-12
9661 1.548776e-12
9662 1.548451e-12
9663 1.548127e-12
9664 1.547803e-12
9665 1.547478e-12
9666 1.547154e-12
9667 1.546830e-12
9668 1.546507e-12
9669 1.546183e-12
9670 1.545859e-12
9671 1.545536e-12
9672 1.545212e-12
9673 1.544889e-12
9674 1.544566e-12
9675 1.544243e-12
9676 1.543919e-12
9677 1.543597e-12
9678 1.543274e-12
9679 1.542951e-12
9680 1.542628e-12
9681 1.542306e-12
9682 1.541983e-12
9683 1.541661e-12
9684 1.541339e-12
9685 1.541016e-12
9686 1.540693e-12
9687 1.540371e-12
9688 1.540049e-12
9689 1.539726e-12
9690 1.539404e-12
9691 1.539082e-12
9692 1.538760e-12
9693 1.538439e-12
9694 1.538117e-12
9695 1.537795e-12
9696 1.537474e-12
9697 1.537152e-12
9698 1.536831e-12
9699 1.536510e-12
9700 1.536189e-12
9701 1.535867e-12
9702 1.535547e-12
9703 1.535226e-12
9704 1.534905e-12
9705 1.534584e-12
9706 1.534264e-12
9707 1.533943e-12
9708 1.533623e-12
9709 1.533303e-12
9710 1.532983e-12
9711 1.532663e-12
9712 1.532343e-12
9713 1.532023e-12
9714 1.531703e-12
9715 1.531384e-12
9716 1.531064e-12
9717 1.530745e-12
9718 1.530425e-12
9719 1.530106e-12
9720 1.529787e-12
9721 1.529468e-12
9722 1.529149e-12
9723 1.528830e-12
9724 1.528512e-12
9725 1.528193e-12
9726 1.527874e-12
9727 1.527556e-12
9728 1.527238e-12
9729 1.526919e-12
9730 1.526601e-12
9731 1.526283e-12
9732 1.525965e-12
9733 1.525647e-12
9734 1.525330e-12
9735 1.525012e-12
9736 1.524694e-12
9737 1.524377e-12
9738 1.524060e-12
9739 1.523742e-12
9740 1.523425e-12
9741 1.523108e-12
9742 1.522791e-12
9743 1.522474e-12
9744 1.522158e-12
9745 1.521841e-12
9746 1.521524e-12
9747 1.521208e-12
9748 1.520892e-12
9749 1.520575e-12
9750 1.520259e-12
9751 1.519943e-12
9752 1.519627e-12
9753 1.519311e-12
9754 1.518996e-12
9755 1.518680e-12
9756 1.518364e-12
9757 1.518049e-12
9758 1.517733e-12
9759 1.517418e-12
9760 1.517103e-12
9761 1.516788e-12
9762 1.516473e-12
9763 1.516158e-12
9764 1.515843e-12
9765 1.515528e-12
9766 1.515214e-12
9767 1.514899e-12
9768 1.514585e-12
9769 1.514271e-12
9770 1.513956e-12
9771 1.513642e-12
9772 1.513327e-12
9773 1.513013e-12
9774 1.512698e-12
9775 1.512384e-12
9776 1.512070e-12
9777 1.511756e-12
9778 1.511442e-12
9779 1.511128e-12
9780 1.510815e-12
9781 1.510501e-12
9782 1.510187e-12
9783 1.509874e-12
9784 1.509561e-12
9785 1.509247e-12
9786 1.508934e-12
9787 1.508621e-12
9788 1.508308e-12
9789 1.507995e-12
9790 1.507683e-12
9791 1.507370e-12
9792 1.507057e-12
9793 1.506745e-12
9794 1.506433e-12
9795 1.506120e-12
9796 1.505808e-12
9797 1.505496e-12
9798 1.505184e-12
9799 1.504872e-12
9800 1.504560e-12
9801 1.504249e-12
9802 1.503937e-12
9803 1.503626e-12
9804 1.503314e-12
9805 1.503003e-12
9806 1.502692e-12
9807 1.502381e-12
9808 1.502070e-12
9809 1.501759e-12
9810 1.501448e-12
9811 1.501137e-12
9812 1.500827e-12
9813 1.500516e-12
9814 1.500206e-12
9815 1.499895e-12
9816 1.499585e-12
9817 1.499275e-12
9818 1.498965e-12
9819 1.498655e-12
9820 1.498345e-12
9821 1.498035e-12
9822 1.497725e-12
9823 1.497416e-12
9824 1.497106e-12
9825 1.496797e-12
9826 1.496488e-12
9827 1.496179e-12
9828 1.495869e-12
9829 1.495560e-12
9830 1.495251e-12
9831 1.494943e-12
9832 1.494634e-12
9833 1.494325e-12
9834 1.494017e-12
9835 1.493708e-12
9836 1.493400e-12
9837 1.493092e-12
9838 1.492784e-12
9839 1.492476e-12
9840 1.492168e-12
9841 1.491860e-12
9842 1.491552e-12
9843 1.491244e-12
9844 1.490937e-12
9845 1.490629e-12
9846 1.490322e-12
9847 1.490014e-12
9848 1.489707e-12
9849 1.489400e-12
9850 1.489093e-12
9851 1.488786e-12
9852 1.488479e-12
9853 1.488173e-12
9854 1.487866e-12
9855 1.487560e-12
9856 1.487253e-12
9857 1.486946e-12
9858 1.486640e-12
9859 1.486333e-12
9860 1.486026e-12
9861 1.485720e-12
9862 1.485414e-12
9863 1.485107e-12
9864 1.484801e-12
9865 1.484495e-12
9866 1.484189e-12
9867 1.483883e-12
9868 1.483577e-12
9869 1.483272e-12
9870 1.482966e-12
9871 1.482661e-12
9872 1.482355e-12
9873 1.482050e-12
9874 1.481745e-12
9875 1.481440e-12
9876 1.481135e-12
9877 1.480830e-12
9878 1.480525e-12
9879 1.480220e-12
9880 1.479915e-12
9881 1.479611e-12
9882 1.479306e-12
9883 1.479002e-12
9884 1.478698e-12
9885 1.478393e-12
9886 1.478089e-12
9887 1.477785e-12
9888 1.477481e-12
9889 1.477178e-12
9890 1.476874e-12
9891 1.476570e-12
9892 1.476267e-12
9893 1.475963e-12
9894 1.475660e-12
9895 1.475357e-12
9896 1.475053e-12
9897 1.474750e-12
9898 1.474447e-12
9899 1.474144e-12
9900 1.473842e-12
9901 1.473539e-12
9902 1.473236e-12
9903 1.472934e-12
9904 1.472631e-12
9905 1.472329e-12
9906 1.472027e-12
9907 1.471725e-12
9908 1.471422e-12
9909 1.471121e-12
9910 1.470819e-12
9911 1.470517e-12
9912 1.470215e-12
9913 1.469914e-12
9914 1.469612e-12
9915 1.469311e-12
9916 1.469009e-12
9917 1.468708e-12
9918 1.468407e-12
9919 1.468106e-12
9920 1.467805e-12
9921 1.467504e-12
9922 1.467203e-12
9923 1.466903e-12
9924 1.466602e-12
9925 1.466302e-12
9926 1.466001e-12
9927 1.465701e-12
9928 1.465401e-12
9929 1.465100e-12
9930 1.464800e-12
9931 1.464500e-12
9932 1.464201e-12
9933 1.463901e-12
9934 1.463601e-12
9935 1.463302e-12
9936 1.463002e-12
9937 1.462703e-12
9938 1.462403e-12
9939 1.462104e-12
9940 1.461805e-12
9941 1.461506e-12
9942 1.461207e-12
9943 1.460908e-12
9944 1.460609e-12
9945 1.460310e-12
9946 1.460011e-12
9947 1.459712e-12
9948 1.459414e-12
9949 1.459115e-12
9950 1.458816e-12
9951 1.458518e-12
9952 1.458219e-12
9953 1.457921e-12
9954 1.457622e-12
9955 1.457324e-12
9956 1.457026e-12
9957 1.456728e-12
9958 1.456430e-12
9959 1.456132e-12
9960 1.455834e-12
9961 1.455537e-12
9962 1.455239e-12
9963 1.454942e-12
9964 1.454644e-12
9965 1.454347e-12
9966 1.454050e-12
9967 1.453753e-12
9968 1.453456e-12
9969 1.453159e-12
9970 1.452862e-12
9971 1.452565e-12
9972 1.452268e-12
9973 1.451972e-12
9974 1.451675e-12
9975 1.451379e-12
9976 1.451083e-12
9977 1.450786e-12
9978 1.450490e-12
9979 1.450194e-12
9980 1.449898e-12
9981 1.449603e-12
9982 1.449307e-12
9983 1.449011e-12
9984 1.448715e-12
9985 1.448420e-12
9986 1.448125e-12
9987 1.447829e-12
9988 1.447534e-12
9989 1.447239e-12
9990 1.446944e-12
9991 1.446649e-12
9992 1.446354e-12
9993 1.446059e-12
9994 1.445765e-12
9995 1.445470e-12
9996 1.445175e-12
9997 1.444881e-12
9998 1.444587e-12
9999 1.444292e-12
10000 1.443998e-12
10001 1.443704e-12
10002 1.443410e-12
10003 1.443116e-12
10004 1.442823e-12
10005 1.442529e-12
10006 1.442235e-12
10007 1.441942e-12
10008 1.441648e-12
10009 1.441355e-12
10010 1.441062e-12
10011 1.440768e-12
10012 1.440475e-12
10013 1.440182e-12
10014 1.439889e-12
10015 1.439597e-12
10016 1.439304e-12
10017 1.439011e-12
10018 1.438719e-12
10019 1.438426e-12
10020 1.438134e-12
10021 1.437842e-12
10022 1.437549e-12
10023 1.437257e-12
10024 1.436965e-12
10025 1.436673e-12
10026 1.436382e-12
10027 1.436090e-12
10028 1.435798e-12
10029 1.435507e-12
10030 1.435215e-12
10031 1.434924e-12
10032 1.434632e-12
10033 1.434341e-12
10034 1.434049e-12
10035 1.433758e-12
10036 1.433466e-12
10037 1.433175e-12
10038 1.432884e-12
10039 1.432593e-12
10040 1.432302e-12
10041 1.432011e-12
10042 1.431720e-12
10043 1.431429e-12
10044 1.431138e-12
10045 1.430848e-12
10046 1.430557e-12
10047 1.430267e-12
10048 1.429976e-12
10049 1.429686e-12
10050 1.429396e-12
10051 1.429106e-12
10052 1.428816e-12
10053 1.428526e-12
10054 1.428236e-12
10055 1.427946e-12
10056 1.427657e-12
10057 1.427367e-12
10058 1.427078e-12
10059 1.426788e-12
10060 1.426499e-12
10061 1.426210e-12
10062 1.425921e-12
10063 1.425632e-12
10064 1.425343e-12
10065 1.425054e-12
10066 1.424765e-12
10067 1.424476e-12
10068 1.424188e-12
10069 1.423899e-12
10070 1.423611e-12
10071 1.423323e-12
10072 1.423034e-12
10073 1.422746e-12
10074 1.422458e-12
10075 1.422170e-12
10076 1.421882e-12
10077 1.421594e-12
10078 1.421307e-12
10079 1.421019e-12
10080 1.420731e-12
10081 1.420444e-12
10082 1.420157e-12
10083 1.419869e-12
10084 1.419582e-12
10085 1.419295e-12
10086 1.419008e-12
10087 1.418721e-12
10088 1.418434e-12
10089 1.418147e-12
10090 1.417861e-12
10091 1.417574e-12
10092 1.417288e-12
10093 1.417001e-12
10094 1.416715e-12
10095 1.416429e-12
10096 1.416142e-12
10097 1.415856e-12
10098 1.415570e-12
10099 1.415284e-12
10100 1.414999e-12
10101 1.414713e-12
10102 1.414427e-12
10103 1.414142e-12
10104 1.413856e-12
10105 1.413571e-12
10106 1.413285e-12
10107 1.413000e-12
10108 1.412715e-12
10109 1.412430e-12
10110 1.412145e-12
10111 1.411860e-12
10112 1.411575e-12
10113 1.411291e-12
10114 1.411006e-12
10115 1.410722e-12
10116 1.410437e-12
10117 1.410153e-12
10118 1.409868e-12
10119 1.409584e-12
10120 1.409300e-12
10121 1.409016e-12
10122 1.408732e-12
10123 1.408448e-12
10124 1.408163e-12
10125 1.407879e-12
10126 1.407595e-12
10127 1.407311e-12
10128 1.407028e-12
10129 1.406744e-12
10130 1.406460e-12
10131 1.406176e-12
10132 1.405893e-12
10133 1.405610e-12
10134 1.405326e-12
10135 1.405043e-12
10136 1.404760e-12
10137 1.404477e-12
10138 1.404194e-12
10139 1.403911e-12
10140 1.403628e-12
10141 1.403345e-12
10142 1.403063e-12
10143 1.402780e-12
10144 1.402497e-12
10145 1.402215e-12
10146 1.401933e-12
10147 1.401650e-12
10148 1.401368e-12
10149 1.401086e-12
10150 1.400804e-12
10151 1.400522e-12
10152 1.400241e-12
10153 1.399959e-12
10154 1.399677e-12
10155 1.399396e-12
10156 1.399114e-12
10157 1.398833e-12
10158 1.398551e-12
10159 1.398270e-12
10160 1.397989e-12
10161 1.397708e-12
10162 1.397427e-12
10163 1.397146e-12
10164 1.396865e-12
10165 1.396585e-12
10166 1.396304e-12
10167 1.396023e-12
10168 1.395743e-12
10169 1.395463e-12
10170 1.395182e-12
10171 1.394902e-12
10172 1.394622e-12
10173 1.394342e-12
10174 1.394062e-12
10175 1.393782e-12
10176 1.393502e-12
10177 1.393222e-12
10178 1.392943e-12
10179 1.392663e-12
10180 1.392384e-12
10181 1.392104e-12
10182 1.391825e-12
10183 1.391546e-12
10184 1.391267e-12
10185 1.390988e-12
10186 1.390709e-12
10187 1.390430e-12
10188 1.390151e-12
10189 1.389872e-12
10190 1.389594e-12
10191 1.389315e-12
10192 1.389037e-12
10193 1.388758e-12
10194 1.388480e-12
10195 1.388202e-12
10196 1.387924e-12
10197 1.387646e-12
10198 1.387368e-12
10199 1.387090e-12
10200 1.386812e-12
10201 1.386534e-12
10202 1.386257e-12
10203 1.385979e-12
10204 1.385702e-12
10205 1.385424e-12
10206 1.385147e-12
10207 1.384870e-12
10208 1.384593e-12
10209 1.384316e-12
10210 1.384039e-12
10211 1.383762e-12
10212 1.383485e-12
10213 1.383207e-12
10214 1.382930e-12
10215 1.382653e-12
10216 1.382377e-12
10217 1.382100e-12
10218 1.381823e-12
10219 1.381546e-12
10220 1.381270e-12
10221 1.380993e-12
10222 1.380717e-12
10223 1.380441e-12
10224 1.380164e-12
10225 1.379888e-12
10226 1.379612e-12
10227 1.379336e-12
10228 1.379060e-12
10229 1.378784e-12
10230 1.378509e-12
10231 1.378233e-12
10232 1.377958e-12
10233 1.377682e-12
10234 1.377407e-12
10235 1.377131e-12
10236 1.376856e-12
10237 1.376581e-12
10238 1.376306e-12
10239 1.376031e-12
10240 1.375756e-12
10241 1.375481e-12
10242 1.375206e-12
10243 1.374932e-12
10244 1.374657e-12
10245 1.374383e-12
10246 1.374108e-12
10247 1.373834e-12
10248 1.373560e-12
10249 1.373285e-12
10250 1.373011e-12
10251 1.372737e-12
10252 1.372463e-12
10253 1.372189e-12
10254 1.371916e-12
10255 1.371642e-12
10256 1.371368e-12
10257 1.371095e-12
10258 1.370821e-12
10259 1.370548e-12
10260 1.370275e-12
10261 1.370001e-12
10262 1.369728e-12
10263 1.369455e-12
10264 1.369182e-12
10265 1.368909e-12
10266 1.368637e-12
10267 1.368364e-12
10268 1.368091e-12
10269 1.367819e-12
10270 1.367546e-12
10271 1.367274e-12
10272 1.367002e-12
10273 1.366729e-12
10274 1.366457e-12
10275 1.366185e-12
10276 1.365913e-12
10277 1.365641e-12
10278 1.365369e-12
10279 1.365098e-12
10280 1.364826e-12
10281 1.364554e-12
10282 1.364283e-12
10283 1.364011e-12
10284 1.363740e-12
10285 1.363469e-12
10286 1.363198e-12
10287 1.362926e-12
10288 1.362655e-12
10289 1.362385e-12
10290 1.362114e-12
10291 1.361843e-12
10292 1.361572e-12
10293 1.361302e-12
10294 1.361031e-12
10295 1.360761e-12
10296 1.360490e-12
10297 1.360220e-12
10298 1.359950e-12
10299 1.359679e-12
10300 1.359409e-12
10301 1.359139e-12
10302 1.358869e-12
10303 1.358599e-12
10304 1.358329e-12
10305 1.358059e-12
10306 1.357789e-12
10307 1.357519e-12
10308 1.357249e-12
10309 1.356980e-12
10310 1.356710e-12
10311 1.356440e-12
10312 1.356171e-12
10313 1.355901e-12
10314 1.355632e-12
10315 1.355363e-12
10316 1.355094e-12
10317 1.354824e-12
10318 1.354555e-12
10319 1.354286e-12
10320 1.354018e-12
10321 1.353749e-12
10322 1.353480e-12
10323 1.353211e-12
10324 1.352943e-12
10325 1.352674e-12
10326 1.352406e-12
10327 1.352138e-12
10328 1.351870e-12
10329 1.351601e-12
10330 1.351333e-12
10331 1.351065e-12
10332 1.350797e-12
10333 1.350530e-12
10334 1.350262e-12
10335 1.349994e-12
10336 1.349726e-12
10337 1.349459e-12
10338 1.349191e-12
10339 1.348924e-12
10340 1.348657e-12
10341 1.348390e-12
10342 1.348122e-12
10343 1.347855e-12
10344 1.347588e-12
10345 1.347322e-12
10346 1.347055e-12
10347 1.346788e-12
10348 1.346521e-12
10349 1.346255e-12
10350 1.345988e-12
10351 1.345722e-12
10352 1.345456e-12
10353 1.345189e-12
10354 1.344923e-12
10355 1.344657e-12
10356 1.344391e-12
10357 1.344125e-12
10358 1.343859e-12
10359 1.343593e-12
10360 1.343328e-12
10361 1.343062e-12
10362 1.342796e-12
10363 1.342531e-12
10364 1.342265e-12
10365 1.342000e-12
10366 1.341735e-12
10367 1.341470e-12
10368 1.341205e-12
10369 1.340940e-12
10370 1.340675e-12
10371 1.340410e-12
10372 1.340145e-12
10373 1.339880e-12
10374 1.339616e-12
10375 1.339351e-12
10376 1.339087e-12
10377 1.338822e-12
10378 1.338558e-12
10379 1.338294e-12
10380 1.338030e-12
10381 1.337766e-12
10382 1.337502e-12
10383 1.337238e-12
10384 1.336974e-12
10385 1.336710e-12
10386 1.336446e-12
10387 1.336183e-12
10388 1.335919e-12
10389 1.335656e-12
10390 1.335392e-12
10391 1.335129e-12
10392 1.334866e-12
10393 1.334603e-12
10394 1.334339e-12
10395 1.334076e-12
10396 1.333813e-12
10397 1.333549e-12
10398 1.333286e-12
10399 1.333023e-12
10400 1.332760e-12
10401 1.332497e-12
10402 1.332234e-12
10403 1.331972e-12
10404 1.331709e-12
10405 1.331446e-12
10406 1.331184e-12
10407 1.330921e-12
10408 1.330659e-12
10409 1.330397e-12
10410 1.330134e-12
10411 1.329872e-12
10412 1.329610e-12
10413 1.329348e-12
10414 1.329086e-12
10415 1.328824e-12
10416 1.328563e-12
10417 1.328301e-12
10418 1.328039e-12
10419 1.327778e-12
10420 1.327516e-12
10421 1.327255e-12
10422 1.326994e-12
10423 1.326732e-12
10424 1.326471e-12
10425 1.326210e-12
10426 1.325949e-12
10427 1.325688e-12
10428 1.325427e-12
10429 1.325167e-12
10430 1.324906e-12
10431 1.324645e-12
10432 1.324385e-12
10433 1.324124e-12
10434 1.323864e-12
10435 1.323604e-12
10436 1.323343e-12
10437 1.323083e-12
10438 1.322823e-12
10439 1.322563e-12
10440 1.322303e-12
10441 1.322043e-12
10442 1.321784e-12
10443 1.321524e-12
10444 1.321264e-12
10445 1.321005e-12
10446 1.320745e-12
10447 1.320486e-12
10448 1.320227e-12
10449 1.319967e-12
10450 1.319708e-12
10451 1.319449e-12
10452 1.319190e-12
10453 1.318931e-12
10454 1.318672e-12
10455 1.318413e-12
10456 1.318155e-12
10457 1.317896e-12
10458 1.317637e-12
10459 1.317379e-12
10460 1.317121e-12
10461 1.316862e-12
10462 1.316604e-12
10463 1.316346e-12
10464 1.316088e-12
10465 1.315830e-12
10466 1.315572e-12
10467 1.315314e-12
10468 1.315056e-12
10469 1.314798e-12
10470 1.314540e-12
10471 1.314283e-12
10472 1.314025e-12
10473 1.313768e-12
10474 1.313511e-12
10475 1.313253e-12
10476 1.312996e-12
10477 1.312739e-12
10478 1.312482e-12
10479 1.312225e-12
10480 1.311968e-12
10481 1.311711e-12
10482 1.311454e-12
10483 1.311198e-12
10484 1.310941e-12
10485 1.310684e-12
10486 1.310428e-12
10487 1.310171e-12
10488 1.309914e-12
10489 1.309658e-12
10490 1.309401e-12
10491 1.309145e-12
10492 1.308888e-12
10493 1.308632e-12
10494 1.308376e-12
10495 1.308120e-12
10496 1.307864e-12
10497 1.307608e-12
10498 1.307352e-12
10499 1.307096e-12
10500 1.306840e-12
10501 1.306584e-12
10502 1.306329e-12
10503 1.306073e-12
10504 1.305818e-12
10505 1.305562e-12
10506 1.305307e-12
10507 1.305052e-12
10508 1.304796e-12
10509 1.304541e-12
10510 1.304286e-12
10511 1.304031e-12
10512 1.303776e-12
10513 1.303521e-12
10514 1.303267e-12
10515 1.303012e-12
10516 1.302757e-12
10517 1.302503e-12
10518 1.302248e-12
10519 1.301994e-12
10520 1.301740e-12
10521 1.301485e-12
10522 1.301231e-12
10523 1.300977e-12
10524 1.300723e-12
10525 1.300469e-12
10526 1.300215e-12
10527 1.299962e-12
10528 1.299708e-12
10529 1.299454e-12
10530 1.299201e-12
10531 1.298947e-12
10532 1.298694e-12
10533 1.298440e-12
10534 1.298187e-12
10535 1.297934e-12
10536 1.297681e-12
10537 1.297428e-12
10538 1.297175e-12
10539 1.296922e-12
10540 1.296669e-12
10541 1.296416e-12
10542 1.296163e-12
10543 1.295911e-12
10544 1.295658e-12
10545 1.295406e-12
10546 1.295153e-12
10547 1.294901e-12
10548 1.294649e-12
10549 1.294397e-12
10550 1.294145e-12
10551 1.293892e-12
10552 1.293641e-12
10553 1.293389e-12
10554 1.293137e-12
10555 1.292885e-12
10556 1.292633e-12
10557 1.292382e-12
10558 1.292130e-12
10559 1.291879e-12
10560 1.291627e-12
10561 1.291376e-12
10562 1.291125e-12
10563 1.290874e-12
10564 1.290623e-12
10565 1.290372e-12
10566 1.290121e-12
10567 1.289870e-12
10568 1.289619e-12
10569 1.289368e-12
10570 1.289118e-12
10571 1.288867e-12
10572 1.288617e-12
10573 1.288366e-12
10574 1.288116e-12
10575 1.287865e-12
10576 1.287615e-12
10577 1.287365e-12
10578 1.287115e-12
10579 1.286865e-12
10580 1.286615e-12
10581 1.286364e-12
10582 1.286114e-12
10583 1.285864e-12
10584 1.285614e-12
10585 1.285364e-12
10586 1.285114e-12
10587 1.284865e-12
10588 1.284615e-12
10589 1.284365e-12
10590 1.284116e-12
10591 1.283866e-12
10592 1.283617e-12
10593 1.283368e-12
10594 1.283118e-12
10595 1.282869e-12
10596 1.282620e-12
10597 1.282371e-12
10598 1.282122e-12
10599 1.281873e-12
10600 1.281624e-12
10601 1.281375e-12
10602 1.281127e-12
10603 1.280878e-12
10604 1.280629e-12
10605 1.280381e-12
10606 1.280132e-12
10607 1.279884e-12
10608 1.279636e-12
10609 1.279388e-12
10610 1.279140e-12
10611 1.278891e-12
10612 1.278643e-12
10613 1.278396e-12
10614 1.278148e-12
10615 1.277900e-12
10616 1.277652e-12
10617 1.277405e-12
10618 1.277157e-12
10619 1.276910e-12
10620 1.276662e-12
10621 1.276415e-12
10622 1.276168e-12
10623 1.275920e-12
10624 1.275673e-12
10625 1.275426e-12
10626 1.275179e-12
10627 1.274932e-12
10628 1.274685e-12
10629 1.274439e-12
10630 1.274192e-12
10631 1.273945e-12
10632 1.273699e-12
10633 1.273452e-12
10634 1.273206e-12
10635 1.272959e-12
10636 1.272713e-12
10637 1.272467e-12
10638 1.272221e-12
10639 1.271975e-12
10640 1.271729e-12
10641 1.271483e-12
10642 1.271237e-12
10643 1.270991e-12
10644 1.270745e-12
10645 1.270500e-12
10646 1.270254e-12
10647 1.270009e-12
10648 1.269763e-12
10649 1.269518e-12
10650 1.269273e-12
10651 1.269027e-12
10652 1.268782e-12
10653 1.268537e-12
10654 1.268292e-12
10655 1.268047e-12
10656 1.267802e-12
10657 1.267558e-12
10658 1.267313e-12
10659 1.267068e-12
10660 1.266824e-12
10661 1.266579e-12
10662 1.266335e-12
10663 1.266090e-12
10664 1.265846e-12
10665 1.265602e-12
10666 1.265357e-12
10667 1.265113e-12
10668 1.264869e-12
10669 1.264625e-12
10670 1.264381e-12
10671 1.264138e-12
10672 1.263894e-12
10673 1.263650e-12
10674 1.263406e-12
10675 1.263162e-12
10676 1.262919e-12
10677 1.262675e-12
10678 1.262431e-12
10679 1.262188e-12
10680 1.261944e-12
10681 1.261701e-12
10682 1.261457e-12
10683 1.261214e-12
10684 1.260971e-12
10685 1.260727e-12
10686 1.260484e-12
10687 1.260241e-12
10688 1.259998e-12
10689 1.259755e-12
10690 1.259512e-12
10691 1.259270e-12
10692 1.259027e-12
10693 1.258784e-12
10694 1.258542e-12
10695 1.258299e-12
10696 1.258057e-12
10697 1.257815e-12
10698 1.257572e-12
10699 1.257330e-12
10700 1.257088e-12
10701 1.256846e-12
10702 1.256604e-12
10703 1.256362e-12
10704 1.256120e-12
10705 1.255878e-12
10706 1.255636e-12
10707 1.255395e-12
10708 1.255153e-12
10709 1.254912e-12
10710 1.254670e-12
10711 1.254429e-12
10712 1.254188e-12
10713 1.253946e-12
10714 1.253705e-12
10715 1.253464e-12
10716 1.253223e-12
10717 1.252982e-12
10718 1.252741e-12
10719 1.252500e-12
10720 1.252259e-12
10721 1.252019e-12
10722 1.251778e-12
10723 1.251538e-12
10724 1.251297e-12
10725 1.251057e-12
10726 1.250816e-12
10727 1.250576e-12
10728 1.250336e-12
10729 1.250096e-12
10730 1.249856e-12
10731 1.249616e-12
10732 1.249376e-12
10733 1.249136e-12
10734 1.248896e-12
10735 1.248656e-12
10736 1.248417e-12
10737 1.248177e-12
10738 1.247937e-12
10739 1.247698e-12
10740 1.247459e-12
10741 1.247219e-12
10742 1.246980e-12
10743 1.246741e-12
10744 1.246502e-12
10745 1.246263e-12
10746 1.246024e-12
10747 1.245785e-12
10748 1.245546e-12
10749 1.245307e-12
10750 1.245068e-12
10751 1.244830e-12
10752 1.244591e-12
10753 1.244353e-12
10754 1.244114e-12
10755 1.243876e-12
10756 1.243637e-12
10757 1.243399e-12
10758 1.243161e-12
10759 1.242923e-12
10760 1.242685e-12
10761 1.242447e-12
10762 1.242209e-12
10763 1.241971e-12
10764 1.241733e-12
10765 1.241496e-12
10766 1.241258e-12
10767 1.241021e-12
10768 1.240783e-12
10769 1.240545e-12
10770 1.240308e-12
10771 1.240070e-12
10772 1.239832e-12
10773 1.239595e-12
10774 1.239357e-12
10775 1.239120e-12
10776 1.238883e-12
10777 1.238646e-12
10778 1.238408e-12
10779 1.238171e-12
10780 1.237934e-12
10781 1.237697e-12
10782 1.237461e-12
10783 1.237224e-12
10784 1.236987e-12
10785 1.236750e-12
10786 1.236514e-12
10787 1.236277e-12
10788 1.236041e-12
10789 1.235804e-12
10790 1.235568e-12
10791 1.235332e-12
10792 1.235095e-12
10793 1.234859e-12
10794 1.234623e-12
10795 1.234387e-12
10796 1.234151e-12
10797 1.233915e-12
10798 1.233679e-12
10799 1.233444e-12
10800 1.233208e-12
10801 1.232972e-12
10802 1.232737e-12
10803 1.232501e-12
10804 1.232266e-12
10805 1.232031e-12
10806 1.231795e-12
10807 1.231560e-12
10808 1.231325e-12
10809 1.231090e-12
10810 1.230855e-12
10811 1.230620e-12
10812 1.230385e-12
10813 1.230150e-12
10814 1.229916e-12
10815 1.229681e-12
10816 1.229446e-12
10817 1.229212e-12
10818 1.228977e-12
10819 1.228743e-12
10820 1.228509e-12
10821 1.228274e-12
10822 1.228040e-12
10823 1.227806e-12
10824 1.227572e-12
10825 1.227338e-12
10826 1.227104e-12
10827 1.226870e-12
10828 1.226636e-12
10829 1.226402e-12
10830 1.226169e-12
10831 1.225935e-12
10832 1.225702e-12
10833 1.225468e-12
10834 1.225235e-12
10835 1.225001e-12
10836 1.224768e-12
10837 1.224535e-12
10838 1.224302e-12
10839 1.224069e-12
10840 1.223836e-12
10841 1.223603e-12
10842 1.223370e-12
10843 1.223137e-12
10844 1.222904e-12
10845 1.222671e-12
10846 1.222439e-12
10847 1.222206e-12
10848 1.221974e-12
10849 1.221741e-12
10850 1.221509e-12
10851 1.221277e-12
10852 1.221044e-12
10853 1.220812e-12
10854 1.220580e-12
10855 1.220348e-12
10856 1.220116e-12
10857 1.219884e-12
10858 1.219652e-12
10859 1.219421e-12
10860 1.219189e-12
10861 1.218957e-12
10862 1.218726e-12
10863 1.218494e-12
10864 1.218263e-12
10865 1.218031e-12
10866 1.217799e-12
10867 1.217568e-12
10868 1.217336e-12
10869 1.217105e-12
10870 1.216873e-12
10871 1.216642e-12
10872 1.216411e-12
10873 1.216179e-12
10874 1.215948e-12
10875 1.215717e-12
10876 1.215486e-12
10877 1.215255e-12
10878 1.215025e-12
10879 1.214794e-12
10880 1.214563e-12
10881 1.214332e-12
10882 1.214102e-12
10883 1.213871e-12
10884 1.213641e-12
10885 1.213410e-12
10886 1.213180e-12
10887 1.212950e-12
10888 1.212720e-12
10889 1.212489e-12
10890 1.212259e-12
10891 1.212029e-12
10892 1.211799e-12
10893 1.211569e-12
10894 1.211340e-12
10895 1.211110e-12
10896 1.210880e-12
10897 1.210651e-12
10898 1.210421e-12
10899 1.210192e-12
10900 1.209962e-12
10901 1.209733e-12
10902 1.209503e-12
10903 1.209274e-12
10904 1.209045e-12
10905 1.208816e-12
10906 1.208587e-12
10907 1.208358e-12
10908 1.208129e-12
10909 1.207900e-12
10910 1.207671e-12
10911 1.207443e-12
10912 1.207214e-12
10913 1.206985e-12
10914 1.206757e-12
10915 1.206528e-12
10916 1.206300e-12
10917 1.206072e-12
10918 1.205843e-12
10919 1.205615e-12
10920 1.205387e-12
10921 1.205159e-12
10922 1.204931e-12
10923 1.204703e-12
10924 1.204475e-12
10925 1.204247e-12
10926 1.204019e-12
10927 1.203792e-12
10928 1.203564e-12
10929 1.203337e-12
10930 1.203109e-12
10931 1.202882e-12
10932 1.202654e-12
10933 1.202427e-12
10934 1.202200e-12
10935 1.201972e-12
10936 1.201745e-12
10937 1.201518e-12
10938 1.201291e-12
10939 1.201064e-12
10940 1.200837e-12
10941 1.200611e-12
10942 1.200384e-12
10943 1.200157e-12
10944 1.199931e-12
10945 1.199704e-12
10946 1.199478e-12
10947 1.199251e-12
10948 1.199025e-12
10949 1.198799e-12
10950 1.198572e-12
10951 1.198346e-12
10952 1.198120e-12
10953 1.197894e-12
10954 1.197668e-12
10955 1.197442e-12
10956 1.197216e-12
10957 1.196990e-12
10958 1.196765e-12
10959 1.196539e-12
10960 1.196313e-12
10961 1.196088e-12
10962 1.195862e-12
10963 1.195636e-12
10964 1.195410e-12
10965 1.195185e-12
10966 1.194959e-12
10967 1.194734e-12
10968 1.194508e-12
10969 1.194283e-12
10970 1.194058e-12
10971 1.193833e-12
10972 1.193607e-12
10973 1.193382e-12
10974 1.193157e-12
10975 1.192932e-12
10976 1.192707e-12
10977 1.192483e-12
10978 1.192258e-12
10979 1.192033e-12
10980 1.191808e-12
10981 1.191584e-12
10982 1.191359e-12
10983 1.191135e-12
10984 1.190910e-12
10985 1.190686e-12
10986 1.190462e-12
10987 1.190238e-12
10988 1.190013e-12
10989 1.189789e-12
10990 1.189565e-12
10991 1.189341e-12
10992 1.189117e-12
10993 1.188894e-12
10994 1.188670e-12
10995 1.188446e-12
10996 1.188222e-12
10997 1.187999e-12
10998 1.187775e-12
10999 1.187552e-12
11000 1.187329e-12
11001 1.187105e-12
11002 1.186882e-12
11003 1.186659e-12
11004 1.186436e-12
11005 1.186212e-12
11006 1.185989e-12
11007 1.185766e-12
11008 1.185544e-12
11009 1.185321e-12
11010 1.185098e-12
11011 1.184875e-12
11012 1.184653e-12
11013 1.184430e-12
11014 1.184207e-12
11015 1.183985e-12
11016 1.183763e-12
11017 1.183540e-12
11018 1.183318e-12
11019 1.183096e-12
11020 1.182874e-12
11021 1.182651e-12
11022 1.182429e-12
11023 1.182207e-12
11024 1.181986e-12
11025 1.181764e-12
11026 1.181542e-12
11027 1.181320e-12
11028 1.181098e-12
11029 1.180877e-12
11030 1.180655e-12
11031 1.180434e-12
11032 1.180212e-12
11033 1.179991e-12
11034 1.179770e-12
11035 1.179549e-12
11036 1.179327e-12
11037 1.179106e-12
11038 1.178885e-12
11039 1.178664e-12
11040 1.178443e-12
11041 1.178222e-12
11042 1.178002e-12
11043 1.177781e-12
11044 1.177560e-12
11045 1.177340e-12
11046 1.177119e-12
11047 1.176899e-12
11048 1.176678e-12
11049 1.176458e-12
11050 1.176237e-12
11051 1.176017e-12
11052 1.175797e-12
11053 1.175577e-12
11054 1.175357e-12
11055 1.175137e-12
11056 1.174917e-12
11057 1.174697e-12
11058 1.174477e-12
11059 1.174257e-12
11060 1.174037e-12
11061 1.173817e-12
11062 1.173597e-12
11063 1.173377e-12
11064 1.173157e-12
11065 1.172938e-12
11066 1.172718e-12
11067 1.172499e-12
11068 1.172279e-12
11069 1.172060e-12
11070 1.171840e-12
11071 1.171621e-12
11072 1.171402e-12
11073 1.171182e-12
11074 1.170963e-12
11075 1.170744e-12
11076 1.170525e-12
11077 1.170306e-12
11078 1.170087e-12
11079 1.169868e-12
11080 1.169650e-12
11081 1.169431e-12
11082 1.169212e-12
11083 1.168994e-12
11084 1.168775e-12
11085 1.168557e-12
11086 1.168338e-12
11087 1.168120e-12
11088 1.167902e-12
11089 1.167683e-12
11090 1.167465e-12
11091 1.167247e-12
11092 1.167029e-12
11093 1.166811e-12
11094 1.166593e-12
11095 1.166375e-12
11096 1.166157e-12
11097 1.165940e-12
11098 1.165722e-12
11099 1.165504e-12
11100 1.165287e-12
11101 1.165069e-12
11102 1.164852e-12
11103 1.164634e-12
11104 1.164417e-12
11105 1.164200e-12
11106 1.163982e-12
11107 1.163765e-12
11108 1.163548e-12
11109 1.163331e-12
11110 1.163114e-12
11111 1.162897e-12
11112 1.162680e-12
11113 1.162464e-12
11114 1.162247e-12
11115 1.162030e-12
11116 1.161814e-12
11117 1.161597e-12
11118 1.161381e-12
11119 1.161164e-12
11120 1.160948e-12
11121 1.160731e-12
11122 1.160515e-12
11123 1.160299e-12
11124 1.160083e-12
11125 1.159867e-12
11126 1.159651e-12
11127 1.159435e-12
11128 1.159219e-12
11129 1.159003e-12
11130 1.158787e-12
11131 1.158572e-12
11132 1.158356e-12
11133 1.158140e-12
11134 1.157925e-12
11135 1.157709e-12
11136 1.157494e-12
11137 1.157279e-12
11138 1.157063e-12
11139 1.156848e-12
11140 1.156633e-12
11141 1.156418e-12
11142 1.156203e-12
11143 1.155988e-12
11144 1.155773e-12
11145 1.155558e-12
11146 1.155343e-12
11147 1.155128e-12
11148 1.154913e-12
11149 1.154699e-12
11150 1.154484e-12
11151 1.154270e-12
11152 1.154055e-12
11153 1.153841e-12
11154 1.153626e-12
11155 1.153412e-12
11156 1.153198e-12
11157 1.152983e-12
11158 1.152769e-12
11159 1.152555e-12
11160 1.152340e-12
11161 1.152126e-12
11162 1.151912e-12
11163 1.151698e-12
11164 1.151484e-12
11165 1.151270e-12
11166 1.151056e-12
11167 1.150842e-12
11168 1.150628e-12
11169 1.150414e-12
11170 1.150201e-12
11171 1.149987e-12
11172 1.149773e-12
11173 1.149560e-12
11174 1.149346e-12
11175 1.149133e-12
11176 1.148920e-12
11177 1.148706e-12
11178 1.148493e-12
11179 1.148280e-12
11180 1.148067e-12
11181 1.147854e-12
11182 1.147641e-12
11183 1.147428e-12
11184 1.147215e-12
11185 1.147002e-12
11186 1.146789e-12
11187 1.146577e-12
11188 1.146364e-12
11189 1.146151e-12
11190 1.145939e-12
11191 1.145726e-12
11192 1.145514e-12
11193 1.145302e-12
11194 1.145089e-12
11195 1.144877e-12
11196 1.144665e-12
11197 1.144453e-12
11198 1.144241e-12
11199 1.144029e-12
11200 1.143817e-12
11201 1.143605e-12
11202 1.143393e-12
11203 1.143181e-12
11204 1.142970e-12
11205 1.142758e-12
11206 1.142546e-12
11207 1.142335e-12
11208 1.142123e-12
11209 1.141912e-12
11210 1.141701e-12
11211 1.141489e-12
11212 1.141278e-12
11213 1.141067e-12
11214 1.140856e-12
11215 1.140645e-12
11216 1.140434e-12
11217 1.140223e-12
11218 1.140012e-12
11219 1.139801e-12
11220 1.139590e-12
11221 1.139379e-12
11222 1.139169e-12
11223 1.138958e-12
11224 1.138748e-12
11225 1.138537e-12
11226 1.138327e-12
11227 1.138116e-12
11228 1.137906e-12
11229 1.137696e-12
11230 1.137485e-12
11231 1.137275e-12
11232 1.137065e-12
11233 1.136855e-12
11234 1.136645e-12
11235 1.136435e-12
11236 1.136225e-12
11237 1.136016e-12
11238 1.135806e-12
11239 1.135596e-12
11240 1.135386e-12
11241 1.135177e-12
11242 1.134967e-12
11243 1.134758e-12
11244 1.134548e-12
11245 1.134339e-12
11246 1.134130e-12
11247 1.133921e-12
11248 1.133711e-12
11249 1.133502e-12
11250 1.133293e-12
11251 1.133084e-12
11252 1.132875e-12
11253 1.132666e-12
11254 1.132458e-12
11255 1.132249e-12
11256 1.132040e-12
11257 1.131831e-12
11258 1.131622e-12
11259 1.131413e-12
11260 1.131204e-12
11261 1.130996e-12
11262 1.130787e-12
11263 1.130578e-12
11264 1.130370e-12
11265 1.130161e-12
11266 1.129953e-12
11267 1.129745e-12
11268 1.129536e-12
11269 1.129328e-12
11270 1.129120e-12
11271 1.128912e-12
11272 1.128703e-12
11273 1.128495e-12
11274 1.128287e-12
11275 1.128080e-12
11276 1.127872e-12
11277 1.127664e-12
11278 1.127456e-12
11279 1.127248e-12
11280 1.127041e-12
11281 1.126833e-12
11282 1.126626e-12
11283 1.126418e-12
11284 1.126211e-12
11285 1.126004e-12
11286 1.125796e-12
11287 1.125589e-12
11288 1.125382e-12
11289 1.125175e-12
11290 1.124968e-12
11291 1.124761e-12
11292 1.124554e-12
11293 1.124347e-12
11294 1.124140e-12
11295 1.123933e-12
11296 1.123726e-12
11297 1.123520e-12
11298 1.123313e-12
11299 1.123107e-12
11300 1.122900e-12
11301 1.122694e-12
11302 1.122487e-12
11303 1.122281e-12
11304 1.122075e-12
11305 1.121868e-12
11306 1.121662e-12
11307 1.121456e-12
11308 1.121250e-12
11309 1.121044e-12
11310 1.120838e-12
11311 1.120632e-12
11312 1.120426e-12
11313 1.120221e-12
11314 1.120015e-12
11315 1.119809e-12
11316 1.119604e-12
11317 1.119398e-12
11318 1.119193e-12
11319 1.118987e-12
11320 1.118782e-12
11321 1.118576e-12
11322 1.118371e-12
11323 1.118166e-12
11324 1.117961e-12
11325 1.117756e-12
11326 1.117551e-12
11327 1.117346e-12
11328 1.117141e-12
11329 1.116936e-12
11330 1.116731e-12
11331 1.116526e-12
11332 1.116321e-12
11333 1.116117e-12
11334 1.115912e-12
11335 1.115708e-12
11336 1.115503e-12
11337 1.115299e-12
11338 1.115094e-12
11339 1.114890e-12
11340 1.114686e-12
11341 1.114481e-12
11342 1.114277e-12
11343 1.114073e-12
11344 1.113869e-12
11345 1.113665e-12
11346 1.113461e-12
11347 1.113257e-12
11348 1.113054e-12
11349 1.112850e-12
11350 1.112646e-12
11351 1.112442e-12
11352 1.112239e-12
11353 1.112035e-12
11354 1.111832e-12
11355 1.111628e-12
11356 1.111425e-12
11357 1.111221e-12
11358 1.111017e-12
11359 1.110814e-12
11360 1.110610e-12
11361 1.110407e-12
11362 1.110204e-12
11363 1.110000e-12
11364 1.109797e-12
11365 1.109594e-12
11366 1.109391e-12
11367 1.109188e-12
11368 1.108985e-12
11369 1.108782e-12
11370 1.108579e-12
11371 1.108376e-12
11372 1.108174e-12
11373 1.107971e-12
11374 1.107768e-12
11375 1.107566e-12
11376 1.107363e-12
11377 1.107160e-12
11378 1.106958e-12
11379 1.106756e-12
11380 1.106553e-12
11381 1.106351e-12
11382 1.106149e-12
11383 1.105947e-12
11384 1.105745e-12
11385 1.105542e-12
11386 1.105340e-12
11387 1.105138e-12
11388 1.104937e-12
11389 1.104735e-12
11390 1.104533e-12
11391 1.104331e-12
11392 1.104130e-12
11393 1.103928e-12
11394 1.103726e-12
11395 1.103525e-12
11396 1.103323e-12
11397 1.103122e-12
11398 1.102921e-12
11399 1.102719e-12
11400 1.102518e-12
11401 1.102317e-12
11402 1.102116e-12
11403 1.101915e-12
11404 1.101714e-12
11405 1.101513e-12
11406 1.101312e-12
11407 1.101111e-12
11408 1.100910e-12
11409 1.100709e-12
11410 1.100509e-12
11411 1.100308e-12
11412 1.100107e-12
11413 1.099907e-12
11414 1.099706e-12
11415 1.099506e-12
11416 1.099306e-12
11417 1.099105e-12
11418 1.098905e-12
11419 1.098705e-12
11420 1.098505e-12
11421 1.098304e-12
11422 1.098104e-12
11423 1.097904e-12
11424 1.097704e-12
11425 1.097505e-12
11426 1.097305e-12
11427 1.097105e-12
11428 1.096905e-12
11429 1.096706e-12
11430 1.096506e-12
11431 1.096306e-12
11432 1.096107e-12
11433 1.095907e-12
11434 1.095708e-12
11435 1.095509e-12
11436 1.095309e-12
11437 1.095110e-12
11438 1.094911e-12
11439 1.094712e-12
11440 1.094513e-12
11441 1.094314e-12
11442 1.094115e-12
11443 1.093916e-12
11444 1.093717e-12
11445 1.093518e-12
11446 1.093319e-12
11447 1.093121e-12
11448 1.092922e-12
11449 1.092723e-12
11450 1.092525e-12
11451 1.092326e-12
11452 1.092128e-12
11453 1.091929e-12
11454 1.091731e-12
11455 1.091533e-12
11456 1.091334e-12
11457 1.091136e-12
11458 1.090938e-12
11459 1.090739e-12
11460 1.090541e-12
11461 1.090343e-12
11462 1.090145e-12
11463 1.089947e-12
11464 1.089748e-12
11465 1.089550e-12
11466 1.089352e-12
11467 1.089155e-12
11468 1.088957e-12
11469 1.088759e-12
11470 1.088561e-12
11471 1.088363e-12
11472 1.088166e-12
11473 1.087968e-12
11474 1.087771e-12
11475 1.087573e-12
11476 1.087376e-12
11477 1.087178e-12
11478 1.086981e-12
11479 1.086784e-12
11480 1.086587e-12
11481 1.086389e-12
11482 1.086192e-12
11483 1.085995e-12
11484 1.085798e-12
11485 1.085601e-12
11486 1.085404e-12
11487 1.085208e-12
11488 1.085011e-12
11489 1.084814e-12
11490 1.084617e-12
11491 1.084421e-12
11492 1.084224e-12
11493 1.084028e-12
11494 1.083831e-12
11495 1.083635e-12
11496 1.083438e-12
11497 1.083242e-12
11498 1.083046e-12
11499 1.082850e-12
11500 1.082653e-12
11501 1.082457e-12
11502 1.082261e-12
11503 1.082065e-12
11504 1.081869e-12
11505 1.081673e-12
11506 1.081478e-12
11507 1.081282e-12
11508 1.081086e-12
11509 1.080890e-12
11510 1.080695e-12
11511 1.080499e-12
11512 1.080304e-12
11513 1.080108e-12
11514 1.079913e-12
11515 1.079717e-12
11516 1.079522e-12
11517 1.079327e-12
11518 1.079132e-12
11519 1.078936e-12
11520 1.078741e-12
11521 1.078546e-12
11522 1.078351e-12
11523 1.078156e-12
11524 1.077961e-12
11525 1.077767e-12
11526 1.077572e-12
11527 1.077377e-12
11528 1.077182e-12
11529 1.076988e-12
11530 1.076793e-12
11531 1.076599e-12
11532 1.076404e-12
11533 1.076210e-12
11534 1.076015e-12
11535 1.075821e-12
11536 1.075627e-12
11537 1.075432e-12
11538 1.075238e-12
11539 1.075044e-12
11540 1.074850e-12
11541 1.074656e-12
11542 1.074462e-12
11543 1.074268e-12
11544 1.074074e-12
11545 1.073881e-12
11546 1.073687e-12
11547 1.073493e-12
11548 1.073299e-12
11549 1.073106e-12
11550 1.072912e-12
11551 1.072719e-12
11552 1.072525e-12
11553 1.072332e-12
11554 1.072139e-12
11555 1.071945e-12
11556 1.071752e-12
11557 1.071559e-12
11558 1.071366e-12
11559 1.071172e-12
11560 1.070979e-12
11561 1.070786e-12
11562 1.070592e-12
11563 1.070399e-12
11564 1.070206e-12
11565 1.070013e-12
11566 1.069820e-12
11567 1.069627e-12
11568 1.069434e-12
11569 1.069242e-12
11570 1.069049e-12
11571 1.068856e-12
11572 1.068663e-12
11573 1.068471e-12
11574 1.068278e-12
11575 1.068086e-12
11576 1.067893e-12
11577 1.067701e-12
11578 1.067509e-12
11579 1.067316e-12
11580 1.067124e-12
11581 1.066932e-12
11582 1.066740e-12
11583 1.066547e-12
11584 1.066355e-12
11585 1.066163e-12
11586 1.065971e-12
11587 1.065780e-12
11588 1.065588e-12
11589 1.065396e-12
11590 1.065204e-12
11591 1.065012e-12
11592 1.064821e-12
11593 1.064629e-12
11594 1.064438e-12
11595 1.064246e-12
11596 1.064055e-12
11597 1.063863e-12
11598 1.063672e-12
11599 1.063481e-12
11600 1.063290e-12
11601 1.063098e-12
11602 1.062907e-12
11603 1.062716e-12
11604 1.062525e-12
11605 1.062334e-12
11606 1.062143e-12
11607 1.061952e-12
11608 1.061761e-12
11609 1.061571e-12
11610 1.061380e-12
11611 1.061189e-12
11612 1.060999e-12
11613 1.060808e-12
11614 1.060618e-12
11615 1.060427e-12
11616 1.060237e-12
11617 1.060046e-12
11618 1.059856e-12
11619 1.059666e-12
11620 1.059475e-12
11621 1.059285e-12
11622 1.059095e-12
11623 1.058905e-12
11624 1.058715e-12
11625 1.058525e-12
11626 1.058335e-12
11627 1.058145e-12
11628 1.057955e-12
11629 1.057766e-12
11630 1.057576e-12
11631 1.057386e-12
11632 1.057197e-12
11633 1.057007e-12
11634 1.056818e-12
11635 1.056628e-12
11636 1.056439e-12
11637 1.056249e-12
11638 1.056060e-12
11639 1.055871e-12
11640 1.055682e-12
11641 1.055492e-12
11642 1.055303e-12
11643 1.055114e-12
11644 1.054925e-12
11645 1.054736e-12
11646 1.054547e-12
11647 1.054358e-12
11648 1.054170e-12
11649 1.053981e-12
11650 1.053792e-12
11651 1.053603e-12
11652 1.053415e-12
11653 1.053226e-12
11654 1.053038e-12
11655 1.052849e-12
11656 1.052661e-12
11657 1.052473e-12
11658 1.052284e-12
11659 1.052096e-12
11660 1.051908e-12
11661 1.051719e-12
11662 1.051531e-12
11663 1.051343e-12
11664 1.051154e-12
11665 1.050966e-12
11666 1.050778e-12
11667 1.050590e-12
11668 1.050402e-12
11669 1.050214e-12
11670 1.050026e-12
11671 1.049838e-12
11672 1.049650e-12
11673 1.049462e-12
11674 1.049275e-12
11675 1.049087e-12
11676 1.048899e-12
11677 1.048712e-12
11678 1.048524e-12
11679 1.048336e-12
11680 1.048149e-12
11681 1.047962e-12
11682 1.047774e-12
11683 1.047587e-12
11684 1.047400e-12
11685 1.047212e-12
11686 1.047025e-12
11687 1.046838e-12
11688 1.046651e-12
11689 1.046464e-12
11690 1.046277e-12
11691 1.046090e-12
11692 1.045903e-12
11693 1.045716e-12
11694 1.045530e-12
11695 1.045343e-12
11696 1.045156e-12
11697 1.044970e-12
11698 1.044783e-12
11699 1.044597e-12
11700 1.044410e-12
11701 1.044224e-12
11702 1.044037e-12
11703 1.043851e-12
11704 1.043665e-12
11705 1.043478e-12
11706 1.043292e-12
11707 1.043106e-12
11708 1.042920e-12
11709 1.042734e-12
11710 1.042548e-12
11711 1.042362e-12
11712 1.042176e-12
11713 1.041990e-12
11714 1.041805e-12
11715 1.041619e-12
11716 1.041433e-12
11717 1.041248e-12
11718 1.041062e-12
11719 1.040876e-12
11720 1.040691e-12
11721 1.040505e-12
11722 1.040320e-12
11723 1.040135e-12
11724 1.039949e-12
11725 1.039764e-12
11726 1.039579e-12
11727 1.039394e-12
11728 1.039209e-12
11729 1.039024e-12
11730 1.038839e-12
11731 1.038654e-12
11732 1.038469e-12
11733 1.038284e-12
11734 1.038099e-12
11735 1.037914e-12
11736 1.037730e-12
11737 1.037545e-12
11738 1.037360e-12
11739 1.037176e-12
11740 1.036991e-12
11741 1.036807e-12
11742 1.036622e-12
11743 1.036438e-12
11744 1.036254e-12
11745 1.036069e-12
11746 1.035885e-12
11747 1.035701e-12
11748 1.035517e-12
11749 1.035333e-12
11750 1.035149e-12
11751 1.034965e-12
11752 1.034781e-12
11753 1.034597e-12
11754 1.034413e-12
11755 1.034229e-12
11756 1.034045e-12
11757 1.033862e-12
11758 1.033678e-12
11759 1.033495e-12
11760 1.033311e-12
11761 1.033127e-12
11762 1.032944e-12
11763 1.032761e-12
11764 1.032577e-12
11765 1.032394e-12
11766 1.032210e-12
11767 1.032027e-12
11768 1.031843e-12
11769 1.031660e-12
11770 1.031477e-12
11771 1.031293e-12
11772 1.031110e-12
11773 1.030927e-12
11774 1.030744e-12
11775 1.030561e-12
11776 1.030378e-12
11777 1.030195e-12
11778 1.030012e-12
11779 1.029829e-12
11780 1.029646e-12
11781 1.029463e-12
11782 1.029281e-12
11783 1.029098e-12
11784 1.028915e-12
11785 1.028733e-12
11786 1.028550e-12
11787 1.028368e-12
11788 1.028185e-12
11789 1.028003e-12
11790 1.027821e-12
11791 1.027638e-12
11792 1.027456e-12
11793 1.027274e-12
11794 1.027092e-12
11795 1.026910e-12
11796 1.026727e-12
11797 1.026545e-12
11798 1.026363e-12
11799 1.026182e-12
11800 1.026000e-12
11801 1.025818e-12
11802 1.025636e-12
11803 1.025454e-12
11804 1.025273e-12
11805 1.025091e-12
11806 1.024909e-12
11807 1.024728e-12
11808 1.024546e-12
11809 1.024365e-12
11810 1.024184e-12
11811 1.024002e-12
11812 1.023821e-12
11813 1.023640e-12
11814 1.023459e-12
11815 1.023277e-12
11816 1.023096e-12
11817 1.022915e-12
11818 1.022734e-12
11819 1.022553e-12
11820 1.022372e-12
11821 1.022191e-12
11822 1.022011e-12
11823 1.021830e-12
11824 1.021649e-12
11825 1.021468e-12
11826 1.021288e-12
11827 1.021107e-12
11828 1.020927e-12
11829 1.020746e-12
11830 1.020566e-12
11831 1.020385e-12
11832 1.020205e-12
11833 1.020025e-12
11834 1.019844e-12
11835 1.019664e-12
11836 1.019484e-12
11837 1.019304e-12
11838 1.019124e-12
11839 1.018944e-12
11840 1.018764e-12
11841 1.018584e-12
11842 1.018404e-12
11843 1.018224e-12
11844 1.018044e-12
11845 1.017865e-12
11846 1.017685e-12
11847 1.017505e-12
11848 1.017326e-12
11849 1.017146e-12
11850 1.016967e-12
11851 1.016787e-12
11852 1.016608e-12
11853 1.016428e-12
11854 1.016249e-12
11855 1.016070e-12
11856 1.015891e-12
11857 1.015711e-12
11858 1.015532e-12
11859 1.015353e-12
11860 1.015174e-12
11861 1.014995e-12
11862 1.014816e-12
11863 1.014637e-12
11864 1.014458e-12
11865 1.014280e-12
11866 1.014101e-12
11867 1.013922e-12
11868 1.013744e-12
11869 1.013565e-12
11870 1.013386e-12
11871 1.013207e-12
11872 1.013028e-12
11873 1.012850e-12
11874 1.012671e-12
11875 1.012493e-12
11876 1.012314e-12
11877 1.012136e-12
11878 1.011957e-12
11879 1.011779e-12
11880 1.011600e-12
11881 1.011422e-12
11882 1.011244e-12
11883 1.011066e-12
11884 1.010888e-12
11885 1.010710e-12
11886 1.010531e-12
11887 1.010353e-12
11888 1.010175e-12
11889 1.009998e-12
11890 1.009820e-12
11891 1.009642e-12
11892 1.009464e-12
11893 1.009286e-12
11894 1.009109e-12
11895 1.008931e-12
11896 1.008753e-12
11897 1.008576e-12
11898 1.008398e-12
11899 1.008221e-12
11900 1.008044e-12
11901 1.007866e-12
11902 1.007689e-12
11903 1.007512e-12
11904 1.007334e-12
11905 1.007157e-12
11906 1.006980e-12
11907 1.006803e-12
11908 1.006626e-12
11909 1.006449e-12
11910 1.006272e-12
11911 1.006095e-12
11912 1.005918e-12
11913 1.005741e-12
11914 1.005565e-12
11915 1.005388e-12
11916 1.005211e-12
11917 1.005035e-12
11918 1.004858e-12
11919 1.004682e-12
11920 1.004505e-12
11921 1.004329e-12
11922 1.004152e-12
11923 1.003976e-12
11924 1.003800e-12
11925 1.003623e-12
11926 1.003447e-12
11927 1.003271e-12
11928 1.003095e-12
11929 1.002919e-12
11930 1.002743e-12
11931 1.002567e-12
11932 1.002391e-12
11933 1.002215e-12
11934 1.002039e-12
11935 1.001863e-12
11936 1.001687e-12
11937 1.001512e-12
11938 1.001336e-12
11939 1.001160e-12
11940 1.000985e-12
11941 1.000809e-12
11942 1.000634e-12
11943 1.000458e-12
11944 1.000283e-12
11945 1.000108e-12
11946 9.999323e-13
11947 9.997571e-13
11948 9.995819e-13
11949 9.994067e-13
11950 9.992316e-13
11951 9.990565e-13
11952 9.988815e-13
11953 9.987065e-13
11954 9.985315e-13
11955 9.983566e-13
11956 9.981818e-13
11957 9.980070e-13
11958 9.978322e-13
11959 9.976575e-13
11960 9.974828e-13
11961 9.973082e-13
11962 9.971336e-13
11963 9.969591e-13
11964 9.967846e-13
11965 9.966102e-13
11966 9.964358e-13
11967 9.962614e-13
11968 9.960871e-13
11969 9.959128e-13
11970 9.957386e-13
11971 9.955645e-13
11972 9.953903e-13
11973 9.952162e-13
11974 9.950421e-13
11975 9.948679e-13
11976 9.946937e-13
11977 9.945196e-13
11978 9.943456e-13
11979 9.941715e-13
11980 9.939975e-13
11981 9.938236e-13
11982 9.936497e-13
11983 9.934758e-13
11984 9.933020e-13
11985 9.931283e-13
11986 9.929546e-13
11987 9.927809e-13
11988 9.926073e-13
11989 9.924337e-13
11990 9.922601e-13
11991 9.920867e-13
11992 9.919132e-13
11993 9.917398e-13
11994 9.915664e-13
11995 9.913931e-13
11996 9.912199e-13
11997 9.910466e-13
11998 9.908735e-13
11999 9.907003e-13
12000 9.905272e-13
12001 9.903542e-13
12002 9.901812e-13
12003 9.900082e-13
12004 9.898353e-13
12005 9.896625e-13
12006 9.894896e-13
12007 9.893169e-13
12008 9.891441e-13
12009 9.889714e-13
12010 9.887988e-13
12011 9.886262e-13
12012 9.884536e-13
12013 9.882811e-13
12014 9.881087e-13
12015 9.879362e-13
12016 9.877639e-13
12017 9.875915e-13
12018 9.874192e-13
12019 9.872470e-13
12020 9.870748e-13
12021 9.869026e-13
12022 9.867305e-13
12023 9.865585e-13
12024 9.863864e-13
12025 9.862145e-13
12026 9.860425e-13
12027 9.858706e-13
12028 9.856988e-13
12029 9.855270e-13
12030 9.853552e-13
12031 9.851835e-13
12032 9.850119e-13
12033 9.848402e-13
12034 9.846687e-13
12035 9.844971e-13
12036 9.843256e-13
12037 9.841542e-13
12038 9.839828e-13
12039 9.838114e-13
12040 9.836401e-13
12041 9.834688e-13
12042 9.832976e-13
12043 9.831264e-13
12044 9.829553e-13
12045 9.827842e-13
12046 9.826131e-13
12047 9.824421e-13
12048 9.822712e-13
12049 9.821003e-13
12050 9.819294e-13
12051 9.817585e-13
12052 9.815878e-13
12053 9.814170e-13
12054 9.812463e-13
12055 9.810757e-13
12056 9.809050e-13
12057 9.807345e-13
12058 9.805640e-13
12059 9.803935e-13
12060 9.802230e-13
12061 9.800526e-13
12062 9.798823e-13
12063 9.797120e-13
12064 9.795417e-13
12065 9.793715e-13
12066 9.792013e-13
12067 9.790312e-13
12068 9.788611e-13
12069 9.786911e-13
12070 9.785211e-13
12071 9.783511e-13
12072 9.781812e-13
12073 9.780113e-13
12074 9.778415e-13
12075 9.776717e-13
12076 9.775020e-13
12077 9.773323e-13
12078 9.771626e-13
12079 9.769930e-13
12080 9.768235e-13
12081 9.766537e-13
12082 9.764841e-13
12083 9.763144e-13
12084 9.761448e-13
12085 9.759752e-13
12086 9.758057e-13
12087 9.756363e-13
12088 9.754668e-13
12089 9.752975e-13
12090 9.751281e-13
12091 9.749588e-13
12092 9.747896e-13
12093 9.746204e-13
12094 9.744512e-13
12095 9.742821e-13
12096 9.741130e-13
12097 9.739439e-13
12098 9.737750e-13
12099 9.736060e-13
12100 9.734371e-13
12101 9.732682e-13
12102 9.730994e-13
12103 9.729306e-13
12104 9.727619e-13
12105 9.725932e-13
12106 9.724246e-13
12107 9.722560e-13
12108 9.720874e-13
12109 9.719189e-13
12110 9.717504e-13
12111 9.715820e-13
12112 9.714136e-13
12113 9.712452e-13
12114 9.710769e-13
12115 9.709087e-13
12116 9.707405e-13
12117 9.705723e-13
12118 9.704042e-13
12119 9.702361e-13
12120 9.700680e-13
12121 9.699000e-13
12122 9.697321e-13
12123 9.695642e-13
12124 9.693963e-13
12125 9.692285e-13
12126 9.690607e-13
12127 9.688929e-13
12128 9.687252e-13
12129 9.685576e-13
12130 9.683899e-13
12131 9.682224e-13
12132 9.680548e-13
12133 9.678874e-13
12134 9.677199e-13
12135 9.675525e-13
12136 9.673852e-13
12137 9.672178e-13
12138 9.670506e-13
12139 9.668833e-13
12140 9.667161e-13
12141 9.665490e-13
12142 9.663819e-13
12143 9.662148e-13
12144 9.660478e-13
12145 9.658808e-13
12146 9.657139e-13
12147 9.655470e-13
12148 9.653802e-13
12149 9.652134e-13
12150 9.650466e-13
12151 9.648799e-13
12152 9.647132e-13
12153 9.645466e-13
12154 9.643800e-13
12155 9.642134e-13
12156 9.640469e-13
12157 9.638805e-13
12158 9.637141e-13
12159 9.635477e-13
12160 9.633813e-13
12161 9.632150e-13
12162 9.630488e-13
12163 9.628826e-13
12164 9.627164e-13
12165 9.625503e-13
12166 9.623842e-13
12167 9.622182e-13
12168 9.620522e-13
12169 9.618862e-13
12170 9.617203e-13
12171 9.615544e-13
12172 9.613886e-13
12173 9.612228e-13
12174 9.610571e-13
12175 9.608914e-13
12176 9.607257e-13
12177 9.605601e-13
12178 9.603945e-13
12179 9.602290e-13
12180 9.600635e-13
12181 9.598980e-13
12182 9.597326e-13
12183 9.595673e-13
12184 9.594019e-13
12185 9.592366e-13
12186 9.590714e-13
12187 9.589062e-13
12188 9.587409e-13
12189 9.585756e-13
12190 9.584103e-13
12191 9.582451e-13
12192 9.580799e-13
12193 9.579148e-13
12194 9.577497e-13
12195 9.575846e-13
12196 9.574196e-13
12197 9.572546e-13
12198 9.570896e-13
12199 9.569248e-13
12200 9.567599e-13
12201 9.565951e-13
12202 9.564303e-13
12203 9.562656e-13
12204 9.561009e-13
12205 9.559363e-13
12206 9.557717e-13
12207 9.556071e-13
12208 9.554426e-13
12209 9.552781e-13
12210 9.551137e-13
12211 9.549493e-13
12212 9.547849e-13
12213 9.546206e-13
12214 9.544563e-13
12215 9.542921e-13
12216 9.541279e-13
12217 9.539638e-13
12218 9.537997e-13
12219 9.536356e-13
12220 9.534716e-13
12221 9.533076e-13
12222 9.531437e-13
12223 9.529798e-13
12224 9.528159e-13
12225 9.526521e-13
12226 9.524884e-13
12227 9.523246e-13
12228 9.521609e-13
12229 9.519973e-13
12230 9.518337e-13
12231 9.516701e-13
12232 9.515066e-13
12233 9.513431e-13
12234 9.511797e-13
12235 9.510163e-13
12236 9.508529e-13
12237 9.506896e-13
12238 9.505264e-13
12239 9.503631e-13
12240 9.501999e-13
12241 9.500368e-13
12242 9.498737e-13
12243 9.497106e-13
12244 9.495476e-13
12245 9.493846e-13
12246 9.492217e-13
12247 9.490588e-13
12248 9.488959e-13
12249 9.487331e-13
12250 9.485703e-13
12251 9.484076e-13
12252 9.482449e-13
12253 9.480822e-13
12254 9.479196e-13
12255 9.477571e-13
12256 9.475945e-13
12257 9.474320e-13
12258 9.472696e-13
12259 9.471072e-13
12260 9.469448e-13
12261 9.467825e-13
12262 9.466202e-13
12263 9.464580e-13
12264 9.462958e-13
12265 9.461336e-13
12266 9.459715e-13
12267 9.458094e-13
12268 9.456474e-13
12269 9.454854e-13
12270 9.453234e-13
12271 9.451615e-13
12272 9.449996e-13
12273 9.448378e-13
12274 9.446760e-13
12275 9.445143e-13
12276 9.443526e-13
12277 9.441909e-13
12278 9.440293e-13
12279 9.438677e-13
12280 9.437061e-13
12281 9.435446e-13
12282 9.433832e-13
12283 9.432217e-13
12284 9.430604e-13
12285 9.428990e-13
12286 9.427377e-13
12287 9.425765e-13
12288 9.424152e-13
12289 9.422541e-13
12290 9.420929e-13
12291 9.419318e-13
12292 9.417708e-13
12293 9.416097e-13
12294 9.414488e-13
12295 9.412878e-13
12296 9.411269e-13
12297 9.409658e-13
12298 9.408048e-13
12299 9.406438e-13
12300 9.404829e-13
12301 9.403220e-13
12302 9.401612e-13
12303 9.400004e-13
12304 9.398396e-13
12305 9.396789e-13
12306 9.395182e-13
12307 9.393576e-13
12308 9.391969e-13
12309 9.390364e-13
12310 9.388759e-13
12311 9.387154e-13
12312 9.385549e-13
12313 9.383945e-13
12314 9.382342e-13
12315 9.380739e-13
12316 9.379136e-13
12317 9.377533e-13
12318 9.375931e-13
12319 9.374330e-13
12320 9.372729e-13
12321 9.371128e-13
12322 9.369527e-13
12323 9.367928e-13
12324 9.366328e-13
12325 9.364729e-13
12326 9.363130e-13
12327 9.361532e-13
12328 9.359934e-13
12329 9.358336e-13
12330 9.356739e-13
12331 9.355142e-13
12332 9.353546e-13
12333 9.351950e-13
12334 9.350354e-13
12335 9.348759e-13
12336 9.347165e-13
12337 9.345570e-13
12338 9.343976e-13
12339 9.342383e-13
12340 9.340790e-13
12341 9.339197e-13
12342 9.337604e-13
12343 9.336013e-13
12344 9.334421e-13
12345 9.332830e-13
12346 9.331239e-13
12347 9.329649e-13
12348 9.328059e-13
12349 9.326469e-13
12350 9.324880e-13
12351 9.323291e-13
12352 9.321703e-13
12353 9.320115e-13
12354 9.318528e-13
12355 9.316940e-13
12356 9.315354e-13
12357 9.313767e-13
12358 9.312181e-13
12359 9.310596e-13
12360 9.309011e-13
12361 9.307426e-13
12362 9.305842e-13
12363 9.304258e-13
12364 9.302674e-13
12365 9.301091e-13
12366 9.299508e-13
12367 9.297926e-13
12368 9.296344e-13
12369 9.294762e-13
12370 9.293181e-13
12371 9.291600e-13
12372 9.290020e-13
12373 9.288440e-13
12374 9.286860e-13
12375 9.285281e-13
12376 9.283702e-13
12377 9.282124e-13
12378 9.280546e-13
12379 9.278968e-13
12380 9.277391e-13
12381 9.275814e-13
12382 9.274238e-13
12383 9.272662e-13
12384 9.271086e-13
12385 9.269511e-13
12386 9.267936e-13
12387 9.266362e-13
12388 9.264788e-13
12389 9.263214e-13
12390 9.261641e-13
12391 9.260068e-13
12392 9.258495e-13
12393 9.256923e-13
12394 9.255352e-13
12395 9.253780e-13
12396 9.252209e-13
12397 9.250639e-13
12398 9.249069e-13
12399 9.247499e-13
12400 9.245930e-13
12401 9.244361e-13
12402 9.242792e-13
12403 9.241224e-13
12404 9.239656e-13
12405 9.238089e-13
12406 9.236520e-13
12407 9.234951e-13
12408 9.233383e-13
12409 9.231816e-13
12410 9.230248e-13
12411 9.228681e-13
12412 9.227115e-13
12413 9.225549e-13
12414 9.223983e-13
12415 9.222418e-13
12416 9.220853e-13
12417 9.219288e-13
12418 9.217724e-13
12419 9.216160e-13
12420 9.214597e-13
12421 9.213034e-13
12422 9.211471e-13
12423 9.209909e-13
12424 9.208347e-13
12425 9.206786e-13
12426 9.205225e-13
12427 9.203664e-13
12428 9.202104e-13
12429 9.200544e-13
12430 9.198985e-13
12431 9.197426e-13
12432 9.195867e-13
12433 9.194309e-13
12434 9.192751e-13
12435 9.191193e-13
12436 9.189636e-13
12437 9.188079e-13
12438 9.186523e-13
12439 9.184967e-13
12440 9.183411e-13
12441 9.181856e-13
12442 9.180301e-13
12443 9.178747e-13
12444 9.177193e-13
12445 9.175639e-13
12446 9.174086e-13
12447 9.172533e-13
12448 9.170981e-13
12449 9.169429e-13
12450 9.167877e-13
12451 9.166326e-13
12452 9.164775e-13
12453 9.163224e-13
12454 9.161674e-13
12455 9.160124e-13
12456 9.158575e-13
12457 9.157026e-13
12458 9.155477e-13
12459 9.153929e-13
12460 9.152381e-13
12461 9.150834e-13
12462 9.149287e-13
12463 9.147740e-13
12464 9.146194e-13
12465 9.144648e-13
12466 9.143102e-13
12467 9.141557e-13
12468 9.140013e-13
12469 9.138468e-13
12470 9.136924e-13
12471 9.135381e-13
12472 9.133837e-13
12473 9.132295e-13
12474 9.130752e-13
12475 9.129210e-13
12476 9.127668e-13
12477 9.126127e-13
12478 9.124586e-13
12479 9.123046e-13
12480 9.121506e-13
12481 9.119966e-13
12482 9.118426e-13
12483 9.116887e-13
12484 9.115349e-13
12485 9.113811e-13
12486 9.112273e-13
12487 9.110735e-13
12488 9.109198e-13
12489 9.107662e-13
12490 9.106125e-13
12491 9.104589e-13
12492 9.103054e-13
12493 9.101519e-13
12494 9.099984e-13
12495 9.098449e-13
12496 9.096915e-13
12497 9.095382e-13
12498 9.093848e-13
12499 9.092316e-13
12500 9.090783e-13
12501 9.089251e-13
12502 9.087719e-13
12503 9.086188e-13
12504 9.084657e-13
12505 9.083126e-13
12506 9.081596e-13
12507 9.080066e-13
12508 9.078537e-13
12509 9.077008e-13
12510 9.075479e-13
12511 9.073951e-13
12512 9.072423e-13
12513 9.070895e-13
12514 9.069368e-13
12515 9.067841e-13
12516 9.066313e-13
12517 9.064785e-13
12518 9.063258e-13
12519 9.061731e-13
12520 9.060204e-13
12521 9.058678e-13
12522 9.057152e-13
12523 9.055626e-13
12524 9.054101e-13
12525 9.052576e-13
12526 9.051052e-13
12527 9.049528e-13
12528 9.048004e-13
12529 9.046481e-13
12530 9.044958e-13
12531 9.043435e-13
12532 9.041913e-13
12533 9.040391e-13
12534 9.038870e-13
12535 9.037349e-13
12536 9.035828e-13
12537 9.034308e-13
12538 9.032788e-13
12539 9.031268e-13
12540 9.029749e-13
12541 9.028230e-13
12542 9.026712e-13
12543 9.025194e-13
12544 9.023676e-13
12545 9.022159e-13
12546 9.020642e-13
12547 9.019125e-13
12548 9.017609e-13
12549 9.016094e-13
12550 9.014578e-13
12551 9.013063e-13
12552 9.011548e-13
12553 9.010034e-13
12554 9.008520e-13
12555 9.007007e-13
12556 9.005494e-13
12557 9.003981e-13
12558 9.002468e-13
12559 9.000956e-13
12560 8.999445e-13
12561 8.997933e-13
12562 8.996423e-13
12563 8.994912e-13
12564 8.993402e-13
12565 8.991892e-13
12566 8.990383e-13
12567 8.988874e-13
12568 8.987365e-13
12569 8.985857e-13
12570 8.984349e-13
12571 8.982841e-13
12572 8.981334e-13
12573 8.979827e-13
12574 8.978321e-13
12575 8.976815e-13
12576 8.975309e-13
12577 8.973804e-13
12578 8.972299e-13
12579 8.970794e-13
12580 8.969290e-13
12581 8.967786e-13
12582 8.966283e-13
12583 8.964780e-13
12584 8.963277e-13
12585 8.961775e-13
12586 8.960273e-13
12587 8.958771e-13
12588 8.957270e-13
12589 8.955769e-13
12590 8.954269e-13
12591 8.952769e-13
12592 8.951269e-13
12593 8.949769e-13
12594 8.948270e-13
12595 8.946772e-13
12596 8.945274e-13
12597 8.943776e-13
12598 8.942278e-13
12599 8.940781e-13
12600 8.939284e-13
12601 8.937788e-13
12602 8.936292e-13
12603 8.934796e-13
12604 8.933301e-13
12605 8.931806e-13
12606 8.930311e-13
12607 8.928817e-13
12608 8.927323e-13
12609 8.925830e-13
12610 8.924337e-13
12611 8.922844e-13
12612 8.921352e-13
12613 8.919860e-13
12614 8.918368e-13
12615 8.916877e-13
12616 8.915386e-13
12617 8.913895e-13
12618 8.912405e-13
12619 8.910915e-13
12620 8.909426e-13
12621 8.907937e-13
12622 8.906448e-13
12623 8.904960e-13
12624 8.903472e-13
12625 8.901984e-13
12626 8.900497e-13
12627 8.899009e-13
12628 8.897521e-13
12629 8.896033e-13
12630 8.894545e-13
12631 8.893058e-13
12632 8.891572e-13
12633 8.890085e-13
12634 8.888599e-13
12635 8.887113e-13
12636 8.885628e-13
12637 8.884143e-13
12638 8.882659e-13
12639 8.881174e-13
12640 8.879691e-13
12641 8.878207e-13
12642 8.876724e-13
12643 8.875241e-13
12644 8.873759e-13
12645 8.872277e-13
12646 8.870795e-13
12647 8.869314e-13
12648 8.867833e-13
12649 8.866352e-13
12650 8.864872e-13
12651 8.863392e-13
12652 8.861913e-13
12653 8.860434e-13
12654 8.858955e-13
12655 8.857477e-13
12656 8.855999e-13
12657 8.854521e-13
12658 8.853044e-13
12659 8.851567e-13
12660 8.850090e-13
12661 8.848614e-13
12662 8.847138e-13
12663 8.845663e-13
12664 8.844187e-13
12665 8.842713e-13
12666 8.841238e-13
12667 8.839764e-13
12668 8.838291e-13
12669 8.836817e-13
12670 8.835344e-13
12671 8.833872e-13
12672 8.832400e-13
12673 8.830928e-13
12674 8.829456e-13
12675 8.827985e-13
12676 8.826514e-13
12677 8.825044e-13
12678 8.823574e-13
12679 8.822104e-13
12680 8.820635e-13
12681 8.819166e-13
12682 8.817697e-13
12683 8.816229e-13
12684 8.814761e-13
12685 8.813294e-13
12686 8.811826e-13
12687 8.810360e-13
12688 8.808893e-13
12689 8.807427e-13
12690 8.805961e-13
12691 8.804496e-13
12692 8.803031e-13
12693 8.801566e-13
12694 8.800102e-13
12695 8.798638e-13
12696 8.797175e-13
12697 8.795711e-13
12698 8.794249e-13
12699 8.792786e-13
12700 8.791324e-13
12701 8.789862e-13
12702 8.788401e-13
12703 8.786940e-13
12704 8.785479e-13
12705 8.784019e-13
12706 8.782559e-13
12707 8.781099e-13
12708 8.779640e-13
12709 8.778181e-13
12710 8.776722e-13
12711 8.775264e-13
12712 8.773806e-13
12713 8.772349e-13
12714 8.770891e-13
12715 8.769435e-13
12716 8.767978e-13
12717 8.766522e-13
12718 8.765067e-13
12719 8.763611e-13
12720 8.762156e-13
12721 8.760702e-13
12722 8.759247e-13
12723 8.757793e-13
12724 8.756340e-13
12725 8.754887e-13
12726 8.753434e-13
12727 8.751981e-13
12728 8.750529e-13
12729 8.749077e-13
12730 8.747626e-13
12731 8.746175e-13
12732 8.744724e-13
12733 8.743274e-13
12734 8.741824e-13
12735 8.740374e-13
12736 8.738925e-13
12737 8.737476e-13
12738 8.736027e-13
12739 8.734578e-13
12740 8.733128e-13
12741 8.731679e-13
12742 8.730230e-13
12743 8.728782e-13
12744 8.727333e-13
12745 8.725886e-13
12746 8.724438e-13
12747 8.722991e-13
12748 8.721544e-13
12749 8.720098e-13
12750 8.718652e-13
12751 8.717206e-13
12752 8.715761e-13
12753 8.714316e-13
12754 8.712871e-13
12755 8.711427e-13
12756 8.709983e-13
12757 8.708539e-13
12758 8.707096e-13
12759 8.705653e-13
12760 8.704211e-13
12761 8.702768e-13
12762 8.701327e-13
12763 8.699885e-13
12764 8.698444e-13
12765 8.697003e-13
12766 8.695563e-13
12767 8.694123e-13
12768 8.692683e-13
12769 8.691244e-13
12770 8.689805e-13
12771 8.688366e-13
12772 8.686928e-13
12773 8.685490e-13
12774 8.684052e-13
12775 8.682615e-13
12776 8.681178e-13
12777 8.679741e-13
12778 8.678305e-13
12779 8.676869e-13
12780 8.675434e-13
12781 8.673999e-13
12782 8.672564e-13
12783 8.671129e-13
12784 8.669695e-13
12785 8.668261e-13
12786 8.666828e-13
12787 8.665395e-13
12788 8.663962e-13
12789 8.662530e-13
12790 8.661098e-13
12791 8.659666e-13
12792 8.658235e-13
12793 8.656804e-13
12794 8.655373e-13
12795 8.653943e-13
12796 8.652513e-13
12797 8.651083e-13
12798 8.649654e-13
12799 8.648225e-13
12800 8.646797e-13
12801 8.645369e-13
12802 8.643941e-13
12803 8.642513e-13
12804 8.641086e-13
12805 8.639659e-13
12806 8.638233e-13
12807 8.636807e-13
12808 8.635381e-13
12809 8.633956e-13
12810 8.632531e-13
12811 8.631106e-13
12812 8.629681e-13
12813 8.628257e-13
12814 8.626834e-13
12815 8.625410e-13
12816 8.623987e-13
12817 8.622565e-13
12818 8.621142e-13
12819 8.619721e-13
12820 8.618299e-13
12821 8.616878e-13
12822 8.615457e-13
12823 8.614036e-13
12824 8.612616e-13
12825 8.611196e-13
12826 8.609777e-13
12827 8.608357e-13
12828 8.606938e-13
12829 8.605520e-13
12830 8.604102e-13
12831 8.602684e-13
12832 8.601267e-13
12833 8.599849e-13
12834 8.598433e-13
12835 8.597016e-13
12836 8.595600e-13
12837 8.594184e-13
12838 8.592769e-13
12839 8.591354e-13
12840 8.589939e-13
12841 8.588525e-13
12842 8.587111e-13
12843 8.585697e-13
12844 8.584284e-13
12845 8.582871e-13
12846 8.581458e-13
12847 8.580046e-13
12848 8.578634e-13
12849 8.577222e-13
12850 8.575811e-13
12851 8.574400e-13
12852 8.572989e-13
12853 8.571577e-13
12854 8.570165e-13
12855 8.568754e-13
12856 8.567343e-13
12857 8.565933e-13
12858 8.564522e-13
12859 8.563112e-13
12860 8.561703e-13
12861 8.560294e-13
12862 8.558885e-13
12863 8.557476e-13
12864 8.556068e-13
12865 8.554661e-13
12866 8.553253e-13
12867 8.551846e-13
12868 8.550439e-13
12869 8.549033e-13
12870 8.547627e-13
12871 8.546221e-13
12872 8.544815e-13
12873 8.543410e-13
12874 8.542006e-13
12875 8.540601e-13
12876 8.539197e-13
12877 8.537793e-13
12878 8.536390e-13
12879 8.534987e-13
12880 8.533584e-13
12881 8.532182e-13
12882 8.530780e-13
12883 8.529378e-13
12884 8.527977e-13
12885 8.526576e-13
12886 8.525175e-13
12887 8.523775e-13
12888 8.522375e-13
12889 8.520975e-13
12890 8.519576e-13
12891 8.518177e-13
12892 8.516778e-13
12893 8.515380e-13
12894 8.513982e-13
12895 8.512585e-13
12896 8.511187e-13
12897 8.509790e-13
12898 8.508394e-13
12899 8.506997e-13
12900 8.505602e-13
12901 8.504206e-13
12902 8.502811e-13
12903 8.501416e-13
12904 8.500021e-13
12905 8.498627e-13
12906 8.497233e-13
12907 8.495839e-13
12908 8.494446e-13
12909 8.493053e-13
12910 8.491661e-13
12911 8.490269e-13
12912 8.488877e-13
12913 8.487485e-13
12914 8.486094e-13
12915 8.484703e-13
12916 8.483312e-13
12917 8.481922e-13
12918 8.480532e-13
12919 8.479143e-13
12920 8.477754e-13
12921 8.476365e-13
12922 8.474976e-13
12923 8.473588e-13
12924 8.472200e-13
12925 8.470813e-13
12926 8.469425e-13
12927 8.468039e-13
12928 8.466652e-13
12929 8.465266e-13
12930 8.463880e-13
12931 8.462494e-13
12932 8.461109e-13
12933 8.459724e-13
12934 8.458340e-13
12935 8.456956e-13
12936 8.455572e-13
12937 8.454188e-13
12938 8.452805e-13
12939 8.451422e-13
12940 8.450040e-13
12941 8.448658e-13
12942 8.447276e-13
12943 8.445894e-13
12944 8.444513e-13
12945 8.443132e-13
12946 8.441752e-13
12947 8.440371e-13
12948 8.438991e-13
12949 8.437612e-13
12950 8.436233e-13
12951 8.434854e-13
12952 8.433475e-13
12953 8.432097e-13
12954 8.430719e-13
12955 8.429342e-13
12956 8.427965e-13
12957 8.426588e-13
12958 8.425211e-13
12959 8.423835e-13
12960 8.422459e-13
12961 8.421083e-13
12962 8.419708e-13
12963 8.418333e-13
12964 8.416959e-13
12965 8.415585e-13
12966 8.414210e-13
12967 8.412835e-13
12968 8.411460e-13
12969 8.410086e-13
12970 8.408712e-13
12971 8.407338e-13
12972 8.405964e-13
12973 8.404591e-13
12974 8.403218e-13
12975 8.401846e-13
12976 8.400474e-13
12977 8.399102e-13
12978 8.397730e-13
12979 8.396359e-13
12980 8.394988e-13
12981 8.393618e-13
12982 8.392248e-13
12983 8.390878e-13
12984 8.389508e-13
12985 8.388139e-13
12986 8.386770e-13
12987 8.385402e-13
12988 8.384033e-13
12989 8.382665e-13
12990 8.381298e-13
12991 8.379931e-13
12992 8.378564e-13
12993 8.377197e-13
12994 8.375831e-13
12995 8.374465e-13
12996 8.373099e-13
12997 8.371734e-13
12998 8.370369e-13
12999 8.369004e-13
13000 8.367640e-13
13001 8.366276e-13
13002 8.364913e-13
13003 8.363549e-13
13004 8.362186e-13
13005 8.360824e-13
13006 8.359461e-13
13007 8.358099e-13
13008 8.356738e-13
13009 8.355376e-13
13010 8.354015e-13
13011 8.352655e-13
13012 8.351294e-13
13013 8.349934e-13
13014 8.348574e-13
13015 8.347215e-13
13016 8.345856e-13
13017 8.344497e-13
13018 8.343139e-13
13019 8.341781e-13
13020 8.340423e-13
13021 8.339066e-13
13022 8.337708e-13
13023 8.336352e-13
13024 8.334995e-13
13025 8.333639e-13
13026 8.332283e-13
13027 8.330928e-13
13028 8.329573e-13
13029 8.328218e-13
13030 8.326863e-13
13031 8.325509e-13
13032 8.324155e-13
13033 8.322802e-13
13034 8.321448e-13
13035 8.320096e-13
13036 8.318743e-13
13037 8.317391e-13
13038 8.316039e-13
13039 8.314687e-13
13040 8.313336e-13
13041 8.311985e-13
13042 8.310634e-13
13043 8.309284e-13
13044 8.307934e-13
13045 8.306584e-13
13046 8.305235e-13
13047 8.303886e-13
13048 8.302537e-13
13049 8.301189e-13
13050 8.299841e-13
13051 8.298493e-13
13052 8.297146e-13
13053 8.295799e-13
13054 8.294452e-13
13055 8.293106e-13
13056 8.291759e-13
13057 8.290414e-13
13058 8.289068e-13
13059 8.287723e-13
13060 8.286378e-13
13061 8.285034e-13
13062 8.283690e-13
13063 8.282346e-13
13064 8.281002e-13
13065 8.279659e-13
13066 8.278316e-13
13067 8.276973e-13
13068 8.275631e-13
13069 8.274289e-13
13070 8.272948e-13
13071 8.271606e-13
13072 8.270265e-13
13073 8.268925e-13
13074 8.267584e-13
13075 8.266244e-13
13076 8.264905e-13
13077 8.263565e-13
13078 8.262226e-13
13079 8.260887e-13
13080 8.259549e-13
13081 8.258211e-13
13082 8.256871e-13
13083 8.255532e-13
13084 8.254194e-13
13085 8.252855e-13
13086 8.251517e-13
13087 8.250180e-13
13088 8.248842e-13
13089 8.247505e-13
13090 8.246169e-13
13091 8.244832e-13
13092 8.243496e-13
13093 8.242160e-13
13094 8.240825e-13
13095 8.239490e-13
13096 8.238155e-13
13097 8.236820e-13
13098 8.235486e-13
13099 8.234152e-13
13100 8.232818e-13
13101 8.231485e-13
13102 8.230152e-13
13103 8.228820e-13
13104 8.227487e-13
13105 8.226155e-13
13106 8.224824e-13
13107 8.223492e-13
13108 8.222161e-13
13109 8.220831e-13
13110 8.219500e-13
13111 8.218170e-13
13112 8.216840e-13
13113 8.215511e-13
13114 8.214182e-13
13115 8.212853e-13
13116 8.211524e-13
13117 8.210196e-13
13118 8.208868e-13
13119 8.207541e-13
13120 8.206214e-13
13121 8.204887e-13
13122 8.203560e-13
13123 8.202234e-13
13124 8.200908e-13
13125 8.199582e-13
13126 8.198257e-13
13127 8.196932e-13
13128 8.195607e-13
13129 8.194283e-13
13130 8.192959e-13
13131 8.191635e-13
13132 8.190311e-13
13133 8.188988e-13
13134 8.187665e-13
13135 8.186343e-13
13136 8.185021e-13
13137 8.183699e-13
13138 8.182377e-13
13139 8.181056e-13
13140 8.179735e-13
13141 8.178414e-13
13142 8.177094e-13
13143 8.175774e-13
13144 8.174454e-13
13145 8.173135e-13
13146 8.171816e-13
13147 8.170497e-13
13148 8.169179e-13
13149 8.167861e-13
13150 8.166543e-13
13151 8.165225e-13
13152 8.163908e-13
13153 8.162591e-13
13154 8.161275e-13
13155 8.159959e-13
13156 8.158643e-13
13157 8.157327e-13
13158 8.156012e-13
13159 8.154697e-13
13160 8.153382e-13
13161 8.152068e-13
13162 8.150754e-13
13163 8.149440e-13
13164 8.148126e-13
13165 8.146813e-13
13166 8.145501e-13
13167 8.144188e-13
13168 8.142876e-13
13169 8.141564e-13
13170 8.140252e-13
13171 8.138941e-13
13172 8.137630e-13
13173 8.136320e-13
13174 8.135009e-13
13175 8.133699e-13
13176 8.132390e-13
13177 8.131080e-13
13178 8.129771e-13
13179 8.128462e-13
13180 8.127154e-13
13181 8.125846e-13
13182 8.124538e-13
13183 8.123230e-13
13184 8.121923e-13
13185 8.120616e-13
13186 8.119310e-13
13187 8.118003e-13
13188 8.116697e-13
13189 8.115392e-13
13190 8.114086e-13
13191 8.112781e-13
13192 8.111476e-13
13193 8.110172e-13
13194 8.108868e-13
13195 8.107564e-13
13196 8.106260e-13
13197 8.104957e-13
13198 8.103653e-13
13199 8.102349e-13
13200 8.101045e-13
13201 8.099742e-13
13202 8.098439e-13
13203 8.097136e-13
13204 8.095833e-13
13205 8.094531e-13
13206 8.093229e-13
13207 8.091928e-13
13208 8.090626e-13
13209 8.089325e-13
13210 8.088025e-13
13211 8.086724e-13
13212 8.085424e-13
13213 8.084125e-13
13214 8.082825e-13
13215 8.081526e-13
13216 8.080227e-13
13217 8.078929e-13
13218 8.077631e-13
13219 8.076333e-13
13220 8.075035e-13
13221 8.073738e-13
13222 8.072441e-13
13223 8.071144e-13
13224 8.069848e-13
13225 8.068552e-13
13226 8.067256e-13
13227 8.065960e-13
13228 8.064665e-13
13229 8.063370e-13
13230 8.062076e-13
13231 8.060782e-13
13232 8.059488e-13
13233 8.058194e-13
13234 8.056901e-13
13235 8.055608e-13
13236 8.054315e-13
13237 8.053023e-13
13238 8.051731e-13
13239 8.050439e-13
13240 8.049147e-13
13241 8.047856e-13
13242 8.046565e-13
13243 8.045275e-13
13244 8.043984e-13
13245 8.042694e-13
13246 8.041405e-13
13247 8.040115e-13
13248 8.038826e-13
13249 8.037538e-13
13250 8.036249e-13
13251 8.034961e-13
13252 8.033673e-13
13253 8.032386e-13
13254 8.031099e-13
13255 8.029812e-13
13256 8.028525e-13
13257 8.027239e-13
13258 8.025953e-13
13259 8.024667e-13
13260 8.023382e-13
13261 8.022096e-13
13262 8.020812e-13
13263 8.019527e-13
13264 8.018243e-13
13265 8.016959e-13
13266 8.015675e-13
13267 8.014392e-13
13268 8.013109e-13
13269 8.011826e-13
13270 8.010544e-13
13271 8.009262e-13
13272 8.007980e-13
13273 8.006699e-13
13274 8.005418e-13
13275 8.004137e-13
13276 8.002856e-13
13277 8.001576e-13
13278 8.000296e-13
13279 7.999016e-13
13280 7.997737e-13
13281 7.996458e-13
13282 7.995179e-13
13283 7.993901e-13
13284 7.992622e-13
13285 7.991345e-13
13286 7.990067e-13
13287 7.988790e-13
13288 7.987513e-13
13289 7.986236e-13
13290 7.984960e-13
13291 7.983684e-13
13292 7.982408e-13
13293 7.981132e-13
13294 7.979857e-13
13295 7.978582e-13
13296 7.977308e-13
13297 7.976034e-13
13298 7.974760e-13
13299 7.973486e-13
13300 7.972213e-13
13301 7.970939e-13
13302 7.969667e-13
13303 7.968394e-13
13304 7.967122e-13
13305 7.965850e-13
13306 7.964579e-13
13307 7.963307e-13
13308 7.962036e-13
13309 7.960766e-13
13310 7.959495e-13
13311 7.958225e-13
13312 7.956955e-13
13313 7.955686e-13
13314 7.954417e-13
13315 7.953147e-13
13316 7.951877e-13
13317 7.950607e-13
13318 7.949338e-13
13319 7.948069e-13
13320 7.946800e-13
13321 7.945532e-13
13322 7.944263e-13
13323 7.942995e-13
13324 7.941728e-13
13325 7.940460e-13
13326 7.939193e-13
13327 7.937927e-13
13328 7.936660e-13
13329 7.935394e-13
13330 7.934128e-13
13331 7.932863e-13
13332 7.931597e-13
13333 7.930333e-13
13334 7.929068e-13
13335 7.927804e-13
13336 7.926539e-13
13337 7.925276e-13
13338 7.924012e-13
13339 7.922749e-13
13340 7.921486e-13
13341 7.920224e-13
13342 7.918961e-13
13343 7.917699e-13
13344 7.916438e-13
13345 7.915176e-13
13346 7.913915e-13
13347 7.912654e-13
13348 7.911394e-13
13349 7.910134e-13
13350 7.908874e-13
13351 7.907614e-13
13352 7.906355e-13
13353 7.905096e-13
13354 7.903837e-13
13355 7.902578e-13
13356 7.901320e-13
13357 7.900062e-13
13358 7.898805e-13
13359 7.897548e-13
13360 7.896291e-13
13361 7.895034e-13
13362 7.893778e-13
13363 7.892522e-13
13364 7.891266e-13
13365 7.890010e-13
13366 7.888755e-13
13367 7.887500e-13
13368 7.886245e-13
13369 7.884991e-13
13370 7.883737e-13
13371 7.882483e-13
13372 7.881230e-13
13373 7.879977e-13
13374 7.878724e-13
13375 7.877471e-13
13376 7.876219e-13
13377 7.874967e-13
13378 7.873715e-13
13379 7.872464e-13
13380 7.871213e-13
13381 7.869962e-13
13382 7.868711e-13
13383 7.867461e-13
13384 7.866211e-13
13385 7.864962e-13
13386 7.863712e-13
13387 7.862463e-13
13388 7.861214e-13
13389 7.859966e-13
13390 7.858718e-13
13391 7.857470e-13
13392 7.856222e-13
13393 7.854975e-13
13394 7.853728e-13
13395 7.852481e-13
13396 7.851235e-13
13397 7.849989e-13
13398 7.848743e-13
13399 7.847497e-13
13400 7.846252e-13
13401 7.845007e-13
13402 7.843762e-13
13403 7.842518e-13
13404 7.841274e-13
13405 7.840030e-13
13406 7.838786e-13
13407 7.837543e-13
13408 7.836300e-13
13409 7.835057e-13
13410 7.833815e-13
13411 7.832573e-13
13412 7.831331e-13
13413 7.830090e-13
13414 7.828848e-13
13415 7.827607e-13
13416 7.826367e-13
13417 7.825126e-13
13418 7.823886e-13
13419 7.822647e-13
13420 7.821407e-13
13421 7.820168e-13
13422 7.818929e-13
13423 7.817690e-13
13424 7.816452e-13
13425 7.815214e-13
13426 7.813976e-13
13427 7.812739e-13
13428 7.811502e-13
13429 7.810265e-13
13430 7.809028e-13
13431 7.807792e-13
13432 7.806556e-13
13433 7.805320e-13
13434 7.804083e-13
13435 7.802846e-13
13436 7.801610e-13
13437 7.800374e-13
13438 7.799139e-13
13439 7.797903e-13
13440 7.796668e-13
13441 7.795433e-13
13442 7.794199e-13
13443 7.792965e-13
13444 7.791731e-13
13445 7.790497e-13
13446 7.789264e-13
13447 7.788030e-13
13448 7.786798e-13
13449 7.785565e-13
13450 7.784333e-13
13451 7.783101e-13
13452 7.781869e-13
13453 7.780638e-13
13454 7.779407e-13
13455 7.778176e-13
13456 7.776946e-13
13457 7.775715e-13
13458 7.774486e-13
13459 7.773256e-13
13460 7.772027e-13
13461 7.770797e-13
13462 7.769569e-13
13463 7.768340e-13
13464 7.767112e-13
13465 7.765884e-13
13466 7.764656e-13
13467 7.763429e-13
13468 7.762202e-13
13469 7.760975e-13
13470 7.759749e-13
13471 7.758522e-13
13472 7.757297e-13
13473 7.756071e-13
13474 7.754846e-13
13475 7.753620e-13
13476 7.752396e-13
13477 7.751171e-13
13478 7.749947e-13
13479 7.748723e-13
13480 7.747499e-13
13481 7.746276e-13
13482 7.745053e-13
13483 7.743830e-13
13484 7.742608e-13
13485 7.741385e-13
13486 7.740163e-13
13487 7.738942e-13
13488 7.737720e-13
13489 7.736499e-13
13490 7.735278e-13
13491 7.734058e-13
13492 7.732838e-13
13493 7.731618e-13
13494 7.730398e-13
13495 7.729178e-13
13496 7.727959e-13
13497 7.726741e-13
13498 7.725522e-13
13499 7.724304e-13
13500 7.723086e-13
13501 7.721868e-13
13502 7.720651e-13
13503 7.719433e-13
13504 7.718217e-13
13505 7.717000e-13
13506 7.715784e-13
13507 7.714568e-13
13508 7.713352e-13
13509 7.712136e-13
13510 7.710921e-13
13511 7.709706e-13
13512 7.708492e-13
13513 7.707277e-13
13514 7.706063e-13
13515 7.704850e-13
13516 7.703636e-13
13517 7.702423e-13
13518 7.701210e-13
13519 7.699997e-13
13520 7.698785e-13
13521 7.697573e-13
13522 7.696361e-13
13523 7.695150e-13
13524 7.693938e-13
13525 7.692727e-13
13526 7.691517e-13
13527 7.690306e-13
13528 7.689096e-13
13529 7.687886e-13
13530 7.686677e-13
13531 7.685467e-13
13532 7.684258e-13
13533 7.683050e-13
13534 7.681841e-13
13535 7.680633e-13
13536 7.679425e-13
13537 7.678218e-13
13538 7.677010e-13
13539 7.675803e-13
13540 7.674596e-13
13541 7.673390e-13
13542 7.672184e-13
13543 7.670978e-13
13544 7.669772e-13
13545 7.668567e-13
13546 7.667362e-13
13547 7.666157e-13
13548 7.664952e-13
13549 7.663748e-13
13550 7.662544e-13
13551 7.661340e-13
13552 7.660137e-13
13553 7.658933e-13
13554 7.657728e-13
13555 7.656524e-13
13556 7.655321e-13
13557 7.654117e-13
13558 7.652914e-13
13559 7.651712e-13
13560 7.650509e-13
13561 7.649307e-13
13562 7.648105e-13
13563 7.646903e-13
13564 7.645702e-13
13565 7.644501e-13
13566 7.643300e-13
13567 7.642099e-13
13568 7.640899e-13
13569 7.639699e-13
13570 7.638499e-13
13571 7.637300e-13
13572 7.636100e-13
13573 7.634902e-13
13574 7.633703e-13
13575 7.632505e-13
13576 7.631306e-13
13577 7.630109e-13
13578 7.628911e-13
13579 7.627714e-13
13580 7.626517e-13
13581 7.625320e-13
13582 7.624124e-13
13583 7.622928e-13
13584 7.621732e-13
13585 7.620536e-13
13586 7.619341e-13
13587 7.618146e-13
13588 7.616951e-13
13589 7.615756e-13
13590 7.614562e-13
13591 7.613368e-13
13592 7.612175e-13
13593 7.610981e-13
13594 7.609788e-13
13595 7.608595e-13
13596 7.607403e-13
13597 7.606210e-13
13598 7.605018e-13
13599 7.603827e-13
13600 7.602635e-13
13601 7.601444e-13
13602 7.600253e-13
13603 7.599062e-13
13604 7.597872e-13
13605 7.596682e-13
13606 7.595492e-13
13607 7.594302e-13
13608 7.593113e-13
13609 7.591924e-13
13610 7.590735e-13
13611 7.589547e-13
13612 7.588359e-13
13613 7.587171e-13
13614 7.585983e-13
13615 7.584796e-13
13616 7.583609e-13
13617 7.582422e-13
13618 7.581235e-13
13619 7.580049e-13
13620 7.578863e-13
13621 7.577677e-13
13622 7.576492e-13
13623 7.575307e-13
13624 7.574122e-13
13625 7.572937e-13
13626 7.571753e-13
13627 7.570568e-13
13628 7.569385e-13
13629 7.568201e-13
13630 7.567018e-13
13631 7.565835e-13
13632 7.564652e-13
13633 7.563470e-13
13634 7.562287e-13
13635 7.561105e-13
13636 7.559924e-13
13637 7.558742e-13
13638 7.557561e-13
13639 7.556380e-13
13640 7.555200e-13
13641 7.554020e-13
13642 7.552840e-13
13643 7.551660e-13
13644 7.550480e-13
13645 7.549301e-13
13646 7.548122e-13
13647 7.546943e-13
13648 7.545765e-13
13649 7.544587e-13
13650 7.543409e-13
13651 7.542231e-13
13652 7.541054e-13
13653 7.539877e-13
13654 7.538700e-13
13655 7.537524e-13
13656 7.536347e-13
13657 7.535172e-13
13658 7.533996e-13
13659 7.532820e-13
13660 7.531645e-13
13661 7.530470e-13
13662 7.529296e-13
13663 7.528121e-13
13664 7.526947e-13
13665 7.525773e-13
13666 7.524600e-13
13667 7.523427e-13
13668 7.522254e-13
13669 7.521081e-13
13670 7.519908e-13
13671 7.518736e-13
13672 7.517564e-13
13673 7.516392e-13
13674 7.515219e-13
13675 7.514047e-13
13676 7.512875e-13
13677 7.511703e-13
13678 7.510531e-13
13679 7.509360e-13
13680 7.508189e-13
13681 7.507018e-13
13682 7.505847e-13
13683 7.504677e-13
13684 7.503507e-13
13685 7.502337e-13
13686 7.501168e-13
13687 7.499999e-13
13688 7.498830e-13
13689 7.497661e-13
13690 7.496493e-13
13691 7.495325e-13
13692 7.494157e-13
13693 7.492989e-13
13694 7.491822e-13
13695 7.490655e-13
13696 7.489488e-13
13697 7.488322e-13
13698 7.487155e-13
13699 7.485989e-13
13700 7.484824e-13
13701 7.483658e-13
13702 7.482493e-13
13703 7.481328e-13
13704 7.480164e-13
13705 7.478999e-13
13706 7.477835e-13
13707 7.476671e-13
13708 7.475508e-13
13709 7.474344e-13
13710 7.473181e-13
13711 7.472018e-13
13712 7.470856e-13
13713 7.469694e-13
13714 7.468532e-13
13715 7.467370e-13
13716 7.466209e-13
13717 7.465047e-13
13718 7.463886e-13
13719 7.462726e-13
13720 7.461565e-13
13721 7.460405e-13
13722 7.459245e-13
13723 7.458086e-13
13724 7.456926e-13
13725 7.455767e-13
13726 7.454609e-13
13727 7.453450e-13
13728 7.452292e-13
13729 7.451134e-13
13730 7.449976e-13
13731 7.448818e-13
13732 7.447661e-13
13733 7.446504e-13
13734 7.445348e-13
13735 7.444191e-13
13736 7.443035e-13
13737 7.441879e-13
13738 7.440723e-13
13739 7.439568e-13
13740 7.438413e-13
13741 7.437258e-13
13742 7.436104e-13
13743 7.434949e-13
13744 7.433795e-13
13745 7.432641e-13
13746 7.431488e-13
13747 7.430335e-13
13748 7.429182e-13
13749 7.428029e-13
13750 7.426876e-13
13751 7.425724e-13
13752 7.424572e-13
13753 7.423420e-13
13754 7.422269e-13
13755 7.421118e-13
13756 7.419967e-13
13757 7.418816e-13
13758 7.417666e-13
13759 7.416516e-13
13760 7.415366e-13
13761 7.414216e-13
13762 7.413067e-13
13763 7.411918e-13
13764 7.410769e-13
13765 7.409621e-13
13766 7.408472e-13
13767 7.407324e-13
13768 7.406176e-13
13769 7.405029e-13
13770 7.403882e-13
13771 7.402735e-13
13772 7.401588e-13
13773 7.400442e-13
13774 7.399295e-13
13775 7.398149e-13
13776 7.397004e-13
13777 7.395858e-13
13778 7.394713e-13
13779 7.393568e-13
13780 7.392424e-13
13781 7.391279e-13
13782 7.390135e-13
13783 7.388991e-13
13784 7.387848e-13
13785 7.386704e-13
13786 7.385561e-13
13787 7.384418e-13
13788 7.383276e-13
13789 7.382134e-13
13790 7.380992e-13
13791 7.379850e-13
13792 7.378708e-13
13793 7.377567e-13
13794 7.376426e-13
13795 7.375284e-13
13796 7.374142e-13
13797 7.373001e-13
13798 7.371860e-13
13799 7.370719e-13
13800 7.369578e-13
13801 7.368438e-13
13802 7.367298e-13
13803 7.366158e-13
13804 7.365018e-13
13805 7.363879e-13
13806 7.362740e-13
13807 7.361601e-13
13808 7.360462e-13
13809 7.359324e-13
13810 7.358186e-13
13811 7.357048e-13
13812 7.355910e-13
13813 7.354773e-13
13814 7.353636e-13
13815 7.352499e-13
13816 7.351363e-13
13817 7.350226e-13
13818 7.349090e-13
13819 7.347955e-13
13820 7.346819e-13
13821 7.345684e-13
13822 7.344549e-13
13823 7.343414e-13
13824 7.342280e-13
13825 7.341145e-13
13826 7.340012e-13
13827 7.338878e-13
13828 7.337744e-13
13829 7.336611e-13
13830 7.335478e-13
13831 7.334346e-13
13832 7.333213e-13
13833 7.332081e-13
13834 7.330949e-13
13835 7.329818e-13
13836 7.328686e-13
13837 7.327555e-13
13838 7.326424e-13
13839 7.325294e-13
13840 7.324163e-13
13841 7.323033e-13
13842 7.321903e-13
13843 7.320774e-13
13844 7.319644e-13
13845 7.318515e-13
13846 7.317386e-13
13847 7.316258e-13
13848 7.315129e-13
13849 7.314001e-13
13850 7.312874e-13
13851 7.311746e-13
13852 7.310619e-13
13853 7.309492e-13
13854 7.308365e-13
13855 7.307238e-13
13856 7.306112e-13
13857 7.304986e-13
13858 7.303860e-13
13859 7.302735e-13
13860 7.301610e-13
13861 7.300485e-13
13862 7.299360e-13
13863 7.298235e-13
13864 7.297111e-13
13865 7.295987e-13
13866 7.294863e-13
13867 7.293740e-13
13868 7.292617e-13
13869 7.291494e-13
13870 7.290371e-13
13871 7.289249e-13
13872 7.288126e-13
13873 7.287005e-13
13874 7.285883e-13
13875 7.284761e-13
13876 7.283640e-13
13877 7.282519e-13
13878 7.281399e-13
13879 7.280278e-13
13880 7.279158e-13
13881 7.278038e-13
13882 7.276918e-13
13883 7.275799e-13
13884 7.274680e-13
13885 7.273561e-13
13886 7.272442e-13
13887 7.271324e-13
13888 7.270206e-13
13889 7.269088e-13
13890 7.267970e-13
13891 7.266853e-13
13892 7.265736e-13
13893 7.264619e-13
13894 7.263502e-13
13895 7.262386e-13
13896 7.261270e-13
13897 7.260154e-13
13898 7.259038e-13
13899 7.257923e-13
13900 7.256807e-13
13901 7.255693e-13
13902 7.254578e-13
13903 7.253464e-13
13904 7.252349e-13
13905 7.251236e-13
13906 7.250122e-13
13907 7.249009e-13
13908 7.247896e-13
13909 7.246783e-13
13910 7.245670e-13
13911 7.244558e-13
13912 7.243446e-13
13913 7.242334e-13
13914 7.241222e-13
13915 7.240111e-13
13916 7.239000e-13
13917 7.237888e-13
13918 7.236776e-13
13919 7.235665e-13
13920 7.234554e-13
13921 7.233442e-13
13922 7.232332e-13
13923 7.231221e-13
13924 7.230111e-13
13925 7.229001e-13
13926 7.227891e-13
13927 7.226782e-13
13928 7.225672e-13
13929 7.224563e-13
13930 7.223454e-13
13931 7.222346e-13
13932 7.221238e-13
13933 7.220130e-13
13934 7.219022e-13
13935 7.217914e-13
13936 7.216807e-13
13937 7.215700e-13
13938 7.214593e-13
13939 7.213487e-13
13940 7.212380e-13
13941 7.211274e-13
13942 7.210168e-13
13943 7.209063e-13
13944 7.207958e-13
13945 7.206853e-13
13946 7.205748e-13
13947 7.204643e-13
13948 7.203539e-13
13949 7.202435e-13
13950 7.201331e-13
13951 7.200227e-13
13952 7.199124e-13
13953 7.198021e-13
13954 7.196918e-13
13955 7.195816e-13
13956 7.194713e-13
13957 7.193611e-13
13958 7.192510e-13
13959 7.191408e-13
13960 7.190307e-13
13961 7.189206e-13
13962 7.188105e-13
13963 7.187004e-13
13964 7.185904e-13
13965 7.184804e-13
13966 7.183704e-13
13967 7.182604e-13
13968 7.181505e-13
13969 7.180406e-13
13970 7.179307e-13
13971 7.178208e-13
13972 7.177110e-13
13973 7.176012e-13
13974 7.174914e-13
13975 7.173816e-13
13976 7.172719e-13
13977 7.171622e-13
13978 7.170525e-13
13979 7.169428e-13
13980 7.168332e-13
13981 7.167236e-13
13982 7.166140e-13
13983 7.165044e-13
13984 7.163949e-13
13985 7.162854e-13
13986 7.161759e-13
13987 7.160664e-13
13988 7.159570e-13
13989 7.158476e-13
13990 7.157382e-13
13991 7.156288e-13
13992 7.155194e-13
13993 7.154101e-13
13994 7.153008e-13
13995 7.151916e-13
13996 7.150823e-13
13997 7.149731e-13
13998 7.148639e-13
13999 7.147547e-13
14000 7.146456e-13
14001 7.145365e-13
14002 7.144274e-13
14003 7.143183e-13
14004 7.142092e-13
14005 7.141002e-13
14006 7.139912e-13
14007 7.138822e-13
14008 7.137733e-13
14009 7.136643e-13
14010 7.135554e-13
14011 7.134466e-13
14012 7.133377e-13
14013 7.132289e-13
14014 7.131201e-13
14015 7.130113e-13
14016 7.129025e-13
14017 7.127938e-13
14018 7.126851e-13
14019 7.125764e-13
14020 7.124677e-13
14021 7.123591e-13
14022 7.122505e-13
14023 7.121419e-13
14024 7.120333e-13
14025 7.119248e-13
14026 7.118163e-13
14027 7.117078e-13
14028 7.115993e-13
14029 7.114909e-13
14030 7.113825e-13
14031 7.112741e-13
14032 7.111657e-13
14033 7.110574e-13
14034 7.109490e-13
14035 7.108407e-13
14036 7.107325e-13
14037 7.106242e-13
14038 7.105160e-13
14039 7.104078e-13
14040 7.102996e-13
14041 7.101914e-13
14042 7.100831e-13
14043 7.099749e-13
14044 7.098667e-13
14045 7.097586e-13
14046 7.096504e-13
14047 7.095423e-13
14048 7.094342e-13
14049 7.093261e-13
14050 7.092181e-13
14051 7.091101e-13
14052 7.090021e-13
14053 7.088941e-13
14054 7.087861e-13
14055 7.086782e-13
14056 7.085703e-13
14057 7.084624e-13
14058 7.083546e-13
14059 7.082468e-13
14060 7.081389e-13
14061 7.080312e-13
14062 7.079234e-13
14063 7.078157e-13
14064 7.077080e-13
14065 7.076003e-13
14066 7.074926e-13
14067 7.073850e-13
14068 7.072774e-13
14069 7.071698e-13
14070 7.070622e-13
14071 7.069547e-13
14072 7.068472e-13
14073 7.067397e-13
14074 7.066322e-13
14075 7.065247e-13
14076 7.064173e-13
14077 7.063099e-13
14078 7.062026e-13
14079 7.060952e-13
14080 7.059879e-13
14081 7.058806e-13
14082 7.057733e-13
14083 7.056660e-13
14084 7.055588e-13
14085 7.054516e-13
14086 7.053444e-13
14087 7.052373e-13
14088 7.051301e-13
14089 7.050230e-13
14090 7.049159e-13
14091 7.048089e-13
14092 7.047018e-13
14093 7.045948e-13
14094 7.044878e-13
14095 7.043809e-13
14096 7.042739e-13
14097 7.041670e-13
14098 7.040601e-13
14099 7.039532e-13
14100 7.038464e-13
14101 7.037396e-13
14102 7.036328e-13
14103 7.035260e-13
14104 7.034192e-13
14105 7.033125e-13
14106 7.032058e-13
14107 7.030991e-13
14108 7.029925e-13
14109 7.028858e-13
14110 7.027792e-13
14111 7.026726e-13
14112 7.025661e-13
14113 7.024595e-13
14114 7.023530e-13
14115 7.022465e-13
14116 7.021400e-13
14117 7.020336e-13
14118 7.019272e-13
14119 7.018208e-13
14120 7.017144e-13
14121 7.016081e-13
14122 7.015017e-13
14123 7.013954e-13
14124 7.012891e-13
14125 7.011829e-13
14126 7.010767e-13
14127 7.009704e-13
14128 7.008643e-13
14129 7.007581e-13
14130 7.006520e-13
14131 7.005459e-13
14132 7.004398e-13
14133 7.003337e-13
14134 7.002277e-13
14135 7.001216e-13
14136 7.000156e-13
14137 6.999097e-13
14138 6.998037e-13
14139 6.996978e-13
14140 6.995919e-13
14141 6.994860e-13
14142 6.993802e-13
14143 6.992743e-13
14144 6.991685e-13
14145 6.990627e-13
14146 6.989570e-13
14147 6.988512e-13
14148 6.987455e-13
14149 6.986398e-13
14150 6.985342e-13
14151 6.984285e-13
14152 6.983229e-13
14153 6.982173e-13
14154 6.981117e-13
14155 6.980062e-13
14156 6.979006e-13
14157 6.977951e-13
14158 6.976897e-13
14159 6.975842e-13
14160 6.974788e-13
14161 6.973734e-13
14162 6.972680e-13
14163 6.971626e-13
14164 6.970573e-13
14165 6.969520e-13
14166 6.968465e-13
14167 6.967412e-13
14168 6.966358e-13
14169 6.965305e-13
14170 6.964252e-13
14171 6.963199e-13
14172 6.962146e-13
14173 6.961094e-13
14174 6.960042e-13
14175 6.958990e-13
14176 6.957938e-13
14177 6.956887e-13
14178 6.955835e-13
14179 6.954784e-13
14180 6.953734e-13
14181 6.952683e-13
14182 6.951633e-13
14183 6.950583e-13
14184 6.949533e-13
14185 6.948483e-13
14186 6.947434e-13
14187 6.946385e-13
14188 6.945336e-13
14189 6.944287e-13
14190 6.943239e-13
14191 6.942191e-13
14192 6.941143e-13
14193 6.940095e-13
14194 6.939048e-13
14195 6.938000e-13
14196 6.936953e-13
14197 6.935906e-13
14198 6.934860e-13
14199 6.933814e-13
14200 6.932767e-13
14201 6.931722e-13
14202 6.930676e-13
14203 6.929630e-13
14204 6.928585e-13
14205 6.927540e-13
14206 6.926496e-13
14207 6.925451e-13
14208 6.924407e-13
14209 6.923363e-13
14210 6.922319e-13
14211 6.921275e-13
14212 6.920232e-13
14213 6.919189e-13
14214 6.918146e-13
14215 6.917104e-13
14216 6.916061e-13
14217 6.915019e-13
14218 6.913977e-13
14219 6.912935e-13
14220 6.911894e-13
14221 6.910852e-13
14222 6.909811e-13
14223 6.908771e-13
14224 6.907730e-13
14225 6.906690e-13
14226 6.905650e-13
14227 6.904610e-13
14228 6.903570e-13
14229 6.902531e-13
14230 6.901491e-13
14231 6.900452e-13
14232 6.899414e-13
14233 6.898375e-13
14234 6.897337e-13
14235 6.896299e-13
14236 6.895261e-13
14237 6.894224e-13
14238 6.893186e-13
14239 6.892149e-13
14240 6.891112e-13
14241 6.890075e-13
14242 6.889039e-13
14243 6.888003e-13
14244 6.886967e-13
14245 6.885931e-13
14246 6.884895e-13
14247 6.883860e-13
14248 6.882825e-13
14249 6.881790e-13
14250 6.880756e-13
14251 6.879721e-13
14252 6.878687e-13
14253 6.877653e-13
14254 6.876619e-13
14255 6.875586e-13
14256 6.874553e-13
14257 6.873520e-13
14258 6.872487e-13
14259 6.871454e-13
14260 6.870422e-13
14261 6.869390e-13
14262 6.868358e-13
14263 6.867326e-13
14264 6.866295e-13
14265 6.865264e-13
14266 6.864233e-13
14267 6.863202e-13
14268 6.862171e-13
14269 6.861141e-13
14270 6.860111e-13
14271 6.859081e-13
14272 6.858052e-13
14273 6.857022e-13
14274 6.855993e-13
14275 6.854964e-13
14276 6.853935e-13
14277 6.852907e-13
14278 6.851879e-13
14279 6.850851e-13
14280 6.849823e-13
14281 6.848795e-13
14282 6.847768e-13
14283 6.846741e-13
14284 6.845714e-13
14285 6.844687e-13
14286 6.843661e-13
14287 6.842635e-13
14288 6.841609e-13
14289 6.840583e-13
14290 6.839557e-13
14291 6.838532e-13
14292 6.837506e-13
14293 6.836480e-13
14294 6.835454e-13
14295 6.834428e-13
14296 6.833403e-13
14297 6.832378e-13
14298 6.831353e-13
14299 6.830329e-13
14300 6.829304e-13
14301 6.828280e-13
14302 6.827256e-13
14303 6.826233e-13
14304 6.825209e-13
14305 6.824186e-13
14306 6.823163e-13
14307 6.822140e-13
14308 6.821118e-13
14309 6.820096e-13
14310 6.819073e-13
14311 6.818052e-13
14312 6.817030e-13
14313 6.816008e-13
14314 6.814987e-13
14315 6.813966e-13
14316 6.812946e-13
14317 6.811925e-13
14318 6.810905e-13
14319 6.809885e-13
14320 6.808865e-13
14321 6.807845e-13
14322 6.806826e-13
14323 6.805807e-13
14324 6.804788e-13
14325 6.803769e-13
14326 6.802750e-13
14327 6.801732e-13
14328 6.800714e-13
14329 6.799696e-13
14330 6.798679e-13
14331 6.797661e-13
14332 6.796644e-13
14333 6.795627e-13
14334 6.794610e-13
14335 6.793594e-13
14336 6.792578e-13
14337 6.791562e-13
14338 6.790546e-13
14339 6.789530e-13
14340 6.788515e-13
14341 6.787500e-13
14342 6.786485e-13
14343 6.785470e-13
14344 6.784455e-13
14345 6.783441e-13
14346 6.782427e-13
14347 6.781413e-13
14348 6.780400e-13
14349 6.779386e-13
14350 6.778373e-13
14351 6.777360e-13
14352 6.776347e-13
14353 6.775335e-13
14354 6.774323e-13
14355 6.773311e-13
14356 6.772299e-13
14357 6.771287e-13
14358 6.770276e-13
14359 6.769265e-13
14360 6.768254e-13
14361 6.767243e-13
14362 6.766232e-13
14363 6.765222e-13
14364 6.764212e-13
14365 6.763202e-13
14366 6.762193e-13
14367 6.761183e-13
14368 6.760174e-13
14369 6.759165e-13
14370 6.758156e-13
14371 6.757148e-13
14372 6.756140e-13
14373 6.755132e-13
14374 6.754124e-13
14375 6.753116e-13
14376 6.752109e-13
14377 6.751101e-13
14378 6.750095e-13
14379 6.749088e-13
14380 6.748081e-13
14381 6.747075e-13
14382 6.746069e-13
14383 6.745063e-13
14384 6.744057e-13
14385 6.743052e-13
14386 6.742047e-13
14387 6.741042e-13
14388 6.740037e-13
14389 6.739032e-13
14390 6.738028e-13
14391 6.737024e-13
14392 6.736020e-13
14393 6.735016e-13
14394 6.734013e-13
14395 6.733010e-13
14396 6.732007e-13
14397 6.731004e-13
14398 6.730001e-13
14399 6.728999e-13
14400 6.727997e-13
14401 6.726995e-13
14402 6.725993e-13
14403 6.724992e-13
14404 6.723990e-13
14405 6.722989e-13
14406 6.721989e-13
14407 6.720988e-13
14408 6.719988e-13
14409 6.718987e-13
14410 6.717987e-13
14411 6.716988e-13
14412 6.715988e-13
14413 6.714989e-13
14414 6.713990e-13
14415 6.712991e-13
14416 6.711992e-13
14417 6.710994e-13
14418 6.709995e-13
14419 6.708996e-13
14420 6.707998e-13
14421 6.706999e-13
14422 6.706001e-13
14423 6.705002e-13
14424 6.704005e-13
14425 6.703007e-13
14426 6.702009e-13
14427 6.701012e-13
14428 6.700015e-13
14429 6.699018e-13
14430 6.698022e-13
14431 6.697025e-13
14432 6.696029e-13
14433 6.695033e-13
14434 6.694037e-13
14435 6.693042e-13
14436 6.692047e-13
14437 6.691051e-13
14438 6.690057e-13
14439 6.689062e-13
14440 6.688067e-13
14441 6.687073e-13
14442 6.686079e-13
14443 6.685085e-13
14444 6.684092e-13
14445 6.683098e-13
14446 6.682105e-13
14447 6.681112e-13
14448 6.680120e-13
14449 6.679127e-13
14450 6.678135e-13
14451 6.677143e-13
14452 6.676151e-13
14453 6.675159e-13
14454 6.674168e-13
14455 6.673177e-13
14456 6.672186e-13
14457 6.671195e-13
14458 6.670204e-13
14459 6.669214e-13
14460 6.668224e-13
14461 6.667234e-13
14462 6.666244e-13
14463 6.665255e-13
14464 6.664266e-13
14465 6.663277e-13
14466 6.662288e-13
14467 6.661299e-13
14468 6.660311e-13
14469 6.659323e-13
14470 6.658335e-13
14471 6.657347e-13
14472 6.656359e-13
14473 6.655372e-13
14474 6.654385e-13
14475 6.653398e-13
14476 6.652411e-13
14477 6.651425e-13
14478 6.650439e-13
14479 6.649453e-13
14480 6.648467e-13
14481 6.647481e-13
14482 6.646496e-13
14483 6.645511e-13
14484 6.644526e-13
14485 6.643541e-13
14486 6.642556e-13
14487 6.641572e-13
14488 6.640588e-13
14489 6.639604e-13
14490 6.638620e-13
14491 6.637637e-13
14492 6.636654e-13
14493 6.635671e-13
14494 6.634688e-13
14495 6.633705e-13
14496 6.632723e-13
14497 6.631740e-13
14498 6.630759e-13
14499 6.629777e-13
14500 6.628795e-13
14501 6.627814e-13
14502 6.626833e-13
14503 6.625852e-13
14504 6.624871e-13
14505 6.623891e-13
14506 6.622910e-13
14507 6.621930e-13
14508 6.620950e-13
14509 6.619971e-13
14510 6.618991e-13
14511 6.618012e-13
14512 6.617033e-13
14513 6.616054e-13
14514 6.615076e-13
14515 6.614097e-13
14516 6.613119e-13
14517 6.612141e-13
14518 6.611164e-13
14519 6.610186e-13
14520 6.609209e-13
14521 6.608232e-13
14522 6.607255e-13
14523 6.606278e-13
14524 6.605302e-13
14525 6.604326e-13
14526 6.603349e-13
14527 6.602374e-13
14528 6.601398e-13
14529 6.600423e-13
14530 6.599447e-13
14531 6.598472e-13
14532 6.597498e-13
14533 6.596523e-13
14534 6.595549e-13
14535 6.594575e-13
14536 6.593601e-13
14537 6.592627e-13
14538 6.591654e-13
14539 6.590680e-13
14540 6.589707e-13
14541 6.588734e-13
14542 6.587762e-13
14543 6.586789e-13
14544 6.585817e-13
14545 6.584845e-13
14546 6.583873e-13
14547 6.582900e-13
14548 6.581928e-13
14549 6.580956e-13
14550 6.579984e-13
14551 6.579012e-13
14552 6.578041e-13
14553 6.577069e-13
14554 6.576098e-13
14555 6.575127e-13
14556 6.574157e-13
14557 6.573186e-13
14558 6.572216e-13
14559 6.571246e-13
14560 6.570276e-13
14561 6.569306e-13
14562 6.568337e-13
14563 6.567368e-13
14564 6.566399e-13
14565 6.565430e-13
14566 6.564461e-13
14567 6.563493e-13
14568 6.562525e-13
14569 6.561557e-13
14570 6.560589e-13
14571 6.559621e-13
14572 6.558654e-13
14573 6.557687e-13
14574 6.556720e-13
14575 6.555753e-13
14576 6.554787e-13
14577 6.553820e-13
14578 6.552854e-13
14579 6.551889e-13
14580 6.550923e-13
14581 6.549957e-13
14582 6.548992e-13
14583 6.548027e-13
14584 6.547062e-13
14585 6.546098e-13
14586 6.545133e-13
14587 6.544169e-13
14588 6.543205e-13
14589 6.542241e-13
14590 6.541278e-13
14591 6.540314e-13
14592 6.539351e-13
14593 6.538388e-13
14594 6.537425e-13
14595 6.536463e-13
14596 6.535500e-13
14597 6.534538e-13
14598 6.533576e-13
14599 6.532615e-13
14600 6.531653e-13
14601 6.530692e-13
14602 6.529731e-13
14603 6.528770e-13
14604 6.527809e-13
14605 6.526849e-13
14606 6.525888e-13
14607 6.524928e-13
14608 6.523969e-13
14609 6.523009e-13
14610 6.522049e-13
14611 6.521090e-13
14612 6.520131e-13
14613 6.519172e-13
14614 6.518214e-13
14615 6.517255e-13
14616 6.516297e-13
14617 6.515339e-13
14618 6.514381e-13
14619 6.513424e-13
14620 6.512466e-13
14621 6.511509e-13
14622 6.510552e-13
14623 6.509596e-13
14624 6.508639e-13
14625 6.507683e-13
14626 6.506727e-13
14627 6.505771e-13
14628 6.504815e-13
14629 6.503859e-13
14630 6.502904e-13
14631 6.501949e-13
14632 6.500994e-13
14633 6.500039e-13
14634 6.499085e-13
14635 6.498131e-13
14636 6.497177e-13
14637 6.496223e-13
14638 6.495269e-13
14639 6.494316e-13
14640 6.493362e-13
14641 6.492409e-13
14642 6.491456e-13
14643 6.490504e-13
14644 6.489551e-13
14645 6.488599e-13
14646 6.487647e-13
14647 6.486695e-13
14648 6.485744e-13
14649 6.484792e-13
14650 6.483841e-13
14651 6.482890e-13
14652 6.481939e-13
14653 6.480988e-13
14654 6.480038e-13
14655 6.479088e-13
14656 6.478138e-13
14657 6.477188e-13
14658 6.476239e-13
14659 6.475289e-13
14660 6.474340e-13
14661 6.473391e-13
14662 6.472442e-13
14663 6.471494e-13
14664 6.470545e-13
14665 6.469597e-13
14666 6.468649e-13
14667 6.467702e-13
14668 6.466754e-13
14669 6.465807e-13
14670 6.464860e-13
14671 6.463913e-13
14672 6.462966e-13
14673 6.462019e-13
14674 6.461073e-13
14675 6.460127e-13
14676 6.459180e-13
14677 6.458233e-13
14678 6.457287e-13
14679 6.456341e-13
14680 6.455395e-13
14681 6.454449e-13
14682 6.453503e-13
14683 6.452558e-13
14684 6.451613e-13
14685 6.450667e-13
14686 6.449723e-13
14687 6.448778e-13
14688 6.447834e-13
14689 6.446889e-13
14690 6.445945e-13
14691 6.445002e-13
14692 6.444058e-13
14693 6.443115e-13
14694 6.442171e-13
14695 6.441228e-13
14696 6.440286e-13
14697 6.439343e-13
14698 6.438400e-13
14699 6.437458e-13
14700 6.436516e-13
14701 6.435575e-13
14702 6.434633e-13
14703 6.433692e-13
14704 6.432750e-13
14705 6.431809e-13
14706 6.430869e-13
14707 6.429928e-13
14708 6.428988e-13
14709 6.428047e-13
14710 6.427107e-13
14711 6.426168e-13
14712 6.425228e-13
14713 6.424289e-13
14714 6.423350e-13
14715 6.422411e-13
14716 6.421472e-13
14717 6.420533e-13
14718 6.419595e-13
14719 6.418657e-13
14720 6.417719e-13
14721 6.416781e-13
14722 6.415843e-13
14723 6.414906e-13
14724 6.413969e-13
14725 6.413032e-13
14726 6.412095e-13
14727 6.411159e-13
14728 6.410222e-13
14729 6.409286e-13
14730 6.408350e-13
14731 6.407414e-13
14732 6.406479e-13
14733 6.405543e-13
14734 6.404608e-13
14735 6.403673e-13
14736 6.402738e-13
14737 6.401804e-13
14738 6.400870e-13
14739 6.399935e-13
14740 6.399001e-13
14741 6.398068e-13
14742 6.397134e-13
14743 6.396201e-13
14744 6.395268e-13
14745 6.394335e-13
14746 6.393402e-13
14747 6.392469e-13
14748 6.391537e-13
14749 6.390605e-13
14750 6.389673e-13
14751 6.388741e-13
14752 6.387809e-13
14753 6.386878e-13
14754 6.385947e-13
14755 6.385016e-13
14756 6.384085e-13
14757 6.383155e-13
14758 6.382224e-13
14759 6.381294e-13
14760 6.380364e-13
14761 6.379434e-13
14762 6.378505e-13
14763 6.377575e-13
14764 6.376646e-13
14765 6.375717e-13
14766 6.374788e-13
14767 6.373860e-13
14768 6.372931e-13
14769 6.372003e-13
14770 6.371075e-13
14771 6.370147e-13
14772 6.369220e-13
14773 6.368292e-13
14774 6.367365e-13
14775 6.366438e-13
14776 6.365511e-13
14777 6.364585e-13
14778 6.363658e-13
14779 6.362732e-13
14780 6.361806e-13
14781 6.360880e-13
14782 6.359955e-13
14783 6.359029e-13
14784 6.358104e-13
14785 6.357179e-13
14786 6.356254e-13
14787 6.355329e-13
14788 6.354405e-13
14789 6.353481e-13
14790 6.352557e-13
14791 6.351633e-13
14792 6.350709e-13
14793 6.349786e-13
14794 6.348862e-13
14795 6.347939e-13
14796 6.347016e-13
14797 6.346094e-13
14798 6.345171e-13
14799 6.344249e-13
14800 6.343327e-13
14801 6.342405e-13
14802 6.341483e-13
14803 6.340562e-13
14804 6.339641e-13
14805 6.338719e-13
14806 6.337798e-13
14807 6.336876e-13
14808 6.335955e-13
14809 6.335034e-13
14810 6.334113e-13
14811 6.333192e-13
14812 6.332271e-13
14813 6.331351e-13
14814 6.330431e-13
14815 6.329510e-13
14816 6.328591e-13
14817 6.327671e-13
14818 6.326752e-13
14819 6.325832e-13
14820 6.324913e-13
14821 6.323994e-13
14822 6.323076e-13
14823 6.322157e-13
14824 6.321239e-13
14825 6.320321e-13
14826 6.319403e-13
14827 6.318485e-13
14828 6.317568e-13
14829 6.316650e-13
14830 6.315733e-13
14831 6.314816e-13
14832 6.313900e-13
14833 6.312983e-13
14834 6.312067e-13
14835 6.311151e-13
14836 6.310235e-13
14837 6.309319e-13
14838 6.308403e-13
14839 6.307488e-13
14840 6.306573e-13
14841 6.305658e-13
14842 6.304743e-13
14843 6.303828e-13
14844 6.302914e-13
14845 6.302000e-13
14846 6.301086e-13
14847 6.300172e-13
14848 6.299258e-13
14849 6.298345e-13
14850 6.297432e-13
14851 6.296519e-13
14852 6.295606e-13
14853 6.294693e-13
14854 6.293781e-13
14855 6.292868e-13
14856 6.291956e-13
14857 6.291044e-13
14858 6.290133e-13
14859 6.289221e-13
14860 6.288310e-13
14861 6.287399e-13
14862 6.286488e-13
14863 6.285577e-13
14864 6.284667e-13
14865 6.283756e-13
14866 6.282846e-13
14867 6.281936e-13
14868 6.281027e-13
14869 6.280117e-13
14870 6.279208e-13
14871 6.278299e-13
14872 6.277390e-13
14873 6.276481e-13
14874 6.275572e-13
14875 6.274664e-13
14876 6.273756e-13
14877 6.272848e-13
14878 6.271940e-13
14879 6.271032e-13
14880 6.270125e-13
14881 6.269217e-13
14882 6.268310e-13
14883 6.267404e-13
14884 6.266497e-13
14885 6.265590e-13
14886 6.264684e-13
14887 6.263778e-13
14888 6.262872e-13
14889 6.261966e-13
14890 6.261061e-13
14891 6.260156e-13
14892 6.259250e-13
14893 6.258345e-13
14894 6.257441e-13
14895 6.256536e-13
14896 6.255632e-13
14897 6.254728e-13
14898 6.253824e-13
14899 6.252920e-13
14900 6.252016e-13
14901 6.251113e-13
14902 6.250210e-13
14903 6.249307e-13
14904 6.248404e-13
14905 6.247501e-13
14906 6.246599e-13
14907 6.245696e-13
14908 6.244794e-13
14909 6.243892e-13
14910 6.242991e-13
14911 6.242089e-13
14912 6.241188e-13
14913 6.240287e-13
14914 6.239386e-13
14915 6.238485e-13
14916 6.237585e-13
14917 6.236684e-13
14918 6.235784e-13
14919 6.234884e-13
14920 6.233984e-13
14921 6.233085e-13
14922 6.232185e-13
14923 6.231286e-13
14924 6.230387e-13
14925 6.229488e-13
14926 6.228590e-13
14927 6.227691e-13
14928 6.226793e-13
14929 6.225895e-13
14930 6.224997e-13
14931 6.224099e-13
14932 6.223202e-13
14933 6.222304e-13
14934 6.221407e-13
14935 6.220510e-13
14936 6.219614e-13
14937 6.218717e-13
14938 6.217820e-13
14939 6.216923e-13
14940 6.216026e-13
14941 6.215129e-13
14942 6.214233e-13
14943 6.213336e-13
14944 6.212440e-13
14945 6.211544e-13
14946 6.210648e-13
14947 6.209753e-13
14948 6.208858e-13
14949 6.207962e-13
14950 6.207067e-13
14951 6.206173e-13
14952 6.205278e-13
14953 6.204384e-13
14954 6.203489e-13
14955 6.202595e-13
14956 6.201702e-13
14957 6.200808e-13
14958 6.199914e-13
14959 6.199021e-13
14960 6.198128e-13
14961 6.197235e-13
14962 6.196342e-13
14963 6.195450e-13
14964 6.194558e-13
14965 6.193665e-13
14966 6.192773e-13
14967 6.191882e-13
14968 6.190990e-13
14969 6.190099e-13
14970 6.189207e-13
14971 6.188316e-13
14972 6.187426e-13
14973 6.186535e-13
14974 6.185644e-13
14975 6.184754e-13
14976 6.183864e-13
14977 6.182974e-13
14978 6.182085e-13
14979 6.181195e-13
14980 6.180306e-13
14981 6.179417e-13
14982 6.178528e-13
14983 6.177639e-13
14984 6.176750e-13
14985 6.175862e-13
14986 6.174974e-13
14987 6.174086e-13
14988 6.173198e-13
14989 6.172310e-13
14990 6.171423e-13
14991 6.170535e-13
14992 6.169648e-13
14993 6.168761e-13
14994 6.167875e-13
14995 6.166988e-13
14996 6.166102e-13
14997 6.165216e-13
14998 6.164330e-13
14999 6.163444e-13
15000 6.162558e-13
15001 6.161673e-13
15002 6.160788e-13
15003 6.159903e-13
15004 6.159018e-13
15005 6.158133e-13
15006 6.157249e-13
15007 6.156364e-13
15008 6.155480e-13
15009 6.154596e-13
15010 6.153713e-13
15011 6.152829e-13
15012 6.151946e-13
15013 6.151062e-13
15014 6.150179e-13
15015 6.149297e-13
15016 6.148414e-13
15017 6.147532e-13
15018 6.146649e-13
15019 6.145767e-13
15020 6.144885e-13
15021 6.144004e-13
15022 6.143122e-13
15023 6.142241e-13
15024 6.141360e-13
15025 6.140479e-13
15026 6.139598e-13
15027 6.138717e-13
15028 6.137837e-13
15029 6.136957e-13
15030 6.136077e-13
15031 6.135197e-13
15032 6.134317e-13
15033 6.133438e-13
15034 6.132558e-13
15035 6.131679e-13
15036 6.130800e-13
15037 6.129922e-13
15038 6.129043e-13
15039 6.128165e-13
15040 6.127287e-13
15041 6.126409e-13
15042 6.125531e-13
15043 6.124653e-13
15044 6.123776e-13
15045 6.122898e-13
15046 6.122021e-13
15047 6.121144e-13
15048 6.120268e-13
15049 6.119391e-13
15050 6.118515e-13
15051 6.117639e-13
15052 6.116763e-13
15053 6.115887e-13
15054 6.115011e-13
15055 6.114136e-13
15056 6.113261e-13
15057 6.112385e-13
15058 6.111511e-13
15059 6.110636e-13
15060 6.109761e-13
15061 6.108887e-13
15062 6.108013e-13
15063 6.107139e-13
15064 6.106265e-13
15065 6.105392e-13
15066 6.104518e-13
15067 6.103645e-13
15068 6.102772e-13
15069 6.101899e-13
15070 6.101026e-13
15071 6.100153e-13
15072 6.099280e-13
15073 6.098407e-13
15074 6.097534e-13
15075 6.096661e-13
15076 6.095789e-13
15077 6.094916e-13
15078 6.094044e-13
15079 6.093173e-13
15080 6.092301e-13
15081 6.091429e-13
15082 6.090558e-13
15083 6.089687e-13
15084 6.088816e-13
15085 6.087945e-13
15086 6.087074e-13
15087 6.086204e-13
15088 6.085334e-13
15089 6.084464e-13
15090 6.083594e-13
15091 6.082724e-13
15092 6.081855e-13
15093 6.080985e-13
15094 6.080116e-13
15095 6.079247e-13
15096 6.078378e-13
15097 6.077510e-13
15098 6.076641e-13
15099 6.075773e-13
15100 6.074905e-13
15101 6.074037e-13
15102 6.073170e-13
15103 6.072302e-13
15104 6.071435e-13
15105 6.070568e-13
15106 6.069701e-13
15107 6.068834e-13
15108 6.067967e-13
15109 6.067101e-13
15110 6.066234e-13
15111 6.065368e-13
15112 6.064503e-13
15113 6.063637e-13
15114 6.062771e-13
15115 6.061906e-13
15116 6.061041e-13
15117 6.060176e-13
15118 6.059311e-13
15119 6.058446e-13
15120 6.057582e-13
15121 6.056718e-13
15122 6.055854e-13
15123 6.054990e-13
15124 6.054126e-13
15125 6.053262e-13
15126 6.052399e-13
15127 6.051536e-13
15128 6.050673e-13
15129 6.049810e-13
15130 6.048948e-13
15131 6.048085e-13
15132 6.047223e-13
15133 6.046361e-13
15134 6.045499e-13
15135 6.044637e-13
15136 6.043775e-13
15137 6.042914e-13
15138 6.042053e-13
15139 6.041192e-13
15140 6.040331e-13
15141 6.039470e-13
15142 6.038610e-13
15143 6.037750e-13
15144 6.036890e-13
15145 6.036030e-13
15146 6.035170e-13
15147 6.034310e-13
15148 6.033451e-13
15149 6.032592e-13
15150 6.031733e-13
15151 6.030874e-13
15152 6.030015e-13
15153 6.029156e-13
15154 6.028298e-13
15155 6.027440e-13
15156 6.026582e-13
15157 6.025724e-13
15158 6.024867e-13
15159 6.024009e-13
15160 6.023152e-13
15161 6.022295e-13
15162 6.021438e-13
15163 6.020581e-13
15164 6.019725e-13
15165 6.018868e-13
15166 6.018012e-13
15167 6.017156e-13
15168 6.016300e-13
15169 6.015445e-13
15170 6.014589e-13
15171 6.013734e-13
15172 6.012879e-13
15173 6.012024e-13
15174 6.011169e-13
15175 6.010314e-13
15176 6.009460e-13
15177 6.008606e-13
15178 6.007752e-13
15179 6.006898e-13
15180 6.006044e-13
15181 6.005191e-13
15182 6.004337e-13
15183 6.003484e-13
15184 6.002631e-13
15185 6.001778e-13
15186 6.000926e-13
15187 6.000073e-13
15188 5.999221e-13
15189 5.998369e-13
15190 5.997517e-13
15191 5.996665e-13
15192 5.995814e-13
15193 5.994962e-13
15194 5.994111e-13
15195 5.993260e-13
15196 5.992409e-13
15197 5.991559e-13
15198 5.990708e-13
15199 5.989858e-13
15200 5.989008e-13
15201 5.988158e-13
15202 5.987308e-13
15203 5.986458e-13
15204 5.985608e-13
15205 5.984758e-13
15206 5.983908e-13
15207 5.983059e-13
15208 5.982209e-13
15209 5.981360e-13
15210 5.980510e-13
15211 5.979661e-13
15212 5.978813e-13
15213 5.977964e-13
15214 5.977115e-13
15215 5.976267e-13
15216 5.975419e-13
15217 5.974571e-13
15218 5.973723e-13
15219 5.972876e-13
15220 5.972028e-13
15221 5.971181e-13
15222 5.970334e-13
15223 5.969487e-13
15224 5.968640e-13
15225 5.967794e-13
15226 5.966947e-13
15227 5.966101e-13
15228 5.965255e-13
15229 5.964409e-13
15230 5.963563e-13
15231 5.962718e-13
15232 5.961873e-13
15233 5.961027e-13
15234 5.960182e-13
15235 5.959338e-13
15236 5.958493e-13
15237 5.957649e-13
15238 5.956804e-13
15239 5.955960e-13
15240 5.955116e-13
15241 5.954272e-13
15242 5.953429e-13
15243 5.952585e-13
15244 5.951742e-13
15245 5.950899e-13
15246 5.950056e-13
15247 5.949214e-13
15248 5.948371e-13
15249 5.947529e-13
15250 5.946687e-13
15251 5.945845e-13
15252 5.945003e-13
15253 5.944161e-13
15254 5.943320e-13
15255 5.942478e-13
15256 5.941637e-13
15257 5.940796e-13
15258 5.939955e-13
15259 5.939115e-13
15260 5.938274e-13
15261 5.937434e-13
15262 5.936594e-13
15263 5.935754e-13
15264 5.934914e-13
15265 5.934075e-13
15266 5.933235e-13
15267 5.932396e-13
15268 5.931557e-13
15269 5.930718e-13
15270 5.929879e-13
15271 5.929041e-13
15272 5.928203e-13
15273 5.927364e-13
15274 5.926526e-13
15275 5.925689e-13
15276 5.924851e-13
15277 5.924013e-13
15278 5.923176e-13
15279 5.922339e-13
15280 5.921502e-13
15281 5.920665e-13
15282 5.919829e-13
15283 5.918992e-13
15284 5.918156e-13
15285 5.917320e-13
15286 5.916484e-13
15287 5.915648e-13
15288 5.914812e-13
15289 5.913977e-13
15290 5.913142e-13
15291 5.912307e-13
15292 5.911472e-13
15293 5.910637e-13
15294 5.909803e-13
15295 5.908968e-13
15296 5.908134e-13
15297 5.907300e-13
15298 5.906466e-13
15299 5.905632e-13
15300 5.904799e-13
15301 5.903965e-13
15302 5.903132e-13
15303 5.902299e-13
15304 5.901466e-13
15305 5.900634e-13
15306 5.899801e-13
15307 5.898969e-13
15308 5.898137e-13
15309 5.897305e-13
15310 5.896473e-13
15311 5.895641e-13
15312 5.894810e-13
15313 5.893979e-13
15314 5.893148e-13
15315 5.892317e-13
15316 5.891486e-13
15317 5.890655e-13
15318 5.889825e-13
15319 5.888995e-13
15320 5.888165e-13
15321 5.887335e-13
15322 5.886505e-13
15323 5.885675e-13
15324 5.884846e-13
15325 5.884017e-13
15326 5.883188e-13
15327 5.882359e-13
15328 5.881530e-13
15329 5.880701e-13
15330 5.879873e-13
15331 5.879045e-13
15332 5.878217e-13
15333 5.877389e-13
15334 5.876561e-13
15335 5.875734e-13
15336 5.874906e-13
15337 5.874079e-13
15338 5.873252e-13
15339 5.872425e-13
15340 5.871598e-13
15341 5.870770e-13
15342 5.869943e-13
15343 5.869116e-13
15344 5.868290e-13
15345 5.867463e-13
15346 5.866637e-13
15347 5.865810e-13
15348 5.864984e-13
15349 5.864158e-13
15350 5.863332e-13
15351 5.862507e-13
15352 5.861681e-13
15353 5.860856e-13
15354 5.860031e-13
15355 5.859206e-13
15356 5.858382e-13
15357 5.857557e-13
15358 5.856733e-13
15359 5.855908e-13
15360 5.855084e-13
15361 5.854260e-13
15362 5.853437e-13
15363 5.852613e-13
15364 5.851790e-13
15365 5.850967e-13
15366 5.850144e-13
15367 5.849321e-13
15368 5.848498e-13
15369 5.847675e-13
15370 5.846853e-13
15371 5.846031e-13
15372 5.845209e-13
15373 5.844387e-13
15374 5.843565e-13
15375 5.842744e-13
15376 5.841923e-13
15377 5.841101e-13
15378 5.840280e-13
15379 5.839460e-13
15380 5.838639e-13
15381 5.837818e-13
15382 5.836998e-13
15383 5.836178e-13
15384 5.835358e-13
15385 5.834538e-13
15386 5.833718e-13
15387 5.832899e-13
15388 5.832080e-13
15389 5.831260e-13
15390 5.830441e-13
15391 5.829623e-13
15392 5.828804e-13
15393 5.827986e-13
15394 5.827167e-13
15395 5.826349e-13
15396 5.825531e-13
15397 5.824713e-13
15398 5.823896e-13
15399 5.823078e-13
15400 5.822261e-13
15401 5.821444e-13
15402 5.820627e-13
15403 5.819810e-13
15404 5.818993e-13
15405 5.818177e-13
15406 5.817361e-13
15407 5.816544e-13
15408 5.815728e-13
15409 5.814913e-13
15410 5.814097e-13
15411 5.813282e-13
15412 5.812466e-13
15413 5.811651e-13
15414 5.810836e-13
15415 5.810021e-13
15416 5.809207e-13
15417 5.808392e-13
15418 5.807578e-13
15419 5.806764e-13
15420 5.805950e-13
15421 5.805136e-13
15422 5.804323e-13
15423 5.803509e-13
15424 5.802696e-13
15425 5.801883e-13
15426 5.801070e-13
15427 5.800257e-13
15428 5.799444e-13
15429 5.798632e-13
15430 5.797820e-13
15431 5.797007e-13
15432 5.796195e-13
15433 5.795384e-13
15434 5.794572e-13
15435 5.793761e-13
15436 5.792949e-13
15437 5.792138e-13
15438 5.791327e-13
15439 5.790516e-13
15440 5.789706e-13
15441 5.788895e-13
15442 5.788085e-13
15443 5.787275e-13
15444 5.786465e-13
15445 5.785655e-13
15446 5.784846e-13
15447 5.784036e-13
15448 5.783227e-13
15449 5.782418e-13
15450 5.781609e-13
15451 5.780800e-13
15452 5.779991e-13
15453 5.779183e-13
15454 5.778374e-13
15455 5.777566e-13
15456 5.776758e-13
15457 5.775951e-13
15458 5.775143e-13
15459 5.774335e-13
15460 5.773528e-13
15461 5.772721e-13
15462 5.771914e-13
15463 5.771107e-13
15464 5.770300e-13
15465 5.769494e-13
15466 5.768688e-13
15467 5.767881e-13
15468 5.767075e-13
15469 5.766270e-13
15470 5.765464e-13
15471 5.764658e-13
15472 5.763853e-13
15473 5.763048e-13
15474 5.762243e-13
15475 5.761438e-13
15476 5.760633e-13
15477 5.759827e-13
15478 5.759022e-13
15479 5.758217e-13
15480 5.757412e-13
15481 5.756608e-13
15482 5.755803e-13
15483 5.754999e-13
15484 5.754195e-13
15485 5.753391e-13
15486 5.752587e-13
15487 5.751784e-13
15488 5.750980e-13
15489 5.750177e-13
15490 5.749374e-13
15491 5.748571e-13
15492 5.747768e-13
15493 5.746965e-13
15494 5.746163e-13
15495 5.745361e-13
15496 5.744558e-13
15497 5.743756e-13
15498 5.742955e-13
15499 5.742153e-13
15500 5.741351e-13
15501 5.740550e-13
15502 5.739749e-13
15503 5.738948e-13
15504 5.738147e-13
15505 5.737346e-13
15506 5.736546e-13
15507 5.735746e-13
15508 5.734945e-13
15509 5.734145e-13
15510 5.733345e-13
15511 5.732546e-13
15512 5.731746e-13
15513 5.730947e-13
15514 5.730148e-13
15515 5.729349e-13
15516 5.728550e-13
15517 5.727751e-13
15518 5.726952e-13
15519 5.726154e-13
15520 5.725356e-13
15521 5.724558e-13
15522 5.723760e-13
15523 5.722962e-13
15524 5.722164e-13
15525 5.721367e-13
15526 5.720570e-13
15527 5.719773e-13
15528 5.718976e-13
15529 5.718179e-13
15530 5.717382e-13
15531 5.716586e-13
15532 5.715790e-13
15533 5.714994e-13
15534 5.714198e-13
15535 5.713402e-13
15536 5.712606e-13
15537 5.711811e-13
15538 5.711015e-13
15539 5.710220e-13
15540 5.709425e-13
15541 5.708630e-13
15542 5.707836e-13
15543 5.707041e-13
15544 5.706247e-13
15545 5.705453e-13
15546 5.704659e-13
15547 5.703865e-13
15548 5.703071e-13
15549 5.702278e-13
15550 5.701484e-13
15551 5.700691e-13
15552 5.699898e-13
15553 5.699105e-13
15554 5.698312e-13
15555 5.697520e-13
15556 5.696727e-13
15557 5.695935e-13
15558 5.695143e-13
15559 5.694351e-13
15560 5.693559e-13
15561 5.692768e-13
15562 5.691976e-13
15563 5.691185e-13
15564 5.690394e-13
15565 5.689603e-13
15566 5.688812e-13
15567 5.688022e-13
15568 5.687231e-13
15569 5.686441e-13
15570 5.685651e-13
15571 5.684861e-13
15572 5.684071e-13
15573 5.683281e-13
15574 5.682492e-13
15575 5.681702e-13
15576 5.680913e-13
15577 5.680124e-13
15578 5.679335e-13
15579 5.678547e-13
15580 5.677758e-13
15581 5.676970e-13
15582 5.676181e-13
15583 5.675393e-13
15584 5.674605e-13
15585 5.673818e-13
15586 5.673030e-13
15587 5.672243e-13
15588 5.671455e-13
15589 5.670668e-13
15590 5.669881e-13
15591 5.669095e-13
15592 5.668308e-13
15593 5.667521e-13
15594 5.666735e-13
15595 5.665949e-13
15596 5.665163e-13
15597 5.664377e-13
15598 5.663591e-13
15599 5.662806e-13
15600 5.662021e-13
15601 5.661235e-13
15602 5.660450e-13
15603 5.659665e-13
15604 5.658881e-13
15605 5.658096e-13
15606 5.657312e-13
15607 5.656528e-13
15608 5.655743e-13
15609 5.654960e-13
15610 5.654176e-13
15611 5.653392e-13
15612 5.652609e-13
15613 5.651825e-13
15614 5.651041e-13
15615 5.650257e-13
15616 5.649474e-13
15617 5.648691e-13
15618 5.647907e-13
15619 5.647124e-13
15620 5.646341e-13
15621 5.645559e-13
15622 5.644776e-13
15623 5.643994e-13
15624 5.643211e-13
15625 5.642429e-13
15626 5.641647e-13
15627 5.640865e-13
15628 5.640084e-13
15629 5.639302e-13
15630 5.638521e-13
15631 5.637740e-13
15632 5.636959e-13
15633 5.636178e-13
15634 5.635397e-13
15635 5.634617e-13
15636 5.633836e-13
15637 5.633056e-13
15638 5.632276e-13
15639 5.631496e-13
15640 5.630717e-13
15641 5.629937e-13
15642 5.629158e-13
15643 5.628378e-13
15644 5.627599e-13
15645 5.626820e-13
15646 5.626041e-13
15647 5.625263e-13
15648 5.624484e-13
15649 5.623706e-13
15650 5.622928e-13
15651 5.622150e-13
15652 5.621372e-13
15653 5.620594e-13
15654 5.619817e-13
15655 5.619039e-13
15656 5.618262e-13
15657 5.617485e-13
15658 5.616708e-13
15659 5.615931e-13
15660 5.615155e-13
15661 5.614378e-13
15662 5.613602e-13
15663 5.612826e-13
15664 5.612050e-13
15665 5.611274e-13
15666 5.610499e-13
15667 5.609723e-13
15668 5.608948e-13
15669 5.608173e-13
15670 5.607398e-13
15671 5.606623e-13
15672 5.605848e-13
15673 5.605074e-13
15674 5.604299e-13
15675 5.603525e-13
15676 5.602751e-13
15677 5.601977e-13
15678 5.601203e-13
15679 5.600429e-13
15680 5.599656e-13
15681 5.598883e-13
15682 5.598110e-13
15683 5.597337e-13
15684 5.596564e-13
15685 5.595791e-13
15686 5.595019e-13
15687 5.594246e-13
15688 5.593474e-13
15689 5.592702e-13
15690 5.591930e-13
15691 5.591158e-13
15692 5.590387e-13
15693 5.589615e-13
15694 5.588844e-13
15695 5.588073e-13
15696 5.587302e-13
15697 5.586531e-13
15698 5.585760e-13
15699 5.584990e-13
15700 5.584220e-13
15701 5.583449e-13
15702 5.582679e-13
15703 5.581909e-13
15704 5.581140e-13
15705 5.580370e-13
15706 5.579601e-13
15707 5.578832e-13
15708 5.578062e-13
15709 5.577293e-13
15710 5.576525e-13
15711 5.575756e-13
15712 5.574988e-13
15713 5.574219e-13
15714 5.573451e-13
15715 5.572683e-13
15716 5.571915e-13
15717 5.571147e-13
15718 5.570380e-13
15719 5.569613e-13
15720 5.568845e-13
15721 5.568078e-13
15722 5.567311e-13
15723 5.566544e-13
15724 5.565778e-13
15725 5.565011e-13
15726 5.564245e-13
15727 5.563479e-13
15728 5.562713e-13
15729 5.561947e-13
15730 5.561181e-13
15731 5.560416e-13
15732 5.559650e-13
15733 5.558885e-13
15734 5.558120e-13
15735 5.557355e-13
15736 5.556590e-13
15737 5.555826e-13
15738 5.555061e-13
15739 5.554297e-13
15740 5.553533e-13
15741 5.552769e-13
15742 5.552005e-13
15743 5.551241e-13
15744 5.550478e-13
15745 5.549714e-13
15746 5.548951e-13
15747 5.548188e-13
15748 5.547425e-13
15749 5.546662e-13
15750 5.545900e-13
15751 5.545137e-13
15752 5.544374e-13
15753 5.543611e-13
15754 5.542849e-13
15755 5.542086e-13
15756 5.541324e-13
15757 5.540561e-13
15758 5.539799e-13
15759 5.539037e-13
15760 5.538276e-13
15761 5.537514e-13
15762 5.536752e-13
15763 5.535991e-13
15764 5.535230e-13
15765 5.534469e-13
15766 5.533708e-13
15767 5.532947e-13
15768 5.532187e-13
15769 5.531426e-13
15770 5.530666e-13
15771 5.529906e-13
15772 5.529146e-13
15773 5.528386e-13
15774 5.527626e-13
15775 5.526867e-13
15776 5.526108e-13
15777 5.525348e-13
15778 5.524589e-13
15779 5.523830e-13
15780 5.523072e-13
15781 5.522313e-13
15782 5.521555e-13
15783 5.520796e-13
15784 5.520038e-13
15785 5.519280e-13
15786 5.518522e-13
15787 5.517765e-13
15788 5.517007e-13
15789 5.516250e-13
15790 5.515493e-13
15791 5.514736e-13
15792 5.513979e-13
15793 5.513222e-13
15794 5.512465e-13
15795 5.511709e-13
15796 5.510953e-13
15797 5.510196e-13
15798 5.509440e-13
15799 5.508685e-13
15800 5.507929e-13
15801 5.507173e-13
15802 5.506418e-13
15803 5.505663e-13
15804 5.504908e-13
15805 5.504153e-13
15806 5.503398e-13
15807 5.502643e-13
15808 5.501889e-13
15809 5.501134e-13
15810 5.500380e-13
15811 5.499626e-13
15812 5.498872e-13
15813 5.498118e-13
15814 5.497365e-13
15815 5.496611e-13
15816 5.495858e-13
15817 5.495105e-13
15818 5.494352e-13
15819 5.493599e-13
15820 5.492847e-13
15821 5.492094e-13
15822 5.491342e-13
15823 5.490589e-13
15824 5.489837e-13
15825 5.489085e-13
15826 5.488334e-13
15827 5.487582e-13
15828 5.486831e-13
15829 5.486079e-13
15830 5.485328e-13
15831 5.484577e-13
15832 5.483826e-13
15833 5.483075e-13
15834 5.482325e-13
15835 5.481574e-13
15836 5.480824e-13
15837 5.480074e-13
15838 5.479324e-13
15839 5.478574e-13
15840 5.477825e-13
15841 5.477075e-13
15842 5.476326e-13
15843 5.475576e-13
15844 5.474827e-13
15845 5.474078e-13
15846 5.473330e-13
15847 5.472581e-13
15848 5.471833e-13
15849 5.471084e-13
15850 5.470336e-13
15851 5.469588e-13
15852 5.468840e-13
15853 5.468092e-13
15854 5.467345e-13
15855 5.466597e-13
15856 5.465850e-13
15857 5.465103e-13
15858 5.464356e-13
15859 5.463609e-13
15860 5.462862e-13
15861 5.462116e-13
15862 5.461370e-13
15863 5.460623e-13
15864 5.459877e-13
15865 5.459131e-13
15866 5.458385e-13
15867 5.457640e-13
15868 5.456894e-13
15869 5.456149e-13
15870 5.455404e-13
15871 5.454659e-13
15872 5.453914e-13
15873 5.453169e-13
15874 5.452425e-13
15875 5.451680e-13
15876 5.450936e-13
15877 5.450192e-13
15878 5.449448e-13
15879 5.448704e-13
15880 5.447960e-13
15881 5.447216e-13
15882 5.446473e-13
15883 5.445730e-13
15884 5.444987e-13
15885 5.444244e-13
15886 5.443501e-13
15887 5.442758e-13
15888 5.442016e-13
15889 5.441273e-13
15890 5.440531e-13
15891 5.439789e-13
15892 5.439046e-13
15893 5.438304e-13
15894 5.437562e-13
15895 5.436820e-13
15896 5.436077e-13
15897 5.435336e-13
15898 5.434594e-13
15899 5.433852e-13
15900 5.433111e-13
15901 5.432370e-13
15902 5.431629e-13
15903 5.430888e-13
15904 5.430147e-13
15905 5.429406e-13
15906 5.428665e-13
15907 5.427925e-13
15908 5.427185e-13
15909 5.426445e-13
15910 5.425705e-13
15911 5.424965e-13
15912 5.424225e-13
15913 5.423486e-13
15914 5.422747e-13
15915 5.422007e-13
15916 5.421268e-13
15917 5.420529e-13
15918 5.419791e-13
15919 5.419052e-13
15920 5.418313e-13
15921 5.417575e-13
15922 5.416837e-13
15923 5.416099e-13
15924 5.415361e-13
15925 5.414623e-13
15926 5.413886e-13
15927 5.413148e-13
15928 5.412411e-13
15929 5.411674e-13
15930 5.410937e-13
15931 5.410200e-13
15932 5.409463e-13
15933 5.408727e-13
15934 5.407990e-13
15935 5.407254e-13
15936 5.406518e-13
15937 5.405782e-13
15938 5.405046e-13
15939 5.404310e-13
15940 5.403575e-13
15941 5.402839e-13
15942 5.402104e-13
15943 5.401369e-13
15944 5.400634e-13
15945 5.399899e-13
15946 5.399165e-13
15947 5.398430e-13
15948 5.397696e-13
15949 5.396962e-13
15950 5.396227e-13
15951 5.395493e-13
15952 5.394760e-13
15953 5.394026e-13
15954 5.393293e-13
15955 5.392559e-13
15956 5.391826e-13
15957 5.391093e-13
15958 5.390360e-13
15959 5.389627e-13
15960 5.388895e-13
15961 5.388162e-13
15962 5.387430e-13
15963 5.386698e-13
15964 5.385966e-13
15965 5.385234e-13
15966 5.384502e-13
15967 5.383770e-13
15968 5.383039e-13
15969 5.382308e-13
15970 5.381576e-13
15971 5.380845e-13
15972 5.380114e-13
15973 5.379384e-13
15974 5.378653e-13
15975 5.377923e-13
15976 5.377192e-13
15977 5.376462e-13
15978 5.375732e-13
15979 5.375002e-13
15980 5.374273e-13
15981 5.373543e-13
15982 5.372814e-13
15983 5.372084e-13
15984 5.371355e-13
15985 5.370626e-13
15986 5.369897e-13
15987 5.369169e-13
15988 5.368440e-13
15989 5.367712e-13
15990 5.366983e-13
15991 5.366255e-13
15992 5.365527e-13
15993 5.364799e-13
15994 5.364072e-13
15995 5.363344e-13
15996 5.362617e-13
15997 5.361890e-13
15998 5.361162e-13
15999 5.360435e-13
16000 5.359709e-13
16001 5.358982e-13
16002 5.358255e-13
16003 5.357529e-13
16004 5.356803e-13
16005 5.356077e-13
16006 5.355351e-13
16007 5.354625e-13
16008 5.353899e-13
16009 5.353174e-13
16010 5.352448e-13
16011 5.351723e-13
16012 5.350998e-13
16013 5.350273e-13
16014 5.349548e-13
16015 5.348823e-13
16016 5.348099e-13
16017 5.347374e-13
16018 5.346650e-13
16019 5.345926e-13
16020 5.345202e-13
16021 5.344478e-13
16022 5.343755e-13
16023 5.343031e-13
16024 5.342308e-13
16025 5.341584e-13
16026 5.340861e-13
16027 5.340138e-13
16028 5.339416e-13
16029 5.338693e-13
16030 5.337970e-13
16031 5.337248e-13
16032 5.336526e-13
16033 5.335803e-13
16034 5.335081e-13
16035 5.334358e-13
16036 5.333636e-13
16037 5.332914e-13
16038 5.332192e-13
16039 5.331470e-13
16040 5.330748e-13
16041 5.330026e-13
16042 5.329305e-13
16043 5.328583e-13
16044 5.327862e-13
16045 5.327141e-13
16046 5.326420e-13
16047 5.325700e-13
16048 5.324979e-13
16049 5.324259e-13
16050 5.323538e-13
16051 5.322818e-13
16052 5.322098e-13
16053 5.321378e-13
16054 5.320658e-13
16055 5.319939e-13
16056 5.319219e-13
16057 5.318500e-13
16058 5.317781e-13
16059 5.317062e-13
16060 5.316343e-13
16061 5.315624e-13
16062 5.314905e-13
16063 5.314187e-13
16064 5.313469e-13
16065 5.312750e-13
16066 5.312032e-13
16067 5.311314e-13
16068 5.310597e-13
16069 5.309879e-13
16070 5.309161e-13
16071 5.308444e-13
16072 5.307727e-13
16073 5.307010e-13
16074 5.306293e-13
16075 5.305576e-13
16076 5.304860e-13
16077 5.304143e-13
16078 5.303427e-13
16079 5.302710e-13
16080 5.301994e-13
16081 5.301278e-13
16082 5.300563e-13
16083 5.299847e-13
16084 5.299132e-13
16085 5.298416e-13
16086 5.297701e-13
16087 5.296986e-13
16088 5.296271e-13
16089 5.295556e-13
16090 5.294841e-13
16091 5.294127e-13
16092 5.293413e-13
16093 5.292698e-13
16094 5.291984e-13
16095 5.291270e-13
16096 5.290556e-13
16097 5.289843e-13
16098 5.289129e-13
16099 5.288416e-13
16100 5.287703e-13
16101 5.286989e-13
16102 5.286276e-13
16103 5.285564e-13
16104 5.284851e-13
16105 5.284138e-13
16106 5.283426e-13
16107 5.282714e-13
16108 5.282002e-13
16109 5.281290e-13
16110 5.280578e-13
16111 5.279866e-13
16112 5.279154e-13
16113 5.278443e-13
16114 5.277732e-13
16115 5.277021e-13
16116 5.276310e-13
16117 5.275599e-13
16118 5.274888e-13
16119 5.274177e-13
16120 5.273467e-13
16121 5.272757e-13
16122 5.272046e-13
16123 5.271336e-13
16124 5.270626e-13
16125 5.269917e-13
16126 5.269207e-13
16127 5.268498e-13
16128 5.267788e-13
16129 5.267079e-13
16130 5.266370e-13
16131 5.265661e-13
16132 5.264952e-13
16133 5.264244e-13
16134 5.263535e-13
16135 5.262827e-13
16136 5.262119e-13
16137 5.261411e-13
16138 5.260703e-13
16139 5.259995e-13
16140 5.259287e-13
16141 5.258580e-13
16142 5.257872e-13
16143 5.257165e-13
16144 5.256458e-13
16145 5.255751e-13
16146 5.255044e-13
16147 5.254337e-13
16148 5.253631e-13
16149 5.252924e-13
16150 5.252218e-13
16151 5.251512e-13
16152 5.250806e-13
16153 5.250100e-13
16154 5.249394e-13
16155 5.248689e-13
16156 5.247983e-13
16157 5.247278e-13
16158 5.246573e-13
16159 5.245868e-13
16160 5.245163e-13
16161 5.244458e-13
16162 5.243754e-13
16163 5.243049e-13
16164 5.242345e-13
16165 5.241641e-13
16166 5.240937e-13
16167 5.240233e-13
16168 5.239529e-13
16169 5.238825e-13
16170 5.238122e-13
16171 5.237418e-13
16172 5.236715e-13
16173 5.236012e-13
16174 5.235309e-13
16175 5.234606e-13
16176 5.233903e-13
16177 5.233200e-13
16178 5.232496e-13
16179 5.231794e-13
16180 5.231091e-13
16181 5.230388e-13
16182 5.229686e-13
16183 5.228983e-13
16184 5.228281e-13
16185 5.227579e-13
16186 5.226877e-13
16187 5.226175e-13
16188 5.225474e-13
16189 5.224772e-13
16190 5.224071e-13
16191 5.223370e-13
16192 5.222669e-13
16193 5.221968e-13
16194 5.221267e-13
16195 5.220566e-13
16196 5.219865e-13
16197 5.219165e-13
16198 5.218465e-13
16199 5.217765e-13
16200 5.217065e-13
16201 5.216365e-13
16202 5.215665e-13
16203 5.214965e-13
16204 5.214266e-13
16205 5.213567e-13
16206 5.212867e-13
16207 5.212168e-13
16208 5.211470e-13
16209 5.210771e-13
16210 5.210072e-13
16211 5.209374e-13
16212 5.208675e-13
16213 5.207977e-13
16214 5.207279e-13
16215 5.206581e-13
16216 5.205883e-13
16217 5.205185e-13
16218 5.204488e-13
16219 5.203791e-13
16220 5.203093e-13
16221 5.202396e-13
16222 5.201699e-13
16223 5.201002e-13
16224 5.200306e-13
16225 5.199609e-13
16226 5.198912e-13
16227 5.198216e-13
16228 5.197520e-13
16229 5.196824e-13
16230 5.196128e-13
16231 5.195432e-13
16232 5.194737e-13
16233 5.194041e-13
16234 5.193346e-13
16235 5.192651e-13
16236 5.191955e-13
16237 5.191260e-13
16238 5.190566e-13
16239 5.189871e-13
16240 5.189176e-13
16241 5.188482e-13
16242 5.187788e-13
16243 5.187094e-13
16244 5.186400e-13
16245 5.185706e-13
16246 5.185012e-13
16247 5.184318e-13
16248 5.183625e-13
16249 5.182932e-13
16250 5.182238e-13
16251 5.181545e-13
16252 5.180852e-13
16253 5.180160e-13
16254 5.179467e-13
16255 5.178774e-13
16256 5.178082e-13
16257 5.177390e-13
16258 5.176698e-13
16259 5.176006e-13
16260 5.175314e-13
16261 5.174622e-13
16262 5.173931e-13
16263 5.173239e-13
16264 5.172548e-13
16265 5.171857e-13
16266 5.171166e-13
16267 5.170475e-13
16268 5.169784e-13
16269 5.169093e-13
16270 5.168403e-13
16271 5.167713e-13
16272 5.167022e-13
16273 5.166332e-13
16274 5.165642e-13
16275 5.164952e-13
16276 5.164263e-13
16277 5.163573e-13
16278 5.162884e-13
16279 5.162195e-13
16280 5.161505e-13
16281 5.160816e-13
16282 5.160128e-13
16283 5.159439e-13
16284 5.158750e-13
16285 5.158062e-13
16286 5.157373e-13
16287 5.156685e-13
16288 5.155997e-13
16289 5.155309e-13
16290 5.154621e-13
16291 5.153934e-13
16292 5.153246e-13
16293 5.152559e-13
16294 5.151871e-13
16295 5.151184e-13
16296 5.150497e-13
16297 5.149810e-13
16298 5.149124e-13
16299 5.148437e-13
16300 5.147751e-13
16301 5.147064e-13
16302 5.146378e-13
16303 5.145692e-13
16304 5.145006e-13
16305 5.144320e-13
16306 5.143635e-13
16307 5.142949e-13
16308 5.142264e-13
16309 5.141578e-13
16310 5.140893e-13
16311 5.140208e-13
16312 5.139523e-13
16313 5.138839e-13
16314 5.138154e-13
16315 5.137470e-13
16316 5.136785e-13
16317 5.136101e-13
16318 5.135417e-13
16319 5.134733e-13
16320 5.134048e-13
16321 5.133364e-13
16322 5.132680e-13
16323 5.131996e-13
16324 5.131312e-13
16325 5.130628e-13
16326 5.129945e-13
16327 5.129261e-13
16328 5.128578e-13
16329 5.127895e-13
16330 5.127212e-13
16331 5.126529e-13
16332 5.125846e-13
16333 5.125163e-13
16334 5.124481e-13
16335 5.123798e-13
16336 5.123116e-13
16337 5.122434e-13
16338 5.121752e-13
16339 5.121070e-13
16340 5.120388e-13
16341 5.119707e-13
16342 5.119025e-13
16343 5.118344e-13
16344 5.117662e-13
16345 5.116981e-13
16346 5.116300e-13
16347 5.115620e-13
16348 5.114939e-13
16349 5.114258e-13
16350 5.113578e-13
16351 5.112898e-13
16352 5.112217e-13
16353 5.111537e-13
16354 5.110858e-13
16355 5.110178e-13
16356 5.109498e-13
16357 5.108819e-13
16358 5.108139e-13
16359 5.107460e-13
16360 5.106781e-13
16361 5.106102e-13
16362 5.105423e-13
16363 5.104744e-13
16364 5.104066e-13
16365 5.103387e-13
16366 5.102709e-13
16367 5.102031e-13
16368 5.101353e-13
16369 5.100675e-13
16370 5.099997e-13
16371 5.099320e-13
16372 5.098642e-13
16373 5.097965e-13
16374 5.097287e-13
16375 5.096610e-13
16376 5.095933e-13
16377 5.095256e-13
16378 5.094580e-13
16379 5.093903e-13
16380 5.093227e-13
16381 5.092550e-13
16382 5.091874e-13
16383 5.091198e-13
16384 5.090522e-13
16385 5.089846e-13
16386 5.089170e-13
16387 5.088495e-13
16388 5.087819e-13
16389 5.087144e-13
16390 5.086469e-13
16391 5.085794e-13
16392 5.085119e-13
16393 5.084444e-13
16394 5.083770e-13
16395 5.083095e-13
16396 5.082421e-13
16397 5.081746e-13
16398 5.081072e-13
16399 5.080398e-13
16400 5.079725e-13
16401 5.079051e-13
16402 5.078377e-13
16403 5.077704e-13
16404 5.077030e-13
16405 5.076357e-13
16406 5.075684e-13
16407 5.075011e-13
16408 5.074338e-13
16409 5.073666e-13
16410 5.072993e-13
16411 5.072321e-13
16412 5.071648e-13
16413 5.070976e-13
16414 5.070304e-13
16415 5.069632e-13
16416 5.068960e-13
16417 5.068289e-13
16418 5.067617e-13
16419 5.066946e-13
16420 5.066275e-13
16421 5.065604e-13
16422 5.064933e-13
16423 5.064262e-13
16424 5.063591e-13
16425 5.062920e-13
16426 5.062250e-13
16427 5.061580e-13
16428 5.060909e-13
16429 5.060239e-13
16430 5.059569e-13
16431 5.058899e-13
16432 5.058230e-13
16433 5.057560e-13
16434 5.056891e-13
16435 5.056221e-13
16436 5.055552e-13
16437 5.054883e-13
16438 5.054214e-13
16439 5.053545e-13
16440 5.052877e-13
16441 5.052208e-13
16442 5.051540e-13
16443 5.050872e-13
16444 5.050203e-13
16445 5.049535e-13
16446 5.048868e-13
16447 5.048200e-13
16448 5.047532e-13
16449 5.046865e-13
16450 5.046197e-13
16451 5.045530e-13
16452 5.044863e-13
16453 5.044196e-13
16454 5.043529e-13
16455 5.042862e-13
16456 5.042196e-13
16457 5.041529e-13
16458 5.040863e-13
16459 5.040197e-13
16460 5.039531e-13
16461 5.038865e-13
16462 5.038199e-13
16463 5.037533e-13
16464 5.036867e-13
16465 5.036201e-13
16466 5.035535e-13
16467 5.034869e-13
16468 5.034204e-13
16469 5.033538e-13
16470 5.032873e-13
16471 5.032208e-13
16472 5.031542e-13
16473 5.030877e-13
16474 5.030213e-13
16475 5.029548e-13
16476 5.028883e-13
16477 5.028219e-13
16478 5.027554e-13
16479 5.026890e-13
16480 5.026226e-13
16481 5.025562e-13
16482 5.024898e-13
16483 5.024235e-13
16484 5.023571e-13
16485 5.022907e-13
16486 5.022244e-13
16487 5.021581e-13
16488 5.020918e-13
16489 5.020255e-13
16490 5.019592e-13
16491 5.018929e-13
16492 5.018267e-13
16493 5.017604e-13
16494 5.016942e-13
16495 5.016280e-13
16496 5.015618e-13
16497 5.014956e-13
16498 5.014294e-13
16499 5.013632e-13
16500 5.012971e-13
16501 5.012309e-13
16502 5.011648e-13
16503 5.010987e-13
16504 5.010326e-13
16505 5.009665e-13
16506 5.009004e-13
16507 5.008344e-13
16508 5.007683e-13
16509 5.007023e-13
16510 5.006362e-13
16511 5.005702e-13
16512 5.005042e-13
16513 5.004382e-13
16514 5.003723e-13
16515 5.003063e-13
16516 5.002403e-13
16517 5.001744e-13
16518 5.001085e-13
16519 5.000426e-13
16520 4.999767e-13
16521 4.999108e-13
16522 4.998449e-13
16523 4.997790e-13
16524 4.997132e-13
16525 4.996473e-13
16526 4.995815e-13
16527 4.995157e-13
16528 4.994499e-13
16529 4.993841e-13
16530 4.993183e-13
16531 4.992526e-13
16532 4.991868e-13
16533 4.991211e-13
16534 4.990554e-13
16535 4.989897e-13
16536 4.989240e-13
16537 4.988583e-13
16538 4.987926e-13
16539 4.987269e-13
16540 4.986613e-13
16541 4.985957e-13
16542 4.985300e-13
16543 4.984644e-13
16544 4.983988e-13
16545 4.983332e-13
16546 4.982677e-13
16547 4.982021e-13
16548 4.981366e-13
16549 4.980710e-13
16550 4.980055e-13
16551 4.979400e-13
16552 4.978745e-13
16553 4.978090e-13
16554 4.977435e-13
16555 4.976781e-13
16556 4.976126e-13
16557 4.975472e-13
16558 4.974818e-13
16559 4.974164e-13
16560 4.973510e-13
16561 4.972856e-13
16562 4.972202e-13
16563 4.971549e-13
16564 4.970895e-13
16565 4.970242e-13
16566 4.969589e-13
16567 4.968936e-13
16568 4.968283e-13
16569 4.967630e-13
16570 4.966977e-13
16571 4.966325e-13
16572 4.965672e-13
16573 4.965020e-13
16574 4.964368e-13
16575 4.963715e-13
16576 4.963063e-13
16577 4.962412e-13
16578 4.961760e-13
16579 4.961108e-13
16580 4.960457e-13
16581 4.959806e-13
16582 4.959154e-13
16583 4.958503e-13
16584 4.957852e-13
16585 4.957201e-13
16586 4.956551e-13
16587 4.955900e-13
16588 4.955250e-13
16589 4.954599e-13
16590 4.953949e-13
16591 4.953299e-13
16592 4.952649e-13
16593 4.951999e-13
16594 4.951350e-13
16595 4.950700e-13
16596 4.950050e-13
16597 4.949401e-13
16598 4.948752e-13
16599 4.948103e-13
16600 4.947454e-13
16601 4.946805e-13
16602 4.946156e-13
16603 4.945508e-13
16604 4.944859e-13
16605 4.944211e-13
16606 4.943563e-13
16607 4.942915e-13
16608 4.942267e-13
16609 4.941619e-13
16610 4.940971e-13
16611 4.940323e-13
16612 4.939675e-13
16613 4.939027e-13
16614 4.938379e-13
16615 4.937731e-13
16616 4.937084e-13
16617 4.936436e-13
16618 4.935789e-13
16619 4.935142e-13
16620 4.934495e-13
16621 4.933848e-13
16622 4.933201e-13
16623 4.932554e-13
16624 4.931908e-13
16625 4.931261e-13
16626 4.930615e-13
16627 4.929969e-13
16628 4.929323e-13
16629 4.928677e-13
16630 4.928031e-13
16631 4.927385e-13
16632 4.926740e-13
16633 4.926094e-13
16634 4.925449e-13
16635 4.924804e-13
16636 4.924159e-13
16637 4.923514e-13
16638 4.922869e-13
16639 4.922224e-13
16640 4.921580e-13
16641 4.920935e-13
16642 4.920291e-13
16643 4.919647e-13
16644 4.919003e-13
16645 4.918359e-13
16646 4.917715e-13
16647 4.917071e-13
16648 4.916427e-13
16649 4.915784e-13
16650 4.915141e-13
16651 4.914497e-13
16652 4.913854e-13
16653 4.913211e-13
16654 4.912568e-13
16655 4.911926e-13
16656 4.911283e-13
16657 4.910641e-13
16658 4.909998e-13
16659 4.909356e-13
16660 4.908714e-13
16661 4.908072e-13
16662 4.907430e-13
16663 4.906788e-13
16664 4.906147e-13
16665 4.905505e-13
16666 4.904864e-13
16667 4.904222e-13
16668 4.903581e-13
16669 4.902940e-13
16670 4.902299e-13
16671 4.901659e-13
16672 4.901018e-13
16673 4.900377e-13
16674 4.899737e-13
16675 4.899097e-13
16676 4.898457e-13
16677 4.897817e-13
16678 4.897177e-13
16679 4.896537e-13
16680 4.895897e-13
16681 4.895258e-13
16682 4.894618e-13
16683 4.893979e-13
16684 4.893340e-13
16685 4.892701e-13
16686 4.892062e-13
16687 4.891423e-13
16688 4.890784e-13
16689 4.890146e-13
16690 4.889507e-13
16691 4.888869e-13
16692 4.888231e-13
16693 4.887592e-13
16694 4.886954e-13
16695 4.886317e-13
16696 4.885679e-13
16697 4.885041e-13
16698 4.884404e-13
16699 4.883766e-13
16700 4.883129e-13
16701 4.882492e-13
16702 4.881855e-13
16703 4.881218e-13
16704 4.880581e-13
16705 4.879945e-13
16706 4.879308e-13
16707 4.878672e-13
16708 4.878036e-13
16709 4.877399e-13
16710 4.876763e-13
16711 4.876127e-13
16712 4.875492e-13
16713 4.874856e-13
16714 4.874220e-13
16715 4.873585e-13
16716 4.872950e-13
16717 4.872315e-13
16718 4.871679e-13
16719 4.871045e-13
16720 4.870410e-13
16721 4.869775e-13
16722 4.869140e-13
16723 4.868506e-13
16724 4.867872e-13
16725 4.867237e-13
16726 4.866603e-13
16727 4.865969e-13
16728 4.865335e-13
16729 4.864702e-13
16730 4.864068e-13
16731 4.863435e-13
16732 4.862801e-13
16733 4.862168e-13
16734 4.861535e-13
16735 4.860902e-13
16736 4.860269e-13
16737 4.859636e-13
16738 4.859003e-13
16739 4.858371e-13
16740 4.857739e-13
16741 4.857106e-13
16742 4.856474e-13
16743 4.855842e-13
16744 4.855210e-13
16745 4.854578e-13
16746 4.853947e-13
16747 4.853315e-13
16748 4.852683e-13
16749 4.852052e-13
16750 4.851421e-13
16751 4.850790e-13
16752 4.850159e-13
16753 4.849528e-13
16754 4.848897e-13
16755 4.848267e-13
16756 4.847636e-13
16757 4.847006e-13
16758 4.846375e-13
16759 4.845744e-13
16760 4.845114e-13
16761 4.844483e-13
16762 4.843853e-13
16763 4.843223e-13
16764 4.842593e-13
16765 4.841963e-13
16766 4.841333e-13
16767 4.840703e-13
16768 4.840074e-13
16769 4.839444e-13
16770 4.838815e-13
16771 4.838186e-13
16772 4.837556e-13
16773 4.836927e-13
16774 4.836299e-13
16775 4.835670e-13
16776 4.835041e-13
16777 4.834413e-13
16778 4.833784e-13
16779 4.833156e-13
16780 4.832528e-13
16781 4.831900e-13
16782 4.831272e-13
16783 4.830644e-13
16784 4.830016e-13
16785 4.829389e-13
16786 4.828761e-13
16787 4.828134e-13
16788 4.827507e-13
16789 4.826880e-13
16790 4.826253e-13
16791 4.825626e-13
16792 4.824999e-13
16793 4.824372e-13
16794 4.823746e-13
16795 4.823119e-13
16796 4.822493e-13
16797 4.821867e-13
16798 4.821241e-13
16799 4.820615e-13
16800 4.819989e-13
16801 4.819364e-13
16802 4.818738e-13
16803 4.818113e-13
16804 4.817487e-13
16805 4.816862e-13
16806 4.816237e-13
16807 4.815612e-13
16808 4.814987e-13
16809 4.814362e-13
16810 4.813738e-13
16811 4.813113e-13
16812 4.812489e-13
16813 4.811865e-13
16814 4.811241e-13
16815 4.810617e-13
16816 4.809993e-13
16817 4.809369e-13
16818 4.808745e-13
16819 4.808122e-13
16820 4.807498e-13
16821 4.806875e-13
16822 4.806252e-13
16823 4.805629e-13
16824 4.805006e-13
16825 4.804383e-13
16826 4.803760e-13
16827 4.803138e-13
16828 4.802515e-13
16829 4.801893e-13
16830 4.801270e-13
16831 4.800648e-13
16832 4.800026e-13
16833 4.799404e-13
16834 4.798783e-13
16835 4.798161e-13
16836 4.797539e-13
16837 4.796918e-13
16838 4.796297e-13
16839 4.795675e-13
16840 4.795054e-13
16841 4.794433e-13
16842 4.793813e-13
16843 4.793192e-13
16844 4.792571e-13
16845 4.791951e-13
16846 4.791330e-13
16847 4.790710e-13
16848 4.790090e-13
16849 4.789470e-13
16850 4.788850e-13
16851 4.788230e-13
16852 4.787611e-13
16853 4.786991e-13
16854 4.786372e-13
16855 4.785752e-13
16856 4.785133e-13
16857 4.784514e-13
16858 4.783895e-13
16859 4.783276e-13
16860 4.782657e-13
16861 4.782039e-13
16862 4.781420e-13
16863 4.780802e-13
16864 4.780184e-13
16865 4.779565e-13
16866 4.778947e-13
16867 4.778329e-13
16868 4.777712e-13
16869 4.777094e-13
16870 4.776476e-13
16871 4.775859e-13
16872 4.775242e-13
16873 4.774624e-13
16874 4.774007e-13
16875 4.773390e-13
16876 4.772773e-13
16877 4.772157e-13
16878 4.771540e-13
16879 4.770923e-13
16880 4.770307e-13
16881 4.769691e-13
16882 4.769075e-13
16883 4.768459e-13
16884 4.767843e-13
16885 4.767227e-13
16886 4.766611e-13
16887 4.765995e-13
16888 4.765380e-13
16889 4.764765e-13
16890 4.764149e-13
16891 4.763534e-13
16892 4.762919e-13
16893 4.762304e-13
16894 4.761690e-13
16895 4.761075e-13
16896 4.760460e-13
16897 4.759846e-13
16898 4.759232e-13
16899 4.758617e-13
16900 4.758003e-13
16901 4.757389e-13
16902 4.756775e-13
16903 4.756162e-13
16904 4.755548e-13
16905 4.754935e-13
16906 4.754321e-13
16907 4.753707e-13
16908 4.753094e-13
16909 4.752480e-13
16910 4.751867e-13
16911 4.751253e-13
16912 4.750640e-13
16913 4.750027e-13
16914 4.749414e-13
16915 4.748801e-13
16916 4.748188e-13
16917 4.747576e-13
16918 4.746963e-13
16919 4.746351e-13
16920 4.745738e-13
16921 4.745126e-13
16922 4.744514e-13
16923 4.743902e-13
16924 4.743290e-13
16925 4.742679e-13
16926 4.742067e-13
16927 4.741456e-13
16928 4.740844e-13
16929 4.740233e-13
16930 4.739622e-13
16931 4.739011e-13
16932 4.738400e-13
16933 4.737789e-13
16934 4.737178e-13
16935 4.736568e-13
16936 4.735957e-13
16937 4.735347e-13
16938 4.734737e-13
16939 4.734127e-13
16940 4.733517e-13
16941 4.732907e-13
16942 4.732297e-13
16943 4.731687e-13
16944 4.731078e-13
16945 4.730468e-13
16946 4.729859e-13
16947 4.729250e-13
16948 4.728641e-13
16949 4.728032e-13
16950 4.727423e-13
16951 4.726814e-13
16952 4.726205e-13
16953 4.725597e-13
16954 4.724989e-13
16955 4.724380e-13
16956 4.723772e-13
16957 4.723164e-13
16958 4.722556e-13
16959 4.721948e-13
16960 4.721340e-13
16961 4.720733e-13
16962 4.720125e-13
16963 4.719518e-13
16964 4.718911e-13
16965 4.718304e-13
16966 4.717697e-13
16967 4.717090e-13
16968 4.716483e-13
16969 4.715876e-13
16970 4.715270e-13
16971 4.714663e-13
16972 4.714057e-13
16973 4.713451e-13
16974 4.712844e-13
16975 4.712238e-13
16976 4.711633e-13
16977 4.711027e-13
16978 4.710421e-13
16979 4.709815e-13
16980 4.709210e-13
16981 4.708605e-13
16982 4.708000e-13
16983 4.707394e-13
16984 4.706789e-13
16985 4.706185e-13
16986 4.705580e-13
16987 4.704975e-13
16988 4.704371e-13
16989 4.703766e-13
16990 4.703162e-13
16991 4.702558e-13
16992 4.701954e-13
16993 4.701350e-13
16994 4.700746e-13
16995 4.700142e-13
16996 4.699538e-13
16997 4.698935e-13
16998 4.698331e-13
16999 4.697728e-13
17000 4.697125e-13
17001 4.696522e-13
17002 4.695919e-13
17003 4.695316e-13
17004 4.694713e-13
17005 4.694111e-13
17006 4.693508e-13
17007 4.692906e-13
17008 4.692304e-13
17009 4.691702e-13
17010 4.691099e-13
17011 4.690498e-13
17012 4.689896e-13
17013 4.689294e-13
17014 4.688692e-13
17015 4.688091e-13
17016 4.687490e-13
17017 4.686888e-13
17018 4.686287e-13
17019 4.685686e-13
17020 4.685085e-13
17021 4.684484e-13
17022 4.683884e-13
17023 4.683283e-13
17024 4.682683e-13
17025 4.682082e-13
17026 4.681482e-13
17027 4.680882e-13
17028 4.680282e-13
17029 4.679682e-13
17030 4.679082e-13
17031 4.678482e-13
17032 4.677883e-13
17033 4.677283e-13
17034 4.676684e-13
17035 4.676085e-13
17036 4.675486e-13
17037 4.674887e-13
17038 4.674288e-13
17039 4.673689e-13
17040 4.673090e-13
17041 4.672492e-13
17042 4.671893e-13
17043 4.671295e-13
17044 4.670697e-13
17045 4.670098e-13
17046 4.669500e-13
17047 4.668903e-13
17048 4.668305e-13
17049 4.667707e-13
17050 4.667110e-13
17051 4.666512e-13
17052 4.665915e-13
17053 4.665318e-13
17054 4.664720e-13
17055 4.664123e-13
17056 4.663526e-13
17057 4.662929e-13
17058 4.662332e-13
17059 4.661735e-13
17060 4.661138e-13
17061 4.660541e-13
17062 4.659945e-13
17063 4.659348e-13
17064 4.658751e-13
17065 4.658155e-13
17066 4.657559e-13
17067 4.656963e-13
17068 4.656367e-13
17069 4.655771e-13
17070 4.655175e-13
17071 4.654579e-13
17072 4.653983e-13
17073 4.653388e-13
17074 4.652793e-13
17075 4.652197e-13
17076 4.651602e-13
17077 4.651007e-13
17078 4.650412e-13
17079 4.649817e-13
17080 4.649223e-13
17081 4.648628e-13
17082 4.648033e-13
17083 4.647439e-13
17084 4.646845e-13
17085 4.646251e-13
17086 4.645657e-13
17087 4.645063e-13
17088 4.644469e-13
17089 4.643875e-13
17090 4.643281e-13
17091 4.642688e-13
17092 4.642094e-13
17093 4.641501e-13
17094 4.640908e-13
17095 4.640315e-13
17096 4.639722e-13
17097 4.639129e-13
17098 4.638536e-13
17099 4.637944e-13
17100 4.637351e-13
17101 4.636759e-13
17102 4.636167e-13
17103 4.635574e-13
17104 4.634982e-13
17105 4.634390e-13
17106 4.633798e-13
17107 4.633207e-13
17108 4.632615e-13
17109 4.632024e-13
17110 4.631432e-13
17111 4.630841e-13
17112 4.630250e-13
17113 4.629659e-13
17114 4.629068e-13
17115 4.628477e-13
17116 4.627886e-13
17117 4.627295e-13
17118 4.626705e-13
17119 4.626114e-13
17120 4.625524e-13
17121 4.624934e-13
17122 4.624344e-13
17123 4.623754e-13
17124 4.623164e-13
17125 4.622574e-13
17126 4.621985e-13
17127 4.621395e-13
17128 4.620806e-13
17129 4.620216e-13
17130 4.619627e-13
17131 4.619038e-13
17132 4.618449e-13
17133 4.617860e-13
17134 4.617271e-13
17135 4.616683e-13
17136 4.616094e-13
17137 4.615506e-13
17138 4.614917e-13
17139 4.614329e-13
17140 4.613741e-13
17141 4.613153e-13
17142 4.612565e-13
17143 4.611977e-13
17144 4.611389e-13
17145 4.610802e-13
17146 4.610214e-13
17147 4.609627e-13
17148 4.609040e-13
17149 4.608453e-13
17150 4.607866e-13
17151 4.607279e-13
17152 4.606692e-13
17153 4.606105e-13
17154 4.605519e-13
17155 4.604932e-13
17156 4.604346e-13
17157 4.603760e-13
17158 4.603173e-13
17159 4.602587e-13
17160 4.602001e-13
17161 4.601416e-13
17162 4.600830e-13
17163 4.600244e-13
17164 4.599659e-13
17165 4.599073e-13
17166 4.598488e-13
17167 4.597903e-13
17168 4.597318e-13
17169 4.596733e-13
17170 4.596148e-13
17171 4.595563e-13
17172 4.594979e-13
17173 4.594394e-13
17174 4.593810e-13
17175 4.593225e-13
17176 4.592641e-13
17177 4.592057e-13
17178 4.591473e-13
17179 4.590889e-13
17180 4.590305e-13
17181 4.589722e-13
17182 4.589138e-13
17183 4.588555e-13
17184 4.587971e-13
17185 4.587388e-13
17186 4.586805e-13
17187 4.586222e-13
17188 4.585639e-13
17189 4.585056e-13
17190 4.584474e-13
17191 4.583891e-13
17192 4.583309e-13
17193 4.582726e-13
17194 4.582144e-13
17195 4.581562e-13
17196 4.580980e-13
17197 4.580398e-13
17198 4.579816e-13
17199 4.579234e-13
17200 4.578653e-13
17201 4.578071e-13
17202 4.577490e-13
17203 4.576908e-13
17204 4.576327e-13
17205 4.575746e-13
17206 4.575165e-13
17207 4.574584e-13
17208 4.574003e-13
17209 4.573422e-13
17210 4.572841e-13
17211 4.572260e-13
17212 4.571680e-13
17213 4.571099e-13
17214 4.570518e-13
17215 4.569938e-13
17216 4.569357e-13
17217 4.568777e-13
17218 4.568197e-13
17219 4.567617e-13
17220 4.567037e-13
17221 4.566457e-13
17222 4.565878e-13
17223 4.565298e-13
17224 4.564718e-13
17225 4.564139e-13
17226 4.563560e-13
17227 4.562980e-13
17228 4.562401e-13
17229 4.561822e-13
17230 4.561244e-13
17231 4.560665e-13
17232 4.560086e-13
17233 4.559508e-13
17234 4.558929e-13
17235 4.558351e-13
17236 4.557773e-13
17237 4.557194e-13
17238 4.556616e-13
17239 4.556039e-13
17240 4.555461e-13
17241 4.554883e-13
17242 4.554305e-13
17243 4.553728e-13
17244 4.553151e-13
17245 4.552573e-13
17246 4.551996e-13
17247 4.551419e-13
17248 4.550842e-13
17249 4.550265e-13
17250 4.549689e-13
17251 4.549112e-13
17252 4.548535e-13
17253 4.547959e-13
17254 4.547383e-13
17255 4.546807e-13
17256 4.546230e-13
17257 4.545654e-13
17258 4.545079e-13
17259 4.544503e-13
17260 4.543927e-13
17261 4.543352e-13
17262 4.542776e-13
17263 4.542201e-13
17264 4.541625e-13
17265 4.541050e-13
17266 4.540475e-13
17267 4.539900e-13
17268 4.539326e-13
17269 4.538751e-13
17270 4.538176e-13
17271 4.537602e-13
17272 4.537027e-13
17273 4.536453e-13
17274 4.535879e-13
17275 4.535305e-13
17276 4.534731e-13
17277 4.534157e-13
17278 4.533583e-13
17279 4.533010e-13
17280 4.532436e-13
17281 4.531863e-13
17282 4.531289e-13
17283 4.530716e-13
17284 4.530143e-13
17285 4.529570e-13
17286 4.528997e-13
17287 4.528424e-13
17288 4.527851e-13
17289 4.527279e-13
17290 4.526706e-13
17291 4.526134e-13
17292 4.525562e-13
17293 4.524989e-13
17294 4.524417e-13
17295 4.523845e-13
17296 4.523274e-13
17297 4.522702e-13
17298 4.522130e-13
17299 4.521559e-13
17300 4.520987e-13
17301 4.520416e-13
17302 4.519845e-13
17303 4.519273e-13
17304 4.518702e-13
17305 4.518132e-13
17306 4.517561e-13
17307 4.516990e-13
17308 4.516419e-13
17309 4.515849e-13
17310 4.515279e-13
17311 4.514708e-13
17312 4.514138e-13
17313 4.513568e-13
17314 4.512998e-13
17315 4.512428e-13
17316 4.511858e-13
17317 4.511289e-13
17318 4.510719e-13
17319 4.510150e-13
17320 4.509580e-13
17321 4.509011e-13
17322 4.508442e-13
17323 4.507873e-13
17324 4.507304e-13
17325 4.506735e-13
17326 4.506167e-13
17327 4.505598e-13
17328 4.505029e-13
17329 4.504461e-13
17330 4.503893e-13
17331 4.503325e-13
17332 4.502756e-13
17333 4.502188e-13
17334 4.501621e-13
17335 4.501053e-13
17336 4.500485e-13
17337 4.499918e-13
17338 4.499350e-13
17339 4.498783e-13
17340 4.498216e-13
17341 4.497648e-13
17342 4.497081e-13
17343 4.496514e-13
17344 4.495948e-13
17345 4.495381e-13
17346 4.494814e-13
17347 4.494248e-13
17348 4.493681e-13
17349 4.493115e-13
17350 4.492549e-13
17351 4.491983e-13
17352 4.491417e-13
17353 4.490851e-13
17354 4.490285e-13
17355 4.489719e-13
17356 4.489154e-13
17357 4.488588e-13
17358 4.488023e-13
17359 4.487458e-13
17360 4.486892e-13
17361 4.486327e-13
17362 4.485762e-13
17363 4.485196e-13
17364 4.484631e-13
17365 4.484066e-13
17366 4.483501e-13
17367 4.482936e-13
17368 4.482371e-13
17369 4.481807e-13
17370 4.481242e-13
17371 4.480678e-13
17372 4.480113e-13
17373 4.479549e-13
17374 4.478985e-13
17375 4.478421e-13
17376 4.477857e-13
17377 4.477293e-13
17378 4.476729e-13
17379 4.476165e-13
17380 4.475602e-13
17381 4.475038e-13
17382 4.474475e-13
17383 4.473912e-13
17384 4.473349e-13
17385 4.472786e-13
17386 4.472223e-13
17387 4.471660e-13
17388 4.471097e-13
17389 4.470534e-13
17390 4.469972e-13
17391 4.469409e-13
17392 4.468847e-13
17393 4.468285e-13
17394 4.467723e-13
17395 4.467161e-13
17396 4.466599e-13
17397 4.466037e-13
17398 4.465475e-13
17399 4.464914e-13
17400 4.464352e-13
17401 4.463791e-13
17402 4.463230e-13
17403 4.462668e-13
17404 4.462107e-13
17405 4.461546e-13
17406 4.460985e-13
17407 4.460425e-13
17408 4.459864e-13
17409 4.459303e-13
17410 4.458743e-13
17411 4.458183e-13
17412 4.457622e-13
17413 4.457062e-13
17414 4.456502e-13
17415 4.455942e-13
17416 4.455382e-13
17417 4.454823e-13
17418 4.454263e-13
17419 4.453703e-13
17420 4.453144e-13
17421 4.452585e-13
17422 4.452025e-13
17423 4.451466e-13
17424 4.450907e-13
17425 4.450348e-13
17426 4.449789e-13
17427 4.449231e-13
17428 4.448672e-13
17429 4.448114e-13
17430 4.447555e-13
17431 4.446997e-13
17432 4.446439e-13
17433 4.445880e-13
17434 4.445322e-13
17435 4.444765e-13
17436 4.444207e-13
17437 4.443649e-13
17438 4.443091e-13
17439 4.442534e-13
17440 4.441976e-13
17441 4.441419e-13
17442 4.440862e-13
17443 4.440305e-13
17444 4.439748e-13
17445 4.439191e-13
17446 4.438634e-13
17447 4.438078e-13
17448 4.437521e-13
17449 4.436964e-13
17450 4.436408e-13
17451 4.435852e-13
17452 4.435296e-13
17453 4.434740e-13
17454 4.434184e-13
17455 4.433628e-13
17456 4.433072e-13
17457 4.432516e-13
17458 4.431961e-13
17459 4.431405e-13
17460 4.430850e-13
17461 4.430295e-13
17462 4.429739e-13
17463 4.429184e-13
17464 4.428629e-13
17465 4.428075e-13
17466 4.427520e-13
17467 4.426965e-13
17468 4.426411e-13
17469 4.425856e-13
17470 4.425302e-13
17471 4.424747e-13
17472 4.424193e-13
17473 4.423639e-13
17474 4.423085e-13
17475 4.422531e-13
17476 4.421978e-13
17477 4.421424e-13
17478 4.420871e-13
17479 4.420317e-13
17480 4.419764e-13
17481 4.419210e-13
17482 4.418657e-13
17483 4.418104e-13
17484 4.417551e-13
17485 4.416999e-13
17486 4.416446e-13
17487 4.415893e-13
17488 4.415341e-13
17489 4.414788e-13
17490 4.414236e-13
17491 4.413684e-13
17492 4.413131e-13
17493 4.412579e-13
17494 4.412027e-13
17495 4.411476e-13
17496 4.410924e-13
17497 4.410372e-13
17498 4.409821e-13
17499 4.409269e-13
17500 4.408718e-13
17501 4.408167e-13
17502 4.407616e-13
17503 4.407065e-13
17504 4.406514e-13
17505 4.405963e-13
17506 4.405412e-13
17507 4.404861e-13
17508 4.404311e-13
17509 4.403761e-13
17510 4.403210e-13
17511 4.402660e-13
17512 4.402110e-13
17513 4.401560e-13
17514 4.401010e-13
17515 4.400460e-13
17516 4.399910e-13
17517 4.399360e-13
17518 4.398810e-13
17519 4.398260e-13
17520 4.397710e-13
17521 4.397160e-13
17522 4.396611e-13
17523 4.396061e-13
17524 4.395512e-13
17525 4.394963e-13
17526 4.394414e-13
17527 4.393865e-13
17528 4.393316e-13
17529 4.392767e-13
17530 4.392218e-13
17531 4.391669e-13
17532 4.391121e-13
17533 4.390572e-13
17534 4.390024e-13
17535 4.389476e-13
17536 4.388927e-13
17537 4.388379e-13
17538 4.387831e-13
17539 4.387283e-13
17540 4.386736e-13
17541 4.386188e-13
17542 4.385640e-13
17543 4.385093e-13
17544 4.384546e-13
17545 4.383998e-13
17546 4.383451e-13
17547 4.382904e-13
17548 4.382357e-13
17549 4.381810e-13
17550 4.381263e-13
17551 4.380717e-13
17552 4.380170e-13
17553 4.379624e-13
17554 4.379077e-13
17555 4.378531e-13
17556 4.377985e-13
17557 4.377439e-13
17558 4.376893e-13
17559 4.376347e-13
17560 4.375801e-13
17561 4.375255e-13
17562 4.374710e-13
17563 4.374164e-13
17564 4.373619e-13
17565 4.373074e-13
17566 4.372528e-13
17567 4.371983e-13
17568 4.371438e-13
17569 4.370893e-13
17570 4.370349e-13
17571 4.369804e-13
17572 4.369259e-13
17573 4.368715e-13
17574 4.368170e-13
17575 4.367626e-13
17576 4.367082e-13
17577 4.366538e-13
17578 4.365994e-13
17579 4.365450e-13
17580 4.364906e-13
17581 4.364362e-13
17582 4.363819e-13
17583 4.363275e-13
17584 4.362732e-13
17585 4.362189e-13
17586 4.361645e-13
17587 4.361102e-13
17588 4.360559e-13
17589 4.360016e-13
17590 4.359473e-13
17591 4.358931e-13
17592 4.358388e-13
17593 4.357846e-13
17594 4.357303e-13
17595 4.356761e-13
17596 4.356219e-13
17597 4.355676e-13
17598 4.355134e-13
17599 4.354592e-13
17600 4.354051e-13
17601 4.353509e-13
17602 4.352967e-13
17603 4.352426e-13
17604 4.351884e-13
17605 4.351343e-13
17606 4.350802e-13
17607 4.350261e-13
17608 4.349719e-13
17609 4.349178e-13
17610 4.348638e-13
17611 4.348097e-13
17612 4.347556e-13
17613 4.347016e-13
17614 4.346475e-13
17615 4.345935e-13
17616 4.345395e-13
17617 4.344854e-13
17618 4.344314e-13
17619 4.343774e-13
17620 4.343234e-13
17621 4.342695e-13
17622 4.342155e-13
17623 4.341615e-13
17624 4.341076e-13
17625 4.340536e-13
17626 4.339997e-13
17627 4.339458e-13
17628 4.338919e-13
17629 4.338380e-13
17630 4.337841e-13
17631 4.337302e-13
17632 4.336763e-13
17633 4.336225e-13
17634 4.335686e-13
17635 4.335148e-13
17636 4.334610e-13
17637 4.334071e-13
17638 4.333533e-13
17639 4.332995e-13
17640 4.332457e-13
17641 4.331919e-13
17642 4.331382e-13
17643 4.330844e-13
17644 4.330307e-13
17645 4.329769e-13
17646 4.329232e-13
17647 4.328695e-13
17648 4.328157e-13
17649 4.327620e-13
17650 4.327083e-13
17651 4.326546e-13
17652 4.326010e-13
17653 4.325473e-13
17654 4.324936e-13
17655 4.324400e-13
17656 4.323864e-13
17657 4.323327e-13
17658 4.322791e-13
17659 4.322255e-13
17660 4.321719e-13
17661 4.321183e-13
17662 4.320647e-13
17663 4.320112e-13
17664 4.319576e-13
17665 4.319041e-13
17666 4.318505e-13
17667 4.317970e-13
17668 4.317435e-13
17669 4.316900e-13
17670 4.316365e-13
17671 4.315829e-13
17672 4.315294e-13
17673 4.314759e-13
17674 4.314224e-13
17675 4.313689e-13
17676 4.313154e-13
17677 4.312619e-13
17678 4.312085e-13
17679 4.311550e-13
17680 4.311016e-13
17681 4.310481e-13
17682 4.309947e-13
17683 4.309413e-13
17684 4.308879e-13
17685 4.308345e-13
17686 4.307811e-13
17687 4.307277e-13
17688 4.306743e-13
17689 4.306210e-13
17690 4.305676e-13
17691 4.305143e-13
17692 4.304609e-13
17693 4.304076e-13
17694 4.303543e-13
17695 4.303010e-13
17696 4.302477e-13
17697 4.301944e-13
17698 4.301411e-13
17699 4.300879e-13
17700 4.300346e-13
17701 4.299814e-13
17702 4.299281e-13
17703 4.298749e-13
17704 4.298217e-13
17705 4.297685e-13
17706 4.297153e-13
17707 4.296621e-13
17708 4.296089e-13
17709 4.295557e-13
17710 4.295026e-13
17711 4.294494e-13
17712 4.293963e-13
17713 4.293432e-13
17714 4.292900e-13
17715 4.292369e-13
17716 4.291838e-13
17717 4.291307e-13
17718 4.290776e-13
17719 4.290246e-13
17720 4.289715e-13
17721 4.289185e-13
17722 4.288654e-13
17723 4.288124e-13
17724 4.287593e-13
17725 4.287063e-13
17726 4.286533e-13
17727 4.286003e-13
17728 4.285473e-13
17729 4.284944e-13
17730 4.284414e-13
17731 4.283884e-13
17732 4.283355e-13
17733 4.282825e-13
17734 4.282296e-13
17735 4.281767e-13
17736 4.281238e-13
17737 4.280709e-13
17738 4.280180e-13
17739 4.279651e-13
17740 4.279122e-13
17741 4.278594e-13
17742 4.278065e-13
17743 4.277537e-13
17744 4.277008e-13
17745 4.276480e-13
17746 4.275952e-13
17747 4.275424e-13
17748 4.274896e-13
17749 4.274368e-13
17750 4.273840e-13
17751 4.273312e-13
17752 4.272785e-13
17753 4.272257e-13
17754 4.271730e-13
17755 4.271203e-13
17756 4.270675e-13
17757 4.270148e-13
17758 4.269621e-13
17759 4.269094e-13
17760 4.268567e-13
17761 4.268041e-13
17762 4.267514e-13
17763 4.266988e-13
17764 4.266461e-13
17765 4.265935e-13
17766 4.265408e-13
17767 4.264882e-13
17768 4.264356e-13
17769 4.263830e-13
17770 4.263304e-13
17771 4.262778e-13
17772 4.262253e-13
17773 4.261727e-13
17774 4.261202e-13
17775 4.260676e-13
17776 4.260151e-13
17777 4.259626e-13
17778 4.259101e-13
17779 4.258575e-13
17780 4.258051e-13
17781 4.257526e-13
17782 4.257001e-13
17783 4.256476e-13
17784 4.255952e-13
17785 4.255427e-13
17786 4.254903e-13
17787 4.254379e-13
17788 4.253854e-13
17789 4.253330e-13
17790 4.252806e-13
17791 4.252282e-13
17792 4.251759e-13
17793 4.251235e-13
17794 4.250711e-13
17795 4.250188e-13
17796 4.249664e-13
17797 4.249141e-13
17798 4.248618e-13
17799 4.248094e-13
17800 4.247571e-13
17801 4.247048e-13
17802 4.246525e-13
17803 4.246003e-13
17804 4.245480e-13
17805 4.244957e-13
17806 4.244435e-13
17807 4.243912e-13
17808 4.243390e-13
17809 4.242868e-13
17810 4.242346e-13
17811 4.241824e-13
17812 4.241302e-13
17813 4.240780e-13
17814 4.240258e-13
17815 4.239737e-13
17816 4.239215e-13
17817 4.238694e-13
17818 4.238172e-13
17819 4.237651e-13
17820 4.237130e-13
17821 4.236609e-13
17822 4.236088e-13
17823 4.235567e-13
17824 4.235046e-13
17825 4.234525e-13
17826 4.234004e-13
17827 4.233484e-13
17828 4.232963e-13
17829 4.232442e-13
17830 4.231922e-13
17831 4.231401e-13
17832 4.230881e-13
17833 4.230360e-13
17834 4.229840e-13
17835 4.229320e-13
17836 4.228800e-13
17837 4.228280e-13
17838 4.227760e-13
17839 4.227240e-13
17840 4.226720e-13
17841 4.226200e-13
17842 4.225681e-13
17843 4.225161e-13
17844 4.224642e-13
17845 4.224123e-13
17846 4.223604e-13
17847 4.223085e-13
17848 4.222566e-13
17849 4.222047e-13
17850 4.221528e-13
17851 4.221009e-13
17852 4.220490e-13
17853 4.219972e-13
17854 4.219453e-13
17855 4.218935e-13
17856 4.218417e-13
17857 4.217899e-13
17858 4.217381e-13
17859 4.216863e-13
17860 4.216345e-13
17861 4.215827e-13
17862 4.215309e-13
17863 4.214792e-13
17864 4.214274e-13
17865 4.213757e-13
17866 4.213239e-13
17867 4.212722e-13
17868 4.212205e-13
17869 4.211688e-13
17870 4.211171e-13
17871 4.210654e-13
17872 4.210137e-13
17873 4.209621e-13
17874 4.209104e-13
17875 4.208587e-13
17876 4.208071e-13
17877 4.207555e-13
17878 4.207039e-13
17879 4.206522e-13
17880 4.206006e-13
17881 4.205490e-13
17882 4.204975e-13
17883 4.204459e-13
17884 4.203943e-13
17885 4.203428e-13
17886 4.202912e-13
17887 4.202397e-13
17888 4.201881e-13
17889 4.201366e-13
17890 4.200851e-13
17891 4.200336e-13
17892 4.199821e-13
17893 4.199306e-13
17894 4.198791e-13
17895 4.198277e-13
17896 4.197762e-13
17897 4.197248e-13
17898 4.196733e-13
17899 4.196219e-13
17900 4.195705e-13
17901 4.195191e-13
17902 4.194677e-13
17903 4.194163e-13
17904 4.193649e-13
17905 4.193135e-13
17906 4.192622e-13
17907 4.192108e-13
17908 4.191595e-13
17909 4.191081e-13
17910 4.190568e-13
17911 4.190055e-13
17912 4.189542e-13
17913 4.189029e-13
17914 4.188516e-13
17915 4.188003e-13
17916 4.187490e-13
17917 4.186977e-13
17918 4.186465e-13
17919 4.185952e-13
17920 4.185440e-13
17921 4.184928e-13
17922 4.184416e-13
17923 4.183903e-13
17924 4.183391e-13
17925 4.182880e-13
17926 4.182368e-13
17927 4.181856e-13
17928 4.181344e-13
17929 4.180833e-13
17930 4.180321e-13
17931 4.179810e-13
17932 4.179299e-13
17933 4.178788e-13
17934 4.178276e-13
17935 4.177765e-13
17936 4.177255e-13
17937 4.176744e-13
17938 4.176233e-13
17939 4.175722e-13
17940 4.175212e-13
17941 4.174701e-13
17942 4.174191e-13
17943 4.173681e-13
17944 4.173170e-13
17945 4.172660e-13
17946 4.172150e-13
17947 4.171640e-13
17948 4.171131e-13
17949 4.170621e-13
17950 4.170111e-13
17951 4.169602e-13
17952 4.169092e-13
17953 4.168583e-13
17954 4.168074e-13
17955 4.167564e-13
17956 4.167055e-13
17957 4.166546e-13
17958 4.166037e-13
17959 4.165529e-13
17960 4.165020e-13
17961 4.164511e-13
17962 4.164003e-13
17963 4.163494e-13
17964 4.162986e-13
17965 4.162477e-13
17966 4.161969e-13
17967 4.161461e-13
17968 4.160953e-13
17969 4.160445e-13
17970 4.159937e-13
17971 4.159430e-13
17972 4.158922e-13
17973 4.158414e-13
17974 4.157907e-13
17975 4.157400e-13
17976 4.156892e-13
17977 4.156385e-13
17978 4.155878e-13
17979 4.155371e-13
17980 4.154864e-13
17981 4.154357e-13
17982 4.153850e-13
17983 4.153344e-13
17984 4.152837e-13
17985 4.152331e-13
17986 4.151824e-13
17987 4.151318e-13
17988 4.150811e-13
17989 4.150305e-13
17990 4.149798e-13
17991 4.149292e-13
17992 4.148785e-13
17993 4.148279e-13
17994 4.147773e-13
17995 4.147267e-13
17996 4.146761e-13
17997 4.146256e-13
17998 4.145750e-13
17999 4.145244e-13
18000 4.144739e-13
18001 4.144233e-13
18002 4.143728e-13
18003 4.143223e-13
18004 4.142718e-13
18005 4.142212e-13
18006 4.141707e-13
18007 4.141203e-13
18008 4.140698e-13
18009 4.140193e-13
18010 4.139688e-13
18011 4.139184e-13
18012 4.138679e-13
18013 4.138175e-13
18014 4.137671e-13
18015 4.137167e-13
18016 4.136662e-13
18017 4.136158e-13
18018 4.135655e-13
18019 4.135151e-13
18020 4.134647e-13
18021 4.134143e-13
18022 4.133640e-13
18023 4.133136e-13
18024 4.132633e-13
18025 4.132130e-13
18026 4.131626e-13
18027 4.131123e-13
18028 4.130620e-13
18029 4.130117e-13
18030 4.129614e-13
18031 4.129112e-13
18032 4.128609e-13
18033 4.128106e-13
18034 4.127604e-13
18035 4.127102e-13
18036 4.126599e-13
18037 4.126097e-13
18038 4.125595e-13
18039 4.125093e-13
18040 4.124591e-13
18041 4.124089e-13
18042 4.123587e-13
18043 4.123086e-13
18044 4.122584e-13
18045 4.122082e-13
18046 4.121581e-13
18047 4.121080e-13
18048 4.120578e-13
18049 4.120077e-13
18050 4.119576e-13
18051 4.119075e-13
18052 4.118574e-13
18053 4.118074e-13
18054 4.117573e-13
18055 4.117072e-13
18056 4.116572e-13
18057 4.116071e-13
18058 4.115571e-13
18059 4.115071e-13
18060 4.114570e-13
18061 4.114070e-13
18062 4.113570e-13
18063 4.113070e-13
18064 4.112571e-13
18065 4.112071e-13
18066 4.111571e-13
18067 4.111072e-13
18068 4.110572e-13
18069 4.110073e-13
18070 4.109573e-13
18071 4.109074e-13
18072 4.108575e-13
18073 4.108076e-13
18074 4.107577e-13
18075 4.107078e-13
18076 4.106579e-13
18077 4.106081e-13
18078 4.105582e-13
18079 4.105084e-13
18080 4.104585e-13
18081 4.104087e-13
18082 4.103589e-13
18083 4.103091e-13
18084 4.102592e-13
18085 4.102094e-13
18086 4.101597e-13
18087 4.101099e-13
18088 4.100601e-13
18089 4.100103e-13
18090 4.099606e-13
18091 4.099108e-13
18092 4.098611e-13
18093 4.098114e-13
18094 4.097617e-13
18095 4.097120e-13
18096 4.096623e-13
18097 4.096126e-13
18098 4.095629e-13
18099 4.095132e-13
18100 4.094635e-13
18101 4.094139e-13
18102 4.093642e-13
18103 4.093146e-13
18104 4.092650e-13
18105 4.092153e-13
18106 4.091657e-13
18107 4.091161e-13
18108 4.090665e-13
18109 4.090169e-13
18110 4.089674e-13
18111 4.089178e-13
18112 4.088682e-13
18113 4.088187e-13
18114 4.087691e-13
18115 4.087196e-13
18116 4.086701e-13
18117 4.086206e-13
18118 4.085710e-13
18119 4.085215e-13
18120 4.084721e-13
18121 4.084226e-13
18122 4.083731e-13
18123 4.083236e-13
18124 4.082742e-13
18125 4.082247e-13
18126 4.081753e-13
18127 4.081259e-13
18128 4.080764e-13
18129 4.080270e-13
18130 4.079776e-13
18131 4.079282e-13
18132 4.078788e-13
18133 4.078295e-13
18134 4.077801e-13
18135 4.077307e-13
18136 4.076814e-13
18137 4.076320e-13
18138 4.075827e-13
18139 4.075334e-13
18140 4.074841e-13
18141 4.074348e-13
18142 4.073855e-13
18143 4.073362e-13
18144 4.072869e-13
18145 4.072376e-13
18146 4.071883e-13
18147 4.071390e-13
18148 4.070898e-13
18149 4.070405e-13
18150 4.069912e-13
18151 4.069420e-13
18152 4.068927e-13
18153 4.068435e-13
18154 4.067942e-13
18155 4.067450e-13
18156 4.066958e-13
18157 4.066466e-13
18158 4.065974e-13
18159 4.065482e-13
18160 4.064990e-13
18161 4.064498e-13
18162 4.064007e-13
18163 4.063515e-13
18164 4.063024e-13
18165 4.062532e-13
18166 4.062041e-13
18167 4.061550e-13
18168 4.061059e-13
18169 4.060568e-13
18170 4.060077e-13
18171 4.059586e-13
18172 4.059095e-13
18173 4.058604e-13
18174 4.058114e-13
18175 4.057623e-13
18176 4.057133e-13
18177 4.056642e-13
18178 4.056152e-13
18179 4.055662e-13
18180 4.055172e-13
18181 4.054682e-13
18182 4.054192e-13
18183 4.053702e-13
18184 4.053212e-13
18185 4.052723e-13
18186 4.052233e-13
18187 4.051744e-13
18188 4.051254e-13
18189 4.050765e-13
18190 4.050276e-13
18191 4.049787e-13
18192 4.049298e-13
18193 4.048809e-13
18194 4.048320e-13
18195 4.047831e-13
18196 4.047342e-13
18197 4.046854e-13
18198 4.046365e-13
18199 4.045877e-13
18200 4.045388e-13
18201 4.044900e-13
18202 4.044412e-13
18203 4.043924e-13
18204 4.043436e-13
18205 4.042948e-13
18206 4.042460e-13
18207 4.041972e-13
18208 4.041484e-13
18209 4.040997e-13
18210 4.040509e-13
18211 4.040022e-13
18212 4.039534e-13
18213 4.039047e-13
18214 4.038560e-13
18215 4.038073e-13
18216 4.037586e-13
18217 4.037099e-13
18218 4.036612e-13
18219 4.036125e-13
18220 4.035639e-13
18221 4.035152e-13
18222 4.034666e-13
18223 4.034179e-13
18224 4.033693e-13
18225 4.033207e-13
18226 4.032721e-13
18227 4.032235e-13
18228 4.031749e-13
18229 4.031263e-13
18230 4.030777e-13
18231 4.030291e-13
18232 4.029806e-13
18233 4.029320e-13
18234 4.028835e-13
18235 4.028349e-13
18236 4.027864e-13
18237 4.027379e-13
18238 4.026893e-13
18239 4.026408e-13
18240 4.025924e-13
18241 4.025439e-13
18242 4.024954e-13
18243 4.024469e-13
18244 4.023985e-13
18245 4.023500e-13
18246 4.023016e-13
18247 4.022531e-13
18248 4.022047e-13
18249 4.021563e-13
18250 4.021079e-13
18251 4.020595e-13
18252 4.020111e-13
18253 4.019627e-13
18254 4.019143e-13
18255 4.018659e-13
18256 4.018176e-13
18257 4.017692e-13
18258 4.017209e-13
18259 4.016726e-13
18260 4.016242e-13
18261 4.015759e-13
18262 4.015276e-13
18263 4.014793e-13
18264 4.014310e-13
18265 4.013827e-13
18266 4.013344e-13
18267 4.012862e-13
18268 4.012379e-13
18269 4.011897e-13
18270 4.011414e-13
18271 4.010932e-13
18272 4.010450e-13
18273 4.009968e-13
18274 4.009486e-13
18275 4.009004e-13
18276 4.008522e-13
18277 4.008040e-13
18278 4.007558e-13
18279 4.007076e-13
18280 4.006595e-13
18281 4.006113e-13
18282 4.005632e-13
18283 4.005151e-13
18284 4.004669e-13
18285 4.004188e-13
18286 4.003707e-13
18287 4.003226e-13
18288 4.002745e-13
18289 4.002265e-13
18290 4.001784e-13
18291 4.001303e-13
18292 4.000823e-13
18293 4.000342e-13
18294 3.999862e-13
18295 3.999381e-13
18296 3.998901e-13
18297 3.998421e-13
18298 3.997941e-13
18299 3.997461e-13
18300 3.996981e-13
18301 3.996501e-13
18302 3.996022e-13
18303 3.995542e-13
18304 3.995062e-13
18305 3.994583e-13
18306 3.994104e-13
18307 3.993624e-13
18308 3.993145e-13
18309 3.992665e-13
18310 3.992186e-13
18311 3.991706e-13
18312 3.991227e-13
18313 3.990748e-13
18314 3.990269e-13
18315 3.989790e-13
18316 3.989311e-13
18317 3.988832e-13
18318 3.988353e-13
18319 3.987875e-13
18320 3.987396e-13
18321 3.986918e-13
18322 3.986439e-13
18323 3.985961e-13
18324 3.985483e-13
18325 3.985004e-13
18326 3.984526e-13
18327 3.984048e-13
18328 3.983570e-13
18329 3.983093e-13
18330 3.982615e-13
18331 3.982137e-13
18332 3.981660e-13
18333 3.981182e-13
18334 3.980705e-13
18335 3.980227e-13
18336 3.979750e-13
18337 3.979273e-13
18338 3.978796e-13
18339 3.978319e-13
18340 3.977842e-13
18341 3.977365e-13
18342 3.976888e-13
18343 3.976412e-13
18344 3.975935e-13
18345 3.975459e-13
18346 3.974982e-13
18347 3.974506e-13
18348 3.974030e-13
18349 3.973554e-13
18350 3.973077e-13
18351 3.972601e-13
18352 3.972126e-13
18353 3.971650e-13
18354 3.971174e-13
18355 3.970698e-13
18356 3.970223e-13
18357 3.969747e-13
18358 3.969272e-13
18359 3.968796e-13
18360 3.968321e-13
18361 3.967846e-13
18362 3.967371e-13
18363 3.966896e-13
18364 3.966421e-13
18365 3.965946e-13
18366 3.965471e-13
18367 3.964997e-13
18368 3.964522e-13
18369 3.964048e-13
18370 3.963573e-13
18371 3.963099e-13
18372 3.962625e-13
18373 3.962150e-13
18374 3.961676e-13
18375 3.961202e-13
18376 3.960728e-13
18377 3.960254e-13
18378 3.959781e-13
18379 3.959307e-13
18380 3.958833e-13
18381 3.958360e-13
18382 3.957886e-13
18383 3.957413e-13
18384 3.956940e-13
18385 3.956467e-13
18386 3.955994e-13
18387 3.955520e-13
18388 3.955048e-13
18389 3.954575e-13
18390 3.954102e-13
18391 3.953629e-13
18392 3.953157e-13
18393 3.952684e-13
18394 3.952212e-13
18395 3.951739e-13
18396 3.951267e-13
18397 3.950795e-13
18398 3.950323e-13
18399 3.949851e-13
18400 3.949379e-13
18401 3.948907e-13
18402 3.948435e-13
18403 3.947963e-13
18404 3.947492e-13
18405 3.947020e-13
18406 3.946549e-13
18407 3.946077e-13
18408 3.945606e-13
18409 3.945135e-13
18410 3.944664e-13
18411 3.944192e-13
18412 3.943722e-13
18413 3.943251e-13
18414 3.942780e-13
18415 3.942309e-13
18416 3.941838e-13
18417 3.941368e-13
18418 3.940897e-13
18419 3.940427e-13
18420 3.939957e-13
18421 3.939486e-13
18422 3.939016e-13
18423 3.938546e-13
18424 3.938076e-13
18425 3.937606e-13
18426 3.937136e-13
18427 3.936667e-13
18428 3.936197e-13
18429 3.935727e-13
18430 3.935258e-13
18431 3.934789e-13
18432 3.934319e-13
18433 3.933850e-13
18434 3.933381e-13
18435 3.932912e-13
18436 3.932443e-13
18437 3.931974e-13
18438 3.931505e-13
18439 3.931036e-13
18440 3.930567e-13
18441 3.930099e-13
18442 3.929630e-13
18443 3.929162e-13
18444 3.928693e-13
18445 3.928225e-13
18446 3.927757e-13
18447 3.927289e-13
18448 3.926821e-13
18449 3.926353e-13
18450 3.925885e-13
18451 3.925417e-13
18452 3.924949e-13
18453 3.924482e-13
18454 3.924014e-13
18455 3.923547e-13
18456 3.923079e-13
18457 3.922612e-13
18458 3.922145e-13
18459 3.921678e-13
18460 3.921211e-13
18461 3.920744e-13
18462 3.920277e-13
18463 3.919810e-13
18464 3.919343e-13
18465 3.918876e-13
18466 3.918410e-13
18467 3.917943e-13
18468 3.917477e-13
18469 3.917011e-13
18470 3.916544e-13
18471 3.916078e-13
18472 3.915611e-13
18473 3.915145e-13
18474 3.914679e-13
18475 3.914212e-13
18476 3.913746e-13
18477 3.913280e-13
18478 3.912814e-13
18479 3.912348e-13
18480 3.911882e-13
18481 3.911417e-13
18482 3.910951e-13
18483 3.910486e-13
18484 3.910020e-13
18485 3.909555e-13
18486 3.909089e-13
18487 3.908624e-13
18488 3.908159e-13
18489 3.907694e-13
18490 3.907229e-13
18491 3.906764e-13
18492 3.906299e-13
18493 3.905834e-13
18494 3.905370e-13
18495 3.904905e-13
18496 3.904441e-13
18497 3.903976e-13
18498 3.903512e-13
18499 3.903047e-13
18500 3.902583e-13
18501 3.902119e-13
18502 3.901655e-13
18503 3.901191e-13
18504 3.900727e-13
18505 3.900263e-13
18506 3.899800e-13
18507 3.899336e-13
18508 3.898873e-13
18509 3.898409e-13
18510 3.897946e-13
18511 3.897482e-13
18512 3.897019e-13
18513 3.896556e-13
18514 3.896093e-13
18515 3.895630e-13
18516 3.895167e-13
18517 3.894704e-13
18518 3.894241e-13
18519 3.893779e-13
18520 3.893316e-13
18521 3.892854e-13
18522 3.892391e-13
18523 3.891929e-13
18524 3.891467e-13
18525 3.891004e-13
18526 3.890542e-13
18527 3.890080e-13
18528 3.889618e-13
18529 3.889156e-13
18530 3.888695e-13
18531 3.888233e-13
18532 3.887771e-13
18533 3.887310e-13
18534 3.886848e-13
18535 3.886387e-13
18536 3.885925e-13
18537 3.885464e-13
18538 3.885003e-13
18539 3.884542e-13
18540 3.884081e-13
18541 3.883620e-13
18542 3.883159e-13
18543 3.882698e-13
18544 3.882238e-13
18545 3.881777e-13
18546 3.881317e-13
18547 3.880856e-13
18548 3.880396e-13
18549 3.879936e-13
18550 3.879475e-13
18551 3.879015e-13
18552 3.878555e-13
18553 3.878095e-13
18554 3.877635e-13
18555 3.877176e-13
18556 3.876716e-13
18557 3.876256e-13
18558 3.875797e-13
18559 3.875337e-13
18560 3.874878e-13
18561 3.874418e-13
18562 3.873959e-13
18563 3.873500e-13
18564 3.873041e-13
18565 3.872582e-13
18566 3.872123e-13
18567 3.871664e-13
18568 3.871205e-13
18569 3.870747e-13
18570 3.870288e-13
18571 3.869829e-13
18572 3.869371e-13
18573 3.868913e-13
18574 3.868454e-13
18575 3.867996e-13
18576 3.867538e-13
18577 3.867080e-13
18578 3.866622e-13
18579 3.866164e-13
18580 3.865706e-13
18581 3.865248e-13
18582 3.864791e-13
18583 3.864333e-13
18584 3.863875e-13
18585 3.863418e-13
18586 3.862961e-13
18587 3.862503e-13
18588 3.862046e-13
18589 3.861589e-13
18590 3.861132e-13
18591 3.860675e-13
18592 3.860218e-13
18593 3.859761e-13
18594 3.859305e-13
18595 3.858848e-13
18596 3.858391e-13
18597 3.857935e-13
18598 3.857479e-13
18599 3.857022e-13
18600 3.856566e-13
18601 3.856110e-13
18602 3.855654e-13
18603 3.855198e-13
18604 3.854742e-13
18605 3.854286e-13
18606 3.853830e-13
18607 3.853374e-13
18608 3.852919e-13
18609 3.852463e-13
18610 3.852008e-13
18611 3.851552e-13
18612 3.851097e-13
18613 3.850642e-13
18614 3.850187e-13
18615 3.849731e-13
18616 3.849276e-13
18617 3.848822e-13
18618 3.848367e-13
18619 3.847912e-13
18620 3.847457e-13
18621 3.847003e-13
18622 3.846548e-13
18623 3.846094e-13
18624 3.845639e-13
18625 3.845185e-13
18626 3.844731e-13
18627 3.844277e-13
18628 3.843823e-13
18629 3.843369e-13
18630 3.842915e-13
18631 3.842461e-13
18632 3.842007e-13
18633 3.841553e-13
18634 3.841100e-13
18635 3.840646e-13
18636 3.840192e-13
18637 3.839738e-13
18638 3.839285e-13
18639 3.838831e-13
18640 3.838378e-13
18641 3.837924e-13
18642 3.837471e-13
18643 3.837018e-13
18644 3.836565e-13
18645 3.836111e-13
18646 3.835658e-13
18647 3.835206e-13
18648 3.834753e-13
18649 3.834300e-13
18650 3.833847e-13
18651 3.833395e-13
18652 3.832942e-13
18653 3.832490e-13
18654 3.832037e-13
18655 3.831585e-13
18656 3.831133e-13
18657 3.830681e-13
18658 3.830228e-13
18659 3.829776e-13
18660 3.829325e-13
18661 3.828873e-13
18662 3.828421e-13
18663 3.827969e-13
18664 3.827518e-13
18665 3.827066e-13
18666 3.826615e-13
18667 3.826163e-13
18668 3.825712e-13
18669 3.825261e-13
18670 3.824810e-13
18671 3.824359e-13
18672 3.823908e-13
18673 3.823457e-13
18674 3.823006e-13
18675 3.822555e-13
18676 3.822104e-13
18677 3.821654e-13
18678 3.821203e-13
18679 3.820753e-13
18680 3.820302e-13
18681 3.819852e-13
18682 3.819402e-13
18683 3.818952e-13
18684 3.818502e-13
18685 3.818052e-13
18686 3.817602e-13
18687 3.817152e-13
18688 3.816702e-13
18689 3.816253e-13
18690 3.815803e-13
18691 3.815353e-13
18692 3.814904e-13
18693 3.814455e-13
18694 3.814005e-13
18695 3.813556e-13
18696 3.813107e-13
18697 3.812658e-13
18698 3.812209e-13
18699 3.811760e-13
18700 3.811311e-13
18701 3.810862e-13
18702 3.810414e-13
18703 3.809965e-13
18704 3.809517e-13
18705 3.809068e-13
18706 3.808620e-13
18707 3.808172e-13
18708 3.807723e-13
18709 3.807275e-13
18710 3.806827e-13
18711 3.806379e-13
18712 3.805931e-13
18713 3.805483e-13
18714 3.805036e-13
18715 3.804588e-13
18716 3.804140e-13
18717 3.803693e-13
18718 3.803245e-13
18719 3.802798e-13
18720 3.802351e-13
18721 3.801904e-13
18722 3.801456e-13
18723 3.801009e-13
18724 3.800562e-13
18725 3.800115e-13
18726 3.799669e-13
18727 3.799222e-13
18728 3.798775e-13
18729 3.798329e-13
18730 3.797882e-13
18731 3.797436e-13
18732 3.796989e-13
18733 3.796543e-13
18734 3.796097e-13
18735 3.795650e-13
18736 3.795204e-13
18737 3.794758e-13
18738 3.794312e-13
18739 3.793867e-13
18740 3.793421e-13
18741 3.792975e-13
18742 3.792530e-13
18743 3.792084e-13
18744 3.791639e-13
18745 3.791193e-13
18746 3.790748e-13
18747 3.790303e-13
18748 3.789857e-13
18749 3.789412e-13
18750 3.788967e-13
18751 3.788522e-13
18752 3.788078e-13
18753 3.787633e-13
18754 3.787188e-13
18755 3.786743e-13
18756 3.786299e-13
18757 3.785854e-13
18758 3.785410e-13
18759 3.784966e-13
18760 3.784521e-13
18761 3.784077e-13
18762 3.783633e-13
18763 3.783189e-13
18764 3.782745e-13
18765 3.782301e-13
18766 3.781858e-13
18767 3.781414e-13
18768 3.780970e-13
18769 3.780527e-13
18770 3.780083e-13
18771 3.779640e-13
18772 3.779196e-13
18773 3.778753e-13
18774 3.778310e-13
18775 3.777867e-13
18776 3.777424e-13
18777 3.776981e-13
18778 3.776538e-13
18779 3.776095e-13
18780 3.775652e-13
18781 3.775210e-13
18782 3.774767e-13
18783 3.774325e-13
18784 3.773882e-13
18785 3.773440e-13
18786 3.772998e-13
18787 3.772555e-13
18788 3.772113e-13
18789 3.771671e-13
18790 3.771229e-13
18791 3.770787e-13
18792 3.770345e-13
18793 3.769904e-13
18794 3.769462e-13
18795 3.769020e-13
18796 3.768579e-13
18797 3.768137e-13
18798 3.767696e-13
18799 3.767255e-13
18800 3.766813e-13
18801 3.766372e-13
18802 3.765930e-13
18803 3.765489e-13
18804 3.765048e-13
18805 3.764607e-13
18806 3.764165e-13
18807 3.763724e-13
18808 3.763283e-13
18809 3.762843e-13
18810 3.762402e-13
18811 3.761961e-13
18812 3.761520e-13
18813 3.761080e-13
18814 3.760639e-13
18815 3.760199e-13
18816 3.759758e-13
18817 3.759318e-13
18818 3.758878e-13
18819 3.758438e-13
18820 3.757998e-13
18821 3.757558e-13
18822 3.757118e-13
18823 3.756678e-13
18824 3.756238e-13
18825 3.755799e-13
18826 3.755359e-13
18827 3.754920e-13
18828 3.754480e-13
18829 3.754041e-13
18830 3.753601e-13
18831 3.753162e-13
18832 3.752723e-13
18833 3.752284e-13
18834 3.751845e-13
18835 3.751406e-13
18836 3.750967e-13
18837 3.750528e-13
18838 3.750090e-13
18839 3.749651e-13
18840 3.749212e-13
18841 3.748774e-13
18842 3.748335e-13
18843 3.747897e-13
18844 3.747459e-13
18845 3.747021e-13
18846 3.746583e-13
18847 3.746145e-13
18848 3.745707e-13
18849 3.745269e-13
18850 3.744831e-13
18851 3.744393e-13
18852 3.743955e-13
18853 3.743518e-13
18854 3.743080e-13
18855 3.742643e-13
18856 3.742206e-13
18857 3.741768e-13
18858 3.741331e-13
18859 3.740894e-13
18860 3.740457e-13
18861 3.740020e-13
18862 3.739583e-13
18863 3.739146e-13
18864 3.738709e-13
18865 3.738273e-13
18866 3.737836e-13
18867 3.737399e-13
18868 3.736963e-13
18869 3.736526e-13
18870 3.736090e-13
18871 3.735654e-13
18872 3.735218e-13
18873 3.734782e-13
18874 3.734346e-13
18875 3.733910e-13
18876 3.733474e-13
18877 3.733038e-13
18878 3.732602e-13
18879 3.732166e-13
18880 3.731731e-13
18881 3.731295e-13
18882 3.730860e-13
18883 3.730425e-13
18884 3.729989e-13
18885 3.729554e-13
18886 3.729119e-13
18887 3.728684e-13
18888 3.728249e-13
18889 3.727814e-13
18890 3.727379e-13
18891 3.726944e-13
18892 3.726510e-13
18893 3.726075e-13
18894 3.725640e-13
18895 3.725206e-13
18896 3.724771e-13
18897 3.724337e-13
18898 3.723903e-13
18899 3.723469e-13
18900 3.723035e-13
18901 3.722600e-13
18902 3.722167e-13
18903 3.721733e-13
18904 3.721299e-13
18905 3.720865e-13
18906 3.720431e-13
18907 3.719998e-13
18908 3.719564e-13
18909 3.719131e-13
18910 3.718697e-13
18911 3.718264e-13
18912 3.717831e-13
18913 3.717398e-13
18914 3.716965e-13
18915 3.716532e-13
18916 3.716099e-13
18917 3.715666e-13
18918 3.715233e-13
18919 3.714800e-13
18920 3.714368e-13
18921 3.713935e-13
18922 3.713503e-13
18923 3.713070e-13
18924 3.712638e-13
18925 3.712205e-13
18926 3.711773e-13
18927 3.711341e-13
18928 3.710909e-13
18929 3.710477e-13
18930 3.710045e-13
18931 3.709613e-13
18932 3.709182e-13
18933 3.708750e-13
18934 3.708318e-13
18935 3.707887e-13
18936 3.707455e-13
18937 3.707024e-13
18938 3.706592e-13
18939 3.706161e-13
18940 3.705730e-13
18941 3.705299e-13
18942 3.704868e-13
18943 3.704437e-13
18944 3.704006e-13
18945 3.703575e-13
18946 3.703144e-13
18947 3.702714e-13
18948 3.702283e-13
18949 3.701853e-13
18950 3.701422e-13
18951 3.700992e-13
18952 3.700561e-13
18953 3.700131e-13
18954 3.699701e-13
18955 3.699271e-13
18956 3.698841e-13
18957 3.698411e-13
18958 3.697981e-13
18959 3.697551e-13
18960 3.697122e-13
18961 3.696692e-13
18962 3.696262e-13
18963 3.695833e-13
18964 3.695403e-13
18965 3.694974e-13
18966 3.694545e-13
18967 3.694115e-13
18968 3.693686e-13
18969 3.693256e-13
18970 3.692827e-13
18971 3.692398e-13
18972 3.691969e-13
18973 3.691540e-13
18974 3.691110e-13
18975 3.690682e-13
18976 3.690253e-13
18977 3.689824e-13
18978 3.689395e-13
18979 3.688966e-13
18980 3.688538e-13
18981 3.688109e-13
18982 3.687681e-13
18983 3.687252e-13
18984 3.686824e-13
18985 3.686396e-13
18986 3.685968e-13
18987 3.685540e-13
18988 3.685112e-13
18989 3.684684e-13
18990 3.684256e-13
18991 3.683828e-13
18992 3.683400e-13
18993 3.682973e-13
18994 3.682545e-13
18995 3.682118e-13
18996 3.681690e-13
18997 3.681263e-13
18998 3.680835e-13
18999 3.680408e-13
19000 3.679981e-13
19001 3.679554e-13
19002 3.679127e-13
19003 3.678700e-13
19004 3.678273e-13
19005 3.677846e-13
19006 3.677420e-13
19007 3.676993e-13
19008 3.676566e-13
19009 3.676140e-13
19010 3.675713e-13
19011 3.675287e-13
19012 3.674861e-13
19013 3.674435e-13
19014 3.674008e-13
19015 3.673582e-13
19016 3.673156e-13
19017 3.672730e-13
19018 3.672305e-13
19019 3.671879e-13
19020 3.671453e-13
19021 3.671027e-13
19022 3.670602e-13
19023 3.670176e-13
19024 3.669751e-13
19025 3.669326e-13
19026 3.668900e-13
19027 3.668475e-13
19028 3.668050e-13
19029 3.667625e-13
19030 3.667200e-13
19031 3.666775e-13
19032 3.666350e-13
19033 3.665925e-13
19034 3.665501e-13
19035 3.665076e-13
19036 3.664651e-13
19037 3.664227e-13
19038 3.663803e-13
19039 3.663378e-13
19040 3.662954e-13
19041 3.662530e-13
19042 3.662106e-13
19043 3.661681e-13
19044 3.661257e-13
19045 3.660834e-13
19046 3.660410e-13
19047 3.659986e-13
19048 3.659562e-13
19049 3.659139e-13
19050 3.658715e-13
19051 3.658291e-13
19052 3.657868e-13
19053 3.657445e-13
19054 3.657021e-13
19055 3.656598e-13
19056 3.656175e-13
19057 3.655752e-13
19058 3.655329e-13
19059 3.654906e-13
19060 3.654483e-13
19061 3.654060e-13
19062 3.653638e-13
19063 3.653215e-13
19064 3.652792e-13
19065 3.652370e-13
19066 3.651948e-13
19067 3.651525e-13
19068 3.651103e-13
19069 3.650681e-13
19070 3.650259e-13
19071 3.649836e-13
19072 3.649414e-13
19073 3.648992e-13
19074 3.648571e-13
19075 3.648149e-13
19076 3.647727e-13
19077 3.647305e-13
19078 3.646884e-13
19079 3.646462e-13
19080 3.646041e-13
19081 3.645620e-13
19082 3.645198e-13
19083 3.644777e-13
19084 3.644356e-13
19085 3.643935e-13
19086 3.643514e-13
19087 3.643093e-13
19088 3.642672e-13
19089 3.642251e-13
19090 3.641830e-13
19091 3.641410e-13
19092 3.640989e-13
19093 3.640569e-13
19094 3.640148e-13
19095 3.639728e-13
19096 3.639308e-13
19097 3.638887e-13
19098 3.638467e-13
19099 3.638047e-13
19100 3.637627e-13
19101 3.637207e-13
19102 3.636787e-13
19103 3.636367e-13
19104 3.635948e-13
19105 3.635528e-13
19106 3.635108e-13
19107 3.634689e-13
19108 3.634269e-13
19109 3.633850e-13
19110 3.633431e-13
19111 3.633011e-13
19112 3.632592e-13
19113 3.632173e-13
19114 3.631754e-13
19115 3.631335e-13
19116 3.630916e-13
19117 3.630497e-13
19118 3.630079e-13
19119 3.629660e-13
19120 3.629241e-13
19121 3.628823e-13
19122 3.628404e-13
19123 3.627986e-13
19124 3.627568e-13
19125 3.627149e-13
19126 3.626731e-13
19127 3.626313e-13
19128 3.625895e-13
19129 3.625477e-13
19130 3.625059e-13
19131 3.624641e-13
19132 3.624223e-13
19133 3.623806e-13
19134 3.623388e-13
19135 3.622970e-13
19136 3.622553e-13
19137 3.622135e-13
19138 3.621717e-13
19139 3.621300e-13
19140 3.620882e-13
19141 3.620465e-13
19142 3.620047e-13
19143 3.619630e-13
19144 3.619213e-13
19145 3.618795e-13
19146 3.618378e-13
19147 3.617961e-13
19148 3.617544e-13
19149 3.617127e-13
19150 3.616711e-13
19151 3.616294e-13
19152 3.615877e-13
19153 3.615461e-13
19154 3.615044e-13
19155 3.614628e-13
19156 3.614211e-13
19157 3.613795e-13
19158 3.613379e-13
19159 3.612962e-13
19160 3.612546e-13
19161 3.612130e-13
19162 3.611714e-13
19163 3.611298e-13
19164 3.610882e-13
19165 3.610467e-13
19166 3.610051e-13
19167 3.609635e-13
19168 3.609220e-13
19169 3.608804e-13
19170 3.608389e-13
19171 3.607973e-13
19172 3.607558e-13
19173 3.607143e-13
19174 3.606728e-13
19175 3.606313e-13
19176 3.605898e-13
19177 3.605483e-13
19178 3.605068e-13
19179 3.604653e-13
19180 3.604238e-13
19181 3.603824e-13
19182 3.603409e-13
19183 3.602995e-13
19184 3.602580e-13
19185 3.602166e-13
19186 3.601751e-13
19187 3.601337e-13
19188 3.600923e-13
19189 3.600509e-13
19190 3.600095e-13
19191 3.599681e-13
19192 3.599267e-13
19193 3.598853e-13
19194 3.598439e-13
19195 3.598026e-13
19196 3.597612e-13
19197 3.597198e-13
19198 3.596785e-13
19199 3.596371e-13
19200 3.595958e-13
19201 3.595545e-13
19202 3.595132e-13
19203 3.594718e-13
19204 3.594305e-13
19205 3.593892e-13
19206 3.593479e-13
19207 3.593067e-13
19208 3.592654e-13
19209 3.592241e-13
19210 3.591828e-13
19211 3.591416e-13
19212 3.591003e-13
19213 3.590591e-13
19214 3.590178e-13
19215 3.589766e-13
19216 3.589354e-13
19217 3.588942e-13
19218 3.588530e-13
19219 3.588118e-13
19220 3.587706e-13
19221 3.587294e-13
19222 3.586882e-13
19223 3.586470e-13
19224 3.586058e-13
19225 3.585647e-13
19226 3.585235e-13
19227 3.584824e-13
19228 3.584412e-13
19229 3.584001e-13
19230 3.583590e-13
19231 3.583178e-13
19232 3.582767e-13
19233 3.582356e-13
19234 3.581945e-13
19235 3.581534e-13
19236 3.581123e-13
19237 3.580712e-13
19238 3.580302e-13
19239 3.579891e-13
19240 3.579480e-13
19241 3.579070e-13
19242 3.578659e-13
19243 3.578249e-13
19244 3.577839e-13
19245 3.577428e-13
19246 3.577018e-13
19247 3.576608e-13
19248 3.576198e-13
19249 3.575788e-13
19250 3.575378e-13
19251 3.574968e-13
19252 3.574559e-13
19253 3.574149e-13
19254 3.573739e-13
19255 3.573330e-13
19256 3.572920e-13
19257 3.572511e-13
19258 3.572101e-13
19259 3.571692e-13
19260 3.571283e-13
19261 3.570874e-13
19262 3.570465e-13
19263 3.570055e-13
19264 3.569647e-13
19265 3.569238e-13
19266 3.568829e-13
19267 3.568420e-13
19268 3.568011e-13
19269 3.567603e-13
19270 3.567194e-13
19271 3.566786e-13
19272 3.566377e-13
19273 3.565969e-13
19274 3.565561e-13
19275 3.565152e-13
19276 3.564744e-13
19277 3.564336e-13
19278 3.563928e-13
19279 3.563520e-13
19280 3.563112e-13
19281 3.562705e-13
19282 3.562297e-13
19283 3.561889e-13
19284 3.561481e-13
19285 3.561074e-13
19286 3.560666e-13
19287 3.560259e-13
19288 3.559852e-13
19289 3.559444e-13
19290 3.559037e-13
19291 3.558630e-13
19292 3.558223e-13
19293 3.557816e-13
19294 3.557409e-13
19295 3.557002e-13
19296 3.556595e-13
19297 3.556189e-13
19298 3.555782e-13
19299 3.555376e-13
19300 3.554969e-13
19301 3.554563e-13
19302 3.554156e-13
19303 3.553750e-13
19304 3.553344e-13
19305 3.552937e-13
19306 3.552531e-13
19307 3.552125e-13
19308 3.551718e-13
19309 3.551312e-13
19310 3.550906e-13
19311 3.550500e-13
19312 3.550094e-13
19313 3.549688e-13
19314 3.549282e-13
19315 3.548876e-13
19316 3.548471e-13
19317 3.548065e-13
19318 3.547659e-13
19319 3.547254e-13
19320 3.546848e-13
19321 3.546443e-13
19322 3.546038e-13
19323 3.545632e-13
19324 3.545227e-13
19325 3.544822e-13
19326 3.544417e-13
19327 3.544012e-13
19328 3.543607e-13
19329 3.543202e-13
19330 3.542797e-13
19331 3.542393e-13
19332 3.541988e-13
19333 3.541583e-13
19334 3.541179e-13
19335 3.540774e-13
19336 3.540370e-13
19337 3.539966e-13
19338 3.539561e-13
19339 3.539157e-13
19340 3.538753e-13
19341 3.538349e-13
19342 3.537945e-13
19343 3.537541e-13
19344 3.537137e-13
19345 3.536733e-13
19346 3.536330e-13
19347 3.535926e-13
19348 3.535522e-13
19349 3.535119e-13
19350 3.534715e-13
19351 3.534312e-13
19352 3.533909e-13
19353 3.533506e-13
19354 3.533102e-13
19355 3.532699e-13
19356 3.532296e-13
19357 3.531893e-13
19358 3.531490e-13
19359 3.531087e-13
19360 3.530685e-13
19361 3.530282e-13
19362 3.529879e-13
19363 3.529477e-13
19364 3.529074e-13
19365 3.528672e-13
19366 3.528269e-13
19367 3.527867e-13
19368 3.527465e-13
19369 3.527063e-13
19370 3.526660e-13
19371 3.526258e-13
19372 3.525856e-13
19373 3.525454e-13
19374 3.525053e-13
19375 3.524651e-13
19376 3.524249e-13
19377 3.523847e-13
19378 3.523446e-13
19379 3.523044e-13
19380 3.522643e-13
19381 3.522242e-13
19382 3.521840e-13
19383 3.521439e-13
19384 3.521038e-13
19385 3.520637e-13
19386 3.520236e-13
19387 3.519835e-13
19388 3.519434e-13
19389 3.519033e-13
19390 3.518632e-13
19391 3.518231e-13
19392 3.517831e-13
19393 3.517430e-13
19394 3.517030e-13
19395 3.516629e-13
19396 3.516229e-13
19397 3.515828e-13
19398 3.515428e-13
19399 3.515028e-13
19400 3.514628e-13
19401 3.514228e-13
19402 3.513828e-13
19403 3.513428e-13
19404 3.513028e-13
19405 3.512628e-13
19406 3.512228e-13
19407 3.511829e-13
19408 3.511429e-13
19409 3.511030e-13
19410 3.510630e-13
19411 3.510231e-13
19412 3.509831e-13
19413 3.509432e-13
19414 3.509033e-13
19415 3.508634e-13
19416 3.508235e-13
19417 3.507836e-13
19418 3.507437e-13
19419 3.507038e-13
19420 3.506639e-13
19421 3.506240e-13
19422 3.505842e-13
19423 3.505443e-13
19424 3.505045e-13
19425 3.504646e-13
19426 3.504248e-13
19427 3.503849e-13
19428 3.503451e-13
19429 3.503053e-13
19430 3.502655e-13
19431 3.502257e-13
19432 3.501859e-13
19433 3.501461e-13
19434 3.501063e-13
19435 3.500665e-13
19436 3.500267e-13
19437 3.499870e-13
19438 3.499472e-13
19439 3.499074e-13
19440 3.498677e-13
19441 3.498279e-13
19442 3.497882e-13
19443 3.497485e-13
19444 3.497088e-13
19445 3.496690e-13
19446 3.496293e-13
19447 3.495896e-13
19448 3.495499e-13
19449 3.495102e-13
19450 3.494706e-13
19451 3.494309e-13
19452 3.493912e-13
19453 3.493515e-13
19454 3.493119e-13
19455 3.492722e-13
19456 3.492326e-13
19457 3.491930e-13
19458 3.491533e-13
19459 3.491137e-13
19460 3.490741e-13
19461 3.490345e-13
19462 3.489949e-13
19463 3.489553e-13
19464 3.489157e-13
19465 3.488761e-13
19466 3.488365e-13
19467 3.487969e-13
19468 3.487574e-13
19469 3.487178e-13
19470 3.486783e-13
19471 3.486387e-13
19472 3.485992e-13
19473 3.485596e-13
19474 3.485201e-13
19475 3.484806e-13
19476 3.484411e-13
19477 3.484015e-13
19478 3.483620e-13
19479 3.483225e-13
19480 3.482830e-13
19481 3.482435e-13
19482 3.482040e-13
19483 3.481645e-13
19484 3.481250e-13
19485 3.480855e-13
19486 3.480460e-13
19487 3.480065e-13
19488 3.479671e-13
19489 3.479276e-13
19490 3.478882e-13
19491 3.478487e-13
19492 3.478093e-13
19493 3.477699e-13
19494 3.477304e-13
19495 3.476910e-13
19496 3.476516e-13
19497 3.476122e-13
19498 3.475728e-13
19499 3.475334e-13
19500 3.474940e-13
19501 3.474546e-13
19502 3.474153e-13
19503 3.473759e-13
19504 3.473365e-13
19505 3.472972e-13
19506 3.472578e-13
19507 3.472185e-13
19508 3.471792e-13
19509 3.471398e-13
19510 3.471005e-13
19511 3.470612e-13
19512 3.470219e-13
19513 3.469826e-13
19514 3.469433e-13
19515 3.469040e-13
19516 3.468647e-13
19517 3.468255e-13
19518 3.467862e-13
19519 3.467469e-13
19520 3.467077e-13
19521 3.466684e-13
19522 3.466292e-13
19523 3.465899e-13
19524 3.465507e-13
19525 3.465115e-13
19526 3.464723e-13
19527 3.464330e-13
19528 3.463938e-13
19529 3.463546e-13
19530 3.463155e-13
19531 3.462763e-13
19532 3.462371e-13
19533 3.461979e-13
19534 3.461587e-13
19535 3.461196e-13
19536 3.460804e-13
19537 3.460413e-13
19538 3.460021e-13
19539 3.459630e-13
19540 3.459239e-13
19541 3.458848e-13
19542 3.458456e-13
19543 3.458065e-13
19544 3.457674e-13
19545 3.457283e-13
19546 3.456893e-13
19547 3.456502e-13
19548 3.456111e-13
19549 3.455720e-13
19550 3.455330e-13
19551 3.454939e-13
19552 3.454549e-13
19553 3.454158e-13
19554 3.453768e-13
19555 3.453377e-13
19556 3.452987e-13
19557 3.452597e-13
19558 3.452207e-13
19559 3.451817e-13
19560 3.451427e-13
19561 3.451037e-13
19562 3.450647e-13
19563 3.450257e-13
19564 3.449867e-13
19565 3.449478e-13
19566 3.449088e-13
19567 3.448699e-13
19568 3.448309e-13
19569 3.447920e-13
19570 3.447530e-13
19571 3.447141e-13
19572 3.446752e-13
19573 3.446363e-13
19574 3.445974e-13
19575 3.445585e-13
19576 3.445196e-13
19577 3.444807e-13
19578 3.444418e-13
19579 3.444029e-13
19580 3.443640e-13
19581 3.443252e-13
19582 3.442863e-13
19583 3.442475e-13
19584 3.442086e-13
19585 3.441698e-13
19586 3.441309e-13
19587 3.440921e-13
19588 3.440533e-13
19589 3.440145e-13
19590 3.439757e-13
19591 3.439369e-13
19592 3.438981e-13
19593 3.438593e-13
19594 3.438205e-13
19595 3.437817e-13
19596 3.437429e-13
19597 3.437042e-13
19598 3.436654e-13
19599 3.436267e-13
19600 3.435879e-13
19601 3.435492e-13
19602 3.435105e-13
19603 3.434717e-13
19604 3.434330e-13
19605 3.433943e-13
19606 3.433556e-13
19607 3.433169e-13
19608 3.432782e-13
19609 3.432395e-13
19610 3.432008e-13
19611 3.431622e-13
19612 3.431235e-13
19613 3.430848e-13
19614 3.430462e-13
19615 3.430075e-13
19616 3.429689e-13
19617 3.429302e-13
19618 3.428916e-13
19619 3.428530e-13
19620 3.428144e-13
19621 3.427758e-13
19622 3.427372e-13
19623 3.426986e-13
19624 3.426600e-13
19625 3.426214e-13
19626 3.425828e-13
19627 3.425442e-13
19628 3.425057e-13
19629 3.424671e-13
19630 3.424285e-13
19631 3.423900e-13
19632 3.423514e-13
19633 3.423129e-13
19634 3.422744e-13
19635 3.422359e-13
19636 3.421973e-13
19637 3.421588e-13
19638 3.421203e-13
19639 3.420818e-13
19640 3.420433e-13
19641 3.420049e-13
19642 3.419664e-13
19643 3.419279e-13
19644 3.418894e-13
19645 3.418510e-13
19646 3.418125e-13
19647 3.417741e-13
19648 3.417356e-13
19649 3.416972e-13
19650 3.416587e-13
19651 3.416203e-13
19652 3.415819e-13
19653 3.415434e-13
19654 3.415050e-13
19655 3.414666e-13
19656 3.414281e-13
19657 3.413897e-13
19658 3.413513e-13
19659 3.413129e-13
19660 3.412745e-13
19661 3.412361e-13
19662 3.411978e-13
19663 3.411594e-13
19664 3.411210e-13
19665 3.410827e-13
19666 3.410443e-13
19667 3.410060e-13
19668 3.409676e-13
19669 3.409293e-13
19670 3.408909e-13
19671 3.408526e-13
19672 3.408143e-13
19673 3.407760e-13
19674 3.407377e-13
19675 3.406994e-13
19676 3.406611e-13
19677 3.406228e-13
19678 3.405845e-13
19679 3.405462e-13
19680 3.405080e-13
19681 3.404697e-13
19682 3.404315e-13
19683 3.403932e-13
19684 3.403550e-13
19685 3.403167e-13
19686 3.402785e-13
19687 3.402403e-13
19688 3.402021e-13
19689 3.401638e-13
19690 3.401256e-13
19691 3.400874e-13
19692 3.400492e-13
19693 3.400111e-13
19694 3.399729e-13
19695 3.399347e-13
19696 3.398965e-13
19697 3.398584e-13
19698 3.398202e-13
19699 3.397821e-13
19700 3.397439e-13
19701 3.397058e-13
19702 3.396677e-13
19703 3.396295e-13
19704 3.395914e-13
19705 3.395533e-13
19706 3.395152e-13
19707 3.394771e-13
19708 3.394390e-13
19709 3.394009e-13
19710 3.393628e-13
19711 3.393248e-13
19712 3.392867e-13
19713 3.392486e-13
19714 3.392106e-13
19715 3.391725e-13
19716 3.391345e-13
19717 3.390964e-13
19718 3.390584e-13
19719 3.390204e-13
19720 3.389824e-13
19721 3.389443e-13
19722 3.389063e-13
19723 3.388683e-13
19724 3.388303e-13
19725 3.387924e-13
19726 3.387544e-13
19727 3.387164e-13
19728 3.386784e-13
19729 3.386405e-13
19730 3.386025e-13
19731 3.385646e-13
19732 3.385266e-13
19733 3.384887e-13
19734 3.384507e-13
19735 3.384128e-13
19736 3.383749e-13
19737 3.383370e-13
19738 3.382991e-13
19739 3.382612e-13
19740 3.382233e-13
19741 3.381854e-13
19742 3.381475e-13
19743 3.381096e-13
19744 3.380717e-13
19745 3.380339e-13
19746 3.379960e-13
19747 3.379582e-13
19748 3.379203e-13
19749 3.378825e-13
19750 3.378447e-13
19751 3.378068e-13
19752 3.377690e-13
19753 3.377312e-13
19754 3.376934e-13
19755 3.376556e-13
19756 3.376178e-13
19757 3.375800e-13
19758 3.375422e-13
19759 3.375044e-13
19760 3.374666e-13
19761 3.374289e-13
19762 3.373911e-13
19763 3.373534e-13
19764 3.373156e-13
19765 3.372779e-13
19766 3.372401e-13
19767 3.372024e-13
19768 3.371647e-13
19769 3.371270e-13
19770 3.370893e-13
19771 3.370516e-13
19772 3.370139e-13
19773 3.369762e-13
19774 3.369385e-13
19775 3.369008e-13
19776 3.368631e-13
19777 3.368254e-13
19778 3.367878e-13
19779 3.367501e-13
19780 3.367125e-13
19781 3.366748e-13
19782 3.366372e-13
19783 3.365996e-13
19784 3.365619e-13
19785 3.365243e-13
19786 3.364867e-13
19787 3.364491e-13
19788 3.364115e-13
19789 3.363739e-13
19790 3.363363e-13
19791 3.362987e-13
19792 3.362612e-13
19793 3.362236e-13
19794 3.361860e-13
19795 3.361485e-13
19796 3.361109e-13
19797 3.360734e-13
19798 3.360358e-13
19799 3.359983e-13
19800 3.359608e-13
19801 3.359232e-13
19802 3.358857e-13
19803 3.358482e-13
19804 3.358107e-13
19805 3.357732e-13
19806 3.357357e-13
19807 3.356982e-13
19808 3.356607e-13
19809 3.356233e-13
19810 3.355858e-13
19811 3.355483e-13
19812 3.355109e-13
19813 3.354734e-13
19814 3.354360e-13
19815 3.353986e-13
19816 3.353611e-13
19817 3.353237e-13
19818 3.352863e-13
19819 3.352489e-13
19820 3.352115e-13
19821 3.351741e-13
19822 3.351367e-13
19823 3.350993e-13
19824 3.350619e-13
19825 3.350245e-13
19826 3.349871e-13
19827 3.349497e-13
19828 3.349123e-13
19829 3.348749e-13
19830 3.348376e-13
19831 3.348002e-13
19832 3.347628e-13
19833 3.347255e-13
19834 3.346881e-13
19835 3.346508e-13
19836 3.346135e-13
19837 3.345761e-13
19838 3.345388e-13
19839 3.345015e-13
19840 3.344642e-13
19841 3.344269e-13
19842 3.343896e-13
19843 3.343523e-13
19844 3.343150e-13
19845 3.342777e-13
19846 3.342404e-13
19847 3.342032e-13
19848 3.341659e-13
19849 3.341286e-13
19850 3.340914e-13
19851 3.340542e-13
19852 3.340169e-13
19853 3.339797e-13
19854 3.339425e-13
19855 3.339052e-13
19856 3.338680e-13
19857 3.338308e-13
19858 3.337936e-13
19859 3.337564e-13
19860 3.337192e-13
19861 3.336820e-13
19862 3.336448e-13
19863 3.336077e-13
19864 3.335705e-13
19865 3.335333e-13
19866 3.334962e-13
19867 3.334590e-13
19868 3.334219e-13
19869 3.333848e-13
19870 3.333476e-13
19871 3.333105e-13
19872 3.332734e-13
19873 3.332363e-13
19874 3.331992e-13
19875 3.331621e-13
19876 3.331250e-13
19877 3.330879e-13
19878 3.330508e-13
19879 3.330137e-13
19880 3.329767e-13
19881 3.329396e-13
19882 3.329025e-13
19883 3.328655e-13
19884 3.328284e-13
19885 3.327914e-13
19886 3.327544e-13
19887 3.327173e-13
19888 3.326803e-13
19889 3.326433e-13
19890 3.326063e-13
19891 3.325693e-13
19892 3.325323e-13
19893 3.324953e-13
19894 3.324583e-13
19895 3.324213e-13
19896 3.323843e-13
19897 3.323474e-13
19898 3.323104e-13
19899 3.322734e-13
19900 3.322365e-13
19901 3.321995e-13
19902 3.321626e-13
19903 3.321257e-13
19904 3.320887e-13
19905 3.320518e-13
19906 3.320149e-13
19907 3.319780e-13
19908 3.319411e-13
19909 3.319042e-13
19910 3.318673e-13
19911 3.318304e-13
19912 3.317935e-13
19913 3.317567e-13
19914 3.317198e-13
19915 3.316829e-13
19916 3.316461e-13
19917 3.316092e-13
19918 3.315724e-13
19919 3.315355e-13
19920 3.314987e-13
19921 3.314619e-13
19922 3.314251e-13
19923 3.313882e-13
19924 3.313514e-13
19925 3.313146e-13
19926 3.312778e-13
19927 3.312410e-13
19928 3.312043e-13
19929 3.311675e-13
19930 3.311307e-13
19931 3.310939e-13
19932 3.310572e-13
19933 3.310204e-13
19934 3.309837e-13
19935 3.309469e-13
19936 3.309102e-13
19937 3.308735e-13
19938 3.308367e-13
19939 3.308000e-13
19940 3.307633e-13
19941 3.307266e-13
19942 3.306899e-13
19943 3.306532e-13
19944 3.306165e-13
19945 3.305798e-13
19946 3.305431e-13
19947 3.305065e-13
19948 3.304698e-13
19949 3.304331e-13
19950 3.303965e-13
19951 3.303598e-13
19952 3.303232e-13
19953 3.302866e-13
19954 3.302499e-13
19955 3.302133e-13
19956 3.301767e-13
19957 3.301401e-13
19958 3.301035e-13
19959 3.300669e-13
19960 3.300303e-13
19961 3.299937e-13
19962 3.299571e-13
19963 3.299205e-13
19964 3.298839e-13
19965 3.298474e-13
19966 3.298108e-13
19967 3.297743e-13
19968 3.297377e-13
19969 3.297012e-13
19970 3.296646e-13
19971 3.296281e-13
19972 3.295916e-13
19973 3.295551e-13
19974 3.295185e-13
19975 3.294820e-13
19976 3.294455e-13
19977 3.294090e-13
19978 3.293726e-13
19979 3.293361e-13
19980 3.292996e-13
19981 3.292631e-13
19982 3.292266e-13
19983 3.291902e-13
19984 3.291537e-13
19985 3.291173e-13
19986 3.290808e-13
19987 3.290444e-13
19988 3.290080e-13
19989 3.289715e-13
19990 3.289351e-13
19991 3.288987e-13
19992 3.288623e-13
19993 3.288259e-13
19994 3.287895e-13
19995 3.287531e-13
19996 3.287167e-13
19997 3.286804e-13
19998 3.286440e-13
19999 3.286076e-13
